row_index,relative_path,category,corrected_garment_id,corrected_fold_id,raw_pred_m,raw_pred_m_ra14,clean_pred_m,clean_pred_m_ra14
0,A-Line/1-1.tif,A-Line,A-Line__G01,0,A-Line,A-Line,A-Line,A-Line
1,A-Line/1-10.tif,A-Line,A-Line__G01,0,Blouse,Blouse,Wide-Leg,Wide-Leg
2,A-Line/1-2.tif,A-Line,A-Line__G01,0,Bermuda,Bermuda,Bermuda,Bermuda
3,A-Line/1-3.tif,A-Line,A-Line__G01,0,A-Line,Wide-Leg,A-Line,A-Line
4,A-Line/1-4.tif,A-Line,A-Line__G01,0,Wide-Leg,Blouse,Shirt,Shirt
5,A-Line/1-5.tif,A-Line,A-Line__G01,0,Wide-Leg,Wide-Leg,Jacket,Circle
6,A-Line/1-6.tif,A-Line,A-Line__G01,0,Wide-Leg,Wide-Leg,Wide-Leg,Wide-Leg
7,A-Line/1-7.tif,A-Line,A-Line__G01,0,A-Line,Wide-Leg,A-Line,Wide-Leg
8,A-Line/1-8.tif,A-Line,A-Line__G01,0,Wide-Leg,Wide-Leg,Wide-Leg,Wide-Leg
9,A-Line/1-9.tif,A-Line,A-Line__G01,0,Wide-Leg,Wide-Leg,Circle,Wide-Leg
10,A-Line/10-1.tif,A-Line,A-Line__G10,4,A-Line,A-Line,A-Line,A-Line
11,A-Line/10-10.tif,A-Line,A-Line__G10,4,Blouse,Blouse,Bermuda,A-Line
12,A-Line/10-2.tif,A-Line,A-Line__G10,4,Dress,A-Line,A-Line,A-Line
13,A-Line/10-3.tif,A-Line,A-Line__G10,4,Bermuda,Tunic,A-Line,A-Line
14,A-Line/10-4.tif,A-Line,A-Line__G10,4,Bermuda,Blouse,A-Line,A-Line
15,A-Line/10-5.tif,A-Line,A-Line__G10,4,Bermuda,Blouse,Bermuda,Bermuda
16,A-Line/10-6.tif,A-Line,A-Line__G10,4,Blouse,Blouse,Bermuda,Bermuda
17,A-Line/10-7.tif,A-Line,A-Line__G10,4,Bermuda,Blouse,T-shirt,T-shirt
18,A-Line/10-8.tif,A-Line,A-Line__G10,4,T-shirt,T-shirt,A-Line,A-Line
19,A-Line/10-9.tif,A-Line,A-Line__G10,4,Wide-Leg,Dress,A-Line,Tunic
20,A-Line/2-1.tif,A-Line,A-Line__G02,0,A-Line,Wide-Leg,A-Line,Skinny
21,A-Line/2-10.tif,A-Line,A-Line__G02,0,Wide-Leg,Wide-Leg,Circle,Circle
22,A-Line/2-2.tif,A-Line,A-Line__G02,0,A-Line,A-Line,Bermuda,A-Line
23,A-Line/2-3.tif,A-Line,A-Line__G02,0,Wide-Leg,Wide-Leg,Vest,Suit
24,A-Line/2-4.tif,A-Line,A-Line__G02,0,A-Line,Wide-Leg,Bermuda,Bermuda
25,A-Line/2-5.tif,A-Line,A-Line__G02,0,A-Line,A-Line,Wide-Leg,Wide-Leg
26,A-Line/2-6.tif,A-Line,A-Line__G02,0,Wide-Leg,Wide-Leg,Wide-Leg,A-Line
27,A-Line/2-7.tif,A-Line,A-Line__G02,0,Wide-Leg,Wide-Leg,Wide-Leg,Wide-Leg
28,A-Line/2-8.tif,A-Line,A-Line__G02,0,A-Line,A-Line,A-Line,A-Line
29,A-Line/2-9.tif,A-Line,A-Line__G02,0,A-Line,A-Line,Wide-Leg,T-shirt
30,A-Line/3-1.tif,A-Line,A-Line__G03,1,A-Line,A-Line,Sarong,Sarong
31,A-Line/3-10.tif,A-Line,A-Line__G03,1,A-Line,A-Line,A-Line,A-Line
32,A-Line/3-2.tif,A-Line,A-Line__G03,1,A-Line,A-Line,Mini,Mini
33,A-Line/3-3.tif,A-Line,A-Line__G03,1,A-Line,Wide-Leg,A-Line,Circle
34,A-Line/3-4.tif,A-Line,A-Line__G03,1,A-Line,A-Line,Harem,Harem
35,A-Line/3-5.tif,A-Line,A-Line__G03,1,A-Line,A-Line,Mini,Mini
36,A-Line/3-6.tif,A-Line,A-Line__G03,1,Dress,Dress,Pencil,Circle
37,A-Line/3-7.tif,A-Line,A-Line__G03,1,A-Line,A-Line,A-Line,A-Line
38,A-Line/3-8.tif,A-Line,A-Line__G03,1,A-Line,A-Line,Straight,Straight
39,A-Line/3-9.tif,A-Line,A-Line__G03,1,Wide-Leg,Harem,A-Line,Wide-Leg
40,A-Line/4-1.tif,A-Line,A-Line__G04,1,Dress,A-Line,A-Line,A-Line
41,A-Line/4-10.tif,A-Line,A-Line__G04,1,Harem,Harem,Sarong,Sarong
42,A-Line/4-2.tif,A-Line,A-Line__G04,1,A-Line,A-Line,Mini,Mini
43,A-Line/4-3.tif,A-Line,A-Line__G04,1,Wide-Leg,A-Line,T-shirt,Wide-Leg
44,A-Line/4-4.tif,A-Line,A-Line__G04,1,Bermuda,Bermuda,A-Line,A-Line
45,A-Line/4-5.tif,A-Line,A-Line__G04,1,A-Line,A-Line,A-Line,Sarong
46,A-Line/4-6.tif,A-Line,A-Line__G04,1,A-Line,A-Line,A-Line,A-Line
47,A-Line/4-7.tif,A-Line,A-Line__G04,1,Wide-Leg,Wide-Leg,Hoodie,Wide-Leg
48,A-Line/4-8.tif,A-Line,A-Line__G04,1,A-Line,Wide-Leg,Wide-Leg,Tunic
49,A-Line/4-9.tif,A-Line,A-Line__G04,1,Harem,Straight,Mini,Straight
50,A-Line/5-1.tif,A-Line,A-Line__G05,2,Wide-Leg,Wide-Leg,Harem,Harem
51,A-Line/5-10.tif,A-Line,A-Line__G05,2,Wide-Leg,A-Line,A-Line,A-Line
52,A-Line/5-2.tif,A-Line,A-Line__G05,2,Dress,Wide-Leg,Flare,Harem
53,A-Line/5-3.tif,A-Line,A-Line__G05,2,Dress,A-Line,Mermaid,A-Line
54,A-Line/5-4.tif,A-Line,A-Line__G05,2,Dress,Wide-Leg,Hoodie,Circle
55,A-Line/5-5.tif,A-Line,A-Line__G05,2,Harem,A-Line,Circle,A-Line
56,A-Line/5-6.tif,A-Line,A-Line__G05,2,Wide-Leg,A-Line,Hoodie,Hoodie
57,A-Line/5-7.tif,A-Line,A-Line__G05,2,Harem,Harem,Mermaid,Mermaid
58,A-Line/5-8.tif,A-Line,A-Line__G05,2,Wide-Leg,Wide-Leg,Mermaid,Harem
59,A-Line/5-9.tif,A-Line,A-Line__G05,2,Wide-Leg,Wide-Leg,Mermaid,Mermaid
60,A-Line/6-1.tif,A-Line,A-Line__G06,2,Wide-Leg,Wide-Leg,Wide-Leg,Wide-Leg
61,A-Line/6-10.tif,A-Line,A-Line__G06,2,Wide-Leg,Wide-Leg,Wide-Leg,Wide-Leg
62,A-Line/6-2.tif,A-Line,A-Line__G06,2,Wide-Leg,Wide-Leg,Wide-Leg,Wide-Leg
63,A-Line/6-3.tif,A-Line,A-Line__G06,2,Wide-Leg,Wide-Leg,Wide-Leg,Wide-Leg
64,A-Line/6-4.tif,A-Line,A-Line__G06,2,Wide-Leg,Wide-Leg,Wide-Leg,Wide-Leg
65,A-Line/6-5.tif,A-Line,A-Line__G06,2,Wide-Leg,Wide-Leg,Wide-Leg,Wide-Leg
66,A-Line/6-6.tif,A-Line,A-Line__G06,2,Wide-Leg,A-Line,Harem,Circle
67,A-Line/6-7.tif,A-Line,A-Line__G06,2,A-Line,Wide-Leg,Wide-Leg,Wide-Leg
68,A-Line/6-8.tif,A-Line,A-Line__G06,2,A-Line,Wide-Leg,Mermaid,Wide-Leg
69,A-Line/6-9.tif,A-Line,A-Line__G06,2,A-Line,A-Line,A-Line,A-Line
70,A-Line/7-1.tif,A-Line,A-Line__G07,3,A-Line,A-Line,A-Line,A-Line
71,A-Line/7-10.tif,A-Line,A-Line__G07,3,A-Line,A-Line,Mini,Mini
72,A-Line/7-2.tif,A-Line,A-Line__G07,3,A-Line,A-Line,A-Line,A-Line
73,A-Line/7-3.tif,A-Line,A-Line__G07,3,Blouse,Blouse,Mini,Mini
74,A-Line/7-4.tif,A-Line,A-Line__G07,3,A-Line,A-Line,A-Line,Mini
75,A-Line/7-5.tif,A-Line,A-Line__G07,3,Wide-Leg,Wide-Leg,Wide-Leg,Wide-Leg
76,A-Line/7-6.tif,A-Line,A-Line__G07,3,A-Line,Blouse,T-shirt,Mini
77,A-Line/7-7.tif,A-Line,A-Line__G07,3,Blouse,Blouse,T-shirt,Bermuda
78,A-Line/7-8.tif,A-Line,A-Line__G07,3,A-Line,Wide-Leg,A-Line,A-Line
79,A-Line/7-9.tif,A-Line,A-Line__G07,3,Sarong,Straight,Blouse,Circle
80,A-Line/8-1.tif,A-Line,A-Line__G08,3,A-Line,A-Line,Hoodie,A-Line
81,A-Line/8-10.tif,A-Line,A-Line__G08,3,Wide-Leg,A-Line,T-shirt,T-shirt
82,A-Line/8-2.tif,A-Line,A-Line__G08,3,Harem,Wide-Leg,Cardigan,Wide-Leg
83,A-Line/8-3.tif,A-Line,A-Line__G08,3,A-Line,A-Line,Mermaid,Mermaid
84,A-Line/8-4.tif,A-Line,A-Line__G08,3,A-Line,A-Line,Tunic,Tunic
85,A-Line/8-5.tif,A-Line,A-Line__G08,3,A-Line,A-Line,Mermaid,Mermaid
86,A-Line/8-6.tif,A-Line,A-Line__G08,3,Blouse,A-Line,A-Line,A-Line
87,A-Line/8-7.tif,A-Line,A-Line__G08,3,Wide-Leg,A-Line,Wide-Leg,Tunic
88,A-Line/8-8.tif,A-Line,A-Line__G08,3,Wide-Leg,Wide-Leg,Mermaid,Mermaid
89,A-Line/8-9.tif,A-Line,A-Line__G08,3,Blouse,Blouse,Harem,Harem
90,A-Line/9-1.tif,A-Line,A-Line__G09,4,Blouse,Blouse,Circle,Circle
91,A-Line/9-10.tif,A-Line,A-Line__G09,4,A-Line,A-Line,Circle,Circle
92,A-Line/9-2.tif,A-Line,A-Line__G09,4,Mermaid,A-Line,Wide-Leg,A-Line
93,A-Line/9-3.tif,A-Line,A-Line__G09,4,Jumpsuit,Mermaid,Circle,Circle
94,A-Line/9-4.tif,A-Line,A-Line__G09,4,Mermaid,Mermaid,Circle,Circle
95,A-Line/9-5.tif,A-Line,A-Line__G09,4,A-Line,A-Line,Circle,Suit
96,A-Line/9-6.tif,A-Line,A-Line__G09,4,Dress,Dress,Suit,Suit
97,A-Line/9-7.tif,A-Line,A-Line__G09,4,Harem,Mermaid,Circle,Harem
98,A-Line/9-8.tif,A-Line,A-Line__G09,4,Wide-Leg,Wide-Leg,Mermaid,Mermaid
99,A-Line/9-9.tif,A-Line,A-Line__G09,4,Wide-Leg,Wide-Leg,Circle,Circle
100,Bermuda/1-1.tif,Bermuda,Bermuda__G01,0,Shirt,Blouse,Bermuda,Bermuda
101,Bermuda/1-10.tif,Bermuda,Bermuda__G01,0,Bermuda,Bermuda,Bermuda,Bermuda
102,Bermuda/1-2.tif,Bermuda,Bermuda__G01,0,Bermuda,Bermuda,Bermuda,Bermuda
103,Bermuda/1-3.tif,Bermuda,Bermuda__G01,0,Bermuda,Bermuda,Bermuda,Bermuda
104,Bermuda/1-4.tif,Bermuda,Bermuda__G01,0,Bermuda,Bermuda,Bermuda,Bermuda
105,Bermuda/1-5.tif,Bermuda,Bermuda__G01,0,Bermuda,Bermuda,Bermuda,Bermuda
106,Bermuda/1-6.tif,Bermuda,Bermuda__G01,0,Blouse,Circle,T-shirt,Bermuda
107,Bermuda/1-7.tif,Bermuda,Bermuda__G01,0,Blouse,Bermuda,Bermuda,Bermuda
108,Bermuda/1-8.tif,Bermuda,Bermuda__G01,0,Bermuda,Bermuda,Bermuda,Bermuda
109,Bermuda/1-9.tif,Bermuda,Bermuda__G01,0,Bermuda,Bermuda,Bermuda,Bermuda
110,Bermuda/10-1.tif,Bermuda,Bermuda__G10,4,Bermuda,Bermuda,Bermuda,Bermuda
111,Bermuda/10-10.tif,Bermuda,Bermuda__G10,4,Circle,Circle,Bermuda,Bermuda
112,Bermuda/10-2.tif,Bermuda,Bermuda__G10,4,Bermuda,Bermuda,Bermuda,Bermuda
113,Bermuda/10-3.tif,Bermuda,Bermuda__G10,4,Bermuda,Bermuda,Bermuda,Bermuda
114,Bermuda/10-4.tif,Bermuda,Bermuda__G10,4,Bermuda,Bermuda,Blouse,Bermuda
115,Bermuda/10-5.tif,Bermuda,Bermuda__G10,4,Bermuda,Bermuda,Bermuda,Bermuda
116,Bermuda/10-6.tif,Bermuda,Bermuda__G10,4,Bermuda,Bermuda,Bermuda,Bermuda
117,Bermuda/10-7.tif,Bermuda,Bermuda__G10,4,Blouse,Blouse,Blouse,Bermuda
118,Bermuda/10-8.tif,Bermuda,Bermuda__G10,4,Harem,Harem,Bermuda,Bermuda
119,Bermuda/10-9.tif,Bermuda,Bermuda__G10,4,Bermuda,Bermuda,Bermuda,Bermuda
120,Bermuda/2-1.tif,Bermuda,Bermuda__G02,0,Bermuda,Bermuda,Bermuda,Bermuda
121,Bermuda/2-10.tif,Bermuda,Bermuda__G02,0,Bermuda,Bermuda,Mini,Bermuda
122,Bermuda/2-2.tif,Bermuda,Bermuda__G02,0,Bermuda,Bermuda,Hoodie,Bermuda
123,Bermuda/2-3.tif,Bermuda,Bermuda__G02,0,Bermuda,Bermuda,Bermuda,Bermuda
124,Bermuda/2-4.tif,Bermuda,Bermuda__G02,0,Bermuda,Bermuda,Bermuda,Bermuda
125,Bermuda/2-5.tif,Bermuda,Bermuda__G02,0,Bermuda,Bermuda,Bermuda,Bermuda
126,Bermuda/2-6.tif,Bermuda,Bermuda__G02,0,Bermuda,Bermuda,T-shirt,Mini
127,Bermuda/2-7.tif,Bermuda,Bermuda__G02,0,Bermuda,Bermuda,A-Line,Bermuda
128,Bermuda/2-8.tif,Bermuda,Bermuda__G02,0,Blouse,Blouse,Bermuda,Bermuda
129,Bermuda/2-9.tif,Bermuda,Bermuda__G02,0,Bermuda,Bermuda,T-shirt,Bermuda
130,Bermuda/3-1.tif,Bermuda,Bermuda__G03,1,Bermuda,Bermuda,Blouse,Shirt
131,Bermuda/3-10.tif,Bermuda,Bermuda__G03,1,Bermuda,Bermuda,Bermuda,Bermuda
132,Bermuda/3-2.tif,Bermuda,Bermuda__G03,1,Bermuda,Blouse,Mini,Mini
133,Bermuda/3-3.tif,Bermuda,Bermuda__G03,1,Bermuda,Bermuda,Bermuda,Jacket
134,Bermuda/3-4.tif,Bermuda,Bermuda__G03,1,Bermuda,Bermuda,Bermuda,Bermuda
135,Bermuda/3-5.tif,Bermuda,Bermuda__G03,1,Bermuda,Bermuda,Mini,Mini
136,Bermuda/3-6.tif,Bermuda,Bermuda__G03,1,Bermuda,Bermuda,Mini,Mini
137,Bermuda/3-7.tif,Bermuda,Bermuda__G03,1,Bermuda,Bermuda,Blouse,Blouse
138,Bermuda/3-8.tif,Bermuda,Bermuda__G03,1,Bermuda,Bermuda,Bermuda,Bermuda
139,Bermuda/3-9.tif,Bermuda,Bermuda__G03,1,Bermuda,Sarong,Bermuda,Mini
140,Bermuda/4-1.tif,Bermuda,Bermuda__G04,1,Wide-Leg,Wide-Leg,Wide-Leg,Wide-Leg
141,Bermuda/4-10.tif,Bermuda,Bermuda__G04,1,Bermuda,Bermuda,Bermuda,Bermuda
142,Bermuda/4-2.tif,Bermuda,Bermuda__G04,1,Bermuda,Bermuda,Bermuda,Bermuda
143,Bermuda/4-3.tif,Bermuda,Bermuda__G04,1,Bermuda,Bermuda,A-Line,A-Line
144,Bermuda/4-4.tif,Bermuda,Bermuda__G04,1,Bermuda,Bermuda,Bermuda,Bermuda
145,Bermuda/4-5.tif,Bermuda,Bermuda__G04,1,Bermuda,Bermuda,Mini,Mini
146,Bermuda/4-6.tif,Bermuda,Bermuda__G04,1,Bermuda,Bermuda,Bermuda,Bermuda
147,Bermuda/4-7.tif,Bermuda,Bermuda__G04,1,Blouse,Bermuda,Blouse,Bermuda
148,Bermuda/4-8.tif,Bermuda,Bermuda__G04,1,Wide-Leg,Wide-Leg,Bermuda,Bermuda
149,Bermuda/4-9.tif,Bermuda,Bermuda__G04,1,Wide-Leg,Wide-Leg,Bermuda,Bermuda
150,Bermuda/5-1.tif,Bermuda,Bermuda__G05,2,Blouse,Blouse,Bermuda,Bermuda
151,Bermuda/5-10.tif,Bermuda,Bermuda__G05,2,Blouse,Bermuda,Bermuda,Bermuda
152,Bermuda/5-2.tif,Bermuda,Bermuda__G05,2,Blouse,Blouse,Bermuda,Bermuda
153,Bermuda/5-3.tif,Bermuda,Bermuda__G05,2,Bermuda,Bermuda,Bermuda,Circle
154,Bermuda/5-4.tif,Bermuda,Bermuda__G05,2,Blouse,Blouse,Blouse,Blouse
155,Bermuda/5-5.tif,Bermuda,Bermuda__G05,2,Bermuda,Bermuda,Bermuda,Bermuda
156,Bermuda/5-6.tif,Bermuda,Bermuda__G05,2,Blouse,Bermuda,Bermuda,Bermuda
157,Bermuda/5-7.tif,Bermuda,Bermuda__G05,2,Blouse,Bermuda,Bermuda,Blouse
158,Bermuda/5-8.tif,Bermuda,Bermuda__G05,2,Bermuda,Blouse,Bermuda,Bermuda
159,Bermuda/5-9.tif,Bermuda,Bermuda__G05,2,Wide-Leg,Circle,Shirt,Mini
160,Bermuda/6-1.tif,Bermuda,Bermuda__G06,2,Wide-Leg,A-Line,Mini,Mini
161,Bermuda/6-10.tif,Bermuda,Bermuda__G06,2,Bermuda,Bermuda,Mini,Blouse
162,Bermuda/6-2.tif,Bermuda,Bermuda__G06,2,Wide-Leg,Wide-Leg,Blouse,Blouse
163,Bermuda/6-3.tif,Bermuda,Bermuda__G06,2,Bermuda,Bermuda,Blouse,Blouse
164,Bermuda/6-4.tif,Bermuda,Bermuda__G06,2,Blouse,Blouse,Blouse,Blouse
165,Bermuda/6-5.tif,Bermuda,Bermuda__G06,2,Wide-Leg,Wide-Leg,A-Line,A-Line
166,Bermuda/6-6.tif,Bermuda,Bermuda__G06,2,Wide-Leg,Wide-Leg,A-Line,A-Line
167,Bermuda/6-7.tif,Bermuda,Bermuda__G06,2,Blouse,Blouse,Suit,Suit
168,Bermuda/6-8.tif,Bermuda,Bermuda__G06,2,Wide-Leg,Wide-Leg,A-Line,A-Line
169,Bermuda/6-9.tif,Bermuda,Bermuda__G06,2,Bermuda,Bermuda,Wide-Leg,Wide-Leg
170,Bermuda/7-1.tif,Bermuda,Bermuda__G07,3,Blouse,Blouse,Mini,Mini
171,Bermuda/7-10.tif,Bermuda,Bermuda__G07,3,Blouse,Bermuda,Mini,Mini
172,Bermuda/7-2.tif,Bermuda,Bermuda__G07,3,Bermuda,Bermuda,T-shirt,Hoodie
173,Bermuda/7-3.tif,Bermuda,Bermuda__G07,3,Bermuda,Bermuda,Bermuda,Bermuda
174,Bermuda/7-4.tif,Bermuda,Bermuda__G07,3,Blouse,Blouse,Shirt,Shirt
175,Bermuda/7-5.tif,Bermuda,Bermuda__G07,3,Bermuda,Bermuda,Jacket,Jacket
176,Bermuda/7-6.tif,Bermuda,Bermuda__G07,3,Bermuda,Bermuda,Bermuda,Bermuda
177,Bermuda/7-7.tif,Bermuda,Bermuda__G07,3,Bermuda,Bermuda,Shirt,Shirt
178,Bermuda/7-8.tif,Bermuda,Bermuda__G07,3,Blouse,Blouse,T-shirt,Mini
179,Bermuda/7-9.tif,Bermuda,Bermuda__G07,3,Blouse,Blouse,Bermuda,Bermuda
180,Bermuda/8-1.tif,Bermuda,Bermuda__G08,3,A-Line,A-Line,Mini,Mini
181,Bermuda/8-10.tif,Bermuda,Bermuda__G08,3,Bermuda,Bermuda,Bermuda,Bermuda
182,Bermuda/8-2.tif,Bermuda,Bermuda__G08,3,A-Line,A-Line,Bermuda,Bermuda
183,Bermuda/8-3.tif,Bermuda,Bermuda__G08,3,Bermuda,Bermuda,Bermuda,Bermuda
184,Bermuda/8-4.tif,Bermuda,Bermuda__G08,3,Circle,Blouse,Jacket,Jacket
185,Bermuda/8-5.tif,Bermuda,Bermuda__G08,3,Bermuda,Bermuda,Mini,Mini
186,Bermuda/8-6.tif,Bermuda,Bermuda__G08,3,Bermuda,Bermuda,Jacket,Jacket
187,Bermuda/8-7.tif,Bermuda,Bermuda__G08,3,Blouse,Blouse,Jacket,Jacket
188,Bermuda/8-8.tif,Bermuda,Bermuda__G08,3,Bermuda,Bermuda,Bermuda,Bermuda
189,Bermuda/8-9.tif,Bermuda,Bermuda__G08,3,Bermuda,Bermuda,Jacket,Jacket
190,Bermuda/9-1.tif,Bermuda,Bermuda__G09,4,Blouse,Blouse,T-shirt,T-shirt
191,Bermuda/9-10.tif,Bermuda,Bermuda__G09,4,Blouse,Blouse,Blouse,Blouse
192,Bermuda/9-2.tif,Bermuda,Bermuda__G09,4,Blouse,Blouse,Bermuda,Bermuda
193,Bermuda/9-3.tif,Bermuda,Bermuda__G09,4,Jacket,Jacket,Bermuda,Bermuda
194,Bermuda/9-4.tif,Bermuda,Bermuda__G09,4,Blouse,Blouse,Blouse,Blouse
195,Bermuda/9-5.tif,Bermuda,Bermuda__G09,4,Blouse,Blouse,Shirt,Shirt
196,Bermuda/9-6.tif,Bermuda,Bermuda__G09,4,Bermuda,Bermuda,Mini,Mini
197,Bermuda/9-7.tif,Bermuda,Bermuda__G09,4,Blouse,Blouse,Blouse,Blouse
198,Bermuda/9-8.tif,Bermuda,Bermuda__G09,4,Bermuda,Bermuda,Bermuda,Bermuda
199,Bermuda/9-9.tif,Bermuda,Bermuda__G09,4,A-Line,A-Line,Bermuda,Bermuda
200,Blouse/1-1.tif,Blouse,Blouse__G01,0,Suit,Blouse,Shirt,Shirt
201,Blouse/1-10.tif,Blouse,Blouse__G01,0,Bermuda,Bermuda,Bermuda,Bermuda
202,Blouse/1-2.tif,Blouse,Blouse__G01,0,Bermuda,Bermuda,Bermuda,Shirt
203,Blouse/1-3.tif,Blouse,Blouse__G01,0,Bermuda,Bermuda,T-shirt,Bermuda
204,Blouse/1-4.tif,Blouse,Blouse__G01,0,Blouse,Blouse,Bermuda,Bermuda
205,Blouse/1-5.tif,Blouse,Blouse__G01,0,Bermuda,Bermuda,Bermuda,Bermuda
206,Blouse/1-6.tif,Blouse,Blouse__G01,0,Bermuda,Bermuda,Bermuda,Bermuda
207,Blouse/1-7.tif,Blouse,Blouse__G01,0,Bermuda,Bermuda,Shirt,Shirt
208,Blouse/1-8.tif,Blouse,Blouse__G01,0,A-Line,A-Line,T-shirt,Circle
209,Blouse/1-9.tif,Blouse,Blouse__G01,0,Bermuda,Bermuda,T-shirt,Bermuda
210,Blouse/10-1.tif,Blouse,Blouse__G10,4,Circle,Bermuda,Jacket,Jacket
211,Blouse/10-10.tif,Blouse,Blouse__G10,4,Bermuda,Bermuda,Mini,Jacket
212,Blouse/10-2.tif,Blouse,Blouse__G10,4,Bermuda,Bermuda,Mini,Mini
213,Blouse/10-3.tif,Blouse,Blouse__G10,4,Skinny,Skinny,Blouse,T-shirt
214,Blouse/10-4.tif,Blouse,Blouse__G10,4,Circle,Circle,Mini,Suit
215,Blouse/10-5.tif,Blouse,Blouse__G10,4,Wide-Leg,Wide-Leg,Jacket,Jacket
216,Blouse/10-6.tif,Blouse,Blouse__G10,4,Blouse,Blouse,Blouse,Suit
217,Blouse/10-7.tif,Blouse,Blouse__G10,4,Bermuda,Bermuda,Blouse,Jacket
218,Blouse/10-8.tif,Blouse,Blouse__G10,4,Blouse,Circle,Suit,Suit
219,Blouse/10-9.tif,Blouse,Blouse__G10,4,Flare,Circle,Mini,Suit
220,Blouse/2-1.tif,Blouse,Blouse__G02,0,Dress,Dress,A-Line,A-Line
221,Blouse/2-10.tif,Blouse,Blouse__G02,0,A-Line,A-Line,A-Line,A-Line
222,Blouse/2-2.tif,Blouse,Blouse__G02,0,Dress,Dress,A-Line,A-Line
223,Blouse/2-3.tif,Blouse,Blouse__G02,0,Harem,Bermuda,A-Line,A-Line
224,Blouse/2-4.tif,Blouse,Blouse__G02,0,A-Line,Bermuda,A-Line,A-Line
225,Blouse/2-5.tif,Blouse,Blouse__G02,0,A-Line,Bermuda,A-Line,A-Line
226,Blouse/2-6.tif,Blouse,Blouse__G02,0,A-Line,A-Line,A-Line,A-Line
227,Blouse/2-7.tif,Blouse,Blouse__G02,0,A-Line,A-Line,A-Line,Hoodie
228,Blouse/2-8.tif,Blouse,Blouse__G02,0,Dress,Dress,A-Line,A-Line
229,Blouse/2-9.tif,Blouse,Blouse__G02,0,Wide-Leg,Wide-Leg,Wide-Leg,Wide-Leg
230,Blouse/3-1.tif,Blouse,Blouse__G03,1,Blouse,Blouse,Cardigan,Cardigan
231,Blouse/3-10.tif,Blouse,Blouse__G03,1,Blouse,Blouse,Cardigan,Cardigan
232,Blouse/3-2.tif,Blouse,Blouse__G03,1,Blouse,Blouse,Cardigan,Cardigan
233,Blouse/3-3.tif,Blouse,Blouse__G03,1,Blouse,Blouse,Cardigan,Cardigan
234,Blouse/3-4.tif,Blouse,Blouse__G03,1,Blouse,Blouse,Cardigan,Cardigan
235,Blouse/3-5.tif,Blouse,Blouse__G03,1,Blouse,Blouse,Cardigan,Blouse
236,Blouse/3-6.tif,Blouse,Blouse__G03,1,Cardigan,Cardigan,Cardigan,T-shirt
237,Blouse/3-7.tif,Blouse,Blouse__G03,1,Blouse,Blouse,Cardigan,Cardigan
238,Blouse/3-8.tif,Blouse,Blouse__G03,1,Blouse,Blouse,Blouse,Blouse
239,Blouse/3-9.tif,Blouse,Blouse__G03,1,Cardigan,Blouse,Cardigan,Cardigan
240,Blouse/4-1.tif,Blouse,Blouse__G04,1,Cardigan,Cardigan,Blouse,Suit
241,Blouse/4-10.tif,Blouse,Blouse__G04,1,Hoodie,Hoodie,Cardigan,Cardigan
242,Blouse/4-2.tif,Blouse,Blouse__G04,1,Blouse,Cardigan,Blouse,Cardigan
243,Blouse/4-3.tif,Blouse,Blouse__G04,1,Blouse,Blouse,Blouse,Blouse
244,Blouse/4-4.tif,Blouse,Blouse__G04,1,Blouse,Blouse,Blouse,Blouse
245,Blouse/4-5.tif,Blouse,Blouse__G04,1,Cardigan,Cardigan,Blouse,Cardigan
246,Blouse/4-6.tif,Blouse,Blouse__G04,1,Jacket,Jacket,Cardigan,Cardigan
247,Blouse/4-7.tif,Blouse,Blouse__G04,1,Blouse,Blouse,Blouse,Cardigan
248,Blouse/4-8.tif,Blouse,Blouse__G04,1,Shirt,T-shirt,T-shirt,Mini
249,Blouse/4-9.tif,Blouse,Blouse__G04,1,Blouse,Cardigan,Cardigan,Cardigan
250,Blouse/5-1.tif,Blouse,Blouse__G05,2,Bermuda,Bermuda,T-shirt,Mini
251,Blouse/5-10.tif,Blouse,Blouse__G05,2,Bermuda,Bermuda,T-shirt,Bermuda
252,Blouse/5-2.tif,Blouse,Blouse__G05,2,Shirt,Blouse,Hoodie,Blouse
253,Blouse/5-3.tif,Blouse,Blouse__G05,2,Bermuda,Blouse,T-shirt,A-Line
254,Blouse/5-4.tif,Blouse,Blouse__G05,2,Blouse,Blouse,T-shirt,Mini
255,Blouse/5-5.tif,Blouse,Blouse__G05,2,Bermuda,Bermuda,Suit,Suit
256,Blouse/5-6.tif,Blouse,Blouse__G05,2,Bermuda,Bermuda,Suit,T-shirt
257,Blouse/5-7.tif,Blouse,Blouse__G05,2,Blouse,Bermuda,Blouse,Blouse
258,Blouse/5-8.tif,Blouse,Blouse__G05,2,Bermuda,Blouse,T-shirt,A-Line
259,Blouse/5-9.tif,Blouse,Blouse__G05,2,Bermuda,Bermuda,T-shirt,T-shirt
260,Blouse/6-1.tif,Blouse,Blouse__G06,2,Bermuda,Bermuda,Tunic,Suit
261,Blouse/6-10.tif,Blouse,Blouse__G06,2,A-Line,Blouse,Cardigan,Cardigan
262,Blouse/6-2.tif,Blouse,Blouse__G06,2,Blouse,Blouse,Circle,Blouse
263,Blouse/6-3.tif,Blouse,Blouse__G06,2,Shirt,Blouse,T-shirt,Blouse
264,Blouse/6-4.tif,Blouse,Blouse__G06,2,Blouse,Blouse,Cardigan,Blouse
265,Blouse/6-5.tif,Blouse,Blouse__G06,2,Blouse,Blouse,Blouse,Blouse
266,Blouse/6-6.tif,Blouse,Blouse__G06,2,Blouse,Blouse,Blouse,Blouse
267,Blouse/6-7.tif,Blouse,Blouse__G06,2,Blouse,Blouse,Blouse,Blouse
268,Blouse/6-8.tif,Blouse,Blouse__G06,2,Blouse,Blouse,T-shirt,Blouse
269,Blouse/6-9.tif,Blouse,Blouse__G06,2,Circle,Circle,Cardigan,Cardigan
270,Blouse/7-1.tif,Blouse,Blouse__G07,3,Blouse,Blouse,Blouse,T-shirt
271,Blouse/7-10.tif,Blouse,Blouse__G07,3,Blouse,A-Line,Shirt,Shirt
272,Blouse/7-2.tif,Blouse,Blouse__G07,3,Blouse,Hoodie,Shirt,Hoodie
273,Blouse/7-3.tif,Blouse,Blouse__G07,3,Blouse,A-Line,Blouse,A-Line
274,Blouse/7-4.tif,Blouse,Blouse__G07,3,Blouse,Blouse,Blouse,Blouse
275,Blouse/7-5.tif,Blouse,Blouse__G07,3,Bermuda,Blouse,Mini,Mini
276,Blouse/7-6.tif,Blouse,Blouse__G07,3,Blouse,Bermuda,Jacket,Hoodie
277,Blouse/7-7.tif,Blouse,Blouse__G07,3,Blouse,Bermuda,Hoodie,Bermuda
278,Blouse/7-8.tif,Blouse,Blouse__G07,3,A-Line,A-Line,T-shirt,T-shirt
279,Blouse/7-9.tif,Blouse,Blouse__G07,3,Blouse,Blouse,Blouse,Blouse
280,Blouse/8-1.tif,Blouse,Blouse__G08,3,Blouse,Blouse,Blouse,Blouse
281,Blouse/8-10.tif,Blouse,Blouse__G08,3,A-Line,A-Line,Mini,Mini
282,Blouse/8-2.tif,Blouse,Blouse__G08,3,Mermaid,Wide-Leg,Cardigan,Cardigan
283,Blouse/8-3.tif,Blouse,Blouse__G08,3,Circle,Circle,Jacket,Jacket
284,Blouse/8-4.tif,Blouse,Blouse__G08,3,Blouse,Blouse,Jacket,Jacket
285,Blouse/8-5.tif,Blouse,Blouse__G08,3,Blouse,Blouse,Suit,Cardigan
286,Blouse/8-6.tif,Blouse,Blouse__G08,3,Jacket,Circle,Suit,Suit
287,Blouse/8-7.tif,Blouse,Blouse__G08,3,Blouse,Circle,Cardigan,Cardigan
288,Blouse/8-8.tif,Blouse,Blouse__G08,3,Blouse,Blouse,Shirt,Blouse
289,Blouse/8-9.tif,Blouse,Blouse__G08,3,Jacket,Suit,Blouse,Blouse
290,Blouse/9-1.tif,Blouse,Blouse__G09,4,Blouse,Blouse,Shirt,Shirt
291,Blouse/9-10.tif,Blouse,Blouse__G09,4,Shirt,Shirt,Bermuda,Bermuda
292,Blouse/9-2.tif,Blouse,Blouse__G09,4,Blouse,Blouse,Hoodie,Circle
293,Blouse/9-3.tif,Blouse,Blouse__G09,4,Shirt,Shirt,Cardigan,Blouse
294,Blouse/9-4.tif,Blouse,Blouse__G09,4,Shirt,Blouse,Shirt,Shirt
295,Blouse/9-5.tif,Blouse,Blouse__G09,4,Blouse,Blouse,Tunic,Jacket
296,Blouse/9-6.tif,Blouse,Blouse__G09,4,Blouse,Blouse,Blouse,Blouse
297,Blouse/9-7.tif,Blouse,Blouse__G09,4,Blouse,Blouse,Blouse,Blouse
298,Blouse/9-8.tif,Blouse,Blouse__G09,4,Blouse,Blouse,Shirt,Shirt
299,Blouse/9-9.tif,Blouse,Blouse__G09,4,Circle,Circle,Blouse,Blouse
300,Cardigan/1-1.tif,Cardigan,Cardigan__G01,0,Cardigan,Circle,Suit,Suit
301,Cardigan/1-10.tif,Cardigan,Cardigan__G01,0,Vest,Vest,Tunic,Tunic
302,Cardigan/1-2.tif,Cardigan,Cardigan__G01,0,Jumpsuit,Jumpsuit,Suit,Suit
303,Cardigan/1-3.tif,Cardigan,Cardigan__G01,0,Mini,Mini,Jacket,Jacket
304,Cardigan/1-4.tif,Cardigan,Cardigan__G01,0,Suit,Suit,Suit,Suit
305,Cardigan/1-5.tif,Cardigan,Cardigan__G01,0,Cardigan,Mini,Suit,Suit
306,Cardigan/1-6.tif,Cardigan,Cardigan__G01,0,Jumpsuit,Tunic,Suit,Suit
307,Cardigan/1-7.tif,Cardigan,Cardigan__G01,0,Circle,Circle,Suit,Suit
308,Cardigan/1-8.tif,Cardigan,Cardigan__G01,0,Circle,Circle,Vest,Tunic
309,Cardigan/1-9.tif,Cardigan,Cardigan__G01,0,Circle,Tunic,Vest,Suit
310,Cardigan/10-1.tif,Cardigan,Cardigan__G10,4,Hoodie,Hoodie,Jacket,Jacket
311,Cardigan/10-10.tif,Cardigan,Cardigan__G10,4,Mini,Mini,Jacket,Jacket
312,Cardigan/10-2.tif,Cardigan,Cardigan__G10,4,T-shirt,Jacket,T-shirt,T-shirt
313,Cardigan/10-3.tif,Cardigan,Cardigan__G10,4,Suit,Suit,Jacket,Jacket
314,Cardigan/10-4.tif,Cardigan,Cardigan__G10,4,Cardigan,Cardigan,Suit,Suit
315,Cardigan/10-5.tif,Cardigan,Cardigan__G10,4,Circle,Circle,Wide-Leg,Shirt
316,Cardigan/10-6.tif,Cardigan,Cardigan__G10,4,Hoodie,Hoodie,Tunic,Pencil
317,Cardigan/10-7.tif,Cardigan,Cardigan__G10,4,Cardigan,Cardigan,Suit,Suit
318,Cardigan/10-8.tif,Cardigan,Cardigan__G10,4,T-shirt,T-shirt,Wide-Leg,Wide-Leg
319,Cardigan/10-9.tif,Cardigan,Cardigan__G10,4,Shirt,Shirt,Jacket,Jacket
320,Cardigan/2-1.tif,Cardigan,Cardigan__G02,0,Shirt,Mini,Circle,Circle
321,Cardigan/2-10.tif,Cardigan,Cardigan__G02,0,Mini,Mini,Hoodie,Hoodie
322,Cardigan/2-2.tif,Cardigan,Cardigan__G02,0,T-shirt,T-shirt,Circle,Bermuda
323,Cardigan/2-3.tif,Cardigan,Cardigan__G02,0,Blouse,Blouse,Blouse,Hoodie
324,Cardigan/2-4.tif,Cardigan,Cardigan__G02,0,Hoodie,Hoodie,Blouse,Blouse
325,Cardigan/2-5.tif,Cardigan,Cardigan__G02,0,Mini,Mini,Mini,Mini
326,Cardigan/2-6.tif,Cardigan,Cardigan__G02,0,Cardigan,Mini,T-shirt,Hoodie
327,Cardigan/2-7.tif,Cardigan,Cardigan__G02,0,Circle,Circle,Mini,Mini
328,Cardigan/2-8.tif,Cardigan,Cardigan__G02,0,T-shirt,Hoodie,Hoodie,Hoodie
329,Cardigan/2-9.tif,Cardigan,Cardigan__G02,0,T-shirt,Circle,Circle,Circle
330,Cardigan/3-1.tif,Cardigan,Cardigan__G03,1,Cardigan,Cardigan,Mini,Mini
331,Cardigan/3-10.tif,Cardigan,Cardigan__G03,1,Jacket,Jacket,Shirt,Shirt
332,Cardigan/3-2.tif,Cardigan,Cardigan__G03,1,Shirt,Shirt,Hoodie,Shirt
333,Cardigan/3-3.tif,Cardigan,Cardigan__G03,1,Hoodie,Suit,Tunic,Vest
334,Cardigan/3-4.tif,Cardigan,Cardigan__G03,1,Jacket,Jacket,Wide-Leg,Wide-Leg
335,Cardigan/3-5.tif,Cardigan,Cardigan__G03,1,Dress,Circle,Tunic,Tunic
336,Cardigan/3-6.tif,Cardigan,Cardigan__G03,1,Suit,Suit,Wide-Leg,Wide-Leg
337,Cardigan/3-7.tif,Cardigan,Cardigan__G03,1,Circle,Circle,Tunic,Tunic
338,Cardigan/3-8.tif,Cardigan,Cardigan__G03,1,Mini,Mini,Wide-Leg,Wide-Leg
339,Cardigan/3-9.tif,Cardigan,Cardigan__G03,1,Cardigan,Cardigan,Suit,Suit
340,Cardigan/4-1.tif,Cardigan,Cardigan__G04,1,Cardigan,Mini,Cardigan,Blouse
341,Cardigan/4-10.tif,Cardigan,Cardigan__G04,1,Jacket,Cardigan,Wide-Leg,Wide-Leg
342,Cardigan/4-2.tif,Cardigan,Cardigan__G04,1,Cardigan,Cardigan,Jacket,Jacket
343,Cardigan/4-3.tif,Cardigan,Cardigan__G04,1,Jacket,Mini,Cardigan,Cardigan
344,Cardigan/4-4.tif,Cardigan,Cardigan__G04,1,Suit,Suit,Jacket,Mini
345,Cardigan/4-5.tif,Cardigan,Cardigan__G04,1,Circle,Circle,Suit,Suit
346,Cardigan/4-6.tif,Cardigan,Cardigan__G04,1,Jacket,Jacket,Mini,Mini
347,Cardigan/4-7.tif,Cardigan,Cardigan__G04,1,Hoodie,Hoodie,Jacket,Cardigan
348,Cardigan/4-8.tif,Cardigan,Cardigan__G04,1,Shirt,Shirt,Vest,Wide-Leg
349,Cardigan/4-9.tif,Cardigan,Cardigan__G04,1,Tunic,Jacket,Wide-Leg,Wide-Leg
350,Cardigan/5-1.tif,Cardigan,Cardigan__G05,2,Harem,Harem,Harem,Cardigan
351,Cardigan/5-10.tif,Cardigan,Cardigan__G05,2,Mini,Mini,Tunic,Jacket
352,Cardigan/5-2.tif,Cardigan,Cardigan__G05,2,Suit,Hoodie,Tunic,Jacket
353,Cardigan/5-3.tif,Cardigan,Cardigan__G05,2,Cardigan,Suit,Jacket,Suit
354,Cardigan/5-4.tif,Cardigan,Cardigan__G05,2,Hoodie,Jacket,Cardigan,Cardigan
355,Cardigan/5-5.tif,Cardigan,Cardigan__G05,2,Cardigan,Cardigan,Cardigan,Cardigan
356,Cardigan/5-6.tif,Cardigan,Cardigan__G05,2,Flare,Flare,Harem,Harem
357,Cardigan/5-7.tif,Cardigan,Cardigan__G05,2,Dress,Flare,Cardigan,Cardigan
358,Cardigan/5-8.tif,Cardigan,Cardigan__G05,2,Cardigan,Cardigan,Wide-Leg,Wide-Leg
359,Cardigan/5-9.tif,Cardigan,Cardigan__G05,2,Suit,Hoodie,Cardigan,Cardigan
360,Cardigan/6-1.tif,Cardigan,Cardigan__G06,2,Mini,Shirt,Blouse,Blouse
361,Cardigan/6-10.tif,Cardigan,Cardigan__G06,2,T-shirt,T-shirt,Blouse,Jacket
362,Cardigan/6-2.tif,Cardigan,Cardigan__G06,2,T-shirt,T-shirt,Blouse,Blouse
363,Cardigan/6-3.tif,Cardigan,Cardigan__G06,2,Cardigan,Jacket,Wide-Leg,Wide-Leg
364,Cardigan/6-4.tif,Cardigan,Cardigan__G06,2,Shirt,Shirt,Blouse,Blouse
365,Cardigan/6-5.tif,Cardigan,Cardigan__G06,2,Shirt,Shirt,Cardigan,Cardigan
366,Cardigan/6-6.tif,Cardigan,Cardigan__G06,2,Suit,Shirt,Shirt,Shirt
367,Cardigan/6-7.tif,Cardigan,Cardigan__G06,2,Shirt,Shirt,Cardigan,Cardigan
368,Cardigan/6-8.tif,Cardigan,Cardigan__G06,2,Tunic,T-shirt,T-shirt,A-Line
369,Cardigan/6-9.tif,Cardigan,Cardigan__G06,2,Shirt,Shirt,Blouse,Jacket
370,Cardigan/7-1.tif,Cardigan,Cardigan__G07,3,Mini,Mini,Mini,Mini
371,Cardigan/7-10.tif,Cardigan,Cardigan__G07,3,T-shirt,T-shirt,A-Line,A-Line
372,Cardigan/7-2.tif,Cardigan,Cardigan__G07,3,Suit,Circle,Blouse,Blouse
373,Cardigan/7-3.tif,Cardigan,Cardigan__G07,3,Mini,Shirt,Suit,Tunic
374,Cardigan/7-4.tif,Cardigan,Cardigan__G07,3,Shirt,Shirt,Blouse,Hoodie
375,Cardigan/7-5.tif,Cardigan,Cardigan__G07,3,Mini,Mini,Circle,Circle
376,Cardigan/7-6.tif,Cardigan,Cardigan__G07,3,Suit,Mini,Circle,Circle
377,Cardigan/7-7.tif,Cardigan,Cardigan__G07,3,Jacket,Jacket,Suit,Suit
378,Cardigan/7-8.tif,Cardigan,Cardigan__G07,3,T-shirt,Mini,T-shirt,T-shirt
379,Cardigan/7-9.tif,Cardigan,Cardigan__G07,3,Suit,Tunic,Suit,Suit
380,Cardigan/8-1.tif,Cardigan,Cardigan__G08,3,Vest,Circle,Suit,Harem
381,Cardigan/8-10.tif,Cardigan,Cardigan__G08,3,Shirt,Dress,Pencil,Mermaid
382,Cardigan/8-2.tif,Cardigan,Cardigan__G08,3,Tunic,Suit,Tunic,Wide-Leg
383,Cardigan/8-3.tif,Cardigan,Cardigan__G08,3,Jacket,Jacket,Cardigan,Cardigan
384,Cardigan/8-4.tif,Cardigan,Cardigan__G08,3,Suit,Suit,Tunic,Suit
385,Cardigan/8-5.tif,Cardigan,Cardigan__G08,3,Suit,Suit,Suit,Suit
386,Cardigan/8-6.tif,Cardigan,Cardigan__G08,3,Dress,Dress,Tunic,Tunic
387,Cardigan/8-7.tif,Cardigan,Cardigan__G08,3,Vest,Vest,Tunic,Tunic
388,Cardigan/8-8.tif,Cardigan,Cardigan__G08,3,Cardigan,Cardigan,Tunic,Tunic
389,Cardigan/8-9.tif,Cardigan,Cardigan__G08,3,Tunic,Tunic,Tunic,Tunic
390,Cardigan/9-1.tif,Cardigan,Cardigan__G09,4,Cardigan,Cardigan,Hoodie,Cardigan
391,Cardigan/9-10.tif,Cardigan,Cardigan__G09,4,Hoodie,Hoodie,Hoodie,Hoodie
392,Cardigan/9-2.tif,Cardigan,Cardigan__G09,4,Tunic,Jacket,Wide-Leg,Wide-Leg
393,Cardigan/9-3.tif,Cardigan,Cardigan__G09,4,Cardigan,Shirt,Mini,Jacket
394,Cardigan/9-4.tif,Cardigan,Cardigan__G09,4,Suit,Suit,Hoodie,Hoodie
395,Cardigan/9-5.tif,Cardigan,Cardigan__G09,4,Cardigan,Cardigan,Cardigan,Cardigan
396,Cardigan/9-6.tif,Cardigan,Cardigan__G09,4,Cardigan,Hoodie,Mini,Mini
397,Cardigan/9-7.tif,Cardigan,Cardigan__G09,4,Circle,Suit,Circle,Hoodie
398,Cardigan/9-8.tif,Cardigan,Cardigan__G09,4,Jacket,Jacket,Mini,Cardigan
399,Cardigan/9-9.tif,Cardigan,Cardigan__G09,4,Blouse,Blouse,Circle,Circle
400,Circle/10_1.tif,Circle,Circle__G10,4,Jacket,Jacket,Shirt,Shirt
401,Circle/10_10.tif,Circle,Circle__G10,4,Shirt,Mini,Shirt,Shirt
402,Circle/10_2.tif,Circle,Circle__G10,4,Circle,Circle,Circle,Circle
403,Circle/10_3.tif,Circle,Circle__G10,4,Cardigan,Circle,Suit,Suit
404,Circle/10_4.tif,Circle,Circle__G10,4,Shirt,Tunic,Suit,Suit
405,Circle/10_5.tif,Circle,Circle__G10,4,Circle,Circle,Suit,Suit
406,Circle/10_6.tif,Circle,Circle__G10,4,Tunic,Tunic,A-Line,A-Line
407,Circle/10_7.tif,Circle,Circle__G10,4,Circle,Circle,Shirt,Circle
408,Circle/10_8.tif,Circle,Circle__G10,4,Circle,Straight,A-Line,A-Line
409,Circle/10_9.tif,Circle,Circle__G10,4,Straight,Sarong,A-Line,T-shirt
410,Circle/1_1.tif,Circle,Circle__G01,0,Circle,Circle,Circle,Circle
411,Circle/1_10.tif,Circle,Circle__G01,0,Jacket,Mini,Wide-Leg,Wide-Leg
412,Circle/1_2.tif,Circle,Circle__G01,0,Harem,Harem,Mermaid,A-Line
413,Circle/1_3.tif,Circle,Circle__G01,0,Circle,Circle,Hoodie,Jacket
414,Circle/1_4.tif,Circle,Circle__G01,0,Jacket,Circle,Hoodie,Hoodie
415,Circle/1_5.tif,Circle,Circle__G01,0,Circle,Circle,Cardigan,Circle
416,Circle/1_6.tif,Circle,Circle__G01,0,Tunic,Circle,Hoodie,Hoodie
417,Circle/1_7.tif,Circle,Circle__G01,0,Circle,Dress,Jacket,Jacket
418,Circle/1_8.tif,Circle,Circle__G01,0,Pencil,Circle,A-Line,A-Line
419,Circle/1_9.tif,Circle,Circle__G01,0,Blouse,Blouse,Jacket,Blouse
420,Circle/2_1.tif,Circle,Circle__G02,0,Jacket,Vest,A-Line,A-Line
421,Circle/2_10.tif,Circle,Circle__G02,0,Cardigan,Cardigan,A-Line,A-Line
422,Circle/2_2.tif,Circle,Circle__G02,0,Circle,Circle,Mermaid,Harem
423,Circle/2_3.tif,Circle,Circle__G02,0,Flare,Flare,Wide-Leg,Hoodie
424,Circle/2_4.tif,Circle,Circle__G02,0,Blouse,Blouse,Wide-Leg,Flare
425,Circle/2_5.tif,Circle,Circle__G02,0,Cardigan,Cardigan,Circle,Circle
426,Circle/2_6.tif,Circle,Circle__G02,0,Circle,Circle,Wide-Leg,Circle
427,Circle/2_7.tif,Circle,Circle__G02,0,Circle,Harem,Hoodie,Circle
428,Circle/2_8.tif,Circle,Circle__G02,0,Harem,Circle,Circle,Circle
429,Circle/2_9.tif,Circle,Circle__G02,0,Circle,Circle,Wide-Leg,A-Line
430,Circle/3_1.tif,Circle,Circle__G03,1,Suit,Suit,A-Line,A-Line
431,Circle/3_10.tif,Circle,Circle__G03,1,Vest,Vest,Circle,Circle
432,Circle/3_2.tif,Circle,Circle__G03,1,Mini,Mini,Hoodie,Hoodie
433,Circle/3_3.tif,Circle,Circle__G03,1,Suit,Vest,Suit,Suit
434,Circle/3_4.tif,Circle,Circle__G03,1,Tunic,Cardigan,A-Line,A-Line
435,Circle/3_5.tif,Circle,Circle__G03,1,Cardigan,Cardigan,Circle,Circle
436,Circle/3_6.tif,Circle,Circle__G03,1,Circle,Harem,A-Line,A-Line
437,Circle/3_7.tif,Circle,Circle__G03,1,Dress,Dress,Circle,Circle
438,Circle/3_8.tif,Circle,Circle__G03,1,Vest,Vest,A-Line,A-Line
439,Circle/3_9.tif,Circle,Circle__G03,1,Circle,Sarong,Suit,A-Line
440,Circle/4_1.tif,Circle,Circle__G04,1,Hoodie,Suit,Hoodie,Hoodie
441,Circle/4_10.tif,Circle,Circle__G04,1,Cardigan,T-shirt,Bermuda,Bermuda
442,Circle/4_2.tif,Circle,Circle__G04,1,Jacket,Jacket,Circle,Circle
443,Circle/4_3.tif,Circle,Circle__G04,1,T-shirt,Cardigan,Jacket,Jacket
444,Circle/4_4.tif,Circle,Circle__G04,1,Mini,Mini,Mini,Mini
445,Circle/4_5.tif,Circle,Circle__G04,1,Jacket,Cardigan,Cardigan,Cardigan
446,Circle/4_6.tif,Circle,Circle__G04,1,Circle,Circle,Circle,Circle
447,Circle/4_7.tif,Circle,Circle__G04,1,Circle,Circle,Hoodie,Hoodie
448,Circle/4_8.tif,Circle,Circle__G04,1,T-shirt,Sarong,T-shirt,T-shirt
449,Circle/4_9.tif,Circle,Circle__G04,1,Circle,Circle,Circle,Circle
450,Circle/5_1.tif,Circle,Circle__G05,2,Circle,Circle,Circle,Circle
451,Circle/5_10.tif,Circle,Circle__G05,2,Harem,Circle,Circle,Circle
452,Circle/5_2.tif,Circle,Circle__G05,2,Circle,Circle,Flare,Circle
453,Circle/5_3.tif,Circle,Circle__G05,2,Circle,Circle,Cardigan,Circle
454,Circle/5_4.tif,Circle,Circle__G05,2,Circle,Circle,Cardigan,Harem
455,Circle/5_5.tif,Circle,Circle__G05,2,Circle,Circle,Circle,Circle
456,Circle/5_6.tif,Circle,Circle__G05,2,Circle,Circle,Jacket,Circle
457,Circle/5_7.tif,Circle,Circle__G05,2,Flare,Circle,Circle,Circle
458,Circle/5_8.tif,Circle,Circle__G05,2,Mermaid,Mermaid,Circle,A-Line
459,Circle/5_9.tif,Circle,Circle__G05,2,Harem,Cardigan,Tunic,A-Line
460,Circle/6_1.tif,Circle,Circle__G06,2,Hoodie,Cardigan,Cardigan,Cardigan
461,Circle/6_10.tif,Circle,Circle__G06,2,Circle,Circle,T-shirt,T-shirt
462,Circle/6_2.tif,Circle,Circle__G06,2,Circle,Circle,T-shirt,T-shirt
463,Circle/6_3.tif,Circle,Circle__G06,2,Cardigan,Circle,Circle,Circle
464,Circle/6_4.tif,Circle,Circle__G06,2,Hoodie,Blouse,Tunic,Cardigan
465,Circle/6_5.tif,Circle,Circle__G06,2,Tunic,Harem,Shirt,Circle
466,Circle/6_6.tif,Circle,Circle__G06,2,Circle,Suit,Jacket,Jacket
467,Circle/6_7.tif,Circle,Circle__G06,2,Cardigan,Cardigan,Hoodie,Hoodie
468,Circle/6_8.tif,Circle,Circle__G06,2,Circle,Circle,Jacket,Jacket
469,Circle/6_9.tif,Circle,Circle__G06,2,T-shirt,Harem,Hoodie,Circle
470,Circle/7_1.tif,Circle,Circle__G07,3,Jumpsuit,Jumpsuit,Harem,Harem
471,Circle/7_10.tif,Circle,Circle__G07,3,Jacket,Harem,Jacket,Jacket
472,Circle/7_2.tif,Circle,Circle__G07,3,Pencil,Pencil,Circle,A-Line
473,Circle/7_3.tif,Circle,Circle__G07,3,Blouse,Circle,Circle,Suit
474,Circle/7_4.tif,Circle,Circle__G07,3,Skinny,Circle,Jacket,Cardigan
475,Circle/7_5.tif,Circle,Circle__G07,3,Dress,Dress,Mermaid,Flare
476,Circle/7_6.tif,Circle,Circle__G07,3,Tunic,Cardigan,Cardigan,Wide-Leg
477,Circle/7_7.tif,Circle,Circle__G07,3,Wide-Leg,Dress,Harem,Harem
478,Circle/7_8.tif,Circle,Circle__G07,3,Harem,Harem,Tunic,Tunic
479,Circle/7_9.tif,Circle,Circle__G07,3,Wide-Leg,Wide-Leg,A-Line,Circle
480,Circle/8_1.tif,Circle,Circle__G08,3,Suit,Harem,Vest,Jacket
481,Circle/8_10.tif,Circle,Circle__G08,3,Dress,Mermaid,Flare,Circle
482,Circle/8_2.tif,Circle,Circle__G08,3,Flare,Mermaid,Mermaid,Mermaid
483,Circle/8_3.tif,Circle,Circle__G08,3,Mermaid,Mermaid,Circle,Circle
484,Circle/8_4.tif,Circle,Circle__G08,3,Tunic,Cardigan,Harem,Harem
485,Circle/8_5.tif,Circle,Circle__G08,3,Circle,Circle,Cardigan,Cardigan
486,Circle/8_6.tif,Circle,Circle__G08,3,Mermaid,Mermaid,Jacket,Jacket
487,Circle/8_7.tif,Circle,Circle__G08,3,Mermaid,Tunic,Cardigan,Cardigan
488,Circle/8_8.tif,Circle,Circle__G08,3,Circle,Circle,Tunic,Dress
489,Circle/8_9.tif,Circle,Circle__G08,3,Circle,Circle,Wide-Leg,Circle
490,Circle/9_1.tif,Circle,Circle__G09,4,Cardigan,Cardigan,Shirt,Shirt
491,Circle/9_10.tif,Circle,Circle__G09,4,Vest,Vest,Wide-Leg,Wide-Leg
492,Circle/9_2.tif,Circle,Circle__G09,4,Circle,Harem,A-Line,A-Line
493,Circle/9_3.tif,Circle,Circle__G09,4,Circle,Hoodie,Circle,Circle
494,Circle/9_4.tif,Circle,Circle__G09,4,Shirt,Shirt,Wide-Leg,Wide-Leg
495,Circle/9_5.tif,Circle,Circle__G09,4,Cardigan,Cardigan,Suit,Suit
496,Circle/9_6.tif,Circle,Circle__G09,4,Circle,Suit,Jacket,Wide-Leg
497,Circle/9_7.tif,Circle,Circle__G09,4,Dress,Cardigan,Shirt,Shirt
498,Circle/9_8.tif,Circle,Circle__G09,4,Jacket,Mini,Wide-Leg,Wide-Leg
499,Circle/9_9.tif,Circle,Circle__G09,4,Circle,Circle,Jacket,Circle
500,Dress/1-3.tif,Dress,Dress__G10,4,Flare,Harem,Dress,Dress
501,Dress/1-5.tif,Dress,Dress__G01,0,Dress,Pencil,Jumpsuit,Dress
502,Dress/10_1.tif,Dress,Dress__G10,4,Mermaid,Mermaid,Suit,Mermaid
503,Dress/10_10.tif,Dress,Dress__G10,4,Tunic,Tunic,Jumpsuit,Jumpsuit
504,Dress/10_2.tif,Dress,Dress__G10,4,T-shirt,Mermaid,Dress,Dress
505,Dress/10_4.tif,Dress,Dress__G10,4,Mermaid,Mermaid,Skinny,Skinny
506,Dress/10_5.tif,Dress,Dress__G10,4,Mermaid,Mermaid,Flare,Flare
507,Dress/10_6.tif,Dress,Dress__G10,4,Mermaid,Mermaid,Dress,Dress
508,Dress/10_7.tif,Dress,Dress__G10,4,Dress,Dress,Flare,Dress
509,Dress/10_8.tif,Dress,Dress__G10,4,Pencil,Dress,Jumpsuit,Dress
510,Dress/10_9.tif,Dress,Dress__G10,4,Jumpsuit,Jumpsuit,Dress,Dress
511,Dress/1_1.tif,Dress,Dress__G01,0,Straight,Straight,Jumpsuit,Jumpsuit
512,Dress/1_10.tif,Dress,Dress__G01,0,Dress,Dress,Straight,Jumpsuit
513,Dress/1_2.tif,Dress,Dress__G01,0,Dress,Vest,Straight,Pencil
514,Dress/1_3.tif,Dress,Dress__G01,0,Dress,Dress,Vest,Jumpsuit
515,Dress/1_4.tif,Dress,Dress__G01,0,Skinny,Skinny,Dress,Dress
516,Dress/1_6.tif,Dress,Dress__G01,0,Jumpsuit,Jumpsuit,Dress,Dress
517,Dress/1_7.tif,Dress,Dress__G01,0,Jumpsuit,Mermaid,Jumpsuit,Jumpsuit
518,Dress/1_8.tif,Dress,Dress__G01,0,Jumpsuit,Sarong,Jumpsuit,Jumpsuit
519,Dress/1_9.tif,Dress,Dress__G01,0,Straight,Pencil,Jumpsuit,Jumpsuit
520,Dress/2_1.tif,Dress,Dress__G02,0,Jumpsuit,Jumpsuit,Dress,Jumpsuit
521,Dress/2_10.tif,Dress,Dress__G02,0,Jumpsuit,Dress,Dress,Dress
522,Dress/2_2.tif,Dress,Dress__G02,0,Dress,Dress,Pencil,Jumpsuit
523,Dress/2_3.tif,Dress,Dress__G02,0,Jumpsuit,Dress,Dress,Dress
524,Dress/2_4.tif,Dress,Dress__G02,0,Dress,Dress,Dress,Dress
525,Dress/2_5.tif,Dress,Dress__G02,0,Dress,Dress,Dress,Dress
526,Dress/2_6.tif,Dress,Dress__G02,0,Dress,Dress,Dress,Dress
527,Dress/2_7.tif,Dress,Dress__G02,0,Jumpsuit,Sarong,Dress,Dress
528,Dress/2_8.tif,Dress,Dress__G02,0,Dress,Dress,Jumpsuit,Jumpsuit
529,Dress/2_9.tif,Dress,Dress__G02,0,Jumpsuit,Jumpsuit,Dress,Tunic
530,Dress/3_1.tif,Dress,Dress__G03,1,Shirt,Suit,Jumpsuit,Suit
531,Dress/3_10.tif,Dress,Dress__G03,1,Vest,Vest,Suit,Suit
532,Dress/3_2.tif,Dress,Dress__G03,1,Sarong,Shirt,Jumpsuit,Jumpsuit
533,Dress/3_3.tif,Dress,Dress__G03,1,Shirt,Shirt,Jumpsuit,Jumpsuit
534,Dress/3_4.tif,Dress,Dress__G03,1,Suit,Suit,Harem,Harem
535,Dress/3_5.tif,Dress,Dress__G03,1,Suit,Suit,Jumpsuit,Jumpsuit
536,Dress/3_6.tif,Dress,Dress__G03,1,Sarong,Sarong,Jumpsuit,Jumpsuit
537,Dress/3_7.tif,Dress,Dress__G03,1,Cardigan,Cardigan,Suit,Suit
538,Dress/3_8.tif,Dress,Dress__G03,1,Jumpsuit,Jumpsuit,Jumpsuit,Jumpsuit
539,Dress/3_9.tif,Dress,Dress__G03,1,Shirt,Suit,Tunic,Tunic
540,Dress/4_1.tif,Dress,Dress__G04,1,Flare,Flare,Flare,Flare
541,Dress/4_10.tif,Dress,Dress__G04,1,Dress,Dress,Jumpsuit,Jumpsuit
542,Dress/4_2.tif,Dress,Dress__G04,1,Suit,Vest,Jumpsuit,Dress
543,Dress/4_3.tif,Dress,Dress__G04,1,Harem,Harem,Jumpsuit,Jumpsuit
544,Dress/4_4.tif,Dress,Dress__G04,1,Jumpsuit,Jumpsuit,Sarong,Sarong
545,Dress/4_5.tif,Dress,Dress__G04,1,Harem,Harem,Dress,Jumpsuit
546,Dress/4_6.tif,Dress,Dress__G04,1,Flare,Flare,Flare,Jumpsuit
547,Dress/4_7.tif,Dress,Dress__G04,1,Flare,Dress,Dress,Dress
548,Dress/4_8.tif,Dress,Dress__G04,1,A-Line,Dress,Tunic,Dress
549,Dress/4_9.tif,Dress,Dress__G04,1,Dress,Dress,Flare,Dress
550,Dress/5_1.tif,Dress,Dress__G05,2,Hoodie,Harem,Jacket,Jacket
551,Dress/5_10.tif,Dress,Dress__G05,2,Cardigan,T-shirt,Hoodie,Hoodie
552,Dress/5_2.tif,Dress,Dress__G05,2,T-shirt,T-shirt,Tunic,Tunic
553,Dress/5_3.tif,Dress,Dress__G05,2,Tunic,Circle,Hoodie,Circle
554,Dress/5_4.tif,Dress,Dress__G05,2,Harem,Wide-Leg,Tunic,Hoodie
555,Dress/5_5.tif,Dress,Dress__G05,2,Hoodie,Hoodie,Vest,Vest
556,Dress/5_6.tif,Dress,Dress__G05,2,Dress,Dress,Hoodie,Hoodie
557,Dress/5_7.tif,Dress,Dress__G05,2,Tunic,Tunic,Hoodie,Hoodie
558,Dress/5_8.tif,Dress,Dress__G05,2,Pencil,A-Line,Wide-Leg,Mermaid
559,Dress/5_9.tif,Dress,Dress__G05,2,Harem,Hoodie,Dress,Hoodie
560,Dress/6_1.tif,Dress,Dress__G06,2,Dress,Dress,Harem,Harem
561,Dress/6_10.tif,Dress,Dress__G06,2,Straight,Dress,Sarong,Sarong
562,Dress/6_2.tif,Dress,Dress__G06,2,Tunic,Tunic,Pencil,Pencil
563,Dress/6_3.tif,Dress,Dress__G06,2,Flare,Dress,Dress,Dress
564,Dress/6_4.tif,Dress,Dress__G06,2,Mermaid,A-Line,Sarong,Pencil
565,Dress/6_5.tif,Dress,Dress__G06,2,Flare,Dress,Skinny,Pencil
566,Dress/6_6.tif,Dress,Dress__G06,2,Harem,Harem,Mermaid,Mermaid
567,Dress/6_7.tif,Dress,Dress__G06,2,Mermaid,Mermaid,Mermaid,Mermaid
568,Dress/6_8.tif,Dress,Dress__G06,2,Straight,Tunic,Jumpsuit,Dress
569,Dress/6_9.tif,Dress,Dress__G06,2,Dress,Skinny,Hoodie,Mermaid
570,Dress/7_1.tif,Dress,Dress__G07,3,Mermaid,Flare,Flare,Mermaid
571,Dress/7_10.tif,Dress,Dress__G07,3,Flare,Skinny,Mermaid,Mermaid
572,Dress/7_2.tif,Dress,Dress__G07,3,Jumpsuit,Dress,Jumpsuit,Dress
573,Dress/7_3.tif,Dress,Dress__G07,3,Dress,Dress,Mermaid,Mermaid
574,Dress/7_4.tif,Dress,Dress__G07,3,Dress,Dress,Mermaid,Mermaid
575,Dress/7_5.tif,Dress,Dress__G07,3,Dress,Flare,Flare,Flare
576,Dress/7_6.tif,Dress,Dress__G07,3,Flare,Flare,Mermaid,Mermaid
577,Dress/7_7.tif,Dress,Dress__G07,3,Flare,Flare,Mermaid,Mermaid
578,Dress/7_8.tif,Dress,Dress__G07,3,Mermaid,Mermaid,Straight,Dress
579,Dress/7_9.tif,Dress,Dress__G07,3,Dress,Flare,Harem,Harem
580,Dress/8_1.tif,Dress,Dress__G08,3,Sarong,Sarong,Dress,Dress
581,Dress/8_10.tif,Dress,Dress__G08,3,Dress,Skinny,Skinny,Skinny
582,Dress/8_2.tif,Dress,Dress__G08,3,Tunic,Vest,Jumpsuit,Dress
583,Dress/8_3.tif,Dress,Dress__G08,3,Jumpsuit,Skinny,Dress,Dress
584,Dress/8_4.tif,Dress,Dress__G08,3,Jumpsuit,Jumpsuit,Sarong,Sarong
585,Dress/8_5.tif,Dress,Dress__G08,3,Suit,Suit,Jumpsuit,Skinny
586,Dress/8_6.tif,Dress,Dress__G08,3,Sarong,Sarong,Skinny,Dress
587,Dress/8_7.tif,Dress,Dress__G08,3,Suit,Pencil,Sarong,Dress
588,Dress/8_8.tif,Dress,Dress__G08,3,Suit,Suit,Jumpsuit,Dress
589,Dress/8_9.tif,Dress,Dress__G08,3,Mini,Mini,Jumpsuit,Jumpsuit
590,Dress/9_1.tif,Dress,Dress__G09,4,Mermaid,Dress,Jumpsuit,Jumpsuit
591,Dress/9_10.tif,Dress,Dress__G09,4,Jumpsuit,Jumpsuit,Jumpsuit,Jumpsuit
592,Dress/9_2.tif,Dress,Dress__G09,4,Flare,Dress,Pencil,Dress
593,Dress/9_3.tif,Dress,Dress__G09,4,Mermaid,Mermaid,Jumpsuit,Jumpsuit
594,Dress/9_4.tif,Dress,Dress__G09,4,Jumpsuit,Jumpsuit,Dress,Dress
595,Dress/9_5.tif,Dress,Dress__G09,4,Jumpsuit,Jumpsuit,Jumpsuit,Dress
596,Dress/9_6.tif,Dress,Dress__G09,4,Skinny,Skinny,Jumpsuit,Jumpsuit
597,Dress/9_7.tif,Dress,Dress__G09,4,Jumpsuit,Jumpsuit,Dress,Dress
598,Dress/9_8.tif,Dress,Dress__G09,4,Straight,Straight,Straight,Pencil
599,Dress/9_9.tif,Dress,Dress__G09,4,Dress,Dress,Jumpsuit,Jumpsuit
600,Flare/10_1.tif,Flare,Flare__G10,4,Harem,Harem,Circle,Harem
601,Flare/10_10.tif,Flare,Flare__G10,4,Sarong,Harem,Harem,Harem
602,Flare/10_2.tif,Flare,Flare__G10,4,Pencil,Straight,Suit,Flare
603,Flare/10_3.tif,Flare,Flare__G10,4,Skinny,Vest,Straight,Straight
604,Flare/10_4.tif,Flare,Flare__G10,4,Mermaid,Mermaid,Circle,Harem
605,Flare/10_5.tif,Flare,Flare__G10,4,Flare,Flare,Flare,Mermaid
606,Flare/10_6.tif,Flare,Flare__G10,4,Flare,Flare,Flare,Flare
607,Flare/10_7.tif,Flare,Flare__G10,4,Vest,Straight,Circle,Circle
608,Flare/10_8.tif,Flare,Flare__G10,4,Straight,Straight,Straight,Straight
609,Flare/10_9.tif,Flare,Flare__G10,4,Straight,Straight,Straight,Straight
610,Flare/1_1.tif,Flare,Flare__G01,0,Flare,Flare,Flare,Flare
611,Flare/1_10.tif,Flare,Flare__G01,0,Flare,Flare,Flare,Flare
612,Flare/1_2.tif,Flare,Flare__G01,0,Straight,Straight,Straight,Straight
613,Flare/1_3.tif,Flare,Flare__G01,0,Mermaid,Flare,Jumpsuit,Jumpsuit
614,Flare/1_4.tif,Flare,Flare__G01,0,Flare,Jumpsuit,Flare,Jumpsuit
615,Flare/1_5.tif,Flare,Flare__G01,0,Mermaid,Hoodie,Mermaid,Mermaid
616,Flare/1_6.tif,Flare,Flare__G01,0,Mermaid,Mermaid,Pencil,Pencil
617,Flare/1_7.tif,Flare,Flare__G01,0,Straight,Straight,Pencil,Straight
618,Flare/1_8.tif,Flare,Flare__G01,0,Flare,Flare,Flare,Flare
619,Flare/1_9.tif,Flare,Flare__G01,0,Dress,Dress,Flare,Flare
620,Flare/2_1.tif,Flare,Flare__G02,0,Flare,Flare,Mermaid,Flare
621,Flare/2_10.tif,Flare,Flare__G02,0,Skinny,Skinny,Flare,Flare
622,Flare/2_2.tif,Flare,Flare__G02,0,Mermaid,Mermaid,Flare,Flare
623,Flare/2_3.tif,Flare,Flare__G02,0,Flare,Flare,Dress,Straight
624,Flare/2_4.tif,Flare,Flare__G02,0,Flare,Flare,Flare,Flare
625,Flare/2_5.tif,Flare,Flare__G02,0,Flare,Flare,Dress,Straight
626,Flare/2_6.tif,Flare,Flare__G02,0,Flare,Flare,Flare,Flare
627,Flare/2_7.tif,Flare,Flare__G02,0,Flare,Flare,Flare,Flare
628,Flare/2_8.tif,Flare,Flare__G02,0,Flare,Flare,Flare,Flare
629,Flare/2_9.tif,Flare,Flare__G02,0,Dress,Dress,Dress,Flare
630,Flare/3_1.tif,Flare,Flare__G03,1,Flare,Flare,Dress,Flare
631,Flare/3_10.tif,Flare,Flare__G03,1,Straight,Flare,Flare,Flare
632,Flare/3_2.tif,Flare,Flare__G03,1,Flare,Flare,Flare,Flare
633,Flare/3_3.tif,Flare,Flare__G03,1,Flare,Flare,Flare,Mermaid
634,Flare/3_4.tif,Flare,Flare__G03,1,Flare,Flare,Flare,Flare
635,Flare/3_5.tif,Flare,Flare__G03,1,Flare,Flare,Flare,Flare
636,Flare/3_6.tif,Flare,Flare__G03,1,Skinny,Skinny,Flare,Flare
637,Flare/3_7.tif,Flare,Flare__G03,1,Skinny,Straight,Mermaid,Flare
638,Flare/3_8.tif,Flare,Flare__G03,1,Flare,Flare,Flare,Flare
639,Flare/3_9.tif,Flare,Flare__G03,1,Skinny,Flare,Skinny,Straight
640,Flare/4_1.tif,Flare,Flare__G04,1,Flare,Dress,Flare,Flare
641,Flare/4_10.tif,Flare,Flare__G04,1,Vest,Vest,Mermaid,Flare
642,Flare/4_2.tif,Flare,Flare__G04,1,Pencil,Vest,Mermaid,Flare
643,Flare/4_3.tif,Flare,Flare__G04,1,Flare,Flare,Dress,Flare
644,Flare/4_4.tif,Flare,Flare__G04,1,Mermaid,Mermaid,Pencil,Flare
645,Flare/4_5.tif,Flare,Flare__G04,1,Jumpsuit,Jumpsuit,Jumpsuit,Dress
646,Flare/4_6.tif,Flare,Flare__G04,1,Flare,Flare,Flare,Flare
647,Flare/4_7.tif,Flare,Flare__G04,1,Straight,Straight,Flare,Flare
648,Flare/4_8.tif,Flare,Flare__G04,1,Flare,Flare,Flare,Flare
649,Flare/4_9.tif,Flare,Flare__G04,1,Dress,Dress,Flare,Flare
650,Flare/5_1.tif,Flare,Flare__G05,2,Flare,Flare,Skinny,Skinny
651,Flare/5_10.tif,Flare,Flare__G05,2,Straight,Mermaid,Straight,Skinny
652,Flare/5_2.tif,Flare,Flare__G05,2,Mermaid,Mermaid,Flare,Flare
653,Flare/5_3.tif,Flare,Flare__G05,2,Flare,Flare,Tunic,Flare
654,Flare/5_4.tif,Flare,Flare__G05,2,Flare,Mermaid,Straight,Mermaid
655,Flare/5_5.tif,Flare,Flare__G05,2,Dress,Dress,Flare,Flare
656,Flare/5_6.tif,Flare,Flare__G05,2,Straight,Straight,Flare,Skinny
657,Flare/5_7.tif,Flare,Flare__G05,2,Straight,Straight,Straight,Straight
658,Flare/5_8.tif,Flare,Flare__G05,2,Straight,Flare,Straight,Flare
659,Flare/5_9.tif,Flare,Flare__G05,2,Wide-Leg,Wide-Leg,Flare,Mini
660,Flare/6_1.tif,Flare,Flare__G06,2,Harem,Harem,Harem,Flare
661,Flare/6_10.tif,Flare,Flare__G06,2,Circle,Circle,Wide-Leg,Wide-Leg
662,Flare/6_2.tif,Flare,Flare__G06,2,Mermaid,Straight,Skinny,Skinny
663,Flare/6_3.tif,Flare,Flare__G06,2,Skinny,Flare,Jumpsuit,Dress
664,Flare/6_4.tif,Flare,Flare__G06,2,Flare,Flare,Cardigan,Mermaid
665,Flare/6_5.tif,Flare,Flare__G06,2,Flare,Flare,Flare,Flare
666,Flare/6_6.tif,Flare,Flare__G06,2,Dress,Straight,Circle,Tunic
667,Flare/6_7.tif,Flare,Flare__G06,2,Straight,Flare,Vest,Flare
668,Flare/6_8.tif,Flare,Flare__G06,2,Pencil,Sarong,Skinny,Skinny
669,Flare/6_9.tif,Flare,Flare__G06,2,Jumpsuit,Harem,Jumpsuit,Harem
670,Flare/7-2.tif,Flare,Flare__G07,3,Pencil,Flare,Flare,Flare
671,Flare/7_1.tif,Flare,Flare__G07,3,Flare,Straight,Pencil,Harem
672,Flare/7_10.tif,Flare,Flare__G07,3,Harem,Harem,Flare,Flare
673,Flare/7_3.tif,Flare,Flare__G07,3,Flare,Flare,Jumpsuit,Dress
674,Flare/7_4.tif,Flare,Flare__G07,3,Flare,Flare,Flare,Flare
675,Flare/7_5.tif,Flare,Flare__G07,3,Flare,Flare,Flare,Flare
676,Flare/7_6.tif,Flare,Flare__G07,3,Flare,Flare,Flare,Flare
677,Flare/7_7.tif,Flare,Flare__G07,3,Straight,Skinny,Flare,Flare
678,Flare/7_8.tif,Flare,Flare__G07,3,Flare,Flare,Skinny,Skinny
679,Flare/7_9.tif,Flare,Flare__G07,3,Harem,Pencil,Flare,Flare
680,Flare/8_1.tif,Flare,Flare__G08,3,Flare,Flare,Harem,Jumpsuit
681,Flare/8_10.tif,Flare,Flare__G08,3,Harem,Harem,Mermaid,Mermaid
682,Flare/8_2.tif,Flare,Flare__G08,3,Flare,Flare,Mermaid,Flare
683,Flare/8_3.tif,Flare,Flare__G08,3,Mermaid,Mermaid,Mermaid,Sarong
684,Flare/8_4.tif,Flare,Flare__G08,3,Pencil,Pencil,Flare,Flare
685,Flare/8_5.tif,Flare,Flare__G08,3,Jumpsuit,Jumpsuit,Dress,Dress
686,Flare/8_6.tif,Flare,Flare__G08,3,Skinny,Skinny,Jumpsuit,Flare
687,Flare/8_7.tif,Flare,Flare__G08,3,Flare,Flare,Jumpsuit,Jumpsuit
688,Flare/8_8.tif,Flare,Flare__G08,3,Flare,Skinny,Straight,Dress
689,Flare/8_9.tif,Flare,Flare__G08,3,Flare,Mermaid,Tunic,Vest
690,Flare/9-7.tif,Flare,Flare__G09,4,Circle,Straight,Vest,Straight
691,Flare/9_1.tif,Flare,Flare__G09,4,Wide-Leg,Dress,Flare,Flare
692,Flare/9_10.tif,Flare,Flare__G09,4,Straight,Skinny,Flare,Flare
693,Flare/9_2.tif,Flare,Flare__G09,4,Straight,Straight,Flare,Flare
694,Flare/9_3.tif,Flare,Flare__G09,4,Flare,Flare,Tunic,Flare
695,Flare/9_4.tif,Flare,Flare__G09,4,Tunic,Flare,Dress,Flare
696,Flare/9_5.tif,Flare,Flare__G09,4,Jumpsuit,Jumpsuit,Flare,Flare
697,Flare/9_6.tif,Flare,Flare__G09,4,Flare,Flare,Flare,Flare
698,Flare/9_8.tif,Flare,Flare__G09,4,Flare,Flare,Mermaid,Straight
699,Flare/9_9.tif,Flare,Flare__G09,4,Wide-Leg,Dress,Flare,Flare
700,Harem/1-1.tif,Harem,Harem__G01,0,Hoodie,Hoodie,Shirt,Cardigan
701,Harem/1-10.tif,Harem,Harem__G01,0,Vest,Vest,A-Line,A-Line
702,Harem/1-2.tif,Harem,Harem__G01,0,Pencil,Straight,Dress,Flare
703,Harem/1-3.tif,Harem,Harem__G01,0,Vest,Vest,Vest,Harem
704,Harem/1-4.tif,Harem,Harem__G01,0,Hoodie,Hoodie,Tunic,Tunic
705,Harem/1-5.tif,Harem,Harem__G01,0,Suit,Pencil,Harem,Harem
706,Harem/1-6.tif,Harem,Harem__G01,0,Hoodie,Hoodie,Harem,Harem
707,Harem/1-7.tif,Harem,Harem__G01,0,Mermaid,Mermaid,Harem,Harem
708,Harem/1-8.tif,Harem,Harem__G01,0,Mermaid,Cardigan,Mermaid,Mermaid
709,Harem/1-9.tif,Harem,Harem__G01,0,A-Line,Wide-Leg,Pencil,Straight
710,Harem/10-1.tif,Harem,Harem__G10,4,Vest,Vest,Harem,Harem
711,Harem/10-10.tif,Harem,Harem__G10,4,Cardigan,Vest,Harem,Harem
712,Harem/10-2.tif,Harem,Harem__G10,4,Sarong,Sarong,Tunic,Tunic
713,Harem/10-3.tif,Harem,Harem__G10,4,Vest,Vest,Mermaid,Harem
714,Harem/10-4.tif,Harem,Harem__G10,4,Hoodie,Suit,Harem,Harem
715,Harem/10-5.tif,Harem,Harem__G10,4,Dress,Skinny,Harem,Straight
716,Harem/10-6.tif,Harem,Harem__G10,4,T-shirt,T-shirt,Tunic,Tunic
717,Harem/10-7.tif,Harem,Harem__G10,4,Vest,Cardigan,Tunic,Tunic
718,Harem/10-8.tif,Harem,Harem__G10,4,T-shirt,T-shirt,A-Line,Tunic
719,Harem/10-9.tif,Harem,Harem__G10,4,Blouse,Blouse,Straight,Tunic
720,Harem/2-1.tif,Harem,Harem__G02,0,Cardigan,Cardigan,Tunic,Tunic
721,Harem/2-10.tif,Harem,Harem__G02,0,Tunic,Tunic,Mermaid,A-Line
722,Harem/2-2.tif,Harem,Harem__G02,0,Cardigan,Sarong,Pencil,Pencil
723,Harem/2-3.tif,Harem,Harem__G02,0,A-Line,A-Line,Suit,A-Line
724,Harem/2-4.tif,Harem,Harem__G02,0,Tunic,Harem,Harem,Harem
725,Harem/2-5.tif,Harem,Harem__G02,0,Dress,Dress,Pencil,Mermaid
726,Harem/2-7.tif,Harem,Harem__G02,0,T-shirt,Pencil,Harem,A-Line
727,Harem/2-8.tif,Harem,Harem__G02,0,Mermaid,Mermaid,Harem,Sarong
728,Harem/2-9.tif,Harem,Harem__G02,0,Tunic,Tunic,Dress,Dress
729,Harem/3-1.tif,Harem,Harem__G03,1,Shirt,Jacket,Suit,Suit
730,Harem/3-10.tif,Harem,Harem__G03,1,Jacket,Jacket,Jacket,Vest
731,Harem/3-2.tif,Harem,Harem__G03,1,Circle,Circle,A-Line,A-Line
732,Harem/3-3.tif,Harem,Harem__G03,1,T-shirt,Cardigan,Wide-Leg,Suit
733,Harem/3-4.tif,Harem,Harem__G03,1,Blouse,Blouse,Shirt,Shirt
734,Harem/3-5.tif,Harem,Harem__G03,1,Dress,Dress,Dress,Harem
735,Harem/3-6.tif,Harem,Harem__G03,1,Suit,Circle,Tunic,Jacket
736,Harem/3-7.tif,Harem,Harem__G03,1,Jacket,Suit,Shirt,Shirt
737,Harem/3-8.tif,Harem,Harem__G03,1,Harem,Straight,Flare,Flare
738,Harem/3-9.tif,Harem,Harem__G03,1,Blouse,Blouse,Wide-Leg,Wide-Leg
739,Harem/4-1.tif,Harem,Harem__G04,1,Mermaid,Mermaid,Flare,Skinny
740,Harem/4-10.tif,Harem,Harem__G04,1,Mermaid,Mermaid,Flare,Flare
741,Harem/4-2.tif,Harem,Harem__G04,1,Flare,Flare,Mermaid,Mermaid
742,Harem/4-3.tif,Harem,Harem__G04,1,Harem,Vest,Dress,Straight
743,Harem/4-4.tif,Harem,Harem__G04,1,Mermaid,Mermaid,Harem,Flare
744,Harem/4-5.tif,Harem,Harem__G04,1,Harem,Harem,Straight,Harem
745,Harem/4-6.tif,Harem,Harem__G04,1,Flare,Flare,Straight,Straight
746,Harem/4-7.tif,Harem,Harem__G04,1,Mermaid,Straight,Flare,Harem
747,Harem/4-8.tif,Harem,Harem__G04,1,Flare,Flare,Straight,Straight
748,Harem/4-9.tif,Harem,Harem__G04,1,Mermaid,Jumpsuit,Flare,Straight
749,Harem/5-1.tif,Harem,Harem__G05,2,Mermaid,Straight,Dress,Straight
750,Harem/5-10.tif,Harem,Harem__G05,2,Skinny,Skinny,Harem,Harem
751,Harem/5-2.tif,Harem,Harem__G05,2,Flare,Flare,Skinny,Mermaid
752,Harem/5-3.tif,Harem,Harem__G05,2,Vest,Flare,Harem,Harem
753,Harem/5-5.tif,Harem,Harem__G05,2,Suit,Hoodie,Harem,Pencil
754,Harem/5-6.tif,Harem,Harem__G05,2,Harem,Harem,Mermaid,Mermaid
755,Harem/5-7.tif,Harem,Harem__G05,2,Mermaid,Flare,Sarong,Pencil
756,Harem/5-8.tif,Harem,Harem__G05,2,Pencil,Straight,Straight,Straight
757,Harem/5-9.tif,Harem,Harem__G05,2,Dress,Dress,Skinny,Straight
758,Harem/5_6.tif,Harem,Harem__G05,2,Skinny,Tunic,Skinny,Straight
759,Harem/6-1.tif,Harem,Harem__G06,2,Harem,Harem,Harem,Harem
760,Harem/6-10.tif,Harem,Harem__G06,2,Circle,Circle,Harem,Harem
761,Harem/6-2.tif,Harem,Harem__G06,2,Circle,Pencil,Straight,Straight
762,Harem/6-3.tif,Harem,Harem__G06,2,Pencil,Pencil,Vest,Flare
763,Harem/6-4.tif,Harem,Harem__G06,2,Harem,Harem,Harem,Harem
764,Harem/6-5.tif,Harem,Harem__G06,2,Wide-Leg,Wide-Leg,Mermaid,Flare
765,Harem/6-6.tif,Harem,Harem__G02,0,Tunic,Tunic,Sarong,Sarong
766,Harem/6-7.tif,Harem,Harem__G06,2,T-shirt,Tunic,Vest,Vest
767,Harem/6-8.tif,Harem,Harem__G06,2,Pencil,Pencil,Harem,Mermaid
768,Harem/6-9.tif,Harem,Harem__G06,2,Straight,Straight,Harem,Sarong
769,Harem/6_6.tif,Harem,Harem__G06,2,Tunic,Sarong,Straight,Straight
770,Harem/7-1.tif,Harem,Harem__G07,3,Sarong,Sarong,Sarong,Straight
771,Harem/7-10.tif,Harem,Harem__G07,3,Skinny,Skinny,Pencil,Pencil
772,Harem/7-2.tif,Harem,Harem__G07,3,Mermaid,Harem,Flare,Harem
773,Harem/7-3.tif,Harem,Harem__G07,3,Skinny,Skinny,Tunic,Harem
774,Harem/7-4.tif,Harem,Harem__G07,3,Harem,Harem,Mermaid,Mermaid
775,Harem/7-5.tif,Harem,Harem__G07,3,Dress,Dress,Pencil,Straight
776,Harem/7-6.tif,Harem,Harem__G07,3,Sarong,Sarong,Sarong,Sarong
777,Harem/7-7.tif,Harem,Harem__G07,3,Sarong,Sarong,Sarong,Harem
778,Harem/7-8.tif,Harem,Harem__G07,3,Sarong,Sarong,Sarong,Sarong
779,Harem/7-9.tif,Harem,Harem__G07,3,Mermaid,Suit,Harem,Skinny
780,Harem/8-1.tif,Harem,Harem__G08,3,Vest,Circle,Harem,Harem
781,Harem/8-10.tif,Harem,Harem__G08,3,Circle,Circle,Straight,Straight
782,Harem/8-2.tif,Harem,Harem__G08,3,Mini,Suit,Tunic,Tunic
783,Harem/8-3.tif,Harem,Harem__G08,3,Hoodie,Hoodie,Wide-Leg,Wide-Leg
784,Harem/8-4.tif,Harem,Harem__G08,3,Hoodie,Harem,Tunic,Tunic
785,Harem/8-5.tif,Harem,Harem__G08,3,Hoodie,Hoodie,Vest,Vest
786,Harem/8-7.tif,Harem,Harem__G08,3,Tunic,Tunic,Vest,Vest
787,Harem/8-8.tif,Harem,Harem__G08,3,Pencil,Pencil,Harem,Harem
788,Harem/8-9.tif,Harem,Harem__G08,3,Blouse,Blouse,Dress,Wide-Leg
789,Harem/8_6.tif,Harem,Harem__G08,3,Pencil,Harem,Harem,Harem
790,Harem/9-1.tif,Harem,Harem__G09,4,Pencil,Mermaid,Cardigan,Cardigan
791,Harem/9-10.tif,Harem,Harem__G09,4,Jumpsuit,Jumpsuit,Harem,Harem
792,Harem/9-2.tif,Harem,Harem__G09,4,Mermaid,Mermaid,Mermaid,Circle
793,Harem/9-3.tif,Harem,Harem__G09,4,Flare,Harem,Harem,Straight
794,Harem/9-4.tif,Harem,Harem__G09,4,A-Line,Straight,Skinny,Harem
795,Harem/9-5.tif,Harem,Harem__G09,4,Wide-Leg,Dress,Harem,Harem
796,Harem/9-6.tif,Harem,Harem__G09,4,Straight,Straight,Straight,Straight
797,Harem/9-7.tif,Harem,Harem__G09,4,Flare,Pencil,Straight,Harem
798,Harem/9-8.tif,Harem,Harem__G09,4,Straight,Straight,Straight,Straight
799,Harem/9-9.tif,Harem,Harem__G09,4,Wide-Leg,Wide-Leg,Skinny,Tunic
800,Hoodie/1-1.tif,Hoodie,Hoodie__G01,0,Jacket,Jacket,Jacket,Hoodie
801,Hoodie/1-10.tif,Hoodie,Hoodie__G01,0,Tunic,Shirt,Circle,Wide-Leg
802,Hoodie/1-2.tif,Hoodie,Hoodie__G01,0,Hoodie,Dress,Dress,Tunic
803,Hoodie/1-3.tif,Hoodie,Hoodie__G01,0,Hoodie,Blouse,Jacket,Jacket
804,Hoodie/1-4.tif,Hoodie,Hoodie__G01,0,Shirt,Harem,Vest,Vest
805,Hoodie/1-5.tif,Hoodie,Hoodie__G01,0,Harem,Dress,Circle,Dress
806,Hoodie/1-6.tif,Hoodie,Hoodie__G01,0,Hoodie,Hoodie,Shirt,Shirt
807,Hoodie/1-7.tif,Hoodie,Hoodie__G01,0,Circle,Shirt,Shirt,Shirt
808,Hoodie/1-8.tif,Hoodie,Hoodie__G01,0,Hoodie,Dress,Shirt,Cardigan
809,Hoodie/1-9.tif,Hoodie,Hoodie__G01,0,Vest,T-shirt,Cardigan,Cardigan
810,Hoodie/10-1.tif,Hoodie,Hoodie__G10,4,Hoodie,Jacket,Vest,Dress
811,Hoodie/10-10.tif,Hoodie,Hoodie__G10,4,Tunic,Tunic,Dress,Hoodie
812,Hoodie/10-2.tif,Hoodie,Hoodie__G10,4,Jacket,Jacket,Dress,Tunic
813,Hoodie/10-3.tif,Hoodie,Hoodie__G10,4,Shirt,Shirt,Tunic,Wide-Leg
814,Hoodie/10-4.tif,Hoodie,Hoodie__G10,4,Pencil,Suit,Hoodie,Dress
815,Hoodie/10-5.tif,Hoodie,Hoodie__G10,4,Hoodie,Hoodie,Hoodie,Hoodie
816,Hoodie/10-7.tif,Hoodie,Hoodie__G10,4,Cardigan,Cardigan,Hoodie,Hoodie
817,Hoodie/10-8.tif,Hoodie,Hoodie__G10,4,Hoodie,Suit,Suit,Hoodie
818,Hoodie/10-9.tif,Hoodie,Hoodie__G10,4,Straight,Straight,Vest,Vest
819,Hoodie/10_6.tif,Hoodie,Hoodie__G10,4,Jumpsuit,Jumpsuit,Hoodie,Hoodie
820,Hoodie/2-1.tif,Hoodie,Hoodie__G02,0,Wide-Leg,Suit,Tunic,Circle
821,Hoodie/2-10.tif,Hoodie,Hoodie__G02,0,Jacket,Jacket,Circle,Hoodie
822,Hoodie/2-2.tif,Hoodie,Hoodie__G02,0,Tunic,Dress,Dress,Vest
823,Hoodie/2-3.tif,Hoodie,Hoodie__G02,0,Jacket,Jacket,Vest,Vest
824,Hoodie/2-4.tif,Hoodie,Hoodie__G02,0,Shirt,Shirt,Vest,Hoodie
825,Hoodie/2-5.tif,Hoodie,Hoodie__G02,0,Circle,Circle,Shirt,Shirt
826,Hoodie/2-7.tif,Hoodie,Hoodie__G02,0,Circle,Flare,Shirt,Shirt
827,Hoodie/2-8.tif,Hoodie,Hoodie__G02,0,Hoodie,Hoodie,Shirt,Shirt
828,Hoodie/2-9.tif,Hoodie,Hoodie__G02,0,Circle,Circle,Circle,Jacket
829,Hoodie/2_6.tif,Hoodie,Hoodie__G02,0,Jacket,Jacket,Jacket,Jacket
830,Hoodie/3-1.tif,Hoodie,Hoodie__G03,1,Jacket,Jacket,Cardigan,Cardigan
831,Hoodie/3-10.tif,Hoodie,Hoodie__G03,1,Cardigan,Cardigan,Circle,Jacket
832,Hoodie/3-2.tif,Hoodie,Hoodie__G03,1,Vest,Vest,Cardigan,Jacket
833,Hoodie/3-3.tif,Hoodie,Hoodie__G03,1,Shirt,Harem,Cardigan,Cardigan
834,Hoodie/3-4.tif,Hoodie,Hoodie__G03,1,Hoodie,Hoodie,Wide-Leg,Hoodie
835,Hoodie/3-5.tif,Hoodie,Hoodie__G03,1,Jacket,Jacket,Cardigan,Cardigan
836,Hoodie/3-7.tif,Hoodie,Hoodie__G03,1,Cardigan,Cardigan,Cardigan,Cardigan
837,Hoodie/3-8.tif,Hoodie,Hoodie__G03,1,Hoodie,Suit,Suit,Suit
838,Hoodie/3-9.tif,Hoodie,Hoodie__G03,1,Hoodie,Hoodie,Blouse,Suit
839,Hoodie/3_6.tif,Hoodie,Hoodie__G03,1,Mini,Vest,Vest,Harem
840,Hoodie/4-1.tif,Hoodie,Hoodie__G04,1,Jacket,Mini,Shirt,Cardigan
841,Hoodie/4-10.tif,Hoodie,Hoodie__G04,1,Jacket,Jacket,Cardigan,Cardigan
842,Hoodie/4-2.tif,Hoodie,Hoodie__G04,1,T-shirt,Sarong,Tunic,Tunic
843,Hoodie/4-3.tif,Hoodie,Hoodie__G04,1,T-shirt,Cardigan,Hoodie,Hoodie
844,Hoodie/4-4.tif,Hoodie,Hoodie__G04,1,Cardigan,Cardigan,Mini,Mini
845,Hoodie/4-5.tif,Hoodie,Hoodie__G04,1,Jacket,Shirt,Hoodie,Hoodie
846,Hoodie/4-6.tif,Hoodie,Hoodie__G04,1,T-shirt,Mini,Cardigan,T-shirt
847,Hoodie/4-7.tif,Hoodie,Hoodie__G04,1,Cardigan,Cardigan,Jacket,Jacket
848,Hoodie/4-8.tif,Hoodie,Hoodie__G04,1,Tunic,Jacket,Circle,Hoodie
849,Hoodie/4-9.tif,Hoodie,Hoodie__G04,1,Vest,Vest,A-Line,Skinny
850,Hoodie/5-1.tif,Hoodie,Hoodie__G05,2,Dress,Suit,Tunic,Hoodie
851,Hoodie/5-10.tif,Hoodie,Hoodie__G05,2,Cardigan,Suit,Vest,Vest
852,Hoodie/5-2.tif,Hoodie,Hoodie__G05,2,Pencil,Pencil,Dress,Dress
853,Hoodie/5-3.tif,Hoodie,Hoodie__G05,2,Circle,Circle,Wide-Leg,Mini
854,Hoodie/5-4.tif,Hoodie,Hoodie__G05,2,Tunic,Tunic,Pencil,Pencil
855,Hoodie/5-5.tif,Hoodie,Hoodie__G05,2,Hoodie,Hoodie,Vest,Vest
856,Hoodie/5-7.tif,Hoodie,Hoodie__G05,2,Tunic,Tunic,Suit,Suit
857,Hoodie/5-8.tif,Hoodie,Hoodie__G05,2,Hoodie,Harem,Suit,Tunic
858,Hoodie/5-9.tif,Hoodie,Hoodie__G05,2,Harem,Harem,Suit,Hoodie
859,Hoodie/5_6.tif,Hoodie,Hoodie__G05,2,Tunic,Tunic,Pencil,Vest
860,Hoodie/6-1.tif,Hoodie,Hoodie__G06,2,Hoodie,Hoodie,Blouse,Mini
861,Hoodie/6-10.tif,Hoodie,Hoodie__G06,2,Hoodie,Hoodie,Mini,Blouse
862,Hoodie/6-2.tif,Hoodie,Hoodie__G06,2,Mini,T-shirt,Tunic,T-shirt
863,Hoodie/6-3.tif,Hoodie,Hoodie__G06,2,Jacket,Jacket,Bermuda,T-shirt
864,Hoodie/6-4.tif,Hoodie,Hoodie__G06,2,Jacket,Jacket,Harem,Harem
865,Hoodie/6-5.tif,Hoodie,Hoodie__G06,2,Circle,Circle,T-shirt,T-shirt
866,Hoodie/6-7.tif,Hoodie,Hoodie__G06,2,Tunic,Hoodie,Jacket,Jacket
867,Hoodie/6-8.tif,Hoodie,Hoodie__G06,2,Jacket,Jacket,Harem,Mini
868,Hoodie/6-9.tif,Hoodie,Hoodie__G06,2,Hoodie,Jacket,Circle,Circle
869,Hoodie/6_6.tif,Hoodie,Hoodie__G06,2,Cardigan,Pencil,Harem,A-Line
870,Hoodie/7-1.tif,Hoodie,Hoodie__G07,3,T-shirt,Mini,Shirt,Shirt
871,Hoodie/7-10.tif,Hoodie,Hoodie__G07,3,Cardigan,Jacket,Shirt,Shirt
872,Hoodie/7-2.tif,Hoodie,Hoodie__G07,3,Hoodie,Hoodie,Circle,Circle
873,Hoodie/7-3.tif,Hoodie,Hoodie__G07,3,Shirt,Shirt,Shirt,Circle
874,Hoodie/7-4.tif,Hoodie,Hoodie__G07,3,Suit,Suit,Wide-Leg,Mini
875,Hoodie/7-5.tif,Hoodie,Hoodie__G07,3,Mini,Mini,T-shirt,T-shirt
876,Hoodie/7-7.tif,Hoodie,Hoodie__G07,3,Wide-Leg,Wide-Leg,Blouse,Blouse
877,Hoodie/7-8.tif,Hoodie,Hoodie__G07,3,Jacket,Jacket,Suit,Suit
878,Hoodie/7-9.tif,Hoodie,Hoodie__G07,3,Suit,Suit,Hoodie,Hoodie
879,Hoodie/7_6.tif,Hoodie,Hoodie__G07,3,T-shirt,Shirt,Shirt,Shirt
880,Hoodie/8-1.tif,Hoodie,Hoodie__G08,3,Suit,Suit,Jacket,Jacket
881,Hoodie/8-10.tif,Hoodie,Hoodie__G08,3,Harem,Harem,Circle,Circle
882,Hoodie/8-2.tif,Hoodie,Hoodie__G08,3,Hoodie,Hoodie,Wide-Leg,Circle
883,Hoodie/8-3.tif,Hoodie,Hoodie__G08,3,Jacket,Jacket,Jacket,Mini
884,Hoodie/8-4.tif,Hoodie,Hoodie__G08,3,Jacket,Jacket,Jacket,Jacket
885,Hoodie/8-6.tif,Hoodie,Hoodie__G08,3,Harem,Harem,Circle,Jacket
886,Hoodie/8-7.tif,Hoodie,Hoodie__G08,3,Mermaid,Harem,Jacket,Jacket
887,Hoodie/8-8.tif,Hoodie,Hoodie__G08,3,Hoodie,Hoodie,Harem,Harem
888,Hoodie/8-9.tif,Hoodie,Hoodie__G08,3,Jacket,Hoodie,Circle,Circle
889,Hoodie/8_6.tif,Hoodie,Hoodie__G08,3,Jacket,Jacket,Circle,Harem
890,Hoodie/9-1.tif,Hoodie,Hoodie__G09,4,Shirt,Shirt,Hoodie,Hoodie
891,Hoodie/9-10.tif,Hoodie,Hoodie__G09,4,Suit,Vest,Jacket,Jacket
892,Hoodie/9-2.tif,Hoodie,Hoodie__G09,4,Hoodie,Hoodie,Hoodie,Hoodie
893,Hoodie/9-3.tif,Hoodie,Hoodie__G09,4,Hoodie,Hoodie,Cardigan,Cardigan
894,Hoodie/9-4.tif,Hoodie,Hoodie__G09,4,Suit,Suit,Hoodie,Hoodie
895,Hoodie/9-5.tif,Hoodie,Hoodie__G09,4,Circle,Circle,Hoodie,Dress
896,Hoodie/9-7.tif,Hoodie,Hoodie__G09,4,Tunic,Tunic,Dress,Dress
897,Hoodie/9-8.tif,Hoodie,Hoodie__G09,4,Hoodie,Suit,Circle,Jacket
898,Hoodie/9-9.tif,Hoodie,Hoodie__G09,4,Suit,Harem,Hoodie,Tunic
899,Hoodie/9_6.tif,Hoodie,Hoodie__G09,4,Jacket,Jacket,Circle,Circle
900,Jacket/1-1.tif,Jacket,Jacket__G01,0,Suit,Harem,Cardigan,Circle
901,Jacket/1-10.tif,Jacket,Jacket__G01,0,Jacket,Jacket,Wide-Leg,Wide-Leg
902,Jacket/1-2.tif,Jacket,Jacket__G01,0,Dress,Tunic,Blouse,Cardigan
903,Jacket/1-3.tif,Jacket,Jacket__G01,0,Cardigan,Cardigan,Jacket,Hoodie
904,Jacket/1-4.tif,Jacket,Jacket__G01,0,Suit,Suit,Hoodie,Hoodie
905,Jacket/1-5.tif,Jacket,Jacket__G01,0,Jacket,Jacket,Cardigan,Mini
906,Jacket/1-6.tif,Jacket,Jacket__G01,0,Jumpsuit,Jacket,Tunic,Suit
907,Jacket/1-7.tif,Jacket,Jacket__G01,0,Hoodie,Hoodie,Jacket,Jacket
908,Jacket/1-8.tif,Jacket,Jacket__G01,0,Hoodie,Hoodie,Circle,Circle
909,Jacket/1-9.tif,Jacket,Jacket__G01,0,Cardigan,Tunic,Tunic,Tunic
910,Jacket/10-1.tif,Jacket,Jacket__G10,4,Shirt,Shirt,Cardigan,Jacket
911,Jacket/10-10.tif,Jacket,Jacket__G10,4,Suit,Suit,Hoodie,Hoodie
912,Jacket/10-2.tif,Jacket,Jacket__G10,4,Jacket,Jacket,Circle,Circle
913,Jacket/10-3.tif,Jacket,Jacket__G10,4,Suit,Suit,Hoodie,Hoodie
914,Jacket/10-4.tif,Jacket,Jacket__G10,4,Jacket,Jacket,Hoodie,Hoodie
915,Jacket/10-5.tif,Jacket,Jacket__G10,4,Jacket,Jacket,Suit,Suit
916,Jacket/10-6.tif,Jacket,Jacket__G10,4,Hoodie,Harem,Vest,Suit
917,Jacket/10-7.tif,Jacket,Jacket__G10,4,Circle,Circle,Hoodie,Suit
918,Jacket/10-8.tif,Jacket,Jacket__G10,4,Suit,Suit,Hoodie,Hoodie
919,Jacket/10-9.tif,Jacket,Jacket__G10,4,Tunic,Shirt,Cardigan,Hoodie
920,Jacket/2-1.tif,Jacket,Jacket__G02,0,Jacket,Suit,Hoodie,Hoodie
921,Jacket/2-10.tif,Jacket,Jacket__G02,0,Jacket,Jacket,Blouse,Blouse
922,Jacket/2-2.tif,Jacket,Jacket__G02,0,Suit,Suit,Cardigan,Hoodie
923,Jacket/2-3.tif,Jacket,Jacket__G02,0,Hoodie,Jacket,Circle,Circle
924,Jacket/2-4.tif,Jacket,Jacket__G02,0,Jacket,Jacket,Blouse,Suit
925,Jacket/2-5.tif,Jacket,Jacket__G02,0,Cardigan,Cardigan,Hoodie,Hoodie
926,Jacket/2-6.tif,Jacket,Jacket__G02,0,Suit,Suit,Hoodie,Hoodie
927,Jacket/2-7.tif,Jacket,Jacket__G02,0,Circle,Circle,Blouse,Mini
928,Jacket/2-8.tif,Jacket,Jacket__G02,0,Jacket,Blouse,Suit,Hoodie
929,Jacket/2-9.tif,Jacket,Jacket__G02,0,Suit,Shirt,Mini,Circle
930,Jacket/3-1.tif,Jacket,Jacket__G03,1,Vest,Vest,Circle,Shirt
931,Jacket/3-10.tif,Jacket,Jacket__G03,1,Cardigan,Cardigan,Bermuda,Bermuda
932,Jacket/3-2.tif,Jacket,Jacket__G03,1,Mini,Hoodie,Wide-Leg,Wide-Leg
933,Jacket/3-3.tif,Jacket,Jacket__G03,1,T-shirt,T-shirt,T-shirt,Cardigan
934,Jacket/3-4.tif,Jacket,Jacket__G03,1,Jacket,Jacket,Hoodie,Hoodie
935,Jacket/3-5.tif,Jacket,Jacket__G03,1,T-shirt,Shirt,Shirt,Shirt
936,Jacket/3-6.tif,Jacket,Jacket__G03,1,Jacket,Shirt,Bermuda,Bermuda
937,Jacket/3-7.tif,Jacket,Jacket__G03,1,Cardigan,Cardigan,Shirt,Shirt
938,Jacket/3-8.tif,Jacket,Jacket__G03,1,T-shirt,Jacket,Shirt,Shirt
939,Jacket/3-9.tif,Jacket,Jacket__G03,1,Jacket,Jacket,Hoodie,Hoodie
940,Jacket/4-1.tif,Jacket,Jacket__G04,1,Shirt,Mini,Cardigan,Cardigan
941,Jacket/4-10.tif,Jacket,Jacket__G04,1,Jacket,Jacket,Cardigan,Cardigan
942,Jacket/4-2.tif,Jacket,Jacket__G04,1,Cardigan,Hoodie,Vest,Vest
943,Jacket/4-3.tif,Jacket,Jacket__G04,1,Hoodie,Jacket,Circle,Circle
944,Jacket/4-4.tif,Jacket,Jacket__G04,1,Jacket,Jacket,Mini,Mini
945,Jacket/4-5.tif,Jacket,Jacket__G04,1,Jacket,Cardigan,Cardigan,Cardigan
946,Jacket/4-6.tif,Jacket,Jacket__G04,1,Mini,Mini,Mini,Jacket
947,Jacket/4-7.tif,Jacket,Jacket__G04,1,Jacket,Jacket,Jacket,Cardigan
948,Jacket/4-8.tif,Jacket,Jacket__G04,1,Hoodie,Jacket,Jacket,Jacket
949,Jacket/4-9.tif,Jacket,Jacket__G04,1,Hoodie,Hoodie,Circle,Circle
950,Jacket/5-1.tif,Jacket,Jacket__G05,2,Hoodie,Hoodie,Jacket,Straight
951,Jacket/5-10.tif,Jacket,Jacket__G05,2,T-shirt,Vest,Cardigan,Cardigan
952,Jacket/5-2.tif,Jacket,Jacket__G05,2,Hoodie,Hoodie,T-shirt,T-shirt
953,Jacket/5-3.tif,Jacket,Jacket__G05,2,T-shirt,Tunic,Circle,Wide-Leg
954,Jacket/5-4.tif,Jacket,Jacket__G05,2,Hoodie,Hoodie,Circle,Circle
955,Jacket/5-5.tif,Jacket,Jacket__G05,2,Tunic,Tunic,Cardigan,Cardigan
956,Jacket/5-6.tif,Jacket,Jacket__G05,2,Jacket,Shirt,Jacket,Jacket
957,Jacket/5-7.tif,Jacket,Jacket__G05,2,Tunic,Tunic,Cardigan,Cardigan
958,Jacket/5-8.tif,Jacket,Jacket__G05,2,Hoodie,Hoodie,Wide-Leg,Vest
959,Jacket/5-9.tif,Jacket,Jacket__G05,2,Hoodie,Shirt,Mini,Mini
960,Jacket/6-1.tif,Jacket,Jacket__G06,2,Jacket,Jacket,T-shirt,Shirt
961,Jacket/6-10.tif,Jacket,Jacket__G06,2,T-shirt,T-shirt,Blouse,Shirt
962,Jacket/6-2.tif,Jacket,Jacket__G06,2,T-shirt,Cardigan,Suit,T-shirt
963,Jacket/6-3.tif,Jacket,Jacket__G06,2,Jacket,Jacket,Jacket,Shirt
964,Jacket/6-4.tif,Jacket,Jacket__G06,2,Shirt,Shirt,Circle,Cardigan
965,Jacket/6-5.tif,Jacket,Jacket__G06,2,Shirt,Shirt,Jacket,Shirt
966,Jacket/6-6.tif,Jacket,Jacket__G06,2,Shirt,Shirt,Shirt,Cardigan
967,Jacket/6-7.tif,Jacket,Jacket__G06,2,Shirt,Shirt,Suit,Suit
968,Jacket/6-8.tif,Jacket,Jacket__G06,2,Shirt,Cardigan,Mini,Mini
969,Jacket/6-9.tif,Jacket,Jacket__G06,2,Jacket,Hoodie,Wide-Leg,Shirt
970,Jacket/7-1.tif,Jacket,Jacket__G07,3,Shirt,Shirt,Jacket,Jacket
971,Jacket/7-10.tif,Jacket,Jacket__G07,3,Shirt,Shirt,Shirt,Shirt
972,Jacket/7-2.tif,Jacket,Jacket__G07,3,Suit,Suit,Suit,Harem
973,Jacket/7-3.tif,Jacket,Jacket__G07,3,Shirt,Shirt,Circle,Circle
974,Jacket/7-4.tif,Jacket,Jacket__G07,3,Shirt,Hoodie,Shirt,Shirt
975,Jacket/7-5.tif,Jacket,Jacket__G07,3,Circle,Cardigan,Jacket,Jacket
976,Jacket/7-6.tif,Jacket,Jacket__G07,3,Shirt,Jacket,Cardigan,Cardigan
977,Jacket/7-7.tif,Jacket,Jacket__G07,3,Jacket,Mermaid,Suit,Suit
978,Jacket/7-8.tif,Jacket,Jacket__G07,3,Shirt,Jacket,Blouse,Suit
979,Jacket/7-9.tif,Jacket,Jacket__G07,3,Jacket,Jacket,Circle,Circle
980,Jacket/8-1.tif,Jacket,Jacket__G08,3,T-shirt,T-shirt,Tunic,Tunic
981,Jacket/8-10.tif,Jacket,Jacket__G08,3,Suit,Suit,Cardigan,Cardigan
982,Jacket/8-2.tif,Jacket,Jacket__G08,3,T-shirt,Shirt,Vest,Vest
983,Jacket/8-3.tif,Jacket,Jacket__G08,3,T-shirt,Shirt,Tunic,Tunic
984,Jacket/8-4.tif,Jacket,Jacket__G08,3,Shirt,Shirt,T-shirt,Suit
985,Jacket/8-5.tif,Jacket,Jacket__G08,3,Suit,Suit,Vest,Blouse
986,Jacket/8-6.tif,Jacket,Jacket__G08,3,Mini,Mini,Tunic,Tunic
987,Jacket/8-7.tif,Jacket,Jacket__G08,3,Jacket,Jacket,Cardigan,Cardigan
988,Jacket/8-8.tif,Jacket,Jacket__G08,3,T-shirt,Shirt,Shirt,Suit
989,Jacket/8-9.tif,Jacket,Jacket__G08,3,Tunic,Suit,Shirt,Shirt
990,Jacket/9-1.tif,Jacket,Jacket__G09,4,Skinny,Shirt,Wide-Leg,Wide-Leg
991,Jacket/9-10.tif,Jacket,Jacket__G09,4,Jacket,Jacket,Jacket,Jacket
992,Jacket/9-2.tif,Jacket,Jacket__G09,4,Tunic,Harem,Circle,Shirt
993,Jacket/9-3.tif,Jacket,Jacket__G09,4,Shirt,Shirt,Blouse,Jacket
994,Jacket/9-4.tif,Jacket,Jacket__G09,4,Harem,Tunic,Jacket,Jacket
995,Jacket/9-5.tif,Jacket,Jacket__G09,4,Hoodie,Jacket,Wide-Leg,Wide-Leg
996,Jacket/9-6.tif,Jacket,Jacket__G09,4,Jacket,Jacket,Mini,Mini
997,Jacket/9-7.tif,Jacket,Jacket__G09,4,Cardigan,Cardigan,Suit,Suit
998,Jacket/9-8.tif,Jacket,Jacket__G09,4,Shirt,Shirt,Circle,Shirt
999,Jacket/9-9.tif,Jacket,Jacket__G09,4,Straight,Dress,Jacket,T-shirt
1000,Jumpsuit/1-10.tif,Jumpsuit,Jumpsuit__G01,0,Jumpsuit,Jumpsuit,Jumpsuit,Jumpsuit
1001,Jumpsuit/10-10.tif,Jumpsuit,Jumpsuit__G10,4,Dress,Jumpsuit,Jumpsuit,Jumpsuit
1002,Jumpsuit/10-3.tif,Jumpsuit,Jumpsuit__G10,4,Flare,Flare,Jumpsuit,Jumpsuit
1003,Jumpsuit/10-4.tif,Jumpsuit,Jumpsuit__G10,4,Dress,Dress,Harem,Harem
1004,Jumpsuit/10-5.tif,Jumpsuit,Jumpsuit__G10,4,Jumpsuit,Jumpsuit,Sarong,Skinny
1005,Jumpsuit/10-6.tif,Jumpsuit,Jumpsuit__G10,4,Jumpsuit,Jumpsuit,Jumpsuit,Jumpsuit
1006,Jumpsuit/10_1.tif,Jumpsuit,Jumpsuit__G10,4,Wide-Leg,Skinny,Harem,Harem
1007,Jumpsuit/10_2.tif,Jumpsuit,Jumpsuit__G10,4,T-shirt,Jumpsuit,Dress,Jumpsuit
1008,Jumpsuit/10_7.tif,Jumpsuit,Jumpsuit__G10,4,Straight,Straight,Dress,Jumpsuit
1009,Jumpsuit/10_8.tif,Jumpsuit,Jumpsuit__G10,4,Jumpsuit,Jumpsuit,Jumpsuit,Jumpsuit
1010,Jumpsuit/10_9.tif,Jumpsuit,Jumpsuit__G10,4,Straight,Pencil,Straight,Straight
1011,Jumpsuit/1_1.tif,Jumpsuit,Jumpsuit__G01,0,Dress,Jumpsuit,Skinny,Skinny
1012,Jumpsuit/1_2.tif,Jumpsuit,Jumpsuit__G01,0,Jumpsuit,Jumpsuit,Jumpsuit,Jumpsuit
1013,Jumpsuit/1_3.tif,Jumpsuit,Jumpsuit__G01,0,Jumpsuit,Jumpsuit,Jumpsuit,Jumpsuit
1014,Jumpsuit/1_4.tif,Jumpsuit,Jumpsuit__G01,0,Straight,Straight,Jumpsuit,Jumpsuit
1015,Jumpsuit/1_5.tif,Jumpsuit,Jumpsuit__G01,0,Jumpsuit,Jumpsuit,Dress,Jumpsuit
1016,Jumpsuit/1_6.tif,Jumpsuit,Jumpsuit__G01,0,Flare,Flare,Flare,Jumpsuit
1017,Jumpsuit/1_7.tif,Jumpsuit,Jumpsuit__G01,0,Skinny,Jumpsuit,Jumpsuit,Flare
1018,Jumpsuit/1_8.tif,Jumpsuit,Jumpsuit__G01,0,Jumpsuit,Jumpsuit,Jumpsuit,Jumpsuit
1019,Jumpsuit/1_9.tif,Jumpsuit,Jumpsuit__G01,0,Jumpsuit,Jumpsuit,Jumpsuit,Jumpsuit
1020,Jumpsuit/2_1.tif,Jumpsuit,Jumpsuit__G02,0,Sarong,Sarong,Jumpsuit,Jumpsuit
1021,Jumpsuit/2_10.tif,Jumpsuit,Jumpsuit__G02,0,Jumpsuit,Jumpsuit,Jumpsuit,Jumpsuit
1022,Jumpsuit/2_2.tif,Jumpsuit,Jumpsuit__G02,0,Sarong,Jumpsuit,Straight,Jumpsuit
1023,Jumpsuit/2_3.tif,Jumpsuit,Jumpsuit__G02,0,Dress,Pencil,Jumpsuit,Jumpsuit
1024,Jumpsuit/2_5.tif,Jumpsuit,Jumpsuit__G02,0,Mermaid,Mermaid,Jumpsuit,Jumpsuit
1025,Jumpsuit/2_6.tif,Jumpsuit,Jumpsuit__G02,0,Skinny,Skinny,Jumpsuit,Pencil
1026,Jumpsuit/2_7.tif,Jumpsuit,Jumpsuit__G02,0,Straight,Jumpsuit,Jumpsuit,Jumpsuit
1027,Jumpsuit/2_8.tif,Jumpsuit,Jumpsuit__G02,0,Pencil,Pencil,Jumpsuit,Jumpsuit
1028,Jumpsuit/2_9.tif,Jumpsuit,Jumpsuit__G02,0,Dress,Dress,Dress,Dress
1029,Jumpsuit/3_1.tif,Jumpsuit,Jumpsuit__G03,1,Jumpsuit,Jumpsuit,Jumpsuit,Jumpsuit
1030,Jumpsuit/3_10.tif,Jumpsuit,Jumpsuit__G03,1,Sarong,Sarong,Sarong,Jumpsuit
1031,Jumpsuit/3_2.tif,Jumpsuit,Jumpsuit__G03,1,Jumpsuit,Jumpsuit,Jumpsuit,Sarong
1032,Jumpsuit/3_3.tif,Jumpsuit,Jumpsuit__G03,1,Jumpsuit,Jumpsuit,Straight,Straight
1033,Jumpsuit/3_4.tif,Jumpsuit,Jumpsuit__G03,1,Harem,Harem,Jumpsuit,Jumpsuit
1034,Jumpsuit/3_5.tif,Jumpsuit,Jumpsuit__G03,1,Jumpsuit,Jumpsuit,Jumpsuit,Jumpsuit
1035,Jumpsuit/3_6.tif,Jumpsuit,Jumpsuit__G03,1,Skinny,Skinny,Jumpsuit,Jumpsuit
1036,Jumpsuit/3_7.tif,Jumpsuit,Jumpsuit__G03,1,Vest,Vest,Jumpsuit,Sarong
1037,Jumpsuit/3_8.tif,Jumpsuit,Jumpsuit__G03,1,Jumpsuit,Jumpsuit,Jumpsuit,Sarong
1038,Jumpsuit/3_9.tif,Jumpsuit,Jumpsuit__G03,1,Shirt,Vest,Tunic,Jumpsuit
1039,Jumpsuit/4_1.tif,Jumpsuit,Jumpsuit__G04,1,Blouse,Blouse,Hoodie,Jacket
1040,Jumpsuit/4_10.tif,Jumpsuit,Jumpsuit__G04,1,Jumpsuit,Skinny,Vest,Vest
1041,Jumpsuit/4_2.tif,Jumpsuit,Jumpsuit__G04,1,Skinny,Skinny,Dress,Straight
1042,Jumpsuit/4_3.tif,Jumpsuit,Jumpsuit__G04,1,Dress,Pencil,Dress,Jumpsuit
1043,Jumpsuit/4_4.tif,Jumpsuit,Jumpsuit__G04,1,Jumpsuit,Jumpsuit,Jumpsuit,Pencil
1044,Jumpsuit/4_5.tif,Jumpsuit,Jumpsuit__G04,1,Straight,Straight,Jumpsuit,Jumpsuit
1045,Jumpsuit/4_6.tif,Jumpsuit,Jumpsuit__G04,1,Skinny,Skinny,Jumpsuit,Jumpsuit
1046,Jumpsuit/4_7.tif,Jumpsuit,Jumpsuit__G04,1,Sarong,Sarong,Vest,Jumpsuit
1047,Jumpsuit/4_8.tif,Jumpsuit,Jumpsuit__G04,1,Jumpsuit,Jumpsuit,Jumpsuit,Jumpsuit
1048,Jumpsuit/4_9.tif,Jumpsuit,Jumpsuit__G04,1,Jumpsuit,Jumpsuit,Straight,Jumpsuit
1049,Jumpsuit/5_1.tif,Jumpsuit,Jumpsuit__G05,2,Jumpsuit,Jumpsuit,Sarong,Sarong
1050,Jumpsuit/5_10.tif,Jumpsuit,Jumpsuit__G05,2,Skinny,Skinny,Sarong,Sarong
1051,Jumpsuit/5_2.tif,Jumpsuit,Jumpsuit__G05,2,Sarong,Sarong,Mini,Dress
1052,Jumpsuit/5_3.tif,Jumpsuit,Jumpsuit__G05,2,Pencil,Pencil,Jumpsuit,Jumpsuit
1053,Jumpsuit/5_4.tif,Jumpsuit,Jumpsuit__G05,2,Jumpsuit,Jumpsuit,Pencil,Skinny
1054,Jumpsuit/5_5.tif,Jumpsuit,Jumpsuit__G05,2,Jumpsuit,Jumpsuit,Jumpsuit,Skinny
1055,Jumpsuit/5_6.tif,Jumpsuit,Jumpsuit__G05,2,Straight,Dress,Skinny,Pencil
1056,Jumpsuit/5_7.tif,Jumpsuit,Jumpsuit__G05,2,Dress,Jumpsuit,Sarong,Sarong
1057,Jumpsuit/5_8.tif,Jumpsuit,Jumpsuit__G05,2,Jumpsuit,Dress,Jumpsuit,Pencil
1058,Jumpsuit/5_9.tif,Jumpsuit,Jumpsuit__G05,2,A-Line,A-Line,Sarong,Sarong
1059,Jumpsuit/6_1.tif,Jumpsuit,Jumpsuit__G06,2,Harem,Harem,Dress,Dress
1060,Jumpsuit/6_10.tif,Jumpsuit,Jumpsuit__G06,2,Mermaid,Dress,Jumpsuit,Dress
1061,Jumpsuit/6_11.tif,Jumpsuit,Jumpsuit__G06,2,Mermaid,Mermaid,Mermaid,Mermaid
1062,Jumpsuit/6_2.tif,Jumpsuit,Jumpsuit__G06,2,Skinny,Skinny,Jumpsuit,Dress
1063,Jumpsuit/6_3.tif,Jumpsuit,Jumpsuit__G06,2,Skinny,Dress,Jumpsuit,Jumpsuit
1064,Jumpsuit/6_4.tif,Jumpsuit,Jumpsuit__G06,2,Harem,Harem,Dress,Dress
1065,Jumpsuit/6_5.tif,Jumpsuit,Jumpsuit__G06,2,Flare,Flare,Mermaid,Jumpsuit
1066,Jumpsuit/6_6.tif,Jumpsuit,Jumpsuit__G06,2,Flare,Flare,Dress,Dress
1067,Jumpsuit/6_7.tif,Jumpsuit,Jumpsuit__G06,2,Mermaid,Mermaid,Flare,Flare
1068,Jumpsuit/6_8.tif,Jumpsuit,Jumpsuit__G06,2,Dress,Dress,Mermaid,Mermaid
1069,Jumpsuit/6_9.tif,Jumpsuit,Jumpsuit__G06,2,Flare,Dress,Pencil,Pencil
1070,Jumpsuit/7_1.tif,Jumpsuit,Jumpsuit__G07,3,Flare,Flare,Mermaid,Jumpsuit
1071,Jumpsuit/7_10.tif,Jumpsuit,Jumpsuit__G07,3,Jumpsuit,Dress,Flare,Jumpsuit
1072,Jumpsuit/7_2.tif,Jumpsuit,Jumpsuit__G07,3,Dress,Skinny,Jumpsuit,Jumpsuit
1073,Jumpsuit/7_3.tif,Jumpsuit,Jumpsuit__G07,3,Jumpsuit,Jumpsuit,Straight,Jumpsuit
1074,Jumpsuit/7_4.tif,Jumpsuit,Jumpsuit__G07,3,Jumpsuit,Jumpsuit,Dress,Jumpsuit
1075,Jumpsuit/7_5.tif,Jumpsuit,Jumpsuit__G07,3,Dress,Jumpsuit,Dress,Jumpsuit
1076,Jumpsuit/7_6.tif,Jumpsuit,Jumpsuit__G07,3,Dress,Dress,Flare,Flare
1077,Jumpsuit/7_7.tif,Jumpsuit,Jumpsuit__G07,3,Mermaid,Mermaid,Jumpsuit,Jumpsuit
1078,Jumpsuit/7_8.tif,Jumpsuit,Jumpsuit__G07,3,Jumpsuit,Jumpsuit,Sarong,Sarong
1079,Jumpsuit/7_9.tif,Jumpsuit,Jumpsuit__G07,3,Jumpsuit,Jumpsuit,Dress,Jumpsuit
1080,Jumpsuit/8-10.tif,Jumpsuit,Jumpsuit__G08,3,Jumpsuit,Jumpsuit,Jumpsuit,Jumpsuit
1081,Jumpsuit/8-3.tif,Jumpsuit,Jumpsuit__G08,3,Suit,Suit,Straight,Hoodie
1082,Jumpsuit/8-4.tif,Jumpsuit,Jumpsuit__G08,3,Wide-Leg,Straight,Straight,Straight
1083,Jumpsuit/8-5.tif,Jumpsuit,Jumpsuit__G08,3,Jumpsuit,Jumpsuit,Jumpsuit,Jumpsuit
1084,Jumpsuit/8-6.tif,Jumpsuit,Jumpsuit__G08,3,Dress,Dress,Jumpsuit,Dress
1085,Jumpsuit/8_1.tif,Jumpsuit,Jumpsuit__G08,3,Pencil,Pencil,Sarong,Jumpsuit
1086,Jumpsuit/8_2.tif,Jumpsuit,Jumpsuit__G08,3,Skinny,Harem,Dress,Dress
1087,Jumpsuit/8_7.tif,Jumpsuit,Jumpsuit__G08,3,Jumpsuit,Jumpsuit,Sarong,Jumpsuit
1088,Jumpsuit/8_8.tif,Jumpsuit,Jumpsuit__G08,3,Pencil,Pencil,Straight,Dress
1089,Jumpsuit/8_9.tif,Jumpsuit,Jumpsuit__G08,3,Suit,Suit,Dress,Dress
1090,Jumpsuit/9-10.tif,Jumpsuit,Jumpsuit__G09,4,Jumpsuit,Jumpsuit,Dress,Dress
1091,Jumpsuit/9-3.tif,Jumpsuit,Jumpsuit__G09,4,Jumpsuit,Jumpsuit,Jumpsuit,Jumpsuit
1092,Jumpsuit/9-4.tif,Jumpsuit,Jumpsuit__G09,4,Flare,Jumpsuit,Jumpsuit,Jumpsuit
1093,Jumpsuit/9-5.tif,Jumpsuit,Jumpsuit__G09,4,Jumpsuit,Jumpsuit,Jumpsuit,Jumpsuit
1094,Jumpsuit/9-6.tif,Jumpsuit,Jumpsuit__G09,4,Skinny,Skinny,Jumpsuit,Jumpsuit
1095,Jumpsuit/9_1.tif,Jumpsuit,Jumpsuit__G09,4,Sarong,Jumpsuit,Dress,Dress
1096,Jumpsuit/9_2.tif,Jumpsuit,Jumpsuit__G09,4,Jumpsuit,Jumpsuit,Dress,Jumpsuit
1097,Jumpsuit/9_7.tif,Jumpsuit,Jumpsuit__G09,4,Skinny,Dress,Jumpsuit,Jumpsuit
1098,Jumpsuit/9_8.tif,Jumpsuit,Jumpsuit__G09,4,Jumpsuit,Jumpsuit,Jumpsuit,Jumpsuit
1099,Jumpsuit/9_9.tif,Jumpsuit,Jumpsuit__G09,4,Harem,Harem,Jumpsuit,Jumpsuit
1100,Mermaid/10_1.tif,Mermaid,Mermaid__G10,4,Mermaid,Mermaid,Circle,Circle
1101,Mermaid/10_10.tif,Mermaid,Mermaid__G10,4,Flare,Mermaid,Flare,Mermaid
1102,Mermaid/10_2.tif,Mermaid,Mermaid__G10,4,Skinny,Jacket,Mini,Mermaid
1103,Mermaid/10_3.tif,Mermaid,Mermaid__G10,4,Mermaid,Mermaid,Wide-Leg,A-Line
1104,Mermaid/10_4.tif,Mermaid,Mermaid__G10,4,Mermaid,Circle,Skinny,Skinny
1105,Mermaid/10_5.tif,Mermaid,Mermaid__G10,4,Straight,Circle,Straight,Harem
1106,Mermaid/10_6.tif,Mermaid,Mermaid__G10,4,Skinny,Pencil,Mermaid,Mermaid
1107,Mermaid/10_7.tif,Mermaid,Mermaid__G10,4,Straight,Mermaid,A-Line,A-Line
1108,Mermaid/10_8.tif,Mermaid,Mermaid__G10,4,Straight,Pencil,A-Line,Tunic
1109,Mermaid/10_9.tif,Mermaid,Mermaid__G10,4,Blouse,Mermaid,Tunic,Tunic
1110,Mermaid/1_1.tif,Mermaid,Mermaid__G01,0,Flare,Flare,Dress,Dress
1111,Mermaid/1_10.tif,Mermaid,Mermaid__G01,0,Flare,Flare,Flare,Mermaid
1112,Mermaid/1_2.tif,Mermaid,Mermaid__G01,0,Straight,Mermaid,Harem,Harem
1113,Mermaid/1_3.tif,Mermaid,Mermaid__G01,0,Straight,Dress,Dress,Dress
1114,Mermaid/1_4.tif,Mermaid,Mermaid__G01,0,Jumpsuit,Jumpsuit,Flare,Pencil
1115,Mermaid/1_5.tif,Mermaid,Mermaid__G01,0,Mermaid,Harem,Mermaid,Mermaid
1116,Mermaid/1_6.tif,Mermaid,Mermaid__G01,0,Skinny,Flare,Mermaid,Flare
1117,Mermaid/1_7.tif,Mermaid,Mermaid__G01,0,Straight,Straight,Mermaid,Mermaid
1118,Mermaid/1_8.tif,Mermaid,Mermaid__G01,0,A-Line,Wide-Leg,Straight,Pencil
1119,Mermaid/1_9.tif,Mermaid,Mermaid__G01,0,Dress,Straight,Mermaid,Jumpsuit
1120,Mermaid/2_1.tif,Mermaid,Mermaid__G02,0,Tunic,Skinny,Harem,Flare
1121,Mermaid/2_10.tif,Mermaid,Mermaid__G02,0,Vest,Vest,Flare,Flare
1122,Mermaid/2_2.tif,Mermaid,Mermaid__G02,0,Straight,Straight,Sarong,Sarong
1123,Mermaid/2_3.tif,Mermaid,Mermaid__G02,0,Jumpsuit,Jumpsuit,Jumpsuit,Jumpsuit
1124,Mermaid/2_4.tif,Mermaid,Mermaid__G02,0,Flare,Jumpsuit,Flare,Flare
1125,Mermaid/2_5.tif,Mermaid,Mermaid__G02,0,Suit,Suit,Flare,Flare
1126,Mermaid/2_6.tif,Mermaid,Mermaid__G02,0,Skinny,Skinny,Skinny,Straight
1127,Mermaid/2_7.tif,Mermaid,Mermaid__G02,0,Flare,Straight,Flare,Vest
1128,Mermaid/2_8.tif,Mermaid,Mermaid__G02,0,Harem,Jumpsuit,Jumpsuit,Wide-Leg
1129,Mermaid/2_9.tif,Mermaid,Mermaid__G02,0,Suit,Suit,Straight,Harem
1130,Mermaid/3_1.tif,Mermaid,Mermaid__G03,1,Jacket,Vest,Mermaid,Mermaid
1131,Mermaid/3_10.tif,Mermaid,Mermaid__G03,1,Mermaid,Mermaid,Harem,Harem
1132,Mermaid/3_2.tif,Mermaid,Mermaid__G03,1,Harem,Harem,Mermaid,Mermaid
1133,Mermaid/3_3.tif,Mermaid,Mermaid__G03,1,Flare,Harem,Tunic,Straight
1134,Mermaid/3_4.tif,Mermaid,Mermaid__G03,1,Mermaid,Mermaid,A-Line,A-Line
1135,Mermaid/3_5.tif,Mermaid,Mermaid__G03,1,Vest,Vest,Vest,Vest
1136,Mermaid/3_6.tif,Mermaid,Mermaid__G03,1,Pencil,Tunic,Mermaid,Mermaid
1137,Mermaid/3_7.tif,Mermaid,Mermaid__G03,1,Pencil,Pencil,Tunic,Pencil
1138,Mermaid/3_8.tif,Mermaid,Mermaid__G03,1,Mermaid,Mermaid,Mermaid,Mermaid
1139,Mermaid/3_9.tif,Mermaid,Mermaid__G03,1,Flare,Flare,Mermaid,Mermaid
1140,Mermaid/4_1.tif,Mermaid,Mermaid__G04,1,Wide-Leg,Wide-Leg,Circle,Circle
1141,Mermaid/4_10.tif,Mermaid,Mermaid__G04,1,Mermaid,Mermaid,Mermaid,Mermaid
1142,Mermaid/4_2.tif,Mermaid,Mermaid__G04,1,Flare,Mermaid,Mermaid,Mermaid
1143,Mermaid/4_3.tif,Mermaid,Mermaid__G04,1,Harem,Harem,Flare,Mermaid
1144,Mermaid/4_4.tif,Mermaid,Mermaid__G04,1,Mermaid,Mermaid,Dress,Dress
1145,Mermaid/4_5.tif,Mermaid,Mermaid__G04,1,Mermaid,Mermaid,Flare,Flare
1146,Mermaid/4_6.tif,Mermaid,Mermaid__G04,1,Flare,Flare,Dress,Flare
1147,Mermaid/4_7.tif,Mermaid,Mermaid__G04,1,Dress,Mermaid,Mermaid,Mermaid
1148,Mermaid/4_8.tif,Mermaid,Mermaid__G04,1,Harem,Harem,Jumpsuit,Mermaid
1149,Mermaid/4_9.tif,Mermaid,Mermaid__G04,1,Mermaid,Mermaid,Flare,Mermaid
1150,Mermaid/5_1.tif,Mermaid,Mermaid__G05,2,Harem,Circle,Flare,Flare
1151,Mermaid/5_10.tif,Mermaid,Mermaid__G05,2,Mermaid,Mermaid,Circle,Harem
1152,Mermaid/5_2.tif,Mermaid,Mermaid__G05,2,Circle,Mini,Flare,Cardigan
1153,Mermaid/5_3.tif,Mermaid,Mermaid__G05,2,Mermaid,Mermaid,Mermaid,Mermaid
1154,Mermaid/5_4.tif,Mermaid,Mermaid__G05,2,Flare,Flare,Flare,Flare
1155,Mermaid/5_5.tif,Mermaid,Mermaid__G05,2,Mermaid,Mermaid,Circle,Circle
1156,Mermaid/5_6.tif,Mermaid,Mermaid__G05,2,Mermaid,Mermaid,Pencil,Pencil
1157,Mermaid/5_7.tif,Mermaid,Mermaid__G05,2,Mermaid,Circle,Flare,Vest
1158,Mermaid/5_8.tif,Mermaid,Mermaid__G05,2,Mermaid,Mermaid,Flare,Mermaid
1159,Mermaid/5_9.tif,Mermaid,Mermaid__G05,2,Flare,Flare,Mermaid,Wide-Leg
1160,Mermaid/6_1.tif,Mermaid,Mermaid__G06,2,Skinny,Skinny,Mermaid,Mermaid
1161,Mermaid/6_10.tif,Mermaid,Mermaid__G06,2,Mermaid,Mermaid,Mermaid,Mermaid
1162,Mermaid/6_2.tif,Mermaid,Mermaid__G06,2,Mermaid,Pencil,Skinny,Pencil
1163,Mermaid/6_3.tif,Mermaid,Mermaid__G06,2,Mermaid,Skinny,Mermaid,Mermaid
1164,Mermaid/6_4.tif,Mermaid,Mermaid__G06,2,Mermaid,Mermaid,Skinny,Mermaid
1165,Mermaid/6_5.tif,Mermaid,Mermaid__G06,2,Skinny,Pencil,Pencil,Pencil
1166,Mermaid/6_6.tif,Mermaid,Mermaid__G06,2,Pencil,Mermaid,Skinny,Mermaid
1167,Mermaid/6_7.tif,Mermaid,Mermaid__G06,2,Straight,Mermaid,Mermaid,Mermaid
1168,Mermaid/6_8.tif,Mermaid,Mermaid__G06,2,Flare,Flare,Flare,Flare
1169,Mermaid/6_9.tif,Mermaid,Mermaid__G06,2,Flare,Flare,Mermaid,Mermaid
1170,Mermaid/7_1.tif,Mermaid,Mermaid__G07,3,Skinny,Skinny,Flare,Flare
1171,Mermaid/7_10.tif,Mermaid,Mermaid__G07,3,Dress,Flare,Flare,Flare
1172,Mermaid/7_2.tif,Mermaid,Mermaid__G07,3,Straight,Straight,Mermaid,Jumpsuit
1173,Mermaid/7_3.tif,Mermaid,Mermaid__G07,3,Jumpsuit,Jumpsuit,Mermaid,Dress
1174,Mermaid/7_4.tif,Mermaid,Mermaid__G07,3,Straight,Straight,Mermaid,Mermaid
1175,Mermaid/7_5.tif,Mermaid,Mermaid__G07,3,Flare,Dress,Mermaid,Mermaid
1176,Mermaid/7_6.tif,Mermaid,Mermaid__G07,3,Mermaid,Mermaid,Flare,Mermaid
1177,Mermaid/7_7.tif,Mermaid,Mermaid__G07,3,Mermaid,Mermaid,Flare,Flare
1178,Mermaid/7_8.tif,Mermaid,Mermaid__G07,3,Straight,Mermaid,Mermaid,Skinny
1179,Mermaid/7_9.tif,Mermaid,Mermaid__G07,3,Dress,Dress,Suit,Straight
1180,Mermaid/8_1.tif,Mermaid,Mermaid__G08,3,Pencil,Pencil,Skinny,Skinny
1181,Mermaid/8_10.tif,Mermaid,Mermaid__G08,3,Vest,Sarong,Skinny,Skinny
1182,Mermaid/8_2.tif,Mermaid,Mermaid__G08,3,Straight,Pencil,Jumpsuit,Dress
1183,Mermaid/8_3.tif,Mermaid,Mermaid__G08,3,Skinny,Skinny,Tunic,Tunic
1184,Mermaid/8_4.tif,Mermaid,Mermaid__G08,3,Sarong,Mermaid,Pencil,Pencil
1185,Mermaid/8_5.tif,Mermaid,Mermaid__G08,3,Harem,Harem,Sarong,Sarong
1186,Mermaid/8_6.tif,Mermaid,Mermaid__G08,3,Skinny,Skinny,Sarong,Sarong
1187,Mermaid/8_7.tif,Mermaid,Mermaid__G08,3,Skinny,Sarong,Straight,Dress
1188,Mermaid/8_8.tif,Mermaid,Mermaid__G08,3,Harem,Harem,Skinny,Dress
1189,Mermaid/8_9.tif,Mermaid,Mermaid__G08,3,Sarong,Sarong,Skinny,Dress
1190,Mermaid/9_1.tif,Mermaid,Mermaid__G09,4,Pencil,Pencil,Mermaid,Mermaid
1191,Mermaid/9_10.tif,Mermaid,Mermaid__G09,4,Mermaid,Mermaid,Mermaid,Mermaid
1192,Mermaid/9_2.tif,Mermaid,Mermaid__G09,4,Flare,Flare,Mini,Mini
1193,Mermaid/9_3.tif,Mermaid,Mermaid__G09,4,Flare,Mermaid,Flare,Harem
1194,Mermaid/9_4.tif,Mermaid,Mermaid__G09,4,Mermaid,Mermaid,Harem,Harem
1195,Mermaid/9_5.tif,Mermaid,Mermaid__G09,4,Mermaid,Circle,Hoodie,Circle
1196,Mermaid/9_6.tif,Mermaid,Mermaid__G09,4,Pencil,Hoodie,Pencil,Pencil
1197,Mermaid/9_7.tif,Mermaid,Mermaid__G09,4,Mermaid,Mermaid,Harem,Harem
1198,Mermaid/9_8.tif,Mermaid,Mermaid__G09,4,Harem,Pencil,Mermaid,Mermaid
1199,Mermaid/9_9.tif,Mermaid,Mermaid__G09,4,Mermaid,Mermaid,Mermaid,Mermaid
1200,Mini/10_1.tif,Mini,Mini__G10,4,Mini,Mini,Bermuda,Bermuda
1201,Mini/10_10.tif,Mini,Mini__G10,4,Jacket,Jacket,Bermuda,Bermuda
1202,Mini/10_2.tif,Mini,Mini__G10,4,Mini,Mini,Shirt,Shirt
1203,Mini/10_3.tif,Mini,Mini__G10,4,Dress,Shirt,Blouse,Blouse
1204,Mini/10_4.tif,Mini,Mini__G10,4,Shirt,Shirt,Shirt,Shirt
1205,Mini/10_5.tif,Mini,Mini__G10,4,Shirt,Shirt,Bermuda,Bermuda
1206,Mini/10_6.tif,Mini,Mini__G10,4,Mini,Mini,Shirt,Shirt
1207,Mini/10_7.tif,Mini,Mini__G10,4,Jacket,Mini,Bermuda,Bermuda
1208,Mini/10_8.tif,Mini,Mini__G10,4,Shirt,Shirt,Bermuda,Bermuda
1209,Mini/10_9.tif,Mini,Mini__G10,4,Cardigan,Shirt,Shirt,Shirt
1210,Mini/1_1.tif,Mini,Mini__G01,0,Vest,Shirt,Shirt,Shirt
1211,Mini/1_10.tif,Mini,Mini__G01,0,Mini,Mini,Mini,Mini
1212,Mini/1_2.tif,Mini,Mini__G01,0,Pencil,Shirt,Shirt,Shirt
1213,Mini/1_3.tif,Mini,Mini__G01,0,Shirt,Mini,T-shirt,T-shirt
1214,Mini/1_4.tif,Mini,Mini__G01,0,Circle,Circle,A-Line,A-Line
1215,Mini/1_5.tif,Mini,Mini__G01,0,Vest,Vest,Cardigan,Cardigan
1216,Mini/1_6.tif,Mini,Mini__G01,0,Vest,Shirt,Bermuda,Mini
1217,Mini/1_7.tif,Mini,Mini__G01,0,Circle,Circle,A-Line,A-Line
1218,Mini/1_8.tif,Mini,Mini__G01,0,Cardigan,Vest,A-Line,A-Line
1219,Mini/1_9.tif,Mini,Mini__G01,0,Circle,Hoodie,Wide-Leg,Flare
1220,Mini/2_1.tif,Mini,Mini__G02,0,Tunic,Vest,Mini,Bermuda
1221,Mini/2_10.tif,Mini,Mini__G02,0,Jumpsuit,T-shirt,Bermuda,Bermuda
1222,Mini/2_2.tif,Mini,Mini__G02,0,Sarong,Vest,Bermuda,Bermuda
1223,Mini/2_3.tif,Mini,Mini__G02,0,Mini,Mini,Mini,Mini
1224,Mini/2_4.tif,Mini,Mini__G02,0,Mini,Mini,Mini,Mini
1225,Mini/2_5.tif,Mini,Mini__G02,0,Pencil,Mini,Mini,Bermuda
1226,Mini/2_6.tif,Mini,Mini__G02,0,Mini,T-shirt,Blouse,Bermuda
1227,Mini/2_7.tif,Mini,Mini__G02,0,Mini,Mini,Mini,Mini
1228,Mini/2_8.tif,Mini,Mini__G02,0,T-shirt,Cardigan,A-Line,A-Line
1229,Mini/2_9.tif,Mini,Mini__G02,0,Shirt,Mini,Suit,Mini
1230,Mini/3_1.tif,Mini,Mini__G03,1,Vest,Vest,Cardigan,Cardigan
1231,Mini/3_10.tif,Mini,Mini__G03,1,Tunic,Cardigan,Cardigan,Cardigan
1232,Mini/3_2.tif,Mini,Mini__G03,1,T-shirt,Mini,Jacket,Blouse
1233,Mini/3_3.tif,Mini,Mini__G03,1,Shirt,Hoodie,Jacket,Jacket
1234,Mini/3_4.tif,Mini,Mini__G03,1,Suit,Suit,Blouse,Circle
1235,Mini/3_5.tif,Mini,Mini__G03,1,T-shirt,Circle,Jacket,Circle
1236,Mini/3_6.tif,Mini,Mini__G03,1,T-shirt,Mini,Mini,Mini
1237,Mini/3_7.tif,Mini,Mini__G03,1,Hoodie,Vest,Cardigan,Cardigan
1238,Mini/3_8.tif,Mini,Mini__G03,1,Mini,Mini,Sarong,Circle
1239,Mini/3_9.tif,Mini,Mini__G03,1,Cardigan,Tunic,Jacket,Jacket
1240,Mini/4_1.tif,Mini,Mini__G04,1,Jumpsuit,Tunic,Cardigan,Cardigan
1241,Mini/4_10.tif,Mini,Mini__G04,1,Mini,Mini,Cardigan,Cardigan
1242,Mini/4_2.tif,Mini,Mini__G04,1,Vest,Vest,Cardigan,Cardigan
1243,Mini/4_3.tif,Mini,Mini__G04,1,Mini,Mini,Vest,Vest
1244,Mini/4_4.tif,Mini,Mini__G04,1,Jacket,Jacket,Sarong,A-Line
1245,Mini/4_5.tif,Mini,Mini__G04,1,Mini,Cardigan,Blouse,Blouse
1246,Mini/4_6.tif,Mini,Mini__G04,1,Mini,Mini,Mini,Mini
1247,Mini/4_7.tif,Mini,Mini__G04,1,T-shirt,Vest,Mini,Mini
1248,Mini/4_8.tif,Mini,Mini__G04,1,Cardigan,Cardigan,A-Line,A-Line
1249,Mini/4_9.tif,Mini,Mini__G04,1,Shirt,Shirt,A-Line,Cardigan
1250,Mini/5_1.tif,Mini,Mini__G05,2,T-shirt,Mini,Blouse,Blouse
1251,Mini/5_10.tif,Mini,Mini__G05,2,Vest,Vest,Blouse,Blouse
1252,Mini/5_2.tif,Mini,Mini__G05,2,Mini,Mini,Circle,Harem
1253,Mini/5_3.tif,Mini,Mini__G05,2,T-shirt,Mini,Hoodie,Blouse
1254,Mini/5_4.tif,Mini,Mini__G05,2,Hoodie,Jacket,Blouse,Blouse
1255,Mini/5_5.tif,Mini,Mini__G05,2,T-shirt,Mini,Blouse,Jacket
1256,Mini/5_6.tif,Mini,Mini__G05,2,Hoodie,Jacket,Circle,Harem
1257,Mini/5_7.tif,Mini,Mini__G05,2,Tunic,Circle,Shirt,Circle
1258,Mini/5_8.tif,Mini,Mini__G05,2,T-shirt,T-shirt,A-Line,A-Line
1259,Mini/5_9.tif,Mini,Mini__G05,2,Cardigan,Cardigan,A-Line,Jacket
1260,Mini/6_1.tif,Mini,Mini__G06,2,Mini,Mini,Wide-Leg,Wide-Leg
1261,Mini/6_10.tif,Mini,Mini__G06,2,Hoodie,Jacket,Bermuda,Bermuda
1262,Mini/6_2.tif,Mini,Mini__G06,2,Mini,Vest,T-shirt,T-shirt
1263,Mini/6_3.tif,Mini,Mini__G06,2,T-shirt,Cardigan,Shirt,Shirt
1264,Mini/6_4.tif,Mini,Mini__G06,2,T-shirt,Jacket,Shirt,Shirt
1265,Mini/6_5.tif,Mini,Mini__G06,2,Sarong,Mini,Blouse,Blouse
1266,Mini/6_6.tif,Mini,Mini__G06,2,T-shirt,Shirt,Blouse,Blouse
1267,Mini/6_7.tif,Mini,Mini__G06,2,Shirt,Shirt,T-shirt,Shirt
1268,Mini/6_8.tif,Mini,Mini__G06,2,Vest,Vest,Shirt,Shirt
1269,Mini/6_9.tif,Mini,Mini__G06,2,Cardigan,Hoodie,Vest,Jacket
1270,Mini/7_1.tif,Mini,Mini__G07,3,Cardigan,Dress,Jacket,Blouse
1271,Mini/7_10.tif,Mini,Mini__G07,3,Mini,Mini,Circle,Bermuda
1272,Mini/7_2.tif,Mini,Mini__G07,3,Circle,Circle,Shirt,Blouse
1273,Mini/7_3.tif,Mini,Mini__G07,3,Shirt,Shirt,Mini,Mini
1274,Mini/7_4.tif,Mini,Mini__G07,3,Jacket,Jacket,Mini,Mini
1275,Mini/7_5.tif,Mini,Mini__G07,3,Mini,Mini,Blouse,Blouse
1276,Mini/7_6.tif,Mini,Mini__G07,3,Shirt,Cardigan,Circle,Circle
1277,Mini/7_7.tif,Mini,Mini__G07,3,Mini,Mini,Bermuda,Circle
1278,Mini/7_8.tif,Mini,Mini__G07,3,Cardigan,Cardigan,Circle,T-shirt
1279,Mini/7_9.tif,Mini,Mini__G07,3,Cardigan,Cardigan,Shirt,Blouse
1280,Mini/8_1.tif,Mini,Mini__G08,3,Vest,Vest,Tunic,Tunic
1281,Mini/8_10.tif,Mini,Mini__G08,3,Mini,Pencil,Vest,Vest
1282,Mini/8_2.tif,Mini,Mini__G08,3,Vest,Pencil,Tunic,Tunic
1283,Mini/8_3.tif,Mini,Mini__G08,3,Mini,Mini,T-shirt,Tunic
1284,Mini/8_4.tif,Mini,Mini__G08,3,Vest,Cardigan,Cardigan,Cardigan
1285,Mini/8_5.tif,Mini,Mini__G08,3,Straight,Straight,Mini,Mini
1286,Mini/8_6.tif,Mini,Mini__G08,3,Pencil,Pencil,Vest,Vest
1287,Mini/8_7.tif,Mini,Mini__G08,3,Tunic,Tunic,Cardigan,Cardigan
1288,Mini/8_8.tif,Mini,Mini__G08,3,Tunic,Pencil,Tunic,Tunic
1289,Mini/8_9.tif,Mini,Mini__G08,3,Mini,Mini,Cardigan,Cardigan
1290,Mini/9_1.tif,Mini,Mini__G09,4,Mini,Mini,Vest,Bermuda
1291,Mini/9_10.tif,Mini,Mini__G09,4,Mini,Mini,Tunic,Straight
1292,Mini/9_2.tif,Mini,Mini__G09,4,Pencil,Pencil,Dress,Dress
1293,Mini/9_3.tif,Mini,Mini__G09,4,Tunic,Pencil,Dress,Straight
1294,Mini/9_4.tif,Mini,Mini__G09,4,Sarong,Sarong,Skinny,Sarong
1295,Mini/9_5.tif,Mini,Mini__G09,4,Sarong,Sarong,Cardigan,Cardigan
1296,Mini/9_6.tif,Mini,Mini__G09,4,Dress,Vest,Tunic,Blouse
1297,Mini/9_7.tif,Mini,Mini__G09,4,Sarong,Sarong,Hoodie,Straight
1298,Mini/9_8.tif,Mini,Mini__G09,4,T-shirt,Harem,Sarong,Sarong
1299,Mini/9_9.tif,Mini,Mini__G09,4,Circle,Circle,Tunic,Straight
1300,Pencil/1-1.tif,Pencil,Pencil__G01,0,Vest,Vest,Pencil,Pencil
1301,Pencil/1-10.tif,Pencil,Pencil__G01,0,Straight,Straight,Sarong,Harem
1302,Pencil/1-2.tif,Pencil,Pencil__G01,0,Tunic,Vest,Sarong,Sarong
1303,Pencil/1-3.tif,Pencil,Pencil__G01,0,Jumpsuit,Straight,Harem,Harem
1304,Pencil/1-4.tif,Pencil,Pencil__G01,0,Jumpsuit,Jumpsuit,Straight,Straight
1305,Pencil/1-5.tif,Pencil,Pencil__G01,0,Sarong,Sarong,Skinny,Skinny
1306,Pencil/1-6.tif,Pencil,Pencil__G01,0,Sarong,Sarong,Sarong,Sarong
1307,Pencil/1-7.tif,Pencil,Pencil__G01,0,Jumpsuit,Jumpsuit,Tunic,Skinny
1308,Pencil/1-8.tif,Pencil,Pencil__G01,0,Tunic,Sarong,Sarong,Sarong
1309,Pencil/1-9.tif,Pencil,Pencil__G01,0,Sarong,Skinny,Straight,Pencil
1310,Pencil/10-1.tif,Pencil,Pencil__G10,4,Straight,Straight,Straight,Jumpsuit
1311,Pencil/10-10.tif,Pencil,Pencil__G10,4,Mini,Pencil,Pencil,Pencil
1312,Pencil/10-2.tif,Pencil,Pencil__G10,4,Straight,Skinny,Straight,Straight
1313,Pencil/10-3.tif,Pencil,Pencil__G10,4,Sarong,Sarong,Tunic,Tunic
1314,Pencil/10-4.tif,Pencil,Pencil__G10,4,Skinny,Flare,Straight,Straight
1315,Pencil/10-5.tif,Pencil,Pencil__G10,4,Straight,Straight,Straight,Straight
1316,Pencil/10-6.tif,Pencil,Pencil__G10,4,Jacket,Sarong,Straight,Dress
1317,Pencil/10-7.tif,Pencil,Pencil__G10,4,Vest,Straight,Straight,Straight
1318,Pencil/10-8.tif,Pencil,Pencil__G10,4,Mini,Harem,Pencil,Straight
1319,Pencil/10-9.tif,Pencil,Pencil__G10,4,Harem,Harem,Skinny,Skinny
1320,Pencil/2-1.tif,Pencil,Pencil__G02,0,Suit,Suit,Sarong,Sarong
1321,Pencil/2-10.tif,Pencil,Pencil__G02,0,Pencil,Pencil,Harem,A-Line
1322,Pencil/2-2.tif,Pencil,Pencil__G02,0,Mini,Mini,Sarong,Sarong
1323,Pencil/2-3.tif,Pencil,Pencil__G02,0,Sarong,Sarong,Hoodie,Hoodie
1324,Pencil/2-4.tif,Pencil,Pencil__G02,0,Sarong,Vest,Skinny,Mermaid
1325,Pencil/2-5.tif,Pencil,Pencil__G02,0,A-Line,Pencil,Sarong,Dress
1326,Pencil/2-6.tif,Pencil,Pencil__G02,0,Vest,Vest,Hoodie,Hoodie
1327,Pencil/2-7.tif,Pencil,Pencil__G02,0,Straight,Pencil,Tunic,Tunic
1328,Pencil/2-8.tif,Pencil,Pencil__G02,0,Pencil,Pencil,A-Line,A-Line
1329,Pencil/2-9.tif,Pencil,Pencil__G02,0,Sarong,Dress,A-Line,A-Line
1330,Pencil/3-1.tif,Pencil,Pencil__G03,1,Skinny,Skinny,Skinny,Skinny
1331,Pencil/3-10.tif,Pencil,Pencil__G03,1,Straight,Mermaid,Pencil,Pencil
1332,Pencil/3-2.tif,Pencil,Pencil__G03,1,Tunic,Tunic,Pencil,Pencil
1333,Pencil/3-3.tif,Pencil,Pencil__G03,1,Skinny,Pencil,Pencil,Pencil
1334,Pencil/3-4.tif,Pencil,Pencil__G03,1,Vest,Vest,Mermaid,Tunic
1335,Pencil/3-5.tif,Pencil,Pencil__G03,1,Jumpsuit,Pencil,Pencil,Pencil
1336,Pencil/3-6.tif,Pencil,Pencil__G03,1,Skinny,Skinny,Pencil,Pencil
1337,Pencil/3-7.tif,Pencil,Pencil__G03,1,Pencil,Pencil,Mermaid,Mermaid
1338,Pencil/3-8.tif,Pencil,Pencil__G03,1,Flare,Flare,Straight,Straight
1339,Pencil/3-9.tif,Pencil,Pencil__G03,1,Mini,T-shirt,Tunic,Tunic
1340,Pencil/4-1.tif,Pencil,Pencil__G04,1,Mermaid,Mermaid,Mermaid,Mermaid
1341,Pencil/4-10.tif,Pencil,Pencil__G04,1,Jacket,Jacket,Sarong,Sarong
1342,Pencil/4-2.tif,Pencil,Pencil__G04,1,Hoodie,Hoodie,Tunic,Tunic
1343,Pencil/4-3.tif,Pencil,Pencil__G04,1,Jacket,Jacket,Flare,Mermaid
1344,Pencil/4-4.tif,Pencil,Pencil__G04,1,Mermaid,Mermaid,Flare,Circle
1345,Pencil/4-5.tif,Pencil,Pencil__G04,1,Vest,Sarong,Skinny,Skinny
1346,Pencil/4-6.tif,Pencil,Pencil__G04,1,Mermaid,Mermaid,Mermaid,Mermaid
1347,Pencil/4-7.tif,Pencil,Pencil__G04,1,Vest,Vest,Mini,Mini
1348,Pencil/4-8.tif,Pencil,Pencil__G04,1,Mini,Mini,Tunic,Wide-Leg
1349,Pencil/4-9.tif,Pencil,Pencil__G04,1,Circle,Circle,Vest,Vest
1350,Pencil/5-1.tif,Pencil,Pencil__G05,2,Skinny,Straight,Pencil,Pencil
1351,Pencil/5-10.tif,Pencil,Pencil__G05,2,Sarong,Sarong,Pencil,Straight
1352,Pencil/5-2.tif,Pencil,Pencil__G05,2,Pencil,Pencil,Pencil,Pencil
1353,Pencil/5-3.tif,Pencil,Pencil__G05,2,Straight,Pencil,Jumpsuit,Flare
1354,Pencil/5-4.tif,Pencil,Pencil__G05,2,Skinny,Skinny,Pencil,Pencil
1355,Pencil/5-5.tif,Pencil,Pencil__G05,2,Pencil,Pencil,Mermaid,Straight
1356,Pencil/5-6.tif,Pencil,Pencil__G05,2,Jumpsuit,Jumpsuit,Jumpsuit,Jumpsuit
1357,Pencil/5-7.tif,Pencil,Pencil__G05,2,Straight,Skinny,Tunic,Tunic
1358,Pencil/5-8.tif,Pencil,Pencil__G05,2,Sarong,Sarong,Sarong,Sarong
1359,Pencil/5-9.tif,Pencil,Pencil__G05,2,Straight,Straight,Straight,Skinny
1360,Pencil/6-1.tif,Pencil,Pencil__G06,2,Pencil,Pencil,Mermaid,Mermaid
1361,Pencil/6-10.tif,Pencil,Pencil__G06,2,Pencil,Mermaid,Flare,Flare
1362,Pencil/6-2.tif,Pencil,Pencil__G06,2,Skinny,Mermaid,Straight,Straight
1363,Pencil/6-3.tif,Pencil,Pencil__G06,2,Mermaid,Mermaid,Flare,Mermaid
1364,Pencil/6-4.tif,Pencil,Pencil__G06,2,Harem,Harem,Hoodie,Hoodie
1365,Pencil/6-5.tif,Pencil,Pencil__G06,2,Sarong,Sarong,Dress,Dress
1366,Pencil/6-6.tif,Pencil,Pencil__G06,2,Pencil,Harem,Mermaid,Mermaid
1367,Pencil/6-7.tif,Pencil,Pencil__G06,2,Straight,Straight,Pencil,Pencil
1368,Pencil/6-8.tif,Pencil,Pencil__G06,2,Vest,Pencil,Mermaid,Mermaid
1369,Pencil/6-9.tif,Pencil,Pencil__G06,2,Tunic,Pencil,Harem,Harem
1370,Pencil/7-1.tif,Pencil,Pencil__G07,3,Sarong,Sarong,Pencil,Pencil
1371,Pencil/7-10.tif,Pencil,Pencil__G07,3,Sarong,Sarong,Straight,Straight
1372,Pencil/7-2.tif,Pencil,Pencil__G07,3,Sarong,Sarong,Mini,Mini
1373,Pencil/7-3.tif,Pencil,Pencil__G07,3,Vest,Vest,Suit,Suit
1374,Pencil/7-4.tif,Pencil,Pencil__G07,3,Vest,Vest,Jumpsuit,Jumpsuit
1375,Pencil/7-5.tif,Pencil,Pencil__G07,3,T-shirt,Pencil,Jumpsuit,Jumpsuit
1376,Pencil/7-6.tif,Pencil,Pencil__G07,3,Mini,Mini,Pencil,Pencil
1377,Pencil/7-7.tif,Pencil,Pencil__G07,3,Vest,Vest,Sarong,Sarong
1378,Pencil/7-8.tif,Pencil,Pencil__G07,3,Mini,Pencil,Dress,Dress
1379,Pencil/7-9.tif,Pencil,Pencil__G07,3,Sarong,Sarong,Pencil,Sarong
1380,Pencil/8-1.tif,Pencil,Pencil__G08,3,Pencil,Straight,Pencil,Pencil
1381,Pencil/8-10.tif,Pencil,Pencil__G08,3,A-Line,A-Line,Pencil,Skinny
1382,Pencil/8-2.tif,Pencil,Pencil__G08,3,Tunic,Tunic,Pencil,Pencil
1383,Pencil/8-3.tif,Pencil,Pencil__G08,3,Pencil,Pencil,Skinny,Skinny
1384,Pencil/8-4.tif,Pencil,Pencil__G08,3,Circle,Pencil,Jumpsuit,Skinny
1385,Pencil/8-5.tif,Pencil,Pencil__G08,3,Pencil,Pencil,Pencil,Pencil
1386,Pencil/8-6.tif,Pencil,Pencil__G08,3,Pencil,Pencil,Dress,Straight
1387,Pencil/8-7.tif,Pencil,Pencil__G08,3,Dress,Sarong,Jumpsuit,Jumpsuit
1388,Pencil/8-8.tif,Pencil,Pencil__G08,3,Sarong,Sarong,Pencil,Pencil
1389,Pencil/8-9.tif,Pencil,Pencil__G08,3,Harem,Harem,Straight,Skinny
1390,Pencil/9-1.tif,Pencil,Pencil__G09,4,Straight,Sarong,Sarong,Sarong
1391,Pencil/9-10.tif,Pencil,Pencil__G09,4,Sarong,Sarong,Pencil,Pencil
1392,Pencil/9-2.tif,Pencil,Pencil__G09,4,Straight,Pencil,Skinny,Skinny
1393,Pencil/9-3.tif,Pencil,Pencil__G09,4,Pencil,Pencil,Dress,Straight
1394,Pencil/9-4.tif,Pencil,Pencil__G09,4,Pencil,Sarong,Jumpsuit,Jumpsuit
1395,Pencil/9-5.tif,Pencil,Pencil__G09,4,Harem,Harem,Jumpsuit,Jumpsuit
1396,Pencil/9-6.tif,Pencil,Pencil__G09,4,Harem,Harem,Skinny,Sarong
1397,Pencil/9-7.tif,Pencil,Pencil__G09,4,Pencil,Pencil,Jumpsuit,Skinny
1398,Pencil/9-8.tif,Pencil,Pencil__G09,4,Vest,Vest,Jumpsuit,Jumpsuit
1399,Pencil/9-9.tif,Pencil,Pencil__G09,4,Sarong,Sarong,Sarong,Sarong
1400,Sarong/10_1.tif,Sarong,Sarong__G10,4,Vest,Vest,Sarong,Sarong
1401,Sarong/10_10.tif,Sarong,Sarong__G10,4,Sarong,Sarong,Pencil,Sarong
1402,Sarong/10_2.tif,Sarong,Sarong__G10,4,Straight,Sarong,Straight,Dress
1403,Sarong/10_3.tif,Sarong,Sarong__G10,4,Pencil,Pencil,Mermaid,Mermaid
1404,Sarong/10_4.tif,Sarong,Sarong__G10,4,Sarong,Sarong,Straight,Straight
1405,Sarong/10_5.tif,Sarong,Sarong__G10,4,Sarong,Sarong,Jumpsuit,Pencil
1406,Sarong/10_6.tif,Sarong,Sarong__G10,4,Sarong,Sarong,Pencil,Pencil
1407,Sarong/10_7.tif,Sarong,Sarong__G10,4,Pencil,Pencil,Pencil,Pencil
1408,Sarong/10_8.tif,Sarong,Sarong__G10,4,Sarong,Sarong,Skinny,Skinny
1409,Sarong/10_9.tif,Sarong,Sarong__G10,4,Skinny,Skinny,Straight,Dress
1410,Sarong/1_1.tif,Sarong,Sarong__G01,0,Sarong,Sarong,Sarong,Sarong
1411,Sarong/1_10.tif,Sarong,Sarong__G01,0,Sarong,Skinny,Sarong,Sarong
1412,Sarong/1_2.tif,Sarong,Sarong__G01,0,Skinny,Sarong,Bermuda,Mini
1413,Sarong/1_3.tif,Sarong,Sarong__G01,0,Straight,Skinny,Jumpsuit,Jumpsuit
1414,Sarong/1_4.tif,Sarong,Sarong__G01,0,Harem,Harem,Sarong,Sarong
1415,Sarong/1_5.tif,Sarong,Sarong__G01,0,Sarong,Sarong,Sarong,Sarong
1416,Sarong/1_6.tif,Sarong,Sarong__G01,0,Jumpsuit,Jumpsuit,Sarong,Sarong
1417,Sarong/1_78.tif,Sarong,Sarong__G01,0,Jumpsuit,Jumpsuit,Sarong,Sarong
1418,Sarong/1_8.tif,Sarong,Sarong__G01,0,Skinny,Sarong,Jumpsuit,Jumpsuit
1419,Sarong/1_9.tif,Sarong,Sarong__G01,0,Jumpsuit,Jumpsuit,Skinny,Sarong
1420,Sarong/2_1.tif,Sarong,Sarong__G02,0,Sarong,Sarong,Skinny,Sarong
1421,Sarong/2_10.tif,Sarong,Sarong__G02,0,Pencil,Pencil,Pencil,Skinny
1422,Sarong/2_2.tif,Sarong,Sarong__G02,0,Vest,Vest,Dress,Dress
1423,Sarong/2_3.tif,Sarong,Sarong__G02,0,Dress,Straight,Sarong,Harem
1424,Sarong/2_4.tif,Sarong,Sarong__G02,0,Harem,Harem,Skinny,Dress
1425,Sarong/2_5.tif,Sarong,Sarong__G02,0,Sarong,Sarong,Pencil,Pencil
1426,Sarong/2_6.tif,Sarong,Sarong__G02,0,Sarong,Sarong,Pencil,Pencil
1427,Sarong/2_7.tif,Sarong,Sarong__G02,0,Mermaid,Pencil,Skinny,Skinny
1428,Sarong/2_8.tif,Sarong,Sarong__G02,0,Straight,Straight,Skinny,Sarong
1429,Sarong/2_9.tif,Sarong,Sarong__G02,0,Hoodie,Sarong,Harem,Harem
1430,Sarong/3_1.tif,Sarong,Sarong__G03,1,Sarong,Sarong,Skinny,Sarong
1431,Sarong/3_10.tif,Sarong,Sarong__G03,1,Skinny,Skinny,Sarong,Sarong
1432,Sarong/3_2.tif,Sarong,Sarong__G03,1,Skinny,Skinny,Harem,Harem
1433,Sarong/3_3.tif,Sarong,Sarong__G03,1,Dress,Jumpsuit,Skinny,Flare
1434,Sarong/3_4.tif,Sarong,Sarong__G03,1,Harem,Sarong,Skinny,Sarong
1435,Sarong/3_5.tif,Sarong,Sarong__G03,1,Sarong,Sarong,Sarong,Sarong
1436,Sarong/3_6.tif,Sarong,Sarong__G03,1,Skinny,Sarong,Harem,Sarong
1437,Sarong/3_7.tif,Sarong,Sarong__G03,1,Skinny,Skinny,Jumpsuit,Jumpsuit
1438,Sarong/3_8.tif,Sarong,Sarong__G03,1,Pencil,Harem,Tunic,Sarong
1439,Sarong/3_9.tif,Sarong,Sarong__G03,1,Skinny,Harem,Straight,Sarong
1440,Sarong/4_1.tif,Sarong,Sarong__G04,1,Vest,Vest,Sarong,Sarong
1441,Sarong/4_10.tif,Sarong,Sarong__G04,1,Pencil,Harem,Pencil,Pencil
1442,Sarong/4_2.tif,Sarong,Sarong__G04,1,Pencil,Sarong,Harem,Straight
1443,Sarong/4_3.tif,Sarong,Sarong__G04,1,Jumpsuit,Straight,Sarong,Sarong
1444,Sarong/4_4.tif,Sarong,Sarong__G04,1,Straight,Jumpsuit,Flare,Dress
1445,Sarong/4_5.tif,Sarong,Sarong__G04,1,Sarong,Sarong,Jumpsuit,Sarong
1446,Sarong/4_6.tif,Sarong,Sarong__G04,1,Sarong,Sarong,Sarong,Sarong
1447,Sarong/4_7.tif,Sarong,Sarong__G04,1,Cardigan,Vest,Jumpsuit,Skinny
1448,Sarong/4_8.tif,Sarong,Sarong__G04,1,Pencil,Straight,Straight,Sarong
1449,Sarong/4_9.tif,Sarong,Sarong__G04,1,Pencil,Pencil,Sarong,Pencil
1450,Sarong/5+8.tif,Sarong,Sarong__G05,2,Straight,Sarong,Straight,Straight
1451,Sarong/5_1.tif,Sarong,Sarong__G05,2,Pencil,Sarong,Jumpsuit,Sarong
1452,Sarong/5_10.tif,Sarong,Sarong__G05,2,Pencil,Pencil,Sarong,Sarong
1453,Sarong/5_2.tif,Sarong,Sarong__G05,2,Skinny,Skinny,Straight,Flare
1454,Sarong/5_3.tif,Sarong,Sarong__G05,2,Jumpsuit,Skinny,Straight,Straight
1455,Sarong/5_4.tif,Sarong,Sarong__G05,2,Flare,Flare,Flare,Flare
1456,Sarong/5_5.tif,Sarong,Sarong__G05,2,Sarong,Sarong,Pencil,Pencil
1457,Sarong/5_6.tif,Sarong,Sarong__G05,2,Sarong,Sarong,Skinny,Sarong
1458,Sarong/5_7.tif,Sarong,Sarong__G05,2,Dress,Dress,Skinny,Skinny
1459,Sarong/5_9.tif,Sarong,Sarong__G05,2,Sarong,Sarong,Straight,Straight
1460,Sarong/6_1.tif,Sarong,Sarong__G06,2,Sarong,Sarong,Mini,Mini
1461,Sarong/6_10.tif,Sarong,Sarong__G06,2,Mini,Mini,Mini,Mini
1462,Sarong/6_2.tif,Sarong,Sarong__G06,2,Sarong,Sarong,Tunic,Skinny
1463,Sarong/6_3.tif,Sarong,Sarong__G06,2,Mini,Mini,Suit,Suit
1464,Sarong/6_4.tif,Sarong,Sarong__G06,2,Sarong,Sarong,Vest,Vest
1465,Sarong/6_5.tif,Sarong,Sarong__G06,2,Sarong,Suit,Mini,Harem
1466,Sarong/6_6.tif,Sarong,Sarong__G06,2,Mini,Mini,Mini,Mini
1467,Sarong/6_7.tif,Sarong,Sarong__G06,2,Suit,Dress,Mini,Mini
1468,Sarong/6_8.tif,Sarong,Sarong__G06,2,Pencil,Mini,A-Line,Mini
1469,Sarong/6_9.tif,Sarong,Sarong__G06,2,Harem,Mini,Mini,Mini
1470,Sarong/7_1.tif,Sarong,Sarong__G07,3,Shirt,Mini,Sarong,Sarong
1471,Sarong/7_10.tif,Sarong,Sarong__G07,3,Sarong,Pencil,Pencil,Pencil
1472,Sarong/7_2.tif,Sarong,Sarong__G07,3,Skinny,Skinny,Straight,Straight
1473,Sarong/7_3.tif,Sarong,Sarong__G07,3,Jumpsuit,Sarong,Sarong,Sarong
1474,Sarong/7_4.tif,Sarong,Sarong__G07,3,Sarong,Sarong,Sarong,Sarong
1475,Sarong/7_5.tif,Sarong,Sarong__G07,3,Dress,Skinny,Sarong,Sarong
1476,Sarong/7_6.tif,Sarong,Sarong__G07,3,Skinny,Skinny,Pencil,Pencil
1477,Sarong/7_7.tif,Sarong,Sarong__G07,3,Jumpsuit,Skinny,Sarong,Skinny
1478,Sarong/7_8.tif,Sarong,Sarong__G07,3,Straight,Pencil,Skinny,Skinny
1479,Sarong/7_9.tif,Sarong,Sarong__G07,3,A-Line,Pencil,Jumpsuit,Skinny
1480,Sarong/8_1.tif,Sarong,Sarong__G08,3,Vest,Skinny,Skinny,Dress
1481,Sarong/8_10.tif,Sarong,Sarong__G08,3,Sarong,Vest,Sarong,Sarong
1482,Sarong/8_2.tif,Sarong,Sarong__G08,3,Shirt,Skinny,Flare,Dress
1483,Sarong/8_3.tif,Sarong,Sarong__G08,3,Jacket,Skinny,Jumpsuit,Jumpsuit
1484,Sarong/8_4.tif,Sarong,Sarong__G08,3,Harem,Harem,Dress,Dress
1485,Sarong/8_5.tif,Sarong,Sarong__G08,3,Skinny,Tunic,Straight,Straight
1486,Sarong/8_6.tif,Sarong,Sarong__G08,3,Skinny,Skinny,Dress,Jumpsuit
1487,Sarong/8_7.tif,Sarong,Sarong__G08,3,Jumpsuit,Jumpsuit,Jumpsuit,Jumpsuit
1488,Sarong/8_8.tif,Sarong,Sarong__G08,3,Straight,Skinny,Dress,Straight
1489,Sarong/8_9.tif,Sarong,Sarong__G08,3,Harem,Harem,Sarong,Harem
1490,Sarong/9_1.tif,Sarong,Sarong__G09,4,Vest,Vest,Sarong,Sarong
1491,Sarong/9_10.tif,Sarong,Sarong__G09,4,Pencil,Pencil,Pencil,Pencil
1492,Sarong/9_2.tif,Sarong,Sarong__G09,4,Pencil,Sarong,Straight,Mermaid
1493,Sarong/9_3.tif,Sarong,Sarong__G09,4,Mermaid,Mermaid,Skinny,Skinny
1494,Sarong/9_4.tif,Sarong,Sarong__G09,4,Skinny,Skinny,Skinny,Skinny
1495,Sarong/9_5.tif,Sarong,Sarong__G09,4,Sarong,Sarong,Skinny,Skinny
1496,Sarong/9_6.tif,Sarong,Sarong__G09,4,Sarong,Sarong,Sarong,Sarong
1497,Sarong/9_7.tif,Sarong,Sarong__G09,4,Pencil,Pencil,Skinny,Skinny
1498,Sarong/9_8.tif,Sarong,Sarong__G09,4,Pencil,Pencil,Skinny,Straight
1499,Sarong/9_9.tif,Sarong,Sarong__G09,4,Mermaid,Pencil,Skinny,Skinny
1500,Shirt/10_1.tif,Shirt,Shirt__G10,4,Mini,Shirt,Shirt,Shirt
1501,Shirt/10_10.tif,Shirt,Shirt__G10,4,Mini,Vest,T-shirt,Mini
1502,Shirt/10_2.tif,Shirt,Shirt__G10,4,Hoodie,Mini,Hoodie,Hoodie
1503,Shirt/10_3.tif,Shirt,Shirt__G10,4,Circle,Circle,Blouse,T-shirt
1504,Shirt/10_4.tif,Shirt,Shirt__G10,4,Shirt,Shirt,Shirt,Shirt
1505,Shirt/10_5.tif,Shirt,Shirt__G10,4,Jacket,Jacket,Shirt,Shirt
1506,Shirt/10_6.tif,Shirt,Shirt__G10,4,Jacket,Jacket,Bermuda,Jacket
1507,Shirt/10_7.tif,Shirt,Shirt__G10,4,Jacket,Shirt,Shirt,Shirt
1508,Shirt/10_8.tif,Shirt,Shirt__G10,4,Shirt,Shirt,T-shirt,T-shirt
1509,Shirt/10_9.tif,Shirt,Shirt__G10,4,Jacket,Jacket,Jacket,Jacket
1510,Shirt/1_1.tif,Shirt,Shirt__G01,0,Suit,Suit,Jacket,Jacket
1511,Shirt/1_10.tif,Shirt,Shirt__G01,0,Jacket,Jacket,Mini,Cardigan
1512,Shirt/1_2.tif,Shirt,Shirt__G01,0,Mini,Cardigan,Circle,Circle
1513,Shirt/1_3.tif,Shirt,Shirt__G01,0,Mini,Mini,Suit,Blouse
1514,Shirt/1_4.tif,Shirt,Shirt__G01,0,Shirt,Shirt,Jacket,Jacket
1515,Shirt/1_5.tif,Shirt,Shirt__G01,0,Cardigan,Cardigan,Cardigan,Cardigan
1516,Shirt/1_6.tif,Shirt,Shirt__G01,0,Shirt,Shirt,Jacket,Jacket
1517,Shirt/1_7.tif,Shirt,Shirt__G01,0,Jacket,Jacket,Circle,Circle
1518,Shirt/1_8.tif,Shirt,Shirt__G01,0,Shirt,Shirt,Jacket,Jacket
1519,Shirt/1_9.tif,Shirt,Shirt__G01,0,Jacket,Jacket,Mini,Mini
1520,Shirt/2_1.tif,Shirt,Shirt__G02,0,Mini,Jacket,T-shirt,T-shirt
1521,Shirt/2_10.tif,Shirt,Shirt__G02,0,Vest,T-shirt,Shirt,Shirt
1522,Shirt/2_2.tif,Shirt,Shirt__G02,0,Vest,Vest,Shirt,Shirt
1523,Shirt/2_3.tif,Shirt,Shirt__G02,0,T-shirt,T-shirt,Circle,T-shirt
1524,Shirt/2_4.tif,Shirt,Shirt__G02,0,Shirt,Shirt,Shirt,Shirt
1525,Shirt/2_5.tif,Shirt,Shirt__G02,0,T-shirt,T-shirt,T-shirt,Blouse
1526,Shirt/2_6.tif,Shirt,Shirt__G02,0,Mini,Mini,T-shirt,Shirt
1527,Shirt/2_7.tif,Shirt,Shirt__G02,0,T-shirt,T-shirt,T-shirt,T-shirt
1528,Shirt/2_8.tif,Shirt,Shirt__G02,0,T-shirt,T-shirt,Shirt,T-shirt
1529,Shirt/2_9.tif,Shirt,Shirt__G02,0,Shirt,Shirt,Shirt,Shirt
1530,Shirt/3-10.tif,Shirt,Shirt__G03,1,Circle,Mermaid,Shirt,Shirt
1531,Shirt/3_1.tif,Shirt,Shirt__G03,1,Shirt,Shirt,Blouse,Shirt
1532,Shirt/3_2.tif,Shirt,Shirt__G03,1,Mini,Mini,Circle,Shirt
1533,Shirt/3_3.tif,Shirt,Shirt__G03,1,Shirt,Jacket,Hoodie,Hoodie
1534,Shirt/3_4.tif,Shirt,Shirt__G03,1,Jacket,Jacket,Jacket,Jacket
1535,Shirt/3_5.tif,Shirt,Shirt__G03,1,Hoodie,Shirt,Hoodie,Hoodie
1536,Shirt/3_6.tif,Shirt,Shirt__G03,1,Shirt,Jacket,Jacket,Jacket
1537,Shirt/3_7.tif,Shirt,Shirt__G03,1,Hoodie,Shirt,Hoodie,Cardigan
1538,Shirt/3_8.tif,Shirt,Shirt__G03,1,T-shirt,Suit,T-shirt,T-shirt
1539,Shirt/3_9.tif,Shirt,Shirt__G03,1,Cardigan,Cardigan,Circle,Hoodie
1540,Shirt/4_1.tif,Shirt,Shirt__G04,1,Suit,Suit,Suit,Suit
1541,Shirt/4_10.tif,Shirt,Shirt__G04,1,Shirt,Shirt,Shirt,Jacket
1542,Shirt/4_2.tif,Shirt,Shirt__G04,1,Jacket,Jacket,Jacket,Jacket
1543,Shirt/4_3.tif,Shirt,Shirt__G04,1,Shirt,Mini,T-shirt,Jacket
1544,Shirt/4_4.tif,Shirt,Shirt__G04,1,Shirt,Shirt,Blouse,Blouse
1545,Shirt/4_5.tif,Shirt,Shirt__G04,1,Jacket,Jacket,Shirt,Shirt
1546,Shirt/4_6.tif,Shirt,Shirt__G04,1,Suit,Vest,Suit,Suit
1547,Shirt/4_7.tif,Shirt,Shirt__G04,1,Jacket,Jacket,Shirt,Shirt
1548,Shirt/4_8.tif,Shirt,Shirt__G04,1,Mini,Shirt,Suit,Suit
1549,Shirt/4_9.tif,Shirt,Shirt__G04,1,Suit,Shirt,Hoodie,Jacket
1550,Shirt/5_1.tif,Shirt,Shirt__G05,2,Suit,Suit,Vest,Vest
1551,Shirt/5_10.tif,Shirt,Shirt__G05,2,Cardigan,Cardigan,Jacket,Jacket
1552,Shirt/5_2.tif,Shirt,Shirt__G05,2,Mini,Mini,Hoodie,Wide-Leg
1553,Shirt/5_3.tif,Shirt,Shirt__G05,2,Mini,Mini,Shirt,Blouse
1554,Shirt/5_4.tif,Shirt,Shirt__G05,2,Cardigan,Cardigan,Vest,Vest
1555,Shirt/5_5.tif,Shirt,Shirt__G05,2,Suit,Cardigan,Vest,Vest
1556,Shirt/5_6.tif,Shirt,Shirt__G05,2,Jacket,Jacket,Jacket,Jacket
1557,Shirt/5_7.tif,Shirt,Shirt__G05,2,Suit,Cardigan,Vest,Vest
1558,Shirt/5_8.tif,Shirt,Shirt__G05,2,Shirt,Jacket,Jacket,Jacket
1559,Shirt/5_9.tif,Shirt,Shirt__G05,2,Suit,Suit,T-shirt,Shirt
1560,Shirt/6_1.tif,Shirt,Shirt__G06,2,Hoodie,Tunic,Cardigan,Circle
1561,Shirt/6_10.tif,Shirt,Shirt__G06,2,Shirt,Mini,Vest,Suit
1562,Shirt/6_2.tif,Shirt,Shirt__G06,2,Mini,Mini,Jacket,Wide-Leg
1563,Shirt/6_3.tif,Shirt,Shirt__G06,2,Vest,Vest,T-shirt,Cardigan
1564,Shirt/6_4.tif,Shirt,Shirt__G06,2,Shirt,Shirt,Wide-Leg,Shirt
1565,Shirt/6_5.tif,Shirt,Shirt__G06,2,Cardigan,Cardigan,Shirt,Shirt
1566,Shirt/6_6.tif,Shirt,Shirt__G06,2,Mini,Suit,Mini,Mini
1567,Shirt/6_7.tif,Shirt,Shirt__G06,2,Cardigan,Cardigan,Wide-Leg,Wide-Leg
1568,Shirt/6_8.tif,Shirt,Shirt__G06,2,Mini,Mini,Hoodie,Wide-Leg
1569,Shirt/6_9.tif,Shirt,Shirt__G06,2,Tunic,Tunic,Shirt,Hoodie
1570,Shirt/7_1.tif,Shirt,Shirt__G07,3,Shirt,Shirt,Jacket,Jacket
1571,Shirt/7_10.tif,Shirt,Shirt__G07,3,Jacket,Jacket,Mini,Mini
1572,Shirt/7_2.tif,Shirt,Shirt__G07,3,Vest,Vest,Wide-Leg,Mini
1573,Shirt/7_3.tif,Shirt,Shirt__G07,3,Shirt,Mini,Circle,Hoodie
1574,Shirt/7_4.tif,Shirt,Shirt__G07,3,Jacket,Jacket,Shirt,Shirt
1575,Shirt/7_5.tif,Shirt,Shirt__G07,3,Tunic,Cardigan,Shirt,Shirt
1576,Shirt/7_6.tif,Shirt,Shirt__G07,3,Shirt,Shirt,Vest,Shirt
1577,Shirt/7_7.tif,Shirt,Shirt__G07,3,Tunic,Cardigan,Shirt,Shirt
1578,Shirt/7_8.tif,Shirt,Shirt__G07,3,Vest,Vest,Vest,Vest
1579,Shirt/7_9.tif,Shirt,Shirt__G07,3,Harem,Blouse,Hoodie,Hoodie
1580,Shirt/8_1.tif,Shirt,Shirt__G08,3,Suit,Vest,Jacket,Jacket
1581,Shirt/8_10.tif,Shirt,Shirt__G08,3,Shirt,Shirt,Shirt,Shirt
1582,Shirt/8_2.tif,Shirt,Shirt__G08,3,Suit,Vest,Cardigan,T-shirt
1583,Shirt/8_3.tif,Shirt,Shirt__G08,3,Shirt,Shirt,Jacket,Jacket
1584,Shirt/8_4.tif,Shirt,Shirt__G08,3,Shirt,Hoodie,Shirt,Shirt
1585,Shirt/8_5.tif,Shirt,Shirt__G08,3,Circle,Circle,Vest,Shirt
1586,Shirt/8_6.tif,Shirt,Shirt__G08,3,Cardigan,Cardigan,Shirt,Shirt
1587,Shirt/8_7.tif,Shirt,Shirt__G08,3,Circle,Circle,Vest,Vest
1588,Shirt/8_8.tif,Shirt,Shirt__G08,3,Shirt,Shirt,Vest,Vest
1589,Shirt/8_9.tif,Shirt,Shirt__G08,3,Harem,Straight,Mini,Shirt
1590,Shirt/9_1.tif,Shirt,Shirt__G09,4,Suit,Suit,Jacket,Jacket
1591,Shirt/9_10.tif,Shirt,Shirt__G09,4,Jacket,Jacket,Mini,Mini
1592,Shirt/9_2.tif,Shirt,Shirt__G09,4,Circle,Circle,Suit,Shirt
1593,Shirt/9_3.tif,Shirt,Shirt__G09,4,Shirt,Shirt,Shirt,Hoodie
1594,Shirt/9_4.tif,Shirt,Shirt__G09,4,Mini,Shirt,T-shirt,Mini
1595,Shirt/9_5.tif,Shirt,Shirt__G09,4,Suit,Suit,Shirt,Hoodie
1596,Shirt/9_6.tif,Shirt,Shirt__G09,4,Mini,Mini,Hoodie,Hoodie
1597,Shirt/9_7.tif,Shirt,Shirt__G09,4,Suit,Suit,Shirt,Jacket
1598,Shirt/9_8.tif,Shirt,Shirt__G09,4,Hoodie,Hoodie,Bermuda,Mini
1599,Shirt/9_9.tif,Shirt,Shirt__G09,4,Jacket,Jacket,Jacket,Jacket
1600,Skinny/1-1.tif,Skinny,Skinny__G01,0,Dress,Sarong,Mermaid,Skinny
1601,Skinny/1-10.tif,Skinny,Skinny__G01,0,Tunic,Tunic,Straight,Straight
1602,Skinny/1-2.tif,Skinny,Skinny__G01,0,Vest,Vest,Dress,Flare
1603,Skinny/1-3.tif,Skinny,Skinny__G01,0,Harem,Flare,Harem,Straight
1604,Skinny/1-4.tif,Skinny,Skinny__G01,0,Straight,Straight,Straight,Straight
1605,Skinny/1-5.tif,Skinny,Skinny__G01,0,Jumpsuit,Jumpsuit,Skinny,Skinny
1606,Skinny/1-6.tif,Skinny,Skinny__G01,0,Jumpsuit,Jumpsuit,Skinny,Skinny
1607,Skinny/1-7.tif,Skinny,Skinny__G01,0,Skinny,Skinny,Straight,Jumpsuit
1608,Skinny/1-8.tif,Skinny,Skinny__G01,0,Tunic,Harem,Dress,Dress
1609,Skinny/1-9.tif,Skinny,Skinny__G01,0,Tunic,Skinny,Sarong,Sarong
1610,Skinny/10-1.tif,Skinny,Skinny__G10,4,Skinny,Sarong,Skinny,Sarong
1611,Skinny/10-10.tif,Skinny,Skinny__G10,4,Skinny,Skinny,Skinny,Skinny
1612,Skinny/10-2.tif,Skinny,Skinny__G10,4,Straight,Straight,Straight,Straight
1613,Skinny/10-3.tif,Skinny,Skinny__G10,4,Skinny,Sarong,Sarong,Jumpsuit
1614,Skinny/10-4.tif,Skinny,Skinny__G10,4,Sarong,Sarong,Sarong,Straight
1615,Skinny/10-5.tif,Skinny,Skinny__G10,4,Straight,Straight,Harem,Skinny
1616,Skinny/10-6.tif,Skinny,Skinny__G10,4,Jumpsuit,Jumpsuit,Sarong,Skinny
1617,Skinny/10-7.tif,Skinny,Skinny__G10,4,Vest,Sarong,Sarong,Sarong
1618,Skinny/10-8.tif,Skinny,Skinny__G10,4,Sarong,Straight,Straight,Straight
1619,Skinny/10-9.tif,Skinny,Skinny__G10,4,Wide-Leg,Wide-Leg,Straight,Straight
1620,Skinny/2-1.tif,Skinny,Skinny__G02,0,Flare,Flare,Straight,Straight
1621,Skinny/2-10.tif,Skinny,Skinny__G02,0,Skinny,Skinny,Skinny,Skinny
1622,Skinny/2-2.tif,Skinny,Skinny__G02,0,Sarong,Sarong,Sarong,Skinny
1623,Skinny/2-3.tif,Skinny,Skinny__G02,0,Sarong,Pencil,Pencil,Pencil
1624,Skinny/2-4.tif,Skinny,Skinny__G02,0,Dress,Vest,Harem,Skinny
1625,Skinny/2-5.tif,Skinny,Skinny__G02,0,Straight,Straight,Sarong,Sarong
1626,Skinny/2-6.tif,Skinny,Skinny__G02,0,Sarong,Skinny,Skinny,Skinny
1627,Skinny/2-7.tif,Skinny,Skinny__G02,0,Flare,Flare,Sarong,Skinny
1628,Skinny/2-8.tif,Skinny,Skinny__G02,0,Skinny,Skinny,Skinny,Skinny
1629,Skinny/2-9.tif,Skinny,Skinny__G02,0,Straight,Straight,Straight,Straight
1630,Skinny/3-1.tif,Skinny,Skinny__G03,1,Sarong,Jacket,Skinny,Skinny
1631,Skinny/3-10.tif,Skinny,Skinny__G03,1,Shirt,Harem,Harem,Harem
1632,Skinny/3-2.tif,Skinny,Skinny__G03,1,Mermaid,Sarong,Skinny,Straight
1633,Skinny/3-3.tif,Skinny,Skinny__G03,1,Harem,Harem,Flare,Dress
1634,Skinny/3-4.tif,Skinny,Skinny__G03,1,Harem,Skinny,Straight,Skinny
1635,Skinny/3-5.tif,Skinny,Skinny__G03,1,Mermaid,Mermaid,Skinny,Skinny
1636,Skinny/3-6.tif,Skinny,Skinny__G03,1,Suit,Jumpsuit,Skinny,Skinny
1637,Skinny/3-7.tif,Skinny,Skinny__G03,1,Tunic,Tunic,Skinny,Sarong
1638,Skinny/3-8.tif,Skinny,Skinny__G03,1,Dress,Dress,Skinny,Sarong
1639,Skinny/3-9.tif,Skinny,Skinny__G03,1,Skinny,Skinny,Skinny,Skinny
1640,Skinny/4-1.tif,Skinny,Skinny__G04,1,Pencil,Pencil,Harem,Straight
1641,Skinny/4-10.tif,Skinny,Skinny__G04,1,Suit,Tunic,Straight,Skinny
1642,Skinny/4-2.tif,Skinny,Skinny__G04,1,Pencil,Pencil,Sarong,Sarong
1643,Skinny/4-3.tif,Skinny,Skinny__G04,1,Shirt,Flare,Pencil,Dress
1644,Skinny/4-4.tif,Skinny,Skinny__G04,1,Mermaid,Mermaid,Skinny,Skinny
1645,Skinny/4-5.tif,Skinny,Skinny__G04,1,Straight,Pencil,Harem,Harem
1646,Skinny/4-6.tif,Skinny,Skinny__G04,1,Skinny,Sarong,Sarong,Sarong
1647,Skinny/4-7.tif,Skinny,Skinny__G04,1,Mermaid,Mermaid,Harem,Pencil
1648,Skinny/4-8.tif,Skinny,Skinny__G04,1,Dress,Jumpsuit,Pencil,Jumpsuit
1649,Skinny/4-9.tif,Skinny,Skinny__G04,1,Wide-Leg,Jumpsuit,Sarong,Skinny
1650,Skinny/5-1.tif,Skinny,Skinny__G05,2,Sarong,Mermaid,Sarong,Sarong
1651,Skinny/5-10.tif,Skinny,Skinny__G05,2,Dress,Dress,Dress,Dress
1652,Skinny/5-2.tif,Skinny,Skinny__G05,2,Wide-Leg,Flare,Straight,Harem
1653,Skinny/5-3.tif,Skinny,Skinny__G05,2,Straight,Straight,Flare,Flare
1654,Skinny/5-4.tif,Skinny,Skinny__G05,2,Dress,Dress,Skinny,Skinny
1655,Skinny/5-5.tif,Skinny,Skinny__G05,2,Sarong,Mermaid,Dress,Dress
1656,Skinny/5-6.tif,Skinny,Skinny__G05,2,Skinny,Dress,Skinny,Jumpsuit
1657,Skinny/5-7.tif,Skinny,Skinny__G05,2,Sarong,Dress,Sarong,Sarong
1658,Skinny/5-8.tif,Skinny,Skinny__G05,2,Dress,Dress,Straight,Straight
1659,Skinny/5-9.tif,Skinny,Skinny__G05,2,Dress,Dress,Jumpsuit,Jumpsuit
1660,Skinny/6-1.tif,Skinny,Skinny__G06,2,Harem,Harem,Tunic,Skinny
1661,Skinny/6-10.tif,Skinny,Skinny__G06,2,Straight,Straight,Straight,Skinny
1662,Skinny/6-2.tif,Skinny,Skinny__G06,2,Jumpsuit,Jumpsuit,Skinny,Skinny
1663,Skinny/6-3.tif,Skinny,Skinny__G06,2,Pencil,Pencil,Jumpsuit,Jumpsuit
1664,Skinny/6-4.tif,Skinny,Skinny__G06,2,Tunic,Sarong,Sarong,Sarong
1665,Skinny/6-5.tif,Skinny,Skinny__G06,2,Sarong,Sarong,Sarong,Skinny
1666,Skinny/6-6.tif,Skinny,Skinny__G06,2,Pencil,Pencil,Skinny,Skinny
1667,Skinny/6-7.tif,Skinny,Skinny__G06,2,Pencil,Vest,Dress,Skinny
1668,Skinny/6-8.tif,Skinny,Skinny__G06,2,Pencil,Mermaid,Skinny,Skinny
1669,Skinny/6-9.tif,Skinny,Skinny__G06,2,Skinny,Skinny,Skinny,Skinny
1670,Skinny/7-1.tif,Skinny,Skinny__G07,3,Jumpsuit,Sarong,Sarong,Sarong
1671,Skinny/7-10.tif,Skinny,Skinny__G07,3,Skinny,Skinny,Straight,Straight
1672,Skinny/7-2.tif,Skinny,Skinny__G07,3,Dress,Mermaid,Harem,Skinny
1673,Skinny/7-3.tif,Skinny,Skinny__G07,3,Straight,Straight,Straight,Straight
1674,Skinny/7-4.tif,Skinny,Skinny__G07,3,Harem,Harem,Straight,Straight
1675,Skinny/7-5.tif,Skinny,Skinny__G07,3,Flare,Flare,Skinny,Skinny
1676,Skinny/7-6.tif,Skinny,Skinny__G07,3,Flare,Flare,Flare,Pencil
1677,Skinny/7-7.tif,Skinny,Skinny__G07,3,Mini,Sarong,A-Line,A-Line
1678,Skinny/7-8.tif,Skinny,Skinny__G07,3,Skinny,Skinny,Pencil,Flare
1679,Skinny/7-9.tif,Skinny,Skinny__G07,3,Wide-Leg,Wide-Leg,Flare,Flare
1680,Skinny/8-1.tif,Skinny,Skinny__G08,3,Straight,Straight,Straight,Skinny
1681,Skinny/8-10.tif,Skinny,Skinny__G08,3,Sarong,Sarong,Pencil,Pencil
1682,Skinny/8-2.tif,Skinny,Skinny__G08,3,Mini,Skinny,Dress,Flare
1683,Skinny/8-3.tif,Skinny,Skinny__G08,3,Flare,Skinny,Sarong,Straight
1684,Skinny/8-4.tif,Skinny,Skinny__G08,3,Pencil,Pencil,Straight,Straight
1685,Skinny/8-5.tif,Skinny,Skinny__G08,3,Circle,Sarong,Pencil,Pencil
1686,Skinny/8-6.tif,Skinny,Skinny__G08,3,Pencil,Flare,Straight,Straight
1687,Skinny/8-7.tif,Skinny,Skinny__G08,3,Vest,Vest,Pencil,Pencil
1688,Skinny/8-8.tif,Skinny,Skinny__G08,3,Flare,Straight,Straight,Straight
1689,Skinny/8-9.tif,Skinny,Skinny__G08,3,Jumpsuit,Jumpsuit,Straight,Skinny
1690,Skinny/9-1.tif,Skinny,Skinny__G09,4,Harem,Harem,Flare,Jumpsuit
1691,Skinny/9-10.tif,Skinny,Skinny__G09,4,Tunic,Straight,Straight,Straight
1692,Skinny/9-2.tif,Skinny,Skinny__G09,4,Straight,Straight,Dress,Straight
1693,Skinny/9-3.tif,Skinny,Skinny__G09,4,Sarong,Skinny,Straight,Skinny
1694,Skinny/9-4.tif,Skinny,Skinny__G09,4,Flare,Skinny,Flare,Straight
1695,Skinny/9-5.tif,Skinny,Skinny__G09,4,Skinny,Skinny,Skinny,Skinny
1696,Skinny/9-6.tif,Skinny,Skinny__G09,4,Skinny,Skinny,Straight,Straight
1697,Skinny/9-7.tif,Skinny,Skinny__G09,4,Straight,Straight,Flare,Pencil
1698,Skinny/9-8.tif,Skinny,Skinny__G09,4,Pencil,Pencil,Straight,Skinny
1699,Skinny/9-9.tif,Skinny,Skinny__G09,4,Straight,Straight,Straight,Straight
1700,Straight/1-1.tif,Straight,Straight__G01,0,Sarong,Sarong,Skinny,Sarong
1701,Straight/1-10.tif,Straight,Straight__G01,0,Straight,Pencil,Straight,Straight
1702,Straight/1-2.tif,Straight,Straight__G01,0,Pencil,Pencil,Tunic,Skinny
1703,Straight/1-3.tif,Straight,Straight__G01,0,Sarong,Tunic,Sarong,Straight
1704,Straight/1-4.tif,Straight,Straight__G01,0,Straight,Skinny,Sarong,Sarong
1705,Straight/1-5.tif,Straight,Straight__G01,0,Straight,Straight,Sarong,Skinny
1706,Straight/1-6.tif,Straight,Straight__G01,0,Skinny,Skinny,Skinny,Skinny
1707,Straight/1-7.tif,Straight,Straight__G01,0,Vest,Vest,Harem,Skinny
1708,Straight/1-8.tif,Straight,Straight__G01,0,A-Line,Straight,Straight,Skinny
1709,Straight/1-9.tif,Straight,Straight__G01,0,Jumpsuit,Jumpsuit,Skinny,Jumpsuit
1710,Straight/10-1.tif,Straight,Straight__G10,4,Vest,Jumpsuit,Pencil,Harem
1711,Straight/10-10.tif,Straight,Straight__G10,4,Harem,Harem,Straight,Pencil
1712,Straight/10-2.tif,Straight,Straight__G10,4,Skinny,Sarong,Straight,Sarong
1713,Straight/10-3.tif,Straight,Straight__G10,4,Pencil,Dress,Jumpsuit,Jumpsuit
1714,Straight/10-4.tif,Straight,Straight__G10,4,Jumpsuit,Jumpsuit,Jumpsuit,Jumpsuit
1715,Straight/10-5.tif,Straight,Straight__G10,4,Skinny,Skinny,Pencil,Harem
1716,Straight/10-6.tif,Straight,Straight__G10,4,Jumpsuit,Mermaid,Jumpsuit,Jumpsuit
1717,Straight/10-7.tif,Straight,Straight__G10,4,Skinny,Skinny,Dress,Skinny
1718,Straight/10-8.tif,Straight,Straight__G10,4,Skinny,Skinny,Jumpsuit,Straight
1719,Straight/10-9.tif,Straight,Straight__G10,4,Wide-Leg,Wide-Leg,Skinny,Skinny
1720,Straight/2-1.tif,Straight,Straight__G02,0,Tunic,Tunic,Straight,Straight
1721,Straight/2-10.tif,Straight,Straight__G02,0,Skinny,Skinny,Straight,Straight
1722,Straight/2-2.tif,Straight,Straight__G02,0,Sarong,Straight,Straight,Straight
1723,Straight/2-3.tif,Straight,Straight__G02,0,Sarong,Skinny,Pencil,Straight
1724,Straight/2-4.tif,Straight,Straight__G02,0,Tunic,Straight,Straight,Straight
1725,Straight/2-5.tif,Straight,Straight__G02,0,Pencil,Pencil,Pencil,Pencil
1726,Straight/2-6.tif,Straight,Straight__G02,0,Straight,Straight,Pencil,Pencil
1727,Straight/2-7.tif,Straight,Straight__G02,0,Pencil,Pencil,Sarong,Sarong
1728,Straight/2-8.tif,Straight,Straight__G02,0,Straight,Straight,Straight,Jumpsuit
1729,Straight/2-9.tif,Straight,Straight__G02,0,A-Line,A-Line,Skinny,Straight
1730,Straight/3-1.tif,Straight,Straight__G03,1,Harem,Harem,Harem,Harem
1731,Straight/3-10.tif,Straight,Straight__G03,1,Dress,Skinny,Dress,Dress
1732,Straight/3-2.tif,Straight,Straight__G03,1,Straight,Straight,Dress,Straight
1733,Straight/3-3.tif,Straight,Straight__G03,1,Straight,Straight,Dress,Straight
1734,Straight/3-4.tif,Straight,Straight__G03,1,Skinny,Skinny,Straight,Skinny
1735,Straight/3-5.tif,Straight,Straight__G03,1,Straight,Straight,Straight,Straight
1736,Straight/3-6.tif,Straight,Straight__G03,1,Straight,Straight,Flare,Pencil
1737,Straight/3-7.tif,Straight,Straight__G03,1,Straight,Straight,Straight,Straight
1738,Straight/3-8.tif,Straight,Straight__G03,1,Straight,Straight,Straight,Straight
1739,Straight/3-9.tif,Straight,Straight__G03,1,Wide-Leg,Wide-Leg,Dress,Straight
1740,Straight/4-1.tif,Straight,Straight__G04,1,Pencil,Sarong,Mini,Mini
1741,Straight/4-10.tif,Straight,Straight__G04,1,Pencil,Pencil,Skinny,Skinny
1742,Straight/4-2.tif,Straight,Straight__G04,1,Straight,Straight,Skinny,Skinny
1743,Straight/4-3.tif,Straight,Straight__G04,1,Straight,Straight,Sarong,Skinny
1744,Straight/4-4.tif,Straight,Straight__G04,1,Harem,Harem,Pencil,Pencil
1745,Straight/4-5.tif,Straight,Straight__G04,1,Skinny,Skinny,Skinny,Skinny
1746,Straight/4-6.tif,Straight,Straight__G04,1,Harem,Harem,Straight,Straight
1747,Straight/4-7.tif,Straight,Straight__G04,1,Straight,Straight,Harem,Flare
1748,Straight/4-8.tif,Straight,Straight__G04,1,Skinny,Straight,Straight,Straight
1749,Straight/4-9.tif,Straight,Straight__G04,1,Flare,A-Line,Straight,Straight
1750,Straight/5-1.tif,Straight,Straight__G05,2,Mermaid,Straight,Tunic,Sarong
1751,Straight/5-10.tif,Straight,Straight__G05,2,Skinny,Flare,Flare,Flare
1752,Straight/5-2.tif,Straight,Straight__G05,2,Straight,Straight,Straight,Straight
1753,Straight/5-3.tif,Straight,Straight__G05,2,Straight,Straight,Jumpsuit,Flare
1754,Straight/5-4.tif,Straight,Straight__G05,2,Tunic,Tunic,Straight,Skinny
1755,Straight/5-5.tif,Straight,Straight__G05,2,Flare,Straight,Straight,Straight
1756,Straight/5-6.tif,Straight,Straight__G05,2,Straight,Straight,Flare,Sarong
1757,Straight/5-7.tif,Straight,Straight__G05,2,Straight,Skinny,Flare,Skinny
1758,Straight/5-8.tif,Straight,Straight__G05,2,Straight,Vest,Dress,Straight
1759,Straight/5-9.tif,Straight,Straight__G05,2,Vest,Vest,Pencil,Skinny
1760,Straight/6-1.tif,Straight,Straight__G06,2,Sarong,Sarong,Harem,Mini
1761,Straight/6-10.tif,Straight,Straight__G06,2,Straight,Straight,Straight,Straight
1762,Straight/6-2.tif,Straight,Straight__G06,2,Cardigan,Straight,Mermaid,Mermaid
1763,Straight/6-3.tif,Straight,Straight__G06,2,Dress,Dress,Pencil,Pencil
1764,Straight/6-4.tif,Straight,Straight__G06,2,Vest,Vest,Straight,Straight
1765,Straight/6-5.tif,Straight,Straight__G06,2,Circle,Straight,Mermaid,Pencil
1766,Straight/6-6.tif,Straight,Straight__G06,2,Pencil,Straight,Straight,Straight
1767,Straight/6-7.tif,Straight,Straight__G06,2,Vest,Vest,Harem,Vest
1768,Straight/6-8.tif,Straight,Straight__G06,2,Straight,Straight,Straight,Straight
1769,Straight/6-9.tif,Straight,Straight__G06,2,Mermaid,Mermaid,Jumpsuit,Flare
1770,Straight/7-1.tif,Straight,Straight__G07,3,Flare,Flare,Flare,Flare
1771,Straight/7-10.tif,Straight,Straight__G07,3,Flare,Flare,Flare,Flare
1772,Straight/7-2.tif,Straight,Straight__G07,3,Flare,Flare,Skinny,Harem
1773,Straight/7-3.tif,Straight,Straight__G07,3,Flare,Flare,Mermaid,Flare
1774,Straight/7-4.tif,Straight,Straight__G07,3,Tunic,Harem,Flare,Flare
1775,Straight/7-5.tif,Straight,Straight__G07,3,Skinny,Jumpsuit,Straight,Straight
1776,Straight/7-6.tif,Straight,Straight__G07,3,Skinny,Skinny,Pencil,Pencil
1777,Straight/7-7.tif,Straight,Straight__G07,3,Tunic,Jumpsuit,Shirt,Shirt
1778,Straight/7-8.tif,Straight,Straight__G07,3,Flare,A-Line,Skinny,Sarong
1779,Straight/7-9.tif,Straight,Straight__G07,3,Straight,Straight,Straight,Straight
1780,Straight/8-1.tif,Straight,Straight__G08,3,Pencil,Pencil,Harem,Harem
1781,Straight/8-10.tif,Straight,Straight__G08,3,Flare,Flare,Straight,Straight
1782,Straight/8-2.tif,Straight,Straight__G08,3,Tunic,Straight,Dress,Straight
1783,Straight/8-3.tif,Straight,Straight__G08,3,Skinny,Vest,Tunic,Straight
1784,Straight/8-4.tif,Straight,Straight__G08,3,Tunic,Straight,Harem,Skinny
1785,Straight/8-5.tif,Straight,Straight__G08,3,Skinny,Skinny,Straight,Skinny
1786,Straight/8-6.tif,Straight,Straight__G08,3,Skinny,Skinny,Flare,Flare
1787,Straight/8-7.tif,Straight,Straight__G08,3,Straight,Straight,Straight,Straight
1788,Straight/8-8.tif,Straight,Straight__G08,3,Straight,Straight,Straight,Straight
1789,Straight/8-9.tif,Straight,Straight__G08,3,Dress,Flare,Straight,Straight
1790,Straight/9-1.tif,Straight,Straight__G09,4,Straight,Straight,Flare,Flare
1791,Straight/9-10.tif,Straight,Straight__G09,4,Wide-Leg,Wide-Leg,Straight,Straight
1792,Straight/9-2.tif,Straight,Straight__G09,4,Flare,Flare,Straight,Straight
1793,Straight/9-3.tif,Straight,Straight__G09,4,Straight,Straight,Jumpsuit,Straight
1794,Straight/9-4.tif,Straight,Straight__G09,4,Skinny,Straight,Straight,Straight
1795,Straight/9-5.tif,Straight,Straight__G09,4,Skinny,Skinny,Jumpsuit,Jumpsuit
1796,Straight/9-6.tif,Straight,Straight__G09,4,Flare,Flare,Skinny,Skinny
1797,Straight/9-7.tif,Straight,Straight__G09,4,Skinny,Skinny,Straight,Straight
1798,Straight/9-8.tif,Straight,Straight__G09,4,Skinny,Skinny,Straight,Straight
1799,Straight/9-9.tif,Straight,Straight__G09,4,Straight,Straight,Straight,Straight
1800,Suit/1-1.tif,Suit,Suit__G01,0,Jacket,Jacket,Cardigan,Jacket
1801,Suit/1-10.tif,Suit,Suit__G01,0,Suit,Shirt,Tunic,Suit
1802,Suit/1-2.tif,Suit,Suit__G01,0,Jacket,Jacket,Circle,Circle
1803,Suit/1-3.tif,Suit,Suit__G01,0,Suit,T-shirt,Wide-Leg,Cardigan
1804,Suit/1-4.tif,Suit,Suit__G01,0,Tunic,Shirt,Mini,Mini
1805,Suit/1-5.tif,Suit,Suit__G01,0,Suit,Suit,Cardigan,Shirt
1806,Suit/1-6.tif,Suit,Suit__G01,0,Shirt,Shirt,Tunic,Wide-Leg
1807,Suit/1-7.tif,Suit,Suit__G01,0,Circle,Circle,Circle,Circle
1808,Suit/1-8.tif,Suit,Suit__G01,0,T-shirt,Hoodie,Mini,Jacket
1809,Suit/1-9.tif,Suit,Suit__G01,0,Hoodie,Hoodie,Suit,Jacket
1810,Suit/10-1.tif,Suit,Suit__G10,4,Mermaid,Mermaid,Shirt,Shirt
1811,Suit/10-10.tif,Suit,Suit__G10,4,Cardigan,Cardigan,Tunic,Cardigan
1812,Suit/10-2.tif,Suit,Suit__G10,4,Jumpsuit,Jumpsuit,Vest,Harem
1813,Suit/10-3.tif,Suit,Suit__G10,4,Suit,Suit,Cardigan,Shirt
1814,Suit/10-4.tif,Suit,Suit__G10,4,Tunic,Cardigan,Tunic,Sarong
1815,Suit/10-5.tif,Suit,Suit__G10,4,Cardigan,Sarong,Jumpsuit,Sarong
1816,Suit/10-6.tif,Suit,Suit__G10,4,Cardigan,Cardigan,Tunic,Sarong
1817,Suit/10-7.tif,Suit,Suit__G10,4,Cardigan,Jumpsuit,Jumpsuit,Jumpsuit
1818,Suit/10-8.tif,Suit,Suit__G10,4,Harem,Suit,Sarong,Sarong
1819,Suit/10-9.tif,Suit,Suit__G10,4,Cardigan,Jacket,Suit,Wide-Leg
1820,Suit/2-1.tif,Suit,Suit__G02,0,Suit,Suit,Suit,Suit
1821,Suit/2-10.tif,Suit,Suit__G02,0,Suit,Mini,Suit,Suit
1822,Suit/2-2.tif,Suit,Suit__G02,0,Tunic,Tunic,Circle,Suit
1823,Suit/2-3.tif,Suit,Suit__G02,0,Suit,Suit,Suit,Suit
1824,Suit/2-4.tif,Suit,Suit__G02,0,Shirt,Shirt,Shirt,Mini
1825,Suit/2-5.tif,Suit,Suit__G02,0,Suit,Suit,Suit,Suit
1826,Suit/2-6.tif,Suit,Suit__G02,0,Suit,Suit,Hoodie,Cardigan
1827,Suit/2-7.tif,Suit,Suit__G02,0,Circle,Hoodie,Suit,Suit
1828,Suit/2-8.tif,Suit,Suit__G02,0,Suit,Hoodie,Shirt,Cardigan
1829,Suit/2-9.tif,Suit,Suit__G02,0,Cardigan,Cardigan,Jacket,Circle
1830,Suit/3-1.tif,Suit,Suit__G03,1,Hoodie,Hoodie,Suit,Vest
1831,Suit/3-10.tif,Suit,Suit__G03,1,Tunic,Jacket,Suit,Suit
1832,Suit/3-2.tif,Suit,Suit__G03,1,Cardigan,Hoodie,Circle,Wide-Leg
1833,Suit/3-3.tif,Suit,Suit__G03,1,Suit,Jacket,Cardigan,Cardigan
1834,Suit/3-4.tif,Suit,Suit__G03,1,Tunic,Shirt,Jacket,A-Line
1835,Suit/3-5.tif,Suit,Suit__G03,1,Mini,Mini,Suit,Suit
1836,Suit/3-6.tif,Suit,Suit__G03,1,Mini,Mini,Jacket,Jacket
1837,Suit/3-7.tif,Suit,Suit__G03,1,Tunic,Straight,Mermaid,Suit
1838,Suit/3-8.tif,Suit,Suit__G03,1,Suit,Suit,Jacket,Suit
1839,Suit/3-9.tif,Suit,Suit__G03,1,Suit,Suit,Jacket,Jacket
1840,Suit/4-1.tif,Suit,Suit__G04,1,Shirt,Suit,Jacket,Shirt
1841,Suit/4-10.tif,Suit,Suit__G04,1,Suit,Suit,Suit,Suit
1842,Suit/4-2.tif,Suit,Suit__G04,1,Sarong,Dress,Mini,Suit
1843,Suit/4-3.tif,Suit,Suit__G04,1,Shirt,Shirt,Cardigan,Cardigan
1844,Suit/4-4.tif,Suit,Suit__G04,1,Suit,Suit,Cardigan,Cardigan
1845,Suit/4-5.tif,Suit,Suit__G04,1,Cardigan,Cardigan,Suit,Suit
1846,Suit/4-6.tif,Suit,Suit__G04,1,Shirt,Cardigan,Suit,Suit
1847,Suit/4-7.tif,Suit,Suit__G04,1,Tunic,Hoodie,A-Line,Cardigan
1848,Suit/4-8.tif,Suit,Suit__G04,1,Suit,Cardigan,A-Line,Jacket
1849,Suit/4-9.tif,Suit,Suit__G04,1,Hoodie,Cardigan,Jacket,Jacket
1850,Suit/5-1.tif,Suit,Suit__G05,2,Cardigan,Cardigan,Tunic,Suit
1851,Suit/5-10.tif,Suit,Suit__G05,2,Hoodie,Cardigan,Suit,Suit
1852,Suit/5-2.tif,Suit,Suit__G05,2,Cardigan,Cardigan,Jumpsuit,Suit
1853,Suit/5-3.tif,Suit,Suit__G05,2,Suit,Suit,Harem,Harem
1854,Suit/5-4.tif,Suit,Suit__G05,2,Suit,Suit,Suit,Suit
1855,Suit/5-5.tif,Suit,Suit__G05,2,Jacket,Jacket,Suit,Suit
1856,Suit/5-6.tif,Suit,Suit__G05,2,Suit,Suit,Suit,Suit
1857,Suit/5-7.tif,Suit,Suit__G05,2,Hoodie,Suit,Suit,Suit
1858,Suit/5-8.tif,Suit,Suit__G05,2,Harem,Hoodie,Mermaid,Harem
1859,Suit/5-9.tif,Suit,Suit__G05,2,Hoodie,Jacket,Cardigan,Cardigan
1860,Suit/6-1.tif,Suit,Suit__G06,2,Harem,Suit,Suit,Suit
1861,Suit/6-10.tif,Suit,Suit__G06,2,Jacket,Hoodie,Suit,Suit
1862,Suit/6-2.tif,Suit,Suit__G06,2,Mini,Cardigan,Mermaid,Cardigan
1863,Suit/6-3.tif,Suit,Suit__G06,2,Vest,Vest,Suit,Cardigan
1864,Suit/6-4.tif,Suit,Suit__G06,2,Suit,Suit,Suit,Suit
1865,Suit/6-5.tif,Suit,Suit__G06,2,Suit,Suit,Tunic,Pencil
1866,Suit/6-6.tif,Suit,Suit__G06,2,Tunic,Tunic,Tunic,Suit
1867,Suit/6-7.tif,Suit,Suit__G06,2,Suit,Suit,Harem,Harem
1868,Suit/6-8.tif,Suit,Suit__G06,2,Hoodie,Hoodie,Suit,Suit
1869,Suit/6-9.tif,Suit,Suit__G06,2,Hoodie,Hoodie,Wide-Leg,Suit
1870,Suit/7-1.tif,Suit,Suit__G07,3,Mini,Suit,Suit,Wide-Leg
1871,Suit/7-10.tif,Suit,Suit__G07,3,Cardigan,Cardigan,Cardigan,Cardigan
1872,Suit/7-2.tif,Suit,Suit__G07,3,T-shirt,Suit,Suit,Suit
1873,Suit/7-3.tif,Suit,Suit__G07,3,Suit,Suit,Suit,Suit
1874,Suit/7-4.tif,Suit,Suit__G07,3,Suit,Suit,Vest,Vest
1875,Suit/7-5.tif,Suit,Suit__G07,3,Harem,Harem,Pencil,Pencil
1876,Suit/7-6.tif,Suit,Suit__G07,3,Mini,Jacket,Mini,Mini
1877,Suit/7-7.tif,Suit,Suit__G07,3,Hoodie,Hoodie,Harem,Suit
1878,Suit/7-8.tif,Suit,Suit__G07,3,Suit,Harem,Suit,Harem
1879,Suit/7-9.tif,Suit,Suit__G07,3,Hoodie,Hoodie,Hoodie,Hoodie
1880,Suit/8-1.tif,Suit,Suit__G08,3,Harem,Harem,Tunic,Vest
1881,Suit/8-10.tif,Suit,Suit__G08,3,Suit,Suit,Cardigan,Cardigan
1882,Suit/8-2.tif,Suit,Suit__G08,3,Tunic,Suit,Sarong,Skinny
1883,Suit/8-3.tif,Suit,Suit__G08,3,Vest,Vest,Jumpsuit,Straight
1884,Suit/8-4.tif,Suit,Suit__G08,3,Tunic,Harem,Suit,Suit
1885,Suit/8-5.tif,Suit,Suit__G08,3,Suit,Suit,Suit,Suit
1886,Suit/8-6.tif,Suit,Suit__G08,3,Jumpsuit,Sarong,Suit,Suit
1887,Suit/8-7.tif,Suit,Suit__G08,3,Tunic,Circle,Harem,Harem
1888,Suit/8-8.tif,Suit,Suit__G08,3,Tunic,Suit,Suit,Harem
1889,Suit/8-9.tif,Suit,Suit__G08,3,Suit,Suit,Suit,Harem
1890,Suit/9-1.tif,Suit,Suit__G09,4,Mini,Suit,Blouse,Blouse
1891,Suit/9-10.tif,Suit,Suit__G09,4,Jacket,Hoodie,Suit,Suit
1892,Suit/9-2.tif,Suit,Suit__G09,4,Tunic,T-shirt,Tunic,Blouse
1893,Suit/9-3.tif,Suit,Suit__G09,4,Hoodie,Suit,Blouse,Blouse
1894,Suit/9-4.tif,Suit,Suit__G09,4,Mini,Mini,Suit,Suit
1895,Suit/9-5.tif,Suit,Suit__G09,4,Mini,Mini,Suit,Suit
1896,Suit/9-6.tif,Suit,Suit__G09,4,Jacket,Jacket,Blouse,Blouse
1897,Suit/9-7.tif,Suit,Suit__G09,4,Cardigan,Cardigan,Cardigan,Hoodie
1898,Suit/9-8.tif,Suit,Suit__G09,4,T-shirt,T-shirt,Suit,Suit
1899,Suit/9-9.tif,Suit,Suit__G09,4,Suit,Suit,Jacket,Cardigan
1900,T-shirt/10_1.tif,T-shirt,T-shirt__G10,4,T-shirt,T-shirt,T-shirt,T-shirt
1901,T-shirt/10_10.tif,T-shirt,T-shirt__G10,4,Jacket,T-shirt,T-shirt,T-shirt
1902,T-shirt/10_2.tif,T-shirt,T-shirt__G10,4,T-shirt,T-shirt,Blouse,Blouse
1903,T-shirt/10_3.tif,T-shirt,T-shirt__G10,4,T-shirt,T-shirt,T-shirt,T-shirt
1904,T-shirt/10_4.tif,T-shirt,T-shirt__G10,4,T-shirt,T-shirt,T-shirt,T-shirt
1905,T-shirt/10_5.tif,T-shirt,T-shirt__G10,4,T-shirt,T-shirt,T-shirt,T-shirt
1906,T-shirt/10_6.tif,T-shirt,T-shirt__G10,4,T-shirt,T-shirt,T-shirt,T-shirt
1907,T-shirt/10_7.tif,T-shirt,T-shirt__G10,4,T-shirt,Hoodie,T-shirt,Blouse
1908,T-shirt/10_8.tif,T-shirt,T-shirt__G10,4,T-shirt,T-shirt,Blouse,T-shirt
1909,T-shirt/10_9.tif,T-shirt,T-shirt__G10,4,T-shirt,T-shirt,T-shirt,T-shirt
1910,T-shirt/1_1.tif,T-shirt,T-shirt__G01,0,Shirt,Jacket,T-shirt,Circle
1911,T-shirt/1_10.tif,T-shirt,T-shirt__G01,0,Cardigan,T-shirt,Wide-Leg,T-shirt
1912,T-shirt/1_2.tif,T-shirt,T-shirt__G01,0,Pencil,T-shirt,Hoodie,Hoodie
1913,T-shirt/1_3.tif,T-shirt,T-shirt__G01,0,Cardigan,Cardigan,Hoodie,T-shirt
1914,T-shirt/1_4.tif,T-shirt,T-shirt__G01,0,Hoodie,Hoodie,A-Line,A-Line
1915,T-shirt/1_5.tif,T-shirt,T-shirt__G01,0,Suit,T-shirt,Hoodie,A-Line
1916,T-shirt/1_6.tif,T-shirt,T-shirt__G01,0,Hoodie,Hoodie,Blouse,T-shirt
1917,T-shirt/1_7.tif,T-shirt,T-shirt__G01,0,T-shirt,T-shirt,Wide-Leg,T-shirt
1918,T-shirt/1_8.tif,T-shirt,T-shirt__G01,0,Hoodie,T-shirt,A-Line,T-shirt
1919,T-shirt/1_9.tif,T-shirt,T-shirt__G01,0,Hoodie,T-shirt,T-shirt,T-shirt
1920,T-shirt/2_1.tif,T-shirt,T-shirt__G02,0,Jacket,Jacket,Circle,Circle
1921,T-shirt/2_10.tif,T-shirt,T-shirt__G02,0,Mini,Mini,Blouse,Blouse
1922,T-shirt/2_2.tif,T-shirt,T-shirt__G02,0,Mini,T-shirt,Circle,T-shirt
1923,T-shirt/2_3.tif,T-shirt,T-shirt__G02,0,T-shirt,T-shirt,Cardigan,Hoodie
1924,T-shirt/2_4.tif,T-shirt,T-shirt__G02,0,Hoodie,Hoodie,Cardigan,Cardigan
1925,T-shirt/2_5.tif,T-shirt,T-shirt__G02,0,Hoodie,T-shirt,Wide-Leg,Cardigan
1926,T-shirt/2_6.tif,T-shirt,T-shirt__G02,0,T-shirt,Hoodie,Hoodie,Hoodie
1927,T-shirt/2_7.tif,T-shirt,T-shirt__G02,0,Tunic,Hoodie,Cardigan,Hoodie
1928,T-shirt/2_8.tif,T-shirt,T-shirt__G02,0,Hoodie,T-shirt,T-shirt,T-shirt
1929,T-shirt/2_9.tif,T-shirt,T-shirt__G02,0,T-shirt,T-shirt,Circle,T-shirt
1930,T-shirt/3-10.tif,T-shirt,T-shirt__G03,1,T-shirt,Mini,Cardigan,Cardigan
1931,T-shirt/3_1.tif,T-shirt,T-shirt__G03,1,T-shirt,T-shirt,T-shirt,Mini
1932,T-shirt/3_2.tif,T-shirt,T-shirt__G03,1,Cardigan,Cardigan,Wide-Leg,Wide-Leg
1933,T-shirt/3_3.tif,T-shirt,T-shirt__G03,1,Hoodie,T-shirt,Tunic,Wide-Leg
1934,T-shirt/3_4.tif,T-shirt,T-shirt__G03,1,Shirt,Tunic,T-shirt,Mini
1935,T-shirt/3_5.tif,T-shirt,T-shirt__G03,1,T-shirt,T-shirt,T-shirt,T-shirt
1936,T-shirt/3_6.tif,T-shirt,T-shirt__G03,1,T-shirt,Jacket,Tunic,Jacket
1937,T-shirt/3_7.tif,T-shirt,T-shirt__G03,1,T-shirt,T-shirt,T-shirt,Jacket
1938,T-shirt/3_8.tif,T-shirt,T-shirt__G03,1,T-shirt,Tunic,Tunic,Mini
1939,T-shirt/3_9.tif,T-shirt,T-shirt__G03,1,T-shirt,T-shirt,Jacket,Jacket
1940,T-shirt/4_1.tif,T-shirt,T-shirt__G04,1,T-shirt,Vest,T-shirt,T-shirt
1941,T-shirt/4_10.tif,T-shirt,T-shirt__G04,1,Vest,T-shirt,Blouse,T-shirt
1942,T-shirt/4_2.tif,T-shirt,T-shirt__G04,1,T-shirt,Cardigan,Wide-Leg,Tunic
1943,T-shirt/4_3.tif,T-shirt,T-shirt__G04,1,T-shirt,Circle,T-shirt,Cardigan
1944,T-shirt/4_4.tif,T-shirt,T-shirt__G04,1,T-shirt,T-shirt,T-shirt,T-shirt
1945,T-shirt/4_5.tif,T-shirt,T-shirt__G04,1,Jacket,Jacket,T-shirt,T-shirt
1946,T-shirt/4_6.tif,T-shirt,T-shirt__G04,1,Tunic,T-shirt,T-shirt,T-shirt
1947,T-shirt/4_7.tif,T-shirt,T-shirt__G04,1,Vest,Tunic,T-shirt,T-shirt
1948,T-shirt/4_8.tif,T-shirt,T-shirt__G04,1,T-shirt,T-shirt,T-shirt,T-shirt
1949,T-shirt/4_9.tif,T-shirt,T-shirt__G04,1,T-shirt,Tunic,T-shirt,T-shirt
1950,T-shirt/5_1.tif,T-shirt,T-shirt__G05,2,T-shirt,T-shirt,T-shirt,T-shirt
1951,T-shirt/5_10.tif,T-shirt,T-shirt__G05,2,T-shirt,T-shirt,T-shirt,T-shirt
1952,T-shirt/5_2.tif,T-shirt,T-shirt__G05,2,T-shirt,T-shirt,T-shirt,T-shirt
1953,T-shirt/5_3.tif,T-shirt,T-shirt__G05,2,T-shirt,T-shirt,T-shirt,T-shirt
1954,T-shirt/5_4.tif,T-shirt,T-shirt__G05,2,T-shirt,Pencil,T-shirt,T-shirt
1955,T-shirt/5_5.tif,T-shirt,T-shirt__G05,2,T-shirt,T-shirt,T-shirt,T-shirt
1956,T-shirt/5_6.tif,T-shirt,T-shirt__G05,2,T-shirt,T-shirt,T-shirt,T-shirt
1957,T-shirt/5_7.tif,T-shirt,T-shirt__G05,2,T-shirt,T-shirt,T-shirt,T-shirt
1958,T-shirt/5_8.tif,T-shirt,T-shirt__G05,2,T-shirt,T-shirt,T-shirt,T-shirt
1959,T-shirt/5_9.tif,T-shirt,T-shirt__G05,2,T-shirt,T-shirt,T-shirt,T-shirt
1960,T-shirt/6_1.tif,T-shirt,T-shirt__G06,2,T-shirt,T-shirt,T-shirt,T-shirt
1961,T-shirt/6_10.tif,T-shirt,T-shirt__G06,2,T-shirt,T-shirt,T-shirt,A-Line
1962,T-shirt/6_2.tif,T-shirt,T-shirt__G06,2,T-shirt,T-shirt,A-Line,A-Line
1963,T-shirt/6_3.tif,T-shirt,T-shirt__G06,2,T-shirt,T-shirt,A-Line,A-Line
1964,T-shirt/6_4.tif,T-shirt,T-shirt__G06,2,Hoodie,Circle,T-shirt,T-shirt
1965,T-shirt/6_5.tif,T-shirt,T-shirt__G06,2,T-shirt,Tunic,T-shirt,T-shirt
1966,T-shirt/6_6.tif,T-shirt,T-shirt__G06,2,Mini,T-shirt,T-shirt,T-shirt
1967,T-shirt/6_7.tif,T-shirt,T-shirt__G06,2,T-shirt,Tunic,T-shirt,T-shirt
1968,T-shirt/6_8.tif,T-shirt,T-shirt__G06,2,T-shirt,T-shirt,T-shirt,T-shirt
1969,T-shirt/6_9.tif,T-shirt,T-shirt__G06,2,T-shirt,T-shirt,A-Line,A-Line
1970,T-shirt/7_1.tif,T-shirt,T-shirt__G07,3,Mini,Mini,Shirt,Shirt
1971,T-shirt/7_10.tif,T-shirt,T-shirt__G07,3,Tunic,T-shirt,Blouse,T-shirt
1972,T-shirt/7_2.tif,T-shirt,T-shirt__G07,3,T-shirt,T-shirt,Blouse,Hoodie
1973,T-shirt/7_3.tif,T-shirt,T-shirt__G07,3,Shirt,Mini,Hoodie,Hoodie
1974,T-shirt/7_4.tif,T-shirt,T-shirt__G07,3,Mini,T-shirt,Mini,Shirt
1975,T-shirt/7_5.tif,T-shirt,T-shirt__G07,3,Shirt,Shirt,T-shirt,T-shirt
1976,T-shirt/7_6.tif,T-shirt,T-shirt__G07,3,T-shirt,T-shirt,Mini,Mini
1977,T-shirt/7_7.tif,T-shirt,T-shirt__G07,3,Tunic,T-shirt,T-shirt,Shirt
1978,T-shirt/7_8.tif,T-shirt,T-shirt__G07,3,T-shirt,T-shirt,Blouse,T-shirt
1979,T-shirt/7_9.tif,T-shirt,T-shirt__G07,3,T-shirt,T-shirt,Circle,Cardigan
1980,T-shirt/8_1.tif,T-shirt,T-shirt__G08,3,Suit,Tunic,Mini,T-shirt
1981,T-shirt/8_10.tif,T-shirt,T-shirt__G08,3,Suit,Hoodie,T-shirt,T-shirt
1982,T-shirt/8_2.tif,T-shirt,T-shirt__G08,3,T-shirt,Hoodie,Hoodie,T-shirt
1983,T-shirt/8_3.tif,T-shirt,T-shirt__G08,3,Tunic,T-shirt,Bermuda,T-shirt
1984,T-shirt/8_4.tif,T-shirt,T-shirt__G08,3,Hoodie,Hoodie,Shirt,Shirt
1985,T-shirt/8_5.tif,T-shirt,T-shirt__G08,3,Shirt,Shirt,Shirt,Shirt
1986,T-shirt/8_6.tif,T-shirt,T-shirt__G08,3,Jacket,Tunic,Mini,T-shirt
1987,T-shirt/8_7.tif,T-shirt,T-shirt__G08,3,Tunic,Shirt,Hoodie,Hoodie
1988,T-shirt/8_8.tif,T-shirt,T-shirt__G08,3,Hoodie,Hoodie,A-Line,Shirt
1989,T-shirt/8_9.tif,T-shirt,T-shirt__G08,3,Jacket,Tunic,Cardigan,Cardigan
1990,T-shirt/9_1.tif,T-shirt,T-shirt__G09,4,Sarong,Pencil,T-shirt,T-shirt
1991,T-shirt/9_10.tif,T-shirt,T-shirt__G09,4,Mini,Mini,Shirt,Bermuda
1992,T-shirt/9_2.tif,T-shirt,T-shirt__G09,4,T-shirt,T-shirt,Blouse,T-shirt
1993,T-shirt/9_3.tif,T-shirt,T-shirt__G09,4,Sarong,Shirt,Blouse,T-shirt
1994,T-shirt/9_4.tif,T-shirt,T-shirt__G09,4,Mini,Mini,Bermuda,Bermuda
1995,T-shirt/9_5.tif,T-shirt,T-shirt__G09,4,Jacket,Jacket,Shirt,Shirt
1996,T-shirt/9_6.tif,T-shirt,T-shirt__G09,4,Mini,Shirt,T-shirt,T-shirt
1997,T-shirt/9_7.tif,T-shirt,T-shirt__G09,4,Circle,Mini,Shirt,Shirt
1998,T-shirt/9_8.tif,T-shirt,T-shirt__G09,4,Mini,Mini,Shirt,T-shirt
1999,T-shirt/9_9.tif,T-shirt,T-shirt__G09,4,T-shirt,Mini,T-shirt,T-shirt
2000,Tunic/10_1.tif,Tunic,Tunic__G10,4,Cardigan,Suit,Tunic,Tunic
2001,Tunic/10_10.tif,Tunic,Tunic__G10,4,Mini,T-shirt,Harem,Harem
2002,Tunic/10_2.tif,Tunic,Tunic__G10,4,T-shirt,T-shirt,Dress,Tunic
2003,Tunic/10_3.tif,Tunic,Tunic__G10,4,Shirt,Tunic,Cardigan,Tunic
2004,Tunic/10_4.tif,Tunic,Tunic__G10,4,Hoodie,T-shirt,Tunic,Tunic
2005,Tunic/10_5.tif,Tunic,Tunic__G10,4,Suit,Tunic,Harem,Harem
2006,Tunic/10_6.tif,Tunic,Tunic__G10,4,Tunic,Tunic,Dress,Tunic
2007,Tunic/10_7.tif,Tunic,Tunic__G10,4,Dress,Dress,Straight,Pencil
2008,Tunic/10_8.tif,Tunic,Tunic__G10,4,T-shirt,T-shirt,Tunic,Tunic
2009,Tunic/10_9.tif,Tunic,Tunic__G10,4,Straight,Hoodie,A-Line,Circle
2010,Tunic/1_1.tif,Tunic,Tunic__G01,0,Shirt,T-shirt,A-Line,A-Line
2011,Tunic/1_10.tif,Tunic,Tunic__G01,0,Mini,Tunic,Harem,A-Line
2012,Tunic/1_2.tif,Tunic,Tunic__G01,0,Mermaid,Dress,Tunic,Mermaid
2013,Tunic/1_3.tif,Tunic,Tunic__G01,0,Tunic,Tunic,Tunic,Tunic
2014,Tunic/1_4.tif,Tunic,Tunic__G01,0,Blouse,Blouse,Mermaid,Mermaid
2015,Tunic/1_5.tif,Tunic,Tunic__G01,0,Tunic,Tunic,Mermaid,Mermaid
2016,Tunic/1_6.tif,Tunic,Tunic__G01,0,Shirt,Hoodie,Hoodie,Hoodie
2017,Tunic/1_7.tif,Tunic,Tunic__G01,0,Dress,Dress,Mermaid,Pencil
2018,Tunic/1_8.tif,Tunic,Tunic__G01,0,Tunic,Dress,Vest,Pencil
2019,Tunic/1_9.tif,Tunic,Tunic__G01,0,Mermaid,Mermaid,Mermaid,Circle
2020,Tunic/2_1.tif,Tunic,Tunic__G02,0,Cardigan,Hoodie,Hoodie,Cardigan
2021,Tunic/2_10.tif,Tunic,Tunic__G02,0,T-shirt,T-shirt,Blouse,Blouse
2022,Tunic/2_2.tif,Tunic,Tunic__G02,0,T-shirt,Circle,T-shirt,T-shirt
2023,Tunic/2_3.tif,Tunic,Tunic__G02,0,T-shirt,T-shirt,Cardigan,T-shirt
2024,Tunic/2_4.tif,Tunic,Tunic__G02,0,Hoodie,T-shirt,Wide-Leg,T-shirt
2025,Tunic/2_5.tif,Tunic,Tunic__G02,0,Hoodie,T-shirt,Cardigan,Cardigan
2026,Tunic/2_6.tif,Tunic,Tunic__G02,0,T-shirt,T-shirt,Mini,T-shirt
2027,Tunic/2_7.tif,Tunic,Tunic__G02,0,Mini,Tunic,Cardigan,Blouse
2028,Tunic/2_8.tif,Tunic,Tunic__G02,0,Hoodie,Tunic,Tunic,T-shirt
2029,Tunic/2_9.tif,Tunic,Tunic__G02,0,Hoodie,Tunic,Jacket,T-shirt
2030,Tunic/3_1.tif,Tunic,Tunic__G03,1,Pencil,Pencil,Sarong,Sarong
2031,Tunic/3_10.tif,Tunic,Tunic__G03,1,Straight,Straight,Harem,Harem
2032,Tunic/3_2.tif,Tunic,Tunic__G03,1,Straight,Straight,Straight,Pencil
2033,Tunic/3_3.tif,Tunic,Tunic__G03,1,Dress,Flare,Skinny,Skinny
2034,Tunic/3_4.tif,Tunic,Tunic__G03,1,Jumpsuit,Jumpsuit,Jumpsuit,Jumpsuit
2035,Tunic/3_5.tif,Tunic,Tunic__G03,1,Vest,Vest,Jumpsuit,Pencil
2036,Tunic/3_6.tif,Tunic,Tunic__G03,1,Jumpsuit,Jumpsuit,Harem,Jacket
2037,Tunic/3_7.tif,Tunic,Tunic__G03,1,Straight,Straight,Jumpsuit,Harem
2038,Tunic/3_8.tif,Tunic,Tunic__G03,1,Jumpsuit,Harem,Jumpsuit,Skinny
2039,Tunic/3_9.tif,Tunic,Tunic__G03,1,Harem,Circle,Tunic,Hoodie
2040,Tunic/4_1.tif,Tunic,Tunic__G04,1,Hoodie,Hoodie,Suit,Suit
2041,Tunic/4_10.tif,Tunic,Tunic__G04,1,Jacket,Jacket,Cardigan,Cardigan
2042,Tunic/4_2.tif,Tunic,Tunic__G04,1,Mini,Sarong,Cardigan,Tunic
2043,Tunic/4_3.tif,Tunic,Tunic__G04,1,Shirt,Jacket,Suit,Blouse
2044,Tunic/4_4.tif,Tunic,Tunic__G04,1,Harem,Sarong,Cardigan,Cardigan
2045,Tunic/4_5.tif,Tunic,Tunic__G04,1,Cardigan,Circle,Cardigan,Cardigan
2046,Tunic/4_6.tif,Tunic,Tunic__G04,1,Suit,Mini,Cardigan,Cardigan
2047,Tunic/4_7.tif,Tunic,Tunic__G04,1,Jacket,Jacket,Cardigan,Cardigan
2048,Tunic/4_8.tif,Tunic,Tunic__G04,1,Cardigan,Tunic,Wide-Leg,Cardigan
2049,Tunic/4_9.tif,Tunic,Tunic__G04,1,Cardigan,Cardigan,T-shirt,Circle
2050,Tunic/5_1.tif,Tunic,Tunic__G05,2,Sarong,Sarong,Suit,Tunic
2051,Tunic/5_10.tif,Tunic,Tunic__G05,2,Cardigan,Tunic,Wide-Leg,Wide-Leg
2052,Tunic/5_2.tif,Tunic,Tunic__G05,2,Circle,Mermaid,Tunic,Pencil
2053,Tunic/5_3.tif,Tunic,Tunic__G05,2,Straight,Tunic,Wide-Leg,Wide-Leg
2054,Tunic/5_4.tif,Tunic,Tunic__G05,2,Tunic,Tunic,Tunic,Tunic
2055,Tunic/5_5.tif,Tunic,Tunic__G05,2,Circle,Shirt,Tunic,Vest
2056,Tunic/5_6.tif,Tunic,Tunic__G05,2,Suit,Suit,Vest,Cardigan
2057,Tunic/5_7.tif,Tunic,Tunic__G05,2,Tunic,Suit,Vest,Harem
2058,Tunic/5_8.tif,Tunic,Tunic__G05,2,Vest,Tunic,Tunic,Skinny
2059,Tunic/5_9.tif,Tunic,Tunic__G05,2,Tunic,Cardigan,Cardigan,Circle
2060,Tunic/6_1.tif,Tunic,Tunic__G06,2,Suit,Cardigan,Tunic,Tunic
2061,Tunic/6_10.tif,Tunic,Tunic__G06,2,Tunic,Cardigan,Harem,Harem
2062,Tunic/6_2.tif,Tunic,Tunic__G06,2,Mini,Hoodie,Tunic,Tunic
2063,Tunic/6_3.tif,Tunic,Tunic__G06,2,T-shirt,T-shirt,Wide-Leg,Wide-Leg
2064,Tunic/6_4.tif,Tunic,Tunic__G06,2,Harem,Shirt,Vest,Tunic
2065,Tunic/6_5.tif,Tunic,Tunic__G06,2,Cardigan,Cardigan,Cardigan,Cardigan
2066,Tunic/6_6.tif,Tunic,Tunic__G06,2,Circle,Cardigan,Harem,Harem
2067,Tunic/6_7.tif,Tunic,Tunic__G06,2,Tunic,Tunic,Wide-Leg,Wide-Leg
2068,Tunic/6_8.tif,Tunic,Tunic__G06,2,Hoodie,Hoodie,Tunic,Harem
2069,Tunic/6_9.tif,Tunic,Tunic__G06,2,Tunic,Suit,Tunic,Cardigan
2070,Tunic/7_1.tif,Tunic,Tunic__G07,3,Suit,Sarong,Suit,Sarong
2071,Tunic/7_10.tif,Tunic,Tunic__G07,3,Harem,Harem,Tunic,Harem
2072,Tunic/7_2.tif,Tunic,Tunic__G07,3,Cardigan,Sarong,Wide-Leg,Harem
2073,Tunic/7_3.tif,Tunic,Tunic__G07,3,Tunic,Mini,Cardigan,Mermaid
2074,Tunic/7_4.tif,Tunic,Tunic__G07,3,Harem,Harem,Shirt,Shirt
2075,Tunic/7_5.tif,Tunic,Tunic__G07,3,Tunic,Harem,Suit,Suit
2076,Tunic/7_6.tif,Tunic,Tunic__G07,3,Suit,Harem,Tunic,Tunic
2077,Tunic/7_7.tif,Tunic,Tunic__G07,3,Jumpsuit,Dress,Harem,Harem
2078,Tunic/7_8.tif,Tunic,Tunic__G07,3,Tunic,Tunic,Straight,Dress
2079,Tunic/7_9.tif,Tunic,Tunic__G07,3,Tunic,Tunic,Harem,Harem
2080,Tunic/8_1.tif,Tunic,Tunic__G08,3,Sarong,Sarong,Sarong,Jumpsuit
2081,Tunic/8_10.tif,Tunic,Tunic__G08,3,Sarong,Sarong,Jumpsuit,Jumpsuit
2082,Tunic/8_2.tif,Tunic,Tunic__G08,3,T-shirt,Vest,Dress,Straight
2083,Tunic/8_3.tif,Tunic,Tunic__G08,3,Jumpsuit,Jumpsuit,Jumpsuit,Jumpsuit
2084,Tunic/8_4.tif,Tunic,Tunic__G08,3,Sarong,Sarong,Jumpsuit,Jumpsuit
2085,Tunic/8_5.tif,Tunic,Tunic__G08,3,Skinny,Skinny,Jumpsuit,Jumpsuit
2086,Tunic/8_6.tif,Tunic,Tunic__G08,3,Pencil,Skinny,Jumpsuit,Jumpsuit
2087,Tunic/8_7.tif,Tunic,Tunic__G08,3,Jumpsuit,Jumpsuit,Jumpsuit,Jumpsuit
2088,Tunic/8_8.tif,Tunic,Tunic__G08,3,Vest,Suit,Jumpsuit,Dress
2089,Tunic/8_9.tif,Tunic,Tunic__G08,3,Dress,Sarong,Dress,Jumpsuit
2090,Tunic/9_1.tif,Tunic,Tunic__G09,4,Harem,Tunic,Harem,Dress
2091,Tunic/9_10.tif,Tunic,Tunic__G09,4,Sarong,Circle,Straight,Cardigan
2092,Tunic/9_2.tif,Tunic,Tunic__G09,4,Straight,Straight,Mermaid,Dress
2093,Tunic/9_3.tif,Tunic,Tunic__G09,4,Straight,Tunic,Tunic,Wide-Leg
2094,Tunic/9_4.tif,Tunic,Tunic__G09,4,Tunic,Tunic,Tunic,Tunic
2095,Tunic/9_5.tif,Tunic,Tunic__G09,4,Suit,Suit,Pencil,Pencil
2096,Tunic/9_6.tif,Tunic,Tunic__G09,4,Tunic,Tunic,Tunic,Tunic
2097,Tunic/9_7.tif,Tunic,Tunic__G09,4,Vest,Skinny,Pencil,Pencil
2098,Tunic/9_8.tif,Tunic,Tunic__G09,4,Straight,Straight,Tunic,Tunic
2099,Tunic/9_9.tif,Tunic,Tunic__G09,4,Straight,Circle,Harem,Harem
2100,Vest/10_1.tif,Vest,Vest__G10,4,Skinny,Skinny,Wide-Leg,Wide-Leg
2101,Vest/10_10.tif,Vest,Vest__G10,4,Vest,Vest,Harem,Harem
2102,Vest/10_2.tif,Vest,Vest__G10,4,Sarong,Jumpsuit,Harem,Pencil
2103,Vest/10_3.tif,Vest,Vest__G10,4,Vest,Vest,Hoodie,Shirt
2104,Vest/10_4.tif,Vest,Vest__G10,4,Sarong,Sarong,Wide-Leg,A-Line
2105,Vest/10_5.tif,Vest,Vest__G10,4,Vest,Pencil,Vest,Vest
2106,Vest/10_6.tif,Vest,Vest__G10,4,Pencil,Pencil,Vest,Pencil
2107,Vest/10_7.tif,Vest,Vest__G10,4,Tunic,Straight,Vest,Harem
2108,Vest/10_8.tif,Vest,Vest__G10,4,Vest,Straight,Harem,Harem
2109,Vest/10_9.tif,Vest,Vest__G10,4,Pencil,Pencil,Harem,Harem
2110,Vest/1_1.tif,Vest,Vest__G01,0,Sarong,Tunic,Pencil,Pencil
2111,Vest/1_10.tif,Vest,Vest__G01,0,Vest,Vest,Vest,Vest
2112,Vest/1_2.tif,Vest,Vest__G01,0,Shirt,Shirt,Wide-Leg,Wide-Leg
2113,Vest/1_3.tif,Vest,Vest__G01,0,Jacket,Jacket,Vest,Vest
2114,Vest/1_4.tif,Vest,Vest__G01,0,Jumpsuit,Jumpsuit,Pencil,Pencil
2115,Vest/1_5.tif,Vest,Vest__G01,0,Vest,Vest,Vest,Vest
2116,Vest/1_6.tif,Vest,Vest__G01,0,Shirt,Shirt,Tunic,Straight
2117,Vest/1_7.tif,Vest,Vest__G01,0,Harem,Skinny,Vest,Vest
2118,Vest/1_8.tif,Vest,Vest__G01,0,Tunic,Tunic,Vest,Vest
2119,Vest/1_9.tif,Vest,Vest__G01,0,Cardigan,Cardigan,Flare,Vest
2120,Vest/2_1.tif,Vest,Vest__G02,0,Vest,Vest,Tunic,Vest
2121,Vest/2_10.tif,Vest,Vest__G02,0,T-shirt,T-shirt,Harem,Harem
2122,Vest/2_2.tif,Vest,Vest__G02,0,Vest,Vest,Harem,Harem
2123,Vest/2_3.tif,Vest,Vest__G02,0,Suit,Jacket,Cardigan,Cardigan
2124,Vest/2_4.tif,Vest,Vest__G02,0,Jumpsuit,Jumpsuit,Mini,Vest
2125,Vest/2_5.tif,Vest,Vest__G02,0,Mini,Mini,Sarong,Sarong
2126,Vest/2_6.tif,Vest,Vest__G02,0,Pencil,Mini,Mini,Sarong
2127,Vest/2_7.tif,Vest,Vest__G02,0,Circle,Circle,Suit,Mini
2128,Vest/2_8.tif,Vest,Vest__G02,0,Hoodie,T-shirt,Vest,Vest
2129,Vest/2_9.tif,Vest,Vest__G02,0,Vest,Vest,Wide-Leg,Wide-Leg
2130,Vest/3_1.tif,Vest,Vest__G03,1,Vest,Vest,Mermaid,Vest
2131,Vest/3_10.tif,Vest,Vest__G03,1,Vest,Vest,Cardigan,Harem
2132,Vest/3_2.tif,Vest,Vest__G03,1,Vest,Vest,Flare,Mermaid
2133,Vest/3_3.tif,Vest,Vest__G03,1,Vest,Vest,Flare,Wide-Leg
2134,Vest/3_4.tif,Vest,Vest__G03,1,Tunic,Suit,Wide-Leg,Wide-Leg
2135,Vest/3_5.tif,Vest,Vest__G03,1,Mini,Mini,Pencil,Vest
2136,Vest/3_6.tif,Vest,Vest__G03,1,Mini,Mini,Vest,Vest
2137,Vest/3_7.tif,Vest,Vest__G03,1,Circle,Circle,Vest,Vest
2138,Vest/3_8.tif,Vest,Vest__G03,1,Harem,Vest,Tunic,Tunic
2139,Vest/3_9.tif,Vest,Vest__G03,1,Harem,Harem,Vest,Vest
2140,Vest/4_1.tif,Vest,Vest__G04,1,Harem,Straight,Tunic,Tunic
2141,Vest/4_10.tif,Vest,Vest__G04,1,Vest,Vest,Tunic,Harem
2142,Vest/4_2.tif,Vest,Vest__G04,1,T-shirt,Cardigan,Tunic,Wide-Leg
2143,Vest/4_3.tif,Vest,Vest__G04,1,Harem,Harem,Tunic,Cardigan
2144,Vest/4_4.tif,Vest,Vest__G04,1,Harem,Harem,Wide-Leg,Wide-Leg
2145,Vest/4_5.tif,Vest,Vest__G04,1,Circle,Pencil,Vest,Vest
2146,Vest/4_6.tif,Vest,Vest__G04,1,Tunic,Vest,Wide-Leg,Mini
2147,Vest/4_7.tif,Vest,Vest__G04,1,Harem,Vest,Tunic,Tunic
2148,Vest/4_8.tif,Vest,Vest__G04,1,T-shirt,Wide-Leg,Tunic,Tunic
2149,Vest/4_9.tif,Vest,Vest__G04,1,Pencil,Hoodie,Wide-Leg,Jacket
2150,Vest/5_1.tif,Vest,Vest__G05,2,Vest,Vest,Hoodie,Hoodie
2151,Vest/5_10.tif,Vest,Vest__G05,2,Vest,Vest,Hoodie,Hoodie
2152,Vest/5_2.tif,Vest,Vest__G05,2,T-shirt,T-shirt,T-shirt,T-shirt
2153,Vest/5_3.tif,Vest,Vest__G05,2,Mini,Mini,Shirt,Shirt
2154,Vest/5_4.tif,Vest,Vest__G05,2,Vest,Vest,Shirt,Shirt
2155,Vest/5_5.tif,Vest,Vest__G05,2,Shirt,Shirt,Hoodie,Hoodie
2156,Vest/5_6.tif,Vest,Vest__G05,2,Mini,Mini,Shirt,Hoodie
2157,Vest/5_7.tif,Vest,Vest__G05,2,Suit,Hoodie,Hoodie,Hoodie
2158,Vest/5_8.tif,Vest,Vest__G05,2,Vest,Mini,Harem,Harem
2159,Vest/5_9.tif,Vest,Vest__G05,2,Jumpsuit,Skinny,Shirt,Shirt
2160,Vest/6_1.tif,Vest,Vest__G06,2,Sarong,Sarong,Bermuda,Bermuda
2161,Vest/6_10.tif,Vest,Vest__G06,2,Jumpsuit,Vest,Wide-Leg,Vest
2162,Vest/6_2.tif,Vest,Vest__G06,2,Pencil,Mini,Wide-Leg,Wide-Leg
2163,Vest/6_3.tif,Vest,Vest__G06,2,Sarong,Sarong,Hoodie,Hoodie
2164,Vest/6_4.tif,Vest,Vest__G06,2,Jumpsuit,Jumpsuit,Hoodie,Hoodie
2165,Vest/6_5.tif,Vest,Vest__G06,2,Cardigan,Suit,Suit,Jacket
2166,Vest/6_6.tif,Vest,Vest__G06,2,Mini,Mini,Jacket,Circle
2167,Vest/6_7.tif,Vest,Vest__G06,2,Suit,Circle,Suit,Suit
2168,Vest/6_8.tif,Vest,Vest__G06,2,T-shirt,Vest,Hoodie,Jacket
2169,Vest/6_9.tif,Vest,Vest__G06,2,Vest,Vest,Jacket,Jacket
2170,Vest/7_1.tif,Vest,Vest__G07,3,Sarong,Pencil,Dress,Hoodie
2171,Vest/7_10.tif,Vest,Vest__G07,3,Mini,Circle,Vest,Vest
2172,Vest/7_2.tif,Vest,Vest__G07,3,Tunic,Vest,Flare,Flare
2173,Vest/7_3.tif,Vest,Vest__G07,3,Mini,Pencil,Dress,Dress
2174,Vest/7_4.tif,Vest,Vest__G07,3,Vest,Harem,Shirt,Jacket
2175,Vest/7_5.tif,Vest,Vest__G07,3,Mini,Mini,Vest,Vest
2176,Vest/7_6.tif,Vest,Vest__G07,3,Vest,Sarong,Hoodie,Hoodie
2177,Vest/7_7.tif,Vest,Vest__G07,3,Tunic,Tunic,Mermaid,Mermaid
2178,Vest/7_8.tif,Vest,Vest__G07,3,Skinny,Skinny,Suit,Harem
2179,Vest/7_9.tif,Vest,Vest__G07,3,Vest,Vest,Vest,Vest
2180,Vest/8_1.tif,Vest,Vest__G08,3,Vest,Vest,Suit,Suit
2181,Vest/8_10.tif,Vest,Vest__G08,3,Circle,Pencil,Mini,Mini
2182,Vest/8_2.tif,Vest,Vest__G08,3,T-shirt,T-shirt,Vest,Vest
2183,Vest/8_3.tif,Vest,Vest__G08,3,Harem,Harem,Mini,Mini
2184,Vest/8_4.tif,Vest,Vest__G08,3,Vest,Vest,Mini,Mini
2185,Vest/8_5.tif,Vest,Vest__G08,3,T-shirt,T-shirt,Pencil,Pencil
2186,Vest/8_6.tif,Vest,Vest__G08,3,Shirt,Shirt,Vest,Vest
2187,Vest/8_7.tif,Vest,Vest__G08,3,Vest,Vest,Suit,Suit
2188,Vest/8_8.tif,Vest,Vest__G08,3,Straight,Straight,Mermaid,Tunic
2189,Vest/8_9.tif,Vest,Vest__G08,3,Vest,Blouse,Pencil,Pencil
2190,Vest/9_1.tif,Vest,Vest__G09,4,Shirt,Skinny,Vest,Vest
2191,Vest/9_10.tif,Vest,Vest__G09,4,Shirt,Shirt,Vest,Harem
2192,Vest/9_2.tif,Vest,Vest__G09,4,Sarong,Sarong,Cardigan,Cardigan
2193,Vest/9_3.tif,Vest,Vest__G09,4,Vest,Sarong,Vest,Vest
2194,Vest/9_4.tif,Vest,Vest__G09,4,Vest,Vest,Vest,Vest
2195,Vest/9_5.tif,Vest,Vest__G09,4,Jacket,Harem,Pencil,Hoodie
2196,Vest/9_6.tif,Vest,Vest__G09,4,Mini,Mini,Pencil,Pencil
2197,Vest/9_7.tif,Vest,Vest__G09,4,Mini,Vest,Hoodie,Hoodie
2198,Vest/9_8.tif,Vest,Vest__G09,4,Pencil,Pencil,Circle,Mermaid
2199,Vest/9_9.tif,Vest,Vest__G09,4,Vest,Vest,Mini,Suit
2200,Wide-Leg/1-1.tif,Wide-Leg,Wide-Leg__G01,0,Hoodie,Hoodie,Hoodie,Hoodie
2201,Wide-Leg/1-10.tif,Wide-Leg,Wide-Leg__G01,0,Wide-Leg,Wide-Leg,Wide-Leg,Wide-Leg
2202,Wide-Leg/1-2.tif,Wide-Leg,Wide-Leg__G01,0,Jumpsuit,A-Line,Dress,Cardigan
2203,Wide-Leg/1-3.tif,Wide-Leg,Wide-Leg__G01,0,A-Line,Vest,T-shirt,Bermuda
2204,Wide-Leg/1-4.tif,Wide-Leg,Wide-Leg__G01,0,Skinny,Skinny,Circle,Circle
2205,Wide-Leg/1-5.tif,Wide-Leg,Wide-Leg__G01,0,Wide-Leg,Wide-Leg,Wide-Leg,Wide-Leg
2206,Wide-Leg/1-6.tif,Wide-Leg,Wide-Leg__G01,0,Wide-Leg,Wide-Leg,Vest,Vest
2207,Wide-Leg/1-7.tif,Wide-Leg,Wide-Leg__G01,0,Wide-Leg,Wide-Leg,Wide-Leg,Wide-Leg
2208,Wide-Leg/1-8.tif,Wide-Leg,Wide-Leg__G01,0,Wide-Leg,Wide-Leg,Wide-Leg,Wide-Leg
2209,Wide-Leg/1-9.tif,Wide-Leg,Wide-Leg__G01,0,Wide-Leg,Wide-Leg,T-shirt,T-shirt
2210,Wide-Leg/10-1.tif,Wide-Leg,Wide-Leg__G10,4,Bermuda,Bermuda,T-shirt,Hoodie
2211,Wide-Leg/10-10.tif,Wide-Leg,Wide-Leg__G10,4,A-Line,A-Line,Wide-Leg,Wide-Leg
2212,Wide-Leg/10-2.tif,Wide-Leg,Wide-Leg__G10,4,Wide-Leg,Wide-Leg,Hoodie,Cardigan
2213,Wide-Leg/10-3.tif,Wide-Leg,Wide-Leg__G10,4,T-shirt,Dress,Blouse,Blouse
2214,Wide-Leg/10-4.tif,Wide-Leg,Wide-Leg__G10,4,Bermuda,Bermuda,Mini,Jacket
2215,Wide-Leg/10-5.tif,Wide-Leg,Wide-Leg__G10,4,Blouse,Blouse,Mini,Mini
2216,Wide-Leg/10-6.tif,Wide-Leg,Wide-Leg__G10,4,Blouse,Blouse,Mini,Mini
2217,Wide-Leg/10-7.tif,Wide-Leg,Wide-Leg__G10,4,Wide-Leg,Blouse,Hoodie,Mini
2218,Wide-Leg/10-8.tif,Wide-Leg,Wide-Leg__G10,4,Wide-Leg,Wide-Leg,Wide-Leg,Wide-Leg
2219,Wide-Leg/10-9.tif,Wide-Leg,Wide-Leg__G10,4,A-Line,Wide-Leg,Circle,Mini
2220,Wide-Leg/2-1.tif,Wide-Leg,Wide-Leg__G02,0,Wide-Leg,Wide-Leg,A-Line,A-Line
2221,Wide-Leg/2-10.tif,Wide-Leg,Wide-Leg__G02,0,Wide-Leg,Wide-Leg,Circle,Circle
2222,Wide-Leg/2-2.tif,Wide-Leg,Wide-Leg__G02,0,A-Line,A-Line,Circle,Circle
2223,Wide-Leg/2-3.tif,Wide-Leg,Wide-Leg__G02,0,Wide-Leg,Wide-Leg,Wide-Leg,Wide-Leg
2224,Wide-Leg/2-4.tif,Wide-Leg,Wide-Leg__G02,0,Harem,Wide-Leg,Cardigan,Cardigan
2225,Wide-Leg/2-5.tif,Wide-Leg,Wide-Leg__G02,0,A-Line,A-Line,Suit,Wide-Leg
2226,Wide-Leg/2-6.tif,Wide-Leg,Wide-Leg__G02,0,Wide-Leg,Wide-Leg,Tunic,Tunic
2227,Wide-Leg/2-7.tif,Wide-Leg,Wide-Leg__G02,0,Wide-Leg,Wide-Leg,Wide-Leg,Wide-Leg
2228,Wide-Leg/2-8.tif,Wide-Leg,Wide-Leg__G02,0,Flare,Flare,Wide-Leg,Wide-Leg
2229,Wide-Leg/2-9.tif,Wide-Leg,Wide-Leg__G02,0,Straight,Wide-Leg,Wide-Leg,Cardigan
2230,Wide-Leg/3-1.tif,Wide-Leg,Wide-Leg__G03,1,A-Line,A-Line,A-Line,A-Line
2231,Wide-Leg/3-10.tif,Wide-Leg,Wide-Leg__G03,1,A-Line,A-Line,Wide-Leg,Wide-Leg
2232,Wide-Leg/3-2.tif,Wide-Leg,Wide-Leg__G03,1,Wide-Leg,Wide-Leg,T-shirt,Wide-Leg
2233,Wide-Leg/3-3.tif,Wide-Leg,Wide-Leg__G03,1,Wide-Leg,Wide-Leg,Wide-Leg,Wide-Leg
2234,Wide-Leg/3-4.tif,Wide-Leg,Wide-Leg__G03,1,Wide-Leg,Wide-Leg,Wide-Leg,Wide-Leg
2235,Wide-Leg/3-5.tif,Wide-Leg,Wide-Leg__G03,1,Wide-Leg,Wide-Leg,Wide-Leg,Suit
2236,Wide-Leg/3-6.tif,Wide-Leg,Wide-Leg__G03,1,A-Line,A-Line,A-Line,A-Line
2237,Wide-Leg/3-7.tif,Wide-Leg,Wide-Leg__G03,1,A-Line,A-Line,Wide-Leg,Wide-Leg
2238,Wide-Leg/3-8.tif,Wide-Leg,Wide-Leg__G03,1,Wide-Leg,Wide-Leg,A-Line,Wide-Leg
2239,Wide-Leg/3-9.tif,Wide-Leg,Wide-Leg__G03,1,A-Line,Hoodie,Circle,Suit
2240,Wide-Leg/4-1.tif,Wide-Leg,Wide-Leg__G04,1,Wide-Leg,Wide-Leg,Cardigan,Circle
2241,Wide-Leg/4-10.tif,Wide-Leg,Wide-Leg__G04,1,Wide-Leg,Wide-Leg,Wide-Leg,Wide-Leg
2242,Wide-Leg/4-2.tif,Wide-Leg,Wide-Leg__G04,1,Harem,Harem,A-Line,A-Line
2243,Wide-Leg/4-3.tif,Wide-Leg,Wide-Leg__G04,1,A-Line,Wide-Leg,Wide-Leg,Wide-Leg
2244,Wide-Leg/4-4.tif,Wide-Leg,Wide-Leg__G04,1,A-Line,A-Line,Pencil,Mini
2245,Wide-Leg/4-5.tif,Wide-Leg,Wide-Leg__G04,1,Wide-Leg,Wide-Leg,Wide-Leg,Wide-Leg
2246,Wide-Leg/4-6.tif,Wide-Leg,Wide-Leg__G04,1,A-Line,A-Line,Jacket,Wide-Leg
2247,Wide-Leg/4-7.tif,Wide-Leg,Wide-Leg__G04,1,A-Line,A-Line,Flare,Wide-Leg
2248,Wide-Leg/4-8.tif,Wide-Leg,Wide-Leg__G04,1,Wide-Leg,Wide-Leg,Wide-Leg,Wide-Leg
2249,Wide-Leg/4-9.tif,Wide-Leg,Wide-Leg__G04,1,A-Line,A-Line,Blouse,Jacket
2250,Wide-Leg/5-1.tif,Wide-Leg,Wide-Leg__G05,2,Wide-Leg,Wide-Leg,Wide-Leg,Wide-Leg
2251,Wide-Leg/5-10.tif,Wide-Leg,Wide-Leg__G05,2,A-Line,A-Line,Wide-Leg,Wide-Leg
2252,Wide-Leg/5-2.tif,Wide-Leg,Wide-Leg__G05,2,Wide-Leg,Wide-Leg,Tunic,Wide-Leg
2253,Wide-Leg/5-3.tif,Wide-Leg,Wide-Leg__G05,2,Wide-Leg,Wide-Leg,Tunic,Wide-Leg
2254,Wide-Leg/5-4.tif,Wide-Leg,Wide-Leg__G05,2,Harem,Harem,Wide-Leg,Wide-Leg
2255,Wide-Leg/5-5.tif,Wide-Leg,Wide-Leg__G05,2,Wide-Leg,Wide-Leg,Wide-Leg,Vest
2256,Wide-Leg/5-6.tif,Wide-Leg,Wide-Leg__G05,2,Wide-Leg,Wide-Leg,Wide-Leg,Wide-Leg
2257,Wide-Leg/5-7.tif,Wide-Leg,Wide-Leg__G05,2,Wide-Leg,Wide-Leg,A-Line,Harem
2258,Wide-Leg/5-8.tif,Wide-Leg,Wide-Leg__G05,2,Wide-Leg,Pencil,Tunic,Tunic
2259,Wide-Leg/5-9.tif,Wide-Leg,Wide-Leg__G05,2,Dress,Hoodie,A-Line,Shirt
2260,Wide-Leg/6-1.tif,Wide-Leg,Wide-Leg__G06,2,Wide-Leg,Harem,Jacket,Jacket
2261,Wide-Leg/6-10.tif,Wide-Leg,Wide-Leg__G06,2,Wide-Leg,Wide-Leg,A-Line,Wide-Leg
2262,Wide-Leg/6-2.tif,Wide-Leg,Wide-Leg__G06,2,Wide-Leg,Wide-Leg,Mermaid,Wide-Leg
2263,Wide-Leg/6-3.tif,Wide-Leg,Wide-Leg__G06,2,Wide-Leg,Wide-Leg,Dress,Wide-Leg
2264,Wide-Leg/6-4.tif,Wide-Leg,Wide-Leg__G06,2,Vest,Wide-Leg,Wide-Leg,Wide-Leg
2265,Wide-Leg/6-5.tif,Wide-Leg,Wide-Leg__G06,2,Wide-Leg,Wide-Leg,Wide-Leg,Wide-Leg
2266,Wide-Leg/6-6.tif,Wide-Leg,Wide-Leg__G06,2,Wide-Leg,Wide-Leg,Cardigan,Cardigan
2267,Wide-Leg/6-7.tif,Wide-Leg,Wide-Leg__G06,2,Wide-Leg,Wide-Leg,Cardigan,Cardigan
2268,Wide-Leg/6-8.tif,Wide-Leg,Wide-Leg__G06,2,Wide-Leg,Wide-Leg,Harem,A-Line
2269,Wide-Leg/6-9.tif,Wide-Leg,Wide-Leg__G06,2,Mermaid,Mermaid,Wide-Leg,Wide-Leg
2270,Wide-Leg/7-1.tif,Wide-Leg,Wide-Leg__G07,3,Wide-Leg,Wide-Leg,Wide-Leg,Wide-Leg
2271,Wide-Leg/7-10.tif,Wide-Leg,Wide-Leg__G07,3,A-Line,A-Line,Wide-Leg,Wide-Leg
2272,Wide-Leg/7-2.tif,Wide-Leg,Wide-Leg__G07,3,Wide-Leg,Wide-Leg,Flare,Tunic
2273,Wide-Leg/7-3.tif,Wide-Leg,Wide-Leg__G07,3,Dress,A-Line,Harem,Vest
2274,Wide-Leg/7-4.tif,Wide-Leg,Wide-Leg__G07,3,Straight,Jumpsuit,Straight,Wide-Leg
2275,Wide-Leg/7-5.tif,Wide-Leg,Wide-Leg__G07,3,Wide-Leg,Wide-Leg,Wide-Leg,Vest
2276,Wide-Leg/7-6.tif,Wide-Leg,Wide-Leg__G07,3,Wide-Leg,Wide-Leg,A-Line,A-Line
2277,Wide-Leg/7-7.tif,Wide-Leg,Wide-Leg__G07,3,Wide-Leg,Wide-Leg,Vest,Vest
2278,Wide-Leg/7-8.tif,Wide-Leg,Wide-Leg__G07,3,Wide-Leg,Jumpsuit,A-Line,A-Line
2279,Wide-Leg/7-9.tif,Wide-Leg,Wide-Leg__G07,3,Jumpsuit,Jumpsuit,Shirt,Shirt
2280,Wide-Leg/8-1.tif,Wide-Leg,Wide-Leg__G08,3,Jumpsuit,Wide-Leg,A-Line,A-Line
2281,Wide-Leg/8-10.tif,Wide-Leg,Wide-Leg__G08,3,A-Line,A-Line,Wide-Leg,Wide-Leg
2282,Wide-Leg/8-2.tif,Wide-Leg,Wide-Leg__G08,3,Wide-Leg,Wide-Leg,Wide-Leg,A-Line
2283,Wide-Leg/8-3.tif,Wide-Leg,Wide-Leg__G08,3,Wide-Leg,Wide-Leg,Wide-Leg,Wide-Leg
2284,Wide-Leg/8-4.tif,Wide-Leg,Wide-Leg__G08,3,Wide-Leg,A-Line,Wide-Leg,Wide-Leg
2285,Wide-Leg/8-5.tif,Wide-Leg,Wide-Leg__G08,3,Wide-Leg,Wide-Leg,A-Line,A-Line
2286,Wide-Leg/8-6.tif,Wide-Leg,Wide-Leg__G08,3,Wide-Leg,Wide-Leg,Wide-Leg,Wide-Leg
2287,Wide-Leg/8-7.tif,Wide-Leg,Wide-Leg__G08,3,Wide-Leg,A-Line,Wide-Leg,Wide-Leg
2288,Wide-Leg/8-8.tif,Wide-Leg,Wide-Leg__G08,3,Wide-Leg,A-Line,A-Line,A-Line
2289,Wide-Leg/8-9.tif,Wide-Leg,Wide-Leg__G08,3,A-Line,A-Line,Wide-Leg,Wide-Leg
2290,Wide-Leg/9-1.tif,Wide-Leg,Wide-Leg__G09,4,Blouse,Blouse,Blouse,Blouse
2291,Wide-Leg/9-10.tif,Wide-Leg,Wide-Leg__G09,4,Blouse,Blouse,A-Line,A-Line
2292,Wide-Leg/9-2.tif,Wide-Leg,Wide-Leg__G09,4,Wide-Leg,Wide-Leg,Tunic,Tunic
2293,Wide-Leg/9-3.tif,Wide-Leg,Wide-Leg__G09,4,A-Line,A-Line,Dress,Tunic
2294,Wide-Leg/9-4.tif,Wide-Leg,Wide-Leg__G09,4,Wide-Leg,Wide-Leg,Circle,Circle
2295,Wide-Leg/9-5.tif,Wide-Leg,Wide-Leg__G09,4,Wide-Leg,Wide-Leg,Hoodie,Cardigan
2296,Wide-Leg/9-6.tif,Wide-Leg,Wide-Leg__G09,4,Blouse,Blouse,Mini,Cardigan
2297,Wide-Leg/9-7.tif,Wide-Leg,Wide-Leg__G09,4,Wide-Leg,Wide-Leg,Cardigan,Cardigan
2298,Wide-Leg/9-8.tif,Wide-Leg,Wide-Leg__G09,4,Jumpsuit,Jumpsuit,Tunic,Tunic
2299,Wide-Leg/9-9.tif,Wide-Leg,Wide-Leg__G09,4,Jumpsuit,Dress,Hoodie,Shirt
