replicate,delta_macro_f1,delta_balanced_accuracy
0,0.026935587655008475,0.029369138959931818
1,0.03741464439019593,0.03889319366719274
2,0.016575903827835525,0.01574879227053133
3,0.04075669161812662,0.038607817303469516
4,0.027877100559156043,0.02755819060166892
5,0.02883623780652278,0.027627371881069673
6,0.030230776129557935,0.02990338164251205
7,0.034446562351960475,0.03464261066745539
8,0.02062186771038854,0.020360122968818617
9,0.040715123479866056,0.03891567417611319
10,0.03183069830394464,0.02948177426438292
11,0.04991298586600007,0.0490294246815986
12,0.034468710272829994,0.03367642709257618
13,0.032768553426188174,0.031397022577146716
14,0.011726077473713292,0.00957902001380262
15,0.037053854033789024,0.03838903677412986
16,0.029361987364641406,0.027513935340022333
17,0.03698460397216047,0.037233462476682355
18,0.03061520888625391,0.030579710144927497
19,0.04163076284313477,0.04044100062180134
20,0.04029678956505667,0.038067632850241506
21,0.03568938722476206,0.03722002635046118
22,0.0462354473995879,0.047369345630215165
23,0.029294334736790106,0.028663778076597535
24,0.03134729294465022,0.03004391743522178
25,0.030181542263317707,0.031873739505651644
26,0.0492154345042331,0.04791097978518827
27,0.03282351486167151,0.030737552016071257
28,0.038582830225730114,0.039446640316205595
29,0.03123202507071693,0.03152031827223639
30,0.02477736286045118,0.024168460324293317
31,0.042855810271136996,0.04396135265700474
32,0.04222628684168156,0.04473429951690827
33,0.036977681039552124,0.033816425120772986
34,0.05042321533504984,0.05028985507246375
35,0.03646173034557093,0.03782704357392258
36,0.03807343471974434,0.03946190271201033
37,0.027459214781543728,0.026443852903480225
38,0.04318612808382416,0.04471803702109334
39,0.05783122267802521,0.06106280193236702
40,0.03868832277017459,0.038930501745826795
41,0.017871711845562466,0.016877649610568868
42,0.04397604138397421,0.04458937198067625
43,0.037522634977484925,0.03542380324989025
44,0.04580600060479817,0.04847606499780405
45,0.03609157082075104,0.036908212560386566
46,0.035202987831682186,0.03483375959079277
47,0.02432880341183169,0.021848924022837057
48,0.02841535935283296,0.027936576266322233
49,0.029419219871658242,0.026376811594202965
50,0.03714342300492174,0.037922705314009764
51,0.04266386834184693,0.04082125603864739
52,0.0463904246681377,0.04657004830917871
53,0.02827133383278857,0.02868369445640223
54,0.04039725712911535,0.038260869565217404
55,0.033241994671907305,0.03392156862745094
56,0.06261622680206386,0.06575757575757585
57,0.026994505064855345,0.029337880079568
58,0.02460390106576621,0.024818960156885228
59,0.03115120709740704,0.030419773931804284
60,0.039137852998636924,0.03971014492753622
61,0.03536062740372775,0.03422442244224427
62,0.036618007545730746,0.03694074731341812
63,0.034359026081395294,0.034853593611357536
64,0.03990797161875287,0.03764705882352937
65,0.0395754996567636,0.040408953938872116
66,0.023344565922937155,0.022447007788622686
67,0.04153687318699478,0.041678157684911565
68,0.04349105055945257,0.04374176548089587
69,0.03460145084938637,0.03468599033816433
70,0.040165642819536274,0.040344382264313416
71,0.025522221114451016,0.026353829557712982
72,0.04201180252386244,0.04003969962213616
73,0.034203829822793186,0.03427034007748603
74,0.035653909742579815,0.03620230700976035
75,0.015988497441480176,0.013574879227053138
76,0.03968058622048676,0.04215634606938956
77,0.04409508323272804,0.044271099744245535
78,0.041799009522294706,0.04531066150093266
79,0.05144471148049229,0.052553351156137185
80,0.03217767426248552,0.0335350951974992
81,0.033507250583813986,0.03198067632850227
82,0.036174712188603575,0.03613526570048314
83,0.01871537982957172,0.018331137461572278
84,0.03680305050904176,0.035772229396852706
85,0.01841039032546704,0.018858146684233634
86,0.040408185809403974,0.041514634839442954
87,0.023578504514227383,0.023671497584541012
88,0.04313341765901524,0.04245515855933413
89,0.036604973882489567,0.037270780417351435
90,0.03875636552534961,0.0381609030468264
91,0.03846868137800136,0.039446640316205595
92,0.04267536370290659,0.04207290294246818
93,0.023034848503511007,0.022125603864734333
94,0.049542739337078756,0.04739130434782607
95,0.03673132990285677,0.034290733421168174
96,0.04941766864718694,0.047632850241545954
97,0.03181416440536483,0.030874494725426305
98,0.0497202790093253,0.048948564933219696
99,0.02862743149514546,0.026820377689942776
100,0.04282409823989919,0.04176673567977923
101,0.028068419848855664,0.027584541062801837
102,0.031762197419001215,0.0302415458937198
103,0.034921665686586445,0.03571100588319709
104,0.03527330942847556,0.034384768400113674
105,0.0454332995132401,0.0475406236275801
106,0.0320737488568702,0.03459558999378215
107,0.03664636450759151,0.03610452349582788
108,0.039792170643998925,0.04045751633986927
109,0.051784959130584285,0.05033146792940163
110,0.035769104661831364,0.03495862629741231
111,0.040406967316134745,0.04031543052003411
112,0.024761664026387076,0.025793157842847303
113,0.03227275154445636,0.03053140096618351
114,0.04844951736288744,0.04835748792270528
115,0.02822148614278691,0.03154589371980676
116,0.040061962639198756,0.04050557229636004
117,0.026228985754804368,0.02595959595959596
118,0.03994067697698794,0.04202898550724632
119,0.04375945476726556,0.044914587379849547
120,0.03738635911073579,0.037246376811594095
121,0.030219712857334935,0.029727891156462516
122,0.04251175587092226,0.04225735617039972
123,0.029605536203706984,0.027632850241545992
124,0.04003716237497018,0.039420289855072455
125,0.04808063860476103,0.04894676424164157
126,0.031753821884882516,0.031515760271679405
127,0.04053888036635239,0.03883269249728888
128,0.05230923408517962,0.053891084760649965
129,0.03834143989960159,0.03846547314577997
130,0.028860198694090622,0.029390712806861896
131,0.03142663764801906,0.032995169082125575
132,0.03527470010682576,0.03582388673649972
133,0.029546035828510342,0.029323671497584525
134,0.03120694416802433,0.030000000000000027
135,0.04998652643349183,0.05144927536231875
136,0.05447352939949013,0.05449275362318845
137,0.03555495606736009,0.034698807059055536
138,0.05093542066879697,0.04993493049393671
139,0.03440007137502782,0.03786122090469912
140,0.02745984209473379,0.027131642512077225
141,0.021858974772755724,0.01977232505859272
142,0.04267586843731491,0.04379490122925339
143,0.029626151753489705,0.031664470794905586
144,0.041074322150818576,0.04367149758454114
145,0.030330970342720254,0.03044961017840908
146,0.02958004141672993,0.03019323671497587
147,0.057400248874621196,0.05841966805376192
148,0.04342045549304674,0.042876592007026815
149,0.045107939340162995,0.045704874835309606
150,0.03860938131996311,0.04111637250681588
151,0.037858939154715,0.03632850241545893
152,0.03203983967686924,0.03130434782608699
153,0.036172424024745575,0.03865612648221334
154,0.03501268380839728,0.03378800795680581
155,0.03732465724598805,0.03760894466855924
156,0.032637599869422385,0.030873869995695247
157,0.03759347583595585,0.035538795228236275
158,0.019235677361487125,0.017681159420289805
159,0.03364747324727152,0.034005270092226536
160,0.02409533333780456,0.02209074157079538
161,0.04299083837161921,0.04252964426877465
162,0.03700075121826801,0.03802371541501964
163,0.042829477915692526,0.04255160298638555
164,0.048834250415518865,0.05101888449714531
165,0.034598386154064575,0.03575835844454012
166,0.02659502151772347,0.027055981813014995
167,0.03085137416675765,0.031497584541062884
168,0.02433360863075884,0.023577720943449842
169,0.0513207860906475,0.05181604990385069
170,0.042475275723511174,0.043269718276175484
171,0.05369781610260932,0.051932367149758574
172,0.03083559019882398,0.028454106280193237
173,0.029571602404161124,0.02994934571549185
174,0.048827323350666085,0.048888888888888926
175,0.04178318663312852,0.04211242863416775
176,0.04596158151558244,0.04649332196646777
177,0.02886682409323721,0.028164251207729474
178,0.046704158849956934,0.04884057971014499
179,0.029040261252035182,0.026328502415458976
180,0.020770310261078173,0.022231788396230856
181,0.026891895613475714,0.025789448510068314
182,0.03937418998975778,0.03846288976723761
183,0.035488049279672196,0.035265700483091855
184,0.0332519456595764,0.032850241545893666
185,0.04038822776356665,0.03983020041134544
186,0.03591087188491221,0.03635041585736348
187,0.03621346718198004,0.03429951690821259
188,0.04972608292017955,0.049951690821256
189,0.029164892111875507,0.02860781730346945
190,0.03011253736309122,0.031479468599033666
191,0.025001939581670296,0.02469038208168639
192,0.03653437355794331,0.03533175589076215
193,0.04772827399373064,0.049258601991521156
194,0.02981494799900919,0.02699165568730788
195,0.0384165753402641,0.03946525087291336
196,0.0398881673924355,0.04371980676328502
197,0.04115442276455833,0.04082125603864739
198,0.035711780498231926,0.03574879227053146
199,0.04424728193927452,0.04512603434256479
200,0.03471261065370734,0.03227053140096614
201,0.04051534905436033,0.040032046682929145
202,0.045557629597137106,0.04468599033816434
203,0.04090278153056892,0.040691337179306675
204,0.04308668686868483,0.04405797101449277
205,0.04071969628319083,0.04191480017566973
206,0.03198890176186897,0.034541062801932476
207,0.04688398379008085,0.0447749557564453
208,0.027792553674421627,0.027826086956521723
209,0.020874780688551697,0.019200702678963455
210,0.04495346312478682,0.043574879227053165
211,0.030802707050160083,0.030491616936629662
212,0.04038341340354468,0.04101449275362323
213,0.04170567332428443,0.0426086956521739
214,0.045627146712575894,0.04415458937198069
215,0.05281916203939857,0.05200365836499221
216,0.03289482204790922,0.032542819499341125
217,0.03173523044467297,0.0311111111111112
218,0.03779482192754624,0.03772946859903381
219,0.03457252074438438,0.035362318840579776
220,0.039905436930128324,0.040241545893719866
221,0.027274828395081607,0.025942028985507293
222,0.02592041832490366,0.02425120772946865
223,0.04235907228745356,0.04507344966972299
224,0.03697259956156479,0.03753623188405797
225,0.037293448648413774,0.03710144927536235
226,0.03838408056000775,0.03892014776925257
227,0.03387898303328951,0.036811594202898534
228,0.043949087798441755,0.04402609691717713
229,0.02741324882596452,0.029011857707509914
230,0.02155054148675334,0.018392980380557977
231,0.04178848258770057,0.04212560386473424
232,0.03809797516903579,0.03551681255082023
233,0.03639451817866607,0.0352657004830918
234,0.035186001930687105,0.03541361621594702
235,0.038853496159194756,0.04105945377146408
236,0.04970112410149985,0.04492753623188406
237,0.04589248920962269,0.04743961352657006
238,0.03170087599621069,0.031835748792270524
239,0.029071994291744785,0.030206411945542355
240,0.024152867470596417,0.024106280193236795
241,0.039024505605384674,0.037632850241545834
242,0.04074870844680045,0.04255644286700189
243,0.038350188275302455,0.03971014492753616
244,0.039196534141669015,0.04021591245193723
245,0.03185240025981706,0.030794905577514187
246,0.0324743843960289,0.03249531696736668
247,0.03738037923371351,0.03670636628880286
248,0.02573423126295382,0.02711962500597903
249,0.04644556044515519,0.047988760721679846
250,0.027097053841633356,0.024782608695652186
251,0.046891198644675,0.04787439613526573
252,0.044850082129678503,0.044879227053140125
253,0.027916268687259438,0.028661213947481723
254,0.021823187864936866,0.02207729468599029
255,0.028777182276539637,0.02943165672065917
256,0.030850385278219483,0.03067917021881217
257,0.0452485505912647,0.044795783926218746
258,0.036251641603074924,0.035081073324723766
259,0.02159418204690905,0.021256038647343045
260,0.046219203530472375,0.044893435635123546
261,0.03786492634829308,0.03877031181379004
262,0.03740508764277706,0.03646464646464648
263,0.04051241460061622,0.04149758454106284
264,0.04935654005803303,0.04724198506807192
265,0.03977625929455153,0.04362318840579721
266,0.04274741598945769,0.04280193236714985
267,0.01864705946705497,0.018789428815004283
268,0.030550019650548155,0.03152884342142653
269,0.05047718419145025,0.051551155115511504
270,0.031030345207597676,0.03178743961352659
271,0.03067193437347232,0.03202898550724631
272,0.053285688354148986,0.056552481335090055
273,0.040771216182641346,0.04278566987133503
274,0.040637505493813286,0.04197499289570894
275,0.03737540092664371,0.03875713658322344
276,0.022849741188758543,0.020772946859903385
277,0.04114368074426983,0.04259448707019042
278,0.028738857402187623,0.02907351604725683
279,0.03484098034569477,0.03492753623188405
280,0.046529184485922914,0.04782608695652174
281,0.04221325498996947,0.041124286341677696
282,0.034330353766158284,0.03467304148612976
283,0.040696113262183364,0.040434782608695596
284,0.039984292060573745,0.038260869565217404
285,0.03886313952052117,0.03874491797005797
286,0.042083163524307465,0.04083943176926391
287,0.03794332713942755,0.03625101640598849
288,0.026527193945448724,0.025480461089587236
289,0.040012503422385326,0.03809872291576982
290,0.013698988718185756,0.013719806763284992
291,0.03447730066401122,0.03373367771559754
292,0.023411634378787516,0.021932367149758436
293,0.03631638559625372,0.03505954943320411
294,0.035372314271610805,0.03388669301712788
295,0.04140271080429003,0.03755403000254254
296,0.04567594512983736,0.044769694360740464
297,0.0331658317357742,0.03216530348687041
298,0.03943207244974095,0.03754475703324811
299,0.031352178141449694,0.03249531696736663
300,0.04215738084429976,0.04081790787774431
301,0.042669087627977054,0.04212225570383127
302,0.035304352706252484,0.03400966183574877
303,0.03733742510073579,0.0377777777777778
304,0.029619108495223756,0.030241545893719746
305,0.02958958696097408,0.027676767676767577
306,0.03652152238848605,0.035862977602108104
307,0.03680914512069444,0.035458937198067586
308,0.03996828396884228,0.04088869756540875
309,0.04862045222371392,0.048164251207729436
310,0.02441319570657552,0.02182379107475957
311,0.03184362097276061,0.03142775147079929
312,0.046057580624500494,0.04559301981662234
313,0.03600133239754222,0.03729234088457384
314,0.034869299452416125,0.035265700483091855
315,0.03276619010097487,0.032773515203182724
316,0.052233939000204344,0.053188405797101324
317,0.03630890803576409,0.036856555220739495
318,0.0326378427056519,0.03212560386473423
319,0.02254230159779058,0.02201607117233445
320,0.028780674586790067,0.025942028985507293
321,0.03092523494252364,0.029364327737121443
322,0.04116188219008682,0.04110232762406679
323,0.018981754056171474,0.01904234157431084
324,0.02438067227662405,0.02292437939446118
325,0.039214896545982814,0.03633986928104588
326,0.03974526220257801,0.03943346508563905
327,0.030482482493978225,0.02999999999999997
328,0.03765604039521492,0.0408757832304969
329,0.03888210373911505,0.03956521739130431
330,0.02881947470719376,0.025705412599822564
331,0.03684264993127878,0.03722002635046118
332,0.04446484014518454,0.04468599033816417
333,0.027000996866424654,0.027777777777777735
334,0.015020032536069927,0.014453317558907552
335,0.03938784190217354,0.03927201415793752
336,0.03897140031923357,0.0379805806667623
337,0.028616743746122386,0.02863233431827783
338,0.03993561976473975,0.04033816425120762
339,0.03274803986691488,0.03381642512077293
340,0.03593837117286175,0.03709283971875449
341,0.027863485325951898,0.02811594202898543
342,0.030211931740781628,0.029894598155467744
343,0.0354932388764595,0.03446201141853317
344,0.0327742787874572,0.034163372859025154
345,0.03437066044134468,0.0340493614578849
346,0.02428313402430432,0.025483340803824805
347,0.02852288795376101,0.027269052548555606
348,0.043335200564924514,0.044251207729468556
349,0.054811219074779594,0.053768115942029016
350,0.05036089114536413,0.05325544710637875
351,0.034066785622348716,0.03464207290294252
352,0.05598934710626885,0.0542966751918158
353,0.03836361747739081,0.03450153711023274
354,0.030637106504947498,0.02903381642512065
355,0.03078674938731485,0.0314229249011857
356,0.03221408609296711,0.030848149808257397
357,0.032192406961737974,0.03355782892867293
358,0.046634598048036935,0.04739130434782601
359,0.02761234594469214,0.026214664944755384
360,0.021327633056738404,0.01952259164535386
361,0.03393338778867272,0.035140664961636814
362,0.02456703455651571,0.020448585231193972
363,0.04269789716418798,0.04318840579710154
364,0.04907507336955058,0.04983802216538785
365,0.05010918947164311,0.05059107701051435
366,0.04974554918025359,0.048569856985698545
367,0.023332357084768496,0.02450566795810022
368,0.03585583876813475,0.03768115942028988
369,0.040986668422746286,0.04150744355713304
370,0.028814157970157517,0.02812455158559335
371,0.034617523682125007,0.03565217391304348
372,0.03981337865157086,0.03797400268937695
373,0.03198535461861696,0.03159420289855075
374,0.03136306641311254,0.029789196310935462
375,0.026192692890973035,0.0245943014887115
376,0.036804401630103734,0.03554677206851109
377,0.04684733422978393,0.044312692138779086
378,0.03700325294329743,0.037375367299168294
379,0.03270637535978699,0.031102327624066728
380,0.024612913858839625,0.02396135265700483
381,0.045814259971811655,0.04650753054845114
382,0.038756367023437155,0.040334220644779595
383,0.030450517128480792,0.030658761528326806
384,0.038402434405815034,0.03980771990242499
385,0.03778112229882746,0.0345893719806763
386,0.03559103467404606,0.0365331059960215
387,0.03223725997595622,0.028641659562375632
388,0.032689405079469214,0.03134500406562407
389,0.041271222544221775,0.042122255703831324
390,0.032145851797388325,0.033728590250329316
391,0.035614969802376106,0.03482303066153991
392,0.02750775893444385,0.027537188501458865
393,0.03382849274801841,0.03322353974527881
394,0.04236468644160102,0.04158283603296398
395,0.03216285955029802,0.03072463768115946
396,0.056575483832397855,0.05590424259817295
397,0.03600234789673129,0.03415458937198074
398,0.04128627889304598,0.04106280193236711
399,0.022394745807027105,0.019934471708040302
400,0.02655561803418216,0.025508202994212414
401,0.029353546092764415,0.02975845410628014
402,0.03247617482159326,0.031235334713595575
403,0.03394814900585108,0.03418093983311371
404,0.04323473522300575,0.0411111111111111
405,0.031548474058796794,0.030773903477304243
406,0.04150767074294859,0.04255470304063658
407,0.040676464298010695,0.03993877648634436
408,0.03937352765753416,0.03964426877470345
409,0.03675392259021698,0.03752045745834559
410,0.036666064719007074,0.03371980676328512
411,0.033567538749712744,0.032955643390426004
412,0.03930904040351535,0.03934280384560196
413,0.036146394476783306,0.03551861324239841
414,0.03823301884702407,0.037386614136297514
415,0.04066931850291933,0.03966183574879234
416,0.029578446753359022,0.029816329459032953
417,0.038756137762441134,0.03942985602908117
418,0.02376375415780746,0.023390425999121722
419,0.029188934308905123,0.02981202468072891
420,0.0417888633475596,0.04285024154589373
421,0.0379465283413537,0.0377777777777778
422,0.028397130684163607,0.028816674137158216
423,0.03653706836286086,0.03613526570048303
424,0.03268098122917107,0.03374176548089591
425,0.0310188694910723,0.0329688186209926
426,0.023893258309904963,0.02643373032955476
427,0.04637558472764203,0.04832831109197877
428,0.04934165304606719,0.05063241106719357
429,0.04253271322524427,0.04221938050582558
430,0.04685068723680047,0.04689145223306712
431,0.04101068637554217,0.039143610013175234
432,0.04848537945577236,0.04915804002760521
433,0.05036413568550757,0.05014492753623184
434,0.026443069879508563,0.024786913473956118
435,0.027429557993508713,0.02826086956521745
436,0.03586446908419849,0.03556416511216337
437,0.024019145338930625,0.021862534079494955
438,0.03265645377775972,0.031932367149758445
439,0.03341998528502038,0.03508098891730599
440,0.02898579822767927,0.0317391304347826
441,0.031389154334311054,0.02898550724637672
442,0.04167165707569831,0.04253765274225629
443,0.02154702477747772,0.022551602986385644
444,0.023485573681804206,0.02599033816425106
445,0.04754025197246187,0.0492753623188405
446,0.03065746656757523,0.0295652173913043
447,0.04048400505413219,0.04072224613765729
448,0.04577847110191552,0.044463176574977836
449,0.03363848178409817,0.03172156346069388
450,0.043527735682241164,0.04393121920887738
451,0.03569710002721754,0.034202898550724614
452,0.03754408682170307,0.03847115657857336
453,0.0435300794652102,0.04138470368776004
454,0.05037490574893294,0.05007939924427224
455,0.024181392871962304,0.02420729029424684
456,0.03665862065613196,0.03477830391734832
457,0.035765740180461025,0.032938076416337225
458,0.031214016133286837,0.030917874396135192
459,0.031173353481403987,0.030909090909090886
460,0.03843383127022576,0.037246376811594095
461,0.03324104829957231,0.03201176639403064
462,0.043120014891705694,0.0436231884057971
463,0.02950828901139335,0.028111550285463416
464,0.031039781969784852,0.03184892402283712
465,0.03222689459852096,0.03251207729468608
466,0.04123782884369537,0.04210407997321475
467,0.03486752852528324,0.033513394817742514
468,0.03824124554945835,0.04046337375529918
469,0.02991284009800993,0.026306812580104533
470,0.03459000986989602,0.032889941168029846
471,0.03582004317055543,0.03784672388724736
472,0.02429117463931696,0.025029415985076686
473,0.03259011310181881,0.03236714975845417
474,0.0387606565804654,0.03613526570048314
475,0.04718752578737273,0.04886424134871342
476,0.017674348319472233,0.01777777777777778
477,0.018571881301973292,0.01776899429073342
478,0.04827813140406356,0.0474424552429667
479,0.02669980339307859,0.024572152867460673
480,0.042990919516592174,0.044180939833113775
481,0.03189818318215221,0.035024154589371914
482,0.047105440840725155,0.046908212560386464
483,0.04909980671324643,0.0489855072463769
484,0.04206002125999042,0.04361001317523061
485,0.01334586366190016,0.012222222222222245
486,0.024413977616138727,0.02085234610417558
487,0.04165663490156041,0.04031664035968818
488,0.024205250478255114,0.02384200056834329
489,0.04311880997153722,0.04144927536231896
490,0.03448943193400639,0.034223535481450185
491,0.04326853886555038,0.04299516908212564
492,0.033552039137670575,0.03429951690821259
493,0.0271670234720216,0.02789707187222723
494,0.028188299902434932,0.029124751349815348
495,0.04041852914093669,0.04404121068717343
496,0.04117983957713078,0.042270531400966205
497,0.04297737482446784,0.04380781556416513
498,0.045519218050405985,0.04541915316851375
499,0.028959892499579476,0.02766824508537813
500,0.039990813515735024,0.040628019323671494
501,0.04595309064166492,0.04437937493838118
502,0.026722303103277778,0.025134643899172526
503,0.038444480958326255,0.035024154589372025
504,0.028678943501399823,0.03036494953843205
505,0.04724996553433075,0.04607906930888289
506,0.030265153121422028,0.0276289066351178
507,0.04485664484827434,0.04555555555555557
508,0.033007149627061194,0.031823085221143466
509,0.036644756572511206,0.03836187966622745
510,0.03895621731307619,0.03950829865595257
511,0.018322186789593575,0.018862538427755815
512,0.02583870113752068,0.02346104175634961
513,0.04305822108744384,0.042596737934663065
514,0.03890312918351435,0.03768115942028988
515,0.060228271768069885,0.06240409207161124
516,0.05051420443291599,0.05218013105658398
517,0.03793367298434469,0.03541062801932365
518,0.04507178066489692,0.046605182257356104
519,0.0363580043610337,0.03484574544410962
520,0.047708990617992,0.04884057971014499
521,0.056886487277543585,0.05659846547314579
522,0.04063379560895025,0.04086956521739138
523,0.04737671123488202,0.04545893719806765
524,0.040090878812524156,0.03898550724637673
525,0.054376852871084125,0.05661835748792271
526,0.048284147995055926,0.04845410628019331
527,0.0365396666205125,0.03800614844093103
528,0.042508560170100296,0.043126921387791006
529,0.054563153490616745,0.051835748792270486
530,0.03477523439068059,0.03350951974992894
531,0.04095169485389111,0.03931171378007364
532,0.04234881457840611,0.038550724637681166
533,0.02890409812349487,0.02660554076703142
534,0.04143136531877678,0.04211242863416764
535,0.043769918432449706,0.04507246376811591
536,0.033824109231398114,0.03352372833191258
537,0.02912163907877363,0.02848089156741762
538,0.028514182282313394,0.028454106280193348
539,0.0407601036189309,0.04362318840579721
540,0.040050136047769025,0.04210095632455879
541,0.013244734153645576,0.010096618357487985
542,0.03608882027078231,0.035911286780852036
543,0.0509566732755371,0.05081336882579124
544,0.024575721857299226,0.025015629440181986
545,0.02910098793493182,0.02774721482796022
546,0.03335698465352255,0.03501725327812277
547,0.0341963773502299,0.03212560386473429
548,0.03705269132166383,0.037140974967061924
549,0.037235292295424494,0.03425120772946855
550,0.03971221940641578,0.038002563344178175
551,0.04469526955864189,0.045354665901372715
552,0.046995961904266303,0.04825518613242391
553,0.032928360867641504,0.033535353535353585
554,0.03730260857368489,0.03600534684114248
555,0.04412222583822267,0.04310135361362216
556,0.023452459430886308,0.020255416846032492
557,0.03737567005254355,0.03685990338164247
558,0.0408783651710069,0.03874396135265695
559,0.02799025111388348,0.028533505524465486
560,0.03261789524026848,0.029472542640244404
561,0.032616150443245895,0.032173913043478275
562,0.03964486213283469,0.041076672884679755
563,0.026344757583613876,0.028331912475135
564,0.04696963634800627,0.0463026737456354
565,0.03133633101839145,0.02971014492753632
566,0.03185059101496174,0.035394365523508886
567,0.04196626299123163,0.04266657100492649
568,0.020230829125853333,0.01958226768968463
569,0.05783644561399248,0.05513833992094869
570,0.02375613565931517,0.023864734299516854
571,0.03341983661629966,0.03383029607308552
572,0.04752348620056418,0.0459639877031181
573,0.03943385493558077,0.039275362318840545
574,0.030795327919147686,0.028793227148801837
575,0.04626026634322161,0.049275362318840554
576,0.04597286570977721,0.04217391304347823
577,0.02690038637220271,0.024312692138779124
578,0.033021421579573385,0.03412384716732536
579,0.024382675534169562,0.02201581027667976
580,0.03478565862977401,0.03502415458937197
581,0.050444107012493467,0.050421868273783865
582,0.03621052431797622,0.03565217391304354
583,0.03863208308127358,0.03744552893621217
584,0.03104530072545214,0.032367149758454006
585,0.029693336913339197,0.0288098375054896
586,0.0385502795795587,0.042125603864734296
587,0.025668904791754543,0.02553929305974073
588,0.03344253910006739,0.02975845410628014
589,0.05308693247802393,0.05483091787439609
590,0.03431652823843634,0.03306982872200265
591,0.030391396943224347,0.029758454106280252
592,0.03560448365674951,0.03541062801932371
593,0.03578617866498829,0.0341287607021572
594,0.04091045988716374,0.04043478260869565
595,0.04578056817511439,0.04300395256916989
596,0.028683378757989653,0.026079303582532187
597,0.030670121637257408,0.03218377205954848
598,0.05093691702836439,0.052077294685990205
599,0.04167742304454086,0.04362318840579704
600,0.03642591255461908,0.0379236619314105
601,0.03842697752980473,0.038124725516029856
602,0.04321227545880313,0.040913569617831325
603,0.03101435314850176,0.030460109750949704
604,0.03069170011032568,0.03101449275362317
605,0.034521091103751844,0.03295125164690377
606,0.02900524093474144,0.028454106280193292
607,0.04727694262565357,0.04768115942028989
608,0.03695001204544468,0.03515616779069214
609,0.04733049158642394,0.048332840382529774
610,0.038469345110528685,0.038695652173913075
611,0.028410489742706824,0.028954765041721564
612,0.04916175557500985,0.04792796670971444
613,0.04201411305792066,0.04156653065053231
614,0.03600827748016411,0.03734299516908213
615,0.057922136913238664,0.05981662230109436
616,0.041068352144158715,0.04245059288537545
617,0.05720301010239365,0.05939833113746151
618,0.024695634369566177,0.02460324293298899
619,0.03718711358584714,0.03798058066676224
620,0.0478706433251857,0.044975845410628046
621,0.049344945494935566,0.04785243741765477
622,0.04713561770217978,0.04519586741282827
623,0.019504334335187667,0.018019323671497556
624,0.03547621235473841,0.03479217486966091
625,0.047223540854597346,0.046174791392182724
626,0.029332447511592474,0.029113712374581824
627,0.03222729425538129,0.03160376907255952
628,0.03579484427201851,0.033381642512077314
629,0.030206810032071596,0.028205659075224265
630,0.03327562228777542,0.03425120772946855
631,0.02465158447603072,0.023952479542541594
632,0.024677679233965744,0.023760142582430477
633,0.044684690310088926,0.04423494523365373
634,0.04361406178196425,0.04325584732386295
635,0.03601616986089856,0.03536327545798057
636,0.03167399652827979,0.029223109533668523
637,0.03937028388146929,0.039266578831796184
638,0.04480235957152168,0.043540441000621766
639,0.0315360639490595,0.033413191363501904
640,0.05472569525812915,0.05447204968944097
641,0.04333365341368706,0.043249890206411956
642,0.04252657114487951,0.04217675475987498
643,0.028872868827051867,0.025265700483091846
644,0.0423490617807491,0.043628449801501934
645,0.05124104049228295,0.05132630654369774
646,0.04051015254867646,0.04196224911599178
647,0.053726052988055994,0.05492753623188401
648,0.030086261104307455,0.02687370600414074
649,0.048517901818288356,0.049033816425120724
650,0.04023052373338243,0.039082125603864704
651,0.022884932655394097,0.023491707754370095
652,0.0485210399198206,0.0492063492063492
653,0.028805784058417494,0.028067632850241497
654,0.03231729797258642,0.029855072463768118
655,0.047667423511747076,0.048973549528865956
656,0.036513820119530194,0.03714975845410623
657,0.04390053974737307,0.04319432120674349
658,0.04692704144209048,0.046658779453810584
659,0.04797253200078072,0.04931898128605594
660,0.02586103410495877,0.026599930275412187
661,0.034228350044911426,0.03367149758454108
662,0.036956826969689605,0.037660455486542344
663,0.016070471158357302,0.015929365414380225
664,0.03856341438791472,0.03772946859903381
665,0.02989225520806288,0.0310766728846798
666,0.05136056922456855,0.05179183135704879
667,0.03635864538311989,0.03624575501028365
668,0.03452347367662795,0.03278599531849191
669,0.023591656993636745,0.02392684610075907
670,0.035806304417718204,0.03561343090830821
671,0.03877713548394912,0.03859472903812122
672,0.032496931825990394,0.03160281245515856
673,0.03865288253225618,0.040676328502415426
674,0.036709938795864594,0.03603864734299511
675,0.04583196859588823,0.04338164251207732
676,0.03804846056161176,0.03733091787439624
677,0.028174420084618845,0.029033816425120818
678,0.023708283519718265,0.028502415458937225
679,0.04161074160905537,0.045086334720428556
680,0.04510476647201811,0.04523005487547488
681,0.038501021131187585,0.03861324239840869
682,0.02350546259965186,0.02377689942907335
683,0.03040837784301359,0.030329554694599803
684,0.04245420297670127,0.045217391304347765
685,0.052125594679652665,0.053574879227053174
686,0.04916258634868098,0.051008809320829795
687,0.030848895906018636,0.03167360214282294
688,0.03509236013681466,0.036666666666666736
689,0.046195597228149476,0.0464734299516909
690,0.037181443868224695,0.03729468599033803
691,0.04799213928790513,0.04619778346121062
692,0.04222934753091584,0.042995169082125584
693,0.02993388750790027,0.029130434782608627
694,0.03365523683185856,0.031835748792270524
695,0.01688954330103476,0.014614947428246539
696,0.04892783814955154,0.04714975845410624
697,0.03933798204159855,0.0434650856389987
698,0.03535309772238304,0.03621483375959078
699,0.03884792192948783,0.03932367149758442
700,0.04569368689868891,0.0456805910770105
701,0.030149600729393544,0.03204716123786283
702,0.028638702969075114,0.028405797101449304
703,0.036229112816896614,0.03603864734299517
704,0.019920227191875195,0.021210571184995697
705,0.025310140973338724,0.025120772946859826
706,0.04247630030127797,0.04128660159716063
707,0.037050865512911535,0.03729468599033814
708,0.04791316269459894,0.051480365427847175
709,0.031877866629620666,0.03227053140096625
710,0.034476164908729734,0.03165638302960733
711,0.035703858078369344,0.03410628019323669
712,0.03981051807930469,0.03787439613526561
713,0.03310264277356134,0.03290294246815989
714,0.028437800890449116,0.02579710144927544
715,0.05003046243905801,0.048058849363197154
716,0.04399422924784785,0.0440641890275984
717,0.02826788973919242,0.029091691777873407
718,0.03641720438468177,0.034484785098859494
719,0.03270319614214212,0.032657004830917935
720,0.0465213030544106,0.047707944707514216
721,0.029908600974225985,0.027668245085378074
722,0.0461394348398102,0.045155906895037345
723,0.0358685020010065,0.03519586741282826
724,0.03770228141007226,0.03681598594642066
725,0.03612092944545331,0.03647342995169078
726,0.046570673470146096,0.04816709292412619
727,0.05456771833971924,0.053987703118138
728,0.028240749326117198,0.02467307600325247
729,0.043260292551427215,0.044479839288276646
730,0.03358871015872367,0.03348782704357389
731,0.018336892520388226,0.015905086672350077
732,0.038091589754024324,0.037107077529196675
733,0.026220217165731086,0.024647247333429045
734,0.046570353961053135,0.04739130434782607
735,0.03791856325322107,0.036768763384630754
736,0.024240765356489002,0.021629336846728187
737,0.036818087355212026,0.03563399818242691
738,0.02773130613666941,0.030676328502415473
739,0.044999216018624,0.043671497584541086
740,0.03591663283867086,0.03341401464216348
741,0.02137818537926056,0.02119885635413582
742,0.04596501601884645,0.04494071146245049
743,0.034423456854775214,0.035151515151515045
744,0.044452215491847524,0.04132682833500745
745,0.04703352021975876,0.04666666666666669
746,0.03640463167927488,0.03603425559947304
747,0.025230353437217856,0.024575163398692867
748,0.027715057312835467,0.02502415458937196
749,0.04917919738491161,0.04884057971014488
750,0.033487731338790794,0.03374324388960637
751,0.04728876530282361,0.04535036112306884
752,0.05120767020169742,0.050425999121651244
753,0.024738148798931492,0.024936319718928346
754,0.046724996916864436,0.04810741687979536
755,0.028685961549062056,0.024462620175060956
756,0.029077006819688778,0.027392290249433127
757,0.046800623888465565,0.04575974899148366
758,0.05139781407047672,0.050917874396135265
759,0.03182541119562843,0.033052261747913925
760,0.029204558368249645,0.025472808150380166
761,0.030421007366470076,0.03236714975845406
762,0.02656190967348493,0.026143790849673276
763,0.028343383589375548,0.026539485359361237
764,0.04393316243151357,0.04364953886693007
765,0.038011147364073905,0.03621562156215624
766,0.03458908352456935,0.03338164251207726
767,0.028942854802140372,0.026910557666150803
768,0.03421000877961122,0.03497154063232405
769,0.03546158221829926,0.035094944277036355
770,0.04137387139605958,0.042173913043478284
771,0.01222858681514083,0.010241545893719783
772,0.04082889828626862,0.040425402185638615
773,0.04651795473176973,0.04777777777777781
774,0.03752396295415161,0.03684672815107598
775,0.020504178425070962,0.017536231884058007
776,0.04531815847049053,0.04543406514564502
777,0.04922939326699738,0.050049265796144826
778,0.03296398062283351,0.03270531400966187
779,0.04317127936210158,0.04333333333333328
780,0.03243579582200978,0.032446717817561754
781,0.0360596302231051,0.03565217391304348
782,0.03239760700396399,0.032596864832889705
783,0.025137970857563252,0.022222222222222254
784,0.04034244343936477,0.04073600454674614
785,0.051384210164373945,0.05116820377689946
786,0.029617486445813412,0.030527009222661383
787,0.01936774359855148,0.016275801493192743
788,0.02456191925420692,0.021884057971014503
789,0.03879558552692358,0.04228926353149953
790,0.036744279368244426,0.03468599033816416
791,0.028183399764674377,0.032542819499341236
792,0.03262190679042892,0.0317312432219265
793,0.023610712708783788,0.021638207298990797
794,0.02506534745194866,0.023671497584541012
795,0.026430184381446176,0.025158763660241
796,0.03296575012972519,0.03465585689003675
797,0.029136358337954416,0.02777777777777779
798,0.022922204696672888,0.022732099296886188
799,0.037481412890255084,0.04036686277323376
800,0.03815787690015432,0.03772946859903381
801,0.04535172326996467,0.04650021523891518
802,0.055068202694333046,0.05791831357048749
803,0.03825265234722697,0.03516908212560382
804,0.03304581080935309,0.03496723585402023
805,0.03344623101760369,0.035120772946859946
806,0.04548431872110981,0.048820687695368015
807,0.03518417787500272,0.034879227053140116
808,0.036192528362178344,0.03713219148001751
809,0.050444599509245236,0.04971014492753617
810,0.022917081571848352,0.016930171277997452
811,0.03813615772253204,0.036672705314009735
812,0.045191564080980795,0.04456258669345198
813,0.04534522030953053,0.042907334211682024
814,0.020647017491888797,0.022738614511514432
815,0.02749886507557381,0.025854976802028085
816,0.03934196129338652,0.03825692595878932
817,0.028351750665750963,0.026482213438735136
818,0.04206406705953053,0.0436949347108625
819,0.040126000436974785,0.03734299516908218
820,0.04394799649748371,0.043091787439613505
821,0.03158802019706036,0.02985068072024588
822,0.022377712000637706,0.021712779973649565
823,0.043743271058493016,0.045603864734299504
824,0.020393577256894058,0.020414890593918766
825,0.021861701710893078,0.0197101449275362
826,0.035637962149181024,0.03449275362318832
827,0.04443912626266755,0.04500024901638522
828,0.027756550548809766,0.027726510894212797
829,0.040367931931008016,0.039574000878348614
830,0.03601795236747851,0.03399108138238571
831,0.041890890209568266,0.0411082693947144
832,0.032425986517418404,0.03343434343434343
833,0.047017359569425654,0.04695652173913051
834,0.02181809035690807,0.020465738004783962
835,0.02974812373548813,0.03034802326727798
836,0.03520600221127773,0.03367149758454102
837,0.02806457654201905,0.030238704177322995
838,0.022919716520306832,0.023944630248978027
839,0.04551500054421942,0.04424355479026165
840,0.030285603053710586,0.030676328502415362
841,0.041114146693713105,0.040483091787439585
842,0.04222622945460319,0.04198067632850233
843,0.01788104226371645,0.018967940272288042
844,0.022527229872929377,0.02372076338068574
845,0.011003981028243737,0.009897698209718642
846,0.036642938462073726,0.038260869565217404
847,0.040097156635825915,0.04151747655583965
848,0.02785730658169322,0.026873774333955158
849,0.041554612993047246,0.042009286618826525
850,0.02169711031979915,0.025025140490978925
851,0.054245972879255366,0.0566695365188693
852,0.034260038641142854,0.0363380685894677
853,0.032140459244960395,0.03125035521454955
854,0.01934484409088899,0.01898550724637682
855,0.033862137824702876,0.03503212794897059
856,0.03320769147357355,0.031835748792270524
857,0.03560025411973755,0.0356126482213438
858,0.046348075178281045,0.0478700913569618
859,0.03002325996913735,0.031783496007098566
860,0.0335953240666253,0.03300834431269223
861,0.04543962415461339,0.04217391304347834
862,0.03614660962051963,0.03473429951690821
863,0.04310173783751331,0.04564921620822232
864,0.046243546864181084,0.0438915195867412
865,0.047494701650575843,0.049644268774703515
866,0.051715430644050375,0.052313860252004574
867,0.055540674146806246,0.05410628019323682
868,0.02777892606218829,0.027115320227674877
869,0.030123160827936535,0.029301981662230137
870,0.0414601368924703,0.04241545893719806
871,0.039454990699453074,0.038384107266094813
872,0.022129136407686767,0.02275362318840579
873,0.03567519969334565,0.03503302770383515
874,0.04123093358245161,0.03949538432104083
875,0.041767356133516675,0.03956521739130442
876,0.04406742837858707,0.04335773693909056
877,0.035023595920587236,0.03697032436162867
878,0.027836010405844713,0.025423803249890242
879,0.04619901954993044,0.04521499976084575
880,0.04617467455507346,0.044981884057971044
881,0.042165923975611974,0.04101010101010094
882,0.03434283153618095,0.035555555555555673
883,0.030896734568530315,0.03184892402283701
884,0.036657285427047326,0.0401402373247034
885,0.032651457473452494,0.031207729468599066
886,0.03411955553694673,0.03516908212560388
887,0.036163483241135996,0.03422046552481345
888,0.03853200763811815,0.037294685990338194
889,0.02944868015327451,0.027874396135265822
890,0.04870176508648988,0.04833109218586579
891,0.04357417603506636,0.03982549541555752
892,0.04037514717343843,0.039394714407502085
893,0.03805200370467554,0.03725490196078435
894,0.04072369059415781,0.04053140096618346
895,0.054820993513801486,0.05555259785073452
896,0.041422488656569056,0.04185296790548626
897,0.025611456952292944,0.02386042952121309
898,0.0212470745822419,0.020878348704435667
899,0.04327291748038914,0.04298638559508122
900,0.04478964361439708,0.04299516908212553
901,0.022551691211743274,0.018234519104084357
902,0.05093530388836176,0.05097144497058398
903,0.029925810007635334,0.027672375933245508
904,0.026289342944907923,0.023816425120772977
905,0.036493149500453514,0.038521838736988834
906,0.027171273862475198,0.02679867986798673
907,0.024942101526454763,0.025380494571196233
908,0.03127363119395288,0.029438465585688967
909,0.045051346067966846,0.04799369022971506
910,0.048104079999031324,0.047826086956521685
911,0.041232155100582535,0.03774327122153198
912,0.030676407610273015,0.030215970446149543
913,0.02781429393918272,0.028405797101449304
914,0.03272644927526386,0.031137461572244174
915,0.05449848394830242,0.054547964113181524
916,0.03159128952324047,0.03060660391453751
917,0.01122015543903937,0.012723489740278426
918,0.038012797552296806,0.03787439613526572
919,0.04482090515967024,0.046376811594202816
920,0.027886819624240056,0.02861720954704161
921,0.051978688618491586,0.053768115942029016
922,0.02509347319134253,0.025797101449275273
923,0.035663487300770125,0.03510372264847966
924,0.02788240597676972,0.029275362318840592
925,0.035624164045349405,0.03579710144927534
926,0.038659108334619274,0.03788757136583226
927,0.018952462694370564,0.021185770750988098
928,0.03374977878661328,0.0356258234519104
929,0.030520896727486313,0.02884342142654167
930,0.04524402222996088,0.04366910604103885
931,0.027540327830939793,0.028929310854776735
932,0.0242241087422968,0.023052261747913916
933,0.04072838327805506,0.04095740008783494
934,0.03436079303375017,0.03661835748792264
935,0.03887133182873481,0.03888888888888897
936,0.03246099325010965,0.03417611326350034
937,0.03467984165757748,0.03338398761784145
938,0.021687195978021268,0.023711023276240695
939,0.031962345434109085,0.02977232505859284
940,0.03225814102212693,0.033237671593246254
941,0.04443432758462096,0.04342995169082131
942,0.04124755986012152,0.038182426938346004
943,0.03665318289273306,0.03695652173913033
944,0.047376063045383,0.04487922705314007
945,0.03716534745053102,0.038572683355292126
946,0.03589045521302936,0.034691251733869
947,0.02986042638709613,0.030966183574879236
948,0.032193514752657415,0.03402283706631537
949,0.042989593100320134,0.04186649099692574
950,0.04291016410285037,0.04346544414867404
951,0.0360399852181395,0.033425559947299066
952,0.027817075063406194,0.02913043478260874
953,0.04175959969282311,0.041808963505046204
954,0.039618445098766,0.038405797101449424
955,0.03007268069423219,0.03585858585858581
956,0.040607302033831894,0.03942028985507251
957,0.03718400322329962,0.036425120772946906
958,0.04026779335073538,0.04210803689064552
959,0.018838095891099194,0.0176661507433985
960,0.03992927926162121,0.03976284584980233
961,0.04468201019439472,0.045512507772516475
962,0.03236869936407871,0.032788757136583246
963,0.039468922562764075,0.03969309462915599
964,0.02633119830386277,0.026728151075977147
965,0.028900277342417457,0.028508098891730616
966,0.03608542050907315,0.03507246376811601
967,0.034296267325004404,0.03415458937198057
968,0.04249490225391206,0.041344047448223065
969,0.04752471429655078,0.04519181585677762
970,0.03156724075401807,0.029472990777338615
971,0.04779568711218196,0.05130434782608695
972,0.05265373504302773,0.05478260869565216
973,0.03408661589819528,0.0337250681589899
974,0.03887298541543488,0.03848484848484862
975,0.036792662290239087,0.039389030974708694
976,0.034729644214634425,0.03215000747049146
977,0.020705597107781915,0.021861577462093995
978,0.03539678641325761,0.034183006535947635
979,0.03899047272670181,0.03862538427755824
980,0.04683972537173969,0.0489811155028545
981,0.03315967906130762,0.03326015210216671
982,0.04415052605216302,0.04440665805711008
983,0.036238847111966344,0.03643990929705221
984,0.04164767663981933,0.042121212121212115
985,0.025953735292991442,0.024401818698493838
986,0.049051363231787326,0.04768115942028989
987,0.03854270359243761,0.039323671497584534
988,0.033973157243424035,0.03683426993986
989,0.025175987207922912,0.024915578514373093
990,0.03634068693475956,0.0358278436539306
991,0.03568824583441671,0.033361750497300335
992,0.032562141161348146,0.03114220117663935
993,0.05064071478025939,0.047795344751866475
994,0.034991862492274706,0.034469771586698505
995,0.03423270085060626,0.035276657204044104
996,0.02688689684789114,0.02784906899301165
997,0.03543097570739867,0.03383460085138951
998,0.02647106211800776,0.02827904529583397
999,0.03946858664185082,0.03749928957090076
1000,0.052406345648965014,0.05138959931798798
1001,0.038909896685353274,0.040235862460926364
1002,0.020761048026390005,0.020289855072463725
1003,0.045705919207451845,0.04466111828574165
1004,0.029331517489748438,0.029719711101544866
1005,0.03909757703298161,0.03917874396135268
1006,0.03250806658112593,0.03169082125603867
1007,0.0384444477655857,0.03994884910485946
1008,0.03635396638743421,0.03492753623188405
1009,0.03156007305028419,0.03014492753623188
1010,0.045797135601788774,0.04530961791831356
1011,0.04153302289296962,0.03998243302591131
1012,0.04830408074114029,0.05013614404918748
1013,0.03500565101660785,0.03401064773735585
1014,0.021888618330838883,0.02177462289263521
1015,0.03611566687415685,0.038062942638713015
1016,0.030104769358441308,0.028445233165729944
1017,0.04701439786944217,0.04516908212560383
1018,0.02600950417401482,0.02507685551163813
1019,0.04363225671360216,0.04424681598594643
1020,0.03408763581940427,0.035120772946859946
1021,0.03387420113054862,0.03449275362318854
1022,0.05809870068845069,0.057307861220904754
1023,0.03645071687688206,0.03547806954608507
1024,0.040184971747453,0.03682476943346502
1025,0.044781092309522985,0.04341703735590957
1026,0.02707673512012654,0.025807624240685
1027,0.034407305550849865,0.0342306404553499
1028,0.031319899124075457,0.029283887468030678
1029,0.03882739621901904,0.03700483091787432
1030,0.029147943012672317,0.027439613526569984
1031,0.03622998512586162,0.038111550285463314
1032,0.02950126246056889,0.029776021080368975
1033,0.026168933505546443,0.025691699604743046
1034,0.03165572836459568,0.03236714975845412
1035,0.04659814363810605,0.046118046587267425
1036,0.03208766710783578,0.035700483091787416
1037,0.04083926167938451,0.039793588054457596
1038,0.046627153977581215,0.046860859999043325
1039,0.023707132874477843,0.022003156837422877
1040,0.04751491039620681,0.04608695652173911
1041,0.04557618187073181,0.046953173578227314
1042,0.04606550369621981,0.04772946859903371
1043,0.028148987795307112,0.032850241545893666
1044,0.032602831864046056,0.031019422261658325
1045,0.033991646913155926,0.03232452401250352
1046,0.039720206106571176,0.03903381642512077
1047,0.04358495451151534,0.04550724637681158
1048,0.018171681690407115,0.017160076919469025
1049,0.05112563023360134,0.050338164251207684
1050,0.024199183797224078,0.02516908212560387
1051,0.026596680698559805,0.025507246376811565
1052,0.018981618652755272,0.016557231588287535
1053,0.02456884771274087,0.022837327210981972
1054,0.04047390507486415,0.0416511216339025
1055,0.03873548204113014,0.035987848000398504
1056,0.041200367531418036,0.040875783230496954
1057,0.03854376967243672,0.037479397556123895
1058,0.03748523482038307,0.037851662404092046
1059,0.043641292552978106,0.04302277432712215
1060,0.037171973645219236,0.03574595055413465
1061,0.020388213917374998,0.019130434782608674
1062,0.038453150467220754,0.03953008344312697
1063,0.035301740341389,0.03342995169082119
1064,0.033570461541730656,0.03565217391304348
1065,0.04104794705063747,0.043271848924022804
1066,0.044779555313602226,0.04338164251207721
1067,0.03405306631784871,0.03279821627647722
1068,0.036843872190566174,0.04033816425120773
1069,0.03932058816077805,0.037998619737750206
1070,0.02865062885612224,0.026038647342995214
1071,0.02888892995224457,0.03004830917874407
1072,0.04692047793254556,0.04738365140861911
1073,0.04559090201765631,0.04314870617496536
1074,0.036561324126933414,0.035810276679841824
1075,0.03868954578433692,0.03869565217391302
1076,0.031208245359353848,0.0317827494019981
1077,0.03762006458922296,0.03677380781556416
1078,0.0297087099170259,0.02898550724637683
1079,0.031461465627383056,0.03101975414932795
1080,0.043616766582566635,0.041963457215286826
1081,0.04624494076959884,0.04608695652173911
1082,0.04298418709928059,0.04395256916996049
1083,0.03500275360284072,0.03428530832622906
1084,0.02973480231588399,0.030295770482105855
1085,0.03893129298588427,0.03916556873078619
1086,0.0394257696713583,0.039819580005915345
1087,0.037854056192570096,0.038859712058162355
1088,0.04016784485369057,0.04217391304347823
1089,0.028219989636692422,0.02623188405797111
1090,0.03808177773843291,0.03744529695936344
1091,0.04051362568567729,0.03940711462450597
1092,0.048688638958733765,0.04844227546090907
1093,0.028059263789063926,0.02724207203329032
1094,0.03225783229110879,0.031958717610891474
1095,0.0363235625415933,0.03792270531400965
1096,0.025819353639112474,0.02643390425999126
1097,0.03209982689917773,0.034387351778656094
1098,0.03767399847174141,0.035937724207203314
1099,0.03128008064342225,0.0273858259873499
1100,0.031372225499344375,0.03458937198067635
1101,0.046491399659222554,0.045529205094422376
1102,0.03097222463167537,0.03173913043478255
1103,0.015433936930328573,0.012806324110671896
1104,0.04463594333632148,0.0445023197971971
1105,0.03694225810659968,0.03541062801932365
1106,0.04144587746903683,0.04251207729468598
1107,0.02754974640718255,0.027101449275362288
1108,0.023254231765395816,0.0203864734299517
1109,0.037822556648655414,0.039763715501984875
1110,0.033957508185564034,0.03429951690821248
1111,0.04136447976289276,0.042099775194910816
1112,0.0374713885832616,0.039082125603864815
1113,0.03739468571145782,0.04008783487044354
1114,0.03781612184577643,0.03681159420289859
1115,0.0375161072688977,0.0366139657444004
1116,0.034999783418485864,0.032389883489627735
1117,0.037750474122203725,0.0371014492753623
1118,0.02211376353360378,0.02167945439045188
1119,0.029335330834445728,0.029420289855072446
1120,0.039432807005096826,0.03777777777777769
1121,0.0461655563070591,0.0452972493345164
1122,0.04500066372674988,0.04599033816425119
1123,0.0385624099695821,0.03852903480232667
1124,0.04159842767761024,0.04174439183048734
1125,0.04244719757017068,0.0431721433012866
1126,0.03330528234208019,0.032318840579710184
1127,0.04788234419018822,0.047536231884058144
1128,0.05151593526185466,0.05207729468599037
1129,0.031987515632324826,0.03182786157941436
1130,0.03438372195544381,0.03594301488711432
1131,0.027773373236910925,0.027729468599033802
1132,0.04318687099411922,0.0429833382628414
1133,0.05193436692196929,0.05132348017410443
1134,0.029951777263788615,0.027527622327450096
1135,0.03346849421088838,0.03536231884057972
1136,0.05344807222001807,0.05456741326306541
1137,0.028991075781572784,0.02637309550353023
1138,0.03421387357151168,0.03531685137823248
1139,0.027829914288424185,0.026839199447895146
1140,0.048595646386548064,0.04619494174481381
1141,0.05224056155500667,0.05180518584245286
1142,0.03582275499698656,0.034207290294246795
1143,0.03294453684069559,0.030689242837327213
1144,0.030464645963384496,0.02815107597716293
1145,0.03479213323442232,0.03606208446931647
1146,0.0330960865866311,0.032652613087395754
1147,0.031008284180638057,0.029889173060528518
1148,0.0342817099718396,0.03382960035133942
1149,0.04098616396682736,0.04077010514350665
1150,0.05056695118311416,0.050676328502415435
1151,0.02947256522921471,0.02768400113668662
1152,0.038512053015786696,0.03734299516908213
1153,0.03883209403799953,0.03734299516908213
1154,0.026347707005895005,0.022718228344573543
1155,0.03840546733390782,0.03681598594642077
1156,0.03683669589848776,0.03717654374133067
1157,0.03551606836894616,0.03574879227053146
1158,0.035809667273213164,0.03577075098814231
1159,0.025701213877340034,0.025700483091787407
1160,0.04597628159564593,0.04838823012736054
1161,0.026136764121985012,0.02654517625675612
1162,0.03660885889108523,0.039420289855072455
1163,0.030992877691061127,0.028397271952259218
1164,0.039204991343106455,0.038520591189553754
1165,0.024466302276977492,0.022591128678085215
1166,0.03416030773750128,0.034032142344669225
1167,0.05213050982441869,0.05334385612474296
1168,0.032738388446896916,0.033114267948534004
1169,0.03806954293146647,0.039178743961352624
1170,0.029527075679999015,0.02773834171349704
1171,0.03217955192242883,0.029582784365393133
1172,0.03807210094372643,0.036210360166451405
1173,0.03962133627196668,0.03826965305226182
1174,0.049547875346900805,0.04755010283637062
1175,0.03828031044310709,0.038019323671497574
1176,0.02064102842346799,0.017620186670418814
1177,0.033237808737748065,0.03346508563899869
1178,0.0396958756567487,0.03801932367149763
1179,0.021578541153432884,0.021220904699165488
1180,0.04357267873198961,0.04339016766126741
1181,0.037268969708084465,0.03301685891747996
1182,0.02402994378557194,0.023790029383933542
1183,0.03186201483678147,0.03130434782608699
1184,0.03683292220287654,0.03687903572965989
1185,0.02807649407378998,0.026820377689942887
1186,0.03160323897335143,0.03337595907928387
1187,0.019997049701421743,0.019903381642512097
1188,0.02985051047480891,0.02832674571805005
1189,0.02187935525871343,0.019298096050014257
1190,0.04181287618491597,0.041186039633244576
1191,0.03683159898945215,0.03806763285024162
1192,0.036353526301696526,0.03694360740421865
1193,0.050473406654569675,0.04832810398924248
1194,0.04320048401901527,0.04119976094427008
1195,0.02588943824959078,0.025761967501097993
1196,0.052820692708355155,0.05250419008182983
1197,0.03216532251122539,0.0352657004830918
1198,0.020831780107986198,0.021361440491875328
1199,0.04087056195657135,0.04165129556433905
1200,0.03206900833027698,0.03154589371980682
1201,0.03339792872507652,0.032621870882740434
1202,0.01592385342660063,0.013496007098491636
1203,0.04788822104750562,0.04888888888888887
1204,0.04788995356323422,0.04678157684911599
1205,0.04513842185775424,0.04647058823529415
1206,0.03848557697233007,0.038973549528866
1207,0.04168428546334019,0.04038647342995172
1208,0.03994868854927952,0.04124183006535942
1209,0.03476910092378721,0.03546850337207624
1210,0.036652928769742465,0.03969696969696973
1211,0.03279592684989835,0.03483889123399464
1212,0.04330374530814385,0.04241545893719817
1213,0.02326998494605048,0.0213000430477831
1214,0.051988571282056306,0.04996651839096955
1215,0.029000703828574503,0.02840579710144925
1216,0.037671267129867514,0.03601229688186208
1217,0.039452666617590004,0.04002678528722442
1218,0.04775494899728827,0.04636498077491874
1219,0.04534008579992499,0.04369493471086233
1220,0.031211402674645394,0.030421965887804436
1221,0.024041270893964017,0.024154589371980728
1222,0.034350949622888594,0.03295573301784477
1223,0.047761883612800315,0.05120772946859903
1224,0.04350706496263945,0.044330259112867754
1225,0.02734416293423536,0.02987263943785684
1226,0.04617181115067731,0.046521739130434836
1227,0.024628293501087917,0.025151863012388198
1228,0.024128605996384223,0.025314009661835835
1229,0.023586271726536934,0.023574879227053036
1230,0.04945717796328075,0.0479929732103645
1231,0.037718717706804794,0.03415458937198068
1232,0.02280286964806999,0.02125838375310729
1233,0.0434116082739468,0.04112206783206329
1234,0.056804542892532006,0.05545893719806766
1235,0.041483665784832036,0.04130434782608694
1236,0.039719961262767334,0.03972332015810276
1237,0.0262759428962393,0.024773999139044323
1238,0.030843645243658624,0.02913840814220714
1239,0.02716928981035488,0.02507246376811595
1240,0.03342915188980328,0.031128161409491373
1241,0.03583890731554046,0.036840011366865544
1242,0.03794254214758275,0.03622719384644252
1243,0.03886381435798514,0.04042689539583949
1244,0.022918384588936747,0.020676328502415464
1245,0.035120907601823736,0.03491436100131756
1246,0.03456884999766474,0.033557660113837484
1247,0.03965498524357208,0.03864734299516903
1248,0.03578463402423815,0.03693017127799736
1249,0.04419267603706306,0.04435919295254326
1250,0.038807274055807306,0.037174162059863625
1251,0.030704825141865955,0.0320421607378128
1252,0.046627732028953484,0.047483530961791864
1253,0.05488938464968135,0.05473429951690817
1254,0.03562838746964997,0.035108815229348944
1255,0.03913582767514534,0.03772059548457063
1256,0.04390665570401536,0.04516029863855947
1257,0.03657289524373819,0.03613526570048309
1258,0.0377056218011485,0.03864734299516903
1259,0.02720409027839582,0.028217489894508452
1260,0.027247685387148002,0.02428660257330084
1261,0.04516876962200195,0.04906895037329817
1262,0.042512426727581765,0.04390204237815093
1263,0.034003123926114265,0.034252164346869396
1264,0.04693120716837246,0.0471378007365954
1265,0.04449368826603789,0.04540623627580154
1266,0.04488180715713119,0.04333859472903806
1267,0.03638682507698393,0.03789251207729477
1268,0.050004582161308764,0.05026498302004112
1269,0.0356777659409675,0.035217391304347756
1270,0.04203833462395279,0.038564595589993755
1271,0.0312747136962071,0.03028985507246379
1272,0.036278074800064064,0.03494510320597277
1273,0.02441738312171704,0.023496993000098554
1274,0.03244278655390154,0.031932367149758445
1275,0.03005542389600757,0.02995169082125604
1276,0.044419109898431564,0.04528837622005316
1277,0.029052743422049054,0.028454106280193292
1278,0.04823956575844829,0.04873200363514607
1279,0.054083483698519674,0.056108915239349966
1280,0.03992300492523182,0.03888888888888892
1281,0.04488206126170308,0.046251776072747885
1282,0.042621583395918206,0.043285024154589236
1283,0.04547503727207386,0.04603099440378822
1284,0.052117444683944636,0.05290381212034245
1285,0.03855742884844088,0.03758454106280201
1286,0.045452416345114766,0.0444444444444444
1287,0.04472337820496952,0.04647342995169085
1288,0.030029604585228298,0.029903381642512106
1289,0.04795070201702201,0.048530832622904196
1290,0.05355742520979795,0.05671593246281148
1291,0.032367896757338144,0.03298321136461463
1292,0.020905710163561464,0.021007457436330312
1293,0.035976703207861616,0.03827916139017873
1294,0.034315532143169014,0.03242812250832511
1295,0.023703143580670438,0.021111111111111136
1296,0.019588759874889172,0.01944224857268345
1297,0.030886205830201907,0.029951690821255927
1298,0.037812463410830444,0.038599033816425155
1299,0.048322957986352444,0.04727299615498376
1300,0.034181094974754245,0.03443655723158828
1301,0.043085404612615896,0.045458937198067706
1302,0.03679786978608435,0.035635413585724085
1303,0.03220917530707734,0.03154589371980682
1304,0.041006056670157665,0.041643468694695596
1305,0.0311071556801229,0.03328502415458939
1306,0.036011627535901036,0.03428194993412387
1307,0.029984468400300612,0.027101449275362233
1308,0.027457635819184423,0.026436077493899146
1309,0.03921567764871664,0.04050065876152836
1310,0.033207196090120905,0.031256038647343
1311,0.03310662111161594,0.034202898550724614
1312,0.039344966107955126,0.03768115942028982
1313,0.03376219336703018,0.03658322353974525
1314,0.032776461502600496,0.030917874396135248
1315,0.03712437814670977,0.039389547650417134
1316,0.030792892806562944,0.030724637681159406
1317,0.04500882659817368,0.04472551602986374
1318,0.023704487424921983,0.023605621431708468
1319,0.038398337572220165,0.03769072559429848
1320,0.030307543866104125,0.026943705018239228
1321,0.03737193761875951,0.03473429951690815
1322,0.03913208383070127,0.03519586741282832
1323,0.021141626014813952,0.02112498206342367
1324,0.030391976972355184,0.028234519104084255
1325,0.04058750298082714,0.04105491471951095
1326,0.026355677801123023,0.027281510759771643
1327,0.024027206628442654,0.02600947051226865
1328,0.02485563812392516,0.025748792270531506
1329,0.02557001573452511,0.024637681159420277
1330,0.038716745303724764,0.039846547314577985
1331,0.05365402260777874,0.05569169960474307
1332,0.02059022316424869,0.019033816425120864
1333,0.04630713260101921,0.045845410628019334
1334,0.03890343391916801,0.04090591667862442
1335,0.03974460399670582,0.04170469220835121
1336,0.0530296162900491,0.05033532253481099
1337,0.0374672039723008,0.03521404314344484
1338,0.025766540889509415,0.02251207729468596
1339,0.03527772862038908,0.03400966183574872
1340,0.04429666262796461,0.04400087834870442
1341,0.046427345793174424,0.046130873956960916
1342,0.045554099998343256,0.04647342995169079
1343,0.03415483406077369,0.03410723681063754
1344,0.03845595364836796,0.03975845410628026
1345,0.0228221900029677,0.020026785287224458
1346,0.04211433408067744,0.041081727177648186
1347,0.04590153505330219,0.045987848000398346
1348,0.027502532949263303,0.02561773568661213
1349,0.052546221640165924,0.05454545454545451
1350,0.042601107021493,0.041787439613526545
1351,0.03484711397910156,0.03456354331085276
1352,0.03356188828093326,0.030853302721576437
1353,0.02724968543701345,0.026522650624373367
1354,0.03751115542240652,0.03660130718954252
1355,0.03039727772621853,0.02866982350408953
1356,0.04535185258594271,0.04668145519077188
1357,0.03325252155482289,0.03349547998278085
1358,0.038992631578274206,0.03781747739991387
1359,0.028454721130889038,0.028616084114805318
1360,0.031692755547507945,0.03065480461089587
1361,0.04488358775564266,0.04470794905577502
1362,0.025256131049396058,0.026759936863251677
1363,0.043023334402681745,0.04289855072463761
1364,0.04452773036750962,0.04599033816425119
1365,0.01912179643970291,0.02008274740517524
1366,0.04027547720486324,0.03908212560386476
1367,0.03207826753918719,0.03318446219067345
1368,0.034545131073306756,0.03217391304347822
1369,0.04931422048346984,0.05276240667545007
1370,0.042862082837103355,0.0444444444444444
1371,0.03249054428561121,0.031769872639437924
1372,0.03055265647361849,0.02774651889741403
1373,0.03280980146015977,0.03224039795283873
1374,0.051320618045466615,0.04956521739130426
1375,0.060538823836582156,0.06273686286108648
1376,0.047269988969884436,0.04805006587615279
1377,0.04426342477364126,0.0444444444444444
1378,0.0370901807986847,0.03589371980676337
1379,0.040251094993962455,0.04076529392069639
1380,0.03349752255676136,0.029806763285024185
1381,0.04885334149997406,0.04996047430830042
1382,0.056177761469180076,0.0562811498541157
1383,0.027568109929111462,0.027799193186911597
1384,0.029117476765283257,0.02994738604295205
1385,0.034014122496212995,0.03685990338164252
1386,0.04028479508274546,0.03633806858946759
1387,0.05112434692708567,0.051304347826086893
1388,0.03601378559756635,0.03795810015784179
1389,0.02866334076481214,0.029978584590865998
1390,0.0353968440826421,0.03694334650856396
1391,0.030628148115772802,0.03055802030957311
1392,0.037721133140035445,0.03994316567206585
1393,0.0310832699393937,0.029472990777338615
1394,0.03617864585502595,0.033320418998421475
1395,0.04855965981816451,0.050159716060337256
1396,0.03629999077328783,0.037575757575757596
1397,0.03624504881929003,0.03372937293729372
1398,0.037006280329126284,0.03640316205533595
1399,0.038384292828335054,0.039809605001420834
1400,0.027931338294933328,0.02932169969437043
1401,0.0391751240553323,0.03950495049504943
1402,0.0405558506172648,0.038695652173913075
1403,0.045732511978652635,0.045217391304347765
1404,0.04097294659648648,0.04045674132630661
1405,0.022546757954551078,0.02244875943905078
1406,0.007816581165576542,0.0054149327976276695
1407,0.015651855941244464,0.014750246236105324
1408,0.022315554954024597,0.02408638817845976
1409,0.0533863442302846,0.05374346840185351
1410,0.029156456062656044,0.027342995169082174
1411,0.028089514856321995,0.02589371980676325
1412,0.028910825531548556,0.02971014492753621
1413,0.04125601659556111,0.03937198067632841
1414,0.03173958376847513,0.03179183135704872
1415,0.029379907478888523,0.027624066754501464
1416,0.04256875249591191,0.04146307798481713
1417,0.02501424954275583,0.022981993851559135
1418,0.044592371283857346,0.04346534653465339
1419,0.0225702237697068,0.020338164251207824
1420,0.0283682465537497,0.027383651408619092
1421,0.042942823267102304,0.042657004830917944
1422,0.03556297700372546,0.03586736934563023
1423,0.046247091040301114,0.04489627735152035
1424,0.03432303415494653,0.037248290046395904
1425,0.041374147659197225,0.038634167764602434
1426,0.037870802035576856,0.03879666227492318
1427,0.03803615131881238,0.03913043478260869
1428,0.023944514704454856,0.02328502415458933
1429,0.04282231013808302,0.0427813650930311
1430,0.027228097411466867,0.02555555555555561
1431,0.05255960601083898,0.05434343434343425
1432,0.03336445427172724,0.033236714975845405
1433,0.02715841084977816,0.027050748553116177
1434,0.0368904300113897,0.03647342995169078
1435,0.029696011091963903,0.027264123040520505
1436,0.03020379174210558,0.027874396135265656
1437,0.03764131752962224,0.038159859464207246
1438,0.04571409878728511,0.048647342995169096
1439,0.03761803771609651,0.03818396923986994
1440,0.03013554511525135,0.030946291560102313
1441,0.04524350282534845,0.04363636363636364
1442,0.03761141763528586,0.035502854633289394
1443,0.028160006258701298,0.02922705314009655
1444,0.018202165335796716,0.018674128282393454
1445,0.036319881077490956,0.03468599033816422
1446,0.049190353223721006,0.04867494824016555
1447,0.03841105521084143,0.03823012736056208
1448,0.040607237814282104,0.041059960215970415
1449,0.025200069936699987,0.023387120872553457
1450,0.04846594337795024,0.04865302642796243
1451,0.030554833784438573,0.029016766126740534
1452,0.04221788504986812,0.04342995169082137
1453,0.033413176407201095,0.03804610895872196
1454,0.035140476561937806,0.03429951690821248
1455,0.031118554622908745,0.03193335305136541
1456,0.035725232955388264,0.0348877522023302
1457,0.03049592565763476,0.03072463768115946
1458,0.040677609512425605,0.03998513563730954
1459,0.03402598456252104,0.03517003874300473
1460,0.02171632702209786,0.021558808054718492
1461,0.03914651252489276,0.03929353804945718
1462,0.03892502233411205,0.03792270531400965
1463,0.03896475353210305,0.03647342995169078
1464,0.033545697432630084,0.03338164251207726
1465,0.047914892027735634,0.04748457454441091
1466,0.03381423167356851,0.03140974967061916
1467,0.0375734563868893,0.03797101449275364
1468,0.03803624242755782,0.03726911054276788
1469,0.029733833659648767,0.0263817411022379
1470,0.04898995151986202,0.04790598290598286
1471,0.03777307027984883,0.03709810111445927
1472,0.03206174158244518,0.032173913043478386
1473,0.02590557466384852,0.02817742643829596
1474,0.03371414712850562,0.03198067632850243
1475,0.02174052633129714,0.020447957839262232
1476,0.03496273614311385,0.03609134826526128
1477,0.02464038500508625,0.02192358366271402
1478,0.041416710646489885,0.041442579040512795
1479,0.04455698648731499,0.0445238436887167
1480,0.03364498639714231,0.03128712871287137
1481,0.03379400335514188,0.03148905939187274
1482,0.033526518310946996,0.033017902813299194
1483,0.0308616757404237,0.03019323671497587
1484,0.03642935260676783,0.03833113746157224
1485,0.03574753681029974,0.036504688832054544
1486,0.03757775014817866,0.03558710440698015
1487,0.03516340105163235,0.03468599033816422
1488,0.042757419601011926,0.04333333333333317
1489,0.04092048108770002,0.04209116563830301
1490,0.025267312431950684,0.025679779158040095
1491,0.03140351794632201,0.03352657004830928
1492,0.0301965295655241,0.029223704979193577
1493,0.029983111135912788,0.02932367149758458
1494,0.032718699611571644,0.02975406236275807
1495,0.04030701910323514,0.03939015640694493
1496,0.03484281123996352,0.0328194993412384
1497,0.040355754281338474,0.04357238906320032
1498,0.034175827824454774,0.03516908212560377
1499,0.027628456155456893,0.027733860342555983
1500,0.03368565282914088,0.03537284163198934
1501,0.034111753563036695,0.0326530612244898
1502,0.04972911629708332,0.052705314009661774
1503,0.038407670118699055,0.036271583680107244
1504,0.04362683319074423,0.043293633711197266
1505,0.03303365975232597,0.03161616161616165
1506,0.03541237364605815,0.03640359688142725
1507,0.04423464662755483,0.04570048309178748
1508,0.036378643101729724,0.03754501537110233
1509,0.023467568611498346,0.023386034255599486
1510,0.049830081178810104,0.05208168642951255
1511,0.030392507212205655,0.030338164251207833
1512,0.030093834290201404,0.029881422924901202
1513,0.051421537701495657,0.05106280193236734
1514,0.0486252858268828,0.0482092122255704
1515,0.03367134610965056,0.03140096618357491
1516,0.047228698618413834,0.04589371980676321
1517,0.028377112830939022,0.02872200263504615
1518,0.02500626456263655,0.02612105711849949
1519,0.0335509643446022,0.03527861481800343
1520,0.0393614501610528,0.039516908212560375
1521,0.02821398131400582,0.027480269766107013
1522,0.03881939910787385,0.03442455242966752
1523,0.030868259793095543,0.0277349469595099
1524,0.03753233150151325,0.03816425120772943
1525,0.04748460302806218,0.045703324808184065
1526,0.037650651695425086,0.03664944755345095
1527,0.03664140285923417,0.03724637681159415
1528,0.04530351280085787,0.043848471803702105
1529,0.029978915785414673,0.02967827083022062
1530,0.025380428822451895,0.025261308739569555
1531,0.03549802043478484,0.03386473429951692
1532,0.04537088327403582,0.044800175669740816
1533,0.03894142016787783,0.03766834269939856
1534,0.03370425292787138,0.032415458937197994
1535,0.04161071540263739,0.039819938515590736
1536,0.023392377442320145,0.024476979197476156
1537,0.04801756126940088,0.047488879322714894
1538,0.028433635166470794,0.027936576266322344
1539,0.03188136964947652,0.03273392429998595
1540,0.03443765157051282,0.032512077294686026
1541,0.04155069035080472,0.04284593676758974
1542,0.031929125909091804,0.03381642512077293
1543,0.037301261501885286,0.03607378129117256
1544,0.026854463962875164,0.026008513894867746
1545,0.030488978368096553,0.030483091787439687
1546,0.021862514610223704,0.02034384768400116
1547,0.03415220137504715,0.03649978041282387
1548,0.0404642377545717,0.03859025032938079
1549,0.018856407848500845,0.017067011048930936
1550,0.043499870784213746,0.04164251207729469
1551,0.04355644856855356,0.0442885158081025
1552,0.027577955434024692,0.023113746157224446
1553,0.02046757931453247,0.019824330259112788
1554,0.03989961229030825,0.04114185331576642
1555,0.03657412119076253,0.03584541062801927
1556,0.04960450348812834,0.049371980676328475
1557,0.03574194610203363,0.03444728616084114
1558,0.026065152462731445,0.02541062801932359
1559,0.01885075949065612,0.02011082693947136
1560,0.017564990724462215,0.017726626882637042
1561,0.027998951568359187,0.025598884406593914
1562,0.03196121628002291,0.02907958301550978
1563,0.037502004657118726,0.03434782608695652
1564,0.033758887141421,0.03293982458608885
1565,0.0322050538272331,0.03246376811594209
1566,0.04106690834823967,0.041037226484796796
1567,0.04058489419173622,0.041866704188358916
1568,0.05091398276399983,0.049141391503560894
1569,0.050082019804956246,0.05077294685990341
1570,0.050971527816356554,0.051014492753623186
1571,0.0304644629254599,0.03099378881987569
1572,0.03141636985240931,0.027892687960227036
1573,0.031241582593176276,0.030628019323671596
1574,0.04329708114830694,0.04768115942028989
1575,0.024473955964600447,0.02819938515590692
1576,0.04362280455417111,0.04373702587650069
1577,0.011184224224894235,0.011318556408070446
1578,0.04253281483691651,0.04578132702356291
1579,0.04045585048341355,0.03945578231292518
1580,0.02942079174764506,0.028120333772507666
1581,0.024896164724587666,0.02635265700483086
1582,0.04540679579495227,0.04774703557312254
1583,0.04273659111635919,0.04105722779635823
1584,0.04388017530427618,0.04067632850241537
1585,0.03168184051749812,0.030026350461133056
1586,0.04183287206985642,0.04114746257234414
1587,0.034251342809214436,0.03535186015239811
1588,0.049026165599253435,0.051664470794905604
1589,0.040432040713456574,0.040827294685990334
1590,0.04402812595106548,0.043271848924022804
1591,0.03522452350955729,0.034019228009757485
1592,0.031999961275078426,0.032508729133783
1593,0.032216372869037224,0.033719806763284954
1594,0.04372247368696225,0.041062801932367166
1595,0.03329444587432001,0.03304347826086951
1596,0.026252222253230317,0.024444444444444435
1597,0.0359506276911139,0.03577720943449847
1598,0.030909411054996283,0.03028985507246368
1599,0.03170646132342897,0.030351339481774153
1600,0.04548967161943074,0.0449854115846367
1601,0.03189860046613835,0.030434782608695643
1602,0.03308254960292095,0.03387790953008335
1603,0.03356745902462155,0.03337595907928392
1604,0.029978814846166768,0.029964866051822525
1605,0.033629099655714645,0.03313244367915047
1606,0.03910954387855958,0.04028985507246369
1607,0.029401059391112982,0.03214532189687469
1608,0.03473261068398015,0.034769694360740455
1609,0.0398069549721069,0.04033377250768555
1610,0.0357420745314444,0.03647342995169084
1611,0.04851281921847572,0.049478165207825164
1612,0.03485235674972681,0.03489679402722884
1613,0.021181414677271415,0.01768115942028986
1614,0.04339071295091612,0.04274923144488363
1615,0.03381535715136097,0.03285024154589378
1616,0.03465213045047527,0.03425120772946855
1617,0.04100933328296408,0.04011479408810448
1618,0.03800278900368281,0.03898550724637678
1619,0.05256810539607404,0.04990831115054711
1620,0.03611697892466448,0.0364822134387352
1621,0.05131089747479589,0.051769872639437775
1622,0.04039068430542342,0.03778638733438561
1623,0.05998621555691025,0.060804036925431626
1624,0.02602785216915443,0.026118215402102796
1625,0.03960694564791739,0.040096618357487956
1626,0.03770569126645179,0.03964426877470356
1627,0.03260989737333436,0.02901212658976632
1628,0.04801561206665128,0.04850241545893719
1629,0.01855362124724863,0.015155906895037374
1630,0.03878953639686178,0.03840579710144926
1631,0.0301950691106887,0.02950829865595256
1632,0.04288961042334877,0.03984240889264101
1633,0.04441297245742376,0.0440184453227932
1634,0.037102823717147626,0.03495001674080461
1635,0.03610300799259486,0.03602986385595075
1636,0.0276906484088858,0.02884584110584959
1637,0.04108373548631,0.04411945542380319
1638,0.04401030796098032,0.04364953886693024
1639,0.04097181912368164,0.04256137237503693
1640,0.0222630454738883,0.022367149758454163
1641,0.02872634965705284,0.026490996925779497
1642,0.040978759833517064,0.04191610465394363
1643,0.058856341927431,0.06140535792709706
1644,0.03875683999063767,0.036666666666666625
1645,0.04162415764720928,0.041603769072559416
1646,0.033263979153671186,0.032178842551513376
1647,0.03608246925170311,0.03434782608695652
1648,0.03149507016736458,0.03021236906299324
1649,0.02816838358038609,0.030370210934137
1650,0.03965449712059688,0.04222222222222222
1651,0.030698111935775763,0.027097057531840107
1652,0.03981426800878424,0.03797101449275364
1653,0.03689705506136154,0.03280477408354643
1654,0.0391132546079046,0.03943785682916112
1655,0.025546797094256335,0.025970446149474247
1656,0.02462973930831125,0.024290907351604718
1657,0.04281984954176821,0.039384895011240206
1658,0.03257580494216167,0.03318840579710142
1659,0.01831730410506721,0.017119195504288698
1660,0.03566491209040196,0.035846367245420174
1661,0.03994416682229679,0.040917874396135256
1662,0.03329383390107926,0.033693456302151814
1663,0.03974450819470382,0.039371980676328466
1664,0.029079333815678732,0.027528263359728966
1665,0.042949288960592136,0.04379446640316209
1666,0.04522771298796696,0.04565656565656567
1667,0.031477280726695755,0.031159420289855022
1668,0.03836416611073107,0.03849363197189287
1669,0.037789618786026546,0.036837944664031674
1670,0.0344308941535128,0.033970136144049146
1671,0.0394687587315265,0.038661213947481676
1672,0.05117856154283551,0.0489371980676328
1673,0.03937720371425618,0.03792270531400965
1674,0.04197218737428782,0.039917590224495536
1675,0.04457200551577595,0.04310496267017999
1676,0.03589996442202886,0.03536231884057961
1677,0.04872626292176507,0.04917874396135269
1678,0.03925791090579789,0.03815133687281774
1679,0.03583494774159601,0.03367149758454102
1680,0.038752916295771656,0.037628906635117865
1681,0.03375131129795206,0.03467462347257744
1682,0.04366723087748303,0.04067632850241537
1683,0.03978848319008288,0.038358473824312234
1684,0.037485434573455545,0.040176186416595594
1685,0.021625660559418447,0.022364308042057246
1686,0.03320948944774432,0.03019695280564838
1687,0.03900512029106984,0.038485196345721506
1688,0.02638847437447045,0.026055082424423448
1689,0.04296624408709293,0.04362079686229492
1690,0.03439565928853733,0.03386042952121299
1691,0.02736555023509535,0.0259508124725516
1692,0.03507203678862031,0.033658680863649815
1693,0.03852791310153325,0.038418972332015744
1694,0.03951289652065987,0.0395790883436169
1695,0.0334006724436926,0.03125603864734294
1696,0.035092025002293525,0.03188171286525021
1697,0.028275837492770628,0.02988281436839335
1698,0.03706920028791394,0.033455527138391505
1699,0.02717883119373593,0.026943346508563948
1700,0.03610648351737766,0.03543310852824416
1701,0.0330224113928384,0.032534811025859534
1702,0.021260190482282004,0.01976723759332466
1703,0.01932469750255622,0.019995608256477837
1704,0.03945996707247085,0.03878348704435658
1705,0.03539774931271189,0.033913043478260796
1706,0.04545802815062766,0.047713206103219
1707,0.035372558746479876,0.03464052287581698
1708,0.024228836657342212,0.022560386473430005
1709,0.023035779341767204,0.024659639877031125
1710,0.02603926550320429,0.02719367588932803
1711,0.023761904669529432,0.023671497584541124
1712,0.03912179841285973,0.03836627140974974
1713,0.03892549609521212,0.03846462907160281
1714,0.037524487831329334,0.03428634167764605
1715,0.039241692801252226,0.035884936319718896
1716,0.028231354393218777,0.02639498732481954
1717,0.04617064837524543,0.04966279236619303
1718,0.03299947388818303,0.03383143379766412
1719,0.043896330517594506,0.043065958769790025
1720,0.040318725904453456,0.042360248447204985
1721,0.031561448776933065,0.032657004830917824
1722,0.0262089085717207,0.023395445134575643
1723,0.04153745145624649,0.042206285173564506
1724,0.02591175653730282,0.023803608399881715
1725,0.01831677298034262,0.017070886325544765
1726,0.033753859057380264,0.03641194554238025
1727,0.03396130829905081,0.031207729468599066
1728,0.03178420660892306,0.03203776899429078
1729,0.033963785675950486,0.03367149758454102
1730,0.04785939324110133,0.04878832692497298
1731,0.03166351232021214,0.03241545893719788
1732,0.032476577157878384,0.033381642512077286
1733,0.05510167214472722,0.05353642906437933
1734,0.03944195638423326,0.03914916691314202
1735,0.03246124838673653,0.03379885814668432
1736,0.029653533849342828,0.028908780903665776
1737,0.026667170450518585,0.024467120181405788
1738,0.04080617441529477,0.04111111111111121
1739,0.03952164856108986,0.03749222748361786
1740,0.049466111188652795,0.05028985507246386
1741,0.04352906743539808,0.04536231884057973
1742,0.029678015088707543,0.028296264409049532
1743,0.012998788807023487,0.013161620509877126
1744,0.03948079182459985,0.03983880996795325
1745,0.0346646322029559,0.03411919452814849
1746,0.04481680945190836,0.04400966183574884
1747,0.03995134089727792,0.036394378568291585
1748,0.02146879133180568,0.022028985507246412
1749,0.03964563219329004,0.038840579710144985
1750,0.028103881185949087,0.02744400527009222
1751,0.030142864528736935,0.029886621315192707
1752,0.0381674817805599,0.03878787878787876
1753,0.020073858735644823,0.019999999999999962
1754,0.02483311995735915,0.024347826086956514
1755,0.03716364815661166,0.034685990338164274
1756,0.04637926058143088,0.04652173913043478
1757,0.03765960065325735,0.03733860342556006
1758,0.03642557241104033,0.03461626575028637
1759,0.04263455379022596,0.0443537414965986
1760,0.024309340953084957,0.023429951690821238
1761,0.04430020399627768,0.04400966183574878
1762,0.042421984815622316,0.04405797101449266
1763,0.04192397221381111,0.04277558190601671
1764,0.03146713837579712,0.028629051170207864
1765,0.02109896302813774,0.020772946859903385
1766,0.0311689563621953,0.029903381642512106
1767,0.02438025585716641,0.026903820816864266
1768,0.036655367743791245,0.03469630880352703
1769,0.04010301221132068,0.040241545893719866
1770,0.04955272637477287,0.049516908212560384
1771,0.0469150293463792,0.04999999999999999
1772,0.03804891039751934,0.037791580400276026
1773,0.034011931693517905,0.033088945723216856
1774,0.03873211451181413,0.03805997991103455
1775,0.032331889765797206,0.03149758454106283
1776,0.03290528165715534,0.03340853628168727
1777,0.03542733558172806,0.03444005270092226
1778,0.04277953182553934,0.04200263504611329
1779,0.031353082079938754,0.03153168513782334
1780,0.04103768282778697,0.041128678085199766
1781,0.03651483903663777,0.035310661500932705
1782,0.04238865065089087,0.041243375076215893
1783,0.03546658120444934,0.035837757688812366
1784,0.039548698488357514,0.039420289855072344
1785,0.0321940956951271,0.03207260447446186
1786,0.02961952328104278,0.027300369423131576
1787,0.04200364414568625,0.041187837453822096
1788,0.039821776644478724,0.042065927820403526
1789,0.03503169143985224,0.034796479647964784
1790,0.031905575817203546,0.0354900272635959
1791,0.02329187051396947,0.024139580695089258
1792,0.029509670389773812,0.027733860342555983
1793,0.016116652959174527,0.015625823451910437
1794,0.04595233520737646,0.045160298638559415
1795,0.03099360271293644,0.027345340274846308
1796,0.0351548522047298,0.03599655617735681
1797,0.041627571156768906,0.041603769072559416
1798,0.043319026481739686,0.04292964079016598
1799,0.034634462782866415,0.03437556799158176
1800,0.03174888920280311,0.0310628019323671
1801,0.021283482251706565,0.0198866213151927
1802,0.033166521866277554,0.033834716945734256
1803,0.03632334986896302,0.03570487483530965
1804,0.039764860485247244,0.03849802371541511
1805,0.033758506358374796,0.033236714975845516
1806,0.029551857009249727,0.029126043039086502
1807,0.01704231806789097,0.017866508922409596
1808,0.044425139088029364,0.04250419008182976
1809,0.051427744132166386,0.04908496732026135
1810,0.029679224486361733,0.030695460850432843
1811,0.033826442787411426,0.033478260869565235
1812,0.0299236581052727,0.03222222222222221
1813,0.056376582924225094,0.055458937198067604
1814,0.04356469343792996,0.040096618357487956
1815,0.028490358858393572,0.027580149319279657
1816,0.0270816847911729,0.028309178743961327
1817,0.024982680130071433,0.024444444444444435
1818,0.06076220551285083,0.06233873259448708
1819,0.034541317188559184,0.03427316644707956
1820,0.02292015736739922,0.023822108553566312
1821,0.027471653263716034,0.02648195510088086
1822,0.024585167259759066,0.024455811310031328
1823,0.03638263544143322,0.037382520860781754
1824,0.03601719482014826,0.035912645052044445
1825,0.03969747799366896,0.04101449275362323
1826,0.04216118427348847,0.038843421426541624
1827,0.03740879244844858,0.03899142265601885
1828,0.047334907445895746,0.04717736369910286
1829,0.0318576088241912,0.03294216969185304
1830,0.05306925166385079,0.055731225296442644
1831,0.03841008145380803,0.03635193954178029
1832,0.028338975673409983,0.02845410628019318
1833,0.029629714001698393,0.030052700922266085
1834,0.03746331985388046,0.03715836801071409
1835,0.02190178844469226,0.019855072463768164
1836,0.0322771174320064,0.031159420289854967
1837,0.02998782029011582,0.030360897982381285
1838,0.04207114224422115,0.043483944302358746
1839,0.03499554104891195,0.034611330698287146
1840,0.03600396019990454,0.039275362318840545
1841,0.04624563598887799,0.04436754411909699
1842,0.03282394231227792,0.031290139244103454
1843,0.03321664368903726,0.03092665788317961
1844,0.04107782106261304,0.042996154983732604
1845,0.03486701106042228,0.036653491436100194
1846,0.03428458703035292,0.034879227053140116
1847,0.021120384868898445,0.021844532279314877
1848,0.030912514604758412,0.03120772946859901
1849,0.04277008509515845,0.042037768994290736
1850,0.028456267315544514,0.02850241545893717
1851,0.04043749826380566,0.04328502415458935
1852,0.04450704637132946,0.04304347826086957
1853,0.040427127246373595,0.04164690382081693
1854,0.050777364427215366,0.05105841018884494
1855,0.02791805474098258,0.02884057971014492
1856,0.03899428626346674,0.03937198067632841
1857,0.029138903722713938,0.02898266552998008
1858,0.0304569135158394,0.03014492753623188
1859,0.026308949350000277,0.02531400966183578
1860,0.025670209438246328,0.024093104962670198
1861,0.043336525066160814,0.04193236714975851
1862,0.035568665807454325,0.03594202898550736
1863,0.03269413082080608,0.03254049445865298
1864,0.047803018639736405,0.04968549738736078
1865,0.02207626448068234,0.022507685551163725
1866,0.02026674548491536,0.02062801932367153
1867,0.04422951090409594,0.0447266465777012
1868,0.02609059934454766,0.02791831357048752
1869,0.027587236537338466,0.02807256235827671
1870,0.03190778052868859,0.030892298948564878
1871,0.03756566253926624,0.036034255599472986
1872,0.036058894176480005,0.03521739130434781
1873,0.034728537427815176,0.034580846831486156
1874,0.04396818948801484,0.043333333333333335
1875,0.036308006375290525,0.03749887942626634
1876,0.03715469114805786,0.03663256606990628
1877,0.039202071252489534,0.039661835748792285
1878,0.038345997238766194,0.04077294685990335
1879,0.03040200328692705,0.028072894245946334
1880,0.033145265841293625,0.033864734299516974
1881,0.03145527157044664,0.03220595972640755
1882,0.037083288078638255,0.03816425120772937
1883,0.033284754921017345,0.03270531400966181
1884,0.028650919576196032,0.028134233853946866
1885,0.029046833454333953,0.029367588932806277
1886,0.04889104232280578,0.05024154589371976
1887,0.03254131120807452,0.02972927727555358
1888,0.028156245077398778,0.024251207729468593
1889,0.05278238114870526,0.052700922266139705
1890,0.046037827668586606,0.049033816425120835
1891,0.031196833716598982,0.02893719806763284
1892,0.040625236540490106,0.04187837453822102
1893,0.028457922949852554,0.027439613526569928
1894,0.045383717496238596,0.0441062801932367
1895,0.029416794151200465,0.02811594202898543
1896,0.04212552117290108,0.04270531400966182
1897,0.0356796912408846,0.03541062801932365
1898,0.035182724008176736,0.035792709705753156
1899,0.04277716422502098,0.04138391588519469
1900,0.0263482376474255,0.024642072902942458
1901,0.04686848713790648,0.04743722198306782
1902,0.02381046145810478,0.02389599317988067
1903,0.03795203860523361,0.038462715836801054
1904,0.04809777467376297,0.05062467116276853
1905,0.03821036521773824,0.03898785235214103
1906,0.04190900770465805,0.04182283445735874
1907,0.029927189279278565,0.028764598283382514
1908,0.030273831248617766,0.03215238915195867
1909,0.03515000383870259,0.03311857272683788
1910,0.027243210601412937,0.027659115426105718
1911,0.04560588503231927,0.04638207298990765
1912,0.036330271503759226,0.038015975510594546
1913,0.029762908407072575,0.029653226192184468
1914,0.02768757863052035,0.02937198067632857
1915,0.04324963413352367,0.04359786126354298
1916,0.024996964066379024,0.027971014492753576
1917,0.025621280199172647,0.026294064189027577
1918,0.05490306431000913,0.054975845410628
1919,0.044574744437528735,0.045183909695317215
1920,0.028344393981530935,0.028658709860755804
1921,0.05643863723834025,0.05846002168983533
1922,0.0512471477721671,0.051756697408871344
1923,0.04413466789114168,0.04294685990338165
1924,0.039923275274976466,0.03968944099378885
1925,0.03618043875257276,0.034333617504973046
1926,0.038891257323045714,0.03971014492753622
1927,0.03956356337788225,0.039996056393571844
1928,0.025503008374828273,0.02352217830478709
1929,0.04112424060807418,0.0410499852114759
1930,0.024804274871389587,0.02241641555459889
1931,0.0393759184448772,0.040966183574879245
1932,0.046508824531109105,0.046275801493192825
1933,0.038637167564183394,0.03974967061923579
1934,0.04652109364034662,0.045212999560825695
1935,0.04022987857342375,0.039538866930171224
1936,0.027791082552789614,0.028502415458937225
1937,0.03848208468476744,0.03647342995169084
1938,0.045355631492971615,0.04478260869565215
1939,0.03956593100629757,0.036815985946420715
1940,0.050418812723829254,0.051884057971014474
1941,0.04150842749120709,0.04371550198498103
1942,0.02843441962365567,0.026851119894598152
1943,0.03795250577040549,0.03972000394360636
1944,0.037087720327035,0.03685990338164252
1945,0.04118131898594146,0.04160903046826431
1946,0.03361551962975251,0.035622596864832934
1947,0.043249633455820946,0.04334754191531687
1948,0.03648844696647596,0.03664514277514702
1949,0.04224122629238258,0.04202563734634335
1950,0.047686793577818576,0.048762693483190345
1951,0.024177828074057606,0.023391208686086074
1952,0.03591620009009111,0.03596020471612377
1953,0.04270164135358917,0.04146314631463155
1954,0.02900234542492175,0.0298462889767237
1955,0.02219385127939827,0.019402936072416888
1956,0.03287661313460555,0.03274483970136138
1957,0.03975889212326511,0.04009853159228971
1958,0.0353437439610092,0.03459221369707299
1959,0.034244964893708096,0.03405797101449276
1960,0.050589325055409695,0.05105711849957373
1961,0.04619200344183655,0.04776925262858772
1962,0.031804273569024544,0.028577343981070702
1963,0.050584301799513676,0.052463768115941944
1964,0.03151891404764501,0.03275888458411058
1965,0.02257330420474457,0.021506194097670683
1966,0.03767168284439465,0.037788622695454965
1967,0.048223347699221764,0.04865595255177696
1968,0.03406436590980855,0.0321834792174871
1969,0.04358373255077447,0.044180939833113775
1970,0.03396131994190599,0.034375431331953143
1971,0.03363663686109908,0.03618357487922702
1972,0.03980902240460815,0.03752919656676518
1973,0.03763452606081341,0.037536231884058024
1974,0.04487117822948272,0.04526854219948839
1975,0.0461199873989796,0.046030760130139015
1976,0.03340601576134988,0.035507246376811574
1977,0.025821902623278048,0.023983833165925228
1978,0.04881181128637302,0.046589940323955636
1979,0.038155843576265225,0.03977266268826368
1980,0.029859930747966,0.03025983771868107
1981,0.034346518421029926,0.0350724637681159
1982,0.04201431548662493,0.04096618357487919
1983,0.033367339278658315,0.03169366297243531
1984,0.041798874417281084,0.03987380459430151
1985,0.038676860953125725,0.036561175194715634
1986,0.029597461524137447,0.027198067632850265
1987,0.025081681531542277,0.02449275362318848
1988,0.04355386399415956,0.04589371980676327
1989,0.04553963220704055,0.04489697328206643
1990,0.0315127713301383,0.028212560386473462
1991,0.03999901637794068,0.0387439613526569
1992,0.03836515230860288,0.03705744487492235
1993,0.043444204262765074,0.04454106280193226
1994,0.04113378252545474,0.04131815044858522
1995,0.031507264787469846,0.03095481670929251
1996,0.03867260402071432,0.0419323671497584
1997,0.022868242225529578,0.020628019323671476
1998,0.03439545822376261,0.033615535466590074
1999,0.03231279332620052,0.0330346947738252
2000,0.03790874725769666,0.034606938954765076
2001,0.0341545531373334,0.033574879227053156
2002,0.022520675251163857,0.019323671497584627
2003,0.05883952965478789,0.05719806763285018
2004,0.040568375761076636,0.040364514712340815
2005,0.028006907962554894,0.02816425120772953
2006,0.04430294357133768,0.04270531400966182
2007,0.034019321946261616,0.03280193236714979
2008,0.03439300020119712,0.03662688263711278
2009,0.043601348182669364,0.041449275362318794
2010,0.04485693479646463,0.04420289855072462
2011,0.03719737600132794,0.03710144927536235
2012,0.03652865917428538,0.03822573561704001
2013,0.03571139938544332,0.03396565743530866
2014,0.04628201751718336,0.04758454106280191
2015,0.0305331913804629,0.03077294685990334
2016,0.04171061417978611,0.04026833118094414
2017,0.037913140057733774,0.0390742383910086
2018,0.03817658844116828,0.03936729046479992
2019,0.03166728054125412,0.032367149758454006
2020,0.046185254434247036,0.048152293490218545
2021,0.045740090647769516,0.04554885923374952
2022,0.034938070174300784,0.03442687747035561
2023,0.04466499346371494,0.04388721480843727
2024,0.03773080373052279,0.03840579710144926
2025,0.040088695443727784,0.040580666762328355
2026,0.036703212928179296,0.03487922705314006
2027,0.0487949109631679,0.04821695212999566
2028,0.03680290069237813,0.03889381839692396
2029,0.036080216634987894,0.037431003969962184
2030,0.021649187400583914,0.01931819313710842
2031,0.042292935165926804,0.043260152102166716
2032,0.035924269709415035,0.03318446219067328
2033,0.04136401682490648,0.036349139346184556
2034,0.027550213674780777,0.029244620114185327
2035,0.019960058516712564,0.018260869565217386
2036,0.029361830440031322,0.030053238686779116
2037,0.02333219636724554,0.025929114650595553
2038,0.046914236989555325,0.04719806763285023
2039,0.0380298201339242,0.036293368467281484
2040,0.044947246896202386,0.04600454674623472
2041,0.030952829661258396,0.031082693947144024
2042,0.027996589188762355,0.025433108528244097
2043,0.040263184987127665,0.04068072024593755
2044,0.03857872465762163,0.03832235397452788
2045,0.03875792694844382,0.039174352217830555
2046,0.026378068652235243,0.026413289953662544
2047,0.03340462014929979,0.034844093104962615
2048,0.035217883950432405,0.035990338164251234
2049,0.04391160849524556,0.04251646903820816
2050,0.03613510429829642,0.03381642512077293
2051,0.029491276728295546,0.03224211423699913
2052,0.04981884661202779,0.04990338164251207
2053,0.04200384704825494,0.043109963170230026
2054,0.05134252392418026,0.04898550724637685
2055,0.03888532755852031,0.039456641316305496
2056,0.032646409529446085,0.032961068485365175
2057,0.03786264438000331,0.03534475186649094
2058,0.05808231257459545,0.05932367149758444
2059,0.05536321060627186,0.05548667910269289
2060,0.03907706666117905,0.04154589371980677
2061,0.036124386890315385,0.03736934563021521
2062,0.030943324658548266,0.02736056214317084
2063,0.03725684343688418,0.0359913240658582
2064,0.031698082031689834,0.03604303908651746
2065,0.042616273229164614,0.04219658878043969
2066,0.04244687796524227,0.04079929732103643
2067,0.037968954198527916,0.038454106280193245
2068,0.04323192494776501,0.04265261308739571
2069,0.0402745688054188,0.03914251207729463
2070,0.04297525275927033,0.04135265700483087
2071,0.05418522321444952,0.05385708136030998
2072,0.03086702754245968,0.031247429090735135
2073,0.03604236646586301,0.03713303604607948
2074,0.01843534790455198,0.016864295125164686
2075,0.039644508371133036,0.039213877909530126
2076,0.04312161014509186,0.042818982665529914
2077,0.037347783550045754,0.03979797979797983
2078,0.04122266185261331,0.04126482213438731
2079,0.03698798094490188,0.03603864734299517
2080,0.03612003281228365,0.03567895920026792
2081,0.05029373095682127,0.05202046035805624
2082,0.028606740569513123,0.02893280632411077
2083,0.032929319186885464,0.03183135704874829
2084,0.03361004817904645,0.03369828287176546
2085,0.03153635602678628,0.030744529695936273
2086,0.05347187660143654,0.053894927536231874
2087,0.02519589839776376,0.02460829722595753
2088,0.04758807710597346,0.045447570332480924
2089,0.04353240736875991,0.045120772946859844
2090,0.04761838523779982,0.04838383838383825
2091,0.02162036309122567,0.021229688186209905
2092,0.03184288108408895,0.03188405797101446
2093,0.04351605096207911,0.04377250768555119
2094,0.036585234441475156,0.03584541062801927
2095,0.02932150906005182,0.024887836609747915
2096,0.03487571186219418,0.03600738846263146
2097,0.03369915523183231,0.03458937198067635
2098,0.014577784400259364,0.015024154589372007
2099,0.042506800770669095,0.04338164251207727
2100,0.040052663389335996,0.040724637681159415
2101,0.04154119151177965,0.039319279754062464
2102,0.023402154367166972,0.025962665916232863
2103,0.034653221367004605,0.03520886615515767
2104,0.035275502848064466,0.03526130873956962
2105,0.04231080246337071,0.041486217675475945
2106,0.036466209907245695,0.03697295682055868
2107,0.034120523792045054,0.03255599472990767
2108,0.029031971686310942,0.027922705314009588
2109,0.05343245210951342,0.053003952569169954
2110,0.034292013119152476,0.03277610369732625
2111,0.02997206927746593,0.028732594487070218
2112,0.026803109370703015,0.025081247255160255
2113,0.03761336642755864,0.036605182257356206
2114,0.03160925594312297,0.02860342555994727
2115,0.030165916684737892,0.02897269052548551
2116,0.03610733989466802,0.036328502415458985
2117,0.04197428870568415,0.043751853446214184
2118,0.03847667338066796,0.036236275801493134
2119,0.03412976686290431,0.035652173913043594
2120,0.03720820910383521,0.03865612648221339
2121,0.03769388819031794,0.03893719806763285
2122,0.03451706463465498,0.03521739130434787
2123,0.0441463851768798,0.04719806763285023
2124,0.04216651370465063,0.043429951690821256
2125,0.029015430573629486,0.027808519982433055
2126,0.03594114826034861,0.03763777974958099
2127,0.041736007920362805,0.04024154589371981
2128,0.028108660655035644,0.028216952129995587
2129,0.03662453998767595,0.03623188405797101
2130,0.04587468563677444,0.04862977602108037
2131,0.030515259221345403,0.029266752762232673
2132,0.04514143816842858,0.04431673602142827
2133,0.030794933736132846,0.030579710144927608
2134,0.0365872549382662,0.03555125077725174
2135,0.040589463493883815,0.041545893719806715
2136,0.030064263520247547,0.03126482213438725
2137,0.02668722743223595,0.024202898550724605
2138,0.04674691035133749,0.048919631093544136
2139,0.03315638344536048,0.03285024154589378
2140,0.04068356522241079,0.036051822573561654
2141,0.018590918341799767,0.01956521739130429
2142,0.029863538181636895,0.02888888888888891
2143,0.03345280335957701,0.030997273640407552
2144,0.042134091803676776,0.039903381642512115
2145,0.03878215197200041,0.03593772420720326
2146,0.05217690012063114,0.05236284498015015
2147,0.02529725805999833,0.027616587745731058
2148,0.04003809148450471,0.0416186065043081
2149,0.03169284166576802,0.027686842853083315
2150,0.034477453925506885,0.034449705840149225
2151,0.04789970976435681,0.044057971014492714
2152,0.02255976912410479,0.021870882740448017
2153,0.03828122143807644,0.035507246376811574
2154,0.05865798298090319,0.05993197278911566
2155,0.026229338155326076,0.02686088928324948
2156,0.0331136050002393,0.032986385595081213
2157,0.038316728511680276,0.03616188504387258
2158,0.034914278406402155,0.03468599033816422
2159,0.025583078637700762,0.025938085379079157
2160,0.031252732884868184,0.029012292533601214
2161,0.030727206247479544,0.028853243281272034
2162,0.03611830121044901,0.034879227053140116
2163,0.04584527708209135,0.045458937198067595
2164,0.03023567258147103,0.032943511742478504
2165,0.05371165539662992,0.054181374659205084
2166,0.045114378981819525,0.04618949028886915
2167,0.022734264641515067,0.020917874396135183
2168,0.03482279939388366,0.03391304347826091
2169,0.04277090406065953,0.043294883170659604
2170,0.034937756393454866,0.0375845410628019
2171,0.04012288702326877,0.041611769872639315
2172,0.03991003870445892,0.041089152393500195
2173,0.037837700077083425,0.03631093544137021
2174,0.038019660019491475,0.03701800614844092
2175,0.03268596960166309,0.03437856829161173
2176,0.03619168276114115,0.037874396135265664
2177,0.03315923797033421,0.031725955204216116
2178,0.025670483620958695,0.02526570048309179
2179,0.046998900270240285,0.04989572870330522
2180,0.05636928169212657,0.05596116133352469
2181,0.042610375980082715,0.04471803702109334
2182,0.029795855593717446,0.03210489993098692
2183,0.04604977936249244,0.042946859903381596
2184,0.04028062187738152,0.0390139244103439
2185,0.04018505405070816,0.03985605836537515
2186,0.041160196756213296,0.04117259552042157
2187,0.05060108572386318,0.048339920948616555
2188,0.03214825614356159,0.03204716123786283
2189,0.04251040321971539,0.04328502415458935
2190,0.030733767513666133,0.02957047878700919
2191,0.027188154609661175,0.023907360045467452
2192,0.03808884414060687,0.040176186416595705
2193,0.0275547102588955,0.026947912182522626
2194,0.031912767545543175,0.031748696608791205
2195,0.04233851524109966,0.0420041134548238
2196,0.04361712506364851,0.04261153736857071
2197,0.04640688014753458,0.04502415458937192
2198,0.03242397932630681,0.032337972927727554
2199,0.052901648394590106,0.051954325867369366
2200,0.05381003900357478,0.053864734299516936
2201,0.02858024238816237,0.031251058319637426
2202,0.045143260837074484,0.04431269213877903
2203,0.03016163212490114,0.027138391588519495
2204,0.030393383743197444,0.027487922705314083
2205,0.04104070610559668,0.04291672645525424
2206,0.040243094082199116,0.0375845410628019
2207,0.04371666303824745,0.04315731573157322
2208,0.025534172877673122,0.024975845410628084
2209,0.04112469678695324,0.0388021295474712
2210,0.03176965449845298,0.03256038647343007
2211,0.044802732089454844,0.04768642081599456
2212,0.03594754630513325,0.0325500680080672
2213,0.024843451004804562,0.02417276510259725
2214,0.04205008260871834,0.043574879227053165
2215,0.033306435604596285,0.030945546644153665
2216,0.0278606896042361,0.028776008035586165
2217,0.03889686094093914,0.03509590089443726
2218,0.03042706348455937,0.027874396135265656
2219,0.031874207660599174,0.03260869565217389
2220,0.020825239570128606,0.018164251207729465
2221,0.03361855477008274,0.032596864832889594
2222,0.0340913876267582,0.03178509450776229
2223,0.04034937386783105,0.037580149319279776
2224,0.025915570460095017,0.025362318840579712
2225,0.03984009047720205,0.039371980676328466
2226,0.036685255822966,0.03778638733438561
2227,0.036068760284529156,0.03454654116240846
2228,0.032375078093761556,0.03246376811594204
2229,0.04371164353064777,0.042405000249016445
2230,0.028685786801896873,0.028889845506289757
2231,0.036815128331726954,0.03619494174481391
2232,0.029762713180495393,0.025845410628019316
2233,0.029931111961598977,0.030737812911725892
2234,0.04118980598887212,0.042810715854194104
2235,0.0370345507411351,0.035120772946859835
2236,0.030882353330033196,0.028792270531400932
2237,0.03265783010171197,0.0313921826965306
2238,0.03193080099293644,0.03177865612648223
2239,0.02326696188660854,0.023847684001136737
2240,0.04037260165475992,0.040966183574879245
2241,0.03498918410023599,0.03236714975845417
2242,0.03387222174263105,0.034057971014492594
2243,0.03699942213949914,0.03628019323671494
2244,0.051278949071111746,0.05024776390682545
2245,0.03885123609973157,0.0392677093796337
2246,0.029852983529158494,0.030338164251207722
2247,0.04317019756998669,0.043855950812472566
2248,0.05284562034470319,0.04985507246376808
2249,0.03671380722834039,0.037729468599033755
2250,0.042205186907871506,0.0423068828621993
2251,0.03360996217280565,0.03106884057971021
2252,0.03163983689494537,0.03236813566006114
2253,0.024119310398432015,0.02186984938903097
2254,0.04352369074718848,0.04516722408026752
2255,0.049920210832078094,0.04973358205385758
2256,0.03054933259101683,0.032872722054814174
2257,0.04070550346841989,0.03863416776460249
2258,0.021356472427116135,0.02009231357918395
2259,0.037258257972688225,0.03483091787439613
2260,0.05432170684870424,0.05409001769742183
2261,0.033998262999120565,0.0328303495311168
2262,0.034884573866436175,0.036275801493192816
2263,0.038253110926821376,0.03753623188405791
2264,0.03246326112930614,0.030193236714975813
2265,0.024645151472075633,0.02280193236714967
2266,0.031943088415529175,0.031256038647343
2267,0.04041632980357429,0.04180124223602483
2268,0.0330724754550657,0.03230688286219935
2269,0.02391599523676624,0.025204216073781316
2270,0.03988811397653219,0.039069211268952964
2271,0.030236189944528036,0.030448653561008288
2272,0.048747309444580944,0.04935208866155155
2273,0.03993967859419592,0.03914936002788985
2274,0.04646629182235018,0.0472946859903382
2275,0.03844298895241782,0.03700483091787443
2276,0.04728889854820861,0.04741326306543697
2277,0.035005705626054595,0.03415458937198074
2278,0.040195273039329626,0.03898550724637684
2279,0.030683702544684943,0.03188405797101451
2280,0.04145337386073733,0.040070789687664476
2281,0.04561974250392775,0.04415889415028451
2282,0.031809337194626475,0.03125603864734311
2283,0.038308940419272075,0.0375845410628019
2284,0.02641198209669382,0.026210360166451563
2285,0.045043567971819076,0.04235918123412524
2286,0.024478141581352808,0.02628019323671482
2287,0.02450490262721522,0.0270190394998579
2288,0.039692999948824526,0.039877748200729646
2289,0.017846088900292323,0.015740008783487025
2290,0.045974875928737724,0.04594729038121198
2291,0.034587729272530954,0.031932367149758445
2292,0.05185434117176646,0.049974171330176564
2293,0.03330708648294983,0.03155467720685112
2294,0.0360549205819784,0.03594202898550719
2295,0.039722733481856676,0.038550724637681166
2296,0.029850157644878916,0.03130434782608693
2297,0.04059255975944859,0.03942028985507251
2298,0.030121257415504255,0.030154493710240593
2299,0.03247699185963249,0.03291611769872643
2300,0.02936510659160202,0.028986463863777623
2301,0.04679730736679877,0.04411067193675883
2302,0.02790639972755521,0.028889874790495873
2303,0.031071929961029643,0.029227053140096604
2304,0.0374825108712723,0.03714975845410634
2305,0.03640943623961895,0.03681685559860337
2306,0.039347827599259866,0.03670619235836625
2307,0.028078162003060014,0.026442687747035676
2308,0.031382273889439205,0.028965615231599906
2309,0.031284640489214366,0.029033816425120706
2310,0.03387288315918391,0.036573036505802015
2311,0.03605766037728786,0.03496267018006144
2312,0.02124524509394171,0.018937198067632832
2313,0.030063303599413616,0.028985507246376774
2314,0.038985803817572995,0.041481322045248015
2315,0.02496569260013226,0.02339430608320442
2316,0.034810027364658935,0.032779973649538885
2317,0.04350940412791604,0.042521936310756125
2318,0.05920129053501788,0.06043039086517349
2319,0.046490686397364867,0.04585928158033198
2320,0.01976582747577943,0.019113215669393002
2321,0.051984076465012075,0.05096618357487931
2322,0.02590970881570359,0.02531400966183578
2323,0.041889084364800766,0.04324388960635195
2324,0.040287594933487436,0.04255599472990773
2325,0.04055880983821725,0.04082125603864739
2326,0.037636812717552204,0.03511742478595681
2327,0.05496660716107399,0.05346150054224591
2328,0.030346801561150327,0.03059727711901622
2329,0.033023030581438295,0.03282389108476069
2330,0.04104540729815498,0.04177865612648213
2331,0.03727775497358554,0.03639877031181382
2332,0.03031462273418456,0.029495384321040874
2333,0.02454918230174713,0.022283978285771222
2334,0.023478117326615533,0.02428670018732132
2335,0.029805009737493005,0.030338164251207722
2336,0.025099905142246026,0.026521739130434763
2337,0.037891054742206,0.03681159420289848
2338,0.03549082291065214,0.03487587889223703
2339,0.02893107960725222,0.025615231599886323
2340,0.03657461433643061,0.03496894409937884
2341,0.009733709231256105,0.009516908212560404
2342,0.02582640520389301,0.02538427755819056
2343,0.03273880639962118,0.031159420289855022
2344,0.03270826411821581,0.0322360931745348
2345,0.03705325289983874,0.03603864734299517
2346,0.03398429245475221,0.03561343090830815
2347,0.054986139302402426,0.053943606428078494
2348,0.035859754931862,0.03747261682690012
2349,0.03489301961521818,0.03439613526570051
2350,0.027613350017983262,0.02745278875713658
2351,0.027664457587926183,0.028448422847399846
2352,0.0481160313102435,0.04916996047430827
2353,0.041342630541867875,0.04158567774936067
2354,0.0368267885981981,0.037959056775242694
2355,0.04398185966224277,0.04420289855072462
2356,0.04296612066717265,0.04299815727874884
2357,0.044942727032936114,0.047666950838306354
2358,0.03865927902696614,0.03710144927536241
2359,0.06374605360935065,0.06466208476517754
2360,0.03410538929554435,0.034647247333429054
2361,0.02993585171851343,0.029697328206644946
2362,0.041295553514745786,0.040606060606060534
2363,0.027979910453024226,0.028805445761967474
2364,0.04824852532684587,0.050356280193236624
2365,0.03483480624846419,0.03241115415889417
2366,0.023148081493184314,0.023680281071585374
2367,0.050111636916060465,0.05055407670314499
2368,0.047259461342547215,0.04797101449275354
2369,0.03831012818278923,0.038753820368727154
2370,0.030261981229991797,0.027162933684672763
2371,0.02514935346430691,0.024326302195436966
2372,0.036954824832024114,0.03579710144927534
2373,0.03462944717595706,0.03824330259112868
2374,0.04002835304798036,0.038647342995168976
2375,0.028721096417038128,0.028454106280193237
2376,0.021400249280644768,0.021730346947738344
2377,0.01993547067690099,0.018689613526570004
2378,0.036179536519928945,0.034730951356005124
2379,0.034105723830816614,0.0316652458084683
2380,0.032310415841503126,0.03318840579710142
2381,0.03942487508804571,0.0401648195510087
2382,0.04988104201266208,0.050250419008182945
2383,0.035073877194885195,0.03239393504567856
2384,0.029188911588782396,0.028508098891730616
2385,0.022266776556680967,0.01917480035492458
2386,0.03609550132234196,0.03682116037690719
2387,0.028650677289092652,0.031159420289855022
2388,0.03532969017314963,0.03336846728151083
2389,0.03851270084539704,0.03755890762101949
2390,0.028760121394833638,0.028670018732130542
2391,0.02428131745526274,0.022121212121212097
2392,0.03685654587324694,0.03688186209925337
2393,0.03964840216360005,0.038625384277558183
2394,0.036148550919714195,0.03417351461726181
2395,0.04235345780300731,0.042995169082125584
2396,0.042080475332552825,0.04130434782608694
2397,0.0506914016689205,0.04965394853593613
2398,0.02805717615872111,0.025845410628019316
2399,0.027453946495692882,0.02743961352657004
2400,0.03650077022597148,0.03603864734299511
2401,0.040849639992950104,0.04033377250768555
2402,0.056129787317644675,0.055010979358805445
2403,0.03627394723269006,0.03714975845410634
2404,0.03827037181664372,0.03712823456258668
2405,0.05252970388006234,0.05280632411067193
2406,0.033943624764762814,0.033333333333333326
2407,0.04587641359012434,0.041690821256038624
2408,0.03121148201118057,0.03348110258596193
2409,0.04464230714845557,0.04285024154589362
2410,0.037884243157735975,0.03658761528326743
2411,0.032585474517462965,0.032028985507246255
2412,0.034684020141689254,0.03456169973265805
2413,0.03573603790867719,0.03635123614663255
2414,0.04677253870153786,0.045086672350099444
2415,0.038300810072511404,0.038325613825389626
2416,0.049161967685336594,0.04943416080738511
2417,0.025600894482883274,0.02512077294685988
2418,0.02953049272842484,0.027154150197628513
2419,0.029506601728257753,0.026504172156345984
2420,0.03972770370696088,0.036086956521739155
2421,0.04361387912034348,0.04561869230401294
2422,0.04551570914074221,0.044268774703557334
2423,0.031487973190694796,0.02817303469477378
2424,0.040638273824431415,0.042898550724637774
2425,0.04804557726867337,0.04810990338164245
2426,0.03346515959062751,0.03366581415174763
2427,0.03564089940531667,0.03451148575372176
2428,0.015455911453465365,0.016473429951690877
2429,0.04367099751343839,0.041708388230127236
2430,0.03783087901881976,0.0415942028985507
2431,0.031895399631650445,0.029702257714680214
2432,0.03022036398391431,0.030039525691699598
2433,0.03357250830707653,0.03341677646025476
2434,0.04206384356044479,0.0398155467720685
2435,0.02791105911879016,0.029323671497584636
2436,0.04613053732091105,0.045133948177426386
2437,0.03554273552145376,0.037290294246816014
2438,0.0397850170531418,0.037609868205056074
2439,0.02645064695981053,0.028164251207729474
2440,0.026185077838896065,0.02649978041282386
2441,0.04195153045867045,0.04367149758454103
2442,0.030717816792859065,0.030676328502415418
2443,0.03773193912081835,0.03642610667455387
2444,0.023675531281428908,0.02176574977817214
2445,0.04627925407136435,0.04844613775586426
2446,0.03578472574021668,0.03520973836514091
2447,0.03601789168215247,0.03729907773386032
2448,0.037775942159201825,0.036942313157146855
2449,0.04795254735543575,0.04574879227053136
2450,0.04678689327391816,0.04813842253790601
2451,0.04189537365456131,0.04098607558965611
2452,0.02781500028101408,0.026162050987707464
2453,0.03638401276395842,0.03462486443852897
2454,0.03626020027548271,0.03506852016168782
2455,0.033865367621654985,0.034445430346051575
2456,0.04233992844389217,0.04149758454106267
2457,0.03286564850041962,0.03136222317883952
2458,0.04605169527249903,0.0468115942028986
2459,0.04918236827925421,0.04569378676998126
2460,0.04414321575105845,0.043574879227053165
2461,0.03426994484426171,0.03386138613861389
2462,0.02395937366404355,0.02250714778665086
2463,0.03751677282484944,0.03893719806763285
2464,0.04148271969516748,0.042116820377689934
2465,0.028013899743138615,0.02729468599033813
2466,0.04387182872265427,0.043236714975845414
2467,0.034397969940123285,0.03655687307861216
2468,0.043667089411044246,0.03978480456741329
2469,0.041265656203264056,0.04121057118499566
2470,0.03562779600586552,0.0350724637681159
2471,0.037693785297369886,0.03834457358779353
2472,0.04537784051076671,0.04506911560721294
2473,0.04901400603684236,0.052850241545893795
2474,0.036324582725077215,0.03687863551217585
2475,0.04722702294989645,0.044194115063680206
2476,0.046442836660450626,0.04135265700483093
2477,0.026356341845114206,0.02702205003109004
2478,0.02379032120274671,0.023280632411067148
2479,0.04345194291849852,0.04241545893719795
2480,0.03620440089513327,0.039341847228201055
2481,0.03139664949166032,0.034637681159420286
2482,0.03191881083948089,0.03256630188307208
2483,0.03998930837456666,0.04037794828076158
2484,0.049756523766049554,0.05072463768115937
2485,0.015996421009420447,0.013864734299516845
2486,0.03280610094358549,0.030351339481774153
2487,0.04083964242735855,0.04143790849673207
2488,0.03202371816935201,0.029530083443126964
2489,0.031018403544432138,0.028979823813583494
2490,0.024905555103420296,0.025314009661835724
2491,0.03288661363464396,0.03309178743961355
2492,0.03819194717490115,0.0395212999560825
2493,0.024818361112184717,0.026703608979823767
2494,0.02485656311601503,0.024365393061045237
2495,0.021903271336372376,0.02028985507246378
2496,0.026412340451556104,0.02369345630215186
2497,0.03154817342086996,0.03171277997364952
2498,0.03414302688823306,0.032204655248133485
2499,0.04484822124690985,0.04420289855072468
2500,0.04164312330059505,0.038502415458937234
2501,0.026897286029233858,0.02692577953447517
2502,0.048982883701540636,0.05309274405701431
2503,0.043538484278632994,0.04162624958147987
2504,0.039270186525153794,0.03743961352657005
2505,0.035442914623223354,0.03544137022397892
2506,0.03391721428939454,0.03312383412254266
2507,0.03399759787936846,0.03599033816425118
2508,0.03409184052560915,0.03285308326229036
2509,0.04739574098696303,0.04820060266896253
2510,0.03238305055944524,0.029161176987263893
2511,0.04479610063907746,0.04444109628354137
2512,0.039681196055125656,0.03748792270531398
2513,0.029979240011195785,0.029147485080988855
2514,0.0382142353001923,0.04115942028985503
2515,0.05317232865374105,0.05133543789161521
2516,0.03472060210954975,0.033995453253765406
2517,0.03999358469865982,0.03862977602108042
2518,0.028571022168836724,0.02881570765772229
2519,0.03239758726365638,0.03454201941933316
2520,0.04469533749197052,0.04468599033816428
2521,0.024850588376937044,0.023846558568900333
2522,0.02854530534023003,0.029516908212560422
2523,0.03404026822840728,0.03252964426877469
2524,0.033662973377835415,0.03371980676328501
2525,0.04134973259519864,0.03771241830065353
2526,0.04141258357963207,0.04110680633280722
2527,0.03707393503178563,0.036697756732194886
2528,0.0411992487488963,0.04279909065075305
2529,0.030690179230698833,0.031256038647343
2530,0.03900336066327931,0.03764785891843714
2531,0.033116949806949236,0.03127593066211992
2532,0.029703141361742236,0.029399585921324967
2533,0.03730732057657321,0.03685990338164252
2534,0.027889565707914232,0.030522617479139202
2535,0.02548417861443264,0.023056653491436097
2536,0.049979112455197594,0.050917874396135265
2537,0.04385621469450163,0.04284235433303757
2538,0.033008172406398195,0.033043478260869674
2539,0.0401457413454967,0.040386473429951664
2540,0.04016457185169853,0.041207729468599075
2541,0.0356574300459859,0.03453253765274222
2542,0.054535781621503354,0.052529127593066216
2543,0.03258268538041731,0.032460419955038955
2544,0.033319772253817326,0.03310935441370216
2545,0.0316019830625639,0.031295564339042625
2546,0.03144237616694845,0.030676328502415418
2547,0.047233871371804126,0.047360562143170803
2548,0.040837394659685666,0.04019323671497588
2549,0.02116686825157854,0.019227053140096595
2550,0.05810711720336087,0.0597811878374539
2551,0.04644693752122592,0.04709675906383376
2552,0.03185334514657717,0.03285024154589372
2553,0.0351347857507156,0.03520878174774006
2554,0.02757367107700942,0.027632850241545936
2555,0.030047810915611095,0.02718919451838714
2556,0.05441479493037571,0.05558397271952259
2557,0.037054798695034696,0.037198067632850274
2558,0.04545634519481062,0.04550724637681153
2559,0.023955468375051914,0.024989020641194515
2560,0.024224678671766087,0.02319797197111012
2561,0.04984163350111903,0.04931601855837758
2562,0.03160046194293298,0.031104075793818242
2563,0.02510547589412393,0.025763619840244945
2564,0.025933515171872146,0.027383335823497112
2565,0.028381587436061784,0.0265129556433904
2566,0.03680237718002527,0.03914127970028586
2567,0.02667453086294508,0.026760443307757842
2568,0.034606755819171775,0.035044791520097485
2569,0.04627502050243154,0.04589898120246805
2570,0.03737017374922247,0.03626823551920405
2571,0.04548621204203429,0.04513109141222266
2572,0.03347669124085434,0.03662427289756487
2573,0.038352820346640115,0.0369082125603864
2574,0.035116182569047916,0.03434782608695658
2575,0.031354270648574434,0.0317760727479397
2576,0.02390623628920635,0.023719806763285056
2577,0.0275520133339045,0.025129298096050023
2578,0.06263036584211878,0.061797005787535275
2579,0.04391726919528527,0.044362653656670026
2580,0.036598785354032715,0.0354372473627132
2581,0.029585029179370337,0.02798418972332012
2582,0.024784095845322818,0.024347826086956514
2583,0.03963872751120934,0.03965887804397117
2584,0.02295913166882263,0.022916726455254277
2585,0.03452630672759838,0.03225331228775058
2586,0.02877910348843038,0.02576653849945776
2587,0.0311074261005152,0.029371980676328457
2588,0.02710088097318475,0.024181374659205057
2589,0.034771551775015064,0.031458058849363174
2590,0.03413925914088611,0.03476555839727191
2591,0.03818522076873482,0.03734299516908213
2592,0.027399317715175675,0.029661835748792165
2593,0.021476079230920764,0.021352657004830966
2594,0.028176042473306295,0.027183859050866788
2595,0.043394454364837354,0.04354413702239779
2596,0.03872942708428673,0.03562278997958063
2597,0.04745542320175977,0.04850809889173058
2598,0.043149047696184495,0.04198067632850244
2599,0.03590834810749116,0.038572683355292015
2600,0.036425904983251045,0.03715836801071409
2601,0.015706923220221658,0.016280193236715035
2602,0.043243211675946636,0.041476880607315414
2603,0.0374211887069818,0.037580149319279776
2604,0.04928417131158491,0.050696767001114806
2605,0.039006484128109975,0.040338164251207675
2606,0.034222211931000335,0.03497584541062804
2607,0.04114461936331515,0.0409896207012006
2608,0.040971462922473,0.040454674623472575
2609,0.03254437923150222,0.02959156785243744
2610,0.037807119116624155,0.03848484848484851
2611,0.014849147752499292,0.01231884057971011
2612,0.03772998272815681,0.03560051657339647
2613,0.022101630985498888,0.021132800946465524
2614,0.03647384023542438,0.03474282466609824
2615,0.03904964566785374,0.03874396135265701
2616,0.024719659501696634,0.021207729468599057
2617,0.04867939991682668,0.04809872291576983
2618,0.047820849544156885,0.04790513833992088
2619,0.024079221069192747,0.02134835222652698
2620,0.03834692743870627,0.03610116510372269
2621,0.04777882045403409,0.04736934563021522
2622,0.018144279369742278,0.018025007104291002
2623,0.03825767206920572,0.0392270531400965
2624,0.02419917001009958,0.021357048748353147
2625,0.04451881980472211,0.04338164251207732
2626,0.03791343521908935,0.03755921392054784
2627,0.04757119331962428,0.04740551292980966
2628,0.037642205413546403,0.036183574879227076
2629,0.022955243108840673,0.02412015114554944
2630,0.05241653375296179,0.05267593007619903
2631,0.03547209646662386,0.03483091787439607
2632,0.03642116334646328,0.03595055413469728
2633,0.03570617610712551,0.03829241841664194
2634,0.04102433396371513,0.04207729468599025
2635,0.04005815572448179,0.040026350461133176
2636,0.03927670731889055,0.03869565217391302
2637,0.0424545338238394,0.0437915530683502
2638,0.04836486550642216,0.04603864734299523
2639,0.041576130978855874,0.040434782608695596
2640,0.05446657379941533,0.05342995169082121
2641,0.049938637835257205,0.050772946859903356
2642,0.033522350760755715,0.03549098388099681
2643,0.03947931343280803,0.03876644186157746
2644,0.0342496994156441,0.031690821256038615
2645,0.040270168461224554,0.040295538505257245
2646,0.03558364010829623,0.03515314507694606
2647,0.040326778585573986,0.03920070267896353
2648,0.04204992542803221,0.03985507246376818
2649,0.04624918446615578,0.04751662122734007
2650,0.025775072064960047,0.02132603766144131
2651,0.030021610064305482,0.03101449275362317
2652,0.048185784332789305,0.04555555555555557
2653,0.027022808107779628,0.026873774333955103
2654,0.04165232533810026,0.04131913635019224
2655,0.030457067640407065,0.035146348394430205
2656,0.03195744462599781,0.03198067632850238
2657,0.04366347087646444,0.04465585689003687
2658,0.04531564507557545,0.04218269653052259
2659,0.03975317709186221,0.04125603864734295
2660,0.03586983658526349,0.036570048309178704
2661,0.03711926887774225,0.03725490196078429
2662,0.04216888156358439,0.04285024154589373
2663,0.03802443041312492,0.036401215199960146
2664,0.03189362620927089,0.030329554694599914
2665,0.0327417060488695,0.0333816425120772
2666,0.0494494202049775,0.04893719806763286
2667,0.03917352561726678,0.03815229349021859
2668,0.026012308441343557,0.025120772946859937
2669,0.02815049341915371,0.031397618022671825
2670,0.04297853581055672,0.04248650184711572
2671,0.027811414036692572,0.027672375933245452
2672,0.03638453128628566,0.038309178743961336
2673,0.050857617299339464,0.050677285119816284
2674,0.035069125207941865,0.033830296073085464
2675,0.027115693130717322,0.025891861761426993
2676,0.021312486057993796,0.019468599033816425
2677,0.027150207311491426,0.026371128161409463
2678,0.03327561365643436,0.032442244224422434
2679,0.02171270394899172,0.018937198067632888
2680,0.04678895588172988,0.04755328218243826
2681,0.0431520699707294,0.04263965104826223
2682,0.037898782965920585,0.03936345552713849
2683,0.037994419899420095,0.036719367588932794
2684,0.04546248327518165,0.04357487922705311
2685,0.026028893513811435,0.02673315157602707
2686,0.03486297883783496,0.03561372375036975
2687,0.0368248419436078,0.036659013727459555
2688,0.034920372920971665,0.03591189553737978
2689,0.03845137362558704,0.037664896924475055
2690,0.03318026552729325,0.03304631997726626
2691,0.03782400165537447,0.03853876692017022
2692,0.026057878545294122,0.024989716362940673
2693,0.03021008158056826,0.028884497145366728
2694,0.032513746388063536,0.031992155737312844
2695,0.02956474824379096,0.02874694954928042
2696,0.04107172190971076,0.04231884057971014
2697,0.037835343546881006,0.03502415458937186
2698,0.04956519586392888,0.04762432509235581
2699,0.021604146362198706,0.02025472112428628
2700,0.028981863490184945,0.02946859903381638
2701,0.024385645060108152,0.023737025876500728
2702,0.04813162125845172,0.05008783487044349
2703,0.03016533414434097,0.02934665353407445
2704,0.03377245833456333,0.03207290294246812
2705,0.04560603715759465,0.043822053374607206
2706,0.053518139137892495,0.054682642177261265
2707,0.03726909517542493,0.03719806763285016
2708,0.04768640918590056,0.04806294263871297
2709,0.03330526912255083,0.03410628019323675
2710,0.036917620861500966,0.038159859464207246
2711,0.03832180623271403,0.034862007939924444
2712,0.027352380209036742,0.026328502415458976
2713,0.04459778805218223,0.04563925957813175
2714,0.05062280158151378,0.0504071103606773
2715,0.0201699056318011,0.018521340704218292
2716,0.032421918716601994,0.03331611422011771
2717,0.036001938629898145,0.03932367149758459
2718,0.037084289652684566,0.037487922705314036
2719,0.035261493887982165,0.03507530548451265
2720,0.0430699505180373,0.04227905655015629
2721,0.03682198225662253,0.036552481335089926
2722,0.019202873169514023,0.020857734398107064
2723,0.022852254513496095,0.01864734299516907
2724,0.040389996427881825,0.03898550724637684
2725,0.035650457756490006,0.03790074659639875
2726,0.041973431787870996,0.04123847167325434
2727,0.03278739521917551,0.03004830917874385
2728,0.024832644308165064,0.025047136625861888
2729,0.024917073980144477,0.02530635672262882
2730,0.03426708838358239,0.03272348974027833
2731,0.04550109738829561,0.044168460324293335
2732,0.04094187752586248,0.0422490075094466
2733,0.033748793350057704,0.03545463241976371
2734,0.03687741948680956,0.037632850241545834
2735,0.04787942870952738,0.046698713349595855
2736,0.039119700125890944,0.03921509542258572
2737,0.029755574082749703,0.0304347826086957
2738,0.0342377361570575,0.034141772651089364
2739,0.038665814943061205,0.038244607069402636
2740,0.03256737881519972,0.03311594202898566
2741,0.04712166336625978,0.04877600803558624
2742,0.0421952949009195,0.04487922705314007
2743,0.04874596419806376,0.048888888888888815
2744,0.03240253462617826,0.03078251303391205
2745,0.028821199699854305,0.03244799369022966
2746,0.04457808524602774,0.04367580236284496
2747,0.03741439190397561,0.04090469916556877
2748,0.013838707292738173,0.012165303486870338
2749,0.04171307761428922,0.04222222222222227
2750,0.03220354734531444,0.03402722880983755
2751,0.027625975298786187,0.027246376811594142
2752,0.03602219249492805,0.03468599033816422
2753,0.05518268193582665,0.05678672215047592
2754,0.026987152484499843,0.026474386569091735
2755,0.05194252119276166,0.054685990338164236
2756,0.022685171254139935,0.02198067632850237
2757,0.029031960787228084,0.029881857750992447
2758,0.04361659136038898,0.044629793946564134
2759,0.0323513179228771,0.03196871861099149
2760,0.03764742895936568,0.03685990338164247
2761,0.041461044174111394,0.03980676328502414
2762,0.04064988469077668,0.041111111111111154
2763,0.02522632954591092,0.026026689625484156
2764,0.04964047885894651,0.051483375959079314
2765,0.027148080313368905,0.02428194993412386
2766,0.024184870663171376,0.0214009661835749
2767,0.027265900804308574,0.028440931049626694
2768,0.030316916969556684,0.03127421437795952
2769,0.03773229186183394,0.03705598181301509
2770,0.028961418263098726,0.027646025472112423
2771,0.045555024454395854,0.045300834431269144
2772,0.0401438147772567,0.04007905138339912
2773,0.04036029385951301,0.041120677285119756
2774,0.028652887319223774,0.025458937198067688
2775,0.03402271225315656,0.034685990338164274
2776,0.042762824024963064,0.04469445689526369
2777,0.03443358270302038,0.03143645864142752
2778,0.03303115588926642,0.03502415458937197
2779,0.033457515599904564,0.03343873517786555
2780,0.04914483083417104,0.04826086956521736
2781,0.03273234692348881,0.031014492753623113
2782,0.020510743713505752,0.021111111111111136
2783,0.037787324926322696,0.037419721511793125
2784,0.04136950574281256,0.04121057118499566
2785,0.04711651291829749,0.047827072858128816
2786,0.036855889763117766,0.039310496267017936
2787,0.04047197944593339,0.03979986197377494
2788,0.026599635724995907,0.027225938312894826
2789,0.04921378774150642,0.04801932367149753
2790,0.04367997489854808,0.041739130434782556
2791,0.03421385624110035,0.033816425120772986
2792,0.04411557249177983,0.040724637681159415
2793,0.02745532179578075,0.027193675889328084
2794,0.03502028907001359,0.03400966183574877
2795,0.039706170585571854,0.039613526570048296
2796,0.03009902958058852,0.031049626701800614
2797,0.02803374941116976,0.027004830917874367
2798,0.0286606417465477,0.026666666666666727
2799,0.026938084365047188,0.024115063680281046
2800,0.0373093466910549,0.03550724637681163
2801,0.05324914909683043,0.052819499341238474
2802,0.03504654160036169,0.03458937198067624
2803,0.032351656013138774,0.03565217391304348
2804,0.02924048538423296,0.028594642072902854
2805,0.015460522679363264,0.012330207445297003
2806,0.03681749250811667,0.03670619235836614
2807,0.035826258225455654,0.03510759771629335
2808,0.027183757803738773,0.026223274501363247
2809,0.030432162960330078,0.03111732912421683
2810,0.03647924750403353,0.0382529823523613
2811,0.021023091278991934,0.018212560386473342
2812,0.03930986341202297,0.041024058927631946
2813,0.0330448846194466,0.03270531400966192
2814,0.03708642863174011,0.03528387621370832
2815,0.03249943884604928,0.03130040421965885
2816,0.03725996572240714,0.03790074659639875
2817,0.057876327468843525,0.056038647342995074
2818,0.03293547033768396,0.03261965237312614
2819,0.038084622283961145,0.03569764137539072
2820,0.035855693774367814,0.034150284593676694
2821,0.041759252543636494,0.04173913043478261
2822,0.03450475081212612,0.034782608695652084
2823,0.047233532233130704,0.04470866607512569
2824,0.026521229770037735,0.02703592098340274
2825,0.033598394971499135,0.0354106280193236
2826,0.04662110361569938,0.04714975845410624
2827,0.047341138635397906,0.047874396135265784
2828,0.03941090060133612,0.04144927536231896
2829,0.039922946538876236,0.0411462450592886
2830,0.05003813180093564,0.05093776641091219
2831,0.026990114424595646,0.02714975845410622
2832,0.037406672645757255,0.03729468599033814
2833,0.030838093349116413,0.02815107597716293
2834,0.03514715021683651,0.03558190601668859
2835,0.03626774811642064,0.03555555555555556
2836,0.03676262567685301,0.034664031620553315
2837,0.041906279474674846,0.04308739569609138
2838,0.02536815986045521,0.025600516573396404
2839,0.042722660680007574,0.042542819499341356
2840,0.040832338737162965,0.041528326745717936
2841,0.05311194909900813,0.054788292128445604
2842,0.028891286137571193,0.028067632850241442
2843,0.02323539594050117,0.01962239968451146
2844,0.03364464911171061,0.03447079490557736
2845,0.04158788624302656,0.039117618061717374
2846,0.044403824692226423,0.0442995169082126
2847,0.03860812650962914,0.03909856068529305
2848,0.03769265230793062,0.038937198067632905
2849,0.03166990171927786,0.02971811828713472
2850,0.03460020372779127,0.03555555555555556
2851,0.03776082277881582,0.03809872291576977
2852,0.04877826392357326,0.04952743100397
2853,0.037857321070452754,0.035845410628019325
2854,0.03541720491692352,0.03826974267968064
2855,0.030772122483022357,0.029852230747371422
2856,0.028376739934468265,0.030052700922266196
2857,0.0521093963755071,0.05163114521170786
2858,0.03843763853470167,0.03974088713219143
2859,0.02504175812416598,0.022669668402044874
2860,0.029929881121312785,0.029029511646816775
2861,0.02859078170104562,0.026553287981859408
2862,0.02510014525239518,0.0245893719806764
2863,0.030160073906828067,0.028296003513394785
2864,0.038549916357483505,0.03653205759579764
2865,0.06123868778033592,0.061260430390865206
2866,0.02453360527248377,0.023659539867030177
2867,0.04788671390019622,0.04778303917348259
2868,0.049404366276903644,0.048212560386473424
2869,0.05287052965924044,0.053531499556344286
2870,0.03963486415241507,0.042115145176552515
2871,0.03464221573399523,0.0369565217391305
2872,0.04177274560734823,0.04160807385086335
2873,0.034771186276216726,0.033909099871832715
2874,0.03168829394440131,0.03193236714975839
2875,0.03041132180877737,0.03169943081264642
2876,0.03556284223973816,0.03530961791831355
2877,0.021644818718770054,0.022244180939833047
2878,0.052165505753986985,0.053475770705712466
2879,0.042632237411219354,0.040447957839262194
2880,0.034694017940706035,0.034521170787155386
2881,0.019607122942757405,0.018999309868875047
2882,0.014341585095094422,0.015362318840579592
2883,0.04145354546661956,0.04256137237503699
2884,0.029521347518046026,0.028050413737025826
2885,0.023922954774399097,0.02502941598507674
2886,0.03596268316469481,0.037427782707285695
2887,0.033392012616422884,0.035660640470143
2888,0.015848842843119493,0.01589371980676335
2889,0.030536141417183527,0.03174011633638957
2890,0.05660906842765684,0.058328896776101646
2891,0.033430642722688586,0.03347826086956518
2892,0.04560446989645395,0.042512077294685924
2893,0.039163469869342826,0.03761691319288801
2894,0.027851697969615397,0.029613526570048232
2895,0.025521997261502227,0.024342896578921414
2896,0.03633909156418841,0.034506624575500966
2897,0.040376743335788834,0.043140096618357604
2898,0.02046876267304637,0.020658761528326797
2899,0.028773363732689294,0.030221935237002062
2900,0.0526171482608877,0.053104962670180056
2901,0.04042800705045446,0.04271517302573208
2902,0.049666142860300355,0.051076672884679764
2903,0.01973176490509082,0.019459989477208672
2904,0.021033665624240472,0.01844558113100314
2905,0.036896601160901765,0.03726885732051466
2906,0.042590311797038816,0.043020744529696064
2907,0.040049159687008506,0.04172631371389118
2908,0.044819052940038906,0.046280193236715006
2909,0.023157746432981574,0.02356351236146631
2910,0.038258561297446314,0.0370100923135791
2911,0.037469345307866386,0.03643497978901694
2912,0.04077459409226186,0.03932367149758459
2913,0.02618101118924837,0.027925547030406395
2914,0.03384565005991408,0.031563460693895484
2915,0.03951898243450358,0.037594400078872214
2916,0.026281503514263727,0.02773903477304246
2917,0.03131551308063707,0.032143170838822954
2918,0.04221501952837814,0.04321184292342273
2919,0.022201962521521568,0.022125603864734278
2920,0.040754933706445395,0.040325249916296046
2921,0.036364428856718534,0.03585034013605448
2922,0.0357307126308104,0.03437838903677415
2923,0.03735434722191233,0.03705840149232309
2924,0.024014276034968862,0.022565864833906102
2925,0.037102872811777876,0.037246376811594206
2926,0.041275617962707234,0.03864734299516914
2927,0.04732487650191408,0.04561766735679773
2928,0.025065043708541512,0.02707509881422926
2929,0.042433744310283183,0.04294685990338176
2930,0.03890279607290181,0.037207633806858986
2931,0.048509504077992927,0.04613526570048315
2932,0.05124537353870495,0.04908212560386471
2933,0.03715779305576239,0.037415707953583344
2934,0.0186057279958331,0.020795680591077004
2935,0.02832785138653543,0.031062801932367157
2936,0.03284623695886607,0.02859050866723506
2937,0.0261239437963936,0.027800258286698187
2938,0.039173961613312325,0.039758454106280205
2939,0.04086599516859091,0.04043478260869565
2940,0.03038873299382422,0.02999999999999997
2941,0.03431155842868411,0.03252344416027281
2942,0.039270995121935215,0.03913043478260869
2943,0.033410784820013584,0.028840579710144865
2944,0.04891563491861661,0.04614019520851814
2945,0.0331655406917174,0.034485718305895585
2946,0.04868892405090791,0.049710144927536115
2947,0.03011152321727728,0.029275362318840648
2948,0.040059935661673485,0.03971014492753627
2949,0.03850142106087939,0.0370355731225297
2950,0.048776232656528806,0.049582784365393096
2951,0.039453352238486505,0.04066039145375777
2952,0.030292761897043663,0.029806763285024185
2953,0.04970990390893895,0.050747619717649295
2954,0.02761628718460646,0.028620992534035994
2955,0.02850082210463789,0.026908212560386446
2956,0.04104921016089569,0.04277334122054616
2957,0.05339271648523758,0.052946859903381605
2958,0.0378167671831765,0.03840579710144926
2959,0.032533585943328225,0.029978041282389123
2960,0.043967517313482696,0.043351509063949856
2961,0.04770137634769406,0.04753623188405798
2962,0.03993149580340388,0.04003952569169961
2963,0.039518843919848834,0.03916996047430832
2964,0.02831881048973195,0.02732542819499345
2965,0.05945978441344113,0.061133069828722075
2966,0.045670725868025785,0.045091195898649294
2967,0.04175578088803267,0.04444444444444445
2968,0.038014917731667264,0.03632850241545893
2969,0.02940653995390996,0.03154589371980676
2970,0.05485715542371561,0.055006935476156316
2971,0.03200006944372635,0.03187088274044786
2972,0.03202181115903646,0.02740447957839265
2973,0.03487326187504025,0.03613526570048309
2974,0.032427862387700956,0.032116820377689925
2975,0.02345299903320408,0.021163812033377194
2976,0.047088886515032125,0.046852016168786315
2977,0.03747447585108721,0.038019323671497574
2978,0.03616280060775817,0.035845410628019325
2979,0.043403927673173415,0.04303152054335868
2980,0.04541885128939244,0.048209602681652364
2981,0.028776243438383586,0.029227053140096604
2982,0.044411585428127176,0.04313570487483526
2983,0.026765583491520972,0.02505077393276145
2984,0.03989083717467945,0.036598465473145825
2985,0.026453306274385635,0.029126043039086558
2986,0.046657783176168144,0.04647342995169085
2987,0.028185163954107917,0.02768115942028987
2988,0.029354237000450756,0.029323671497584525
2989,0.029963988541767017,0.028371696504688793
2990,0.03579981570295604,0.03444444444444439
2991,0.040774471880570096,0.040031090065528296
2992,0.031874639632263446,0.0320772946859903
2993,0.03965067622824503,0.038937198067632905
2994,0.029140142120827883,0.02924479936902291
2995,0.027944442607057862,0.029328932893289306
2996,0.03108885595512134,0.03203776899429067
2997,0.0359638797898868,0.033302591128678116
2998,0.03241840159348186,0.03174439183048733
2999,0.029598662551918786,0.030662119920431885
3000,0.023161828178185018,0.023623188405797024
3001,0.05500101499636806,0.05454106280193238
3002,0.034928416086403624,0.035700483091787416
3003,0.013766301607471887,0.013992442722533083
3004,0.04356901592608381,0.04292050944224857
3005,0.031753722554451025,0.030915032679738552
3006,0.02336002326528075,0.021642512077294618
3007,0.039977285162803855,0.037777777777777743
3008,0.04668976155006488,0.04946859903381645
3009,0.02698801805607637,0.02362758014931926
3010,0.05081799789006197,0.04956521739130432
3011,0.038169627893534674,0.03701870187018702
3012,0.030125376450413965,0.031045234958278434
3013,0.027853206821584986,0.03166886253842771
3014,0.04029929742674826,0.04198945981554675
3015,0.030941308579666094,0.027720859042425938
3016,0.03914408818444293,0.04144927536231885
3017,0.04304128764235815,0.041156578573458336
3018,0.03286504841588411,0.032028985507246255
3019,0.0355752242537688,0.035086266390614185
3020,0.04254396684290984,0.04070741856794363
3021,0.022872194273255764,0.022995169082125566
3022,0.044936534111981896,0.04349582784365397
3023,0.04351628517507056,0.04157004830917871
3024,0.03168568968708674,0.02946859903381649
3025,0.035593452591717145,0.03709714449705831
3026,0.01865363462783337,0.02060219065384805
3027,0.04505719084008014,0.04308843927871053
3028,0.03736714180376022,0.037882921284455806
3029,0.045687324678577335,0.04623188405797102
3030,0.03998305273594338,0.03877909530083434
3031,0.03902039621911152,0.03826086956521724
3032,0.021249888972147968,0.022709618787965624
3033,0.03975507349775065,0.04004042196588775
3034,0.04231403314717125,0.04314009661835744
3035,0.027677456725514527,0.027004830917874367
3036,0.02411342130462929,0.01865173473869125
3037,0.028902936099701904,0.030294784580498835
3038,0.019795739007416102,0.021275930662119913
3039,0.04987373718442428,0.04717171717171725
3040,0.032548470936007656,0.03180500658761537
3041,0.04631142943565453,0.044853593611357545
3042,0.015485110580246542,0.015055413469735712
3043,0.043276493265677396,0.042850241545893786
3044,0.036427930560211375,0.03648328896776104
3045,0.04311682604228617,0.0445674132630654
3046,0.03526405454510506,0.03650417215634616
3047,0.043153074980541606,0.0435990338164251
3048,0.03444866506903105,0.03381741102237995
3049,0.027428790384316448,0.026267018006148446
3050,0.03348763269038363,0.030769003253475313
3051,0.03210424647720528,0.030434782608695587
3052,0.0327389144140765,0.03304347826086951
3053,0.03912071964999975,0.03785953177257523
3054,0.03817055046518464,0.03695750764073752
3055,0.03249933239131386,0.029284145805884954
3056,0.03108418998917556,0.02811594202898543
3057,0.03729470160948245,0.0368092026593963
3058,0.041334147402937726,0.042670180061484375
3059,0.0366268588787676,0.039433465085639
3060,0.03629949164940666,0.03401844532279319
3061,0.04541850842927392,0.04430908308222126
3062,0.035509559822415215,0.03518208844295795
3063,0.04572839084460428,0.04602935711631362
3064,0.044966666043765924,0.04627521290900949
3065,0.041087612322845635,0.040096618357487845
3066,0.0257955343733674,0.024589371980676344
3067,0.03447965189133939,0.03214377959535092
3068,0.04446189488407243,0.04592576648969243
3069,0.031131334440910374,0.03164016697153038
3070,0.04537034627912068,0.04381642512077294
3071,0.029426567203384435,0.030635992683270052
3072,0.0390387759842421,0.03627158368010713
3073,0.04223328997144915,0.04304347826086952
3074,0.03049805844171588,0.029991216512955665
3075,0.039064160290018135,0.03685990338164252
3076,0.023643013169659166,0.02458937198067629
3077,0.048442925640734324,0.048159859464207255
3078,0.042708135467851904,0.03985507246376807
3079,0.049930779241848744,0.0481159420289855
3080,0.03828779576077468,0.04019323671497582
3081,0.03628039014308082,0.03570048309178747
3082,0.017892544973968416,0.01497584541062802
3083,0.032205524626161774,0.03201632193611931
3084,0.024966856166362905,0.026105132252355556
3085,0.04217567565652469,0.04212225570383127
3086,0.03865187042395857,0.039503732981993944
3087,0.048018145138594315,0.04720763380685894
3088,0.03992708468183376,0.043816425120772884
3089,0.03592346916299449,0.034993591639554344
3090,0.044604163621068726,0.04478260869565209
3091,0.04041174310489409,0.03868704261730521
3092,0.03070692238221756,0.032560386473430014
3093,0.0322708187322735,0.033706857911250554
3094,0.035990391790150345,0.03469724684583275
3095,0.03906307765947009,0.04009661835748801
3096,0.050272163581955964,0.05007026789635488
3097,0.026350255793226973,0.02559068950373289
3098,0.033855337382466544,0.03450412048877516
3099,0.04818163384902857,0.04774721482796018
3100,0.03385146406043188,0.033333333333333326
3101,0.03123140364662841,0.02868677905944983
3102,0.022178261470851224,0.023882301273605633
3103,0.03267810962423212,0.031331133113311316
3104,0.036426510252036415,0.03652173913043477
3105,0.049969924420064316,0.049514516669058206
3106,0.03285625188230534,0.032608695652174
3107,0.046291056355628746,0.04535801406227574
3108,0.027802259485443903,0.026908212560386557
3109,0.035223505480509565,0.03237512311805252
3110,0.02984530039204103,0.028343279340721672
3111,0.03252143005133751,0.032688094896446196
3112,0.029448334491088968,0.030356896381741105
3113,0.04561253006933025,0.04385155906895033
3114,0.038410521417905685,0.036729184427394146
3115,0.03345459320602312,0.03456302151954321
3116,0.045769264167174306,0.04801932367149764
3117,0.034549165931738846,0.03448940546228535
3118,0.03125437871585063,0.03072229257539516
3119,0.02409944668486136,0.020944224857268323
3120,0.028531942656310094,0.026280193236714933
3121,0.032096581295149196,0.03211795092552727
3122,0.02394989777422768,0.022854633289415838
3123,0.041334766003585766,0.04207828058759733
3124,0.02975655369248853,0.030399648660518197
3125,0.02626324530902563,0.025362318840579656
3126,0.0249967843238747,0.028377379937482183
3127,0.014978849268765249,0.01570048309178751
3128,0.020309409440335047,0.023429951690821293
3129,0.03934229813195034,0.04073420385516818
3130,0.025627613734972243,0.02460228631558814
3131,0.03266620362362144,0.029556692242114213
3132,0.03136003405036575,0.029613526570048232
3133,0.033796611719174585,0.03521739130434781
3134,0.04553678215201762,0.04826086956521752
3135,0.04433850055538313,0.04299708231692739
3136,0.04140029007631468,0.043487044356609494
3137,0.030649100725283568,0.03068485365160553
3138,0.0353772613312579,0.03570048309178736
3139,0.025239800547632696,0.02352322188740613
3140,0.031189751691177436,0.03230592624479839
3141,0.03280143167296934,0.031980676328502544
3142,0.031910301286534104,0.031216339025206874
3143,0.03222397225054768,0.031242863416776456
3144,0.03359066339270195,0.03381642512077293
3145,0.025583339649666303,0.02537936913895983
3146,0.046592628413718196,0.04318840579710148
3147,0.02554704774554456,0.02565217391304353
3148,0.030362278561065048,0.0304347826086957
3149,0.022055761124515683,0.024685990338164154
3150,0.02997989060032713,0.030229715074435615
3151,0.033195721343002305,0.0306591093891998
3152,0.0241416848333591,0.024399123462323702
3153,0.029270138374853316,0.030676328502415473
3154,0.02546465435659101,0.025314009661835724
3155,0.04579513747329744,0.04631174208813954
3156,0.03553214413305389,0.036425120772946795
3157,0.05187471894378742,0.051497584541062846
3158,0.04170459587193032,0.04202898550724632
3159,0.042831275976595196,0.04347577070571246
3160,0.032286891240410176,0.03206592782040352
3161,0.025896432942684844,0.022367149758454108
3162,0.025769516350453714,0.024208159946429386
3163,0.033198886952309214,0.032995169082125575
3164,0.03722698061261581,0.037022397891963155
3165,0.04458182025285001,0.0466183574879227
3166,0.03148630410061787,0.03505928853754947
3167,0.030789773448453184,0.029060601712345202
3168,0.01444307649276061,0.011278519156263489
3169,0.035943288090009184,0.03410628019323669
3170,0.04092188958591414,0.04356609574000875
3171,0.03827798122850612,0.0372573335325464
3172,0.029839921669117753,0.02790074659639885
3173,0.031523708279455775,0.029255470304063613
3174,0.04406375055426792,0.0426086956521739
3175,0.04298949363487453,0.04304347826086957
3176,0.03966055540739594,0.041958986493148
3177,0.029857482343348563,0.029156785243741767
3178,0.011075614665490119,0.01337285902503288
3179,0.0419810346666975,0.043091787439613505
3180,0.03160591035167498,0.03164535379369143
3181,0.030278313393031664,0.02932367149758458
3182,0.03032851205524123,0.03146522208151581
3183,0.04194423795174665,0.04212560386473416
3184,0.034884865087112304,0.03376046300282198
3185,0.04298992148367742,0.04242940385477367
3186,0.057421249359195625,0.05705314009661838
3187,0.029677883706728192,0.028058849363197136
3188,0.043067448163222555,0.041787439613526545
3189,0.01914007886926966,0.019390905921609636
3190,0.05606141768319134,0.05724637681159417
3191,0.03741068513596674,0.03652173913043483
3192,0.040159122647067114,0.03979394656413282
3193,0.04289474464928039,0.0452657004830917
3194,0.03714676848200188,0.03531400966183573
3195,0.040691776194953844,0.038550724637681055
3196,0.0436246840565882,0.04024154589371981
3197,0.04003187046104878,0.04137900746596396
3198,0.03081591585428589,0.028045943014887165
3199,0.028763009716718857,0.027330331597955004
3200,0.05021619124734372,0.04971014492753634
3201,0.037224317952934405,0.038546034426152564
3202,0.05032297531395302,0.05117698726394376
3203,0.03726861831240513,0.03811594202898538
3204,0.03605360103157729,0.03509590089443726
3205,0.061904256540889935,0.06604390873869997
3206,0.05493584828026499,0.05729994738604299
3207,0.04650900007562986,0.04801932367149769
3208,0.03655286210297004,0.03647342995169078
3209,0.036674468428481655,0.03515186301238821
3210,0.029996152707735035,0.027514273166446945
3211,0.052085540538443886,0.05218778399579088
3212,0.04553265269582302,0.04337460719478453
3213,0.042691974758097995,0.04445824706694268
3214,0.03740934438954302,0.03666666666666668
3215,0.04233594314805322,0.04282010809776621
3216,0.038360405689484456,0.03801932367149752
3217,0.04409406129328647,0.044396135265700465
3218,0.03979727324243676,0.04137040323375729
3219,0.023276528473722857,0.023694479621030884
3220,0.02889873946686733,0.030016435081428317
3221,0.04413865281886381,0.0432850241545894
3222,0.03610739623554493,0.034870701903949974
3223,0.03553742048462838,0.0349582784365392
3224,0.045026948114321785,0.042192028985507224
3225,0.03482964628658963,0.03425120772946855
3226,0.028570722111376234,0.028340437624325143
3227,0.03903218492124755,0.038695652173912964
3228,0.0277009712919557,0.026193141053235725
3229,0.04981820456642516,0.049483426603529834
3230,0.033873618891969715,0.03166929736451901
3231,0.03415120776472291,0.029916045213639164
3232,0.05333462842223907,0.05545893719806766
3233,0.038239781638805315,0.03661835748792275
3234,0.03546633951250644,0.03725130631962931
3235,0.03681174916076463,0.03723320158102761
3236,0.042115039132774146,0.04255186132423994
3237,0.011430153280316435,0.008722002635046133
3238,0.03431312935218217,0.03464294255512507
3239,0.04344301871367928,0.043091787439613505
3240,0.026343373185725882,0.026905370843989695
3241,0.0366888821735703,0.0347255160298639
3242,0.04035637463186653,0.042305665349143595
3243,0.047209302022460986,0.04608695652173905
3244,0.036461880787640066,0.039033816425120715
3245,0.039898203111689595,0.0383716965046888
3246,0.03786203959164952,0.03720763380685893
3247,0.03469338206066158,0.0327962489343564
3248,0.03615236358124735,0.034054027408064735
3249,0.03436364802004169,0.03449866903283061
3250,0.03435550248694025,0.03338164251207737
3251,0.04312020494143842,0.046881862099253435
3252,0.042362556463794776,0.043431923494035296
3253,0.036146587559033994,0.03594202898550719
3254,0.04322852940185484,0.04314009661835755
3255,0.03536727653116317,0.03514421007318125
3256,0.041911652872790195,0.04059107701051434
3257,0.03898613239587584,0.035881762089252256
3258,0.04319997237485401,0.04294685990338176
3259,0.03413633927794074,0.034045056679581076
3260,0.03129163577906585,0.02768115942028987
3261,0.03903110220594053,0.03801932367149763
3262,0.05238561263070396,0.054707949055775196
3263,0.03165678596748012,0.030545271918496097
3264,0.0341936778191661,0.03337725076855508
3265,0.029709228349169725,0.026508824795523023
3266,0.026308026056169775,0.0265355417529331
3267,0.028961977456213928,0.026979197476091843
3268,0.04038355235093488,0.03758454106280179
3269,0.03762555725621641,0.034236999147485125
3270,0.029332826325832784,0.025903285980771962
3271,0.03518104104711384,0.03346150054224584
3272,0.027618636710263544,0.027878787878787836
3273,0.033840230209288336,0.035082322784186104
3274,0.0419384426571735,0.04183574879227042
3275,0.034186308998766624,0.034782608695652195
3276,0.03654345737303166,0.03333333333333338
3277,0.027942378349723962,0.027073032111395334
3278,0.03742220281929748,0.035511638120333866
3279,0.04295922562724025,0.0426086956521739
3280,0.0335322530628433,0.03129965761455844
3281,0.04573517767876223,0.04377689942907331
3282,0.03814671829184452,0.0371014492753623
3283,0.036457351957946194,0.03698426364375562
3284,0.03331063452173966,0.03188405797101451
3285,0.043098155192076104,0.04476190476190467
3286,0.02942471523169249,0.025819581958195836
3287,0.03263491666306384,0.0333728590250329
3288,0.04076030929851254,0.04159420289855076
3289,0.03991124042989602,0.03975845410628015
3290,0.03403728631629477,0.037149758454106285
3291,0.04240199806057038,0.04251733869039076
3292,0.020001163242983733,0.018484848484848493
3293,0.03292207701055705,0.03075125702454895
3294,0.02421932309972913,0.023382628413684325
3295,0.02418752154675763,0.024975845410627917
3296,0.03814354321613633,0.03555555555555551
3297,0.04658978678378389,0.04380789997158285
3298,0.023925118795018407,0.021216512955643307
3299,0.04035671215592285,0.036714975845410724
3300,0.03389731981275412,0.03483091787439624
3301,0.03596954512032613,0.03770311813790078
3302,0.042088894724482406,0.04075618653258406
3303,0.03207377611780643,0.03289953662624473
3304,0.044298950910430956,0.04361984024489407
3305,0.050901548595520485,0.05159946429425555
3306,0.04323573853724477,0.04450758119290188
3307,0.046161366463152775,0.04710144927536225
3308,0.05327652145003681,0.053719806763284916
3309,0.026078984049799803,0.02516908212560387
3310,0.022791467606821658,0.024159518880015718
3311,0.02465532347548688,0.025672065927820453
3312,0.04571142761281066,0.04613087395696086
3313,0.035985982779385695,0.0363812033377251
3314,0.04881458037968239,0.05095300834431277
3315,0.03641457817575822,0.03714975845410634
3316,0.0341764705423826,0.03525252525252531
3317,0.053422228110990067,0.05454106280193233
3318,0.033178251254255775,0.032983211364614684
3319,0.027842241748820495,0.0266436846301768
3320,0.0356541526758391,0.03254049445865298
3321,0.041842835134798084,0.04050749539319681
3322,0.027073298817506197,0.02641555459893813
3323,0.03817720594943225,0.037777777777777855
3324,0.05028667171177781,0.05356170399648652
3325,0.02110288890967682,0.020860781730347056
3326,0.04002686169383529,0.04039140293798682
3327,0.04199487800544771,0.04127637935418249
3328,0.03527636595912864,0.03400571822932069
3329,0.03842726014567921,0.03646464646464659
3330,0.037758477063912055,0.038849363197189346
3331,0.037151416253605185,0.03637776821160371
3332,0.030968457426282625,0.028942881500426232
3333,0.01917963976107001,0.017210981967761996
3334,0.03941106056884719,0.037277119016249416
3335,0.020660882958648763,0.019279754062362653
3336,0.036233621400482585,0.036319892858851066
3337,0.040353093823623676,0.03898550724637684
3338,0.026140251625826172,0.02223074737141245
3339,0.039219703845973564,0.03661835748792269
3340,0.03063640155563918,0.031216512955643427
3341,0.05044565358748382,0.05264654614273623
3342,0.033690791868186964,0.034637681159420286
3343,0.026138865965947278,0.025295893719806783
3344,0.03430451182415695,0.03387894288150045
3345,0.034095088817171604,0.03403726708074528
3346,0.04085694629262271,0.04031283710895356
3347,0.04730246956754808,0.050617018223561405
3348,0.04214758994725737,0.041863490696895767
3349,0.02983469851130427,0.0308168642951252
3350,0.04253419374305867,0.0400966183574879
3351,0.04217187300649283,0.04086956521739116
3352,0.041921005708451864,0.044648526077097406
3353,0.04581307227051695,0.04725516029863858
3354,0.041488711726683086,0.040659109389199755
3355,0.03217888378652073,0.03086956521739137
3356,0.0261930116400248,0.025410628019323644
3357,0.04004424275601204,0.038638817845978946
3358,0.03957195259384133,0.03708074534161493
3359,0.02956143305076847,0.02927097057531841
3360,0.03065096935438566,0.029894598155467633
3361,0.042603829025531614,0.041568627450980444
3362,0.0438581937705505,0.04502415458937187
3363,0.0231339403780636,0.021787439613526582
3364,0.042990426895318345,0.04146916737709577
3365,0.042739714153771535,0.04129298096050016
3366,0.033041547783770164,0.03175687666370891
3367,0.03849998772186192,0.03830478700043921
3368,0.0341238745688604,0.0315885194657573
3369,0.04277086622443255,0.043809523809523854
3370,0.03117034231049748,0.03062801932367143
3371,0.03831382688034457,0.037826086956521676
3372,0.03502617789796936,0.03391304347826085
3373,0.042969330771593206,0.04614611061816032
3374,0.04408083139934471,0.046206308610400704
3375,0.022178212427354238,0.0211395282750782
3376,0.024335149754342145,0.024721124286341767
3377,0.033247537911555325,0.0335748792270531
3378,0.030936316551179344,0.03057971014492744
3379,0.035279483399706824,0.03352657004830911
3380,0.028103461303595978,0.024146064222790642
3381,0.04645849717708461,0.04724637681159427
3382,0.04636127364757575,0.04826965305226172
3383,0.026126954350400522,0.026543697848045555
3384,0.04128341884337894,0.0459420289855072
3385,0.022170520953535888,0.02121619602569852
3386,0.03810395684632345,0.035942028985507246
3387,0.017904476963426175,0.016473429951690766
3388,0.03452878226690065,0.03429951690821259
3389,0.0532773913137779,0.05659348543550008
3390,0.051648253928172905,0.04989459815546782
3391,0.04169377623275272,0.04443876101165112
3392,0.030784769089759745,0.028608599990433803
3393,0.04026943632012964,0.039385851628641166
3394,0.03226909303694803,0.03070407040704065
3395,0.026306612624148018,0.027081557260585365
3396,0.04437438294486529,0.04592576648969249
3397,0.04640761104920127,0.04812472551602992
3398,0.039881810534608486,0.037585526964408866
3399,0.04965518156320298,0.051282389108476156
3400,0.03129708372434509,0.030484048404840425
3401,0.01925930820358618,0.020149319279754108
3402,0.04063931293788792,0.03949521837720593
3403,0.049421088340873554,0.04721719998086765
3404,0.03466605646588661,0.034097670636628885
3405,0.010967926456137256,0.008937198067632823
3406,0.02984241188341208,0.03135265700483092
3407,0.032433297076083056,0.03207445296959366
3408,0.04070441524807267,0.04169082125603879
3409,0.027271035050505543,0.028138675760159104
3410,0.0340681570300142,0.03437838903677415
3411,0.018086077470013673,0.018115942028985588
3412,0.03662010650258507,0.03400670413092777
3413,0.030637423567260902,0.02917874396135267
3414,0.027258520378213524,0.02560386473429943
3415,0.033259072381386645,0.03115942028985519
3416,0.0456023359324601,0.04525691699604739
3417,0.03196183794591495,0.0317391304347826
3418,0.021773235923442158,0.0178524374176548
3419,0.027017409280944593,0.026811594202898525
3420,0.029176343364140767,0.028602022013048456
3421,0.056236333779479564,0.05560386473429946
3422,0.03797654882359336,0.0391529152915292
3423,0.04402829143522469,0.04312692138779106
3424,0.03861557328229798,0.03892339544513462
3425,0.03381213673745165,0.03661835748792275
3426,0.03966036154115188,0.04256038647343002
3427,0.02821190322861561,0.025586297760210874
3428,0.04860433398677927,0.04963600707896876
3429,0.02999082879863424,0.029570900824097746
3430,0.02130996159405041,0.02062801932367153
3431,0.03897793174384162,0.04028985507246374
3432,0.019400894303711003,0.015634606938954687
3433,0.051194649679556725,0.05179115570419918
3434,0.042925384083565665,0.04335090030742211
3435,0.035157622730824456,0.03438848232649355
3436,0.044078404412142,0.04192447993690229
3437,0.028035477336601944,0.028647342995169134
3438,0.038912826471534934,0.03937198067632852
3439,0.039947322867161794,0.04089396882314861
3440,0.03911587973939401,0.03937198067632852
3441,0.032941494908416746,0.031089152393500352
3442,0.03183630597592296,0.03246376811594204
3443,0.034929285830780976,0.03341290139244102
3444,0.03832415220207808,0.037681159420289934
3445,0.03647934600764147,0.039516908212560375
3446,0.02957641051728127,0.029169960474308365
3447,0.046890615436229965,0.04639437856829165
3448,0.041048438280471555,0.04159515951595155
3449,0.02188452636514121,0.024098627254029725
3450,0.0359982681103706,0.03381642512077293
3451,0.04966393857875456,0.04758014931927973
3452,0.031702827939576295,0.03376811594202905
3453,0.028093465821708352,0.027836405421884536
3454,0.04479253282971857,0.04594301488711422
3455,0.05030894598877855,0.04974745300617012
3456,0.027179878355018283,0.027057531840140536
3457,0.04091561875634975,0.04120069415130628
3458,0.035846646310982555,0.03471260968155376
3459,0.05080460561446065,0.05333049161693659
3460,0.026078271226235294,0.024369739528860956
3461,0.0512228423311788,0.05080499354283258
3462,0.05175253528015944,0.051062801932367174
3463,0.038765818898119864,0.038722437461137404
3464,0.04017068014684799,0.040940550133096665
3465,0.03466056204695628,0.03466041489059396
3466,0.029133214731088375,0.025981728607643362
3467,0.030118508214625972,0.027395609126129983
3468,0.03964344414004595,0.03853889381839687
3469,0.048158107188137345,0.04823012736056209
3470,0.0364131813188881,0.0378796575309705
3471,0.027368183187363337,0.025994729907773406
3472,0.04383624624765525,0.04210391402937996
3473,0.04068376308483351,0.037963127279897424
3474,0.030664146080867538,0.031156578573458438
3475,0.04047065765716684,0.03982589563304151
3476,0.028942551063319832,0.028155467720685057
3477,0.036756583955514954,0.03516624040920713
3478,0.03349612137974589,0.03164346869469559
3479,0.03271939023310799,0.03198067632850243
3480,0.023864957800845965,0.023917435221783023
3481,0.03656746418068746,0.03445923296854969
3482,0.03233195276502365,0.03184122715274662
3483,0.054820166315235896,0.0564734299516908
3484,0.03353309649414804,0.034903630658897344
3485,0.03030482727160444,0.03544158341541198
3486,0.031173839508550905,0.030985315922896606
3487,0.04375434575791559,0.04544576196750111
3488,0.03863832409691309,0.03960587363084134
3489,0.029770477716307364,0.030777338603425575
3490,0.048677673204219896,0.049951690821256
3491,0.012264051276682064,0.012573050044556944
3492,0.04714490925075132,0.04641011209605553
3493,0.02554862106913297,0.025683263978571735
3494,0.03648742006774469,0.03464294255512518
3495,0.02946523090651082,0.030338164251207722
3496,0.03575309479906147,0.03573587793561961
3497,0.04114743862351483,0.03907075873827792
3498,0.04083148562564276,0.038397013614404896
3499,0.031624814758940134,0.03083512699095997
3500,0.03645282667043587,0.036267278901803146
3501,0.036722964866203966,0.035410628019323764
3502,0.03529369207717137,0.03566518023039761
3503,0.040547907372043335,0.0419016249451033
3504,0.03155898248427186,0.031134772749679573
3505,0.031112613739973816,0.033381642512077314
3506,0.051986318498377815,0.04836274931841006
3507,0.04255542587490613,0.042125603864734296
3508,0.03554226154801349,0.03502415458937197
3509,0.03562305458167814,0.03478260869565214
3510,0.03085308923466018,0.026956521739130435
3511,0.049113857505613256,0.04887262639307405
3512,0.040376086786217125,0.038840579710144874
3513,0.0402133176489064,0.04016688625384279
3514,0.01926548012080931,0.02002043849869939
3515,0.03520928660268552,0.03294685990338164
3516,0.04146123025171927,0.04131752305665337
3517,0.03249000103383398,0.03292929292929292
3518,0.037853765183693766,0.03712823456258668
3519,0.04128025310039268,0.04101888449714547
3520,0.04025082746197178,0.03991655687307866
3521,0.046596553956918474,0.04642512077294686
3522,0.03725326053680855,0.035810276679841824
3523,0.034791241356564806,0.0346632566069906
3524,0.03375652251513189,0.03248194384655856
3525,0.049391296063616086,0.04856104310304399
3526,0.04182892805082167,0.042763482204476067
3527,0.03807165438822674,0.040386473429951664
3528,0.034843081188788594,0.03507342038551686
3529,0.03409254165339776,0.03120772946859901
3530,0.044498425846886736,0.04478260869565215
3531,0.036920077496407466,0.03616084114805346
3532,0.03374213957680716,0.03236714975845412
3533,0.02618275242391549,0.027989190223370097
3534,0.025004496585736058,0.023878536922015192
3535,0.03186989644683691,0.03006218013105655
3536,0.03412737132814553,0.036763285024154546
3537,0.025588812503373304,0.02741904625245134
3538,0.05266248538704055,0.05171330176495914
3539,0.01529985293746422,0.018357487922705307
3540,0.035037869153097534,0.03391304347826091
3541,0.03395895416096373,0.02850241545893717
3542,0.02614819777429911,0.026676232840675385
3543,0.015501032224746414,0.01570048309178751
3544,0.050982419855131245,0.04962338558611845
3545,0.03612622145344918,0.03798418972332013
3546,0.03534695359737222,0.03460324293298889
3547,0.030815540492834248,0.029046991655687304
3548,0.029406190369639318,0.027927097057531824
3549,0.04240435349607541,0.04154589371980666
3550,0.04691779087505432,0.04983802216538791
3551,0.03688760405211644,0.03516908212560382
3552,0.03418854805642901,0.03455450968673729
3553,0.03464233496383923,0.030917874396135248
3554,0.024481980215394383,0.023177038931514682
3555,0.04324446725777692,0.04165568730786112
3556,0.03437931102997682,0.03202898550724648
3557,0.03276821212487846,0.03236714975845412
3558,0.032915289420538896,0.03213438735177865
3559,0.026273562324121036,0.023904518329070756
3560,0.045119592319834145,0.04724302865069113
3561,0.03593597526181458,0.034448836187966625
3562,0.03555257031790354,0.034384177548189565
3563,0.038249418081477415,0.03746234725774372
3564,0.015238798036468826,0.014143222506393771
3565,0.04330138275240697,0.04376811594202901
3566,0.04890738478803164,0.04945814034563484
3567,0.035397577902841315,0.036280193236715
3568,0.03737288132835026,0.03704883531831438
3569,0.03065833908815263,0.030031090065528343
3570,0.04172760989046881,0.04270531400966182
3571,0.031723660186404545,0.03153297938489491
3572,0.029247880643136104,0.02733438561247431
3573,0.03377213107559307,0.0320556048506358
3574,0.023045123587315863,0.022114236999147496
3575,0.023935447468223958,0.025537988581466886
3576,0.04798177318839447,0.04617039964866054
3577,0.03235457910888673,0.031787439613526536
3578,0.02634274425883154,0.02304347826086961
3579,0.03603163238104801,0.036337285902503236
3580,0.038498721488946896,0.03814256137237498
3581,0.022771169266960434,0.024685990338164154
3582,0.028756283194070087,0.026052518295307803
3583,0.05096710159090123,0.05106719367588941
3584,0.03640326451382775,0.03592213697073027
3585,0.025367695092597342,0.023816425120773088
3586,0.031283904278999575,0.02864734299516908
3587,0.033468443124303415,0.03379446640316203
3588,0.040087302328629115,0.0402766798418972
3589,0.04588709706333022,0.04809106997656293
3590,0.04276863364963823,0.04370223978919635
3591,0.04173988476814028,0.04053140096618357
3592,0.033361708730259954,0.03570616652458081
3593,0.03072706211587134,0.02942028985507239
3594,0.028303362311922986,0.028405797101449193
3595,0.0425298570740707,0.038454106280193245
3596,0.03310397404197102,0.03144927536231884
3597,0.03485679644026246,0.03342995169082119
3598,0.03436396749886228,0.036474386569091743
3599,0.02991708035380547,0.03030406365444721
3600,0.04214151011353001,0.04014591343783891
3601,0.02548988021943316,0.025454246986539086
3602,0.03771226863496879,0.03734792467711717
3603,0.04636033693999453,0.04613087395696086
3604,0.04347156170726646,0.04125702454894997
3605,0.03180122309183936,0.033768115942029
3606,0.038114196705228864,0.03870113053438917
3607,0.04590182343836813,0.04804706557612276
3608,0.015649146888799426,0.014546746234725794
3609,0.02358909299001205,0.02033816425120777
3610,0.033843081625782756,0.031653878942881575
3611,0.029317405269044305,0.030724637681159517
3612,0.040120329889008544,0.041159420289855086
3613,0.0374163237091279,0.038357487922705324
3614,0.04148207800221532,0.04156363994873308
3615,0.037413754240818886,0.03555555555555545
3616,0.039402325414448935,0.03942028985507251
3617,0.040621487817826984,0.041207729468599075
3618,0.05217540554496236,0.05307982972210268
3619,0.046596642695248824,0.045779882336059674
3620,0.0417282230885892,0.04396135265700479
3621,0.038263655467791924,0.03981298129812977
3622,0.04172710554029557,0.04110716750468296
3623,0.03771542807919509,0.03719806763285022
3624,0.02937005361723538,0.02986824769433455
3625,0.04724670168479561,0.046183574879227085
3626,0.02316468396294602,0.02019323671497586
3627,0.0496735946593313,0.04933323767159331
3628,0.05052099303337276,0.04867396233855864
3629,0.0194876683624694,0.01985507246376811
3630,0.04274589760345121,0.04176754759874954
3631,0.035514800868307106,0.03772181565982691
3632,0.023525544706435864,0.023553463817919285
3633,0.027641522352754244,0.026776731908959572
3634,0.039521213766487207,0.03959363455527137
3635,0.0486726643414761,0.047422394413354385
3636,0.048600973136623704,0.04420574026712143
3637,0.040760119163928465,0.037852437417654816
3638,0.03323549277082494,0.03301712779973648
3639,0.042484784248777,0.042845551334365184
3640,0.024840546982024925,0.022653061224489734
3641,0.0160414236440814,0.0171980676328502
3642,0.037206662884894326,0.03705314009661831
3643,0.04031181088536279,0.03921387790953007
3644,0.048720973376000454,0.04922705314009668
3645,0.04054243714015471,0.04124312431243132
3646,0.04223484790353704,0.043759332454984645
3647,0.02496020630616297,0.025508232278418586
3648,0.022963225719222546,0.021352657004830855
3649,0.046215287789364734,0.0452528837622006
3650,0.04495571905541207,0.04284235433303757
3651,0.03125530797919557,0.033504611330698264
3652,0.04669286661074462,0.046229492514468784
3653,0.049293111242875,0.04729038121203427
3654,0.03805472280774164,0.03721581386177669
3655,0.030744354782881123,0.02851119894598164
3656,0.045692359556029905,0.045697525386966364
3657,0.045501749064499164,0.04386473429951682
3658,0.03659383866189975,0.03294685990338153
3659,0.038417716327759976,0.0397496706192359
3660,0.03796271596411471,0.03982097186700767
3661,0.030833476859681852,0.03222222222222226
3662,0.041736687522128946,0.040114364586414375
3663,0.04173969485842316,0.04367149758454103
3664,0.02243106176733256,0.022622566604486527
3665,0.03692056279908351,0.03864925622997084
3666,0.01678459825474765,0.015485722485291953
3667,0.024917326111213223,0.023974016228131945
3668,0.0457157879788041,0.04369022971507441
3669,0.04436509068888919,0.04474817046922075
3670,0.03310583579261961,0.03231549241880699
3671,0.04850598440392595,0.04425120772946861
3672,0.04238925594083054,0.0400966183574879
3673,0.03929887852380598,0.03671497584541061
3674,0.03491885720628163,0.03771190162494509
3675,0.021099917475320917,0.01970765476368347
3676,0.05267955495147664,0.051471755871239366
3677,0.03621113424580236,0.03687127024722936
3678,0.04021478555544611,0.037777777777777743
3679,0.03844533705145431,0.03591645353793693
3680,0.03964759389014105,0.03707562060553876
3681,0.036674824501809644,0.03382135462880803
3682,0.02524296090516165,0.02308222126560483
3683,0.035398241382766704,0.035934376046300176
3684,0.033944460808977395,0.0350724637681159
3685,0.03721645346529784,0.03655299801079859
3686,0.030441620294119176,0.028160307601301393
3687,0.02345769886501814,0.023597612958226766
3688,0.033050727144406766,0.03344812742143782
3689,0.0288702883131427,0.02659639877031189
3690,0.02918453617037814,0.028519982433025892
3691,0.05072946245202037,0.05231979719711094
3692,0.032071682824053316,0.0316385684708666
3693,0.042018928941585876,0.04351030755249441
3694,0.033233317296919085,0.0283487044356609
3695,0.03550036820023572,0.03634167764602547
3696,0.034317403299085,0.033864734299516974
3697,0.04408223727985838,0.044637681159420184
3698,0.04146821429697839,0.04206411945542382
3699,0.02062091694131879,0.021497584541062764
3700,0.03638115432308486,0.03713891353642901
3701,0.038146249287243694,0.03661835748792264
3702,0.029131472228390798,0.028766441861577452
3703,0.044387262050871734,0.04420289855072462
3704,0.024305698709283008,0.022222222222222254
3705,0.04500145511446302,0.04573587793561956
3706,0.032375531694300574,0.031014492753623224
3707,0.04086372069801342,0.04192100028417173
3708,0.03200209017082317,0.029565217391304355
3709,0.026776413459754844,0.02584541062801926
3710,0.020319599176963354,0.017237851662404102
3711,0.03997082117167855,0.03782608695652179
3712,0.03925785006672483,0.039689440993788905
3713,0.04281012574391202,0.04295125164690372
3714,0.028352969862607547,0.025902329363371113
3715,0.04285309959659939,0.0468906455862978
3716,0.026952142152344483,0.026394378568291577
3717,0.02961023806256452,0.02890878090366572
3718,0.027508560602816035,0.026763285024154593
3719,0.04879012316496201,0.052496302868973665
3720,0.0217737972156839,0.02134378389036773
3721,0.03755623262254687,0.03729468599033825
3722,0.044406066689026635,0.04507246376811602
3723,0.03134717872957704,0.029898989898989925
3724,0.04482488879849922,0.044479578392621844
3725,0.034170851629839294,0.03365414380188547
3726,0.042097203866170274,0.03931578428472832
3727,0.023698618969299035,0.02210803689064561
3728,0.044756610016379206,0.045399261153736825
3729,0.032299802940494726,0.03126921387790954
3730,0.04064744025260286,0.03982063423733678
3731,0.0259099615170853,0.027046238785369103
3732,0.05949556193361982,0.05879227053140096
3733,0.023262215878634196,0.022946859903381633
3734,0.019413551635697635,0.02047870004391744
3735,0.02935137741853039,0.027150744355713297
3736,0.024890159977367265,0.024154589371980673
3737,0.044777713578000256,0.04521739130434782
3738,0.03854608845149343,0.03685990338164247
3739,0.02415672318175982,0.022942468159859397
3740,0.03299534367348944,0.035169082125603934
3741,0.05557520351255574,0.05724637681159411
3742,0.0431934043556661,0.042468072894246034
3743,0.01851862751349731,0.020105143506678025
3744,0.041286073876833196,0.042491510020567336
3745,0.04171203989645467,0.042037510656436405
3746,0.04564476539655138,0.04777338603425563
3747,0.04137302154405037,0.042028985507246375
3748,0.049373316412774926,0.04974967061923591
3749,0.04164701161506296,0.042512077294685924
3750,0.05269584831547153,0.050284171639670416
3751,0.04230115281781727,0.0420013132592279
3752,0.04008995850811131,0.04004830917874397
3753,0.022099711811690737,0.022916117698726313
3754,0.046712434575760686,0.04632945903285979
3755,0.04073620690054125,0.04025032938076417
3756,0.04956262647694942,0.0490513833992095
3757,0.03582117173739319,0.029999999999999916
3758,0.028364750588266707,0.028152884342142526
3759,0.02366357482875525,0.022903480232672746
3760,0.028152090562473253,0.02684001136686559
3761,0.034104947123997253,0.033105658391926196
3762,0.04097178515741284,0.040422951789411354
3763,0.0254202749870594,0.02295212129908647
3764,0.03500313202979427,0.036684233640755404
3765,0.03648977601601233,0.03719806763285022
3766,0.039957729341636716,0.03879227053140094
3767,0.035683236316521816,0.036030673983396655
3768,0.02366816893863638,0.02217391304347821
3769,0.03950838646986565,0.03953964194373405
3770,0.04383162995740808,0.04444444444444445
3771,0.05156764605186881,0.05302195436934998
3772,0.03173136717717223,0.030040421965887742
3773,0.03127478259467337,0.028743961352657
3774,0.05443246609528263,0.051935208866155214
3775,0.05667540433670587,0.05555555555555558
3776,0.036528077713720186,0.036341677646025417
3777,0.03372820586768499,0.03454674623472581
3778,0.030459715217356964,0.02929292929292937
3779,0.042720245677681234,0.04134826526130869
3780,0.02845085663307706,0.02637681159420291
3781,0.014850507921597034,0.013381642512077352
3782,0.033025083765881647,0.031573635624432106
3783,0.036427795742933256,0.0344444444444445
3784,0.02924831863834554,0.028120246807289417
3785,0.027658352991373703,0.024879227053140163
3786,0.04608975155363776,0.042946859903381596
3787,0.03531676814675516,0.03474308300395251
3788,0.0057136553232378096,0.002494510320597332
3789,0.042005946277039685,0.042104079973214636
3790,0.02182235864079962,0.022692650438534856
3791,0.027923595330370976,0.030954352755594994
3792,0.02793700502866614,0.026281149854115782
3793,0.03422340317014727,0.03197206677189457
3794,0.040708504900030695,0.042184231508840986
3795,0.017449285316579077,0.01661835748792273
3796,0.04489163562269627,0.04586246092639962
3797,0.03850494812091765,0.0386341677646026
3798,0.04553102505855239,0.04693499784761085
3799,0.04554467334157142,0.04343543005129741
3800,0.016881210308261785,0.014202898550724596
3801,0.03414624202433303,0.03338164251207726
3802,0.046930027129768126,0.048888888888888926
3803,0.03583463653712754,0.03661835748792269
3804,0.03286278811430504,0.033939393939393936
3805,0.03932129193698708,0.03729029424681607
3806,0.029050483705731434,0.029442770363992954
3807,0.0370888069709196,0.038357487922705324
3808,0.05684408482441189,0.06033816425120775
3809,0.027497327283169504,0.024331889038298693
3810,0.03938266606302693,0.03893719806763285
3811,0.044714714176621984,0.04708850042332785
3812,0.03932405270401823,0.039416346248644374
3813,0.03697077638772389,0.03531400966183579
3814,0.04489751520546831,0.045877945381050944
3815,0.030791266747978996,0.03217391304347833
3816,0.022767241158544227,0.019499341238471635
3817,0.037624114772842165,0.038783487044356635
3818,0.03415395200932281,0.03162984850616757
3819,0.03176192142486567,0.029957606230898104
3820,0.05407229300006078,0.052850241545893795
3821,0.04731149542798363,0.047905486200794045
3822,0.03295587975750269,0.03289855072463771
3823,0.02716144296843781,0.028036542784713292
3824,0.04509566937023568,0.04360897982381351
3825,0.043454677061814495,0.041982589563304196
3826,0.049810956375584525,0.0484955141476881
3827,0.010036342973559986,0.008844971453667194
3828,0.051916244879443574,0.05120772946859897
3829,0.03006239257225768,0.02917874396135256
3830,0.040752885140960315,0.04132307995662027
3831,0.024862471428540645,0.02886693017127806
3832,0.0390808061995197,0.039661835748792285
3833,0.029941753890757483,0.030272804774083617
3834,0.03902286367559277,0.04082125603864728
3835,0.05350322886926795,0.05516908212560395
3836,0.04560749284050675,0.04374176548089598
3837,0.04075500588873959,0.040303657694961914
3838,0.05245164000545127,0.05466609832338731
3839,0.025130473522411545,0.02555994729907779
3840,0.04241229236354327,0.04271918496197458
3841,0.027046801791987984,0.026666666666666616
3842,0.031221439660693573,0.030026619343389627
3843,0.041770095144232466,0.04283706631532719
3844,0.04466148012619742,0.04545893719806754
3845,0.03511915893063927,0.03357927097057534
3846,0.043140283202367624,0.044120488775220124
3847,0.03762514715548243,0.036763285024154546
3848,0.024145701241352346,0.023034953111679468
3849,0.04856253841600611,0.04492753623188395
3850,0.02965357518393441,0.0285638998682477
3851,0.049362260706141164,0.04937198067632853
3852,0.03667586092918368,0.03387853692201509
3853,0.030811422417915624,0.032394755003450626
3854,0.041915989523598984,0.04135265700483082
3855,0.03148677430930058,0.03123868486468734
3856,0.03066808451001729,0.029855072463768062
3857,0.051728633376073474,0.04879227053140095
3858,0.04415344910635488,0.04362318840579715
3859,0.039265825575646396,0.03975596394242742
3860,0.023626858302708997,0.024593676758980332
3861,0.043926866567213174,0.04173473869126043
3862,0.0427099518606992,0.042512077294685924
3863,0.04562686136888627,0.0459214617113885
3864,0.043289615299398676,0.04315766359244616
3865,0.03465236075467665,0.0336456689147176
3866,0.0377248226036328,0.03772068511198945
3867,0.04250485627279743,0.04332643202208425
3868,0.024272132957242565,0.02333333333333326
3869,0.02911984560388642,0.029188310135361384
3870,0.028780590980806875,0.028472282010809702
3871,0.04675520983068304,0.047391304347826124
3872,0.04522617853809863,0.04859903381642511
3873,0.03498281425532074,0.0349103171186686
3874,0.03545594781201916,0.03537439613526561
3875,0.04129039000507895,0.042762406675450115
3876,0.017794868056856206,0.019539388721480866
3877,0.02828396404539013,0.026714975845410605
3878,0.051725839243330796,0.05209977519491088
3879,0.03208661982421718,0.03350021958717614
3880,0.04788770212086163,0.048135074377002984
3881,0.030074359992335098,0.02951690821256031
3882,0.034041231586827814,0.03282389108476058
3883,0.02568587585790927,0.028067632850241664
3884,0.05327893023188718,0.05526130873956958
3885,0.04157065337776039,0.03763285024154589
3886,0.044927515721673805,0.047729468599033875
3887,0.048758723664918846,0.04839701361440496
3888,0.03281545472951314,0.03294685990338159
3889,0.03015313815069698,0.028067632850241497
3890,0.03578633783425561,0.03410628019323664
3891,0.03974597538962921,0.04130434782608694
3892,0.04038935573175634,0.038910847606499765
3893,0.04129902398279839,0.039758454106280094
3894,0.04585402947251199,0.04632850241545894
3895,0.042155998201974576,0.04079051383399218
3896,0.04131630342446696,0.038063241106719437
3897,0.03141321692866916,0.03154589371980682
3898,0.034934972047972745,0.03162959774238294
3899,0.03770157803656948,0.03816951260343421
3900,0.02584075695865906,0.026908212560386446
3901,0.03304182212423534,0.032692138779095326
3902,0.01730878264612895,0.018613898179115573
3903,0.021594667208481966,0.020241545893719737
3904,0.038146613014356845,0.03681159420289859
3905,0.024657292074969084,0.02531400966183578
3906,0.029565750111026856,0.029706796766633126
3907,0.055701770599956235,0.053838905629693457
3908,0.03646149633175977,0.03913043478260869
3909,0.024554776758899277,0.022028985507246412
3910,0.03311394120767186,0.03110065242292931
3911,0.04740905173140564,0.048182983338262875
3912,0.029945335576173016,0.03300995760623088
3913,0.045365022332894855,0.04444444444444445
3914,0.04385667788051367,0.04304347826086957
3915,0.027903755121131135,0.02737812911725951
3916,0.021695040777434893,0.020633280719376257
3917,0.032960480924162705,0.03258286698235047
3918,0.03382825469977435,0.03166524580846841
3919,0.04447858241411162,0.041932367149758454
3920,0.04761364310881505,0.04908212560386477
3921,0.034592203556574275,0.0348045674132631
3922,0.04091781016132179,0.04294685990338165
3923,0.05003423434783871,0.04999211278714388
3924,0.022184331847478256,0.02047512326311074
3925,0.04908129440295661,0.04951690821256044
3926,0.027756506419575,0.027146916737709526
3927,0.05804010068619564,0.057045171572289444
3928,0.042419547866022256,0.041304347826086996
3929,0.02650954916123921,0.025740182713923643
3930,0.046262421656019626,0.04716458602381968
3931,0.03127982695900161,0.030743770029176887
3932,0.038686329460258295,0.03658322353974519
3933,0.04978406088777404,0.04801932367149753
3934,0.03180103866242978,0.03222222222222221
3935,0.04283257437751342,0.041980676328502387
3936,0.03271170038362514,0.031661437322575814
3937,0.03873463166379881,0.03825208607817293
3938,0.01970614890608302,0.017202997140885357
3939,0.02590234460836216,0.02552481335090029
3940,0.03077295886683523,0.030188931936671937
3941,0.04725562798214,0.047338603425559955
3942,0.04014999633826816,0.03971540632324094
3943,0.036237073892954386,0.03503795721187025
3944,0.03109065629068969,0.03208168642951259
3945,0.04660317909254785,0.04858585858585851
3946,0.025897455073707276,0.025911286780852028
3947,0.03356848329388784,0.03471708040369248
3948,0.049862030934585355,0.04975845410628016
3949,0.03253599346791225,0.030488720041273898
3950,0.036455004654307455,0.03457162575174999
3951,0.03393632142697356,0.033574879227053156
3952,0.03287715507338329,0.031235334713595575
3953,0.04435374892521021,0.04255703831252683
3954,0.03829474946667566,0.03700483091787443
3955,0.00969202441690531,0.008937198067632823
3956,0.024136676918350086,0.021409575740182707
3957,0.038625056018786186,0.03637681159420286
3958,0.04034851958396485,0.040304063654447275
3959,0.043615374069972734,0.04275362318840581
3960,0.03561153720167004,0.03642512077294685
3961,0.03140944338489515,0.031199119911991202
3962,0.01881182212711796,0.017761017450458383
3963,0.04245137685249961,0.03895967857655336
3964,0.03947005118658514,0.040241545893719755
3965,0.043259339387842266,0.04385155906895033
3966,0.019274146858643038,0.016223358908781016
3967,0.048726081242531416,0.04846462907160287
3968,0.03669356792497891,0.0334084277993017
3969,0.04934513321751277,0.04786561264822137
3970,0.03826050425987576,0.03740017746228924
3971,0.033905975118906584,0.03489343563512359
3972,0.033922612673792096,0.03387334385612473
3973,0.04633945074409074,0.04809537475486675
3974,0.02120027379260009,0.020963838469115037
3975,0.03106387380080783,0.03025534851621814
3976,0.028338752735819817,0.028454106280193292
3977,0.04430985940150889,0.044084321475625854
3978,0.03137427264741327,0.03226287846175918
3979,0.02472970672683117,0.025362318840579656
3980,0.0348424422544647,0.03579710144927539
3981,0.025405494029849096,0.023898834896277366
3982,0.040313260620626956,0.042599912165129594
3983,0.023257500430235334,0.024049361457884944
3984,0.030776799827521184,0.030893226855959743
3985,0.03653342756253736,0.037149758454106285
3986,0.023047618139734383,0.020153711023276233
3987,0.057289303333450836,0.05832235397452795
3988,0.03270494742474689,0.032305926244798444
3989,0.02506242765123201,0.024492753623188424
3990,0.0364911024274257,0.036280193236715
3991,0.020433183492750473,0.02008615966930616
3992,0.044332289852382356,0.04294781652078261
3993,0.028779550494739403,0.027558190601668864
3994,0.03719963253168068,0.03809106997656292
3995,0.041358969001873636,0.042560386473429856
3996,0.04273923598062401,0.040698809011335935
3997,0.04830759281677105,0.046808246041995516
3998,0.04196667467604798,0.04279858420624677
3999,0.04395030174307396,0.04362318840579704
4000,0.048859318701720444,0.045458937198067706
4001,0.020059203403612502,0.019275362318840583
4002,0.03851353226725951,0.03995169082125605
4003,0.03716272570277923,0.03645666962437144
4004,0.05370057141720136,0.05386138613861391
4005,0.02922994169118137,0.029355718180513746
4006,0.031697966928042554,0.03092744057014396
4007,0.03185535840215581,0.032885375494071056
4008,0.032504026416479315,0.03420289855072456
4009,0.02421600781185307,0.02507246376811595
4010,0.031182399158619423,0.03173473869126031
4011,0.03816693412330474,0.03606543263021966
4012,0.02890704576581321,0.028160903046826447
4013,0.03514403453129339,0.03434782608695652
4014,0.03727108087661524,0.035265700483091744
4015,0.040382738431917864,0.03956237567490767
4016,0.04993646187164141,0.04811594202898556
4017,0.02903546321881234,0.030307422046552457
4018,0.040066237034615704,0.03882246376811593
4019,0.0300098979965035,0.02884057971014492
4020,0.03856803605031772,0.0379227053140096
4021,0.02279191804178904,0.02362318840579708
4022,0.04436968238915706,0.04420289855072462
4023,0.04406134556957836,0.044633289415898114
4024,0.04029529334291415,0.04075572774668773
4025,0.05372271583474153,0.05244180939833121
4026,0.03648167458678925,0.03652173913043477
4027,0.0319992360015148,0.030944659683359632
4028,0.03664605214432698,0.039130434782608636
4029,0.03612303619649421,0.036237512311805276
4030,0.03347891626691624,0.030685111989459724
4031,0.033866850074895316,0.03227053140096614
4032,0.028331848063655185,0.02753623188405807
4033,0.023371775930359384,0.02501562944018193
4034,0.048729279580953466,0.05005628253834249
4035,0.04783496000451298,0.0491304347826087
4036,0.032544638143292615,0.03272779451858232
4037,0.039724930059609365,0.0380814354727399
4038,0.033842775730406505,0.03375054896794033
4039,0.04405903313793985,0.04539090998718326
4040,0.044952896658240094,0.0432850241545894
4041,0.028171750359754222,0.029516908212560367
4042,0.04187328892575587,0.04207729468599031
4043,0.038343940820943945,0.03483091787439618
4044,0.026722102008039927,0.029807719902425034
4045,0.04124868567421258,0.03797540623627582
4046,0.035360876140660746,0.03561273784876273
4047,0.03975174270789317,0.03941240264221629
4048,0.03902799871266016,0.035952985706459495
4049,0.0332904740680966,0.0341287607021572
4050,0.03564725352683146,0.036139657444005324
4051,0.047593789787814644,0.04991190679170221
4052,0.04388625652143424,0.045630215195432644
4053,0.04072822693207134,0.04149758454106284
4054,0.030399664545426863,0.02874396135265711
4055,0.03148727644284671,0.035142731664470794
4056,0.04987869375903542,0.046509781412923945
4057,0.03706933101337717,0.03409336585832501
4058,0.036688754599387474,0.03710144927536235
4059,0.03655440934197374,0.038169512603434264
4060,0.02585251887226192,0.02828928672918446
4061,0.04450507740811427,0.045108109375732786
4062,0.03881447848872943,0.038269394714407434
4063,0.044568445349006724,0.04452117078715556
4064,0.04318266039408286,0.0415942028985507
4065,0.04948488788194361,0.048212560386473424
4066,0.05344627727381285,0.05328502415458941
4067,0.029406905024390695,0.03171842650103518
4068,0.03101109089298515,0.02960474308300398
4069,0.049072876017337674,0.04761993590663416
4070,0.030781560261520513,0.03064619505428806
4071,0.036434879512839635,0.03498462889767234
4072,0.035840329642240765,0.03445581131003128
4073,0.02915921241532876,0.02850241545893717
4074,0.02439080019858203,0.02338164251207736
4075,0.032483179845223586,0.036060606060606126
4076,0.05486006154334633,0.05539357772094339
4077,0.04292748291698251,0.04167360214282301
4078,0.042929677158304536,0.04064558629776016
4079,0.03461975784196708,0.03409432247572586
4080,0.03509987743028575,0.033395445134575596
4081,0.0556600208657036,0.05415458937198059
4082,0.03390740840203749,0.03246376811594198
4083,0.03685602414364181,0.033426008084393166
4084,0.029448639233282004,0.03123881953412727
4085,0.04375545183540508,0.043945578231292526
4086,0.04638956045199444,0.047303211139528234
4087,0.048992065903740556,0.05285024154589374
4088,0.020227771058340283,0.020312588803637344
4089,0.023220505667877422,0.02376811594202899
4090,0.027399407107120965,0.02790513833992092
4091,0.03670450410034487,0.036596833596403144
4092,0.02846708627729755,0.026882579118603978
4093,0.031139509504748197,0.02954369349978475
4094,0.03318783145669568,0.03264382960035128
4095,0.05154692773840652,0.05164251207729459
4096,0.04216011964112182,0.04243741765480891
4097,0.042277338794248887,0.04285902503293809
4098,0.04644885787174524,0.04896277351520323
4099,0.035500645480672166,0.034572649572649494
4100,0.041743381585894634,0.03877470355731227
4101,0.03774155450096289,0.03946859903381644
4102,0.03717611254285985,0.03722915769837848
4103,0.03718393927176017,0.03692884949111208
4104,0.04782504420872036,0.048342479245813974
4105,0.03153592959739071,0.03181852967905485
4106,0.03680320450030172,0.03679867986798668
4107,0.039748715868457796,0.03996486605182259
4108,0.028887809004188858,0.029033816425120818
4109,0.04820484880180337,0.04869565217391303
4110,0.03363932070925457,0.03314448836187961
4111,0.024569221439243116,0.02265700483091787
4112,0.03265521516827813,0.031159420289855078
4113,0.012893062044445902,0.011133591620031524
4114,0.03139529884551989,0.030812472551602965
4115,0.03161004697972741,0.03096618357487918
4116,0.03437584097176544,0.0340933658583249
4117,0.046256821374548396,0.04745778925718652
4118,0.02320722517375351,0.023663844645333998
4119,0.04631941239803378,0.0528433402346446
4120,0.034429771793496045,0.03437417654808955
4121,0.044850546174594996,0.04737812911725964
4122,0.04308280904709927,0.03995169082125605
4123,0.039284055101116655,0.03734395178648292
4124,0.03567820700814944,0.035284625728372876
4125,0.036524889326961796,0.037487922705314036
4126,0.035959533146584066,0.03652173913043477
4127,0.030896214611515205,0.031352657004830975
4128,0.03627724145289818,0.03632850241545893
4129,0.039823266093827525,0.03749670619235834
4130,0.037308901716473,0.03518821447362125
4131,0.03475131191593972,0.03288434214265418
4132,0.03711650437002939,0.03637681159420292
4133,0.014203020491547924,0.016314293833475435
4134,0.01964500801562785,0.01822573561704005
4135,0.03791728940156819,0.0377777777777778
4136,0.040547552494824335,0.04111111111111104
4137,0.04451499525905778,0.046038647342995176
4138,0.0467856837296623,0.04734299516908219
4139,0.028071009530459712,0.02853446214186639
4140,0.029466492981814252,0.02713839158851944
4141,0.030131346512158264,0.030821256038647382
4142,0.03727177115883207,0.03676854641985933
4143,0.04164433028109138,0.04169082125603868
4144,0.028437859664130483,0.02743961352657004
4145,0.040866026415918855,0.0390733421168204
4146,0.04911980400125843,0.05073316283034951
4147,0.04190636359218003,0.04086078173034702
4148,0.030178844543051808,0.030540184453227925
4149,0.028057006213494218,0.027835945972591924
4150,0.03576758241925582,0.03398048500502221
4151,0.034987532381600184,0.0328985507246376
4152,0.033855124097341704,0.033626176602420454
4153,0.0422610154474346,0.042270531400966205
4154,0.04581646054164007,0.04704130927733413
4155,0.03138158864242807,0.02986359761295826
4156,0.04569066077198919,0.04764672119385843
4157,0.05262323222320098,0.04984628897672366
4158,0.03345735975039377,0.03637681159420281
4159,0.04537404399287015,0.04420815994642935
4160,0.02071119364826457,0.02171771502564862
4161,0.020794279300957397,0.018357487922705362
4162,0.047711493378006176,0.046183574879227085
4163,0.048538583154800474,0.04661500932701973
4164,0.03230551126004971,0.034782608695652195
4165,0.04431012044103022,0.04592446201141853
4166,0.035567191947694476,0.03550724637681152
4167,0.03069541812665627,0.028455062897594086
4168,0.043735559690245895,0.04337725076855509
4169,0.048737076669709,0.049269678886047164
4170,0.03546781262650206,0.03426507868178119
4171,0.03545138185379637,0.034444444444444444
4172,0.0378479802419327,0.03866051822573563
4173,0.03547822170558751,0.03500693547615641
4174,0.044440639329903386,0.043385947290381144
4175,0.036814787281149064,0.034397073308006065
4176,0.04344994613508557,0.045555555555555516
4177,0.042920965309534986,0.043561964892141425
4178,0.026780663605869504,0.023114267948533995
4179,0.0272480739366065,0.025464198593772414
4180,0.038978656692453095,0.039903381642512115
4181,0.04038976403050609,0.04123927832002361
4182,0.02868373240649419,0.02713658322353968
4183,0.033113434660804575,0.03318840579710142
4184,0.03223755747049223,0.030869565217391315
4185,0.037083928645289865,0.036469486345262814
4186,0.025873146592747198,0.025410628019323644
4187,0.03406788076304573,0.03483091787439618
4188,0.03312787958718233,0.031230405205560474
4189,0.027362074160828975,0.03047870004391745
4190,0.025965214992673347,0.027681159420289814
4191,0.047299177964174544,0.04265984654731447
4192,0.03610713507137142,0.03776989056492169
4193,0.038448079246599876,0.0357400087834871
4194,0.029424166917904393,0.027957567607948597
4195,0.04682931587664363,0.04950925527335348
4196,0.033285594447698685,0.03331180944181378
4197,0.03222991060657865,0.030760989142392503
4198,0.022901738457787868,0.02422557428768607
4199,0.026306268122076093,0.02527957143540438
4200,0.04747499257175303,0.04820960268165225
4201,0.03709294193579332,0.04016249451032067
4202,0.026370530386085944,0.025845410628019316
4203,0.04316259834155367,0.04323671497584536
4204,0.016757736198776574,0.016768214532189796
4205,0.032879381522287865,0.0304262574595055
4206,0.03640286962513545,0.03374176548089591
4207,0.05121946603557226,0.05187658747945617
4208,0.039692462972426124,0.03806763285024156
4209,0.029741814202599803,0.02920634920634918
4210,0.024932557377169318,0.023153967570670064
4211,0.03652462416764313,0.03431269213877908
4212,0.012907813440382165,0.009736495388669275
4213,0.039671372559398344,0.036811594202898534
4214,0.02511139459750439,0.027681159420289814
4215,0.05066572122284574,0.048067632850241515
4216,0.022849831090171413,0.021119720667719
4217,0.042068637301504175,0.0399516908212561
4218,0.036327465948343796,0.0330786122090469
4219,0.03193908864541989,0.03256038647342996
4220,0.028937218365416684,0.0295652173913043
4221,0.0414930857424583,0.040215717223896275
4222,0.023481832271642744,0.022125603864734333
4223,0.029196424757954975,0.02918860297742293
4224,0.033610350933770294,0.03483091787439613
4225,0.03663216774745337,0.03486726933562928
4226,0.036048713944539845,0.03465524813350901
4227,0.04212623773754387,0.03985937724207206
4228,0.04302826155217293,0.04398292763003614
4229,0.04336410128387147,0.04211682037768982
4230,0.050716952552944394,0.05019849811068061
4231,0.031120579174267637,0.031062801932367157
4232,0.04858214873330019,0.048669301712779944
4233,0.02994880154628682,0.030044365572315768
4234,0.048098088146819984,0.04864734299516915
4235,0.042083739117295016,0.04071172334624762
4236,0.028901205972374555,0.02806294263871295
4237,0.030794242041566333,0.03173518682835447
4238,0.03641407099640481,0.03552429667519175
4239,0.026970970543575168,0.025468503372076234
4240,0.022031862335260888,0.02180939833113743
4241,0.02133240932378072,0.021400966183574954
4242,0.03244307778205652,0.031054192375759293
4243,0.0416484448908519,0.042191480017566896
4244,0.04066125769549411,0.04164251207729469
4245,0.03501490077360042,0.03372859025032937
4246,0.023235266918618103,0.024046013296981916
4247,0.038079024275495366,0.03662972435350942
4248,0.03953042456710554,0.0400966183574879
4249,0.032584413524946676,0.03382520860781718
4250,0.03730538446706738,0.03696530522617475
4251,0.0303035319879979,0.032332711532022884
4252,0.035248440875220055,0.03614913665279562
4253,0.030272114655926552,0.032753623188405745
4254,0.017196800905201926,0.016714975845410596
4255,0.041370071957736954,0.040096618357487956
4256,0.02697128378197028,0.026004209116563815
4257,0.04265401556396875,0.04303908651734739
4258,0.02820898387013676,0.026403596881427294
4259,0.0420706033928297,0.042336407553798805
4260,0.036701239113357875,0.036859903381642634
4261,0.047872604973922595,0.04809858824632984
4262,0.02679048089922731,0.02478260869565213
4263,0.009306111377125559,0.005107956225968602
4264,0.02186068199054686,0.02288588715351053
4265,0.031948624745835597,0.033539745278875766
4266,0.0375259688231222,0.03578034112195605
4267,0.0028761774523460293,0.0017742643829600224
4268,0.035875444648164834,0.034299516908212535
4269,0.028077799271846005,0.028616780045351398
4270,0.038195241796266544,0.0357057444874922
4271,0.03187151197899579,0.031612378629167215
4272,0.023333278221140896,0.023188405797101408
4273,0.05168703069496999,0.05218874061319173
4274,0.03994454822612242,0.035902503293807675
4275,0.06566044084883105,0.06471234079929727
4276,0.037564049410536926,0.03796016957507636
4277,0.025515636277368803,0.02321036451471231
4278,0.03181558964854231,0.030928192861498116
4279,0.03345527239412077,0.03226174791392172
4280,0.03516678494758585,0.03496388769311709
4281,0.05113498806680383,0.052842588606686725
4282,0.046120105683451595,0.04460254721124296
4283,0.021231347648192733,0.01862072365177958
4284,0.034776004666879023,0.032719116632160095
4285,0.023040390488929308,0.02287272205481411
4286,0.03076895420064607,0.028937198067632786
4287,0.05135593692178997,0.050579710144927625
4288,0.03705807247771392,0.03690821256038651
4289,0.04885261608648622,0.04922705314009673
4290,0.03328391730269842,0.03121364487824113
4291,0.027907275251341845,0.028792270531400987
4292,0.0283501535640463,0.028230127360562074
4293,0.039844296887912134,0.04032059727711895
4294,0.042522157797901916,0.042112689529822556
4295,0.02281087329648035,0.02229894856493314
4296,0.029272767911738218,0.029380764163372708
4297,0.03096417665816148,0.03352657004830922
4298,0.03134377166063018,0.030483091787439576
4299,0.03792064867709971,0.040434782608695596
4300,0.03683675111462659,0.03408871321914808
4301,0.041201758107811626,0.04092313579184004
4302,0.021560510874382766,0.02062801932367153
4303,0.03788531440075865,0.03839718754484145
4304,0.0320298139685094,0.031119720667718953
4305,0.030370806325741295,0.0317884255151335
4306,0.03743696366217564,0.03958717610891521
4307,0.02791818478208663,0.029011857707509914
4308,0.032428319006955364,0.03120772946859901
4309,0.0370568827866849,0.035748792270531404
4310,0.04261583634734767,0.04326876165877458
4311,0.02970389632071707,0.026817277635691972
4312,0.0187898151374421,0.019082125603864852
4313,0.029684997874970365,0.031424403309896265
4314,0.04939630711706755,0.049178743961352744
4315,0.04213734168166311,0.0421801310565838
4316,0.04471600374879825,0.04598594642072895
4317,0.03466341988940774,0.03566425120772937
4318,0.03701531031125038,0.03467403262065344
4319,0.029941234193303412,0.028094418137465937
4320,0.03770293946786496,0.035653159814650504
4321,0.024650356832780718,0.02355894217839538
4322,0.039543827377328034,0.04115942028985503
4323,0.03481881955955146,0.037149758454106285
4324,0.056266194021812044,0.05399209486166007
4325,0.031907139429106446,0.0293909059216097
4326,0.026779153001618206,0.02328502415458944
4327,0.04043776862539922,0.04071042909917594
4328,0.04050241411037503,0.04098531592289667
4329,0.028982052898330113,0.028885540727985826
4330,0.039910563100698015,0.038146684233640815
4331,0.04283411632638451,0.043065958769790025
4332,0.05026796344188278,0.050614844093105016
4333,0.03863527843116393,0.036956521739130443
4334,0.03217027447892712,0.031243124312431203
4335,0.04272358277136201,0.04276653752331744
4336,0.03188366091987599,0.032486443852903446
4337,0.04240014379155488,0.0451427316644708
4338,0.03814253340201673,0.038206986250464536
4339,0.049054371444430034,0.05233201581027663
4340,0.03537447878786437,0.03603864734299517
4341,0.04515803295433085,0.04690821256038652
4342,0.029273760303909435,0.030671638290886982
4343,0.03882684336482234,0.03883179622310051
4344,0.03340028568293385,0.031352657004830864
4345,0.029528304084276313,0.02950373298199388
4346,0.04030939729047761,0.041111111111111154
4347,0.03775094639300075,0.03806763285024156
4348,0.040215042325281225,0.03870156758355514
4349,0.0349568188562302,0.03681159420289848
4350,0.02788060458843561,0.02807256235827682
4351,0.03830757242504568,0.03621199204319414
4352,0.03074645986504776,0.03050944224857266
4353,0.03316943559707147,0.03573597554964009
4354,0.028193146642979172,0.029371980676328457
4355,0.04175778710578498,0.040756186532584004
4356,0.03612558106535485,0.036328502415458985
4357,0.035249633180484075,0.03641651121633899
4358,0.027839507204230618,0.028973676427092532
4359,0.019832992644480407,0.019680968096809803
4360,0.02847226366912231,0.028156363994873312
4361,0.04137816507730735,0.041690821256038624
4362,0.041455346693775375,0.04246376811594199
4363,0.01747416245368849,0.018687042617305194
4364,0.03991669206796755,0.03869096196238453
4365,0.04678485857088366,0.04584541062801939
4366,0.051671184708022455,0.05320418998421578
4367,0.029065234794122263,0.0285638998682477
4368,0.020052097806063318,0.021594202898550685
4369,0.036661941794923825,0.03806763285024156
4370,0.037397031117146706,0.03646554273883473
4371,0.027719109941491238,0.025555555555555554
4372,0.030881185514011644,0.03085280489007186
4373,0.031167134176702083,0.032591128678085224
4374,0.01941751106043116,0.02063086104006817
4375,0.03144004517497845,0.031045234958278434
4376,0.04790313952997344,0.04834870443566086
4377,0.03567124139241362,0.03454106280193231
4378,0.03326207159330291,0.03401812839284829
4379,0.028269668641910106,0.026859903381642458
4380,0.04904427034802061,0.04784876269348326
4381,0.040724430337410855,0.04206434583395585
4382,0.036614992407468905,0.034729994738604275
4383,0.03927205837511322,0.03896398335485718
4384,0.029767565547681007,0.02898550724637683
4385,0.032971548956416796,0.031177596020471543
4386,0.04033904278622258,0.039582267689684536
4387,0.029151387714191956,0.029508124725516116
4388,0.031046687383139482,0.03158559334194283
4389,0.03377654184816503,0.03514755823408433
4390,0.052252137182274117,0.053188405797101435
4391,0.039133379539923685,0.040869565217391324
4392,0.02634098369940746,0.026280193236714988
4393,0.03197367682517033,0.03214756258234519
4394,0.020856893504303975,0.01898550724637682
4395,0.03933727932742931,0.03995169082125599
4396,0.021962747869403887,0.02247513498152881
4397,0.03199374074493111,0.029613526570048287
4398,0.03634713656880367,0.03661835748792264
4399,0.0368134028566971,0.03850241545893712
4400,0.036772465752526906,0.03708827404479581
4401,0.04274343613845705,0.045214549587951125
4402,0.02477618721186392,0.025393408906107973
4403,0.02874635622646393,0.03048013408261846
4404,0.030793919593341768,0.03329985172430289
4405,0.043483298793224934,0.04499402114124451
4406,0.028802026653780677,0.029371980676328513
4407,0.02871495424463083,0.028812162546177855
4408,0.02998678259217169,0.02980676328502413
4409,0.038297757616179096,0.03602053140096623
4410,0.03488793437751386,0.03380141644388157
4411,0.04113076144579553,0.04362758014931922
4412,0.026352873774390828,0.02459815546772065
4413,0.04312145718027999,0.04303908651734728
4414,0.03879365132335261,0.03844119194528145
4415,0.029814314177571882,0.02997512794757745
4416,0.04048964316818138,0.04169082125603868
4417,0.04098702664309439,0.041449275362318794
4418,0.04976399050122643,0.04951296460613225
4419,0.02722969387959079,0.026191548238825524
4420,0.040762694112772335,0.04152173913043483
4421,0.02027479316903885,0.017940272288098358
4422,0.03507399491829577,0.03930740900176971
4423,0.04336758613491809,0.04294685990338171
4424,0.042234425970370304,0.041375639041320744
4425,0.02566615723977317,0.025389924085576276
4426,0.03397760180510462,0.03307422046552483
4427,0.03166516268323605,0.030628019323671485
4428,0.0374727651360518,0.037874396135265664
4429,0.024454607666553274,0.021936671928062423
4430,0.040791069748983666,0.038550724637681166
4431,0.02951317963125838,0.029703109610243472
4432,0.032652713613203654,0.03280288898455058
4433,0.03559641547825426,0.03458076242406849
4434,0.03903752552300904,0.04072463768115936
4435,0.035198197894607874,0.03425120772946866
4436,0.04634388961707664,0.046879035729659846
4437,0.03103227413065629,0.029863855950812535
4438,0.049822824479850925,0.05144927536231875
4439,0.028817203607172992,0.02808519982433033
4440,0.043870931444299044,0.04531969309462913
4441,0.02353557909476489,0.020869565217391306
4442,0.03893497768157955,0.03667958100157842
4443,0.03968313465283785,0.040096618357487845
4444,0.032454379626448815,0.03238628210647149
4445,0.034700077207311775,0.03286305826678493
4446,0.03781201257166095,0.03587230439762945
4447,0.04330399991446954,0.04305226174791382
4448,0.037474310925538434,0.03816425120772954
4449,0.05199895296118767,0.053816425120773004
4450,0.03240722249770217,0.03125308094252194
4451,0.044375684054315856,0.04599129478165215
4452,0.04175763276357297,0.041106719367588807
4453,0.0317220935119476,0.02936758893280622
4454,0.053772930603671665,0.054009661835748735
4455,0.040927461389902275,0.042341321088630535
4456,0.04398567251602814,0.041731161910453674
4457,0.03386019070952473,0.0384541062801933
4458,0.038722270258324365,0.03995169082125605
4459,0.023453685661009693,0.02164251207729473
4460,0.039880872152696645,0.04005270092226609
4461,0.034294339307549104,0.03379490122925338
4462,0.03328094221533795,0.03227053140096614
4463,0.03427209398291242,0.034672815107597676
4464,0.023173723916948274,0.02061027309474517
4465,0.036556515283295954,0.03818488813845505
4466,0.017273002995966957,0.018647342995169125
4467,0.04586965201532017,0.04568291611769876
4468,0.022478083307610586,0.022033377250768593
4469,0.04794177306185188,0.052061988807576454
4470,0.03825747255869166,0.03774238293394566
4471,0.037434519878487615,0.03627349691490883
4472,0.024172520381412377,0.0245410628019323
4473,0.03591855518495135,0.034804567413263154
4474,0.04146806997677671,0.039864638637776895
4475,0.04055485257885316,0.038599033816425155
4476,0.03094657629395614,0.03053140096618351
4477,0.02406727866605579,0.021699604743083023
4478,0.041677844010140463,0.04157698378533503
4479,0.03950886544332738,0.03945981554677214
4480,0.030904532860494383,0.030241545893719746
4481,0.038152132546436124,0.0367149758454105
4482,0.04883899230090116,0.04970225771468001
4483,0.04513340868815896,0.04300473525613435
4484,0.03423242953437872,0.035323575835844445
4485,0.02477390605088653,0.024668423364075598
4486,0.030973999483543624,0.032560386473430014
4487,0.0492911362656307,0.048717610891524044
4488,0.03194965999303445,0.03031233558138413
4489,0.021923983944209635,0.021937296657793592
4490,0.03602277859064046,0.03685990338164252
4491,0.021990621641198804,0.020202802888984572
4492,0.03751670450639749,0.038814229249011845
4493,0.03732070684584532,0.034975845410627926
4494,0.037081899160213316,0.038851946575731766
4495,0.04229450187244915,0.042156346069389505
4496,0.03379147440241337,0.032028985507246366
4497,0.04159979479113485,0.04053140096618357
4498,0.02395497406978947,0.02381642512077292
4499,0.04482435525463835,0.04695652173913051
4500,0.05482394767094301,0.05260534749127088
4501,0.03163411829174506,0.03045745834565705
4502,0.02168416215308694,0.021283710895361407
4503,0.020454799689704428,0.021483375959079287
4504,0.04509965633382368,0.04669440857129187
4505,0.04162202036029994,0.04200841823312773
4506,0.027123401223575982,0.026086956521739146
4507,0.03740527065857474,0.03416846032429338
4508,0.04316712092630143,0.04090469916556877
4509,0.03311274573068346,0.03454106280193242
4510,0.03870214711920894,0.03718213058419245
4511,0.03784529463210906,0.039904338259912964
4512,0.01246460451836906,0.01438752570909263
4513,0.04129810726587074,0.04251207729468598
4514,0.04490951828110784,0.046763285024154555
4515,0.04029824587423814,0.038363116176539536
4516,0.03564922041087887,0.033201581027668015
4517,0.04347489038210539,0.04235038943113478
4518,0.04136780234574522,0.04140096618357486
4519,0.005960735056253663,0.006123307982972226
4520,0.026908777044196197,0.02724451876625783
4521,0.05235627406061405,0.052573561703996574
4522,0.03468051897634278,0.03247694334650858
4523,0.03467828258158523,0.03425120772946855
4524,0.052435319850678896,0.05470355731225296
4525,0.04498311919355258,0.04267080745341617
4526,0.04201107197814946,0.0426825802784882
4527,0.03969336331869511,0.03850241545893718
4528,0.04675739608548041,0.0483091787439614
4529,0.03618403539495152,0.03585497680202798
4530,0.03144020442643852,0.02983802216538789
4531,0.030016044265959774,0.02511584343882478
4532,0.03537101129309189,0.03645147123407999
4533,0.03906975364501347,0.03722080136402389
4534,0.027382383713088432,0.024699165568730808
4535,0.04158897701249065,0.041304347826086996
4536,0.018651556459162555,0.01806763285024149
4537,0.04292340254593008,0.04067632850241548
4538,0.04828341330280561,0.0490821256038646
4539,0.05041430871576408,0.05115942028985493
4540,0.03594166706081514,0.03682037768994284
4541,0.028945713624454306,0.025555555555555554
4542,0.032994913948294846,0.03183574879227058
4543,0.030011316554786227,0.028915674176113293
4544,0.03547207619593701,0.03657596371882088
4545,0.03865200181434758,0.037391304347826115
4546,0.04308488533641458,0.04289415898111554
4547,0.03278485676630294,0.033781918564527225
4548,0.04129462048958632,0.04267689684569487
4549,0.028386462960656,0.02596476271668091
4550,0.04795026722847101,0.04649160568230731
4551,0.01962521955821922,0.018695652173913113
4552,0.04643909410941571,0.045414932797627594
4553,0.03753319980429437,0.037791648730090444
4554,0.030863859079054368,0.031330967169476365
4555,0.027167360593910506,0.025566512276507913
4556,0.028674734683209913,0.027149758454106332
4557,0.023157431143045415,0.020860692102928124
4558,0.035759148426589726,0.03342995169082125
4559,0.032422095966855025,0.03305728088336768
4560,0.0392475515561731,0.03653052261747908
4561,0.04338385493949953,0.04293185122649035
4562,0.035350573212948766,0.03628019323671494
4563,0.04039464695735667,0.043570487483530984
4564,0.03931100792003228,0.03832561382538974
4565,0.04335292611905417,0.047487922705314045
4566,0.03047544130852975,0.033712153824078106
4567,0.036084029740723444,0.032064380351078614
4568,0.036764111214411754,0.03723011431577933
4569,0.049032209599341625,0.0491846593709947
4570,0.03210285104558147,0.029916198363403257
4571,0.04368460083096298,0.04318840579710148
4572,0.036681204139535406,0.037000526139570444
4573,0.037259409818060474,0.03768115942028982
4574,0.038647198948066286,0.036451471234079824
4575,0.04550179875010679,0.044967061923583684
4576,0.034109342462814635,0.034628897672375925
4577,0.04169547550375935,0.03869565217391302
4578,0.03102101899115972,0.03022837066315326
4579,0.031181858365904536,0.030772946859903394
4580,0.040873507812930865,0.04175230566534921
4581,0.022538892235508368,0.019029424681598572
4582,0.03167414505427568,0.02911268855368232
4583,0.05233129188407659,0.052801932367149695
4584,0.03296994125065572,0.03439613526570057
4585,0.030892054978671202,0.03014023732470339
4586,0.04106427645160765,0.037299947386042975
4587,0.03549961846860045,0.036698713349595846
4588,0.021600197233338114,0.021120677285119904
4589,0.04095413044117596,0.037821782178217744
4590,0.039032205971548606,0.03729468599033825
4591,0.03199007138599608,0.030013802622498253
4592,0.045530210159507645,0.04623188405797107
4593,0.029704064984223233,0.0319323671497585
4594,0.025063726803160324,0.02183574879227057
4595,0.03569375742404596,0.03259552042160735
4596,0.02465352691370354,0.025072463768115894
4597,0.03343563481659351,0.03202898550724642
4598,0.03522677285351922,0.035028546332894206
4599,0.03967022026186401,0.039522169608265156
4600,0.039389779300240235,0.03919254658385091
4601,0.0247188023896856,0.02294685990338169
4602,0.030444630050177224,0.028993475770705657
4603,0.032605301282318866,0.03326015210216671
4604,0.058060522937587455,0.05574000878348706
4605,0.036193428799775496,0.03363705935810968
4606,0.03313358414975953,0.03231489697328216
4607,0.026921540754645368,0.029328932893289306
4608,0.022786189504239163,0.023168513782324596
4609,0.019891023287302134,0.018550724637681204
4610,0.033435782367885636,0.032909917590224325
4611,0.03165635938508021,0.030241545893719746
4612,0.04956497055339787,0.04921029281277739
4613,0.057892009289807145,0.05962309274405703
4614,0.03251466793187335,0.033381642512077314
4615,0.0404718891343302,0.042446201141853324
4616,0.027749017978845436,0.026618357487922684
4617,0.03522621200824605,0.03311522456593502
4618,0.029248066823674257,0.029965561773568683
4619,0.024730671862588316,0.022608695652173882
4620,0.03813158516005288,0.037391304347826115
4621,0.040866174568203184,0.04279754062362762
4622,0.05190780717169574,0.04999999999999993
4623,0.036840570756256186,0.03649538866930169
4624,0.04118808690465903,0.04251207729468598
4625,0.036998972753231385,0.03603012219380508
4626,0.028374420003436762,0.02814668423364075
4627,0.022809064461027206,0.022380324989020595
4628,0.027391664432643015,0.02609556607834701
4629,0.032607076086926035,0.03010979358805438
4630,0.04181675525596107,0.04180657196154397
4631,0.041735572177035385,0.04375185344621413
4632,0.05082134391903903,0.05010618453149668
4633,0.04667452533467997,0.04754191531685137
4634,0.03361206559421692,0.0330127360562143
4635,0.027837160046614184,0.027141148897498524
4636,0.03806558808279231,0.0418613242398409
4637,0.04081793687908125,0.03792270531400965
4638,0.02745802710120726,0.027211938585162854
4639,0.036180501869122694,0.033816425120772986
4640,0.031202825801206535,0.03079973214712778
4641,0.03267355438844499,0.03376811594202894
4642,0.03225734031683708,0.030260278024253184
4643,0.025646629103554475,0.02590250329380761
4644,0.03492612623657282,0.03560879424233465
4645,0.035055979780165336,0.03365160556976421
4646,0.04488744772256087,0.042961687473095145
4647,0.0549818988250087,0.05753623188405804
4648,0.03840997697949644,0.03907773386034258
4649,0.03849882162712909,0.03521739130434781
4650,0.034412541269818464,0.034029553850525696
4651,0.05087549395464935,0.04880105401844537
4652,0.04421086650944378,0.043333333333333335
4653,0.03688521027592567,0.03763285024154578
4654,0.02431551695187878,0.023699102829537577
4655,0.03538713850723463,0.03734299516908207
4656,0.029877269523833294,0.029240924092409304
4657,0.014034362838986514,0.013492469451548639
4658,0.022737452577371586,0.021537368570616666
4659,0.02940155917410575,0.028695652173913122
4660,0.038855969256248346,0.03652613087395701
4661,0.03204720659678456,0.03376243250923555
4662,0.031665929897275125,0.030508667235009834
4663,0.03508410698105752,0.037448080083669566
4664,0.04569444179022203,0.04152102166738414
4665,0.04548637736381922,0.04418093983311372
4666,0.03467918919973678,0.03329819938515588
4667,0.036159082792758035,0.037971014492753585
4668,0.015726132211732136,0.016671058410188844
4669,0.024490811865890583,0.023487044356609588
4670,0.028193804969427583,0.02695652173913049
4671,0.025271309698704558,0.02207290294246811
4672,0.03868990270028089,0.038524895967857686
4673,0.028161097433386184,0.02859903381642509
4674,0.04230186368102917,0.04203466894003971
4675,0.043806643296646575,0.04468599033816423
4676,0.038750957038014955,0.03607274793975557
4677,0.036128017471087126,0.03848519634572145
4678,0.03936009550681563,0.04038647342995172
4679,0.03706598149436341,0.03589371980676326
4680,0.022046839605956603,0.019425768215548644
4681,0.024969097316514866,0.024580588493631927
4682,0.025067433393726468,0.024955953395851105
4683,0.04104028769921009,0.03826086956521735
4684,0.04037690315458686,0.041603769072559416
4685,0.04148362513758924,0.0418387369888939
4686,0.030978351962383854,0.03239789196310927
4687,0.024578254711154268,0.022999473860429442
4688,0.022679309624992094,0.023671497584541068
4689,0.04980048594864123,0.04832791087449467
4690,0.04697660202055892,0.04637681159420287
4691,0.019353448652162708,0.016170660544315263
4692,0.02983590668550501,0.03365953986703013
4693,0.03821911370749642,0.03550820299421242
4694,0.027575367603818512,0.025763000852514872
4695,0.02751689701611154,0.02632850241545892
4696,0.021383164111430764,0.022555994729907713
4697,0.04137012872662171,0.04096618357487919
4698,0.042950519549920296,0.043304916169366214
4699,0.029295295054250547,0.029371980676328513
4700,0.02948022689345131,0.029033816425120762
4701,0.03469126118021609,0.03714975845410623
4702,0.031000356385015748,0.029400397840295522
4703,0.05627875107581215,0.05922705314009663
4704,0.03296628030235271,0.02941744813867586
4705,0.03272974394976086,0.0337730454500641
4706,0.04384307903448853,0.042517006802721136
4707,0.033712887127744506,0.03241545893719805
4708,0.017434961818531325,0.017686420815994586
4709,0.020813503758190743,0.021642512077294673
4710,0.036507515293024095,0.03866607512570247
4711,0.029387441713361384,0.029371980676328457
4712,0.03577060476363486,0.03516908212560382
4713,0.04087774899138147,0.03996986655187257
4714,0.04186761047859261,0.04154589371980677
4715,0.036658735697935985,0.036447079490557754
4716,0.036437459564128194,0.034720090934924674
4717,0.03294418388110343,0.03159420289855075
4718,0.018043214940222485,0.016882383890562958
4719,0.03620266494018981,0.034084756301717145
4720,0.05783759670717137,0.0588630602190654
4721,0.04068958310733678,0.03995169082125599
4722,0.06111250667198881,0.0586912604303908
4723,0.03679345356839414,0.037021881216254604
4724,0.03834094443461111,0.03608695652173921
4725,0.045940418128207594,0.042886593007126717
4726,0.03110191899559378,0.02975845410628014
4727,0.036770697492706284,0.03576653849945777
4728,0.04233554626832492,0.04198067632850233
4729,0.05366657329303931,0.053333333333333344
4730,0.025011460985008394,0.027149758454106276
4731,0.04891163535578352,0.047220548141770624
4732,0.035202630487764563,0.03339025206868512
4733,0.04705134469841815,0.045827843653930556
4734,0.02729451153266027,0.02512077294685977
4735,0.04705690229269327,0.045490983880996816
4736,0.04380085706100112,0.04265700483091789
4737,0.0373060759622148,0.040656717845697576
4738,0.028183877396594836,0.028545744309975585
4739,0.03981309860276522,0.03981106806332807
4740,0.039468937757202616,0.03817520792868173
4741,0.02544303795512942,0.02541062801932359
4742,0.03524783740527687,0.03648299612569955
4743,0.043349261503788095,0.044617113885301485
4744,0.035358933724783936,0.036993464052287595
4745,0.02865619993886559,0.026956521739130435
4746,0.022162569582625025,0.02425120772946865
4747,0.04804479800581268,0.04792270531400966
4748,0.03701798352083818,0.035234958278436534
4749,0.04107479755486637,0.03913142068421571
4750,0.027156842109249957,0.02844549672358543
4751,0.03631408492995308,0.03383063370275652
4752,0.03146667026748562,0.02805884936319719
4753,0.03412027787757099,0.03367149758454108
4754,0.045597848675813235,0.04521739130434782
4755,0.034747060063038626,0.03566095740008779
4756,0.04368434633153001,0.043638972592911496
4757,0.01924115139447974,0.017149758454106212
4758,0.029209160826676184,0.029394461185248966
4759,0.032499273425571906,0.030110489309800537
4760,0.039478433554058556,0.040386473429951664
4761,0.05034802345868716,0.04989459815546776
4762,0.030347918814736752,0.030880410135068592
4763,0.03623111554591679,0.03647934536133296
4764,0.03770924010900878,0.03458937198067635
4765,0.03958965690030375,0.038537549407114624
4766,0.034426485997795575,0.03536231884057972
4767,0.037770438925355476,0.03813015061096897
4768,0.04311658534846402,0.042850241545893786
4769,0.05303200020158522,0.053091787439613514
4770,0.031622776285698095,0.03351365571339748
4771,0.032787687035341684,0.0334299516908213
4772,0.04149320570594983,0.04027789735495291
4773,0.03734049292427466,0.03838281506495944
4774,0.03988182372023574,0.039773281675993644
4775,0.033867018735922017,0.03313570487483525
4776,0.03585144615458252,0.035700483091787416
4777,0.022514814198751232,0.02414141414141413
4778,0.05136388683548043,0.052708302206285085
4779,0.03891843297416303,0.03739130434782606
4780,0.03290006267520412,0.03134404744822311
4781,0.02289318047033223,0.022706270627062708
4782,0.040699458334618355,0.04142292490118582
4783,0.0318230261949482,0.03435660957400094
4784,0.05311493688590879,0.05144927536231886
4785,0.025093895938287925,0.027101449275362344
4786,0.048491559167547105,0.048454106280193254
4787,0.041661169791406605,0.042850241545893675
4788,0.057863293076621636,0.058959156785243716
4789,0.03455752848871918,0.03502415458937197
4790,0.03675805327551074,0.03502415458937197
4791,0.023981784554229058,0.023140096618357475
4792,0.0437959136029385,0.044962670180061504
4793,0.022783556962591545,0.018525298754131614
4794,0.033964396923440554,0.034248717565615816
4795,0.027832312126142345,0.028186209925340322
4796,0.03816984495250303,0.03724637681159426
4797,0.03910909507024529,0.03767676767676764
4798,0.03748649242851143,0.03828360329639108
4799,0.03107496616109401,0.03194993412384711
4800,0.058295555631914076,0.05622310057092672
4801,0.024514395157344215,0.02342995169082135
4802,0.025111406956792592,0.025024154589372016
4803,0.03926295149206166,0.03861386138613859
4804,0.04650398088787122,0.04627254029750788
4805,0.03786996544886734,0.03777338603425556
4806,0.03483419986756264,0.036183574879227076
4807,0.04074096779690223,0.04246376811594199
4808,0.03780409148146685,0.03672877846790895
4809,0.03245665336233883,0.03140096618357491
4810,0.032496361516389405,0.034084321475625734
4811,0.03639846958587556,0.03589371980676326
4812,0.04246337125850436,0.04384277558190597
4813,0.03624700129656522,0.037397522360931745
4814,0.037205044095583395,0.03705314009661831
4815,0.04199336627236061,0.040434782608695596
4816,0.02814841864224754,0.027729468599033802
4817,0.03601247555467957,0.03522617479139223
4818,0.03533751441633615,0.032349930645238445
4819,0.030058566133009446,0.02859903381642509
4820,0.04416944678974438,0.043816425120772995
4821,0.04190901195029306,0.04058539357772106
4822,0.023283666711009898,0.02238963026737456
4823,0.01936933105615357,0.015393577720943463
4824,0.04096369537375566,0.041312957382694804
4825,0.025934361578676512,0.024489911906791728
4826,0.03281007072398784,0.03096618357487929
4827,0.050053846211681574,0.05257090926483954
4828,0.02966323569193896,0.028024585067202346
4829,0.04895780278152562,0.04814798871191467
4830,0.04574230157867226,0.04507246376811591
4831,0.041958571142647116,0.0432850241545894
4832,0.03904964773972802,0.03734299516908207
4833,0.037586285425195876,0.03430444641624775
4834,0.03396742864361818,0.036017943409247855
4835,0.03237913050820046,0.03313441318556409
4836,0.03873600109945652,0.038212560386473415
4837,0.03942855071227819,0.03851628641124988
4838,0.04053541035418684,0.04014492753623189
4839,0.04012435756190891,0.0401790281329924
4840,0.04166596986349491,0.041392182696530555
4841,0.04409211145865943,0.044545454545454444
4842,0.0561825959876901,0.05348265261308738
4843,0.027438207049722774,0.030193236714975757
4844,0.033538676020845704,0.03211699430812648
4845,0.03229575110553151,0.033413689195006535
4846,0.025273758882542185,0.024115063680281046
4847,0.040633614701352794,0.03893719806763285
4848,0.03713581748365369,0.03784856746544224
4849,0.03382585080133177,0.03419437340153442
4850,0.04296069234083355,0.04574583456571035
4851,0.04578280087075387,0.04417654808959165
4852,0.024287863738788606,0.023673355629877435
4853,0.0488075085089818,0.047366656807650565
4854,0.03498555277436405,0.035138519175786254
4855,0.05361568032318226,0.05256038647342992
4856,0.03473242009944755,0.03381642512077304
4857,0.03266273068615666,0.03195915243698294
4858,0.03174393379426649,0.03318840579710147
4859,0.042287138810457925,0.04089730712201656
4860,0.048117617989028194,0.04826086956521736
4861,0.036380914113960716,0.036214317083882286
4862,0.031270870683564544,0.029803921568627545
4863,0.033749559481028035,0.032569169960474376
4864,0.0430165650228605,0.0440475123263111
4865,0.04158945429518157,0.04198067632850244
4866,0.042321370342960685,0.04169082125603868
4867,0.03931519947656309,0.04190162494510313
4868,0.01768200359055072,0.0167945439045184
4869,0.04319925081685677,0.04367675898024587
4870,0.044098198698536706,0.04401405357927102
4871,0.03669954520110835,0.03669762206275495
4872,0.03396383995879376,0.03518613242398405
4873,0.04333609896566387,0.03811594202898544
4874,0.039651146571389684,0.03954369349978465
4875,0.033931994861245096,0.03700483091787432
4876,0.03013899842445522,0.029323671497584525
4877,0.0251445552097726,0.024271099744245572
4878,0.043800368932116196,0.042260072712784424
4879,0.036714758403693426,0.03888888888888892
4880,0.04187063429593607,0.041594202898550814
4881,0.04491464160506936,0.04371980676328502
4882,0.029527735569114477,0.03035133948177421
4883,0.031162546537182867,0.029680567879325603
4884,0.04384244432118933,0.043671497584541086
4885,0.033917649092005564,0.032898550724637765
4886,0.031614133976740844,0.033276240667544976
4887,0.0304982315898899,0.02624040920716103
4888,0.047763807547909376,0.04767237593324558
4889,0.030368315200722418,0.028954765041721564
4890,0.030706900024576156,0.02861290476873768
4891,0.04500404709521366,0.04572244180939844
4892,0.03159441633502191,0.03293920696417463
4893,0.023050613986605406,0.022995169082125677
4894,0.040512248628650604,0.04250442435547902
4895,0.04115190945909508,0.04007026789635487
4896,0.03824853855361593,0.037729468599033866
4897,0.03590878175371498,0.037219981074754716
4898,0.0277601658151147,0.026916996047430808
4899,0.046124435821627674,0.04509063949873246
4900,0.034991217833111044,0.03685990338164247
4901,0.02111283149756199,0.018831706595681785
4902,0.032095923500251755,0.031594202898550694
4903,0.03283565821971152,0.03152832674571798
4904,0.035883475821750555,0.03478260869565225
4905,0.03376828570829582,0.033373032955469395
4906,0.0374334522071233,0.039055775142731675
4907,0.04057788855578909,0.042968818620992555
4908,0.023148006692059464,0.021190679170218774
4909,0.02452678254183205,0.02212560386473439
4910,0.015637452249881778,0.01543428965789212
4911,0.023718436285083022,0.021826965305226265
4912,0.0416193324206382,0.04154158894150278
4913,0.04141666486054185,0.04120438130769599
4914,0.028628270440648917,0.0251295564339043
4915,0.04050866447618129,0.03842336407553798
4916,0.029323244166627904,0.028731047017745204
4917,0.03823910796522423,0.037945381050971005
4918,0.03713011184068077,0.03503276414597983
4919,0.029491244359539093,0.02820816864295128
4920,0.04408918855826105,0.04381173490924439
4921,0.03963294364356584,0.041148053424268194
4922,0.02574244098194428,0.02687307861220911
4923,0.035210478657448585,0.03429951690821259
4924,0.04497444887509977,0.048276643990929735
4925,0.02125889655621982,0.020386473429951646
4926,0.0466185598560615,0.04710144927536242
4927,0.05228903943960167,0.053671497584541095
4928,0.04119816750309535,0.0399053534457261
4929,0.05108206562373685,0.050917874396135376
4930,0.036954543439712106,0.034575163398692765
4931,0.04613050029850041,0.04868776496105687
4932,0.035013274393508875,0.03222222222222232
4933,0.03185812810095173,0.029868943416080707
4934,0.040750461286638284,0.039301712779973574
4935,0.03788337075102666,0.037198067632850274
4936,0.02821544537924059,0.025854976802027974
4937,0.03755323755980078,0.03349600709849149
4938,0.01021420879406354,0.00906490649064906
4939,0.03315963083241491,0.031639163916391655
4940,0.031228439136996577,0.03104084321475631
4941,0.0389294441602816,0.03937198067632841
4942,0.028477449424401557,0.027169650468883144
4943,0.04093665109105771,0.040241545893719866
4944,0.045451737095737965,0.04487354362034651
4945,0.03503200262407308,0.034475534509972705
4946,0.03429539376996843,0.030986075589656104
4947,0.046659406197128106,0.04629336846728149
4948,0.03955433060839708,0.03980676328502414
4949,0.04233140121526052,0.04331611422011761
4950,0.021474193819635834,0.01908212560386474
4951,0.029391947854849332,0.02966183574879233
4952,0.038281745482148355,0.03843653930610447
4953,0.03367598154947171,0.033197971971110185
4954,0.019555907972495457,0.02022837066315325
4955,0.04287223022693887,0.04107597716293371
4956,0.04350507755121369,0.04334650856389993
4957,0.036472701249986805,0.035748792270531404
4958,0.0372493895533898,0.03902090209020903
4959,0.03939467424948312,0.037487922705314036
4960,0.04946311917344953,0.0524856815578465
4961,0.034526595323646714,0.033236714975845405
4962,0.02933084877371489,0.028682835453021804
4963,0.04013548083366275,0.04086517347386914
4964,0.044058783013948444,0.04307861220904696
4965,0.013019551022695197,0.014295125164690337
4966,0.03976457741969852,0.04041282389108475
4967,0.034758363750896804,0.03458368854788291
4968,0.030206441604007817,0.0317979624049361
4969,0.04638220788254699,0.04801932367149764
4970,0.04521278733650175,0.04346689400397846
4971,0.03403270569464817,0.03287272205481412
4972,0.03222225576064397,0.0332721098196776
4973,0.05163932715834202,0.053381642512077276
4974,0.03786332934438463,0.0364940668824163
4975,0.030524605191004195,0.028459035788228282
4976,0.04030672287071296,0.03854468599033811
4977,0.035273763911987555,0.034476491127373665
4978,0.032507526120534425,0.03447774494629713
4979,0.030683068174395478,0.027357203751065595
4980,0.027052633782385482,0.027729468599033746
4981,0.030786053907478905,0.02944707514229683
4982,0.05499131237021243,0.052560386473429976
4983,0.0423648594451721,0.04210803689064557
4984,0.028411254276128783,0.02801932367149751
4985,0.04672514778761444,0.04544576196750111
4986,0.04655059958458674,0.04652173913043478
4987,0.04165308868581835,0.037439613526570104
4988,0.02860543511004421,0.02789879974102294
4989,0.024437683667757393,0.0235834887836609
4990,0.027462504521629683,0.027534373838721538
4991,0.035377166880306954,0.034124455923853214
4992,0.042963136254781376,0.04415458937198069
4993,0.03173596834258663,0.030777251638207215
4994,0.03612684145305278,0.033816425120772986
4995,0.025519281138364935,0.02420289855072466
4996,0.026810863972649313,0.027285812875875004
4997,0.045056736717012935,0.04719806763285028
4998,0.04574320401124038,0.04562143170838828
4999,0.03594380390889507,0.0329779499689099
