row_index,original_row_index,relative_path,category,corrected_garment_id,corrected_fold_id,clean_pred_m,clean_pred_m_ra14
0,0,A-Line/1-1.tif,A-Line,A-Line__G01,0,A-Line,A-Line
1,1,A-Line/1-10.tif,A-Line,A-Line__G01,0,Wide-Leg,Wide-Leg
2,2,A-Line/1-2.tif,A-Line,A-Line__G01,0,Bermuda,Bermuda
3,3,A-Line/1-3.tif,A-Line,A-Line__G01,0,A-Line,A-Line
4,4,A-Line/1-4.tif,A-Line,A-Line__G01,0,Shirt,Shirt
5,5,A-Line/1-5.tif,A-Line,A-Line__G01,0,Jacket,Circle
6,6,A-Line/1-6.tif,A-Line,A-Line__G01,0,Wide-Leg,Wide-Leg
7,7,A-Line/1-7.tif,A-Line,A-Line__G01,0,A-Line,Wide-Leg
8,8,A-Line/1-8.tif,A-Line,A-Line__G01,0,Wide-Leg,Wide-Leg
9,9,A-Line/1-9.tif,A-Line,A-Line__G01,0,Circle,Wide-Leg
10,10,A-Line/10-1.tif,A-Line,A-Line__G10,4,A-Line,A-Line
11,11,A-Line/10-10.tif,A-Line,A-Line__G10,4,Bermuda,A-Line
12,12,A-Line/10-2.tif,A-Line,A-Line__G10,4,A-Line,A-Line
13,13,A-Line/10-3.tif,A-Line,A-Line__G10,4,A-Line,A-Line
14,14,A-Line/10-4.tif,A-Line,A-Line__G10,4,A-Line,A-Line
15,15,A-Line/10-5.tif,A-Line,A-Line__G10,4,Bermuda,Bermuda
16,16,A-Line/10-6.tif,A-Line,A-Line__G10,4,Bermuda,Bermuda
17,17,A-Line/10-7.tif,A-Line,A-Line__G10,4,T-shirt,T-shirt
18,18,A-Line/10-8.tif,A-Line,A-Line__G10,4,A-Line,A-Line
19,19,A-Line/10-9.tif,A-Line,A-Line__G10,4,A-Line,A-Line
20,20,A-Line/2-1.tif,A-Line,A-Line__G02,0,A-Line,Skinny
21,21,A-Line/2-10.tif,A-Line,A-Line__G02,0,Circle,Circle
22,22,A-Line/2-2.tif,A-Line,A-Line__G02,0,Bermuda,A-Line
23,23,A-Line/2-3.tif,A-Line,A-Line__G02,0,Vest,Suit
24,24,A-Line/2-4.tif,A-Line,A-Line__G02,0,Bermuda,Bermuda
25,25,A-Line/2-5.tif,A-Line,A-Line__G02,0,Wide-Leg,Wide-Leg
26,26,A-Line/2-6.tif,A-Line,A-Line__G02,0,Wide-Leg,A-Line
27,27,A-Line/2-7.tif,A-Line,A-Line__G02,0,Wide-Leg,Wide-Leg
28,28,A-Line/2-8.tif,A-Line,A-Line__G02,0,A-Line,A-Line
29,29,A-Line/2-9.tif,A-Line,A-Line__G02,0,Wide-Leg,T-shirt
30,30,A-Line/3-1.tif,A-Line,A-Line__G03,1,Tunic,Sarong
31,31,A-Line/3-10.tif,A-Line,A-Line__G03,1,A-Line,A-Line
32,32,A-Line/3-2.tif,A-Line,A-Line__G03,1,Mini,Circle
33,33,A-Line/3-3.tif,A-Line,A-Line__G03,1,A-Line,Circle
34,34,A-Line/3-4.tif,A-Line,A-Line__G03,1,Harem,Harem
35,35,A-Line/3-5.tif,A-Line,A-Line__G03,1,Mini,Mini
36,36,A-Line/3-6.tif,A-Line,A-Line__G03,1,Pencil,Circle
37,37,A-Line/3-7.tif,A-Line,A-Line__G03,1,A-Line,A-Line
38,38,A-Line/3-8.tif,A-Line,A-Line__G03,1,Straight,Straight
39,39,A-Line/3-9.tif,A-Line,A-Line__G03,1,A-Line,Wide-Leg
40,40,A-Line/4-1.tif,A-Line,A-Line__G04,1,A-Line,A-Line
41,41,A-Line/4-10.tif,A-Line,A-Line__G04,1,A-Line,Sarong
42,42,A-Line/4-2.tif,A-Line,A-Line__G04,1,Mini,Mini
43,43,A-Line/4-3.tif,A-Line,A-Line__G04,1,T-shirt,Circle
44,44,A-Line/4-4.tif,A-Line,A-Line__G04,1,A-Line,A-Line
45,45,A-Line/4-5.tif,A-Line,A-Line__G04,1,A-Line,Sarong
46,46,A-Line/4-6.tif,A-Line,A-Line__G04,1,A-Line,A-Line
47,47,A-Line/4-7.tif,A-Line,A-Line__G04,1,Hoodie,Wide-Leg
48,48,A-Line/4-8.tif,A-Line,A-Line__G04,1,Wide-Leg,A-Line
49,49,A-Line/4-9.tif,A-Line,A-Line__G04,1,Harem,Straight
50,50,A-Line/5-1.tif,A-Line,A-Line__G05,2,Harem,Harem
51,51,A-Line/5-10.tif,A-Line,A-Line__G05,2,A-Line,A-Line
52,52,A-Line/5-2.tif,A-Line,A-Line__G05,2,Circle,Harem
53,53,A-Line/5-3.tif,A-Line,A-Line__G05,2,Mermaid,A-Line
54,54,A-Line/5-4.tif,A-Line,A-Line__G05,2,Circle,Circle
55,55,A-Line/5-5.tif,A-Line,A-Line__G05,2,Circle,A-Line
56,56,A-Line/5-6.tif,A-Line,A-Line__G05,2,Hoodie,Hoodie
57,57,A-Line/5-7.tif,A-Line,A-Line__G05,2,Mermaid,Mermaid
58,58,A-Line/5-8.tif,A-Line,A-Line__G05,2,Mermaid,Harem
59,59,A-Line/5-9.tif,A-Line,A-Line__G05,2,Mermaid,Mermaid
60,60,A-Line/6-1.tif,A-Line,A-Line__G06,2,Wide-Leg,Wide-Leg
61,61,A-Line/6-10.tif,A-Line,A-Line__G06,2,Wide-Leg,Wide-Leg
62,62,A-Line/6-2.tif,A-Line,A-Line__G06,2,Wide-Leg,Wide-Leg
63,63,A-Line/6-3.tif,A-Line,A-Line__G06,2,Wide-Leg,Wide-Leg
64,64,A-Line/6-4.tif,A-Line,A-Line__G06,2,Wide-Leg,Wide-Leg
65,65,A-Line/6-5.tif,A-Line,A-Line__G06,2,Wide-Leg,Wide-Leg
66,66,A-Line/6-6.tif,A-Line,A-Line__G06,2,Harem,Circle
67,67,A-Line/6-7.tif,A-Line,A-Line__G06,2,Wide-Leg,Wide-Leg
68,68,A-Line/6-8.tif,A-Line,A-Line__G06,2,Mermaid,Wide-Leg
69,69,A-Line/6-9.tif,A-Line,A-Line__G06,2,A-Line,A-Line
70,70,A-Line/7-1.tif,A-Line,A-Line__G07,3,A-Line,A-Line
71,71,A-Line/7-10.tif,A-Line,A-Line__G07,3,Mini,Mini
72,72,A-Line/7-2.tif,A-Line,A-Line__G07,3,A-Line,A-Line
73,73,A-Line/7-3.tif,A-Line,A-Line__G07,3,Mini,Mini
74,74,A-Line/7-4.tif,A-Line,A-Line__G07,3,A-Line,Mini
75,75,A-Line/7-5.tif,A-Line,A-Line__G07,3,Wide-Leg,Wide-Leg
76,76,A-Line/7-6.tif,A-Line,A-Line__G07,3,T-shirt,Mini
77,77,A-Line/7-7.tif,A-Line,A-Line__G07,3,T-shirt,Bermuda
78,78,A-Line/7-8.tif,A-Line,A-Line__G07,3,A-Line,A-Line
79,79,A-Line/7-9.tif,A-Line,A-Line__G07,3,Blouse,Circle
80,80,A-Line/8-1.tif,A-Line,A-Line__G08,3,Hoodie,T-shirt
81,81,A-Line/8-10.tif,A-Line,A-Line__G08,3,T-shirt,T-shirt
82,82,A-Line/8-2.tif,A-Line,A-Line__G08,3,Cardigan,Wide-Leg
83,83,A-Line/8-3.tif,A-Line,A-Line__G08,3,Mermaid,T-shirt
84,84,A-Line/8-4.tif,A-Line,A-Line__G08,3,Wide-Leg,T-shirt
85,85,A-Line/8-5.tif,A-Line,A-Line__G08,3,Mermaid,Mermaid
86,86,A-Line/8-6.tif,A-Line,A-Line__G08,3,A-Line,A-Line
87,87,A-Line/8-7.tif,A-Line,A-Line__G08,3,Wide-Leg,T-shirt
88,88,A-Line/8-8.tif,A-Line,A-Line__G08,3,Mermaid,Mermaid
89,89,A-Line/8-9.tif,A-Line,A-Line__G08,3,Harem,Harem
90,90,A-Line/9-1.tif,A-Line,A-Line__G09,4,Circle,Circle
91,91,A-Line/9-10.tif,A-Line,A-Line__G09,4,Circle,Circle
92,92,A-Line/9-2.tif,A-Line,A-Line__G09,4,Wide-Leg,A-Line
93,93,A-Line/9-3.tif,A-Line,A-Line__G09,4,Circle,Circle
94,94,A-Line/9-4.tif,A-Line,A-Line__G09,4,Circle,Circle
95,95,A-Line/9-5.tif,A-Line,A-Line__G09,4,Circle,Suit
96,96,A-Line/9-6.tif,A-Line,A-Line__G09,4,Suit,Suit
97,97,A-Line/9-7.tif,A-Line,A-Line__G09,4,Circle,Harem
98,98,A-Line/9-8.tif,A-Line,A-Line__G09,4,Mermaid,Mermaid
99,99,A-Line/9-9.tif,A-Line,A-Line__G09,4,Circle,Circle
100,100,Bermuda/1-1.tif,Bermuda,Bermuda__G01,0,Bermuda,Bermuda
101,101,Bermuda/1-10.tif,Bermuda,Bermuda__G01,0,Bermuda,Bermuda
102,102,Bermuda/1-2.tif,Bermuda,Bermuda__G01,0,Bermuda,Bermuda
103,103,Bermuda/1-3.tif,Bermuda,Bermuda__G01,0,Bermuda,Bermuda
104,104,Bermuda/1-4.tif,Bermuda,Bermuda__G01,0,Bermuda,Bermuda
105,105,Bermuda/1-5.tif,Bermuda,Bermuda__G01,0,Bermuda,Bermuda
106,106,Bermuda/1-6.tif,Bermuda,Bermuda__G01,0,T-shirt,Bermuda
107,107,Bermuda/1-7.tif,Bermuda,Bermuda__G01,0,Bermuda,Bermuda
108,108,Bermuda/1-8.tif,Bermuda,Bermuda__G01,0,Bermuda,Bermuda
109,109,Bermuda/1-9.tif,Bermuda,Bermuda__G01,0,Bermuda,Bermuda
110,110,Bermuda/10-1.tif,Bermuda,Bermuda__G10,4,Bermuda,Bermuda
111,111,Bermuda/10-10.tif,Bermuda,Bermuda__G10,4,Bermuda,Bermuda
112,112,Bermuda/10-2.tif,Bermuda,Bermuda__G10,4,Bermuda,Bermuda
113,113,Bermuda/10-3.tif,Bermuda,Bermuda__G10,4,Bermuda,Bermuda
114,114,Bermuda/10-4.tif,Bermuda,Bermuda__G10,4,Bermuda,Bermuda
115,115,Bermuda/10-5.tif,Bermuda,Bermuda__G10,4,Bermuda,Bermuda
116,116,Bermuda/10-6.tif,Bermuda,Bermuda__G10,4,Bermuda,Bermuda
117,117,Bermuda/10-7.tif,Bermuda,Bermuda__G10,4,Blouse,Bermuda
118,118,Bermuda/10-8.tif,Bermuda,Bermuda__G10,4,Bermuda,Bermuda
119,119,Bermuda/10-9.tif,Bermuda,Bermuda__G10,4,Bermuda,Bermuda
120,120,Bermuda/2-1.tif,Bermuda,Bermuda__G02,0,Bermuda,Bermuda
121,121,Bermuda/2-10.tif,Bermuda,Bermuda__G02,0,Mini,Bermuda
122,122,Bermuda/2-2.tif,Bermuda,Bermuda__G02,0,Hoodie,Bermuda
123,123,Bermuda/2-3.tif,Bermuda,Bermuda__G02,0,Bermuda,Bermuda
124,124,Bermuda/2-4.tif,Bermuda,Bermuda__G02,0,Bermuda,Bermuda
125,125,Bermuda/2-5.tif,Bermuda,Bermuda__G02,0,Bermuda,Bermuda
126,126,Bermuda/2-6.tif,Bermuda,Bermuda__G02,0,T-shirt,Mini
127,127,Bermuda/2-7.tif,Bermuda,Bermuda__G02,0,A-Line,Bermuda
128,128,Bermuda/2-8.tif,Bermuda,Bermuda__G02,0,Bermuda,Bermuda
129,129,Bermuda/2-9.tif,Bermuda,Bermuda__G02,0,T-shirt,Bermuda
130,130,Bermuda/3-1.tif,Bermuda,Bermuda__G03,1,Shirt,Shirt
131,131,Bermuda/3-10.tif,Bermuda,Bermuda__G03,1,Bermuda,Bermuda
132,132,Bermuda/3-2.tif,Bermuda,Bermuda__G03,1,Mini,Mini
133,133,Bermuda/3-3.tif,Bermuda,Bermuda__G03,1,Bermuda,Jacket
134,134,Bermuda/3-4.tif,Bermuda,Bermuda__G03,1,Bermuda,Bermuda
135,135,Bermuda/3-5.tif,Bermuda,Bermuda__G03,1,Mini,Mini
136,136,Bermuda/3-6.tif,Bermuda,Bermuda__G03,1,Mini,Mini
137,137,Bermuda/3-7.tif,Bermuda,Bermuda__G03,1,Blouse,Blouse
138,138,Bermuda/3-8.tif,Bermuda,Bermuda__G03,1,Bermuda,Bermuda
139,139,Bermuda/3-9.tif,Bermuda,Bermuda__G03,1,Bermuda,Mini
140,140,Bermuda/4-1.tif,Bermuda,Bermuda__G04,1,Wide-Leg,Wide-Leg
141,141,Bermuda/4-10.tif,Bermuda,Bermuda__G04,1,Bermuda,Bermuda
142,142,Bermuda/4-2.tif,Bermuda,Bermuda__G04,1,Bermuda,Bermuda
143,143,Bermuda/4-3.tif,Bermuda,Bermuda__G04,1,A-Line,A-Line
144,144,Bermuda/4-4.tif,Bermuda,Bermuda__G04,1,Bermuda,Bermuda
145,145,Bermuda/4-5.tif,Bermuda,Bermuda__G04,1,Mini,Mini
146,146,Bermuda/4-6.tif,Bermuda,Bermuda__G04,1,Bermuda,Bermuda
147,147,Bermuda/4-7.tif,Bermuda,Bermuda__G04,1,Blouse,Bermuda
148,148,Bermuda/4-8.tif,Bermuda,Bermuda__G04,1,Bermuda,Bermuda
149,149,Bermuda/4-9.tif,Bermuda,Bermuda__G04,1,Bermuda,Bermuda
150,150,Bermuda/5-1.tif,Bermuda,Bermuda__G05,2,Bermuda,Bermuda
151,151,Bermuda/5-10.tif,Bermuda,Bermuda__G05,2,Bermuda,Bermuda
152,152,Bermuda/5-2.tif,Bermuda,Bermuda__G05,2,Bermuda,Bermuda
153,153,Bermuda/5-3.tif,Bermuda,Bermuda__G05,2,Bermuda,Bermuda
154,154,Bermuda/5-4.tif,Bermuda,Bermuda__G05,2,Blouse,Blouse
155,155,Bermuda/5-5.tif,Bermuda,Bermuda__G05,2,Bermuda,Bermuda
156,156,Bermuda/5-6.tif,Bermuda,Bermuda__G05,2,Bermuda,Bermuda
157,157,Bermuda/5-7.tif,Bermuda,Bermuda__G05,2,Bermuda,Blouse
158,158,Bermuda/5-8.tif,Bermuda,Bermuda__G05,2,Bermuda,Bermuda
159,159,Bermuda/5-9.tif,Bermuda,Bermuda__G05,2,Shirt,Mini
160,160,Bermuda/6-1.tif,Bermuda,Bermuda__G06,2,Mini,Mini
161,161,Bermuda/6-10.tif,Bermuda,Bermuda__G06,2,Mini,Blouse
162,162,Bermuda/6-2.tif,Bermuda,Bermuda__G06,2,Blouse,Blouse
163,163,Bermuda/6-3.tif,Bermuda,Bermuda__G06,2,Blouse,Blouse
164,164,Bermuda/6-4.tif,Bermuda,Bermuda__G06,2,Blouse,Blouse
165,165,Bermuda/6-5.tif,Bermuda,Bermuda__G06,2,A-Line,A-Line
166,166,Bermuda/6-6.tif,Bermuda,Bermuda__G06,2,A-Line,A-Line
167,167,Bermuda/6-7.tif,Bermuda,Bermuda__G06,2,Blouse,Suit
168,168,Bermuda/6-8.tif,Bermuda,Bermuda__G06,2,A-Line,A-Line
169,169,Bermuda/6-9.tif,Bermuda,Bermuda__G06,2,Wide-Leg,Wide-Leg
170,170,Bermuda/7-1.tif,Bermuda,Bermuda__G07,3,Mini,Mini
171,171,Bermuda/7-10.tif,Bermuda,Bermuda__G07,3,Mini,Mini
172,172,Bermuda/7-2.tif,Bermuda,Bermuda__G07,3,T-shirt,Hoodie
173,173,Bermuda/7-3.tif,Bermuda,Bermuda__G07,3,Bermuda,Bermuda
174,174,Bermuda/7-4.tif,Bermuda,Bermuda__G07,3,Shirt,Shirt
175,175,Bermuda/7-5.tif,Bermuda,Bermuda__G07,3,Jacket,Jacket
176,176,Bermuda/7-6.tif,Bermuda,Bermuda__G07,3,Bermuda,Bermuda
177,177,Bermuda/7-7.tif,Bermuda,Bermuda__G07,3,Shirt,Mini
178,178,Bermuda/7-8.tif,Bermuda,Bermuda__G07,3,T-shirt,Mini
179,179,Bermuda/7-9.tif,Bermuda,Bermuda__G07,3,Bermuda,Bermuda
180,180,Bermuda/8-1.tif,Bermuda,Bermuda__G08,3,Mini,Mini
181,181,Bermuda/8-10.tif,Bermuda,Bermuda__G08,3,Bermuda,Bermuda
182,182,Bermuda/8-2.tif,Bermuda,Bermuda__G08,3,Bermuda,Bermuda
183,183,Bermuda/8-3.tif,Bermuda,Bermuda__G08,3,Bermuda,Bermuda
184,184,Bermuda/8-4.tif,Bermuda,Bermuda__G08,3,Jacket,Jacket
185,185,Bermuda/8-5.tif,Bermuda,Bermuda__G08,3,Mini,Mini
186,186,Bermuda/8-6.tif,Bermuda,Bermuda__G08,3,Jacket,Jacket
187,187,Bermuda/8-7.tif,Bermuda,Bermuda__G08,3,Jacket,Jacket
188,188,Bermuda/8-8.tif,Bermuda,Bermuda__G08,3,Bermuda,Bermuda
189,189,Bermuda/8-9.tif,Bermuda,Bermuda__G08,3,Jacket,Jacket
190,190,Bermuda/9-1.tif,Bermuda,Bermuda__G09,4,T-shirt,T-shirt
191,191,Bermuda/9-10.tif,Bermuda,Bermuda__G09,4,Blouse,Blouse
192,192,Bermuda/9-2.tif,Bermuda,Bermuda__G09,4,Bermuda,Bermuda
193,193,Bermuda/9-3.tif,Bermuda,Bermuda__G09,4,Bermuda,Bermuda
194,194,Bermuda/9-4.tif,Bermuda,Bermuda__G09,4,Blouse,Blouse
195,195,Bermuda/9-5.tif,Bermuda,Bermuda__G09,4,Shirt,Shirt
196,196,Bermuda/9-6.tif,Bermuda,Bermuda__G09,4,Mini,Mini
197,197,Bermuda/9-7.tif,Bermuda,Bermuda__G09,4,Blouse,Blouse
198,198,Bermuda/9-8.tif,Bermuda,Bermuda__G09,4,Bermuda,Bermuda
199,199,Bermuda/9-9.tif,Bermuda,Bermuda__G09,4,Bermuda,Bermuda
200,200,Blouse/1-1.tif,Blouse,Blouse__G01,0,Shirt,Shirt
201,201,Blouse/1-10.tif,Blouse,Blouse__G01,0,Bermuda,Bermuda
202,202,Blouse/1-2.tif,Blouse,Blouse__G01,0,Bermuda,Shirt
203,203,Blouse/1-3.tif,Blouse,Blouse__G01,0,T-shirt,Bermuda
204,204,Blouse/1-4.tif,Blouse,Blouse__G01,0,Bermuda,Bermuda
205,205,Blouse/1-5.tif,Blouse,Blouse__G01,0,Bermuda,Bermuda
206,206,Blouse/1-6.tif,Blouse,Blouse__G01,0,Bermuda,Bermuda
207,207,Blouse/1-7.tif,Blouse,Blouse__G01,0,Shirt,Shirt
208,208,Blouse/1-8.tif,Blouse,Blouse__G01,0,T-shirt,Circle
209,209,Blouse/1-9.tif,Blouse,Blouse__G01,0,T-shirt,Bermuda
210,210,Blouse/10-1.tif,Blouse,Blouse__G10,4,Jacket,Jacket
211,211,Blouse/10-10.tif,Blouse,Blouse__G10,4,Mini,Jacket
212,212,Blouse/10-2.tif,Blouse,Blouse__G10,4,Circle,Mini
213,213,Blouse/10-3.tif,Blouse,Blouse__G10,4,Blouse,T-shirt
214,214,Blouse/10-4.tif,Blouse,Blouse__G10,4,Mini,Mini
215,215,Blouse/10-5.tif,Blouse,Blouse__G10,4,Jacket,Cardigan
216,216,Blouse/10-6.tif,Blouse,Blouse__G10,4,Blouse,Suit
217,217,Blouse/10-7.tif,Blouse,Blouse__G10,4,Blouse,Jacket
218,218,Blouse/10-8.tif,Blouse,Blouse__G10,4,Blouse,T-shirt
219,219,Blouse/10-9.tif,Blouse,Blouse__G10,4,Mini,Suit
220,220,Blouse/2-1.tif,Blouse,Blouse__G02,0,A-Line,A-Line
221,221,Blouse/2-10.tif,Blouse,Blouse__G02,0,A-Line,A-Line
222,222,Blouse/2-2.tif,Blouse,Blouse__G02,0,A-Line,A-Line
223,223,Blouse/2-3.tif,Blouse,Blouse__G02,0,A-Line,A-Line
224,224,Blouse/2-4.tif,Blouse,Blouse__G02,0,A-Line,A-Line
225,225,Blouse/2-5.tif,Blouse,Blouse__G02,0,A-Line,A-Line
226,226,Blouse/2-6.tif,Blouse,Blouse__G02,0,A-Line,A-Line
227,227,Blouse/2-7.tif,Blouse,Blouse__G02,0,A-Line,Hoodie
228,228,Blouse/2-8.tif,Blouse,Blouse__G02,0,A-Line,A-Line
229,229,Blouse/2-9.tif,Blouse,Blouse__G02,0,Wide-Leg,Wide-Leg
230,230,Blouse/3-1.tif,Blouse,Blouse__G03,1,Cardigan,Cardigan
231,231,Blouse/3-10.tif,Blouse,Blouse__G03,1,Cardigan,Cardigan
232,232,Blouse/3-2.tif,Blouse,Blouse__G03,1,Cardigan,Cardigan
233,233,Blouse/3-3.tif,Blouse,Blouse__G03,1,Cardigan,Cardigan
234,234,Blouse/3-4.tif,Blouse,Blouse__G03,1,Cardigan,Cardigan
235,235,Blouse/3-5.tif,Blouse,Blouse__G03,1,Cardigan,Blouse
236,236,Blouse/3-6.tif,Blouse,Blouse__G03,1,Cardigan,Cardigan
237,237,Blouse/3-7.tif,Blouse,Blouse__G03,1,Cardigan,Cardigan
238,238,Blouse/3-8.tif,Blouse,Blouse__G03,1,Blouse,Blouse
239,239,Blouse/3-9.tif,Blouse,Blouse__G03,1,Cardigan,Cardigan
240,240,Blouse/4-1.tif,Blouse,Blouse__G04,1,Blouse,Suit
241,241,Blouse/4-10.tif,Blouse,Blouse__G04,1,T-shirt,Blouse
242,242,Blouse/4-2.tif,Blouse,Blouse__G04,1,Blouse,Cardigan
243,243,Blouse/4-3.tif,Blouse,Blouse__G04,1,Blouse,Blouse
244,244,Blouse/4-4.tif,Blouse,Blouse__G04,1,Blouse,Blouse
245,245,Blouse/4-5.tif,Blouse,Blouse__G04,1,Blouse,Blouse
246,246,Blouse/4-6.tif,Blouse,Blouse__G04,1,Mini,Jacket
247,247,Blouse/4-7.tif,Blouse,Blouse__G04,1,Blouse,Mini
248,248,Blouse/4-8.tif,Blouse,Blouse__G04,1,T-shirt,Mini
249,249,Blouse/4-9.tif,Blouse,Blouse__G04,1,T-shirt,Cardigan
250,250,Blouse/5-1.tif,Blouse,Blouse__G05,2,Mini,Mini
251,251,Blouse/5-10.tif,Blouse,Blouse__G05,2,T-shirt,Bermuda
252,252,Blouse/5-2.tif,Blouse,Blouse__G05,2,Hoodie,Blouse
253,253,Blouse/5-3.tif,Blouse,Blouse__G05,2,T-shirt,A-Line
254,254,Blouse/5-4.tif,Blouse,Blouse__G05,2,Mini,Mini
255,255,Blouse/5-5.tif,Blouse,Blouse__G05,2,Suit,Suit
256,256,Blouse/5-6.tif,Blouse,Blouse__G05,2,Suit,T-shirt
257,257,Blouse/5-7.tif,Blouse,Blouse__G05,2,Blouse,Blouse
258,258,Blouse/5-8.tif,Blouse,Blouse__G05,2,T-shirt,A-Line
259,259,Blouse/5-9.tif,Blouse,Blouse__G05,2,T-shirt,A-Line
260,260,Blouse/6-1.tif,Blouse,Blouse__G06,2,Suit,Suit
261,261,Blouse/6-10.tif,Blouse,Blouse__G06,2,Cardigan,Cardigan
262,262,Blouse/6-2.tif,Blouse,Blouse__G06,2,Circle,Blouse
263,263,Blouse/6-3.tif,Blouse,Blouse__G06,2,Blouse,Blouse
264,264,Blouse/6-4.tif,Blouse,Blouse__G06,2,Blouse,Blouse
265,265,Blouse/6-5.tif,Blouse,Blouse__G06,2,Blouse,Blouse
266,266,Blouse/6-6.tif,Blouse,Blouse__G06,2,Blouse,Blouse
267,267,Blouse/6-7.tif,Blouse,Blouse__G06,2,Blouse,Blouse
268,268,Blouse/6-8.tif,Blouse,Blouse__G06,2,T-shirt,T-shirt
269,269,Blouse/6-9.tif,Blouse,Blouse__G06,2,Jacket,Blouse
270,270,Blouse/7-1.tif,Blouse,Blouse__G07,3,Blouse,Blouse
271,271,Blouse/7-10.tif,Blouse,Blouse__G07,3,Shirt,Shirt
272,272,Blouse/7-2.tif,Blouse,Blouse__G07,3,Mini,Hoodie
273,273,Blouse/7-3.tif,Blouse,Blouse__G07,3,Blouse,A-Line
274,274,Blouse/7-4.tif,Blouse,Blouse__G07,3,Blouse,Blouse
275,275,Blouse/7-5.tif,Blouse,Blouse__G07,3,Mini,Mini
276,276,Blouse/7-6.tif,Blouse,Blouse__G07,3,Jacket,Hoodie
277,277,Blouse/7-7.tif,Blouse,Blouse__G07,3,Hoodie,Bermuda
278,278,Blouse/7-8.tif,Blouse,Blouse__G07,3,T-shirt,T-shirt
279,279,Blouse/7-9.tif,Blouse,Blouse__G07,3,Blouse,Blouse
280,280,Blouse/8-1.tif,Blouse,Blouse__G08,3,Blouse,Blouse
281,281,Blouse/8-10.tif,Blouse,Blouse__G08,3,Mini,Circle
282,282,Blouse/8-2.tif,Blouse,Blouse__G08,3,Cardigan,Cardigan
283,283,Blouse/8-3.tif,Blouse,Blouse__G08,3,Jacket,Jacket
284,284,Blouse/8-4.tif,Blouse,Blouse__G08,3,Jacket,Jacket
285,285,Blouse/8-5.tif,Blouse,Blouse__G08,3,Suit,Suit
286,286,Blouse/8-6.tif,Blouse,Blouse__G08,3,Suit,Suit
287,287,Blouse/8-7.tif,Blouse,Blouse__G08,3,Cardigan,Cardigan
288,288,Blouse/8-8.tif,Blouse,Blouse__G08,3,Shirt,Blouse
289,289,Blouse/8-9.tif,Blouse,Blouse__G08,3,Blouse,Blouse
290,290,Blouse/9-1.tif,Blouse,Blouse__G09,4,Shirt,Shirt
291,291,Blouse/9-10.tif,Blouse,Blouse__G09,4,Bermuda,Bermuda
292,292,Blouse/9-2.tif,Blouse,Blouse__G09,4,Blouse,Circle
293,293,Blouse/9-3.tif,Blouse,Blouse__G09,4,Shirt,Blouse
294,294,Blouse/9-4.tif,Blouse,Blouse__G09,4,Shirt,Shirt
295,295,Blouse/9-5.tif,Blouse,Blouse__G09,4,Blouse,Jacket
296,296,Blouse/9-6.tif,Blouse,Blouse__G09,4,Blouse,Blouse
297,297,Blouse/9-7.tif,Blouse,Blouse__G09,4,Blouse,Blouse
298,298,Blouse/9-8.tif,Blouse,Blouse__G09,4,Shirt,Shirt
299,299,Blouse/9-9.tif,Blouse,Blouse__G09,4,Blouse,Blouse
300,300,Cardigan/1-1.tif,Cardigan,Cardigan__G01,0,Suit,Suit
301,301,Cardigan/1-10.tif,Cardigan,Cardigan__G01,0,Tunic,Tunic
302,302,Cardigan/1-2.tif,Cardigan,Cardigan__G01,0,Suit,Suit
303,303,Cardigan/1-3.tif,Cardigan,Cardigan__G01,0,Jacket,Jacket
304,304,Cardigan/1-4.tif,Cardigan,Cardigan__G01,0,Suit,Suit
305,305,Cardigan/1-5.tif,Cardigan,Cardigan__G01,0,Suit,Suit
306,306,Cardigan/1-6.tif,Cardigan,Cardigan__G01,0,Suit,Suit
307,307,Cardigan/1-7.tif,Cardigan,Cardigan__G01,0,Suit,Suit
308,308,Cardigan/1-8.tif,Cardigan,Cardigan__G01,0,Vest,Tunic
309,309,Cardigan/1-9.tif,Cardigan,Cardigan__G01,0,Vest,Suit
310,310,Cardigan/10-1.tif,Cardigan,Cardigan__G10,4,Jacket,Jacket
311,311,Cardigan/10-10.tif,Cardigan,Cardigan__G10,4,Jacket,Jacket
312,312,Cardigan/10-2.tif,Cardigan,Cardigan__G10,4,T-shirt,T-shirt
313,313,Cardigan/10-3.tif,Cardigan,Cardigan__G10,4,Jacket,Jacket
314,314,Cardigan/10-4.tif,Cardigan,Cardigan__G10,4,Suit,Suit
315,315,Cardigan/10-5.tif,Cardigan,Cardigan__G10,4,Wide-Leg,Shirt
316,316,Cardigan/10-6.tif,Cardigan,Cardigan__G10,4,Suit,Pencil
317,317,Cardigan/10-7.tif,Cardigan,Cardigan__G10,4,Suit,Suit
318,318,Cardigan/10-8.tif,Cardigan,Cardigan__G10,4,Wide-Leg,Wide-Leg
319,319,Cardigan/10-9.tif,Cardigan,Cardigan__G10,4,Jacket,Jacket
320,330,Cardigan/3-1.tif,Cardigan,Cardigan__G03,1,Mini,Mini
321,331,Cardigan/3-10.tif,Cardigan,Cardigan__G03,1,Shirt,Shirt
322,332,Cardigan/3-2.tif,Cardigan,Cardigan__G03,1,Hoodie,Shirt
323,333,Cardigan/3-3.tif,Cardigan,Cardigan__G03,1,Jacket,Vest
324,334,Cardigan/3-4.tif,Cardigan,Cardigan__G03,1,Wide-Leg,Wide-Leg
325,335,Cardigan/3-5.tif,Cardigan,Cardigan__G03,1,Tunic,Tunic
326,336,Cardigan/3-6.tif,Cardigan,Cardigan__G03,1,Wide-Leg,Wide-Leg
327,337,Cardigan/3-7.tif,Cardigan,Cardigan__G03,1,Tunic,Tunic
328,338,Cardigan/3-8.tif,Cardigan,Cardigan__G03,1,Wide-Leg,Wide-Leg
329,339,Cardigan/3-9.tif,Cardigan,Cardigan__G03,1,Suit,Suit
330,340,Cardigan/4-1.tif,Cardigan,Cardigan__G04,1,Cardigan,Blouse
331,341,Cardigan/4-10.tif,Cardigan,Cardigan__G04,1,Wide-Leg,Wide-Leg
332,342,Cardigan/4-2.tif,Cardigan,Cardigan__G04,1,Jacket,Jacket
333,343,Cardigan/4-3.tif,Cardigan,Cardigan__G04,1,Vest,Suit
334,344,Cardigan/4-4.tif,Cardigan,Cardigan__G04,1,Jacket,Mini
335,345,Cardigan/4-5.tif,Cardigan,Cardigan__G04,1,Suit,Suit
336,346,Cardigan/4-6.tif,Cardigan,Cardigan__G04,1,Mini,Mini
337,347,Cardigan/4-7.tif,Cardigan,Cardigan__G04,1,Jacket,Suit
338,348,Cardigan/4-8.tif,Cardigan,Cardigan__G04,1,Wide-Leg,Wide-Leg
339,349,Cardigan/4-9.tif,Cardigan,Cardigan__G04,1,Wide-Leg,Wide-Leg
340,350,Cardigan/5-1.tif,Cardigan,Cardigan__G05,2,Harem,Harem
341,351,Cardigan/5-10.tif,Cardigan,Cardigan__G05,2,Tunic,Jacket
342,352,Cardigan/5-2.tif,Cardigan,Cardigan__G05,2,Tunic,Jacket
343,353,Cardigan/5-3.tif,Cardigan,Cardigan__G05,2,Jacket,Suit
344,354,Cardigan/5-4.tif,Cardigan,Cardigan__G05,2,Cardigan,Cardigan
345,355,Cardigan/5-5.tif,Cardigan,Cardigan__G05,2,Cardigan,Cardigan
346,356,Cardigan/5-6.tif,Cardigan,Cardigan__G05,2,Harem,Harem
347,357,Cardigan/5-7.tif,Cardigan,Cardigan__G05,2,Cardigan,Cardigan
348,358,Cardigan/5-8.tif,Cardigan,Cardigan__G05,2,Wide-Leg,Wide-Leg
349,359,Cardigan/5-9.tif,Cardigan,Cardigan__G05,2,Cardigan,Cardigan
350,360,Cardigan/6-1.tif,Cardigan,Cardigan__G06,2,Blouse,Blouse
351,361,Cardigan/6-10.tif,Cardigan,Cardigan__G06,2,Suit,Jacket
352,362,Cardigan/6-2.tif,Cardigan,Cardigan__G06,2,Blouse,Blouse
353,363,Cardigan/6-3.tif,Cardigan,Cardigan__G06,2,Wide-Leg,Wide-Leg
354,364,Cardigan/6-4.tif,Cardigan,Cardigan__G06,2,Blouse,Blouse
355,365,Cardigan/6-5.tif,Cardigan,Cardigan__G06,2,Cardigan,Cardigan
356,366,Cardigan/6-6.tif,Cardigan,Cardigan__G06,2,Jacket,Shirt
357,367,Cardigan/6-7.tif,Cardigan,Cardigan__G06,2,Cardigan,Cardigan
358,368,Cardigan/6-8.tif,Cardigan,Cardigan__G06,2,T-shirt,A-Line
359,369,Cardigan/6-9.tif,Cardigan,Cardigan__G06,2,Blouse,Jacket
360,370,Cardigan/7-1.tif,Cardigan,Cardigan__G07,3,Mini,Mini
361,371,Cardigan/7-10.tif,Cardigan,Cardigan__G07,3,A-Line,A-Line
362,372,Cardigan/7-2.tif,Cardigan,Cardigan__G07,3,Blouse,Blouse
363,373,Cardigan/7-3.tif,Cardigan,Cardigan__G07,3,Suit,Tunic
364,374,Cardigan/7-4.tif,Cardigan,Cardigan__G07,3,Blouse,Hoodie
365,375,Cardigan/7-5.tif,Cardigan,Cardigan__G07,3,Circle,Circle
366,376,Cardigan/7-6.tif,Cardigan,Cardigan__G07,3,Circle,Circle
367,377,Cardigan/7-7.tif,Cardigan,Cardigan__G07,3,Suit,Suit
368,378,Cardigan/7-8.tif,Cardigan,Cardigan__G07,3,T-shirt,T-shirt
369,379,Cardigan/7-9.tif,Cardigan,Cardigan__G07,3,Suit,T-shirt
370,380,Cardigan/8-1.tif,Cardigan,Cardigan__G08,3,Suit,Harem
371,381,Cardigan/8-10.tif,Cardigan,Cardigan__G08,3,Pencil,Pencil
372,382,Cardigan/8-2.tif,Cardigan,Cardigan__G08,3,Tunic,Wide-Leg
373,383,Cardigan/8-3.tif,Cardigan,Cardigan__G08,3,Cardigan,Cardigan
374,384,Cardigan/8-4.tif,Cardigan,Cardigan__G08,3,Suit,Suit
375,385,Cardigan/8-5.tif,Cardigan,Cardigan__G08,3,Suit,Suit
376,386,Cardigan/8-6.tif,Cardigan,Cardigan__G08,3,Tunic,Tunic
377,387,Cardigan/8-7.tif,Cardigan,Cardigan__G08,3,Tunic,Tunic
378,388,Cardigan/8-8.tif,Cardigan,Cardigan__G08,3,Tunic,Tunic
379,389,Cardigan/8-9.tif,Cardigan,Cardigan__G08,3,Tunic,Tunic
380,390,Cardigan/9-1.tif,Cardigan,Cardigan__G09,4,Hoodie,Cardigan
381,391,Cardigan/9-10.tif,Cardigan,Cardigan__G09,4,Hoodie,Hoodie
382,392,Cardigan/9-2.tif,Cardigan,Cardigan__G09,4,Wide-Leg,Wide-Leg
383,393,Cardigan/9-3.tif,Cardigan,Cardigan__G09,4,Mini,Jacket
384,394,Cardigan/9-4.tif,Cardigan,Cardigan__G09,4,Hoodie,Hoodie
385,395,Cardigan/9-5.tif,Cardigan,Cardigan__G09,4,Cardigan,Cardigan
386,396,Cardigan/9-6.tif,Cardigan,Cardigan__G09,4,Mini,Mini
387,397,Cardigan/9-7.tif,Cardigan,Cardigan__G09,4,Circle,Hoodie
388,398,Cardigan/9-8.tif,Cardigan,Cardigan__G09,4,Mini,Cardigan
389,399,Cardigan/9-9.tif,Cardigan,Cardigan__G09,4,Circle,Circle
390,400,Circle/10_1.tif,Circle,Circle__G10,4,Shirt,Shirt
391,401,Circle/10_10.tif,Circle,Circle__G10,4,Shirt,Shirt
392,402,Circle/10_2.tif,Circle,Circle__G10,4,Circle,Circle
393,403,Circle/10_3.tif,Circle,Circle__G10,4,Suit,Suit
394,404,Circle/10_4.tif,Circle,Circle__G10,4,Suit,Suit
395,405,Circle/10_5.tif,Circle,Circle__G10,4,Suit,Suit
396,406,Circle/10_6.tif,Circle,Circle__G10,4,A-Line,A-Line
397,407,Circle/10_7.tif,Circle,Circle__G10,4,Shirt,Circle
398,408,Circle/10_8.tif,Circle,Circle__G10,4,A-Line,A-Line
399,409,Circle/10_9.tif,Circle,Circle__G10,4,A-Line,A-Line
400,410,Circle/1_1.tif,Circle,Circle__G01,0,Circle,Circle
401,411,Circle/1_10.tif,Circle,Circle__G01,0,Wide-Leg,Wide-Leg
402,412,Circle/1_2.tif,Circle,Circle__G01,0,Mermaid,A-Line
403,413,Circle/1_3.tif,Circle,Circle__G01,0,Hoodie,Jacket
404,414,Circle/1_4.tif,Circle,Circle__G01,0,Hoodie,Hoodie
405,415,Circle/1_5.tif,Circle,Circle__G01,0,Cardigan,Circle
406,416,Circle/1_6.tif,Circle,Circle__G01,0,Hoodie,Hoodie
407,417,Circle/1_7.tif,Circle,Circle__G01,0,Jacket,Jacket
408,418,Circle/1_8.tif,Circle,Circle__G01,0,A-Line,A-Line
409,419,Circle/1_9.tif,Circle,Circle__G01,0,Jacket,Blouse
410,420,Circle/2_1.tif,Circle,Circle__G02,0,A-Line,A-Line
411,421,Circle/2_10.tif,Circle,Circle__G02,0,A-Line,A-Line
412,422,Circle/2_2.tif,Circle,Circle__G02,0,Mermaid,Harem
413,423,Circle/2_3.tif,Circle,Circle__G02,0,Wide-Leg,Hoodie
414,424,Circle/2_4.tif,Circle,Circle__G02,0,Wide-Leg,Flare
415,425,Circle/2_5.tif,Circle,Circle__G02,0,Circle,Circle
416,426,Circle/2_6.tif,Circle,Circle__G02,0,Wide-Leg,Circle
417,427,Circle/2_7.tif,Circle,Circle__G02,0,Hoodie,Circle
418,428,Circle/2_8.tif,Circle,Circle__G02,0,Circle,Circle
419,429,Circle/2_9.tif,Circle,Circle__G02,0,Wide-Leg,A-Line
420,430,Circle/3_1.tif,Circle,Circle__G03,1,A-Line,A-Line
421,431,Circle/3_10.tif,Circle,Circle__G03,1,Circle,Circle
422,432,Circle/3_2.tif,Circle,Circle__G03,1,Hoodie,Hoodie
423,433,Circle/3_3.tif,Circle,Circle__G03,1,Suit,Suit
424,434,Circle/3_4.tif,Circle,Circle__G03,1,A-Line,A-Line
425,435,Circle/3_5.tif,Circle,Circle__G03,1,Circle,Circle
426,436,Circle/3_6.tif,Circle,Circle__G03,1,A-Line,A-Line
427,437,Circle/3_7.tif,Circle,Circle__G03,1,Circle,Circle
428,438,Circle/3_8.tif,Circle,Circle__G03,1,A-Line,A-Line
429,439,Circle/3_9.tif,Circle,Circle__G03,1,Suit,A-Line
430,440,Circle/4_1.tif,Circle,Circle__G04,1,Hoodie,Hoodie
431,441,Circle/4_10.tif,Circle,Circle__G04,1,Bermuda,Bermuda
432,442,Circle/4_2.tif,Circle,Circle__G04,1,Circle,Circle
433,443,Circle/4_3.tif,Circle,Circle__G04,1,Jacket,Jacket
434,444,Circle/4_4.tif,Circle,Circle__G04,1,Mini,Mini
435,445,Circle/4_5.tif,Circle,Circle__G04,1,Cardigan,Cardigan
436,446,Circle/4_6.tif,Circle,Circle__G04,1,Circle,Circle
437,447,Circle/4_7.tif,Circle,Circle__G04,1,Hoodie,Hoodie
438,448,Circle/4_8.tif,Circle,Circle__G04,1,T-shirt,T-shirt
439,449,Circle/4_9.tif,Circle,Circle__G04,1,A-Line,A-Line
440,450,Circle/5_1.tif,Circle,Circle__G05,2,Circle,Circle
441,451,Circle/5_10.tif,Circle,Circle__G05,2,Circle,Circle
442,452,Circle/5_2.tif,Circle,Circle__G05,2,Flare,Circle
443,453,Circle/5_3.tif,Circle,Circle__G05,2,Circle,Circle
444,454,Circle/5_4.tif,Circle,Circle__G05,2,Cardigan,Cardigan
445,455,Circle/5_5.tif,Circle,Circle__G05,2,Circle,Circle
446,456,Circle/5_6.tif,Circle,Circle__G05,2,Jacket,Circle
447,457,Circle/5_7.tif,Circle,Circle__G05,2,Circle,Circle
448,458,Circle/5_8.tif,Circle,Circle__G05,2,Circle,A-Line
449,459,Circle/5_9.tif,Circle,Circle__G05,2,Tunic,Tunic
450,460,Circle/6_1.tif,Circle,Circle__G06,2,Hoodie,Hoodie
451,461,Circle/6_10.tif,Circle,Circle__G06,2,T-shirt,T-shirt
452,462,Circle/6_2.tif,Circle,Circle__G06,2,T-shirt,Circle
453,463,Circle/6_3.tif,Circle,Circle__G06,2,Circle,Circle
454,464,Circle/6_4.tif,Circle,Circle__G06,2,Tunic,Cardigan
455,465,Circle/6_5.tif,Circle,Circle__G06,2,Shirt,Circle
456,466,Circle/6_6.tif,Circle,Circle__G06,2,Jacket,Jacket
457,467,Circle/6_7.tif,Circle,Circle__G06,2,Hoodie,Hoodie
458,468,Circle/6_8.tif,Circle,Circle__G06,2,Jacket,T-shirt
459,469,Circle/6_9.tif,Circle,Circle__G06,2,Hoodie,Circle
460,470,Circle/7_1.tif,Circle,Circle__G07,3,Harem,Harem
461,471,Circle/7_10.tif,Circle,Circle__G07,3,Jacket,Jacket
462,472,Circle/7_2.tif,Circle,Circle__G07,3,Circle,A-Line
463,473,Circle/7_3.tif,Circle,Circle__G07,3,Circle,Suit
464,474,Circle/7_4.tif,Circle,Circle__G07,3,Jacket,Cardigan
465,475,Circle/7_5.tif,Circle,Circle__G07,3,Mermaid,Flare
466,476,Circle/7_6.tif,Circle,Circle__G07,3,Vest,Wide-Leg
467,477,Circle/7_7.tif,Circle,Circle__G07,3,Harem,Harem
468,478,Circle/7_8.tif,Circle,Circle__G07,3,Tunic,Tunic
469,479,Circle/7_9.tif,Circle,Circle__G07,3,A-Line,Circle
470,480,Circle/8_1.tif,Circle,Circle__G08,3,Vest,Jacket
471,481,Circle/8_10.tif,Circle,Circle__G08,3,Circle,Circle
472,482,Circle/8_2.tif,Circle,Circle__G08,3,Mermaid,Mermaid
473,483,Circle/8_3.tif,Circle,Circle__G08,3,Circle,Circle
474,484,Circle/8_4.tif,Circle,Circle__G08,3,Harem,Harem
475,485,Circle/8_5.tif,Circle,Circle__G08,3,Cardigan,Cardigan
476,486,Circle/8_6.tif,Circle,Circle__G08,3,Cardigan,Jacket
477,487,Circle/8_7.tif,Circle,Circle__G08,3,Cardigan,Cardigan
478,488,Circle/8_8.tif,Circle,Circle__G08,3,Tunic,Dress
479,489,Circle/8_9.tif,Circle,Circle__G08,3,Wide-Leg,Circle
480,490,Circle/9_1.tif,Circle,Circle__G09,4,Shirt,Shirt
481,491,Circle/9_10.tif,Circle,Circle__G09,4,Wide-Leg,Wide-Leg
482,492,Circle/9_2.tif,Circle,Circle__G09,4,A-Line,A-Line
483,493,Circle/9_3.tif,Circle,Circle__G09,4,Circle,Circle
484,494,Circle/9_4.tif,Circle,Circle__G09,4,Wide-Leg,Wide-Leg
485,495,Circle/9_5.tif,Circle,Circle__G09,4,Suit,Suit
486,496,Circle/9_6.tif,Circle,Circle__G09,4,Jacket,Wide-Leg
487,497,Circle/9_7.tif,Circle,Circle__G09,4,Shirt,Shirt
488,498,Circle/9_8.tif,Circle,Circle__G09,4,Wide-Leg,Wide-Leg
489,499,Circle/9_9.tif,Circle,Circle__G09,4,Jacket,Circle
490,500,Dress/1-3.tif,Dress,Dress__G10,4,Dress,Dress
491,501,Dress/1-5.tif,Dress,Dress__G01,0,Jumpsuit,Dress
492,502,Dress/10_1.tif,Dress,Dress__G10,4,Suit,Mermaid
493,503,Dress/10_10.tif,Dress,Dress__G10,4,Pencil,Jumpsuit
494,504,Dress/10_2.tif,Dress,Dress__G10,4,Dress,Dress
495,505,Dress/10_4.tif,Dress,Dress__G10,4,Skinny,Skinny
496,506,Dress/10_5.tif,Dress,Dress__G10,4,Flare,Flare
497,507,Dress/10_6.tif,Dress,Dress__G10,4,Dress,Dress
498,508,Dress/10_7.tif,Dress,Dress__G10,4,Flare,Dress
499,509,Dress/10_8.tif,Dress,Dress__G10,4,Jumpsuit,Dress
500,510,Dress/10_9.tif,Dress,Dress__G10,4,Dress,Dress
501,511,Dress/1_1.tif,Dress,Dress__G01,0,Jumpsuit,Jumpsuit
502,512,Dress/1_10.tif,Dress,Dress__G01,0,Straight,Jumpsuit
503,513,Dress/1_2.tif,Dress,Dress__G01,0,Straight,Pencil
504,514,Dress/1_3.tif,Dress,Dress__G01,0,Vest,Jumpsuit
505,515,Dress/1_4.tif,Dress,Dress__G01,0,Dress,Dress
506,516,Dress/1_6.tif,Dress,Dress__G01,0,Dress,Dress
507,517,Dress/1_7.tif,Dress,Dress__G01,0,Jumpsuit,Jumpsuit
508,518,Dress/1_8.tif,Dress,Dress__G01,0,Jumpsuit,Jumpsuit
509,519,Dress/1_9.tif,Dress,Dress__G01,0,Jumpsuit,Jumpsuit
510,520,Dress/2_1.tif,Dress,Dress__G02,0,Dress,Jumpsuit
511,521,Dress/2_10.tif,Dress,Dress__G02,0,Dress,Dress
512,522,Dress/2_2.tif,Dress,Dress__G02,0,Pencil,Jumpsuit
513,523,Dress/2_3.tif,Dress,Dress__G02,0,Dress,Dress
514,524,Dress/2_4.tif,Dress,Dress__G02,0,Dress,Dress
515,525,Dress/2_5.tif,Dress,Dress__G02,0,Dress,Dress
516,526,Dress/2_6.tif,Dress,Dress__G02,0,Dress,Dress
517,527,Dress/2_7.tif,Dress,Dress__G02,0,Dress,Dress
518,528,Dress/2_8.tif,Dress,Dress__G02,0,Jumpsuit,Jumpsuit
519,529,Dress/2_9.tif,Dress,Dress__G02,0,Dress,Tunic
520,530,Dress/3_1.tif,Dress,Dress__G03,1,Jumpsuit,Suit
521,531,Dress/3_10.tif,Dress,Dress__G03,1,Suit,Suit
522,532,Dress/3_2.tif,Dress,Dress__G03,1,Jumpsuit,Jumpsuit
523,533,Dress/3_3.tif,Dress,Dress__G03,1,Jumpsuit,Jumpsuit
524,534,Dress/3_4.tif,Dress,Dress__G03,1,Harem,Harem
525,535,Dress/3_5.tif,Dress,Dress__G03,1,Jumpsuit,Jumpsuit
526,536,Dress/3_6.tif,Dress,Dress__G03,1,Jumpsuit,Jumpsuit
527,537,Dress/3_7.tif,Dress,Dress__G03,1,Suit,Suit
528,538,Dress/3_8.tif,Dress,Dress__G03,1,Jumpsuit,Jumpsuit
529,539,Dress/3_9.tif,Dress,Dress__G03,1,Tunic,Tunic
530,540,Dress/4_1.tif,Dress,Dress__G04,1,Flare,Flare
531,541,Dress/4_10.tif,Dress,Dress__G04,1,Jumpsuit,Jumpsuit
532,542,Dress/4_2.tif,Dress,Dress__G04,1,Straight,Dress
533,543,Dress/4_3.tif,Dress,Dress__G04,1,Jumpsuit,Jumpsuit
534,544,Dress/4_4.tif,Dress,Dress__G04,1,Sarong,Sarong
535,545,Dress/4_5.tif,Dress,Dress__G04,1,Dress,Jumpsuit
536,546,Dress/4_6.tif,Dress,Dress__G04,1,Cardigan,Jumpsuit
537,547,Dress/4_7.tif,Dress,Dress__G04,1,Dress,Dress
538,548,Dress/4_8.tif,Dress,Dress__G04,1,Tunic,Dress
539,549,Dress/4_9.tif,Dress,Dress__G04,1,Flare,Dress
540,550,Dress/5_1.tif,Dress,Dress__G05,2,Jacket,Jacket
541,551,Dress/5_10.tif,Dress,Dress__G05,2,Hoodie,Hoodie
542,552,Dress/5_2.tif,Dress,Dress__G05,2,Wide-Leg,Tunic
543,553,Dress/5_3.tif,Dress,Dress__G05,2,Hoodie,Circle
544,554,Dress/5_4.tif,Dress,Dress__G05,2,Tunic,Hoodie
545,555,Dress/5_5.tif,Dress,Dress__G05,2,Vest,Vest
546,556,Dress/5_6.tif,Dress,Dress__G05,2,Hoodie,Hoodie
547,557,Dress/5_7.tif,Dress,Dress__G05,2,Hoodie,Hoodie
548,558,Dress/5_8.tif,Dress,Dress__G05,2,Wide-Leg,Mermaid
549,559,Dress/5_9.tif,Dress,Dress__G05,2,Dress,Hoodie
550,560,Dress/6_1.tif,Dress,Dress__G06,2,Harem,Harem
551,561,Dress/6_10.tif,Dress,Dress__G06,2,Sarong,Sarong
552,562,Dress/6_2.tif,Dress,Dress__G06,2,Vest,Pencil
553,563,Dress/6_3.tif,Dress,Dress__G06,2,Dress,Dress
554,564,Dress/6_4.tif,Dress,Dress__G06,2,Sarong,Pencil
555,565,Dress/6_5.tif,Dress,Dress__G06,2,Skinny,Pencil
556,566,Dress/6_6.tif,Dress,Dress__G06,2,Mermaid,Mermaid
557,567,Dress/6_7.tif,Dress,Dress__G06,2,Mermaid,Mermaid
558,568,Dress/6_8.tif,Dress,Dress__G06,2,Jumpsuit,Dress
559,569,Dress/6_9.tif,Dress,Dress__G06,2,Hoodie,Mermaid
560,570,Dress/7_1.tif,Dress,Dress__G07,3,Flare,Mermaid
561,571,Dress/7_10.tif,Dress,Dress__G07,3,Mermaid,Mermaid
562,572,Dress/7_2.tif,Dress,Dress__G07,3,Jumpsuit,Dress
563,573,Dress/7_3.tif,Dress,Dress__G07,3,Mermaid,Mermaid
564,574,Dress/7_4.tif,Dress,Dress__G07,3,Mermaid,Mermaid
565,575,Dress/7_5.tif,Dress,Dress__G07,3,Flare,Flare
566,576,Dress/7_6.tif,Dress,Dress__G07,3,Mermaid,Mermaid
567,577,Dress/7_7.tif,Dress,Dress__G07,3,Mermaid,Mermaid
568,578,Dress/7_8.tif,Dress,Dress__G07,3,Straight,Dress
569,579,Dress/7_9.tif,Dress,Dress__G07,3,Harem,Harem
570,580,Dress/8_1.tif,Dress,Dress__G08,3,Dress,Dress
571,581,Dress/8_10.tif,Dress,Dress__G08,3,Skinny,Skinny
572,582,Dress/8_2.tif,Dress,Dress__G08,3,Jumpsuit,Dress
573,583,Dress/8_3.tif,Dress,Dress__G08,3,Dress,Dress
574,584,Dress/8_4.tif,Dress,Dress__G08,3,Sarong,Sarong
575,585,Dress/8_5.tif,Dress,Dress__G08,3,Jumpsuit,Skinny
576,586,Dress/8_6.tif,Dress,Dress__G08,3,Skinny,Dress
577,587,Dress/8_7.tif,Dress,Dress__G08,3,Sarong,Dress
578,588,Dress/8_8.tif,Dress,Dress__G08,3,Jumpsuit,Dress
579,589,Dress/8_9.tif,Dress,Dress__G08,3,Jumpsuit,Jumpsuit
580,590,Dress/9_1.tif,Dress,Dress__G09,4,Jumpsuit,Jumpsuit
581,591,Dress/9_10.tif,Dress,Dress__G09,4,Jumpsuit,Jumpsuit
582,592,Dress/9_2.tif,Dress,Dress__G09,4,Pencil,Dress
583,593,Dress/9_3.tif,Dress,Dress__G09,4,Jumpsuit,Jumpsuit
584,594,Dress/9_4.tif,Dress,Dress__G09,4,Dress,Dress
585,595,Dress/9_5.tif,Dress,Dress__G09,4,Jumpsuit,Dress
586,596,Dress/9_6.tif,Dress,Dress__G09,4,Jumpsuit,Jumpsuit
587,597,Dress/9_7.tif,Dress,Dress__G09,4,Dress,Dress
588,598,Dress/9_8.tif,Dress,Dress__G09,4,Straight,Pencil
589,599,Dress/9_9.tif,Dress,Dress__G09,4,Jumpsuit,Jumpsuit
590,600,Flare/10_1.tif,Flare,Flare__G10,4,Circle,Harem
591,601,Flare/10_10.tif,Flare,Flare__G10,4,Harem,Harem
592,602,Flare/10_2.tif,Flare,Flare__G10,4,Suit,Suit
593,603,Flare/10_3.tif,Flare,Flare__G10,4,Straight,Straight
594,604,Flare/10_4.tif,Flare,Flare__G10,4,Circle,Circle
595,605,Flare/10_5.tif,Flare,Flare__G10,4,Flare,Mermaid
596,606,Flare/10_6.tif,Flare,Flare__G10,4,Tunic,Tunic
597,607,Flare/10_7.tif,Flare,Flare__G10,4,Suit,Circle
598,608,Flare/10_8.tif,Flare,Flare__G10,4,Straight,Straight
599,609,Flare/10_9.tif,Flare,Flare__G10,4,Straight,Straight
600,610,Flare/1_1.tif,Flare,Flare__G01,0,Flare,Flare
601,611,Flare/1_10.tif,Flare,Flare__G01,0,Flare,Flare
602,612,Flare/1_2.tif,Flare,Flare__G01,0,Straight,Straight
603,613,Flare/1_3.tif,Flare,Flare__G01,0,Jumpsuit,Jumpsuit
604,614,Flare/1_4.tif,Flare,Flare__G01,0,Flare,Jumpsuit
605,615,Flare/1_5.tif,Flare,Flare__G01,0,Mermaid,Mermaid
606,616,Flare/1_6.tif,Flare,Flare__G01,0,Pencil,Pencil
607,617,Flare/1_7.tif,Flare,Flare__G01,0,Pencil,Straight
608,618,Flare/1_8.tif,Flare,Flare__G01,0,Flare,Flare
609,619,Flare/1_9.tif,Flare,Flare__G01,0,Flare,Flare
610,620,Flare/2_1.tif,Flare,Flare__G02,0,Mermaid,Flare
611,621,Flare/2_10.tif,Flare,Flare__G02,0,Flare,Flare
612,622,Flare/2_2.tif,Flare,Flare__G02,0,Flare,Flare
613,623,Flare/2_3.tif,Flare,Flare__G02,0,Dress,Straight
614,624,Flare/2_4.tif,Flare,Flare__G02,0,Flare,Flare
615,625,Flare/2_5.tif,Flare,Flare__G02,0,Dress,Straight
616,626,Flare/2_6.tif,Flare,Flare__G02,0,Flare,Flare
617,627,Flare/2_7.tif,Flare,Flare__G02,0,Flare,Flare
618,628,Flare/2_8.tif,Flare,Flare__G02,0,Flare,Flare
619,629,Flare/2_9.tif,Flare,Flare__G02,0,Dress,Flare
620,630,Flare/3_1.tif,Flare,Flare__G03,1,Dress,Flare
621,631,Flare/3_10.tif,Flare,Flare__G03,1,Flare,Flare
622,632,Flare/3_2.tif,Flare,Flare__G03,1,Flare,Flare
623,633,Flare/3_3.tif,Flare,Flare__G03,1,Flare,Mermaid
624,634,Flare/3_4.tif,Flare,Flare__G03,1,Flare,Flare
625,635,Flare/3_5.tif,Flare,Flare__G03,1,Flare,Flare
626,636,Flare/3_6.tif,Flare,Flare__G03,1,Flare,Flare
627,637,Flare/3_7.tif,Flare,Flare__G03,1,Mermaid,Flare
628,638,Flare/3_8.tif,Flare,Flare__G03,1,Flare,Flare
629,639,Flare/3_9.tif,Flare,Flare__G03,1,Skinny,Straight
630,640,Flare/4_1.tif,Flare,Flare__G04,1,Flare,Flare
631,641,Flare/4_10.tif,Flare,Flare__G04,1,Mermaid,Flare
632,642,Flare/4_2.tif,Flare,Flare__G04,1,Flare,Flare
633,643,Flare/4_3.tif,Flare,Flare__G04,1,Dress,Flare
634,644,Flare/4_4.tif,Flare,Flare__G04,1,Pencil,Flare
635,645,Flare/4_5.tif,Flare,Flare__G04,1,Jumpsuit,Dress
636,646,Flare/4_6.tif,Flare,Flare__G04,1,Flare,Flare
637,647,Flare/4_7.tif,Flare,Flare__G04,1,Flare,Flare
638,648,Flare/4_8.tif,Flare,Flare__G04,1,Flare,Flare
639,649,Flare/4_9.tif,Flare,Flare__G04,1,Flare,Flare
640,650,Flare/5_1.tif,Flare,Flare__G05,2,Skinny,Skinny
641,651,Flare/5_10.tif,Flare,Flare__G05,2,Straight,Skinny
642,652,Flare/5_2.tif,Flare,Flare__G05,2,Flare,Flare
643,653,Flare/5_3.tif,Flare,Flare__G05,2,Flare,Flare
644,654,Flare/5_4.tif,Flare,Flare__G05,2,Straight,Mermaid
645,655,Flare/5_5.tif,Flare,Flare__G05,2,Flare,Flare
646,656,Flare/5_6.tif,Flare,Flare__G05,2,Flare,Skinny
647,657,Flare/5_7.tif,Flare,Flare__G05,2,Straight,Straight
648,658,Flare/5_8.tif,Flare,Flare__G05,2,Straight,Flare
649,659,Flare/5_9.tif,Flare,Flare__G05,2,Flare,Mini
650,660,Flare/6_1.tif,Flare,Flare__G06,2,Tunic,Flare
651,661,Flare/6_10.tif,Flare,Flare__G06,2,Wide-Leg,Wide-Leg
652,662,Flare/6_2.tif,Flare,Flare__G06,2,Skinny,Skinny
653,663,Flare/6_3.tif,Flare,Flare__G06,2,Jumpsuit,Dress
654,664,Flare/6_4.tif,Flare,Flare__G06,2,Cardigan,Cardigan
655,665,Flare/6_5.tif,Flare,Flare__G06,2,Flare,Flare
656,666,Flare/6_6.tif,Flare,Flare__G06,2,Tunic,Tunic
657,667,Flare/6_7.tif,Flare,Flare__G06,2,Vest,Flare
658,668,Flare/6_8.tif,Flare,Flare__G06,2,Skinny,Skinny
659,669,Flare/6_9.tif,Flare,Flare__G06,2,Jumpsuit,Tunic
660,670,Flare/7-2.tif,Flare,Flare__G07,3,Flare,Flare
661,671,Flare/7_1.tif,Flare,Flare__G07,3,Pencil,Harem
662,672,Flare/7_10.tif,Flare,Flare__G07,3,Flare,Flare
663,673,Flare/7_3.tif,Flare,Flare__G07,3,Jumpsuit,Dress
664,674,Flare/7_4.tif,Flare,Flare__G07,3,Flare,Flare
665,675,Flare/7_5.tif,Flare,Flare__G07,3,Flare,Flare
666,676,Flare/7_6.tif,Flare,Flare__G07,3,Flare,Flare
667,677,Flare/7_7.tif,Flare,Flare__G07,3,Flare,Flare
668,678,Flare/7_8.tif,Flare,Flare__G07,3,Skinny,Skinny
669,679,Flare/7_9.tif,Flare,Flare__G07,3,Tunic,Flare
670,680,Flare/8_1.tif,Flare,Flare__G08,3,Harem,Jumpsuit
671,681,Flare/8_10.tif,Flare,Flare__G08,3,Mermaid,Mermaid
672,682,Flare/8_2.tif,Flare,Flare__G08,3,Mermaid,Flare
673,683,Flare/8_3.tif,Flare,Flare__G08,3,Mermaid,Sarong
674,684,Flare/8_4.tif,Flare,Flare__G08,3,Flare,Flare
675,685,Flare/8_5.tif,Flare,Flare__G08,3,Dress,Dress
676,686,Flare/8_6.tif,Flare,Flare__G08,3,Jumpsuit,Flare
677,687,Flare/8_7.tif,Flare,Flare__G08,3,Jumpsuit,Jumpsuit
678,688,Flare/8_8.tif,Flare,Flare__G08,3,Straight,Dress
679,689,Flare/8_9.tif,Flare,Flare__G08,3,Vest,Vest
680,690,Flare/9-7.tif,Flare,Flare__G09,4,Vest,Straight
681,691,Flare/9_1.tif,Flare,Flare__G09,4,Flare,Flare
682,692,Flare/9_10.tif,Flare,Flare__G09,4,Flare,Flare
683,693,Flare/9_2.tif,Flare,Flare__G09,4,Flare,Flare
684,694,Flare/9_3.tif,Flare,Flare__G09,4,Tunic,Flare
685,695,Flare/9_4.tif,Flare,Flare__G09,4,Dress,Flare
686,696,Flare/9_5.tif,Flare,Flare__G09,4,Flare,Flare
687,697,Flare/9_6.tif,Flare,Flare__G09,4,Flare,Flare
688,698,Flare/9_8.tif,Flare,Flare__G09,4,Mermaid,Straight
689,699,Flare/9_9.tif,Flare,Flare__G09,4,Flare,Flare
690,700,Harem/1-1.tif,Harem,Harem__G01,0,Shirt,Cardigan
691,701,Harem/1-10.tif,Harem,Harem__G01,0,A-Line,A-Line
692,702,Harem/1-2.tif,Harem,Harem__G01,0,Dress,Flare
693,703,Harem/1-3.tif,Harem,Harem__G01,0,Vest,Harem
694,704,Harem/1-4.tif,Harem,Harem__G01,0,Tunic,Tunic
695,705,Harem/1-5.tif,Harem,Harem__G01,0,Harem,Harem
696,706,Harem/1-6.tif,Harem,Harem__G01,0,Harem,Harem
697,707,Harem/1-7.tif,Harem,Harem__G01,0,Harem,Harem
698,708,Harem/1-8.tif,Harem,Harem__G01,0,Mermaid,Mermaid
699,709,Harem/1-9.tif,Harem,Harem__G01,0,Pencil,Straight
700,710,Harem/10-1.tif,Harem,Harem__G10,4,Harem,Harem
701,711,Harem/10-10.tif,Harem,Harem__G10,4,Harem,Harem
702,712,Harem/10-2.tif,Harem,Harem__G10,4,Tunic,Tunic
703,713,Harem/10-3.tif,Harem,Harem__G10,4,Mermaid,Harem
704,714,Harem/10-4.tif,Harem,Harem__G10,4,Harem,Harem
705,715,Harem/10-5.tif,Harem,Harem__G10,4,Harem,Straight
706,716,Harem/10-6.tif,Harem,Harem__G10,4,Harem,Tunic
707,717,Harem/10-7.tif,Harem,Harem__G10,4,Tunic,Tunic
708,718,Harem/10-8.tif,Harem,Harem__G10,4,A-Line,Tunic
709,719,Harem/10-9.tif,Harem,Harem__G10,4,Straight,Tunic
710,720,Harem/2-1.tif,Harem,Harem__G02,0,Tunic,Tunic
711,721,Harem/2-10.tif,Harem,Harem__G02,0,Mermaid,A-Line
712,722,Harem/2-2.tif,Harem,Harem__G02,0,Pencil,Pencil
713,723,Harem/2-3.tif,Harem,Harem__G02,0,Suit,A-Line
714,724,Harem/2-4.tif,Harem,Harem__G02,0,Harem,Harem
715,725,Harem/2-5.tif,Harem,Harem__G02,0,Pencil,Mermaid
716,726,Harem/2-7.tif,Harem,Harem__G02,0,Harem,A-Line
717,727,Harem/2-8.tif,Harem,Harem__G02,0,Harem,Sarong
718,728,Harem/2-9.tif,Harem,Harem__G02,0,Dress,Dress
719,729,Harem/3-1.tif,Harem,Harem__G03,1,Suit,Suit
720,730,Harem/3-10.tif,Harem,Harem__G03,1,Jacket,Shirt
721,731,Harem/3-2.tif,Harem,Harem__G03,1,A-Line,Shirt
722,732,Harem/3-3.tif,Harem,Harem__G03,1,Wide-Leg,Wide-Leg
723,733,Harem/3-4.tif,Harem,Harem__G03,1,Shirt,Shirt
724,734,Harem/3-5.tif,Harem,Harem__G03,1,Dress,Harem
725,735,Harem/3-6.tif,Harem,Harem__G03,1,Tunic,Jacket
726,736,Harem/3-7.tif,Harem,Harem__G03,1,Suit,Suit
727,737,Harem/3-8.tif,Harem,Harem__G03,1,Flare,Flare
728,738,Harem/3-9.tif,Harem,Harem__G03,1,Wide-Leg,Wide-Leg
729,739,Harem/4-1.tif,Harem,Harem__G04,1,Flare,Skinny
730,740,Harem/4-10.tif,Harem,Harem__G04,1,Flare,Flare
731,741,Harem/4-2.tif,Harem,Harem__G04,1,Mermaid,Mermaid
732,742,Harem/4-3.tif,Harem,Harem__G04,1,Dress,Straight
733,743,Harem/4-4.tif,Harem,Harem__G04,1,Harem,Flare
734,744,Harem/4-5.tif,Harem,Harem__G04,1,Straight,Harem
735,745,Harem/4-6.tif,Harem,Harem__G04,1,Straight,Straight
736,746,Harem/4-7.tif,Harem,Harem__G04,1,Flare,Harem
737,747,Harem/4-8.tif,Harem,Harem__G04,1,Straight,Straight
738,748,Harem/4-9.tif,Harem,Harem__G04,1,Flare,Straight
739,749,Harem/5-1.tif,Harem,Harem__G05,2,Dress,Straight
740,750,Harem/5-10.tif,Harem,Harem__G05,2,Harem,Harem
741,751,Harem/5-2.tif,Harem,Harem__G05,2,Skinny,Mermaid
742,752,Harem/5-3.tif,Harem,Harem__G05,2,Harem,Harem
743,753,Harem/5-5.tif,Harem,Harem__G05,2,Harem,Pencil
744,754,Harem/5-6.tif,Harem,Harem__G05,2,Mermaid,Mermaid
745,755,Harem/5-7.tif,Harem,Harem__G05,2,Sarong,Pencil
746,756,Harem/5-8.tif,Harem,Harem__G05,2,Straight,Straight
747,757,Harem/5-9.tif,Harem,Harem__G05,2,Skinny,Straight
748,758,Harem/5_6.tif,Harem,Harem__G05,2,Skinny,Straight
749,759,Harem/6-1.tif,Harem,Harem__G06,2,Harem,Harem
750,760,Harem/6-10.tif,Harem,Harem__G06,2,Harem,Harem
751,761,Harem/6-2.tif,Harem,Harem__G06,2,Straight,Straight
752,762,Harem/6-3.tif,Harem,Harem__G06,2,Vest,Flare
753,763,Harem/6-4.tif,Harem,Harem__G06,2,Harem,Harem
754,764,Harem/6-5.tif,Harem,Harem__G06,2,Mermaid,Flare
755,765,Harem/6-6.tif,Harem,Harem__G02,0,Sarong,Sarong
756,766,Harem/6-7.tif,Harem,Harem__G06,2,Vest,Vest
757,767,Harem/6-8.tif,Harem,Harem__G06,2,Harem,Mermaid
758,768,Harem/6-9.tif,Harem,Harem__G06,2,Tunic,Sarong
759,769,Harem/6_6.tif,Harem,Harem__G06,2,Straight,Straight
760,770,Harem/7-1.tif,Harem,Harem__G07,3,Sarong,Straight
761,771,Harem/7-10.tif,Harem,Harem__G07,3,Pencil,Pencil
762,772,Harem/7-2.tif,Harem,Harem__G07,3,Flare,Harem
763,773,Harem/7-3.tif,Harem,Harem__G07,3,Pencil,Harem
764,774,Harem/7-4.tif,Harem,Harem__G07,3,Mermaid,Mermaid
765,775,Harem/7-5.tif,Harem,Harem__G07,3,Pencil,Straight
766,776,Harem/7-6.tif,Harem,Harem__G07,3,Sarong,Pencil
767,777,Harem/7-7.tif,Harem,Harem__G07,3,Sarong,Harem
768,778,Harem/7-8.tif,Harem,Harem__G07,3,Sarong,Sarong
769,779,Harem/7-9.tif,Harem,Harem__G07,3,Harem,Skinny
770,780,Harem/8-1.tif,Harem,Harem__G08,3,Harem,Harem
771,781,Harem/8-10.tif,Harem,Harem__G08,3,Straight,Straight
772,782,Harem/8-2.tif,Harem,Harem__G08,3,Tunic,Tunic
773,783,Harem/8-3.tif,Harem,Harem__G08,3,Wide-Leg,Wide-Leg
774,784,Harem/8-4.tif,Harem,Harem__G08,3,Tunic,Tunic
775,785,Harem/8-5.tif,Harem,Harem__G08,3,Vest,Vest
776,786,Harem/8-7.tif,Harem,Harem__G08,3,Vest,Vest
777,787,Harem/8-8.tif,Harem,Harem__G08,3,Harem,Harem
778,788,Harem/8-9.tif,Harem,Harem__G08,3,Dress,Wide-Leg
779,789,Harem/8_6.tif,Harem,Harem__G08,3,Harem,Harem
780,790,Harem/9-1.tif,Harem,Harem__G09,4,Cardigan,Cardigan
781,791,Harem/9-10.tif,Harem,Harem__G09,4,Harem,Harem
782,792,Harem/9-2.tif,Harem,Harem__G09,4,Mermaid,Circle
783,793,Harem/9-3.tif,Harem,Harem__G09,4,Harem,Straight
784,794,Harem/9-4.tif,Harem,Harem__G09,4,Skinny,Harem
785,795,Harem/9-5.tif,Harem,Harem__G09,4,Harem,Harem
786,796,Harem/9-6.tif,Harem,Harem__G09,4,Straight,Straight
787,797,Harem/9-7.tif,Harem,Harem__G09,4,Straight,Harem
788,798,Harem/9-8.tif,Harem,Harem__G09,4,Straight,Straight
789,799,Harem/9-9.tif,Harem,Harem__G09,4,Skinny,Tunic
790,800,Hoodie/1-1.tif,Hoodie,Hoodie__G01,0,Jacket,Hoodie
791,801,Hoodie/1-10.tif,Hoodie,Hoodie__G01,0,Circle,Wide-Leg
792,802,Hoodie/1-2.tif,Hoodie,Hoodie__G01,0,Dress,Tunic
793,803,Hoodie/1-3.tif,Hoodie,Hoodie__G01,0,Jacket,Jacket
794,804,Hoodie/1-4.tif,Hoodie,Hoodie__G01,0,Vest,Vest
795,805,Hoodie/1-5.tif,Hoodie,Hoodie__G01,0,Circle,Dress
796,806,Hoodie/1-6.tif,Hoodie,Hoodie__G01,0,Shirt,Shirt
797,807,Hoodie/1-7.tif,Hoodie,Hoodie__G01,0,Shirt,Shirt
798,808,Hoodie/1-8.tif,Hoodie,Hoodie__G01,0,Shirt,Cardigan
799,809,Hoodie/1-9.tif,Hoodie,Hoodie__G01,0,Cardigan,Cardigan
800,810,Hoodie/10-1.tif,Hoodie,Hoodie__G10,4,Vest,Dress
801,811,Hoodie/10-10.tif,Hoodie,Hoodie__G10,4,Dress,Hoodie
802,812,Hoodie/10-2.tif,Hoodie,Hoodie__G10,4,Dress,Tunic
803,813,Hoodie/10-3.tif,Hoodie,Hoodie__G10,4,Tunic,Wide-Leg
804,814,Hoodie/10-4.tif,Hoodie,Hoodie__G10,4,Hoodie,Dress
805,815,Hoodie/10-5.tif,Hoodie,Hoodie__G10,4,Hoodie,Hoodie
806,816,Hoodie/10-7.tif,Hoodie,Hoodie__G10,4,Hoodie,Hoodie
807,817,Hoodie/10-8.tif,Hoodie,Hoodie__G10,4,Suit,Hoodie
808,818,Hoodie/10-9.tif,Hoodie,Hoodie__G10,4,Vest,Vest
809,819,Hoodie/10_6.tif,Hoodie,Hoodie__G10,4,Hoodie,Hoodie
810,820,Hoodie/2-1.tif,Hoodie,Hoodie__G02,0,Tunic,Circle
811,821,Hoodie/2-10.tif,Hoodie,Hoodie__G02,0,Circle,Hoodie
812,822,Hoodie/2-2.tif,Hoodie,Hoodie__G02,0,Dress,Vest
813,823,Hoodie/2-3.tif,Hoodie,Hoodie__G02,0,Vest,Vest
814,824,Hoodie/2-4.tif,Hoodie,Hoodie__G02,0,Vest,Hoodie
815,825,Hoodie/2-5.tif,Hoodie,Hoodie__G02,0,Shirt,Shirt
816,826,Hoodie/2-7.tif,Hoodie,Hoodie__G02,0,Shirt,Shirt
817,827,Hoodie/2-8.tif,Hoodie,Hoodie__G02,0,Shirt,Shirt
818,828,Hoodie/2-9.tif,Hoodie,Hoodie__G02,0,Circle,Jacket
819,829,Hoodie/2_6.tif,Hoodie,Hoodie__G02,0,Jacket,Jacket
820,830,Hoodie/3-1.tif,Hoodie,Hoodie__G03,1,Cardigan,Cardigan
821,831,Hoodie/3-10.tif,Hoodie,Hoodie__G03,1,Circle,Jacket
822,832,Hoodie/3-2.tif,Hoodie,Hoodie__G03,1,Cardigan,Jacket
823,833,Hoodie/3-3.tif,Hoodie,Hoodie__G03,1,Cardigan,Cardigan
824,834,Hoodie/3-4.tif,Hoodie,Hoodie__G03,1,Wide-Leg,Hoodie
825,835,Hoodie/3-5.tif,Hoodie,Hoodie__G03,1,Cardigan,Cardigan
826,836,Hoodie/3-7.tif,Hoodie,Hoodie__G03,1,Cardigan,Cardigan
827,837,Hoodie/3-8.tif,Hoodie,Hoodie__G03,1,Suit,Suit
828,838,Hoodie/3-9.tif,Hoodie,Hoodie__G03,1,Blouse,Dress
829,839,Hoodie/3_6.tif,Hoodie,Hoodie__G03,1,Vest,Harem
830,840,Hoodie/4-1.tif,Hoodie,Hoodie__G04,1,Shirt,Cardigan
831,841,Hoodie/4-10.tif,Hoodie,Hoodie__G04,1,Cardigan,Cardigan
832,842,Hoodie/4-2.tif,Hoodie,Hoodie__G04,1,Tunic,Tunic
833,843,Hoodie/4-3.tif,Hoodie,Hoodie__G04,1,Hoodie,Hoodie
834,844,Hoodie/4-4.tif,Hoodie,Hoodie__G04,1,Mini,Mini
835,845,Hoodie/4-5.tif,Hoodie,Hoodie__G04,1,Hoodie,Hoodie
836,846,Hoodie/4-6.tif,Hoodie,Hoodie__G04,1,Cardigan,Hoodie
837,847,Hoodie/4-7.tif,Hoodie,Hoodie__G04,1,Jacket,Jacket
838,848,Hoodie/4-8.tif,Hoodie,Hoodie__G04,1,Circle,Hoodie
839,849,Hoodie/4-9.tif,Hoodie,Hoodie__G04,1,Circle,Skinny
840,850,Hoodie/5-1.tif,Hoodie,Hoodie__G05,2,Tunic,Hoodie
841,851,Hoodie/5-10.tif,Hoodie,Hoodie__G05,2,Vest,Vest
842,852,Hoodie/5-2.tif,Hoodie,Hoodie__G05,2,Dress,Pencil
843,853,Hoodie/5-3.tif,Hoodie,Hoodie__G05,2,Wide-Leg,Mini
844,854,Hoodie/5-4.tif,Hoodie,Hoodie__G05,2,Pencil,Pencil
845,855,Hoodie/5-5.tif,Hoodie,Hoodie__G05,2,Vest,Vest
846,856,Hoodie/5-7.tif,Hoodie,Hoodie__G05,2,Suit,Suit
847,857,Hoodie/5-8.tif,Hoodie,Hoodie__G05,2,Suit,Tunic
848,858,Hoodie/5-9.tif,Hoodie,Hoodie__G05,2,Suit,Hoodie
849,859,Hoodie/5_6.tif,Hoodie,Hoodie__G05,2,Pencil,Pencil
850,860,Hoodie/6-1.tif,Hoodie,Hoodie__G06,2,Blouse,Mini
851,861,Hoodie/6-10.tif,Hoodie,Hoodie__G06,2,Mini,Blouse
852,862,Hoodie/6-2.tif,Hoodie,Hoodie__G06,2,T-shirt,T-shirt
853,863,Hoodie/6-3.tif,Hoodie,Hoodie__G06,2,Bermuda,T-shirt
854,864,Hoodie/6-4.tif,Hoodie,Hoodie__G06,2,Harem,Harem
855,865,Hoodie/6-5.tif,Hoodie,Hoodie__G06,2,Mini,T-shirt
856,866,Hoodie/6-7.tif,Hoodie,Hoodie__G06,2,Jacket,Jacket
857,867,Hoodie/6-8.tif,Hoodie,Hoodie__G06,2,Harem,Mini
858,868,Hoodie/6-9.tif,Hoodie,Hoodie__G06,2,Circle,Circle
859,869,Hoodie/6_6.tif,Hoodie,Hoodie__G06,2,Harem,A-Line
860,870,Hoodie/7-1.tif,Hoodie,Hoodie__G07,3,Shirt,Shirt
861,871,Hoodie/7-10.tif,Hoodie,Hoodie__G07,3,Shirt,Shirt
862,872,Hoodie/7-2.tif,Hoodie,Hoodie__G07,3,Circle,Circle
863,873,Hoodie/7-3.tif,Hoodie,Hoodie__G07,3,Shirt,Shirt
864,874,Hoodie/7-4.tif,Hoodie,Hoodie__G07,3,Wide-Leg,Mini
865,875,Hoodie/7-5.tif,Hoodie,Hoodie__G07,3,T-shirt,T-shirt
866,876,Hoodie/7-7.tif,Hoodie,Hoodie__G07,3,Blouse,Blouse
867,877,Hoodie/7-8.tif,Hoodie,Hoodie__G07,3,Suit,Suit
868,878,Hoodie/7-9.tif,Hoodie,Hoodie__G07,3,Hoodie,Hoodie
869,879,Hoodie/7_6.tif,Hoodie,Hoodie__G07,3,Shirt,Shirt
870,880,Hoodie/8-1.tif,Hoodie,Hoodie__G08,3,Jacket,Jacket
871,881,Hoodie/8-10.tif,Hoodie,Hoodie__G08,3,Circle,Circle
872,882,Hoodie/8-2.tif,Hoodie,Hoodie__G08,3,Wide-Leg,Wide-Leg
873,883,Hoodie/8-3.tif,Hoodie,Hoodie__G08,3,Jacket,Mini
874,884,Hoodie/8-4.tif,Hoodie,Hoodie__G08,3,Jacket,Jacket
875,885,Hoodie/8-6.tif,Hoodie,Hoodie__G08,3,Circle,Jacket
876,886,Hoodie/8-7.tif,Hoodie,Hoodie__G08,3,Jacket,Jacket
877,887,Hoodie/8-8.tif,Hoodie,Hoodie__G08,3,Harem,Harem
878,888,Hoodie/8-9.tif,Hoodie,Hoodie__G08,3,Circle,Circle
879,889,Hoodie/8_6.tif,Hoodie,Hoodie__G08,3,Circle,Harem
880,890,Hoodie/9-1.tif,Hoodie,Hoodie__G09,4,Hoodie,Hoodie
881,891,Hoodie/9-10.tif,Hoodie,Hoodie__G09,4,Jacket,Jacket
882,892,Hoodie/9-2.tif,Hoodie,Hoodie__G09,4,Hoodie,Hoodie
883,893,Hoodie/9-3.tif,Hoodie,Hoodie__G09,4,Cardigan,Cardigan
884,894,Hoodie/9-4.tif,Hoodie,Hoodie__G09,4,Hoodie,Hoodie
885,895,Hoodie/9-5.tif,Hoodie,Hoodie__G09,4,Hoodie,Hoodie
886,896,Hoodie/9-7.tif,Hoodie,Hoodie__G09,4,Dress,Dress
887,897,Hoodie/9-8.tif,Hoodie,Hoodie__G09,4,Circle,Jacket
888,898,Hoodie/9-9.tif,Hoodie,Hoodie__G09,4,Hoodie,Dress
889,899,Hoodie/9_6.tif,Hoodie,Hoodie__G09,4,Circle,Circle
890,900,Jacket/1-1.tif,Jacket,Jacket__G01,0,Cardigan,Circle
891,901,Jacket/1-10.tif,Jacket,Jacket__G01,0,Wide-Leg,Wide-Leg
892,902,Jacket/1-2.tif,Jacket,Jacket__G01,0,Blouse,Cardigan
893,903,Jacket/1-3.tif,Jacket,Jacket__G01,0,Jacket,Hoodie
894,904,Jacket/1-4.tif,Jacket,Jacket__G01,0,Hoodie,Hoodie
895,905,Jacket/1-5.tif,Jacket,Jacket__G01,0,Cardigan,Mini
896,906,Jacket/1-6.tif,Jacket,Jacket__G01,0,Tunic,Suit
897,907,Jacket/1-7.tif,Jacket,Jacket__G01,0,Jacket,Jacket
898,908,Jacket/1-8.tif,Jacket,Jacket__G01,0,Circle,Circle
899,909,Jacket/1-9.tif,Jacket,Jacket__G01,0,Tunic,Tunic
900,910,Jacket/10-1.tif,Jacket,Jacket__G10,4,Cardigan,Jacket
901,911,Jacket/10-10.tif,Jacket,Jacket__G10,4,Hoodie,Hoodie
902,912,Jacket/10-2.tif,Jacket,Jacket__G10,4,Circle,Vest
903,913,Jacket/10-3.tif,Jacket,Jacket__G10,4,Hoodie,Hoodie
904,914,Jacket/10-4.tif,Jacket,Jacket__G10,4,Hoodie,Hoodie
905,915,Jacket/10-5.tif,Jacket,Jacket__G10,4,Suit,Suit
906,916,Jacket/10-6.tif,Jacket,Jacket__G10,4,Vest,Suit
907,917,Jacket/10-7.tif,Jacket,Jacket__G10,4,Hoodie,Suit
908,918,Jacket/10-8.tif,Jacket,Jacket__G10,4,Hoodie,Hoodie
909,919,Jacket/10-9.tif,Jacket,Jacket__G10,4,Cardigan,Hoodie
910,920,Jacket/2-1.tif,Jacket,Jacket__G02,0,Hoodie,Hoodie
911,921,Jacket/2-10.tif,Jacket,Jacket__G02,0,Blouse,Blouse
912,922,Jacket/2-2.tif,Jacket,Jacket__G02,0,Cardigan,Hoodie
913,923,Jacket/2-3.tif,Jacket,Jacket__G02,0,Circle,Circle
914,924,Jacket/2-4.tif,Jacket,Jacket__G02,0,Blouse,Suit
915,925,Jacket/2-5.tif,Jacket,Jacket__G02,0,Hoodie,Hoodie
916,926,Jacket/2-6.tif,Jacket,Jacket__G02,0,Hoodie,Hoodie
917,927,Jacket/2-7.tif,Jacket,Jacket__G02,0,Blouse,Mini
918,928,Jacket/2-8.tif,Jacket,Jacket__G02,0,Suit,Hoodie
919,929,Jacket/2-9.tif,Jacket,Jacket__G02,0,Mini,Circle
920,930,Jacket/3-1.tif,Jacket,Jacket__G03,1,Circle,Shirt
921,931,Jacket/3-10.tif,Jacket,Jacket__G03,1,Bermuda,Bermuda
922,932,Jacket/3-2.tif,Jacket,Jacket__G03,1,Wide-Leg,Wide-Leg
923,933,Jacket/3-3.tif,Jacket,Jacket__G03,1,T-shirt,Cardigan
924,934,Jacket/3-4.tif,Jacket,Jacket__G03,1,Hoodie,Hoodie
925,935,Jacket/3-5.tif,Jacket,Jacket__G03,1,Cardigan,Shirt
926,936,Jacket/3-6.tif,Jacket,Jacket__G03,1,Bermuda,Bermuda
927,937,Jacket/3-7.tif,Jacket,Jacket__G03,1,Shirt,Shirt
928,938,Jacket/3-8.tif,Jacket,Jacket__G03,1,Shirt,Shirt
929,939,Jacket/3-9.tif,Jacket,Jacket__G03,1,Hoodie,Hoodie
930,940,Jacket/4-1.tif,Jacket,Jacket__G04,1,Cardigan,Cardigan
931,941,Jacket/4-10.tif,Jacket,Jacket__G04,1,Mini,Cardigan
932,942,Jacket/4-2.tif,Jacket,Jacket__G04,1,Vest,Vest
933,943,Jacket/4-3.tif,Jacket,Jacket__G04,1,Hoodie,Circle
934,944,Jacket/4-4.tif,Jacket,Jacket__G04,1,Mini,Mini
935,945,Jacket/4-5.tif,Jacket,Jacket__G04,1,Cardigan,Cardigan
936,946,Jacket/4-6.tif,Jacket,Jacket__G04,1,Mini,Jacket
937,947,Jacket/4-7.tif,Jacket,Jacket__G04,1,Jacket,Cardigan
938,948,Jacket/4-8.tif,Jacket,Jacket__G04,1,Jacket,Jacket
939,949,Jacket/4-9.tif,Jacket,Jacket__G04,1,Circle,Circle
940,950,Jacket/5-1.tif,Jacket,Jacket__G05,2,Jacket,Straight
941,951,Jacket/5-10.tif,Jacket,Jacket__G05,2,Cardigan,Cardigan
942,952,Jacket/5-2.tif,Jacket,Jacket__G05,2,T-shirt,T-shirt
943,953,Jacket/5-3.tif,Jacket,Jacket__G05,2,Jacket,Wide-Leg
944,954,Jacket/5-4.tif,Jacket,Jacket__G05,2,Circle,Circle
945,955,Jacket/5-5.tif,Jacket,Jacket__G05,2,Cardigan,Cardigan
946,956,Jacket/5-6.tif,Jacket,Jacket__G05,2,Jacket,Jacket
947,957,Jacket/5-7.tif,Jacket,Jacket__G05,2,Cardigan,Cardigan
948,958,Jacket/5-8.tif,Jacket,Jacket__G05,2,Wide-Leg,Vest
949,959,Jacket/5-9.tif,Jacket,Jacket__G05,2,Mini,Mini
950,960,Jacket/6-1.tif,Jacket,Jacket__G06,2,Shirt,Shirt
951,961,Jacket/6-10.tif,Jacket,Jacket__G06,2,Blouse,Shirt
952,962,Jacket/6-2.tif,Jacket,Jacket__G06,2,Suit,T-shirt
953,963,Jacket/6-3.tif,Jacket,Jacket__G06,2,Jacket,Shirt
954,964,Jacket/6-4.tif,Jacket,Jacket__G06,2,Circle,Cardigan
955,965,Jacket/6-5.tif,Jacket,Jacket__G06,2,T-shirt,Shirt
956,966,Jacket/6-6.tif,Jacket,Jacket__G06,2,Cardigan,Cardigan
957,967,Jacket/6-7.tif,Jacket,Jacket__G06,2,Suit,Suit
958,968,Jacket/6-8.tif,Jacket,Jacket__G06,2,Mini,Mini
959,969,Jacket/6-9.tif,Jacket,Jacket__G06,2,Wide-Leg,Shirt
960,970,Jacket/7-1.tif,Jacket,Jacket__G07,3,Jacket,Jacket
961,971,Jacket/7-10.tif,Jacket,Jacket__G07,3,Shirt,Shirt
962,972,Jacket/7-2.tif,Jacket,Jacket__G07,3,Shirt,Harem
963,973,Jacket/7-3.tif,Jacket,Jacket__G07,3,Circle,Circle
964,974,Jacket/7-4.tif,Jacket,Jacket__G07,3,Shirt,Shirt
965,975,Jacket/7-5.tif,Jacket,Jacket__G07,3,Jacket,Jacket
966,976,Jacket/7-6.tif,Jacket,Jacket__G07,3,Jacket,Jacket
967,977,Jacket/7-7.tif,Jacket,Jacket__G07,3,Suit,Suit
968,978,Jacket/7-8.tif,Jacket,Jacket__G07,3,Blouse,Mini
969,979,Jacket/7-9.tif,Jacket,Jacket__G07,3,Circle,Circle
970,980,Jacket/8-1.tif,Jacket,Jacket__G08,3,Tunic,Tunic
971,981,Jacket/8-10.tif,Jacket,Jacket__G08,3,Blouse,Mini
972,982,Jacket/8-2.tif,Jacket,Jacket__G08,3,Vest,Vest
973,983,Jacket/8-3.tif,Jacket,Jacket__G08,3,Tunic,Hoodie
974,984,Jacket/8-4.tif,Jacket,Jacket__G08,3,T-shirt,T-shirt
975,985,Jacket/8-5.tif,Jacket,Jacket__G08,3,Blouse,Blouse
976,986,Jacket/8-6.tif,Jacket,Jacket__G08,3,Cardigan,Cardigan
977,987,Jacket/8-7.tif,Jacket,Jacket__G08,3,Cardigan,Cardigan
978,988,Jacket/8-8.tif,Jacket,Jacket__G08,3,Shirt,Suit
979,989,Jacket/8-9.tif,Jacket,Jacket__G08,3,Shirt,Shirt
980,990,Jacket/9-1.tif,Jacket,Jacket__G09,4,Wide-Leg,Wide-Leg
981,991,Jacket/9-10.tif,Jacket,Jacket__G09,4,Jacket,Jacket
982,992,Jacket/9-2.tif,Jacket,Jacket__G09,4,Circle,Shirt
983,993,Jacket/9-3.tif,Jacket,Jacket__G09,4,Blouse,Jacket
984,994,Jacket/9-4.tif,Jacket,Jacket__G09,4,Jacket,Jacket
985,995,Jacket/9-5.tif,Jacket,Jacket__G09,4,Wide-Leg,Wide-Leg
986,996,Jacket/9-6.tif,Jacket,Jacket__G09,4,Mini,Mini
987,997,Jacket/9-7.tif,Jacket,Jacket__G09,4,Hoodie,Suit
988,998,Jacket/9-8.tif,Jacket,Jacket__G09,4,Circle,Circle
989,999,Jacket/9-9.tif,Jacket,Jacket__G09,4,Jacket,T-shirt
990,1000,Jumpsuit/1-10.tif,Jumpsuit,Jumpsuit__G01,0,Jumpsuit,Jumpsuit
991,1001,Jumpsuit/10-10.tif,Jumpsuit,Jumpsuit__G10,4,Jumpsuit,Jumpsuit
992,1002,Jumpsuit/10-3.tif,Jumpsuit,Jumpsuit__G10,4,Jumpsuit,Jumpsuit
993,1003,Jumpsuit/10-4.tif,Jumpsuit,Jumpsuit__G10,4,Harem,Harem
994,1004,Jumpsuit/10-5.tif,Jumpsuit,Jumpsuit__G10,4,Sarong,Skinny
995,1005,Jumpsuit/10-6.tif,Jumpsuit,Jumpsuit__G10,4,Jumpsuit,Jumpsuit
996,1006,Jumpsuit/10_1.tif,Jumpsuit,Jumpsuit__G10,4,Harem,Harem
997,1007,Jumpsuit/10_2.tif,Jumpsuit,Jumpsuit__G10,4,Dress,Jumpsuit
998,1008,Jumpsuit/10_7.tif,Jumpsuit,Jumpsuit__G10,4,Dress,Jumpsuit
999,1009,Jumpsuit/10_8.tif,Jumpsuit,Jumpsuit__G10,4,Jumpsuit,Jumpsuit
1000,1010,Jumpsuit/10_9.tif,Jumpsuit,Jumpsuit__G10,4,Straight,Straight
1001,1011,Jumpsuit/1_1.tif,Jumpsuit,Jumpsuit__G01,0,Skinny,Skinny
1002,1012,Jumpsuit/1_2.tif,Jumpsuit,Jumpsuit__G01,0,Jumpsuit,Jumpsuit
1003,1013,Jumpsuit/1_3.tif,Jumpsuit,Jumpsuit__G01,0,Jumpsuit,Jumpsuit
1004,1014,Jumpsuit/1_4.tif,Jumpsuit,Jumpsuit__G01,0,Jumpsuit,Jumpsuit
1005,1015,Jumpsuit/1_5.tif,Jumpsuit,Jumpsuit__G01,0,Dress,Jumpsuit
1006,1016,Jumpsuit/1_6.tif,Jumpsuit,Jumpsuit__G01,0,Flare,Jumpsuit
1007,1017,Jumpsuit/1_7.tif,Jumpsuit,Jumpsuit__G01,0,Jumpsuit,Flare
1008,1018,Jumpsuit/1_8.tif,Jumpsuit,Jumpsuit__G01,0,Jumpsuit,Jumpsuit
1009,1019,Jumpsuit/1_9.tif,Jumpsuit,Jumpsuit__G01,0,Jumpsuit,Jumpsuit
1010,1020,Jumpsuit/2_1.tif,Jumpsuit,Jumpsuit__G02,0,Jumpsuit,Jumpsuit
1011,1021,Jumpsuit/2_10.tif,Jumpsuit,Jumpsuit__G02,0,Jumpsuit,Jumpsuit
1012,1022,Jumpsuit/2_2.tif,Jumpsuit,Jumpsuit__G02,0,Straight,Jumpsuit
1013,1023,Jumpsuit/2_3.tif,Jumpsuit,Jumpsuit__G02,0,Jumpsuit,Jumpsuit
1014,1024,Jumpsuit/2_5.tif,Jumpsuit,Jumpsuit__G02,0,Jumpsuit,Jumpsuit
1015,1025,Jumpsuit/2_6.tif,Jumpsuit,Jumpsuit__G02,0,Jumpsuit,Pencil
1016,1026,Jumpsuit/2_7.tif,Jumpsuit,Jumpsuit__G02,0,Jumpsuit,Jumpsuit
1017,1027,Jumpsuit/2_8.tif,Jumpsuit,Jumpsuit__G02,0,Jumpsuit,Jumpsuit
1018,1028,Jumpsuit/2_9.tif,Jumpsuit,Jumpsuit__G02,0,Dress,Dress
1019,1029,Jumpsuit/3_1.tif,Jumpsuit,Jumpsuit__G03,1,Jumpsuit,Jumpsuit
1020,1030,Jumpsuit/3_10.tif,Jumpsuit,Jumpsuit__G03,1,Sarong,Jumpsuit
1021,1031,Jumpsuit/3_2.tif,Jumpsuit,Jumpsuit__G03,1,Jumpsuit,Sarong
1022,1032,Jumpsuit/3_3.tif,Jumpsuit,Jumpsuit__G03,1,Straight,Straight
1023,1033,Jumpsuit/3_4.tif,Jumpsuit,Jumpsuit__G03,1,Jumpsuit,Jumpsuit
1024,1034,Jumpsuit/3_5.tif,Jumpsuit,Jumpsuit__G03,1,Jumpsuit,Jumpsuit
1025,1035,Jumpsuit/3_6.tif,Jumpsuit,Jumpsuit__G03,1,Jumpsuit,Jumpsuit
1026,1036,Jumpsuit/3_7.tif,Jumpsuit,Jumpsuit__G03,1,Jumpsuit,Sarong
1027,1037,Jumpsuit/3_8.tif,Jumpsuit,Jumpsuit__G03,1,Jumpsuit,Sarong
1028,1038,Jumpsuit/3_9.tif,Jumpsuit,Jumpsuit__G03,1,Tunic,Jumpsuit
1029,1039,Jumpsuit/4_1.tif,Jumpsuit,Jumpsuit__G04,1,Hoodie,Vest
1030,1040,Jumpsuit/4_10.tif,Jumpsuit,Jumpsuit__G04,1,Vest,Vest
1031,1041,Jumpsuit/4_2.tif,Jumpsuit,Jumpsuit__G04,1,Dress,Straight
1032,1042,Jumpsuit/4_3.tif,Jumpsuit,Jumpsuit__G04,1,Dress,Jumpsuit
1033,1043,Jumpsuit/4_4.tif,Jumpsuit,Jumpsuit__G04,1,Jumpsuit,Pencil
1034,1044,Jumpsuit/4_5.tif,Jumpsuit,Jumpsuit__G04,1,Jumpsuit,Jumpsuit
1035,1045,Jumpsuit/4_6.tif,Jumpsuit,Jumpsuit__G04,1,Jumpsuit,Jumpsuit
1036,1046,Jumpsuit/4_7.tif,Jumpsuit,Jumpsuit__G04,1,Jumpsuit,Jumpsuit
1037,1047,Jumpsuit/4_8.tif,Jumpsuit,Jumpsuit__G04,1,Jumpsuit,Jumpsuit
1038,1048,Jumpsuit/4_9.tif,Jumpsuit,Jumpsuit__G04,1,Straight,Jumpsuit
1039,1049,Jumpsuit/5_1.tif,Jumpsuit,Jumpsuit__G05,2,Sarong,Sarong
1040,1050,Jumpsuit/5_10.tif,Jumpsuit,Jumpsuit__G05,2,Sarong,Sarong
1041,1051,Jumpsuit/5_2.tif,Jumpsuit,Jumpsuit__G05,2,Mini,Dress
1042,1052,Jumpsuit/5_3.tif,Jumpsuit,Jumpsuit__G05,2,Jumpsuit,Jumpsuit
1043,1053,Jumpsuit/5_4.tif,Jumpsuit,Jumpsuit__G05,2,Pencil,Skinny
1044,1054,Jumpsuit/5_5.tif,Jumpsuit,Jumpsuit__G05,2,Jumpsuit,Skinny
1045,1055,Jumpsuit/5_6.tif,Jumpsuit,Jumpsuit__G05,2,Skinny,Pencil
1046,1056,Jumpsuit/5_7.tif,Jumpsuit,Jumpsuit__G05,2,Sarong,Sarong
1047,1057,Jumpsuit/5_8.tif,Jumpsuit,Jumpsuit__G05,2,Jumpsuit,Pencil
1048,1058,Jumpsuit/5_9.tif,Jumpsuit,Jumpsuit__G05,2,Sarong,Sarong
1049,1059,Jumpsuit/6_1.tif,Jumpsuit,Jumpsuit__G06,2,Dress,Dress
1050,1060,Jumpsuit/6_10.tif,Jumpsuit,Jumpsuit__G06,2,Jumpsuit,Dress
1051,1061,Jumpsuit/6_11.tif,Jumpsuit,Jumpsuit__G06,2,Mermaid,Mermaid
1052,1062,Jumpsuit/6_2.tif,Jumpsuit,Jumpsuit__G06,2,Jumpsuit,Dress
1053,1063,Jumpsuit/6_3.tif,Jumpsuit,Jumpsuit__G06,2,Jumpsuit,Jumpsuit
1054,1064,Jumpsuit/6_4.tif,Jumpsuit,Jumpsuit__G06,2,Dress,Dress
1055,1065,Jumpsuit/6_5.tif,Jumpsuit,Jumpsuit__G06,2,Mermaid,Jumpsuit
1056,1066,Jumpsuit/6_6.tif,Jumpsuit,Jumpsuit__G06,2,Dress,Dress
1057,1067,Jumpsuit/6_7.tif,Jumpsuit,Jumpsuit__G06,2,Flare,Flare
1058,1068,Jumpsuit/6_8.tif,Jumpsuit,Jumpsuit__G06,2,Mermaid,Mermaid
1059,1069,Jumpsuit/6_9.tif,Jumpsuit,Jumpsuit__G06,2,Pencil,Pencil
1060,1070,Jumpsuit/7_1.tif,Jumpsuit,Jumpsuit__G07,3,Mermaid,Jumpsuit
1061,1071,Jumpsuit/7_10.tif,Jumpsuit,Jumpsuit__G07,3,Flare,Jumpsuit
1062,1072,Jumpsuit/7_2.tif,Jumpsuit,Jumpsuit__G07,3,Jumpsuit,Jumpsuit
1063,1073,Jumpsuit/7_3.tif,Jumpsuit,Jumpsuit__G07,3,Straight,Sarong
1064,1074,Jumpsuit/7_4.tif,Jumpsuit,Jumpsuit__G07,3,Dress,Jumpsuit
1065,1075,Jumpsuit/7_5.tif,Jumpsuit,Jumpsuit__G07,3,Dress,Jumpsuit
1066,1076,Jumpsuit/7_6.tif,Jumpsuit,Jumpsuit__G07,3,Flare,Flare
1067,1077,Jumpsuit/7_7.tif,Jumpsuit,Jumpsuit__G07,3,Jumpsuit,Jumpsuit
1068,1078,Jumpsuit/7_8.tif,Jumpsuit,Jumpsuit__G07,3,Sarong,Jumpsuit
1069,1079,Jumpsuit/7_9.tif,Jumpsuit,Jumpsuit__G07,3,Dress,Jumpsuit
1070,1080,Jumpsuit/8-10.tif,Jumpsuit,Jumpsuit__G08,3,Jumpsuit,Jumpsuit
1071,1081,Jumpsuit/8-3.tif,Jumpsuit,Jumpsuit__G08,3,Straight,Hoodie
1072,1082,Jumpsuit/8-4.tif,Jumpsuit,Jumpsuit__G08,3,Straight,Straight
1073,1083,Jumpsuit/8-5.tif,Jumpsuit,Jumpsuit__G08,3,Jumpsuit,Jumpsuit
1074,1084,Jumpsuit/8-6.tif,Jumpsuit,Jumpsuit__G08,3,Jumpsuit,Jumpsuit
1075,1085,Jumpsuit/8_1.tif,Jumpsuit,Jumpsuit__G08,3,Tunic,Jumpsuit
1076,1086,Jumpsuit/8_2.tif,Jumpsuit,Jumpsuit__G08,3,Dress,Dress
1077,1087,Jumpsuit/8_7.tif,Jumpsuit,Jumpsuit__G08,3,Sarong,Jumpsuit
1078,1088,Jumpsuit/8_8.tif,Jumpsuit,Jumpsuit__G08,3,Straight,Dress
1079,1089,Jumpsuit/8_9.tif,Jumpsuit,Jumpsuit__G08,3,Dress,Dress
1080,1090,Jumpsuit/9-10.tif,Jumpsuit,Jumpsuit__G09,4,Dress,Dress
1081,1091,Jumpsuit/9-3.tif,Jumpsuit,Jumpsuit__G09,4,Jumpsuit,Jumpsuit
1082,1092,Jumpsuit/9-4.tif,Jumpsuit,Jumpsuit__G09,4,Jumpsuit,Jumpsuit
1083,1093,Jumpsuit/9-5.tif,Jumpsuit,Jumpsuit__G09,4,Jumpsuit,Jumpsuit
1084,1094,Jumpsuit/9-6.tif,Jumpsuit,Jumpsuit__G09,4,Jumpsuit,Jumpsuit
1085,1095,Jumpsuit/9_1.tif,Jumpsuit,Jumpsuit__G09,4,Dress,Dress
1086,1096,Jumpsuit/9_2.tif,Jumpsuit,Jumpsuit__G09,4,Dress,Jumpsuit
1087,1097,Jumpsuit/9_7.tif,Jumpsuit,Jumpsuit__G09,4,Jumpsuit,Jumpsuit
1088,1098,Jumpsuit/9_8.tif,Jumpsuit,Jumpsuit__G09,4,Jumpsuit,Jumpsuit
1089,1099,Jumpsuit/9_9.tif,Jumpsuit,Jumpsuit__G09,4,Jumpsuit,Jumpsuit
1090,1100,Mermaid/10_1.tif,Mermaid,Mermaid__G10,4,Mermaid,Circle
1091,1101,Mermaid/10_10.tif,Mermaid,Mermaid__G10,4,Flare,Mermaid
1092,1102,Mermaid/10_2.tif,Mermaid,Mermaid__G10,4,Mini,Mermaid
1093,1103,Mermaid/10_3.tif,Mermaid,Mermaid__G10,4,Wide-Leg,A-Line
1094,1104,Mermaid/10_4.tif,Mermaid,Mermaid__G10,4,Skinny,Harem
1095,1105,Mermaid/10_5.tif,Mermaid,Mermaid__G10,4,Straight,Harem
1096,1106,Mermaid/10_6.tif,Mermaid,Mermaid__G10,4,Mermaid,Mermaid
1097,1107,Mermaid/10_7.tif,Mermaid,Mermaid__G10,4,A-Line,Cardigan
1098,1108,Mermaid/10_8.tif,Mermaid,Mermaid__G10,4,A-Line,Pencil
1099,1109,Mermaid/10_9.tif,Mermaid,Mermaid__G10,4,Tunic,Tunic
1100,1110,Mermaid/1_1.tif,Mermaid,Mermaid__G01,0,Dress,Dress
1101,1111,Mermaid/1_10.tif,Mermaid,Mermaid__G01,0,Flare,Mermaid
1102,1112,Mermaid/1_2.tif,Mermaid,Mermaid__G01,0,Harem,Harem
1103,1113,Mermaid/1_3.tif,Mermaid,Mermaid__G01,0,Dress,Dress
1104,1114,Mermaid/1_4.tif,Mermaid,Mermaid__G01,0,Flare,Pencil
1105,1115,Mermaid/1_5.tif,Mermaid,Mermaid__G01,0,Mermaid,Mermaid
1106,1116,Mermaid/1_6.tif,Mermaid,Mermaid__G01,0,Mermaid,Flare
1107,1117,Mermaid/1_7.tif,Mermaid,Mermaid__G01,0,Mermaid,Mermaid
1108,1118,Mermaid/1_8.tif,Mermaid,Mermaid__G01,0,Straight,Pencil
1109,1119,Mermaid/1_9.tif,Mermaid,Mermaid__G01,0,Mermaid,Jumpsuit
1110,1120,Mermaid/2_1.tif,Mermaid,Mermaid__G02,0,Harem,Flare
1111,1121,Mermaid/2_10.tif,Mermaid,Mermaid__G02,0,Flare,Flare
1112,1122,Mermaid/2_2.tif,Mermaid,Mermaid__G02,0,Sarong,Sarong
1113,1123,Mermaid/2_3.tif,Mermaid,Mermaid__G02,0,Jumpsuit,Jumpsuit
1114,1124,Mermaid/2_4.tif,Mermaid,Mermaid__G02,0,Flare,Flare
1115,1125,Mermaid/2_5.tif,Mermaid,Mermaid__G02,0,Flare,Flare
1116,1126,Mermaid/2_6.tif,Mermaid,Mermaid__G02,0,Skinny,Straight
1117,1127,Mermaid/2_7.tif,Mermaid,Mermaid__G02,0,Flare,Vest
1118,1128,Mermaid/2_8.tif,Mermaid,Mermaid__G02,0,Jumpsuit,Wide-Leg
1119,1129,Mermaid/2_9.tif,Mermaid,Mermaid__G02,0,Straight,Harem
1120,1130,Mermaid/3_1.tif,Mermaid,Mermaid__G03,1,Mermaid,Mermaid
1121,1131,Mermaid/3_10.tif,Mermaid,Mermaid__G03,1,Harem,Harem
1122,1132,Mermaid/3_2.tif,Mermaid,Mermaid__G03,1,Mermaid,Mermaid
1123,1133,Mermaid/3_3.tif,Mermaid,Mermaid__G03,1,Dress,Straight
1124,1134,Mermaid/3_4.tif,Mermaid,Mermaid__G03,1,A-Line,Mermaid
1125,1135,Mermaid/3_5.tif,Mermaid,Mermaid__G03,1,Vest,Vest
1126,1136,Mermaid/3_6.tif,Mermaid,Mermaid__G03,1,Mermaid,Mermaid
1127,1137,Mermaid/3_7.tif,Mermaid,Mermaid__G03,1,Harem,Pencil
1128,1138,Mermaid/3_8.tif,Mermaid,Mermaid__G03,1,Mermaid,Mermaid
1129,1139,Mermaid/3_9.tif,Mermaid,Mermaid__G03,1,Mermaid,Mermaid
1130,1140,Mermaid/4_1.tif,Mermaid,Mermaid__G04,1,Circle,Dress
1131,1141,Mermaid/4_10.tif,Mermaid,Mermaid__G04,1,Mermaid,Mermaid
1132,1142,Mermaid/4_2.tif,Mermaid,Mermaid__G04,1,Mermaid,Mermaid
1133,1143,Mermaid/4_3.tif,Mermaid,Mermaid__G04,1,Flare,Mermaid
1134,1144,Mermaid/4_4.tif,Mermaid,Mermaid__G04,1,Dress,Dress
1135,1145,Mermaid/4_5.tif,Mermaid,Mermaid__G04,1,Flare,Flare
1136,1146,Mermaid/4_6.tif,Mermaid,Mermaid__G04,1,Dress,Flare
1137,1147,Mermaid/4_7.tif,Mermaid,Mermaid__G04,1,Mermaid,Mermaid
1138,1148,Mermaid/4_8.tif,Mermaid,Mermaid__G04,1,Jumpsuit,Mermaid
1139,1149,Mermaid/4_9.tif,Mermaid,Mermaid__G04,1,Flare,Mermaid
1140,1150,Mermaid/5_1.tif,Mermaid,Mermaid__G05,2,Flare,Flare
1141,1151,Mermaid/5_10.tif,Mermaid,Mermaid__G05,2,Circle,Harem
1142,1152,Mermaid/5_2.tif,Mermaid,Mermaid__G05,2,Flare,Harem
1143,1153,Mermaid/5_3.tif,Mermaid,Mermaid__G05,2,Mermaid,Mermaid
1144,1154,Mermaid/5_4.tif,Mermaid,Mermaid__G05,2,Flare,Flare
1145,1155,Mermaid/5_5.tif,Mermaid,Mermaid__G05,2,Circle,Circle
1146,1156,Mermaid/5_6.tif,Mermaid,Mermaid__G05,2,Pencil,Pencil
1147,1157,Mermaid/5_7.tif,Mermaid,Mermaid__G05,2,Flare,Vest
1148,1158,Mermaid/5_8.tif,Mermaid,Mermaid__G05,2,Flare,Mermaid
1149,1159,Mermaid/5_9.tif,Mermaid,Mermaid__G05,2,Mermaid,Wide-Leg
1150,1160,Mermaid/6_1.tif,Mermaid,Mermaid__G06,2,Mermaid,Mermaid
1151,1161,Mermaid/6_10.tif,Mermaid,Mermaid__G06,2,Mermaid,Mermaid
1152,1162,Mermaid/6_2.tif,Mermaid,Mermaid__G06,2,Skinny,Pencil
1153,1163,Mermaid/6_3.tif,Mermaid,Mermaid__G06,2,Mermaid,Harem
1154,1164,Mermaid/6_4.tif,Mermaid,Mermaid__G06,2,Skinny,Mermaid
1155,1165,Mermaid/6_5.tif,Mermaid,Mermaid__G06,2,Pencil,Pencil
1156,1166,Mermaid/6_6.tif,Mermaid,Mermaid__G06,2,Skinny,Mermaid
1157,1167,Mermaid/6_7.tif,Mermaid,Mermaid__G06,2,Mermaid,Mermaid
1158,1168,Mermaid/6_8.tif,Mermaid,Mermaid__G06,2,Flare,Flare
1159,1169,Mermaid/6_9.tif,Mermaid,Mermaid__G06,2,Mermaid,Mermaid
1160,1170,Mermaid/7_1.tif,Mermaid,Mermaid__G07,3,Flare,Flare
1161,1171,Mermaid/7_10.tif,Mermaid,Mermaid__G07,3,Flare,Flare
1162,1172,Mermaid/7_2.tif,Mermaid,Mermaid__G07,3,Mermaid,Jumpsuit
1163,1173,Mermaid/7_3.tif,Mermaid,Mermaid__G07,3,Mermaid,Dress
1164,1174,Mermaid/7_4.tif,Mermaid,Mermaid__G07,3,Mermaid,Mermaid
1165,1175,Mermaid/7_5.tif,Mermaid,Mermaid__G07,3,Mermaid,Mermaid
1166,1176,Mermaid/7_6.tif,Mermaid,Mermaid__G07,3,Flare,Mermaid
1167,1177,Mermaid/7_7.tif,Mermaid,Mermaid__G07,3,Flare,Flare
1168,1178,Mermaid/7_8.tif,Mermaid,Mermaid__G07,3,Mermaid,Skinny
1169,1179,Mermaid/7_9.tif,Mermaid,Mermaid__G07,3,Suit,Straight
1170,1180,Mermaid/8_1.tif,Mermaid,Mermaid__G08,3,Skinny,Skinny
1171,1181,Mermaid/8_10.tif,Mermaid,Mermaid__G08,3,Skinny,Skinny
1172,1182,Mermaid/8_2.tif,Mermaid,Mermaid__G08,3,Jumpsuit,Dress
1173,1183,Mermaid/8_3.tif,Mermaid,Mermaid__G08,3,Tunic,Tunic
1174,1184,Mermaid/8_4.tif,Mermaid,Mermaid__G08,3,Pencil,Pencil
1175,1185,Mermaid/8_5.tif,Mermaid,Mermaid__G08,3,Sarong,Sarong
1176,1186,Mermaid/8_6.tif,Mermaid,Mermaid__G08,3,Sarong,Sarong
1177,1187,Mermaid/8_7.tif,Mermaid,Mermaid__G08,3,Straight,Dress
1178,1188,Mermaid/8_8.tif,Mermaid,Mermaid__G08,3,Skinny,Dress
1179,1189,Mermaid/8_9.tif,Mermaid,Mermaid__G08,3,Skinny,Dress
1180,1190,Mermaid/9_1.tif,Mermaid,Mermaid__G09,4,Mermaid,Mermaid
1181,1191,Mermaid/9_10.tif,Mermaid,Mermaid__G09,4,Mermaid,Mermaid
1182,1192,Mermaid/9_2.tif,Mermaid,Mermaid__G09,4,Mini,Mini
1183,1193,Mermaid/9_3.tif,Mermaid,Mermaid__G09,4,Flare,Harem
1184,1194,Mermaid/9_4.tif,Mermaid,Mermaid__G09,4,Harem,Harem
1185,1195,Mermaid/9_5.tif,Mermaid,Mermaid__G09,4,Hoodie,Circle
1186,1196,Mermaid/9_6.tif,Mermaid,Mermaid__G09,4,Pencil,Pencil
1187,1197,Mermaid/9_7.tif,Mermaid,Mermaid__G09,4,Harem,Harem
1188,1198,Mermaid/9_8.tif,Mermaid,Mermaid__G09,4,Mermaid,Mermaid
1189,1199,Mermaid/9_9.tif,Mermaid,Mermaid__G09,4,Mermaid,Mermaid
1190,1200,Mini/10_1.tif,Mini,Mini__G10,4,Bermuda,Bermuda
1191,1201,Mini/10_10.tif,Mini,Mini__G10,4,Bermuda,Bermuda
1192,1202,Mini/10_2.tif,Mini,Mini__G10,4,Shirt,Shirt
1193,1203,Mini/10_3.tif,Mini,Mini__G10,4,Blouse,Blouse
1194,1204,Mini/10_4.tif,Mini,Mini__G10,4,Shirt,Shirt
1195,1205,Mini/10_5.tif,Mini,Mini__G10,4,Blouse,Bermuda
1196,1206,Mini/10_6.tif,Mini,Mini__G10,4,Shirt,Shirt
1197,1207,Mini/10_7.tif,Mini,Mini__G10,4,Bermuda,Bermuda
1198,1208,Mini/10_8.tif,Mini,Mini__G10,4,Bermuda,Bermuda
1199,1209,Mini/10_9.tif,Mini,Mini__G10,4,Shirt,Shirt
1200,1210,Mini/1_1.tif,Mini,Mini__G01,0,Shirt,Shirt
1201,1211,Mini/1_10.tif,Mini,Mini__G01,0,Mini,Mini
1202,1212,Mini/1_2.tif,Mini,Mini__G01,0,Shirt,Shirt
1203,1213,Mini/1_3.tif,Mini,Mini__G01,0,T-shirt,T-shirt
1204,1214,Mini/1_4.tif,Mini,Mini__G01,0,A-Line,A-Line
1205,1215,Mini/1_5.tif,Mini,Mini__G01,0,Cardigan,Cardigan
1206,1216,Mini/1_6.tif,Mini,Mini__G01,0,Bermuda,Mini
1207,1217,Mini/1_7.tif,Mini,Mini__G01,0,A-Line,A-Line
1208,1218,Mini/1_8.tif,Mini,Mini__G01,0,A-Line,A-Line
1209,1219,Mini/1_9.tif,Mini,Mini__G01,0,Wide-Leg,Flare
1210,1220,Mini/2_1.tif,Mini,Mini__G02,0,Mini,Bermuda
1211,1221,Mini/2_10.tif,Mini,Mini__G02,0,Bermuda,Bermuda
1212,1222,Mini/2_2.tif,Mini,Mini__G02,0,Bermuda,Bermuda
1213,1223,Mini/2_3.tif,Mini,Mini__G02,0,Mini,Mini
1214,1224,Mini/2_4.tif,Mini,Mini__G02,0,Mini,Mini
1215,1225,Mini/2_5.tif,Mini,Mini__G02,0,Mini,Bermuda
1216,1226,Mini/2_6.tif,Mini,Mini__G02,0,Blouse,Bermuda
1217,1227,Mini/2_7.tif,Mini,Mini__G02,0,Mini,Mini
1218,1228,Mini/2_8.tif,Mini,Mini__G02,0,A-Line,A-Line
1219,1229,Mini/2_9.tif,Mini,Mini__G02,0,Suit,Mini
1220,1230,Mini/3_1.tif,Mini,Mini__G03,1,Cardigan,Cardigan
1221,1231,Mini/3_10.tif,Mini,Mini__G03,1,Cardigan,Cardigan
1222,1232,Mini/3_2.tif,Mini,Mini__G03,1,Jacket,Blouse
1223,1233,Mini/3_3.tif,Mini,Mini__G03,1,Jacket,Jacket
1224,1234,Mini/3_4.tif,Mini,Mini__G03,1,Mini,Circle
1225,1235,Mini/3_5.tif,Mini,Mini__G03,1,Jacket,Circle
1226,1236,Mini/3_6.tif,Mini,Mini__G03,1,Mini,Mini
1227,1237,Mini/3_7.tif,Mini,Mini__G03,1,Cardigan,Cardigan
1228,1238,Mini/3_8.tif,Mini,Mini__G03,1,Sarong,Circle
1229,1239,Mini/3_9.tif,Mini,Mini__G03,1,Jacket,Jacket
1230,1240,Mini/4_1.tif,Mini,Mini__G04,1,Cardigan,Cardigan
1231,1241,Mini/4_10.tif,Mini,Mini__G04,1,Mini,Mini
1232,1242,Mini/4_2.tif,Mini,Mini__G04,1,Cardigan,Tunic
1233,1243,Mini/4_3.tif,Mini,Mini__G04,1,Vest,Vest
1234,1244,Mini/4_4.tif,Mini,Mini__G04,1,Sarong,A-Line
1235,1245,Mini/4_5.tif,Mini,Mini__G04,1,Blouse,Blouse
1236,1246,Mini/4_6.tif,Mini,Mini__G04,1,Mini,Mini
1237,1247,Mini/4_7.tif,Mini,Mini__G04,1,Mini,Mini
1238,1248,Mini/4_8.tif,Mini,Mini__G04,1,A-Line,A-Line
1239,1249,Mini/4_9.tif,Mini,Mini__G04,1,A-Line,Cardigan
1240,1250,Mini/5_1.tif,Mini,Mini__G05,2,Blouse,Blouse
1241,1251,Mini/5_10.tif,Mini,Mini__G05,2,Blouse,Blouse
1242,1252,Mini/5_2.tif,Mini,Mini__G05,2,Circle,Harem
1243,1253,Mini/5_3.tif,Mini,Mini__G05,2,Hoodie,Blouse
1244,1254,Mini/5_4.tif,Mini,Mini__G05,2,Blouse,Blouse
1245,1255,Mini/5_5.tif,Mini,Mini__G05,2,Blouse,T-shirt
1246,1256,Mini/5_6.tif,Mini,Mini__G05,2,Circle,Harem
1247,1257,Mini/5_7.tif,Mini,Mini__G05,2,Shirt,Circle
1248,1258,Mini/5_8.tif,Mini,Mini__G05,2,A-Line,A-Line
1249,1259,Mini/5_9.tif,Mini,Mini__G05,2,A-Line,Cardigan
1250,1260,Mini/6_1.tif,Mini,Mini__G06,2,Wide-Leg,Wide-Leg
1251,1261,Mini/6_10.tif,Mini,Mini__G06,2,Bermuda,Bermuda
1252,1262,Mini/6_2.tif,Mini,Mini__G06,2,T-shirt,T-shirt
1253,1263,Mini/6_3.tif,Mini,Mini__G06,2,Shirt,Shirt
1254,1264,Mini/6_4.tif,Mini,Mini__G06,2,Shirt,Shirt
1255,1265,Mini/6_5.tif,Mini,Mini__G06,2,Blouse,Blouse
1256,1266,Mini/6_6.tif,Mini,Mini__G06,2,Blouse,Blouse
1257,1267,Mini/6_7.tif,Mini,Mini__G06,2,T-shirt,Shirt
1258,1268,Mini/6_8.tif,Mini,Mini__G06,2,Shirt,Shirt
1259,1269,Mini/6_9.tif,Mini,Mini__G06,2,Vest,Jacket
1260,1270,Mini/7_1.tif,Mini,Mini__G07,3,Jacket,Blouse
1261,1271,Mini/7_10.tif,Mini,Mini__G07,3,Circle,Bermuda
1262,1272,Mini/7_2.tif,Mini,Mini__G07,3,Shirt,Blouse
1263,1273,Mini/7_3.tif,Mini,Mini__G07,3,Mini,Mini
1264,1274,Mini/7_4.tif,Mini,Mini__G07,3,Mini,Mini
1265,1275,Mini/7_5.tif,Mini,Mini__G07,3,Blouse,Blouse
1266,1276,Mini/7_6.tif,Mini,Mini__G07,3,Circle,Circle
1267,1277,Mini/7_7.tif,Mini,Mini__G07,3,Bermuda,Circle
1268,1278,Mini/7_8.tif,Mini,Mini__G07,3,Circle,T-shirt
1269,1279,Mini/7_9.tif,Mini,Mini__G07,3,Shirt,Blouse
1270,1280,Mini/8_1.tif,Mini,Mini__G08,3,Cardigan,Cardigan
1271,1281,Mini/8_10.tif,Mini,Mini__G08,3,Vest,Vest
1272,1282,Mini/8_2.tif,Mini,Mini__G08,3,Mini,Tunic
1273,1283,Mini/8_3.tif,Mini,Mini__G08,3,Tunic,Tunic
1274,1284,Mini/8_4.tif,Mini,Mini__G08,3,Cardigan,Cardigan
1275,1285,Mini/8_5.tif,Mini,Mini__G08,3,Mini,Mini
1276,1286,Mini/8_6.tif,Mini,Mini__G08,3,Vest,Vest
1277,1287,Mini/8_7.tif,Mini,Mini__G08,3,Cardigan,Cardigan
1278,1288,Mini/8_8.tif,Mini,Mini__G08,3,Tunic,Tunic
1279,1289,Mini/8_9.tif,Mini,Mini__G08,3,Cardigan,Cardigan
1280,1290,Mini/9_1.tif,Mini,Mini__G09,4,Vest,Bermuda
1281,1291,Mini/9_10.tif,Mini,Mini__G09,4,Tunic,Straight
1282,1292,Mini/9_2.tif,Mini,Mini__G09,4,Dress,Dress
1283,1293,Mini/9_3.tif,Mini,Mini__G09,4,Dress,Straight
1284,1294,Mini/9_4.tif,Mini,Mini__G09,4,Skinny,Sarong
1285,1295,Mini/9_5.tif,Mini,Mini__G09,4,Tunic,Cardigan
1286,1296,Mini/9_6.tif,Mini,Mini__G09,4,Tunic,Tunic
1287,1297,Mini/9_7.tif,Mini,Mini__G09,4,Hoodie,Straight
1288,1298,Mini/9_8.tif,Mini,Mini__G09,4,Sarong,Sarong
1289,1299,Mini/9_9.tif,Mini,Mini__G09,4,Skinny,Straight
1290,1300,Pencil/1-1.tif,Pencil,Pencil__G01,0,Pencil,Pencil
1291,1301,Pencil/1-10.tif,Pencil,Pencil__G01,0,Sarong,Harem
1292,1302,Pencil/1-2.tif,Pencil,Pencil__G01,0,Sarong,Sarong
1293,1303,Pencil/1-3.tif,Pencil,Pencil__G01,0,Harem,Harem
1294,1304,Pencil/1-4.tif,Pencil,Pencil__G01,0,Straight,Straight
1295,1305,Pencil/1-5.tif,Pencil,Pencil__G01,0,Skinny,Skinny
1296,1306,Pencil/1-6.tif,Pencil,Pencil__G01,0,Sarong,Sarong
1297,1307,Pencil/1-7.tif,Pencil,Pencil__G01,0,Tunic,Skinny
1298,1308,Pencil/1-8.tif,Pencil,Pencil__G01,0,Sarong,Sarong
1299,1309,Pencil/1-9.tif,Pencil,Pencil__G01,0,Straight,Pencil
1300,1310,Pencil/10-1.tif,Pencil,Pencil__G10,4,Straight,Jumpsuit
1301,1311,Pencil/10-10.tif,Pencil,Pencil__G10,4,Pencil,Pencil
1302,1312,Pencil/10-2.tif,Pencil,Pencil__G10,4,Straight,Straight
1303,1313,Pencil/10-3.tif,Pencil,Pencil__G10,4,Tunic,Tunic
1304,1314,Pencil/10-4.tif,Pencil,Pencil__G10,4,Straight,Straight
1305,1315,Pencil/10-5.tif,Pencil,Pencil__G10,4,Straight,Straight
1306,1316,Pencil/10-6.tif,Pencil,Pencil__G10,4,Straight,Dress
1307,1317,Pencil/10-7.tif,Pencil,Pencil__G10,4,Straight,Straight
1308,1318,Pencil/10-8.tif,Pencil,Pencil__G10,4,Sarong,Straight
1309,1319,Pencil/10-9.tif,Pencil,Pencil__G10,4,Skinny,Skinny
1310,1320,Pencil/2-1.tif,Pencil,Pencil__G02,0,Sarong,Sarong
1311,1321,Pencil/2-10.tif,Pencil,Pencil__G02,0,Harem,A-Line
1312,1322,Pencil/2-2.tif,Pencil,Pencil__G02,0,Sarong,Sarong
1313,1323,Pencil/2-3.tif,Pencil,Pencil__G02,0,Hoodie,Hoodie
1314,1324,Pencil/2-4.tif,Pencil,Pencil__G02,0,Skinny,Mermaid
1315,1325,Pencil/2-5.tif,Pencil,Pencil__G02,0,Sarong,Dress
1316,1326,Pencil/2-6.tif,Pencil,Pencil__G02,0,Hoodie,Hoodie
1317,1327,Pencil/2-7.tif,Pencil,Pencil__G02,0,Tunic,Tunic
1318,1328,Pencil/2-8.tif,Pencil,Pencil__G02,0,A-Line,A-Line
1319,1329,Pencil/2-9.tif,Pencil,Pencil__G02,0,A-Line,A-Line
1320,1330,Pencil/3-1.tif,Pencil,Pencil__G03,1,Skinny,Skinny
1321,1331,Pencil/3-10.tif,Pencil,Pencil__G03,1,Pencil,Pencil
1322,1332,Pencil/3-2.tif,Pencil,Pencil__G03,1,Pencil,Pencil
1323,1333,Pencil/3-3.tif,Pencil,Pencil__G03,1,Pencil,Pencil
1324,1334,Pencil/3-4.tif,Pencil,Pencil__G03,1,Mermaid,Vest
1325,1335,Pencil/3-5.tif,Pencil,Pencil__G03,1,Pencil,Pencil
1326,1336,Pencil/3-6.tif,Pencil,Pencil__G03,1,Pencil,Pencil
1327,1337,Pencil/3-7.tif,Pencil,Pencil__G03,1,Mermaid,Mermaid
1328,1338,Pencil/3-8.tif,Pencil,Pencil__G03,1,Straight,Straight
1329,1339,Pencil/3-9.tif,Pencil,Pencil__G03,1,Hoodie,Hoodie
1330,1340,Pencil/4-1.tif,Pencil,Pencil__G04,1,Cardigan,Mermaid
1331,1341,Pencil/4-10.tif,Pencil,Pencil__G04,1,Sarong,Tunic
1332,1342,Pencil/4-2.tif,Pencil,Pencil__G04,1,Tunic,Tunic
1333,1343,Pencil/4-3.tif,Pencil,Pencil__G04,1,Flare,Mermaid
1334,1344,Pencil/4-4.tif,Pencil,Pencil__G04,1,Flare,Circle
1335,1345,Pencil/4-5.tif,Pencil,Pencil__G04,1,Skinny,Skinny
1336,1346,Pencil/4-6.tif,Pencil,Pencil__G04,1,Mermaid,Mermaid
1337,1347,Pencil/4-7.tif,Pencil,Pencil__G04,1,Mini,Mini
1338,1348,Pencil/4-8.tif,Pencil,Pencil__G04,1,Tunic,Wide-Leg
1339,1349,Pencil/4-9.tif,Pencil,Pencil__G04,1,Vest,Vest
1340,1350,Pencil/5-1.tif,Pencil,Pencil__G05,2,Pencil,Pencil
1341,1351,Pencil/5-10.tif,Pencil,Pencil__G05,2,Pencil,Straight
1342,1352,Pencil/5-2.tif,Pencil,Pencil__G05,2,Pencil,Pencil
1343,1353,Pencil/5-3.tif,Pencil,Pencil__G05,2,Jumpsuit,Flare
1344,1354,Pencil/5-4.tif,Pencil,Pencil__G05,2,Pencil,Pencil
1345,1355,Pencil/5-5.tif,Pencil,Pencil__G05,2,Mermaid,Straight
1346,1356,Pencil/5-6.tif,Pencil,Pencil__G05,2,Jumpsuit,Jumpsuit
1347,1357,Pencil/5-7.tif,Pencil,Pencil__G05,2,Straight,Tunic
1348,1358,Pencil/5-8.tif,Pencil,Pencil__G05,2,Sarong,Sarong
1349,1359,Pencil/5-9.tif,Pencil,Pencil__G05,2,Straight,Skinny
1350,1360,Pencil/6-1.tif,Pencil,Pencil__G06,2,Mermaid,Mermaid
1351,1361,Pencil/6-10.tif,Pencil,Pencil__G06,2,Flare,Flare
1352,1362,Pencil/6-2.tif,Pencil,Pencil__G06,2,Mermaid,Straight
1353,1363,Pencil/6-3.tif,Pencil,Pencil__G06,2,Flare,Mermaid
1354,1364,Pencil/6-4.tif,Pencil,Pencil__G06,2,Hoodie,Hoodie
1355,1365,Pencil/6-5.tif,Pencil,Pencil__G06,2,Dress,Dress
1356,1366,Pencil/6-6.tif,Pencil,Pencil__G06,2,Mermaid,Mermaid
1357,1367,Pencil/6-7.tif,Pencil,Pencil__G06,2,Pencil,Pencil
1358,1368,Pencil/6-8.tif,Pencil,Pencil__G06,2,Mermaid,Mermaid
1359,1369,Pencil/6-9.tif,Pencil,Pencil__G06,2,Harem,Harem
1360,1370,Pencil/7-1.tif,Pencil,Pencil__G07,3,Pencil,Pencil
1361,1371,Pencil/7-10.tif,Pencil,Pencil__G07,3,Straight,Straight
1362,1372,Pencil/7-2.tif,Pencil,Pencil__G07,3,Mini,Mini
1363,1373,Pencil/7-3.tif,Pencil,Pencil__G07,3,Suit,Suit
1364,1374,Pencil/7-4.tif,Pencil,Pencil__G07,3,Jumpsuit,Jumpsuit
1365,1375,Pencil/7-5.tif,Pencil,Pencil__G07,3,Jumpsuit,Jumpsuit
1366,1376,Pencil/7-6.tif,Pencil,Pencil__G07,3,Pencil,Pencil
1367,1377,Pencil/7-7.tif,Pencil,Pencil__G07,3,Sarong,Sarong
1368,1378,Pencil/7-8.tif,Pencil,Pencil__G07,3,Dress,Dress
1369,1379,Pencil/7-9.tif,Pencil,Pencil__G07,3,Pencil,Sarong
1370,1380,Pencil/8-1.tif,Pencil,Pencil__G08,3,Pencil,Pencil
1371,1381,Pencil/8-10.tif,Pencil,Pencil__G08,3,Pencil,Skinny
1372,1382,Pencil/8-2.tif,Pencil,Pencil__G08,3,Pencil,Pencil
1373,1383,Pencil/8-3.tif,Pencil,Pencil__G08,3,Skinny,Skinny
1374,1384,Pencil/8-4.tif,Pencil,Pencil__G08,3,Jumpsuit,Skinny
1375,1385,Pencil/8-5.tif,Pencil,Pencil__G08,3,Pencil,Pencil
1376,1386,Pencil/8-6.tif,Pencil,Pencil__G08,3,Dress,Straight
1377,1387,Pencil/8-7.tif,Pencil,Pencil__G08,3,Jumpsuit,Jumpsuit
1378,1388,Pencil/8-8.tif,Pencil,Pencil__G08,3,Pencil,Pencil
1379,1389,Pencil/8-9.tif,Pencil,Pencil__G08,3,Straight,Skinny
1380,1390,Pencil/9-1.tif,Pencil,Pencil__G09,4,Sarong,Sarong
1381,1391,Pencil/9-10.tif,Pencil,Pencil__G09,4,Pencil,Pencil
1382,1392,Pencil/9-2.tif,Pencil,Pencil__G09,4,Skinny,Skinny
1383,1393,Pencil/9-3.tif,Pencil,Pencil__G09,4,Dress,Straight
1384,1394,Pencil/9-4.tif,Pencil,Pencil__G09,4,Jumpsuit,Jumpsuit
1385,1395,Pencil/9-5.tif,Pencil,Pencil__G09,4,Jumpsuit,Jumpsuit
1386,1396,Pencil/9-6.tif,Pencil,Pencil__G09,4,Skinny,Sarong
1387,1397,Pencil/9-7.tif,Pencil,Pencil__G09,4,Jumpsuit,Skinny
1388,1398,Pencil/9-8.tif,Pencil,Pencil__G09,4,Jumpsuit,Jumpsuit
1389,1399,Pencil/9-9.tif,Pencil,Pencil__G09,4,Sarong,Sarong
1390,1400,Sarong/10_1.tif,Sarong,Sarong__G10,4,Sarong,Sarong
1391,1401,Sarong/10_10.tif,Sarong,Sarong__G10,4,Pencil,Sarong
1392,1402,Sarong/10_2.tif,Sarong,Sarong__G10,4,Straight,Dress
1393,1403,Sarong/10_3.tif,Sarong,Sarong__G10,4,Mermaid,Mermaid
1394,1404,Sarong/10_4.tif,Sarong,Sarong__G10,4,Straight,Straight
1395,1405,Sarong/10_5.tif,Sarong,Sarong__G10,4,Jumpsuit,Pencil
1396,1406,Sarong/10_6.tif,Sarong,Sarong__G10,4,Pencil,Pencil
1397,1407,Sarong/10_7.tif,Sarong,Sarong__G10,4,Pencil,Pencil
1398,1408,Sarong/10_8.tif,Sarong,Sarong__G10,4,Skinny,Skinny
1399,1409,Sarong/10_9.tif,Sarong,Sarong__G10,4,Straight,Dress
1400,1410,Sarong/1_1.tif,Sarong,Sarong__G01,0,Sarong,Sarong
1401,1411,Sarong/1_10.tif,Sarong,Sarong__G01,0,Sarong,Sarong
1402,1412,Sarong/1_2.tif,Sarong,Sarong__G01,0,Bermuda,Mini
1403,1413,Sarong/1_3.tif,Sarong,Sarong__G01,0,Jumpsuit,Jumpsuit
1404,1414,Sarong/1_4.tif,Sarong,Sarong__G01,0,Sarong,Sarong
1405,1415,Sarong/1_5.tif,Sarong,Sarong__G01,0,Sarong,Sarong
1406,1416,Sarong/1_6.tif,Sarong,Sarong__G01,0,Sarong,Sarong
1407,1417,Sarong/1_78.tif,Sarong,Sarong__G01,0,Sarong,Sarong
1408,1418,Sarong/1_8.tif,Sarong,Sarong__G01,0,Jumpsuit,Jumpsuit
1409,1419,Sarong/1_9.tif,Sarong,Sarong__G01,0,Skinny,Sarong
1410,1420,Sarong/2_1.tif,Sarong,Sarong__G02,0,Skinny,Sarong
1411,1421,Sarong/2_10.tif,Sarong,Sarong__G02,0,Pencil,Skinny
1412,1422,Sarong/2_2.tif,Sarong,Sarong__G02,0,Dress,Dress
1413,1423,Sarong/2_3.tif,Sarong,Sarong__G02,0,Sarong,Harem
1414,1424,Sarong/2_4.tif,Sarong,Sarong__G02,0,Skinny,Dress
1415,1425,Sarong/2_5.tif,Sarong,Sarong__G02,0,Pencil,Pencil
1416,1426,Sarong/2_6.tif,Sarong,Sarong__G02,0,Pencil,Pencil
1417,1427,Sarong/2_7.tif,Sarong,Sarong__G02,0,Skinny,Skinny
1418,1428,Sarong/2_8.tif,Sarong,Sarong__G02,0,Skinny,Sarong
1419,1429,Sarong/2_9.tif,Sarong,Sarong__G02,0,Harem,Harem
1420,1430,Sarong/3_1.tif,Sarong,Sarong__G03,1,Skinny,Sarong
1421,1431,Sarong/3_10.tif,Sarong,Sarong__G03,1,Sarong,Sarong
1422,1432,Sarong/3_2.tif,Sarong,Sarong__G03,1,Harem,Harem
1423,1433,Sarong/3_3.tif,Sarong,Sarong__G03,1,Skinny,Flare
1424,1434,Sarong/3_4.tif,Sarong,Sarong__G03,1,Skinny,Sarong
1425,1435,Sarong/3_5.tif,Sarong,Sarong__G03,1,Sarong,Sarong
1426,1436,Sarong/3_6.tif,Sarong,Sarong__G03,1,Harem,Sarong
1427,1437,Sarong/3_7.tif,Sarong,Sarong__G03,1,Jumpsuit,Jumpsuit
1428,1438,Sarong/3_8.tif,Sarong,Sarong__G03,1,Tunic,Sarong
1429,1439,Sarong/3_9.tif,Sarong,Sarong__G03,1,Straight,Sarong
1430,1440,Sarong/4_1.tif,Sarong,Sarong__G04,1,Sarong,Sarong
1431,1441,Sarong/4_10.tif,Sarong,Sarong__G04,1,Pencil,Pencil
1432,1442,Sarong/4_2.tif,Sarong,Sarong__G04,1,Harem,Straight
1433,1443,Sarong/4_3.tif,Sarong,Sarong__G04,1,Sarong,Sarong
1434,1444,Sarong/4_4.tif,Sarong,Sarong__G04,1,Flare,Dress
1435,1445,Sarong/4_5.tif,Sarong,Sarong__G04,1,Jumpsuit,Sarong
1436,1446,Sarong/4_6.tif,Sarong,Sarong__G04,1,Sarong,Sarong
1437,1447,Sarong/4_7.tif,Sarong,Sarong__G04,1,Jumpsuit,Skinny
1438,1448,Sarong/4_8.tif,Sarong,Sarong__G04,1,Straight,Sarong
1439,1449,Sarong/4_9.tif,Sarong,Sarong__G04,1,Sarong,Pencil
1440,1450,Sarong/5+8.tif,Sarong,Sarong__G05,2,Straight,Straight
1441,1451,Sarong/5_1.tif,Sarong,Sarong__G05,2,Jumpsuit,Sarong
1442,1452,Sarong/5_10.tif,Sarong,Sarong__G05,2,Sarong,Sarong
1443,1453,Sarong/5_2.tif,Sarong,Sarong__G05,2,Flare,Flare
1444,1454,Sarong/5_3.tif,Sarong,Sarong__G05,2,Straight,Straight
1445,1455,Sarong/5_4.tif,Sarong,Sarong__G05,2,Flare,Flare
1446,1456,Sarong/5_5.tif,Sarong,Sarong__G05,2,Pencil,Pencil
1447,1457,Sarong/5_6.tif,Sarong,Sarong__G05,2,Skinny,Sarong
1448,1458,Sarong/5_7.tif,Sarong,Sarong__G05,2,Skinny,Skinny
1449,1459,Sarong/5_9.tif,Sarong,Sarong__G05,2,Straight,Straight
1450,1460,Sarong/6_1.tif,Sarong,Sarong__G06,2,Mini,Mini
1451,1461,Sarong/6_10.tif,Sarong,Sarong__G06,2,Mini,Mini
1452,1462,Sarong/6_2.tif,Sarong,Sarong__G06,2,Tunic,Skinny
1453,1463,Sarong/6_3.tif,Sarong,Sarong__G06,2,Suit,Suit
1454,1464,Sarong/6_4.tif,Sarong,Sarong__G06,2,Vest,Vest
1455,1465,Sarong/6_5.tif,Sarong,Sarong__G06,2,Mini,Harem
1456,1466,Sarong/6_6.tif,Sarong,Sarong__G06,2,Mini,Mini
1457,1467,Sarong/6_7.tif,Sarong,Sarong__G06,2,Mini,Mini
1458,1468,Sarong/6_8.tif,Sarong,Sarong__G06,2,Mini,Mini
1459,1469,Sarong/6_9.tif,Sarong,Sarong__G06,2,Mini,Mini
1460,1470,Sarong/7_1.tif,Sarong,Sarong__G07,3,Sarong,Sarong
1461,1471,Sarong/7_10.tif,Sarong,Sarong__G07,3,Pencil,Pencil
1462,1472,Sarong/7_2.tif,Sarong,Sarong__G07,3,Straight,Straight
1463,1473,Sarong/7_3.tif,Sarong,Sarong__G07,3,Sarong,Sarong
1464,1474,Sarong/7_4.tif,Sarong,Sarong__G07,3,Sarong,Sarong
1465,1475,Sarong/7_5.tif,Sarong,Sarong__G07,3,Sarong,Sarong
1466,1476,Sarong/7_6.tif,Sarong,Sarong__G07,3,Pencil,Pencil
1467,1477,Sarong/7_7.tif,Sarong,Sarong__G07,3,Sarong,Skinny
1468,1478,Sarong/7_8.tif,Sarong,Sarong__G07,3,Skinny,Skinny
1469,1479,Sarong/7_9.tif,Sarong,Sarong__G07,3,Jumpsuit,Skinny
1470,1480,Sarong/8_1.tif,Sarong,Sarong__G08,3,Skinny,Dress
1471,1481,Sarong/8_10.tif,Sarong,Sarong__G08,3,Sarong,Sarong
1472,1482,Sarong/8_2.tif,Sarong,Sarong__G08,3,Flare,Dress
1473,1483,Sarong/8_3.tif,Sarong,Sarong__G08,3,Jumpsuit,Jumpsuit
1474,1484,Sarong/8_4.tif,Sarong,Sarong__G08,3,Dress,Dress
1475,1485,Sarong/8_5.tif,Sarong,Sarong__G08,3,Straight,Straight
1476,1486,Sarong/8_6.tif,Sarong,Sarong__G08,3,Dress,Jumpsuit
1477,1487,Sarong/8_7.tif,Sarong,Sarong__G08,3,Jumpsuit,Jumpsuit
1478,1488,Sarong/8_8.tif,Sarong,Sarong__G08,3,Dress,Straight
1479,1489,Sarong/8_9.tif,Sarong,Sarong__G08,3,Sarong,Harem
1480,1490,Sarong/9_1.tif,Sarong,Sarong__G09,4,Sarong,Sarong
1481,1491,Sarong/9_10.tif,Sarong,Sarong__G09,4,Pencil,Pencil
1482,1492,Sarong/9_2.tif,Sarong,Sarong__G09,4,Straight,Mermaid
1483,1493,Sarong/9_3.tif,Sarong,Sarong__G09,4,Skinny,Skinny
1484,1494,Sarong/9_4.tif,Sarong,Sarong__G09,4,Skinny,Skinny
1485,1495,Sarong/9_5.tif,Sarong,Sarong__G09,4,Skinny,Skinny
1486,1496,Sarong/9_6.tif,Sarong,Sarong__G09,4,Sarong,Sarong
1487,1497,Sarong/9_7.tif,Sarong,Sarong__G09,4,Skinny,Skinny
1488,1498,Sarong/9_8.tif,Sarong,Sarong__G09,4,Skinny,Straight
1489,1499,Sarong/9_9.tif,Sarong,Sarong__G09,4,Skinny,Skinny
1490,1500,Shirt/10_1.tif,Shirt,Shirt__G10,4,Shirt,Shirt
1491,1501,Shirt/10_10.tif,Shirt,Shirt__G10,4,T-shirt,Mini
1492,1502,Shirt/10_2.tif,Shirt,Shirt__G10,4,Hoodie,Hoodie
1493,1503,Shirt/10_3.tif,Shirt,Shirt__G10,4,Blouse,T-shirt
1494,1504,Shirt/10_4.tif,Shirt,Shirt__G10,4,Shirt,Shirt
1495,1505,Shirt/10_5.tif,Shirt,Shirt__G10,4,Shirt,Shirt
1496,1506,Shirt/10_6.tif,Shirt,Shirt__G10,4,Bermuda,Jacket
1497,1507,Shirt/10_7.tif,Shirt,Shirt__G10,4,Shirt,Shirt
1498,1508,Shirt/10_8.tif,Shirt,Shirt__G10,4,T-shirt,T-shirt
1499,1509,Shirt/10_9.tif,Shirt,Shirt__G10,4,Jacket,Jacket
1500,1510,Shirt/1_1.tif,Shirt,Shirt__G01,0,Jacket,Jacket
1501,1511,Shirt/1_10.tif,Shirt,Shirt__G01,0,Mini,Cardigan
1502,1512,Shirt/1_2.tif,Shirt,Shirt__G01,0,Circle,Circle
1503,1513,Shirt/1_3.tif,Shirt,Shirt__G01,0,Suit,Blouse
1504,1514,Shirt/1_4.tif,Shirt,Shirt__G01,0,Jacket,Jacket
1505,1515,Shirt/1_5.tif,Shirt,Shirt__G01,0,Cardigan,Cardigan
1506,1516,Shirt/1_6.tif,Shirt,Shirt__G01,0,Jacket,Jacket
1507,1517,Shirt/1_7.tif,Shirt,Shirt__G01,0,Circle,Circle
1508,1518,Shirt/1_8.tif,Shirt,Shirt__G01,0,Jacket,Jacket
1509,1519,Shirt/1_9.tif,Shirt,Shirt__G01,0,Mini,Mini
1510,1520,Shirt/2_1.tif,Shirt,Shirt__G02,0,T-shirt,T-shirt
1511,1521,Shirt/2_10.tif,Shirt,Shirt__G02,0,Shirt,Shirt
1512,1522,Shirt/2_2.tif,Shirt,Shirt__G02,0,Shirt,Shirt
1513,1523,Shirt/2_3.tif,Shirt,Shirt__G02,0,Circle,T-shirt
1514,1524,Shirt/2_4.tif,Shirt,Shirt__G02,0,Shirt,Shirt
1515,1525,Shirt/2_5.tif,Shirt,Shirt__G02,0,T-shirt,Blouse
1516,1526,Shirt/2_6.tif,Shirt,Shirt__G02,0,T-shirt,Shirt
1517,1527,Shirt/2_7.tif,Shirt,Shirt__G02,0,T-shirt,T-shirt
1518,1528,Shirt/2_8.tif,Shirt,Shirt__G02,0,Shirt,T-shirt
1519,1529,Shirt/2_9.tif,Shirt,Shirt__G02,0,Shirt,Shirt
1520,1530,Shirt/3-10.tif,Shirt,Shirt__G03,1,Shirt,Shirt
1521,1531,Shirt/3_1.tif,Shirt,Shirt__G03,1,Shirt,Shirt
1522,1532,Shirt/3_2.tif,Shirt,Shirt__G03,1,T-shirt,Shirt
1523,1533,Shirt/3_3.tif,Shirt,Shirt__G03,1,Circle,Circle
1524,1534,Shirt/3_4.tif,Shirt,Shirt__G03,1,Jacket,Jacket
1525,1535,Shirt/3_5.tif,Shirt,Shirt__G03,1,Hoodie,Hoodie
1526,1536,Shirt/3_6.tif,Shirt,Shirt__G03,1,Cardigan,Jacket
1527,1537,Shirt/3_7.tif,Shirt,Shirt__G03,1,Circle,Circle
1528,1538,Shirt/3_8.tif,Shirt,Shirt__G03,1,T-shirt,T-shirt
1529,1539,Shirt/3_9.tif,Shirt,Shirt__G03,1,Circle,Hoodie
1530,1540,Shirt/4_1.tif,Shirt,Shirt__G04,1,Suit,Suit
1531,1541,Shirt/4_10.tif,Shirt,Shirt__G04,1,Shirt,Jacket
1532,1542,Shirt/4_2.tif,Shirt,Shirt__G04,1,Jacket,Jacket
1533,1543,Shirt/4_3.tif,Shirt,Shirt__G04,1,T-shirt,Jacket
1534,1544,Shirt/4_4.tif,Shirt,Shirt__G04,1,Blouse,Blouse
1535,1545,Shirt/4_5.tif,Shirt,Shirt__G04,1,Shirt,Shirt
1536,1546,Shirt/4_6.tif,Shirt,Shirt__G04,1,Suit,Suit
1537,1547,Shirt/4_7.tif,Shirt,Shirt__G04,1,Shirt,Shirt
1538,1548,Shirt/4_8.tif,Shirt,Shirt__G04,1,Suit,Suit
1539,1549,Shirt/4_9.tif,Shirt,Shirt__G04,1,Hoodie,Jacket
1540,1550,Shirt/5_1.tif,Shirt,Shirt__G05,2,Vest,Vest
1541,1551,Shirt/5_10.tif,Shirt,Shirt__G05,2,Jacket,Jacket
1542,1552,Shirt/5_2.tif,Shirt,Shirt__G05,2,Tunic,Wide-Leg
1543,1553,Shirt/5_3.tif,Shirt,Shirt__G05,2,Shirt,Blouse
1544,1554,Shirt/5_4.tif,Shirt,Shirt__G05,2,Vest,Vest
1545,1555,Shirt/5_5.tif,Shirt,Shirt__G05,2,Vest,Vest
1546,1556,Shirt/5_6.tif,Shirt,Shirt__G05,2,Jacket,Jacket
1547,1557,Shirt/5_7.tif,Shirt,Shirt__G05,2,Vest,Vest
1548,1558,Shirt/5_8.tif,Shirt,Shirt__G05,2,Jacket,Jacket
1549,1559,Shirt/5_9.tif,Shirt,Shirt__G05,2,T-shirt,Shirt
1550,1560,Shirt/6_1.tif,Shirt,Shirt__G06,2,Shirt,Circle
1551,1561,Shirt/6_10.tif,Shirt,Shirt__G06,2,Vest,Suit
1552,1562,Shirt/6_2.tif,Shirt,Shirt__G06,2,Jacket,Wide-Leg
1553,1563,Shirt/6_3.tif,Shirt,Shirt__G06,2,T-shirt,Cardigan
1554,1564,Shirt/6_4.tif,Shirt,Shirt__G06,2,Wide-Leg,Shirt
1555,1565,Shirt/6_5.tif,Shirt,Shirt__G06,2,Shirt,Shirt
1556,1566,Shirt/6_6.tif,Shirt,Shirt__G06,2,Mini,Mini
1557,1567,Shirt/6_7.tif,Shirt,Shirt__G06,2,Mini,Wide-Leg
1558,1568,Shirt/6_8.tif,Shirt,Shirt__G06,2,Hoodie,Wide-Leg
1559,1569,Shirt/6_9.tif,Shirt,Shirt__G06,2,Hoodie,Hoodie
1560,1570,Shirt/7_1.tif,Shirt,Shirt__G07,3,Jacket,Jacket
1561,1571,Shirt/7_10.tif,Shirt,Shirt__G07,3,Mini,Mini
1562,1572,Shirt/7_2.tif,Shirt,Shirt__G07,3,Wide-Leg,Mini
1563,1573,Shirt/7_3.tif,Shirt,Shirt__G07,3,Circle,Hoodie
1564,1574,Shirt/7_4.tif,Shirt,Shirt__G07,3,Shirt,Shirt
1565,1575,Shirt/7_5.tif,Shirt,Shirt__G07,3,Shirt,Shirt
1566,1576,Shirt/7_6.tif,Shirt,Shirt__G07,3,Vest,Shirt
1567,1577,Shirt/7_7.tif,Shirt,Shirt__G07,3,Shirt,Shirt
1568,1578,Shirt/7_8.tif,Shirt,Shirt__G07,3,Vest,Vest
1569,1579,Shirt/7_9.tif,Shirt,Shirt__G07,3,Hoodie,Hoodie
1570,1580,Shirt/8_1.tif,Shirt,Shirt__G08,3,Jacket,Jacket
1571,1581,Shirt/8_10.tif,Shirt,Shirt__G08,3,Shirt,Shirt
1572,1582,Shirt/8_2.tif,Shirt,Shirt__G08,3,Cardigan,T-shirt
1573,1583,Shirt/8_3.tif,Shirt,Shirt__G08,3,Jacket,Jacket
1574,1584,Shirt/8_4.tif,Shirt,Shirt__G08,3,Shirt,Shirt
1575,1585,Shirt/8_5.tif,Shirt,Shirt__G08,3,Vest,Shirt
1576,1586,Shirt/8_6.tif,Shirt,Shirt__G08,3,Shirt,Shirt
1577,1587,Shirt/8_7.tif,Shirt,Shirt__G08,3,Vest,Vest
1578,1588,Shirt/8_8.tif,Shirt,Shirt__G08,3,Vest,Vest
1579,1589,Shirt/8_9.tif,Shirt,Shirt__G08,3,Mini,Shirt
1580,1590,Shirt/9_1.tif,Shirt,Shirt__G09,4,Jacket,Jacket
1581,1591,Shirt/9_10.tif,Shirt,Shirt__G09,4,Mini,Mini
1582,1592,Shirt/9_2.tif,Shirt,Shirt__G09,4,Suit,Shirt
1583,1593,Shirt/9_3.tif,Shirt,Shirt__G09,4,Shirt,Hoodie
1584,1594,Shirt/9_4.tif,Shirt,Shirt__G09,4,Mini,Mini
1585,1595,Shirt/9_5.tif,Shirt,Shirt__G09,4,Shirt,Hoodie
1586,1596,Shirt/9_6.tif,Shirt,Shirt__G09,4,Hoodie,Hoodie
1587,1597,Shirt/9_7.tif,Shirt,Shirt__G09,4,Shirt,Jacket
1588,1598,Shirt/9_8.tif,Shirt,Shirt__G09,4,Bermuda,Mini
1589,1599,Shirt/9_9.tif,Shirt,Shirt__G09,4,Jacket,Jacket
1590,1600,Skinny/1-1.tif,Skinny,Skinny__G01,0,Mermaid,Skinny
1591,1601,Skinny/1-10.tif,Skinny,Skinny__G01,0,Straight,Straight
1592,1602,Skinny/1-2.tif,Skinny,Skinny__G01,0,Dress,Flare
1593,1603,Skinny/1-3.tif,Skinny,Skinny__G01,0,Harem,Straight
1594,1604,Skinny/1-4.tif,Skinny,Skinny__G01,0,Straight,Straight
1595,1605,Skinny/1-5.tif,Skinny,Skinny__G01,0,Skinny,Skinny
1596,1606,Skinny/1-6.tif,Skinny,Skinny__G01,0,Skinny,Skinny
1597,1607,Skinny/1-7.tif,Skinny,Skinny__G01,0,Straight,Jumpsuit
1598,1608,Skinny/1-8.tif,Skinny,Skinny__G01,0,Dress,Dress
1599,1609,Skinny/1-9.tif,Skinny,Skinny__G01,0,Sarong,Sarong
1600,1610,Skinny/10-1.tif,Skinny,Skinny__G10,4,Skinny,Sarong
1601,1611,Skinny/10-10.tif,Skinny,Skinny__G10,4,Skinny,Skinny
1602,1612,Skinny/10-2.tif,Skinny,Skinny__G10,4,Straight,Straight
1603,1613,Skinny/10-3.tif,Skinny,Skinny__G10,4,Sarong,Jumpsuit
1604,1614,Skinny/10-4.tif,Skinny,Skinny__G10,4,Sarong,Straight
1605,1615,Skinny/10-5.tif,Skinny,Skinny__G10,4,Harem,Skinny
1606,1616,Skinny/10-6.tif,Skinny,Skinny__G10,4,Sarong,Skinny
1607,1617,Skinny/10-7.tif,Skinny,Skinny__G10,4,Sarong,Sarong
1608,1618,Skinny/10-8.tif,Skinny,Skinny__G10,4,Straight,Straight
1609,1619,Skinny/10-9.tif,Skinny,Skinny__G10,4,Straight,Straight
1610,1620,Skinny/2-1.tif,Skinny,Skinny__G02,0,Straight,Straight
1611,1621,Skinny/2-10.tif,Skinny,Skinny__G02,0,Skinny,Skinny
1612,1622,Skinny/2-2.tif,Skinny,Skinny__G02,0,Sarong,Skinny
1613,1623,Skinny/2-3.tif,Skinny,Skinny__G02,0,Pencil,Pencil
1614,1624,Skinny/2-4.tif,Skinny,Skinny__G02,0,Harem,Skinny
1615,1625,Skinny/2-5.tif,Skinny,Skinny__G02,0,Sarong,Sarong
1616,1626,Skinny/2-6.tif,Skinny,Skinny__G02,0,Skinny,Skinny
1617,1627,Skinny/2-7.tif,Skinny,Skinny__G02,0,Sarong,Skinny
1618,1628,Skinny/2-8.tif,Skinny,Skinny__G02,0,Skinny,Skinny
1619,1629,Skinny/2-9.tif,Skinny,Skinny__G02,0,Straight,Straight
1620,1630,Skinny/3-1.tif,Skinny,Skinny__G03,1,Skinny,Skinny
1621,1631,Skinny/3-10.tif,Skinny,Skinny__G03,1,Harem,Harem
1622,1632,Skinny/3-2.tif,Skinny,Skinny__G03,1,Skinny,Straight
1623,1633,Skinny/3-3.tif,Skinny,Skinny__G03,1,Flare,Dress
1624,1634,Skinny/3-4.tif,Skinny,Skinny__G03,1,Straight,Skinny
1625,1635,Skinny/3-5.tif,Skinny,Skinny__G03,1,Skinny,Skinny
1626,1636,Skinny/3-6.tif,Skinny,Skinny__G03,1,Skinny,Skinny
1627,1637,Skinny/3-7.tif,Skinny,Skinny__G03,1,Skinny,Sarong
1628,1638,Skinny/3-8.tif,Skinny,Skinny__G03,1,Skinny,Sarong
1629,1639,Skinny/3-9.tif,Skinny,Skinny__G03,1,Skinny,Skinny
1630,1640,Skinny/4-1.tif,Skinny,Skinny__G04,1,Harem,Straight
1631,1641,Skinny/4-10.tif,Skinny,Skinny__G04,1,Straight,Skinny
1632,1642,Skinny/4-2.tif,Skinny,Skinny__G04,1,Sarong,Sarong
1633,1643,Skinny/4-3.tif,Skinny,Skinny__G04,1,Pencil,Dress
1634,1644,Skinny/4-4.tif,Skinny,Skinny__G04,1,Skinny,Skinny
1635,1645,Skinny/4-5.tif,Skinny,Skinny__G04,1,Harem,Harem
1636,1646,Skinny/4-6.tif,Skinny,Skinny__G04,1,Sarong,Sarong
1637,1647,Skinny/4-7.tif,Skinny,Skinny__G04,1,Pencil,Pencil
1638,1648,Skinny/4-8.tif,Skinny,Skinny__G04,1,Pencil,Jumpsuit
1639,1649,Skinny/4-9.tif,Skinny,Skinny__G04,1,Sarong,Skinny
1640,1650,Skinny/5-1.tif,Skinny,Skinny__G05,2,Sarong,Sarong
1641,1651,Skinny/5-10.tif,Skinny,Skinny__G05,2,Dress,Dress
1642,1652,Skinny/5-2.tif,Skinny,Skinny__G05,2,Straight,Harem
1643,1653,Skinny/5-3.tif,Skinny,Skinny__G05,2,Flare,Flare
1644,1654,Skinny/5-4.tif,Skinny,Skinny__G05,2,Skinny,Skinny
1645,1655,Skinny/5-5.tif,Skinny,Skinny__G05,2,Dress,Dress
1646,1656,Skinny/5-6.tif,Skinny,Skinny__G05,2,Skinny,Jumpsuit
1647,1657,Skinny/5-7.tif,Skinny,Skinny__G05,2,Sarong,Sarong
1648,1658,Skinny/5-8.tif,Skinny,Skinny__G05,2,Straight,Straight
1649,1659,Skinny/5-9.tif,Skinny,Skinny__G05,2,Jumpsuit,Jumpsuit
1650,1660,Skinny/6-1.tif,Skinny,Skinny__G06,2,Tunic,Skinny
1651,1661,Skinny/6-10.tif,Skinny,Skinny__G06,2,Straight,Skinny
1652,1662,Skinny/6-2.tif,Skinny,Skinny__G06,2,Skinny,Skinny
1653,1663,Skinny/6-3.tif,Skinny,Skinny__G06,2,Jumpsuit,Jumpsuit
1654,1664,Skinny/6-4.tif,Skinny,Skinny__G06,2,Sarong,Sarong
1655,1665,Skinny/6-5.tif,Skinny,Skinny__G06,2,Sarong,Skinny
1656,1666,Skinny/6-6.tif,Skinny,Skinny__G06,2,Skinny,Skinny
1657,1667,Skinny/6-7.tif,Skinny,Skinny__G06,2,Dress,Skinny
1658,1668,Skinny/6-8.tif,Skinny,Skinny__G06,2,Skinny,Skinny
1659,1669,Skinny/6-9.tif,Skinny,Skinny__G06,2,Skinny,Skinny
1660,1670,Skinny/7-1.tif,Skinny,Skinny__G07,3,Sarong,Sarong
1661,1671,Skinny/7-10.tif,Skinny,Skinny__G07,3,Straight,Straight
1662,1672,Skinny/7-2.tif,Skinny,Skinny__G07,3,Harem,Skinny
1663,1673,Skinny/7-3.tif,Skinny,Skinny__G07,3,Straight,Straight
1664,1674,Skinny/7-4.tif,Skinny,Skinny__G07,3,Straight,Straight
1665,1675,Skinny/7-5.tif,Skinny,Skinny__G07,3,Skinny,Skinny
1666,1676,Skinny/7-6.tif,Skinny,Skinny__G07,3,Flare,Pencil
1667,1677,Skinny/7-7.tif,Skinny,Skinny__G07,3,A-Line,A-Line
1668,1678,Skinny/7-8.tif,Skinny,Skinny__G07,3,Pencil,Flare
1669,1679,Skinny/7-9.tif,Skinny,Skinny__G07,3,Flare,Flare
1670,1680,Skinny/8-1.tif,Skinny,Skinny__G08,3,Straight,Skinny
1671,1681,Skinny/8-10.tif,Skinny,Skinny__G08,3,Pencil,Pencil
1672,1682,Skinny/8-2.tif,Skinny,Skinny__G08,3,Dress,Flare
1673,1683,Skinny/8-3.tif,Skinny,Skinny__G08,3,Sarong,Straight
1674,1684,Skinny/8-4.tif,Skinny,Skinny__G08,3,Straight,Straight
1675,1685,Skinny/8-5.tif,Skinny,Skinny__G08,3,Pencil,Pencil
1676,1686,Skinny/8-6.tif,Skinny,Skinny__G08,3,Straight,Straight
1677,1687,Skinny/8-7.tif,Skinny,Skinny__G08,3,Pencil,Pencil
1678,1688,Skinny/8-8.tif,Skinny,Skinny__G08,3,Straight,Straight
1679,1689,Skinny/8-9.tif,Skinny,Skinny__G08,3,Straight,Skinny
1680,1690,Skinny/9-1.tif,Skinny,Skinny__G09,4,Flare,Jumpsuit
1681,1691,Skinny/9-10.tif,Skinny,Skinny__G09,4,Straight,Straight
1682,1692,Skinny/9-2.tif,Skinny,Skinny__G09,4,Dress,Straight
1683,1693,Skinny/9-3.tif,Skinny,Skinny__G09,4,Skinny,Skinny
1684,1694,Skinny/9-4.tif,Skinny,Skinny__G09,4,Flare,Straight
1685,1695,Skinny/9-5.tif,Skinny,Skinny__G09,4,Skinny,Skinny
1686,1696,Skinny/9-6.tif,Skinny,Skinny__G09,4,Straight,Straight
1687,1697,Skinny/9-7.tif,Skinny,Skinny__G09,4,Flare,Pencil
1688,1698,Skinny/9-8.tif,Skinny,Skinny__G09,4,Straight,Skinny
1689,1699,Skinny/9-9.tif,Skinny,Skinny__G09,4,Straight,Straight
1690,1700,Straight/1-1.tif,Straight,Straight__G01,0,Skinny,Sarong
1691,1701,Straight/1-10.tif,Straight,Straight__G01,0,Straight,Straight
1692,1702,Straight/1-2.tif,Straight,Straight__G01,0,Tunic,Skinny
1693,1703,Straight/1-3.tif,Straight,Straight__G01,0,Sarong,Straight
1694,1704,Straight/1-4.tif,Straight,Straight__G01,0,Sarong,Sarong
1695,1705,Straight/1-5.tif,Straight,Straight__G01,0,Sarong,Skinny
1696,1706,Straight/1-6.tif,Straight,Straight__G01,0,Skinny,Skinny
1697,1707,Straight/1-7.tif,Straight,Straight__G01,0,Harem,Skinny
1698,1708,Straight/1-8.tif,Straight,Straight__G01,0,Straight,Skinny
1699,1709,Straight/1-9.tif,Straight,Straight__G01,0,Skinny,Jumpsuit
1700,1710,Straight/10-1.tif,Straight,Straight__G10,4,Pencil,Harem
1701,1711,Straight/10-10.tif,Straight,Straight__G10,4,Straight,Pencil
1702,1712,Straight/10-2.tif,Straight,Straight__G10,4,Straight,Sarong
1703,1713,Straight/10-3.tif,Straight,Straight__G10,4,Jumpsuit,Jumpsuit
1704,1714,Straight/10-4.tif,Straight,Straight__G10,4,Skinny,Jumpsuit
1705,1715,Straight/10-5.tif,Straight,Straight__G10,4,Pencil,Harem
1706,1716,Straight/10-6.tif,Straight,Straight__G10,4,Jumpsuit,Jumpsuit
1707,1717,Straight/10-7.tif,Straight,Straight__G10,4,Dress,Skinny
1708,1718,Straight/10-8.tif,Straight,Straight__G10,4,Jumpsuit,Straight
1709,1719,Straight/10-9.tif,Straight,Straight__G10,4,Skinny,Skinny
1710,1720,Straight/2-1.tif,Straight,Straight__G02,0,Straight,Straight
1711,1721,Straight/2-10.tif,Straight,Straight__G02,0,Straight,Straight
1712,1722,Straight/2-2.tif,Straight,Straight__G02,0,Straight,Straight
1713,1723,Straight/2-3.tif,Straight,Straight__G02,0,Pencil,Straight
1714,1724,Straight/2-4.tif,Straight,Straight__G02,0,Straight,Straight
1715,1725,Straight/2-5.tif,Straight,Straight__G02,0,Pencil,Pencil
1716,1726,Straight/2-6.tif,Straight,Straight__G02,0,Pencil,Pencil
1717,1727,Straight/2-7.tif,Straight,Straight__G02,0,Sarong,Sarong
1718,1728,Straight/2-8.tif,Straight,Straight__G02,0,Straight,Jumpsuit
1719,1729,Straight/2-9.tif,Straight,Straight__G02,0,Skinny,Straight
1720,1730,Straight/3-1.tif,Straight,Straight__G03,1,Harem,Harem
1721,1731,Straight/3-10.tif,Straight,Straight__G03,1,Dress,Dress
1722,1732,Straight/3-2.tif,Straight,Straight__G03,1,Dress,Straight
1723,1733,Straight/3-3.tif,Straight,Straight__G03,1,Dress,Straight
1724,1734,Straight/3-4.tif,Straight,Straight__G03,1,Straight,Skinny
1725,1735,Straight/3-5.tif,Straight,Straight__G03,1,Straight,Straight
1726,1736,Straight/3-6.tif,Straight,Straight__G03,1,Flare,Pencil
1727,1737,Straight/3-7.tif,Straight,Straight__G03,1,Straight,Straight
1728,1738,Straight/3-8.tif,Straight,Straight__G03,1,Straight,Straight
1729,1739,Straight/3-9.tif,Straight,Straight__G03,1,Dress,Straight
1730,1740,Straight/4-1.tif,Straight,Straight__G04,1,Mini,Mini
1731,1741,Straight/4-10.tif,Straight,Straight__G04,1,Skinny,Skinny
1732,1742,Straight/4-2.tif,Straight,Straight__G04,1,Skinny,Skinny
1733,1743,Straight/4-3.tif,Straight,Straight__G04,1,Sarong,Skinny
1734,1744,Straight/4-4.tif,Straight,Straight__G04,1,Pencil,Pencil
1735,1745,Straight/4-5.tif,Straight,Straight__G04,1,Skinny,Skinny
1736,1746,Straight/4-6.tif,Straight,Straight__G04,1,Straight,Straight
1737,1747,Straight/4-7.tif,Straight,Straight__G04,1,Harem,Flare
1738,1748,Straight/4-8.tif,Straight,Straight__G04,1,Straight,Straight
1739,1749,Straight/4-9.tif,Straight,Straight__G04,1,Straight,Straight
1740,1750,Straight/5-1.tif,Straight,Straight__G05,2,Tunic,Sarong
1741,1751,Straight/5-10.tif,Straight,Straight__G05,2,Flare,Flare
1742,1752,Straight/5-2.tif,Straight,Straight__G05,2,Straight,Straight
1743,1753,Straight/5-3.tif,Straight,Straight__G05,2,Jumpsuit,Flare
1744,1754,Straight/5-4.tif,Straight,Straight__G05,2,Straight,Skinny
1745,1755,Straight/5-5.tif,Straight,Straight__G05,2,Straight,Straight
1746,1756,Straight/5-6.tif,Straight,Straight__G05,2,Flare,Sarong
1747,1757,Straight/5-7.tif,Straight,Straight__G05,2,Flare,Skinny
1748,1758,Straight/5-8.tif,Straight,Straight__G05,2,Dress,Straight
1749,1759,Straight/5-9.tif,Straight,Straight__G05,2,Pencil,Skinny
1750,1760,Straight/6-1.tif,Straight,Straight__G06,2,Harem,Mini
1751,1761,Straight/6-10.tif,Straight,Straight__G06,2,Straight,Vest
1752,1762,Straight/6-2.tif,Straight,Straight__G06,2,Mermaid,Mermaid
1753,1763,Straight/6-3.tif,Straight,Straight__G06,2,Pencil,Pencil
1754,1764,Straight/6-4.tif,Straight,Straight__G06,2,Straight,Harem
1755,1765,Straight/6-5.tif,Straight,Straight__G06,2,Mermaid,Pencil
1756,1766,Straight/6-6.tif,Straight,Straight__G06,2,Straight,Straight
1757,1767,Straight/6-7.tif,Straight,Straight__G06,2,Harem,Vest
1758,1768,Straight/6-8.tif,Straight,Straight__G06,2,Straight,Straight
1759,1769,Straight/6-9.tif,Straight,Straight__G06,2,Jumpsuit,Flare
1760,1770,Straight/7-1.tif,Straight,Straight__G07,3,Flare,Flare
1761,1771,Straight/7-10.tif,Straight,Straight__G07,3,Flare,Flare
1762,1772,Straight/7-2.tif,Straight,Straight__G07,3,Skinny,Harem
1763,1773,Straight/7-3.tif,Straight,Straight__G07,3,Mermaid,Flare
1764,1774,Straight/7-4.tif,Straight,Straight__G07,3,Flare,Flare
1765,1775,Straight/7-5.tif,Straight,Straight__G07,3,Straight,Straight
1766,1776,Straight/7-6.tif,Straight,Straight__G07,3,Pencil,Pencil
1767,1777,Straight/7-7.tif,Straight,Straight__G07,3,Shirt,Shirt
1768,1778,Straight/7-8.tif,Straight,Straight__G07,3,Skinny,Sarong
1769,1779,Straight/7-9.tif,Straight,Straight__G07,3,Straight,Straight
1770,1780,Straight/8-1.tif,Straight,Straight__G08,3,Harem,Harem
1771,1781,Straight/8-10.tif,Straight,Straight__G08,3,Straight,Straight
1772,1782,Straight/8-2.tif,Straight,Straight__G08,3,Dress,Straight
1773,1783,Straight/8-3.tif,Straight,Straight__G08,3,Sarong,Straight
1774,1784,Straight/8-4.tif,Straight,Straight__G08,3,Harem,Skinny
1775,1785,Straight/8-5.tif,Straight,Straight__G08,3,Straight,Skinny
1776,1786,Straight/8-6.tif,Straight,Straight__G08,3,Flare,Flare
1777,1787,Straight/8-7.tif,Straight,Straight__G08,3,Straight,Straight
1778,1788,Straight/8-8.tif,Straight,Straight__G08,3,Straight,Straight
1779,1789,Straight/8-9.tif,Straight,Straight__G08,3,Straight,Straight
1780,1790,Straight/9-1.tif,Straight,Straight__G09,4,Flare,Flare
1781,1791,Straight/9-10.tif,Straight,Straight__G09,4,Straight,Straight
1782,1792,Straight/9-2.tif,Straight,Straight__G09,4,Straight,Straight
1783,1793,Straight/9-3.tif,Straight,Straight__G09,4,Straight,Straight
1784,1794,Straight/9-4.tif,Straight,Straight__G09,4,Straight,Straight
1785,1795,Straight/9-5.tif,Straight,Straight__G09,4,Jumpsuit,Jumpsuit
1786,1796,Straight/9-6.tif,Straight,Straight__G09,4,Skinny,Skinny
1787,1797,Straight/9-7.tif,Straight,Straight__G09,4,Straight,Straight
1788,1798,Straight/9-8.tif,Straight,Straight__G09,4,Straight,Straight
1789,1799,Straight/9-9.tif,Straight,Straight__G09,4,Straight,Straight
1790,1800,Suit/1-1.tif,Suit,Suit__G01,0,Cardigan,Jacket
1791,1801,Suit/1-10.tif,Suit,Suit__G01,0,Tunic,Suit
1792,1802,Suit/1-2.tif,Suit,Suit__G01,0,Circle,Circle
1793,1803,Suit/1-3.tif,Suit,Suit__G01,0,Wide-Leg,Cardigan
1794,1804,Suit/1-4.tif,Suit,Suit__G01,0,Mini,Mini
1795,1805,Suit/1-5.tif,Suit,Suit__G01,0,Cardigan,Shirt
1796,1806,Suit/1-6.tif,Suit,Suit__G01,0,Tunic,Wide-Leg
1797,1807,Suit/1-7.tif,Suit,Suit__G01,0,Circle,Circle
1798,1808,Suit/1-8.tif,Suit,Suit__G01,0,Mini,Jacket
1799,1809,Suit/1-9.tif,Suit,Suit__G01,0,Suit,Jacket
1800,1810,Suit/10-1.tif,Suit,Suit__G10,4,Shirt,Shirt
1801,1811,Suit/10-10.tif,Suit,Suit__G10,4,Cardigan,Cardigan
1802,1812,Suit/10-2.tif,Suit,Suit__G10,4,Vest,Harem
1803,1813,Suit/10-3.tif,Suit,Suit__G10,4,Cardigan,Shirt
1804,1814,Suit/10-4.tif,Suit,Suit__G10,4,Tunic,Tunic
1805,1815,Suit/10-5.tif,Suit,Suit__G10,4,Jumpsuit,Sarong
1806,1816,Suit/10-6.tif,Suit,Suit__G10,4,Tunic,Sarong
1807,1817,Suit/10-7.tif,Suit,Suit__G10,4,Jumpsuit,Jumpsuit
1808,1818,Suit/10-8.tif,Suit,Suit__G10,4,Sarong,Sarong
1809,1819,Suit/10-9.tif,Suit,Suit__G10,4,Suit,Wide-Leg
1810,1820,Suit/2-1.tif,Suit,Suit__G02,0,Suit,Suit
1811,1821,Suit/2-10.tif,Suit,Suit__G02,0,Suit,Suit
1812,1822,Suit/2-2.tif,Suit,Suit__G02,0,Circle,Suit
1813,1823,Suit/2-3.tif,Suit,Suit__G02,0,Suit,Suit
1814,1824,Suit/2-4.tif,Suit,Suit__G02,0,Shirt,Mini
1815,1825,Suit/2-5.tif,Suit,Suit__G02,0,Suit,Suit
1816,1826,Suit/2-6.tif,Suit,Suit__G02,0,Hoodie,Cardigan
1817,1827,Suit/2-7.tif,Suit,Suit__G02,0,Suit,Suit
1818,1828,Suit/2-8.tif,Suit,Suit__G02,0,Shirt,Cardigan
1819,1829,Suit/2-9.tif,Suit,Suit__G02,0,Jacket,Circle
1820,1830,Suit/3-1.tif,Suit,Suit__G03,1,Suit,Vest
1821,1831,Suit/3-10.tif,Suit,Suit__G03,1,Suit,Suit
1822,1832,Suit/3-2.tif,Suit,Suit__G03,1,Circle,Wide-Leg
1823,1833,Suit/3-3.tif,Suit,Suit__G03,1,Cardigan,Cardigan
1824,1834,Suit/3-4.tif,Suit,Suit__G03,1,Jacket,A-Line
1825,1835,Suit/3-5.tif,Suit,Suit__G03,1,Suit,Suit
1826,1836,Suit/3-6.tif,Suit,Suit__G03,1,Jacket,Jacket
1827,1837,Suit/3-7.tif,Suit,Suit__G03,1,Suit,Suit
1828,1838,Suit/3-8.tif,Suit,Suit__G03,1,Jacket,Suit
1829,1839,Suit/3-9.tif,Suit,Suit__G03,1,Jacket,Jacket
1830,1840,Suit/4-1.tif,Suit,Suit__G04,1,Jacket,Shirt
1831,1841,Suit/4-10.tif,Suit,Suit__G04,1,Suit,Suit
1832,1842,Suit/4-2.tif,Suit,Suit__G04,1,Mini,Suit
1833,1843,Suit/4-3.tif,Suit,Suit__G04,1,Cardigan,Cardigan
1834,1844,Suit/4-4.tif,Suit,Suit__G04,1,Cardigan,Cardigan
1835,1845,Suit/4-5.tif,Suit,Suit__G04,1,Suit,Suit
1836,1846,Suit/4-6.tif,Suit,Suit__G04,1,Suit,Suit
1837,1847,Suit/4-7.tif,Suit,Suit__G04,1,A-Line,Hoodie
1838,1848,Suit/4-8.tif,Suit,Suit__G04,1,A-Line,A-Line
1839,1849,Suit/4-9.tif,Suit,Suit__G04,1,Jacket,Jacket
1840,1850,Suit/5-1.tif,Suit,Suit__G05,2,Suit,Suit
1841,1851,Suit/5-10.tif,Suit,Suit__G05,2,Suit,Suit
1842,1852,Suit/5-2.tif,Suit,Suit__G05,2,Jumpsuit,Cardigan
1843,1853,Suit/5-3.tif,Suit,Suit__G05,2,Harem,Suit
1844,1854,Suit/5-4.tif,Suit,Suit__G05,2,Suit,Suit
1845,1855,Suit/5-5.tif,Suit,Suit__G05,2,Suit,Suit
1846,1856,Suit/5-6.tif,Suit,Suit__G05,2,Suit,Suit
1847,1857,Suit/5-7.tif,Suit,Suit__G05,2,Suit,Suit
1848,1858,Suit/5-8.tif,Suit,Suit__G05,2,Mermaid,Harem
1849,1859,Suit/5-9.tif,Suit,Suit__G05,2,Cardigan,Cardigan
1850,1860,Suit/6-1.tif,Suit,Suit__G06,2,Suit,Suit
1851,1861,Suit/6-10.tif,Suit,Suit__G06,2,Suit,Suit
1852,1862,Suit/6-2.tif,Suit,Suit__G06,2,Mermaid,Tunic
1853,1863,Suit/6-3.tif,Suit,Suit__G06,2,Suit,Cardigan
1854,1864,Suit/6-4.tif,Suit,Suit__G06,2,Suit,Suit
1855,1865,Suit/6-5.tif,Suit,Suit__G06,2,Tunic,Pencil
1856,1866,Suit/6-6.tif,Suit,Suit__G06,2,Mermaid,Suit
1857,1867,Suit/6-7.tif,Suit,Suit__G06,2,Harem,Harem
1858,1868,Suit/6-8.tif,Suit,Suit__G06,2,Suit,Harem
1859,1869,Suit/6-9.tif,Suit,Suit__G06,2,Wide-Leg,Suit
1860,1870,Suit/7-1.tif,Suit,Suit__G07,3,Suit,Wide-Leg
1861,1871,Suit/7-10.tif,Suit,Suit__G07,3,Cardigan,Cardigan
1862,1872,Suit/7-2.tif,Suit,Suit__G07,3,Suit,Suit
1863,1873,Suit/7-3.tif,Suit,Suit__G07,3,Suit,Suit
1864,1874,Suit/7-4.tif,Suit,Suit__G07,3,Vest,Vest
1865,1875,Suit/7-5.tif,Suit,Suit__G07,3,Pencil,Pencil
1866,1876,Suit/7-6.tif,Suit,Suit__G07,3,Mini,Mini
1867,1877,Suit/7-7.tif,Suit,Suit__G07,3,Harem,Suit
1868,1878,Suit/7-8.tif,Suit,Suit__G07,3,Suit,Harem
1869,1879,Suit/7-9.tif,Suit,Suit__G07,3,Hoodie,Hoodie
1870,1880,Suit/8-1.tif,Suit,Suit__G08,3,Tunic,Tunic
1871,1881,Suit/8-10.tif,Suit,Suit__G08,3,Cardigan,Cardigan
1872,1882,Suit/8-2.tif,Suit,Suit__G08,3,Sarong,Skinny
1873,1883,Suit/8-3.tif,Suit,Suit__G08,3,Jumpsuit,Straight
1874,1884,Suit/8-4.tif,Suit,Suit__G08,3,Sarong,Cardigan
1875,1885,Suit/8-5.tif,Suit,Suit__G08,3,Suit,Suit
1876,1886,Suit/8-6.tif,Suit,Suit__G08,3,Suit,Harem
1877,1887,Suit/8-7.tif,Suit,Suit__G08,3,Harem,Harem
1878,1888,Suit/8-8.tif,Suit,Suit__G08,3,Suit,Harem
1879,1889,Suit/8-9.tif,Suit,Suit__G08,3,Suit,Harem
1880,1890,Suit/9-1.tif,Suit,Suit__G09,4,Blouse,Blouse
1881,1891,Suit/9-10.tif,Suit,Suit__G09,4,Suit,Suit
1882,1892,Suit/9-2.tif,Suit,Suit__G09,4,Tunic,Blouse
1883,1893,Suit/9-3.tif,Suit,Suit__G09,4,Blouse,Blouse
1884,1894,Suit/9-4.tif,Suit,Suit__G09,4,Blouse,Suit
1885,1895,Suit/9-5.tif,Suit,Suit__G09,4,Suit,Suit
1886,1896,Suit/9-6.tif,Suit,Suit__G09,4,Blouse,Blouse
1887,1897,Suit/9-7.tif,Suit,Suit__G09,4,Cardigan,T-shirt
1888,1898,Suit/9-8.tif,Suit,Suit__G09,4,Suit,Suit
1889,1899,Suit/9-9.tif,Suit,Suit__G09,4,Cardigan,Cardigan
1890,1900,T-shirt/10_1.tif,T-shirt,T-shirt__G10,4,T-shirt,T-shirt
1891,1901,T-shirt/10_10.tif,T-shirt,T-shirt__G10,4,T-shirt,T-shirt
1892,1902,T-shirt/10_2.tif,T-shirt,T-shirt__G10,4,Blouse,Blouse
1893,1903,T-shirt/10_3.tif,T-shirt,T-shirt__G10,4,T-shirt,T-shirt
1894,1904,T-shirt/10_4.tif,T-shirt,T-shirt__G10,4,T-shirt,T-shirt
1895,1905,T-shirt/10_5.tif,T-shirt,T-shirt__G10,4,T-shirt,T-shirt
1896,1906,T-shirt/10_6.tif,T-shirt,T-shirt__G10,4,T-shirt,T-shirt
1897,1907,T-shirt/10_7.tif,T-shirt,T-shirt__G10,4,T-shirt,Blouse
1898,1908,T-shirt/10_8.tif,T-shirt,T-shirt__G10,4,Blouse,T-shirt
1899,1909,T-shirt/10_9.tif,T-shirt,T-shirt__G10,4,T-shirt,T-shirt
1900,1910,T-shirt/1_1.tif,T-shirt,T-shirt__G01,0,T-shirt,Circle
1901,1911,T-shirt/1_10.tif,T-shirt,T-shirt__G01,0,Wide-Leg,T-shirt
1902,1912,T-shirt/1_2.tif,T-shirt,T-shirt__G01,0,Hoodie,Hoodie
1903,1913,T-shirt/1_3.tif,T-shirt,T-shirt__G01,0,Hoodie,T-shirt
1904,1914,T-shirt/1_4.tif,T-shirt,T-shirt__G01,0,A-Line,A-Line
1905,1915,T-shirt/1_5.tif,T-shirt,T-shirt__G01,0,Hoodie,A-Line
1906,1916,T-shirt/1_6.tif,T-shirt,T-shirt__G01,0,Blouse,T-shirt
1907,1917,T-shirt/1_7.tif,T-shirt,T-shirt__G01,0,Wide-Leg,T-shirt
1908,1918,T-shirt/1_8.tif,T-shirt,T-shirt__G01,0,A-Line,T-shirt
1909,1919,T-shirt/1_9.tif,T-shirt,T-shirt__G01,0,T-shirt,T-shirt
1910,1920,T-shirt/2_1.tif,T-shirt,T-shirt__G02,0,Circle,Circle
1911,1921,T-shirt/2_10.tif,T-shirt,T-shirt__G02,0,Blouse,Blouse
1912,1922,T-shirt/2_2.tif,T-shirt,T-shirt__G02,0,Circle,T-shirt
1913,1923,T-shirt/2_3.tif,T-shirt,T-shirt__G02,0,Cardigan,Hoodie
1914,1924,T-shirt/2_4.tif,T-shirt,T-shirt__G02,0,Cardigan,Cardigan
1915,1925,T-shirt/2_5.tif,T-shirt,T-shirt__G02,0,Wide-Leg,Cardigan
1916,1926,T-shirt/2_6.tif,T-shirt,T-shirt__G02,0,Hoodie,Hoodie
1917,1927,T-shirt/2_7.tif,T-shirt,T-shirt__G02,0,Cardigan,Hoodie
1918,1928,T-shirt/2_8.tif,T-shirt,T-shirt__G02,0,T-shirt,T-shirt
1919,1929,T-shirt/2_9.tif,T-shirt,T-shirt__G02,0,Circle,T-shirt
1920,1930,T-shirt/3-10.tif,T-shirt,T-shirt__G03,1,Cardigan,Cardigan
1921,1931,T-shirt/3_1.tif,T-shirt,T-shirt__G03,1,T-shirt,Mini
1922,1932,T-shirt/3_2.tif,T-shirt,T-shirt__G03,1,Wide-Leg,Wide-Leg
1923,1933,T-shirt/3_3.tif,T-shirt,T-shirt__G03,1,Tunic,Wide-Leg
1924,1934,T-shirt/3_4.tif,T-shirt,T-shirt__G03,1,T-shirt,Mini
1925,1935,T-shirt/3_5.tif,T-shirt,T-shirt__G03,1,T-shirt,T-shirt
1926,1936,T-shirt/3_6.tif,T-shirt,T-shirt__G03,1,Cardigan,Cardigan
1927,1937,T-shirt/3_7.tif,T-shirt,T-shirt__G03,1,T-shirt,Cardigan
1928,1938,T-shirt/3_8.tif,T-shirt,T-shirt__G03,1,Vest,Mini
1929,1939,T-shirt/3_9.tif,T-shirt,T-shirt__G03,1,T-shirt,Jacket
1930,1940,T-shirt/4_1.tif,T-shirt,T-shirt__G04,1,T-shirt,T-shirt
1931,1941,T-shirt/4_10.tif,T-shirt,T-shirt__G04,1,Blouse,T-shirt
1932,1942,T-shirt/4_2.tif,T-shirt,T-shirt__G04,1,Wide-Leg,Hoodie
1933,1943,T-shirt/4_3.tif,T-shirt,T-shirt__G04,1,T-shirt,T-shirt
1934,1944,T-shirt/4_4.tif,T-shirt,T-shirt__G04,1,T-shirt,T-shirt
1935,1945,T-shirt/4_5.tif,T-shirt,T-shirt__G04,1,T-shirt,T-shirt
1936,1946,T-shirt/4_6.tif,T-shirt,T-shirt__G04,1,T-shirt,T-shirt
1937,1947,T-shirt/4_7.tif,T-shirt,T-shirt__G04,1,T-shirt,T-shirt
1938,1948,T-shirt/4_8.tif,T-shirt,T-shirt__G04,1,T-shirt,T-shirt
1939,1949,T-shirt/4_9.tif,T-shirt,T-shirt__G04,1,T-shirt,T-shirt
1940,1950,T-shirt/5_1.tif,T-shirt,T-shirt__G05,2,T-shirt,T-shirt
1941,1951,T-shirt/5_10.tif,T-shirt,T-shirt__G05,2,T-shirt,T-shirt
1942,1952,T-shirt/5_2.tif,T-shirt,T-shirt__G05,2,T-shirt,T-shirt
1943,1953,T-shirt/5_3.tif,T-shirt,T-shirt__G05,2,T-shirt,T-shirt
1944,1954,T-shirt/5_4.tif,T-shirt,T-shirt__G05,2,T-shirt,T-shirt
1945,1955,T-shirt/5_5.tif,T-shirt,T-shirt__G05,2,T-shirt,T-shirt
1946,1956,T-shirt/5_6.tif,T-shirt,T-shirt__G05,2,T-shirt,T-shirt
1947,1957,T-shirt/5_7.tif,T-shirt,T-shirt__G05,2,T-shirt,T-shirt
1948,1958,T-shirt/5_8.tif,T-shirt,T-shirt__G05,2,T-shirt,T-shirt
1949,1959,T-shirt/5_9.tif,T-shirt,T-shirt__G05,2,T-shirt,T-shirt
1950,1960,T-shirt/6_1.tif,T-shirt,T-shirt__G06,2,T-shirt,T-shirt
1951,1961,T-shirt/6_10.tif,T-shirt,T-shirt__G06,2,T-shirt,A-Line
1952,1962,T-shirt/6_2.tif,T-shirt,T-shirt__G06,2,A-Line,A-Line
1953,1963,T-shirt/6_3.tif,T-shirt,T-shirt__G06,2,A-Line,T-shirt
1954,1964,T-shirt/6_4.tif,T-shirt,T-shirt__G06,2,T-shirt,T-shirt
1955,1965,T-shirt/6_5.tif,T-shirt,T-shirt__G06,2,T-shirt,T-shirt
1956,1966,T-shirt/6_6.tif,T-shirt,T-shirt__G06,2,T-shirt,T-shirt
1957,1967,T-shirt/6_7.tif,T-shirt,T-shirt__G06,2,T-shirt,T-shirt
1958,1968,T-shirt/6_8.tif,T-shirt,T-shirt__G06,2,T-shirt,T-shirt
1959,1969,T-shirt/6_9.tif,T-shirt,T-shirt__G06,2,A-Line,A-Line
1960,1970,T-shirt/7_1.tif,T-shirt,T-shirt__G07,3,Shirt,Shirt
1961,1971,T-shirt/7_10.tif,T-shirt,T-shirt__G07,3,Blouse,T-shirt
1962,1972,T-shirt/7_2.tif,T-shirt,T-shirt__G07,3,Blouse,Hoodie
1963,1973,T-shirt/7_3.tif,T-shirt,T-shirt__G07,3,Hoodie,Hoodie
1964,1974,T-shirt/7_4.tif,T-shirt,T-shirt__G07,3,Mini,Shirt
1965,1975,T-shirt/7_5.tif,T-shirt,T-shirt__G07,3,T-shirt,T-shirt
1966,1976,T-shirt/7_6.tif,T-shirt,T-shirt__G07,3,T-shirt,Blouse
1967,1977,T-shirt/7_7.tif,T-shirt,T-shirt__G07,3,T-shirt,T-shirt
1968,1978,T-shirt/7_8.tif,T-shirt,T-shirt__G07,3,Blouse,T-shirt
1969,1979,T-shirt/7_9.tif,T-shirt,T-shirt__G07,3,Circle,Shirt
1970,1980,T-shirt/8_1.tif,T-shirt,T-shirt__G08,3,Mini,T-shirt
1971,1981,T-shirt/8_10.tif,T-shirt,T-shirt__G08,3,T-shirt,T-shirt
1972,1982,T-shirt/8_2.tif,T-shirt,T-shirt__G08,3,Hoodie,T-shirt
1973,1983,T-shirt/8_3.tif,T-shirt,T-shirt__G08,3,Bermuda,Hoodie
1974,1984,T-shirt/8_4.tif,T-shirt,T-shirt__G08,3,Shirt,Shirt
1975,1985,T-shirt/8_5.tif,T-shirt,T-shirt__G08,3,Shirt,Shirt
1976,1986,T-shirt/8_6.tif,T-shirt,T-shirt__G08,3,Mini,T-shirt
1977,1987,T-shirt/8_7.tif,T-shirt,T-shirt__G08,3,Hoodie,Hoodie
1978,1988,T-shirt/8_8.tif,T-shirt,T-shirt__G08,3,A-Line,Shirt
1979,1989,T-shirt/8_9.tif,T-shirt,T-shirt__G08,3,Circle,T-shirt
1980,1990,T-shirt/9_1.tif,T-shirt,T-shirt__G09,4,T-shirt,T-shirt
1981,1991,T-shirt/9_10.tif,T-shirt,T-shirt__G09,4,Shirt,Shirt
1982,1992,T-shirt/9_2.tif,T-shirt,T-shirt__G09,4,Blouse,T-shirt
1983,1993,T-shirt/9_3.tif,T-shirt,T-shirt__G09,4,Blouse,T-shirt
1984,1994,T-shirt/9_4.tif,T-shirt,T-shirt__G09,4,Bermuda,Bermuda
1985,1995,T-shirt/9_5.tif,T-shirt,T-shirt__G09,4,Shirt,Shirt
1986,1996,T-shirt/9_6.tif,T-shirt,T-shirt__G09,4,T-shirt,T-shirt
1987,1997,T-shirt/9_7.tif,T-shirt,T-shirt__G09,4,Shirt,Shirt
1988,1998,T-shirt/9_8.tif,T-shirt,T-shirt__G09,4,Shirt,T-shirt
1989,1999,T-shirt/9_9.tif,T-shirt,T-shirt__G09,4,T-shirt,T-shirt
1990,2000,Tunic/10_1.tif,Tunic,Tunic__G10,4,Tunic,Tunic
1991,2001,Tunic/10_10.tif,Tunic,Tunic__G10,4,Harem,Harem
1992,2002,Tunic/10_2.tif,Tunic,Tunic__G10,4,Dress,Pencil
1993,2003,Tunic/10_3.tif,Tunic,Tunic__G10,4,Cardigan,Tunic
1994,2004,Tunic/10_4.tif,Tunic,Tunic__G10,4,Hoodie,Pencil
1995,2005,Tunic/10_5.tif,Tunic,Tunic__G10,4,Harem,Harem
1996,2006,Tunic/10_6.tif,Tunic,Tunic__G10,4,Dress,Pencil
1997,2007,Tunic/10_7.tif,Tunic,Tunic__G10,4,Straight,Pencil
1998,2008,Tunic/10_8.tif,Tunic,Tunic__G10,4,Tunic,Tunic
1999,2009,Tunic/10_9.tif,Tunic,Tunic__G10,4,A-Line,Circle
2000,2010,Tunic/1_1.tif,Tunic,Tunic__G01,0,A-Line,A-Line
2001,2011,Tunic/1_10.tif,Tunic,Tunic__G01,0,Harem,A-Line
2002,2012,Tunic/1_2.tif,Tunic,Tunic__G01,0,Tunic,Mermaid
2003,2013,Tunic/1_3.tif,Tunic,Tunic__G01,0,Tunic,Tunic
2004,2014,Tunic/1_4.tif,Tunic,Tunic__G01,0,Mermaid,Mermaid
2005,2015,Tunic/1_5.tif,Tunic,Tunic__G01,0,Mermaid,Mermaid
2006,2016,Tunic/1_6.tif,Tunic,Tunic__G01,0,Hoodie,Hoodie
2007,2017,Tunic/1_7.tif,Tunic,Tunic__G01,0,Mermaid,Pencil
2008,2018,Tunic/1_8.tif,Tunic,Tunic__G01,0,Vest,Pencil
2009,2019,Tunic/1_9.tif,Tunic,Tunic__G01,0,Mermaid,Circle
2010,2030,Tunic/3_1.tif,Tunic,Tunic__G03,1,Sarong,Sarong
2011,2031,Tunic/3_10.tif,Tunic,Tunic__G03,1,Harem,Harem
2012,2032,Tunic/3_2.tif,Tunic,Tunic__G03,1,Straight,Pencil
2013,2033,Tunic/3_3.tif,Tunic,Tunic__G03,1,Skinny,Skinny
2014,2034,Tunic/3_4.tif,Tunic,Tunic__G03,1,Jumpsuit,Jumpsuit
2015,2035,Tunic/3_5.tif,Tunic,Tunic__G03,1,Jumpsuit,Pencil
2016,2036,Tunic/3_6.tif,Tunic,Tunic__G03,1,Harem,Jacket
2017,2037,Tunic/3_7.tif,Tunic,Tunic__G03,1,Tunic,Harem
2018,2038,Tunic/3_8.tif,Tunic,Tunic__G03,1,Jumpsuit,Skinny
2019,2039,Tunic/3_9.tif,Tunic,Tunic__G03,1,Dress,Hoodie
2020,2040,Tunic/4_1.tif,Tunic,Tunic__G04,1,Suit,Suit
2021,2041,Tunic/4_10.tif,Tunic,Tunic__G04,1,Cardigan,Cardigan
2022,2042,Tunic/4_2.tif,Tunic,Tunic__G04,1,Suit,Suit
2023,2043,Tunic/4_3.tif,Tunic,Tunic__G04,1,Suit,Blouse
2024,2044,Tunic/4_4.tif,Tunic,Tunic__G04,1,Cardigan,Cardigan
2025,2045,Tunic/4_5.tif,Tunic,Tunic__G04,1,Cardigan,Cardigan
2026,2046,Tunic/4_6.tif,Tunic,Tunic__G04,1,Cardigan,Cardigan
2027,2047,Tunic/4_7.tif,Tunic,Tunic__G04,1,Cardigan,Cardigan
2028,2048,Tunic/4_8.tif,Tunic,Tunic__G04,1,Wide-Leg,Wide-Leg
2029,2049,Tunic/4_9.tif,Tunic,Tunic__G04,1,T-shirt,Circle
2030,2050,Tunic/5_1.tif,Tunic,Tunic__G05,2,Suit,Tunic
2031,2051,Tunic/5_10.tif,Tunic,Tunic__G05,2,Wide-Leg,Wide-Leg
2032,2052,Tunic/5_2.tif,Tunic,Tunic__G05,2,Hoodie,Pencil
2033,2053,Tunic/5_3.tif,Tunic,Tunic__G05,2,Cardigan,Wide-Leg
2034,2054,Tunic/5_4.tif,Tunic,Tunic__G05,2,Tunic,Tunic
2035,2055,Tunic/5_5.tif,Tunic,Tunic__G05,2,Mini,Vest
2036,2056,Tunic/5_6.tif,Tunic,Tunic__G05,2,Vest,Cardigan
2037,2057,Tunic/5_7.tif,Tunic,Tunic__G05,2,Vest,Harem
2038,2058,Tunic/5_8.tif,Tunic,Tunic__G05,2,Tunic,Skinny
2039,2059,Tunic/5_9.tif,Tunic,Tunic__G05,2,Cardigan,Circle
2040,2060,Tunic/6_1.tif,Tunic,Tunic__G06,2,Tunic,Tunic
2041,2061,Tunic/6_10.tif,Tunic,Tunic__G06,2,Harem,Harem
2042,2062,Tunic/6_2.tif,Tunic,Tunic__G06,2,Tunic,Tunic
2043,2063,Tunic/6_3.tif,Tunic,Tunic__G06,2,Wide-Leg,Wide-Leg
2044,2064,Tunic/6_4.tif,Tunic,Tunic__G06,2,Vest,Vest
2045,2065,Tunic/6_5.tif,Tunic,Tunic__G06,2,Cardigan,Cardigan
2046,2066,Tunic/6_6.tif,Tunic,Tunic__G06,2,Harem,Harem
2047,2067,Tunic/6_7.tif,Tunic,Tunic__G06,2,Wide-Leg,Wide-Leg
2048,2068,Tunic/6_8.tif,Tunic,Tunic__G06,2,Tunic,Harem
2049,2069,Tunic/6_9.tif,Tunic,Tunic__G06,2,Wide-Leg,Cardigan
2050,2070,Tunic/7_1.tif,Tunic,Tunic__G07,3,Suit,Sarong
2051,2071,Tunic/7_10.tif,Tunic,Tunic__G07,3,Tunic,Tunic
2052,2072,Tunic/7_2.tif,Tunic,Tunic__G07,3,Wide-Leg,Harem
2053,2073,Tunic/7_3.tif,Tunic,Tunic__G07,3,Cardigan,Mermaid
2054,2074,Tunic/7_4.tif,Tunic,Tunic__G07,3,Shirt,Shirt
2055,2075,Tunic/7_5.tif,Tunic,Tunic__G07,3,Suit,Suit
2056,2076,Tunic/7_6.tif,Tunic,Tunic__G07,3,Tunic,Tunic
2057,2077,Tunic/7_7.tif,Tunic,Tunic__G07,3,Harem,Harem
2058,2078,Tunic/7_8.tif,Tunic,Tunic__G07,3,Straight,Mermaid
2059,2079,Tunic/7_9.tif,Tunic,Tunic__G07,3,Harem,Harem
2060,2080,Tunic/8_1.tif,Tunic,Tunic__G08,3,Sarong,Jumpsuit
2061,2081,Tunic/8_10.tif,Tunic,Tunic__G08,3,Jumpsuit,Jumpsuit
2062,2082,Tunic/8_2.tif,Tunic,Tunic__G08,3,Dress,Straight
2063,2083,Tunic/8_3.tif,Tunic,Tunic__G08,3,Jumpsuit,Jumpsuit
2064,2084,Tunic/8_4.tif,Tunic,Tunic__G08,3,Jumpsuit,Jumpsuit
2065,2085,Tunic/8_5.tif,Tunic,Tunic__G08,3,Jumpsuit,Jumpsuit
2066,2086,Tunic/8_6.tif,Tunic,Tunic__G08,3,Jumpsuit,Jumpsuit
2067,2087,Tunic/8_7.tif,Tunic,Tunic__G08,3,Jumpsuit,Jumpsuit
2068,2088,Tunic/8_8.tif,Tunic,Tunic__G08,3,Jumpsuit,Dress
2069,2089,Tunic/8_9.tif,Tunic,Tunic__G08,3,Dress,Jumpsuit
2070,2090,Tunic/9_1.tif,Tunic,Tunic__G09,4,Harem,Dress
2071,2091,Tunic/9_10.tif,Tunic,Tunic__G09,4,Straight,Vest
2072,2092,Tunic/9_2.tif,Tunic,Tunic__G09,4,Mermaid,Dress
2073,2093,Tunic/9_3.tif,Tunic,Tunic__G09,4,Tunic,Wide-Leg
2074,2094,Tunic/9_4.tif,Tunic,Tunic__G09,4,Tunic,Tunic
2075,2095,Tunic/9_5.tif,Tunic,Tunic__G09,4,Pencil,Pencil
2076,2096,Tunic/9_6.tif,Tunic,Tunic__G09,4,Tunic,Tunic
2077,2097,Tunic/9_7.tif,Tunic,Tunic__G09,4,Pencil,Pencil
2078,2098,Tunic/9_8.tif,Tunic,Tunic__G09,4,Tunic,Tunic
2079,2099,Tunic/9_9.tif,Tunic,Tunic__G09,4,Harem,Harem
2080,2100,Vest/10_1.tif,Vest,Vest__G10,4,Wide-Leg,Wide-Leg
2081,2101,Vest/10_10.tif,Vest,Vest__G10,4,Harem,Harem
2082,2102,Vest/10_2.tif,Vest,Vest__G10,4,Harem,Pencil
2083,2103,Vest/10_3.tif,Vest,Vest__G10,4,Hoodie,Shirt
2084,2104,Vest/10_4.tif,Vest,Vest__G10,4,Wide-Leg,Mini
2085,2105,Vest/10_5.tif,Vest,Vest__G10,4,Vest,Vest
2086,2106,Vest/10_6.tif,Vest,Vest__G10,4,Vest,Pencil
2087,2107,Vest/10_7.tif,Vest,Vest__G10,4,Vest,Harem
2088,2108,Vest/10_8.tif,Vest,Vest__G10,4,Harem,Harem
2089,2109,Vest/10_9.tif,Vest,Vest__G10,4,Harem,Harem
2090,2110,Vest/1_1.tif,Vest,Vest__G01,0,Pencil,Pencil
2091,2111,Vest/1_10.tif,Vest,Vest__G01,0,Vest,Vest
2092,2112,Vest/1_2.tif,Vest,Vest__G01,0,Wide-Leg,Wide-Leg
2093,2113,Vest/1_3.tif,Vest,Vest__G01,0,Vest,Vest
2094,2114,Vest/1_4.tif,Vest,Vest__G01,0,Pencil,Pencil
2095,2115,Vest/1_5.tif,Vest,Vest__G01,0,Vest,Vest
2096,2116,Vest/1_6.tif,Vest,Vest__G01,0,Tunic,Straight
2097,2117,Vest/1_7.tif,Vest,Vest__G01,0,Vest,Vest
2098,2118,Vest/1_8.tif,Vest,Vest__G01,0,Vest,Vest
2099,2119,Vest/1_9.tif,Vest,Vest__G01,0,Flare,Vest
2100,2120,Vest/2_1.tif,Vest,Vest__G02,0,Tunic,Vest
2101,2121,Vest/2_10.tif,Vest,Vest__G02,0,Harem,Harem
2102,2122,Vest/2_2.tif,Vest,Vest__G02,0,Harem,Harem
2103,2123,Vest/2_3.tif,Vest,Vest__G02,0,Cardigan,Cardigan
2104,2124,Vest/2_4.tif,Vest,Vest__G02,0,Mini,Vest
2105,2125,Vest/2_5.tif,Vest,Vest__G02,0,Sarong,Sarong
2106,2126,Vest/2_6.tif,Vest,Vest__G02,0,Mini,Sarong
2107,2127,Vest/2_7.tif,Vest,Vest__G02,0,Suit,Mini
2108,2128,Vest/2_8.tif,Vest,Vest__G02,0,Vest,Vest
2109,2129,Vest/2_9.tif,Vest,Vest__G02,0,Wide-Leg,Wide-Leg
2110,2130,Vest/3_1.tif,Vest,Vest__G03,1,Mermaid,Vest
2111,2131,Vest/3_10.tif,Vest,Vest__G03,1,Harem,Harem
2112,2132,Vest/3_2.tif,Vest,Vest__G03,1,Flare,Mermaid
2113,2133,Vest/3_3.tif,Vest,Vest__G03,1,Flare,Wide-Leg
2114,2134,Vest/3_4.tif,Vest,Vest__G03,1,Tunic,Wide-Leg
2115,2135,Vest/3_5.tif,Vest,Vest__G03,1,Pencil,Vest
2116,2136,Vest/3_6.tif,Vest,Vest__G03,1,Vest,Vest
2117,2137,Vest/3_7.tif,Vest,Vest__G03,1,Vest,Vest
2118,2138,Vest/3_8.tif,Vest,Vest__G03,1,Tunic,Cardigan
2119,2139,Vest/3_9.tif,Vest,Vest__G03,1,Vest,Vest
2120,2140,Vest/4_1.tif,Vest,Vest__G04,1,Tunic,Tunic
2121,2141,Vest/4_10.tif,Vest,Vest__G04,1,Tunic,Harem
2122,2142,Vest/4_2.tif,Vest,Vest__G04,1,Tunic,Wide-Leg
2123,2143,Vest/4_3.tif,Vest,Vest__G04,1,Tunic,Cardigan
2124,2144,Vest/4_4.tif,Vest,Vest__G04,1,Wide-Leg,Wide-Leg
2125,2145,Vest/4_5.tif,Vest,Vest__G04,1,Vest,Vest
2126,2146,Vest/4_6.tif,Vest,Vest__G04,1,Mini,Mini
2127,2147,Vest/4_7.tif,Vest,Vest__G04,1,Tunic,Tunic
2128,2148,Vest/4_8.tif,Vest,Vest__G04,1,Tunic,Tunic
2129,2149,Vest/4_9.tif,Vest,Vest__G04,1,Wide-Leg,Jacket
2130,2150,Vest/5_1.tif,Vest,Vest__G05,2,Hoodie,Hoodie
2131,2151,Vest/5_10.tif,Vest,Vest__G05,2,Hoodie,Hoodie
2132,2152,Vest/5_2.tif,Vest,Vest__G05,2,T-shirt,T-shirt
2133,2153,Vest/5_3.tif,Vest,Vest__G05,2,Shirt,Shirt
2134,2154,Vest/5_4.tif,Vest,Vest__G05,2,Shirt,Shirt
2135,2155,Vest/5_5.tif,Vest,Vest__G05,2,Hoodie,Hoodie
2136,2156,Vest/5_6.tif,Vest,Vest__G05,2,Harem,Harem
2137,2157,Vest/5_7.tif,Vest,Vest__G05,2,Hoodie,Hoodie
2138,2158,Vest/5_8.tif,Vest,Vest__G05,2,Harem,Harem
2139,2159,Vest/5_9.tif,Vest,Vest__G05,2,Shirt,Shirt
2140,2160,Vest/6_1.tif,Vest,Vest__G06,2,Bermuda,Bermuda
2141,2161,Vest/6_10.tif,Vest,Vest__G06,2,Wide-Leg,Vest
2142,2162,Vest/6_2.tif,Vest,Vest__G06,2,Wide-Leg,Wide-Leg
2143,2163,Vest/6_3.tif,Vest,Vest__G06,2,Hoodie,Hoodie
2144,2164,Vest/6_4.tif,Vest,Vest__G06,2,Hoodie,Hoodie
2145,2165,Vest/6_5.tif,Vest,Vest__G06,2,Suit,Jacket
2146,2166,Vest/6_6.tif,Vest,Vest__G06,2,Jacket,Circle
2147,2167,Vest/6_7.tif,Vest,Vest__G06,2,Suit,Suit
2148,2168,Vest/6_8.tif,Vest,Vest__G06,2,Hoodie,Hoodie
2149,2169,Vest/6_9.tif,Vest,Vest__G06,2,Jacket,Jacket
2150,2170,Vest/7_1.tif,Vest,Vest__G07,3,Dress,Harem
2151,2171,Vest/7_10.tif,Vest,Vest__G07,3,Vest,Vest
2152,2172,Vest/7_2.tif,Vest,Vest__G07,3,Flare,Flare
2153,2173,Vest/7_3.tif,Vest,Vest__G07,3,Dress,Dress
2154,2174,Vest/7_4.tif,Vest,Vest__G07,3,Shirt,Jacket
2155,2175,Vest/7_5.tif,Vest,Vest__G07,3,Vest,Vest
2156,2176,Vest/7_6.tif,Vest,Vest__G07,3,Hoodie,Hoodie
2157,2177,Vest/7_7.tif,Vest,Vest__G07,3,Mermaid,Harem
2158,2178,Vest/7_8.tif,Vest,Vest__G07,3,Cardigan,Harem
2159,2179,Vest/7_9.tif,Vest,Vest__G07,3,Vest,Vest
2160,2180,Vest/8_1.tif,Vest,Vest__G08,3,Suit,Suit
2161,2181,Vest/8_10.tif,Vest,Vest__G08,3,Mini,Cardigan
2162,2182,Vest/8_2.tif,Vest,Vest__G08,3,Vest,Vest
2163,2183,Vest/8_3.tif,Vest,Vest__G08,3,Mini,Mini
2164,2184,Vest/8_4.tif,Vest,Vest__G08,3,Mini,Mini
2165,2185,Vest/8_5.tif,Vest,Vest__G08,3,Mini,Pencil
2166,2186,Vest/8_6.tif,Vest,Vest__G08,3,Vest,Vest
2167,2187,Vest/8_7.tif,Vest,Vest__G08,3,Suit,Suit
2168,2188,Vest/8_8.tif,Vest,Vest__G08,3,Mermaid,Tunic
2169,2189,Vest/8_9.tif,Vest,Vest__G08,3,Pencil,Pencil
2170,2190,Vest/9_1.tif,Vest,Vest__G09,4,Vest,Vest
2171,2191,Vest/9_10.tif,Vest,Vest__G09,4,Vest,Harem
2172,2192,Vest/9_2.tif,Vest,Vest__G09,4,Vest,Vest
2173,2193,Vest/9_3.tif,Vest,Vest__G09,4,Vest,Vest
2174,2194,Vest/9_4.tif,Vest,Vest__G09,4,Vest,Vest
2175,2195,Vest/9_5.tif,Vest,Vest__G09,4,Pencil,Hoodie
2176,2196,Vest/9_6.tif,Vest,Vest__G09,4,Pencil,Pencil
2177,2197,Vest/9_7.tif,Vest,Vest__G09,4,Hoodie,Hoodie
2178,2198,Vest/9_8.tif,Vest,Vest__G09,4,Circle,Mermaid
2179,2199,Vest/9_9.tif,Vest,Vest__G09,4,Mini,Suit
2180,2200,Wide-Leg/1-1.tif,Wide-Leg,Wide-Leg__G01,0,Hoodie,Hoodie
2181,2201,Wide-Leg/1-10.tif,Wide-Leg,Wide-Leg__G01,0,Wide-Leg,Wide-Leg
2182,2202,Wide-Leg/1-2.tif,Wide-Leg,Wide-Leg__G01,0,Dress,Cardigan
2183,2203,Wide-Leg/1-3.tif,Wide-Leg,Wide-Leg__G01,0,T-shirt,Bermuda
2184,2204,Wide-Leg/1-4.tif,Wide-Leg,Wide-Leg__G01,0,Circle,Circle
2185,2205,Wide-Leg/1-5.tif,Wide-Leg,Wide-Leg__G01,0,Wide-Leg,Wide-Leg
2186,2206,Wide-Leg/1-6.tif,Wide-Leg,Wide-Leg__G01,0,Vest,Vest
2187,2207,Wide-Leg/1-7.tif,Wide-Leg,Wide-Leg__G01,0,Wide-Leg,Wide-Leg
2188,2208,Wide-Leg/1-8.tif,Wide-Leg,Wide-Leg__G01,0,Wide-Leg,Wide-Leg
2189,2209,Wide-Leg/1-9.tif,Wide-Leg,Wide-Leg__G01,0,T-shirt,T-shirt
2190,2210,Wide-Leg/10-1.tif,Wide-Leg,Wide-Leg__G10,4,T-shirt,Hoodie
2191,2211,Wide-Leg/10-10.tif,Wide-Leg,Wide-Leg__G10,4,Wide-Leg,Wide-Leg
2192,2212,Wide-Leg/10-2.tif,Wide-Leg,Wide-Leg__G10,4,Hoodie,Hoodie
2193,2213,Wide-Leg/10-3.tif,Wide-Leg,Wide-Leg__G10,4,Blouse,Blouse
2194,2214,Wide-Leg/10-4.tif,Wide-Leg,Wide-Leg__G10,4,Jacket,Jacket
2195,2215,Wide-Leg/10-5.tif,Wide-Leg,Wide-Leg__G10,4,Mini,Mini
2196,2216,Wide-Leg/10-6.tif,Wide-Leg,Wide-Leg__G10,4,Mini,Mini
2197,2217,Wide-Leg/10-7.tif,Wide-Leg,Wide-Leg__G10,4,Mini,Mini
2198,2218,Wide-Leg/10-8.tif,Wide-Leg,Wide-Leg__G10,4,Wide-Leg,A-Line
2199,2219,Wide-Leg/10-9.tif,Wide-Leg,Wide-Leg__G10,4,Circle,Mini
2200,2220,Wide-Leg/2-1.tif,Wide-Leg,Wide-Leg__G02,0,A-Line,A-Line
2201,2221,Wide-Leg/2-10.tif,Wide-Leg,Wide-Leg__G02,0,Circle,Circle
2202,2222,Wide-Leg/2-2.tif,Wide-Leg,Wide-Leg__G02,0,Circle,Circle
2203,2223,Wide-Leg/2-3.tif,Wide-Leg,Wide-Leg__G02,0,Wide-Leg,Wide-Leg
2204,2224,Wide-Leg/2-4.tif,Wide-Leg,Wide-Leg__G02,0,Cardigan,Cardigan
2205,2225,Wide-Leg/2-5.tif,Wide-Leg,Wide-Leg__G02,0,Suit,Wide-Leg
2206,2226,Wide-Leg/2-6.tif,Wide-Leg,Wide-Leg__G02,0,Tunic,Tunic
2207,2227,Wide-Leg/2-7.tif,Wide-Leg,Wide-Leg__G02,0,Wide-Leg,Wide-Leg
2208,2228,Wide-Leg/2-8.tif,Wide-Leg,Wide-Leg__G02,0,Wide-Leg,Wide-Leg
2209,2229,Wide-Leg/2-9.tif,Wide-Leg,Wide-Leg__G02,0,Wide-Leg,Cardigan
2210,2230,Wide-Leg/3-1.tif,Wide-Leg,Wide-Leg__G03,1,A-Line,A-Line
2211,2231,Wide-Leg/3-10.tif,Wide-Leg,Wide-Leg__G03,1,Wide-Leg,Wide-Leg
2212,2232,Wide-Leg/3-2.tif,Wide-Leg,Wide-Leg__G03,1,T-shirt,Wide-Leg
2213,2233,Wide-Leg/3-3.tif,Wide-Leg,Wide-Leg__G03,1,Wide-Leg,Wide-Leg
2214,2234,Wide-Leg/3-4.tif,Wide-Leg,Wide-Leg__G03,1,Wide-Leg,Wide-Leg
2215,2235,Wide-Leg/3-5.tif,Wide-Leg,Wide-Leg__G03,1,Wide-Leg,Suit
2216,2236,Wide-Leg/3-6.tif,Wide-Leg,Wide-Leg__G03,1,A-Line,A-Line
2217,2237,Wide-Leg/3-7.tif,Wide-Leg,Wide-Leg__G03,1,Wide-Leg,Wide-Leg
2218,2238,Wide-Leg/3-8.tif,Wide-Leg,Wide-Leg__G03,1,A-Line,Wide-Leg
2219,2239,Wide-Leg/3-9.tif,Wide-Leg,Wide-Leg__G03,1,Circle,Suit
2220,2240,Wide-Leg/4-1.tif,Wide-Leg,Wide-Leg__G04,1,Cardigan,Cardigan
2221,2241,Wide-Leg/4-10.tif,Wide-Leg,Wide-Leg__G04,1,Wide-Leg,Wide-Leg
2222,2242,Wide-Leg/4-2.tif,Wide-Leg,Wide-Leg__G04,1,A-Line,A-Line
2223,2243,Wide-Leg/4-3.tif,Wide-Leg,Wide-Leg__G04,1,Wide-Leg,Wide-Leg
2224,2244,Wide-Leg/4-4.tif,Wide-Leg,Wide-Leg__G04,1,Pencil,Wide-Leg
2225,2245,Wide-Leg/4-5.tif,Wide-Leg,Wide-Leg__G04,1,Wide-Leg,Wide-Leg
2226,2246,Wide-Leg/4-6.tif,Wide-Leg,Wide-Leg__G04,1,Jacket,Jacket
2227,2247,Wide-Leg/4-7.tif,Wide-Leg,Wide-Leg__G04,1,Flare,Wide-Leg
2228,2248,Wide-Leg/4-8.tif,Wide-Leg,Wide-Leg__G04,1,Wide-Leg,Wide-Leg
2229,2249,Wide-Leg/4-9.tif,Wide-Leg,Wide-Leg__G04,1,Blouse,Jacket
2230,2250,Wide-Leg/5-1.tif,Wide-Leg,Wide-Leg__G05,2,Wide-Leg,Wide-Leg
2231,2251,Wide-Leg/5-10.tif,Wide-Leg,Wide-Leg__G05,2,Wide-Leg,Wide-Leg
2232,2252,Wide-Leg/5-2.tif,Wide-Leg,Wide-Leg__G05,2,Tunic,Wide-Leg
2233,2253,Wide-Leg/5-3.tif,Wide-Leg,Wide-Leg__G05,2,Tunic,Wide-Leg
2234,2254,Wide-Leg/5-4.tif,Wide-Leg,Wide-Leg__G05,2,Wide-Leg,Wide-Leg
2235,2255,Wide-Leg/5-5.tif,Wide-Leg,Wide-Leg__G05,2,Wide-Leg,Vest
2236,2256,Wide-Leg/5-6.tif,Wide-Leg,Wide-Leg__G05,2,Wide-Leg,Wide-Leg
2237,2257,Wide-Leg/5-7.tif,Wide-Leg,Wide-Leg__G05,2,A-Line,Harem
2238,2258,Wide-Leg/5-8.tif,Wide-Leg,Wide-Leg__G05,2,Tunic,Tunic
2239,2259,Wide-Leg/5-9.tif,Wide-Leg,Wide-Leg__G05,2,A-Line,Shirt
2240,2260,Wide-Leg/6-1.tif,Wide-Leg,Wide-Leg__G06,2,Cardigan,Jacket
2241,2261,Wide-Leg/6-10.tif,Wide-Leg,Wide-Leg__G06,2,A-Line,Wide-Leg
2242,2262,Wide-Leg/6-2.tif,Wide-Leg,Wide-Leg__G06,2,Mermaid,Wide-Leg
2243,2263,Wide-Leg/6-3.tif,Wide-Leg,Wide-Leg__G06,2,Dress,Wide-Leg
2244,2264,Wide-Leg/6-4.tif,Wide-Leg,Wide-Leg__G06,2,Wide-Leg,Wide-Leg
2245,2265,Wide-Leg/6-5.tif,Wide-Leg,Wide-Leg__G06,2,Wide-Leg,Wide-Leg
2246,2266,Wide-Leg/6-6.tif,Wide-Leg,Wide-Leg__G06,2,Wide-Leg,Wide-Leg
2247,2267,Wide-Leg/6-7.tif,Wide-Leg,Wide-Leg__G06,2,Cardigan,Cardigan
2248,2268,Wide-Leg/6-8.tif,Wide-Leg,Wide-Leg__G06,2,Harem,A-Line
2249,2269,Wide-Leg/6-9.tif,Wide-Leg,Wide-Leg__G06,2,Wide-Leg,Wide-Leg
2250,2270,Wide-Leg/7-1.tif,Wide-Leg,Wide-Leg__G07,3,Wide-Leg,Wide-Leg
2251,2271,Wide-Leg/7-10.tif,Wide-Leg,Wide-Leg__G07,3,Wide-Leg,Wide-Leg
2252,2272,Wide-Leg/7-2.tif,Wide-Leg,Wide-Leg__G07,3,Tunic,Tunic
2253,2273,Wide-Leg/7-3.tif,Wide-Leg,Wide-Leg__G07,3,Harem,Vest
2254,2274,Wide-Leg/7-4.tif,Wide-Leg,Wide-Leg__G07,3,Straight,Straight
2255,2275,Wide-Leg/7-5.tif,Wide-Leg,Wide-Leg__G07,3,Wide-Leg,Vest
2256,2276,Wide-Leg/7-6.tif,Wide-Leg,Wide-Leg__G07,3,A-Line,A-Line
2257,2277,Wide-Leg/7-7.tif,Wide-Leg,Wide-Leg__G07,3,Vest,Vest
2258,2278,Wide-Leg/7-8.tif,Wide-Leg,Wide-Leg__G07,3,A-Line,A-Line
2259,2279,Wide-Leg/7-9.tif,Wide-Leg,Wide-Leg__G07,3,Shirt,Shirt
2260,2280,Wide-Leg/8-1.tif,Wide-Leg,Wide-Leg__G08,3,A-Line,A-Line
2261,2281,Wide-Leg/8-10.tif,Wide-Leg,Wide-Leg__G08,3,Wide-Leg,Wide-Leg
2262,2282,Wide-Leg/8-2.tif,Wide-Leg,Wide-Leg__G08,3,Wide-Leg,A-Line
2263,2283,Wide-Leg/8-3.tif,Wide-Leg,Wide-Leg__G08,3,Wide-Leg,Wide-Leg
2264,2284,Wide-Leg/8-4.tif,Wide-Leg,Wide-Leg__G08,3,Wide-Leg,Wide-Leg
2265,2285,Wide-Leg/8-5.tif,Wide-Leg,Wide-Leg__G08,3,A-Line,A-Line
2266,2286,Wide-Leg/8-6.tif,Wide-Leg,Wide-Leg__G08,3,Wide-Leg,Wide-Leg
2267,2287,Wide-Leg/8-7.tif,Wide-Leg,Wide-Leg__G08,3,Wide-Leg,Wide-Leg
2268,2288,Wide-Leg/8-8.tif,Wide-Leg,Wide-Leg__G08,3,A-Line,A-Line
2269,2289,Wide-Leg/8-9.tif,Wide-Leg,Wide-Leg__G08,3,Wide-Leg,Wide-Leg
2270,2290,Wide-Leg/9-1.tif,Wide-Leg,Wide-Leg__G09,4,Blouse,Blouse
2271,2291,Wide-Leg/9-10.tif,Wide-Leg,Wide-Leg__G09,4,A-Line,A-Line
2272,2292,Wide-Leg/9-2.tif,Wide-Leg,Wide-Leg__G09,4,Tunic,Tunic
2273,2293,Wide-Leg/9-3.tif,Wide-Leg,Wide-Leg__G09,4,Dress,Tunic
2274,2294,Wide-Leg/9-4.tif,Wide-Leg,Wide-Leg__G09,4,Circle,Circle
2275,2295,Wide-Leg/9-5.tif,Wide-Leg,Wide-Leg__G09,4,Cardigan,Cardigan
2276,2296,Wide-Leg/9-6.tif,Wide-Leg,Wide-Leg__G09,4,Mini,Mini
2277,2297,Wide-Leg/9-7.tif,Wide-Leg,Wide-Leg__G09,4,Cardigan,Cardigan
2278,2298,Wide-Leg/9-8.tif,Wide-Leg,Wide-Leg__G09,4,Tunic,Tunic
2279,2299,Wide-Leg/9-9.tif,Wide-Leg,Wide-Leg__G09,4,Hoodie,Shirt
