replicate,delta_macro_f1,delta_balanced_accuracy
0,0.031675412515647206,0.03391304347826085
1,0.05143101471284095,0.05302195436934992
2,0.032844501617989075,0.03224489795918373
3,0.04909210720415097,0.046521739130434864
4,0.036512582066800914,0.036956521739130443
5,0.050909173089871584,0.04956521739130443
6,0.05884667002326999,0.058354997758852556
7,0.05364830382475838,0.05217391304347829
8,0.05408115142690251,0.0543133878605252
9,0.040743703992531355,0.04133948177426433
10,0.040784601902177586,0.042657004830917944
11,0.04474921578922264,0.04644855789926816
12,0.04913747274027608,0.048256564786913536
13,0.04428039165837511,0.0443873517786561
14,0.040673943290021636,0.03909169177787333
15,0.06186720886110769,0.061739130434782574
16,0.03780498034262658,0.0360869565217391
17,0.05412974652177727,0.0509003074220466
18,0.039734412821963994,0.03789196310935439
19,0.043496470229205275,0.04091219096334189
20,0.047250868277321,0.048730786122090475
21,0.031014844851029233,0.030133096716947638
22,0.05508281057230033,0.057709857942315895
23,0.02844851755639366,0.028639690055962175
24,0.03759300137357452,0.03884649511978705
25,0.03274959857015741,0.029565217391304355
26,0.03296762184167923,0.031239776151528065
27,0.054666859873391094,0.052535514421007345
28,0.04408745552635762,0.04265306122448981
29,0.05036495476931652,0.05310935441370218
30,0.054031625990915266,0.05343951786482992
31,0.04582002838154481,0.04530522617479149
32,0.03752450698957732,0.03689684569479973
33,0.0708028414209394,0.07207161125319694
34,0.054324601382399196,0.05258717176065436
35,0.03868897385760556,0.03652173913043488
36,0.05104269590892291,0.049130434782608756
37,0.04094483623828793,0.04209718670076723
38,0.03910773031368764,0.040835126990959925
39,0.04973931954299837,0.05173913043478251
40,0.032931056576553375,0.033000430477830356
41,0.05560997729153694,0.05772378516624038
42,0.030361709499540368,0.029999999999999916
43,0.04863467671875027,0.05043478260869577
44,0.02998871206082554,0.02826086956521745
45,0.035116820027833506,0.03299282397636133
46,0.05832249392120065,0.05521739130434783
47,0.060085997366476684,0.05865690916917776
48,0.04242257984393005,0.04217391304347823
49,0.05489683550031654,0.05739130434782608
50,0.040539053459224095,0.039139218269653
51,0.04539229225424857,0.04851836217813432
52,0.04962911669675951,0.04821351700387427
53,0.028024875628241797,0.032173913043478164
54,0.05089950059056994,0.054718037021093374
55,0.03516541015037855,0.03782608695652179
56,0.04923126050968135,0.046470081790787765
57,0.04787139536658025,0.049316770186335346
58,0.03715925967519662,0.03565217391304354
59,0.054639562961096455,0.051847826086956594
60,0.05457761034403513,0.05321206743566992
61,0.038370305118166304,0.03911777121148169
62,0.04613942362310297,0.047391304347826124
63,0.060695523429481035,0.059513560051657366
64,0.046136200362316304,0.04710443747198567
65,0.047414831672529245,0.050018115942028984
66,0.023063265310364123,0.024782608695652242
67,0.060721711745580165,0.06130434782608696
68,0.043559708494051996,0.04391304347826086
69,0.03642348601563719,0.03793588054457622
70,0.057651558553420856,0.05797692990239578
71,0.04105518041027839,0.045157124408093
72,0.03193446967298502,0.03393061045234963
73,0.04265558422963811,0.04391304347826097
74,0.03714143389986696,0.03922266139657443
75,0.04665631557662547,0.04558760223848474
76,0.040228701036398196,0.04132209405501325
77,0.04642604041543558,0.04434782608695642
78,0.03778635467133051,0.03913043478260875
79,0.05271344844848086,0.05266139657443997
80,0.029385368093986564,0.030426173052087835
81,0.04023408743511048,0.04086956521739127
82,0.04319742749362421,0.04264382960035129
83,0.04212329541086335,0.042608695652173956
84,0.030600081973791327,0.027826086956521834
85,0.051563918885340065,0.05184014053579278
86,0.03272962492115372,0.03085665088247952
87,0.03915538809560454,0.03999999999999998
88,0.027462462489769968,0.027826086956521723
89,0.04133680574588394,0.041739130434782556
90,0.04793060185143416,0.04889735544598833
91,0.032281003127211494,0.0317391304347826
92,0.03560072445797774,0.03439799331103677
93,0.03636571765840246,0.037888198757764
94,0.04069710867299958,0.04126990959965565
95,0.04622276766840705,0.04393061045234964
96,0.05090952034736951,0.05444005270092228
97,0.044762159067064766,0.0461440491875274
98,0.04665190307685546,0.04833992094861661
99,0.03876833571697513,0.03916556873078619
100,0.04015758614845172,0.03916592724046142
101,0.05011491801263346,0.05113972140143519
102,0.02484077500873505,0.022135922330097035
103,0.03803310476102284,0.040057092665788274
104,0.04598336400462277,0.04473145780051152
105,0.03279572564280081,0.03090469916556876
106,0.040346950805324966,0.03918422232182883
107,0.05246130097026902,0.05130434782608695
108,0.0334707083421697,0.03260869565217395
109,0.036802585374259844,0.03561343090830821
110,0.043810965138785685,0.04125699526474391
111,0.03609252152265785,0.035324966382787926
112,0.04342570167320642,0.04304347826086957
113,0.055844946643992754,0.057826086956521805
114,0.034315757947337544,0.039547998278088636
115,0.0492979484459774,0.04822212656048219
116,0.03268679767226762,0.03347826086956529
117,0.04100113042331743,0.041244080929832116
118,0.040799375852493824,0.03954799827808875
119,0.04159002716164234,0.0413131313131313
120,0.037513048450128594,0.038619670747150614
121,0.04097465353364732,0.04086956521739127
122,0.03854862601999065,0.040869565217391324
123,0.03418279317720618,0.033013344812742096
124,0.05504218664520738,0.055204476969436034
125,0.03635363302657435,0.03655248133509004
126,0.042447809421214566,0.044398976982097216
127,0.03978562503475158,0.03783039173482561
128,0.037508026275328954,0.03570541259982257
129,0.04780233270299189,0.04727195225916453
130,0.053073137450094954,0.05217391304347829
131,0.03920270012964672,0.03995264743865684
132,0.036740368236466425,0.03595055413469739
133,0.039529877848290484,0.03815956099620105
134,0.048687341589769395,0.04809624314056565
135,0.046539460822120904,0.04308300395256909
136,0.03493242434684701,0.033984028393966303
137,0.03626474471935043,0.03604433077578856
138,0.051740678672863194,0.05212276214833761
139,0.03403561455334225,0.03478260869565214
140,0.0463509609615263,0.04518295307791648
141,0.03775943694977185,0.03831357048748352
142,0.03734366993479937,0.03736495388669303
143,0.04342591004003432,0.0426086956521739
144,0.04789315986116044,0.04701800614844093
145,0.034306829922330195,0.032608695652173836
146,0.05014750278061064,0.05169650468883208
147,0.04391819544244979,0.04004830917874397
148,0.03856966678366702,0.03908780903665815
149,0.04301710926953495,0.04134826526130869
150,0.031641452862072705,0.03177426438295994
151,0.04271411552287546,0.04397013614404921
152,0.0359245631127722,0.04043478260869571
153,0.048895370658222304,0.04814151747655582
154,0.040712900978303435,0.03952722667792319
155,0.04812705958322133,0.04833992094861658
156,0.03550223126417368,0.03521739130434781
157,0.03048659871215187,0.032552733534223
158,0.029289134689309604,0.02869565217391301
159,0.04446340030789525,0.04608695652173911
160,0.03517308674785474,0.034409310496267054
161,0.0490958701650947,0.05401952085181899
162,0.04468122337399377,0.04220904699165562
163,0.04560209762997841,0.04391743522178304
164,0.04821493211430322,0.049130434782608756
165,0.04968139310943198,0.04956521739130426
166,0.04537717782286721,0.04524813350900314
167,0.03927993604569002,0.037445091887046145
168,0.05202317594532094,0.05406388642413487
169,0.04229706093140562,0.041304347826086996
170,0.03983550188140006,0.039604743083004046
171,0.07673283520977833,0.07833113746157222
172,0.032947296662686365,0.030922266139657484
173,0.03218371191835778,0.03434782608695647
174,0.04097419453997808,0.040869565217391324
175,0.037592943945235435,0.03743961352657005
176,0.05413850118904462,0.0547826086956521
177,0.052798016466308384,0.050865260439087456
178,0.06149988107505949,0.06179183135704869
179,0.04718436329287956,0.04652173913043478
180,0.060328793342702525,0.05913043478260871
181,0.05853028953179279,0.06086956521739134
182,0.02089020557320348,0.021304347826086922
183,0.05308301567841445,0.053043478260869636
184,0.0422744484569621,0.040953177257525064
185,0.04092345153914956,0.04341005967604433
186,0.050714071099184355,0.048304787000439164
187,0.03663772960484046,0.03826086956521735
188,0.04076004164343938,0.03916556873078603
189,0.03944136934973813,0.0388021295474712
190,0.03980810345019531,0.04180061484409314
191,0.03384792247882845,0.032617305208781755
192,0.041543316500510075,0.042583120204603586
193,0.04190528859645726,0.042608695652173845
194,0.01988289601324522,0.023043478260869443
195,0.05307271036289374,0.0547826086956521
196,0.04220831592052454,0.04089618456078087
197,0.03743520859333038,0.03609126130004309
198,0.048119692801409486,0.04700483091787433
199,0.041351889793601604,0.04173052087817469
200,0.04505881745562146,0.04956521739130437
201,0.03722624697378246,0.03739130434782617
202,0.03621765329243409,0.03306104523495834
203,0.037212419912548644,0.036013775290572536
204,0.040682876667372136,0.04092226613965738
205,0.03663225704142331,0.03950554134697365
206,0.04011894267175786,0.040514640638864285
207,0.03710466257340733,0.03521739130434781
208,0.04154909061480133,0.03952647438656909
209,0.04158880660645925,0.0416378218657662
210,0.023854784640797655,0.026157224418093927
211,0.044305792747104056,0.04355731225296444
212,0.04347569586809069,0.040809889173060554
213,0.04128375162658787,0.04208866155157709
214,0.03363554423842674,0.03434782608695658
215,0.03143205718892128,0.0304347826086957
216,0.05043690412786095,0.05098491570541264
217,0.04852666870492586,0.04924022837066322
218,0.04026837540203837,0.03984803714647539
219,0.03997804474976424,0.03869565217391302
220,0.02992058261778452,0.029130434782608794
221,0.0325141956022163,0.03270531400966181
222,0.06225835480403885,0.06083943176926382
223,0.03142972588970572,0.033961352657004895
224,0.03838249021219886,0.03906586310804999
225,0.02064930136357357,0.022706299911268824
226,0.05087195112381798,0.05094055013309673
227,0.030290039918934697,0.032635314995563436
228,0.021659895926702144,0.019157054125998163
229,0.04216613189141577,0.045191562634524285
230,0.03192254162648234,0.029539388721480875
231,0.04741068972521295,0.046482996125699505
232,0.03527542602611783,0.036148440931049575
233,0.06261608859749968,0.059587176108915174
234,0.031515555607887435,0.032122762148337536
235,0.048078477036424205,0.04695652173913045
236,0.03427095560263155,0.03483530961791831
237,0.0287759504006751,0.02956521739130441
238,0.03925820091290633,0.03852514919011085
239,0.0520543796867165,0.05005709266578834
240,0.040152126387648424,0.03875713658322344
241,0.053351682751628604,0.054347826086956486
242,0.033918411359463385,0.033935002195871755
243,0.04219935460370994,0.04129556433904258
244,0.03406818839403164,0.036086956521739044
245,0.03778717512024787,0.03726466863655559
246,0.038307349238244914,0.03913043478260869
247,0.05601771061396399,0.05609574000878348
248,0.052811117806689956,0.05302195436934998
249,0.03783144064263011,0.0369565217391305
250,0.04886856703809078,0.04972826086956528
251,0.040828301032229064,0.03907075873827792
252,0.03624698866696435,0.0382784365393061
253,0.04310702062768701,0.04695652173913034
254,0.04667748479440986,0.0468030690537084
255,0.05888757742444645,0.057551020408163345
256,0.03900519276364178,0.04206308610400683
257,0.03912659558675796,0.03736572890025569
258,0.042803744373279884,0.03913043478260875
259,0.025074544360033868,0.023478260869565226
260,0.06068000706940796,0.06304347826086965
261,0.04161993956781418,0.04124838570813594
262,0.03158732535396497,0.033123336291038086
263,0.0442544530431247,0.04565217391304349
264,0.040032814324274524,0.04078431372549024
265,0.04778259678062863,0.04731812311665945
266,0.04714913649038255,0.043917435221782986
267,0.048567965260617074,0.04739130434782601
268,0.04584987070716562,0.04476504172156348
269,0.033819580665013504,0.03395740905057687
270,0.06017604790556991,0.05836734693877549
271,0.03619563946826476,0.036086956521739155
272,0.03612873458915844,0.03556692242114223
273,0.042158561215646984,0.04618357487922714
274,0.04935433917101473,0.04777493606138111
275,0.05191141920539877,0.05275066548358465
276,0.03839696168208595,0.039053708439897694
277,0.05332789115813269,0.05217391304347829
278,0.04935474264568068,0.049052948773138205
279,0.039223680127443705,0.04050065876152831
280,0.03496101438642718,0.03521739130434781
281,0.044233771552216916,0.0438874680306906
282,0.03285755779388827,0.03304347826086956
283,0.04703134592430813,0.04821782178217826
284,0.043167465559042495,0.04428325441239778
285,0.058379128203023656,0.05734395178648294
286,0.049784977516768136,0.048656909169177864
287,0.03688783545099841,0.0342642140468227
288,0.04237060739203374,0.04173913043478261
289,0.049555368193675675,0.051304347826087005
290,0.03701483061744154,0.03913043478260875
291,0.0312924474235296,0.03216538789428808
292,0.03881404655295606,0.04010757507844015
293,0.04902945005000575,0.04733534222987512
294,0.03364732849201285,0.03133017649591047
295,0.040232791960821745,0.037813172621609964
296,0.03147820035201182,0.030413258717176095
297,0.03901685567761415,0.03775788576300082
298,0.04270101718007541,0.045709266578831786
299,0.06012451183317752,0.05563442768411708
300,0.06011732257027236,0.05869565217391304
301,0.05047875581743133,0.04912182522600089
302,0.038423731035835684,0.0355924978687126
303,0.03966662141683425,0.03955669224211422
304,0.049714865366482175,0.05173913043478262
305,0.04592241006903053,0.0474088713219149
306,0.05683344947250091,0.056862745098039236
307,0.04854618042060749,0.04814689742507389
308,0.04295338527273512,0.04126560482135161
309,0.05195836189436209,0.053557312252964395
310,0.06460173253532436,0.06568291611769878
311,0.04178429383467708,0.04434782608695653
312,0.03308085140852551,0.033478260869565346
313,0.024501938451033156,0.026956521739130435
314,0.043061704755466446,0.04275362318840581
315,0.032935112724481796,0.03476555839727197
316,0.04041025622571265,0.03825647782169522
317,0.048588243221143634,0.0469565217391304
318,0.04914780165097826,0.050540184453228
319,0.050678955534295855,0.049522591645353775
320,0.04677909987584766,0.04565217391304344
321,0.032362713958875355,0.030869565217391315
322,0.03944719023509746,0.03691777873439517
323,0.052626201423252805,0.05300937766410918
324,0.03528496466637099,0.036061127851915564
325,0.029010845465848478,0.027856829161176933
326,0.03933149951076631,0.04177323103154307
327,0.04369468791387482,0.042582866982350476
328,0.02836366689429487,0.02738243123336287
329,0.023183859027658793,0.021254180602006623
330,0.04438125138417304,0.04400087834870442
331,0.043471916665196286,0.04383631713554986
332,0.0453903685122557,0.04478260869565209
333,0.03215447120291842,0.03216099870856648
334,0.027916842777718665,0.026521739130434707
335,0.05125134271938714,0.05221783047869999
336,0.023291553140963428,0.02173913043478265
337,0.04033482562809243,0.041339840283939666
338,0.03431405393344611,0.03644855789926821
339,0.038813582427844995,0.038282828282828196
340,0.03620624173835757,0.03567413263065433
341,0.04222763180892464,0.04222222222222227
342,0.05003929643127192,0.04910891089108915
343,0.028892676286596086,0.032652613087395754
344,0.04476536114410651,0.041747913921826973
345,0.027028063012599413,0.026482996125699543
346,0.03757611577399761,0.03610891523934995
347,0.029901626325065267,0.02956521739130441
348,0.056342952126116064,0.05555839727195233
349,0.027793842167202487,0.02868712702472287
350,0.06096192078794649,0.06599655617735689
351,0.036929070926599084,0.03733103745157129
352,0.04207554866780766,0.04344027015618401
353,0.03243143851336672,0.03305200341005954
354,0.042670171550488745,0.04391304347826086
355,0.039741122191989386,0.04181011535048801
356,0.0461748025321122,0.047391304347826124
357,0.05603200843889122,0.05304347826086958
358,0.05286969781652767,0.049978476108480496
359,0.047514229485903337,0.050434782608695716
360,0.043466015471636976,0.043913043478260916
361,0.04821138144887177,0.04790594498669032
362,0.05461457370543629,0.05427184466019422
363,0.03319264008829831,0.03217391304347833
364,0.039384095454810586,0.03828282828282825
365,0.036318486086413915,0.03437340153452684
366,0.03802361774579871,0.03784313725490196
367,0.04340943438675249,0.04473525613430912
368,0.04710315895583633,0.04656436487638532
369,0.03300432769829864,0.034782608695652195
370,0.051017080124670544,0.05391304347826098
371,0.048293421737350295,0.04922266139657444
372,0.04765862467447041,0.04733964700817905
373,0.035136234190319804,0.030000000000000082
374,0.05197781055405798,0.05295738269479133
375,0.05100002482377203,0.050830822212656
376,0.04609913198497617,0.04869565217391297
377,0.04758739449342722,0.04868273783900129
378,0.043257707953824553,0.04341858482523442
379,0.04389790182111819,0.04214808437365469
380,0.043068436279974864,0.04258286698235042
381,0.03607877334401377,0.03478260869565214
382,0.04012242343144318,0.038274044795783946
383,0.032147072989162584,0.0317391304347826
384,0.050280343917601444,0.04861386138613866
385,0.036048499513919696,0.0365832235397453
386,0.047181815039856856,0.044339042599912115
387,0.03945758213320738,0.04137900746596401
388,0.05114466332032547,0.05116539668310183
389,0.044843021329693644,0.04645842127479949
390,0.06413947338243059,0.06089152393500219
391,0.0373671430855006,0.03521739130434781
392,0.041929454061603144,0.04253981919931127
393,0.04229925503587256,0.040434782608695596
394,0.032592180181948205,0.03260869565217395
395,0.03933541300294374,0.041739130434782556
396,0.0515696895250809,0.04912156166814552
397,0.04640724621262282,0.04347826086956519
398,0.048273854117973636,0.04999999999999999
399,0.041729026584597706,0.04561343090830822
400,0.047621381456127765,0.04909599655617736
401,0.03455884861376779,0.035174765558397214
402,0.038187341493387705,0.037783039173482524
403,0.04367232285887823,0.04219148001756712
404,0.04985374350503599,0.04606973740852352
405,0.045373742979808396,0.04918367346938779
406,0.03777539875689406,0.0360439087387
407,0.04303246229484314,0.04304347826086952
408,0.030504830915802972,0.03347826086956529
409,0.037351754699443684,0.03830917874396139
410,0.03553143655532148,0.036086956521739155
411,0.03898849143664662,0.03666965486328999
412,0.05103321786556836,0.0522046552481335
413,0.05998974151916564,0.06341999103541007
414,0.05849669351990475,0.05640238704177325
415,0.04459707433860077,0.04565217391304349
416,0.021721738699990945,0.022160998708566526
417,0.03266358442996875,0.03345673697804563
418,0.0439033964383963,0.04565217391304349
419,0.044026559470253024,0.04336743393009379
420,0.04374309521590575,0.04565217391304355
421,0.05578074241490927,0.05826086956521731
422,0.052983421271997566,0.05361135758651292
423,0.04973695224557556,0.050434782608695716
424,0.05083873669443789,0.052608695652173854
425,0.03953866042319859,0.036960826517434375
426,0.049808795070529155,0.04958296362023068
427,0.05261756681214935,0.05126990959965566
428,0.045732977220795556,0.04568291611769876
429,0.03679213756347338,0.03782608695652179
430,0.04933760599761128,0.05086956521739133
431,0.03741292904600235,0.03655248133508998
432,0.03206848733160783,0.03130434782608693
433,0.05086935994061054,0.04999999999999999
434,0.03993007768538537,0.040396039603960376
435,0.0385707718976559,0.03520017219113214
436,0.04141676826209756,0.03783461210571187
437,0.046926189196615786,0.045226264418811
438,0.04368047695884847,0.04357048748353093
439,0.03727133641315661,0.03608256477821692
440,0.026368426564291725,0.029121825226000875
441,0.04758049196069142,0.04707187222715181
442,0.04048175900045681,0.037817477399913924
443,0.02699341350177531,0.026974088713219102
444,0.05267500818696874,0.05339216530348684
445,0.05700226983154033,0.055652173913043446
446,0.051961229884242954,0.05234872254594353
447,0.03157899044006618,0.03397515527950318
448,0.04435897684045076,0.044874835309617944
449,0.04672759627485956,0.04739130434782607
450,0.038704293039183324,0.03938792739552549
451,0.048227640913472536,0.04873956960913478
452,0.04546687563753754,0.04535048802129549
453,0.050826414134453046,0.05043478260869566
454,0.047062452726589266,0.04652173913043478
455,0.039931372952591804,0.039156785243741776
456,0.047429183651210294,0.047826086956521685
457,0.03586767885595493,0.037391304347826115
458,0.053882679058455146,0.0539130434782609
459,0.03289368304440443,0.03260869565217395
460,0.05158455411876178,0.05078431372549019
461,0.05442408198091092,0.056672582076308764
462,0.03527255602618801,0.03478260869565225
463,0.03981604919969284,0.03995695221696083
464,0.0419879078423081,0.04385277658200609
465,0.04359371600040296,0.044245524296675165
466,0.0403952000087075,0.042608695652173956
467,0.05050927604983135,0.05090469916556878
468,0.04746064069312411,0.04641943734015341
469,0.05601005552625521,0.05608695652173906
470,0.043061934022046944,0.042665788317962194
471,0.042521235574313976,0.04173913043478267
472,0.06344634664342474,0.06351339481774265
473,0.04664475805316551,0.04690537084398988
474,0.04083609240685182,0.03919191919191917
475,0.03703090176668472,0.03913043478260869
476,0.07265455177056857,0.07442248572683346
477,0.03963921717998814,0.039130434782608636
478,0.040410244349733004,0.03999999999999998
479,0.05678212834660751,0.057331037451571254
480,0.04414376051023883,0.0429616874730952
481,0.03536097725040671,0.03347826086956518
482,0.051025030146018224,0.052173913043478126
483,0.03986358560641445,0.037374085234610444
484,0.04553986264894694,0.04172208013640244
485,0.04513002051312498,0.04513213981244674
486,0.044508681917240334,0.04350021958717615
487,0.04045664487286327,0.04271409749670618
488,0.036521462185148235,0.03743083003952569
489,0.04402523701628802,0.042608695652173845
490,0.042051122144181774,0.045191562634524285
491,0.0428971257250193,0.04478260869565226
492,0.047526534236880136,0.04770555316401215
493,0.04973072062637618,0.054347826086956486
494,0.04622168223496137,0.04617918313570496
495,0.044003798740177846,0.03909599655617746
496,0.033157354132072714,0.03573285522187347
497,0.051121272290871766,0.05173913043478251
498,0.03656931460876012,0.03703637976929902
499,0.0327791786389981,0.03695652173913039
500,0.030307641014360343,0.0313570487483531
501,0.03279267193663904,0.03434782608695652
502,0.039708275181356056,0.04127851915626357
503,0.04188323356985679,0.041202046035805684
504,0.04328206298630821,0.04043478260869565
505,0.025562493603205727,0.025217391304347858
506,0.04581594583659798,0.04391304347826097
507,0.05169912021496553,0.05177865612648225
508,0.03899446311382454,0.037783039173482635
509,0.05951396252516389,0.05569251456745866
510,0.04395844992041276,0.04383631713554986
511,0.03415470363384315,0.033478260869565124
512,0.04554590742832898,0.04520447696943608
513,0.03270816605924398,0.03131295738269485
514,0.037817775526420905,0.038682737839001335
515,0.03097316341087869,0.030021958717610875
516,0.04811811907208319,0.04653061224489802
517,0.0530045526890372,0.053913043478260925
518,0.04373862083084851,0.044782608695652204
519,0.046081355619199516,0.0469565217391304
520,0.03712156488399937,0.035687666370896265
521,0.03131076438653063,0.03391304347826085
522,0.052097322117481415,0.05298751614291852
523,0.03913649312331291,0.04236216943074844
524,0.04816157639483204,0.04773999139044338
525,0.03776029202538683,0.03693069306930691
526,0.05543638094338155,0.05217391304347824
527,0.031822306893531827,0.03029838022165393
528,0.038741304006603694,0.037413263065437075
529,0.04340680968762717,0.041637821865766145
530,0.024242839877863687,0.022626441881100245
531,0.03413141351154325,0.032634022794428064
532,0.028150217627255447,0.02783926218708821
533,0.04082258798123728,0.04226255804136769
534,0.03976304171543482,0.04014196983141083
535,0.056214021489920274,0.05743522178304794
536,0.05600119460284747,0.05924901185770748
537,0.04172727459600056,0.040000000000000036
538,0.04759372765228398,0.04652173913043478
539,0.04499657315952127,0.04727507533362041
540,0.03523184539417862,0.035244285073957826
541,0.0369136499228942,0.03607843137254907
542,0.04825253996116896,0.04776582006026686
543,0.045027944935030095,0.04392621870882746
544,0.03760822454088614,0.037852437417654705
545,0.054410587053186965,0.05639386189258305
546,0.03963623446795017,0.03996589940323958
547,0.04143576536184462,0.04260439087386997
548,0.03243555736155079,0.030443392165303507
549,0.04785091165007743,0.047826086956521796
550,0.02531059380358519,0.02480456741326298
551,0.03236731351168104,0.031231166594920368
552,0.057851104827395694,0.05805468399820707
553,0.05308350214734525,0.052191480017567016
554,0.045517945196656306,0.044853593611357545
555,0.05719252827052801,0.05608695652173917
556,0.03439480419590507,0.033439517864829904
557,0.049697839084710094,0.046521739130434836
558,0.055301465871947175,0.05906586310805001
559,0.06398258150182762,0.061691777873439546
560,0.04429212042355385,0.04521739130434782
561,0.04284921313247453,0.042539819199311324
562,0.05289494156552482,0.05260869565217391
563,0.045874446089309406,0.04864399483426601
564,0.04107327540199973,0.040784313725490295
565,0.039826650809342834,0.03869565217391302
566,0.04014363757858702,0.041739130434782556
567,0.05460349290637573,0.05697408871321913
568,0.05326358576258655,0.05043478260869563
569,0.027490435874741537,0.02649160568230735
570,0.0571187571493072,0.05869565217391309
571,0.051789099757864665,0.051304347826087005
572,0.03458730839883678,0.034782608695652195
573,0.04244693744654149,0.042173913043478284
574,0.04005373756744113,0.03919191919191917
575,0.049391798697793976,0.04968056787932562
576,0.039742985693849764,0.03956521739130431
577,0.03404809917523499,0.03303495311167948
578,0.06408619760129536,0.06620114185331571
579,0.03473973543865683,0.03304347826086956
580,0.046625787491004766,0.04920509442248572
581,0.03455377580328339,0.032626262626262614
582,0.037826288534466235,0.039982780886784364
583,0.030935774754463685,0.028682205289108142
584,0.04524829852419715,0.04434782608695659
585,0.03702073484162305,0.03786157941437446
586,0.027210000389891797,0.024339042599912153
587,0.05980132218476275,0.056939302625914734
588,0.031612889600567795,0.032147293700088786
589,0.0359342416106479,0.03469396369776273
590,0.053847332458753616,0.05480922803904176
591,0.05053713737413612,0.05130434782608695
592,0.05380884870597846,0.05657444005270096
593,0.04632203770751947,0.04516624040920719
594,0.046221928165705195,0.04478260869565215
595,0.04895452624737012,0.049517864829961344
596,0.02867902752440271,0.028695652173913067
597,0.04707115571877457,0.04831796223100571
598,0.04175933872960491,0.04050065876152831
599,0.046821707670901214,0.04966183574879213
600,0.04207183471224127,0.04158716758125788
601,0.03093391520769334,0.029121909633418652
602,0.05210162201475527,0.053984028393966266
603,0.0698919282466976,0.06834870443566093
604,0.046714370605500655,0.04560780834072764
605,0.04611789427921126,0.04364685004436564
606,0.05195838118274959,0.052231005709266476
607,0.04048820038574319,0.039130434782608636
608,0.03331052302621895,0.03176108915239351
609,0.05693278810204466,0.057318123116659514
610,0.04162994212360388,0.043913043478260805
611,0.031381082299938634,0.03565217391304343
612,0.04454480221050755,0.044782608695652204
613,0.039271742308023994,0.03739130434782606
614,0.0573867276372898,0.06130434782608701
615,0.029344206717189014,0.02778346121057118
616,0.041828154357908154,0.04292950612072599
617,0.05677803444263263,0.055652173913043446
618,0.06002486458481693,0.06000860955660775
619,0.0382275843171514,0.03906223358908778
620,0.04852143812745241,0.04826086956521736
621,0.0388747018097928,0.03831357048748346
622,0.04348762945490986,0.046086956521739164
623,0.044547080636336556,0.04484409310496268
624,0.050370493728884524,0.05214808437365476
625,0.014824064061539188,0.011726216099870845
626,0.04213823174080311,0.04086956521739127
627,0.05227850795687006,0.04999999999999999
628,0.04686727092305082,0.0448265261308739
629,0.03285876660091436,0.03304347826086962
630,0.03147162376119056,0.029987085665088287
631,0.049838242555266976,0.048695652173913084
632,0.027689377197879506,0.028309178743961383
633,0.043864988067806976,0.043275643731532365
634,0.052365658323626996,0.05173913043478262
635,0.034322121251529725,0.03391304347826085
636,0.045624973664570356,0.04695652173913051
637,0.036581265997094436,0.03795031055900622
638,0.04879000393913574,0.04895114298520847
639,0.032418417744553396,0.033957409050576814
640,0.03579095890440137,0.033966282165039996
641,0.041362573622894305,0.03913043478260869
642,0.04051482018326841,0.04131313131313141
643,0.04158944816368554,0.041321914800175774
644,0.03994521103942916,0.040509442248572614
645,0.04498930862664696,0.04869565217391292
646,0.046241228182199445,0.047000439174352204
647,0.022319623485711926,0.022608695652173882
648,0.041718154514048145,0.041796223100570906
649,0.06273211623697428,0.060491875274484075
650,0.04561537631120999,0.0464743865690917
651,0.049369840550188726,0.04999999999999993
652,0.05764235547165375,0.05401952085181905
653,0.04403052779112043,0.04172621609987087
654,0.038839602574718524,0.039956952216960995
655,0.034656859045501476,0.03435660957400083
656,0.042418834216158885,0.04129117259552045
657,0.04746822771913317,0.0464743865690917
658,0.042575340277343277,0.04398402839396626
659,0.05803773482655811,0.05826086956521742
660,0.04031919466229583,0.04255273353422301
661,0.05909060039964531,0.060400682011935214
662,0.045955868113293996,0.04391304347826086
663,0.038262634081213,0.040434782608695596
664,0.03897036657644115,0.039183135704874805
665,0.05401264654814597,0.054662074903142455
666,0.043909960338742504,0.04132209405501325
667,0.04700447250342782,0.046130873956960916
668,0.041402566077770986,0.04162830349531116
669,0.04637578225103334,0.04903572965992248
670,0.04428886610898758,0.04565217391304338
671,0.05725385063171207,0.056654835847382456
672,0.03153491427180238,0.02999999999999997
673,0.04940208789829492,0.04869565217391297
674,0.04186376421876742,0.040905057675244105
675,0.04247207133565828,0.039636202307009816
676,0.04695558430699642,0.046943858168003394
677,0.046678362216646674,0.047887571365832216
678,0.04271710534198153,0.039913904433921565
679,0.052849054897556313,0.053913043478260814
680,0.045493952137548865,0.04603960396039608
681,0.02696795387071249,0.028278615794143758
682,0.04914361083552504,0.05120964270340078
683,0.04849191357854038,0.050070267896354936
684,0.041991341380938685,0.040000000000000036
685,0.06231861702769176,0.05998708566508826
686,0.04794114635859703,0.04949203616013781
687,0.052623183959529196,0.05134826526130881
688,0.04959349037045924,0.04904864399483433
689,0.03555952596236045,0.036530348687042635
690,0.040669666984595454,0.036487300904003483
691,0.022740229768711873,0.024778303917348254
692,0.030800884530768513,0.026854219948849012
693,0.05761909892042921,0.05743083003952576
694,0.04219934517992713,0.0452569169960475
695,0.03499066562541708,0.03523461041756348
696,0.046842619737158364,0.044786913473956136
697,0.044231005148595515,0.04440993788819875
698,0.04240215179044815,0.04086956521739138
699,0.043439597496413074,0.04083512699095998
700,0.040053665680068073,0.04131752305665348
701,0.03176737690871906,0.03182786157941442
702,0.04375699096933566,0.04217391304347823
703,0.05189650813874114,0.05342229875161425
704,0.053902913080959125,0.05439174352217824
705,0.03569863911100957,0.036956521739130554
706,0.03435407707367083,0.035217391304347756
707,0.05587670670015932,0.05704525288376222
708,0.03727814762001064,0.03606543263021955
709,0.03743060466965531,0.038260869565217404
710,0.05096857379858516,0.04826086956521736
711,0.047954412298571114,0.046521739130434836
712,0.0336292256542885,0.03438923395445137
713,0.057514291243004445,0.05695652173913035
714,0.03477585146468698,0.03448229493500671
715,0.031919425707033766,0.029565217391304355
716,0.051828261238014706,0.05090469916556878
717,0.06451923983852631,0.0630090400344383
718,0.038182122353090875,0.038309178743961336
719,0.042603619020212924,0.03992401857323763
720,0.034658410743794,0.03701361440491868
721,0.04546168491998126,0.04609556607834697
722,0.04404346720053731,0.046086956521739164
723,0.03614127707440312,0.03648374841705371
724,0.0338142602429225,0.033913043478260796
725,0.04585436599589321,0.046052518295307876
726,0.04262399139605977,0.044047512326311045
727,0.05240427764606109,0.051308739569609185
728,0.05354223750399634,0.05218708827404478
729,0.038738430369156585,0.039040034438226456
730,0.04005033848504458,0.040434782608695596
731,0.04706733360052018,0.04739130434782607
732,0.05250982756571537,0.051739130434782565
733,0.015804565654369107,0.013043478260869601
734,0.05482057145356989,0.055191562634524294
735,0.04322210219578626,0.04429186396900553
736,0.048851334140610714,0.04741765480895921
737,0.04627984575544436,0.04689684569479968
738,0.02125467555403998,0.019565217391304457
739,0.03357765290502229,0.03177865612648223
740,0.06466331392018765,0.0634782608695652
741,0.04820149804952406,0.04608695652173905
742,0.03681296501214293,0.037479139218269786
743,0.03873075002037912,0.03565217391304337
744,0.05037765184076165,0.051304347826086893
745,0.04348409900735101,0.043913043478260805
746,0.056420979484186784,0.05606138107416872
747,0.03919840405278063,0.03652173913043477
748,0.05503018295643547,0.0552173913043478
749,0.04938467296384941,0.050370210934136905
750,0.05003869125034838,0.05173913043478251
751,0.04438761905790922,0.04436978480456738
752,0.04303535455115537,0.040839431769263856
753,0.05005337129085152,0.048191993112354614
754,0.04843203126564316,0.04693499784761079
755,0.0357701781005802,0.035669920141969846
756,0.03160047972585084,0.030417563495480027
757,0.05506687924406822,0.053874300473525594
758,0.046959058850637864,0.04693069306930697
759,0.04419802453743582,0.043478260869565244
760,0.03565574856430742,0.03726342710997438
761,0.05308627688719558,0.055704874835309615
762,0.03317374134815121,0.032173913043478275
763,0.0367632634695611,0.03780412823891083
764,0.039449293773086425,0.04037882049074476
765,0.04308491727795394,0.043465346534653504
766,0.03544101114290438,0.03603099440378826
767,0.03733886291086003,0.03776641091219096
768,0.05836215068319256,0.05859664227292288
769,0.05089675193319981,0.051304347826086893
770,0.03458495959617486,0.0334960070984916
771,0.040026705778128335,0.038726394378568285
772,0.037388212848635194,0.038260869565217404
773,0.05521287567998512,0.0562555456965394
774,0.059717559902173034,0.06227151730257319
775,0.045565915590199735,0.0456609574000878
776,0.033071364190761066,0.03392156862745105
777,0.041516499420231,0.04191393993724796
778,0.04748935986869962,0.047826086956521796
779,0.05770112664731397,0.058344312692138744
780,0.04602155387320461,0.043517786561264704
781,0.04191298633126839,0.03959183673469385
782,0.04409723935948087,0.04423699914748502
783,0.05240117632355301,0.05434782608695654
784,0.03694230200647758,0.03826086956521735
785,0.047227978938461035,0.04580008964589871
786,0.049907205695741974,0.04913043478260881
787,0.0433473904200643,0.043443822643133845
788,0.031052451292910954,0.029636202307009696
789,0.05541284098992372,0.05844720496894412
790,0.041712350353814875,0.03918422232182878
791,0.037900523766715044,0.038695652173913075
792,0.028284587548704998,0.026140195208518235
793,0.0589196579515458,0.05869565217391304
794,0.05222792798185527,0.052143779595350825
795,0.041894719402771396,0.04474386569091687
796,0.027899590137789254,0.02480017566974091
797,0.0376957915674937,0.03737408523461039
798,0.04497814547385359,0.04739130434782607
799,0.044657144028836804,0.04584634867032511
800,0.05500983953773669,0.05775721050365906
801,0.0689478843840799,0.06873599282832799
802,0.034895688964153126,0.03223978919631093
803,0.04579484644288084,0.0460223848471803
804,0.03977245125650869,0.038682737839001335
805,0.038246506920993184,0.03791481810115349
806,0.04175725073663511,0.04404614019520847
807,0.046396884650479586,0.04571428571428571
808,0.04929744125851232,0.050843989769821074
809,0.036569215207154504,0.037004830917874376
810,0.039924343231865556,0.04404614019520847
811,0.05190732949728094,0.048695652173913084
812,0.033405768061558705,0.034782608695652195
813,0.05948279957386776,0.05869565217391309
814,0.05040505005501689,0.05055335968379454
815,0.039387063370232234,0.040217391304347816
816,0.035972539491818056,0.03304347826086956
817,0.03040082955404444,0.028466819221967976
818,0.04417632995859505,0.046640316205533605
819,0.0369444726759649,0.038726394378568285
820,0.029607006993888574,0.029565217391304244
821,0.03495163576709315,0.034879227053140116
822,0.045817769833218835,0.04608695652173922
823,0.03120791291466682,0.029130434782608627
824,0.0368792677247578,0.03474817046922085
825,0.040474638925827866,0.04132191480017566
826,0.023281093640785566,0.022071611253196954
827,0.056805730957169176,0.056526130873956915
828,0.046953111973789596,0.048855368234250185
829,0.04559676662846246,0.04616600790513836
830,0.022554282044645213,0.01871717606543266
831,0.04084196568396953,0.038274044795783835
832,0.043653354354248164,0.0430047352561343
833,0.04272564773985821,0.042689376961004055
834,0.030446304667267193,0.032992327365728796
835,0.03992401628646797,0.03956521739130431
836,0.02987045238117486,0.02784804567413257
837,0.0469080529167612,0.04343521308652604
838,0.04420608061235054,0.0429918209212225
839,0.04398052986582396,0.04468790357296604
840,0.022599555750492106,0.025116082735331335
841,0.0412277138931999,0.04093104962670174
842,0.04702315040015825,0.04602728047740828
843,0.04899429932451943,0.04996200928661887
844,0.038327282950103125,0.03869565217391302
845,0.04865066240842447,0.04654808959156781
846,0.060740039460205564,0.059108910891088995
847,0.043249297281516774,0.04386999569522182
848,0.023686640980865425,0.022608695652173882
849,0.04328069313174587,0.04565217391304349
850,0.046554301654679775,0.045618073316283037
851,0.03799618251990067,0.037809036658141504
852,0.05136053657699924,0.04869565217391297
853,0.038748027979043864,0.03992251399052954
854,0.04718692123911433,0.04869565217391303
855,0.05087994273009738,0.04959104606112785
856,0.04917847423535576,0.05041756349547996
857,0.046578334579845615,0.04514066496163671
858,0.05201801755144442,0.051304347826086893
859,0.034691440835056264,0.03304347826086956
860,0.035657759836272174,0.03785243741765487
861,0.022007912289234932,0.024782608695652242
862,0.040428253773560185,0.04052351375332747
863,0.03496115870590477,0.0360869565217391
864,0.035257146401400874,0.03215634606938955
865,0.04240966117285194,0.04304347826086952
866,0.041024820849555776,0.03864829961256999
867,0.05252368002504165,0.05217391304347835
868,0.0380731116037345,0.03565217391304343
869,0.05770425839954102,0.05654369784804558
870,0.029727420223984224,0.03217391304347833
871,0.0653375823851074,0.06441809398331133
872,0.06444890827752983,0.06309617918313565
873,0.04666580799129022,0.04608695652173911
874,0.042005240795299326,0.042139474817046885
875,0.042561240528655064,0.03922101449275367
876,0.0348680883837425,0.03832235397452782
877,0.04674863465148982,0.048652604390873766
878,0.03509012960444613,0.036086956521739044
879,0.03926166668572101,0.039183673469387725
880,0.04525128751328561,0.043478260869565244
881,0.04926221385023177,0.04953938872148089
882,0.04629440231078852,0.04869565217391303
883,0.03648430709793571,0.03659200702678961
884,0.035645761278716104,0.03430520034100598
885,0.04465219995657199,0.04521739130434782
886,0.05203727787969853,0.05038363171355498
887,0.05330605439433228,0.05221343873517792
888,0.040690625651153944,0.040800688764528636
889,0.04912489406011433,0.05168316831683162
890,0.036238792187128555,0.037004830917874376
891,0.03905317284863408,0.03695652173913039
892,0.0540616704748903,0.054739560912613006
893,0.04106394398101609,0.04042599912165118
894,0.04297478137308247,0.04338448422847402
895,0.044091359662837115,0.04782608695652163
896,0.026878793926761235,0.02652173913043465
897,0.0377169602123385,0.037374085234610444
898,0.04814024378552062,0.04663708961845614
899,0.03770080078832383,0.03782608695652179
900,0.021960111566724616,0.02002532714225408
901,0.02881422795483396,0.02610452349582787
902,0.03643843108968797,0.034693963697762786
903,0.02786906185191973,0.028674128282393352
904,0.03500531874947832,0.03394853593611352
905,0.028806382003455755,0.028695652173913067
906,0.03144119961408781,0.03130434782608699
907,0.03748329568314618,0.037826086956521815
908,0.0412343332579429,0.03695652173913039
909,0.035889840883122526,0.03614404918752745
910,0.040805191621723136,0.04226174791392184
911,0.054187032921069744,0.054347826086956486
912,0.0421713059130604,0.04304347826086952
913,0.060994128992604535,0.059565217391304326
914,0.03784646563989619,0.03648299612569961
915,0.04802138867938727,0.04651312957382692
916,0.057227583405858484,0.05647869134739558
917,0.03520025732295501,0.03570541259982252
918,0.04145827425513832,0.04170038743004728
919,0.042464706715371114,0.04416879795396417
920,0.04449747466470155,0.04486605182257358
921,0.038530485797159675,0.04079638398622476
922,0.04571804322104184,0.04389108476065001
923,0.04394473918655656,0.04521299956082564
924,0.03773889525514157,0.03795031055900622
925,0.056370475200033354,0.058167092924126196
926,0.04254906879502229,0.03781342338539467
927,0.057917777711142066,0.05814689742507387
928,0.04252725734379115,0.04170469220835127
929,0.034686577081524894,0.03706299911268862
930,0.05647377067682274,0.05395696091348273
931,0.04767632108702341,0.04652173913043478
932,0.03791226470963027,0.03867860187553285
933,0.044399497689868006,0.04079207920792066
934,0.05572771998234549,0.05608695652173917
935,0.03745323526608624,0.03847601972209774
936,0.039003955244298005,0.040869565217391324
937,0.055623944765442745,0.05618108471537425
938,0.049266424132315245,0.0461220904699165
939,0.04369912159130923,0.04441506051098154
940,0.0472062127918047,0.04739130434782607
941,0.04558688216971368,0.045141409877585414
942,0.04670612322780138,0.04654808959156792
943,0.040632214029424574,0.040062111801242306
944,0.04795429049931188,0.04698726394378566
945,0.05583355463460038,0.05559190701678868
946,0.03949283831567074,0.03642140468227423
947,0.041522298561961546,0.04207920792079206
948,0.045941416379048416,0.04343951786482986
949,0.06359471512788717,0.06521739130434781
950,0.04289215287276488,0.04304347826086952
951,0.032631306841219176,0.030523513753327403
952,0.04001964416767939,0.03916056823073605
953,0.03308281233150373,0.03130873956960917
954,0.04634409879424306,0.04437856829161163
955,0.04953579734955882,0.05298751614291869
956,0.03312024583634149,0.03051150895140664
957,0.05025561766296044,0.05043478260869566
958,0.04883758455725379,0.04782608695652174
959,0.06058921088918484,0.060070984915705505
960,0.04542282140359288,0.04391304347826086
961,0.045629473740633975,0.043913043478260916
962,0.04664997473006571,0.04881987577639757
963,0.049183392222655664,0.048435679067682647
964,0.04051682929779965,0.04170038743004739
965,0.04011272322100312,0.03915195867412835
966,0.04410873977580759,0.046078346965131245
967,0.03753832778152483,0.04017480950246527
968,0.04079994152012395,0.043123336291038206
969,0.042918336924726797,0.041398476019722075
970,0.042983488546372184,0.042608695652173956
971,0.04090321626009055,0.04167581257914729
972,0.05079551740963506,0.04789196310935445
973,0.05092132435118246,0.05176548089591565
974,0.04768648357770289,0.04910030133448129
975,0.03698247989913622,0.03737812911725957
976,0.04810990565625395,0.0463064584212749
977,0.03773878160484084,0.03693069306930691
978,0.044293553440323374,0.04173913043478261
979,0.05133412377043606,0.05277728482697425
980,0.05447827533826527,0.05381926683716959
981,0.044463817131594585,0.04440931049626706
982,0.040742093329014184,0.04123116659492043
983,0.02433834918982697,0.023047783039173597
984,0.028291656998593318,0.026091261300043078
985,0.04739057224941079,0.04782608695652174
986,0.05235291645246365,0.05249472351203044
987,0.05467692150458975,0.054418093983311266
988,0.034345188138449334,0.03518329070758741
989,0.049176016934872224,0.0482608695652173
990,0.03808812711847431,0.04217391304347823
991,0.05553566234469015,0.05266139657444002
992,0.038589393328177235,0.038695652173913075
993,0.05707590235319171,0.05562582345191042
994,0.028466061730741676,0.03299182092122255
995,0.068657636747471,0.06993973310374518
996,0.054063167743994056,0.05217391304347824
997,0.04410123067725347,0.044817742643829483
998,0.04156736079204204,0.04043478260869565
999,0.04748230712462154,0.04739130434782607
1000,0.0594035142400281,0.05867843306069734
1001,0.04707481505147376,0.04491570541259987
1002,0.03756493059915944,0.0360737812911725
1003,0.029536270729988545,0.03130434782608693
1004,0.0473768420102747,0.047826086956521685
1005,0.04698307087832487,0.046947996589940366
1006,0.0524813132632172,0.053043478260869525
1007,0.03974881628138238,0.03782608695652173
1008,0.05700083082785279,0.055217391304347774
1009,0.0384650473232378,0.03953964194373405
1010,0.04988747130573151,0.04877470355731223
1011,0.04648797817862854,0.04384484228473995
1012,0.04181857313646692,0.04124838570813605
1013,0.05072808670991097,0.05181818181818171
1014,0.036774950294868436,0.036444253120964276
1015,0.046137557051543265,0.04478260869565215
1016,0.04174215813627272,0.04173913043478261
1017,0.03201696116480687,0.030843989769821
1018,0.04456075662175779,0.04565217391304355
1019,0.04492166706664147,0.04734867860187547
1020,0.04440911358184113,0.043341858482523365
1021,0.06355115886540866,0.06090030742204661
1022,0.049758358171496986,0.04956521739130432
1023,0.045123976592645,0.04478260869565226
1024,0.036560170557667526,0.036086956521739155
1025,0.032976693121895495,0.03267018006148442
1026,0.03634093649493131,0.036086956521739044
1027,0.03355224882984725,0.03826086956521735
1028,0.049227810872230215,0.0495135600516573
1029,0.04234946461953443,0.04129582267689691
1030,0.05157256594701187,0.04999999999999993
1031,0.03495970323136327,0.0321566939302626
1032,0.053870296128288864,0.053435213086526046
1033,0.037551904766194244,0.03782608695652173
1034,0.03736936294594445,0.03396683101748099
1035,0.047761129482655706,0.04826086956521741
1036,0.059872377275434735,0.0576896845694799
1037,0.04487818671001298,0.0426086956521739
1038,0.0266959034885616,0.02690916917778735
1039,0.046724265666216125,0.04560051657339653
1040,0.04717844351209216,0.04733103745157119
1041,0.06148233790541907,0.063435213086526
1042,0.05276520998398593,0.04975347377857464
1043,0.03306606885953728,0.03254412397761519
1044,0.05211617095105758,0.052105036590615605
1045,0.06729503539318216,0.06682307361170897
1046,0.05117002028493711,0.050434782608695716
1047,0.046447946969099374,0.046148440931049695
1048,0.05556074638892172,0.056521739130434734
1049,0.044710391572589825,0.045626846770789375
1050,0.042629508061610366,0.042604390873870135
1051,0.0417884478224238,0.040869565217391324
1052,0.0425125389558732,0.04521739130434782
1053,0.02703357323471617,0.02783496007098496
1054,0.035630979584058475,0.03564364876385334
1055,0.04124113187407086,0.04304347826086952
1056,0.028731369765341852,0.0304347826086957
1057,0.046885840874234364,0.047826086956521685
1058,0.04831080551906308,0.04929015084294586
1059,0.03230792995906612,0.03253271422541165
1060,0.04429747087832048,0.045157124408093
1061,0.050284925598460095,0.04999999999999999
1062,0.03163031683017714,0.03260869565217389
1063,0.047573788584054255,0.04866982350408949
1064,0.046373809002998756,0.043913043478260805
1065,0.038294659961663535,0.03869565217391302
1066,0.04066294152930261,0.04398770311813788
1067,0.0464841999336334,0.04734825656478692
1068,0.02723060025700219,0.027382694791218243
1069,0.031795919622727264,0.031778656126482174
1070,0.04674855218194801,0.04875274483970138
1071,0.046326694674785174,0.04650907555930767
1072,0.049071276458556745,0.046462063086104066
1073,0.03814044284591683,0.040491875274483946
1074,0.0440486336191831,0.043478260869565244
1075,0.03578036066080176,0.03431372549019607
1076,0.047898401231989074,0.04565217391304355
1077,0.048133727205943,0.046521739130434725
1078,0.03732583596559691,0.034871339840283955
1079,0.04361683552851997,0.04429667519181579
1080,0.03108649207786962,0.0304347826086957
1081,0.0456557306213044,0.045187257856220464
1082,0.04957575457272534,0.05133948177426434
1083,0.048951727106887,0.047488908606920954
1084,0.04838134945739919,0.0491304347826087
1085,0.05449304372205066,0.05595781317262155
1086,0.05471723901351455,0.055217391304347885
1087,0.03879221530886928,0.039078777442961676
1088,0.046897098336055265,0.04692208351269905
1089,0.04107992526755344,0.04313220940550133
1090,0.042726104853743896,0.04347826086956519
1091,0.04295996904255772,0.04475247524752479
1092,0.04315860623240847,0.04174791392182692
1093,0.03611988623025231,0.038252260008609595
1094,0.05034904548374164,0.05048748353096183
1095,0.01901843803439085,0.016939799331103733
1096,0.034982504270657244,0.032173913043478275
1097,0.05913836232619371,0.05913043478260871
1098,0.047245900156899556,0.045252525252525266
1099,0.03141856772707344,0.030000000000000082
1100,0.040575333616865716,0.042173913043478284
1101,0.054364610342233055,0.05732673267326732
1102,0.04948689203508222,0.050434782608695605
1103,0.03548527995569728,0.03428325441239777
1104,0.04547450002760539,0.04478260869565215
1105,0.04271486392739998,0.04519156263452434
1106,0.042241858409493904,0.04310057092665798
1107,0.054048685260287554,0.05256134309083077
1108,0.037974470811826255,0.04037882049074476
1109,0.04986824960935948,0.050835126990959933
1110,0.04454853376519924,0.04574630210667863
1111,0.043770202516940415,0.04130434782608694
1112,0.045979578831255474,0.04569609134826519
1113,0.03729238594755907,0.04013309671694759
1114,0.04038037559792218,0.04086526043908745
1115,0.03684419678366285,0.03475247524752467
1116,0.04255458629518294,0.040869565217391324
1117,0.031129710550613254,0.03391304347826091
1118,0.05393770011807231,0.05347826086956525
1119,0.050534665697920256,0.046952216960826576
1120,0.04041058526147667,0.040891523935002116
1121,0.051035024634021486,0.04999999999999999
1122,0.04035308341058208,0.038678433060697404
1123,0.028711049184754756,0.02869565217391301
1124,0.037412778328422935,0.037361170899698704
1125,0.04907600905817683,0.04739569609134825
1126,0.029354849988205478,0.02962231005709265
1127,0.06413603746632307,0.06347826086956526
1128,0.06475600514229407,0.063491175204477
1129,0.04011156205813354,0.04043478260869571
1130,0.04648424427851744,0.045123614663256595
1131,0.03224158299258395,0.031300043047783
1132,0.040446488299547945,0.040000000000000036
1133,0.046405384778918146,0.04478260869565215
1134,0.0425587175198599,0.04434782608695659
1135,0.07070981351991462,0.07043478260869568
1136,0.04499238671540967,0.04522626441881106
1137,0.03598743253223252,0.035213086526043935
1138,0.04907397358150989,0.05079207920792078
1139,0.039444189130519836,0.03913043478260869
1140,0.05837180515898266,0.061835748792270495
1141,0.03783118724294943,0.03770673486786025
1142,0.03482090926122616,0.033086104006820105
1143,0.04483531459981899,0.046521739130434836
1144,0.04950863733350036,0.04825656478691359
1145,0.048968824349138074,0.04965394853593613
1146,0.034378576639996605,0.031696504688832006
1147,0.044398593572534006,0.04434782608695659
1148,0.04757893005341518,0.04743566992014192
1149,0.042089140306313055,0.041231166594920377
1150,0.04238632425476768,0.04217391304347834
1151,0.03291729899808066,0.03836627140974963
1152,0.02999538095079668,0.030025828669823507
1153,0.03996143516727241,0.043913043478260916
1154,0.04461659934131407,0.04562204046491597
1155,0.0556278575431316,0.05512361466325666
1156,0.04863367728242046,0.048622470942746465
1157,0.039394352627786455,0.040787774429616896
1158,0.034402407790975253,0.031696082651743396
1159,0.037526760841486484,0.035200172191132195
1160,0.04603839428225981,0.04438331854480926
1161,0.04134492853901384,0.04087817477399919
1162,0.06646644867071727,0.06875274483970134
1163,0.042424945174915074,0.04608695652173922
1164,0.04264452109406214,0.04299182092122256
1165,0.0389234297074178,0.03869565217391302
1166,0.03992627501268792,0.03964426877470356
1167,0.04037491423897133,0.041304347826086885
1168,0.05306652155657998,0.05133948177426445
1169,0.04507770229707703,0.044291863969005696
1170,0.04784671136236751,0.04645353793691387
1171,0.03934531596984314,0.04295822676896849
1172,0.038681354942332546,0.03653061224489801
1173,0.049976559937132015,0.05354852876592009
1174,0.027491161709173484,0.023047783039173486
1175,0.040796111362082166,0.04150362318840578
1176,0.04571636109461957,0.04304347826086957
1177,0.05774391116537003,0.057888198757763965
1178,0.05313693023603855,0.052608695652173965
1179,0.046868955889436015,0.04739130434782607
1180,0.043546040147060816,0.042595781317262105
1181,0.03880293358083736,0.040505050505050544
1182,0.0443221411398429,0.04391304347826086
1183,0.04274574147904492,0.04314108251996446
1184,0.02920657426433909,0.029138959931798825
1185,0.03869932605799742,0.03861967074715067
1186,0.0547097409790549,0.05438735177865617
1187,0.04476179360940785,0.045217391304347765
1188,0.056259824826524696,0.054338952972493304
1189,0.04303213331782191,0.04133509003074226
1190,0.03256011222572769,0.03216073781291179
1191,0.0526806338324034,0.05079638398622477
1192,0.04549168993549091,0.044391743522178284
1193,0.054013771599870974,0.052213438735177864
1194,0.04261302042393872,0.04387041773231032
1195,0.04883472126630495,0.05037882049074477
1196,0.059987948750184816,0.05923691215616689
1197,0.028803664675720098,0.03222222222222221
1198,0.039690451881199906,0.042063086104006775
1199,0.060293287687143815,0.05826086956521748
1200,0.032179478027175634,0.0304347826086957
1201,0.06448397512497045,0.06434782608695655
1202,0.03942518218158231,0.03959183673469385
1203,0.0641624237276231,0.06695652173913047
1204,0.04289831820252166,0.04393861892583123
1205,0.029058365291858845,0.02613965744400526
1206,0.034489673502738516,0.033486870426173154
1207,0.05622857661934999,0.056202307009760366
1208,0.03945977878604828,0.04043478260869565
1209,0.04079479865734548,0.03823012736056208
1210,0.04290228971038079,0.040306905370843915
1211,0.03766954140242551,0.03907928388746801
1212,0.04006684346767958,0.039987336428872866
1213,0.051687592630293044,0.052706299911268906
1214,0.04167417103293902,0.04304347826086957
1215,0.03642358864489281,0.03827791986359769
1216,0.02389538149832937,0.024360740421868365
1217,0.043506224426332785,0.04341858482523453
1218,0.02809135587872974,0.03130434782608699
1219,0.03902335260744777,0.035592497868712714
1220,0.04986793624214442,0.051409749670619176
1221,0.026055123401690583,0.024769945124525017
1222,0.03348948752389802,0.03172621609987086
1223,0.04748675196484414,0.04881987577639757
1224,0.054289384754949765,0.051304347826086893
1225,0.046507700712086375,0.04565217391304349
1226,0.0464819031313316,0.046453537936913813
1227,0.045565862821643766,0.04251491901108284
1228,0.03766816085290475,0.039539388721480884
1229,0.04276820794985453,0.03914361001317518
1230,0.036472343361768134,0.03525691699604738
1231,0.03698846083718638,0.036048213517003824
1232,0.043279178459919854,0.042173913043478284
1233,0.04488396951111223,0.04432586736934563
1234,0.0457239915703046,0.04787439613526573
1235,0.04721470841696204,0.04521739130434782
1236,0.047802615583186936,0.05130434782608695
1237,0.05952254492550463,0.059130434782608765
1238,0.03862997796250495,0.03869565217391302
1239,0.03355339289279452,0.03391304347826085
1240,0.05484346535447926,0.05223539745278877
1241,0.04200283786012998,0.043478260869565244
1242,0.04415185603578414,0.043478260869565244
1243,0.058244973142844936,0.05920948616600802
1244,0.039516206031707024,0.03826086956521729
1245,0.045133921829834084,0.046027280477408394
1246,0.04104754726311427,0.0415579710144926
1247,0.04193519726035827,0.03913043478260875
1248,0.05817333512131734,0.05782178217821787
1249,0.052930438839261074,0.054808959156785186
1250,0.04287079542048827,0.04272404614019526
1251,0.05773149339486772,0.05483970136144051
1252,0.030111570897600748,0.03126560482135171
1253,0.04939071830360975,0.04993542832544129
1254,0.049799713433884674,0.05047870004391741
1255,0.04869539361647651,0.050792838874680335
1256,0.03426885111127709,0.03618108471537429
1257,0.03768787268451118,0.03519104084321473
1258,0.03954319789929417,0.039130434782608636
1259,0.03865470719037151,0.038695652173913075
1260,0.040739791398197334,0.039548167092924136
1261,0.05132363745710755,0.048695652173913084
1262,0.04862269769912497,0.04950554134697366
1263,0.05602225196282512,0.05564356435643558
1264,0.05425715904825834,0.05384484228474001
1265,0.04761640737754713,0.04911752044769685
1266,0.0460647267693895,0.04387430047352564
1267,0.051525360586083646,0.05220940550133102
1268,0.03508155360359694,0.03516573396470085
1269,0.0370624564712842,0.03617560151962845
1270,0.024592598945750443,0.02568291611769874
1271,0.04718907191705363,0.04561773568661215
1272,0.05185007919567425,0.052003410059676125
1273,0.05161630901749065,0.0534782608695652
1274,0.04450033621349836,0.043913043478260805
1275,0.04044899252257633,0.04471440750213129
1276,0.0481411766629144,0.04831796223100571
1277,0.055074256048540327,0.053448127421437786
1278,0.0422301556381533,0.04387430047352564
1279,0.0496591519391249,0.05086956521739128
1280,0.05823400804068185,0.05826086956521742
1281,0.039740287889388826,0.03826086956521729
1282,0.03946429068449381,0.04258717176065435
1283,0.03380790552020335,0.03260869565217389
1284,0.051119445436590916,0.05130434782608695
1285,0.047666217461911964,0.04608695652173905
1286,0.02019723990394129,0.018695652173913058
1287,0.047730983953366,0.045583297460180805
1288,0.03705685645437057,0.0383530961791832
1289,0.022945669767882038,0.022227151730257355
1290,0.040502161433303485,0.041687979539641984
1291,0.0428485126893971,0.0460439087386999
1292,0.027961727569603856,0.024774083546462045
1293,0.03499288420597019,0.03655687307861222
1294,0.04819165084805532,0.04616681455190769
1295,0.03674943689484439,0.0357136583223539
1296,0.05252066830524399,0.05182786157941438
1297,0.05195361637000648,0.04826086956521741
1298,0.057823705960966365,0.05939471440750205
1299,0.05700466412789068,0.05782608695652175
1300,0.04517089574411742,0.043646850044365526
1301,0.0484702668956431,0.04570541259982258
1302,0.03356470999944172,0.03439174352217822
1303,0.038809342563173144,0.03865302642796259
1304,0.04026039309383456,0.041352657004830984
1305,0.044356910210817446,0.04474386569091693
1306,0.04243395279388401,0.043913043478260805
1307,0.04222966364659292,0.040895915678524464
1308,0.032621255972479335,0.031717606543263
1309,0.06176991751635347,0.06260869565217386
1310,0.0250921360573525,0.024347826086956514
1311,0.048301613476845584,0.049707187222715166
1312,0.02788333816259725,0.02909599655617734
1313,0.050236810782117336,0.0491304347826087
1314,0.033771520657722987,0.033362031855359464
1315,0.038338100589857205,0.035746302106678673
1316,0.045063119003643515,0.04172621609987076
1317,0.049343681038282516,0.048695652173913084
1318,0.05260984838163352,0.05395256916996055
1319,0.038531693486253904,0.04000878348704434
1320,0.0452002518905843,0.0464743865690917
1321,0.04771751424963927,0.04751232631107133
1322,0.040965466969931585,0.041304347826086885
1323,0.03540162902602084,0.03391734825656478
1324,0.044494188950021385,0.04565217391304355
1325,0.05271834324002106,0.05125319693094621
1326,0.05037293134474069,0.04956521739130437
1327,0.051236534308921555,0.051769872639437886
1328,0.0383706273487025,0.03582698341550883
1329,0.04952616889168279,0.04826086956521736
1330,0.04395297154048161,0.04220026350461137
1331,0.045574046413978386,0.04668145519077188
1332,0.049475071907378515,0.04652173913043478
1333,0.05373286882847467,0.05391304347826087
1334,0.04145280586649158,0.040818414322250585
1335,0.02151166413473521,0.01952216960826514
1336,0.03795031945404076,0.03999999999999995
1337,0.042006311953689535,0.04048748353096182
1338,0.050306192680394435,0.053491436100131795
1339,0.03569618422438231,0.03521739130434792
1340,0.012945861592638275,0.01309671694764869
1341,0.04203187051876389,0.04434782608695659
1342,0.04913856079314194,0.04780886784330596
1343,0.04419898114313481,0.04173913043478261
1344,0.04738933491131747,0.044826974267968056
1345,0.049380920063437694,0.04786561264822137
1346,0.04082427385355297,0.04121825226000858
1347,0.04315367450447849,0.04259578131726216
1348,0.035579049260646756,0.03826086956521746
1349,0.045783669601228816,0.04739130434782601
1350,0.040470473564306275,0.037391304347826115
1351,0.054499361938959934,0.05565217391304356
1352,0.05397045169596759,0.05347826086956531
1353,0.041016753098791825,0.04130873956960912
1354,0.06418310651068676,0.06319432120674351
1355,0.039421657955510614,0.03908738699956954
1356,0.050594554749265885,0.05180061484409304
1357,0.030507645556921037,0.03128282393456738
1358,0.04845997295488391,0.045647869134739616
1359,0.04017554446707727,0.04043478260869565
1360,0.04534702384092293,0.04487483530961778
1361,0.033103075393091985,0.03652173913043483
1362,0.03852138948402756,0.035244010647737356
1363,0.04043242516983897,0.040434782608695485
1364,0.046341697651053726,0.04739130434782601
1365,0.026139775445608415,0.028695652173913122
1366,0.05464939505447397,0.054309083082221266
1367,0.058127803595881544,0.05773231031543047
1368,0.0407432018114075,0.03830478700043921
1369,0.05012822021738361,0.05086956521739122
1370,0.0489962634185947,0.04782608695652174
1371,0.03561004743462198,0.03468030690537088
1372,0.03879698860478592,0.038294970161977804
1373,0.032767051955399695,0.03223602484472049
1374,0.053382806982500586,0.05080929832113651
1375,0.04683644835800438,0.04749231444883617
1376,0.04141804069986477,0.041165048543689464
1377,0.035147818934967434,0.037022397891963155
1378,0.04338979451855951,0.04565217391304355
1379,0.05627923029631679,0.055575447570332503
1380,0.055038045070480324,0.05739130434782608
1381,0.05377293566869684,0.053043478260869636
1382,0.04020669399868587,0.037843306069737404
1383,0.051657300077116886,0.04956521739130437
1384,0.03667725166670699,0.036018755328218244
1385,0.03904180371653365,0.03880212954747109
1386,0.04812074119911447,0.046521739130434836
1387,0.039980399586882875,0.038695652173913075
1388,0.03383426673180828,0.033913043478260796
1389,0.04508755052099017,0.04565217391304349
1390,0.05042774444117448,0.0483584738243123
1391,0.04869722916451291,0.05086956521739128
1392,0.05159233950108588,0.05217391304347824
1393,0.052969647636506245,0.051739130434782565
1394,0.04515625203008328,0.04565217391304349
1395,0.025798428878223645,0.025643564356435666
1396,0.03240227847699523,0.03128282393456738
1397,0.03550302521314541,0.03536530703720303
1398,0.035437924457282166,0.034352130865260344
1399,0.05914492326468318,0.05739130434782608
1400,0.045331896552305295,0.04556177356866126
1401,0.04815834250783707,0.04863108049935427
1402,0.05748243335123071,0.05608695652173917
1403,0.040226757209862574,0.038700043917435256
1404,0.03581505463888185,0.036086956521739155
1405,0.05082363922469618,0.04995737425404945
1406,0.05190546883238484,0.05223978919631084
1407,0.039374871666206845,0.03829636202307013
1408,0.042122185519709976,0.04172621609987087
1409,0.06251143162707659,0.06054457619675013
1410,0.03785606994810642,0.03520878174774
1411,0.019281852928346666,0.020000000000000073
1412,0.04039350441413403,0.03956521739130431
1413,0.03685107368950291,0.03520017219113214
1414,0.04717392585426783,0.04478260869565215
1415,0.045933065144192875,0.04560912613000434
1416,0.04654109878749285,0.04518295307791648
1417,0.03911623132321107,0.03565217391304343
1418,0.041398344554315014,0.039148181011535055
1419,0.05161166256879984,0.05004830917874398
1420,0.028955782354090853,0.029982949701619743
1421,0.028492418117513074,0.030434782608695754
1422,0.05583238845451449,0.05826086956521748
1423,0.0445620265623658,0.046931194596876225
1424,0.03873741256950686,0.03865302642796248
1425,0.026689008277268444,0.02826086956521745
1426,0.024207087482588596,0.024906832298136727
1427,0.049725582265671864,0.05086095566078341
1428,0.0414091658218263,0.039655797101449286
1429,0.02462278160453102,0.021800614844093125
1430,0.0421359451381354,0.04441370223978924
1431,0.05168934265940811,0.05260869565217391
1432,0.03147000700715019,0.03133948177426443
1433,0.03187479823495937,0.03217391304347811
1434,0.03241210404302114,0.03430477830391748
1435,0.03858608525652757,0.03698235040895392
1436,0.0629400554948385,0.062173913043478246
1437,0.039420726997423494,0.04225735617039972
1438,0.04545471964515363,0.043913043478260916
1439,0.04123437383934686,0.043013344812742216
1440,0.043001969341173896,0.04232475598935226
1441,0.05319567993468455,0.05391304347826087
1442,0.047935670468293,0.048278436539306135
1443,0.04270623367814502,0.04304347826086957
1444,0.031122900110355067,0.03250968575118379
1445,0.038202644162163735,0.03871321914800174
1446,0.03130377596679945,0.03130434782608699
1447,0.030145745941157875,0.030900307422046525
1448,0.05431201120737911,0.05173913043478262
1449,0.03845641720617654,0.03915678524374172
1450,0.022201306307929825,0.02047870004391744
1451,0.03724454328605514,0.03660518225735615
1452,0.06921512193759266,0.0687615283267457
1453,0.020524386761025137,0.02432199741713298
1454,0.043057435030310176,0.0430830039525692
1455,0.04334132435869398,0.04175669740887139
1456,0.0412807419534314,0.04470512268618171
1457,0.024873731286594758,0.022574595055413427
1458,0.034956012310399964,0.036086956521739155
1459,0.028110533723820774,0.029535083943176943
1460,0.03582833284332082,0.0352788757136584
1461,0.04195622165282753,0.04137022397891965
1462,0.029411562880838737,0.03042186827378396
1463,0.042615745780443526,0.04172595520421607
1464,0.034715379026646676,0.03434782608695658
1465,0.030858388974499995,0.032173913043478275
1466,0.04948838031117825,0.047870452528837704
1467,0.05237350156360987,0.050061484409310464
1468,0.038270277545996656,0.03652604390873865
1469,0.039863469615942004,0.040434782608695596
1470,0.047793564965239954,0.05083082221265606
1471,0.04376839713002795,0.04127877237851657
1472,0.03506401928629249,0.03767263427109979
1473,0.036875968578381324,0.03610452349582782
1474,0.02792632866004302,0.02738699956952212
1475,0.033242863886408236,0.034383318544809305
1476,0.04954965324194094,0.04741819811743614
1477,0.06565815200857011,0.06431769263882903
1478,0.05793554910392079,0.05729752770673485
1479,0.051130439012133655,0.05037451571244078
1480,0.053432841485023475,0.04999999999999999
1481,0.03906942964596416,0.03743961352657005
1482,0.048897517087848674,0.048243650452001685
1483,0.03172822937274011,0.03347826086956518
1484,0.04062615150323756,0.039565217391304475
1485,0.032536163769318005,0.03391304347826085
1486,0.03229527021749523,0.029130434782608627
1487,0.046781866724244114,0.04699604743083008
1488,0.036113512757234845,0.03792709705753189
1489,0.04100080980658227,0.039552553820177305
1490,0.031084741243441738,0.028314108251996373
1491,0.029229829827455645,0.026086956521739146
1492,0.052403762394012954,0.0530264279624893
1493,0.03544672844693075,0.03786157941437446
1494,0.024143218199839223,0.02478260869565213
1495,0.03919182704740509,0.038717610891524035
1496,0.04310859294410824,0.0442971718024483
1497,0.057412019890837496,0.05998278088678438
1498,0.03163672181527105,0.03355731225296443
1499,0.05919701228314683,0.056956521739130406
1500,0.04211247310783939,0.04210934136891947
1501,0.048147060739284264,0.04956521739130432
1502,0.036738869702358345,0.03695652173913039
1503,0.05727767099315556,0.05695652173913052
1504,0.04872861176424498,0.0483443126921389
1505,0.05492321373092135,0.052635314995563454
1506,0.05169757890105364,0.05210934136891959
1507,0.04002260420762671,0.03989769820971867
1508,0.045942040020408165,0.0460358056265984
1509,0.051073132364948925,0.04910030133448123
1510,0.04207031234389208,0.04347826086956519
1511,0.03749286549895564,0.03652173913043483
1512,0.033984763153169784,0.030843736547567613
1513,0.03386369116220417,0.03478260869565214
1514,0.031567424797736277,0.030829224562976376
1515,0.051482706586225224,0.052608695652173965
1516,0.028751081496844466,0.02826086956521734
1517,0.05461413910122043,0.05256134309083088
1518,0.04192598868243963,0.04130434782608694
1519,0.06426092393605701,0.068818620992534
1520,0.052244882984392504,0.051304347826087005
1521,0.02978420763116202,0.026943607404218584
1522,0.04126782618970887,0.04608695652173905
1523,0.05216906294457546,0.051739130434782565
1524,0.03219830519261779,0.03173913043478266
1525,0.04729846013836869,0.04652173913043478
1526,0.02771516921216488,0.028695652173912956
1527,0.053477553789060495,0.05050944224857268
1528,0.056943274059657545,0.05798580301685885
1529,0.05996818584687219,0.058731144631765764
1530,0.05160663784939612,0.05687042617305199
1531,0.05051648812256182,0.05217391304347824
1532,0.033002044464974845,0.03608695652173921
1533,0.04476658056047078,0.04650468883205455
1534,0.04630586477730614,0.044826526130873956
1535,0.03518115471042804,0.03691347395609129
1536,0.04737260829384393,0.0477787343951786
1537,0.042374599028550286,0.043478260869565244
1538,0.036397714617511456,0.03652173913043488
1539,0.06309649826367378,0.062252964426877444
1540,0.041765020927175545,0.04047101449275364
1541,0.0398277551186956,0.038695652173912964
1542,0.04108532773589557,0.04128238910847598
1543,0.05112170263620114,0.047457180500658724
1544,0.05007120965668044,0.050496894409937876
1545,0.06410102480773477,0.06565217391304345
1546,0.03382550605225787,0.03521739130434781
1547,0.03152299202054504,0.03374841705360909
1548,0.03949827236954012,0.038695652173912964
1549,0.047846704928632244,0.04748003549245783
1550,0.0411542621266813,0.040456741326306556
1551,0.0428693837227514,0.04266139657444018
1552,0.02613958929056892,0.025652173913043474
1553,0.034371679486944584,0.034326302195436975
1554,0.027666481844778157,0.03168316831683171
1555,0.024738497779250967,0.02174791392182701
1556,0.034022284527113866,0.03578527062999115
1557,0.035658980483964764,0.032200263504611415
1558,0.03076021271380114,0.030434782608695587
1559,0.04482701971403141,0.04332629801604049
1560,0.047252333209225394,0.044401064773735566
1561,0.029341428262139424,0.03012681159420283
1562,0.03949257923051769,0.037852437417654816
1563,0.032438318067335103,0.032204655248133485
1564,0.033294663801599345,0.034782608695652195
1565,0.03457799000655892,0.032156862745097936
1566,0.04947553270369287,0.04826086956521736
1567,0.028207738860396625,0.029130434782608683
1568,0.038410583382137875,0.038239345673697966
1569,0.05135309637726648,0.0525656478691347
1570,0.04967741789445673,0.05009222661396573
1571,0.031374421814111264,0.030004304778303903
1572,0.0379308211204929,0.03829161176987267
1573,0.05623545953971543,0.0534782608695652
1574,0.04593285115632101,0.04782608695652174
1575,0.04489854977365332,0.04613965744400528
1576,0.03213283317405474,0.03302195436934996
1577,0.055081332324004195,0.05671694764862467
1578,0.055104087074089536,0.05120964270340067
1579,0.04182765501144187,0.042670807453416115
1580,0.046621832212162484,0.044404918752744826
1581,0.04996295918402449,0.04970718722271511
1582,0.04716869196353557,0.04778303917348253
1583,0.04270343873455634,0.042298136645962714
1584,0.044640542859605836,0.0426086956521739
1585,0.042369391190043515,0.04214377959535087
1586,0.05255100100138649,0.05225735617039956
1587,0.03441779844649623,0.034246517517940056
1588,0.03543692992636327,0.03693895476504183
1589,0.03906444961846606,0.040000000000000036
1590,0.037483874496744396,0.0369565217391305
1591,0.03354623169228227,0.030434782608695643
1592,0.03792217363422362,0.039087809036658205
1593,0.03967179300596352,0.040000000000000036
1594,0.040001353169175746,0.03962231005709266
1595,0.03508169747207557,0.03395256916996042
1596,0.04435654725165,0.04517003874300479
1597,0.05024208837923755,0.051739130434782676
1598,0.052646675140063826,0.053043478260869525
1599,0.043297513805525045,0.04304347826086952
1600,0.05143238110412013,0.053443822643133854
1601,0.041479052944192074,0.042608695652173845
1602,0.04258795915458202,0.04391304347826086
1603,0.05668063039838245,0.05608695652173917
1604,0.045657883230298235,0.043926490363065895
1605,0.040613201704038815,0.03872200263504599
1606,0.05240187887301673,0.05434782608695657
1607,0.025194744220830956,0.02439174352217821
1608,0.04557764120098934,0.0457487922705313
1609,0.02831226345860699,0.026086956521739146
1610,0.03178748091625855,0.03250639386189258
1611,0.04305914663207017,0.04047870004391735
1612,0.03624101462563245,0.033439517864830015
1613,0.04777296332327613,0.04826086956521741
1614,0.030335746003972874,0.026530348687042626
1615,0.037431599698285356,0.03679189531447863
1616,0.036935619190338276,0.03814151747655581
1617,0.04974667463153609,0.05094422485726835
1618,0.04374903516846662,0.043478260869565244
1619,0.05577959473626837,0.05387860525182958
1620,0.048595807816469605,0.052217830478700045
1621,0.038213749421516674,0.0373697804563064
1622,0.033123959377445944,0.03132191480017571
1623,0.03991949244054377,0.038661213947481676
1624,0.053892405465675475,0.05129573826947914
1625,0.04733842057950516,0.04863969005596214
1626,0.03306505613600075,0.032126560482135136
1627,0.049896207546148735,0.04869995695221707
1628,0.04018515252402993,0.03912182522600083
1629,0.038910575063070274,0.037804563065002184
1630,0.060423333016620784,0.060817907877744326
1631,0.04104404746232215,0.04180124223602477
1632,0.051306497910124926,0.04999999999999999
1633,0.03807605950443488,0.038779095300834454
1634,0.050953857719368556,0.050913930789707185
1635,0.04102789872293855,0.04083943176926391
1636,0.06388332723208473,0.062173913043478246
1637,0.040039510828075664,0.03782608695652173
1638,0.031463864196205726,0.030434782608695643
1639,0.03981085942460172,0.040869565217391324
1640,0.029291539758176,0.029272404614019476
1641,0.05081084202844338,0.051708996986655154
1642,0.03462134081732071,0.03565217391304348
1643,0.038409928094129075,0.03873827791986362
1644,0.0522290256419598,0.05464330941325457
1645,0.06106498250890041,0.06086956521739134
1646,0.05038532699353948,0.05004034065441498
1647,0.039865023536210686,0.039565217391304364
1648,0.03208612822825374,0.03173913043478266
1649,0.04057548309511455,0.0403917348256565
1650,0.05470372975821031,0.05478260869565221
1651,0.035279210402604844,0.03431338786052529
1652,0.035914900028874874,0.03701361440491879
1653,0.056258887277066405,0.055217391304347774
1654,0.034122868513080995,0.035669740887132206
1655,0.03783381859253765,0.037391304347826115
1656,0.03770493070837272,0.033913043478260796
1657,0.04004119034898351,0.04043917435221778
1658,0.04703028358616412,0.04829497016197781
1659,0.05259574776427328,0.05173913043478251
1660,0.04222918610503229,0.043218287763334806
1661,0.05435410138454727,0.051304347826086893
1662,0.0463072722512014,0.04529205094422495
1663,0.03870269205206095,0.04043478260869571
1664,0.04229638588605544,0.04217391304347817
1665,0.041459366595418656,0.04217391304347834
1666,0.03729402697184819,0.037826086956521676
1667,0.044834278805651606,0.043874300473525585
1668,0.039449916266247,0.038201193520886634
1669,0.049330992026069886,0.04943734015345269
1670,0.042701465290424345,0.042456732798649255
1671,0.04152741193799475,0.039083082221265664
1672,0.04706315159044289,0.04647869134739563
1673,0.029464243843130566,0.028213517003874367
1674,0.02636496141033212,0.02652173913043465
1675,0.03750519497569099,0.037959183673469454
1676,0.040188291699033485,0.041734825656478625
1677,0.026652944159904324,0.029565217391304355
1678,0.041566621278428695,0.038260869565217515
1679,0.04188370619758924,0.041756697408871224
1680,0.03930707814358281,0.03784365393061051
1681,0.05542691948027506,0.05528765920070272
1682,0.029066134881744254,0.02871270247229324
1683,0.03322261251979475,0.03295738269479126
1684,0.028975397914825396,0.0295652173913043
1685,0.04751293863306982,0.04956521739130437
1686,0.028175421642523457,0.02431372549019606
1687,0.038290632293440985,0.038260869565217404
1688,0.06286822405402753,0.06260869565217392
1689,0.042789962038916995,0.041361440491875345
1690,0.04734878168244372,0.04573285522187359
1691,0.05788901109713862,0.05913043478260871
1692,0.04929707602500233,0.050434782608695605
1693,0.05255802092094514,0.05169177787343954
1694,0.02942149553239698,0.02999999999999997
1695,0.0439677293903023,0.0430698287220026
1696,0.03383303186461273,0.03652173913043488
1697,0.04341288613723204,0.045217391304347876
1698,0.05025885482256731,0.05048748353096183
1699,0.054082302872075216,0.053522626441881105
1700,0.03364639467500741,0.03521739130434787
1701,0.04845926387974725,0.04821824381926687
1702,0.03998281858829694,0.04002195871761094
1703,0.05027782693640148,0.04961900493052446
1704,0.05422205490888926,0.052544123977615265
1705,0.059764332339126425,0.058761528326745804
1706,0.029695951301982326,0.029205094422485645
1707,0.03559731678467304,0.034773999139044276
1708,0.057140865347672265,0.055692514567458495
1709,0.03699256016729091,0.03528462572837299
1710,0.020918785843038468,0.020013446884804942
1711,0.04616568649319763,0.046130873956960916
1712,0.04134283293454111,0.04089152393500223
1713,0.031658049119125176,0.029192546583850842
1714,0.03587563816203143,0.039130434782608636
1715,0.04481974267154859,0.044782608695652204
1716,0.045398420579520926,0.04565217391304349
1717,0.04397516596134121,0.04521739130434782
1718,0.053847146204130836,0.05244671781756183
1719,0.04540559347710138,0.04565217391304344
1720,0.037729904267386594,0.03688054031236809
1721,0.056502570515577555,0.055279503105590155
1722,0.05191535020087784,0.051739130434782676
1723,0.0461756572094289,0.04353535353535354
1724,0.04888534125360261,0.05034007748600944
1725,0.04338735104009789,0.0418101153504879
1726,0.051955269319034325,0.0491304347826087
1727,0.04342824098372783,0.04470942746448564
1728,0.0442707687657487,0.045270092226613934
1729,0.03481056355105483,0.03689195006457169
1730,0.03718612472843613,0.03578664276109378
1731,0.051700230453778695,0.05192738682205289
1732,0.057713409052753406,0.061144631765749746
1733,0.04613941605934213,0.048313570487483526
1734,0.03664507778946102,0.038196297890658704
1735,0.044111434001443184,0.04304347826086963
1736,0.03804892904176682,0.04175669740887128
1737,0.04565975379694115,0.04349582784365391
1738,0.05512750321793969,0.05434782608695654
1739,0.044801562045775845,0.04607834696513141
1740,0.040031135635025306,0.0421265604821352
1741,0.044938296395119426,0.047826086956521685
1742,0.027782019261204438,0.024739560912612868
1743,0.05223004560093991,0.05380098610488582
1744,0.03472496135218667,0.03432199741713304
1745,0.05059299538329293,0.04956521739130437
1746,0.04834460363375698,0.04964426877470357
1747,0.04679689334310483,0.04826086956521741
1748,0.030799790448182707,0.034782608695652195
1749,0.045554979832906295,0.04385336743393009
1750,0.04374884595287404,0.04220026350461137
1751,0.03255140250810129,0.028260869565217395
1752,0.0415296467040715,0.03791481810115355
1753,0.045800357032977856,0.044817742643829594
1754,0.039638281567947464,0.04038743004735257
1755,0.06322983435368501,0.06000000000000005
1756,0.05181213402124252,0.051549176867876745
1757,0.048296156868794904,0.043013344812742105
1758,0.05049411283324884,0.053149955634427704
1759,0.03940452165985203,0.03812446717817575
1760,0.043401071966951144,0.0422814881219184
1761,0.0530817355129517,0.051739130434782565
1762,0.05195770757981122,0.05125699526474392
1763,0.04508377819870246,0.041393078970718644
1764,0.036322086000992626,0.037391304347826115
1765,0.04328561053914359,0.04393887214808434
1766,0.04671595331569339,0.04826086956521736
1767,0.04154983002118873,0.04258286698235042
1768,0.04222140197024665,0.046086956521739164
1769,0.03139815194549561,0.03044356609573995
1770,0.038148814718951485,0.037787343951786456
1771,0.044992578464683575,0.04440161362617662
1772,0.044908958048635705,0.04434782608695653
1773,0.046237385160864286,0.04855670103092785
1774,0.050500967758956405,0.050787774429616905
1775,0.039894480643354824,0.03780886784330606
1776,0.03472936685306738,0.036112785191562635
1777,0.041590847833843425,0.04126130004304773
1778,0.053457584095064736,0.051357586512866094
1779,0.03917601992425873,0.04207920792079206
1780,0.0359381969005626,0.03644575770367248
1781,0.05621318202240455,0.054926129168425486
1782,0.0457419602986181,0.04565217391304349
1783,0.04306590657250986,0.04347826086956519
1784,0.052771400998276985,0.05175669740887123
1785,0.05578223659671494,0.0525785622040465
1786,0.018454561864883312,0.01950064571674559
1787,0.04564959379501177,0.04422847399829494
1788,0.023115002415938446,0.023177947108919794
1789,0.03491363634172756,0.03670807453416153
1790,0.04728199628342439,0.04782608695652174
1791,0.028671946352116007,0.02826086956521745
1792,0.0446069815572841,0.04521739130434782
1793,0.047704929347439584,0.04567413263065434
1794,0.04357857762170475,0.04438735177865605
1795,0.02970207925484941,0.029509255273353407
1796,0.03839409364079843,0.039565217391304364
1797,0.041459870516303454,0.038196297890658704
1798,0.037674967503475154,0.03434782608695647
1799,0.039974635358628996,0.03910485933503832
1800,0.05220739915775596,0.05173913043478251
1801,0.01556463727964047,0.01434782608695645
1802,0.04950979278201631,0.04735256134309085
1803,0.042008942481014055,0.04397013614404921
1804,0.055209532067761746,0.0543478260869566
1805,0.044738060604093355,0.04304347826086957
1806,0.0546300434645855,0.054681300126635746
1807,0.03887933319367248,0.03836844464365763
1808,0.03864366424566523,0.03478260869565214
1809,0.048742324105956136,0.04966183574879229
1810,0.046721489932894544,0.04565217391304349
1811,0.04297141842153451,0.0443785682916118
1812,0.023444126456213132,0.023913043478260898
1813,0.03739081572551928,0.03337695230054871
1814,0.039360657696500434,0.03956521739130431
1815,0.04432244398358254,0.045165733964700916
1816,0.05941182491152425,0.06173913043478252
1817,0.03859576474729076,0.036074042186827415
1818,0.04468026697945532,0.0456699201419698
1819,0.04421329529048662,0.04647869134739563
1820,0.04307289006470594,0.04391304347826086
1821,0.025298477030304356,0.023913043478260843
1822,0.0494112482075133,0.04782178217821781
1823,0.04436298050579224,0.04355811889973382
1824,0.03887573775304942,0.04252690486439947
1825,0.054522262681277744,0.053913043478260925
1826,0.039530527528001014,0.03869995695221695
1827,0.05090908168121572,0.04862677572105034
1828,0.029498894030717537,0.028192668371696428
1829,0.04855254213069532,0.04865690916917775
1830,0.05206698901077572,0.05220465524813356
1831,0.043548510968045906,0.04478260869565215
1832,0.04246945970699528,0.045217391304347765
1833,0.03582579579198175,0.03999999999999998
1834,0.05703291701054758,0.05942881500426256
1835,0.04585303674283692,0.04601023017902811
1836,0.04120575324702111,0.03869565217391305
1837,0.04277645774626404,0.042065217391304366
1838,0.02310602896080033,0.022595781317262142
1839,0.03429111911040589,0.033509003074220445
1840,0.041621188215690164,0.04304347826086952
1841,0.04510345401082494,0.042173913043478284
1842,0.037142447345917096,0.03607834696513129
1843,0.041265152407258976,0.04129573826947913
1844,0.03447244293343099,0.037935880544576195
1845,0.046991904360226044,0.04690486439948341
1846,0.05024816777953617,0.049863597612958166
1847,0.03520243131216988,0.03734867860187552
1848,0.058712296567730304,0.06142292490118573
1849,0.031551488833008845,0.03086095566078345
1850,0.037714618784447373,0.03776582006026691
1851,0.04656812739699545,0.047391304347826124
1852,0.04280530376761604,0.04218682737839008
1853,0.04305186280140644,0.0426086956521739
1854,0.04777504323447751,0.047843833185448104
1855,0.040398827361215306,0.04130434782608694
1856,0.050341505263725994,0.04826086956521747
1857,0.06519028065332333,0.06730951356005166
1858,0.020209191844666963,0.023043478260869665
1859,0.04801413704735791,0.0491089108910891
1860,0.044291990600685616,0.04219165927240459
1861,0.04205274514048707,0.04177426438296006
1862,0.03719608070048808,0.03877031181379009
1863,0.04418187303336868,0.04608695652173911
1864,0.030346758977043697,0.030830822212656095
1865,0.04961242197875121,0.05173913043478262
1866,0.025333833576204445,0.02441881100266191
1867,0.0433172146297473,0.04217391304347834
1868,0.04825334608909737,0.049670619235836655
1869,0.03609342420409606,0.03521739130434781
1870,0.03504011677731772,0.033478260869565235
1871,0.0324259792847571,0.03314108251996456
1872,0.04291946712478856,0.041253196930946257
1873,0.03361844147567811,0.03308300395256919
1874,0.0452448968330082,0.04652173913043467
1875,0.037862593525196386,0.03565217391304343
1876,0.03734301008411284,0.034782608695652195
1877,0.03837870369810936,0.036956521739130443
1878,0.03806668196668206,0.036091261300042976
1879,0.028058958814680957,0.02880212954747119
1880,0.05866557198615624,0.06006587615283265
1881,0.04218194215582505,0.04219587176108913
1882,0.0368476492550468,0.03566562079784852
1883,0.036098483318159125,0.03478260869565225
1884,0.041812469152529674,0.04173913043478261
1885,0.04289527724369807,0.04219165927240459
1886,0.03175153812848469,0.03130434782608693
1887,0.04228930994805502,0.03962231005709266
1888,0.03293794937863109,0.02999999999999997
1889,0.03759371930313721,0.04007905138339912
1890,0.03917168753369343,0.03866551872578555
1891,0.04000336607863403,0.041674558760223857
1892,0.03800479967207726,0.036956521739130443
1893,0.04483600303512808,0.041304347826086885
1894,0.04360014236080073,0.04310057092665792
1895,0.05794333148725367,0.0607161125319694
1896,0.036481015701104846,0.0360439087387
1897,0.049156409244601684,0.04962732919254659
1898,0.04554332139738021,0.04656565656565653
1899,0.051201754549800305,0.050030742204655254
1900,0.04496957074737479,0.04348704435660966
1901,0.03770061531814309,0.03782608695652176
1902,0.04931048532029075,0.05296675191815864
1903,0.044970626886425835,0.04173913043478261
1904,0.052558534017015546,0.05049626701800619
1905,0.055962492138645126,0.057461572244181025
1906,0.04169075887416146,0.04185448092280397
1907,0.03817823033635598,0.03873517786561265
1908,0.04695349158710166,0.04565217391304344
1909,0.040708980889614776,0.040000000000000036
1910,0.047571925594580455,0.04652173913043478
1911,0.04523492188683448,0.044739560912613
1912,0.03592065614524942,0.03605285592497859
1913,0.04614952966334235,0.04693069306930703
1914,0.037243069187611444,0.03473195441114385
1915,0.03639205996629602,0.040869565217391324
1916,0.043740227270834875,0.04212225570383121
1917,0.04688776681215434,0.04565217391304344
1918,0.04438080526889843,0.04478260869565226
1919,0.042472300886523984,0.03820490744726651
1920,0.043843843272410477,0.04306543697848064
1921,0.040737528145532276,0.040913482652613076
1922,0.051733410902328636,0.052552733534222906
1923,0.02959556157468679,0.02995737425404943
1924,0.04802460854142804,0.05043478260869566
1925,0.05414535168989032,0.0547826086956521
1926,0.04261734381106774,0.04217391304347823
1927,0.03436092463037599,0.03307757885762996
1928,0.03104673082888254,0.028766637089618463
1929,0.05542039716659619,0.05521739130434783
1930,0.034332269227754786,0.035305226174791426
1931,0.0418010617743973,0.04124408092983206
1932,0.0306232011718221,0.03093983311374615
1933,0.054161452994217485,0.05309671694764867
1934,0.046610313594958264,0.04478260869565226
1935,0.0360185365189471,0.04049626701800618
1936,0.049952629643811225,0.0473486786018755
1937,0.03991502827889398,0.040434782608695596
1938,0.034018243258496395,0.03209793161671587
1939,0.045694541804625066,0.0452972493345164
1940,0.055855723953034175,0.05690055962117946
1941,0.0454588214294549,0.0450649932765575
1942,0.04594189755495437,0.04434782608695653
1943,0.041775986582528846,0.040434782608695596
1944,0.03676790443645256,0.035609548167093
1945,0.049934468551532885,0.050456741326306564
1946,0.04548480243627523,0.04391743522178315
1947,0.039527113723275,0.03869565217391302
1948,0.04289056454888185,0.04425404944586531
1949,0.04973418163071269,0.0491304347826087
1950,0.03134339045669293,0.0304003443822643
1951,0.05572309256871377,0.05820060266896249
1952,0.028119511194267366,0.027471162377994574
1953,0.04587174325603763,0.04438296003513398
1954,0.04350547408696165,0.04130434782608694
1955,0.03846127227388363,0.04051383399209485
1956,0.03114332158435501,0.031787439613526536
1957,0.05275405653786619,0.05256564786913481
1958,0.03181171933375182,0.030869565217391315
1959,0.039689967131580906,0.04043478260869571
1960,0.022982482961151296,0.024705882352941133
1961,0.03128941556712722,0.029121909633418708
1962,0.03490637908284172,0.03434782608695641
1963,0.06028850537902364,0.06446317657497785
1964,0.042796560368820014,0.043478260869565244
1965,0.03014562782195962,0.02867860187553284
1966,0.03909546265428976,0.036452862677572195
1967,0.04847183217481715,0.049254658385093186
1968,0.040779631997183596,0.0403588011819333
1969,0.050573564102777246,0.0491304347826087
1970,0.03285412501591878,0.03086956521739126
1971,0.05040310352228983,0.053043478260869525
1972,0.059110827023082624,0.0594385816800338
1973,0.04358417345545701,0.045217391304347876
1974,0.03475367159148918,0.03481335090030746
1975,0.03950375048197058,0.038695652173912964
1976,0.04613725442967226,0.045800089645898656
1977,0.06314178823825906,0.06652173913043474
1978,0.0442063665387768,0.04434782608695648
1979,0.05115344456381021,0.053104962670180056
1980,0.034041202122602754,0.03260439087386996
1981,0.06652677960207526,0.06782608695652187
1982,0.03921475423474835,0.03956521739130442
1983,0.042599401212130905,0.043491436100131786
1984,0.039649825652269266,0.03913043478260875
1985,0.03710901944372719,0.03743961352656999
1986,0.05708226311278902,0.05703996486605184
1987,0.028366394115782345,0.02907447266465779
1988,0.03688489802647349,0.03695652173913039
1989,0.05600679175462753,0.055256916996047345
1990,0.029307032647569675,0.02956521739130441
1991,0.04169926572222543,0.04341799397331042
1992,0.041968422533629035,0.03869565217391302
1993,0.03796491128451246,0.03915732855221876
1994,0.036401080986342704,0.034844093104962726
1995,0.040706878973474,0.04086956521739124
1996,0.04822014118594897,0.0483091787439614
1997,0.05409058178954762,0.055757575757575784
1998,0.04350451380344578,0.04131313131313136
1999,0.045346922651795074,0.049573826947912236
2000,0.03824582398432025,0.03562204046491596
2001,0.05346884998234208,0.052173913043478126
2002,0.046900157701380896,0.046934997847610904
2003,0.049737969064391596,0.047914818101153445
2004,0.025288588552792923,0.025089514066496177
2005,0.027421400397907192,0.02826086956521745
2006,0.05144348693370876,0.05173913043478262
2007,0.04332661074970812,0.04214377959535087
2008,0.04533985104642008,0.04809036658141519
2009,0.04025236109353142,0.03775885253249661
2010,0.03760979579542284,0.03930789707187232
2011,0.050115096285945016,0.051141304347826044
2012,0.046495789416245104,0.04647008179078782
2013,0.03166422797101015,0.03256995264743856
2014,0.03852114886535285,0.040456741326306556
2015,0.03876427232334756,0.03956521739130442
2016,0.035095934283285335,0.037391304347826004
2017,0.035154666162469206,0.03565217391304348
2018,0.04148461398811104,0.042173913043478284
2019,0.04672515146542927,0.04874396135265702
2020,0.04013387310159994,0.03872122762148339
2021,0.042285281701841204,0.04304347826086957
2022,0.04555897756867211,0.045252525252525266
2023,0.040870398041847944,0.04090030742204653
2024,0.04526137053379342,0.04563925957813181
2025,0.036144121585935496,0.03475247524752473
2026,0.052750717417283266,0.052643829600351355
2027,0.043534603105768815,0.041981174361272966
2028,0.04420419382467533,0.042608695652173845
2029,0.034498224005858336,0.03599317988064793
2030,0.063781614532948,0.061739130434782574
2031,0.03106280674091444,0.02835499775885253
2032,0.038523669490652834,0.03781747739991387
2033,0.03973908691514105,0.042173913043478284
2034,0.03773827993156753,0.038775510204081653
2035,0.03508129165215773,0.03606973740852343
2036,0.04965276581062966,0.05086956521739128
2037,0.03472073781400359,0.03564356435643573
2038,0.05610632974911145,0.05395696091348268
2039,0.05223894444025423,0.054536082474226755
2040,0.038899322621271715,0.03916996047430832
2041,0.02674003792715207,0.02609556607834701
2042,0.04121071863197767,0.04140195208518194
2043,0.04887069104009678,0.04695652173913045
2044,0.0375498905645098,0.037834870443566204
2045,0.04012077536721226,0.04055580457194086
2046,0.03582628202850413,0.03782608695652173
2047,0.050404047413168784,0.05213517003874302
2048,0.05177427411542879,0.05046140195208526
2049,0.049189061650919075,0.04829161176987262
2050,0.05263055580903614,0.05354413702239791
2051,0.04044332017926283,0.040561594202898565
2052,0.04708594557710777,0.04826086956521752
2053,0.05600193128119735,0.054347826086956486
2054,0.02960600765365934,0.03207161125319691
2055,0.030917922514664686,0.03264382960035117
2056,0.032824622192754005,0.033913043478260796
2057,0.02942211878250045,0.030869565217391315
2058,0.0409891167587344,0.039991216512955674
2059,0.033661083436956396,0.03438296003513386
2060,0.03745637281530839,0.036086956521739044
2061,0.04715195995118421,0.046521739130434836
2062,0.02799978785994023,0.026104702750665454
2063,0.04595902931699236,0.04345243219974171
2064,0.04236464854311389,0.04306982872200266
2065,0.05217414182644081,0.05261756876663709
2066,0.05289456247683294,0.05478260869565221
2067,0.03444180544189779,0.03352262644188109
2068,0.03073509992237089,0.03190771960958283
2069,0.04517682075647139,0.047391304347826124
2070,0.027239243318978312,0.028260869565217395
2071,0.034740476065831916,0.03781342338539473
2072,0.03356413247858414,0.03260869565217395
2073,0.03871145990344371,0.03739130434782617
2074,0.042701070626730564,0.04388291003013345
2075,0.04806497021864026,0.04826086956521741
2076,0.03691157358121955,0.03391304347826085
2077,0.0473330313850952,0.04695652173913051
2078,0.04563385211951637,0.0477916487300904
2079,0.030214466156178343,0.02743393009377676
2080,0.028991419025686305,0.031739130434782714
2081,0.04608043140247331,0.04739130434782601
2082,0.03238620434653017,0.035256916996047494
2083,0.036893357898663826,0.03648299612569966
2084,0.048370886249937906,0.04565217391304349
2085,0.05288565562399039,0.05210571184995738
2086,0.061066005793673606,0.06260869565217397
2087,0.0567565726472527,0.05294970161977819
2088,0.026029949035897837,0.026956521739130435
2089,0.02956595723681016,0.03086956521739126
2090,0.03272618377559389,0.03304347826086951
2091,0.038631682719187266,0.04166594920361594
2092,0.05106699359033107,0.049143098353735815
2093,0.03554009055894042,0.03522617479139212
2094,0.05444286160573597,0.0547180370210934
2095,0.05383780100252539,0.05347826086956514
2096,0.025383862570262816,0.026943346508563948
2097,0.039659773535553666,0.038239345673697744
2098,0.03451353872105384,0.034782608695652084
2099,0.04043835304651289,0.039604743083003935
2100,0.048954438832753744,0.04917874396135263
2101,0.03218967944624679,0.032696530522617506
2102,0.031655024886256045,0.033544137022397835
2103,0.042246737674157264,0.042978906586310706
2104,0.04317323678915025,0.04043478260869565
2105,0.04119721851512359,0.039121651295564275
2106,0.05305934664916134,0.05130434782608706
2107,0.03767366491147506,0.037795953508394264
2108,0.03784063687610956,0.037770124838570784
2109,0.03861038383926946,0.03920070267896347
2110,0.04788511940783863,0.04735256134309079
2111,0.038578252050536,0.03782608695652162
2112,0.040614944334657954,0.043122529644268714
2113,0.030369026684400113,0.029987085665088176
2114,0.04447916181228645,0.04647438656909181
2115,0.03620963907978225,0.03700976042590948
2116,0.04479934721573087,0.04520034100596759
2117,0.04723678840590334,0.04695652173913051
2118,0.0408567873822171,0.040417732310315535
2119,0.050566856421233264,0.053043478260869525
2120,0.04440071075139529,0.04465473145780052
2121,0.04166316693185734,0.042333629103815384
2122,0.049913697442580285,0.04829161176987257
2123,0.044490972865596556,0.04615722441809389
2124,0.02699901294528162,0.026491605682307406
2125,0.03544642579611351,0.03476108480413259
2126,0.04085025165442824,0.03870443566095738
2127,0.036226313337383464,0.03826086956521746
2128,0.04851774412675314,0.04561343090830822
2129,0.056013475269881485,0.054705882352941215
2130,0.03901704323335825,0.03785682916117705
2131,0.057090738811221176,0.057826086956521805
2132,0.02554694421122805,0.025217391304347803
2133,0.05025307500310916,0.04795918367346935
2134,0.06451962441382914,0.06651743435213087
2135,0.053056016974878384,0.053043478260869636
2136,0.0481199390114887,0.04753922008068123
2137,0.03315661928631153,0.03577639751552797
2138,0.028153178684825808,0.032113646147223396
2139,0.03740736178792414,0.03350021958717614
2140,0.03694232707970002,0.037870452528837584
2141,0.03984556899962466,0.040206838328408684
2142,0.04861744801023671,0.047826086956521685
2143,0.05331530696501913,0.05517003874300469
2144,0.04243877679345065,0.04350358801181925
2145,0.032188411354729884,0.02739130434782605
2146,0.04956868461633762,0.049626701800614736
2147,0.0369801762251637,0.037386999569522184
2148,0.03735325658594146,0.03688054031236804
2149,0.04611423967306921,0.04703996486605183
2150,0.04763489247496966,0.046086956521739164
2151,0.036435465668151146,0.03780025828669825
2152,0.04938090266061301,0.050448229493500696
2153,0.04714398043561091,0.04650021523891523
2154,0.03856830669460931,0.03652173913043477
2155,0.04542120464048838,0.046218708827404476
2156,0.02248493211001934,0.022591645353793655
2157,0.0314783469700739,0.028722002635046096
2158,0.03550730115459405,0.03523935002195877
2159,0.055046483204394425,0.05433060697374084
2160,0.043250139270603394,0.04253981919931116
2161,0.04907166681854802,0.052535514421007345
2162,0.051698443400985894,0.053826947912182566
2163,0.0312635026513754,0.030851818988464896
2164,0.03219225157388711,0.0312779973649539
2165,0.0423031585706693,0.0416709292412617
2166,0.04965661107132541,0.04877551020408155
2167,0.046842098093532125,0.04392621870882746
2168,0.04317755240369725,0.04472293265132138
2169,0.04321354844368508,0.044448836187966634
2170,0.037160498423653154,0.03907877744296173
2171,0.0427666430349809,0.040000000000000036
2172,0.023163518366036195,0.02390443392165309
2173,0.03917371802363351,0.03956521739130431
2174,0.06430492054791614,0.06265261308739573
2175,0.04123961664532377,0.043509003074220454
2176,0.05250939245681646,0.05391304347826087
2177,0.045050747255176715,0.04162830349531116
2178,0.051073862323695984,0.04953964194373406
2179,0.03770758272998115,0.037356866121394716
2180,0.04148921873619843,0.04135265700483082
2181,0.03569233780613579,0.039666227492314354
2182,0.05838212659488928,0.057559893522626415
2183,0.03967270736270595,0.04043478260869571
2184,0.05443101645643422,0.05478260869565216
2185,0.06647807258348698,0.06894288150042621
2186,0.05445828320862983,0.05634271099744248
2187,0.04294721410484914,0.04141082519964512
2188,0.0354964199421165,0.03786122090469912
2189,0.03907464161905744,0.041739130434782556
2190,0.033138876576555454,0.032173913043478164
2191,0.04435811843754983,0.04267896354852879
2192,0.040479496665096315,0.04260869565217401
2193,0.0416206249087096,0.041357048748353165
2194,0.035427894285725126,0.036052518295307756
2195,0.03856644187632413,0.03826086956521735
2196,0.04945548800817562,0.050000000000000044
2197,0.03730046542907822,0.0343521308652604
2198,0.042366455837771044,0.03866155157715262
2199,0.03473210952831601,0.035682307361170784
2200,0.06530878210496188,0.06518725785622048
2201,0.03861080641980569,0.03782608695652173
2202,0.03934256230683192,0.041357048748353
2203,0.03713950709190039,0.03731457800511501
2204,0.04078860158020464,0.03953508394317695
2205,0.04791051066009544,0.04826086956521741
2206,0.03514554961612276,0.03352088661551578
2207,0.03652498877656407,0.030887132191479982
2208,0.02972218620332695,0.030523513753327458
2209,0.05897650894938389,0.06173913043478263
2210,0.03822549366544287,0.036913895993179846
2211,0.05374887216924101,0.05217391304347835
2212,0.04359531475848094,0.04339300937766405
2213,0.03047720889618638,0.03086956521739126
2214,0.042940089409089055,0.04391304347826086
2215,0.040895567100522445,0.04146571044374725
2216,0.04321546911175528,0.04425404944586536
2217,0.05007846717825748,0.05173913043478262
2218,0.044848815447453616,0.04213947481704694
2219,0.04835373294840695,0.04784804567413259
2220,0.03432935925255781,0.030378820490744696
2221,0.05174275499926101,0.05180939833113746
2222,0.04301025772691969,0.04393078970718722
2223,0.04202711134555648,0.04141082519964501
2224,0.03908701517326918,0.03694360740421865
2225,0.0374155271437433,0.035960320810468516
2226,0.04242108761649299,0.04434782608695642
2227,0.04316311001840145,0.04082693947144078
2228,0.03527901915183157,0.03129143349117519
2229,0.04495156843334985,0.04571805006587615
2230,0.04437244262255419,0.04173913043478272
2231,0.017168004507418788,0.018239345673697838
2232,0.053067139140414776,0.05353535353535349
2233,0.048864320714129106,0.049272404614019494
2234,0.04437492047664332,0.0438398622470943
2235,0.05680995494528279,0.056530612244897915
2236,0.05977431042707393,0.05999999999999994
2237,0.032433373037519087,0.03521739130434787
2238,0.04244258201567608,0.04434782608695653
2239,0.03368594636957589,0.03487044356609581
2240,0.03447376492533599,0.03261756876663707
2241,0.03641246094518369,0.035217391304347756
2242,0.051481713289975306,0.049496340938441574
2243,0.04881570562119619,0.05000860955660785
2244,0.04637509297593262,0.04608695652173911
2245,0.05112075563128357,0.05000000000000002
2246,0.04842495473429581,0.047426438296003515
2247,0.03971523399845922,0.03782608695652173
2248,0.04111724778268239,0.04004830917874391
2249,0.037291097222039715,0.038669823504089484
2250,0.035918401131618094,0.037391304347826115
2251,0.0458248299571144,0.043935002195871764
2252,0.04680550707565989,0.043913043478260916
2253,0.03515683867765507,0.03520066889632101
2254,0.044736395487720515,0.04310935441370223
2255,0.03885484168631759,0.041304347826086885
2256,0.031883310834528,0.033176574977817175
2257,0.039102537044749475,0.036956521739130443
2258,0.03241926569057069,0.03392182696530521
2259,0.0498905378659773,0.050000000000000044
2260,0.04746959685129343,0.048695652173913084
2261,0.04573461716981447,0.04478260869565215
2262,0.04266536150330713,0.040869565217391324
2263,0.058344342123025195,0.063852776582006
2264,0.04672014430577709,0.046978480456741245
2265,0.036315816191318684,0.037391304347826004
2266,0.051806446189369026,0.049659345584939396
2267,0.04841127496295372,0.04859335038363166
2268,0.03880233267105465,0.038656909169177855
2269,0.04723219035161813,0.04957400087834862
2270,0.03804565333613874,0.040000000000000036
2271,0.03144440336891202,0.03257459505541349
2272,0.032648263442905334,0.03391304347826091
2273,0.0502918913320774,0.051304347826086893
2274,0.05865560895563743,0.05826086956521748
2275,0.026416569735674522,0.029595959595959564
2276,0.04605607962287972,0.04695652173913051
2277,0.0548937442096748,0.051304347826087005
2278,0.030887005915509524,0.03294970161977839
2279,0.037173150177991277,0.039613526570048296
2280,0.035026412628663295,0.033869995695221644
2281,0.048010531131296275,0.04650452001721922
2282,0.04773898512929553,0.05001756697408871
2283,0.039760760541843465,0.03840579710144926
2284,0.02574532642696631,0.02739569609134823
2285,0.04992805056106059,0.05260869565217391
2286,0.03967954699280185,0.040939833113746105
2287,0.06569654779575401,0.06446884805020159
2288,0.03483313327516879,0.03431769263882917
2289,0.037413803012341096,0.03774083546462065
2290,0.050268843846921096,0.04956521739130426
2291,0.04225181614187257,0.04213981244671777
2292,0.04619663805118929,0.04478260869565209
2293,0.04911339927306857,0.049609134826526013
2294,0.05406611684762236,0.054347826086956486
2295,0.050187889636273575,0.04999999999999999
2296,0.04614461518249008,0.04475678002582867
2297,0.03964239376816603,0.037783039173482635
2298,0.03470555869891956,0.03393939393939399
2299,0.04061634788547941,0.04092226613965738
2300,0.038644718732514904,0.039547998278088636
2301,0.04812443446211745,0.04779059449866907
2302,0.04451307113647052,0.04393500219587171
2303,0.033608689587986185,0.030400344382264244
2304,0.053541081014404024,0.05485726833552923
2305,0.047272796668816786,0.04826086956521736
2306,0.03880860006211051,0.038695652173912964
2307,0.040236646950241095,0.04125699526474391
2308,0.038871083681180474,0.0395221696082651
2309,0.03759679696640261,0.0365045200172191
2310,0.05566857658581209,0.05604821351700384
2311,0.05228995220738725,0.05289002557544753
2312,0.03537043951200347,0.034782608695652195
2313,0.03827762054338596,0.038695652173912964
2314,0.05280206392587766,0.054409310496267016
2315,0.05002819214813509,0.05094422485726835
2316,0.0450354625679803,0.04608695652173911
2317,0.042012731628208455,0.04216960826517446
2318,0.036263992483970386,0.034671781756180686
2319,0.044232575549023045,0.044817742643829594
2320,0.037239601221792706,0.03695652173913039
2321,0.05042592521255945,0.05030563925957826
2322,0.050117358524366384,0.04991820921222556
2323,0.021780290320719375,0.024739560912613034
2324,0.042187806736857014,0.041687473095135597
2325,0.054460212550373976,0.052652613087395606
2326,0.03983871398732486,0.040434782608695596
2327,0.05145293060946471,0.05047870004391741
2328,0.037408786928090854,0.037843653930610455
2329,0.03504220399003899,0.03347826086956529
2330,0.04930924059908792,0.05130434782608695
2331,0.05206903908934457,0.05012422360248442
2332,0.034099454082836544,0.032214253697893436
2333,0.04823391299712909,0.04739130434782601
2334,0.02976178082080161,0.028260869565217395
2335,0.023974300569353735,0.02565217391304353
2336,0.02807197679510748,0.029134739560912615
2337,0.035042721917667885,0.03522626441881099
2338,0.0347262191278474,0.03353096179183146
2339,0.04459683745844417,0.04733534222987512
2340,0.03926275025335324,0.039565217391304364
2341,0.04553609135017744,0.046086956521739164
2342,0.05652609093104727,0.054019520851818936
2343,0.0316479827251655,0.03319432120674354
2344,0.03281352347426986,0.033021954369350015
2345,0.03251700200350249,0.03391304347826091
2346,0.03353989967564042,0.03395256916996048
2347,0.030661799630632425,0.03264822134387346
2348,0.04177686988872853,0.04168797953964187
2349,0.04286788033779354,0.04356170399648668
2350,0.03933381221692006,0.04000878348704434
2351,0.044715936369274456,0.04565217391304355
2352,0.047624937843334825,0.048349600709849117
2353,0.043465818001141354,0.0425871717606543
2354,0.04220632223779891,0.041278772378516626
2355,0.04256815344937859,0.042617305208781875
2356,0.05343280566588704,0.05260869565217391
2357,0.03838238076172773,0.03873078612209041
2358,0.04421584910663606,0.04434782608695653
2359,0.061098716880700954,0.06043917435221785
2360,0.034699534838151525,0.033913043478260796
2361,0.04520270503245377,0.04480895915678523
2362,0.05263851379344797,0.05478260869565221
2363,0.042448772721418726,0.043812709030100316
2364,0.017636022733985346,0.019130434782608674
2365,0.03463524790792877,0.03343521308652603
2366,0.04499014881539204,0.04173913043478261
2367,0.04216276577059719,0.041274214377959584
2368,0.05816243327352921,0.05817477399913906
2369,0.037417675455068355,0.03831357048748352
2370,0.05848789571345342,0.05913043478260871
2371,0.04825235144123752,0.047408871321914736
2372,0.04138531024855757,0.04007026789635487
2373,0.04366272412248218,0.04695652173913045
2374,0.04079738822140394,0.041739130434782556
2375,0.04332695697073524,0.04173913043478261
2376,0.050601264103953936,0.05217391304347829
2377,0.04455052373387236,0.04169608265174335
2378,0.05932393590697338,0.06086956521739134
2379,0.03966621288573041,0.037757885763000876
2380,0.044941428882400214,0.04173913043478267
2381,0.049853040801508486,0.05213947481704695
2382,0.03670043799208855,0.03781317262160999
2383,0.038621625912563406,0.04140195208518188
2384,0.04057941177745189,0.03829636202307002
2385,0.04051552949683268,0.04043478260869571
2386,0.038669073621716676,0.039130434782608636
2387,0.04315131868018174,0.0404699165568731
2388,0.02898445801366545,0.02781747739991386
2389,0.03429256372550832,0.03523056653491441
2390,0.03593604332424066,0.03739130434782606
2391,0.055397217067616966,0.056128364389233965
2392,0.042648823076354314,0.04085234610417565
2393,0.04799833547530841,0.04817222456732806
2394,0.043641258184215215,0.04627521290900943
2395,0.03548223033954934,0.03743961352657005
2396,0.032856102065655424,0.03402839396628232
2397,0.03545911136750868,0.03519077196095832
2398,0.03825654218490121,0.03826086956521735
2399,0.06175590644892376,0.061352657004830946
2400,0.045822070280110316,0.04338448422847402
2401,0.045417777036203644,0.04567413263065434
2402,0.047324527441480524,0.0469565217391304
2403,0.035757048186270624,0.03347826086956529
2404,0.03330402580777875,0.03182786157941431
2405,0.04442522911097718,0.04305639259578131
2406,0.03777154510609043,0.03869565217391302
2407,0.03780654977474279,0.03782608695652179
2408,0.047969849405185505,0.04736547567800259
2409,0.05515958415542632,0.0556521739130435
2410,0.038181460812676316,0.04043478260869571
2411,0.043787011672295595,0.043091787439613505
2412,0.03449220961633709,0.03612244897959188
2413,0.03670587080168586,0.03657883179622312
2414,0.03662856393833125,0.03648299612569955
2415,0.031514853804183174,0.03096369341102634
2416,0.05855145002996742,0.059130434782608654
2417,0.06474718904607357,0.06425312096427033
2418,0.04007942916282031,0.0386913473956092
2419,0.04539354695027059,0.04654326302195444
2420,0.04574100004134862,0.04434782608695648
2421,0.05444343716994038,0.05220940550133096
2422,0.04677744640052228,0.04616681455190763
2423,0.04434581808672711,0.04306982872200266
2424,0.03438090393995058,0.034782608695652195
2425,0.04180807219936811,0.041739130434782556
2426,0.05493665741542536,0.05217391304347829
2427,0.039729991289231936,0.040750213128729784
2428,0.03830036126085268,0.040000000000000036
2429,0.049754272270616795,0.04956521739130432
2430,0.04286268280847122,0.04135265700483087
2431,0.05412167342513019,0.052608695652173854
2432,0.036437200377224144,0.03794143744454309
2433,0.03746134877667753,0.03879325643300807
2434,0.032532765947915654,0.03132967496834099
2435,0.038577865002941664,0.03866551872578558
2436,0.03172087618059599,0.032630654369784795
2437,0.04075409208165526,0.04040464916056824
2438,0.03875704448312439,0.0360869565217391
2439,0.04145715777107173,0.04130434782608694
2440,0.05088345996342286,0.04956521739130437
2441,0.05313090036730844,0.0513833992094862
2442,0.03423018600732347,0.036777229941730105
2443,0.04688123587296339,0.045157715260017106
2444,0.0382407338815815,0.037357203751065715
2445,0.03509922083112699,0.03219587176108912
2446,0.0492531466857804,0.047664109121909604
2447,0.05227952048523371,0.054347826086956486
2448,0.0613950122328184,0.06304347826086953
2449,0.03983235438061955,0.03782608695652162
2450,0.048422177010700784,0.04916556873078609
2451,0.0321025186283026,0.03216952129995615
2452,0.050277445712859525,0.048670076726342715
2453,0.03358926489495484,0.03130434782608693
2454,0.051639334639080936,0.05608695652173923
2455,0.03263932053244217,0.03391304347826085
2456,0.03628257715296379,0.03524428507395794
2457,0.04086428757435345,0.0417391304347825
2458,0.037662584209822825,0.03875776397515529
2459,0.04718019396948947,0.04564356435643563
2460,0.04185935869422025,0.042608695652173956
2461,0.045905724821430294,0.045665349143610034
2462,0.033258863422235774,0.03304347826086962
2463,0.03714769866761891,0.03304347826086956
2464,0.036104682387872566,0.036534914361001425
2465,0.05510480254232697,0.05617479139218279
2466,0.052977160439149074,0.0538613861386138
2467,0.03481723958349492,0.03373401534526843
2468,0.039362492655565406,0.039091691777873416
2469,0.05621177739405098,0.055652173913043446
2470,0.05221673234787777,0.05089152393500218
2471,0.03224469018127829,0.03260869565217389
2472,0.030064079861787718,0.031717606543263055
2473,0.04448664590399626,0.04568291611769887
2474,0.05742851864316256,0.060491875274483964
2475,0.041417513423650965,0.03956521739130442
2476,0.044251712966328904,0.043052261747913934
2477,0.0648320543799834,0.06658322353974522
2478,0.043863109096887065,0.04220026350461126
2479,0.059296314815154016,0.05826086956521734
2480,0.04733598330570343,0.04739130434782607
2481,0.0356945636809452,0.035385980479148205
2482,0.051587679050116964,0.05130434782608695
2483,0.043520637011194185,0.04387041773231032
2484,0.043154387083360835,0.04465473145780047
2485,0.05122856572050055,0.05130434782608695
2486,0.029366899589967577,0.033118137900746636
2487,0.05779242923555722,0.05824365045200175
2488,0.04438133244411996,0.04610013175230565
2489,0.052782711164038654,0.05484848484848487
2490,0.04947556720043739,0.05173913043478262
2491,0.03785772233309309,0.03605682307361163
2492,0.04339935694504954,0.04429667519181585
2493,0.04869451744636116,0.04956521739130432
2494,0.05904997160669656,0.058167092924126196
2495,0.03683409558911599,0.03521739130434787
2496,0.03633180196942004,0.036956521739130443
2497,0.040043213348355255,0.039569609134826544
2498,0.034569846068927323,0.035152819629789056
2499,0.03215460620213367,0.03260869565217395
2500,0.04606528848548547,0.04472293265132149
2501,0.04237120120975518,0.04316205533596845
2502,0.047275860011912585,0.04561773568661215
2503,0.041915195665542804,0.041717606543263064
2504,0.0361606243081154,0.036889632107023396
2505,0.044847536215538886,0.043913043478260805
2506,0.03651998950448104,0.03779595350839432
2507,0.041497031902472836,0.04041756349547998
2508,0.060002771410226974,0.0574292950612072
2509,0.037913684227608324,0.036888320545609476
2510,0.03961331417870112,0.04052351375332747
2511,0.060558749679940294,0.0622529644268775
2512,0.04621650766766355,0.04478260869565226
2513,0.04276647210232831,0.04135758651286603
2514,0.04784386247033007,0.044761084804132545
2515,0.04995363755600912,0.05137461572244184
2516,0.04004821608005138,0.038662207357859524
2517,0.029739788017309143,0.03130865260439081
2518,0.05274154479510473,0.0543478260869566
2519,0.03982901710115466,0.03867032503165907
2520,0.04709578267219705,0.04476555839727209
2521,0.034840658775001754,0.0365045200172191
2522,0.039458357063545335,0.039926818768833416
2523,0.04414674410560537,0.042173913043478284
2524,0.054827715577700775,0.05826086956521731
2525,0.05875594945561208,0.05865766146053192
2526,0.046326569292518494,0.04434782608695653
2527,0.03727392123581863,0.03780025828669825
2528,0.04229488357253158,0.04183325862841769
2529,0.039737810672705653,0.03999999999999998
2530,0.03520816266470894,0.033961352657004784
2531,0.0240657623960292,0.02343563512361474
2532,0.03712390858185016,0.036086956521739155
2533,0.03657835612038213,0.035596211795092536
2534,0.04215062234349204,0.042608695652173956
2535,0.032399208934558,0.03186015239802775
2536,0.03832175666090354,0.037357203751065604
2537,0.03934073836732738,0.037142857142857144
2538,0.056649126142601036,0.055687307861220836
2539,0.028805591401238784,0.028712871287128683
2540,0.0367483469116216,0.03932651321398123
2541,0.05381248983990464,0.05293265132139821
2542,0.045707017457168875,0.04608695652173911
2543,0.05351865884869822,0.05521739130434783
2544,0.0408262458681809,0.039999999999999925
2545,0.03585209542891005,0.03525252525252531
2546,0.041131376582487056,0.039454390451832966
2547,0.03263502985934824,0.034409310496267054
2548,0.0494972362692071,0.048326745718050124
2549,0.031022671234954946,0.030000000000000082
2550,0.038731937514155934,0.038695652173912964
2551,0.04930011373347021,0.04783926218708834
2552,0.03816665621508397,0.03916996047430826
2553,0.05379585523479474,0.05642272922944469
2554,0.03062201673909043,0.02826939471440748
2555,0.042973144385706374,0.04480895915678523
2556,0.044950917514196886,0.04346947738252088
2557,0.04094682892835361,0.04173913043478267
2558,0.038918963684531405,0.04037882049074465
2559,0.04742969018319493,0.047950310559006226
2560,0.046161149415457625,0.04608695652173905
2561,0.03660696692983556,0.03782608695652179
2562,0.04798269232394364,0.05053140096618358
2563,0.044106049694647764,0.046086956521739164
2564,0.04681147487027881,0.04863597612958226
2565,0.049692884736576515,0.05043478260869566
2566,0.06015073062666082,0.06
2567,0.05058056346782214,0.048731144631765755
2568,0.04192428508731749,0.04256134309083076
2569,0.041290734007237984,0.04130434782608694
2570,0.03290751392489094,0.03261722080136398
2571,0.05072704657888072,0.04996556177356859
2572,0.045800222564863546,0.04744147157190637
2573,0.04061419166582303,0.040070267896354816
2574,0.0311870946603921,0.030378820490744807
2575,0.04189927160530915,0.03998708566508824
2576,0.04386365535050779,0.04565217391304344
2577,0.04485126056799971,0.043913043478260916
2578,0.0344244449870893,0.036117698726394365
2579,0.03502855310747294,0.03435643564356433
2580,0.06727783369386658,0.0656785243741766
2581,0.04848551882070645,0.048339920948616666
2582,0.04058144618077858,0.039922513990529374
2583,0.05956245734871829,0.056991655687307796
2584,0.03428760039906015,0.03391304347826074
2585,0.04171951672517227,0.03958278436539309
2586,0.046094670332428644,0.04951786482996118
2587,0.035688522141266554,0.035617735686612195
2588,0.04559721347749973,0.046020066889632116
2589,0.04951356290811065,0.04904003443822641
2590,0.03671274303216626,0.039130434782608636
2591,0.03730093882092894,0.04131313131313136
2592,0.03897763825036016,0.04257856220404643
2593,0.05477243858626796,0.05347826086956514
2594,0.050043088321182594,0.04813299232736579
2595,0.056317044015852136,0.05434782608695654
2596,0.04180788720503259,0.040434782608695596
2597,0.04985201438618181,0.05130434782608706
2598,0.044358536535930415,0.04395696091348261
2599,0.0392444048273598,0.03650021523891528
2600,0.057101225485661544,0.05782608695652175
2601,0.02252105142818811,0.024347826086956514
2602,0.038797547729996884,0.038260869565217515
2603,0.03547841820065528,0.03434782608695658
2604,0.04603946771674927,0.045601023017902864
2605,0.04356858162447541,0.04170899698665531
2606,0.05003304922793905,0.050768256648374865
2607,0.0349067665792866,0.035696539485359446
2608,0.036512457136940124,0.03556607834696529
2609,0.044515213244478435,0.04304347826086957
2610,0.0151107363915704,0.014817742643829623
2611,0.041500567014364886,0.04170469220835127
2612,0.053690310157680166,0.052927249246663755
2613,0.044510796042335876,0.0461135758651286
2614,0.039466582835331276,0.04130434782608694
2615,0.05052663186166689,0.05077578857630011
2616,0.028499203602548595,0.027374085234610435
2617,0.05773735057300472,0.0578131726216099
2618,0.049878112437357125,0.04863969005596214
2619,0.042199447024967585,0.04382694791218239
2620,0.05140996749701632,0.05167025398191988
2621,0.044517428511633594,0.043913043478260916
2622,0.04947101814469956,0.04868273783900129
2623,0.0369527462635183,0.03653491436100126
2624,0.04598796566931973,0.04391304347826086
2625,0.047850960712409685,0.0469565217391304
2626,0.04284236444575629,0.0425871717606543
2627,0.053243205408640915,0.05521739130434783
2628,0.029946727426486297,0.02913895993179877
2629,0.04748026765890445,0.048358473824312354
2630,0.04746901365326134,0.04648763853367438
2631,0.03539241271778143,0.03563065002152399
2632,0.0321833946263525,0.03227151730257316
2633,0.038257150016898334,0.037365475678002635
2634,0.045937705447317845,0.04480922803904175
2635,0.040138441149893234,0.03866982350408943
2636,0.03810928051781587,0.03522169608265174
2637,0.03081123870596153,0.02692990239574089
2638,0.040078071861682385,0.03953859804791482
2639,0.06726921464636715,0.06873517786561267
2640,0.03364819297468946,0.032608695652173836
2641,0.03578426170597321,0.03478260869565214
2642,0.03520512596126485,0.03521739130434792
2643,0.033679290586606236,0.03352262644188103
2644,0.04155094350648514,0.04043478260869565
2645,0.03717318781140638,0.037391304347826115
2646,0.02170010738392425,0.018695652173913058
2647,0.025754222904219137,0.025714285714285634
2648,0.055819298788899185,0.055248133509002983
2649,0.04985716667066986,0.04739130434782607
2650,0.03024968540655054,0.029139044339216547
2651,0.047400585216719804,0.04521739130434771
2652,0.03684710182786266,0.03614019520851813
2653,0.038599780081057966,0.03652173913043477
2654,0.03232553757724854,0.0304347826086957
2655,0.04509464405805702,0.04565217391304349
2656,0.04480123682221526,0.045089514066496084
2657,0.04314879058877963,0.04043478260869565
2658,0.045649322971948625,0.044782608695652204
2659,0.04723024512757695,0.04832235397452789
2660,0.044310586717119155,0.0466183574879227
2661,0.060048074073320856,0.061384205856255536
2662,0.035720660856293274,0.03734825656478691
2663,0.03948704441261153,0.0365572315882875
2664,0.04485952284274436,0.046521739130434725
2665,0.02932677819293439,0.029944037882049024
2666,0.03733965330940364,0.04198395947657241
2667,0.044129225520444626,0.04211423699914746
2668,0.0420819636944012,0.04306982872200266
2669,0.04934014208701715,0.04693930262591478
2670,0.0365591683589912,0.03391304347826085
2671,0.05022452011243783,0.04871761089152399
2672,0.03213618992519468,0.029157054125998227
2673,0.055009471624743955,0.0552173913043478
2674,0.03537255387877064,0.03913043478260875
2675,0.038790118426506814,0.0391611769872639
2676,0.043412184540443266,0.04262626262626268
2677,0.04551161819220578,0.047552666965486434
2678,0.05132707126621611,0.04828669823504089
2679,0.06341648509522169,0.06347826086956515
2680,0.04259537057433155,0.04192738682205288
2681,0.04808857400974775,0.047757210503659
2682,0.04793820397932458,0.04480456741326311
2683,0.03269361637176532,0.03128729752770676
2684,0.039270110030221295,0.04015971606033719
2685,0.048693393024620446,0.048695652173913084
2686,0.04285530341379551,0.04255703831252694
2687,0.03556849250629307,0.0348177426438297
2688,0.032649353588329655,0.030873869995695136
2689,0.03565497618545327,0.03655797101449276
2690,0.046775822396723565,0.04527448397013606
2691,0.036277991281014665,0.037007176023638566
2692,0.04859736207500909,0.04787045252883759
2693,0.029693550749663622,0.03057675244010649
2694,0.03053920487561207,0.033113746157224344
2695,0.03479358003107513,0.03821021528070917
2696,0.04765384312789872,0.04521299956082564
2697,0.02760063678225888,0.02620230700976034
2698,0.03775572359696444,0.03610452349582782
2699,0.04186283145101116,0.042444069227522085
2700,0.032945851540995386,0.032231005709266625
2701,0.05530982858628175,0.05434782608695654
2702,0.03276932999538268,0.028273783900129135
2703,0.04050192635706101,0.04175230566534904
2704,0.05168366118678891,0.051881100266193414
2705,0.06041837655125215,0.06
2706,0.05250339714511615,0.05041325871717611
2707,0.044717864232296345,0.04695652173913034
2708,0.04895972453863906,0.04869565217391303
2709,0.0461056476734274,0.04600516573396468
2710,0.0446654459245569,0.040909090909090895
2711,0.042024567066316354,0.039565217391304364
2712,0.040482184325057124,0.037879325643300765
2713,0.0509166841625141,0.04922705314009651
2714,0.04561733203741819,0.044782608695652204
2715,0.03744362906405674,0.034390451832907065
2716,0.03939800510271002,0.03916117698726396
2717,0.04044321607974949,0.03731457800511501
2718,0.05175703866709208,0.05125269048643982
2719,0.03139235858234113,0.030000000000000027
2720,0.055142471155619155,0.053061224489795944
2721,0.046825403737707716,0.04613965744400533
2722,0.05313126365407894,0.053435213086525934
2723,0.0380410971476291,0.03652173913043477
2724,0.040613407032931204,0.04180124223602483
2725,0.06080706144900297,0.06044356609574003
2726,0.04957408974610755,0.04831357048748358
2727,0.04545643921229914,0.045182953077916366
2728,0.036414164468871524,0.038358473824312345
2729,0.04607175251242196,0.04637123745819399
2730,0.0327693159610461,0.030944224857268332
2731,0.04436308277069184,0.04561773568661209
2732,0.03564751254607895,0.03781747739991387
2733,0.027789978879007582,0.02870882740447961
2734,0.04217569804123539,0.04269742679680566
2735,0.043782165700373354,0.04643994834266035
2736,0.04118085319487391,0.04048309178743964
2737,0.04598226040733855,0.04565217391304355
2738,0.03771588509408336,0.03734825656478691
2739,0.05404695373675866,0.05348256564786913
2740,0.039107678420058134,0.041253196930946257
2741,0.042462549907532676,0.03953111679454391
2742,0.04230736741108815,0.0426086956521739
2743,0.03706217739239964,0.036393861892583146
2744,0.06114477274379876,0.05902813299232745
2745,0.04584981266204341,0.04526570048309175
2746,0.04463544465489894,0.04135265700483093
2747,0.046511298242044086,0.04470081790787761
2748,0.054140851710209936,0.05350900307422046
2749,0.061274977960149135,0.061625158294639104
2750,0.024943301840984755,0.026091261300043078
2751,0.0527999745128554,0.05224489795918369
2752,0.04033890301598081,0.04086956521739121
2753,0.056170887100006395,0.055735617039964824
2754,0.03670701455372771,0.03644425312096422
2755,0.03811756560573987,0.037445091887046145
2756,0.05015184588739047,0.049104606112785276
2757,0.04673912391299617,0.04739130434782607
2758,0.035380787034491046,0.03478260869565214
2759,0.04359910797601213,0.04258717176065441
2760,0.04243919314200678,0.04130434782608694
2761,0.037128952312686814,0.03259578131726221
2762,0.03599257176242465,0.03660518225735615
2763,0.04360092716819686,0.04308300395256914
2764,0.03290579961994855,0.03343521308652603
2765,0.04333600999288251,0.042608695652173845
2766,0.03932128005634583,0.040478700043917404
2767,0.031105072605975392,0.03131701139721399
2768,0.05372033879616289,0.055652173913043446
2769,0.04494784330931639,0.045139905294877325
2770,0.03856616153033665,0.037488908606921056
2771,0.03361460939830202,0.033417993973310356
2772,0.03902994976883778,0.04228788518362181
2773,0.034061210085402804,0.033478260869565235
2774,0.04390586188825707,0.045942028985507255
2775,0.029775576574807283,0.029965899403239682
2776,0.05238594708488681,0.04996986655187252
2777,0.041040850073889634,0.04347826086956519
2778,0.0405844820495177,0.042126560482135145
2779,0.04019812306930953,0.042608695652173845
2780,0.032454778230381676,0.029948849104859343
2781,0.036818194029950624,0.036521739130434716
2782,0.05240913609974429,0.04964589870013453
2783,0.041320309984005654,0.0409530083443127
2784,0.04233650941881251,0.04579414374445434
2785,0.04714859131968613,0.046601597160603414
2786,0.03755362774788473,0.03619343389529728
2787,0.03857202359327505,0.03900255754475712
2788,0.039343820233066984,0.03875713658322355
2789,0.04209382659770328,0.04118729096989954
2790,0.031226099032430454,0.029604743083003926
2791,0.041389392624212706,0.04004436557231589
2792,0.03606461036040176,0.0317391304347826
2793,0.03377291967156759,0.03641943734015346
2794,0.0498207548366032,0.04782608695652174
2795,0.034122079774076775,0.03258286698235047
2796,0.03856777511037679,0.03913043478260869
2797,0.033147611476654404,0.03392156862745099
2798,0.03569039598781254,0.036939302625914716
2799,0.035567317919755204,0.03350021958717614
2800,0.0430547155741422,0.04480017566974087
2801,0.04243860194219978,0.040383125269048636
2802,0.02976011950470253,0.03224114746750334
2803,0.044386340490293885,0.042135170038743064
2804,0.03993733201600369,0.040596145226355795
2805,0.0563394506934925,0.05769820971867007
2806,0.053283566423809325,0.05534161490683226
2807,0.03915489012791784,0.03913043478260875
2808,0.04973989578690327,0.05045674132630648
2809,0.05271965458239242,0.054347826086956486
2810,0.03184359976004453,0.03310057092665791
2811,0.03267916123626219,0.03219587176108918
2812,0.058670843755564306,0.05646206308610402
2813,0.052164553424669136,0.0504611330698288
2814,0.0464147512919984,0.04601023017902822
2815,0.05332160419122506,0.05296168747309504
2816,0.03185606926033485,0.032173913043478275
2817,0.047563829845164496,0.046457167455876025
2818,0.04032426028511371,0.04304347826086957
2819,0.0410916751461089,0.04130434782608694
2820,0.05749528500942791,0.05869565217391304
2821,0.04866776707189491,0.04826086956521747
2822,0.049685525834077204,0.05055900621118026
2823,0.04288293134741311,0.04382779198635972
2824,0.0374627287289121,0.03826086956521735
2825,0.053143020037138555,0.05433921653034868
2826,0.04947276962419894,0.049104606112785276
2827,0.03748439521507152,0.03828239345673695
2828,0.0502320799904698,0.04999999999999999
2829,0.054355308924598944,0.05386999569522172
2830,0.05163691719473468,0.04950064571674556
2831,0.030341520228772845,0.030434782608695643
2832,0.030385631795652457,0.02914334911752048
2833,0.04310278549694724,0.044663256606990664
2834,0.04889797523813544,0.047808867843306124
2835,0.036216276381486445,0.036184560780834096
2836,0.04107947251806987,0.03999999999999998
2837,0.043114128080547265,0.04304347826086963
2838,0.03902989673896495,0.03745853877185107
2839,0.04542108056659816,0.046095740008783526
2840,0.0455052182163877,0.044787000439174385
2841,0.0567807100063234,0.05833185448092282
2842,0.03748056033075753,0.036048213517003824
2843,0.04113842610406149,0.040869565217391324
2844,0.03297750656713688,0.03260439087386996
2845,0.03575033825513935,0.035178648299612536
2846,0.04271004928639083,0.04347826086956519
2847,0.043379049545985704,0.04130434782608694
2848,0.04540272175574739,0.04301685891748003
2849,0.0347589995776143,0.03434782608695652
2850,0.04208338610087481,0.04391304347826086
2851,0.03508887628442503,0.03658322353974541
2852,0.04113699473832444,0.038695652173912964
2853,0.06783235043376284,0.06657883179622309
2854,0.04633772891957316,0.04704435660957401
2855,0.032321113123856327,0.03347395609126125
2856,0.027407473331484633,0.02688054031236803
2857,0.05444185104878657,0.05481335090030742
2858,0.050419062551125216,0.04999999999999999
2859,0.043955605698338174,0.045248133509003086
2860,0.04244801672365611,0.03982949701619787
2861,0.034755437591340754,0.03340507963839873
2862,0.057337250978697574,0.05960913482652608
2863,0.03526187561015426,0.036086956521739155
2864,0.04917305358248858,0.04735256134309079
2865,0.04341431135157958,0.04442248572683344
2866,0.04685276751396883,0.04606112785191563
2867,0.04095220620112261,0.04130434782608705
2868,0.03656905254489973,0.03872975277067353
2869,0.03711248225865049,0.03948849104859331
2870,0.05119516455132295,0.04919191919191912
2871,0.04324188057624595,0.0430047352561343
2872,0.04187681806597093,0.03870882740447962
2873,0.05376863888926631,0.05495119787045255
2874,0.03513873474734042,0.03086956521739137
2875,0.0516264486837541,0.05304347826086958
2876,0.04383883703040897,0.04347386912604295
2877,0.05122891590727696,0.050434782608695716
2878,0.04222783144721082,0.042608695652173956
2879,0.0356470702588913,0.036396234872254574
2880,0.053875244681026224,0.055217391304347774
2881,0.04353895512204467,0.04259603208104687
2882,0.03350640974560615,0.03652173913043477
2883,0.034360631164860045,0.03335038363171361
2884,0.051354816021747685,0.05212656048213521
2885,0.03766693901598239,0.03652173913043488
2886,0.041541749253682814,0.04167886353852779
2887,0.04901394755340199,0.05180061484409315
2888,0.048588453213351424,0.04776582006026692
2889,0.024810130496137228,0.02474850809889173
2890,0.041020909669706174,0.0407672634271099
2891,0.05224202364563624,0.052679680567879306
2892,0.039315986860083585,0.03739130434782617
2893,0.05052647531123927,0.05040034438226426
2894,0.04050888845367612,0.040676826535186006
2895,0.023335048960170912,0.02437856829161178
2896,0.048867654232991276,0.047498879426266294
2897,0.04782603017768483,0.0486018755328218
2898,0.041897547320885686,0.039539641943733994
2899,0.06004656944744868,0.05744839701361437
2900,0.025868112070962512,0.026956521739130435
2901,0.03185596067793062,0.029130434782608683
2902,0.06275036899511172,0.06266578831796221
2903,0.04825599387225554,0.04600947051226856
2904,0.03580567795458284,0.03347826086956518
2905,0.04215178125711411,0.04134387351778657
2906,0.03819841530918994,0.0360869565217391
2907,0.03795404213296266,0.04037510656436488
2908,0.05738969697372809,0.05739130434782613
2909,0.04104637707270126,0.03869565217391302
2910,0.03526528738821755,0.033478260869565124
2911,0.05150820013277724,0.05440931049626707
2912,0.03454235735728517,0.03435221783047876
2913,0.02664880401805292,0.02695652173913049
2914,0.057605927910342414,0.05652173913043479
2915,0.052416722114373704,0.05132630654369785
2916,0.03342254271353612,0.03348256564786917
2917,0.04226897849594563,0.041304347826086885
2918,0.045511217855631836,0.046161616161616126
2919,0.0371084313295198,0.0377873439517864
2920,0.05746138325960076,0.0631765749778172
2921,0.054446776473610126,0.055217391304347885
2922,0.03962554850662248,0.03956521739130431
2923,0.04183092435575314,0.04217391304347823
2924,0.03593120042967335,0.035217391304347756
2925,0.049107147090289294,0.05181818181818182
2926,0.04981755448011338,0.051304347826087005
2927,0.043991901980066805,0.03998294970161986
2928,0.04669029159761906,0.04695652173913045
2929,0.043571564638150984,0.04171355498721219
2930,0.05092429234775253,0.05090030742204654
2931,0.03924272026357817,0.037870004391743484
2932,0.04037636031962566,0.04255804136766561
2933,0.055611553160676896,0.05604390873869991
2934,0.032835452476668914,0.03521739130434787
2935,0.054438032148836135,0.05398402839396621
2936,0.04875971362245296,0.046960826517434384
2937,0.05874707696863479,0.062413487133984036
2938,0.029406844180772107,0.026974088713219102
2939,0.0392118376054415,0.0383047870004391
2940,0.05403268536920253,0.05869565217391304
2941,0.03870378339784397,0.03566078346965129
2942,0.036314806478394024,0.039522591645353766
2943,0.037932117174240554,0.03693877551020408
2944,0.05867163734418296,0.057071872227151765
2945,0.05975903050527542,0.06127772848269741
2946,0.04700256355573973,0.04996125699526477
2947,0.050208499110044436,0.04999999999999993
2948,0.05207050426849813,0.052315882874889086
2949,0.04905677195661584,0.048757763975155244
2950,0.044383876973876635,0.042966751918158574
2951,0.043767344632297756,0.044757033248081834
2952,0.036176360997338286,0.03616681455190779
2953,0.033666358884925196,0.030461676378305658
2954,0.03919566423660936,0.040383125269048636
2955,0.035475418348693555,0.03695652173913039
2956,0.03971756254736658,0.03913043478260869
2957,0.029046194785521284,0.028218243819266853
2958,0.047159883929032254,0.04645716745587608
2959,0.050934559943147995,0.0542488161859665
2960,0.05548876972994249,0.054010647737355755
2961,0.04173775567882304,0.03916556873078614
2962,0.03918244020081929,0.041304347826086996
2963,0.0359316030365327,0.03304347826086956
2964,0.05333896473041749,0.05304347826086947
2965,0.04564453884108066,0.04513213981244668
2966,0.03937300823570522,0.037391304347826115
2967,0.04578841772964681,0.04608265174343523
2968,0.03686256922673786,0.03962231005709266
2969,0.036451801301802256,0.03569169960474311
2970,0.04723476065321319,0.04887311446317649
2971,0.04337897316837047,0.04525691699604745
2972,0.04227721207717283,0.04130434782608694
2973,0.04962409948233398,0.0491304347826087
2974,0.046288647406991845,0.04440931049626701
2975,0.05045114173986859,0.05054125998225373
2976,0.05118746404182123,0.051291433491175265
2977,0.058672546555916194,0.05660242043926489
2978,0.06286612928025526,0.062173913043478246
2979,0.042534717716683546,0.042270531400966205
2980,0.037544700270993936,0.039565217391304364
2981,0.057086966948560414,0.056978480456741365
2982,0.04854957220265882,0.04671694764862461
2983,0.04820008690468225,0.04893769610040333
2984,0.027486697290952822,0.0290830822212656
2985,0.03019500032825173,0.02733162830349528
2986,0.052525246093466926,0.05263943785682912
2987,0.03862117713995378,0.038296003513394794
2988,0.04892848362921892,0.049556607834696564
2989,0.04332422494769844,0.041304347826086885
2990,0.04602074753423008,0.046061127851915684
2991,0.05094292243546533,0.05126172208013646
2992,0.06335940199235074,0.06474817046922077
2993,0.04261023922114565,0.0413263065436979
2994,0.03903907510492216,0.04046010975094977
2995,0.04035958370227688,0.039565217391304364
2996,0.05412394173716073,0.05294877313818336
2997,0.04191962483030792,0.04271517302573202
2998,0.04705437083688202,0.04641411967283693
2999,0.04149130292864461,0.04050944224857267
3000,0.04003424109992293,0.040447957839262194
3001,0.048209544165010554,0.04962231005709261
3002,0.03609185627827527,0.037826086956521676
3003,0.05121936387372189,0.050000000000000044
3004,0.05945537643962545,0.05854368932038845
3005,0.0452865435248202,0.04528326745718053
3006,0.05322265414580668,0.05354852876592009
3007,0.039487576318338324,0.039201419698314144
3008,0.040937741376436076,0.04298321136461475
3009,0.04438167856711256,0.04391743522178304
3010,0.044390905228926913,0.04517434352130861
3011,0.05071424115249956,0.05147293700088729
3012,0.052770369190217714,0.0499493457154917
3013,0.0468759361352184,0.04652173913043467
3014,0.05483950760644002,0.05387430047352576
3015,0.04366354360741409,0.04305208781747738
3016,0.045628317421780695,0.04391304347826086
3017,0.05435229461207758,0.05347826086956531
3018,0.03940731002979858,0.03915239350021965
3019,0.05353261154929845,0.051739130434782565
3020,0.04780349696719738,0.04956521739130437
3021,0.029094760946338616,0.028721227621483325
3022,0.04753597213771066,0.048796662274923075
3023,0.03649601625821347,0.03826086956521746
3024,0.049627120337117525,0.04787000439174355
3025,0.04018839263261448,0.04342660352991823
3026,0.04963014667719823,0.0486018755328218
3027,0.04774282076895808,0.04833992094861661
3028,0.034344727229451366,0.03217391304347822
3029,0.03566642476632115,0.034839701361440434
3030,0.052565969919002975,0.050939833113746114
3031,0.060166557189838876,0.05999999999999994
3032,0.04003502223494848,0.03826086956521746
3033,0.050966875725565686,0.0491089108910891
3034,0.041711095564311684,0.04127851915626357
3035,0.03465354925959352,0.03658322353974525
3036,0.041729346038242354,0.04047027506654843
3037,0.020505171169240444,0.021231166594920303
3038,0.04500342682481162,0.0434782608695653
3039,0.06719546418486039,0.06739130434782614
3040,0.05076057766682529,0.05017480950246522
3041,0.02761829920298836,0.029108910891089024
3042,0.04152368351172542,0.03870443566095744
3043,0.03771906320189722,0.03728900255754475
3044,0.05177460604092188,0.05217391304347824
3045,0.024762635933347987,0.02434782608695657
3046,0.052599703642980944,0.05227151730257318
3047,0.04128879287565018,0.03995737425404938
3048,0.04954502997465521,0.0486445012787724
3049,0.04060150603153223,0.03956521739130431
3050,0.04109817621955719,0.03916996047430832
3051,0.03769385376973,0.0375598935226264
3052,0.05025644350580971,0.04833992094861661
3053,0.06061355106508809,0.057864077669902925
3054,0.047712784491933447,0.047994676131322134
3055,0.046163490919762684,0.04826086956521741
3056,0.045376206167409616,0.042608695652173956
3057,0.05100761521347852,0.05050576752440111
3058,0.04130782869049826,0.040000000000000036
3059,0.04341043301145742,0.04442248572683355
3060,0.03615374406315014,0.037826086956521676
3061,0.03773367461574806,0.03652173913043477
3062,0.049048153678748985,0.04949203616013775
3063,0.04067536885621803,0.037391304347826115
3064,0.04555063517998692,0.04608695652173911
3065,0.04129616579675338,0.037826086956521676
3066,0.0402661094711253,0.04092226613965738
3067,0.03814148374188031,0.03782608695652173
3068,0.04039314740444566,0.04125269048643998
3069,0.05127407388553645,0.05173913043478262
3070,0.07070614575370754,0.06826086956521749
3071,0.05550416659067947,0.05304778303917351
3072,0.057260334117093414,0.05695652173913046
3073,0.04588355149653023,0.04578527062999116
3074,0.04467944313370553,0.04555746879035727
3075,0.03416910720284522,0.03583850931677024
3076,0.0368146430447851,0.0360869565217391
3077,0.03363908379680003,0.03298751614291867
3078,0.0522931927577544,0.05122686181661651
3079,0.033500601084915316,0.034331103678929775
3080,0.05816101620295494,0.0599317988064792
3081,0.03853200882737423,0.038695652173912964
3082,0.044271566401138274,0.04614844093104964
3083,0.05386681156156081,0.054228473998294946
3084,0.04334820044646115,0.043913043478260916
3085,0.05219767209249232,0.0522617479139218
3086,0.048143097950658464,0.05082815734989643
3087,0.02945295639661022,0.029923273657288973
3088,0.06342011030869471,0.06009057971014492
3089,0.04323211903833596,0.04565217391304355
3090,0.03285717023357532,0.03307897071872229
3091,0.03266622617175613,0.033478260869565235
3092,0.04809130127884409,0.048286196707471474
3093,0.04541873286952758,0.04434782608695653
3094,0.05466890684468423,0.05410825199645075
3095,0.04263175119063589,0.042604390873870024
3096,0.02405909617518881,0.023503588011819287
3097,0.024930127997705,0.02434782608695657
3098,0.049925826962805175,0.05130434782608695
3099,0.06734804504669228,0.06873517786561278
3100,0.031073925848407846,0.031357048748353156
3101,0.04448900376079867,0.04565217391304349
3102,0.03627816665193767,0.03394817742643824
3103,0.024751925234739625,0.02397891963109361
3104,0.04544603628397742,0.04434782608695648
3105,0.04423767252471317,0.04434782608695642
3106,0.04812175939206931,0.04996125699526471
3107,0.0377036975708403,0.03562634524321995
3108,0.03908527795543765,0.03782169521299944
3109,0.05167329022054212,0.04610452349582789
3110,0.04105994658094092,0.0404567413263065
3111,0.04071653680387166,0.038260869565217404
3112,0.03776793758648622,0.03779595350839432
3113,0.03769393093299428,0.03695652173913033
3114,0.05782349961410521,0.05601875532821815
3115,0.04901142504961803,0.04783926218708828
3116,0.028342359975865483,0.028695652173913067
3117,0.042401714750099184,0.04304347826086963
3118,0.04568261402471441,0.04428325441239783
3119,0.020391732285934883,0.017391304347825987
3120,0.04953259869908305,0.05165387894288148
3121,0.041380756814087594,0.04304347826086963
3122,0.03675847331815518,0.038695652173912964
3123,0.05179560642312847,0.052587171760654416
3124,0.03741300794523522,0.03779595350839432
3125,0.054144775856799554,0.05354037267080752
3126,0.03155277447732835,0.03400087834870441
3127,0.04726058814580281,0.047826086956521685
3128,0.043808927589007174,0.045157715260017106
3129,0.03567955141208712,0.035723158828749046
3130,0.039066273067104584,0.04130434782608705
3131,0.03627178011910276,0.0360869565217391
3132,0.028067828645022996,0.031840140535792594
3133,0.05303359104748595,0.057975406236275784
3134,0.03374399948109902,0.03521739130434781
3135,0.03754852933130287,0.037826086956521676
3136,0.05155488599687791,0.05080499354283252
3137,0.043495242008848634,0.04352262644188115
3138,0.048825493807095666,0.05049626701800608
3139,0.04919800832256038,0.048695652173913084
3140,0.051911926932821095,0.052173913043478404
3141,0.04912679121444691,0.04863233431827774
3142,0.049936674708263906,0.0516960826517433
3143,0.031870998345487456,0.03211364614722345
3144,0.03610471376555796,0.03395256916996042
3145,0.051343869631529704,0.04869565217391297
3146,0.04645924518803546,0.0491304347826087
3147,0.03291721153703986,0.03387430047352563
3148,0.04641946241117495,0.04788317962231009
3149,0.05274596662125197,0.05441809398331138
3150,0.0590720675804971,0.059130434782608654
3151,0.03826680517711484,0.038304787000439156
3152,0.04094220943995397,0.04044769694360745
3153,0.036685478649403025,0.03826086956521746
3154,0.04538215937973489,0.04759538598047919
3155,0.04139907167237061,0.04000887311446322
3156,0.042523700821536725,0.04090909090909095
3157,0.0636378964271061,0.06200341005967602
3158,0.029147081799702212,0.02913043478260874
3159,0.023441959944106527,0.024347826086956514
3160,0.031402773540432805,0.029600351339481745
3161,0.03674342211631759,0.04071611253196933
3162,0.04608086592076294,0.04603580562659837
3163,0.05348601018417398,0.0526086956521738
3164,0.02589693341185917,0.028328103989242404
3165,0.0446731144100474,0.04347826086956519
3166,0.054603664091017245,0.05505541346973575
3167,0.047287428787402164,0.046184560780833994
3168,0.04154855874720925,0.043091787439613505
3169,0.031832729491476364,0.02908780903665814
3170,0.043561381510838104,0.04301334481274216
3171,0.04699788452361087,0.04608695652173911
3172,0.03995192208634624,0.04043478260869571
3173,0.037738230802658757,0.03307037203047963
3174,0.04640535995519096,0.048613861386138546
3175,0.03744699802862328,0.04081360309944049
3176,0.047559072115134826,0.04401952085181898
3177,0.04708917799465345,0.04922266139657444
3178,0.0549534779388538,0.05304347826086958
3179,0.043298871199710987,0.045947657239341466
3180,0.034245969558017564,0.03476555839727191
3181,0.04836621778030703,0.04780456306500214
3182,0.03206530986656897,0.03346104175634956
3183,0.0431086944186877,0.04304347826086957
3184,0.03356710089043907,0.03480895915678528
3185,0.04736304768915428,0.04608695652173905
3186,0.0328504781079349,0.03434782608695647
3187,0.03764827771808782,0.03731457800511512
3188,0.051525455932976416,0.051252690486439934
3189,0.05610134348686796,0.05826086956521753
3190,0.04549867243554209,0.04565217391304349
3191,0.034748399017538956,0.03562659846547317
3192,0.034099874137484665,0.034034065441506
3193,0.041987597268342225,0.042608695652173956
3194,0.033766321366444474,0.0334958278436539
3195,0.051154465196224796,0.04904518329070767
3196,0.04759860221044926,0.04647869134739563
3197,0.036503678353352,0.036956521739130443
3198,0.05201792121535498,0.0534782608695652
3199,0.04542407839853119,0.04437417654808962
3200,0.028090993734998237,0.028260869565217284
3201,0.03816814721953388,0.0369872639437856
3202,0.04292802015970676,0.04354924578527064
3203,0.04681770045010508,0.047296599225139846
3204,0.03757891619711026,0.036696548632900006
3205,0.0498503430145929,0.049130434782608756
3206,0.04447647658823023,0.04538598047914816
3207,0.042062708487204614,0.041881100266193405
3208,0.028464112992244106,0.02699062233589089
3209,0.03308733677469017,0.03176548089591563
3210,0.044851073862467006,0.0452972493345164
3211,0.05071843604312115,0.05260869565217391
3212,0.045217406869380306,0.04695652173913051
3213,0.03996978791163697,0.04042617305208779
3214,0.06562412581035348,0.06304347826086959
3215,0.03757104515688625,0.0374176548089592
3216,0.046181664395470445,0.04607404218682737
3217,0.03193492539103798,0.03217391304347822
3218,0.04118479056845398,0.040447957839262194
3219,0.05383220488021001,0.051696082651743414
3220,0.04395116042573172,0.04736117089969866
3221,0.052195757639985074,0.051304347826086893
3222,0.03463896071819256,0.033478260869565235
3223,0.039728067942700396,0.03916556873078608
3224,0.04183360270867881,0.038358473824312345
3225,0.032631564761291976,0.03301764959104603
3226,0.06323374938590581,0.060895915678524315
3227,0.041127833313923945,0.04156862745098033
3228,0.0387395417397271,0.036144049187527394
3229,0.03998320807759903,0.040434782608695596
3230,0.04401546233351167,0.044739560912613
3231,0.044860718017805334,0.04176987263943782
3232,0.026825009901818353,0.025626345243219883
3233,0.04572423642376028,0.04358473824312342
3234,0.04656123311852045,0.04782608695652174
3235,0.05159023397732304,0.05112705783030813
3236,0.047427343120678145,0.046521739130434725
3237,0.04932321727179917,0.049130434782608645
3238,0.042831295275990666,0.04307422046552484
3239,0.04548792361453163,0.04478691347395608
3240,0.03988894801744164,0.04043478260869565
3241,0.04331597929570735,0.04358805445761971
3242,0.023650349227009315,0.024748170469220843
3243,0.052802174325195406,0.05353535353535355
3244,0.042114508730235534,0.0426086956521739
3245,0.04247841188611229,0.04043047783039172
3246,0.04936124803946684,0.049070758738277875
3247,0.049870805641198834,0.05123614663256604
3248,0.044552359815023757,0.045217391304347876
3249,0.025788226325666685,0.0243563512361466
3250,0.05129110456397307,0.049454390451832864
3251,0.04116896053933755,0.0426086956521739
3252,0.04391394524620229,0.042595781317262105
3253,0.041452808436915956,0.0412268618166165
3254,0.036070040721166596,0.03248205994090331
3255,0.03526171636675007,0.03652173913043483
3256,0.03511002783044648,0.03698287220026342
3257,0.031516788346147184,0.029191919191919102
3258,0.03920844612578289,0.03958278436539303
3259,0.04410370922868978,0.04478260869565215
3260,0.04460753477025836,0.04430477830391738
3261,0.039158463963344214,0.039372478709099046
3262,0.02524444946835741,0.023904433921653145
3263,0.041711684708798824,0.04127024722932643
3264,0.03586546179694006,0.03391304347826096
3265,0.03369089249650131,0.03434782608695647
3266,0.04846754711884388,0.049281277728482675
3267,0.0355426317898247,0.03391304347826085
3268,0.030942279226958136,0.030523427606585052
3269,0.04612285429393198,0.044369784804567436
3270,0.054889803632519996,0.054757281553398096
3271,0.03729161426769845,0.03655248133508998
3272,0.04718920471320648,0.04440931049626701
3273,0.04270755763774681,0.041428571428571426
3274,0.05020656300680981,0.05301790281329921
3275,0.05252685199579504,0.05037021093413685
3276,0.027891507695398776,0.028661213947481667
3277,0.058477200753939085,0.0605023216547067
3278,0.04264808128160208,0.04000000000000009
3279,0.0331126239924911,0.031691777873439464
3280,0.027084381047409067,0.0260611278519155
3281,0.04778622769771024,0.04876152832674574
3282,0.04411498081600923,0.041291433491175256
3283,0.026108055242163475,0.02565217391304342
3284,0.0512468351413079,0.050434782608695605
3285,0.04139342643092103,0.04391304347826075
3286,0.04571963533389389,0.04826086956521736
3287,0.042873125357821285,0.04217391304347823
3288,0.050792415130332336,0.04956521739130443
3289,0.048381653191569673,0.04699686239354545
3290,0.06049449618604946,0.0590529487731381
3291,0.048271167310485474,0.049505541346973436
3292,0.05072441201557448,0.052949701619778355
3293,0.05220661927728948,0.04996589940323959
3294,0.04966821730931109,0.04695652173913045
3295,0.06453703690830442,0.0666227492314449
3296,0.04366450164250041,0.046086956521739164
3297,0.049545000452942384,0.04986359761295825
3298,0.04273683735851713,0.04428815004262576
3299,0.04786205724275849,0.04784383318544805
3300,0.04537544994153769,0.04684569479965894
3301,0.04175374164523582,0.0439219165927241
3302,0.028144370869319202,0.026548089591567958
3303,0.03165666576355314,0.02823529411764708
3304,0.028330156661621975,0.02608695652173909
3305,0.0416928455949947,0.040869565217391324
3306,0.03155982016886011,0.03232475598935225
3307,0.04092804912150266,0.040780920219501915
3308,0.06601465871217368,0.06956521739130439
3309,0.033970473345906915,0.03217391304347822
3310,0.037375588618173916,0.037339647008179044
3311,0.050552160044602334,0.04876288659793815
3312,0.03787125164318228,0.03698314108251993
3313,0.03693673076871046,0.0378656126482213
3314,0.036270943522364374,0.032689376961004046
3315,0.043900498468687765,0.04304347826086957
3316,0.043977057180201784,0.04529205094422489
3317,0.020555138369234782,0.01995264743865688
3318,0.04418789946886548,0.042608695652173845
3319,0.043358828519040105,0.0426086956521739
3320,0.037107494511858075,0.03564786913473955
3321,0.04345170091045136,0.0426513213981245
3322,0.0533208523377508,0.05086956521739128
3323,0.04801742183205743,0.04772378516624043
3324,0.026423358512670192,0.026521739130434707
3325,0.04401127816043304,0.04354924578527053
3326,0.04652725729988172,0.04482652613087401
3327,0.05093048593213506,0.05173913043478262
3328,0.03483986302433156,0.033793691389599256
3329,0.04258711313215163,0.04217391304347823
3330,0.030169576475936488,0.03184043900379918
3331,0.046082338179688764,0.04571365832235391
3332,0.05014745044565594,0.04731457800511507
3333,0.05488856203310166,0.053043478260869636
3334,0.034779508548608284,0.03224489795918367
3335,0.043698704773513675,0.04304347826086957
3336,0.04713328179291526,0.04834431269213879
3337,0.047598642996329155,0.04921916592724046
3338,0.04845804971026074,0.04956521739130443
3339,0.045839517014288955,0.046978045630650056
3340,0.05232328651325863,0.05173913043478262
3341,0.04154670868882876,0.04086956521739121
3342,0.0441731749519797,0.04643648763853364
3343,0.027777363945141187,0.028670076726342697
3344,0.042693413055724494,0.042583120204603586
3345,0.033888762700309105,0.02956521739130441
3346,0.054942380481481035,0.0552920509442249
3347,0.04744855969921152,0.04956521739130437
3348,0.040929623709290985,0.03866121394748179
3349,0.051144738059537176,0.050434782608695716
3350,0.044614256363359195,0.04128282393456739
3351,0.0480200972280454,0.04652173913043489
3352,0.03199671158931716,0.02871339840283943
3353,0.049241419818965515,0.04797101449275365
3354,0.038038668091685934,0.03822643133878606
3355,0.04064550799857458,0.04133984028393961
3356,0.05064123107162055,0.05137900746596402
3357,0.0441682316728651,0.04521739130434782
3358,0.042473412055601345,0.0429918209212225
3359,0.05209248020219792,0.05219587176108914
3360,0.03809631537722019,0.037830391734825775
3361,0.05093297522516488,0.052244897959183634
3362,0.058060501228484496,0.05901960784313731
3363,0.04921015710666393,0.05141082519964513
3364,0.02759078289289002,0.028717610891523915
3365,0.045383745234036044,0.04658761528326749
3366,0.03406161378462419,0.03482213438735188
3367,0.04528077598299385,0.044339042599912115
3368,0.05057204813739974,0.04826517434352129
3369,0.03915348791911927,0.04008783487044354
3370,0.05308406984465258,0.05304347826086958
3371,0.045372881950061617,0.0469565217391304
3372,0.04828273559498025,0.049130434782608645
3373,0.043019350567653936,0.043575865128660185
3374,0.04603727814926123,0.044361001317523074
3375,0.06556413651654447,0.06695652173913053
3376,0.05039762324797223,0.050447957839262286
3377,0.04906716441972936,0.04919191919191923
3378,0.03179957695377916,0.032531969309462894
3379,0.04191421543325774,0.045157124408093
3380,0.03996060665550477,0.042248572683355246
3381,0.03954511356319168,0.03865690916917769
3382,0.04128925817072593,0.03953938872148083
3383,0.03848652149301757,0.03736572890025569
3384,0.03442249406128739,0.032608695652173836
3385,0.029933980855839926,0.02783039173482571
3386,0.036695022150989576,0.03782608695652179
3387,0.04318850866788898,0.04042186827378402
3388,0.04603573873254241,0.04749231444883606
3389,0.03268275877370369,0.035024652622142494
3390,0.0564724898347867,0.05661047027506655
3391,0.03464768878499974,0.03307897071872229
3392,0.04277127879149756,0.04559190701678867
3393,0.04401028587929201,0.04169608265174335
3394,0.0241935426395421,0.026543697848045666
3395,0.03700553809197571,0.038695652173912964
3396,0.04282528243346978,0.045615942028985446
3397,0.029649191620633897,0.027852437417654752
3398,0.042227177428417695,0.04054235768713582
3399,0.04471958684997179,0.04444543034605147
3400,0.022945912701153648,0.025217391304347914
3401,0.034757277050591895,0.035217391304347756
3402,0.041857475634477115,0.03999999999999998
3403,0.04977555456899074,0.05357048748353105
3404,0.04166888700078858,0.040391734825656445
3405,0.04059732030854729,0.04134826526130875
3406,0.03514979717369798,0.03433077578857624
3407,0.024330813921825234,0.022237230899113614
3408,0.032213913309505904,0.03228039041703634
3409,0.05082794459799167,0.05100403406544146
3410,0.05010454025738581,0.04780456306500219
3411,0.049437072345909105,0.048695652173913084
3412,0.036209203167329285,0.03686274509803916
3413,0.041123221830116685,0.04173913043478261
3414,0.051879028342236344,0.053056141831996584
3415,0.013310860660530166,0.01515771526001708
3416,0.039046717735104375,0.039999999999999925
3417,0.047641573763947564,0.04746157224418096
3418,0.046792733331719516,0.04743083003952564
3419,0.027728871054258364,0.031244080929832052
3420,0.044670641135389544,0.04521739130434799
3421,0.04906970043704706,0.04568730786122083
3422,0.04307481030042215,0.045161429186396984
3423,0.03201611775734242,0.03136766568172222
3424,0.04338142168732012,0.04267968056787935
3425,0.04571493484325906,0.04613526570048304
3426,0.04546959297013031,0.046521739130434836
3427,0.042640129876601984,0.043913043478260916
3428,0.04169813194850719,0.04263943785682922
3429,0.051537564576848716,0.05086956521739139
3430,0.03287873341781983,0.03391304347826096
3431,0.03603494304739868,0.03913043478260875
3432,0.05211945458962586,0.05173913043478262
3433,0.03203494161970549,0.03519156263452439
3434,0.025729829849993446,0.02615722441809404
3435,0.04970377886243621,0.04826086956521741
3436,0.05857201296840486,0.059130434782608765
3437,0.05568511382384489,0.05618357487922704
3438,0.04420195334310323,0.040869565217391324
3439,0.04003113568494471,0.041787439613526545
3440,0.0368824959585925,0.03521739130434787
3441,0.042855217270527046,0.0447192908400168
3442,0.04597725211006404,0.04386999569522171
3443,0.0290164000324748,0.027852437417654752
3444,0.035262902836667664,0.03130434782608699
3445,0.044926549925785264,0.04619343389529729
3446,0.04138241324612485,0.041308652604390816
3447,0.04428046442554712,0.044313725490196076
3448,0.033518474311327595,0.031721563460693936
3449,0.04080861714422246,0.041304347826086885
3450,0.02582931516360215,0.022213438735177837
3451,0.037353399651892716,0.03565217391304348
3452,0.04371813431409227,0.044321997417133
3453,0.05531873921630692,0.05608695652173906
3454,0.029879326778346815,0.02793256433007979
3455,0.05401887928886573,0.05127421437795948
3456,0.047166270238515606,0.04565217391304344
3457,0.04585708238362046,0.04747035573122527
3458,0.04669812398958062,0.04349143610013173
3459,0.04279623595920384,0.042608695652173956
3460,0.04506596005803082,0.043504611330698356
3461,0.042334456564174505,0.04304347826086957
3462,0.043676474812167354,0.04514851485148513
3463,0.04305786367127307,0.04262644188110032
3464,0.04639432641570018,0.04434782608695659
3465,0.07308301041302578,0.07374581939799335
3466,0.04622733225857803,0.04521739130434785
3467,0.045899553870593746,0.04517003874300468
3468,0.04043229917653485,0.04178304787000425
3469,0.038983511359671597,0.03956521739130442
3470,0.050632751050410485,0.048708827404479516
3471,0.057246996400696526,0.054309083082221266
3472,0.04936886807584845,0.05086956521739122
3473,0.05192111487543022,0.050391734825656564
3474,0.052190340010044134,0.05181379007465964
3475,0.044436564537218726,0.04225377107364686
3476,0.04230060676708891,0.04089645898700134
3477,0.03582014198681205,0.03473956091261299
3478,0.04453310750054945,0.04657552666965492
3479,0.05553315947998139,0.05633178556352886
3480,0.029834606220295545,0.030922266139657484
3481,0.03178472805430138,0.033930610452349574
3482,0.054258657739527205,0.05434782608695654
3483,0.04139974898371629,0.03913043478260875
3484,0.04260796079273271,0.038695652173913075
3485,0.033042447011441156,0.0304347826086957
3486,0.0538914818651115,0.05090030742204649
3487,0.04374995387294012,0.04436127297176151
3488,0.042755230788164844,0.04313220940550133
3489,0.04360889253014866,0.04565217391304349
3490,0.05864874226598013,0.05928127772848271
3491,0.04388710084296893,0.044422485726833494
3492,0.043643238327073175,0.0444543034605146
3493,0.04631200651713735,0.04434782608695648
3494,0.03959676165544007,0.0369565217391305
3495,0.05756317059700666,0.05865260439087383
3496,0.03923291624826486,0.038669823504089595
3497,0.05112713575316985,0.04790594498669032
3498,0.05815611734848497,0.056407766990291375
3499,0.04939330109505985,0.04866121394748174
3500,0.029525788905273465,0.029565217391304355
3501,0.04106114529115279,0.040434782608695596
3502,0.0418934787956482,0.04441370223978919
3503,0.03589415235006904,0.036610470275066476
3504,0.04815069875727046,0.0487133984028395
3505,0.039946195268596774,0.040000000000000036
3506,0.040967321787631295,0.04086956521739127
3507,0.04650734097376841,0.046030994403788106
3508,0.03957961061672444,0.03652173913043483
3509,0.05357465602966521,0.05392182696530512
3510,0.04493340754177755,0.04304347826086952
3511,0.03845941053514684,0.03650399290150835
3512,0.048082746486867944,0.04887311446317655
3513,0.045524802471129944,0.046462063086104066
3514,0.031089232531255562,0.030887311446317678
3515,0.04192774079272038,0.03913043478260858
3516,0.04739773553093757,0.04434782608695653
3517,0.04078105810221089,0.040000000000000036
3518,0.04233218910739617,0.0403917348256565
3519,0.029000367782853254,0.02735256134309083
3520,0.04691381835867858,0.04608695652173922
3521,0.03545366089014079,0.03606162937948504
3522,0.03596186600761403,0.03472664657770125
3523,0.04052750556338153,0.039104606112785156
3524,0.040688398937442805,0.043430908308222105
3525,0.04341772648655795,0.04608695652173911
3526,0.04332511447444287,0.04440491875274488
3527,0.030595412377846964,0.03172208013640243
3528,0.02604659338835147,0.026124947235120433
3529,0.04176969070257386,0.04226613965744391
3530,0.04782923698385122,0.04438331854480926
3531,0.04049590223338556,0.039978476108480376
3532,0.03574503127506673,0.03346104175634951
3533,0.023367104653157666,0.02250639386189257
3534,0.04772872847892723,0.04999999999999993
3535,0.055187029589362,0.055746302106678636
3536,0.03632015852803555,0.03820921222557033
3537,0.029448404953396068,0.029565217391304355
3538,0.04587186889885175,0.04550724637681164
3539,0.03805555669978955,0.04005323868677907
3540,0.0604344822644067,0.06000000000000011
3541,0.04370434668976764,0.042975277067348716
3542,0.04807004847507196,0.05014196983141078
3543,0.040144924221305334,0.03956521739130442
3544,0.04672176808313672,0.04346534653465339
3545,0.056760460933899914,0.05441881100266194
3546,0.04659542584417681,0.044296675191815904
3547,0.04279267888453431,0.04262187088274039
3548,0.035718233757698115,0.0360869565217391
3549,0.04419237000407367,0.04434782608695653
3550,0.056814311196053124,0.058260869565217366
3551,0.03956436044182943,0.03695652173913033
3552,0.03863034645121832,0.039931123547137404
3553,0.051822905106488515,0.052227151730257326
3554,0.033388458010077116,0.03130434782608693
3555,0.04762019074035795,0.04648299612569956
3556,0.04492135912418166,0.04558760223848474
3557,0.05225985281368317,0.05574879227053148
3558,0.04615579703413697,0.04612648221343879
3559,0.05262348208921219,0.0500000000000001
3560,0.04129656129686615,0.04184453227931495
3561,0.04080745348151937,0.040434782608695596
3562,0.05535234782589621,0.052561343090830825
3563,0.04271036870520872,0.04347826086956519
3564,0.05146126377173532,0.050000000000000044
3565,0.0566556154956796,0.056005165733964746
3566,0.05743054012455728,0.05739130434782613
3567,0.03396389375545367,0.033965744400527076
3568,0.049098509494463316,0.047826086956521796
3569,0.04542729552913116,0.04706631532718486
3570,0.04446521735118136,0.04294970161977829
3571,0.05116829113274818,0.04913043478260881
3572,0.049258340420311186,0.04936913895993178
3573,0.037829304052808765,0.040000000000000036
3574,0.04294687295559424,0.04554987212276218
3575,0.03828383264501878,0.03741282823934572
3576,0.0418218725821482,0.04173913043478261
3577,0.055367735022820136,0.053043478260869525
3578,0.046127882864843206,0.046870426173052204
3579,0.028229080110625304,0.028260869565217395
3580,0.03995640073668405,0.04310496267018005
3581,0.03234701194044831,0.032173913043478275
3582,0.05123969515020432,0.050774860094705
3583,0.03984174288900627,0.04270092226613964
3584,0.034928642501021956,0.03350021958717603
3585,0.0547891756549751,0.0548177426438296
3586,0.04935343184684643,0.051219096334185865
3587,0.03359260958406657,0.036086956521739155
3588,0.05186558844166406,0.05130434782608695
3589,0.03711092256176041,0.035380434782608716
3590,0.047740665047748876,0.046086956521739164
3591,0.0455409060221566,0.044782608695652204
3592,0.04345402158099154,0.042689376961004
3593,0.04530088860190118,0.04135869565217393
3594,0.04612491260097845,0.04305226174791399
3595,0.04618236420909938,0.048184143222506415
3596,0.05236334612782062,0.052675930076198973
3597,0.05015310088693464,0.04874396135265702
3598,0.055527873241650816,0.054612105711849934
3599,0.04798247483066054,0.0491304347826087
3600,0.04813589662486473,0.04826086956521747
3601,0.05002226198261889,0.050434782608695716
3602,0.044720053368763,0.04338448422847396
3603,0.04522001905467876,0.04689195006457164
3604,0.041533482945864175,0.04219587176108919
3605,0.0421199428480471,0.039936682144364744
3606,0.05287850855464221,0.051339481774264395
3607,0.04977020684639427,0.04826086956521736
3608,0.042659687368080124,0.04296675191815852
3609,0.03518023858961833,0.03565217391304354
3610,0.03506551272167646,0.03307861220904698
3611,0.05778622629843755,0.05393500219587172
3612,0.040141371026037875,0.039513560051657404
3613,0.04306363876565339,0.04169177787343947
3614,0.03192536957443615,0.029600351339481856
3615,0.044345335224698024,0.0426086956521739
3616,0.035991901446188135,0.03573561703996475
3617,0.03529638784207878,0.03440106477373556
3618,0.046771324652792046,0.04565217391304355
3619,0.04503802191096068,0.04391304347826086
3620,0.038591675561783834,0.03829161176987267
3621,0.052735955071359863,0.052661934338953
3622,0.03704803050546496,0.03524271844660187
3623,0.04837630569738799,0.04444195428059172
3624,0.03345902628389552,0.03478260869565214
3625,0.04140581891833789,0.04055900621118014
3626,0.03525614594915549,0.03434782608695658
3627,0.05266731233564759,0.050852346104175716
3628,0.038916634612400136,0.038695652173913075
3629,0.04797022503770282,0.047865612648221256
3630,0.03724845408569971,0.03863538527765825
3631,0.04610318428734833,0.04393966282165035
3632,0.051878259774297664,0.05173060528559248
3633,0.03270737529225731,0.032021950189953574
3634,0.05546055309225362,0.055248133509003094
3635,0.05117126719199594,0.05175230566534922
3636,0.04009662385648882,0.041739130434782556
3637,0.038952969873399024,0.041674558760223746
3638,0.05930383863184091,0.0574977817213842
3639,0.02921450900216216,0.027826086956521723
3640,0.045982007774859224,0.04791831357048748
3641,0.0499165967092271,0.05184560780834069
3642,0.028854816140267248,0.027422046552481427
3643,0.041835883809295815,0.04344812742143778
3644,0.04235396750017539,0.039924018573237685
3645,0.03558509857514658,0.035626598465473114
3646,0.056283765712326295,0.056069906223358834
3647,0.04191403504374558,0.039974424552429666
3648,0.04289598406326012,0.04171330176495913
3649,0.04864804774377329,0.05002635046113313
3650,0.03718557309322501,0.036086956521739155
3651,0.0407238351071868,0.04302195436934997
3652,0.03822801815718929,0.03614404918752745
3653,0.04254163528056776,0.04390865173473879
3654,0.04706776293340037,0.04869565217391303
3655,0.03694371798720486,0.034782608695652195
3656,0.04036213742788769,0.03813299232736567
3657,0.04775851379444379,0.04652173913043478
3658,0.03657490184412027,0.035643390425999066
3659,0.03878075571605433,0.037391304347826115
3660,0.018878838230825812,0.019126130004304798
3661,0.03423642813553435,0.03483091787439607
3662,0.04533609641178943,0.04661934338952978
3663,0.04547401482625513,0.04652173913043478
3664,0.05281105601651043,0.054804132587171706
3665,0.036392613225561365,0.03995695221696083
3666,0.033448627526004804,0.03310935441370233
3667,0.03775514506191524,0.034800354924578614
3668,0.036301560412706435,0.03782608695652179
3669,0.04742728378107097,0.04487133984028391
3670,0.028221275454130834,0.027391304347826106
3671,0.05664419789799735,0.05647911338448425
3672,0.04415246207532203,0.046065432630219616
3673,0.04386402519112975,0.04300473525613435
3674,0.051077686449629345,0.05260869565217391
3675,0.05303187971730727,0.05298380221653881
3676,0.05054094998295794,0.04745341614906834
3677,0.06057499071430983,0.05828722002635045
3678,0.0461485299657885,0.04695652173913045
3679,0.04311274371757701,0.0434782608695653
3680,0.03968248942818153,0.036565656565656524
3681,0.05128285157131157,0.05173913043478262
3682,0.041243485822049286,0.03866155157715273
3683,0.03959216521328046,0.04130434782608694
3684,0.04343206013306172,0.04168797953964204
3685,0.02978102384744702,0.02917874396135256
3686,0.048073589864827404,0.04734015345268544
3687,0.03569225206395915,0.0335454952935903
3688,0.034318069917974925,0.03660957400087839
3689,0.030655390114559478,0.032173913043478275
3690,0.05316786005342894,0.05347826086956525
3691,0.03766148062246716,0.03870443566095744
3692,0.04009001515160565,0.03998243302591131
3693,0.04852404581225678,0.04956521739130432
3694,0.04292072955083076,0.036973572037510616
3695,0.049136630520101865,0.049078777442961574
3696,0.03512844490557698,0.03388291003013355
3697,0.04400928590137315,0.044782608695652204
3698,0.03514065046096537,0.03391304347826091
3699,0.05625119674352175,0.055652173913043446
3700,0.04702527936931428,0.04560102301790275
3701,0.04940859971742395,0.050434782608695605
3702,0.040182050403073766,0.038695652173913075
3703,0.03138049346042732,0.03520017219113214
3704,0.05173828502524752,0.05192546583850932
3705,0.05907522136942356,0.057891963109354405
3706,0.041038891956693635,0.04434782608695642
3707,0.05581877892880904,0.05608695652173906
3708,0.044360769934284894,0.04264822134387347
3709,0.05091889454655385,0.04871270247229326
3710,0.03592189309920801,0.03474386569091681
3711,0.050243828210723596,0.05170038743004729
3712,0.027744645672935497,0.0264545047064097
3713,0.06964393680810399,0.07086956521739135
3714,0.03173336287346423,0.032506393861892524
3715,0.05903589512814661,0.05603529918209216
3716,0.04074007032696347,0.03956521739130431
3717,0.02977377092343042,0.026952129995608254
3718,0.036169446696478647,0.03565217391304348
3719,0.04345512031885779,0.04415787252005077
3720,0.04200324690115742,0.043913043478260916
3721,0.040949397236385854,0.03871270247229325
3722,0.03553873304856092,0.036140195208518244
3723,0.058229281541450906,0.05826086956521742
3724,0.06733851219922657,0.06815004262574603
3725,0.042918331227140616,0.04086956521739138
3726,0.03617567110336389,0.03874835309617913
3727,0.0515197499865539,0.04999999999999999
3728,0.041088378834415795,0.040935441370224035
3729,0.04996047736440673,0.049539641943734114
3730,0.04597338720009808,0.046100131752305706
3731,0.05467880772650269,0.05260869565217391
3732,0.050503041390642545,0.04999999999999993
3733,0.058519578584063814,0.06006148440931047
3734,0.046514347758425,0.049517864829961344
3735,0.0613226198319613,0.06230700976042591
3736,0.03977635844787458,0.03739569609134824
3737,0.04689507499573187,0.04906223358908779
3738,0.04839704877308271,0.0493879273955255
3739,0.04945858593135927,0.05081841432225065
3740,0.03653221742928642,0.037883179622310026
3741,0.03857923596190932,0.0427062999112689
3742,0.04598270612268657,0.04746157224418096
3743,0.06405967413689695,0.06405501330967162
3744,0.0469529340584498,0.04826086956521747
3745,0.03887150654745175,0.040434782608695596
3746,0.04377727815226412,0.04434782608695653
3747,0.04818781527129323,0.05173913043478262
3748,0.04398733385304815,0.042165303486870365
3749,0.03053249513919931,0.028234250221827795
3750,0.05742761517656636,0.05866121394748175
3751,0.045544098609952066,0.04515281962978901
3752,0.051390590372772105,0.052608695652173965
3753,0.03547673246287236,0.03609987085665095
3754,0.049164716086515736,0.048269479121825165
3755,0.04935713312373158,0.04739991390443388
3756,0.04067774152631659,0.04098491570541257
3757,0.039578535790213254,0.03565647869134747
3758,0.0671146240209749,0.06922266139657446
3759,0.030092336054467428,0.031352657004830864
3760,0.03241590437600261,0.032173913043478275
3761,0.03691716395014166,0.038286196707471465
3762,0.02318388013672168,0.022595781317262198
3763,0.04605689140363095,0.04695652173913045
3764,0.04846429962789123,0.046978480456741356
3765,0.04547785478610833,0.04434782608695653
3766,0.042461392189800606,0.040434782608695596
3767,0.05809086003566882,0.056926388291002994
3768,0.046085473649518094,0.04527887571365835
3769,0.03396369421066847,0.03632246376811599
3770,0.043999346349553825,0.04318544809228042
3771,0.06239304874369231,0.061739130434782574
3772,0.030165576315235365,0.03040945546644158
3773,0.032550449547814164,0.03176108915239356
3774,0.03953600196404333,0.0396184560780834
3775,0.05579032373688109,0.055154073448712565
3776,0.050403264551067084,0.04691777873439523
3777,0.035035611782645304,0.03521739130434787
3778,0.04736150054137933,0.04521739130434782
3779,0.04580076000829231,0.046521739130434836
3780,0.06124438203430038,0.05911338448422848
3781,0.06167643326358957,0.06126990959965567
3782,0.04583288243072903,0.045270092226613934
3783,0.038447157354301154,0.038730786122090466
3784,0.03416671031809382,0.03434782608695636
3785,0.04698904000003701,0.04514066496163677
3786,0.05226252880978266,0.05086956521739133
3787,0.040787102636798134,0.04255273353422301
3788,0.05170848249080279,0.05304347826086958
3789,0.0694027433390994,0.07217391304347825
3790,0.03419731254230485,0.03304347826086962
3791,0.0459267280062875,0.0426086956521739
3792,0.04413445187354087,0.04217391304347823
3793,0.028630561237166063,0.0270237561631555
3794,0.02381224775895685,0.023043478260869554
3795,0.0316552046561121,0.0308098891730606
3796,0.035031307135310996,0.033478260869565346
3797,0.030428516729703925,0.0330786122090469
3798,0.027791865145875283,0.028726394378568332
3799,0.034397113324263706,0.032608695652173836
3800,0.05606295301719494,0.054826526130873965
3801,0.04235344746851938,0.04217391304347823
3802,0.03631831185885226,0.036248319139399354
3803,0.05109123360269466,0.0531400966183575
3804,0.04588648861384076,0.049680567879325566
3805,0.04589770879955041,0.045217391304347876
3806,0.055974369758352904,0.05619675010979358
3807,0.03684071120317167,0.03354924578527063
3808,0.04663375065978703,0.044782608695652204
3809,0.03942541380285858,0.03774083546462065
3810,0.03363619475033036,0.03363962348722549
3811,0.04619260060601238,0.04174800354924574
3812,0.042926121987503396,0.042630654369784915
3813,0.044458268013180924,0.04265306122448986
3814,0.04422869962191983,0.04478260869565215
3815,0.03784803534073372,0.0409760425909495
3816,0.03640016002110941,0.03831796223100559
3817,0.046358854400428307,0.04782608695652174
3818,0.04493716768761735,0.04247229326513219
3819,0.04681618060384268,0.046154190945764284
3820,0.03786301534302006,0.03869565217391302
3821,0.03926007895462974,0.037022397891963155
3822,0.05330537002958646,0.049836956521739084
3823,0.03912867060960934,0.04043478260869571
3824,0.03696615242615048,0.03478260869565214
3825,0.04151733664320861,0.04353535353535348
3826,0.05392337601939318,0.05391304347826087
3827,0.03885788344281421,0.03914800175669736
3828,0.037583649538454666,0.039130434782608636
3829,0.049377440912414916,0.050496267018006136
3830,0.03138371135908441,0.03170038743004733
3831,0.045354708575101155,0.042608695652173956
3832,0.0410578871532577,0.04310496267017999
3833,0.05751590919552607,0.05605251829530783
3834,0.028626992114098138,0.03478260869565225
3835,0.03563407431946469,0.03565217391304343
3836,0.05827052268833244,0.05852514919011084
3837,0.04211556528971655,0.042608695652173845
3838,0.046138755269540366,0.04753327417923686
3839,0.03126717209987867,0.030000000000000027
3840,0.05024184764533002,0.050935441370224044
3841,0.054975174491942114,0.052967496834107175
3842,0.02751219129008753,0.025639259578131735
3843,0.044813173660645966,0.046065432630219505
3844,0.04572916948190553,0.046521739130434725
3845,0.03196393550796767,0.032617305208781755
3846,0.04773424873028653,0.046820119352088685
3847,0.025788724673107277,0.026470081790787747
3848,0.031328944130868785,0.034288150042625753
3849,0.042944510275138126,0.04089618456078087
3850,0.04399940046450329,0.04570048309178748
3851,0.041712435372667556,0.04001721911321565
3852,0.032119727319237845,0.03170899698665525
3853,0.038337244616475086,0.03693499784761095
3854,0.04127648885148669,0.042173913043478284
3855,0.032799119026680645,0.032173913043478275
3856,0.04870103142256971,0.04999999999999999
3857,0.049091527921955314,0.05002195871761084
3858,0.037898107334657594,0.03913043478260875
3859,0.05669063720378775,0.05527062999112686
3860,0.055850803111950564,0.05521739130434783
3861,0.04388394578023408,0.042608695652173845
3862,0.027956013531506396,0.027416631490080223
3863,0.05311532601613095,0.05434782608695643
3864,0.05286109755458673,0.05130434782608695
3865,0.039623330805532986,0.038695652173912964
3866,0.04671800703356371,0.04739130434782607
3867,0.04161137669034243,0.039492036160137745
3868,0.04730941615852946,0.046521739130434725
3869,0.04326427333815658,0.04304347826086957
3870,0.034626359532994144,0.03346947738252076
3871,0.0380094975367703,0.03304347826086962
3872,0.0457574391783751,0.044396135265700465
3873,0.06168407573773593,0.06210571184995739
3874,0.04270208982111967,0.046521739130434614
3875,0.04164755664587466,0.04129582267689691
3876,0.03952158673693723,0.036629314208874886
3877,0.043079799866096835,0.04616681455190774
3878,0.0485197835609717,0.05108471537427167
3879,0.03151497649881274,0.030434782608695643
3880,0.03379412957796252,0.031752044769694454
3881,0.03609388729187918,0.033913043478260796
3882,0.05321701874110013,0.05173913043478251
3883,0.04446418754052278,0.04473956091261294
3884,0.054739664203685645,0.05263065436978476
3885,0.030287725152881473,0.0312656048213516
3886,0.03330877897823359,0.03212656048213519
3887,0.037881097878849024,0.03745718050065883
3888,0.03239523565421898,0.02907016788635386
3889,0.05338923204689572,0.053913043478260814
3890,0.03831020231669596,0.03521739130434781
3891,0.038639112387576224,0.03826086956521735
3892,0.04298079816595601,0.0454495567750105
3893,0.046999216272009536,0.0467258207630879
3894,0.05004253610952386,0.0539393939393939
3895,0.03707529233857387,0.03700043917435225
3896,0.043225789803390036,0.041270247229326484
3897,0.037634325745368014,0.038124467178175636
3898,0.047231560485831936,0.04861816616444253
3899,0.04320458933076976,0.04307422046552489
3900,0.04430417706488421,0.045626345243219846
3901,0.044673100320042014,0.045217391304347765
3902,0.052874000717529124,0.0518357487922706
3903,0.0484930350397037,0.049130434782608756
3904,0.05127134313784848,0.04793588054457615
3905,0.03943782773942334,0.03607817303469474
3906,0.029821010047906105,0.02775788576300081
3907,0.03708465329423083,0.03559621179509259
3908,0.04353497521890293,0.04138420585625552
3909,0.04079309554023164,0.03999999999999998
3910,0.03449091318296432,0.03173913043478266
3911,0.051087258729761886,0.048209718670076784
3912,0.036497076818777285,0.03573285522187358
3913,0.030747391512321087,0.031778656126482174
3914,0.0538218930294842,0.052958226768968386
3915,0.03858814016071771,0.03694360740421865
3916,0.043474067272568195,0.04267896354852879
3917,0.03381236155892153,0.036496411988180655
3918,0.042977536156708074,0.040843214756258184
3919,0.040164503146112474,0.04055900621118014
3920,0.03601941345282578,0.03521739130434781
3921,0.04105608614901651,0.04353096179183141
3922,0.03943096492728032,0.03960070984915709
3923,0.0394160211275989,0.0386569091691778
3924,0.022751738394459764,0.022608695652173938
3925,0.03854498717831606,0.035987946620748945
3926,0.02902744150104075,0.0295652173913043
3927,0.035540583954152105,0.03272404614019525
3928,0.049924273223305116,0.05226264418811005
3929,0.02628040275734672,0.029070758738277858
3930,0.04461906094504359,0.044782608695652204
3931,0.03497000227708785,0.036086956521739155
3932,0.037663623905228205,0.038695652173912964
3933,0.025005426433237332,0.022674571805006594
3934,0.033202042009324306,0.030460358056265957
3935,0.03977615378894844,0.038733642887294195
3936,0.035765932210203466,0.0360869565217391
3937,0.038343624497405526,0.036956521739130443
3938,0.03996102092356929,0.03909633418584829
3939,0.040114057033896755,0.040909090909090895
3940,0.02949349308476079,0.02959931798806481
3941,0.039462226025475944,0.04136583223539747
3942,0.052153616393158686,0.05164535379369145
3943,0.03341468709250883,0.03260869565217389
3944,0.05656856079328526,0.05776582006026687
3945,0.035904320968374814,0.036917778734395224
3946,0.04330941565590596,0.043913043478260916
3947,0.038500688621274204,0.03827843653930613
3948,0.032786967218861485,0.03043478260869567
3949,0.03894147077678711,0.03803904170363803
3950,0.03943365821771011,0.040000000000000036
3951,0.04849809797409693,0.0500658761528327
3952,0.06771221914280112,0.06833113746157232
3953,0.03044363963788449,0.032178304787000456
3954,0.04193789553899696,0.042271517302573114
3955,0.05413551257939109,0.05259147653895835
3956,0.06297657059608958,0.06255703831252685
3957,0.02703613530134924,0.027416631490080223
3958,0.03568566826338948,0.037391304347826115
3959,0.05150888079294136,0.05314888010540186
3960,0.05172651265256334,0.05456078083407273
3961,0.050657559222558934,0.049995608256477864
3962,0.0544485836353249,0.05338355574687903
3963,0.03753460914236151,0.0347058823529412
3964,0.04145547690924162,0.04124838570813616
3965,0.05125958188638002,0.050000000000000044
3966,0.030494337292451157,0.030383631713555015
3967,0.03536395570829026,0.0355242966751918
3968,0.03854409826375882,0.039530779164873076
3969,0.04134391565965395,0.040461133069828736
3970,0.04361136480806088,0.0456521739130436
3971,0.04635093249963057,0.04701800614844093
3972,0.046915196488023725,0.0460568230736117
3973,0.028249438462398913,0.02737408523461038
3974,0.03665163815483591,0.0360869565217391
3975,0.04880661440799944,0.04780851998243307
3976,0.05511138539236071,0.056790676826535214
3977,0.04275803522277993,0.04353535353535354
3978,0.04700000993825432,0.04773231031543046
3979,0.02781910595856424,0.028695652173913067
3980,0.049963462590889574,0.04999999999999999
3981,0.051047284513875135,0.04999999999999999
3982,0.054175341162622626,0.05357586512866014
3983,0.05274453531588019,0.053913043478260925
3984,0.04537071980774615,0.04478260869565215
3985,0.040405838637391306,0.03956521739130428
3986,0.05419689447060683,0.05652173913043479
3987,0.04285100893648447,0.043517786561264815
3988,0.037108825886631225,0.03826086956521746
3989,0.04474046841773471,0.04387860525182952
3990,0.05391055699521263,0.05131752305665349
3991,0.039242072315091414,0.037852437417654816
3992,0.035979348201451655,0.03522617479139217
3993,0.055635699571581376,0.053065002152389185
3994,0.03687891132052523,0.03509803921568627
3995,0.05628060048739175,0.05777012483857086
3996,0.0483310457373865,0.047698209718670115
3997,0.05818957962272697,0.058260869565217366
3998,0.051321025217735794,0.052307009760425904
3999,0.04568338339802802,0.04741326306543697
4000,0.0507409585719481,0.051791831357048845
4001,0.042107867254591536,0.041713301764959076
4002,0.05330818720011321,0.05297527706734864
4003,0.04051777257421141,0.038644501278772336
4004,0.04374207724050461,0.043118137900746534
4005,0.030146824121658256,0.03217391304347833
4006,0.036789884459732525,0.038287488908607004
4007,0.03649705956610594,0.037391304347826115
4008,0.040441948936966066,0.0400177462289264
4009,0.04781754575708769,0.047036379769298975
4010,0.040688416524894744,0.040961791831357064
4011,0.029279755597081625,0.030434782608695643
4012,0.03839338276829174,0.03744400527009223
4013,0.036542093633040396,0.03521739130434792
4014,0.035321310162043096,0.03949634093844173
4015,0.05476817729297606,0.05478260869565216
4016,0.04003092168720351,0.03964507542147294
4017,0.024611116411555445,0.026155157715260002
4018,0.03697997223036226,0.03660159716060335
4019,0.039924544601005585,0.037404218682737744
4020,0.02818376094780567,0.02826086956521745
4021,0.04383126178148461,0.04442248572683355
4022,0.046322473975650036,0.04742643829600346
4023,0.03757389664797889,0.03906155832974606
4024,0.05454573628494347,0.05493345164152619
4025,0.046471635686324786,0.04362617660242041
4026,0.039226076212735494,0.039126130004304704
4027,0.04731849318580378,0.04526130873956957
4028,0.03525403120887116,0.03219587176108912
4029,0.04833370524476133,0.04787000439174344
4030,0.04428663247700898,0.043065436978480476
4031,0.023169315835443627,0.024392191659272366
4032,0.047051518214739574,0.04834431269213885
4033,0.03474011899660362,0.03345268542199492
4034,0.040827347004979364,0.03999999999999998
4035,0.04279978237452825,0.04383125269048638
4036,0.042261197965605346,0.0426086956521739
4037,0.044878605827158136,0.046157224418094
4038,0.028070236620514666,0.026996862393545484
4039,0.03915770839259397,0.03521739130434781
4040,0.03646001027003898,0.036022384847180344
4041,0.051555683343624314,0.0514463176574978
4042,0.05613457635336394,0.057246376811594224
4043,0.04317710600847363,0.040264279624893484
4044,0.048074294797014194,0.04826086956521736
4045,0.03588992711243888,0.035278875713658286
4046,0.05050372175991852,0.052156693930262565
4047,0.051274169911736,0.05131752305665355
4048,0.04602305580432092,0.048340727595385935
4049,0.04189623289661115,0.03998294970161975
4050,0.030372085951939964,0.02739130434782605
4051,0.03484976804248163,0.034730951356005124
4052,0.03475515161127646,0.03173913043478266
4053,0.05764539224555809,0.057013614404918866
4054,0.04980341980377023,0.04885536823425024
4055,0.03634741516397344,0.034773999139044276
4056,0.058142488175580986,0.05646577701248379
4057,0.03764414014081102,0.035630650021523935
4058,0.04340257023894978,0.04441809398331131
4059,0.05538466277543047,0.05386999569522172
4060,0.053244309412807,0.05123547137322426
4061,0.04253147418169406,0.04619235836627145
4062,0.041457696909824426,0.04173913043478261
4063,0.03437926730910501,0.034782608695652195
4064,0.03759761468273015,0.03613526570048314
4065,0.027201219959824552,0.026086956521739035
4066,0.044880517725759905,0.044782608695652204
4067,0.038305643225690744,0.037471985656656215
4068,0.046968858053454354,0.04562634524322001
4069,0.0372978357879456,0.03910030133448128
4070,0.03638484203179965,0.03864829961256988
4071,0.06019217048211112,0.06086095566078353
4072,0.05039483161569669,0.05270629991126885
4073,0.05192190510046482,0.0534782608695652
4074,0.05332991008557392,0.05194321206743574
4075,0.033853946074168806,0.03223978919631093
4076,0.040364367847391835,0.03779946761313213
4077,0.04842897632538545,0.04826086956521736
4078,0.05039531633246114,0.04912613000430471
4079,0.050290226814077243,0.048642413487133884
4080,0.04146114094158354,0.043052261747913934
4081,0.04416782692763821,0.044726646577701146
4082,0.05544144765008735,0.054347826086956486
4083,0.026503544674795265,0.02281039892424913
4084,0.029884611557492557,0.028269479121825203
4085,0.058977363385374126,0.057813172621609954
4086,0.05257912098511952,0.054679294016358126
4087,0.03912358037677738,0.04304347826086963
4088,0.03450225825018571,0.03611253196930936
4089,0.029452484889130215,0.030465524813350908
4090,0.05125711903090713,0.05033347403967914
4091,0.03739246271296104,0.03602006688963205
4092,0.03184209231901092,0.03385277658200603
4093,0.03365169775220733,0.03302195436934996
4094,0.05767722633453104,0.05873114463176571
4095,0.039346407034818676,0.039130434782608664
4096,0.039426327217248314,0.04134387351778662
4097,0.030044731575965933,0.03042617305208778
4098,0.034180182632074285,0.033913043478260796
4099,0.029176125114461327,0.03127877237851659
4100,0.05323489683852123,0.055652173913043446
4101,0.04157812205741876,0.04043478260869565
4102,0.05993052520488329,0.06034953111679453
4103,0.03663341598828462,0.03432199741713304
4104,0.0378839787159439,0.035998311523849635
4105,0.041856380015063754,0.04043478260869565
4106,0.03980234339337069,0.04252690486439947
4107,0.05242183222646679,0.05130434782608695
4108,0.025309740028655103,0.02608695652173909
4109,0.03141387186440653,0.029130434782608683
4110,0.053014101291760984,0.050357296599225054
4111,0.04550764323835782,0.04869565217391303
4112,0.050990870011831585,0.05391304347826098
4113,0.049826419619908524,0.050000000000000044
4114,0.03718150244055918,0.03475247524752467
4115,0.045586045747601,0.04521739130434771
4116,0.04161747823696149,0.04080624736175603
4117,0.03704323470978532,0.03830523513753331
4118,0.05680541702655034,0.05350900307422052
4119,0.044648557900929586,0.046521739130434836
4120,0.04701540422180672,0.04829636202307003
4121,0.037701378924695494,0.037898550724637714
4122,0.03286906778023457,0.03344812742143782
4123,0.04328556241958392,0.04081790787774425
4124,0.06055421682128953,0.05966622749231448
4125,0.05716034384080876,0.055132139812446745
4126,0.044319664903605616,0.04471803702109345
4127,0.057710610710392685,0.054409310496267016
4128,0.04555180493155492,0.04565217391304344
4129,0.026364724415652407,0.025166240409207175
4130,0.054398057417706924,0.053065436978480485
4131,0.03913217751607717,0.037799193186911606
4132,0.04127394253650257,0.043091787439613505
4133,0.04733715237669156,0.04956521739130432
4134,0.044093166792130545,0.04175669740887128
4135,0.05546779769260202,0.05606973740852339
4136,0.04716836307017447,0.048204907447266465
4137,0.04095900709888778,0.03956521739130431
4138,0.05381929870384894,0.05217391304347824
4139,0.05056811721655391,0.04999999999999999
4140,0.05008796186055342,0.05086956521739133
4141,0.036716286789033103,0.03519927536231887
4142,0.057190176028964146,0.055652173913043446
4143,0.03923079991242229,0.040447957839262194
4144,0.0370368872387834,0.03687042617305214
4145,0.028389815922074124,0.028235294117647025
4146,0.03652264455480991,0.03483375959079282
4147,0.04278726221341311,0.04226264418810993
4148,0.03996199301626169,0.03869565217391302
4149,0.04899714634356894,0.04828239345673707
4150,0.04159498783053228,0.04086956521739127
4151,0.04465599279012866,0.04509803921568628
4152,0.04477241131476639,0.043496007098491496
4153,0.04612641313266602,0.04391304347826086
4154,0.05377176442546616,0.05260869565217402
4155,0.04859136791635915,0.049636202307009714
4156,0.042725569270044894,0.040434782608695596
4157,0.054404079942860895,0.0538183383555747
4158,0.038189847065539184,0.038674128282393416
4159,0.041427622410401765,0.041313220940550066
4160,0.04285703371397709,0.04480950246526233
4161,0.052718316648554364,0.05577075098814238
4162,0.03941272130646539,0.0369565217391305
4163,0.03994864350312438,0.03913921826965294
4164,0.06395618430871908,0.06554885923374937
4165,0.04092623538877416,0.04130434782608694
4166,0.05132889551367259,0.04990622335890876
4167,0.03743826555308921,0.034294587400177434
4168,0.0295093709252221,0.027463768115942033
4169,0.04812354094905147,0.047408871321914736
4170,0.033954423942787415,0.03537710736468502
4171,0.043496595186698295,0.04301764959104604
4172,0.040606153322373384,0.040869565217391324
4173,0.04056615145605319,0.041739130434782556
4174,0.03069388582886201,0.033913043478260796
4175,0.04792542822663748,0.050043917435221685
4176,0.0443437219630754,0.042182696530522645
4177,0.03059068019753519,0.031193520886615533
4178,0.03932439176107899,0.03775721050365899
4179,0.04196852598178685,0.04525252525252521
4180,0.04821919737686642,0.04826086956521747
4181,0.051398738217211526,0.053913043478260925
4182,0.040469646743795884,0.040000000000000036
4183,0.038402137364488775,0.03695652173913039
4184,0.03622269394070071,0.03831357048748352
4185,0.03402174264126134,0.03463624623331896
4186,0.05877852682660739,0.06300043047783038
4187,0.04509188738896175,0.040000000000000036
4188,0.04823794919147523,0.04601875532821831
4189,0.051808745111174836,0.05040034438226432
4190,0.041899898791966816,0.04467068445975042
4191,0.06421301255696238,0.06447204968944092
4192,0.03146801798227261,0.03565217391304343
4193,0.057469449719868504,0.056956521739130406
4194,0.05258855710561344,0.05268855368234249
4195,0.036420758164531275,0.03478260869565214
4196,0.057312873832396916,0.0573525613430908
4197,0.04697856624585495,0.04613087395696103
4198,0.04031542091920215,0.042608695652173845
4199,0.048072620292794466,0.04826086956521736
4200,0.0515257552569659,0.050070984915705385
4201,0.037507170179667815,0.03562659846547317
4202,0.051337478836768924,0.04956521739130437
4203,0.04951590216491242,0.046521739130434836
4204,0.04246455035406477,0.041330967169476485
4205,0.043884054170956976,0.04230700976042595
4206,0.05732882751143542,0.060505767524401066
4207,0.03490428152205377,0.03304347826086956
4208,0.04555999642991293,0.04521739130434782
4209,0.03534162018539372,0.03761990138951138
4210,0.03839621363479939,0.03737408523461039
4211,0.0303317049579227,0.028695652173913067
4212,0.05211406173072525,0.05521739130434783
4213,0.023780634440574544,0.024445430346051455
4214,0.04698302848441144,0.047874396135265784
4215,0.04243383750534313,0.04441370223978913
4216,0.027239020549292614,0.029156785243741767
4217,0.031227235561078592,0.032173913043478275
4218,0.051220395538593116,0.050869565217391305
4219,0.036142223550949426,0.03643812709030092
4220,0.03159007563524774,0.031717606543263
4221,0.04452117566410396,0.04174791392182703
4222,0.05333419078005591,0.0535441370223978
4223,0.05392915056681219,0.053913043478260925
4224,0.03747839393217639,0.036175687666370804
4225,0.03850843760380085,0.039565217391304364
4226,0.03287378788605538,0.03352657004830922
4227,0.038017962707775355,0.036956521739130443
4228,0.04033356956540096,0.04179183135704878
4229,0.03687166709223383,0.03692208351269899
4230,0.023799521964803005,0.023978919631093554
4231,0.04044712755313118,0.03826526130873942
4232,0.038861929839717035,0.04037882049074476
4233,0.03611710382080119,0.03566974088713215
4234,0.05884017990794324,0.05781317262161001
4235,0.04991876768668485,0.05173913043478251
4236,0.05138528478810561,0.050434782608695716
4237,0.04135690770448436,0.040869565217391324
4238,0.04146825398314319,0.04044356609574007
4239,0.03517692135811534,0.03439174352217833
4240,0.03260811253170126,0.031304347826086876
4241,0.0495465709824206,0.049496340938441685
4242,0.041559022954568814,0.03906223358908778
4243,0.047663648844906814,0.049645075421472895
4244,0.045027555861181456,0.04561343090830827
4245,0.057554794965666234,0.05818488813845507
4246,0.027272543050418874,0.027888198757763938
4247,0.05068261295430415,0.04957382694791218
4248,0.05158648691665857,0.04947144075021309
4249,0.04410728040069717,0.04220026350461137
4250,0.02775963014884525,0.02608265174343527
4251,0.039941271290900415,0.0426086956521739
4252,0.046644846723401884,0.046521739130434864
4253,0.042083755318011284,0.04522591645353785
4254,0.03679510270926345,0.037783039173482524
4255,0.0478581920113238,0.04793148880105402
4256,0.04922718947028948,0.04826086956521736
4257,0.03394760539504538,0.03486246672582077
4258,0.050274763783497045,0.04826086956521741
4259,0.026578296991289885,0.026956521739130435
4260,0.02940398116543319,0.02871321914800179
4261,0.05850643029020125,0.059648660518225705
4262,0.034100978719832475,0.03434782608695652
4263,0.047203574463933,0.04568730786122088
4264,0.05198716220641286,0.048740017746228936
4265,0.03289174991296301,0.03295822676896848
4266,0.029406936273276285,0.02955230305639256
4267,0.03523268991755435,0.03519586741282821
4268,0.04923638068302458,0.04782608695652171
4269,0.03146291502606807,0.03085665088247952
4270,0.047767684528420506,0.04691777873439512
4271,0.052265655542301837,0.051739130434782676
4272,0.04195802233869844,0.040865260439087336
4273,0.03662079363146453,0.03566095740008779
4274,0.017258966052204283,0.016086956521739137
4275,0.04327697002858072,0.04434782608695653
4276,0.04341766725598167,0.04130434782608694
4277,0.04428038921056704,0.03999999999999998
4278,0.04615255388079459,0.04478260869565215
4279,0.05442976809677058,0.05263943785682923
4280,0.06685111188346371,0.06567413263065441
4281,0.06276454984052343,0.059944037882048995
4282,0.04479710841603013,0.04398331137461575
4283,0.05082213811535241,0.051739130434782676
4284,0.03223760150376631,0.03125319693094625
4285,0.042291039419599497,0.045306122448979635
4286,0.03493384711726677,0.03387894288150045
4287,0.043475086969195054,0.04391304347826086
4288,0.03343318920407751,0.03264822134387346
4289,0.04384627078516207,0.04318544809228042
4290,0.03745226211453745,0.036113575865128644
4291,0.05306835268699711,0.05002635046113302
4292,0.04903985075944828,0.047422046552481334
4293,0.0243802936000303,0.026521739130434707
4294,0.0466622671086373,0.046552481335089935
4295,0.0553472105876428,0.053983311374615706
4296,0.06054263715359759,0.05998708566508831
4297,0.04183672331058286,0.04134871339840285
4298,0.039987794941173826,0.03862677572105033
4299,0.035120701672813004,0.032148084373654795
4300,0.04401999253353783,0.04570048309178748
4301,0.05713091334793019,0.05862247094274636
4302,0.05173720687766403,0.05051822573561704
4303,0.05099927252716446,0.050017746228926296
4304,0.05659623788051282,0.05476969436074025
4305,0.031033148258821086,0.0313398402839396
4306,0.047123136218672534,0.04644501278772378
4307,0.03607732037595496,0.0357789855072464
4308,0.038892329172252216,0.03555183946488294
4309,0.054019680353363686,0.05516142918639699
4310,0.035488936815967154,0.037391304347826004
4311,0.04288155158706053,0.04217391304347823
4312,0.037581069972168646,0.035583972719522516
4313,0.03675077098674795,0.03654808959156797
4314,0.0404459377597054,0.03913043478260869
4315,0.049250999294129516,0.04737408523461045
4316,0.02598688442387237,0.026048213517003815
4317,0.013441815969789772,0.013013344812742189
4318,0.044372887034428654,0.04339647008179082
4319,0.04071540356230152,0.03864399483426595
4320,0.0316079829180646,0.032608695652174
4321,0.02794008956515115,0.02955660783469649
4322,0.03043318134977252,0.030358801181933237
4323,0.04089480505663684,0.03948923596454201
4324,0.030648156243145597,0.032122255703831315
4325,0.04881602771295046,0.051739130434782565
4326,0.041661853125656345,0.04093679964141639
4327,0.045839003056694805,0.0469565217391304
4328,0.040537157160143555,0.04007465963987694
4329,0.027443432743213203,0.029574090505767536
4330,0.03300874343687127,0.03570048309178747
4331,0.04068642219218538,0.040869565217391324
4332,0.05023736787868466,0.04917435221783062
4333,0.04118994844750268,0.04090909090909095
4334,0.040628378773638674,0.03783047870004391
4335,0.0311847212976048,0.032173913043478164
4336,0.0499324276887414,0.050000000000000044
4337,0.037399628288817155,0.03872200263504599
4338,0.046964558268301926,0.04569169960474301
4339,0.05499057577502153,0.05481810115350488
4340,0.061935961218635094,0.06347826086956532
4341,0.029946165608953745,0.028695652173913067
4342,0.04509651636422085,0.04434782608695664
4343,0.038372610280689445,0.03208013640238705
4344,0.0567895587719352,0.05654369784804572
4345,0.03815812237431171,0.036896254842875564
4346,0.039416222067166495,0.040000000000000036
4347,0.060697433842213655,0.06120103314679293
4348,0.04104722262310051,0.03999999999999998
4349,0.024315453608500126,0.027365728900255737
4350,0.02923553734071227,0.026000860955660732
4351,0.03558294593806027,0.03560151962853536
4352,0.04685713985864021,0.04257425742574256
4353,0.03809839689496303,0.03911321566939302
4354,0.048182044314340144,0.048256564786913536
4355,0.0370964212246605,0.036144049187527505
4356,0.04432605265756856,0.04304347826086957
4357,0.04578842473701317,0.045283267457180476
4358,0.05237581773249739,0.051787439613526554
4359,0.027061138479306968,0.02434782608695657
4360,0.04984078676792558,0.04806159420289863
4361,0.04024232399115896,0.04216512955643392
4362,0.036314144295393924,0.033504089539388715
4363,0.05111200525578777,0.049573826947912125
4364,0.021742822635659687,0.021329923273657347
4365,0.0401490355900353,0.037941437444543036
4366,0.04995576746724911,0.04899698665518726
4367,0.06256722866403358,0.06312692138779091
4368,0.04274960907494246,0.04095024652622131
4369,0.044331763423819726,0.04349143610013173
4370,0.04187039631950551,0.0387311446317658
4371,0.03895544285007235,0.038656909169177744
4372,0.0431468577806679,0.045217391304347765
4373,0.05091398156843763,0.05056159420289846
4374,0.042256865579451075,0.044400527009222646
4375,0.03501263691351997,0.03831357048748352
4376,0.053680216659857505,0.05268335529205098
4377,0.043224714724150015,0.04560051657339642
4378,0.043688260941717516,0.04557468790357305
4379,0.04242265160713182,0.043517786561264815
4380,0.05691070074649979,0.05930789707187217
4381,0.03858483686736225,0.03910030133448128
4382,0.04471074782607792,0.04304347826086952
4383,0.05089710017881394,0.05212656048213521
4384,0.044155176376691696,0.0444005270092227
4385,0.04806964493273025,0.047788096243140565
4386,0.04061604667843066,0.040487483530961765
4387,0.04570781026447207,0.045165733964700805
4388,0.030472854891939682,0.033550724637681106
4389,0.027503296934520083,0.027985803016858934
4390,0.04615494851691765,0.045149190110826964
4391,0.03749892650947123,0.035718050065876195
4392,0.02197508961464062,0.02043478260869569
4393,0.0528952561726338,0.05377374419586317
4394,0.04125093785829376,0.038726394378568285
4395,0.04907357986052058,0.04831796223100565
4396,0.046599562998983435,0.049130434782608645
4397,0.05373714832945739,0.0542703400774861
4398,0.04092009503442956,0.04304347826086957
4399,0.0476528589035482,0.04881100266193439
4400,0.04890971021241475,0.048056265984654734
4401,0.03753811513097677,0.03913043478260869
4402,0.03103470860296048,0.03391304347826085
4403,0.03881544116634067,0.03739130434782606
4404,0.045417706828449866,0.04480017566974087
4405,0.03965978736486314,0.041304347826086996
4406,0.019949304008508695,0.01826086956521733
4407,0.044946603348655356,0.04560051657339642
4408,0.02804250230569183,0.02994834266035301
4409,0.03803337916727195,0.04000000000000009
4410,0.06155430276077006,0.06136645962732917
4411,0.029510794295377563,0.030017566974088694
4412,0.04023395169855304,0.040400682011935196
4413,0.04470265900145137,0.0456263452432199
4414,0.02495494281863897,0.023043478260869665
4415,0.05394697564749873,0.05208526804558894
4416,0.05323992297899449,0.05521739130434783
4417,0.033021834597504574,0.032160998708566646
4418,0.040586044763711415,0.04184670551322278
4419,0.04243297400330426,0.0426086956521739
4420,0.03850150667650526,0.03781721384205855
4421,0.03503984927445253,0.03605682307361169
4422,0.04749915003175159,0.04833552920509454
4423,0.03522862572731633,0.03440052700922264
4424,0.049788017330100076,0.049428815004262605
4425,0.05280605468349481,0.05356170399648663
4426,0.03003569354915636,0.02578664276109377
4427,0.04521296265693869,0.04217391304347823
4428,0.05505342528212248,0.05744839701361426
4429,0.042332427510306414,0.0422094055013309
4430,0.02242391827483131,0.023478260869565226
4431,0.03847477695111795,0.03695221696082662
4432,0.03826449633286072,0.038669823504089484
4433,0.04019375114771723,0.040026619343389636
4434,0.039980301735900725,0.03913043478260869
4435,0.03440523242373594,0.03434782608695658
4436,0.04296028167458443,0.04226174791392179
4437,0.043284288465361975,0.04300904003443817
4438,0.035814610146327586,0.036956521739130443
4439,0.05972291441460981,0.05832674571805002
4440,0.03850305867814058,0.03913043478260875
4441,0.04423552685635185,0.045217391304347765
4442,0.04983424728708413,0.04826086956521741
4443,0.0422782616380723,0.04177462289263534
4444,0.050372764135351245,0.04780456306500214
4445,0.031490238763244305,0.03346104175634956
4446,0.03382070808535753,0.033509003074220445
4447,0.033199220445761346,0.03391304347826085
4448,0.06704528280576127,0.0639657444005271
4449,0.051545481282723904,0.050702341137123796
4450,0.02707362173132466,0.029130434782608683
4451,0.0488430082380335,0.04968056787932562
4452,0.04862076522600106,0.047430830039525695
4453,0.050768040843528095,0.0491304347826087
4454,0.05278125510510434,0.05440931049626693
4455,0.03914783824166762,0.04050576752440116
4456,0.038541805795105744,0.038730786122090466
4457,0.05408545141757798,0.05556692242114242
4458,0.0347547884106672,0.03434782608695658
4459,0.043921159193287374,0.04347826086956519
4460,0.043725900092336234,0.04683598794662064
4461,0.04730643407177271,0.05050944224857268
4462,0.044635256539725277,0.048569016462642445
4463,0.044267108139565026,0.04626176602420434
4464,0.05660557533538563,0.05653930610452357
4465,0.021995620010057615,0.021705029838022194
4466,0.03278168945676302,0.035696091348265235
4467,0.04254660967287932,0.042608695652173956
4468,0.04277997984487969,0.04137533274179239
4469,0.059189401853564805,0.0596267018006148
4470,0.04316712579577603,0.0426877470355731
4471,0.045072502029865735,0.044365393061045255
4472,0.060008862100942806,0.05739130434782613
4473,0.0340246091460249,0.033943785682916006
4474,0.04139463180956526,0.0400175669740887
4475,0.022399847334076906,0.0242961687473095
4476,0.03736224638675595,0.03613132209405506
4477,0.05620591326711449,0.05517434352130873
4478,0.06223287513239223,0.061379007465963975
4479,0.031098802502471323,0.029547998278088683
4480,0.040227156884538706,0.04213981244671777
4481,0.046416884069885034,0.04478260869565215
4482,0.04720083296073774,0.04866903283052354
4483,0.036404110010345325,0.03615794143744444
4484,0.04320578909874112,0.04127421437795953
4485,0.042124756502013916,0.04217391304347834
4486,0.04726743171016623,0.0482651743435214
4487,0.04096156794010353,0.04355731225296433
4488,0.03792762634315233,0.039061558329746005
4489,0.044319210292890876,0.041326306543697844
4490,0.03829150673764464,0.04038743004735257
4491,0.048703288555515034,0.0469565217391304
4492,0.02766274572757485,0.026956521739130407
4493,0.037657043961344394,0.03999999999999998
4494,0.03528523080292478,0.03521739130434792
4495,0.05330097938221823,0.05217391304347829
4496,0.03543921624402657,0.034782608695652195
4497,0.03452415058985753,0.035292050944224884
4498,0.0488966668296239,0.05356609574000881
4499,0.040772969262297176,0.0409937888198757
4500,0.04790377249785849,0.04953938872148089
4501,0.04115308826697189,0.040822212656048185
4502,0.05939797644534725,0.05842945874001776
4503,0.03998313890237726,0.04003513394817748
4504,0.04846874723075567,0.050434782608695716
4505,0.041612910781022916,0.04124838570813599
4506,0.026653560104231755,0.026091348265261327
4507,0.029603159614849772,0.028695652173913067
4508,0.04141170109149139,0.04049689440993792
4509,0.039524332100867254,0.040358056265984654
4510,0.05747085542496211,0.05832674571805013
4511,0.0342986059762001,0.036534914361001314
4512,0.02911351018891567,0.030053238686779005
4513,0.048249187429651896,0.049530779164873084
4514,0.04373620815343404,0.04565217391304355
4515,0.034103604299171864,0.031730520878174684
4516,0.04584054149014011,0.04478260869565215
4517,0.030158324109386903,0.03134826526130874
4518,0.046457584648861516,0.04565217391304349
4519,0.04700532791663148,0.04855924978687126
4520,0.07392374523564332,0.07543921916592733
4521,0.04569638840251,0.04553282182438195
4522,0.036613699124521004,0.038200602668962524
4523,0.05881857956101122,0.05739130434782602
4524,0.05144365068822265,0.054313725490196085
4525,0.03875223676696282,0.03913043478260869
4526,0.039540537773408435,0.03784804567413258
4527,0.04409878166579673,0.041739130434782556
4528,0.03631715403078317,0.03810741687979535
4529,0.02854146549331399,0.03047430830039516
4530,0.034291597443712296,0.0317391304347826
4531,0.03348482350515669,0.03262644188110031
4532,0.05684506501442754,0.05434782608695654
4533,0.03711949354629296,0.033961352657004784
4534,0.04203991146111863,0.04399290150842944
4535,0.04134241852140519,0.0399182092122255
4536,0.03723651971613512,0.03813299232736578
4537,0.031171740316734087,0.029991390443392107
4538,0.05221064415206128,0.05180500658761533
4539,0.0459401926800137,0.043913043478260805
4540,0.04801370850979103,0.047426438296003515
4541,0.04300679002107377,0.04397013614404921
4542,0.045513591674825604,0.04565217391304344
4543,0.05226656613922265,0.05428755919070172
4544,0.05059254061252777,0.05155518394648828
4545,0.054029787870734536,0.05555839727195222
4546,0.034149902623139106,0.0348713398402839
4547,0.03780265503270258,0.04083082221265605
4548,0.05544267568010036,0.05496894409937886
4549,0.05864368996595837,0.05829161176987263
4550,0.020092370979529484,0.017839262187088256
4551,0.028920580997666145,0.02997417133017649
4552,0.030766851896650627,0.03079283887468026
4553,0.047600445459414886,0.04953938872148089
4554,0.05272967467986395,0.054603316898251875
4555,0.051819319190300195,0.050582698341550825
4556,0.03701711318912576,0.036061127851915564
4557,0.03922986814190993,0.03784330606973746
4558,0.03778770544389304,0.03783953384132677
4559,0.04548333077871619,0.04603529918209215
4560,0.037183657045434804,0.03612648221343867
4561,0.03937277296082958,0.03866155157715262
4562,0.04629059088437426,0.047826086956521685
4563,0.048639360048575,0.04695652173913045
4564,0.044107278990204224,0.04440993788819875
4565,0.03178470296227992,0.03478260869565214
4566,0.033849292095230854,0.03303081468974245
4567,0.05144894738317585,0.04956521739130437
4568,0.05940190556518282,0.0613043478260869
4569,0.050802718569162075,0.05141969831410814
4570,0.051184697404896895,0.0526570048309179
4571,0.0476158569287401,0.04514919011082691
4572,0.03182938162236326,0.03178743961352659
4573,0.04102182945470029,0.040378820490744816
4574,0.05650733188033452,0.05563512361466322
4575,0.05271470135244888,0.05048309178743965
4576,0.03773399682528811,0.03826086956521729
4577,0.04160126322561014,0.04134826526130864
4578,0.03635214860308006,0.038260869565217404
4579,0.03959512626500661,0.03921387790953007
4580,0.035728108222990995,0.03643309413254536
4581,0.02825112860850232,0.0296003513394818
4582,0.0452562501019983,0.04701030927835059
4583,0.027974983153477073,0.029569609134826536
4584,0.0321450777261692,0.03252260008609548
4585,0.049210416990976336,0.04476943346508555
4586,0.041487976137800864,0.041152384972562295
4587,0.04296522271559783,0.03913043478260869
4588,0.06113902161147666,0.06371696504688823
4589,0.04414061899526972,0.044266035299182105
4590,0.04717366862051314,0.04869565217391297
4591,0.03880277986547026,0.03999999999999998
4592,0.03786294959449654,0.04072463768115947
4593,0.05659107793943058,0.058770311813790055
4594,0.03418132323867212,0.0308179078777443
4595,0.042678927118742827,0.042148337595907914
4596,0.04823614981437985,0.04789707187222708
4597,0.02240812204470577,0.019048643994834247
4598,0.05401989473245333,0.054857268335529286
4599,0.038235991430602134,0.04094861660079052
4600,0.036084584678231446,0.03469396369776273
4601,0.0345110269359884,0.03696530522617486
4602,0.04327354386969262,0.04340153452685419
4603,0.035073254933694786,0.03655687307861222
4604,0.04500590966048962,0.046521739130434836
4605,0.04949601906652096,0.04789707187222719
4606,0.03945309014330489,0.038735992828328125
4607,0.032109761831915384,0.03262135922330106
4608,0.03156588472018251,0.033114463176574904
4609,0.05990587763477634,0.059565217391304326
4610,0.042497313079882026,0.043009040034438284
4611,0.02819559408861627,0.025639510341916416
4612,0.03832456699484127,0.036504520017219044
4613,0.03216134545789073,0.03257856220404648
4614,0.05803685930003233,0.057826086956521805
4615,0.04703371777846577,0.0430789707187223
4616,0.03984284326981058,0.038722271517302564
4617,0.04729852465526696,0.0456433904259991
4618,0.04300364719574862,0.04044795783926214
4619,0.03988401538596148,0.04130873956960912
4620,0.05002087975440711,0.05086956521739122
4621,0.04568789026407627,0.04501672240802679
4622,0.03929056694378452,0.03914800175669736
4623,0.04508061707293831,0.045208866155157734
4624,0.03857453258715954,0.04043478260869571
4625,0.03797274470982814,0.03738699956952224
4626,0.05439052951341622,0.057497781721384256
4627,0.04603094232691207,0.04652173913043489
4628,0.051011884283540754,0.05167945439045191
4629,0.046056844127633,0.045157715260016995
4630,0.048436158579978406,0.04782608695652174
4631,0.051953416048728496,0.05212225570383128
4632,0.042869266408456286,0.043586956521739106
4633,0.04114762711167674,0.040869565217391324
4634,0.05482790812494298,0.0560051657339648
4635,0.04127155654356485,0.04389599317988063
4636,0.04726768375675955,0.04876288659793815
4637,0.04722853891842027,0.04830478700043922
4638,0.061320824121786216,0.05813299232736574
4639,0.04081524853257512,0.03905725355144213
4640,0.042386515066202946,0.0426086956521739
4641,0.04680881939391213,0.04695652173913045
4642,0.0338360835942908,0.03398331137461569
4643,0.047712085125790116,0.04818768833405079
4644,0.04206803741308063,0.03822212656048213
4645,0.054681560015158726,0.05218708827404478
4646,0.04359616172711328,0.04582076308784383
4647,0.049171129053477536,0.04915239350021955
4648,0.06115772789233376,0.061739130434782574
4649,0.04324377271317936,0.04473095135600519
4650,0.04570641837467679,0.046086956521739136
4651,0.04731938167790806,0.0469565217391304
4652,0.04991420492443577,0.04826086956521741
4653,0.04527727116501967,0.04506542845082312
4654,0.037333026876602005,0.03565217391304354
4655,0.03983248714669102,0.03819875776397513
4656,0.05462335442384331,0.05475678002582868
4657,0.04105890199087886,0.04177426438296
4658,0.05495033411262995,0.05730520878174772
4659,0.03738290547880452,0.03525288376220054
4660,0.04644357313365177,0.046913473956091245
4661,0.038044001658765536,0.038695652173912964
4662,0.049018057346103316,0.04989869143098352
4663,0.04755248954536778,0.04739130434782607
4664,0.022933207325279925,0.02001756697408863
4665,0.03991892180408296,0.040869565217391324
4666,0.03634178891510598,0.03829600351339485
4667,0.03750179484574018,0.0397400268937696
4668,0.04467283456924076,0.04606112785191563
4669,0.033358622224296974,0.032173913043478275
4670,0.030267976425897403,0.02956521739130441
4671,0.051209538331691895,0.050848041325871784
4672,0.04061411944884741,0.040000000000000036
4673,0.0528800148815709,0.0508437365475678
4674,0.04372396461684097,0.04434782608695648
4675,0.03819411182371729,0.04081841432225064
4676,0.04498580357768367,0.046104175634954725
4677,0.035317315891069095,0.03691777873439517
4678,0.037945607440063756,0.036879795396419446
4679,0.028799119613513835,0.026982872200263464
4680,0.03995221213486588,0.03914800175669736
4681,0.05899574791750056,0.05869565217391304
4682,0.03961854467790668,0.03999999999999998
4683,0.0436844942507319,0.04301790281329926
4684,0.039544574543646294,0.040869565217391324
4685,0.04090925154580316,0.040474308300395334
4686,0.04136324087688231,0.039600351339481865
4687,0.04303118001236844,0.040878438331854505
4688,0.05540958163612886,0.05478260869565221
4689,0.02945886425446337,0.028726394378568276
4690,0.04317339943567472,0.045634954799827765
4691,0.03427213885845193,0.03303486870426181
4692,0.04054769923698831,0.043785166240409235
4693,0.04773855036981467,0.04388291003013345
4694,0.0416405760252197,0.04309617918313574
4695,0.03227440233304296,0.036854219948849076
4696,0.047035428350347463,0.043913043478260805
4697,0.03189575944004408,0.03136144049187528
4698,0.04477706848679808,0.04604433077578851
4699,0.035175396749563326,0.03381074168797965
4700,0.04499778472523053,0.04304347826086963
4701,0.047449911937689826,0.05100403406544152
4702,0.040162600633878276,0.04168797953964193
4703,0.0488387962440035,0.045157124408093
4704,0.0532319884961307,0.05478260869565221
4705,0.04069554314485352,0.04247229326513219
4706,0.0535393003947901,0.05259147653895829
4707,0.03534334969263314,0.03739130434782606
4708,0.03983980873341636,0.04304347826086952
4709,0.05295902006495068,0.05429616874730958
4710,0.030721792575556406,0.028198757763975124
4711,0.0510869151522495,0.05086956521739128
4712,0.026218463599589736,0.025265700483091735
4713,0.04816558443830149,0.04647008179078782
4714,0.05724758387742504,0.054782608695652074
4715,0.019533499463189385,0.01695652173913037
4716,0.03695226786503586,0.04001774622892634
4717,0.040872391030349564,0.041304347826086885
4718,0.02426560195459576,0.02478260869565213
4719,0.046735500968255794,0.04512874630645847
4720,0.061661058185986106,0.06126990959965556
4721,0.039161829498821354,0.040878348704435685
4722,0.020242035269445957,0.020487483530961692
4723,0.03434905075351036,0.033478260869565124
4724,0.03856004529153534,0.038260869565217404
4725,0.037050528934231663,0.03613965744400521
4726,0.04286322636258855,0.04259991216512954
4727,0.03994142144969687,0.041787439613526545
4728,0.04123650357172598,0.038819875776397506
4729,0.03549398615706223,0.03304347826086962
4730,0.0391002812491027,0.03564330079858041
4731,0.033286104341334444,0.032182696530522636
4732,0.06294901025869759,0.0612702472293265
4733,0.030330263653693734,0.03176574977817215
4734,0.045561192945399176,0.04558760223848474
4735,0.03459517556967323,0.036521739130434716
4736,0.05119592495649644,0.05089152393500207
4737,0.03969168732224693,0.04051546391752581
4738,0.056760337074169886,0.05603529918209216
4739,0.03624501338124825,0.03393939393939388
4740,0.03157900778768896,0.032625745950554175
4741,0.04722823155189165,0.04869565217391303
4742,0.04010377972232371,0.04126130004304773
4743,0.047430028608625885,0.04690537084398971
4744,0.06317180363925826,0.06260869565217392
4745,0.05229887438375891,0.05043478260869566
4746,0.042595586632870885,0.04346121057118496
4747,0.045483960082451425,0.04649160568230737
4748,0.04470887667015261,0.044813350900307414
4749,0.05193144742712397,0.05141969831410825
4750,0.051583805078331824,0.05173913043478262
4751,0.055962214818997214,0.056521739130434734
4752,0.03629628565923837,0.036086956521739155
4753,0.04194863324464593,0.04252260008609554
4754,0.04221577066560639,0.04043478260869565
4755,0.04996449450480828,0.05024204392649034
4756,0.041224817455928764,0.04043478260869576
4757,0.039704243726527755,0.03962732919254658
4758,0.0421977684576636,0.042135170038743064
4759,0.03132610963175386,0.03130434782608699
4760,0.04678960090316969,0.04440993788819875
4761,0.0418945993533284,0.0408738699956952
4762,0.04012912577461425,0.03728900255754475
4763,0.0527568634934833,0.052670807453416124
4764,0.046895119670801955,0.045139905294877325
4765,0.02939226008277762,0.029965561773568683
4766,0.04457714816777969,0.04347826086956519
4767,0.04297984337293903,0.04390873869995693
4768,0.0519581706460685,0.05193433895297239
4769,0.05479965891138952,0.054347826086956486
4770,0.034038556160934874,0.03347826086956518
4771,0.03940150013425231,0.039636202307009816
4772,0.04912981676933448,0.04961791831357054
4773,0.04845047548243525,0.04963109354413703
4774,0.04082118818703656,0.04043478260869565
4775,0.0662954076766405,0.07113384484228469
4776,0.03685157043433812,0.037313818338355564
4777,0.06210396571438909,0.0621739130434783
4778,0.06068763248512721,0.05914361001317525
4779,0.03504460092244677,0.03304347826086956
4780,0.05096211410227208,0.05377374419586323
4781,0.047236019296737985,0.045217391304347876
4782,0.03596980122965032,0.03564786913473961
4783,0.039874734457454875,0.03741663149008023
4784,0.04228342031327115,0.0426086956521739
4785,0.036837583492358605,0.036487300904003483
4786,0.04487387281937752,0.04207161125319692
4787,0.06135638025306106,0.06036590615583293
4788,0.048027451875057414,0.049130434782608756
4789,0.05088067263031171,0.052377994676131356
4790,0.036148311370919284,0.0347399829497016
4791,0.040032688159576724,0.04059449866903292
4792,0.03037907306993959,0.02961900493052433
4793,0.03315306709455207,0.03259578131726215
4794,0.05999663166487246,0.05782608695652175
4795,0.052399200724194905,0.052531209642703414
4796,0.03380947430467324,0.03430477830391737
4797,0.0490942004564508,0.05043478260869577
4798,0.04744171134185754,0.047826086956521685
4799,0.05712776909831996,0.05819199311235468
4800,0.02961436576647314,0.029565217391304466
4801,0.038211304603642415,0.038695652173912964
4802,0.042076689492059394,0.042173913043478284
4803,0.03525915154886544,0.03609556607834696
4804,0.043744610020731656,0.04304347826086957
4805,0.04458868340416983,0.04565217391304344
4806,0.03606721745671848,0.03306982872200265
4807,0.0424756264449791,0.04126130004304773
4808,0.04664547742742575,0.04521739130434782
4809,0.05120009460284869,0.04913043478260859
4810,0.04663819044211476,0.04585144927536228
4811,0.03247863093757475,0.03219587176108912
4812,0.04529995845620327,0.047826086956521796
4813,0.040959553754524425,0.040396039603960376
4814,0.03910883364687723,0.03912182522600094
4815,0.05809653343706228,0.05782608695652175
4816,0.03164025198133891,0.027391304347826106
4817,0.03825669272313292,0.03834072759538587
4818,0.04683998987611354,0.047391304347826124
4819,0.050364657262232104,0.050383125269048645
4820,0.039494315636407706,0.04090030742204653
4821,0.03281860998956909,0.027369345630215258
4822,0.025974452228832545,0.024800354924578494
4823,0.04325026249146546,0.04261730520878171
4824,0.03590187367309433,0.03877031181378998
4825,0.0463527102892729,0.0469565217391304
4826,0.033610536470939256,0.033478260869565235
4827,0.0503985311546612,0.04995737425404945
4828,0.030839251278949265,0.03087834870443562
4829,0.04901241930248984,0.047918313570487536
4830,0.036971931997677565,0.03600170502983807
4831,0.034559015042929075,0.03488361879666224
4832,0.038856723561793205,0.039079283887468064
4833,0.03947158188298866,0.03789707187222713
4834,0.036741044713791415,0.03264279624893446
4835,0.03387791572991633,0.03373575348248209
4836,0.027798777926019147,0.028235040895393804
4837,0.050141343682835515,0.05005323868677908
4838,0.03816371542397984,0.04036160137752909
4839,0.043916288639518686,0.041708996986655145
4840,0.03357833287580675,0.03392165303486866
4841,0.03202219955778035,0.03217391304347822
4842,0.0444597109293437,0.04434782608695653
4843,0.04628338229572143,0.04608695652173922
4844,0.048360262361726386,0.046157224418094
4845,0.054784202825769845,0.05389151958674132
4846,0.051019437248884136,0.05086956521739133
4847,0.04516082998732851,0.04389582436504513
4848,0.054854951580673994,0.0556521739130435
4849,0.05477516972557056,0.05344416027280474
4850,0.04389816355541082,0.04216530348687042
4851,0.04993942395126394,0.049644268774703626
4852,0.03825198592853052,0.03739130434782617
4853,0.03986010747754609,0.03782608695652173
4854,0.051890235325525474,0.050107575078440214
4855,0.05119410810991171,0.05043047783039173
4856,0.037087826414175185,0.03866551872578555
4857,0.029836815885395773,0.02732310315430525
4858,0.05024800152031783,0.04956521739130426
4859,0.036890314161828475,0.03649591046061129
4860,0.04790141313610935,0.04478260869565215
4861,0.047585773630101025,0.045178648299612656
4862,0.04097488340146971,0.04300937766410917
4863,0.03596740655833258,0.03565217391304348
4864,0.0525395344381539,0.05441370223978914
4865,0.03720437516464553,0.03875776397515529
4866,0.03820855916898841,0.0416368286445013
4867,0.041512009670545635,0.040541259982253774
4868,0.03508058064702829,0.03569169960474311
4869,0.043899919836537626,0.04259164535379378
4870,0.05161078307742817,0.052455242966751914
4871,0.05145555002971541,0.052315882874889086
4872,0.03871383454386573,0.037757210503659044
4873,0.04962695231424652,0.047852437417654825
4874,0.03688403772745616,0.038260869565217376
4875,0.04429365256111423,0.0456960913482653
4876,0.049882857875827025,0.04731457800511518
4877,0.04635304735223811,0.04690537084398966
4878,0.05553351356124642,0.055191562634524294
4879,0.03583715492410716,0.03742540494458657
4880,0.03158905256624023,0.029582784365393078
4881,0.04073823233159102,0.03914800175669747
4882,0.04093926613842552,0.039130434782608636
4883,0.020068751334314405,0.019565217391304346
4884,0.03758309556452355,0.038695652173913075
4885,0.04269863431478127,0.042608695652173845
4886,0.04747052299828319,0.046530522617479086
4887,0.043001582258300974,0.04130434782608694
4888,0.029918245171803193,0.03388291003013344
4889,0.02285865434380041,0.023043478260869554
4890,0.03749276359166881,0.03869565217391302
4891,0.03873675660674131,0.04005270092226609
4892,0.04755151436934901,0.049644268774703515
4893,0.020537183717699747,0.019130434782608674
4894,0.044256252911606675,0.041739130434782556
4895,0.048727024069605884,0.050000000000000044
4896,0.040768696834944995,0.04128660159716052
4897,0.04181399613583481,0.04095024652622137
4898,0.0434305927192038,0.04264382960035129
4899,0.029604275318914797,0.03136766568172228
4900,0.045279338947501524,0.0426086956521739
4901,0.04916990886189848,0.05244671781756188
4902,0.046290738865312264,0.046926388291002985
4903,0.021448570446837567,0.02043478260869569
4904,0.039574318317022406,0.03962231005709266
4905,0.03645714919571136,0.035626598465473225
4906,0.02666179387485712,0.027623469818488844
4907,0.028010205145196365,0.025652173913043474
4908,0.043312227530299896,0.043900129143349176
4909,0.028235663045500237,0.02828722002635048
4910,0.051253392097569184,0.050801364023870366
4911,0.04638028569338276,0.04391734825656479
4912,0.048609614663246314,0.04908308222126567
4913,0.03287954190405934,0.03130434782608693
4914,0.0205953860137012,0.02133878605251832
4915,0.053374905573909004,0.05223100570926659
4916,0.060278941878954884,0.06347826086956532
4917,0.051201785053030135,0.0525785622040465
4918,0.04470971401440482,0.0441123188405797
4919,0.03884827348968484,0.03919191919191922
4920,0.0308110949077392,0.03304347826086956
4921,0.04121509746978891,0.04054235768713588
4922,0.033289315148518794,0.03255804136766566
4923,0.038717367299137995,0.036086956521739155
4924,0.051516426498054435,0.0486786018755328
4925,0.0423457704201306,0.04180061484409303
4926,0.04002889391873288,0.042639437856829165
4927,0.045010696320085364,0.0469565217391304
4928,0.04563269610323184,0.04905294877313815
4929,0.03939431115283626,0.03650907555930777
4930,0.04199999860707959,0.044874835309617944
4931,0.04307294029406056,0.03952569169960479
4932,0.03171055558875796,0.028260869565217395
4933,0.028991554868735003,0.029653948535936114
4934,0.02448151714179775,0.021747655583972736
4935,0.03241061262697964,0.03352088661551578
4936,0.03224964447848022,0.03266578831796224
4937,0.04428483854318138,0.04440106477373551
4938,0.051391082004440536,0.05001705029838022
4939,0.04046630634038828,0.041304347826086885
4940,0.04174600242803078,0.03999999999999998
4941,0.04439635575590117,0.047391304347826124
4942,0.026745424727928846,0.026078083407275965
4943,0.044946675347486864,0.04626441881100268
4944,0.04662965692718024,0.047813172621610056
4945,0.06341206995589344,0.06695652173913053
4946,0.029077259283924906,0.02911268855368243
4947,0.04537800435688796,0.04802536231884055
4948,0.02388670998921555,0.02304347826086961
4949,0.025403575027184766,0.0230348687042618
4950,0.04398827756189333,0.04434782608695648
4951,0.038554050455939404,0.03907877744296173
4952,0.04609059726710224,0.04306982872200266
4953,0.0466672809884528,0.04531400966183585
4954,0.034605356164473744,0.03297890658631075
4955,0.04559355463615772,0.045351860152398116
4956,0.05050201980200453,0.05274179236912152
4957,0.04873575429581889,0.047007176023638686
4958,0.048590493843905125,0.04861816616444259
4959,0.05788303659337535,0.05869565217391309
4960,0.03374321914211692,0.03346534653465344
4961,0.0444673363765869,0.04563951034191632
4962,0.04833500392570167,0.048179078777442985
4963,0.052989856979145156,0.05383125269048644
4964,0.04615505154270905,0.04516624040920708
4965,0.030226719535342894,0.029565217391304355
4966,0.0414269724428441,0.04169608265174346
4967,0.05717965541487824,0.059130434782608654
4968,0.06667423560203739,0.06392621870882742
4969,0.04792133251484809,0.04740421868273781
4970,0.03266906189727137,0.03175669740887138
4971,0.055434240771394416,0.061400966183574934
4972,0.04932171419124892,0.04657497781721376
4973,0.05597585219121953,0.05572315882874895
4974,0.03677447080533913,0.036952216960826456
4975,0.05310302443503845,0.0491304347826087
4976,0.035564877019337526,0.03434782608695641
4977,0.027508708408809535,0.03220904699165572
4978,0.031141513886516203,0.03050576752440115
4979,0.03335983588358887,0.036086956521739155
4980,0.04681847322299587,0.05086956521739133
4981,0.03181395397285908,0.03221343873517779
4982,0.03689280721342603,0.03565217391304343
4983,0.04168438940306579,0.04173913043478261
4984,0.037324018845398876,0.03782608695652184
4985,0.05869044754279523,0.05486246672582079
4986,0.05493364393053213,0.0551356005165734
4987,0.06204159151469141,0.06347826086956526
4988,0.043164483354695415,0.042661934338952934
4989,0.03797186839765132,0.03434782608695652
4990,0.0477018078683254,0.04782608695652174
4991,0.03425567213447661,0.03213086526043907
4992,0.041866144180070786,0.041756876663708864
4993,0.04191824427529245,0.04207920792079212
4994,0.042357786233493566,0.041304347826086885
4995,0.047168152810340314,0.045723158828748944
4996,0.03319991358609026,0.03217391304347822
4997,0.052312378063478215,0.052034613761080595
4998,0.047961906478743876,0.0491304347826087
4999,0.05516863743641254,0.05610470275066548
