F2_integral,F2_radial_centroid,F2_radial_spread,F2_radial_concentration,F2_onset_radius,F2_termination_radius,F2_peak_radius,F2_peak_magnitude,alpha2_peak_cos2,alpha2_peak_sin2,alpha2_weighted_mean_cos2,alpha2_weighted_mean_sin2,alpha2_axial_coherence,alpha2_orientation_drift_deg
8.072639900626815,12.976371496772035,5.95773793432325,0.4910356417371932,3.5,26.5,9.5,0.5806139328608875,-0.996807010859254,0.07984850093670472,-0.998170532816946,0.06046145396807964,0.9329355253125237,28.909918353060313
11.62683778851016,13.357493502236304,6.958641716858804,0.43949231392103627,3.5,27.5,6.5,0.6827863933659599,-0.999877068734227,0.015679522296610914,-0.9965041075495873,0.08354378275371874,0.8163926373156749,1.9679246153573615
11.698937150048712,13.043298563319707,6.851459057203718,0.45638582151290635,3.5,27.5,6.5,0.7386785788482882,-0.9992983462984547,0.03745417313429296,-0.9994591577874011,0.032884523942104636,0.9572511743521203,3.6864967631832855
9.06571892011301,12.868592943885554,7.094060459264084,0.3219976843939129,3.5,27.5,3.5,0.6626528980464568,-0.9959885445828057,0.0894808306835856,-0.9991658881178862,0.04083537708403961,0.7068041506435343,83.55291615744923
11.406637382348638,11.376840358941655,5.764273145715441,0.613251794853694,3.5,27.5,8.5,0.8245008353555769,-0.9869059743364035,0.16129661440685636,-0.9804640086788918,0.1966985706234742,0.8582843577294491,4.095494941871806
12.31928018286829,13.263201593799735,6.710838335291721,0.5617942993718816,3.5,27.5,9.5,0.8048053571650782,-0.9960311643701713,0.08900516616130119,-0.9937826656255244,0.11133738591428817,0.9112531745931509,14.429243910739956
11.69576126855265,12.515647328472173,6.877972332221412,0.5098505558948168,3.5,27.5,6.5,0.7713485860773674,-0.9994766652866713,-0.032348037767924616,-0.9993974950013036,0.03470802479426485,0.9446593773989516,0.8943747636955237
10.423489686548468,12.743635419380414,6.1874601396891515,0.4496711398108889,3.5,27.5,6.5,0.6700412826090189,-0.9974065649405486,0.07197321872401727,-0.9944758007471648,0.10496609799494967,0.9330000366796257,68.07597400434359
7.176631621894001,12.6621313079368,6.622781860578411,0.34933737084584254,3.5,27.5,4.5,0.4719191704456465,-0.8989760588978445,0.4379977688624671,-0.9716964763100051,0.23623284684124604,0.7522365108915681,12.599597198919085
9.857372147730256,12.441714812605316,5.758269517988996,0.5351459286849566,3.5,27.5,8.5,0.6431052909772506,-0.992388933723467,-0.12314302344509898,-0.9923040107895453,-0.12382548272056866,0.8941877289624327,36.51760900195811
4.766440694170106,20.309024339776382,5.409697560312374,0.40713425147853255,11.5,27.5,26.5,0.5672756369995862,-0.9921705525872688,0.12489033020483864,-0.8322343338745031,0.5544240376466933,0.654891915364099,1.734380092892465
3.3795885030960213,20.0300665897654,5.166095376931116,0.4565212201120142,13.5,27.5,14.5,0.4769311323594618,-0.643304003925303,-0.7656108401359492,-0.9997992225686387,0.020037828004692525,0.616607092108893,7.613998400102901
3.6256064355913833,19.475923520386736,4.4582211232186,0.6902351352284298,11.5,27.5,18.5,0.3978649365884065,-0.636000192600713,0.7716888978156002,-0.7417750463420819,0.6706487759059896,0.9066090176196249,3.6141408558304775
5.062327652323097,18.782180733579086,6.271078660735924,0.38011390517271987,10.5,27.5,27.5,0.5303768203865082,0.992130330964263,-0.1252094500456816,0.8820451951599378,0.4711648052383234,0.09401145395200301,9.279122450722554
3.5405024688820284,20.295818880179596,4.923022462065667,0.5845671782268127,10.5,27.5,21.5,0.39641673626795354,-0.8317311185608504,0.5551786617094688,-0.950011826370323,0.312213916660554,0.2529002989192015,12.066934420323909
4.03379188210972,18.11246445452366,6.157155188465535,0.5290797556550788,9.5,27.5,22.5,0.43835533307279234,-0.9953820477496652,0.09599259876512996,-0.6044841915385651,-0.7966171365091058,0.26389573930908855,3.6886169761479835
2.332529273883319,23.0589323320467,5.6723164191263304,0.7308762535593419,22.5,27.5,27.5,0.45535568284444594,0.9914151815981231,0.13075143477897522,-0.7709905790745755,0.6368465490039581,0.3849626858473172,81.69832370777691
3.0378118097806346,20.264359586179435,4.346876374448457,0.6070118555666684,16.5,27.5,17.5,0.4677845125456911,0.9441484798162925,-0.3295203302689895,0.9876044994333917,-0.15696290230153095,0.4467818348573099,80.808218862736
2.301483955723109,20.148012504860834,5.294162229859279,0.49746193367553004,15.5,27.5,22.5,0.41094376225597534,0.9378404829429532,0.3470666053559867,-0.268334070399994,-0.9633259192311661,0.21789738730495534,78.5958995270821
1.7992221347620148,22.22381474733814,4.838454619882277,0.828997144573016,18.5,27.5,23.5,0.2986220610758327,0.826638474771069,0.5627333578420252,-0.056652228738260854,0.998393972827855,0.3170689674091005,31.588236627846285
8.63547698265766,14.291168996148693,6.82960345761842,0.47268440567741804,3.5,27.5,10.5,0.5773488341863106,-0.9994333979189931,0.033658329193464814,-0.9830532059133329,0.18332046897037502,0.6235314585738172,87.78571236814972
12.201072412565168,13.862192770994954,6.059709663426011,0.3656923296547607,3.5,27.5,6.5,0.7131573678342401,-0.9999065955698189,0.013667484624999629,-0.9996232661741209,0.027446779836307222,0.9089850886512276,31.707600461127562
10.888825076456417,13.430946800145676,7.179590481464684,0.4341282945600888,3.5,27.5,6.5,0.7435213753412494,-0.8948517303285567,0.4463635073883035,-0.9819455216948942,0.1891639300272173,0.9059040704306506,12.934965309520777
5.4904925293763736,12.938679742273521,7.16620704156588,0.3508894096320121,3.5,25.5,4.5,0.5333617201152618,-0.9943739734698875,-0.10592639371614347,-0.9942557602212462,0.10703029135189651,0.8699830714664043,23.269909481837587
11.655815224537061,13.310705473219382,6.848541242622897,0.33496630226388563,3.5,27.5,4.5,0.7696595250963214,-0.9939009884778256,0.11027613115629883,-0.9996275997908364,0.027288490914881443,0.9068513478872562,13.274132033148405
10.83155988262837,14.218578139777797,5.992686354503513,0.49320408259121146,3.5,27.5,12.5,0.6658436447260839,-0.995857899778438,0.09092328331554309,-0.991824944509155,0.12760595381647183,0.6661551685779021,54.65050187642919
13.002024635544762,13.381509509526948,7.209284666816233,0.4990480841193027,3.5,27.5,7.5,0.800834479169954,-0.9990400317622851,0.04380656270939773,-0.99885271941653,0.04788783680855555,0.9152167649814351,0.8424528379432417
8.145693785117968,12.90521480221196,6.88633164514801,0.37506788779476,3.5,27.5,4.5,0.5659964082250875,-0.9984583180787896,-0.0555066397764692,-0.9997818032345351,0.020888894683568197,0.85165406936934,10.584826705955393
6.209600070787666,13.318115130195848,8.012796489521854,0.37886783645856464,3.5,27.5,3.5,0.5557025674549266,-0.7298354205178923,0.6836228923591364,-0.9718058681257715,0.23578243080500225,0.7513557131906643,22.914719040040325
11.946960106752279,14.519910302539765,7.04606423871879,0.4394737408317748,3.5,27.5,9.5,0.7940934149631123,-0.9985199396853035,0.054386855497058864,-0.9994824258711685,-0.03216955664419498,0.8697483264053655,60.603974131887824
7.81187351059691,17.614882544887642,7.791365315162348,0.48998992112935524,3.5,27.5,24.5,0.6312584874680136,-0.995543761058067,0.09430068832388529,-0.9542390287859347,0.29904493966906714,0.791769221662433,31.993749696143162
13.44658900342085,14.584964150516985,7.2604705274892565,0.4197999851106115,3.5,27.5,8.5,0.7188241573566648,-0.9968691298222074,0.07906919758992743,-0.995112768887706,0.09874501099621803,0.9590228907131305,3.0940154082724973
9.477318298118105,14.905338352501142,7.715402887417383,0.27058208798855654,3.5,27.5,3.5,0.6553975533202109,-0.9325051318232658,-0.3611567237686068,-0.9971233301894293,0.07579620301797599,0.9187660762093326,18.431688030050495
5.744603071216437,14.094103006719616,6.887873038200029,0.4147489901134927,3.5,27.5,8.5,0.5165388224949417,-0.9994476427674897,0.033232655122760565,-0.9601092138089502,0.2796252806152541,0.6951241023144074,15.58498679712325
6.5955745303596665,16.507871735432804,7.784533942608417,0.3707288658635732,3.5,27.5,25.5,0.492284322852944,-0.9940644448396612,-0.10879282837400704,-0.9059681308069747,-0.4233458939946345,0.7468645246432462,4.491594135396355
9.304656112871589,16.62395822185141,7.843313261257699,0.3133504647213254,3.5,27.5,27.5,0.6560534501823205,-0.9980397599265453,0.06258304567344039,-0.9716978140109513,0.23622734440859866,0.86044645845723,0.9907547224509727
7.519889921875126,17.662560031918947,7.266002680587289,0.3772768801109056,3.5,27.5,26.5,0.6239407020417956,-0.9964850102766314,-0.08377126174280693,-0.9636006116493899,-0.26734595794386257,0.6600020596090546,85.60412213473784
6.98339830573533,14.887440847527547,7.174787482771753,0.4014298845730245,3.5,27.5,15.5,0.3997701659752833,-0.9727729851218394,0.231760047068397,-0.9978240285846632,0.06593336013789414,0.8479251437373153,16.193127349888897
7.432902418860451,14.546675180705071,7.8728862700577,0.38191768171479673,3.5,27.5,5.5,0.4718799702020058,-0.9966766373032027,-0.08145968729365542,-0.9993569970427744,0.03585515948435104,0.931588820213055,13.349006358093519
8.408192580357875,17.34840906628448,7.082902425104803,0.5018467160072358,3.5,27.5,23.5,0.5973658590693612,-0.9023398614065578,0.43102525972011685,-0.9949637162529674,0.10023573883642771,0.3190399739877263,66.89003715733983
9.405265996737889,16.74227467044104,7.572271030428993,0.42532332777005327,4.5,27.5,24.5,0.5863557580319048,-0.9982926866454818,0.05840986038457887,-0.9613422921522089,-0.275356128167755,0.8659787336029291,65.56167753869158
8.14352360534442,17.175146238065835,7.955378509675987,0.402709737969233,3.5,27.5,26.5,0.6808585845746965,-0.9812024973763934,0.19298098129693697,-0.7518394752796552,-0.6593461939006039,0.381520212021936,18.058141866520046
7.712853608496506,16.904487792818887,7.704283431643986,0.4578880930282524,3.5,27.5,24.5,0.569698193932795,-0.9978037029354246,-0.06624024764714284,-0.9536717036188683,-0.3008492674358462,0.6163711995327367,0.5973101479731042
5.912419272876576,15.263181817741621,8.722630369796928,0.3782752578526069,3.5,27.5,4.5,0.5489754809320337,-0.6107976682237345,-0.7917867190679879,-0.7090015185149534,-0.7052069531304198,0.688822622233662,5.219935060441301
9.878273818438924,15.826595550604695,7.315921699429355,0.29874942445747316,3.5,27.5,6.5,0.6909194724534192,-0.9738532953084683,0.2271778140946806,-0.9847429757118434,0.1740151481514865,0.8611969146745925,30.06903082763381
8.740317372153903,15.564594125810855,8.084154375610218,0.2573598557259987,3.5,27.5,3.5,0.6464541772823486,-0.5745160198987451,0.8184933371015947,-0.9943848118179758,0.10582460028617607,0.7069053554363162,4.0234051047115
12.892870361123371,15.863649725600014,7.51726449236731,0.37762697995896394,3.5,27.5,9.5,0.7656094581085894,-0.9782498518280164,0.20743005423145428,-0.968122602077446,0.2504768000170774,0.9678235889248634,2.900691495689756
6.190798880672481,15.49165528088515,7.604012221117684,0.38517297150617275,3.5,27.5,7.5,0.4770859698825296,0.536653972600913,-0.8438024138930029,-0.19547129359492402,-0.9807094235196923,0.6093762145578627,11.6915500274674
5.386771297505279,16.591192881071073,8.53187679631215,0.2587888151298648,3.5,27.5,3.5,0.4863139862275051,0.7059374777799234,-0.7082741541703468,-0.9804766765227363,-0.19663541592228387,0.43713891212497713,66.32546526952433
10.498775822010412,17.049943708776386,6.84051540551127,0.36058548079197483,3.5,27.5,25.5,0.6112014112114527,-0.9955546954934676,0.09418518079246235,-0.9997011962582355,-0.024444185399658144,0.9303570632333897,24.743587289047632
5.632803996116951,12.863806942152513,7.379587175000268,0.4351724224210245,3.5,27.5,5.5,0.6131678536773939,0.9787478464371523,-0.20506743548071346,0.9850300045488056,-0.17238297519935072,0.3353619481254575,72.39029107051562
5.237028642145846,14.765950473628765,6.589510307554678,0.36973585943331005,6.5,27.5,6.5,0.6281360482096779,0.9997550818615747,-0.02213088999466653,0.984769254982849,-0.17386636949256343,0.5666052235160781,12.324201189501295
6.122433382238239,14.137031688570307,7.9260119665944195,0.3988419580508671,4.5,27.5,5.5,0.6693369201678557,0.9914016346651734,0.130854112595753,0.9126488127343304,0.4087445958231338,0.0875582024790361,25.71409878811278
4.5717135523991805,15.161269246664041,5.932629787235967,0.5505805872897176,8.5,27.5,9.5,0.6120809308766845,0.9992942593515218,-0.037563056679314775,0.9747552710549054,-0.22327597620585554,0.41383905521069325,76.37226099688628
5.135301808988016,12.769508865060331,6.85444780969598,0.4448655078405822,4.5,27.5,5.5,0.5625388826205544,0.9967262423282859,0.08085046601062452,0.9927970448493612,0.11980829578278641,0.28910421236097883,71.86211691080159
5.036778942864375,16.738726309369472,5.284144842883271,0.5468314300572371,11.5,27.5,11.5,0.7437421232935982,0.998777098976367,0.04943992880610102,0.9981291185587646,-0.061141333687642865,0.6485928725881794,67.72311660105096
6.268942780774384,14.164147272886844,6.644793131837748,0.5082705420177462,6.5,27.5,8.5,0.7439226998271051,0.9951230959858921,-0.09864088318467655,0.9993636043796711,-0.03567052342302028,0.474266714912629,46.156189486464
6.337803973926591,14.088568517486882,6.683994062835133,0.48542765555783074,5.5,27.5,7.5,0.7296756358431954,0.9885012098356208,-0.1512129563017463,0.9730068295207851,-0.23077631963854056,0.5508916014642484,46.18266800508383
4.927587471014978,13.658848191107719,7.544749843516813,0.49977599816018414,4.5,27.5,7.5,0.5445637010875624,0.9921948669229197,-0.12469701701247538,0.9998018971468524,0.01990393080661982,0.41868631438292636,10.104141113698205
8.30628810972176,14.865976623089061,8.221633121057751,0.3587387597878768,3.5,27.5,4.5,0.6536204071613262,0.9922532106939096,-0.12423190358208223,0.9729504035983167,0.2310140951064945,0.13346766398675888,82.36192138796378
8.356148789124612,18.122157339385307,7.130503489246243,0.3929509719685641,3.5,27.5,26.5,0.5886386079466402,-0.9998914840217918,0.014731604824283893,-0.9946076631530903,0.10370919147861814,0.967431603293976,3.7763279068635853
5.445343798174325,16.31443299373426,7.835240868232871,0.2812992746651251,3.5,27.5,27.5,0.38142366938658884,-0.8494409081568282,-0.5276837533501509,-0.9998375121341402,0.0180263509733106,0.4729526225574989,72.20853454643266
5.480231788908306,17.352223715953627,6.428040524728652,0.30820987657194027,3.5,27.5,25.5,0.4536578365654406,-0.9339109584657181,0.357505694580721,-0.9067197679456857,0.4217336391806112,0.9049201227616536,79.6943342663318
4.296322583831764,13.356626581328651,7.589195366956597,0.443814632112123,3.5,26.5,5.5,0.40885568101369424,-0.9990136544353434,0.04440403418317072,-0.8085401262467657,-0.588441045686706,0.38200998440159156,54.93245616131371
5.938458026251221,18.251281598744317,7.101621502534159,0.3715370583150812,3.5,27.5,27.5,0.5449927713975661,-0.9945744954938821,-0.10402678940104772,-0.9999974708689446,-0.002249056627605946,0.9266954195117003,9.252611548857786
6.640784225896218,15.383388080206277,7.559992972861459,0.3837686038364834,3.5,27.5,9.5,0.48772486175229396,-0.9951141156776948,-0.098731437642726,-0.9911180995826807,-0.13298463324615908,0.8917003323447296,7.078862292743111
6.619635133346351,16.361387192840393,6.904989336853876,0.40151727491400696,3.5,27.5,12.5,0.4945309285898974,-0.9946751425519013,0.10305998636403418,-0.9984966994107517,0.05481187157755967,0.8180564590478682,71.59265614707606
4.7364968761241695,13.160107362049441,6.484246487105687,0.5139065166391189,3.5,27.5,7.5,0.37938143200075264,-0.9482950804092667,0.31739004469513926,-0.8272229827777375,0.5618737729813548,0.7552152634342394,3.1151684888413627
4.176763289874985,13.499571523867736,7.572280545869237,0.4216692297970758,3.5,27.5,6.5,0.37143918173184054,-0.9906250164229189,0.13660921212382313,-0.9998743916317429,0.015849320460259945,0.8414936758779713,8.754778710104702
4.9638157520238435,18.925437260955487,6.608769210645881,0.4895776758175499,3.5,27.5,25.5,0.44861955462001935,-0.9608595122256618,0.2770360946978991,-0.9712141833884135,0.23820791335549088,0.90017309944633,6.129989008106435
9.259389235175975,13.87996569127031,7.090486135500169,0.3654567157024559,3.5,27.5,15.5,0.5438560658582126,-0.8652417858887089,0.5013548164245732,-0.9993152725284867,-0.036999812044336625,0.8133650282111878,8.849668136090159
7.85875259684444,14.93394360152279,6.483503577315152,0.3464638432759662,6.5,27.5,6.5,0.672340942235893,-0.9394891237621168,0.3425787301230039,-0.9966964115624857,0.08121738224336095,0.5313271081573816,28.53811429852503
9.679247696754386,13.93913759364038,7.783709529650198,0.4524935356491941,3.5,27.5,6.5,0.6545502179626056,-0.986901843044848,-0.1613218900046804,-0.9997097245662246,-0.02409287462556718,0.7771514225415597,7.944061058859532
6.035135322098215,14.876321466581086,6.0804736536439385,0.4014026455140143,7.5,27.5,7.5,0.5762997518927591,-0.9795417475587398,0.20124106139048778,-0.999929682639223,-0.011858742640883763,0.5590497681995209,38.74257400078733
9.214426480917606,12.824991836352716,7.323068042767006,0.3140963090936344,3.5,27.5,3.5,0.6628804936198159,-0.9948905643177266,0.10095922459862461,-0.9999666424726726,-0.008167860303051557,0.7738198181745454,1.0955708699298583
9.781470911199657,11.89854029031196,6.943878729060039,0.360563758081636,3.5,27.5,3.5,0.751764392857042,-0.9895220392058734,0.14438190304137796,-0.9933184600861171,0.1154055321557201,0.7305655674611256,1.6574391180848806
9.354178540792935,12.644958240686222,6.689377267414961,0.3105042906430968,3.5,27.5,3.5,0.7132884850798958,-0.9980207098346656,0.06288610928583649,-0.9997023133079138,0.02439845828747479,0.6900228484069559,11.19204217421219
8.77515504458542,13.172054058716126,6.640463959199233,0.45490268154915736,3.5,27.5,8.5,0.6223555285635032,-0.9979156170180093,0.06453232764720021,-0.9997505493588876,0.022334705205184144,0.6699545746358265,3.742100968984076
6.044987087251055,14.414452992824826,7.948262445265563,0.30161247613500963,3.5,27.5,3.5,0.5846339305660934,-0.9746311707105149,0.2238170705720439,-0.9810370913576518,-0.1938200850802575,0.5061460961494776,4.9875100944131106
9.553519329405033,15.151702854596106,7.8700488000119,0.3969436716276868,3.5,27.5,11.5,0.7641391549034036,-0.9684899620807541,-0.24905259153202874,-0.9999991875836199,0.0012746890209589792,0.7967683021125614,4.277612325777866
3.7835514400791013,18.47819898499824,5.413219158217458,0.3824900358582562,12.5,27.5,12.5,0.593388665755909,0.7420597819070301,-0.6703337079963164,0.9456650364708725,-0.32514248998945594,0.7468614437318039,45.543932573833985
4.3267644710486675,19.202783140089434,3.598780697138052,0.834928179172996,15.5,25.5,18.5,0.650609175968089,0.9995986663069483,0.02832854245050774,0.985466666312906,-0.1698689188348694,0.9124411939461876,26.05743996860786
5.325863468608459,16.03378596460706,7.892517318376619,0.34854678968991293,3.5,27.5,6.5,0.44620928437804924,0.38104768882166207,0.924555384411161,-0.9903951728853658,-0.1382656917871039,0.1844530688731502,73.15103140630737
3.3149214750351557,20.549581660831848,4.163279223071598,0.6932501692192008,17.5,27.5,18.5,0.5464686410700709,0.9968692381774124,-0.0790678314840207,0.9081236823890838,-0.4187020151421419,0.8689527803325295,45.0474856742118
4.146459741259668,19.61279650936029,3.698312593455794,0.47217388856225406,15.5,27.5,15.5,0.6609069747378266,0.9021296236819434,-0.4314651110755947,0.9243950844588572,-0.3814364007646653,0.9093582433860744,34.557075651063485
4.504461461066218,18.35469318487305,4.188559678406018,0.6980663596205523,14.5,27.5,15.5,0.7342547054535258,0.9455256462376435,-0.3255476191079989,0.9297852024641272,-0.3681025363655378,0.750587667439835,67.19724977410596
4.512387129532084,18.645969181068168,4.943550732552567,0.4201486103122291,13.5,27.5,13.5,0.6440113661552239,0.9761440968486393,-0.21712370250056584,0.9910754593752884,-0.13330203983458383,0.8556527092509413,67.32868160237918
2.9217235544779054,20.331488018877494,4.249597915949973,0.8018044093598964,19.5,25.5,19.5,0.6551358039162121,0.8934166622849486,-0.44922897007163504,0.8820122008600622,-0.4712265670927197,0.8455408530507905,41.790781119099435
4.409003701115456,19.15565502231515,6.5271663888322315,0.38165562205824294,4.5,27.5,27.5,0.3732196906145,-0.9975993615919442,-0.06924964802325967,-0.8225045129841944,-0.5687585833379865,0.2730730442961338,77.82971199032154
4.963595809527921,17.300571774316456,6.66837008874948,0.5144280866261207,3.5,27.5,17.5,0.5007773281375365,0.9494860255592643,-0.31380931673178863,0.9812837811244102,-0.19256723735407477,0.6848119613513552,83.04334513397376
6.030051496694513,13.926879249370424,7.042145916655558,0.27813752923151575,3.5,27.5,3.5,0.5331584407911601,0.9896417981496018,-0.1435587383450508,-0.9909480368124194,0.1342459993355929,0.2432837659711258,60.77679802642808
7.568371123806229,14.98372424553713,6.509778065654005,0.4258470609834877,3.5,27.5,12.5,0.44076400618170974,-0.9476629303837816,0.31927256439666724,-0.8713304979045345,0.49069661036269235,0.5146662612667228,41.51972110871024
6.73361412971882,12.976905279866164,6.245138422877807,0.5986313217959119,5.5,27.5,7.5,0.720790778369932,0.5611353429252783,-0.827724064480507,0.3897897313803454,-0.9209038849469787,0.6814450426032208,7.24924811849111
4.017158987308317,16.32808359850309,5.376967044377718,0.3635622216135814,8.5,26.5,9.5,0.5832202482621863,0.9837413121211296,0.17959128828035723,0.6796375306576118,0.7335481081167232,0.4445688425029453,50.736761624886185
6.512819196357599,15.251668664417451,7.015323659297965,0.2605453821429723,4.5,27.5,4.5,0.6567885282277339,0.9993720250160258,-0.03543382021978265,-0.615445126485741,0.788179736027862,0.36559720434810533,0.7006514007194085
8.95257182805337,14.176245374245504,6.69130222106291,0.17762858899663939,3.5,27.5,3.5,0.6315059595711235,-0.9952711958719851,-0.09713519788186294,-0.9972805697445656,0.07369847494999288,0.791709939758271,4.619334686384931
9.757098802289734,14.084709569163762,5.986663720331411,0.47544460319421633,3.5,27.5,10.5,0.6423233741697433,-0.9026206583506262,-0.4304369258308145,-0.9766108252635546,-0.21501464131086248,0.8116308979536369,0.6925921545522442
7.0535033008662795,13.76991008175829,7.366082280709224,0.38950885096052396,3.5,27.5,5.5,0.5411452221648594,0.6823060957781144,0.731066612330249,0.992458377380917,0.1225820915404745,0.013638465064138173,64.64945686857482
6.693468071751918,13.919979949392905,6.876621609170698,0.4755254720700309,3.5,27.5,11.5,0.49115479593932604,-0.9856123835993825,-0.16902138709507616,-0.927901465879023,0.37282552168482275,0.5716514597981294,31.459023051394254
8.392875787327638,13.718715033956544,7.2779902498478775,0.2900581174220636,3.5,27.5,3.5,0.578657399294825,-0.7332598737783924,-0.6799484962160708,-0.9991392798276059,-0.041481315137940636,0.791469171947094,34.71215518536201
9.526024436081032,12.267671693902335,6.154957928680804,0.4913235784086308,3.5,27.5,6.5,0.6487793526647436,-0.9438537422722634,0.33036360755786015,-0.9511333580871332,0.30878039952997877,0.8197453322265389,57.84063629746373
9.77393659278419,13.40710239906224,6.859141321618545,0.43859355152712654,3.5,27.5,7.5,0.6828522631307884,-0.9615778958484209,0.27453223893692946,-0.979260905614313,0.20260325450356312,0.9057742639057204,25.887075851439718
11.615046019211464,13.339969362649791,7.089433576245307,0.29588987651935705,3.5,27.5,3.5,0.7818926435704484,-0.9184650379692824,0.39550217954909506,-0.9748692374668086,0.22277784863150774,0.9810275638180163,17.440042463109606
10.246418380221217,14.601297436979353,7.751259079277254,0.4169897809998011,3.5,27.5,6.5,0.6582626101980393,-0.9991780374391218,0.04053701394164319,-0.9996957878924184,0.02466438059544242,0.9706155292503664,2.418677508213534
9.961363214723312,14.524555350861805,7.694164040541058,0.438823186731495,4.5,27.5,6.5,0.6628287333636865,-0.919490697644973,0.39311176139154214,-0.9729537079496895,0.23100017789376323,0.9530120811096154,18.125272096415458
13.343547673324453,14.471508543557242,7.207864044592575,0.4132151472640744,3.5,27.5,6.5,0.7392738471253938,-0.9558622711049287,0.2938151096831608,-0.9834942352761039,0.18093946274561432,0.9614005664159676,62.60982972508636
11.830512296392726,14.22318276021157,6.395120943159299,0.3697182312730443,3.5,27.5,20.5,0.685324653743865,-0.9850639734587653,0.17218875745422207,-0.9783727261038684,0.20684972520185996,0.9157614067950869,49.227826539302235
7.978718182597543,16.125660087896563,6.950538994532977,0.2694784637990552,3.5,27.5,26.5,0.44717632015121545,-0.9949290309556273,0.10057943806611974,-0.9331163030499708,0.3595747001422027,0.9233002585699701,18.993386154062037
8.50686149197005,12.389699194169703,6.8033880372967745,0.1977235228263174,3.5,27.5,23.5,0.6071070683054223,-0.9995943345329178,-0.028480982597044527,-0.9070464408078321,0.42103058584602115,0.736875467865872,22.913877427171087
8.788391614636012,14.763813570763864,7.261493082033735,0.22435640788141983,3.5,27.5,3.5,0.4933225575558691,-0.6794336627818687,0.7337369405167045,-0.9213996298715665,0.3886164202302061,0.9113234762906101,18.85032707685302
11.08797234156141,15.633271980945347,7.085167108848355,0.3780871647723853,3.5,27.5,21.5,0.6806478730111312,-0.9930156683228711,0.11798255152895114,-0.9960674001625621,0.08859872647727168,0.8201039724899595,42.25120989748007
11.360359477478296,15.285666874624209,6.747034304215501,0.4221727833950061,3.5,27.5,15.5,0.7598369339315058,-0.9831146438870682,0.1829907018807328,-0.9440516779349004,0.3297975581903224,0.8436680239492954,67.54404121804535
9.128577603562476,15.822221665976935,7.149919446110184,0.38927922624248584,3.5,27.5,13.5,0.5619218029211879,-0.978256758021524,0.20739748162698968,-0.9935454487434249,0.11343474459453069,0.9568931926272257,7.1378650096925185
10.808355565877333,14.547212923286128,6.615695046006943,0.3850786758804192,3.5,27.5,20.5,0.6066292102331922,-0.9971548383871895,0.07538055638570167,-0.9904924581570871,0.13756703941690046,0.9740998905288061,2.4693648038009997
11.313602212335818,14.16453578962077,6.509045701432165,0.39109066737798465,3.5,27.5,18.5,0.7136942192670432,-0.9746167542707131,0.2238798389646116,-0.9473227922785965,0.32028038845593265,0.9351516579616322,49.57091553071841
10.404359811563086,14.700629927087553,6.890312577554705,0.4083087802021062,3.5,27.5,7.5,0.6677123173669626,-0.9681803616983223,0.25025344597368815,-0.9938163527575682,0.11103628682392448,0.8602465636323045,53.44424646830595
15.729339727072746,14.532367350069068,7.387844996872008,0.34438909679407625,3.5,27.5,5.5,0.8213669289575491,-0.963912171182508,0.2662204467095329,-0.9870860248323444,0.16019107210041494,0.9861770157669668,6.9461130834170035
7.508745669791376,14.675318226639774,7.512199895192111,0.25754857675516046,3.5,27.5,3.5,0.45967005760660185,-0.9999419650200488,-0.010773420619438992,-0.9732559201308683,0.22972355980660092,0.9132864956635804,6.949958691962124
8.43409478838685,13.470866481931726,6.430266185961863,0.3752196336142564,3.5,27.5,5.5,0.6453670560800526,-0.8349760955563152,0.5502862162997826,-0.8541273414211324,0.5200639236063854,0.7847163544490029,63.965769199790856
8.854402810632493,15.413527241458636,7.329234727298447,0.4296611295329282,3.5,26.5,22.5,0.5575336568873126,-0.9900052955361025,0.14103019113109946,-0.9472784401407781,0.32041154293260776,0.8830125671029547,29.247883210940707
11.656603508294562,14.742253537144759,6.274130874679603,0.39539968355179494,3.5,27.5,20.5,0.7116017256910706,-0.9690406662502291,0.24690116879697455,-0.9631660140038565,0.26890747380450924,0.9133808786272583,75.05978159344829
13.764147922085236,14.570248555251398,6.92620824982244,0.36833139421583816,3.5,27.5,18.5,0.7851797777817946,-0.9770124140743681,0.21318241659333775,-0.9805238118831454,0.1964002401478828,0.996758703264887,5.442166944118
2.9579269183226264,15.381857552848505,8.233700234832444,0.2942331356797306,3.5,27.5,27.5,0.22436002260823273,-0.9999411160674858,0.010851930598323971,-0.90010833779097,0.43566613391354736,0.492149470254819,73.89448436451615
11.128638533723343,14.822462101489943,7.302224107626797,0.18480683776889245,3.5,27.5,27.5,0.6020881083400375,-0.9869183694582807,-0.1612207555676644,-0.9869570559610771,0.1609837559775623,0.9914607321473804,9.674992701700091
12.503755995435348,15.537899547952678,7.295090108943368,0.25058961396853685,3.5,27.5,26.5,0.6773319725275908,-0.9955015213916071,0.09474555877187953,-0.9990236156255541,0.04417935516103881,0.9830393755888496,1.336051419073243
14.875378374225857,13.762019891281136,6.662263148452589,0.259006923285526,3.5,27.5,3.5,0.8140987601864512,-0.9983421271439439,-0.0575586411384544,-0.9984656823428476,-0.05537401180727037,0.9515422428772775,58.281449581477474
12.326491890035253,15.135864195115923,6.639139562120763,0.3729228931280506,3.5,27.5,21.5,0.7305533869274362,-0.9886033625763874,0.15054365314638807,-0.9859376667849339,0.16711348603473206,0.994752924628891,7.295792381104704
10.895201001075254,16.4381450617503,7.480495814802994,0.27183892100739065,3.5,27.5,27.5,0.687699187282312,-0.9858255146022106,-0.16777382024406162,-0.995741968088858,0.09218423393687102,0.9795854259555761,20.88772588491517
11.627201929963102,13.91469494825329,6.78278854714796,0.3672590074271072,3.5,27.5,19.5,0.6692174876552232,-0.9886726385847383,0.15008801988796894,-0.9622044919347175,0.27232795614966204,0.9159438140954408,17.450500179356283
9.104520959397195,14.422479241756998,7.508689001173016,0.2579675847555096,3.5,27.5,3.5,0.649393378186671,-0.9884399748688012,0.15161271741303117,-0.9857732203875991,0.1680808078474815,0.9997491497824258,0.3313418519080642
10.562665944130616,16.32582226754315,6.467348984122164,0.5282749955110864,3.5,27.5,19.5,0.6894965870032997,-0.9954022443795031,-0.0957829415096868,-0.9351074429824507,0.3543643182923792,0.7655340614741466,16.517753980947404
8.646802739290436,14.203078755562045,6.204887953299337,0.3518836179551395,3.5,27.5,7.5,0.6296194257662,-0.9980038758269786,-0.06315270251009703,-0.999949514276709,0.010048328108385412,0.7948314252151873,8.557173384705735
8.902886778962316,16.606937345467877,6.272474756663507,0.5440691058905515,3.5,27.5,17.5,0.6724878613916856,-0.9841556169375236,0.17730685731330947,-0.999201420192902,0.03995649990286439,0.6626562517663506,36.75077456933972
8.185026644712291,15.769514774820822,6.763069671821139,0.5182342198613337,3.5,27.5,19.5,0.5707180412087633,-0.9871780713856361,-0.15962285354965916,-0.9991128363798103,0.0421134204392183,0.5464320532254568,28.278236183057054
8.195539811819708,15.247613829999848,6.569250720083173,0.1559222134467948,3.5,27.5,3.5,0.7541901692329255,-0.9989910810502703,0.04490901893842909,-0.9992727480701468,0.038131023646591905,0.7718746485735044,78.95570353893602
8.000962223556595,17.567159923530266,6.9445560108431295,0.4740807120739736,3.5,27.5,22.5,0.5949773144522755,-0.9944078714925451,0.10560769438665954,-0.8729933980556668,0.48773202370894214,0.70387250142543,82.71129845532549
8.442987142799044,15.307837541495834,6.6905753412141715,0.1819141931803284,3.5,27.5,3.5,0.7449456118167264,-0.9884654288164045,-0.15144667719960553,-0.9993302527719855,-0.036592976029280036,0.764053737480806,29.664132795489323
5.4644115505876165,16.553204462294914,6.384911610485159,0.46676045937120936,3.5,27.5,21.5,0.45941835170803885,-0.7553868990769365,0.6552790494918407,-0.9794360911908305,0.201754661093188,0.5090741914663576,18.984843481688458
7.014220570034516,16.142321874086104,6.695189657137384,0.5214238509641355,3.5,26.5,19.5,0.6054749900797373,-0.9992760406327885,0.03804463979665863,-0.9720514824771803,-0.23476779040983445,0.8316956623006908,86.54792163948382
10.625649733258367,15.958880398676593,5.779518109627669,0.5280341919458497,3.5,27.5,16.5,0.7513869841030973,-0.9982275202934279,0.05951317273372421,-0.9897488634776196,0.1428187216185623,0.8950673020106853,9.53339165928569
8.479481316504708,13.410404925894259,7.432606305757117,0.3134405559306096,3.5,27.5,3.5,0.6734272591409304,-0.9938653986499826,0.11059642564889376,-0.9877565018841318,0.15600350311971614,0.4517369784831154,72.41456645287931
8.65621558933619,14.77682550697164,7.13786127824459,0.402969732547309,3.5,27.5,18.5,0.6673273263080994,-0.9886973861097891,0.14992491020397747,-0.9834800284715021,0.18101666662960483,0.7337413824276852,52.089127581456964
9.96683871085257,15.355957510317838,7.933924304954933,0.3255862463639586,3.5,27.5,25.5,0.6151614433413456,-0.9994608678692103,0.0328325082521116,-0.9918241128564784,-0.12761241772045365,0.6096988561663292,4.7703120167298465
7.837109165522866,16.915652112100776,7.832270084781822,0.29017912993891615,3.5,27.5,27.5,0.5602664557284139,-0.9984192175898754,0.05620556864956477,-0.9906797480067078,0.1362117355053003,0.7748667980024151,4.489442810482927
9.301850011248122,13.916300375139192,7.5407625084862575,0.2970371206015971,3.5,27.5,3.5,0.6822256113952103,-0.9963931443487293,0.08485694959667271,-0.999999884556397,0.00048050722435827553,0.6829821286341642,53.4100849386913
11.653555942136418,13.580910972913346,7.35662850079858,0.3656694468491066,3.5,27.5,4.5,0.7539998075896613,-0.9979821151755262,0.06349565173917626,-0.990943003596425,0.13428314720505954,0.790336947724916,51.30866718961549
11.371382726672763,13.637245422847496,7.597135244041588,0.33829965668272166,3.5,27.5,3.5,0.812581479170969,-0.9913970754573104,0.13088865028982505,-0.9949152406327109,0.1007157582345237,0.7632420382569071,7.698860883174248
8.544987398661975,15.446684202396092,7.385708277446477,0.4037726646175038,3.5,27.5,18.5,0.6422608328223907,-0.9950313482913883,0.09956212089656329,-0.9998988353037285,-0.014223893919996164,0.7322911861478473,61.095702239917635
8.07621457398924,13.010499637860852,7.430184171141088,0.4828636380707644,3.5,27.5,5.5,0.6159300567953068,-0.9966287180364828,0.08204388085017002,-0.9870203483331931,0.16059524269486378,0.7041412744952875,2.0610841367115
8.2723970247018,14.446520646954685,7.699264968087448,0.33452354712282995,3.5,27.5,4.5,0.5637506061296874,-0.8970277281983214,0.44197426943585555,-0.9984339943001186,0.055942461743391556,0.5322733602139784,0.6245817597136636
7.382960783510962,12.843279776939356,6.994628903425448,0.36072363823018655,3.5,27.5,4.5,0.5876013677371279,-0.9993780408526906,-0.03526374145546588,-0.9843760491118575,-0.17607894233817395,0.7070784788854569,51.279029257678026
10.795822444478882,15.937000826256018,7.220306714180792,0.1954008595311314,3.5,27.5,3.5,0.6882573494482449,-0.9485694186903676,0.3165691992683719,-0.9906747278663529,0.136248242436105,0.8367440872724747,16.705358940514202
9.819986639745101,15.625899170452142,7.694637422366336,0.24538901765899365,3.5,27.5,4.5,0.7150232572393762,-0.9998420372965471,0.017773588683498306,-0.9979148717134704,0.06454385186125743,0.9042691769913433,9.115334505427072
6.022006516168907,15.63401299230552,7.8854778124937726,0.2650698645707233,3.5,27.5,27.5,0.47164078198184056,-0.8331642717204177,0.5530255837920935,-0.9941379112481392,0.10811944052383372,0.7302417348238305,19.518821474117857
7.401675950738525,13.968408551947809,7.482618850801192,0.28930726455172434,3.5,27.5,3.5,0.6364183078286865,-0.964956500255999,0.2624098942755287,-0.9980159508254799,0.06296159065583805,0.7254595153868496,25.566180854267756
8.314873041523681,14.718752277635144,7.313577841903876,0.39705734418834565,3.5,27.5,21.5,0.6053358243403333,-0.9979501088397652,0.06399672074958848,-0.9993109570741633,0.03711618341801684,0.7803173223798392,29.807799816558074
10.253855795987807,13.433335342330706,7.467022763872881,0.36863710173575953,3.5,27.5,3.5,0.8117949364753533,-0.9894851077626211,0.14463478667317226,-0.9995041033383879,0.03148884579855456,0.9020820150007991,20.178622330811592
9.087109900407661,13.775954230526137,8.208723218753992,0.3683220047232251,3.5,27.5,3.5,0.7206478873522889,-0.9532973088130511,0.3020335097465087,-0.9922350008300611,0.12437726129710643,0.7729765610585949,17.556678175596254
7.9649841605855976,14.200132574926627,6.900503001855484,0.3782019112488676,3.5,27.5,6.5,0.5571170367865471,-0.9829842478207559,0.183689870532544,-0.9950871233381665,0.09900311594375497,0.8810443231998064,50.789657034901005
9.497694714270295,15.988048508998524,6.723022525878775,0.4434508231773963,3.5,27.5,16.5,0.5206682876215455,-0.9817197762140989,0.1903320282825241,-0.9965039927575617,0.08354515197327297,0.9369896012342384,7.133472576232975
4.48093578590224,15.705784090416541,8.04059186962426,0.3113224167941338,3.5,27.5,4.5,0.5023306324449023,0.3784785844684029,-0.925610048075751,-0.3818266321998568,-0.924233965477852,0.20113223919220172,2.82169620595225
7.374298732789987,13.805720330499229,7.150587961524499,0.4574126511544806,3.5,27.5,10.5,0.5928169204903113,-0.924782490706481,0.3804961824811353,-0.9989930896417919,0.04486431597546832,0.5919845035450414,75.73982417357628
7.786147184231705,14.848706130748667,7.14939405814547,0.3352542412104041,3.5,27.5,22.5,0.47649628762678126,0.8424529410307587,-0.5387699343399044,-0.7198213853789462,-0.6941593283613889,0.4088660468600906,17.113671086558867
8.858052780403906,11.935786950946845,6.766672384712249,0.5661217423173298,3.5,27.5,6.5,0.7247936245552199,-0.9269129218349161,0.3752764785267772,-0.9661993105684424,0.25779622234832417,0.8110444744077042,12.797723542536517
11.546383637121345,12.458950391609902,6.836687382883543,0.38268775785550935,3.5,27.5,4.5,0.7828925159974753,-0.999606740534579,-0.02804218746522549,-0.9948367159612703,-0.10148846523322069,0.4180096172980684,72.9916917763721
10.49447020641498,11.822339598784769,6.256517519715572,0.5187825632152343,3.5,27.5,6.5,0.728088426631844,-0.9818911350122153,0.18944603185188064,-0.979264041446242,0.20258809720803655,0.5253774395816273,3.9715872784477
11.718511964387085,12.62613550192889,6.633982598432872,0.409741104374004,3.5,27.5,5.5,0.7242605855744956,-0.9945931612145569,-0.10384817603229465,-0.9910179932193494,-0.13372859498063056,0.5818917632840834,1.3827248091822923
7.48916604274286,13.414003752121923,7.416466066109295,0.4662823046425503,3.5,27.5,7.5,0.6440667156575597,-0.9338670731450052,0.35762031499284475,-0.9761986964439863,-0.21687808801504577,0.5400894984264767,36.0871782335024
4.848839777792457,14.261275170956175,7.649465999621745,0.45398408054275374,3.5,27.5,6.5,0.3634611929261152,-0.9204253213276387,0.39091844144132293,-0.9292960151419679,-0.36933577709349974,0.22208488724750355,63.58539003847267
5.934450635884781,14.255053718062461,7.246469773816038,0.4767058292595896,3.5,27.5,11.5,0.44664417897208963,-0.9548508195032267,-0.2970856989052424,-0.9877035437020397,-0.15633844619425172,0.8929472421690071,34.78393572928378
10.533623834570408,13.98644640607475,6.898795313803958,0.4623459428354786,3.5,27.5,7.5,0.6520326191551143,-0.9634861983807045,0.2677579980689611,-0.9965060560781771,0.08352053759116321,0.8156235709122758,0.8547365501300845
8.4924826136259,13.47415339261724,6.854701847066367,0.5679108379904247,3.5,27.5,9.5,0.6318987659938831,-0.9390973909117721,0.34365111724349473,-0.8929894260573349,0.450077643245909,0.5251534852506524,73.19493136492756
6.605694130395122,14.572594049267792,6.687494363104964,0.23460145686315537,3.5,27.5,4.5,0.48753681003175064,0.9871942228346918,0.15952293378009594,-0.811845792656033,0.5838719114212445,0.4672240492906697,40.20582361918713
5.990576953616297,13.6166068086077,7.628439622592794,0.3251161360058222,3.5,27.5,3.5,0.5515159221604626,-0.9992021966864041,0.03993707722235793,-0.9607540515078502,-0.2774016087034305,0.6664650930568501,64.60205664591437
10.982517191343048,12.208160101626532,6.073834890113912,0.42252011831354613,3.5,25.5,5.5,0.6817770076257424,-0.9553097963288069,0.2956064834170821,-0.9419200248445282,0.3358372623710529,0.7940084524919034,72.92474050220264
7.6711038096386295,14.517504443759428,6.869014479937872,0.4178086319981441,3.5,27.5,14.5,0.5646792748885168,-0.99855701870732,0.05370177269279788,-0.9965645891429115,0.08281919865840358,0.6794530392568366,75.09996635923781
10.631549290624395,12.22027498524632,6.779560510106303,0.40893721121647403,3.5,27.5,4.5,0.7894871692528102,-0.9961786998182866,0.08733841095616578,-0.9625583295649718,0.27107464319831026,0.8126491548839614,71.87832663578835
9.193482058495528,15.256878290862492,6.64774225255332,0.19641576911449393,3.5,27.5,4.5,0.6076193780071814,0.9990968753713105,-0.0424903944825655,-0.9340089041592093,0.35724972631383917,0.6281317530652345,80.67422003374281
8.581030106523492,12.735340887651954,7.226940320917086,0.3277139156987806,3.5,27.5,3.5,0.680034462649176,-0.9981815889783188,0.06027864816598521,-0.9011180313936583,0.4335738616397647,0.49490815807859434,9.71588601258783
7.8347141240207145,13.096719744513308,7.304376301465519,0.3038428211689017,3.5,27.5,3.5,0.5305288115075186,-0.9806016688149334,0.1960111402889327,-0.9689621932629839,0.24720895620302244,0.5255011588452118,68.87813054053422
13.323543536175082,14.218902341292292,6.755541737963506,0.3154756672936265,3.5,27.5,21.5,0.7118455848813927,-0.9656866982116518,-0.25970983981566487,-0.976538300467843,0.21534378960020387,0.9507200552181141,1.5063227132945372
12.148867383405467,13.337755313723811,6.933931255534207,0.35777685695045397,3.5,27.5,4.5,0.763583484155908,-0.9984164526677033,0.05625466240623871,-0.9951997969672268,0.09786400827878665,0.9544453807132229,75.93105202102878
11.838291286610215,14.8045231352586,7.243284175801584,0.3643282583326727,3.5,27.5,22.5,0.6936165192560233,-0.9946655850991414,0.10315218766164269,-0.975153573287195,-0.2215299268839657,0.9755460444207811,6.329332225907194
13.869966629901665,15.349765004799247,7.318609178523054,0.22120905943780164,3.5,27.5,3.5,0.7235368621054736,-0.9991540899531056,0.04112304135130761,-0.9981385568359398,-0.06098705893439626,0.9921591300493714,11.035194384009912
12.503208202797463,15.80162531448094,6.927772970463778,0.3401505175500648,3.5,27.5,24.5,0.637759286069863,-0.9937932262704763,0.11124308256659346,-0.9852361289066072,0.17120096465009563,0.964984712384694,30.612012974175173
15.01555151754015,13.797576940934343,6.861126086732786,0.25956364000804844,3.5,27.5,3.5,0.8198887820736355,-0.9988210882607815,0.048543111205897924,-0.9960593230228764,0.08868948652015772,0.976780764023192,5.421496464888094
13.19095472420926,13.731712227495613,6.959727764038346,0.3371496718750417,3.5,27.5,21.5,0.7923646449016389,-0.991981180395984,0.12638567062839937,-0.9958500900947902,0.09100878011597707,0.9728670938438511,3.6364387250182233
10.317664914285722,15.465425102785964,6.57591139229103,0.3547489983189731,3.5,27.5,8.5,0.5807588853886382,-0.6746488895982099,-0.7381387916671921,-0.9116796211443872,-0.4109017746250637,0.8241163323974864,42.64471119198767
8.303180071542611,17.106042279350895,6.749923149680919,0.5215772582099389,3.5,27.5,19.5,0.6246818084947895,-0.9694231345675047,0.24539516328834543,-0.9844887927459848,0.1754474763499132,0.8540907242210974,13.388769506846657
16.12244694060571,15.608173409444237,7.060231716122405,0.3706357933803466,3.5,27.5,22.5,0.7549709930215853,-0.994585088198162,0.10392546528091269,-0.9930754276457585,0.11747848741873494,0.9591335685345613,7.105142122158426
8.450234723615662,12.289956028383234,6.083383737082598,0.6324071539779348,4.5,27.5,8.5,0.7025308840648854,-0.9973803920084752,0.0723350097602844,-0.9862347816173737,0.16535100703694308,0.37217668799313347,39.932832806601965
5.98115087154387,13.629736111775612,8.287755131039448,0.4969374883475778,3.5,27.5,6.5,0.7008316542835018,-0.8417401415292342,0.5398828892809484,0.27311306541922103,0.9619819403176529,0.3826360014011083,40.07316092500906
4.897172259740397,14.438015235750784,8.197307827698266,0.30531513259373666,3.5,27.5,4.5,0.5093094846496938,-0.9732672507555875,0.22967555073768797,0.9936697554929047,0.11234062942084196,0.16720536763074859,88.03277731756289
8.007769714768415,12.80038145619269,8.064615151699993,0.4362398537114623,3.5,27.5,4.5,0.7395064748178852,-0.9792378084019185,-0.20271486032407074,-0.9026039028769273,-0.4304720600821131,0.09654140365800613,85.9597818360091
4.806475186952384,12.240368393657237,6.897739923847726,0.5545975088980697,3.5,27.5,6.5,0.5815145325444592,-0.996059294675276,-0.08868980488755043,0.8122351222676945,-0.5833301862194202,0.15087537870397602,21.185295548336683
5.701251399760116,16.455313280977837,7.6132017366590246,0.31024227577386554,3.5,27.5,6.5,0.6919323097857114,-0.989589170691793,-0.14392106603805263,-0.95063464948711,-0.3103123639085616,0.3127176396359597,11.780708555740944
7.5743611834481115,10.552599971579847,6.585986393359461,0.6605302005479378,3.5,25.5,6.5,0.7501154521668418,-0.9191359339513013,0.39394052205817687,-0.8394873740024456,0.5433791943849876,0.3494730524961753,17.202824309060375
5.183534214111462,12.059250302618851,7.107711527674387,0.5485314908098607,3.5,27.5,6.5,0.5317762397422505,-0.9706280349369775,0.24058515705334266,-0.8071277073827724,0.5903768829951167,0.4327966530271803,9.725423405328769
5.14473861945942,12.28086610485567,6.909769475594176,0.6149750582878384,3.5,27.5,7.5,0.5744187282134074,-0.9816949888964487,0.19045983507186356,-0.9312500520214567,-0.36438076322719637,0.5481406732675538,56.99161044713057
5.845419871106127,14.263587105983968,7.795500189105127,0.39376429084620207,3.5,27.5,5.5,0.4586767310524934,-0.9927152337794473,-0.12048429201442552,-0.992587863933511,0.12152914206851792,0.50737005657034,39.155375680557285
7.16296944206527,13.546323842707826,7.081897112360554,0.39380083912600866,3.5,27.5,5.5,0.47913604993754205,0.9481959596849898,0.3176860431889655,0.9305213931630538,-0.36623754158454247,0.6092028666095312,77.57857619210832
6.210166990383696,15.325804131423931,6.746097968653744,0.49213750694335173,3.5,27.5,15.5,0.5653031317758919,-0.9648907918607572,0.2626514035415018,-0.28558687470032273,0.9583528249026567,0.3823268044226574,18.76462941731683
3.980938099686506,15.005452527503248,7.052075503661347,0.3360281291941101,3.5,27.5,13.5,0.27391066120164864,-0.09959693000249449,-0.99502786470233,-0.542503206870664,-0.8400537307428886,0.32229727163908267,40.76926299394336
8.326367867518119,13.164478816894114,7.00469437289011,0.3553466153829613,3.5,27.5,4.5,0.7247360259170095,-0.9979332385039685,0.06425925216637304,-0.9954560543449811,-0.0952220765785021,0.9354545046432695,18.304604739178473
6.3906288164947656,14.203487726166138,6.700329966557059,0.23361225002957112,3.5,26.5,4.5,0.6439044155963286,-0.9376916940214496,0.3474683970711354,-0.9774450083957424,0.21119009342828332,0.7874338678887421,80.49798784659947
8.1697373343962,13.506406010030974,7.911437939750326,0.454388511120961,3.5,27.5,5.5,0.7725703873909376,-0.9831759486075693,0.1826610360191969,-0.9875394229029486,0.15737181517829457,0.7299916963995261,84.63853030219094
9.879881110824954,13.522514618482882,7.128055326697623,0.31515550889201377,3.5,27.5,3.5,0.820892195860326,-0.9957813549081965,0.0917577964927036,-0.9874725945160374,0.15779060516952673,0.7014050136759266,1.1926912419347673
6.308856473823233,14.745655175175461,6.921660083301498,0.4568752273998827,3.5,27.5,14.5,0.5518626400140942,-0.9812378354733184,0.19280121948690254,-0.773024310878576,0.6343763983556628,0.6980924730116593,54.27772303120682
6.801075657903032,11.31876179159356,6.621501409273291,0.6401835286434147,3.5,27.5,7.5,0.6729444775248666,-0.9953248007674252,0.09658437232433217,-0.9968048726601344,0.07987518914539937,0.7966991447043901,8.643284510850066
4.374630042743913,14.397280883434703,7.259080091215684,0.2717097703293098,3.5,27.5,3.5,0.4132874691801837,-0.9663319569433472,0.2572985600232559,-0.9992248018361634,-0.03936744080430144,0.7541692823950044,45.03732151637868
13.64053767215135,12.585507955484854,6.383188867682788,0.3844758289241733,3.5,27.5,5.5,0.8409761149808216,-0.9708486426489069,0.2396933730138886,-0.9374666206695735,0.3480751860307913,0.9758290944974475,2.7941295456815
12.027626973497753,11.146542354373398,5.315189858965119,0.5259460121227436,3.5,27.5,6.5,0.8309954724970295,-0.9966483088213536,0.08180555313385388,-0.9913471421469674,0.13126630853741708,0.9660662456201892,1.2179039371105205
9.912073360646811,14.384787885407334,6.108661611119049,0.5019939563451143,3.5,27.5,15.5,0.7112446243245468,-0.92922906442028,0.3695041892003541,-0.9869880988970774,0.16079332273304436,0.8477118706189848,83.38899902184505
11.512684328684987,13.05154466660727,6.349641013432245,0.3185463302608813,3.5,27.5,4.5,0.7021247268389708,-0.9954242627411712,0.0955538442251048,-0.9954570553116422,0.09521161184579367,0.9852394499156519,8.419764629074535
12.088392765585446,11.527736253253277,5.5269822093661,0.3119919105904268,3.5,24.5,3.5,0.8158256328463078,-0.9838077675764926,0.17922688541666418,-0.9994890130983919,-0.03196424088888506,0.9285410891650786,32.5565972417984
11.224044126544326,11.813777670110722,6.275913118204439,0.5208877809582418,3.5,27.5,6.5,0.8177523091721788,-0.998195009410981,0.060056000424699434,-0.998876710838532,0.04738477122869514,0.9580017222820377,16.548366422523785
10.768329102453812,11.596674779370717,5.546147491416883,0.4848354009577648,3.5,27.5,14.5,0.8043390875885293,-0.9949539254947671,0.10033287667835221,-0.992360110265753,0.12337508481594847,0.9035662232059242,28.17765355464222
11.275068975907233,13.189440712833692,6.831097438868608,0.2836485077848334,3.5,27.5,3.5,0.7526555890498238,-0.9953414636872351,0.09641250263815601,-0.9978684592026795,0.06525747565199133,0.9150642265343054,3.865109312731178
10.800415984299562,12.997186048584597,6.009710683879681,0.473133147631686,3.5,27.5,12.5,0.6922459381180021,-0.9421124677111575,0.33529702978582004,-0.9492104319030081,0.31464194883471064,0.9701466907671542,21.061891649151164
10.596053389890391,12.112059260309286,5.444253407503059,0.5597020343828608,3.5,27.5,13.5,0.7486702059132888,-0.9840569214580962,0.1778538032497882,-0.9985347152236388,0.05411490084298961,0.9478409169596594,20.479422744868486
7.516713521613368,14.376478714890727,6.774809866914165,0.4291693194867023,3.5,27.5,7.5,0.5272360395477718,-0.6674713689679406,-0.7446354622283734,-0.9820159144295268,-0.18879815625990684,0.6692187526522999,47.38324940396464
8.865724246130418,13.884762225210673,6.064586897087675,0.44542403683894527,3.5,27.5,8.5,0.5291339138099628,-0.9218369708115646,-0.38757786217089163,-0.9996851504065122,-0.025091832470130315,0.8687819406760904,3.8335741494612137
5.186278424606662,14.407745131773268,7.022161470794497,0.2253776844606787,3.5,27.5,3.5,0.39801759456069746,-0.763987740257056,-0.6452307592922993,-0.9945427971298958,0.10432940466159546,0.5351141324251868,9.868201597622829
7.707202873337753,15.001946700166036,6.4863500038208795,0.42508635193182875,3.5,27.5,13.5,0.3999437165264317,-0.9942135818527912,-0.10742138362283021,-0.9993283983099837,0.03664358513031604,0.933000892998736,52.28689124054056
3.7691044128095847,16.17186019122859,7.647648705227198,0.299920484791147,3.5,27.5,26.5,0.3164604845543187,-0.9982850539679141,0.0585401659058027,-0.9994593033049393,-0.03288010093058619,0.3700537337326402,48.61815280314697
10.884466832774855,13.081208488875559,6.631676446948839,0.2915293919507568,3.5,27.5,3.5,0.7555304820063512,-0.9717665025627404,-0.23594462167419591,-0.9864801872536562,-0.16388056674295295,0.7090515559128583,20.58873965066752
6.3656773700194655,12.98069143499894,7.416581239185301,0.44671120690020377,3.5,27.5,5.5,0.5529412745805611,-0.9978683291226687,0.06525946470768357,-0.9981117340569472,-0.06142447669971601,0.7281664528659263,4.755669596779029
6.205937316364031,14.637031793346203,7.686694399066854,0.24685428963005906,3.5,27.5,3.5,0.759670560687409,0.15087457464564583,0.9885529134677088,-0.986218592732642,0.16544753654390607,0.43862781856099425,59.753323470075756
6.305581610774052,13.580759399932871,6.667278890389587,0.49551388193891477,3.5,27.5,8.5,0.4532440483550222,-0.9882457839926256,0.15287338035381007,-0.9833966377934488,0.18146915103273237,0.8273805821166017,80.60014554297595
8.190516252639945,13.423232128169467,6.132819716839717,0.532556650820786,4.5,27.5,8.5,0.5794212305088863,-0.9988678435376762,-0.047571326935375344,-0.9953069150334879,0.09676851185443146,0.8774230665383701,28.721635508289268
4.883254362622613,15.591157951643291,6.611595232110943,0.366332984968226,4.5,27.5,9.5,0.2880032262729795,0.9957349823648287,0.09225966017124872,0.9934043753585965,-0.11466362552438647,0.9268761903115884,22.52280107721522
5.705887303459327,15.276879764311817,6.491330918268305,0.3946510585786413,3.5,27.5,9.5,0.37234975050030483,0.8874762735464097,0.460853408246243,0.996190617683804,-0.08720236945611597,0.7776057217926783,64.14445716786733
8.474733393301868,15.042981587505825,6.199456497810438,0.44130296544164976,3.5,27.5,20.5,0.6129229707401229,0.9842336939171128,0.17687293676047564,0.9944885841221333,0.10484491428178429,0.9304484842655926,67.7751166084452
5.032013030750383,14.81555364151002,5.873342921799768,0.47078118012684605,3.5,26.5,10.5,0.35293308002858886,0.9082915164712305,0.4183378074073538,0.9835336998362929,0.1807248219983432,0.9472630043886374,36.866034523076976
6.670536862268656,15.804145054547153,6.514592634077073,0.4469581776177557,3.5,27.5,21.5,0.47110317388871903,0.8622316703084928,-0.5065141130482215,0.9519205802314338,-0.3063449182406171,0.8625550448817378,33.44253063871004
8.121724746033346,16.04840548436479,6.777548168218117,0.4705885184842809,3.5,27.5,21.5,0.5990342828559062,0.9455887055668817,-0.32536441093695095,0.9911968606359456,-0.13239631212932582,0.8356089729322312,59.51521218135029
8.242348940563321,15.714836884778714,5.826769888885445,0.5722723156546704,3.5,27.5,18.5,0.7005917553513462,0.9988247550037445,-0.048467605590846397,0.9992203844076085,0.039479404558720906,0.6790254455952296,84.36040989578144
6.991003699077544,14.059786714251644,6.27574203347807,0.4138269981495199,3.5,27.5,18.5,0.49280877490484165,0.9855860321777608,0.16917497798462397,0.9381111087332731,-0.34633444482353914,0.8865764763730755,66.11299094579469
7.141894303876077,15.168623045413261,6.259010341204837,0.4859497187385111,4.5,27.5,14.5,0.5246070953522657,0.9586691400968523,-0.284523250062208,0.9818605503591916,-0.18960448214202485,0.7059086773246114,78.61358318132899
6.505886063280384,14.413571272889445,6.367987048465397,0.45779831433769397,3.5,27.5,15.5,0.4358176807383813,0.9987157869152328,-0.05066336907754241,0.9937581080549387,-0.11155636546189944,0.7122104913311836,43.43376018522456
8.660628748861516,13.855025412171521,6.58430526624413,0.2808213342149566,3.5,26.5,4.5,0.6232404882344349,-0.9822197614126472,0.18773476047467183,0.9417046350757089,-0.33644075299661,0.43742041901537404,6.838366330771805
9.124566671974293,15.996859612810196,6.152772845217081,0.5976825893831548,3.5,27.5,17.5,0.7084379497090082,0.999744491891605,-0.022604223773368414,0.9660571130487041,-0.2583285782254902,0.6368555383196318,82.45005057336375
9.752598455833411,15.67783333204153,6.837212883853117,0.4926548162698089,3.5,27.5,19.5,0.5853043714746297,0.9966357149786137,0.08195884106713185,0.9982120733378292,0.05977170436412319,0.5792458579437748,64.81948731442813
8.0322067091017,15.511186302476618,6.124025406083467,0.4778244001303898,3.5,27.5,20.5,0.6050429869747144,0.9606225229518194,-0.27785674078143446,0.9978975172811875,-0.06481161164515276,0.5719109978360277,17.777135119409238
8.098372966380781,15.410175931940655,6.492823487863437,0.49659944498313563,3.5,27.5,17.5,0.5898576997988888,0.9506613391069869,-0.3102305889613571,0.9402940905165389,-0.3403630757583362,0.8858757711617679,30.5122367250801
5.857470952256465,15.791610932094912,6.190512887180404,0.4964926145454009,3.5,27.5,14.5,0.47328645467350633,0.9839024748303594,-0.17870623946212405,0.9999595814406192,0.00899085563790144,0.9047965298898478,67.80863681648412
7.6749586660675275,14.123324192216158,7.574579530971885,0.31776990699378305,3.5,27.5,4.5,0.5859199273164778,-0.9656899520709745,0.25969774059309586,0.9735007852184112,-0.22868367055637534,0.34222537839541933,79.70638917225469
8.773343725492845,16.22855786560147,6.280475690518634,0.49850098174230345,3.5,27.5,15.5,0.6121909001515904,0.9826543318062437,-0.1854466612868095,0.9980033508534866,-0.06316099813344159,0.7437333535999566,29.553205649312503
6.730992184393212,14.89471590427407,6.336286716058706,0.46019096836320983,3.5,27.5,20.5,0.67780861256691,0.9999169168411992,0.012890283735836275,0.9837290104822504,0.1796586595063329,0.47926541815524304,1.1629268316216184
8.361400735948727,17.80419193599428,6.996961768029667,0.33675913614022596,3.5,27.5,26.5,0.529267572596956,0.9938779124836132,-0.11048391320556712,0.99947229578702,-0.03248276395603615,0.6665428421603851,70.93934693738636
5.890035422862138,13.905913961283469,8.041606996335366,0.34865963769881836,3.5,27.5,4.5,0.6010323625431173,0.9905964318968472,-0.13681633350311287,0.40283141787616233,-0.9152741932185572,0.30469898915496474,8.242767282552336
5.4127670881011625,15.362158351929098,8.135305215411735,0.26218561730680146,3.5,27.5,27.5,0.662695619686996,0.9999754182644379,0.0070116236965809264,-0.472214089852773,0.8814838928446266,0.045629181200745536,84.4147617195626
5.664474408940752,14.803285130553686,6.48202650217783,0.536692603061932,3.5,27.5,11.5,0.48960283522434145,-0.9279595472963552,-0.3726809340193613,-0.8393729918233416,-0.5435558670436118,0.2541170289333406,22.09715822512456
2.7190912396169176,15.136788137900558,6.351057860472028,0.5772504677189403,4.5,27.5,12.5,0.26580597112932075,-0.9938234626778195,-0.11097263190115253,-0.9624468708721868,-0.27147011023008794,0.5683007425775656,16.299299376876036
4.865813601124317,13.717268172074544,7.922799591315483,0.31481590292227735,3.5,27.5,3.5,0.5684750226454788,0.9999997253445506,-0.0007411550602828067,0.6025967415965534,-0.7980458426789884,0.31135908416981617,29.72296745443731
5.039409428026336,12.601515525503954,7.3433550932908656,0.29770876653365547,3.5,27.5,3.5,0.7873967571959721,-0.9950648989677562,0.09922624069412828,-0.9416421700076714,-0.3366155428129304,0.3773282300636879,75.66404100717729
6.849090536644382,14.110891636682261,6.2553577269797795,0.4195992610977436,6.5,27.5,6.5,0.6354266838286673,-0.9996337194160626,0.027063388671940657,-0.9779394663792581,-0.2088884872314699,0.2028048739646568,15.122140345767605
6.376740378203257,16.00452242356521,6.595600885747098,0.4313566804117033,3.5,27.5,16.5,0.5270974228241008,-0.9475998119411192,0.319459851012855,-0.6747702738553992,0.7380278297741282,0.7637785875498672,58.15277823318923
3.504653695730297,16.41126892083822,6.94624038732275,0.21271952753632828,3.5,27.5,26.5,0.31393961466337666,0.03068845144355189,-0.9995289985528167,-0.6273726909234988,-0.7787191449318606,0.5431020465189482,17.641483499904837
3.1288497534774806,15.913607229733342,7.670579559182716,0.2789353390188427,3.5,27.5,5.5,0.3155405105848385,0.9623954221169354,-0.27165244612991374,0.9984801005458802,0.055113417730067255,0.2609553274479645,77.19054635451523
5.884887480870136,14.502092659483063,7.31534422606488,0.32186040844717184,4.5,27.5,4.5,0.7445594962497109,-0.7310210426004827,0.682354918847445,-0.30202559916325616,0.9532998150897104,0.6406977651025773,3.2385176680776055
7.3751035567481065,13.678385954393514,7.148885191081737,0.3500398715133039,3.5,27.5,4.5,0.6449760981649032,0.8203391581275786,-0.5718773169505288,0.9695674069871141,0.24482451533350147,0.5704153915855334,43.70034086209404
7.468315129066795,14.596536135473839,6.6520737082842185,0.17668363161212705,3.5,27.5,3.5,0.4799878395896373,0.8807558988562806,-0.47357052973117447,0.6816313399757203,0.7316957812936357,0.6990315708838093,10.558079938545546
7.136675143831755,13.812599566810349,6.0890080044889245,0.47596591082183193,3.5,27.5,13.5,0.5243180462416003,0.999929454703849,-0.011877946609716217,0.9418559062726642,0.33601704096563056,0.7800867883747973,12.592635061468371
6.709706660181373,15.736949214986538,6.88925301704491,0.42253013693340224,3.5,27.5,16.5,0.366376777809934,0.97634004902732,0.21624085799249537,0.6386912786049923,0.7694630924442836,0.6252231175163795,36.94777918229958
6.778867424058183,15.091761557775033,7.159210581649346,0.47020368049311095,3.5,27.5,11.5,0.538697630204569,0.9156911998844701,0.401882602825924,0.8480209679641457,0.5299626759434606,0.8092420175541696,31.80939876227883
6.185367692781799,15.69397067857293,6.717496878940056,0.46936053304340386,3.5,27.5,15.5,0.4121273608066827,0.9864856931703786,0.16384742039518874,0.704671744822333,0.7095334608382109,0.6647484254333663,17.64693539080119
7.261861538596878,14.030596319890645,6.727080453159969,0.44962394420015,3.5,27.5,11.5,0.49070967448685476,0.999172435539142,-0.04067485782125163,0.9771227233334431,0.21267624113999103,0.6716733795285521,53.862260255746776
7.550248817537399,13.70196332698691,7.063389115885718,0.2990088773334941,3.5,27.5,4.5,0.6995681127317014,0.9121384326194264,-0.4098822754628164,0.8190995371133128,0.5736514170650645,0.7687995434061969,67.45402792474314
7.11216350474027,13.275475245593217,7.029924096555937,0.3444906502962055,3.5,27.5,3.5,0.5676504388484048,0.988322611277474,0.15237590373046173,0.6831981191687512,0.730233065510102,0.47159890003296706,49.64037789410904
6.662143519238824,17.253513054874833,6.755839891742627,0.3610123432705654,7.5,27.5,8.5,0.6760747538698971,-0.9710316927032192,0.23895073083361956,-0.8230384176980489,0.5679857066802757,0.2811724341922548,5.297799319364799
4.715633949266794,17.282814594421698,4.991876707248118,0.6429999776523834,12.5,27.5,12.5,0.6855010229814028,-0.9988822052218235,0.047268806745960866,-0.9957584878370582,0.09200561885262895,0.8488959590423826,81.04788045723095
5.273333467244334,16.870861088391294,4.99283411097547,0.5619459837395577,10.5,27.5,12.5,0.5511026973705428,-0.7715522266821474,0.6361659858101659,-0.9826069714545687,0.18569744114790734,0.3673535641843035,56.47296549918907
3.434109734065134,17.577578611527944,3.911018865477794,0.7890410800691087,12.5,24.5,16.5,0.48633680828510334,-0.9418014239263319,0.33616971590304445,-0.9943459621662428,-0.10618901790528475,0.8592460800111937,73.80310051152443
6.718818372774799,15.93594046227947,6.362466773322979,0.41558858747085864,7.5,27.5,8.5,0.6482921226105305,-0.990531114992291,0.1372884198762911,-0.9738325247123985,0.22726683394696187,0.5471082689284817,39.36814548452605
6.668005903158639,15.364947448508957,6.284098318217567,0.38973728619009207,7.5,26.5,8.5,0.7181796339019748,0.9963827580206384,0.08497881806183291,-0.9188629370803808,-0.39457686559150446,0.134659985002153,56.856081054821544
5.6152730788135266,15.778654313334133,6.531246578469357,0.42877663866754556,7.5,27.5,8.5,0.6805838326101485,-0.9892334024460566,-0.14634642286369104,-0.9462328233471291,-0.32348638923534456,0.34453409007607405,68.57768576424299
5.985128143635493,17.354309660546342,6.9592239738302935,0.28720406028761514,3.5,27.5,27.5,0.503699067966055,-0.9809784533063284,0.1941166508796289,-0.9922322328305953,0.1243993413648622,0.4477298433956406,89.52206775822545
4.224302673768827,19.59967976602328,4.957703572947323,0.5722244557894748,13.5,27.5,18.5,0.5304104048577585,0.9880204921849465,-0.15432273657052664,-0.5181187408026682,-0.855308698908796,0.26312144815323435,32.69124047238253
5.125916961378205,15.261503449699102,6.791478046540776,0.3891069679849025,3.5,27.5,19.5,0.3867432062681048,-0.9947309438711656,0.1025199946604567,-0.99625006049029,0.08652061588484943,0.6859497263939454,4.689285340305858
4.585942316117026,17.461336790644538,7.2615159793499755,0.4314138757722087,3.5,27.5,18.5,0.4179698458678983,0.9049754958639188,-0.4254636904435609,-0.686287121201638,-0.7273307275736177,0.13246888887645225,14.596133761406222
3.780515841001607,18.107439095864105,6.965848410136685,0.5223066387426101,4.5,27.5,21.5,0.32249826475659576,-0.4785387080375741,0.8780664581395473,-0.795319814835476,-0.6061900627114108,0.33846308351751164,33.70927807863099
2.6650483227847315,15.315275652038604,6.838210481856567,0.39460716204200535,3.5,27.5,8.5,0.22405669509498097,-0.9218132506865935,-0.38763427461799027,-0.5672452186413256,-0.8235489432502204,0.1649392950299923,59.33707461786659
3.4455452451326716,16.930286799783243,7.447409727060423,0.2958921321703694,3.5,27.5,27.5,0.275750969963551,-0.9999289657260332,0.01191903947746836,-0.990535034864502,0.13726013516669616,0.10972260663011679,0.2600538323234076
4.4910656939423585,16.891224379128754,8.32186216705133,0.3950486155088197,3.5,27.5,26.5,0.4247747421538599,-0.9885670906996766,0.15078165400862736,-0.8875599702413733,0.46069219575019127,0.3936429075457292,4.202500211911811
3.7349229577928003,14.917431175796281,7.483027431742287,0.3495828819879891,3.5,27.5,21.5,0.3318476232864323,0.7981735179015819,0.6024276183249014,0.9970370693304691,0.07692257393580462,0.18895165466180863,28.090175062605894
3.42576108841382,17.132837788087866,7.022268647992015,0.48107734414835285,3.5,27.5,23.5,0.24911429028671742,0.7113679758079173,0.7028197514263144,0.9638843121268256,0.26632129624909123,0.21079557297149376,52.33008631072977
3.213263133142409,17.24770530744306,6.8460919034415655,0.4184146518851981,3.5,27.5,16.5,0.32640686349823284,0.9215268932712959,-0.3883145438658636,-0.9306768073374327,-0.3658424254842557,0.3463149027288692,11.239959915465292
5.894790667961459,13.35079784585807,7.5407271375359075,0.3066288791772964,3.5,27.5,3.5,0.5890865579975054,-0.9432738909096048,0.33201561217547454,-0.8180731976014521,0.5751141133428525,0.6289145846724883,1.4194037899265908
2.729689559351809,15.364269217875533,7.683531780188111,0.2078252988103939,3.5,27.5,27.5,0.21406913668847222,-0.7945975006080055,0.6071365678556273,-0.21314922370546854,0.9770196561143262,0.4995001286841765,10.000466673596023
5.325465301986205,14.184289737918197,7.563892917475043,0.28080801658301513,3.5,27.5,3.5,0.5879977556268735,-0.6843421855627511,-0.7291610062662409,-0.9442025666802857,-0.32936531856642187,0.42150804480446824,23.077683055301094
7.699158932813611,13.888371403188923,7.004223533448146,0.26533060085649873,3.5,27.5,3.5,0.7287203946239066,-0.9850608535164862,0.17220660518508504,-0.9124840787536567,0.4091122169052037,0.7986539023628368,3.1569059825059895
4.240667933505303,15.379942307050628,7.3406027651136645,0.3745402205792463,3.5,27.5,20.5,0.3851963471098675,0.9505489828862107,-0.3105746788358482,-0.8956480948541543,-0.44476340922351487,0.37198198980766317,70.52511038077401
6.114286050928737,15.763264856403925,6.629919072354961,0.4817845406071431,3.5,27.5,17.5,0.4715672108610614,-0.9785381140081346,0.20606591041073002,-0.9599675116386105,0.2801113646362359,0.7997558108605478,57.97068815229887
6.160175506212236,14.573913491788632,6.111628862702241,0.5257181545708636,3.5,27.5,14.5,0.4636140597871621,-0.9877845682356172,0.15582569350262904,-0.8475587825941756,0.5307015263285748,0.579305799214855,77.76637033955856
6.153012857369524,14.680493478625802,7.673391464620028,0.27725917724086546,3.5,27.5,3.5,0.5832017836143053,-0.9876901883908791,0.15642279807109266,-0.9396218533819113,0.3422145126191204,0.3901056808412589,67.99135267458072
6.03966130974007,14.002680852751773,6.4575791237418585,0.17852298152859752,3.5,27.5,3.5,0.6596697223999695,-0.9999981461309532,-0.0019255478848551786,-0.9985262056242972,0.05427169318847329,0.5302000004802891,52.621936272697944
5.748893094133587,15.351614015690341,6.564909533302736,0.48783958044576364,3.5,27.5,18.5,0.46233461619641364,-0.9969824799518681,-0.07762689398026354,-0.8639035111158602,0.5036573472924711,0.7417348484253066,0.5101315845996197
7.757246069196518,13.733924008645076,6.741879715146379,0.3749993392892748,3.5,27.5,5.5,0.5531660800129212,-0.6709773618456091,0.7414778350636697,-0.8988527385242445,0.4382507894430609,0.6976725265659861,9.996388358008119
7.418463760743237,15.212005980802381,5.6426598677596,0.5074641210106936,3.5,27.5,15.5,0.5185656764971691,-0.9992170654966889,-0.0395633165973957,-0.9994186193234523,0.03409433016799579,0.722920867343808,26.206227262298114
6.425922493075179,17.55626080077533,6.521500199683446,0.4351957009391062,3.5,27.5,24.5,0.6446930850415395,-0.9977869623869443,0.06649193703476018,-0.7739911029546702,0.6331964723109353,0.602633510762388,64.77686040398973
8.911045431808319,16.051534232091342,6.446908874861192,0.4277810725265938,3.5,24.5,23.5,0.7802121041511533,-0.9810801082210867,0.1936022242973999,-0.8453061629990655,0.5342822201756272,0.8223485105640174,3.0140518296274266
7.270839498243412,15.332118547077902,7.8544840500149355,0.26180066041289674,3.5,26.5,3.5,0.5659480847749051,0.043765537553686666,-0.9990418298162679,-0.8662905060738504,0.4995405479901629,0.13765466826946998,54.372465869116695
6.260214077394665,16.199792702305867,6.7229058623783535,0.43119534589278935,3.5,27.5,20.5,0.469738986592742,-0.17495166437848864,0.9845770234629674,-0.9402490287706723,0.34048753853233366,0.7514984715946841,15.250261597058682
8.747275755499516,17.25881534999618,6.782883338717183,0.4002716783618065,3.5,27.5,16.5,0.5610067552804808,-0.8663464560121621,0.49944350847234653,-0.8056100046470807,0.5924462173164166,0.8305184267588283,64.96064839879278
8.77427344308791,18.145550980138733,6.670959474714031,0.3246865221740969,4.5,27.5,27.5,0.6647496322994743,-0.9883872254846511,0.1519562190196684,-0.6600906631017629,0.751185940021427,0.8528210739994326,59.403402884484
8.938541174612734,17.51137600623512,7.299520591960183,0.41607897877234284,3.5,27.5,25.5,0.7199060273895561,-0.9570461901262848,0.2899354927647926,-0.6539040929691502,0.7565774495702293,0.6263325454730573,58.80722176567883
6.134094142632592,17.748882509500113,7.090354656788559,0.3749025120391689,3.5,27.5,26.5,0.43079610360971227,-0.8763687096051503,0.48164082553808046,-0.7936883965402972,0.608324526217127,0.849284842137278,42.149517667711855
6.606753137368722,17.469040153383965,7.46903784615906,0.48760154511668974,3.5,27.5,23.5,0.44599456761950057,-0.9651387250768151,0.26173888010209706,-0.7902141694302733,0.6128307812370584,0.5836899484322688,27.953049592415333
6.825614381846941,17.337770859663355,7.504932857324431,0.4769010040478674,3.5,27.5,23.5,0.4716162088305584,-0.9775594131270057,0.21065990080407884,-0.7856956724456927,0.6186132154263363,0.57089241690241,28.197179741119342
7.28796028254712,14.185808733417185,7.003687376684457,0.327717246294433,3.5,27.5,5.5,0.6416572251864628,-0.991544065728075,-0.12977043468925828,-0.9547117913107597,0.2975321756250918,0.5972989466236004,65.00353443891537
7.3275519666961335,12.862899409764818,6.459392336473608,0.3115939406569975,3.5,21.5,3.5,0.7385046901172118,-0.9945511377312203,0.104249865407756,-0.9908031010201261,0.1353115479510221,0.47704220713618845,12.44173461626498
9.760861943532934,15.482852141545305,8.130867922799693,0.3568582703464086,3.5,27.5,6.5,0.6595491468678435,-0.9769895552565595,0.2132871513232575,-0.989345285299748,0.14558813981626487,0.4909397616540578,12.275970804150603
6.602378932138939,14.79059513600782,7.861577565245759,0.28336984216426064,3.5,27.5,3.5,0.5908043848349189,0.9933485191395919,0.11514651329145753,0.6019604088409642,-0.7985259333221553,0.3017829211088478,78.85436544464903
8.514920392285802,16.591696286743414,7.354449881838999,0.30674122522746744,3.5,27.5,27.5,0.6210927831886355,-0.9997782388307852,0.021058802444901242,0.19452563553720656,-0.9808974345561547,0.2037007057056791,4.954292136748023
8.023225975147545,16.81327486715396,8.021009774286274,0.3629261236470214,3.5,27.5,8.5,0.6648323783485424,0.9755917655582539,0.2195921377803154,-0.5631489652900828,-0.8263553974487666,0.15456124480920394,37.458858903272144
8.998198703230306,15.38232929789251,8.527945881683662,0.3508686922405147,3.5,27.5,4.5,0.7404075487934826,-0.9994290935710498,0.03378589829721647,-0.9999067555402498,0.013655776249312739,0.8104079102531363,18.63045708287069
9.350846826725608,14.073378265399018,8.24096931586396,0.4535098871132983,3.5,27.5,5.5,0.7613282533051251,-0.9768356321278507,0.2139909993560063,-0.9980625681856685,0.06221824480510359,0.7586546339190785,7.289834142735373
5.1571564044862415,17.369635781792592,7.533336106402148,0.3444551907879267,3.5,27.5,26.5,0.5465403366544694,-0.9985958927833218,-0.052973983390721326,0.36354096811773234,-0.9315782116924064,0.21087425408130314,58.489503352200146
8.966341814284531,12.95514075157003,7.440405103249891,0.3456579509482197,3.5,27.5,3.5,0.767692420899551,-0.9574943159320736,0.2884521363376782,-0.9967690820890228,-0.08032058883877027,0.43842028762064666,14.812194085686983
6.351515233454158,16.07684857082058,6.78908247022688,0.38006609766343996,3.5,27.5,12.5,0.4060472711504101,0.9837136613246169,0.17974268419971062,0.11734913644485963,0.9930907210198098,0.19431986637062185,16.284671136299924
7.189309596367531,13.709116060718538,6.893450267935529,0.32446381141599673,3.5,23.5,22.5,0.7324586282142614,-0.9941222875917993,0.10826300066619203,-0.9919707562455364,0.1264674612446165,0.4812625534513057,19.65546343197316
6.0602203272107955,13.560978606543452,6.858542159467271,0.2545467456714704,3.5,27.5,3.5,0.5462112110983185,-0.9962391980460696,0.0866456015994122,0.9977449121575362,-0.06711996918764329,0.564465303831731,0.30973890843887375
5.718969060663465,15.197881995276322,7.8512913720723825,0.3396068896464091,3.5,27.5,5.5,0.47996690372575485,-0.9311726905337783,0.364578414616231,-0.383211457406417,0.9236606405560702,0.17244453689737332,17.581787544301946
7.141429949764931,16.13041683188926,7.361261656910685,0.17763381812986398,3.5,27.5,3.5,0.6071826916016144,0.9807975858261412,-0.19502844827771465,0.7632709746011526,-0.6460784931658125,0.166846092584479,89.7601728251219
7.241978244339205,14.5944809418446,7.6093604599791265,0.3007462800376761,3.5,25.5,24.5,0.7314533427436319,-0.6827167182190826,0.7306831616125868,-0.9083119459306532,0.4182934482868098,0.22791049222926632,70.1689445164738
8.530938244637706,13.560258400780059,6.617537309216183,0.37021774594054696,3.5,24.5,21.5,0.6328178971186202,-0.957824917686547,0.2873524439756159,-0.9415200699074234,0.3369569081670838,0.4979842225977244,58.119074517235504
6.5706737122369425,14.83640469743679,7.156045791419964,0.23420242613829603,3.5,27.5,3.5,0.5292835815660373,0.9762052339123682,-0.21684865985774113,-0.6666206558153216,0.7453971433003688,0.14525728437555543,78.29000246104158
5.932596728063589,14.938109018847939,7.3233190762240294,0.3066361752214862,3.5,26.5,24.5,0.4692453199179358,-0.9926483180173933,0.12103436180374573,-0.9467594088650986,-0.3219419539690488,0.1487055168094733,35.29915483253839
5.604183850917763,16.301835620197,6.409604280595834,0.3645599714093374,3.5,27.5,12.5,0.5525067759771805,-0.9644932315076694,0.2641075659194435,0.9945237600291328,-0.10451072068221517,0.36993947698606744,36.496646660671246
8.110728094173165,15.458663510621879,8.299842960078818,0.484725966089121,3.5,27.5,9.5,0.6992012206225908,-0.9672171190278073,0.25395087056269083,-0.9887296145051895,0.1497122219473727,0.8764232425286781,0.37612551928855
10.299012327432036,13.975569539831659,7.876187127379746,0.4916167690220149,3.5,26.5,6.5,0.7372216214201331,-0.9998786927308427,0.015575616291528482,-0.9962082055302702,0.08700121398094907,0.7873973472859354,32.93618285126002
6.827424036995216,14.446947898869997,8.259495687838951,0.3808218954052352,3.5,27.5,5.5,0.6283147348405079,-0.9998556804564913,-0.01698876861007536,-0.9911266288598317,0.13292105011978167,0.5612207395788228,0.600736222189866
5.85892558471907,13.106803331260322,7.0629447857268355,0.6002056919407962,3.5,27.5,8.5,0.5635082521782314,-0.9961803592091447,0.08731948193810722,-0.9998390533743345,-0.017940661847173866,0.6106371661926229,87.2159007950183
10.26292074085812,17.56592183185459,7.958604568656479,0.4306344429753535,3.5,27.5,26.5,0.831378461604431,-0.9950582726243521,0.09929266882222806,-0.9945837115187399,0.10393863950239089,0.2556293550901572,2.7679494631568247
9.242895913960943,15.84038215640703,8.614727370892926,0.4312007050519695,3.5,27.5,7.5,0.7232018478380697,-0.9987164810513621,0.05064968387249942,-0.9985125985802933,0.054521468032601716,0.8988536458947557,3.896094348293204
11.176536398917948,14.957488445768558,8.344276029424119,0.4373772971971223,3.5,27.5,8.5,0.7656590506888329,-0.9998246426003782,0.01872655998911737,-0.9962923105512079,0.08603273758596455,0.9074091881493964,5.970278550749725
8.277011643067873,13.376709565325957,8.116040849553245,0.47014849282758575,3.5,27.5,5.5,0.6624349012036425,-0.9929732921475444,0.118338671116704,-0.9890245875827903,0.14775102421537217,0.43840273868468327,3.6722555950042306
6.730266229226275,16.877255899402098,8.44998586687074,0.37431210325998926,3.5,27.5,27.5,0.5900096380628822,-0.999543802801306,0.03020242178210185,-0.8299898297568064,0.5577785245958001,0.8078149169314071,21.296718305172874
6.154822079018215,13.220116157552914,7.090980241285448,0.28367105408128906,3.5,27.5,3.5,0.5110154654753226,0.9656211893127487,0.2599533010950869,0.999139938875944,0.04146543793299439,0.7425332035168639,70.62942480905085
7.296643199719486,15.724968823901046,7.9255105184792605,0.38986124749371,3.5,27.5,24.5,0.6699970279403156,-0.9959986769770544,0.08936797782179733,-0.9713529665447705,0.23764135663784183,0.5980285835592302,30.17661912532708
8.021081362902704,17.03316878971672,7.355402662546773,0.3949679132907756,3.5,26.5,25.5,0.6883332462565872,-0.9647653696770764,0.26311172811536554,-0.9793829254128562,0.2020125872557347,0.7900232245140216,20.35135201669361
7.579990386498567,16.56443299329517,7.930766929523867,0.28933984787359646,3.5,27.5,27.5,0.5727683260455265,-0.9991242111937502,-0.04184268880541217,-0.9674524504149934,0.2530528723133267,0.5797260473515322,13.35058844166349
5.442540394015634,14.09622168286963,6.857091378209992,0.2651604823024807,3.5,27.5,3.5,0.3621785414554759,0.9326969203479738,-0.36066113565701174,-0.9641864220664544,0.265225457870637,0.08908802018884837,81.81789055711133
6.706866899213876,18.047307487686716,8.061577624203338,0.49906789095810483,3.5,27.5,26.5,0.6322759175700705,-0.9989569598566534,-0.04566171650247574,-0.9064874289399403,0.42223280447385503,0.34021151539317307,56.585754027548276
8.173849404973886,16.87815778533557,8.473751502366268,0.36908171900905284,3.5,27.5,27.5,0.6443485156062169,-0.9976430470715932,0.06861742220243142,-0.9996647530414289,-0.025891726991819408,0.6839730704313325,10.773392012250838
7.698087842649613,16.718329175519525,8.329275616048305,0.4370243061202661,3.5,26.5,26.5,0.7791290702977401,-0.9983241550645051,-0.05786952060231696,-0.9999912427779443,-0.0041850170157958465,0.6814881826109005,17.87089098299775
5.944171948765919,14.11191906468213,7.945174847117229,0.44532685929725346,3.5,27.5,8.5,0.5084654297629346,-0.9923497633660686,0.12345828099932248,-0.9740657722900777,0.226265046467488,0.4670956799358259,83.12095479251573
6.32029661732628,15.379508745385635,8.270395938129797,0.4577059991845498,3.5,27.5,8.5,0.48129790251409893,-0.8092815387740183,0.5874209657473567,-0.946934551657956,0.3214264377370752,0.7962153177132879,5.137015402955171
5.412632227384322,12.923466164534767,7.584199588873217,0.49414999750401156,3.5,27.5,6.5,0.5722171447080371,-0.9993921591920316,-0.03486132736269293,-0.9999999853310058,0.00017128335692422444,0.80170719288083,0.7238844527820589
8.364806303593268,16.314817206500546,8.12740855335864,0.40837520257831206,3.5,27.5,25.5,0.5480416355370052,-0.9791388345515946,0.20319237848144087,-0.9908086323768606,0.13527103905675902,0.6223685152664156,28.97210644553425
8.185484273140018,14.676286990951134,6.711930148412464,0.4194627632688605,3.5,23.5,22.5,0.6642654231022834,-0.9767487847507471,0.214387059982497,-0.9888593110985088,0.1488531586960207,0.9059768515635196,19.951077091166546
7.739257806806579,16.7863344779506,8.241326224740758,0.21905924332573573,3.5,27.5,3.5,0.7106082026978539,-0.49130399792376545,-0.870988163882911,-0.9918880175698738,-0.12711475367283612,0.49915595364236454,37.5416829628342
6.765258588847323,13.99478307144993,6.7941112279732,0.49770314361016743,3.5,27.5,13.5,0.5659859778180687,-0.737864312469518,0.674949076882016,-0.9882372071441718,0.15292881486458712,0.5348168308278514,39.72635606818662
7.449210984298906,18.538958267893296,7.6835424849854705,0.4249727203362779,3.5,27.5,27.5,0.7561549860832382,-0.9910858734900767,0.13322458995400102,-0.9991770823164515,0.04056054947338596,0.8052632680976386,54.748234889718525
5.99817984080227,15.705992492980227,8.683445326241959,0.29730568709958816,3.5,27.5,3.5,0.6606141098293846,-0.9681922204158836,0.25020756248794945,-0.9687382377718239,0.2480851198253156,0.6069016079027131,2.0610761512585043
8.671559768962378,18.72892627749546,7.385626406449633,0.4539324279493527,3.5,27.5,26.5,0.762073427333134,-0.9928254257431754,0.11957288153207013,-0.9995152910957117,0.031131701942789036,0.8348080718299663,75.84711490181996
10.600779904139808,17.01287721850385,7.828758024880782,0.37804625727395275,3.5,27.5,26.5,0.7183702318022059,-0.9999638454727358,-0.008503396226136384,-0.9999449513624794,-0.0104925804590067,0.9783147926342783,10.17640181227108
5.331206706824827,15.500634808930311,8.296280001551668,0.31504159757460565,3.5,27.5,27.5,0.4773711170433751,-0.9965315301190157,0.08321604099362805,-0.9869159594457384,-0.16123550784891538,0.8161514362850267,13.280439187165967
9.025920480348095,11.91629381857485,6.5570701918628505,0.4254934956293412,3.5,25.5,4.5,0.6810317015775876,-0.9762849670711213,0.2164894063711655,-0.9831189282513688,0.182967682703476,0.8721015526442467,24.843641484936683
8.93298163739978,14.279576390624115,8.163203761232682,0.3469967625319079,3.5,27.5,3.5,0.7709637857456024,-0.9983385738386066,-0.05762023937729854,-0.9944703969288996,0.10501728253995556,0.5503323004517698,33.789438842209115
8.621458108433842,11.696655037115972,6.98054833422791,0.4388482411085898,3.5,23.5,3.5,0.8093504751839732,-0.9836563574423353,0.18005602034721516,-0.9762990460887556,0.2164259055801451,0.6409275618065554,7.418202709442781
7.7794356513338405,12.820256608257914,6.40837575370974,0.5637155968204762,4.5,24.5,9.5,0.71994338940584,-0.999936909038178,0.011232895582815705,-0.9973642982828034,-0.07255657455290465,0.68037495178841,45.24039686505644
6.4519357897122,13.00729641648385,6.840324216765076,0.47583222006644416,3.5,27.5,6.5,0.5667220669804308,-0.983084414875216,-0.18315303226934035,-0.35900707083247724,-0.9333348397506035,0.22470936897233068,77.0184736693199
8.41031405810802,14.929644675898198,7.145135061147455,0.4553607329388217,3.5,27.5,11.5,0.6073972367407574,-0.9720282823183122,0.23486382942741885,-0.9992318481826415,0.039188181604947664,0.6984788076331407,53.30920651146377
9.474102370149492,14.396407505104335,8.205962371593039,0.44576896573172986,3.5,27.5,5.5,0.7931973138788104,-0.9956316873771334,0.09336778400798769,-0.9999397688760469,0.010975364236234977,0.8745221962386043,36.44723286481086
9.603690714022335,12.504580510719917,7.420859616973513,0.5601769229651457,3.5,27.5,6.5,0.7790235320280968,-0.9999497080832858,-0.010029023090589805,-0.9964517248880167,0.08416626383353586,0.7859886102689627,5.633811430117618
9.382938804847425,12.8061253915701,7.54044603977368,0.3322097600513944,3.5,27.5,3.5,0.7458772039281623,-0.9874290378803741,0.15806294679854233,-0.9849813186582103,0.17266094490165748,0.7135960112646808,6.197611614857905
8.408235907209114,14.158394604559012,7.873788066188376,0.46652466571743917,3.5,26.5,8.5,0.6764886182202053,-0.9984795640165066,-0.055123137078788735,-0.9980792873207933,0.06194946505997714,0.701098519557793,25.885899964224606
7.914890468102269,12.704533579320133,6.929124166865909,0.4326322400889667,3.5,27.5,12.5,0.7101860162814617,-0.993105083358908,0.11722752836555206,-0.8953576431133692,0.44534783138404593,0.5971166524979786,21.95912268755268
6.865948493184166,14.761404403341047,7.591904465406397,0.25640690815147416,3.5,27.5,3.5,0.7290217423154708,0.9590024463040275,-0.28339779106918045,-0.996958100567857,-0.07793937202807497,0.13925619193561214,72.5521574593807
5.787287353857983,13.483734481245724,5.441233928124746,0.508550832176977,3.5,20.5,18.5,0.7177325288662751,-0.7586382378351462,0.651512105869403,-0.822145799346955,0.5692769840913616,0.12321453413754681,80.31457205739889
6.459318497568835,13.985922905427902,6.661331826562863,0.4028810237766998,3.5,23.5,21.5,0.6549154426550539,-0.9966273057932641,0.08206103428095195,0.9132177102187434,-0.4074719790891579,0.05535323374383151,34.96514690847209
5.691844237781878,13.969825783043683,7.342963732965665,0.3206644697101715,4.5,27.5,4.5,0.57560160342848,0.9952595138554717,0.0972548203441356,0.9025415634364051,-0.4306027476337902,0.3741604616969037,82.79122562311524
6.67608425331938,15.808512064001704,7.1782017279180925,0.4969964426350891,3.5,24.5,23.5,0.6951288813543641,-0.9944978902913653,0.10475660459380891,-0.994006992424964,-0.10931650840690792,0.41944652122732623,16.688479982022102
6.803165255844976,15.047204437130874,6.087559720485167,0.5339945829315575,3.5,22.5,20.5,0.8044337655204834,-0.885134074503982,0.4653360830109559,-0.9971494497294074,-0.07545180517615102,0.6637402183170278,35.813539250944814
7.1787323147204765,13.1499766892695,6.696470420278891,0.3460417427665415,3.5,22.5,3.5,0.7007586485418833,0.9546401405977455,-0.2977619887754591,-0.6783626278712271,-0.7347272589931878,0.15973916920031314,4.849714425141599
4.414896735429424,14.814068556382589,7.3449106961230815,0.40186058115232115,5.5,27.5,6.5,0.733030250578317,0.9996820364607198,-0.02521558997422237,0.9832919542703531,-0.18203552583819982,0.30269618645980245,87.1404396142404
6.633326089985564,15.988827743108832,7.248434292450103,0.26486517324563696,3.5,27.5,26.5,0.6191355938292736,-0.8904269384417409,0.4551262102947578,-0.6731163130759524,-0.739536631324667,0.40036250492376596,27.083274540031354
7.227592984390662,15.461735938359388,7.312022281552745,0.32563139147216463,5.5,27.5,5.5,0.6637735455118885,0.9449175186285652,0.3273085440205238,0.8972857713038885,-0.4414501609645033,0.08189034110025877,75.56385488245752
6.280118946240437,18.51576323605418,7.887632712384074,0.5869815912692888,3.5,27.5,24.5,0.6398259621852314,-0.93168272721729,0.36327303203644634,-0.9891947977388775,0.14660713531865077,0.726813020936074,3.684169907993464
9.105450106326616,19.00176521586537,6.611503390257397,0.531267254217062,3.5,27.5,24.5,0.6945634727264474,-0.9987970067281825,0.04903610252480374,-0.9637713600255767,0.26672976135866455,0.891058172650612,20.81262951103207
4.466912359836048,16.996833568033548,7.7981194564948,0.3974621210476642,3.5,27.5,26.5,0.37749390312773917,-0.8474481375171427,0.5308781915079259,-0.9199588012584117,0.39201505581697527,0.38606427823651734,54.959362363041265
3.8384493097591976,16.45825228031243,7.4341587834587495,0.24976351286505008,3.5,27.5,27.5,0.291025885132835,-0.9937710329293377,0.11144116883161817,0.9990637320719781,-0.043262677429982445,0.36565177437282975,39.60187013268141
6.946148122859394,18.13703757259317,8.497451715722066,0.4959074334497984,3.5,27.5,26.5,0.6649870710108869,-0.9974994464746445,-0.07067428303688644,-0.9669135355929298,0.2551043211848442,0.6794656478903465,17.648338322920367
6.503025892830017,19.11867854352025,7.247666982549327,0.3863463023154911,3.5,27.5,27.5,0.5228734038843366,-0.966565388561978,-0.25642025979635924,-0.9758672797666815,0.21836449409365385,0.6528412690212592,41.71589052575824
9.287431273374402,18.69224128884438,7.0614695542875765,0.5459793805028401,3.5,27.5,24.5,0.7470937931710807,-0.9952474677979118,0.09737801518743523,-0.9894352385819212,0.14497554501479437,0.8701590904330951,78.64614608917013
9.536819546612936,17.02310437330769,8.018937814399234,0.3178548712608536,3.5,27.5,27.5,0.6491909602469372,-0.9940098817873376,0.10929023245067739,-0.947789958178221,0.3188952730545346,0.7845212728171953,60.80283417802692
8.444230297247874,16.175546456958557,7.929942863830317,0.3244613545670975,3.5,27.5,26.5,0.6007169992804949,-0.9855036316421598,0.16965433097953683,-0.6950486234347468,0.7189627327347805,0.2800550300099578,51.30721531374485
5.182003591838976,15.88494649442277,7.351001313523822,0.37149843240621355,3.5,27.5,16.5,0.47614293916127565,0.8584030062604301,-0.5129759047392538,0.9705803307495032,-0.24077753541845417,0.47153596144677346,88.00703874147285
8.158932395813693,16.164776107998822,7.914540589312422,0.4150863214487073,3.5,26.5,8.5,0.7269633581975171,-0.9626890184905424,0.270610150729266,-0.9877422151445294,0.15609393460790905,0.9163073265513986,88.6772635947633
11.552206703283147,13.970594880449047,8.118849808111678,0.5090783290461823,3.5,27.5,6.5,0.842922168015644,-0.9999050217886755,-0.013782140682363105,-0.9996574714223723,0.02617135513169085,0.8596807786075158,1.2557074929991217
7.17609676088006,11.924472300050207,7.128149862031511,0.5452663832704414,3.5,27.5,5.5,0.603884503302646,-0.9997953295113472,-0.02023114152233275,-0.9947426778799998,-0.1024060779647719,0.8309631401988758,5.710409167175911
7.046706226749556,13.89847171573386,7.2726612872763585,0.5175084991134915,3.5,27.5,9.5,0.7026228817769823,-0.9820731601813187,-0.18850015398263698,-0.935264233280256,-0.3539502986955865,0.6427770784772484,65.41792376696533
7.2512338644728915,13.332036466916728,7.729869272611018,0.33528339579607397,3.5,27.5,3.5,0.7833596127009177,-0.8843569098808616,0.466811370840486,-0.9506164200118022,0.3103682039190624,0.7633777589414351,13.004560520289985
8.971603346562283,15.877802688292492,8.443071080795821,0.3389599739405744,3.5,27.5,26.5,0.7529885869832492,-0.9893972826149158,-0.14523435252797626,-0.998472397286308,-0.05525279954294848,0.6826667467002526,6.731074251397615
10.265368957223624,15.58048318931226,8.090315193530365,0.4039583867141381,3.5,27.5,8.5,0.6613488424520101,-0.9989692401311641,0.04539226004248579,-0.9991481865771026,0.04126622419954799,0.7064000859645192,4.148628247114516
7.678983977554938,14.729887966632502,8.262773810972622,0.3563853806243279,3.5,27.5,9.5,0.7014778573721298,-0.9972374723528235,0.07427936278234774,-0.999992568884534,-0.003855149246200611,0.9143907453005197,1.6402320350887152
8.928931264778019,13.0957688697462,7.573314587130239,0.39706452200301423,3.5,27.5,4.5,0.6490841202296055,-0.9969765819460833,0.07770260646274756,-0.973490250094721,0.22872851368055852,0.6076805289702152,5.218773244996569
5.060792096945435,14.671819454053386,7.961245771567035,0.3441393545118549,3.5,27.5,4.5,0.38525049164260594,-0.9939609543359943,0.1097343212284992,-0.9976982157345483,0.06781054726293471,0.582442508015911,76.48834780250992
8.105816566951498,15.818148567180803,6.9740738219871705,0.3764896262524004,3.5,27.5,11.5,0.6878641988210045,-0.998654144663557,0.051864239571205104,-0.9950979429981618,0.09889430641258927,0.8226926293914635,18.658005835940315
9.300649955760484,16.20029877483934,6.272691271854604,0.4202069061497186,4.5,26.5,23.5,0.7219662430219003,-0.9938532328492446,0.11070569793423081,-0.9990195377313206,0.044271471977996364,0.8850476698635417,83.87601076579435
7.682017381328336,17.14491523430404,7.215682391164096,0.5745105323697,3.5,27.5,22.5,0.5997756983640927,-0.9678281144449987,0.25161228286758675,-0.9728130666055986,-0.23159174735169474,0.5189950259599155,65.30228166013906
6.505985900307658,15.698959746810779,7.649959211477104,0.276676053118768,3.5,27.5,27.5,0.46906280253359156,-0.9893052435131948,0.14585998477066386,-0.9950302974498357,0.09957262252693423,0.7123315594615557,79.26966281425224
10.715720924727407,17.43206146099429,6.7691761056188104,0.3918224466611147,3.5,27.5,13.5,0.6826007307629125,-0.9992725187414018,-0.03813703302847417,-0.9921050704062333,-0.12540944651118893,0.8623357952619864,70.44938010565534
10.01431381267319,15.92160466381374,8.28099402216512,0.258105963046338,3.5,27.5,3.5,0.7296920426639526,-0.9767581656924567,0.21434431588709627,-0.9557769214031904,0.2940926325378447,0.6731729215713609,1.554064247043641
10.269044403640631,17.54546636803157,7.485381829276149,0.42278865530356524,3.5,27.5,25.5,0.7557754843452458,-0.9973854275945544,0.07226554380912044,-0.9975285220794299,0.07026270445996469,0.7620843234328011,29.38114827201339
6.987535148451623,14.811498938057156,7.545921980366511,0.3292883238369372,3.5,27.5,24.5,0.5890021011792629,-0.9999660037048158,0.008245691882455903,-0.997585406489984,0.06945039062678757,0.7837749266922709,28.52093428360108
8.873894326172893,16.51057984962094,7.355043086320681,0.4619052446396994,3.5,27.5,21.5,0.5760917358915152,-0.9635103929939804,0.26767092220221694,-0.9989046946138821,0.04679114316136173,0.8906292620427695,6.053030522661757
10.858920457229848,17.61814739665965,6.913646265897394,0.47234332259380185,3.5,27.5,23.5,0.6684353340408478,-0.9884204362282558,0.15174004496620058,-0.9919620309426206,0.12653588095157606,0.9678533539887274,6.7467467990289265
6.869358182183057,16.572612067474477,7.290840860288775,0.4988793399791676,3.5,27.5,22.5,0.5376875311388676,-0.9999434901443583,0.010630922721925123,-0.9995465281291073,-0.03011209233925367,0.648539054133268,60.51992308021573
5.179570944943913,14.111967797934783,5.277059622239796,0.6309339289195948,3.5,21.5,17.5,0.6008216275536424,-0.9807205178975924,-0.19541562315914782,-0.8553936046619253,-0.5179785527446845,0.5457062987720318,7.617387019588109
7.917750358524604,18.22369691756054,7.107220120672385,0.3819751400920759,3.5,27.5,26.5,0.6666209026204983,-0.9995436843341832,-0.030206342175886386,-0.9962993223748872,-0.08595149931991054,0.8565338623810596,11.244163421114834
4.692335281674271,14.109506742302093,7.646660689504658,0.47189466295404736,3.5,27.5,8.5,0.5133637015391709,-0.9809117329816948,0.1944535216930987,-0.9955516167230138,0.09421771829222611,0.7825650306216203,4.58843951645828
5.1580967345811235,16.95475833543043,8.039447362603564,0.3967966185846238,3.5,27.5,26.5,0.5205870304118223,0.00756388667797785,0.9999713933999925,-0.7317724557981236,0.6815490246014466,0.501053138805043,54.14949449757168
6.083344103057537,18.177168494806445,7.017097122128045,0.3090178939942395,3.5,27.5,27.5,0.43671347627607704,-0.9900219878707266,0.14091296438757794,-0.9849760823821481,0.17269081369637432,0.8272932701242092,20.862223909180756
6.799134191510865,15.784976329756699,8.370644349159873,0.24949522284787404,3.5,27.5,3.5,0.6830851907024371,0.9920632313108855,0.12573998998331656,-0.8597872449690248,-0.510652419350554,0.29830607427821865,80.83762306155013
7.050460682227426,18.242518091762758,6.606148462111213,0.5051912878966186,6.5,27.5,24.5,0.6453339062038189,-0.9679813705362064,0.25102204344409174,-0.9946694354844778,-0.10311505279536172,0.5810905774291708,49.97849552606773
4.251767053850827,20.43444700968314,6.88583320794147,0.48493848213944385,3.5,27.5,27.5,0.6202509806611736,-0.9938148223379357,0.11104998379746508,-0.9913602661623626,-0.1311671554715189,0.5885762674119217,13.603353267105788
4.266128191684517,13.515212649132982,6.501093660672685,0.3735542612596138,4.5,25.5,5.5,0.528906613723593,0.9966988261190558,-0.08118774546011356,0.9662581121478625,-0.25757573781016085,0.16068762348242643,68.71407461543247
8.189858104244397,17.670515929649024,6.67846709496315,0.5028573837444653,3.5,27.5,19.5,0.657570625464724,-0.9999749886365162,0.0070726304441235685,-0.9993255162031656,0.03672210050196936,0.9009449168249303,31.657917676130822
5.995530241049868,17.722083471207128,7.664370423266152,0.19333648717727261,3.5,27.5,4.5,0.5512816958883203,0.9919805559317388,-0.12639057185311847,-0.9926668126896613,-0.12088258346242017,0.43555500042496387,8.71280196094851
7.0282259731933205,17.290618557938313,7.745655324541526,0.3566513287229246,3.5,27.5,26.5,0.48777101931353645,-0.7943825798662465,-0.6074177448881836,-0.9989784643948094,0.0451888003313707,0.8546503040230976,6.4274160916222485
5.155201009257208,13.989026104199098,7.454912965329366,0.25297945048990383,3.5,27.5,3.5,0.5312766883635628,0.9996461402064779,-0.0266006460502506,-0.9458186780886996,0.3246952851190556,0.31963572015223995,88.78998360549066
5.6369660389473975,14.968067330357599,7.4721616800395285,0.3662993933883458,3.5,27.5,8.5,0.3984190335869542,-0.39812923466167305,0.9173293369928329,-0.9111986410551116,0.4119672760539579,0.30158726494752136,73.14348101645373
10.280216127330176,15.043122553901789,8.411031182987157,0.3055518205160239,3.5,27.5,3.5,0.8123330866980093,-0.9987893433593183,0.049191946412616566,-0.9609154897207332,0.2768418711372317,0.6314893876566611,2.8127165056339436
6.39150604157534,16.458565844405587,8.13675478238485,0.3096806981899982,3.5,27.5,27.5,0.7253041456386164,-0.9999819920201506,0.006001302809508866,-0.7605688409496923,-0.6492572973609474,0.41566421987263924,2.906687217587759
6.682473411698666,17.56601231190619,7.476926830169638,0.5192039131609174,3.5,27.5,23.5,0.5948884414128129,-0.9791248507079056,0.2032597518600807,-0.9629178209374022,0.2697948667435408,0.5155187451766151,57.85144057910337
6.69342952941243,16.773969623852334,7.877422728365,0.468241974697998,3.5,27.5,23.5,0.614508876930213,-0.9915281108537787,0.12989228378443754,-0.9258378371578897,-0.37792102255206816,0.3050896275155921,71.99431125413822
3.4770130737964835,16.166724296658977,7.68059363549856,0.3580869159681898,3.5,27.5,7.5,0.29684794754976934,0.9982032243713208,-0.059919302855579074,0.8123622517254998,-0.5831531290934446,0.8273620301528033,5.803484970190112
9.338104469729528,16.266983883838762,7.549694556737503,0.4730096629042703,3.5,27.5,23.5,0.5940238990401817,-0.994936376744082,0.10050674719320209,-0.9253423175385761,-0.3791326883458309,0.6472231417031515,81.42237329048234
8.69572997975372,14.235796913145565,6.762025404376018,0.41691527838261394,3.5,23.5,22.5,0.6460157600711113,-0.9722175998335618,-0.23407891526976188,-0.8637831888574664,-0.5038636746653071,0.6357222625005624,76.49082935074841
7.438477442206126,16.917829634766797,5.993946720767413,0.6430831152738761,3.5,24.5,20.5,0.72022414090432,-0.9899020660155192,0.14175295304933347,-0.9987787272075899,-0.049407024577348836,0.6259601587860184,5.055426154126858
8.693154969064736,16.144351685425782,7.390011067980143,0.3453424047332326,3.5,26.5,25.5,0.6941748622876722,-0.02892496259057565,-0.999581585734318,-0.7242051486397263,-0.6895845870404239,0.6492787287456399,58.05440158941235
7.095469278779691,18.577514519246602,7.4984179079153925,0.5090639720201953,3.5,27.5,25.5,0.6085698815191374,-0.9947259602838835,-0.10256833788896914,-0.873392884775638,-0.48701629215385506,0.3944514353431714,40.09086191092014
8.841882895253693,16.018992394280314,7.640392276376416,0.4397099453201399,3.5,26.5,24.5,0.738330275119746,-0.9220634643698724,-0.3870387159887614,-0.9564164522854374,-0.2920061126033799,0.7336426835332772,15.27048121840457
10.796081238308473,16.43247047500928,7.812643786803548,0.39730334413043134,3.5,27.5,25.5,0.7565244663344278,-0.9989122559171449,-0.0466294432576712,-0.9958829823899452,-0.09064814055515977,0.8521704736313959,13.127797209606271
8.618809021103358,16.095355060913718,7.691816024840532,0.1982929378962037,3.5,27.5,3.5,0.5692182002259694,-0.3916946748163606,-0.9200952568731704,-0.8915512132913043,-0.45291989808221417,0.6832776991937939,32.52315223428569
8.094762421978606,16.520824627828624,7.189837340304411,0.47147219769473275,3.5,27.5,23.5,0.5677261931525406,-0.9892782313274016,-0.14604307933527041,-0.9875884803583753,-0.157063660543854,0.7851574019344869,39.0022593692951
11.146562084531956,16.330273734067625,7.283202819690531,0.3913067818882505,3.5,27.5,24.5,0.6790710549849955,-0.9945417579931506,-0.10433930998379055,-0.9966959654237603,-0.081222857053901,0.8924042369616393,22.602721327704757
6.258902837881835,16.476908782180725,6.817471906310367,0.4054818279485093,3.5,27.5,15.5,0.4803766303967055,0.5781029542462417,0.8159638314850529,-0.813891147763991,0.5810173832093265,0.4524902056137844,85.28990332680365
6.731042274919164,12.131206710657148,4.9111909358026535,0.4784848026465894,3.5,18.5,17.5,0.7881106328591684,-0.9832009514161544,0.18252640667686648,-0.8788368422341738,0.47712242111628533,0.16159489764614526,28.497907339675763
8.955194982486244,16.89765329748221,7.499818337336396,0.30166656750599363,3.5,27.5,27.5,0.6861406208152838,-0.9986168239052662,0.05257793276041439,-0.9869185530819239,-0.161219631505229,0.3566618842380963,14.61250813706512
5.7691819907334825,17.018201325379888,6.63361109909528,0.43794246546363835,3.5,27.5,18.5,0.526237092399837,0.7115151108401752,0.7026707956405285,0.8906720567541996,0.4546463321277803,0.31787066975714295,71.51899651827937
6.7135821359018655,15.359698846870048,6.857923950369043,0.38800555510756674,3.5,24.5,23.5,0.6744512094770325,-0.9993551910974534,0.03590545956498029,-0.9795872373586808,0.2010195124956472,0.25598317490577477,81.95698719222851
4.131506017563413,13.186234332184535,5.881415424456779,0.3135033467840693,3.5,21.5,21.5,0.45143495912446935,-0.6526049211943183,0.757698367975646,-0.6517179265795446,0.7584614322263588,0.21563211735968615,49.84503567811197
8.17115314440295,17.680583164445135,7.27283455649402,0.43649732536000135,3.5,27.5,25.5,0.7404971162303071,-0.9939938833646075,0.10943564242853968,-0.9988938965043905,-0.04702109660860742,0.7460707407734959,13.638544013321706
4.551536091260913,17.39013442678275,7.185347698703726,0.3011608120730968,4.5,27.5,26.5,0.45539738027050125,-0.9997016001203295,0.024427662942920047,-0.9760902281661127,0.21736574357204053,0.40027879566339175,38.5982865635223
8.721162172195388,15.426207852566698,6.793280955513951,0.37109999830520535,3.5,26.5,13.5,0.5638195037675356,0.7714505069873011,-0.6362893329838527,0.10417610034282825,0.9945588670950357,0.13526914396856918,11.635319999758774
3.4709112307581442,17.478624980126337,8.020469138188949,0.31187622851873886,4.5,27.5,27.5,0.4257341526340255,-0.9610864589489517,0.27624774827130266,0.9376578175801902,-0.347559803675216,0.5092516768772974,80.5435891799412
8.674222043395805,16.66890014973027,7.435502451711024,0.49161437936626545,3.5,27.5,23.5,0.7111140897248095,-0.998020827249965,0.06288424584341876,-0.999919743364149,-0.012669129037715266,0.6614694225477911,11.576206833862784
7.707852090269704,16.422942404330318,7.975938341932961,0.3149686949654704,3.5,27.5,27.5,0.7208383165160539,-0.9810557272503575,0.1937257340398331,-0.9495818747424135,-0.31351915916046236,0.646303274459267,9.4962802042308
4.756233169202884,17.56216409871076,7.34851791858437,0.2942239314123147,3.5,27.5,27.5,0.5878027178551967,-0.9967149641800632,0.0809893831285022,-0.9915569263238244,-0.12967213216127008,0.764469594666612,14.694553778478735
5.046071166495528,13.941142561396264,7.749473050988784,0.35532013027371667,3.5,27.5,4.5,0.48414032120009853,-0.9995660131468367,-0.029458196851434297,-0.8361242255598949,-0.5485401347502897,0.3402113545629334,2.204325181319561
5.833776350234124,15.191976033567888,6.535014286623798,0.4226415279401788,3.5,27.5,16.5,0.4347773736475058,0.9769905891363359,0.21328241544730173,0.9998266498365509,-0.018619083667542904,0.09955425263369645,66.6122822028374
5.250217681458959,18.39451637059276,7.270231833008963,0.5566740279803658,3.5,27.5,24.5,0.5262703326302236,-0.991791110033192,0.12786865940928918,-0.9990755109512746,0.042989805971295446,0.3932569391653002,56.27776992725204
7.3631723733397125,17.27399093692803,8.155901649998679,0.40812150294219296,3.5,27.5,26.5,0.6852515234337035,-0.9950964091371514,0.0989097392694318,-0.9997668924024099,-0.021590758579267472,0.5499814912661651,80.29175173044622
5.702702396669123,17.01140155891886,7.830321629746343,0.3424306311506016,3.5,27.5,26.5,0.5456339221416118,-0.9824750115650001,0.18639434446987105,-0.9999896427485067,-0.004551307033581406,0.2586681971644587,82.88869139328317
3.8719684496623654,18.629025421776735,7.820335910323911,0.4253789297931089,3.5,27.5,27.5,0.5952376631080178,-0.9971620565840212,0.07528501118499784,-0.7795602693349433,-0.626327219969267,0.1623485937349605,24.720301526207315
3.5563417109114734,12.72594899490925,7.694032084257636,0.3477266341352056,3.5,27.5,3.5,0.5644200907186716,0.9891702265100205,0.14677282781943873,0.9991089703111175,0.04220504050298621,0.2905049609209659,77.02295901861532
7.023693626639978,12.760830428569664,6.0276544375682,0.5276992654324625,3.5,22.5,9.5,0.5825291052371243,0.24238623873778847,0.9701798345000517,0.11923999489239444,0.9928654609855566,0.3081143863728663,74.74209460647032
5.345905499921298,16.19090609458944,7.124626929830024,0.3790685022240869,6.5,27.5,7.5,0.6388284839896915,-0.9459677066089612,-0.3242608487822454,-0.9830302661097484,-0.1834434406355191,0.38250404158214163,4.033021711911573
4.847343064850146,14.442047085853057,6.792965020943531,0.31659839391574107,3.5,27.5,5.5,0.35577681042466425,-0.9999859490502091,0.005301103861709765,-0.7946068943242424,-0.6071242735160425,0.2480396395920245,83.57149053873856
7.802093890072245,16.35119413871114,7.791086029748668,0.3165101576203322,3.5,27.5,27.5,0.6144813252743144,-0.9897344500518,0.14291857255325788,-0.994269714766935,-0.10690058137015734,0.5773858725874453,76.11274594720877
7.171347377207236,12.927580286856374,6.533319497798902,0.27711109591937566,3.5,27.5,3.5,0.5384667320399137,0.8359609911043224,0.5487888677368363,0.411225652038718,0.9115335776071725,0.5182755881480079,79.18463770505481
7.104689558320051,12.289445308738937,6.614623995098396,0.5456719292594362,3.5,27.5,6.5,0.6631857687504383,0.9906950216614705,-0.13610060269954136,0.4728503858934465,0.8811427310943549,0.37935545080373767,23.885443453565472
5.219655167293586,15.073980843851784,8.028772131014549,0.2207935292347698,3.5,27.5,27.5,0.4640403504692799,-0.8569664354237563,0.5153722233076797,-0.9788141646201981,0.20475065601571021,0.12908403063015966,35.81810474490838
6.53858827643567,13.218061668061583,7.510162598109489,0.36113947804025376,3.5,27.5,3.5,0.6971213962835978,0.9798949714447541,-0.19951402190644257,0.9994616173050056,0.03280968658891068,0.24217671217923487,19.435753801005035
8.778527789053424,16.037574489936127,7.021574894815344,0.44824201301317756,3.5,27.5,14.5,0.6374150071193261,0.3689828415409465,-0.9294362068740214,-0.42167674081134643,-0.9067462303526387,0.29492584030766866,76.01774560742567
5.2088494125932305,17.682395737394856,7.186479314561585,0.5150548927999189,3.5,27.5,22.5,0.46434648525962513,-0.9999379872658419,0.011136499572883624,-0.7929375398854058,0.6093029278121683,0.41246496172416414,48.57594772258324
8.587991315306075,17.558851168398895,7.28746845179665,0.40986271823435877,3.5,27.5,25.5,0.6835164756514062,-0.9896800511141307,0.14329478855398586,-0.9861014572672656,0.166144262541248,0.6704718842715911,88.3450930474179
8.26003044509045,16.04876759876929,8.198263778681262,0.23057069036377847,3.5,27.5,3.5,0.6109070679289728,-0.9865891772059051,0.1632231460920146,-0.9999993888400585,-0.0011055855957287119,0.5178565284127095,10.62073579314442
7.199218671260325,17.906255702072578,6.908953836376157,0.43794741433041906,3.5,27.5,24.5,0.5790429706164125,-0.9947146704049995,0.10267777014073347,-0.9846825478861921,0.17435676037468986,0.9284798116595937,18.28314875765814
5.9401996678525775,15.02562740927094,7.409618795292567,0.3312407254671754,3.5,27.5,24.5,0.4227861297146184,0.8614015413068377,0.5079245855776274,0.6237623408288882,0.781614062158343,0.39555297566403014,30.033632106195697
6.985636752968438,16.897647413242762,8.084395622723072,0.18444594284026286,3.5,27.5,3.5,0.5364872447780582,-0.9823293692776158,0.18716038644606814,-0.9962348698735184,0.0866953519405386,0.8267674883224991,1.189588515295327
8.17253048998951,18.710742951122757,7.5413347170232194,0.381893103204095,3.5,27.5,27.5,0.6672439852119852,-0.9855876097709596,0.16916578692503592,-0.99894676969783,0.045884107382301635,0.7465247432734508,3.623532314735783
8.19917796274281,16.549821254105346,7.900020686483943,0.3117514321938116,3.5,27.5,6.5,0.5956358266958038,-0.9910785806330382,0.13327883181661773,-0.9930798199030971,0.11744135260304235,0.6754135246886702,70.79602496640291
7.392976023311921,17.068976164551398,7.498310668340979,0.3054566335598612,4.5,27.5,27.5,0.5259074513767216,-0.9958996805753679,-0.09046450259566019,-0.9971567320120798,0.07535550280496661,0.6975864692540069,32.109258475561134
6.7333319267713545,17.89186245828218,7.3143199187082075,0.2988278821737998,3.5,27.5,27.5,0.5286700456515642,-0.982242512446006,0.1876156889595264,-0.9928790976374949,0.1191263928546227,0.7341756479965765,11.153652131070075
4.935504558446967,13.583629886318713,8.168286743371596,0.401856094090277,3.5,27.5,3.5,0.439293841025058,-0.9966829258352422,0.08138270914943242,-0.9973583181812822,-0.0726387304033066,0.6445224859936741,19.43625118617078
7.433420042087871,18.027628095507943,7.295283126156659,0.49678519914633973,3.5,27.5,24.5,0.6235677037689352,-0.9995580175388638,0.029728262205795886,-0.9999268510869902,0.012095142630661733,0.8393258422314774,8.602110616928769
7.836399759949073,17.724418090395893,7.062085346535759,0.4934132706638984,5.5,27.5,24.5,0.6611966568422596,-0.9839608364077101,0.1783846193365324,-0.9963690863591129,-0.08513896727061354,0.547275103360779,85.52743873982743
6.544415464381923,16.48369304223591,7.057088353257604,0.40561291666777266,3.5,27.5,23.5,0.5508474124756162,-0.9998917397577824,-0.014714236784661553,-0.9323545162664986,0.3615453719762757,0.5233086909706629,82.18196247079557
6.059646622541012,12.963240511249035,7.836650244450619,0.3408220074677285,3.5,27.5,3.5,0.6141447132597524,-0.9887351160805663,0.14967588392639947,-0.9842530558748686,0.1767651605972822,0.2872278613303735,5.0405910337121185
5.370394042979681,16.793430477882918,6.888108589171827,0.2411463379100393,3.5,27.5,27.5,0.5190404308958362,-0.9625279841979713,-0.27118237338697004,-0.045855430840309006,0.9989480864701877,0.16902073110676166,8.281663307202564
7.000444480577986,16.3003973895715,8.27985260108013,0.34583678098743725,3.5,27.5,26.5,0.636637600093255,-0.9963086737138913,0.08584303514244435,-0.9956579684591595,-0.09308710890224935,0.5239568818439029,3.004020600412119
7.922796524628813,16.09776445956515,8.101607230094348,0.30081562160683034,3.5,27.5,26.5,0.6389557606045606,-0.9998659811307691,-0.01637130958122922,-0.9856138557431339,-0.1690128023764851,0.7466420598084192,8.43514550034807
7.703967483985211,15.486171816954077,7.835616969898222,0.4250186155517022,3.5,27.5,8.5,0.5407810697523919,-0.9999868012363478,0.0051378354486187145,-0.9908598411519474,0.1348954231704605,0.5968175202129195,12.752270387176836
4.881603663886129,16.905673506590382,6.870164689576102,0.42094090383601085,5.5,27.5,10.5,0.5065712431397541,0.6474429203504315,-0.7621139448193458,-0.8187784273438612,-0.5741096471200544,0.4468637845275498,75.82134998468952
3.62959754480457,15.240825482912216,7.086573606747203,0.3392459033799292,3.5,27.5,20.5,0.27830063448087455,-0.9209759776949906,-0.38961936362141475,-0.981031333849403,-0.19384922492922477,0.5251542894599369,73.80554643460518
8.497261544102901,16.940395132206937,7.712536811771867,0.21308073830522475,3.5,27.5,4.5,0.6356513644522815,-0.9734537500864877,-0.2288838055489159,-0.9998947583109239,0.0145076635727134,0.8269374864276618,0.8075150851298929
13.254391459227614,14.143574675604443,7.539373239496827,0.3469323707063275,3.5,26.5,4.5,0.8228727964966132,-0.9886084735268341,0.150510086276445,-0.9780891315626925,0.20818657670209645,0.9733868861572819,55.67851554312357
9.924631227582463,16.02506227801973,8.094405977680319,0.2249982276770978,3.5,27.5,3.5,0.7542211434807927,-0.9965883026408163,-0.08253335713211225,-0.9934756914410632,0.11404407268990939,0.9267771223176479,7.007243040464786
5.442513512986298,14.693054510154225,7.388506474378263,0.25458793369605126,3.5,27.5,3.5,0.46476916467338075,0.8537686198151765,-0.5206526133794862,-0.8422338439400999,-0.5391123742986088,0.17612997740034345,83.78724546826476
7.293210142569814,14.354209152321436,7.712974091967598,0.29186216842823387,3.5,27.5,4.5,0.6749363025632718,-0.9806004318111503,-0.1960173286517946,-0.9552200136191339,0.29589647781185513,0.7644955465294084,6.029319325020822
7.114127418830794,17.511650978597647,8.032873112601655,0.243206517307099,3.5,27.5,5.5,0.5864773753033006,-0.9594463516870753,-0.2818912879717306,-0.9996319746256145,-0.027127758958211873,0.7591871857554916,68.9535883207546
9.11539924969268,14.762197868418605,8.483684911030416,0.37907120976855235,3.5,27.5,5.5,0.7348205787635356,-0.9999301245662033,0.011821420600635492,-0.99679662991385,0.07997798817419229,0.8501510729036107,1.4078589788159661
9.609347947465748,15.227609618019782,7.845385077684737,0.37681976962126135,3.5,27.5,9.5,0.6709357489376209,-0.995385777976453,0.09595391082291177,-0.9999515479489193,0.009843868881709544,0.8865064735979704,4.200817409561921
9.390085302459546,15.203432177676437,7.26463683477499,0.33574790405582566,3.5,26.5,24.5,0.5752708934675665,-0.9999907167673278,0.004308872145474086,-0.9905181115741998,0.1373822064296579,0.9012306997704671,0.9932493051400684
7.8256997598696545,12.943790429644295,7.31694288070849,0.3807212356657062,3.5,27.5,4.5,0.6629938715080607,0.2621177723469359,-0.9650358922961777,-0.9950941026022648,-0.09893294176457781,0.381054494363145,65.57836410336152
5.536368009238339,16.127529087581383,7.224708234268261,0.4229692684636651,3.5,27.5,16.5,0.4045076108541539,0.976653875250709,-0.21481901209570028,0.37752881705691976,-0.9259978360080562,0.1768916780107667,88.94082702460042
11.365883484175587,18.89796805353035,6.3389942993307535,0.4491081040527805,4.5,27.5,25.5,0.7822665062045212,-0.9626470137507546,0.27075953707442046,-0.9540737416281635,0.2995718537106521,0.8099321493254987,2.4135908124745526
12.1222271198273,18.42309549796357,6.75815578152608,0.43435087496391567,3.5,27.5,25.5,0.8019909115890456,-0.9939875734686856,0.10949293945197762,-0.999985371376435,-0.005408977087530214,0.6108556285503935,17.444864525601332
8.564415834896389,18.53403482307011,7.784871548072141,0.5586778391973292,3.5,27.5,24.5,0.7687559877212891,-0.9885055954283594,0.15118428425873098,-0.9589366742825299,0.28362026499522397,0.9189812365993251,4.826652975976941
6.713419288753372,17.948258663775082,7.262378704921813,0.4362940577740916,3.5,27.5,25.5,0.4961292247716335,-0.9479674797410936,0.31836717379987395,-0.8672901017411953,0.49780305284494514,0.5600536829847292,89.33083656492028
7.174846282855387,17.052549301737308,8.181711012452924,0.35626132954440887,3.5,27.5,27.5,0.6395212148583944,-0.9966906421634406,0.08128815303491853,-0.9807614535509491,0.19521006948574535,0.706145214896547,89.26561407664832
9.117150809334264,19.37930088950047,6.807476999116911,0.3884383064106697,3.5,27.5,27.5,0.7419803671174597,-0.99999926600017,0.001211610135890025,-0.9971692163839934,-0.07519011834099387,0.7087823082430854,76.80021673689654
10.919556651838963,19.179477102088747,6.302628977594669,0.4641898735804607,3.5,27.5,25.5,0.772442590689405,-0.9949813308785554,0.10006073757043017,-0.9965980209834154,0.0824159242618792,0.9799002577899668,10.305825158127831
13.179797911579785,16.07583077551808,7.266819793634274,0.3784433565962477,3.5,27.5,7.5,0.7275143426308873,0.9981522798855353,0.0607620453844989,-0.9931515833511289,0.1168329255267786,0.2287748548563876,44.65160371051033
8.36667921627874,16.03748607603957,6.416629231546552,0.41568982970502033,3.5,27.5,19.5,0.552850147425021,-0.9977885663736921,0.06646786301614013,-0.9391396860176301,-0.34353551511700686,0.24483838936051888,46.750487855395306
8.258939996430492,17.664922778754374,6.976046466629913,0.3551557166279342,4.5,27.5,26.5,0.5240758016115881,-0.9962254603262024,-0.08680341121088593,-0.6530874496228786,-0.7572824989032059,0.16328475809635568,45.27433291996731
11.090580414755827,15.59590993224432,6.861890247718851,0.4317243092908295,3.5,27.5,14.5,0.6978007555017264,-0.9912261123355668,0.1321771320014105,-0.9946855608975212,0.10295938491455536,0.952858518626636,12.572515541596658
10.272245629767163,16.863987530066666,6.197220090991938,0.4943235844239716,3.5,27.5,19.5,0.7658163210081012,-0.9953108832348715,0.09672768845692507,-0.9938268368460307,0.1109424101262142,0.8131030970395974,3.8645720966250536
7.162097567914855,14.720257072617786,6.882760675378842,0.40179182604419894,3.5,27.5,16.5,0.4728454614038444,-0.9958421806029106,-0.09109528710114495,-0.9977421203302244,-0.0671614570936937,0.843119480925251,2.348401254471881
7.527418408859457,17.688927927239966,6.758980877048401,0.2642790817735721,3.5,27.5,27.5,0.44372752207694116,-0.9357479103743981,0.3526696020781314,-0.9852781385493303,0.17095902929288825,0.6523689204763982,15.662380083173815
11.333717831508997,18.148048915833733,6.516241708152621,0.5304381288377348,4.5,27.5,23.5,0.7669686763150394,-0.9921837846606025,0.12478516521030483,-0.8468558204775612,0.5318225449558118,0.6128546621899387,68.402356246442
11.173608102581346,17.32725135968767,6.230243407568497,0.46462315423039446,3.5,27.5,15.5,0.7134011879667654,-0.995544718776185,0.09429057703104143,-0.9980937274258713,-0.06171637767343747,0.8521456733955579,89.22646850587158
9.750046137315517,16.577408761729536,6.341663935553114,0.523350111790807,3.5,27.5,17.5,0.7371695065612408,-0.9708155800988729,0.23982724915507184,-0.9995542485952571,0.029854716799376728,0.8150214281742204,88.89240665786475
8.934362395233395,15.879265375982264,6.575344348650262,0.43777069790867545,3.5,27.5,14.5,0.5716534542650676,-0.9981798321211968,0.060307733720472795,-0.9905506943341288,0.13714708146429969,0.8783784491036749,88.65953682018582
8.975440579715658,18.346321269856823,6.387185383352384,0.5889526577004883,3.5,27.5,21.5,0.7045224501919204,-0.9934017008963163,0.11468679373103832,-0.9904958998301008,0.13754225685133664,0.8948701457193821,64.8453541182553
11.327092902812424,18.105848834352344,6.046520579446839,0.4447882875633424,3.5,27.5,15.5,0.6523921997677106,-0.9417304866561025,0.3363683851114137,-0.963153291688888,0.26895303811048477,0.9750014297194581,22.266655829347656
8.826139425930581,18.492430959718057,6.642966736530334,0.514419489081186,3.5,27.5,21.5,0.6976589710316601,-0.9999920262326761,0.003993428485247305,-0.999904006109621,-0.013855633003617697,0.6456315213722128,76.6309993308694
7.709912618410596,18.049345069815494,6.4492852088383525,0.4671753070569121,3.5,27.5,17.5,0.49730753629987456,-0.9993356912094886,0.03644415282118197,-0.9966678621537302,-0.08156698198360157,0.8107362679334951,78.44393466130245
9.494054455873387,19.644420615131974,4.951420430380559,0.5698950388403802,10.5,27.5,20.5,0.7144922333253547,-0.9994729685137704,0.03246205801041812,-0.9996334275710745,0.027074166330753137,0.7406192292374576,28.48144797618528
12.246097126589948,17.616665212548405,7.06495120761885,0.4740297877075109,3.5,27.5,19.5,0.699229698341038,-0.9926447752884578,0.12106341351757341,-0.9964294868935876,0.08442912796530526,0.5346417105863753,86.54255236168164
10.9705052909801,18.723359685492937,7.075009211261193,0.4663752453761896,3.5,27.5,25.5,0.7883009526213071,-0.9935500410220023,0.11339451479316585,-0.9934898215737608,0.11392091304645112,0.834919835866362,2.265604359752473
10.471314380400123,17.99037019598685,6.128878384572564,0.5292740312564715,4.5,27.5,21.5,0.7234850732834026,-0.9879676095770096,0.15466092727864258,-0.9795713953973159,0.2010966964406811,0.5838880734929899,50.32436300775014
10.379203275775337,18.60373081490554,6.281446283134365,0.41174533997256557,3.5,27.5,25.5,0.6549066156873148,-0.9753472251376956,-0.2206757585603759,-0.9977791570126525,-0.06660896209310287,0.8937071037040788,57.99235385457909
8.740883564910547,18.47240514577714,5.69928154926415,0.5369632463403021,4.5,27.5,19.5,0.5873342481681101,-0.9641538506151314,0.26534383796126676,-0.9604245942713144,0.2785401204831739,0.8051147495612879,43.08609602246836
6.892539542307651,18.032656098655213,5.778209775639148,0.5610452478709272,4.5,27.5,18.5,0.5317484619708847,-0.9823781720404727,0.18690405853918574,-0.9830478429628365,0.1833492253763684,0.902500481149214,14.826597586398492
6.661545627454538,18.313810517793844,7.517548116351762,0.4822351940864815,3.5,27.5,25.5,0.7310689102043161,-0.9985280665109875,0.05423744453630631,-0.9798738196427788,-0.19961787890535035,0.6463165530921282,45.17052053765402
9.48593892832644,17.824909867375595,7.574423531340932,0.2740010609154591,3.5,27.5,7.5,0.7337078819653424,-0.9977699621829446,0.06674655470842931,-0.9766656707529028,0.21476537796577552,0.9120148438981499,4.851360724621472
5.40470798037319,15.499153846511554,7.717992355501436,0.29536140084954765,3.5,27.5,5.5,0.4395482457470685,-0.9364549149686354,-0.3507879590736913,-0.9897679721982369,-0.1426862334305248,0.8576811232662654,33.31321507759591
7.004572045072868,14.306704178370039,7.572922117074457,0.5071645745506215,3.5,27.5,9.5,0.6743099621999377,-0.9866015447537428,-0.1631483738488633,-0.9919518884379931,-0.12661536646197122,0.7638295233728197,4.94384949645854
6.127951419260949,16.23755825082997,7.759528339092523,0.40605662149991073,4.5,27.5,7.5,0.5613678773606325,-0.9707221086070816,-0.24020530356638917,-0.9704752277228774,-0.24120081338218846,0.5425088656499765,76.62845213645817
8.049873141413821,18.067424592533605,7.8040170556965425,0.38472377320648143,4.5,27.5,27.5,0.6936335782732327,-0.9969311452057322,0.07828340640766275,-0.9967404296472531,-0.08067537360687752,0.6986001396396219,78.56658853854782
9.255461180808922,17.704843684857998,7.541512763053415,0.3709707992546765,3.5,27.5,26.5,0.6977075202367418,-0.9962806477243222,0.08616769098684761,-0.9887454165628206,0.14960782474862205,0.860926235156766,6.221968021029511
9.833864647028701,17.478634137422944,7.567419740567422,0.43125033425032583,3.5,27.5,25.5,0.7188187639853507,-0.9999760393755898,0.006922476053338263,-0.9969393271175356,-0.07817914073738151,0.7817224398550142,17.201344568864116
6.8850916614237665,15.35265390262666,7.387104117726892,0.41770929597166373,3.5,27.5,9.5,0.5318138469167234,-0.9810458681549608,0.1937756552719646,-0.9981489818605701,-0.06081619858810121,0.6566330660701317,22.547641073281426
7.839344468961689,15.01518588648726,7.589654766999598,0.21058619028402176,3.5,27.5,3.5,0.6625380511579617,-0.9600414365129106,0.2798578928281763,-0.9508552812920442,0.30963564723563003,0.5270584792718587,0.7590807259034307
12.594300834813486,17.04839741976597,6.864047326674213,0.44628052523287637,3.5,27.5,18.5,0.6861374567500038,-0.9903928886961959,-0.13828205241463704,-0.9981713295722271,-0.060448298735467226,0.78143660616667,3.7903677101193693
11.68830125810076,17.30777449164041,7.0693722262070215,0.41368314606296064,4.5,27.5,17.5,0.7547596394839757,-0.9956490281913829,0.09318268434400628,-0.9374260479099388,0.34818444063449083,0.7231645488559447,34.80456956792669
6.503846334590978,15.118694284171037,7.264244533766911,0.30831628582619164,3.5,27.5,5.5,0.4164542525404949,-0.6129625926014715,0.7901119288248233,-0.9265258094878807,-0.3762312112954313,0.5480897795928885,1.0500507311664649
9.101581253563218,18.26204624293468,7.18978267588744,0.442228353237712,3.5,27.5,25.5,0.6619915151648402,-0.9871719125326114,-0.1596609379488489,-0.9973621153689636,-0.07258657470046433,0.7852124532620867,22.104099938728524
10.419820902846878,17.21228154068367,7.928927389397328,0.3298337064975636,3.5,27.5,27.5,0.7750851124954556,-0.9944302050382617,-0.10539718832853483,-0.9409374675103022,0.33858039257360883,0.6193384736406231,20.4691072922609
11.686031883562844,15.772265065740386,7.72387764273641,0.3180169366194094,3.5,27.5,19.5,0.6269311373037867,-0.9992314638261723,-0.03919798081285373,-0.9774643694896102,-0.2111004651304176,0.689323895900734,30.164563736281195
10.640569035653005,18.199440804596055,7.2935524383831964,0.4875786429804781,3.5,27.5,24.5,0.7219759064702687,-0.9800568097414772,-0.19871751226139547,-0.9944044489671006,-0.10563991610389126,0.6796039305567475,55.12539882279116
10.83165421410959,17.936279517612384,6.474384986858486,0.4883202808972204,5.5,27.5,19.5,0.6870287037346954,-0.9843443628846257,0.1762559935357103,-0.9926539783467285,0.12098793027576227,0.671506830004596,42.82292935445679
6.417666571370398,17.92481672084206,7.208671421424932,0.5496374103838173,3.5,27.5,23.5,0.42062260662686723,-0.9596805482940487,-0.28109294766328474,-0.992584080176275,-0.12156004187486164,0.5755502022997814,53.50289496065579
10.812392327490238,17.241885633613947,7.092066657648249,0.48664083871306774,4.5,27.5,23.5,0.639775424473037,-0.9554360817086346,-0.29519805854587056,-0.9495115410377961,0.31373210456698497,0.4302634035158106,11.408287739741425
7.39267285887712,17.704765497075716,8.047836006297148,0.4878003306288544,3.5,27.5,25.5,0.654268477566018,-0.9892960702626342,0.14592218941240254,-0.948260835623276,0.3174923426211196,0.6027137543709356,1.9500143122174194
8.996202671425669,17.679101643105064,5.975843479020004,0.21300726243345897,7.5,26.5,7.5,0.7247248732061391,0.503775085488019,-0.8638348587788868,-0.989054057605878,0.147553621213946,0.6996503344351718,59.82807883144346
3.114829683692655,17.320496981480574,5.754774329481744,0.6259393051542924,10.5,27.5,14.5,0.48878414569177736,0.2116341506663429,-0.9773489582906075,-0.9958057731743731,0.09149241560145267,0.26021240999640216,67.39767881535285
4.038102013457602,16.233445647600014,6.243193633567725,0.46704825976766967,3.5,27.5,12.5,0.4797433352461745,0.6844990266938056,-0.7290137738446599,-0.9626876155117716,0.2706151417424001,0.2596866896439418,29.943744793330026
7.112548676896112,15.761643724638557,7.09607135329054,0.3595893902171692,3.5,27.5,10.5,0.3680120124861413,-0.7453301713819879,0.666695534429095,-0.9999971343782882,0.0023939998353888783,0.5497972740523044,8.445524439400899
8.349722396957741,16.711993329584043,6.633195239180225,0.3998796939201742,4.5,27.5,14.5,0.45946340711438804,-0.9981819913908873,0.060271984063266774,-0.972077566780018,0.23465976255642912,0.6931910911680539,14.282390726280674
7.094665339227717,18.829405414548656,5.56086910434681,0.5380403165233885,8.5,27.5,19.5,0.7150261307470961,-0.9961348961897268,0.0878366016708419,-0.987072993636709,0.16027134875911378,0.5870963831368241,12.746311758008602
4.971192031456231,18.069095143365207,7.675813916187766,0.40904872795523306,7.5,27.5,27.5,0.6136218613238382,-0.9977184081645186,0.0675127988581351,-0.9875584424701345,0.15725241717049107,0.5756465855242315,10.512270354347052
3.712073959396435,18.038289212889985,6.589580303449902,0.4081642588921989,7.5,27.5,14.5,0.4706137078692395,-0.9940310722602991,-0.10909732985293473,-0.9829061262233193,-0.18410743339873153,0.8078398423588694,33.12796107359672
4.979358054856781,15.774388368247264,6.155691909724524,0.4802274729795092,6.5,27.5,16.5,0.4872913147036513,-0.9409755633014173,0.3384745031307091,-0.9999436069929883,-0.01061992626396376,0.43788998349827024,30.815662406878687
11.354508318642395,18.0988663459577,7.063396607669418,0.5409392256685505,3.5,27.5,23.5,0.7450179379173831,-0.990111190988977,0.14028481556600958,-0.9990196516792366,-0.0442689005815237,0.8614184287177579,35.03552432142898
12.34941805968923,18.086793165242312,6.357745161503429,0.47818978717157606,6.5,27.5,18.5,0.7786275000924133,-0.9878987853978041,0.15509993491147406,-0.9656912076240851,0.2596930717549779,0.5915361585020535,47.84345626142874
6.1520115262793675,19.331318052745146,5.404930743050057,0.333885216438697,11.5,27.5,12.5,0.6909327813505451,0.9954594489087065,-0.09518658297456764,-0.9988904767069773,-0.04709368900508507,0.31606344331486486,8.694010764082975
5.394127376780125,19.518759393707274,5.455152481088554,0.33972677086695774,11.5,27.5,11.5,0.5554524245480864,0.955468685565163,-0.29509251245055307,-0.995585247464183,-0.09386168031567255,0.4126924022633714,10.270366910289681
9.812176357912556,19.923064680145345,5.264307116810959,0.5735359070927921,10.5,27.5,20.5,0.8246503539011115,-0.9948660931874954,-0.10120008214349274,-0.9995996111553404,-0.028295182948559983,0.6098771126479161,80.32960121965709
7.231242539248302,20.954820460230934,5.531415127158163,0.2612160351895254,11.5,27.5,12.5,0.7957369056290343,0.9999347265673034,-0.011425524266841946,-0.9947679642522189,-0.1021601551364136,0.4727077329028048,69.61160800426697
7.561788076507191,19.71861358542448,5.961519619898514,0.5258012731597683,9.5,27.5,21.5,0.6599112951613841,-0.9997322906031156,0.023137569566564882,-0.9907976660352187,0.13535133903720115,0.48953543572276953,60.774074150348056
8.472905607272967,19.480904378719202,5.798689728698779,0.2285103573907878,9.5,27.5,9.5,0.7605126737804181,0.9981574815435481,-0.060676536145707824,-0.9999843836858168,0.00558859414318483,0.5466029468896636,11.220481634751792
4.734703174102272,18.933583799264166,6.915806595715256,0.41344608116308496,9.5,27.5,10.5,0.6406928568091154,0.9234312400143271,-0.3837639182695557,-0.9955755078836707,-0.0939649301716933,0.12594973631815742,27.408634805870335
3.083213782292792,16.52107818304034,7.52238381750215,0.2728377394203362,4.5,27.5,27.5,0.4797028575078743,-0.8730011239135606,0.48771819490937607,0.7191838480742452,0.6948198274870406,0.43168613841500714,88.90907775863646
10.775017676823317,17.26207896011662,7.2842473153889475,0.13883456511897954,3.5,27.5,3.5,0.7280796175143244,-0.9136165348311048,0.4065769635422113,-0.9764398445025432,0.21578978212104802,0.7917981761352594,27.849390930362148
9.926658869375984,15.540796800207401,7.6600510291146255,0.34588714073900845,3.5,27.5,6.5,0.7628984480478946,0.9997629277108796,0.021773570560898733,-0.8727618747032732,0.4881461974290367,0.3957056382226821,88.13054727477572
6.583027731313682,18.864138624078986,5.767285649551127,0.33406746526927233,10.5,27.5,10.5,0.7080174898602296,0.999954244787441,-0.009565998723524366,-0.962845227773809,0.27005382306718395,0.24558189902070962,57.36414820822901
6.5224181092116575,15.927283418217442,7.606105642882378,0.41243552883826906,3.5,27.5,11.5,0.5681781162300986,0.9979912212978477,0.06335236548409501,-0.7919789346630025,0.6105484149926651,0.11372525543226594,1.375214947790127
8.809754743262634,16.671538431534422,7.6732758874259215,0.27439006157843043,4.5,27.5,27.5,0.5949030229720034,-0.9792330024895697,0.20273807445880107,-0.6529058574773496,0.7574390676957234,0.18514252898611833,73.9260545526471
9.836484217419267,17.299649077433934,7.331255956087976,0.22785943481802917,5.5,27.5,5.5,0.7564102006955858,-0.9988329869759751,0.04829766173068255,-0.9977435575108267,-0.06714010311013557,0.7101146651629514,89.12881812575976
9.681250116711977,16.824140454155764,7.190282575453559,0.36718554183650537,4.5,27.5,9.5,0.7171823557704263,0.9998439648306936,-0.017664823566588234,-0.999940431368874,0.010914839157325069,0.518277287926748,81.10846533235129
10.078434277907355,17.19223792688775,7.2927824010254545,0.1874734963947587,4.5,27.5,4.5,0.6964191768872557,-0.9974187901398256,-0.07180360071755772,-0.9881353280935493,0.15358571995291012,0.7517103969078363,17.799000112866267
6.271645871004045,18.361729254427686,6.427268613979341,0.5386057635379866,7.5,27.5,21.5,0.6003147052702609,-0.9993772213638046,0.035286958202161677,-0.9984665097680625,0.055359090234428504,0.6770128961715903,62.722245279905565
7.242436348346573,16.28731337606558,7.330036886871466,0.3437846237361139,5.5,27.5,6.5,0.6950588170070008,-0.993426004609431,0.11447608206845172,-0.9404827955575155,0.33984130305235205,0.7873677292501989,48.116874719407946
11.367689871521886,18.456490454444108,6.801089617635501,0.3174804745486169,3.5,27.5,27.5,0.7830986454627648,-0.8251691382314739,0.5648857347378555,-0.9110326642857851,0.412334190438222,0.7474666146114667,16.493882182261004
11.05166480321567,16.658461204829205,7.215113913042192,0.23970938653655205,4.5,27.5,4.5,0.658004778849923,0.9982967484662579,-0.05834039768202569,-0.909575938703761,0.415537738034913,0.47199064912988414,88.75163436223663
6.436393489417165,15.97953185867726,7.054228955150842,0.31742116094887557,3.5,27.5,8.5,0.502871059614883,-0.8758435318958061,0.48259517987261336,-0.7262205261974944,0.6874618151791664,0.7275707654035677,88.5064864027336
7.252681443299542,16.967477852541837,7.687706413972724,0.19176040247437762,3.5,27.5,3.5,0.5552050827941215,0.9999061014334417,0.013703587711826675,-0.9846235013230135,0.17468989851279237,0.5377081998897482,77.3165294138997
8.407111226263732,17.303911328075348,7.921481485574428,0.4521710601193847,3.5,27.5,25.5,0.5642446900212839,-0.9998168891165855,0.01913604549621831,-0.9894586349622241,0.14481577848664198,0.375557282757967,74.60526921614392
8.899860287537274,16.1876426000627,8.290900005407332,0.29209327453198936,3.5,27.5,4.5,0.6512725393714022,-0.4861657076671505,-0.8738666401050555,-0.9885668184207614,-0.15078343913524855,0.29552326569534737,49.256608715898025
11.689618690404751,17.068537789870614,7.461391091880361,0.17915195464258518,3.5,27.5,3.5,0.761273211928683,0.9871054937312185,0.16007105998789192,-0.9027720543793186,0.43011930650895525,0.43239373999866165,76.64666101991858
10.20114393420648,16.580315892303613,7.6329226408248765,0.22612246657421822,3.5,27.5,3.5,0.6698457919483787,0.989637951371094,0.14358525413852244,-0.9373086383823419,0.3485003822291164,0.4699234982109785,85.77588480453646
6.433176004729155,16.635754264238855,7.385133231725536,0.16317527868815299,3.5,27.5,4.5,0.4230510712676933,-0.9945105091262264,-0.10463673942499352,-0.8677565402263197,0.4969895239282691,0.8095373344508983,18.275815740469184
6.6646315393730795,15.862243485634817,7.268644302975854,0.43782891120175,3.5,27.5,11.5,0.489891882127234,0.19993761812542918,-0.9798086286915063,-0.7204723827788159,-0.6934836304146014,0.3995444361754487,56.83416868220519
12.274388277510699,18.55208083110087,6.39264514078838,0.36096503064484275,3.5,27.5,26.5,0.7654954989443845,-0.9914219527618859,0.13070008256236423,-0.999311027694977,0.03711428198428158,0.8382367953688923,58.90100061282858
12.473623418010998,17.660759178998106,6.88621376806909,0.40329503218646007,3.5,27.5,16.5,0.6971446287162368,-0.9932890212903316,0.11565863644404262,-0.9821689918981032,-0.1880001897708179,0.7491414319993197,45.57281061157222
7.685550264471927,18.449358121813294,6.668323080047425,0.4928258281555403,5.5,27.5,24.5,0.5360221416120226,-0.9890890047974615,0.14731917929708638,-0.9971159829125397,0.0758927968937759,0.6060407314158822,24.930147040975328
9.708414944369682,17.17519845740592,7.642976796829035,0.44016518931576637,3.5,27.5,19.5,0.6239133701690994,-0.9989496418560363,0.04582153462834733,-0.9941188113724332,0.10829491620321129,0.7030952321264943,9.275996439449614
8.976122429025752,18.83481121338095,6.8432542427061716,0.47840431526738536,3.5,27.5,25.5,0.714107725590261,-0.9993995959500035,-0.0346474763145844,-0.9746411234476211,-0.22377372608230614,0.48748381344526653,75.88899778229842
10.797975537898603,18.0931521618489,7.352666447915006,0.504467599425643,3.5,27.5,24.5,0.8211312685192785,-0.9923015850963416,0.12384492002213071,-0.9018827059626197,-0.43198100037564496,0.5104228540598117,46.93131056697622
12.759208780457932,17.280651530539206,7.317479129551051,0.47945314043644177,3.5,27.5,23.5,0.7902828654493705,-0.9848579926111927,0.17336301332709927,-0.9999895663391688,0.004568064448015549,0.8493092760945827,3.632263129901432
12.527743059290202,17.08688287287571,6.9790390610731015,0.46033136755187243,3.5,27.5,22.5,0.7078709328104777,-0.9971852297975143,0.07497744643343383,-0.9957534040675069,-0.09206062289585297,0.6866400935042172,35.589654659125216
7.9687347219334,17.670353997137003,6.6540134277777465,0.38710407297797456,3.5,27.5,17.5,0.4771614759682923,-0.9931091266556751,0.11719327008494287,-0.9999475237166783,0.010244501592711223,0.7926762003420965,59.69181638111151
7.899904677493315,18.99794362783717,6.524745743613094,0.5155674790493731,3.5,27.5,19.5,0.6039417177812272,-0.9998316916195111,0.01834634659180997,-0.9952664994600501,-0.09718330644991569,0.6747106275722795,32.26203175314916
9.96008863976556,16.0196951080738,7.363806998347099,0.4406851928906357,3.5,27.5,22.5,0.7145069475595,-0.9928718740997824,0.1191865832280877,-0.9975019489947431,0.07063895350080467,0.7730946463590547,25.395247017707845
13.199238946441323,16.853432030936595,7.605544825876795,0.42826093907886514,3.5,27.5,24.5,0.8131676113789413,-0.9845168968761943,0.17528970239369213,-0.9988793180700565,0.04732977848985637,0.9212754862865747,13.303546174954704
9.280529087805016,14.909870140409293,7.979025993665407,0.39276718961793733,3.5,27.5,6.5,0.6037053228105144,-0.9994031345965535,-0.034545253777953346,-0.9998305842825265,0.018406594830707303,0.9616253980332142,0.40190499859414786
9.02044017318433,15.924356399049406,7.414345993521707,0.35438086915125416,3.5,27.5,7.5,0.5205881786373278,-0.9666122851238189,0.2562434199110467,-0.9785565873305156,0.2059781672703565,0.8763605617963217,88.40960919891961
10.27451784639396,16.491880440033018,7.788572421561928,0.19040947228576396,3.5,27.5,3.5,0.6813248634962402,0.9108095668058621,-0.41282675908293287,-0.9451746694125833,-0.3265652221238718,0.511082681012079,74.26837936299151
12.120839529436779,17.13195058115275,7.144215702760532,0.4819231915332909,3.5,27.5,22.5,0.6661910351119527,-0.9981874910167033,0.06018083397377287,-0.9998852636430867,0.015147922279802967,0.8839599544601567,81.95853791670525
13.019103250902834,15.30260684501805,7.907752596040157,0.4349533219893541,3.5,27.5,7.5,0.7377311850263945,-0.9989532027448825,0.04574383811773654,-0.9948180976102627,0.10167080538235987,0.8397655489892587,3.5293899317056656
11.06386720228418,16.62555849058574,7.980046069080515,0.40030989327756006,3.5,27.5,25.5,0.7329378724852561,-0.9453218773185608,0.32613884813513383,-0.9998910495359551,0.014761065608087777,0.9385352572008797,5.920696101385289
11.211824058635552,16.560336086484668,7.8365990710745566,0.27337888857552983,3.5,27.5,27.5,0.6756386239942908,-0.9722743071862838,0.23384326286089951,-0.9774594835480951,0.21112308737296195,0.9909699352251063,1.3769333290761523
9.279455499593558,16.71930952023904,8.231221185828943,0.3306473222175938,3.5,27.5,27.5,0.6943608316391189,-0.9757963145425508,0.21868139501378558,-0.9999359854553043,0.011314812925076608,0.9761361680508904,2.7323036792551676
14.663195604239238,16.829913448443364,7.482467417301164,0.40336154928490314,3.5,27.5,24.5,0.8049488215913007,-0.9897494701865014,0.1428145169985876,-0.985451022506374,0.16995964886155185,0.9395221757424196,1.8699723018124672
13.991413712653918,15.476609666816378,7.174611662310001,0.4263619184807638,3.5,27.5,21.5,0.7366046227149187,-0.9691107431013423,0.24662596701394626,-0.9985321144192404,0.05416286987818397,0.9565285067428202,2.3840134062865417
11.830231010838096,15.763703147210615,7.858389473396556,0.31593654056691606,3.5,27.5,4.5,0.6512178936213909,-0.9869047832143215,0.16130390221161128,-0.974143956115595,0.22592820267389754,0.9092066050420381,3.5177271588455596
10.356751024824831,14.90030655308164,7.673916160202627,0.35288715478359484,3.5,27.5,5.5,0.7138085142979087,-0.9738946332120784,0.22700053612428192,-0.9523747082264179,0.30493018074740535,0.9295269356587214,11.545307501411088
10.825806695075933,17.38189619647916,7.251345355490764,0.4429477843596228,3.5,27.5,24.5,0.6894008290871277,-0.9985481831460802,-0.05386581416503731,-0.9968248252787155,0.0796257980057868,0.8769040502307945,7.429558156164234
7.251170082881841,16.728350744952763,7.402801709353794,0.2794614641645886,3.5,27.5,6.5,0.7968905173796555,0.8944469783175724,-0.44717401867568757,-0.999371652575678,0.035444322932713206,0.17619068385121653,63.34632503239436
10.793225403041545,18.435067801849684,6.165851902932996,0.448816699685784,5.5,27.5,24.5,0.7410316564858396,-0.9974114156169139,-0.0719059663523392,-0.9696634619058435,0.24444379854022616,0.7349863283279258,19.00793553458965
10.140883468132445,17.021196109008528,7.383438691951786,0.41223581499224365,3.5,27.5,18.5,0.6474214178456514,-0.9989720830750942,-0.04532965074437599,-0.9972248448981046,0.07444869856452281,0.9012946244042414,12.216369741402914
10.158504058538657,16.21522906535181,7.56593105708616,0.32005801029235836,3.5,27.5,8.5,0.6546132118195812,-0.9979864134539368,0.06342805815526707,-0.9951573220287964,0.09829498671079076,0.9260785773192539,7.219024514614773
9.12991615528717,16.286142951248227,8.043558618287044,0.2641454207046736,3.5,27.5,3.5,0.6945108804148413,-0.9656670577351075,0.25978285856695876,-0.991524780327095,0.129917704710736,0.8013875492138854,20.714192143236275
10.728747903547305,18.89759221528468,6.140125670087345,0.42249216902978626,3.5,27.5,25.5,0.6838469782408493,-0.9517267280789804,0.3069466322670415,-0.9533327563441794,0.3019216051911647,0.8455942634094548,78.85244868345139
11.201990693851823,17.055474686981746,7.477051717326306,0.2713574942010416,3.5,27.5,27.5,0.7115697783790014,-0.9705741797065923,0.24080232907277999,-0.9985095240481188,0.054577746245144984,0.8672689395302384,5.978947511427933
8.348125774786789,18.178813341180636,6.279348122841302,0.49731324555358764,3.5,27.5,18.5,0.5619222598365448,-0.9517417126797362,-0.30690016674065623,-0.9832256090379389,-0.18239353533492944,0.8433606719217769,79.99002883855213
10.301313069777992,15.118224381901287,7.887975408229343,0.28297610427299585,3.5,27.5,3.5,0.641330583894642,-0.9485145261594191,0.3167336320389307,-0.986237596019265,0.1653342196828628,0.9065178486968833,1.8065017421152305
10.942464995919348,16.56872598097368,7.627665482356948,0.3692917523619138,3.5,27.5,8.5,0.6694582268630134,-0.9994897649218447,-0.03194072348077884,-0.998653453057786,-0.051877554835983906,0.8202308055201951,73.87286104088365
10.628225091164522,17.67880666248154,7.463499079971277,0.1634931808940722,3.5,27.5,3.5,0.7035939534663854,0.9750274653527156,-0.2220843123857672,-0.9776718898726405,0.2101372783512232,0.5910014375335791,87.52979113873067
11.530127185486016,16.871181153004592,7.432109907600047,0.2640511475466269,3.5,27.5,27.5,0.6657246095858685,-0.9661598501304692,0.2579440714493538,-0.9809798425773102,0.194109629995515,0.8333175634953892,81.54353741837555
12.845249507228113,15.916422157987213,7.1146036607870045,0.38241448034636527,3.5,27.5,23.5,0.6677984025498724,-0.9982493041837099,-0.05914665414661183,-0.9968281192600564,0.07958455033773067,0.9769966441886696,19.71087806751899
8.812430327333919,16.738686891254,7.18228397934734,0.46826380389605904,3.5,27.5,22.5,0.5508406897954664,-0.9052196188624255,0.42494404528898266,-0.9188749600006929,0.39454886628113,0.9445851277902798,18.475149429312687
6.669944877551481,16.805544266279394,8.071841917484305,0.21812425436061889,3.5,27.5,3.5,0.5235596508188823,-0.9955506861403207,0.09422755077755471,-0.9996167369247037,-0.027683555768865702,0.7627790713700701,8.77908913808487
10.881791925753374,17.847298137493667,7.060802181245858,0.3462834547011621,3.5,27.5,26.5,0.6751506486896036,-0.9981703516274448,0.06046444518841661,-0.9848949932980152,0.17315268457780972,0.8947332339711365,76.60022587446863
10.604380838932025,17.565907976541528,6.95994761258086,0.27284162781758314,3.5,27.5,27.5,0.7182971653774913,-0.86566631544985,0.500621444102708,-0.9417997096338219,0.3361745185668431,0.8376780716981849,73.5227645757055
9.52683068068904,17.257687799312645,7.167023630437295,0.3144085091267193,3.5,27.5,26.5,0.5895326810806452,-0.9571765412215371,-0.2895048685863075,-0.9919087894163711,0.1269525638911998,0.776257664719368,8.384456911186803
6.714050489780788,18.50171223209806,6.658163437686021,0.5223894859806824,4.5,27.5,24.5,0.5944329972038369,-0.9974277274842657,0.07167934462293421,-0.9998485262429375,-0.017404728375525657,0.716178106489205,78.66652236213059
8.590880571275402,17.210239320161644,7.7514383780347895,0.2974395264475607,3.5,27.5,27.5,0.671664621167223,-0.9950749237589602,-0.09912565816225134,-0.9772200420514593,-0.2122286253382051,0.7638099036930289,89.17395875319455
13.519202915945812,16.715612382361936,7.475881494241953,0.28011120970877496,3.5,27.5,7.5,0.7126454934115314,-0.9869048825209069,0.16130329462349766,-0.9956372933128378,0.09330798553546349,0.9362163262345645,1.3958841686127954
11.670876357581912,16.53284731173061,7.134088853563144,0.23139544929949957,3.5,27.5,27.5,0.5832461759223974,-0.9988560919470314,0.04781744012704592,-0.9986817955321151,0.051329049014672765,0.8200784995925622,87.97208890341035
9.685893302449042,15.267768253546532,7.707103208150919,0.3560360052772135,3.5,27.5,6.5,0.6825720334821344,-0.9917356667510251,0.1282979629374512,-0.9995139348273453,0.03117521589271259,0.9262564549926737,4.609879111126617
8.379471466353685,17.327252251041685,7.184659241108053,0.4467119208785382,3.5,27.5,24.5,0.6796534462804703,-0.9936704096537137,0.11233484311922436,-0.999425993541712,0.033877476782692185,0.8632070145678468,38.68650270590509
9.661154002044926,15.603038097743596,7.675992303733535,0.387724304496501,3.5,27.5,6.5,0.5425558364132075,-0.9937756668582459,0.11139983824247102,-0.9973724251062986,0.07244477646856722,0.9622749446369178,14.379843069811756
9.969949727143865,18.851063400958562,6.42314095282616,0.3810731529366269,3.5,27.5,26.5,0.7263696347709877,-0.9992636172548418,0.03836956125327675,-0.997569174211382,0.06968315910764422,0.8841163828909463,21.085502407324853
11.16103729113938,18.747417707845134,6.167978073561505,0.47515943905943464,3.5,27.5,24.5,0.7628148665812805,-0.9764766421410368,0.215623206897972,-0.9724979334153315,0.23291150573320635,0.8430657937357551,28.10637019023126
7.633421210527301,16.40288735693353,7.524915382211992,0.1757863615010279,3.5,27.5,3.5,0.6350689979132897,-0.8991976411145367,0.4375426861622223,-0.9285596436496187,0.3711832272413357,0.824164248750759,2.8031734069956116
8.269793307053227,17.516255219464664,7.345875385288925,0.18234381133477862,3.5,27.5,4.5,0.5208844477794429,-0.9998915959191381,-0.014724007955683004,-0.9961619770877012,0.08752894038386559,0.8079629139282352,2.3876206381271032
9.377916530556096,18.103575966771512,6.829755973294983,0.28695857241447803,3.5,27.5,27.5,0.5760651988385531,-0.9995178430578906,-0.03104966036693428,-0.999056144176414,0.04343755038392853,0.8081161400368166,88.13670901165125
10.278588707538724,18.00348719898134,7.264034208709602,0.3062753409881275,3.5,27.5,27.5,0.6545697361366751,-0.994977586722435,0.10009796161760451,-0.9993362285918894,-0.03642941426565678,0.6214779323875019,86.83420976829393
10.472339042423235,17.536360999213635,6.946781347596776,0.47516388684992855,3.5,27.5,23.5,0.5677024376323582,-0.9997441066199834,-0.022621257228795596,-0.999778394310087,0.021051419684765923,0.910526337811315,5.15176437454582
8.976568872681765,17.870137814251038,6.8870506394619335,0.28602027888619375,3.5,27.5,27.5,0.6643849973309158,-0.983698100560293,0.1798278258614931,-0.9966242072776521,0.08209865692075344,0.9515921803432924,2.8087251315482717
8.58282044518955,17.807171445132408,6.840629634137952,0.4679100441147359,3.5,27.5,19.5,0.5054996581538935,-0.9987194680313526,0.05059075187395537,-0.9996885858005328,0.024954587156087452,0.8155116838421245,87.14147288449732
7.5914313160745,16.057826350384865,8.439883894656424,0.27407484398947635,3.5,27.5,3.5,0.7017519675602635,-0.9867095181113416,0.1624940825645173,-0.991737205699466,0.12828606639621884,0.7304354754449682,8.212591290077583
12.220997366850261,17.844092650512856,7.0395097929068795,0.5130601308310707,3.5,27.5,23.5,0.7650345245880988,-0.9801210433652147,0.19840045451732963,-0.9412978405544739,0.3375772139340633,0.8964140612374102,25.414245116623142
12.348185893954685,17.24815318739596,7.326255393662591,0.2784258870200901,3.5,27.5,27.5,0.735201752998922,-0.9239473960372017,0.38251955421399625,-0.9349294801564655,0.35483357667272875,0.8381913366304611,88.8358806410705
8.639213364437035,17.370566517797783,7.27062815033773,0.2979465131511672,3.5,27.5,27.5,0.5646388197532547,-0.9999083819630524,0.013536161938692916,-0.9999844385163448,-0.005578774520508349,0.8485736447107594,81.62542434243173
7.504506641124577,17.269640428269042,7.725820434087617,0.36922964227560434,3.5,27.5,26.5,0.5517840217299634,-0.999886210687593,-0.015085280136823278,-0.9990526879927698,-0.04351696926971596,0.8066938478328168,84.13780059753495
9.10004238301585,18.54018932118729,6.99673037580414,0.5170617118966914,3.5,27.5,24.5,0.6445919323103129,-0.999647373791941,0.026554247699291947,-0.9900918390290508,0.14042133131427015,0.7500793845576393,78.25720671591263
11.269056136032708,17.292975504955585,7.401012589621706,0.4835525660998077,3.5,27.5,22.5,0.6598624322850756,-0.9830096905853052,0.1835536657639467,-0.9938665764167367,0.11058584123510086,0.7523907682066762,88.64248921945948
13.281387979780447,15.306165340218433,7.823401268027432,0.3189808336005587,3.5,27.5,4.5,0.7734478714352387,-0.9974927452477972,0.07076880088014226,-0.9981889723936975,0.06015625812510393,0.8806721494293586,0.2741682738322595
11.325210174525436,17.231262965685332,7.430182679236569,0.4799641704175467,3.5,27.5,23.5,0.7068184194328396,-0.9660437336150076,0.2583786073636441,-0.9686295419618524,0.2485091757637372,0.884563864635025,35.43872776594638
8.539615858526505,17.306723448550493,7.2920433259767785,0.26263947407787464,3.5,27.5,27.5,0.5237230661758702,-0.9229378847823501,0.38494890678307114,-0.9604462032705176,0.2784656004307313,0.885564524594156,27.09326759683364
7.070939421296164,15.837586597628153,7.535010945724058,0.23549003115387754,3.5,27.5,27.5,0.4067026433184389,-0.9514903415590121,0.3076786146613287,-0.9946351793005607,0.1034449616836966,0.7743424593771203,7.462672963560124
10.109246654214138,17.5042979639702,7.920159235112777,0.33830562621369115,3.5,27.5,27.5,0.7283075232718137,-0.9758927264137093,0.21825074234196148,-0.974851610936889,0.2228549677565041,0.6127492783168607,68.29867249795596
8.631879888323411,18.721675127273095,7.311891790814384,0.4318595555927995,3.5,27.5,26.5,0.7077106513780144,-0.9005408902758728,0.4347713248837122,-0.8776510416319149,0.4793001659945622,0.6234657154011315,63.15173830015962
7.866067106686089,16.419997929475212,8.151449795450366,0.2601106727757101,3.5,27.5,3.5,0.698907090683165,-0.9399166607526307,0.34140397015797025,-0.9536263791812978,0.3009929051150004,0.8073527370330658,3.830400206041446
5.659845735675404,17.239676828783164,7.540077015382594,0.20222360851082308,3.5,27.5,3.5,0.43054447013448455,0.5448380567337323,0.8385412881514006,-0.9882128740702902,0.15308597428156717,0.596149357996644,54.35783666264517
7.940385101483322,17.26235604129831,7.800965565731786,0.3791724679082724,3.5,27.5,26.5,0.5558557935547617,-0.9777326447846749,-0.20985441458869689,-0.947673523574208,-0.31924112002755084,0.5241927327161038,79.88708249626336
8.817884305747288,17.144108692751924,7.885017157207127,0.2087408549613679,3.5,27.5,3.5,0.7183084593732415,0.9100447062405645,-0.4145101116300115,-0.981255694815405,0.19271030432319092,0.5597884051909252,80.3351899577134
9.180990524764601,14.578345330834011,8.37126773671542,0.38753064368816315,3.5,27.5,5.5,0.7724698289521523,-0.9643834821395476,0.2645080327256638,-0.9522479018395106,0.3053259462316459,0.8368986248361177,0.24720572792726614
7.505213926133424,18.014840299460886,7.2218078118161175,0.3881342322778984,3.5,27.5,26.5,0.6134468842875196,-0.9446889039238674,0.32796779537497583,-0.8456198756082102,0.5337855617908329,0.8200637133739923,43.592865480202164
8.50291117111544,18.140292547952345,7.301417991263641,0.4493541828536029,3.5,27.5,25.5,0.6472676619955887,-0.9568480926470525,0.2905885882096847,-0.8818412126045604,0.4715464725264293,0.7790728079846791,68.7532748826167
5.750294329409646,13.643655409469249,7.199050237692004,0.48988501647850846,3.5,27.5,11.5,0.4550944877694518,-0.7463634751973828,0.6655385510181103,-0.5502131538815076,0.8350242423401637,0.5084935960707753,83.33252021197052
9.166161666480857,17.067091098050565,7.192456365163085,0.16014604088312018,3.5,27.5,3.5,0.5210578104999912,-0.9709802871107678,-0.23915953261848244,-0.932022451617054,0.3624005376399657,0.760010295953341,17.442822106658284
12.31108078844903,16.353824151703545,7.834502365354333,0.40800364854865384,3.5,27.5,24.5,0.7197823821194371,-0.9940470401635284,0.10895174134509505,-0.9922166710101328,0.12452340249756211,0.8613071103058312,0.5192553721807229
10.600741501116518,18.05511309061481,6.871920025157233,0.3504212676520349,3.5,27.5,26.5,0.6831748779611156,-0.9883375413548265,0.15227903450145922,-0.9793900975174994,0.20197781285245903,0.7924881682804611,15.294701408028743
6.925091887763901,17.7421695730116,7.197386693100022,0.16165948647703193,3.5,27.5,3.5,0.4881588420748608,0.999326061323129,0.03670726304700321,-0.9913969001730619,0.13088997794806106,0.5534628426413976,86.67826863143112
8.011052496364426,18.634308226370333,6.939470757218989,0.32396755332812466,3.5,27.5,27.5,0.5289286761033273,-0.9960163446851034,0.08917085353480361,-0.9972435827150476,-0.07419728252204325,0.597940978623773,88.9169440144361
11.314303722380505,17.86658299856521,7.07437075028465,0.40023566785258774,3.5,27.5,25.5,0.6600963818136034,-0.9884918124037929,0.15127437592224494,-0.9898652687645157,0.14200968169020406,0.7190170961476562,84.9697763032265
10.595359360524174,18.120775707608285,6.6406781141870415,0.2836475111965491,3.5,27.5,27.5,0.639415417954912,-0.9926643751310357,0.12090259858956931,-0.9915725723312748,0.12955243648939538,0.9000125459961035,29.279892099258213
9.46452517787609,18.39660959148206,6.274520145084227,0.2872858719699984,3.5,27.5,27.5,0.5663704511764731,-0.9779759577616346,0.20871757482352463,-0.9837062679554694,0.17978314266115775,0.9241834013177432,26.58893821045146
8.443260448819146,17.303251303170757,7.0347995552505465,0.45841770026721224,3.5,27.5,20.5,0.4806177089221623,-0.9729137128900989,0.23116856895002458,-0.9624703084964101,0.27138700275220456,0.8249065333794325,88.27723214040368
7.529370149468173,14.05137292368999,7.395200889602181,0.5322940156121938,3.5,27.5,8.5,0.646233923101984,-0.9227118751977706,0.3854903310966616,-0.9062779933051269,0.42268214872505827,0.70392933537483,67.3152241212562
10.323366238480771,18.586633184936005,6.544701163372835,0.4769049404636454,3.5,27.5,24.5,0.6327160457990192,-0.8504702282746489,0.5260231846776972,-0.8299829850771947,0.5577887095328742,0.8266822182433159,73.36663971989333
11.22881189989195,17.87793510496528,6.65906538776648,0.3202143864268684,3.5,27.5,26.5,0.6313401525278675,-0.9225566129847759,0.3858617574184548,-0.8253459125384432,0.5646274210982711,0.8509719162856054,57.32636640730024
8.227360474770283,19.09736342073521,6.199326770591094,0.43631953844414867,3.5,27.5,25.5,0.577832318631068,-0.9699196477627394,0.24342530041843136,-0.9678690553881487,0.251454750645226,0.8240411473452701,73.29370919695067
6.312318169053913,17.94022059478229,6.98596052894278,0.3592368229470543,3.5,27.5,26.5,0.40749766962866485,-0.9953029736121761,0.09680904254644698,-0.9956526847099197,0.09314360648981264,0.6293132609746868,73.61653971508353
9.161809072913572,18.050653201785373,7.312180931142073,0.1455294070231536,3.5,27.5,3.5,0.6258861706617376,0.9518295522917835,-0.30662762984444686,-0.985686560547591,0.16858826873735983,0.5783766281539312,84.05864986950431
10.806888748384525,18.46959850016523,6.801062548344211,0.30289837890436244,3.5,27.5,27.5,0.6763434625862799,-0.9782248825151277,0.20754777577286743,-0.9728352138242725,0.23149869706648887,0.6401090413463527,88.36703786951166
10.438924260284733,17.58448622474931,7.190395799968689,0.4972577696362672,3.5,27.5,20.5,0.6079274036700766,-0.9740605182441985,0.22628766382161308,-0.9897302405749238,0.1429477208335392,0.8233385775212511,10.580500577618167
10.122391944416503,17.399318145753057,6.991310822756067,0.3773211222262386,3.5,27.5,15.5,0.5911373634800838,-0.9674786265668625,0.2529527764945418,-0.9694589659231225,0.24525356957905836,0.870988458117057,45.67955388682324
8.063298252542662,15.971254610661358,6.964977519310227,0.2608724109761497,3.5,27.5,9.5,0.5241177722958672,0.9812525609986857,-0.19272626062247097,-0.9523344450923646,0.3050559042054716,0.5454983383054568,23.535581636559925
5.442365070388437,13.71912710799963,7.826901251827546,0.33686803230303974,3.5,27.5,3.5,0.5590614205773373,0.9058169971879402,-0.42366917235671414,-0.8639995250627646,0.5034926222809201,0.3213417582084693,74.33685147234407
9.92578286628145,16.516033857623963,7.55438499183321,0.4050227164243704,3.5,27.5,18.5,0.6065199278095548,-0.9884189051223857,0.1517500181109191,-0.9602884408247234,-0.27900915830563977,0.7459018869757195,5.993335411598153
8.962895105549986,17.516513147710633,7.30712993704191,0.25737950960778516,5.5,27.5,5.5,0.7682952167719826,0.908934109771325,0.4169397847342094,-0.9824785420130293,0.18637573469728339,0.5417815969155012,73.65314861431133
9.076543827849132,17.177935051996247,7.527254147016485,0.2832671520211293,3.5,27.5,27.5,0.6457180314469305,-0.9897827744840345,-0.1425835170511895,-0.9998545423372366,-0.017055619824420772,0.7337113705891419,68.65901488607203
9.637624558988048,16.526244874601907,6.870004342399972,0.5104460485365936,3.5,27.5,18.5,0.7292712502271809,-0.9994644721884095,-0.03272260431481637,-0.9664697730415357,-0.25678040773595334,0.876590934722767,76.34449693062773
6.9839137884570945,16.44209930158627,7.30422240910572,0.3434940469288928,3.5,27.5,8.5,0.45297432028123596,-0.9999846351707184,-0.005543412530671504,-0.9998584885117873,0.016822691548148985,0.7762034196201079,0.9713891123578406
6.4881044391700975,16.738483917300183,7.886226846936961,0.19466127767435945,3.5,27.5,3.5,0.6141525826742021,0.9805619089791298,0.1962099453626266,-0.9672759983480236,0.2537265122525322,0.44625641024465845,85.56786310313231
11.016767590681125,17.87945429661876,7.364596285399066,0.5328417719584781,3.5,27.5,23.5,0.7729911218065424,-0.9235793599978465,0.383407310553631,-0.9756941333142234,0.21913684814792425,0.7783328906409667,83.62566136292125
9.118467683931993,15.77372027353312,7.66233532890533,0.3932254689429,3.5,27.5,8.5,0.6390381355161665,-0.998163231270577,0.06058187632849039,-0.9938528214729515,0.11070939097589469,0.7757278881265138,70.54850241499028
7.613709183108947,16.0234253384073,6.697547128449353,0.5527840386231991,3.5,27.5,19.5,0.5814839824277407,-0.987365756748432,-0.1584577621973636,-0.9952868806902897,0.09697435292794186,0.7105553542173758,84.92528352436763
8.49941674923428,14.528061068199964,6.331324765885596,0.41791930884866046,3.5,26.5,21.5,0.6051574389948287,-0.9773455963970978,-0.2116496756510653,-0.9999235433538853,0.012365575061864302,0.8348472762538784,7.234682784118007
6.609174165378083,16.273503414082807,7.835361458616029,0.364782411872144,3.5,27.5,25.5,0.5633759406606588,-0.9866867653764425,0.16263218325710657,-0.9585091147180969,0.28506188275939337,0.18771712095803356,81.94800491352031
9.875721524966066,13.974047145444016,7.3130544188435564,0.36591838609224264,3.5,24.5,23.5,0.7756366369985997,-0.99956670057738,-0.029434861930209354,-0.9751516075505026,-0.22153857969137258,0.7605572039930443,7.48635771600604
5.223564572892026,16.877811270126276,6.937336748535094,0.4494754440374249,3.5,27.5,23.5,0.3922528961532282,-0.7083262534320824,-0.7058852022098702,-0.9998405445457451,-0.017857364936291566,0.8205495474605748,89.7259637635173
4.572046177689426,14.148476066022635,7.468977569987604,0.36606095602017097,3.5,27.5,13.5,0.4261064672682236,0.8904178398527455,-0.4551440106954836,-0.8248096061744783,0.5654105707910864,0.5649066921446734,8.662505844074886
7.219891892437927,18.58218921602087,7.736318276073742,0.5352744201351006,3.5,27.5,25.5,0.6715276577058005,-0.9968424227669704,0.07940518983087118,-0.9365966604326411,0.3504093258839209,0.6631573734809656,71.43273479312047
8.436318315943934,16.606079627248796,7.615485093450824,0.27532511038914326,5.5,27.5,5.5,0.8049547637275822,0.9070925976943666,0.4209311335694783,-0.9021407942749915,0.43144175424370723,0.5231115057604182,17.31434117832042
6.860897253569135,15.32409607388748,7.389313110940282,0.4451315831710362,3.5,27.5,11.5,0.6053809436487717,-0.9993519437790923,-0.03599572842643746,-0.9707193268845642,-0.24021654483565175,0.7748422321228811,71.44425520315217
8.502276780221163,17.12339505669485,7.463163449203716,0.46576285102373766,3.5,27.5,24.5,0.6630709894748508,-0.9984520970901459,0.05561843054500754,-0.9412880574202128,0.337604491910404,0.6551027411473681,87.04575064154841
7.298510604695416,16.87250377445303,7.293215771319894,0.31765469281207404,3.5,27.5,6.5,0.5808262467960927,0.9668907391197108,0.2551907102630096,-0.8029163687348803,-0.5960916916193294,0.509297753844889,4.23858646446547
7.371306445044122,11.730095256058739,6.700681913330409,0.4287402192679605,3.5,27.5,4.5,0.6298789567937788,-0.9073914516057059,-0.42028651364621483,-0.9473789418382509,-0.32011426172764623,0.7092872546863758,19.484724391948504
9.610444790444737,17.754624584490294,6.867297870667829,0.600569309803504,3.5,27.5,20.5,0.7433506322266914,-0.9643694769357813,0.26455908972214043,-0.9522604087756894,0.3052869369598982,0.7838675011626518,23.63706499111038
9.10334396607705,18.687515192973148,6.107598236971787,0.5954648964070669,3.5,27.5,20.5,0.7909860652635687,-0.9830447245664372,0.18336594422655922,-0.9974332796266268,-0.07160204391825337,0.7616473264469952,83.68390105027116
9.211346958776334,16.602231906160302,7.022458658002442,0.5345256984922215,3.5,27.5,21.5,0.6759388990642163,-0.9819892075963484,0.18893701639513524,-0.9946610511620411,0.10319589769570993,0.4316373858191265,1.866147167638168
6.327199899710759,17.20193097854518,7.480190324229868,0.26837955590770546,3.5,27.5,6.5,0.5706501658237209,0.9995948538004336,-0.028462752075123228,-0.7276810467003106,0.6859156611954128,0.3678778492428555,84.89603947279309
7.82998214963731,16.966788039060635,8.328505152478275,0.3899978750782055,3.5,27.5,26.5,0.6036419564475861,-0.9271526182102623,0.3746838968328577,-0.9305647374781237,0.36612739499014646,0.32762206346944245,1.8381494072424402
11.629085337082662,16.96023405888834,8.108937168716782,0.3729294836049683,3.5,27.5,26.5,0.7884896933980399,-0.990216730172123,0.1395379062736324,-0.9915379658693619,0.1298170337037788,0.660153787164286,3.4712837030450316
8.42301833452401,18.11775869456474,6.147564033337355,0.42439086302665474,9.5,27.5,10.5,0.7417026178832732,0.992181917285096,-0.12480001206919432,-0.6522436658091829,0.7580093669683765,0.09348255011450544,43.44765562931373
8.796086333692033,14.811385008866539,6.789997975388567,0.5056284449787521,3.5,25.5,19.5,0.7671336385344197,-0.9361183376111896,0.3516851688485924,-0.9099171539143789,0.4147900348517988,0.3399557356265854,43.8600651132835
7.6024508261349295,16.89397481939986,7.589917289721822,0.296439457256345,3.5,27.5,27.5,0.56893852134988,-0.9478291049662638,0.3187789010879662,-0.9876167607993481,0.15688573481423762,0.29097817491347994,85.7673845929313
7.898692245511953,15.6381906030845,6.893457972780334,0.18955031477480386,3.5,27.5,4.5,0.6457989959497579,0.926308388470908,-0.3767661999814067,0.9733988640227562,-0.22911711310857527,0.48978437446541645,84.96138929559916
8.032424035478275,17.06078164792349,7.22188902110537,0.34838945865844617,3.5,27.5,26.5,0.6203768183230791,-0.982221002158144,0.18772826883410862,-0.9880941920696635,-0.15385014656541218,0.45539274726356965,3.1445921379520883
9.90449071452362,17.036552279682034,8.147270576670063,0.42489952890564975,3.5,27.5,25.5,0.7698942734587509,-0.9877081312559282,0.15630946052917624,-0.7849396687467374,0.6195722043698879,0.45917607973335445,83.82148154082056
8.845397349572595,17.121271627183567,6.384667106781945,0.5544328079404466,3.5,26.5,21.5,0.6692628941664072,-0.9860267627527525,0.16658698369118496,-0.9768834264378775,0.21377270908839568,0.6021213393271094,57.845283546340006
4.160328294639309,15.4031675745042,7.8073109556360105,0.33708652421854174,4.5,27.5,5.5,0.38179296956097314,0.9129425613289188,-0.4080880783779321,0.2801880641689547,0.9599451279616215,0.08312373276479476,29.95991532858035
8.023738618175097,18.078615457506466,8.01212862630212,0.44170022493366173,3.5,27.5,26.5,0.7093878757245519,-0.9991239438914676,0.041849070990397565,-0.9999781036560788,-0.006617568163055796,0.6994217710674533,29.482885795799334
8.867438838221936,17.55192684093653,7.08680105207401,0.2977728606324865,6.5,27.5,7.5,0.645698403455519,0.6971664324124437,0.7169093147095423,-0.5794477273636488,0.8150094056224766,0.410072318809486,78.42636394750835
6.951210855735711,18.415295726438103,6.063765327897385,0.3190751406738972,6.5,27.5,10.5,0.5885342732802578,0.8355569337533807,-0.5494038682578133,-0.9976568573031764,-0.06841633632364047,0.4341596805669601,76.60539625123211
9.172035346199195,17.442778586547412,7.141346966571204,0.3480986153045755,3.5,27.5,26.5,0.6902598174130061,-0.9927581571432545,0.12013010207907535,-0.9943880247571689,-0.10579440542644941,0.18337036478285007,13.45269701073265
6.38409281306684,17.21154775792909,7.253679921782872,0.3737329896310126,3.5,27.5,17.5,0.6054611681838572,0.9661229864673022,-0.2580821090651209,0.7896001756876885,-0.6136216770567771,0.11351346430607206,0.9368325014515335
7.710427003235215,16.282090117229384,7.813929133437109,0.4806989872912188,3.5,27.5,23.5,0.59347695516475,-0.9887546432514424,-0.14954683362984647,-0.9896930356370419,0.143205080955729,0.26047020601845006,27.23642021698936
7.681333581256733,17.187338592960256,7.0008307038753035,0.4783472816808406,3.5,27.5,22.5,0.5609051672928629,-0.9937573743777169,0.1115629009568424,-0.9999173647518356,0.012855491734843315,0.8230728635871551,82.53846211923116
9.8828748665231,15.347627259748132,7.995255777838591,0.31954386493461684,3.5,27.5,4.5,0.6134918455835519,-0.9250696139155573,0.3797975900530726,-0.9250276595665591,0.3798997618277932,0.9304456624153973,3.239317939897191
6.845976143659553,15.811403904503445,7.432969478818019,0.2708848078675644,3.5,27.5,26.5,0.42661551673758924,-0.9999685782124137,0.007927331697607471,-0.9298619972253152,0.367908502370016,0.8375541012173429,9.322112785135943
6.39421079521481,14.87318711251147,7.550916679779752,0.437950905597138,3.5,27.5,7.5,0.534587093255352,-0.7514153636745917,0.6598294864840317,-0.969642047760088,-0.2445287288144754,0.7373321513660335,1.0354677711393663
9.572492450736213,15.445891242902993,7.833031507785973,0.21464131581828266,3.5,27.5,3.5,0.7628223261460942,0.9716371554013163,0.23647671818519106,-0.8313537482553583,0.5557435966898461,0.534385977968285,75.80813485180721
7.7118931539143105,17.228208036254347,8.25874911047764,0.25685547221236754,3.5,27.5,4.5,0.6627238391112626,-0.9749603751988615,0.22237865633215648,-0.9993548906934356,0.0359138197232119,0.6532725980033227,8.690813377642712
5.750002616767531,14.301361470532168,7.914946299417855,0.33894162615171636,3.5,27.5,4.5,0.5224587211745931,-0.5760924420981369,0.8173845472954604,-0.5332951162629317,0.8459292635735604,0.6108428761648678,0.3185715697190403
9.765542911323651,16.26174040564282,8.134577830321323,0.2624073952090312,3.5,27.5,3.5,0.7347794373749679,-0.9992676299736377,0.038264914567643575,-0.98861694268923,0.15045444701902216,0.7739637643784749,0.7446419033762623
10.051523720142898,13.869471737712034,6.435352687390249,0.4995576769249862,3.5,27.5,10.5,0.6595513754328491,-0.930522572469287,0.36623454523725707,-0.9133732741686059,0.40712315340019745,0.9158631074403352,45.245549056981574
10.004312096974113,16.830494876809134,6.177686673833951,0.5831307931214228,3.5,25.5,20.5,0.745081059440619,-0.9777482045704131,0.20978190689221407,-0.9272022643812646,0.3745610243021228,0.8265410351889136,37.70742476465411
14.43456903851499,16.396480904093277,7.540757470592158,0.25076043346372906,3.5,27.5,4.5,0.8033891002879492,-0.8822831482597466,0.4707190736488909,-0.9213327425784422,0.3887749701985533,0.972588707897368,7.461997720022225
7.27824835051013,18.44875798154425,7.269478044385043,0.5218583142987332,3.5,27.5,21.5,0.5472251116601079,-0.9847803552487725,0.173803486490063,-0.9547671475362528,0.29735449212259657,0.854444629516809,30.20577140156128
7.1004968088278595,15.094106019895886,7.0628198545234495,0.20419886885178903,3.5,27.5,3.5,0.5106179162837519,-0.033929841832520874,-0.999424217153667,-0.9851223750758282,0.17185431657354194,0.7611273842799993,42.578877362853035
10.284610228743004,17.318668818102516,7.2912918118880485,0.32172129634551994,3.5,27.5,26.5,0.6046398835950574,-0.9753023324249287,-0.22087408260475908,-0.9848841715670983,0.17321422746584791,0.8166770779658034,85.39534839743129
8.113766071638166,15.47805137000807,7.4459275407302945,0.38722473189043216,3.5,27.5,11.5,0.6127572653046329,-0.8710476124449048,0.49119859207252503,-0.902398406646336,0.43090267541772603,0.5070993553365419,9.469191798333185
15.460080409192113,15.09051699385551,7.503758000924023,0.3660338247072438,3.5,27.5,6.5,0.7654859032417183,-0.9775288525399934,0.21080166615053994,-0.9963723131848622,0.08510119575333178,0.8492652308310968,3.772227236259738
8.944216887848645,16.52640328713175,7.628661045713229,0.4786695294386335,3.5,27.5,22.5,0.5545081691735639,-0.9810747942086182,0.19362915113308102,-0.9899341436365541,0.14152876478851362,0.8839944175179011,18.71444073731506
11.848073668188643,16.231802244657356,7.401896106711656,0.4187082472034366,3.5,27.5,23.5,0.6445990598760102,-0.9921299634985095,0.12521236172377861,-0.9947384286411581,0.10244734542446397,0.9460925024174938,20.557733227791033
8.687616812779781,15.258076121293115,7.4439754408040315,0.38432926040234155,3.5,27.5,12.5,0.5172074026924952,-0.9046757411280123,0.4261006963318431,-0.9554258114483237,0.2952312971524398,0.9582683784137624,5.242887150010432
9.843075872810948,17.49822094044099,7.704135257253216,0.18416765144272224,3.5,27.5,3.5,0.7188045841160171,-0.9848618345125691,-0.17334118645185545,-0.9952959187444265,-0.09688154690490838,0.8987353626695552,8.3167390983633
9.377451101605171,15.650497240766224,7.943317296745765,0.2729934419051176,3.5,27.5,27.5,0.5889138839731209,-0.9855414728041739,0.16943436895441175,-0.9081764579239207,0.4185875311959987,0.7424534961661154,14.426665007704017
10.098684735593404,16.765619867099833,6.792827842473135,0.45266388196625423,3.5,27.5,22.5,0.6327549609342932,-0.9998608491194648,0.01668179840733298,-0.982652642615993,-0.18545561183152526,0.7665709178088379,19.71843622089098
8.462917788454313,17.066269777767744,7.368500670171625,0.28317216310568216,3.5,27.5,27.5,0.5163434825828082,-0.9977030282270797,0.067739703767547,-0.9890175015319526,-0.1477984494624153,0.7240439062850742,28.182896430371898
7.483178477457584,16.722679226765973,7.855001435226334,0.2143166317590156,3.5,27.5,4.5,0.5967933582038835,0.9988568858561161,-0.047800853316878736,-0.9461082892472926,-0.32385043618553516,0.22488176724005504,68.89634482825393
7.55025853679509,17.559570422315158,7.961297817517496,0.34492417313857787,3.5,27.5,27.5,0.5653119684055844,-0.9708076187156167,0.23985947436720906,-0.999988473461517,0.004801348154949468,0.8033064625270575,4.12839891879446
8.061531316703444,18.58014579806775,6.973738375348098,0.3975294335211592,3.5,27.5,26.5,0.6849502456460225,-0.9960244981132771,0.08907973483455367,-0.9959078866349095,0.0903741187419731,0.8517877020650855,11.239985954901641
9.040090143211511,16.91234293895379,7.8183447441673275,0.28534892232050746,3.5,27.5,27.5,0.5355773772165806,-0.9935634596865208,0.11327688014661846,-0.9931661603785237,-0.1167089451540908,0.9006397817659528,9.362998628199293
5.101500376546778,14.751840952104065,7.7067350271087545,0.25015243647932855,3.5,27.5,3.5,0.4862389064475034,-0.7284079992111402,0.6851436248592142,-0.9852258746837272,0.1712599657061876,0.6378143251740807,23.536086849707075
10.476722229776975,16.532937571803437,8.189730871599536,0.2717518200403159,3.5,27.5,5.5,0.7361698916891279,-0.968235819479421,0.25003879274427443,-0.9975975349491399,0.06927595732575328,0.8459014216151954,7.762677869602129
11.051911698226231,16.40234219971846,7.267672809102437,0.1647666354754453,3.5,27.5,3.5,0.7278007820562342,0.9740443170783343,0.2263573907947372,-0.8278584677191201,0.560937035170393,0.6613125794274478,53.497451981554704
10.299576638046611,16.734146653733287,7.686265770809776,0.47479212654280983,3.5,27.5,24.5,0.7768940508162115,-0.9491293110975358,0.3148865681725993,-0.9876382671312309,0.15675028962658855,0.8530473083482835,5.77911036168706
10.628625909438556,17.784037065033782,7.484459975161002,0.49537876446653956,3.5,27.5,24.5,0.7458043805433952,-0.9754942957481749,0.2200247235261807,-0.980680796617708,0.19561486432594405,0.8652221923263009,12.274103728357332
7.911282485612492,14.604922229167617,7.401790214757247,0.3525221789548594,3.5,27.5,10.5,0.4930834976851204,-0.2961110871741752,0.9551535081087899,-0.8960879994191873,0.44387644372834056,0.751280092890363,0.7059911887622548
10.664745290712018,17.551381012573255,7.75149634170739,0.5059843832874229,3.5,27.5,24.5,0.7498081567083149,-0.9506025503641209,0.3104106815836547,-0.9559342293275661,0.29358090741720955,0.8923706725774013,36.78309983664259
8.334760115172495,14.329105458667748,7.735603022678998,0.23867109864149164,3.5,27.5,3.5,0.8301453645143747,0.9994410682159527,-0.0334297945455171,-0.915355395934665,-0.402646866538525,0.4027266162984975,86.04759014677224
8.561991952772408,18.684671715799137,5.717956564239851,0.5630714274120122,6.5,27.5,23.5,0.7200047256789447,-0.9997213296768843,0.02360641838742843,-0.9968964093587099,0.07872451338503991,0.570995016746683,28.239906116186646
9.554704663147373,16.243242675923874,7.58178656803263,0.35342843928616624,3.5,27.5,7.5,0.6588945480954994,-0.9989555794104399,-0.04569190699404366,-0.8363611111627062,0.5481788866188513,0.7488510443736056,10.585644308790435
11.060467033996616,15.364358708692075,8.461527768060042,0.321439142915361,3.5,27.5,3.5,0.8128349142102247,-0.9867805670447022,-0.162062063737742,-0.9972459373436855,0.07416562850481387,0.9403759644170872,8.284667257556208
8.494528132845044,16.63696870503459,7.308350900423097,0.3952047342209351,3.5,27.5,14.5,0.5623932815777197,-0.9302178628981743,-0.3670078031120773,-0.9901652198373795,-0.13990295716815282,0.7420262435940599,85.78434399043411
10.829062830939531,17.350532489942672,7.360177959514731,0.323499650620811,3.5,27.5,27.5,0.7715391024779624,-0.9998782626043362,-0.015603203880425203,-0.974681279302333,0.2235987562075595,0.7711972434339294,84.57612765483618
11.549809454758181,18.08377609497926,7.449001468809474,0.3861554338552024,3.5,27.5,26.5,0.7955060477114408,-0.9896901803532329,0.14322481248856817,-0.9999986524522959,-0.0016416740213323433,0.7473326894271387,5.103909911429184
11.219928094396286,17.72767080655854,7.53767422521301,0.3844452288335256,4.5,27.5,26.5,0.7627941522328,-0.9906844732596212,0.1361773639130489,-0.9436245525160731,0.3310176791182621,0.4832511493935005,89.01532841201741
9.295215340276265,18.15629666908153,7.602426345329647,0.4063228878673696,3.5,27.5,26.5,0.6743954338118155,-0.9866573982055239,-0.16281025325914272,-0.9999210149012926,0.012568371365018807,0.8158169520412627,1.3514150360638268
7.774853173958675,15.803887162407904,7.908036574821738,0.28705946812941785,3.5,27.5,27.5,0.5338520985716747,-0.9906375401494866,0.136518365235504,-0.9915223539938443,-0.12993622101056246,0.7532877097909398,30.213298179857148
6.885542911552838,17.638435411820794,7.941738236662864,0.5620038046552454,3.5,27.5,23.5,0.5108757994799571,-0.9946189013188177,-0.10360135684124995,-0.9996314613522357,-0.027146665997757235,0.34801256607551406,82.75894408560217
9.33071889874445,15.230195060701824,7.519824484659183,0.33398290344332127,5.5,27.5,5.5,0.7361976439339772,-0.9707759265324404,-0.23998770898752683,-0.9984523274003587,0.05561429590318348,0.84957086157759,89.9211754312773
11.242515488247134,18.06723240957797,7.13422083398375,0.4812224753641937,3.5,27.5,24.5,0.7538622730709649,-0.9927875775347824,0.11988672108544143,-0.9999532735511522,0.00966699096588931,0.5741559370703304,85.47710271486356
10.159753774655524,17.86867925187664,6.753695244251885,0.5138744841112466,3.5,27.5,20.5,0.6628797693214774,-0.9848320648949421,0.1735102416422863,-0.9733008921040763,0.22953294628311882,0.6247375054660681,73.42797447618379
9.642201315664265,19.203025286183355,6.641115350206575,0.6051979135899929,3.5,27.5,23.5,0.7042021513796998,-0.9785829575754369,0.20585284827495268,-0.9996504636570847,0.02643767217770167,0.7868578606496078,89.94408094691077
6.909687308586785,13.18690223147538,8.710101138311398,0.4204406167967182,3.5,27.5,3.5,0.7939736731350018,0.6878621285139975,0.7258413684519454,0.8752650704900279,0.48364352200777644,0.3472188868112972,56.301041382835976
9.079186949373602,17.46780583026136,6.953917664464079,0.5383539690602731,3.5,27.5,21.5,0.7270246109763825,-0.9909779244257823,0.1340251965145684,-0.999254900030615,0.038595916426554244,0.7628625017079899,14.481807803409197
8.47793219517468,18.283844122410304,7.80149315516963,0.5671393131935167,3.5,27.5,24.5,0.84225443536826,-0.9765589929022345,0.21524993236183254,-0.997516934170275,0.07042702637152357,0.767294265103034,3.6440907887360936
7.793420567245633,17.44600585261721,8.136657227194414,0.35016650866198806,3.5,27.5,27.5,0.6080930078451082,-0.9707365277225146,0.24014702526834597,-0.9539960134320907,0.2998192894989883,0.804249832464825,13.584633023724152
6.000745664756383,14.680391540926378,8.212917337286491,0.3778328209693639,3.5,27.5,5.5,0.526355786221187,-0.9934965419843567,0.11386228991692258,-0.9967342564272195,-0.08075160719439511,0.7662810249796684,0.4784037288124381
7.572804993861491,20.294209299201313,6.78864163065754,0.4598791769264355,3.5,27.5,27.5,0.7398608005283732,-0.9983733417129886,-0.05701465212416998,-0.9993826582660518,-0.035132639483534754,0.6355046328544751,15.198759855072097
7.771277985998438,14.683075315965402,7.215995366785063,0.22856369863913514,3.5,27.5,3.5,0.6704777647947696,0.9599337484744432,-0.28022704819450295,-0.7594515116697153,0.6505639103290194,0.4107133778042636,87.97179854077294
7.101297516571299,17.320338510830442,7.903745552365939,0.5162840294672612,3.5,27.5,24.5,0.6742890005915957,-0.996924036372443,0.07837388406143944,-0.9584674117541069,0.28520206977752355,0.5059911602168252,11.315748564809226
6.933599525099622,18.914596569880633,6.749627414484896,0.334401957491159,3.5,27.5,27.5,0.6261388874952881,-0.9880065011483813,0.15441228477207902,-0.9979178890006877,0.064497184530886,0.7960045433819829,4.460682526413194
7.540569886630275,14.580956907025303,6.296818607437311,0.4471870734398753,3.5,27.5,8.5,0.6144879816175777,-0.9141642770660228,-0.4053438966314356,-0.9488658937176734,-0.31567945092983307,0.7068491749895313,57.60415352713534
9.273415339304583,17.198781593922792,8.096559298904157,0.517206307332958,3.5,27.5,23.5,0.6598498149696371,-0.9841695898308429,0.17722928215221787,-0.9991105175645445,0.04216839683824746,0.6595241451543081,3.7565819769252045
9.701574805631711,18.59019545452619,6.938214765204075,0.5734169216070801,3.5,27.5,23.5,0.7419361239388632,-0.9942310877460112,0.10725923810741549,-0.983934685790419,0.17852880467451054,0.6295531689539465,56.9173293453029
8.51629042899226,18.519844702288804,7.589423239778287,0.46019584070993597,3.5,27.5,26.5,0.7344800367342055,-0.9997236302136095,0.02350878968645556,-0.9822697044990956,0.1874732717569613,0.5911653118437276,87.96905686468031
7.798506281075387,17.286204940355834,7.386384796548467,0.31824139120983674,3.5,27.5,27.5,0.5445284838860522,-0.9993011232537111,-0.03738000888003312,-0.9019935233152204,0.4317495615485845,0.5435516207324109,26.358892800600387
9.113499768477302,16.885741056179473,7.682065299816192,0.3836867078040457,3.5,27.5,26.5,0.6408321867456287,-0.9958944713386887,0.09052183138356107,-0.9570940595442747,-0.28977743387824445,0.6269195323199479,33.314365572627295
7.674043553164075,16.298434173546394,8.617848225923748,0.33349759656064554,3.5,27.5,27.5,0.619296307683837,-0.9845131190175392,0.175310919461272,-0.9903806821060704,0.13836944934166115,0.7893756919179219,16.02148903824076
6.204579069868939,15.307683708256214,6.777575513434356,0.2238474669747251,3.5,27.5,5.5,0.5308711299149265,0.9774141787590654,-0.21133273092623772,-0.6517942982244589,0.7583958022049471,0.2764486305815113,43.018370902079596
10.650969452627102,17.01884476233943,8.041357902089551,0.48010679660483063,3.5,27.5,24.5,0.7182816895278568,-0.9936643517830449,0.1123884157534986,-0.9916309087178566,0.1291051543331943,0.7941003127446074,0.43184692495528054
10.614435743311551,18.556383419257855,7.043438309598485,0.5793186160788557,3.5,27.5,22.5,0.7756794516645602,-0.9908296719800218,0.13511684248813094,-0.9999415193859987,-0.010814703325579293,0.7810029123169347,4.282693983525164
7.644691133156765,17.2517935293105,8.388571975855195,0.33918778362952756,3.5,27.5,27.5,0.6303149861298109,-0.9704110626369103,0.24145883606093715,-0.9066388682098772,0.42190752855467406,0.7673330243670572,0.3257318506821889
8.38093031722442,12.536601858349695,6.965880369212267,0.4563794775188556,3.5,27.5,5.5,0.5794144251030596,-0.9347126019080549,0.3554044904531651,-0.9594954546735708,0.2817241069925639,0.22679977610459473,7.907384036845713
7.698542589713217,13.888871465710366,7.403930352460227,0.3913715239432798,4.5,27.5,5.5,0.7261394283702822,-0.883737299572587,0.4679833173780361,-0.899598554394467,0.43671780468786153,0.29857530897972784,23.57869107954155
9.663920726919478,13.567526502873767,7.166341149710713,0.3612278951499741,3.5,25.5,4.5,0.7789491431475257,-0.6434731764019639,0.7654686611816105,-0.8638613650713511,0.5037296317838189,0.7160461116074075,30.716218845233595
6.136579091507657,19.706867800179168,5.215519797738255,0.6314403925669294,10.5,27.5,21.5,0.5283523746322962,-0.8754461805869329,0.48331561623410346,-0.9837369405992515,0.17961523237304972,0.5220503215035236,34.41353723719949
3.049122917481754,18.38862072719957,5.3339498149869735,0.5480473217596215,11.5,27.5,13.5,0.3997760051704496,0.9855525745950071,0.16936978097982222,-0.6002496794953416,0.7998126794854779,0.34330802816830774,60.631723885053376
9.15583739033463,16.196728325215435,7.699550620522855,0.30070150049903777,3.5,27.5,11.5,0.630996137837578,0.9866044070565182,-0.16313106380041806,-0.9933160515656831,0.11542626088529942,0.5826233950741515,0.874185554705619
7.076048716310121,19.860717864375225,5.877080396484848,0.3907303991404816,9.5,27.5,27.5,0.728740852050016,-0.9907349058771997,0.1358099638336458,-0.9922699867241839,0.12409783820191188,0.4828856717202861,15.700930734572779
9.887984523175307,14.632780361140066,7.112880476314423,0.45948665134873695,4.5,27.5,7.5,0.757091832085817,-0.9917646676395367,0.12807358830703244,-0.9974900385384257,0.070806941867377,0.5371143866034087,30.643734236271698
10.369726666691376,12.942996155209542,7.614592627802024,0.5674588184967987,3.5,27.5,7.5,0.7375553419856063,-0.9933734669731427,0.11493108854334715,-0.9908856748222632,0.1347055285874639,0.7229242435258596,19.123110377182698
5.863306365887335,17.61900108966626,6.354004566108382,0.4608948935396856,8.5,27.5,11.5,0.4918624002320402,-0.9578997338822542,0.28710294291126043,-0.9424101722550243,0.3344593655890882,0.6648622007512722,23.069780436777762
6.002963159813228,15.962843400970963,5.731051937786089,0.4390388515942523,8.5,26.5,9.5,0.6489762845881514,-0.9726448525481806,0.2322972036239956,-0.997317919018308,0.07319131372636825,0.769919948530554,32.781152747373106
9.7829999176159,15.719846188984308,8.150038957999719,0.25526026348966513,3.5,27.5,27.5,0.6173081522946621,-0.8566512237306021,0.5158959981244882,-0.9214438321605726,-0.38851160107934807,0.6016444752537345,82.51715376501176
8.440707270637935,17.230985985579895,7.410763649508459,0.42027487160569527,3.5,27.5,19.5,0.7004491953696192,-0.9933410665425082,0.1152107873429923,-0.9999984967418684,0.0017339302187790156,0.5927423622997204,72.95690743338503
5.976030913889406,16.58185782425672,8.45629762536857,0.30296497186746313,3.5,27.5,4.5,0.5154839925354375,0.2832963567515838,-0.9590324156415566,-0.9663408612104301,-0.2572651160866632,0.5156138100008328,68.11050537696934
7.708311506503139,13.285734015323161,7.822323849818046,0.34623651764588204,3.5,27.5,4.5,0.6384485106043379,-0.9993034205140452,-0.03731854430346162,-0.9999948977748211,-0.0031944364644215938,0.8186968500814866,7.134464889409216
7.640522568415531,17.1735019092241,7.07492131441637,0.45626811927422795,4.5,27.5,24.5,0.6836085253376046,-0.9938765238231083,0.11049640443604648,-0.9953392074446834,0.09643579275035577,0.5072714435975328,44.09656910879645
7.081241666028573,14.595859270140792,7.631595450699086,0.3150147790213615,3.5,27.5,12.5,0.5349509556841415,0.9990223451235621,-0.04420807554981702,-0.9930668177052103,0.11755124658142335,0.1881197823931249,80.24380447676684
7.36492142480883,14.947753927538002,8.080357250374453,0.26829896836939693,3.5,27.5,3.5,0.7624676184528886,-0.9972845407292931,0.07364472026128493,-0.99568586587056,0.092788234736917,0.60288206247297,7.68959876327429
7.464144597686108,15.597558669435932,8.538939989605657,0.24017580384170262,3.5,27.5,3.5,0.7591327404975237,-0.9851656587688404,0.17160601616072982,-0.9853872424720673,0.17032904148528305,0.7596680393061824,13.4471830350478
8.22211837665158,14.341211427564787,7.285096426927611,0.35700035217875736,3.5,27.5,12.5,0.567283791748979,-0.9001150184902164,0.4356523309800574,-0.9122206942976848,0.4096991638935206,0.7783728765233464,31.1575703222969
8.13589126556773,17.752370207838087,7.196220903585682,0.540349652263196,4.5,27.5,23.5,0.7319681786348258,-0.9997670882055484,0.02158168994771487,-0.9941385314890137,0.10811373737350544,0.5493535343686416,17.23405512576113
7.656139441936371,16.95413239647175,7.540461484543762,0.49181693537230675,3.5,27.5,22.5,0.6514439957191699,-0.9732850513190971,0.22960010644331694,-0.9895825445253313,0.14396661964070231,0.8359052316293122,4.070438085193942
10.199659339898089,13.806960468797438,7.653253780973501,0.34350142231695924,3.5,25.5,3.5,0.7746679219455055,-0.9668736150813382,0.2552555826217014,-0.9735937391297439,0.22828760616241128,0.7292621870350146,87.40767927497437
7.538548247626899,18.201626881512457,6.180943177229332,0.5191835408665558,5.5,27.5,21.5,0.5669480677016581,-0.9920509841530917,0.12583657989981428,-0.9972555933544596,-0.07403567736736641,0.7522679366977654,55.17414720385834
4.632885425001388,14.925771068849985,8.13155225918569,0.2885870118900561,3.5,27.5,3.5,0.5671974690194596,-0.9983395370367285,-0.05760354840884794,-0.9979749114648615,0.06360877366135846,0.5619040971986178,2.085416823016672
10.048867255210325,13.94475174889828,8.395968019080144,0.3749727690687513,3.5,27.5,3.5,0.8241224836431231,-0.9999331338995435,-0.011564070643058946,-0.9979715123654714,0.06366208060512683,0.6172699161127979,7.702284378906981
5.484310589120671,17.430896230664217,7.489979541809937,0.341477942512569,3.5,27.5,17.5,0.4996076579785507,-0.9942102160001822,0.10745253091887128,-0.988814211887437,0.14915245344756084,0.9079722623066341,3.5587712350381366
8.048941257349403,15.678963225034835,7.8626098638332165,0.21053803335346455,3.5,27.5,3.5,0.6307382724767188,-0.9998407563026064,-0.017845504650532446,-0.9978888936542355,0.064944252413326,0.8187301073336694,3.0546107260864375
5.712468724714927,14.254632889226805,7.883364713266285,0.2857162406287983,3.5,27.5,3.5,0.441955549855414,-0.9955805163153066,0.09391184980260683,-0.9590603654630091,0.2832017220956812,0.6993554073636502,12.690676494187372
5.889998860988654,16.81246193815253,7.115052549215105,0.3554777169708664,4.5,27.5,8.5,0.5714871963861042,-0.9685765177576235,0.24871575995203013,-0.8951677375365326,0.4457294265288367,0.7258069974650269,47.165223424076906
7.121113033354591,16.874070386512518,8.102476876986344,0.3633657487400876,3.5,27.5,19.5,0.5663262764532964,-0.993972966312362,-0.10962546346631394,-0.986445222262876,0.16409090003636725,0.7960267163863519,0.32425723052200794
6.046577512744133,15.444052035038679,7.634906203540889,0.3594139529773067,3.5,27.5,14.5,0.3923140689125734,-0.9986633635517376,-0.0516864227774563,-0.9689006549098257,0.2474500372101625,0.6114527589085116,29.64978940049017
8.118206560492139,14.93232971063657,7.27549630289651,0.24894984336043335,3.5,25.5,3.5,0.7958980355392699,-0.8960663343678301,0.44392017797414896,-0.9630623358974066,0.2692785494164561,0.7778808193627945,24.149303698093874
8.080923152316865,15.818300970948869,7.5389593907840515,0.3601796359785528,3.5,27.5,19.5,0.5159364642178379,-0.9849709680256461,-0.17271998189735221,-0.9736720926568663,-0.2279531881356318,0.2651822979370147,79.52720824995693
6.262700048604431,15.251030349132616,7.386303281906058,0.32986468698912813,3.5,27.5,6.5,0.5383818226690883,0.9525595755499892,0.30435218912967343,-0.429234006112114,0.9031933170683593,0.37324394861693416,19.908909368846565
7.9421217606171925,15.60079198986103,7.714126979977607,0.3712087159492148,3.5,27.5,6.5,0.7337122774339006,0.9929112605641893,-0.11885801884951822,-0.9994897496830001,0.03194120033144908,0.10475540863304787,16.56488129608347
6.114710761677037,16.425302263593405,7.445277605288352,0.24360321935113124,3.5,27.5,27.5,0.5835336078955365,-0.9897409530861947,0.1428735307327109,-0.6076694136699796,-0.7941900803271111,0.39358724990186555,51.81011621811871
6.9223978721621195,15.173120805416094,8.43960697393339,0.32990156734800813,3.5,27.5,4.5,0.6244605583491883,-0.7308693092329746,-0.6825174377415677,-0.8979935393260409,-0.4400086400614086,0.233075427392738,8.933576969149001
6.591666746469857,15.4638666755698,7.758924415751597,0.26943840963307947,3.5,27.5,3.5,0.5946509955919677,-0.8494946808798405,0.52759718266577,-0.9999064968544228,0.013674704688443867,0.4753942368317559,13.399139981852315
7.907035963227717,16.86030742671454,7.155227182049137,0.23187790595120994,3.5,27.5,27.5,0.48429773272518156,-0.9889832516430725,0.1480274568095227,-0.995334781708448,0.09648146102436574,0.5636690998029739,78.1451270824815
9.730809840416613,16.757591904514676,7.522134738613174,0.21575705400478204,3.5,27.5,3.5,0.6234707214822268,0.9985069468922662,-0.054624875358075184,-0.9917129189373983,0.1284736798440258,0.6449048134598023,86.61763260388832
4.075968813805543,14.58925726724961,6.00349255023762,0.45787061740263946,3.5,24.5,10.5,0.4229913242694758,0.9429688191027612,-0.3328810691522486,-0.9276610530503487,0.37342331294861336,0.48144948558417244,37.222897106116974
6.7365651369024215,11.07794267314596,6.542876994960372,0.5307790890288552,3.5,23.5,4.5,0.8126853681406968,-0.9632050194328686,0.2687677260002159,-0.9725376486139126,0.23274561656134798,0.823248406657262,25.958058839073487
8.803782528815255,16.26711314876018,7.4528428672818405,0.35492555786468444,3.5,26.5,25.5,0.579519910192604,-0.9875841632881172,-0.15709080311243398,-0.8901146806246212,-0.45573660741323885,0.8368000364313911,27.053556454062516
5.456957307178445,16.768325259079322,7.483457963456977,0.39239370104633825,3.5,27.5,11.5,0.4219432334880594,-0.9599478502637055,0.2801787371912621,-0.991321851787216,0.1314571647692317,0.24670755843367106,4.274160406602078
8.386830213583467,17.54107178193376,7.196255164225915,0.4601558610728094,3.5,27.5,24.5,0.6323712700314021,-0.998720353552822,0.05057326763544537,-0.9914194040828268,-0.13071941404417567,0.2954091449267645,50.60331834680903
8.232873810277324,12.765293734081842,7.2416497622368174,0.6087008143540799,3.5,27.5,7.5,0.6514311844128685,-0.9790117282253514,0.2038039155590754,-0.9934523265247037,0.11424742851659037,0.7941065439788326,24.758941709073582
9.76667809460754,13.122750629039395,7.149398352964048,0.27652939212125355,3.5,27.5,21.5,0.6702493510624236,-0.9974906872913402,0.07079780199306962,-0.9748982929942123,0.22265066430839825,0.5713854481891738,40.96035702533506
8.262117335653302,11.971130457221149,6.892274794962821,0.3613675242706456,3.5,27.5,3.5,0.6648972129163847,-0.983846333781409,0.1790150594360166,-0.9994896962097551,-0.03194287354843523,0.8523546027021065,2.8008646466300178
5.6873720350781145,16.927922195033364,7.95065587934878,0.36061776204364465,3.5,27.5,26.5,0.43413459170984103,-0.9938769459905805,0.11049260712118596,-0.964300947049862,-0.26480876782829377,0.6822855173667324,13.058024494768404
7.455005505662633,17.789903759906448,7.558389644945618,0.45815826992735187,3.5,27.5,25.5,0.5924520190523486,-0.9891317711488832,0.1470317629081325,-0.9995475879733285,0.030076891074395345,0.3781150566447043,81.36926543823601
7.733661267156223,16.294574671276152,8.896384223549205,0.28704520948361184,3.5,27.5,3.5,0.740472677466398,0.01573280734692958,0.9998762317271995,-0.9540945059701207,0.2995057156009403,0.4732561873691839,43.59369724078438
7.768503404762937,16.895899463977308,7.694961311621574,0.2912982849420978,3.5,27.5,27.5,0.5270259715388826,-0.9937714320444323,0.11143760968523304,-0.9999189282420408,-0.012733300565392354,0.6765397741725648,82.11334649708566
7.296459185007415,17.39297775434485,7.088446045405428,0.4842905231531492,4.5,27.5,22.5,0.5347245017432637,-0.9900953320666175,-0.1403967001745214,-0.8767334932281001,0.4809764878370386,0.3647273591167794,45.04761204641582
5.316313251888239,15.31240676784552,7.882664752895133,0.2504106985205847,3.5,27.5,3.5,0.5388881237771328,0.9033782301152912,0.42884469607745423,-0.7391670457163938,0.6735221440508832,0.37641676558699666,76.54798724151858
7.203460614637786,17.41177949080924,7.62355788153666,0.2614478617075271,5.5,27.5,5.5,0.7308482164916553,0.9851479385910175,0.1717077141245227,-0.8680011029044448,0.49656226735090087,0.3353828140115059,11.002638208444253
6.775344821909816,15.90064589521724,7.971935360128849,0.3112367465381543,3.5,27.5,5.5,0.5073144374693119,0.9757570086715682,-0.21885671117951397,-0.9576295892886829,0.2880027251933366,0.6174016195034348,12.212646507296753
6.904831142930586,16.715470319083995,7.835515690160622,0.2774644005444676,3.5,27.5,27.5,0.5835188383631158,-0.999841255872914,0.01781749293459129,-0.9990900205963564,-0.04265126897024278,0.657688305815183,2.8182806901562145
6.181597048490405,14.498106611000457,7.818742936973652,0.47907839975125593,3.5,27.5,7.5,0.5354650234610348,0.9617174401388946,-0.2740429990579792,0.4274557699715314,0.9040362629441616,0.14604778011766184,78.74982446443792
7.433250995687194,16.50706220275738,7.948751044302827,0.18578912639461262,3.5,27.5,3.5,0.6303124445373115,0.9986780711148099,0.05140146179246981,-0.9850398364432389,0.1723267843948733,0.5044825397564418,83.45016224234544
8.298294361968653,18.74574594769919,7.291785512793339,0.36050890011090375,3.5,27.5,27.5,0.6769403901790442,-0.9970318678278387,0.07698996386368237,-0.9983469959838026,-0.05747412992048901,0.6908131329237416,72.97514771890779
7.61561117858735,13.101876145241862,7.057538672974584,0.24952574198503677,3.5,27.5,3.5,0.714809180935251,-0.9941062310238465,0.10841033825038414,-0.9823311329745643,0.18715112927500271,0.6317136112329259,46.86056797174507
6.307406587364597,16.215927428479727,5.170970059373762,0.4248148275865773,7.5,23.5,22.5,0.6062697175972112,0.34379798327993627,0.9390436340727989,-0.8281021771485193,0.5605771884423074,0.4918485756243913,61.9597588999715
6.649582709901284,15.292377735016085,6.7475562217460014,0.43077497374492457,5.5,26.5,8.5,0.6138253813802451,-0.8161077019674619,0.5778998345642508,-0.9628948150784622,0.26987696288311475,0.7276549794843339,39.595644561189076
7.362504572463589,14.430050570995395,7.2597677422082265,0.31469914040962876,3.5,27.5,4.5,0.5572388286324361,-0.7066848106819635,-0.7075285000276649,0.4591685988807502,-0.8883491418366366,0.33809645767234964,15.064406409930427
10.318298903632106,14.500067867639084,7.7374620850064,0.3652870867608025,3.5,27.5,5.5,0.7344282253269773,-0.9294352793666312,0.3689851778441408,-0.9409963148133524,0.3384168073658431,0.6642690649695554,79.2644200672903
10.370322638188899,12.637076250621213,6.959092954709719,0.3956676140090133,3.5,27.5,13.5,0.8228509263418754,-0.9960026729080523,0.08932343231210567,-0.9779702659989631,0.20874424260783173,0.9209682501694384,17.025391335071703
6.602283371446832,16.652343983144842,6.126765262099241,0.4935351584682025,6.5,27.5,10.5,0.594454374660761,-0.9965575083271668,0.08290435812880331,-0.9984727782324536,0.05524591504143501,0.8840536873049102,24.62746782626497
7.479117535790483,14.326763144108497,7.189860051697092,0.5207091312869405,3.5,27.5,10.5,0.721490698151695,-0.990983798982936,0.13398175306118362,-0.9553366295774102,0.2955197526184572,0.6216866766050004,46.8216238318914
8.02522602857047,13.504638405911944,7.34565738524584,0.5275552971615126,3.5,27.5,7.5,0.6612134261364235,-0.9187538426322132,-0.39483082028704714,-0.8643272519952425,-0.502929817627025,0.4655761179961776,26.0080009345221
6.039631582737208,19.59886399383033,5.491761299147564,0.6768569262787755,9.5,25.5,21.5,0.7578146066974508,-0.991524674688213,0.12991851093833104,-0.9996707966745321,0.025657324024658857,0.6998443596164718,55.139766791388496
6.3727315210366875,14.96396578465462,6.483760208452703,0.4454836695107571,3.5,27.5,16.5,0.5625126248680427,-0.8872144757423208,-0.46135720871498126,-0.5224316087067297,-0.8526811914332921,0.2962364434175034,73.960214886165
5.6829378507951285,12.399803039961252,6.41405104446941,0.4318189974873303,3.5,24.5,8.5,0.7169262824387043,-0.9618237162806061,0.2736697623051624,0.7781327120810407,-0.6280998984153747,0.015271262198677487,81.9271659236054
6.895744153697259,16.608490355478345,6.9903590063784335,0.47554155415015714,5.5,26.5,23.5,0.5020142238390131,-0.9973035228505622,0.07338721489372782,-0.9639987142575455,-0.2659068989511163,0.6738192655233607,38.006309070416506
8.02449113091692,14.389030151869013,7.5014168271720365,0.3303714056323799,4.5,27.5,4.5,0.6674335016130343,0.502411783553921,-0.8646284749799581,-0.8248624435319827,-0.565333484989565,0.5089530423655501,80.75758743252514
8.303627890749343,16.660436320780054,7.326167444615979,0.44543587897017095,3.5,26.5,23.5,0.6897964046885917,-0.9981011020992957,0.061596996584017,-0.9911377812458982,-0.13283786578742512,0.2181075230210286,52.50813442238512
7.318559090283029,14.850397245094463,7.588097352771792,0.34504868640741426,3.5,27.5,10.5,0.570165646284679,0.9235398100925932,0.3835025673631624,-0.1570335170323303,0.987593273837189,0.3138814524995057,87.97530251277466
5.867076139507145,15.225554570383421,6.512887501651831,0.49308158055003265,3.5,27.5,19.5,0.47745914414527124,-0.9831972982219478,-0.18254608395981095,-0.9987537722607837,0.04990894103118981,0.34377638792308435,64.46369713612935
6.897498732672925,12.768374007721164,6.452343033587415,0.30651751639970753,3.5,27.5,3.5,0.6398773871715421,-0.9998172805730967,0.019115581796469435,-0.6282100743049184,-0.7780437664693478,0.6185598179125942,18.837638042791397
5.344351940810589,15.11705054880476,8.635901744264787,0.3304643807872658,3.5,27.5,3.5,0.6104087779131239,0.6833800255521048,-0.730062833375597,-0.6322821246672198,-0.7747382234189213,0.3051832467919592,59.77685359362168
8.35679956921257,14.751726017012304,7.526406776573935,0.37987003881498677,3.5,26.5,9.5,0.6656352444899525,-0.6595373807306069,-0.751671765745535,-0.9625622393932463,-0.27106075941430346,0.5305569233257162,22.928699640604037
8.364858066290951,15.20631778679522,7.578525594755295,0.23282602535449093,3.5,27.5,3.5,0.6921500107192812,0.013323639525712196,0.9999112363754039,-0.9987427093169631,0.05012983728491555,0.3050837785957813,42.41576287713953
8.901822236047844,12.995955490687802,6.478474731033997,0.32290194186306376,3.5,22.5,3.5,0.7439687344748697,-0.7668787276298701,-0.641792035716237,-0.9999001813106558,-0.014128956611076502,0.6357700352491192,27.37930883954779
7.685229925880029,14.842970485178034,7.8194326872517665,0.3101256951937733,3.5,27.5,4.5,0.5505388500903005,0.912869714292595,-0.40825100701327843,-0.8636103556645977,0.5041598492431414,0.15217260146677608,84.74090282076713
7.244618984732129,13.212823927889028,7.896963633712986,0.5508689611168499,3.5,27.5,7.5,0.6451898354108402,-0.9796315900655188,0.20080325631249954,-0.9845080857295204,0.17533918310861174,0.7100660631615129,0.688849454662801
8.411384571689831,14.445663075502754,7.917390325256668,0.4463903431071737,4.5,27.5,5.5,0.7585962638213629,-0.8115481665279649,0.5842855238709055,-0.9192299676902352,0.39372105163454124,0.7004410400125886,15.049107062927163
9.05782192764056,14.25620663602325,8.209847138801328,0.3363534555924317,3.5,27.5,3.5,0.6725768944702781,-0.048947174390880505,-0.9988013687010789,-0.9665731207829656,-0.2563911117411807,0.6188416437270232,36.75713476548471
8.119320286400963,14.839478448579214,7.328244686924131,0.3843095494734784,3.5,26.5,6.5,0.6157884781847084,-0.8979730094913942,0.44005053598986593,-0.9770837250269577,0.21285533652564242,0.6082805408478963,5.619034420925743
8.840812393069417,14.46966851799578,7.976842457404684,0.29295260015234714,3.5,27.5,3.5,0.6081409697892907,-0.8361670191297088,0.5484749001729587,-0.9999924342095687,-0.003889925914646445,0.5693207760044161,6.006405891411163
6.674749520594793,15.517333472309796,7.077715697650889,0.4098614848110724,4.5,27.5,7.5,0.4788905109802687,0.4747518432285875,-0.8801197005811532,-0.9537403528267654,-0.30063156752057324,0.3928968662625403,82.44423775580263
7.276821167921707,17.382201100851088,7.961634096172788,0.451003844402963,5.5,27.5,25.5,0.664296310811654,-0.9987140810711631,-0.05069698482338261,-0.968921140594248,0.24736981082893145,0.43991314664441444,0.7881154774195238
7.666280575122388,13.74683730256631,6.187248643903803,0.46012706495586386,3.5,27.5,7.5,0.612457489577732,-0.9864966798079768,-0.16378125878084485,-0.9814333027663095,-0.1918037335956044,0.5399743300325566,56.50451993463286
9.23806287513986,14.555137576027764,7.181067578461843,0.26546006413899487,3.5,25.5,3.5,0.5918955621985704,-0.9718421450107239,0.23563286099556502,-0.9431881991924542,0.3322589666270803,0.8732755911009121,54.068076152309686
4.706404203470161,16.53277256336214,8.101055883329735,0.2549168255679674,3.5,27.5,4.5,0.47378405440334065,0.9945975248359608,0.10380637547944886,-0.47857347153967444,0.878047511435722,0.12306745553148737,65.44180944591905
4.022174242744518,15.16375299363101,7.673764217208772,0.32315706233057134,3.5,27.5,5.5,0.37742441782046693,0.17875237348559858,-0.983894094388855,-0.7101647518320038,-0.7040355284042052,0.34183059168938257,34.45547137518382
7.3916540573940095,16.784750917857174,7.651741852668559,0.2673553508837955,3.5,27.5,27.5,0.6276489866833274,-0.9855444145336221,0.1694172570359354,-0.995927560861755,-0.09015704917506523,0.5598672545780453,11.29450144043119
6.888277190248623,16.670315681172635,6.978359251724647,0.36405519926018787,7.5,27.5,7.5,0.7080740286315029,-0.9993276918408587,0.036662846589180495,-0.9999991988492509,-0.001265820230644124,0.5488170179976338,33.25037056068112
8.756037841853868,15.38900251922796,7.617011835730104,0.5071686381728099,5.5,27.5,8.5,0.7012074073558541,-0.9951297883844032,0.09857334462222975,-0.9948391472660472,0.10146462963498241,0.7812285890107823,88.29879870295275
5.880020796033659,15.36274825204165,6.7950091245117505,0.41720949788009853,3.5,27.5,17.5,0.4569076836739934,-0.9966731369931767,0.08150250300561544,-0.9993540873690188,-0.03593616644601338,0.5564596584550335,73.05648541772689
6.841190084953243,16.744027095574317,6.8152264293726486,0.3980382878718271,4.5,27.5,13.5,0.5597406586622041,0.9999811510583233,-0.006139831273798364,-0.912754007507629,0.40850963486650227,0.40548404627244294,41.23352819017359
8.352353147002935,15.273863178541948,7.920157396663853,0.2547585456222603,3.5,27.5,26.5,0.6906071376412866,-0.9998734384607422,-0.015909338788660004,0.18245287404312008,-0.9832145995424424,0.02288100764013864,88.13936939203184
8.096025048370082,17.23641261541333,7.596098881062136,0.46862082202506905,3.5,27.5,24.5,0.5554904275072569,-0.9656724848215167,0.2597626841150162,-0.8589187816438139,0.5121118301108717,0.4388004085830069,41.14630370332899
6.041369979308084,13.835388177434577,6.751143534758523,0.3369636002509075,3.5,24.5,22.5,0.5062821805820762,-0.9199117770079515,0.3921253913253679,-0.9090811606343532,-0.4166190626696014,0.18806226257648462,39.332570233173016
6.919074429015158,13.706750628115007,6.607053653480033,0.5344249514062437,3.5,26.5,7.5,0.6018380631061983,0.9833845490867338,0.18153464853157197,0.5317885606540922,0.8468771615514549,0.15706731451963735,84.10748745038497
6.199111137595306,13.760451571288993,6.350482003237093,0.6011468113501646,3.5,27.5,12.5,0.5687226310899273,0.9393409136333426,0.34298490925181696,0.9943089097324165,-0.10653540269193747,0.7437036628766,17.89774577946484
7.181026459615513,17.791685809754483,7.457466012234865,0.30908439438034063,3.5,27.5,27.5,0.5994098264685467,-0.9142927555879647,-0.4050540174833057,-0.9916530398304483,0.12893505572586272,0.5766281957988826,13.811917756855195
8.215569375740586,14.70143148672527,8.179757718642717,0.35500576343131224,3.5,27.5,4.5,0.7142983953741376,-0.9964489174768294,0.08419949441210965,-0.9968173583925707,0.07971921981089201,0.42842095725290197,2.992295250119767
6.952980683507855,15.319311101649891,6.202878132937349,0.45331695256223636,3.5,22.5,22.5,0.6890869024184885,-0.9989369964761246,-0.0460963889177783,-0.9989630926436749,0.04552734931647704,0.6953474373924197,57.838607210062705
5.69455829517155,13.86387836351721,7.809185015473608,0.5191041599674597,3.5,27.5,7.5,0.6348209550159252,-0.9742179504052709,0.22560892071935676,-0.9870618785448829,0.16033978895909387,0.7156664932436849,20.656758194955586
5.366386876995331,17.267959871679516,6.650016401297658,0.25966280796325075,3.5,27.5,26.5,0.4648590689224942,-0.9208609906080958,0.3898910565482061,-0.9999821377923641,-0.005976963795544008,0.37464047455193594,10.309885244374371
8.374892621590288,16.54068482757395,7.330595043647902,0.44202679786541993,3.5,27.5,23.5,0.6527041652899036,-0.9945720081369336,0.10405056766047595,-0.9924854500418883,0.12236270451060827,0.5811226848283152,1.474911955921641
7.277900565585716,15.584595102195888,7.244982398631953,0.23873207051202477,3.5,26.5,3.5,0.6154334423246143,-0.9870580021930131,-0.16036365020395932,-0.9964815102565029,0.0838128851485208,0.7234596320751859,28.03940990771862
8.503900154142555,16.364943973222854,8.159402077346861,0.2960327396175251,3.5,27.5,27.5,0.6279180081883956,-0.9781543781368829,0.2078798030873801,-0.9883642419357036,0.15210563849792685,0.788731042506274,5.085737947898053
6.827829683494943,15.120973991382222,8.288497078377725,0.4428164197014052,3.5,27.5,7.5,0.6786080249695212,-0.9852865761257861,-0.17091039437765493,-0.9957350790311267,0.09225861687059814,0.6110267926088832,84.76855444276374
6.474539772510582,17.396092593426573,7.452532095500856,0.4202789307564995,3.5,27.5,25.5,0.4441372750945551,-0.97492601997214,0.22252922410614395,-0.999952133840111,0.009784172351750265,0.7324240149475961,87.36508918108973
7.1856573756309805,14.541057971502669,8.470782873258955,0.4849044851148252,3.5,27.5,6.5,0.7968477512595132,-0.9914808139633161,-0.13025281395286664,-0.9842900808397461,0.17655887618719726,0.7788262767513469,4.802451156059362
7.313399495314281,14.820624551237007,7.931205805656648,0.4590375004010173,3.5,27.5,7.5,0.6792036762407273,-0.9721841679877579,0.2342177267286808,-0.998277840264278,0.05866305172157875,0.7354549055835269,3.127468056359362
9.172086922290859,18.877052158254937,7.314249585127903,0.44966341114963576,3.5,27.5,26.5,0.7634652810004261,-0.93216599165507,0.36203116440676775,-0.998290805994676,0.05844199403254527,0.8397436323497731,4.760030159398923
6.56757223740897,17.644452383994448,8.33853286996034,0.4311494691847022,3.5,27.5,26.5,0.6013183207722194,-0.97618468735393,-0.2169411352780054,-0.9836324439224693,0.18018661233041236,0.7094045859142855,6.961512764011559
7.454716795478581,15.48056606709357,8.08996070962433,0.33124768757174805,3.5,27.5,5.5,0.5686824761025674,-0.9999933282258674,-0.0036528760932437393,-0.9905209904041499,0.13736144862654187,0.9523926623761373,5.572287702290453
8.039446837982952,14.989425563535598,7.680342506499608,0.19638346458830297,3.5,27.5,27.5,0.5992931321473051,-0.9621578484740764,0.27249270562665756,-0.9878880726058287,0.15516815395931302,0.7147292200216977,41.328728640061016
6.319681297832614,17.141386407773968,8.037789459018594,0.4237617128566457,3.5,27.5,25.5,0.5974210889185886,0.2819488121698977,0.9594294488475865,-0.9428994712409623,0.33307744915186577,0.20335610151646183,66.69604316774658
5.22306635252731,13.667584701417178,7.228918609600493,0.31404174914553923,3.5,25.5,4.5,0.6543036894277728,-0.7807476425465616,-0.6248464760707116,-0.8546077694169965,-0.5192740706525849,0.5847138320504167,36.457697111813516
6.050798137639691,16.595418120310374,7.612872866497253,0.37555186230411436,3.5,27.5,24.5,0.5248687673553488,-0.9530398622343358,-0.302844879422384,-0.9993973121502484,-0.03471328948485047,0.03568662559183932,45.10171451643198
6.847852714048703,13.472861649441509,7.238796895051679,0.48732982517596385,3.5,27.5,7.5,0.6834747860409841,-0.982244114504325,-0.18760730135475642,-0.9999680028251783,0.007999582853133808,0.825473392878189,1.8045632624553605
7.998529428793371,14.018062701526965,8.551442535431997,0.43734905913229327,3.5,27.5,4.5,0.7210952275344821,-0.9900386251444293,-0.1407960252355448,-0.9995693708829749,0.029344041858846304,0.7282182288854803,9.93825381548568
6.360014567111917,12.31637059367546,7.373145552536118,0.42799983530946345,3.5,24.5,3.5,0.7917556572910267,0.891662634457681,0.45270050398910305,-0.8253978904349488,-0.5645514347387103,0.13396996776724854,80.73941950514146
3.903376564011907,13.507170993875492,6.576438565291218,0.4574354961262939,3.5,21.5,19.5,0.47334175705723136,-0.9970310350230401,-0.07700074805406272,-0.8839612901690409,-0.46756008970258,0.4542849900008864,81.42303867032437
6.17234773184822,14.698352269285978,7.735171994472272,0.39946703579599674,3.5,27.5,19.5,0.5563080593701007,-0.9988159527329248,-0.04864866458824729,-0.6265024831034995,-0.7794194241004962,0.49473237886677845,82.53209693358865
4.754126831187665,17.182874348254607,6.2983807436914905,0.3842583961203032,5.5,27.5,18.5,0.4326290561864233,0.9905622242838281,0.13706378012398085,0.6640121104734149,-0.747721818021008,0.20360040740009885,19.268631019326776
5.895623421251023,13.045944833345793,7.290270163938368,0.45275710142863185,3.5,27.5,5.5,0.6649413962327672,-0.21311625403734333,-0.9770268482826306,-0.6488413784236459,-0.7609236923932012,0.4367010489968124,42.59044871066823
7.70535512950352,15.58028594962809,7.833398270724973,0.38963273297285006,3.5,27.5,22.5,0.5908459354273307,-0.17346339471971814,0.9848403173572411,-0.9538885690436469,0.3001609532365322,0.411504632649067,78.74995674213905
6.260058407137633,12.775102514338114,6.936033590031403,0.31295104563674314,3.5,24.5,3.5,0.7431070342736734,-0.9983538865504652,0.05735431291176657,-0.9918657021096917,0.12728876218444518,0.6542026651480554,23.08533643440336
6.38461321885844,15.869216532662092,7.5857393659171946,0.36338058630986336,3.5,26.5,25.5,0.4937835029338436,-0.9542037391570184,0.2991575240216512,-0.9935932025756523,0.11301569711973107,0.3858392623567211,58.78137300220145
4.687572048784763,13.334652050784346,7.42075512523189,0.3296862545595119,3.5,27.5,3.5,0.5564209284815688,-0.9649801224152208,0.26232301336997776,-0.6362649460015752,0.7714706206263544,0.1398519364690092,3.778992554307024
7.524685988723637,11.850647940706297,7.534691034233704,0.5794230298219015,3.5,27.5,8.5,0.7899322404584839,-0.9978302790761878,0.06583869803343037,-0.9780798221646104,0.20823030873156767,0.6487549029540299,5.65759687104466
8.117332155438003,13.089143933523838,8.16314044423257,0.4865571194937852,3.5,27.5,5.5,0.7686255129593269,-0.9999575898860835,0.009209692134654356,-0.9591571333827308,-0.2828738119392149,0.4232870704299116,42.34230776324422
6.081550328227838,11.897741658489968,6.696140052605281,0.42502274495410747,3.5,21.5,4.5,0.8111098219713425,-0.9999084969992935,-0.013527661609231889,-0.9931274893108254,0.11703755796827141,0.8764362222637588,84.03701995542866
7.231646197852029,12.570510116819635,7.57435521893433,0.3988959807523657,3.5,27.5,3.5,0.716624428449274,-0.9954353863466636,-0.09543789398802,-0.9955540266516402,0.09419225030598562,0.4850985033324437,0.12222127400482918
7.021635662467887,14.141006369108604,7.342676251223589,0.4825430045662814,3.5,27.5,7.5,0.5163950711765775,-0.9735614655758813,0.22842520164321184,-0.9325920294666956,-0.3609322742221731,0.4333626113217616,27.23803452973631
5.8550345747010955,14.088074510014419,7.162196990647191,0.3943353631688408,4.5,27.5,6.5,0.5837657797054241,-0.9714851061992164,0.2371005871631224,-0.42627143351682534,-0.9045953045243551,0.20948873301499285,51.44175988122291
5.568702566171518,14.705988013301917,6.908870188155948,0.28463599260174666,3.5,25.5,24.5,0.5359362218810307,-0.9991731911771843,0.04065629142951882,-0.9703351495988526,0.2417637223674642,0.6636001985699799,68.72119689176347
7.659981726318139,13.280357194904843,7.0348421728539545,0.5126578500593926,3.5,25.5,7.5,0.7144923053110093,-0.9992916947079904,-0.03763122224473345,-0.9982586358564015,-0.05898894759288749,0.8894338059180101,49.53495981852528
6.626949167975478,16.47543561253249,7.724590641238624,0.27867986875445105,4.5,27.5,5.5,0.5230697329400069,-0.9957408274435053,-0.09219655396013107,-0.9995555867688874,0.02980988022627881,0.6822259419941371,15.189445076550967
4.366626239497944,16.975190946723426,7.797259258046615,0.378949582031507,3.5,27.5,26.5,0.43621144748148827,0.9369802702196164,-0.3493822737620996,-0.8083025047443458,0.588767408085754,0.04330889418093608,78.50237661312791
6.920612673055142,13.401164999942774,7.338265115946616,0.4716339050971949,3.5,27.5,6.5,0.6542741167705849,-0.9885929278652965,0.15061216077966805,-0.9769948879506638,0.2132627227582678,0.8579473144721429,7.195237484233147
8.504671004886214,13.416544608654867,7.218725540968029,0.5460649124399843,3.5,25.5,7.5,0.6680211837330675,-0.9936068765922504,0.1128954152682578,-0.9672422027823514,0.2538553153998249,0.765558709714176,61.5037000658065
4.285528856322334,15.299215355535855,5.695283561699625,0.49494779786179555,3.5,21.5,21.5,0.7295149819134344,-0.9759019622918303,-0.21820944066413572,-0.9843170127844117,0.176408668560171,0.658148864994747,75.07015756059272
8.960237337989533,15.194033110709073,7.715266279901021,0.41467636037170424,3.5,27.5,6.5,0.6759841040633119,-0.9999963270290985,0.0027103373059935167,-0.9884044668613295,0.1518440314552102,0.8881345770942458,37.476793736979104
8.13908659061532,13.043140555595215,6.216301576829965,0.4923415858744423,3.5,27.5,8.5,0.5641314958742576,-0.8789284024001672,0.4769537330331839,-0.9697390788792927,0.2441436439769445,0.9673651594571885,3.5352675879163513
6.992933201621508,16.480600990043605,6.844059723287685,0.4349818240519086,3.5,27.5,19.5,0.5296522091851856,-0.9721446786032512,0.23438157748291893,-0.9800576334160621,0.19871344992955986,0.8990484848479071,25.202408041785517
11.217431352820125,13.933551981987094,7.700041408147451,0.38669061059389187,3.5,27.5,4.5,0.7788701666411452,-0.9930726105729027,0.11750229840271148,-0.9967635204622257,0.08038957815382589,0.9384690504010768,36.21699285313462
9.466184085167741,12.525893450379371,7.444410596306416,0.4666313897137835,3.5,26.5,4.5,0.7659282302487502,-0.9944335805678108,0.10536533509216027,-0.9898648677405408,0.1420124769624191,0.8805026203718922,4.3422302910582715
9.758162054353969,13.625586197175608,8.190525436403188,0.34783692458380727,3.5,27.5,3.5,0.7558701309432527,-0.9967027929837209,0.08113903165832131,-0.9896250763576098,0.14367396508830332,0.8154115935262104,4.001981841166483
6.00051142120094,14.342363023686982,7.366986738605478,0.36519207728999625,3.5,27.5,11.5,0.5105789808555367,0.9715227368793452,0.23694634778039222,0.9401247661035083,-0.34083049182669084,0.3527120545407244,75.0319022769515
11.020591612265594,14.152251535429576,8.116591910728571,0.32093345915153665,3.5,27.5,3.5,0.7497624863460927,-0.9999727337097464,0.007384567492857686,-0.9977052033078921,0.06770766051457924,0.8006291525491512,0.4609765304866329
10.693357688350483,13.854395972554281,7.730353167686718,0.3806998235768747,3.5,27.5,4.5,0.7075473882713922,-0.9965297500752018,0.08323735468559637,-0.9901308259471483,0.14014616480381453,0.6569667532259182,6.8408894679913175
11.62850919260631,12.957301527035654,7.799596911695944,0.3748173904605982,3.5,27.5,3.5,0.8813949856168751,-0.9973879537307319,0.07223067044423419,-0.9975683203927997,0.06969538111445066,0.9485029593416076,27.74203698913537
7.7599322833655595,15.611065438586406,7.472956554291535,0.4231785293985451,4.5,27.5,22.5,0.5611039364778349,-0.9840534647750772,-0.1778729278562814,-0.9804353302347281,0.19684146724590265,0.9130851712769275,0.5328090929270388
9.470046700872459,13.796129641788587,7.5166199882545435,0.44510760883726447,3.5,27.5,11.5,0.6612846682267337,-0.9814156494096603,0.1918940413192,-0.962086120355603,0.2727458469328253,0.850207137824823,20.438328195092396
8.091826227065631,14.210494977608699,6.880045578229136,0.4904213063456051,3.5,27.5,12.5,0.5989506837792024,-0.9998922474261299,-0.014679698127790687,-0.9947583275320719,0.10225394762841704,0.8608381829346737,74.14588232921852
8.82285239643155,13.270220079854228,7.541389505727706,0.41464828896408623,3.5,27.5,4.5,0.7473686803606151,-0.9943926165682312,0.10575123694116695,-0.9816478161809313,-0.1907028185088216,0.37374921669767985,1.3451275050611429
7.1952509879703355,11.212141220752548,5.918754873899502,0.4912093392492254,3.5,21.5,5.5,0.7506105608188045,-0.9678651387439613,0.25146982563347925,-0.977333048767027,0.21170760918717113,0.5780261911214005,39.2650546390567
7.5767074110071935,15.686162657555933,8.033666495454254,0.427475473095987,3.5,27.5,8.5,0.6002404950851893,0.9983171770912816,-0.05798977430974076,0.5380385329956534,-0.8429202435651223,0.14760149164694028,10.67854172654036
6.8519993968793536,12.10621892459935,7.035784441654827,0.4500870457488126,3.5,27.5,4.5,0.5737273006086879,-0.997156219693478,0.07536228185645838,-0.9958090252774172,-0.09145701272204433,0.29221470398317406,18.227832910274273
8.724916155246419,14.18306359590655,8.060314365841425,0.3403657325143165,3.5,27.5,3.5,0.8465818743019733,-0.9771368543229574,0.21261130714013182,-0.9995288322012872,0.030693869067471707,0.45433360899933606,4.40700991867908
10.010476007543614,11.714267768970329,6.727898503350545,0.46013376494082636,3.5,25.5,10.5,0.8320074650299834,-0.9974397560765859,0.071511768247478,-0.9989702421266174,0.04537020327800345,0.7554284725745882,9.418411829271449
10.622099917046995,12.048987273950225,7.10057838585727,0.5662719053277626,3.5,25.5,5.5,0.8909400081641996,-0.994577836243151,0.1039948443620732,-0.9993306764716191,0.036581403236838846,0.8395252885770695,51.196428338296734
8.314452921068025,11.644783587622552,6.799025018651979,0.5493512048949262,3.5,23.5,8.5,0.7833535247891739,-0.9784208916549982,0.20662177710260402,-0.9693644399365562,0.24562691747136925,0.7169216124784624,4.415509936199641
6.360467275503881,16.25256858923695,7.774118805478857,0.29072572249025147,3.5,27.5,26.5,0.5759048206357263,-0.9737663015927968,0.22755041173833618,0.5919425854680552,0.8059801334458524,0.2323113855393967,3.834825105584031
9.47828285803989,14.529591878867041,7.684995438281473,0.3837229150821079,3.5,27.5,5.5,0.7133087033195388,-0.9950391791914205,0.09948382719851563,-0.8989740636731768,-0.4380018639719871,0.3362530370778629,4.789327709390506
6.274960034269396,15.111241690036506,6.754669355733267,0.4285874220677064,3.5,26.5,15.5,0.5653337676963012,-0.9937104643294039,0.11197996732559168,-0.9873063539494799,0.15882746441023482,0.8358850693241534,41.43292058185392
6.9264201006303265,10.697137442878777,6.292221828532546,0.5740844170268252,3.5,23.5,5.5,0.8137822036452508,-0.9991247219511346,0.04183049110479176,-0.9904872345013153,0.1376046448705003,0.8321143240487199,36.023796972355875
6.531070483912156,17.324805435459748,7.25815574437181,0.36491979594205404,3.5,27.5,26.5,0.5191900868778238,-0.967833491299035,0.2515915998596154,-0.9913593427739023,0.13117413424489077,0.6061415226579374,16.250485640858614
4.797597031358281,14.553615454857836,7.062277981244728,0.40210679049840453,3.5,27.5,9.5,0.37104380762255745,-0.9911419298864921,-0.13280690803147263,-0.9649163416024589,0.2625575245703824,0.47336009002428947,74.94595634547225
6.486275887532868,16.19372057939657,7.16044091561876,0.4007214603683211,3.5,27.5,16.5,0.5501626974652737,-0.9626770821874455,0.27065261024247717,-0.9451567450816417,0.32661709573547504,0.8343573536069885,63.16943159590738
8.070855462018462,15.688522618107806,7.569595635397723,0.24161096897594683,3.5,27.5,3.5,0.7685326880860166,-0.9987102630750122,0.050772142249858945,-0.9982819956865125,-0.0585922954675257,0.7299917558388337,33.74948316078674
4.5815345078102,15.214159590610468,6.614126379630321,0.3022843525796622,3.5,24.5,24.5,0.461684744171627,-0.9913109011247876,0.13153971761852615,-0.9986287980835781,0.05235001087056461,0.8588834109878184,35.36891619997972
5.658880446256178,15.84799477760643,6.522768082547163,0.44398272097578617,3.5,27.5,20.5,0.4763354957029277,-0.9929628269835233,-0.11842645071473441,-0.9638194784201636,-0.26655583470988553,0.4577774918078541,38.061860946656054
5.091588455759767,16.713762782429313,7.506503889383085,0.25027664708081054,3.5,27.5,27.5,0.40626394213555206,-0.42199645459288826,0.906597480865148,-0.8152398462473605,0.5791234696423381,0.5209711108696004,82.37061862097673
5.100965985987562,15.12874599381013,6.710095562743655,0.3545797861612014,3.5,27.5,11.5,0.48755310189841883,-0.9325772452092275,-0.36097047208597055,-0.9738499474254095,0.22719216513675597,0.6494920793209388,69.20387564587385
5.523361412389769,14.903506255035591,6.072139931520171,0.30227700183085515,3.5,24.5,23.5,0.5314948283329526,-0.8676572258320303,-0.49716288926413765,0.4433731660271203,-0.8963371216495988,0.22262002106312934,53.29161397511635
6.924889579089608,12.898882223723383,8.049501951629619,0.46089623769359817,3.5,27.5,4.5,0.8210137944855369,-0.9979151986663449,-0.06453879663202002,-0.9885683455015909,0.1507734269433683,0.7297968515046911,19.19358361871636
8.082114380894692,14.591525169068156,7.805012955588851,0.312763146616572,3.5,27.5,4.5,0.5926310638171477,-0.9864565204718551,0.16402296552178497,-0.9738522288865552,-0.22718238552468917,0.4782102279772084,9.042493006511279
6.1693431646215755,14.019316825940628,7.952437389311713,0.346503831160049,3.5,27.5,3.5,0.5847446225743691,-0.9567841830865524,0.29079894600118206,-0.9328210041795333,0.3603400812586453,0.4032674032330784,3.1190616600316616
9.43594156537136,12.521292002197344,7.625119698576152,0.45913428428825703,3.5,27.5,4.5,0.8053705570641867,-0.982917864073452,0.18404475674488202,-0.9923842538380396,-0.12318073199294312,0.6335193962892247,2.514696582890167
7.239058422355643,12.61327582926335,7.44716570506576,0.45058985730662404,3.5,24.5,5.5,0.8151855912726951,-0.9999891617844693,0.00465578281220704,-0.9946634448666228,-0.10317282319517473,0.8524114076425782,66.70579338957016
8.867912902956652,12.635981118691241,7.1311416669761165,0.4704150460813574,3.5,23.5,5.5,0.77259831380893,-0.9996983679853916,-0.02455958157918611,-0.9801386289184295,0.19831356005553716,0.6123362870680511,64.54123573516515
7.180833632751588,13.778816155065119,7.836594514517045,0.330142549266136,3.5,27.5,3.5,0.7263763664792767,-0.9996204024729767,0.027550879473513253,-0.9741808114998252,-0.22576923285855885,0.6174412518529353,1.210628337231114
6.613726382536157,14.542012535067837,8.227749021600621,0.30761480794626533,3.5,27.5,3.5,0.6430349356846814,-0.9844896757265179,0.1754425216072082,-0.8254931154426848,-0.5644121865770886,0.3040552111191694,1.2786772047667512
4.911058167014621,16.407520501081326,7.693085457459958,0.2902405776775444,3.5,27.5,27.5,0.5391790972482646,-0.9841263669352637,-0.1774691350708589,-0.9279676085404006,-0.3726608612395588,0.14015016268639802,71.46782952404155
9.369056346985602,12.207394252188902,6.982309218450619,0.44365414021135113,3.5,24.5,4.5,0.7686031348929827,-0.9909429107637632,0.134283832262266,-0.9791127898079658,0.20331784189898866,0.8634279109430298,83.40372357714169
3.7643449464855574,13.112970870067512,5.9213533613426685,0.4439189726685098,3.5,22.5,19.5,0.4910194705583338,-0.9744440303563363,-0.2246304336079588,-0.99019669865633,0.13967998414270116,0.3933133582057878,42.98451609644205
8.545515522981932,16.22494328290869,7.874822623024993,0.3046786847818999,3.5,27.5,27.5,0.6501448291049834,-0.9562834970486471,0.2924412304590618,-0.94253537003662,0.33410638459917485,0.7951956429857476,0.15181254446785886
6.080862661497052,14.642570313632167,8.039061171173655,0.31315387091646685,3.5,27.5,3.5,0.7594767227628355,-0.9752388285629859,0.22115430645387604,-0.9854829880154461,0.16977420396558526,0.7372764239842803,7.39120255341102
10.456852480252241,14.855291655060828,8.456704792374161,0.3937804142504667,3.5,27.5,5.5,0.8300392078985639,-0.9950800869225395,0.09907381394814305,-0.9995708830737635,0.029292485574574145,0.884124650118528,0.5471058461062768
7.979618323852942,11.68640483318091,7.212851084385142,0.5678778370920912,3.5,26.5,6.5,0.8176059165711728,-0.9962608400216425,0.08639640408819842,-0.9981657206380387,0.06054084689814718,0.752321571809283,8.76754976919814
7.814344083836641,12.555429001972664,7.396387124595135,0.41653171225845925,3.5,23.5,3.5,0.8083765095765527,-0.9964991464387402,0.08360293742962842,-0.9997818961439245,0.020884447391751392,0.4841052728217137,84.36454138958212
10.182555424490909,13.656902314840114,7.324247217491086,0.5017814718343918,3.5,27.5,7.5,0.7200643630629973,-0.9982641548545488,0.05889547633336047,-0.9943087832985601,0.10653658270911975,0.8255203950926338,49.06068091093154
6.626073138370073,13.485302316702173,8.547933725311415,0.3753840961319756,3.5,27.5,3.5,0.7578448596199198,-0.9976948354048677,0.06786026382540818,-0.9994224411149909,0.033982115822185736,0.7958486056831484,0.830983812654182
7.17603507932105,15.266113261896225,7.484309412978572,0.4358479994018131,3.5,27.5,11.5,0.48556246689598964,0.9597432447512527,-0.2808788068800084,-0.8454246116569949,-0.5340947724932528,0.1796520984538621,8.743190903463969
13.334460538547631,15.644195384420643,7.399005659178359,0.2217199481628255,3.5,27.5,3.5,0.7348667240021632,-0.8789053371758878,0.4769962350834008,-0.8412729175909204,0.5406106529916521,0.7568932751912752,11.696396918380273
10.906967169955365,15.94799173659013,7.545041156153689,0.3208501814903021,3.5,27.5,14.5,0.6330150078204297,-0.9672360636331777,0.2538787056989921,-0.9640588182807793,0.26568890623258506,0.8255173666960737,10.438786858531529
9.684984527869856,15.156573834326483,8.356668707917358,0.43697015937541406,3.5,27.5,23.5,0.6495830654875481,-0.9983133135800649,0.058056247973762035,-0.9976048584382216,0.06917041578923627,0.8680899586514569,1.048245314858093
11.9590803102928,14.962652044077704,7.884931243948554,0.41797729600255873,3.5,27.5,6.5,0.7037441752254466,-0.9992939351193022,0.03757168127432887,-0.9995374110394072,0.030413219701949816,0.676492111586222,3.776051595574586
12.991617726533132,15.209853906403772,7.841403738551889,0.43431877440512856,3.5,27.5,7.5,0.7389788656137725,-0.9981127025873608,0.06140873662398989,-0.9929216831347631,0.11877091883465828,0.8521411772935402,8.865790706111838
11.425782881633985,15.146889514197984,7.645917905750717,0.2653163861880771,3.5,27.5,3.5,0.6534079069583484,-0.9704711941431255,0.24121704197343924,-0.9963768605372292,0.08504793816416076,0.873824533785218,5.608552887787539
10.592298394986814,16.08414673538223,7.9985945862716,0.2652324626158354,3.5,27.5,27.5,0.7085486527419634,-0.9895639530495842,0.14409435389660608,-0.9554051849609669,0.2952980402063321,0.9137777702221587,21.428392647068435
7.518191440416128,15.370253814034145,8.097433026716892,0.4117980432540552,3.5,27.5,8.5,0.5247381820547874,-0.9963952193075144,0.0848325818369945,-0.9994228364130964,-0.033970488015352074,0.6428055371100239,28.93069173018378
11.448492886955533,15.35604911324667,7.369876070082577,0.3662222708342294,3.5,27.5,15.5,0.6770167258487908,-0.987328784467473,0.15868796854828762,-0.999596319404633,0.02841123426940375,0.8072025012193025,12.67130554243046
6.797595189875187,15.067291420927425,7.9425084677002395,0.26382201456202975,3.5,27.5,3.5,0.47021631957061466,-0.21905546220665664,0.9757124086929653,-0.8447598753692377,0.5351455437225933,0.8164997908582213,31.468267640191392
7.9760749142159915,15.293274211434964,7.03730164656621,0.45153346364950425,3.5,27.5,16.5,0.6663393981744709,-0.9621234674828201,0.27261407395590376,-0.8973180536789244,0.44138453817716244,0.6632205690567641,87.11331867516856
13.6876473393075,16.555838830681793,7.326221741394053,0.19933704965421123,3.5,27.5,3.5,0.7189222497822524,-0.9982142955054252,-0.05973458168102987,-0.9643440121613647,0.26465189628740926,0.8942396903032567,4.294250827015958
8.91083431948285,15.258261145629627,7.721673591333671,0.26341234290813115,3.5,27.5,3.5,0.6246118767846628,-0.94910838365675,0.31494964053396135,-0.9232287001726278,0.3842509169508383,0.8308793372042416,11.189421990479829
11.761859866226292,15.644316335107906,8.026962465547253,0.3184955331945889,3.5,27.5,4.5,0.6852626022632857,-0.963737169568373,0.2668532705295947,-0.943909896646834,0.3302031299248435,0.7878205441811418,2.6535658122763266
11.452452458383847,15.058846573815838,7.865723610403089,0.43130119426267394,3.5,27.5,7.5,0.6866327403402556,-0.9957619296090806,-0.09196836163159747,-0.9895738335271729,0.1440264836699669,0.8304909365095039,8.577927359215167
12.83952462389045,16.50768736887633,7.374282099183826,0.41435982507881675,3.5,27.5,18.5,0.7051507907128527,-0.9134645829534835,0.4069182420211932,-0.9178983181602193,0.39681567196702416,0.7463426462260931,14.450248906155721
13.07828189597395,16.439664107180345,7.6306703058470715,0.23719012789541027,3.5,27.5,3.5,0.7483526828746361,-0.9939062199024711,0.11022897096127136,-0.9303972948517182,0.36655268889015813,0.8430505824635933,3.053762324878079
11.213962869678197,16.803886441390762,7.163653060910741,0.16629479337619585,3.5,27.5,3.5,0.6903342906879943,-0.9899020173967689,-0.14175329256778177,-0.9570176959463103,0.2900295323680257,0.8058550299413284,3.9391939149473956
8.10612053191768,16.084042332759793,7.557663778713937,0.3234515625551062,3.5,27.5,6.5,0.5210477610994046,-0.0526483043155818,0.9986131163031526,-0.827723521893613,0.5611361432879134,0.48483114074509537,85.94174895482749
9.803907040270262,15.243823908672116,7.665574632227633,0.2986614378097471,3.5,27.5,4.5,0.5423480231275394,-0.9727838924753712,0.23171426054618519,-0.9467097144532198,0.322088057151927,0.7085925252323274,4.771506459185986
12.92010770768108,17.46545653544602,6.478810270492536,0.41588644116861684,3.5,27.5,24.5,0.8302745504701937,-0.9947579327616781,0.10225778800518114,-0.9993140369333957,0.03703316875288722,0.9149361193780493,50.56608017888426
11.81806988779387,16.484476545893163,7.002052178511458,0.1473682004435758,3.5,27.5,3.5,0.7453124114726339,-0.9529915168697439,0.30299697816035165,-0.9874760156971372,-0.1577691935166917,0.815871756746399,4.860312305696311
6.3217064106301155,16.88765267782014,6.875588922782561,0.3370251169940509,3.5,27.5,11.5,0.36613066817815276,-0.407459116710554,-0.9132234492222893,-0.9945459519652821,-0.10429932612184405,0.7615130062447566,24.44247841303965
12.158885374787372,15.932938056940154,7.464760901718297,0.45985961368312095,3.5,27.5,21.5,0.7367108649896559,-0.9547752303275924,-0.2973285380734464,-0.9875823897126573,-0.15710195265952945,0.9332410486481822,6.970119357223155
13.522179749707472,15.67083944714232,7.007935056618977,0.4271954155956891,3.5,27.5,20.5,0.7663433621212259,-0.9894206675368157,0.1450749552851973,-0.9996637365153831,-0.02593094475916349,0.8954623189286537,5.121041361126217
13.90110715267342,15.743921210315683,7.4204270261564185,0.39399386549650767,3.5,27.5,19.5,0.7395833339012131,-0.9968199706724437,0.07968654885605524,-0.9346721784752534,-0.3555107857496367,0.6775667804688353,56.27329532833133
11.53017142346176,16.80626551631234,6.804415002699861,0.3660087811941128,3.5,27.5,13.5,0.6616113780374839,-0.9998873892741429,0.015006957404436588,-0.9999039853455324,-0.013857131381399542,0.8607878279208901,62.72416065203055
10.047632354994814,15.461409281966247,7.225044671407973,0.24282093661701704,3.5,27.5,4.5,0.6682220702006104,-0.8919568856821457,-0.45212046412898366,-0.9970664580195597,-0.07654069696788475,0.9112698027469027,24.192373666327086
8.7198909128978,15.281471274781644,7.215391586234393,0.4151452935989541,3.5,27.5,12.5,0.6028012647292317,-0.8952556231771176,-0.44555288032931706,-0.9808136243684651,-0.19494777314243816,0.9352793493665994,22.33872337249342
9.445831672161052,16.786766494942537,8.151869760366324,0.33740194531128764,3.5,27.5,27.5,0.6988285727176233,-0.9924540801989719,0.12261687769802651,-0.9958748420245419,0.0907375281931008,0.9190073724806344,6.593980827245531
12.208655192338451,17.33482059683844,7.219266601270384,0.37188823167234036,3.5,27.5,25.5,0.7287475218560274,-0.975644048315858,0.21935972963569136,-0.9960908572452809,0.08833461446319507,0.8150338121400881,13.040793860155233
6.2265355212689215,16.59238186472348,8.227067186007648,0.3139615118857726,3.5,27.5,5.5,0.4922635892733498,-0.9997540404217499,0.022177886743020136,-0.9904164266169043,0.13811336607078348,0.7884138993750629,20.649826518520996
8.514817219655507,17.38410734052867,7.600791228494648,0.3932681679700281,3.5,27.5,25.5,0.6215612025353179,-0.9858247094070277,0.16777855143774906,-0.9934106649236897,0.11460912187026309,0.8809518550758688,80.93622232716966
10.241591870625232,18.59185936673797,7.033446054392098,0.40323885246001995,3.5,27.5,26.5,0.7529423323579422,-0.9962307161560936,0.08674306996594498,-0.9965791564156868,0.08264372328131171,0.917548001351527,1.9892071644559906
9.21894755593991,18.327492809540118,7.512463463903685,0.551658061929235,3.5,27.5,24.5,0.6877718323330382,-0.9993605148280896,-0.03575697697702837,-0.9966609016490999,0.08165198787539212,0.8642614222332774,2.676274533815601
11.4478698838798,17.959013201464902,6.992054184646583,0.5106156940542461,3.5,27.5,21.5,0.7128927079455853,-0.9985690897312325,0.053476845768405265,-0.9987186383393193,0.05060712828896778,0.9711319622046878,46.914306803570156
10.245858065852875,18.624862946841873,6.605522630670599,0.3725958369375998,3.5,27.5,26.5,0.7188240826864344,-0.9970540226573499,0.07670251562235035,-0.9929123637865804,0.11884880243294535,0.9144936654518391,20.58962975734873
7.57779415589721,17.54936018443611,7.9350571395391345,0.3513852037483567,3.5,27.5,27.5,0.5662535782031212,-0.9940748033336692,0.10869813879329811,-0.9856997068102129,-0.16851138832215576,0.7655965935201763,28.000458682502924
6.861784830149638,17.602820284870216,7.659117655772336,0.34870310592017323,3.5,27.5,27.5,0.5768387560823581,-0.9870533619045833,0.16039220914015656,-0.9999899331736547,0.004487042606169988,0.785857499189594,26.48815939621271
12.14580719381047,15.945638119771779,7.532026260043644,0.19612944285618308,3.5,27.5,3.5,0.8115591837318438,0.6068895662638741,-0.7947861689536669,-0.9851419600314546,-0.17174201170763065,0.6254351761629077,72.86404866752355
14.387195872782867,14.875484907326285,7.766324020863908,0.3825880306577644,3.5,27.5,8.5,0.8431320462476731,-0.9885681791623344,-0.15077451756734836,-0.9953073379768876,0.09676416159592142,0.9426326079544354,26.75313594530273
10.052214033670701,15.507466732016725,7.378085972269003,0.3847131144497268,3.5,27.5,8.5,0.6446636411943152,-0.9529253463425187,-0.3032050202387665,-0.9808036727618641,-0.19499783459525472,0.9211741991899879,21.11860602054277
10.982684499605666,15.177126427421573,7.3137812045943,0.23497238113063207,3.5,27.5,3.5,0.694330361127623,-0.9991110804384081,0.04215505835835962,-0.9999989776925325,-0.001429899957949947,0.9424169604269255,1.5124437594815419
14.64424055324705,15.208762805849444,7.760211720170714,0.3891330754207826,3.5,27.5,6.5,0.8307850180026667,-0.999450339543374,-0.033151452255282106,-0.9999617217164252,0.00874957724250857,0.9855794819762423,14.63990100740692
14.083432634567005,15.020954796396717,7.3533450463309,0.37465810540528527,3.5,27.5,7.5,0.7805512854724073,-0.999170440144291,0.040723844880655946,-0.9981418327665114,0.06093342007067746,0.9416549653228429,1.4703054353607854
14.755380233993321,15.979095548725788,7.352842828360111,0.36885951327800287,3.5,27.5,15.5,0.7229785595711652,-0.9806657857051666,-0.19569010385624558,-0.9999932888060141,0.0036636515843755,0.8676829000776702,1.5211560702355058
13.746204790982848,15.349401878228216,7.243687615576669,0.27691246584654955,3.5,27.5,5.5,0.7240720580068442,-0.960039886574079,-0.2798632097772581,-0.9981838215208343,-0.06024166709233124,0.955264144102272,18.242857800058857
8.29100317398418,16.300238006978546,7.5533845562355175,0.39485866450994495,3.5,27.5,24.5,0.4516726096056181,-0.9966754353936919,0.08147439157670808,-0.9512233932332493,0.3085029273213191,0.8646481396044812,32.296244415898904
12.575657578855893,15.015753048570412,7.11110413917188,0.399852494871708,3.5,27.5,9.5,0.7535611648116025,-0.9905810407896228,0.136927724103439,-0.9967857040454754,0.0801140450268607,0.9901702413184352,4.82422203552477
9.915915397497296,17.59096568206131,7.245934741601366,0.345599478354003,3.5,27.5,26.5,0.6098170092204126,-0.8741225939063983,0.48570535391567365,-0.9410615214766115,0.3382354398878467,0.8209217004619865,1.525177698628184
11.970961437025633,16.720212677011027,7.224381156180815,0.3217745357546645,3.5,27.5,14.5,0.6672356069807851,-0.9921639146328024,0.12494305303022368,-0.969914193972985,0.24344702982319344,0.7642801501865275,24.297616283867782
8.365773438528235,16.76201458100286,7.452912336230179,0.34692138712436144,3.5,27.5,7.5,0.6229767061774515,-0.9678589460202075,0.2514936591818034,-0.9116337476853507,0.4110035402294759,0.8661879210394027,6.453464594508958
12.6851423359638,15.004326680542574,7.785027178470971,0.32333486207101203,3.5,27.5,4.5,0.7176659606149277,-0.9969318323651087,0.07827465501135614,-0.9978305036531115,0.06583529432893642,0.8300056732514012,2.5224538800413967
12.228414715842876,14.83997609870336,7.884701700609301,0.2825537779473578,3.5,27.5,3.5,0.8025103492078662,-0.9669087413877757,-0.2551224918111051,-0.9996456764852142,0.026618066879820133,0.7711111106089678,19.510076375563784
11.685274557858866,16.778480360130402,7.314494983014954,0.19542974088264756,3.5,27.5,3.5,0.7826986523245567,-0.9998737647817125,-0.015888816861067936,-0.999925516309581,-0.012204992135101032,0.9698709565067949,0.9692689760816364
10.127907979875927,19.283821140799,5.526262987275865,0.5811062174725156,8.5,27.5,21.5,0.7618178935560437,-0.9953071464326315,0.09676613178241723,-0.9891076208250589,0.14719413855786373,0.7657350772983413,30.14853509679353
11.324244251888969,17.161041315704807,6.943238141847492,0.2517945039660931,3.5,27.5,27.5,0.6248540365894173,-0.9646607000684216,0.26349522527647967,-0.987603252188047,0.15697074971978978,0.7952116037843339,75.72719358122677
8.150310908666325,15.112672983042684,7.207172455772881,0.4225934891493123,3.5,27.5,7.5,0.7518866257207741,-0.98755481346193,-0.15727520595495276,-0.9988487248595659,0.04797108344012208,0.7582608100533719,89.98363922048208
9.181350707760094,16.358129383525533,6.604979083842492,0.42288429072219547,3.5,27.5,13.5,0.7128457396863591,-0.9805459420285871,0.1962897235498347,-0.9999965111921041,0.002641515402216091,0.8854372038778527,15.614495911273735
8.763830527858063,17.45887082094297,7.267105331583437,0.49051520322243747,3.5,27.5,21.5,0.6257940694198009,-0.9999571759865229,0.009254522843352247,-0.9890157335797023,0.1478102795200775,0.5378586736788242,26.610520428891377
7.793820062572984,19.339925228169566,5.715108343399294,0.5746346663379046,4.5,27.5,20.5,0.69086025613554,-0.9892181083407646,0.1464497665778925,-0.9933741143003211,0.11492549342096697,0.8862336716274619,67.55108395037092
8.808952402372292,17.842674789879855,7.413647206315401,0.14956650634374283,3.5,27.5,3.5,0.6870545248689985,-0.9515322168913756,0.3075490858672551,-0.9966701002727099,-0.08153962976606155,0.6633163127303888,5.000158733817017
8.247079536731402,15.07784763596007,7.627247188869433,0.2796358139471548,3.5,27.5,3.5,0.6521592335677345,-0.7581823740220561,-0.6520425505458053,-0.998644995649639,-0.052040106302085325,0.48407600382668325,27.895913677495358
8.761280024452581,16.294887266865857,8.081193534103301,0.2681475015746266,3.5,27.5,4.5,0.6339944685559429,-0.9504280870451772,0.3109444505947084,-0.9909943506847009,0.13390368520323892,0.7082105118809743,1.2753131821340418
7.123907677874762,18.120158537089278,7.620347320157402,0.3500345228936434,3.5,27.5,27.5,0.5321027583012078,-0.9971601038013111,0.0753108716385515,-0.9645646778679825,-0.2638465125966895,0.8018566383601602,14.42672898934211
8.534126420232628,17.104058484287112,7.962811887021594,0.30276271939466426,3.5,27.5,27.5,0.6512438872971967,-0.9934197099618758,0.11453069396132429,-0.9999862675830103,-0.005240672227879698,0.8314342765425057,1.2546377584720858
10.062078906168438,17.965632807514222,6.805660587150722,0.5074523406176561,3.5,27.5,19.5,0.6761534340179914,-0.9890259701328993,0.1477417693229553,-0.9913874438439253,0.13096158287302365,0.8646692987659516,10.309681286669317
9.6696844557223,18.03928585445046,6.841447013794034,0.47046257673410385,3.5,27.5,19.5,0.6941239893402803,-0.9984962498777086,0.05482006001595228,-0.9988131087124752,-0.04870702068615166,0.7646747247635561,87.99557893566559
8.182778932601465,16.279802859849013,8.019116676860076,0.23265944471857647,3.5,27.5,3.5,0.7162392367171639,-0.9804978752223261,0.19652968397802847,-0.999577179273603,-0.029076840877703392,0.6552871945419511,3.868025692232237
7.663704575473459,15.865609505518806,7.687484990358875,0.2711591785688529,3.5,27.5,4.5,0.539557908773618,0.9583035323813702,-0.2857522350313085,-0.9957007461071645,-0.09262842005365192,0.423439440265605,58.48037669846012
9.7631959234341,18.2939497682842,6.573208401393555,0.46474965879684665,3.5,27.5,24.5,0.5780823265122529,-0.9749445068325947,0.22244821554004116,-0.9616129287572877,0.2744095028362387,0.9457646437082341,54.141990229940376
10.29381384415008,17.976792287948548,6.083139023769681,0.48238928904570677,3.5,27.5,16.5,0.5968540332818199,-0.9961371695081033,0.08781081667075198,-0.9968639911167204,0.07913395740668641,0.9054169723812613,87.39959393185286
6.574066684903921,16.499922438029515,7.530319678440322,0.25494711751967447,3.5,27.5,5.5,0.4708527510891485,0.9992268866319793,0.03931448882742248,-0.9730033026299516,0.23079118932751044,0.5035572593843335,73.89671977172881
7.964462488348418,17.01801723133747,6.5969324249370285,0.46221686171332543,3.5,27.5,17.5,0.4590994035982226,-0.9748220230656334,-0.22298435672985187,-0.9833366755168631,-0.18179379137760304,0.7951074194520624,11.775467510480425
8.809452114409202,18.9892082387166,6.1264403097501985,0.5619460322733807,3.5,27.5,21.5,0.5881372193007028,-0.965451113949653,-0.2605842408384937,-0.9982308686291945,-0.0594569837429034,0.7750061464090512,77.21011205260119
10.239417244146269,16.650666390162232,7.622501045328019,0.4425128308300652,3.5,27.5,19.5,0.6607098074325773,-0.9736450955147641,0.22806847213073073,-0.9969544156856176,-0.07798649270834539,0.8248090509920099,11.407516962394809
10.081428620084985,18.197433731622855,6.722457412433434,0.3475460073039551,3.5,27.5,26.5,0.5918679775613692,-0.998141483121661,0.060939147283918166,-0.9995684437683341,-0.029375605909509682,0.8046673792314226,81.72072738110197
10.003099242641417,17.664853394752257,6.481068928408977,0.2580969637650278,3.5,27.5,27.5,0.5290491963290135,-0.9802662463618338,0.1976817802522038,-0.9968639578125701,0.07913437694364225,0.8615062040809504,56.493986083084934
6.622269720067388,17.25801809552972,6.836423887770193,0.4026158161445616,3.5,27.5,24.5,0.37684500899167644,-0.996104132415541,0.08818479111889052,-0.9567581140451935,0.29088470432232155,0.6481567136166665,10.387708619609171
9.07578665498485,15.807761060740079,7.01667448821087,0.36963036757554263,3.5,27.5,16.5,0.6508436436229915,-0.9828488503277117,0.18441295347533262,-0.9928352542261276,0.11949124639797079,0.839590838422819,83.9529422132702
12.703562620184407,16.731221439513217,7.736748125723253,0.3254765691409303,3.5,27.5,26.5,0.7426170050875467,-0.9842404413255171,0.17683538576696467,-0.9640437861015688,0.26574344484662776,0.6493427726996239,9.17070990231268
5.606570067140881,16.623289868141963,7.682119668162832,0.3018985017352737,3.5,27.5,27.5,0.4157746571233784,-0.9803143719717506,0.19744298444267946,-0.9282906682274914,0.37185539566040643,0.33671077843302183,3.1740507344278086
11.085063166063671,14.67516717539232,8.659005063204098,0.3302444065137173,3.5,27.5,3.5,0.7795378029526594,-0.9926550020599538,0.12097953085275683,-0.9929104734383769,0.11886459412448386,0.7737821436392605,0.947756977704941
11.894721449395055,14.947256466018157,8.06841767630721,0.3013178076813612,3.5,27.5,3.5,0.743866693350936,-0.9486611870209725,0.3162940913769329,-0.9798153474411555,0.19990468958673194,0.7399575874911738,5.5409807325667515
11.695588983041501,18.583319663197713,6.376010088560302,0.43010329057194807,6.5,27.5,25.5,0.7620624384292135,-0.9984238959436819,0.05612240202129518,-0.9979971614304965,0.06325872095349001,0.5073955739814495,38.560072063310834
10.60753543312459,16.411322925904525,8.535957200408873,0.32690406426273555,3.5,27.5,27.5,0.7388211325279205,-0.9794278253931311,0.2017947839902761,-0.9915831496405647,0.12947145379927355,0.6148971442018336,2.646414534180721
6.918637624553799,18.16811835909856,7.810098696368237,0.3893783560597477,3.5,27.5,27.5,0.6011508908097202,-0.9959157341399532,0.09028759877457282,-0.9946278683731343,-0.10351523296363208,0.7282621828746889,15.479112353280101
12.177535712340719,16.4911738344974,7.975938245296353,0.2762857615243815,3.5,27.5,27.5,0.7496723486332058,-0.9883288276178713,0.15233557857402816,-0.9829245708250842,0.18400893475134292,0.6581962657773763,7.402932183201969
6.497973164712554,16.74832532450701,8.560131586581239,0.3746531620346494,3.5,27.5,27.5,0.6456391437246323,-0.9741463846809038,0.2259177310728944,-0.9782809451507414,0.20728336246542337,0.7141941697916725,35.33404681248083
6.030213166892296,17.645321099432003,7.854497128211673,0.3919068476702973,3.5,27.5,27.5,0.6598589393984614,-0.9829485570539629,0.18388076078136137,-0.9022656893195596,0.43118050266297986,0.43887993352984184,85.99190167802563
11.47564655060682,17.74865477458032,6.179027087620417,0.46672128766803866,4.5,27.5,15.5,0.7145854446166005,-0.9995150715121845,0.031138751098791672,-0.9815226787356448,0.19134584167837104,0.900885675523629,5.255311602945099
10.857732319043663,16.46532523064798,7.097232756861703,0.46004082841045746,3.5,27.5,18.5,0.645011176789478,-0.9788303388773348,-0.20467331944658007,-0.9896121936699187,-0.14376267297115558,0.8174066304129081,82.01040840812522
11.214190869313331,17.237224104046273,7.414862385214093,0.44647743342434065,3.5,27.5,24.5,0.6532401457315775,-0.9944613914321366,0.10510252590142025,-0.9943795992855591,0.10587356858390552,0.8957243474237248,3.644135690404994
12.750282122697293,17.236583460223777,7.5434342527887575,0.22018300914502711,3.5,27.5,5.5,0.7697502683571525,-0.9999803764963237,-0.0062647124651301015,-0.9980082428628417,0.06308365222324402,0.8749126550990736,2.254474443586645
12.790450763025586,17.583704770727202,6.575744487769712,0.3019693613447515,3.5,27.5,26.5,0.6893561662223078,-0.999616042745625,0.02770861031478859,-0.9979721536220957,-0.06365202742156947,0.8978640234097157,84.53326098176622
10.438003508572882,16.689494270730084,7.0258171261661,0.15285322545282265,3.5,27.5,3.5,0.622493736956901,0.2979664872086279,-0.9545763314164827,-0.9998152603664361,-0.019220955709734196,0.7268161550498609,59.491019315173105
8.621084640023778,15.907068160790788,6.6024649690132255,0.49242171041512206,3.5,27.5,16.5,0.6299813509354519,-0.9449919172976944,-0.3270936811404764,-0.9978484478388276,-0.06556275730658728,0.8783818096233917,15.801402629556435
12.446782948102484,17.17803569473095,6.478221141576364,0.4512726699645027,3.5,27.5,14.5,0.7134966461239575,-0.9959541131090279,0.08986325489992937,-0.9954911479618558,0.09485449029743673,0.9144781115376405,9.473680363733507
9.578719368803258,16.878806348961646,7.1039382244240965,0.42917687017202055,3.5,27.5,17.5,0.615054291430658,-0.9683953927671788,-0.24942005385955165,-0.9979390814602126,-0.06416844781001986,0.9211041582480016,17.583108990187156
10.586026019931749,16.910265263288082,6.5222150134389025,0.5130743857620188,3.5,27.5,17.5,0.7183540554137635,-0.981287931827564,-0.19254608500196,-0.9981582114805986,-0.06066452714603989,0.8836071484590491,0.6481780571133697
7.995929958174122,17.5820207256527,7.7712026107129955,0.3411167575991568,3.5,27.5,26.5,0.6905068269320314,-0.9945967211018609,-0.10381407598889023,-0.9731585315180115,0.23013576978320313,0.5740267123039469,88.30990106674037
7.136890985700835,18.536699008157722,5.466257806564808,0.675875113990656,6.5,25.5,21.5,0.6807419553957187,-0.9909545631149177,0.13419781608402778,-0.9626062145230441,0.2709045510168024,0.7365938649072793,11.594149848217953
5.206048289631715,15.606483158481732,8.134787042578285,0.31513600299939376,3.5,27.5,26.5,0.6136328320381033,-0.9860829916221081,0.16625382291422183,-0.753259078180486,-0.6577239247120972,0.25209466827731625,62.957416822768366
5.651966300648892,13.754166818649102,6.671378136822413,0.30728822991967814,3.5,27.5,4.5,0.5576516068237684,-0.9738804118479603,0.2270615410386517,-0.800078353611129,-0.5998955143047039,0.5608458473589706,41.31343436615163
9.974649040658903,15.238030927762406,7.695926587728042,0.4458369568154513,3.5,27.5,11.5,0.7917642870546794,0.9927493264699682,-0.12020305650616603,-0.1455213220457791,-0.9893551156334356,0.1848044162533721,1.8545567323095185
8.127453737205592,14.673063345468883,7.957877639376561,0.24156285782957282,3.5,27.5,3.5,0.7494252527670312,-0.998877422423659,0.0473697685477475,-0.7543070168295423,0.6565218384499609,0.04411309409287181,3.1798061917479146
6.776236723214357,18.71941253282612,6.576943266312174,0.28733151929638634,8.5,27.5,8.5,0.7327294393933175,0.7854029801177307,0.6189847807678212,-0.989879436907922,0.14191088889459874,0.5450583803460044,34.59007904280575
7.697457682403336,17.88850327496035,7.204936212247749,0.48345426962244337,5.5,27.5,25.5,0.6839213152535055,-0.9889874097086253,0.14799967377607204,-0.9914757815672098,0.13029111468435003,0.4432827403822986,4.723136806534953
6.283465096709331,17.326764205196014,7.048527250909342,0.4393170289955472,6.5,27.5,10.5,0.6184906267356532,0.9712146980358616,-0.2382058150405028,-0.9958275781238902,-0.09125477876751058,0.38236087253185563,9.784470829516408
5.633727160371153,15.296239814380385,5.863891089267061,0.4258844274277636,8.5,27.5,8.5,0.7810691845461812,0.9540062015101671,0.2997868700929751,0.3023193028490194,-0.9532067137430804,0.10424963121589088,83.46481683741409
10.019962637131007,18.369508228922175,6.761448446304276,0.3640497919615723,3.5,27.5,26.5,0.6576282006509128,-0.9967697327328802,-0.08031251401632714,-0.9961751969581054,0.08737835524590622,0.7204271977342687,76.36611461663358
7.421501847735263,15.865682733328239,7.91720707483421,0.4248769476718299,3.5,27.5,8.5,0.5597672680100446,0.9994552930632584,-0.03300177522249687,-0.7861402193304584,0.6180481822245405,0.3186736611198392,20.80706872534141
6.3946041880478885,14.069598424068792,7.85092029217794,0.3637752330775904,3.5,27.5,4.5,0.5259705668690098,0.8215965890147506,0.5700693334317563,-0.6659776336751981,0.7459717095469396,0.1742353758885253,19.028987229252373
6.198846807323142,17.408707104880946,7.4975294067636495,0.3313244284219815,3.5,27.5,17.5,0.5742662680238662,-0.9743059393397786,0.22522863176610491,-0.9950704800900975,0.09917025588987295,0.45115239079677594,77.581379256525
8.173860247243248,12.571564901941269,7.367233784719302,0.4280678350675562,3.5,27.5,4.5,0.6601578061724995,-0.998726268773066,-0.050456318361820865,-0.9275154887033984,0.37378472175210176,0.8058520008102371,20.243267322488705
7.856823106390662,15.995658648732684,7.740558304980192,0.3181000596678964,3.5,27.5,6.5,0.4923624888329636,0.9930310420609479,-0.11785308440320043,-0.816420674144331,0.577457602625263,0.27736089150186016,6.709907099504235
8.291310374618035,18.01067789293881,6.779895823325456,0.29377438032656567,4.5,27.5,27.5,0.4985937227044913,-0.9917314988662203,0.12833017632871954,-0.9945138845044709,0.10460465347119072,0.8092385641927309,76.9817672552434
8.103892347680715,18.14568722695372,7.2535149662822445,0.38583912752897886,3.5,27.5,26.5,0.5873376776705682,-0.9999637570208127,0.00851379144805305,-0.9840637948932183,-0.17781576864934703,0.6115990072847154,18.642559453116448
5.60445431373541,14.462240513857681,7.741970627578648,0.29826619971034923,3.5,27.5,3.5,0.4620530894935352,0.45143100402931535,0.8923060285580751,-0.997837475537415,-0.0657295398821469,0.45985521507883287,64.39734878164907
7.673247526046216,16.811117566590724,7.58674905428654,0.43349133866534634,3.5,27.5,21.5,0.46820014997019427,-0.9449470085458282,0.32722339622999197,-0.9949904721668631,-0.09996979692468494,0.8422733250894031,73.59392569823297
9.707820507904207,19.530677569571512,6.39350338529318,0.4373504801385949,3.5,27.5,26.5,0.7904383092032355,-0.9999904651971943,0.004366865546250741,-0.9948288538287215,-0.10156550393628862,0.8601097271765213,83.90202212099979
10.321307715796666,18.511208083903757,6.5342423095718045,0.4278516142976678,3.5,27.5,25.5,0.7340193714395163,-0.9876204972156288,0.1568622117641917,-0.999833297853159,-0.018258600824716396,0.8709433917604106,28.159072424188736
8.549295050678152,17.07617944178924,7.531654435105417,0.29298693840248924,3.5,27.5,27.5,0.6468197252317437,-0.9839467136102464,0.17846250243565376,-0.9995996879091391,-0.02829247129452928,0.8885856026621913,27.464632832823156
6.341713492677105,18.405313807569925,7.054301872792322,0.5843488726523989,3.5,27.5,23.5,0.5096552920378141,-0.9999613104440446,0.008796454685220452,-0.9284674448602499,-0.37141379058225443,0.6895474355621345,21.110623803439807
8.291462383412659,17.687502593767714,7.006427486328247,0.49602430922043433,3.5,27.5,23.5,0.5210833307566773,-0.9988140746686135,0.048687208216136445,-0.9988325956686053,-0.04830575359019338,0.8301124369775839,25.06770867720367
6.312679116457311,19.031410190197317,7.056928702589427,0.4929580853212498,3.5,27.5,25.5,0.5209307023481868,-0.9691323593292259,-0.24654101099202155,-0.9998326548227288,-0.018293779000909505,0.68758712456882,61.24830695742628
8.972857891773709,18.487933828105426,6.875802827086329,0.48731087212924323,3.5,27.5,24.5,0.5979032853009169,-0.9977716453557017,-0.0667213888058071,-0.9997856029255422,0.02070623536063633,0.8556079733762849,40.84297713498934
6.965979527904218,18.289558873377082,7.059959392148489,0.5367589153123594,3.5,27.5,23.5,0.5220643614532232,-0.9489358932600693,-0.31546896912804945,-0.9847723635116631,-0.17384876204233654,0.8371844028430717,46.81016248483667
5.624165484798143,16.109055537082394,7.586417538681094,0.23974894518225004,3.5,27.5,4.5,0.34707656267199105,-0.36095777244611715,-0.9325821607294111,-0.9848103488386063,-0.17363345536037297,0.7424214266340312,11.383618167441398
7.0504720305717585,16.094389641466744,7.554260760026335,0.35516878032483296,3.5,27.5,25.5,0.48112507677274297,-0.9814591393590035,-0.19167148397371,-0.9999120367376266,-0.013263437986100822,0.7890449768381974,38.398431662729735
11.670976600330762,16.886870285601262,6.954769827445069,0.2799178897158333,3.5,27.5,26.5,0.6528746297569219,-0.9300373287625662,0.36746505562868204,-0.9994692506931273,-0.032576324515186536,0.9815242086254317,23.9717053628801
10.142271273908374,15.637435304555389,6.8359591525462085,0.3290153581058362,3.5,26.5,24.5,0.6598346786480046,-0.939224929979601,0.3433023898909147,-0.884770164115888,0.466027635114426,0.5031199464366984,85.20962818854947
9.365620445748988,15.612693343047377,7.816217383353565,0.26959195516801343,3.5,27.5,3.5,0.7251585147131917,0.7612874929413429,-0.6484144917343263,-0.9706016307104032,-0.24069165848094162,0.4869320275800367,79.99009074043566
6.929711287105363,18.021643299767664,6.5480106110220815,0.392891503629376,3.5,27.5,25.5,0.5018212303766828,-0.9956883135598628,0.09276196548325426,-0.9885838829779211,-0.15067151793320493,0.7939280349054672,2.881381378587591
10.789403310242648,17.468029051135712,7.046898131807301,0.3662186534693155,3.5,27.5,25.5,0.6819214723440681,-0.9878524840162847,0.15539456175444494,-0.9823294991386258,-0.1871597048567253,0.7260876596375592,76.78391253189713
10.48633385032344,16.61107307945623,7.184186585769117,0.33966054876272045,3.5,27.5,10.5,0.5990895027472183,-0.9933397662748465,-0.11522199762646555,-0.9798039734695493,-0.19996043001874847,0.9204112296545872,16.65101489014259
10.440214288688345,17.214264559234795,7.158801977305126,0.48394984022080406,3.5,27.5,23.5,0.7217035267715661,-0.999821126531695,0.01891335350730592,-0.9736561142334742,-0.2280214270979195,0.814642646994999,29.33839374903583
8.785276044306462,17.174090777690164,7.431976519957841,0.4481325564016358,3.5,27.5,24.5,0.6084790749187655,-0.9996788897516933,-0.025340035217457115,-0.9807322634556705,-0.195356667193923,0.32274154512918773,58.545350103895046
8.6949814261067,16.868599161108335,7.340083683643701,0.4637336980943216,3.5,27.5,23.5,0.5722174166504345,-0.9999871169165456,0.0050760221566673374,-0.9832092485796382,-0.18248170732285246,0.8102740892717186,32.98144996289331
10.064236617058844,16.111457937209124,8.160446880375764,0.2792950338843718,3.5,27.5,4.5,0.7377862888881304,-0.9169617459152944,-0.3989751327187886,-0.9951585923519334,-0.0982821248657068,0.9062669003090142,7.615112035538203
10.585133577162,17.641679271631872,6.7195564216044925,0.4736411842216513,3.5,27.5,23.5,0.710906016395357,-0.9639357467397807,0.26613507126499025,-0.9545965420696456,0.29790173189942226,0.9162167968660604,11.685132876029016
8.686471500804446,18.566596552065253,6.3512826315084405,0.45974060794900906,3.5,27.5,19.5,0.6345131426886749,-0.9732996096855755,0.22953838412323635,-0.9939968985204842,0.10940825257565392,0.8260233438499042,2.6890775779923928
6.324284654813876,18.640314135407195,6.810449116011093,0.5374286808710269,3.5,27.5,22.5,0.553968011763014,-0.9773675617401415,0.21154821969974272,-0.9988987939619314,0.04691694173109458,0.6843775790292569,88.75574504388754
6.349185727890868,14.509506873904755,7.060532823970778,0.45900033083315167,3.5,27.5,9.5,0.5505643739432581,0.8969506066215769,0.44213076038790294,0.832961924241762,0.5533303107217796,0.1552008158313352,64.58244210464701
7.259185484600725,17.48434961336203,7.741564697419348,0.4628947346011694,3.5,27.5,24.5,0.6468012000880268,-0.9918343791183049,0.12753260131827754,-0.9885306625265721,-0.1510202941487549,0.6053289123958443,84.3677245826482
10.440662532129856,16.79846682754636,7.954336501738687,0.20851977223084306,3.5,27.5,3.5,0.7936783875143117,0.9779181271633788,-0.20898836466480533,-0.9819378258462076,-0.18920387462317687,0.427249609991902,77.92468923632069
10.598164212772213,17.034025005043745,7.461368912440849,0.45168673353614064,3.5,27.5,21.5,0.6457634193719344,-0.9967934613412991,-0.08001746951280062,-0.9998364634127755,-0.018084425073347676,0.6553606544556919,89.65486675168368
8.862973500944634,16.920741772987746,7.274828696613265,0.3992182683880526,3.5,27.5,24.5,0.6197582466346776,-0.9975832766798787,0.06948097645137577,-0.9985049711836809,-0.05466097805086104,0.5914264109757947,7.303562181046232
7.7209348761135415,17.136848416828553,7.4636501246368985,0.3663052088888546,3.5,27.5,25.5,0.5870087758882614,-0.9988723338135709,-0.047476949584299794,-0.9990842325486472,-0.042786636613324255,0.5752597826233588,76.44193647982185
7.258185583821144,17.31645056970364,7.189389849025378,0.43024900908779046,3.5,27.5,18.5,0.5138037625222545,-0.9972254703861981,0.07444031980738566,-0.9888093394820965,0.1491847517442052,0.4888558506774431,77.58768448651162
8.69606170291199,17.592345528258793,6.705640759183759,0.4850443425959946,3.5,27.5,22.5,0.6235254546835951,-0.9673501131147673,-0.2534437978267507,-0.9996070129637539,0.028032474626434618,0.9044261711022995,20.413742396587764
6.670462827642912,15.470226627033336,7.472216478368389,0.4002343764011143,3.5,27.5,20.5,0.6762714281128486,-0.7455937995556653,0.666400694825678,-0.9091217996357399,0.4165303751553704,0.722735800858966,48.23509371804063
6.353957599906854,12.579200782493226,6.657056293875932,0.4582867469958692,3.5,27.5,5.5,0.709341984215767,-0.9421303475193333,0.33524678713315087,-0.7850907185442787,0.6193807905122891,0.5428996713141119,9.089991902774003
5.823121480853606,15.337644792271437,7.403585472810214,0.21126270911720935,3.5,27.5,3.5,0.6068891754494067,-0.976363780954631,-0.21613367909693557,-0.8309047255503729,0.5564147167878106,0.3201137982937437,3.219823958266417
8.916117034864763,16.314847562650478,8.323209844911982,0.3144135297137921,3.5,27.5,5.5,0.6996136871968436,-0.9701992030801555,-0.2423087005095592,-0.9917990689174,-0.12780691254614712,0.8350526553192447,81.64874279064868
5.595959898828737,16.82684335764645,8.172217504161761,0.5434145842767586,3.5,27.5,23.5,0.5255929300370515,-0.8758599731544092,-0.48256534005868845,-0.9924750637884773,0.12244691812396881,0.8417850603218259,35.19681998830001
8.18948391993964,15.67924876022269,7.529894246207917,0.22584425806423497,3.5,27.5,3.5,0.7003436316968071,0.9999967978134358,0.002530684270009681,-0.9701347610685481,0.2425665792446912,0.5492803368900067,87.72812518884447
7.00075516890249,14.81829314281481,6.399545672762765,0.5446516800953283,3.5,23.5,19.5,0.5949767633879317,-0.9296128390059278,-0.3685376094177348,-0.9398385938784134,-0.34161881894393153,0.7229384935653173,54.8363519880652
7.563977338521135,16.87441060394566,7.988457722243586,0.32525654189171793,3.5,27.5,27.5,0.7112371075923842,-0.9884613270306177,0.15147344640190283,-0.9998310968740673,-0.018378730195511745,0.4782961553996852,89.90072680314479
5.283590293905158,15.82034396784641,8.063588324246108,0.2884631507403318,3.5,27.5,27.5,0.4406846324409592,-0.9140977886942572,0.4054938133982677,-0.9921926133769146,0.12471494681989236,0.7398441357811976,29.138564429720006
12.118298599450764,18.209242090127077,6.692850241202569,0.5073441431040915,3.5,27.5,22.5,0.7558663957500009,-0.9927676171366687,0.1200518986304702,-0.8805507250973357,0.47395191795218683,0.8389785352256378,26.708873847006863
11.58901898965177,16.16460966302049,7.128759075559963,0.41867622858802006,4.5,27.5,20.5,0.6689186323896023,-0.9924649767313322,-0.1225286495546094,-0.8418317584787564,0.5397400211366253,0.5845265319274794,15.266852770171937
9.6542360478118,16.53064752308565,7.918150749235064,0.2799771749252662,4.5,27.5,4.5,0.6821403819671372,-0.6315573507010036,0.7753291641461255,-0.7664309220323947,0.6423267406488488,0.5235545072566312,38.57200678590187
9.277252059188811,12.81437313969355,7.944090649823123,0.3776134667811534,3.5,27.5,3.5,0.7614148032002709,0.8858911137439449,-0.4638932361972018,0.9838641529804001,0.17891709946273956,0.30537401596289704,66.94830729106623
8.52021166807024,19.050124056188885,6.453848085721581,0.4389775431634971,7.5,27.5,26.5,0.6961142985346931,-0.9881679369344946,0.1533757751883417,-0.992997607080127,-0.11813446716831584,0.5128982224411174,89.45137570312176
11.443136569473557,17.496820643276575,7.060834403894172,0.24969646950007987,5.5,27.5,5.5,0.772030469146286,-0.8060452985823049,0.5918538473587571,-0.9837381326645687,-0.17960870341280116,0.5984159913518932,74.27311258311893
11.05094324519695,15.770142202814425,8.134557162082563,0.31824631142467097,3.5,27.5,26.5,0.6741545953175823,-0.977734068563576,0.20984778095113726,-0.9356171258340763,-0.35301642149619944,0.14827876158830045,79.98391310544626
8.785520650715599,18.216335810701537,6.619983067012843,0.4849787063499412,5.5,27.5,24.5,0.6119906759996445,-0.9546200786957904,0.2978263006365337,-0.8635023312362372,0.5043448462605559,0.7232204665699616,79.69245384838904
9.17188082154461,16.74359952269658,7.19019260147756,0.3488341854108438,5.5,27.5,7.5,0.5987807537747256,-0.9064315390321493,0.4223527732214021,-0.9769736716380254,0.2133598953086445,0.9019654496853138,85.35867289497429
7.8305547418352575,15.661149030601313,8.651784450322697,0.42311862712585485,3.5,27.5,25.5,0.6394545323173342,-0.9896534796235188,0.14347818743300797,-0.20173834405912452,0.9794394522053328,0.13577049024733062,87.23646566961776
11.10667868210592,18.361939686386165,6.457002706444765,0.5036225533913359,3.5,27.5,23.5,0.6932866234460608,-0.985713182435374,0.1684325442814634,-0.9822598984420899,0.18752464348062428,0.9527942075900468,53.82683017714086
12.582636492184426,17.635549873032367,6.624771111089065,0.36930213605865847,3.5,27.5,25.5,0.7313830234185925,-0.9832966220839319,0.18201031014294028,-0.9526697257407797,0.30400722632363153,0.9369114011280862,86.01991456220344
10.87775582884756,16.576115092653914,6.8908075785711915,0.2273413367864172,3.5,27.5,5.5,0.6102175902399607,-0.9645788752069452,-0.2637946047676193,-0.9930182190462927,0.11796108104849198,0.9615991845523718,37.915627926146115
8.78737327242254,16.859141553614844,7.045395393826253,0.28953961605015954,3.5,27.5,26.5,0.5475528068705585,-0.9575702354538567,0.2882000072394958,-0.9884160286379944,0.1517687528165642,0.857037059154834,6.299541352413399
10.93143930426247,17.284326729572985,7.067650929737224,0.2844867748119448,3.5,27.5,27.5,0.6869930062856736,-0.9998096477415529,0.019510722255005365,-0.9999115377619883,0.013301001859102787,0.8479212430298089,20.08672707818593
12.673146920740095,17.350849299927347,6.959866256709936,0.4621360435356203,3.5,27.5,22.5,0.7415882705098716,-0.974138642406643,0.2259511127880153,-0.9809742276278903,0.19413800434192155,0.9697876070740391,1.717448449753121
12.299883451861715,16.972790473163016,7.029825308196892,0.29648023265005696,3.5,27.5,26.5,0.6615429665925665,-0.9888894212485683,0.14865299372253393,-0.9963377067666379,0.08550540377658641,0.9539747159913079,4.224002834193669
10.813179854827162,17.971947179290932,6.556972641549906,0.4385789742073436,3.5,27.5,24.5,0.7410980299858902,-0.9997514895602121,-0.022292579979382166,-0.9972157426680446,0.07457052081768165,0.8523208997776652,83.41234959246405
8.769021295507907,16.143791454296505,7.309315956774331,0.32350063340093227,3.5,27.5,25.5,0.5227068405197437,-0.9916898925636928,0.12865129998181682,-0.9993668867037521,0.03557844516065998,0.7324020665193436,42.70064640615294
11.379451436566358,15.393036855644125,7.3803624468543,0.3374482957766066,3.5,27.5,5.5,0.728042534307645,-0.9819569852796413,0.18910441311751153,-0.9632765882096459,0.2685111070462158,0.9440697679941047,80.22262880569632
11.784086319849461,17.967256110868288,6.80518363484546,0.3988066123412377,3.5,27.5,25.5,0.7680003410473194,-0.9922036778479677,0.1246268898150248,-0.9939783166807182,0.10957694086150524,0.8516471462503208,7.668114335183404
8.683918958559763,17.05592590587744,5.391084245475032,0.5862135514755923,3.5,24.5,21.5,0.7845270579201679,-0.9953587871590501,0.0962334911829804,-0.971561366966475,0.23678790133415725,0.7665471247704102,45.016899012609116
8.890295952395551,18.73980960503459,6.486512654929008,0.600119846949586,3.5,27.5,22.5,0.7044488194722537,-0.9958035495138847,0.09151661475135613,-0.9825737169249817,0.1858733192478842,0.7650295673119932,88.4079754926517
5.449297612772611,17.52967961378303,7.347025683988818,0.30744577160167114,6.5,27.5,7.5,0.6331451797580735,0.9962581410124566,0.08642752146396471,-0.7942740929122396,0.6075595981699564,0.2677284330873769,88.16017194498353
9.58202766562112,17.469485087333076,7.383741800106082,0.4690177352686288,5.5,27.5,24.5,0.6849817807298879,-0.9837219482663979,0.17969732468504437,-0.9885902256361483,0.15062989668943386,0.31984803205395285,23.192974833976372
11.321665841456328,17.395966702176867,7.694801184006012,0.370700857226762,4.5,27.5,26.5,0.8013745545539326,-0.999795784420005,0.020208648049455883,-0.9722572881047516,0.23391401353316568,0.38434589525457324,46.787389307227414
9.80544048553984,17.336677173182313,7.6932582193151315,0.47809368758884174,4.5,27.5,24.5,0.7118195469267272,-0.9936970543371453,0.11209890365958353,-0.9735706949191826,0.2283858620724581,0.48530174642439056,88.55590391667596
8.829173699813271,19.22757392769032,6.579962028538265,0.5011742970109865,3.5,27.5,25.5,0.7107694454454045,-0.9982056203159055,0.05987937516155473,-0.9996225899563767,0.027471396923084878,0.5346133832274712,16.05451752993092
9.082334053541807,17.532225031477218,7.634214946679937,0.5189093081602872,4.5,27.5,22.5,0.6959543156927742,-0.9912001864509682,0.1323714107334585,-0.9769126009288279,0.213639345969961,0.3043721040328247,87.36806341829549
8.102847391722921,18.26609985057742,7.546308621148826,0.41435180628306784,4.5,27.5,26.5,0.7359602087046235,-0.9743600554191846,0.2249944052716055,-0.9067124298095257,0.42174941568294555,0.44386011944123094,79.72726162541771
7.351912165564511,17.426195194654955,7.0330505124666445,0.2412967779898171,3.5,27.5,27.5,0.6493637094622161,-0.9825112788839665,0.18620307963562935,-0.9896685502734484,0.14337419781693994,0.6768516534483114,72.88849709353136
8.295789112163568,16.291451843606968,7.5189691127491045,0.2643808391753737,3.5,27.5,26.5,0.7235713142517894,-0.9935130373330832,0.11371826875745016,-0.997434843388983,0.07158025700984093,0.7241718587265944,45.13396346346697
7.422089661807687,14.647623540318857,7.002589364968224,0.23157263958497493,3.5,27.5,3.5,0.6145745710667373,0.9466839082888018,0.32216389895058006,-0.6396053545263718,0.768703447670943,0.2771465433035531,83.99488948408151
5.470760166550347,17.598931862327863,7.57178908505791,0.3320383587805371,3.5,27.5,27.5,0.4586235072791065,-0.9985231716868583,0.054327484797447735,-0.9887818945718511,-0.14936654567506355,0.3490728574566576,71.08428633626473
9.11133981302737,16.559611047347335,8.012132624356052,0.2986194167005769,3.5,27.5,27.5,0.5894784343915616,-0.9954548654413227,-0.09523450461465162,-0.9987201678132355,-0.05057693548548317,0.6563811563445754,51.78564932124733
7.922793144981318,15.066709673666322,8.886052604996532,0.35057441188845606,3.5,27.5,3.5,0.8129470387749201,-0.12953623302139958,0.9915746892365828,-0.9597570718673635,0.28083155627632833,0.28737967738059755,72.09498431007492
8.21350901321798,15.237143543172154,8.017886399821235,0.2564737106910482,3.5,27.5,3.5,0.7146367251022067,-0.9757291517317567,0.21898087236292266,-0.9999573492233783,0.00923578551909122,0.4951224898015894,6.466578563940814
8.112292589376073,16.32564467316834,7.368860730179899,0.5132425716470613,3.5,26.5,22.5,0.6183296067416532,-0.9982167468912239,0.059693602889273924,-0.9793426673899419,0.20220766511078062,0.6710263602872469,57.873103053943744
6.46474109573269,12.939656568402215,6.915267338763567,0.35562379409833283,3.5,27.5,4.5,0.6041740364485855,-0.4013635841987168,0.9159188136942922,-0.5077353530211842,0.8615130940922798,0.20722950171771026,28.28498048184135
8.171575407748602,16.035331356529642,7.753132261229024,0.1885402538253051,3.5,27.5,3.5,0.51685934180792,0.9977740174075024,-0.06668590695561602,-0.898344206671859,-0.4392922561793098,0.24008597184369268,82.11610886411503
6.634182320045162,15.916946792985062,6.52216258945695,0.4759720758999733,3.5,25.5,21.5,0.5892277902876291,-0.9892988721693134,0.14590319230409016,-0.9991921130198658,-0.040188571496084596,0.6646879708144696,78.66145095840277
5.064829746363481,13.496512967018376,5.5093073620073865,0.29947207331405135,3.5,21.5,21.5,0.6771031818039399,0.3492978703423824,0.9370117383332378,-0.7998657358401668,0.6001789771633694,0.7593201355416275,59.240661516497056
6.5224556055289025,11.940158009246588,6.336410356366244,0.4547944013854005,3.5,24.5,5.5,0.6658201766062584,-0.9759874524916546,0.21782674899756962,-0.9863881640756189,-0.16443354211209457,0.8175389947954504,0.45362115759560595
7.873803243443223,16.767689566036577,7.611129131270524,0.37693155806735995,3.5,27.5,25.5,0.6201545908173316,-0.9971324074507145,0.07567669397867618,-0.9843195884195216,0.17639429654505176,0.7770134204433653,12.692178142823138
7.869404089422103,13.06158535711262,6.863040858832295,0.34000826274048407,3.5,25.5,4.5,0.7762023724888278,-0.9988547153652942,0.04784618681271237,-0.9875837570336263,0.15709335709490516,0.7393284770855213,4.83120410100112
6.74191229192348,13.960715583923008,6.97456583302347,0.3581975704674209,3.5,25.5,5.5,0.6030714468496011,-0.9448703947957212,-0.32744455567099906,-0.9744016574907215,-0.22481416743464955,0.7692990180253032,49.838045896308586
5.714107898882307,11.730902838772082,5.382673067587133,0.3885039940399546,3.5,20.5,18.5,0.4721601318427149,-0.9513350322643543,0.30815849231617787,-0.9853920284936492,0.17030135108439803,0.8019741692456164,61.586780057687704
5.617096078524013,15.678163156632642,7.112506075292678,0.22774532486137564,3.5,26.5,26.5,0.4500940268695475,0.04055708946794408,-0.999177222765756,-0.9604306652459813,-0.27851918651174057,0.5521475537384054,81.53978165986588
5.290416019083178,12.984978344107951,5.670013749067115,0.5608154253208927,3.5,22.5,15.5,0.49866149247138414,-0.9284810125709718,0.3713798719575184,-0.9806892416920061,0.1955725216628299,0.7595627939430364,3.3756291952856827
6.133328109215643,14.724719355310382,7.197429832986706,0.23230265575190884,3.5,27.5,3.5,0.4346539978672995,0.13748292607078172,-0.9905041368106526,-0.8182184694550396,0.5749074153658591,0.5867795130171901,86.33696469424147
9.288507068938108,13.813569180617403,7.817323606514519,0.458227552579525,3.5,27.5,6.5,0.7826518445075793,-0.9998202561972448,-0.018959306360621098,-0.9927986537135484,0.11979496310181774,0.9652384154669196,17.41965680379576
4.957542242016069,9.458460160648423,3.737709227676925,0.6263588445948844,3.5,17.5,11.5,0.5898156610868173,-0.9981751107771816,-0.06038582801420623,-0.9003471611127697,0.4351723675466727,0.6069841981792836,5.82573148417697
8.665265123750032,14.412637340471262,6.891132594797247,0.2606343226923692,3.5,24.5,3.5,0.6927003717066688,-0.9912030562572678,-0.1323499197818104,-0.9750850694823752,0.22183125855602878,0.5303444570049548,3.969659697686012
8.693502362780917,17.173840552119906,7.270288727413972,0.39493338923111526,3.5,27.5,25.5,0.6456590131440559,-0.9958806342993036,0.09067393356205843,-0.9803864832470492,0.1970846099178806,0.7471903163654641,47.43092705101387
10.532398305394478,13.24179242867267,6.989955266799856,0.4958635976131816,3.5,27.5,6.5,0.7540624590152374,-0.9847128224406078,0.17418569780855156,-0.9934672061652942,0.11411796648260451,0.9631326789754363,46.188448197203066
8.185011999100217,13.471878988513916,6.936379328457212,0.38171858712007134,3.5,23.5,5.5,0.7435975477662727,-0.9986326197163267,-0.052277058433949385,-0.9993359910720184,-0.03643592935697766,0.9705469620674825,75.56638714301273
6.398427726675326,10.570747158024254,4.985585785653327,0.4431895914966177,3.5,19.5,4.5,0.7156905081559448,-0.9987273113592438,0.05043567730422754,-0.9932335500511772,0.11613403916481876,0.8383645379592505,22.62953463597944
10.047961750518981,14.84860511017095,7.651477428968888,0.3629497598306574,3.5,27.5,23.5,0.6926916398944055,-0.9932521914658838,0.1159744978355982,-0.9993524577004455,-0.03598145755912961,0.8784893035704624,6.238538409089557
10.204278949216862,14.727871266255354,6.746822613105013,0.40200684740695364,3.5,26.5,12.5,0.7625845704089402,-0.9620236897135267,0.272965969362432,-0.9745485763021147,0.22417643147200256,0.8873428191176949,62.08412821594875
11.86840515951048,14.723835846440041,7.116286432421213,0.48440145454217914,3.5,27.5,8.5,0.7892191408432435,-0.993679916278966,0.11225071930204762,-0.9892725875190251,-0.146081304701912,0.9162559900311601,81.60963421819677
8.899560116570742,14.6458855582916,7.099308825545109,0.39633428209500754,3.5,27.5,17.5,0.7514207072906978,-0.9952568933983037,-0.09728163312340891,-0.9515162266614752,-0.30759855396264185,0.6951557374571793,60.77345604181248
4.163768565112748,8.991375866737176,4.722786954837414,0.5286217502087486,3.5,16.5,3.5,0.7584861242732777,0.044578124147441216,-0.9990059013076426,0.5486444018522212,-0.8360558117232476,0.36604400295434014,52.71232985894049
7.130566015170525,13.24753441792978,6.072143222347056,0.4675838855179846,3.5,23.5,17.5,0.6036164025846765,-0.9851973084741509,-0.1714242205036642,-0.9862367309752581,-0.16533937968686244,0.7128399419250773,73.63047381587477
8.771870993854737,14.95479584931966,7.2959728555358385,0.3695226575524013,3.5,27.5,6.5,0.6518848169982581,-0.9988172436507212,-0.04862215324289781,-0.9999571465711069,0.009257700652424126,0.7658885272304843,48.70713360956907
7.918237754731301,13.875480547471676,5.949175860399318,0.20458025233920224,3.5,23.5,3.5,0.6188636251871655,0.9784795364846562,0.20634387967849283,-0.801008226947751,-0.5986533390552667,0.22970554551117287,52.574808380157265
7.871422551309571,13.175007214097953,5.505129395317293,0.49072581436974805,3.5,22.5,10.5,0.7312540343192763,-0.9072041954075137,-0.42069056066782107,-0.9999868716491969,-0.005124112533187957,0.6922041650786812,55.01858527131466
6.907799607319557,11.437665912465397,5.879753404462779,0.3624175186701468,3.5,21.5,3.5,0.7941266077172844,0.9665595711113096,-0.256442187428514,-0.5089282152758423,-0.860808963531483,0.3507175583505562,2.24279380102044
7.424737946574842,14.716578827976775,6.0834281118121,0.4914795784925138,3.5,25.5,15.5,0.622652355669063,-0.9984664256922546,0.05536060661999061,-0.9905769309412875,-0.13695745283459307,0.3596783054406336,75.74854003654995
8.888307108080385,15.913542859704824,7.068764075659904,0.48737152936461525,3.5,26.5,21.5,0.6523439435756749,-0.9993081538662876,-0.037191579912018186,-0.9956347829829946,-0.09333476798281161,0.4179897740552196,1.7239827537925834
8.702879148902218,14.534430387260993,6.73419561196069,0.3565743530764549,3.5,27.5,18.5,0.5931413727487598,-0.9782553136642447,-0.20740429428454513,-0.9999630921518633,0.008591526877343245,0.6848120821118309,15.38534155898654
9.1314501086128,14.193691501875524,7.214561655366608,0.4291879946702417,3.5,27.5,13.5,0.6837162678834384,-0.974670814838069,-0.22364436657983275,-0.9535660299575032,-0.30118404093026946,0.5443605243638444,38.500563007017874
5.414823885807738,13.420605199571117,5.047355984083062,0.6012218723265066,3.5,19.5,17.5,0.6176732368284698,-0.9619534219431327,-0.2732134952960729,-0.6662171400389875,-0.7457578174704387,0.5667909917214924,80.65574534906025
6.466700770681636,16.05072500856276,6.753044601484227,0.4153009059751317,3.5,27.5,15.5,0.4667357488424075,0.8428719346979878,-0.5381142087870111,-0.8135568694414754,-0.5814853568101145,0.30737908304564304,80.37379378269014
5.212682356836481,17.69387647987881,7.082911157883428,0.3587201453201833,3.5,27.5,26.5,0.4572704395795549,-0.9758673383635199,0.21836423222519608,-0.7851654410911901,-0.6192860648489331,0.41749931060732337,80.5535323540248
7.897714258083453,15.57119217547207,6.872102273600879,0.4692225186669016,3.5,27.5,17.5,0.7849229982149222,-0.9811157608236769,-0.19342146691455298,-0.9089496262709335,-0.41690595690386856,0.6472369868613382,55.139994947531264
5.16309666326133,16.395258903766294,7.446226276963384,0.17720528592379836,3.5,27.5,4.5,0.38382519973027834,0.9845349439130991,0.17518831072314958,-0.05069531606785892,0.9987141657795687,0.1400339447282855,18.484197079221502
6.208390627150691,13.167173090635224,5.888776726663668,0.3956458834970307,3.5,21.5,20.5,0.6381692063110586,-0.9932666450583859,0.11585064442832563,-0.7523133864073484,-0.6588054102937435,0.6955267895033168,4.799665825384338
5.728536455131621,17.497634708915633,7.407855295413816,0.3829940878849253,3.5,27.5,25.5,0.4632806560293024,-0.7624177857984428,-0.6470850947890856,-0.9516203141670186,-0.30727638644169314,0.47151277113860035,42.557058944883664
8.67232288405907,16.432377892579215,6.800935697375949,0.3634870289133456,3.5,25.5,24.5,0.7162593695665942,-0.9869126521012823,0.1612557506646302,-0.9401813394463236,-0.34067440314311365,0.7937382242673575,59.45815125831814
8.241150418567488,16.064568608271603,6.5712123841926475,0.49591508908105275,3.5,27.5,19.5,0.6233000341995973,-0.9747928908919158,-0.22311167577377392,-0.8419896520328234,-0.5394936754676972,0.6524244840339547,80.78235730864078
8.744531499079038,13.776360376678852,5.7219635215167175,0.4707214624369768,3.5,27.5,19.5,0.7634030104543735,-0.9392689252266768,0.3431820014271194,-0.8734639026646062,0.486888910062568,0.6085411693912081,12.635944169530092
6.319413411490937,13.668485718299157,5.316861182961573,0.35030404740348037,3.5,21.5,6.5,0.5632350563763312,-0.6711551226098549,0.7413169372100914,-0.7170146529981475,0.6970580946993917,0.6919154337713305,59.557956408733986
7.902249280798229,13.796639995601934,6.2823272516907815,0.43614590288657235,3.5,23.5,20.5,0.6154916531486588,-0.9311164473521558,0.3647220331571703,-0.9639445231440266,0.2661032812661943,0.784023447631527,56.531112596921815
7.488475447002387,16.96597744605461,7.5075761497417455,0.2923973875741644,3.5,27.5,27.5,0.5716921240581302,-0.9428960917686777,0.3330870158492423,-0.9955733827003129,-0.09398744415429255,0.4488010892317621,43.72908114261588
11.731110167242152,15.052119632731337,7.611903599417821,0.3814267310935142,3.5,27.5,21.5,0.6994491215480833,-0.5807483191180306,0.81408315904555,-0.9945107212948177,-0.10463472286799196,0.7667826398151448,44.45859593712784
7.6762617651680936,14.620669037142642,6.411661586216036,0.5350708651318596,3.5,23.5,20.5,0.6572303838737403,-0.9980443735285885,0.06250942703246636,-0.965259343716393,-0.26129370326932544,0.7208493255886554,44.5420419029936
8.076474656502713,16.472366302746803,5.812941821594326,0.4866220536358514,4.5,24.5,22.5,0.7267665020868441,-0.9881382235383405,0.15356709016743395,-0.9977799119052487,-0.0665976530994458,0.6130849771560821,6.705471740057817
8.378403592974278,14.9768230210227,7.299077580393711,0.21697391818139092,3.5,27.5,3.5,0.625331610425832,-0.25538147243950143,0.9668403712788539,-0.9876971903495749,0.15637857965704746,0.6843489512418074,25.023313200275176
8.31596796466912,16.832612030326416,7.821834483289735,0.43391098396299355,3.5,27.5,24.5,0.6240883724247568,-0.9807957835224438,0.1950375118396346,-0.999080178279072,-0.04288120065783778,0.5956074600327395,67.5282072091612
11.456885563947115,15.510221785385268,7.696286822363042,0.27028214702466313,3.5,27.5,26.5,0.6952070781152638,-0.7642361694929622,0.6449364908568318,-0.9982658269658864,0.05886712760204007,0.46309419344384095,4.634243847445447
8.164086863826954,16.043314366554956,7.2032201511142055,0.35578478046996886,3.5,27.5,18.5,0.5355016777568298,-0.8738589352185144,-0.48617955668535073,-0.8133663419514746,-0.581751831780938,0.43851644889141334,13.352096396368779
4.2560784724622645,9.861571590908039,4.524855079570016,0.3805343070061527,3.5,17.5,3.5,0.5587571071579737,-0.07813479256549602,0.9969428038712888,-0.7624361078039305,0.6470635065561907,0.1968697078510098,76.70409406343094
4.969493015082393,13.758698274063528,6.576753761743717,0.3383442079560665,3.5,23.5,4.5,0.5006776803546373,-0.16359060939063125,0.986528313085439,-0.9425148874138242,-0.3341641617578197,0.40210227487671485,76.99698261259131
6.787546983227056,16.734055764298258,6.67166567622922,0.3256186279109222,3.5,27.5,9.5,0.4849205085244413,0.32149360451770953,-0.9469117499821251,0.07745076394827687,0.9969961781089375,0.1335554578882667,6.726185311141222
5.039078640375061,13.443493910920724,5.804531811693131,0.4564522887289263,3.5,24.5,17.5,0.45722323294286094,-0.9744799898526711,0.22447438467838154,-0.9610614196996287,-0.27633484681620263,0.08717090193089841,0.9932801560602638
7.891445453467583,16.303309790302137,7.89357633351625,0.37317545127742896,3.5,27.5,25.5,0.6500537340839904,-0.9998559481657381,-0.01697300555566976,-0.985998344145503,0.16675510589582013,0.3684403790117054,31.085932709024306
7.689862551753003,16.22548770408304,7.021422868207145,0.43395168542417595,3.5,25.5,24.5,0.7537284681063096,-0.9982445461143039,0.059226903963041665,-0.9895878527497214,0.14393012780580647,0.526051474427289,84.10687616173094
7.10224646996194,16.828731460641265,7.6837820990580665,0.40852134458540956,3.5,27.5,24.5,0.5718521178257779,0.10833976009302121,-0.9941139252535328,-0.965316256535767,0.26108336765825063,0.19928134712866274,0.8404244226608171
7.66564798832902,17.51136892644172,6.467960271016874,0.3770668791089232,6.5,26.5,25.5,0.628989409291576,-0.9941798442978553,0.10773317591110045,-0.975148214260572,-0.2215535154864791,0.20245093293385857,27.686889041257913
5.685958253480226,13.789261395016588,7.274366737731906,0.2852449646892002,3.5,27.5,3.5,0.5818499386815388,0.2986783387362241,-0.954353838976807,0.6865233000872882,0.727107803862164,0.27048447624230804,38.677641520542565
7.408832432254147,15.607045446557265,6.761231691019277,0.4388148584987024,3.5,27.5,16.5,0.700812303654549,-0.918054168157063,0.3964549713768806,-0.96539295055325,0.26079963769547343,0.5591253693774174,52.45308620261234
3.330505487167549,10.472516324925696,5.074439503300237,0.35542879207340367,3.5,18.5,17.5,0.5628241746743787,0.34235379542812744,0.9395711142622233,-0.9887139198032749,0.14981583623650485,0.2505735255549263,3.823268757619182
5.789545822397041,11.972123801918375,5.9783513361775675,0.4118673572912181,3.5,21.5,4.5,0.6610823524196743,-0.9913485288321071,0.13125583561280996,-0.9884502163881055,0.15154593271449876,0.6256433972616424,23.748760085164122
6.053332601925862,13.083318015665428,7.127072151495238,0.32580938595676573,3.5,26.5,3.5,0.6533401870572475,-0.9995255468697501,0.030800668088970834,-0.72043234862965,0.6935252201960406,0.2081189119295332,70.4352786350376
7.661675206693829,11.36413504755168,6.5940695715718265,0.5258469746736842,3.5,22.5,5.5,0.7668410831217152,-0.9989736513441762,0.04529507611302092,-0.9962206520387306,0.08685857730544848,0.7817640919852443,0.5695985652318143
7.700315267799986,14.770132396254068,6.4581510734411145,0.30937058917642996,3.5,23.5,5.5,0.7297294713598153,-0.999843616431059,0.017684532282798926,-0.9932921983074451,-0.11563134861084721,0.641878606829689,29.71693743639952
6.378676239517217,12.378917807385564,7.152678263581088,0.3838953952601464,3.5,23.5,4.5,0.8294954644877138,-0.9985123408040418,0.05452618877230433,-0.9999997946505835,0.0006408578553094184,0.40072003841770615,44.95530837152552
7.421430202805935,12.811593118923017,7.798589759625148,0.6081175469217174,3.5,27.5,6.5,0.6559640241584673,-0.9994085637679851,0.034387827311612225,-0.999974805283592,0.0070985067473558015,0.9079972292343343,5.18780208106007
5.692382761293449,14.709021822285575,6.558524603849409,0.5325247614017835,3.5,23.5,20.5,0.6274276335115991,-0.9956525516420187,0.09314502889976047,-0.9749513530450868,0.2224182078777601,0.7355267007453493,77.4101945761268
8.64184361177186,15.134193477223512,7.164095275405105,0.4099311034117572,3.5,27.5,8.5,0.737651851750935,-0.9910428767670164,-0.13354406167762126,-0.9762106066647561,0.216824471486105,0.45452048322805944,74.59014173956119
6.856338716026531,16.741473113240538,6.825956873387704,0.43211927177166176,3.5,27.5,18.5,0.6351842171465581,-0.9743858153034409,-0.22488282045422825,-0.9913569172687026,-0.1311924638974919,0.4387170919814209,89.7660186224814
5.1240050781886195,12.438923269692465,5.386675566077331,0.2692132651280314,3.5,23.5,3.5,0.5274794030703535,0.9402020073811284,0.3406173590944781,-0.9198246263239868,-0.39232978067938973,0.48903806657432786,31.806547761434047
6.98830483056658,13.609063310401085,5.994677600150354,0.4208331205190048,3.5,22.5,20.5,0.518679767466763,-0.9991924763135694,-0.04017953805554587,-0.9983164026669626,-0.05800310479702646,0.5355568859778783,52.295639462304976
7.673026660415669,15.610395873459561,8.509951738935692,0.4205237115435077,3.5,27.5,23.5,0.6087551682246035,-0.9990561779133176,0.04343677443403777,-0.989849087283379,0.14212242752029544,0.7749313055006262,11.883079882626646
7.498104704703452,12.141305993866801,6.20815001797989,0.4686009719745822,3.5,23.5,5.5,0.7406002468433407,-0.965780569693102,0.25936054288049953,-0.9953026931563705,0.09681192589591225,0.7774841540008666,30.906865155233135
8.043401549958395,14.42396776047096,6.264546780718655,0.49013579272985003,3.5,23.5,20.5,0.649574443423808,-0.9951067126401235,0.0988060244042164,-0.9923556512092927,0.12341094567736086,0.594606788915206,47.110541433150495
7.4396685353971765,16.583659887760394,7.28922205627981,0.4442518952950669,3.5,25.5,24.5,0.7122281386180036,-0.9975550940186143,-0.06988443601771065,-0.9958442740953234,-0.09107239840675298,0.9542065676817415,7.781268277981496
7.931107225740339,12.709644249139716,6.475016899418895,0.43435761027562314,3.5,26.5,5.5,0.6799980748540542,-0.9683761119014864,-0.24949490154822782,-0.999775911620572,0.021168999580856246,0.8030381384226861,63.33961586214764
7.997418052047466,16.282606715955644,7.808611312005691,0.4284046127676965,3.5,26.5,25.5,0.651059044117421,-0.9977084417118698,0.06765992415656845,-0.9718375005994689,0.2356520155410879,0.8300893693715571,24.96273847264827
6.107743735615335,14.41983029208929,7.601391245407071,0.35875255014332713,3.5,27.5,4.5,0.5146172573995371,-0.1277239502694168,0.9918097562171767,-0.9499585534009389,0.31237597029924596,0.648683207357177,55.56123344181347
9.933249611827144,16.222916973591207,6.969237178994505,0.48644236525927154,3.5,27.5,21.5,0.6824632184610435,-0.972853231715981,0.2314229667508642,-0.9521509109642702,0.3056282754424244,0.7305237501635068,82.30050709041936
8.460592180203065,11.154406661856637,5.581255579571033,0.44438138334402383,3.5,20.5,4.5,0.7130936621671456,-0.9773033462124726,0.21184468244896762,-0.8136526704583589,0.5813512981459501,0.8429142576941527,30.98684796218626
8.136600094224068,13.901129371949217,6.291606743622017,0.47677109205123247,3.5,23.5,8.5,0.6805635269098221,-0.5950149049542901,0.803714665090937,-0.8738240577230448,0.48624224018942735,0.8025217151521218,58.330565120364
9.077352140609495,14.043301101037757,7.720480928753661,0.2936209159672086,3.5,27.5,3.5,0.5949445559905079,-0.9994925782430367,-0.03185256719774964,-0.9993424991787211,0.036256990156766984,0.7196217862974297,19.77043312086485
12.186565642252761,14.477322381916789,7.155735845632961,0.46233873914259954,3.5,26.5,9.5,0.7443858739231719,-0.9999149367167668,0.013042980131251122,-0.9882198629792376,0.15304085210589005,0.9238847026245256,10.7112437320081
10.086090943253906,15.219661525943012,6.640546374511641,0.5339179733831367,3.5,24.5,20.5,0.7843210260253948,-0.9879269366167811,0.15492052125842629,-0.9742391780639341,0.22551723642619892,0.881195488009741,40.589980658760126
9.434052064351352,16.862024727764926,7.378870600468375,0.38451541648802573,3.5,27.5,25.5,0.6935947957227668,-0.9997406471240905,0.022773635807767784,-0.9777921260762515,0.20957709365119978,0.7460160729616603,77.19057427051118
9.597751441016188,16.129063791094314,7.333692288162389,0.3979617460349238,3.5,27.5,15.5,0.6916162603231214,-0.7609452963017325,0.6488160417531833,-0.955374996948178,0.29539569259938275,0.6946523262184996,0.4054363519968831
9.765204433877319,16.917256858041338,7.444211692593963,0.3557924177796883,4.5,27.5,26.5,0.6594621737686058,-0.988106061546834,0.15377389614106873,-0.8257493648583285,0.5640372207896098,0.8450505740679164,30.219876960844992
7.9516172941761365,14.785875732920408,7.6399962469092495,0.2193603177509371,3.5,27.5,3.5,0.6417919275232525,-0.9605920309252404,0.27796213793054986,-0.8111748040124389,0.584803759679588,0.7807665217194987,0.9406063386849581
9.122603065241472,14.960317949719318,5.996188649477132,0.4532321638073074,3.5,26.5,16.5,0.7700749557093722,-0.9998443488631537,0.0176430736102412,-0.9994313264639736,0.03371978176771233,0.9585641100402381,50.620859970721185
7.660822391123916,14.753699695973731,4.837302669378242,0.6284493638418914,3.5,22.5,16.5,0.6735878444929964,-0.9962171373681635,-0.08689887924468129,-0.9884133886537955,-0.1517859451000684,0.9136974923288046,71.58491503926915
9.21837678688953,15.167418755149871,6.375212152617738,0.427252570620024,3.5,27.5,14.5,0.5965212124758468,-0.864729011007078,0.5022387256302733,-0.9916932555242116,0.1286253744320724,0.8751698400769112,6.388174981865291
9.334901448346605,16.873906542716902,8.011084016145112,0.2463817503649908,3.5,27.5,3.5,0.664707473486716,0.9641649536205525,-0.26530349076082244,-0.9634594189933715,0.26785434092609917,0.5594475282861531,86.30409224412098
10.559784425420306,18.031328310531755,6.70288060229664,0.5316671159340612,3.5,27.5,22.5,0.7911938841841976,-0.7750465465686912,-0.6319041467279239,-0.9797368747458828,-0.20028893195374103,0.8383759527034458,58.164216034315885
9.657542142794322,17.29082894592077,6.412949025577452,0.5269516163869953,3.5,27.5,21.5,0.6938016252968893,-0.9948919378030516,-0.10094568883557559,-0.9890856816113824,-0.14734148917174358,0.9246350848126901,12.628568615265706
8.279730576706315,14.262730247795247,5.555359373623648,0.5897953105056882,3.5,22.5,17.5,0.7120249599885077,-0.995243991516649,0.09741353781691867,-0.9820381824436373,0.18868229440728512,0.7573444908549568,62.37816783155395
9.067327954210096,17.547051811592144,7.210669348689629,0.5387187229735515,3.5,27.5,22.5,0.7014873799252711,-0.9913316835109434,-0.1313830022010409,-0.9997989351544583,-0.02005216357432384,0.7916793376705061,40.489023082342875
9.503567460683406,16.756593057723475,7.746039553912874,0.3364161185570075,3.5,27.5,26.5,0.6512759330706993,-0.9998337790488431,0.018232231704024264,-0.928348424815208,0.3717111810843496,0.6722710834353648,15.137565649149423
8.416020484016233,16.382337799761782,8.04570259046365,0.22214186648519477,3.5,27.5,3.5,0.6279352885213129,-0.9549049646075829,0.29691161743487043,-0.9841565044000959,0.17730193131205316,0.9089943931396824,10.827803772791
10.57528076519533,12.977540116258778,5.761877004578135,0.3117095257330076,3.5,21.5,5.5,0.818436675973651,-0.9982114597518789,-0.059781950620761984,-0.9781798285003458,0.2077600132726076,0.9820959120378435,41.615094092726366
12.962201148613254,15.1481171730017,7.265463632946022,0.39359356452895794,3.5,27.5,6.5,0.7472737090661128,-0.979147110587401,0.2031524940244249,-0.9999898760080442,0.004499764595652093,0.9357603150737442,1.285474414188542
11.531931991078572,17.727765704638216,7.160392081511439,0.3633912891253568,3.5,27.5,26.5,0.7513858839021005,-0.9955863481226093,0.09385000496476595,-0.9998043469991704,-0.019780488405557965,0.9117686936770346,80.83370201551742
11.05531111047972,15.807939479116639,7.334884003552091,0.49647018536075804,3.5,27.5,20.5,0.7317432139920358,-0.9985425890178604,0.053969416501462295,-0.9967038179113619,0.08112644057836456,0.9511530223312731,3.048503613254425
9.925148923133367,14.47881272958473,7.889713219891462,0.4377189556712466,3.5,27.5,6.5,0.6659865894334253,-0.9999079194393998,0.013570285272265292,-0.9950191346162285,0.09968410980478142,0.938396781014914,3.7515573718625745
10.91265003075213,17.477487621767555,6.874196153765667,0.5118134888285634,3.5,27.5,22.5,0.727493333612799,-0.9751711952929939,0.22145234221121626,-0.9796747671784642,0.20059249874763974,0.9014244317669237,53.122929397182375
11.900502089173992,17.70898447972958,7.032836248233058,0.5205064154680618,3.5,27.5,23.5,0.7715678994460545,-0.9946667441613756,0.10314101056034182,-0.9847213156179361,0.17413767704802158,0.96876239657376,25.176437351004886
10.668425260967718,17.76981226294795,7.142188077652884,0.30405870689769254,3.5,27.5,27.5,0.7642760940127098,-0.9985026940773227,0.05470255862689166,-0.9711295985612441,0.23855251580789685,0.7634272609123832,74.58768149403568
10.675445086896275,16.946867923557626,6.434445629769364,0.49501466206899536,3.5,27.5,17.5,0.7493622998559214,-0.9999484166018274,0.01015697472174762,-0.9997061586672658,0.024240386192047925,0.9378912171033924,53.89423088458821
9.6341059846441,17.254457159209313,7.783125485429069,0.371172344898145,3.5,27.5,26.5,0.6714873308422582,-0.9703536199787179,0.241689578166287,-0.9778530789431087,0.20929251300866578,0.7445193929235618,71.33013756274235
14.050925113156767,15.990053309834568,8.118510279703006,0.26523917153474336,3.5,27.5,27.5,0.8331729587237129,-0.9966469300212727,0.08182234950899647,-0.9988213738517213,0.04853723454174013,0.9870089265602515,1.9410528939021248
8.50147250997769,14.89616544033198,5.392030322976915,0.4292320987258446,3.5,22.5,21.5,0.7607837705911624,-0.8977989780396417,0.4404054893288398,-0.9954724324737353,0.09505070323161524,0.8176644577405424,61.87396603195469
10.07039643480201,18.801023761994692,6.942321269030304,0.40934071601509125,3.5,27.5,26.5,0.7414581226793291,-0.9985979463907699,0.05293525728790775,-0.9981246163296575,0.061214788056268295,0.7178730864189492,1.3584495943752728
10.102076791919671,18.97811205405743,5.700245290360764,0.5762446012325553,3.5,27.5,21.5,0.7988741600556828,-0.9822511372147609,0.18757052924249332,-0.9811748759932792,0.19312136784823442,0.8074459823066173,23.3651391422689
10.650229807450984,18.055060876101823,7.037327224447222,0.367287093477213,3.5,27.5,26.5,0.7250001687346,-0.9944300569371423,0.10539858566409671,-0.998338901369498,0.057614564238079716,0.7437204210669993,6.19934714853909
8.93907282245749,16.7528631115265,7.884314187387949,0.3644959917923823,3.5,27.5,26.5,0.6550943640041439,-0.9975906973402109,0.06937435102595037,-0.9932899243564262,0.11565088055006459,0.9287731951409669,3.171300774006184
5.956938620080213,19.176572203870784,6.878265954748908,0.45449650174295003,3.5,27.5,26.5,0.5678450304246481,-0.9912505937970063,0.13199341005172316,-0.9836000689789083,0.1803632565260645,0.7739837745925101,15.461158764527198
10.597861719987996,17.9408568312847,7.392313314672799,0.5451470414194992,3.5,27.5,23.5,0.7226524996521815,-0.9992282878630744,0.0392788586166791,-0.9999996459771843,-0.0008414543992622793,0.8703792613021302,6.068156619434504
9.116889842072913,16.65358105846504,7.762030927453225,0.44100674154246383,3.5,27.5,24.5,0.6329448691306976,-0.9994715684723023,-0.03250513521762075,-0.9954374604058077,-0.0954162586818205,0.9318637664733157,2.575614328076142
9.275369510642015,16.667980668325853,7.4866377495824565,0.35805031069433346,3.5,27.5,25.5,0.48413907433925146,-0.9952821600216687,0.09702279084112903,-0.9886368388447345,-0.1503236537577847,0.7886474844854404,60.3806771088086
9.700810281690082,17.113789060390932,7.564162858293089,0.3668802903816345,5.5,27.5,26.5,0.7356083931450117,-0.9690878567600253,0.24671588088378227,-0.9759020283204745,0.21820914536284666,0.22148196560965402,57.42111956850421
9.313043774111621,18.065972456586202,6.735754657753334,0.251981375814764,6.5,27.5,7.5,0.6762432579188243,0.962407081735321,0.27161113568059625,-0.954304155157754,0.29883704497375396,0.2772226864703711,28.122890582804892
8.99841471463065,15.429138885977745,6.107526442571456,0.45312637526594246,4.5,23.5,22.5,0.7455192075378898,-0.9972682194217599,0.07386540821895253,-0.9972348484801227,0.07431458118584043,0.3677994648685839,75.65838668905553
9.30115060325627,16.07830112566375,5.460512885821772,0.32190485569403937,7.5,24.5,7.5,0.752248462358848,0.9994592318616495,0.032882272526719734,-0.9855822429105956,0.16919705215907213,0.27691163076332587,48.83192514760583
9.890448953152172,16.146211191317036,6.7971945603992205,0.48611310033126093,3.5,27.5,19.5,0.7966353176065376,-0.999791864270232,-0.02040167000649763,-0.9942021024597135,0.1075275753687642,0.5382917515978544,80.46196867269354
9.169464802924697,17.299245232368563,6.521277956603538,0.3965791710638339,7.5,27.5,9.5,0.7724859378415286,0.9994457019618013,-0.03329097220091708,-0.8078364045070501,-0.5894067725714744,0.13410586084974951,87.66593892221128
9.22371556964262,13.283583235213353,5.81381312424431,0.39636564608223085,3.5,21.5,20.5,0.756612032603338,-0.9962406364525598,0.08662906140896788,-0.9859236099541573,0.1671963974939735,0.4184885688612405,74.56905429502169
9.345626504223794,16.129151419381675,6.5682214373297,0.48546090394082625,4.5,26.5,22.5,0.6801262565387447,-0.9809915937017896,0.19405023340986485,-0.9188061290299727,0.39470912993868945,0.3564992050370447,45.908266911461766
7.3895433568319,16.891888328037044,7.489435887078665,0.4161346560068514,7.5,27.5,7.5,0.7546131210604924,0.9999158825454018,-0.012970267285233808,0.7050242283969399,0.7091832184797519,0.052714759695294156,66.63369540549168
8.296701331496621,17.972515612275767,7.23401691814847,0.2709799871902494,6.5,27.5,6.5,0.6309251747478386,0.9965514336749272,-0.08297734654981062,-0.9917926723061689,0.12785654132576973,0.43936421507159235,5.62605840594577
7.737431534086032,15.465237575130482,8.061810992353806,0.3331617786566125,3.5,27.5,25.5,0.6224682164860964,-0.9994640750250845,0.03273473284223004,-0.9526714555538943,0.3040018055420467,0.4664830628818038,75.33288550705927
7.726730889995806,15.315345766987978,8.039387440994652,0.2834768525642363,3.5,27.5,3.5,0.6986158007867279,0.8461282349484949,0.5329793711044966,-0.8983627209548177,0.43925439280519024,0.3378445739332059,75.73362437538636
8.648964680296682,17.116528651147597,7.50905766088364,0.30814403426470865,6.5,27.5,6.5,0.7972522584852589,0.9286663376216355,0.37091620801525854,-0.5620118172105409,0.8271292023110449,0.3002941846286037,1.0326550997510964
10.236824315141988,16.89164399998755,7.035697087589824,0.2466270433717111,5.5,27.5,5.5,0.7767024101800536,0.8444528756833719,0.535629854237125,-0.8735009709889568,0.48682240466246984,0.5472883063571354,19.756216232817685
11.203059111323011,14.620368932153644,7.316178800529379,0.3065057476928387,3.5,26.5,4.5,0.763996639839231,-0.9885840028661068,0.15067073132239456,-0.991847074453006,0.1274338294920669,0.9118854826802792,17.040880351181073
9.197700078131742,13.61869880635229,6.3852771725166555,0.3290747939313164,3.5,22.5,4.5,0.7580222599093925,0.9680611592104829,0.250714163995687,-0.8220100693938198,0.5694729544194066,0.47828305484231404,25.352066994988995
10.691435662098627,17.094228523305308,7.799937906847333,0.1899264180334663,3.5,27.5,3.5,0.7582248113288157,0.8845674801379289,0.4664122351337225,-0.9515974009329123,0.30734733858897517,0.5899141553159504,74.68681717271308
8.49781370171532,17.37904547130969,7.357481764712105,0.28662252698784635,6.5,27.5,6.5,0.7341542910970694,0.9988633427679771,0.04766573690170629,-0.8928965047004469,0.45026195919011935,0.5555296297989041,70.92993626869071
12.457640040404055,15.02127197185641,7.825569583837056,0.33853341507664236,3.5,27.5,5.5,0.7280763913480474,-0.9651007641512208,-0.26187881746091946,-0.9917816066612463,-0.1279423490812831,0.9946683110157678,6.288877597429348
5.9202457773827755,16.748092450864462,6.233553473319599,0.39718421422313,8.5,27.5,8.5,0.6055829560032469,0.9319714875305962,0.3625315799071962,0.7583257433808924,0.6518758063663791,0.25028639879290854,66.34410315892289
8.551994071272036,19.04111101076362,6.442658632100684,0.529255114107317,4.5,27.5,24.5,0.6391770128337413,-0.9989659565312082,-0.045464466253197874,-0.9658309083428823,0.2591730242320037,0.4808856139835941,82.6614891174894
8.811145197873081,18.684690898664957,6.708132245723254,0.558006457438345,3.5,27.5,23.5,0.6410447625932687,-0.9993681345932584,0.03554337574838618,-0.9528738229437289,-0.30336690252663207,0.6618637041675578,11.275620845986523
10.499347843303415,18.355509872155093,6.8873916433150395,0.41283430148695444,3.5,27.5,25.5,0.7123819573812277,-0.9999896330809293,-0.004553430648263936,-0.9915250585160786,-0.12991558157005964,0.9638863400805515,6.451507246041871
9.704757361474938,18.262351043422033,6.476982645877375,0.4934357954173804,3.5,27.5,17.5,0.66677848703268,-0.993538639954266,0.11349436513689813,-0.9999756046220224,0.006984995405922438,0.918911736981688,0.37826521925556733
12.723029409795258,17.520646299341117,6.785328263279945,0.259243021952627,3.5,27.5,27.5,0.7418694964191469,-0.9908624711283421,0.13487610355224297,-0.9691527876761439,0.24646069491819403,0.9882002783662437,0.30711051813901236
8.206263419074144,19.147172985284314,6.5133982873396725,0.405791956270163,3.5,27.5,26.5,0.5846224039790672,-0.9883822663094969,0.15198847207897972,-0.9560917064954549,0.2930676522078286,0.7758463732727823,13.503108218910683
7.202751751626594,19.50038650048293,5.907005355593718,0.6341935883876327,3.5,27.5,22.5,0.5885604624108943,-0.9762892173917836,0.2164702381495862,-0.9615216742452604,0.2747290846572153,0.5634658327506918,84.40305622438733
8.007507944964335,15.087862325636245,4.421368031307912,0.6079971825231101,3.5,21.5,18.5,0.6973396046666708,-0.9887302419049625,0.14970807841447448,-0.9900124481315277,0.1409799721400853,0.8261612942025337,63.30058569918336
8.87373375528701,16.46758261258252,7.722618478588001,0.2154667208963184,3.5,27.5,3.5,0.6522393417529851,-0.9999306717369372,0.011775046484732541,-0.999688611827576,-0.024953544482779495,0.8614067370401035,2.297127839740611
7.805278338501135,18.213859975940835,6.7778423083163295,0.3432696928885852,3.5,27.5,26.5,0.5616017030642074,-0.9934795998653774,0.1140100199602194,-0.9970253192683033,0.0770747217830718,0.5386922266702253,76.83848892886344
13.633663085235687,16.489990411900102,7.528163948603688,0.2717536237812861,3.5,27.5,27.5,0.8476805726843143,-0.998639026795365,0.052154521963166035,-0.9673479849821325,0.25345192039321374,0.9056526559798729,12.313581664160154
9.009539331436512,17.19717197882285,7.193892676392252,0.40453632337692896,3.5,27.5,18.5,0.6420580578607812,-0.9934264912634462,0.11447185879506837,-0.9840059649583773,0.1781355128163185,0.8678736634714779,75.13090873300732
12.740383452991477,15.625160348287343,7.822295837509263,0.35460896003605763,3.5,27.5,5.5,0.816837525637344,-0.9998691168209747,-0.016178665817798622,-0.9870814353267792,0.16021934974660665,0.8967723432952363,15.59838663959502
11.359564511218256,15.827091443971222,7.218527166666944,0.37967021850536475,4.5,27.5,7.5,0.7774292746072918,-0.9359273992819176,0.3521929915165633,-0.9516279938396022,0.3072526018454753,0.971349305168569,11.476164059451051
11.814306747422522,15.435535710945825,7.932575056513004,0.2454924721514284,3.5,27.5,27.5,0.7312463054634145,-0.9911677617824903,0.1326139811750201,-0.980952913474931,0.19424567316942892,0.8913334646397574,59.76562005284782
10.318907943622358,16.795951450580365,6.763306328271861,0.36260812169111717,3.5,27.5,24.5,0.6942112013581629,-0.9868330850785314,0.1617419617612822,-0.9353014685420071,0.353851894078815,0.8272941285297821,88.94553093178342
11.306397581865046,15.431770056952306,7.81781127508357,0.33583783218489327,3.5,27.5,9.5,0.7211154492005656,-0.9800416894379796,0.1987920696696691,-0.9999140485148756,-0.01311089556784502,0.9604708734602836,5.4408859474879705
7.354824104280629,15.049347918687284,7.574079739578948,0.27778208364786755,3.5,27.5,3.5,0.5130337675669159,0.7269084678363061,0.6867343586772646,-0.990470724664937,0.13772343149121147,0.3131655106345,80.29369580158598
10.434035120573649,17.9992599243638,6.111735960836729,0.3852026000497532,3.5,27.5,25.5,0.7173066048660796,-0.9942472150515461,-0.10710964178002147,-0.9988573334258758,0.047791499885949294,0.9363693921883476,13.940742688489806
12.232153372901289,15.976934465451643,7.4653525382386965,0.3778714887855055,3.5,27.5,9.5,0.7483591687084726,-0.8405049694199661,0.5418038357010236,-0.8930233381089249,0.45001035276179246,0.9131674515640608,2.602205963067334
8.125807292210117,17.40635934276416,7.8321813539313165,0.2845834676445906,5.5,27.5,5.5,0.7046137014904276,0.9961932752584803,-0.08717200427764436,-0.9123878983571638,0.4093266701931329,0.21903944311856607,76.01535427161075
6.5450055041023445,15.671572374939133,6.798851109624304,0.47579624039773044,4.5,27.5,18.5,0.5832347851551971,-0.9977367701670463,0.06724089125398808,-0.9883607918817146,0.15212805484508793,0.5366214216663637,76.44278238395181
9.450843181959558,18.42490863751251,6.553544246401569,0.5039510450952669,3.5,26.5,24.5,0.7708839020660568,-0.9907159252954222,0.13594835551059645,-0.9969726295995199,0.07775330108373775,0.7557300978956204,70.98465185121165
5.318541691733162,17.570685108258523,6.455098748674098,0.5451342910141651,6.5,27.5,22.5,0.5829309527625463,-0.9783158876185049,0.20711838168838853,-0.9986263002885001,-0.052397637085105433,0.427227656191833,9.989963509116322
7.36164109854008,17.886697637535534,7.1467310539262145,0.20129764341856146,6.5,27.5,6.5,0.747732587607485,0.9881928939887141,-0.1532148957190846,-0.9820398949282017,0.18867338118931024,0.5452611478030023,6.305090206530579
9.627235634651473,18.036149517333484,7.5186250354915565,0.20710768102903657,4.5,27.5,4.5,0.7082251629181785,0.9999556954107981,0.00941314057619289,-0.9951961880949235,-0.09790070071931908,0.5575251154004331,89.77383597389048
7.549519758648735,16.552239632001744,6.904838197595658,0.45698956470624197,4.5,27.5,20.5,0.5924792632524097,-0.9924153170923606,0.12293021760523024,-0.9909356783294667,0.13433719296501495,0.25639548590016736,42.41208396929504
8.130763678174903,15.85458611392061,8.033933779906361,0.2860284899221374,3.5,27.5,4.5,0.5614617811278796,0.09211872274699198,0.9957480308388578,-0.9457375094066678,0.32493162865635744,0.45601052174461,43.572257992979836
8.193487801099847,15.139648991755942,5.622566375253652,0.4415826480625897,3.5,22.5,21.5,0.7801136062152044,-0.9858133884725351,0.16784505684797127,-0.9800235506744273,0.19888147254957753,0.7873202130467122,26.443761468840165
10.58250567786827,16.200586679113233,7.027692238001019,0.4560892380604504,3.5,25.5,23.5,0.789042162339673,-0.9808227135108797,0.1949020386274981,-0.9870957819227103,0.1601309380175899,0.7874335032904868,36.70190873657472
9.083472292434912,17.172218680480047,7.726844658429874,0.4510082637619639,3.5,27.5,21.5,0.6861862803922036,-0.9675271084362685,0.2527672732791037,-0.9775561586296397,0.2106750026112796,0.6695153158146977,6.638443508660501
9.137708227166122,17.40049433007416,7.1884588507675335,0.3534197441497816,3.5,27.5,25.5,0.663465314014728,-0.9783989332678191,0.20672572984607815,-0.9761185301985998,-0.21723861305699135,0.6845816406866392,65.67842934352029
10.76466049707163,15.96711645026178,7.547787768723965,0.38475403070411307,3.5,27.5,24.5,0.733916535933775,-0.9966661661735496,0.08158770253486906,-0.9999885195153646,0.004791746807705189,0.7832661623271363,76.42768775209208
10.44332184716966,15.18597628790125,7.706488971110945,0.2847319705275717,3.5,27.5,14.5,0.6027649533556713,-0.9208625505701017,0.3898873721442219,-0.9783230127175373,0.2070847236936646,0.9532037777693328,23.888401477301215
8.80439959716026,16.7932075358132,7.378744756661843,0.4205841421787827,3.5,27.5,20.5,0.5463367835402189,-0.9998367666247702,-0.01806765356444814,-0.9959177826575641,-0.09026499978641161,0.9092056361907328,19.654666168344917
8.821883757470248,15.822763625164745,6.0775523744670865,0.4635593197361207,4.5,26.5,15.5,0.6238731648986511,-0.8715560359004333,-0.49029590686188945,-0.972051306891632,-0.23476851741720026,0.8200215796529573,8.445054949420111
8.259515431165578,14.010537136239304,5.4694916834139224,0.22904938536002942,4.5,22.5,4.5,0.6297361529665552,0.9971489073617196,0.07545897260981516,-0.9805577338553998,-0.1962308094473522,0.4553268821743008,52.6742860270386
12.263890937889423,15.969781704101223,7.343013425206577,0.25323091286769456,3.5,27.5,5.5,0.7404055797249279,-0.9999852524361332,-0.0054309216752593354,-0.9958277640662621,0.09125274962865007,0.896728648365204,27.737244930725062
8.447518305157029,18.431317621699574,6.473193649647263,0.1923154334386459,6.5,27.5,6.5,0.661329467088496,0.9250197242793932,0.3799190830875378,-0.960247179833386,-0.2791511304330124,0.6248458111115222,31.7323788882681
9.799862775535921,15.02445696402962,6.320313763311533,0.44912749621314574,3.5,24.5,21.5,0.7192645034003148,-0.9962654709207754,0.08634298727172711,-0.9810443779603166,-0.19378319966512927,0.8069297690388473,76.6419838166608
12.49270557090656,15.421195012853156,8.276184594034566,0.38992338358597034,3.5,27.5,5.5,0.8240805416996068,-0.9996881937237712,0.02497028893112544,-0.9998950821518531,-0.01448532666317678,0.8440726825516365,8.764079825233196
11.093657992154075,17.14921467407933,7.04485479451355,0.43284897559075963,3.5,27.5,20.5,0.6744333386009923,-0.9998632112987018,0.016539609773131785,-0.999364320965641,0.03565044152438106,0.9341283779476487,8.703003824371393
13.722070904170225,15.39281276149179,7.750557127361799,0.37810234735880927,3.5,27.5,8.5,0.7839077823132958,-0.9965961465515067,-0.0824385873161812,-0.9964332485096283,0.08438472174836689,0.849948803422998,18.764160459770594
8.227341132703689,16.824418614681388,7.670688449928792,0.200603470653044,3.5,27.5,3.5,0.5930739699086469,0.9945667340166049,-0.10410096823538162,-0.9284870110005559,0.3713648750262384,0.4080850752248889,89.17374107857417
7.035318612928959,16.928808466563986,7.531573704177454,0.2700285751866974,3.5,27.5,10.5,0.5352176309154622,0.9907123452908181,-0.1359744420410208,-0.8543571370304057,0.5196863307854157,0.6467160109806377,59.216383752405605
12.00069087045477,17.53912854650467,7.305165371601032,0.15155685098213295,3.5,27.5,3.5,0.828615063416937,-0.999309473571142,-0.03715610354930957,-0.9999839073194932,0.005673191521472167,0.9261515286068583,1.7951959769624892
9.138681514468864,16.345654947565684,7.719603044074688,0.2613011589627431,3.5,27.5,27.5,0.7548865019193645,-0.999923661486464,0.012356018756188787,-0.9958147656112394,-0.09139448884168222,0.4737350561278509,77.1872185120347
11.297733231909323,17.10007465665792,7.257660509041745,0.326517367351168,3.5,27.5,26.5,0.7466679378294693,-0.991260393486208,0.13191979497243092,-0.9978771849040454,-0.06512391149169082,0.8005615559499875,25.363789813253845
12.734140471853772,15.231812988811079,6.999281754478236,0.4776021574465282,3.5,25.5,21.5,0.7867670435337295,-0.9767238984878112,0.21450041054219926,-0.9926576329075554,0.12095794240300659,0.9284399360535435,73.07090908690677
11.72201036400899,17.26928030134775,7.359610806803004,0.4732145006245754,3.5,27.5,21.5,0.67512091103056,-0.9397938566502828,0.34174187188927807,-0.9990905949272738,0.0426378133569965,0.8181958297502564,0.0813912416554956
11.994310048012693,18.044392626601724,6.809337132599688,0.3466857916397235,3.5,27.5,26.5,0.8214416210472275,-0.9999374264487692,-0.011186741572613162,-0.9935920714756967,0.11302564089901876,0.8767231773393104,57.286590159518354
11.961640146774739,18.051498547016468,6.812275728824031,0.3470166887723344,3.5,27.5,26.5,0.8285605631950562,-0.9998787051235084,0.015574820722436395,-0.9936813319259675,0.1122381868253192,0.8778701355073466,54.59493050601941
9.040401029169107,18.146495837922977,7.076791334168343,0.12558954871422484,3.5,27.5,3.5,0.6970880654455909,-0.9998001951739487,-0.019989240359106274,-0.9902085148356575,0.13959619316787064,0.9189989253880831,5.733953904997378
8.171169968284353,17.472677929814374,7.24238052358266,0.28172262956937616,3.5,27.5,27.5,0.4964420836153223,-0.9834812782238883,0.18100987647945285,-0.9779672218427184,0.20875850402135765,0.7680631579254846,79.3991550467594
13.085847387334123,18.13688124630696,6.247747859244345,0.4826700312908147,3.5,27.5,21.5,0.7955361406733041,-0.997142043782531,0.07554961628755572,-0.9909639990366813,0.1341281201434964,0.8899681493163953,68.44272380410608
10.054552778650617,16.524646582958567,8.19341866550376,0.250934456549769,3.5,27.5,3.5,0.7006062110994941,-0.9966585427847994,-0.08168077554773978,-0.9840776773972122,0.17773892327936627,0.7358159727071503,10.948766502779804
10.426135716766053,16.329923437680783,7.923901444584537,0.2491264234924942,3.5,27.5,3.5,0.598766380677964,-0.9662768731756468,-0.2575053482277503,-0.9669364640410704,0.2550174004019173,0.7225684289161252,13.144918732785968
11.92313792379402,18.190052167613942,6.528381086390777,0.4487113583617657,3.5,27.5,24.5,0.7651183757865898,-0.9952742212956086,0.09710419365001648,-0.9781812096344649,0.20775351048310842,0.8273659800032978,0.8178631561104623
10.45112109807875,15.099272117575365,7.63505549977116,0.28932456875055407,3.5,27.5,3.5,0.6516671457608643,-0.9946816903676764,-0.1029967710527954,-0.9715583994691395,0.2368000769023607,0.9474768791248855,2.9052862607579755
10.743344975680333,17.675458202782306,6.484294404284731,0.3620971259849374,3.5,27.5,25.5,0.7110234961252238,-0.9985971572422362,0.052950142093526394,-0.9730364545318263,0.23065137795411753,0.8809723452249355,0.28203307438700165
11.945529729556105,17.887686729050653,5.925186193423983,0.5258349107458526,4.5,27.5,18.5,0.8057794325643755,-0.9985281792541525,-0.05423536886006243,-0.9938754301996773,0.1105062407532098,0.9439940028329331,29.3769305693595
11.8313802638453,16.897526520373887,6.461336950545764,0.523848749781094,3.5,26.5,21.5,0.7833900231386297,-0.9942469636880544,0.10711197504053725,-0.9963658113857167,0.08517728512744753,0.8856123738890062,79.88824433240342
9.39099066538002,17.780785131746512,7.034822105225232,0.46983928811669873,3.5,27.5,24.5,0.7018686796247233,-0.9997311121075892,-0.023188434274929875,-0.9668848063382942,-0.25521318788839914,0.6782926868519598,84.0554885488728
10.05015789087216,17.538695090284882,7.3134780635793195,0.30543858572378696,3.5,27.5,27.5,0.7119599871738393,-0.9999941874909081,-0.003409543136344877,-0.9979020049698198,-0.06474247815162519,0.7734578726446788,59.85554290411417
8.311530812277264,19.446315966643343,6.565330020292348,0.44047148207686476,3.5,27.5,26.5,0.742930344689285,-0.9978122696502114,0.0661110772525593,-0.9975042903241825,-0.0706058835002364,0.7417441153239486,87.0675795322754
12.91812153338765,17.482568494485133,6.369646572581137,0.49719660181717074,3.5,27.5,21.5,0.7934608780322685,-0.9969714345457833,0.07776862284831208,-0.9850919518908453,0.1720286206416957,0.9427442415208761,27.628136632780425
11.96403330031237,17.18284416436465,7.094345423654405,0.47790777326242323,3.5,27.5,22.5,0.729361607827745,-0.9999746558591461,-0.007119525221683545,-0.9832476809012969,0.18227451276089435,0.7310495855329018,73.39351671630068
10.01192223067774,17.85575758615903,7.300865317869338,0.3703654106804229,3.5,27.5,26.5,0.664159982888855,-0.9998629810521731,0.016553522932046313,-0.9987783659961448,-0.0494143260408474,0.8237443742604681,15.11367927315824
9.356266944495637,17.22846284716134,7.777927888386472,0.312984759787454,3.5,27.5,27.5,0.7247188560458615,-0.9939480379447199,0.10985125336491018,-0.9977102993769644,-0.0676325255859045,0.7452163542973139,61.63598690404289
9.902915187220449,18.99712160460101,6.629496573424379,0.4118786577597003,3.5,27.5,26.5,0.7616216327438129,-0.9823540517972926,0.18703079136185602,-0.9489446877249657,0.3154425139998848,0.871889140223289,84.83470728700902
11.982468357676515,17.766217266607825,6.131423813899683,0.5439098264322717,3.5,27.5,19.5,0.7953176578636885,-0.9891661277179987,0.14680044882553972,-0.989568412886556,0.1440637227659442,0.9416312073865557,57.08332105992447
12.314284324961333,17.038142566549606,6.970044122888868,0.4711204188104463,3.5,27.5,20.5,0.6979358120582492,-0.9930754082477423,0.11747865139496637,-0.9957974495505292,0.09158296494797163,0.9747350951004089,7.2650880216937
9.910847445394039,14.455282534386924,5.746466082937767,0.5446728843475178,3.5,23.5,17.5,0.7213548847748307,-0.9996777127495937,0.025386426131710178,-0.9599994017475337,0.28000205114316085,0.91163675433066,10.289502918073836
9.136906049432369,16.802289717951762,7.807687626380399,0.18893158129316465,3.5,27.5,3.5,0.711221008607751,0.9364048267058638,-0.35092164441932233,-0.9992191923651582,0.039509563514684765,0.6760301377927339,82.63104298591476
10.730537799197783,17.305154013344215,7.790288022969648,0.3669901381479675,3.5,27.5,26.5,0.7405529894174485,-0.9806010402475956,0.19601428485019495,-0.9989979638717112,0.04475564970118438,0.8349783256458065,1.1872539171269807
11.53420366643506,17.724393299770913,6.673809474337954,0.4909806743817059,3.5,27.5,23.5,0.7727244794786439,-0.9874886849791356,0.15768987614357988,-0.9995898293313595,0.02863866437708808,0.7988179169398817,86.24429578174195
12.51423957946882,16.60440220749503,7.0747358682841766,0.43362792086225993,3.5,27.5,23.5,0.7822132589424922,-0.9955652449592414,0.09407360431728806,-0.9990721083206896,0.043068809777521776,0.9600701649217729,3.394367085483154
10.035549784227108,15.911653817438411,6.695636995232011,0.408325831216133,3.5,27.5,19.5,0.5640577412400978,-0.9752392270369343,-0.22115254926950964,-0.9500498421582482,-0.3120982175775564,0.7281131248573616,65.40847885665858
10.790722356227036,17.552674948750433,7.24447824174105,0.2795551602305829,3.5,27.5,27.5,0.7001727665614252,-0.9867371006072894,0.1623265051835965,-0.9955608468119432,0.09412013756410766,0.953944352997742,20.224775432397507
8.693613261348968,18.443015752735416,7.223898352011957,0.538025134064022,3.5,27.5,24.5,0.6771738531206933,-0.9940976234728507,-0.1084892391236582,-0.9684761804158739,-0.2491061780989777,0.9234593123683267,10.115941691105533
10.008072762897656,17.068917493474537,5.844689273414779,0.5236044653534678,3.5,27.5,19.5,0.7868980138644891,-0.9978021956252354,0.06626294896440602,-0.9996737534683977,-0.025541860276908874,0.9401842890540256,62.613353046017224
11.382626979289919,15.635426222396548,6.499948300138575,0.4294241050300084,3.5,25.5,22.5,0.7597253510054516,-0.9999733897336247,0.007295191885371931,-0.9781421763421809,-0.20793720893717374,0.7110858818720299,72.25196773990874
9.221859186937548,15.428520622895363,7.697263242913298,0.33186478506113887,3.5,27.5,6.5,0.557627868559045,-0.8528905009555497,-0.522089832672301,-0.869657750685152,-0.49365513941742956,0.8347656085730363,27.10047371353366
10.891831957808757,14.774741550355012,7.508629726173265,0.33307360852299833,3.5,27.5,4.5,0.6697046163521909,-0.9795394393356992,-0.20125229634939323,-0.9194875581035817,-0.3931191047160038,0.8947714588934973,3.6345854253364536
9.421051545904806,19.165402042187466,6.539987190609739,0.352053132644093,3.5,27.5,27.5,0.7465804740676192,-0.9996528882039345,0.026345836588198984,-0.9968024839501034,-0.07990499352921479,0.7670540024813939,58.00507925001507
11.139501442426756,16.341315499881333,6.67441742990048,0.3798835241522175,3.5,25.5,24.5,0.8049338264229644,-0.9932904273362998,-0.11564656052849538,-0.9496940244197661,-0.3131792777011093,0.8455429966863967,14.505449039238442
10.72011826918181,17.048271727216513,6.803727765100039,0.5247359931441363,3.5,26.5,22.5,0.7616100456104745,-0.9959716432368853,0.08966875636484889,-0.9999725384996782,0.007410954493830969,0.7100786597907166,73.34344661003476
8.894778911465433,14.97467629686342,6.45474053487425,0.20325687195549033,3.5,24.5,3.5,0.6306628218212247,0.9718905110081423,0.23543329121501066,-0.9461780194765941,-0.3236466521676843,0.5622227750138332,71.49320823223323
8.51191592893397,17.289927387318368,7.391100043088795,0.498335377643488,3.5,27.5,23.5,0.651539650612461,-0.9995175225282018,0.03105997680433115,-0.995603253346222,0.093670496563317,0.9294266014638496,5.101561447855644
9.541501694564008,16.952643687671095,8.011125361158777,0.41279151330059133,3.5,27.5,25.5,0.7199801841468518,-0.9950524257366354,0.09935124576791936,-0.9430383700050483,-0.33268398323066534,0.773821274468344,49.2847988881729
11.94479013480352,18.40032009931556,6.178949390465815,0.5250389975459051,3.5,27.5,22.5,0.7893900965320251,-0.9849280725457082,0.17296442383159624,-0.940253493524229,0.34047520895871786,0.836439310876054,78.48570829187933
10.450863951171073,18.83651908454026,6.558108130025808,0.384322225848367,3.5,27.5,26.5,0.745441474072333,-0.9607862257121939,0.2772901521542322,-0.8856079353838442,0.46443361719966497,0.8166717554934498,49.87693956137112
8.44881000402871,16.845215339239566,7.024219761454764,0.42906792986059217,3.5,27.5,17.5,0.535348054774258,-0.9122816310962986,0.4095634573106798,-0.9817528557069172,0.19016132706550293,0.7204163644904668,55.45241808233117
9.701241172392166,17.335158086031047,7.528595222343059,0.19433402835951877,3.5,27.5,3.5,0.6095738201983819,0.14378996736812366,0.9896082281813717,-0.8957672956594519,0.44452328625950754,0.6890376012979001,41.55223374857151
9.552181331279371,19.24608180235276,6.585347141615207,0.35820585999235527,3.5,27.5,27.5,0.7348691294308993,-0.9987073474163854,0.05082946209165736,-0.9162125052968245,0.4006927066190703,0.6673800785829085,82.8837520927743
11.022012674728526,18.736002045966238,6.809608114211375,0.4546818717551938,3.5,27.5,25.5,0.8025647409553686,-0.9902962399330744,0.138972505102322,-0.9420566368414082,0.335453861183703,0.8062999673784635,58.110165057723705
11.398967333143775,18.54938242210936,6.627321468259818,0.48197670683722443,3.5,27.5,24.5,0.7546977574481717,-0.9445157206775702,0.3284662134724518,-0.9129059728718235,0.4081699213501032,0.7981578501985823,69.37067121796063
10.40433960449075,17.381459706529217,7.611615258839239,0.40071281706601164,3.5,27.5,25.5,0.6935759854469258,-0.9869906597877696,0.1607776025810289,-0.9308714782181953,0.3653468092646657,0.8024619949578558,23.159027684424537
8.57930461925478,18.22881372553334,7.0436084235033665,0.38324729737395885,3.5,27.5,26.5,0.5836413988151742,-0.9950349781930609,0.09952583670753481,-0.9236441610150332,0.3832511758923061,0.8553932263609928,17.249075837215102
6.960705912548025,18.12910577861175,7.219257464272911,0.33047722684900127,3.5,27.5,27.5,0.4802349969337532,-0.9873534325747696,0.1585345362462704,-0.964934726627839,0.2624899490412114,0.475536416613993,15.412896768049166
11.69096134953785,17.423023189125512,6.4347025037537655,0.521324290151352,3.5,27.5,18.5,0.7789944275964773,-0.9999735828685542,0.007268670100277163,-0.9980430615148795,-0.06253037151661807,0.9157968026703919,13.691806676844877
10.930613557685621,17.434422116132442,7.556184183434644,0.5212160723747792,3.5,27.5,22.5,0.7494173792488222,-0.9917784827036532,0.1279665630000252,-0.9933357176108222,-0.11525689618670497,0.8707171350690759,29.429993089197936
10.346406588145623,17.728086965067607,6.7008895017560555,0.4137575640560238,3.5,27.5,24.5,0.6078026844933392,-0.9760149036338899,-0.21770371582618558,-0.8368281555560628,-0.5474656501266887,0.8374460772343689,23.951803481920706
9.717173127631446,17.98217219440989,7.299041409341077,0.31992319812639114,3.5,27.5,27.5,0.6907725993171975,-0.984181465071664,-0.17716332523802114,-0.902965850400658,-0.42971231424083783,0.9178819698519366,3.864642238310779
9.26691071012749,17.08527234813902,7.400082368815793,0.35277515780724134,3.5,27.5,19.5,0.5643325153489692,-0.6277319438061442,0.7784295772421291,-0.887321500041103,-0.4611513369435319,0.4578436180816839,31.11046950255688
10.862240973133124,18.94162564836003,6.436301924690082,0.5805648279373896,4.5,27.5,22.5,0.7859695163979898,-0.9935075959577714,-0.11376579791048694,-0.958880390516994,-0.283810494312626,0.9211460021199884,88.82552890359824
11.661924018926094,18.123547497240875,6.798381386727374,0.4634654731681397,3.5,27.5,24.5,0.7357675754612721,-0.9975136609908261,-0.07047337182709083,-0.9860351298748775,-0.16653745120132446,0.7982325274749239,38.01173028275146
9.30750141102678,17.33771797918394,6.774439419490184,0.5064684511223274,3.5,27.5,18.5,0.6087582428943439,-0.9491069381869219,-0.3149539964589215,-0.9474165085972817,-0.3200030612936958,0.7994689835079742,68.70862038666303
8.457308332406775,16.638100772662884,8.450049085554207,0.42336165384353813,3.5,27.5,25.5,0.6478748346219826,-0.985812605532881,-0.1678496552646816,-0.8473504868207314,-0.53103404079651,0.7791736312727269,17.534200557689843
9.269404052608229,17.583078914142032,7.702905470400324,0.378508045200175,3.5,27.5,26.5,0.6908291704286874,-0.9822544010923793,-0.18755343647785125,-0.8807750245644171,-0.47353495763623443,0.510486011120242,64.03407801977812
10.629321034653683,17.776966693559775,7.089209351525208,0.2939873999288162,3.5,27.5,27.5,0.7260354031500927,-0.9963035234222998,0.08590278933952541,-0.9979397613253348,0.06415787376412892,0.9207491769654202,60.86536024145478
11.954936355156374,18.003594755883128,5.91752524787688,0.49361878056302316,3.5,27.5,22.5,0.7982394846244344,-0.9739330443747165,0.22683567857591644,-0.9962158638760605,0.08691347744552812,0.9327073667989351,73.34366329372253
11.890525153987813,18.0704734157411,6.59252084540749,0.45022763493565543,3.5,27.5,24.5,0.7606831259806272,-0.9714074773389098,0.23741843435179044,-0.9776303121994898,0.21033062703450495,0.9494477896229604,10.08489362010448
11.181069645727252,16.66417740388443,6.902373830145728,0.4315841059464275,3.5,27.5,23.5,0.6806397956006843,-0.999405253659617,-0.034483894176219526,-0.9987647806356907,0.0496881571578226,0.9473104366859583,20.089887808286313
10.075554583167014,18.35149690847427,7.039693008576834,0.32633664799295004,3.5,27.5,27.5,0.7474728134424008,-0.9856751340668255,0.16865506242726794,-0.9862458304559647,0.1652850928191182,0.9168343840022876,38.36285235561946
9.353184299117405,18.428212347155156,6.976425956159427,0.4382526879244858,3.5,27.5,25.5,0.6666775040703113,-0.9907841222853648,-0.1354504449133309,-0.9995460268109861,-0.030128728588695836,0.7351866961463348,58.451027343476525
12.170977894332667,18.381563098488698,6.347185682937945,0.5274881528088359,3.5,27.5,21.5,0.779520449920938,-0.9995042992484441,0.031482626699130656,-0.9999546789789955,0.00952050355885217,0.8834917385378821,59.36827180336766
12.607088267326496,18.349900280673413,6.486048454492234,0.284202222837119,3.5,27.5,27.5,0.7517433813980571,-0.9975870066338909,0.0694274023367809,-0.9977739583713632,0.06668679026569811,0.7987315792817643,15.516857608962908
12.251302546777525,18.492998991972648,6.409573822569146,0.5312829157360524,4.5,27.5,23.5,0.7822989975084759,-0.9975836672637899,0.06947536835834789,-0.9937725270232158,0.11142784451783896,0.9417423832286745,62.60395335204984
10.100874038567422,19.23481891892943,6.498189268971092,0.41801778893498615,3.5,27.5,26.5,0.763679371977175,-0.999995934683221,0.002851423684947405,-0.9972748825889638,-0.0737753926263262,0.8829378188887681,77.43955947854609
7.112296342311596,15.465225809196312,5.210871297474303,0.5979002653183352,3.5,25.5,15.5,0.7336432370507235,-0.9986807567083607,-0.05134925686332974,-0.9998013470039527,0.019931546078557884,0.9565957512709813,25.422846945464727
5.0911203359264885,12.52560332883427,4.801291515315531,0.601396530147996,3.5,18.5,16.5,0.6401788921006027,-0.9993051319945049,-0.03727268664109509,-0.9648126930446242,-0.26293814356228273,0.4244664853744331,28.728363510305194
8.68555652218362,15.330101083922479,6.403990579994735,0.42173279590664425,3.5,25.5,22.5,0.5885578135279311,-0.9435093835804025,-0.3313458059123865,-0.7928338777965228,-0.6094378083267631,0.7978972739519982,30.23843861756548
9.343753158012005,16.976424891025296,7.2599800609204586,0.47867803699083683,3.5,27.5,22.5,0.6033751753340933,-0.9802750561077804,-0.19763808937775115,-0.8732761756790451,-0.4872255340100531,0.5436094163290964,84.50161233781861
8.182914257379114,16.7286310909118,6.140546799960279,0.4950097009787143,3.5,25.5,17.5,0.601450524732075,-0.9993561801965427,-0.03587791943487424,-0.9986965792836222,0.0510405968537951,0.7563008523447566,2.423657475364891
8.696495062351822,16.555972632522572,7.7997510703322455,0.47506849285139047,3.5,27.5,23.5,0.7065580821577135,-0.9519023721533622,0.306401491329272,-0.993573512364629,-0.11318867225749424,0.4535724598024475,73.10570605041733
5.951902931969279,12.24827660132465,5.65412289797415,0.34313787212838576,3.5,19.5,4.5,0.692873756717535,-0.8883300402965493,-0.4592055525652222,-0.9998962931235923,-0.01440149289827939,0.7738845961483329,68.92517184907219
8.15182793419785,16.37041925653916,6.717525947766041,0.49736437973997716,3.5,27.5,19.5,0.5586186442718367,-0.9743969722679502,0.22483447341333482,-0.9233760792164395,0.38389662193209717,0.7320002780129219,1.8927398342884345
9.594955643962932,15.942148452033356,6.63525898719471,0.4040867917621919,3.5,25.5,23.5,0.6742277584884293,-0.9992895440400769,0.0376882895894122,-0.9872504312544074,-0.15917470272623924,0.8220257842599302,13.314985229193198
8.039044707874677,15.977096098950527,7.428162988673775,0.36105540136705555,3.5,27.5,23.5,0.5867898833185353,-0.29004209436156614,0.9570138888743237,-0.9964848373894407,0.08377331826387094,0.5875462870849707,60.73624433920258
10.553674825767935,17.469278909092825,5.6462518510204855,0.5632541928238172,4.5,27.5,16.5,0.7346878188825655,-0.8476343123166904,0.5305808822257086,-0.850224603879881,0.5264201012093853,0.881941668690706,40.67676146405148
10.04208913086093,17.973059315616613,5.899401363539936,0.5933915940158344,3.5,26.5,20.5,0.7345845487891319,-0.9688498830578635,0.2476487514581171,-0.9290080057589419,0.370059623892953,0.7785457441807595,3.8928882984025677
9.003838853009364,16.608151222854197,6.8182037961905495,0.4832116766955338,3.5,27.5,22.5,0.6553630335167888,-0.9416425575935383,0.3366144585853373,-0.9009820997384054,0.4338562618552072,0.7578210738091847,31.779725046697436
11.02840452505477,17.688139376073256,7.140505997911804,0.4150778901967181,3.5,27.5,25.5,0.7097742369607316,-0.9518064112395614,0.3066994547162854,-0.8358992524394179,0.5488829016932686,0.8656851553162003,30.387980311696126
11.392982858785356,17.885903520584574,6.994564221844356,0.5247126745008949,3.5,27.5,23.5,0.7137888189721655,-0.9249053885283831,0.3801973464809569,-0.9281228139465723,0.37227414929309344,0.9061022399068182,16.065330037049023
12.124438240975456,15.45949761088008,7.3255060340815925,0.43156488796503417,3.5,27.5,22.5,0.763016650479027,-0.999952233117162,-0.009774020871723101,-0.8857978019741766,0.4640713889238568,0.7643457173134982,15.36179789165206
12.278140050269366,16.99943992547058,6.800309455769834,0.39678487555686814,3.5,27.5,24.5,0.7575332288382336,-0.997037108015593,-0.07692207251434979,-0.8418550911399865,0.5397036274861278,0.706208012204598,86.46970495052196
10.866469748823668,16.305408423291027,6.793533769461468,0.48985339488107404,3.5,27.5,18.5,0.6843790577039056,-0.8965710110269177,0.44290001375724813,-0.8319794608406774,0.5548064317753136,0.7648974718999894,23.859625648787294
9.726267375428442,17.73237538903728,7.24094407287574,0.365922418869985,4.5,27.5,26.5,0.6278616123422761,-0.9541853179474047,0.29921627464696887,-0.8150402810949188,0.579404297699556,0.7142598654848259,52.61468515312812
12.09586230150083,16.833065902833784,6.9713618801491455,0.45813762639171896,3.5,27.5,20.5,0.687212367752686,-0.5652094275474739,0.8249474546972412,-0.4825028796655925,0.8758943835385695,0.8661949243502507,25.663514461549212
11.933236242379047,16.970005386718462,6.63140438397283,0.4376244624206851,3.5,27.5,20.5,0.7091907094150679,-0.9999342024335015,-0.01147130348640983,-0.9786278878309593,0.20563914306258754,0.8885985396445867,71.53172531425243
12.636022193804571,16.322423596260496,7.033354122497995,0.4339223187708158,3.5,27.5,21.5,0.7384067204829814,-0.9769083855782547,0.2136586206706579,-0.8592211984638641,0.5116042729594046,0.7962481650802444,28.967364210705995
10.099017754907745,16.03986662028276,6.981825753793533,0.35287640285371075,3.5,27.5,11.5,0.5933886864475904,-0.9994233976006065,-0.03395397367702258,-0.980799214670873,0.1950202566427361,0.8215382617076433,88.43253801219609
9.30213867354737,17.426866196451456,7.577058733211498,0.424309799511088,3.5,27.5,25.5,0.6197218482910493,-0.9698826558861756,0.2435726458598713,-0.5381753333313164,0.8428329078730413,0.5460624687544147,85.40809084054331
9.30090116771684,17.677121453783013,7.066308048752676,0.34928611774449564,4.5,27.5,26.5,0.6089227344419622,-0.9570910376658389,0.2897874145295611,-0.8067026799990872,0.5909575163091594,0.5193690961177753,84.60574694643272
12.04197734252813,16.87817672986033,7.654117398299043,0.18901746246416062,3.5,27.5,3.5,0.766421797859664,-0.9385197249159525,0.34522561600160107,-0.9139448284268841,0.4058384538110619,0.8324097301093101,8.986959880030312
12.164216927291578,17.475469784907414,6.938110008115246,0.4802178528482198,3.5,27.5,22.5,0.6907012100874267,-0.9999279798755568,0.012001460827248778,-0.9506760766411099,0.31018542406481087,0.9019814256825136,7.8013880454040105
11.041418030211112,17.04454487860205,6.918807392941303,0.45542858568998584,3.5,27.5,22.5,0.619604645707575,-0.9898983751493383,0.14177872504963449,-0.8703549692788439,0.4924248444703238,0.7890949424540776,5.584310666804825
11.14933549677917,16.044735863488164,7.800846411262139,0.43656588392212625,3.5,27.5,23.5,0.6081379837005286,-0.790657817344515,0.6122582917952255,-0.7301470602751428,0.6832900338593905,0.9276686460249742,21.780436151102904
9.810145471641874,17.097642700540298,7.291074260432455,0.272491682648331,5.5,27.5,6.5,0.7111301067114897,0.9487255172369103,-0.3161010802631919,-0.4578590174649512,0.8890248141227721,0.4250778051642237,74.43076189577594
11.698659603034475,17.87499597225782,5.891160362011062,0.4872800188457995,3.5,27.5,21.5,0.7754384597940299,-0.9781976303483331,0.20767618058146683,-0.9999409398027662,0.010868160210480472,0.9536492756236662,87.53857657501213
12.960408924102207,16.719558917444235,6.73708160173106,0.4950645323884439,3.5,27.5,19.5,0.7746346274642223,-0.9880223850091757,-0.1543106176540685,-0.9916057080602757,0.12929856821434352,0.9315775925539886,13.870125032252346
9.497928745192898,18.232898516358286,6.627330647161731,0.5245095893511482,3.5,27.5,23.5,0.6625786774955882,-0.95640945721235,-0.2920290227953001,-0.9985507353595993,-0.053818481145453435,0.8906724346318508,5.1439453812759695
10.156601788912527,19.161091703313005,6.194190264989691,0.46409860869561265,3.5,27.5,25.5,0.7400645269833123,-0.9995027529106096,0.031531681276340345,-0.9994518377021757,0.033106254903625135,0.7645183968215614,8.464367916877478
10.761122083884324,19.126630196743086,6.480569239517066,0.3365665126343028,3.5,27.5,27.5,0.7656610181365051,-0.9988959934990349,0.04697652787910219,-0.9962635391036634,-0.08636527457632177,0.9104150720945969,5.4854196699995725
11.094379740691174,18.30089896231683,6.430574551761569,0.5372872707023421,3.5,27.5,22.5,0.7269926188983791,-0.9740252113533175,0.2264395894010699,-0.995532864308451,0.0944156559147436,0.9003663379911823,84.02331286302977
12.092216676434163,17.623037685710568,6.647325660946806,0.4846636704388005,3.5,27.5,22.5,0.7720910264088124,-0.9905561292508329,0.13710782181774772,-0.9942484963029105,0.1070977478726863,0.8916143457376706,2.643451806476264
10.493595155568169,17.252720505232702,6.338917527779225,0.5323435924500098,3.5,27.5,17.5,0.7252735642396326,-0.9840127917974719,0.17809779779364224,-0.9999517753987189,0.009820737087915912,0.7340403244300617,78.2310023081455
9.221775651384297,19.064615269789062,6.795827839966403,0.42883848173542183,3.5,27.5,26.5,0.7133404141915769,-0.997472621439152,0.07105187878800938,-0.9956450015502414,0.09322569864592012,0.8601396401134571,28.98787843322541
12.482016127258317,17.763074430028144,6.660261472282881,0.32944920757613677,3.5,27.5,26.5,0.7148027868842582,-0.9994981273150906,0.03167796542751607,-0.9981433638045111,0.06090833516864057,0.9215908560068956,1.2279730732587666
9.550803389478101,12.457981423895482,7.671868683645944,0.4802027784683321,3.5,27.5,4.5,0.8186483831643608,-0.9988958256084958,-0.046980097721498394,-0.9654539358485132,0.2605737856243695,0.7087549726306652,75.33571066035888
8.517532084461703,13.093421781123347,7.464983877039439,0.44224932977110404,3.5,23.5,4.5,0.8000287110997729,-0.9603764652149194,0.27870601906183634,-0.9566134867450821,0.29135997833850935,0.736435309424604,7.71196971308359
6.93419550627089,14.506303002315143,6.887060030922164,0.18658908900965993,3.5,26.5,3.5,0.5950653105073015,0.48787214931578005,-0.8729150966285331,-0.8918022662969873,-0.4524253726611245,0.6849229997280044,65.42839603262269
5.452770077258755,14.420384305325204,7.194579431427992,0.25219543279161444,4.5,27.5,4.5,0.5078165934797757,0.9942336811456499,0.10723519606719698,0.6810867571731314,-0.7322027241163392,0.20047645307323106,15.886811185444529
9.645427771558595,13.491969244040073,8.23044982157965,0.5682674745585693,3.5,27.5,6.5,0.8341504254370514,-0.9997225258229545,0.023555707634710876,-0.9842568462515301,0.17674405395088053,0.8819539386377577,5.0607914148584
10.656932307821712,12.210907940118954,7.321935593616705,0.4577753263887099,3.5,26.5,4.5,0.8658440862261811,-0.9717289637377712,0.23609917626522428,-0.9923862140520139,0.12316493884020141,0.6762147666521471,50.4130459175708
7.62567599228856,10.629334051003624,6.373624181840515,0.5623782136186136,3.5,23.5,4.5,0.8324596672420673,-0.994694649811235,-0.10287153948932908,-0.9984110408310617,-0.05635063040140813,0.6863287148745559,44.580400054251214
10.668948054003845,12.269016582811728,7.370227041071787,0.45662296395872815,3.5,26.5,4.5,0.8593409138901588,-0.9708026701969918,0.23987950212219178,-0.9915701162252827,0.12957123372484897,0.6789762489956088,49.43965822378895
9.369358433809781,12.880805286672581,7.9145578639400975,0.3690554421173393,3.5,27.5,3.5,0.7952486277592197,-0.9667867389193364,0.2555844311567411,-0.9790918052435674,0.203418870572256,0.7479598449895352,4.2072887850471545
7.736200977781501,12.97516215121072,7.50944274119017,0.46549165953456717,3.5,27.5,5.5,0.6880903368763782,-0.8110922833881213,0.584918206100856,-0.96038943983513,0.2786613067025364,0.714159487682203,25.66862806977589
5.5017727468529465,15.151198072917666,8.460247804126205,0.23899675829416075,3.5,27.5,26.5,0.5253666257161599,-0.9851988866314991,0.1714151503807484,-0.9848368066970358,0.17348332535083996,0.8060381362739744,24.436625713829784
4.8606745082879526,12.311567023438238,5.8599593602555995,0.38977946798976193,3.5,20.5,19.5,0.6542811962352895,-0.9995054740093473,0.03144530847916515,-0.9944548644438792,0.10516426476662981,0.8361923216001284,66.44650732381832
6.50347882231448,15.880398071043336,8.125526699763055,0.3191965128749214,3.5,27.5,26.5,0.6397262463484303,-0.993122320418652,0.11708141050684513,-0.9014716421785192,0.4328381664640537,0.5641592046847231,6.314495212812417
6.648425513598646,13.890013892847586,7.83909343304929,0.5679948078372812,3.5,27.5,7.5,0.5090358087105102,-0.9975981076234823,-0.06926771012561972,-0.9910510788295095,-0.1334831792806317,0.8226091364558938,5.004715218288936
8.570986312325436,14.782403017462041,8.382057013139436,0.30944011484401274,3.5,27.5,27.5,0.6939006365530807,-0.996449852280961,-0.08418843085157897,-0.9940919273233408,0.10854142080590984,0.8684210054102877,8.690339677944465
6.544321946211753,16.23143818447095,8.231843809863248,0.29198573449352255,3.5,27.5,4.5,0.5619178483129827,-0.9977219029183745,-0.06746113278724039,-0.9999737317378691,-0.00724816074879312,0.8540969294044372,12.889355151713204
7.0118460808478416,15.694580258212053,7.634397885228222,0.4457449552211579,3.5,27.5,20.5,0.6584570107174862,-0.98961064015855,0.14377336639650892,-0.9839955703698721,0.17819292211664928,0.8855315413472329,43.13792443350091
5.835036383495768,14.245526110410808,7.464148529782402,0.3709905338499781,3.5,26.5,5.5,0.6081081889993772,-0.9499407189341679,0.3124302010223025,-0.9991554623944456,-0.04108968200584614,0.5568337540369115,4.027962990859621
8.152637588294759,13.432174270852915,7.695098812702554,0.44258582867466806,3.5,27.5,5.5,0.7029466982400265,-0.9993347132396742,0.03647095987464843,-0.9911931976053415,0.13242373284611164,0.9739577651035602,6.920014005352243
6.858846510880538,13.219275108309695,6.63508883561015,0.5412294231438606,3.5,27.5,9.5,0.5743385113735485,-0.9776604050916168,-0.21019070463770706,-0.9975117485578098,0.07050043609184907,0.6716336353719987,35.44707449394906
9.506561602186702,13.620307430426957,8.149958421737137,0.3542375015693191,3.5,27.5,3.5,0.7879041976034554,-0.9767118742658272,0.21455515530542507,-0.9602483788625324,0.2791470058801962,0.6716073523924253,5.293736529008498
7.824521564614247,9.146950541590547,4.67775160488433,0.5316958667855625,3.5,17.5,3.5,0.866920085210995,-0.9921913974905385,0.12472461964573027,-0.9872175682619618,0.15937839538324747,0.876938500683466,28.485329696299885
7.158433269003952,14.73162945531322,7.018553123706886,0.2384350869976344,3.5,24.5,3.5,0.6212408967331365,0.8375437859104791,-0.5463702102812174,-0.9669821559803656,-0.25484408962258437,0.6439918492682539,53.97563358434658
8.054559291141224,12.377762736305515,7.475568280359013,0.4714652803944053,3.5,27.5,5.5,0.7135821093018085,-0.9454732684711529,0.3256997061811312,-0.95422862109227,0.29907814812912187,0.7721402916564343,13.07212131755331
8.803913622565577,11.921368563879495,7.057663042872881,0.6045134246689965,3.5,24.5,6.5,0.8015422225710448,-0.9970648100088084,0.07656216194765365,-0.9955710265900912,0.09401239819487599,0.9492628587134812,76.0281757287622
7.93294790550918,10.576223691685035,5.937895374975719,0.6106753162512588,3.5,22.5,5.5,0.7630532143541039,-0.9991564467945789,-0.04106573789464646,-0.9982132101578413,0.05975271597490339,0.7408769589791395,80.8855813220062
7.111018566074129,8.982096660342945,4.739730163883538,0.5920563930559387,3.5,20.5,4.5,0.7950622112950562,-0.9990323625361378,0.043981116464487956,-0.9986143447883725,0.052624997699661336,0.6912654047201245,74.74057933623956
7.285976375411318,10.58980525790581,5.87842530136074,0.6747515578203975,3.5,24.5,6.5,0.6791651717164046,-0.9920422965313775,0.12590505110102015,-0.9855260394790306,0.1695241148296493,0.7512610173796551,8.750781897540861
10.076463492001732,12.946265968346342,7.554853107937452,0.47039402797034474,3.5,26.5,5.5,0.8065501362644403,-0.9961894718426004,0.08721545843461972,-0.9698807060331981,0.24358040985379992,0.72086235602797,8.702006721493532
12.27145661751098,13.016443731086243,7.474113633947255,0.5558890164556981,3.5,27.5,8.5,0.8176290005113398,-0.9740353878252193,0.2263958110570396,-0.9804529117100349,0.19675387650390663,0.8911154579856774,4.972747611994578
7.845244941056403,12.185520666593245,6.8849930180927785,0.4253687605983878,3.5,24.5,4.5,0.7339116640603786,-0.9835855500094747,-0.18044241688848908,-0.9995467705500367,-0.030104044296276573,0.534874409549259,70.4468139096297
6.756995820143285,10.947166501111159,7.072803577368206,0.46793967817418547,3.5,27.5,3.5,0.7956405720259578,-0.981986547100664,0.18895084364277234,-0.9637929474458383,0.26665174751661286,0.593732530591993,6.631334374413569
5.675955825371253,15.045395140436375,7.049758066927249,0.37335372984400617,3.5,25.5,23.5,0.5095221379692997,-0.7816707213396401,-0.6236913366404624,-0.9696315596619187,-0.24457031403585128,0.5288233765965391,43.789547136017454
9.278371942680463,14.35079020301776,7.66031042560576,0.34291720825255173,3.5,27.5,4.5,0.7027771029121141,-0.9930265679575805,0.11789077712182956,0.6641522971394587,0.7475973021649959,0.14020433484073921,23.666017307011302
9.674005210690304,14.031371132045585,8.286009939164913,0.5370600861369297,3.5,27.5,7.5,0.7353104449466988,-0.9964309986862492,0.08441128394429272,-0.9711346654080204,0.23853188810482376,0.4984779906952606,5.9200968245054355
7.189873072089305,10.109618475900303,6.000054078010278,0.6730388801415726,3.5,23.5,6.5,0.8163227422992011,-0.9961191085865572,-0.08801546175941384,-0.9989618003650957,0.045555695706756764,0.7189523219786838,2.441567011250598
8.149291455178476,11.196453573485355,6.622845378191791,0.5389254169663027,3.5,24.5,4.5,0.7688112203580469,-0.9995570178170907,-0.0297618570086652,-0.9932147907739136,-0.11629436524583253,0.5846591870799889,51.54824495045596
7.106771535591087,10.181266017000512,6.0657139277164225,0.6680945721418399,3.5,23.5,6.5,0.8119005343666426,-0.9951612601211594,-0.0982551085392832,-0.998408859976774,0.056389257131821025,0.7128881862460786,89.93449547942961
8.837577580008563,15.573130205872213,8.061134498259216,0.3542316200573016,3.5,27.5,8.5,0.7438657442249786,-0.9989220669042367,-0.04641879201107745,-0.993354496966995,0.11509493192772863,0.3773826122055718,0.5500391023399374
8.939891548673762,13.31805959047489,7.252773063697521,0.28424196887673026,3.5,27.5,3.5,0.7839842335544434,-0.9976923491735308,0.06789680699857391,-0.9508797377602551,0.30956053417221713,0.5900732516277319,39.9590025130097
9.411197192688865,16.309974518527667,8.094263951039776,0.4769197403781019,3.5,27.5,24.5,0.7451272574382344,-0.9979992548988202,0.06322568482349229,-0.9945340781125754,0.10441248714962077,0.7588658006824921,11.109016466572129
7.135443872878633,10.505811889886173,6.0914344842087,0.577173753076933,3.5,20.5,4.5,0.7664972658019485,-0.9904997995177358,0.13751417074369182,-0.9932449652320541,-0.11603636947602065,0.7988301420369293,64.06520630808993
8.795678965542034,13.760432617345469,8.386615687494398,0.36455089291394066,3.5,27.5,3.5,0.7551973365222785,-0.9935259334466743,0.11360554374199633,-0.9579405416725527,-0.28696675525240944,0.7723155996783595,12.39452054724056
6.4251569697077935,14.053412137910348,7.24079794089025,0.43659040630507834,3.5,27.5,6.5,0.5397278341633432,-0.9900409007081257,-0.14078002317460847,-0.9811102237465426,-0.19344955120136387,0.4443750206121749,44.05684159923092
8.161241284426,14.406051729206123,7.751906538103039,0.32035742143254436,3.5,27.5,24.5,0.66281344331876,-0.9998482552886526,-0.01742028691604312,-0.8971393300490516,-0.44174769097205124,0.6880533919194111,4.135431946727266
10.681095339856476,14.251374116198956,8.524701148220329,0.48481490682565076,3.5,27.5,8.5,0.7794019348839311,-0.9929354043529725,0.11865615357999422,-0.9862796254692351,0.16508331346403643,0.8498936138381582,12.790655829771751
8.426681961715918,13.53559808059701,7.564500481452797,0.34983758337069576,3.5,24.5,3.5,0.712931850464062,-0.998113342176566,-0.06139834011702083,-0.9664863031495947,-0.25671818366494764,0.7590766808295242,88.25580838876282
10.612100434809077,14.279872507080931,8.533386006920443,0.5101517579729625,3.5,27.5,6.5,0.7770421541689239,-0.9891020980315307,0.14723124556161368,-0.9863009858436486,0.16495564653520353,0.8496411233582553,13.22414915417093
8.277327237734074,14.653122352353105,8.60953844143025,0.382162183096367,3.5,27.5,4.5,0.6259669403977913,-0.9990808660782352,0.04286517276721723,-0.9959739684184123,0.08964292628467321,0.8830773801577607,11.371295055334912
7.134283745258009,14.912863516852045,6.869689817485463,0.4245001141551196,3.5,27.5,8.5,0.5120693525296458,-0.7409696964541701,-0.6715384642271915,-0.7811519956546092,-0.6243409002178387,0.6738118825376909,11.944651593865686
9.43423366769982,16.10499353376878,8.157832113428121,0.2806501806072546,3.5,27.5,3.5,0.7519122041858182,-0.9777634802767667,0.2097106974788476,-0.9964494685763594,0.08419297223575734,0.9094624581972642,5.178370471851707
7.5260326544766825,13.73117755172438,7.303530448859704,0.3406717055039037,3.5,25.5,3.5,0.6858890982124014,-0.9495410801487407,0.31364269019054575,-0.9973704077430655,0.07247254485963182,0.821185275600497,11.253368022898997
8.489643339445418,13.88067764091798,7.276636897041765,0.3181546121446749,3.5,24.5,3.5,0.7068247358936667,-0.999498024032248,0.03168122402357278,-0.9949817139784614,0.10005692803840877,0.8028776742999828,17.569702051974176
8.495778235843147,12.84025266631449,7.141001785189064,0.5498728667625138,3.5,27.5,7.5,0.6806403587857663,-0.9999897919304146,-0.004518410668169175,-0.9962130331114618,0.08694591801149398,0.8379630537267874,30.915472675919503
6.017668592378799,17.274598607061275,7.049041653797987,0.3011461143382929,3.5,27.5,27.5,0.5589656607319691,-0.9922238472877468,0.12446620775737548,0.8564400304689527,-0.5162465246472264,0.29634497654693237,77.33183411891186
8.3116991859249,15.971908566492651,8.048492822453579,0.4921740958790062,3.5,27.5,22.5,0.6849109023371677,-0.9824214052474555,-0.18667667907806504,-0.9953992005613574,0.09581456842156388,0.7933224636587868,1.2774331868197635
7.1625371726144085,14.93682196979447,7.990990628845599,0.43554463718171876,3.5,27.5,22.5,0.6426055844260524,-0.999831097856296,0.018378676760687232,-0.9999273155147747,-0.012056686419419208,0.8351331056929672,47.68735116709583
8.289266975304905,15.976856122504577,8.04497743633929,0.49307077473991273,3.5,27.5,22.5,0.6833830522648942,-0.9854845919578064,-0.16976489334887807,-0.9927243482128953,0.12040917101816642,0.7848789352733994,0.700862982293188
7.97340597184235,15.21048601699617,7.9498143608406515,0.2791405903123649,3.5,27.5,26.5,0.5176281715197977,-0.9888000741994691,0.14924614991055643,-0.9997761221075737,-0.021159056300832924,0.7977493815091218,0.07993168945310458
7.858961751890172,12.195667151152273,7.973419101911504,0.46287670285377863,3.5,27.5,4.5,0.7553169898878646,-0.9792532755601515,0.2026401300451469,-0.9476229601442265,0.3193911792888051,0.913374260133931,5.734079640372599
7.484174509208518,16.43019032729028,6.989682346101469,0.49917028952979914,3.5,26.5,19.5,0.6006978298616376,-0.9975333592604435,0.07019399662773836,-0.9896571870456594,0.14345261283389935,0.8077877175029169,15.666977406689739
6.722153362407915,14.42329299549055,7.7336056745164194,0.271514082904507,3.5,27.5,3.5,0.5414121778884988,-0.9562527470830111,0.2925417640204468,-0.9668996835231709,0.25515681845248006,0.7469069426079779,0.3589588837491675
8.235961296988556,12.920050357341639,6.254226644717237,0.33815370082150814,3.5,21.5,4.5,0.8109463836428229,-0.992639013265261,0.12111064917573905,-0.9960965799804894,-0.08827005920000594,0.8948788496777936,1.9527508358548147
7.030632132945397,15.033294184235288,7.62375125182391,0.45711328104260796,3.5,27.5,7.5,0.6756125059720876,-0.9999472794041009,0.010268320813893792,-0.9998420006452154,0.017775650361461056,0.7053521488957087,2.1918959818009824
7.70216881698276,16.180757893931446,7.258278886677792,0.34034447919882327,3.5,27.5,10.5,0.5566327197316167,-0.9518316777418526,0.3066210319712756,-0.9858065877219063,0.1678849951725629,0.8201222207876846,4.40945407157497
7.577765819968968,19.095822044640883,6.454000222490268,0.5050763860372952,3.5,27.5,25.5,0.6835296316578314,-0.893727081243221,-0.44861108351496737,-0.998997802642401,0.04475924838125026,0.7633284360000568,18.73445969964196
10.990766197135256,13.969896943915211,7.724342111769841,0.43554367062899113,3.5,26.5,8.5,0.8170617941074825,-0.9968709977876615,0.0790456435854134,-0.9976163766833078,0.06900409388774295,0.9230008422464403,50.24662248321073
7.566586250748059,19.09103083552135,6.462645173904884,0.5053060032791314,3.5,27.5,25.5,0.6841088564194322,-0.8911906898778129,-0.4536288728411231,-0.9989296807867416,0.046254652126014005,0.7659343777934999,13.187034458049169
6.169804192211039,17.503581832689527,7.448175489077164,0.4763526806874799,3.5,27.5,24.5,0.5182332825907096,-0.9760923637852621,0.21735615326026428,-0.9871186929380074,0.15998964357845158,0.8937533622116838,24.32918375739176
8.270423563161202,16.995005574559645,7.657878396284764,0.1999582282783857,3.5,27.5,3.5,0.5464270932787384,-0.9901208020301859,0.14021696540398165,-0.949299510684872,0.31437308888240206,0.9551275185437749,4.619006984390964
6.722215283064254,13.903906043827448,7.714692447079826,0.46908329700440804,3.5,27.5,7.5,0.6225207627224794,-0.9374123551164296,0.34822130387882483,-0.9984534835622407,0.05559353525749393,0.8982444115651458,23.150338199443723
5.414183840585657,13.940340420219073,6.3160963731309865,0.3754686133418677,3.5,25.5,12.5,0.5882007073548562,-0.9735243563024272,0.22858330579013175,-0.8700912268707325,0.49289071498921894,0.3049380501510074,48.170421171764474
8.188571958517175,13.71326627450009,7.579569630130444,0.38932943849560364,3.5,24.5,22.5,0.6831890285850686,-0.9999387225627852,0.011070280913569382,-0.9862884440578661,0.1650306187285064,0.8138773752034301,24.444589539071174
7.888188394880749,11.331348709543711,6.377882734547029,0.6087666206923797,3.5,27.5,8.5,0.64340424849382,-0.9847201461755388,0.17414428993230166,-0.9951132594613702,0.09874006706584615,0.8083013286885237,32.258060637221725
9.541944180707315,13.44613015795125,8.026643576178438,0.5628671955745537,3.5,27.5,7.5,0.8156520833501681,-0.9997297660029847,-0.023246396873871214,-0.995203775692332,0.09782353933346775,0.9637144895060988,39.7107282441043
7.826765251513751,14.58845341014174,8.069019458761227,0.33201198141233723,3.5,27.5,3.5,0.5737939405281703,-0.9970254923451768,0.077072482857748,-0.9866488957934679,0.16286177092715887,0.8288228536701093,2.279749769775478
8.865582182417747,13.523535159703053,7.732990070715245,0.4011348631912203,3.5,27.5,4.5,0.834696810521837,-0.9943347978608984,0.10629350762359042,-0.9954047922272812,0.09575645989155575,0.8572907600850778,12.077993384871021
7.934772993287265,14.491928392438474,8.054047147106921,0.33490698849376,3.5,27.5,3.5,0.5902917139317686,-0.9962724879680204,0.08626198304010115,-0.9870860077204844,0.16019117754244716,0.8292768578074865,0.5048315948281754
10.046131693384893,14.081999092791277,7.880662309841072,0.5082633190969708,3.5,27.5,7.5,0.7444645555268481,-0.9877469386121058,0.15606404218272948,-0.978318618060806,0.2071054841272793,0.9224640128525211,4.574314098713771
8.029165544672246,13.065093315165472,6.820442848289095,0.4143686858741157,3.5,27.5,12.5,0.48716728133418474,-0.6992007470190699,0.7149253914696098,-0.9998373963819105,0.01803277006569884,0.8855059463728511,28.288378832019788
7.898788851876513,15.295231968300977,7.3508338208068364,0.36295895845392373,3.5,27.5,7.5,0.7317322762626625,-0.9722368014597834,0.23399914933018395,-0.9665130662790952,0.25661740531729615,0.907096084438207,14.315303764756678
7.416057202806685,10.698095504908553,6.306415845995032,0.5883806647506837,3.5,22.5,6.5,0.8596444447782243,-0.9834898295977275,0.18096340811841796,-0.9940498839975767,0.1089257918236286,0.9087164867693016,69.07725081716316
8.787454364431587,14.85102096687739,7.615559211732579,0.42941995989486037,3.5,27.5,9.5,0.7274880694538591,-0.9981580201626745,0.06066767495899083,-0.999640622842792,0.0268071849039573,0.885351471356893,85.25509140565751
7.640480285681096,12.62328256550664,6.986923303018148,0.46404018305384354,3.5,27.5,10.5,0.6438324815879843,-0.9904001555828957,-0.13822999609844447,-0.9950473915833701,-0.09940165241650391,0.8508451643514245,6.459315737406712
10.047260435329958,15.64546713425337,7.441643369039079,0.41506594425522836,3.5,27.5,8.5,0.7539420614519444,-0.9878353899310518,0.15550319096329424,-0.991035917845179,0.13359569431970358,0.8595858984387257,69.8947207195541
10.41905732623048,16.428893694738438,7.561868299029151,0.3711381125125208,3.5,27.5,8.5,0.7583210845960349,-0.990068458283991,-0.14058608718917093,-0.999156230106894,-0.04107100970976168,0.8532932705138824,6.687315395759143
10.25382756730488,14.996915015954102,7.692176625740911,0.4038085015534948,3.5,25.5,6.5,0.7439050733104684,-0.9976242692140218,-0.06888989385380806,-0.9999463491842949,-0.010358511138200069,0.8688321684461439,67.9367076600039
10.481333443925099,16.406106905249064,7.554334610759895,0.37125863816688437,3.5,27.5,8.5,0.7564824712858406,-0.9898464700639974,-0.1421406546412529,-0.9992227366204248,-0.039419825225247236,0.8493598874130347,6.040249966294027
9.872499756077127,15.672968149690638,7.594661485329025,0.42026365954547457,3.5,27.5,10.5,0.7057982502201208,-0.9940209544529374,0.10918947801171822,-0.9949524949020297,0.10034706218034695,0.9460623095273658,38.257498428639394
10.93119507100773,15.200195823574814,7.224430392795738,0.40688959964519245,3.5,27.5,8.5,0.6385582519610175,-0.8574846653195759,0.5145095224986365,-0.9093964277295858,0.415930447590301,0.832889959097935,77.5678864319728
5.263448292506319,13.140021314276376,6.90886245914094,0.34434199324373127,3.5,27.5,4.5,0.49099506313489094,-0.5769075641702477,0.816809440691739,-0.9999511825429491,0.009880917515978431,0.12584640457445637,34.49163096269717
7.053913768682015,9.759811706590288,5.231004259263858,0.5785376419244885,3.5,19.5,5.5,0.8590125160925193,-0.9870548233225508,0.16038321531783833,-0.9668370600016916,0.2553940081663733,0.5832813549060413,54.624338335310526
7.7184724827928335,13.020778451525475,8.214679712312126,0.4075794478650143,3.5,27.5,3.5,0.760547012934635,-0.9571676717239395,0.28953419177460354,-0.9979565834063406,0.0638956777563505,0.891907575449719,6.56551855166073
6.459097585472449,14.59506154880247,7.772305722422956,0.40142991730707234,3.5,27.5,6.5,0.5492154996595966,-0.9033572988498069,0.42888878583472045,-0.9954234604501637,0.09556220165641519,0.5911361580016019,15.30742672218939
5.806673674511699,15.304567525601982,7.806645626918302,0.4665362352135242,3.5,27.5,7.5,0.5535707021083691,-0.9935738357199876,0.11318583379854161,-0.9954141406486156,0.09565923163384758,0.794806850955648,53.14418631787089
8.648621106199581,14.123884426204263,7.806256853109083,0.5415226890196855,3.5,27.5,7.5,0.74677214719055,-0.9863581007626451,0.16461378150054048,-0.9895559106721942,0.14414957389366265,0.731538164554673,21.729464939344787
6.407603139914068,15.339048033823104,6.6772881240224615,0.531851268492908,3.5,23.5,21.5,0.7376705022813524,-0.9239068052043319,-0.38261758362250514,-0.9995733568469937,0.029207948946007332,0.6123089059128678,73.36561237011827
8.675327452314493,14.079196724440544,7.847785120480197,0.5228595507843838,3.5,27.5,6.5,0.7505532222635204,-0.9903792994249897,-0.13837934553417472,-0.9896691815304842,0.1433698403737043,0.7314493879431319,25.912583921382286
7.803192380194892,16.828057971414005,7.759222703910678,0.21647591123656984,3.5,27.5,3.5,0.6999216907019772,-0.9691461410121196,0.2464868299956748,-0.9659235024539065,0.25882771761768136,0.18558805809014925,6.879423514480209
6.79755088348706,15.23604836104242,7.887030391406331,0.28399885641644024,3.5,27.5,3.5,0.6529540328755827,-0.9952652810040317,0.09719578400304175,-0.796889370212583,-0.6041252615494512,0.2786807976907242,15.497659740208363
9.049373685552956,17.223184780285727,6.936571649146548,0.5028807677512348,3.5,27.5,22.5,0.6680634243813017,-0.9973281247942322,0.07305211492092781,-0.9636605510467264,0.2671298230380118,0.6888165537674634,71.89513310355018
11.535361452812067,16.243639670700507,7.19726242342853,0.38358701137162193,3.5,27.5,24.5,0.7005276701100314,-0.9926771988334616,0.1207972636948046,-0.9681859547142709,0.25023180671932127,0.7608983506078978,32.142984974911045
7.00710700468637,16.625779980714455,7.965203535870473,0.4201503594591205,3.5,27.5,25.5,0.5640316505890582,-0.9204260702073871,0.39091667818422143,-0.7961311088770744,0.6051241669923288,0.7447550145683702,4.3408715198574725
7.396835150789434,16.30507699364937,7.820390796159116,0.32640950686730624,3.5,27.5,8.5,0.46138850933987474,-0.999055466860428,0.04345312573673098,-0.9999993897636748,-0.0011047498712374408,0.7910902414238994,75.7297577763995
9.699985992256268,17.592341422654826,6.936224379966746,0.2785470951605534,3.5,27.5,27.5,0.5574000699387928,-0.9812187940278835,0.19289810327337584,-0.9783875369573397,0.20677965936365741,0.8655577460593289,87.13521538907365
9.961877336880097,16.992181009665106,7.291734156995029,0.2636785608225968,3.5,27.5,27.5,0.5762661293761512,-0.9997138182771748,0.02392240677005462,-0.9947229324315793,0.10259769829152929,0.8301887771653301,2.413088158741189
13.24367665373941,16.42450025923495,7.984319001849285,0.2721047861032472,3.5,27.5,3.5,0.7661425978195018,-0.9967481255341458,0.08058023482322897,-0.9929726936923181,0.11834369261359826,0.938426738371369,2.4967466982226654
9.955084448838626,17.281322636531574,7.352845768523205,0.3832576451692254,3.5,27.5,25.5,0.6798303726724789,-0.9664222813564849,0.25695909031930986,-0.9329089578898637,0.36011231065995014,0.946943520217712,58.11223019061967
5.946685736271918,15.035803460383004,7.6539019936862855,0.27952991505211644,4.5,27.5,4.5,0.5665516503265171,0.7938293406933791,-0.6081405905334022,-0.805780488712571,0.5922143226992489,0.2385741082603591,5.823198481330806
11.524479679240281,16.324667898049295,7.234651010856908,0.4556861062111127,3.5,27.5,22.5,0.7103650534038227,-0.9999996412157891,0.0008470940285318631,-0.9480424051530555,0.318143989463277,0.801536999092371,55.168462451797936
12.441777794786345,18.050175639395256,6.759132841882537,0.5251885142377989,3.5,27.5,22.5,0.7876683407221511,-0.9870010711803813,0.1607136754877443,-0.9667861048349674,0.25558682966465907,0.8846317956919473,2.893914585445927
12.736056088947054,16.631994096209336,7.338295653803323,0.460644770805049,3.5,27.5,22.5,0.7529621551714186,-0.986443976457731,0.1640983891153707,-0.9749786525751722,0.22229850881798913,0.9677111852967633,8.009330112799901
9.666301440715177,16.960526808343,7.307535828900934,0.47042797314859225,3.5,27.5,20.5,0.6291451786625953,-0.9963464687839357,0.08540324432819747,-0.9997880955940337,0.020585526674225776,0.8677063109057522,76.78025865340192
10.45530147562446,17.615171096624348,7.300066087284621,0.4617823075621229,3.5,27.5,24.5,0.7018692470397899,-0.9995372314346341,-0.030419121880597186,-0.9998394484494905,0.017918630645747422,0.9084708959635571,24.978263177472172
12.291417168694183,16.95869085286689,7.404882303739309,0.42783013315785345,3.5,27.5,24.5,0.7541706431342081,-0.9994403418253639,-0.03345150418142284,-0.9997897073057975,-0.02050710036518268,0.9710086164354762,10.581142051324392
10.066148925787214,16.055387771799122,7.940497252995655,0.19686348511489923,3.5,27.5,3.5,0.7860361103514591,0.996528011252284,0.0832581695064685,-0.9972365861147314,0.07429126001243981,0.5655438982879555,85.44133556141337
14.79686368190379,15.900223083410513,7.727415019169445,0.3846530318601212,3.5,27.5,24.5,0.771696981209797,-0.9954832914709627,0.09493690748143321,-0.9973922394738152,0.0721714669201596,0.8956630726378181,2.914935093504795
12.391062345657396,15.461468514088736,7.021437664424011,0.4525284573837487,3.5,27.5,18.5,0.7556850834872799,-0.9995697877983535,0.029329836698396658,-0.9999475112542029,-0.010245717960481028,0.9511208170177788,4.964856420073133
9.136196371634183,16.523459341296178,7.9560575673442795,0.36218884396836026,3.5,27.5,6.5,0.6690127412684646,-0.9614163276837584,0.27509751882391853,-0.9749911524952186,0.22224367832639308,0.8662740663352755,35.38557868121381
8.460119057659655,15.878003288104717,7.782979298704362,0.2769597436932518,3.5,27.5,27.5,0.636457816772557,-0.9996574039825469,0.026173930978650516,-0.9894143497224076,0.14511803665769896,0.6791545991673698,84.53576082359731
10.39415206819317,14.974798562589967,7.349610992043439,0.4751616883425317,3.5,27.5,10.5,0.7135870610379206,-0.9337286067888267,0.3579816878894737,-0.9059348585102425,0.4234170900377392,0.7093426498397921,76.86889343695951
10.068377283813515,18.59007351916948,6.772126537033922,0.451208438861933,3.5,27.5,25.5,0.7402261793364051,-0.999702631501606,-0.024385417133280532,-0.9948446052187302,-0.101411101301529,0.8879182125154655,57.61226908939477
11.696878204718217,16.4140073029009,7.50120907081328,0.3408022953767055,3.5,27.5,8.5,0.7408361971804986,-0.8588944555563385,0.5121526278508984,-0.922385373404434,0.3862709190834366,0.8707855839285574,22.846933574581413
12.791639942188205,16.902857488125886,7.71938555997482,0.43977503163409426,3.5,27.5,24.5,0.7785919443146879,-0.9780739394141328,0.2082579387176375,-0.9838771447726664,0.17884564292703808,0.9462942689870829,2.451852030725618
10.546061968499757,15.51642655894524,6.832967757780363,0.47451755163369197,3.5,27.5,17.5,0.7000233652699708,-0.9460971564780685,0.32388295803285677,-0.92061111811165,0.3904806899312918,0.7802801256141035,8.616789247675399
9.932792947479157,16.330671112503616,7.645744497659427,0.36885111413846244,3.5,27.5,8.5,0.595481403366684,-0.9935464031139393,-0.1134263851991838,-0.9989911515936214,0.044907449689892895,0.8083562340378877,81.21672127892066
12.958121056724828,16.63624379263487,7.914578694803455,0.34066626034820613,3.5,27.5,26.5,0.7995109594954514,-0.989787498502792,0.14255072012299846,-0.9821771664621816,0.1879574783835962,0.918255998527786,7.713960286617592
10.107885979611316,19.34977310637151,6.451689321850107,0.35511653930515924,3.5,27.5,27.5,0.7613514184665154,-0.9992360301376402,-0.0390814031832169,-0.9992840293838373,0.03783422548965587,0.8772044322960723,38.206164609026914
9.857061207020463,17.293836161577023,7.358166642250866,0.2750722508985409,3.5,27.5,8.5,0.5860547197752088,-0.9975937052049808,0.06933108491432849,-0.9997712717042445,-0.021387011826751165,0.8173908164231976,68.9083915562699
11.339026613116102,16.383067317264686,7.887614706382386,0.34111705843472107,3.5,27.5,26.5,0.7848269278641519,-0.9860776227317656,0.16628566368652983,-0.9875492802060849,0.15730994617138333,0.8552807487696301,7.166651632442296
9.626504058978373,15.806734386980128,7.432013978854495,0.46912056628994864,3.5,27.5,21.5,0.6264521017053222,-0.9995067448879178,-0.0314048869375269,-0.9378720898619478,-0.3469811854524428,0.7522651190781129,25.178654416829403
12.409933805153427,16.522425159753297,6.908636640855391,0.43139108768916135,3.5,27.5,23.5,0.7262355029736994,-0.9238284687441091,0.3828066879482575,-0.7223777640211391,0.6914986377772696,0.593558523553467,89.78943900833164
7.924055380179981,17.785870096352674,7.089876537820589,0.2957277488915506,3.5,27.5,27.5,0.5017422015970381,-0.979848592336062,0.19974167341102808,-0.9383625671422532,0.3456525605086708,0.8152279294519912,1.9575333378235058
6.208755141591792,15.66595094659959,7.360572183429808,0.26113556242538866,4.5,27.5,4.5,0.6165824711075,0.9876599024041579,-0.1566139112052608,0.91566594165344,0.40194014889771734,0.3472405264197401,67.0446230867709
8.970194345040927,16.64856851891055,7.560611539792634,0.2721399586302635,3.5,27.5,27.5,0.5599958742271389,-0.9933737917741798,-0.11492828118521725,-0.9491138622955351,0.3149331300426364,0.7431420444155511,42.409663201300106
13.95283460977897,16.952485210826083,7.136719671645439,0.40641900639270306,3.5,27.5,24.5,0.7937890582542396,-0.9884685262616596,0.1514264593461224,-0.9782236842002192,0.20755342365220059,0.8900379240904961,75.31040072882206
8.387581505598117,17.973834597786684,7.277485711734339,0.3941777976776412,3.5,27.5,26.5,0.6123223260235834,-0.9872901686381454,-0.15892804318452536,-0.9802170277820667,0.1979256892020112,0.4686648484300654,65.38354626674624
5.106465966938247,16.588903908591643,7.907287571149421,0.32741932939746715,3.5,27.5,6.5,0.44553080372565196,0.9950201837782802,0.09967363680451068,-0.7619541172417706,0.6476310085367393,0.5723536668357984,43.96332684781664
10.188057517753846,18.66210714852964,6.896325505911591,0.3359330894347135,3.5,27.5,27.5,0.7808493485239925,-0.9532529439715518,0.30217350117038655,-0.9548684026397706,0.29702917977897897,0.8862937704229605,2.896430563017134
8.212737487690791,18.73592986219169,7.297952892376021,0.37287475209928217,3.5,27.5,27.5,0.7160477664660823,-0.9834936388736009,0.1809427044540986,-0.939757512574655,0.3418418019486457,0.6366777544622553,83.00980142168581
11.607505017536262,18.51856502678285,6.536024137502286,0.31084587480928627,3.5,27.5,27.5,0.7682047274135322,-0.9462730072508659,0.3233688230927691,-0.9837593042470171,0.1794927054434938,0.8618878027483627,81.62166837603638
13.041695396774674,18.319063392371795,6.353251162246662,0.39623043528224905,3.5,27.5,25.5,0.8038998184956557,-0.9599935426923649,0.2800221383908112,-0.9203589126870979,0.39107476502252453,0.8325892559486902,17.48701115755501
14.402707127480637,15.252721628157392,7.226468719569133,0.3989217155283164,3.5,27.5,7.5,0.7184013516568166,-0.9472740365072246,0.3204245617291367,-0.9616188854240677,0.2743886280365381,0.9849877096809131,12.54515202173502
11.426086960566929,17.06578430037003,7.184805962180105,0.32380470165357356,3.5,27.5,26.5,0.65232580550354,-0.9999998175571894,-0.0006040576031592365,-0.9952901031049224,0.09694127429218609,0.9756027695769026,18.513447518411823
10.63384656184544,17.444130608413282,7.481120998877085,0.3092884453713576,3.5,27.5,27.5,0.6847926884672492,-0.9998762308359045,-0.015732863991816393,-0.9991156812522467,-0.042045873470044515,0.7121762062635871,11.972140931348704
12.083221652806762,17.4768738724773,6.669459998818546,0.4930423492254161,3.5,27.5,21.5,0.7319852303678511,-0.9969807542052719,0.07764905501219763,-0.993047293641464,0.11771606768561345,0.8099441547379996,72.5647846405299
12.010827048618705,18.34814319705352,6.955125520606599,0.36763620320165313,3.5,27.5,26.5,0.7862876685238361,-0.9802872676599766,0.19757751102728585,-0.982631920726126,0.18556537492238256,0.8462588451659937,4.541441782896342
13.410524929612235,17.585122850448876,6.897399600855203,0.32435386437554853,3.5,27.5,26.5,0.7500769574621834,-0.9998208053235853,-0.018930325990257634,-0.999570642405139,-0.029300696950374634,0.8877562301118397,80.65024222145253
10.883504711615917,16.560234508155514,7.014870717738267,0.37488413274811627,3.5,27.5,14.5,0.5599386238183043,-0.9659971703975193,0.2585526383233908,-0.9555976054766572,0.2946747637774214,0.6406534571572033,72.42056318806769
9.240322013019773,15.26656064464993,8.008878700566202,0.4062854357997105,3.5,27.5,7.5,0.5830095187945848,0.9747094662669779,0.2234758518711658,-0.9642292889282729,0.26506957270286075,0.5298014752126727,8.62370243070599
10.484277076183877,17.82514578958556,7.181193099174811,0.30691290247425124,3.5,27.5,27.5,0.684771073840493,-0.9984252165127301,0.05609890401342997,-0.9997854573145348,-0.020713264889107658,0.5994790496081237,82.33356742198875
11.125089499974411,18.420434663658202,7.077589490790992,0.3826440391570605,3.5,27.5,26.5,0.7361128494254848,-0.9858340651700805,0.16772357004975003,-0.9607218095517899,0.27751325130799503,0.7609640380332384,4.983032798427672
14.017892230889561,18.4141961927531,5.893054758257297,0.44647826509543187,6.5,27.5,24.5,0.8447996983191532,-0.9947154868037575,0.10266986078087256,-0.9927695707805843,0.12003574189438136,0.9602229957770839,21.49078707042017
6.5071939219471435,16.115802750148735,7.371597403674941,0.40866510638979403,3.5,27.5,21.5,0.3621218651273221,-0.970361383062169,-0.2416584082163799,-0.9935583121666595,-0.11332202047501092,0.5782517776215034,28.393833072630642
10.633122738585023,17.19247627684569,7.949212677604966,0.20527303162635901,3.5,27.5,3.5,0.7307844420710874,0.9948771193986031,0.1010916282247826,-0.9919316965055563,0.12677345726771355,0.3755034709483037,82.99516407103454
13.039126136379306,18.807556298770866,6.012688695930465,0.29819414429802266,3.5,27.5,27.5,0.7924589519061915,-0.9993229163142769,0.0367927836556102,-0.9960969434243292,0.08826595776803635,0.9379194073032641,15.778790552737632
10.960021245000174,18.46571971037691,6.10677553793718,0.48808898030609404,3.5,27.5,19.5,0.6358905222823109,-0.9987525139761119,0.04993411485544186,-0.9955261499476249,0.09448642638209549,0.9646060325023608,3.9582020995814418
11.800119682490399,18.916608474738712,5.792709739672894,0.535626453694806,4.5,27.5,23.5,0.7952480122389332,-0.9896793644918915,0.14329953070029822,-0.9888148354934899,0.14914831915909263,0.8615088065485451,55.88072551494235
11.374968350451924,17.94971850534375,7.164859038419452,0.30270712850669307,3.5,27.5,27.5,0.7117551905558687,-0.9915658315596381,0.12960401877813624,-0.9978402652483591,0.06568717568204875,0.7888503821036066,5.50820859730014
10.135685713416786,18.645036382632107,6.5910265089267295,0.3110359941247418,3.5,27.5,27.5,0.6558657270727806,-0.9999863124752437,0.005232099211991462,-0.9987321370420981,0.05034002820146071,0.7209576997118681,89.0912182970064
7.532019558485555,16.533346300346587,7.710377524684502,0.37997242932010006,3.5,27.5,19.5,0.45399454285201596,-0.8995557601851095,0.4368059458361227,-0.9180777114102069,0.3964004488037279,0.5705910565341074,86.55375279513572
7.458763750889281,16.801346724763384,7.666778645163679,0.2743066147978058,3.5,27.5,27.5,0.4529940607565185,-0.9999922627405823,0.003933758885638212,-0.9808067047450071,0.19498258365105453,0.76008319962806,4.100539526662644
9.962769848677205,17.32860455731327,7.431168276370628,0.2887961433244761,3.5,27.5,27.5,0.5954695180484146,-0.9942932037823257,0.10668188652380768,-0.9937331048015636,-0.11177887287606947,0.6295072975895392,75.90831100549687
7.789108608619371,16.307302801019215,7.598024240619302,0.41720677002610984,3.5,27.5,8.5,0.502460972977561,-0.9897698251067644,-0.14267337981601588,-0.997683226200305,-0.0680307295165273,0.8754896391197367,76.16465851365477
9.745083888042295,18.81074906458282,6.701428517436918,0.3354148568951858,3.5,27.5,27.5,0.7610774434243918,-0.9964101520397777,0.08465700745990881,-0.9997561746372778,0.022081469032579695,0.8898827539311633,20.2424788925465
11.228308055019717,16.5740255607363,6.918986714065161,0.46525610550774704,3.5,27.5,22.5,0.7099533621078821,-0.9958452132002126,0.0910621290450817,-0.9890767818166216,0.1474012200467656,0.9492221597542903,9.107482416154582
11.194630925024603,15.811466733819861,7.696762813618,0.20566667170503614,3.5,27.5,3.5,0.6631750359463768,0.9642500378937264,-0.26499408374895295,-0.9917121667513402,0.1284794859787431,0.6346447854969769,84.10149817454005
7.674292195120924,16.2109129027349,7.75063839290101,0.34018416783882155,3.5,27.5,7.5,0.48819168099620797,-0.9614936162302246,0.27482726565704074,-0.999647324270793,-0.026556111881148186,0.7613235048901389,89.40563686970573
7.524629052050633,17.72025358548442,7.335588236792672,0.3109612074440983,3.5,27.5,27.5,0.5344900125619034,-0.9546530427430318,0.2977206206856877,-0.9949941802719974,0.09993288360122543,0.4225401684118026,46.107910026306556
11.03633608699701,16.961182442325715,7.704942586187611,0.2869543139372481,3.5,27.5,27.5,0.7389047407695919,-0.9985746414749911,0.05337307751191716,-0.9965031092031106,0.08355569010266961,0.8736616916877198,4.895814303348445
12.233999485566256,17.64437919565499,7.185226400732709,0.45309175971826476,3.5,27.5,24.5,0.7424138318526438,-0.9953350139395262,0.09647906522144209,-0.9932876481327565,0.11567042866220073,0.9070395984382114,17.142847424854182
13.948045935550642,15.894628420382457,7.628290454422075,0.33503035619538546,3.5,27.5,25.5,0.79255497676288,-0.9984274612803293,0.05605893828210072,-0.9998850335310155,0.015163103926306884,0.8478788627382485,7.9449127348538156
8.387311905338022,17.420982515400667,8.002123662124,0.4471579198719121,3.5,27.5,25.5,0.6937937659827507,-0.9845149468638013,0.17530065431071998,-0.9998945484814372,0.014522118203031268,0.624747001272907,88.43359271802682
8.867489274464083,17.556292852099983,7.842142016918241,0.38582126001211375,3.5,27.5,26.5,0.6705705273121036,-0.9804994583810643,-0.1965217853431,-0.9991294045292924,0.04171849715583684,0.8697086323391897,5.15591436795934
10.152214591994815,18.06428415334987,7.430347824701194,0.336675579429191,3.5,27.5,27.5,0.7266927864675442,-0.999184546343435,-0.04037625971364716,-0.9969765105848027,-0.07770352207043606,0.8714502306446574,6.0109432774810045
10.340071723727826,17.659857494585886,7.266465118053567,0.30531165030269375,3.5,27.5,27.5,0.6632707619357877,-0.9996625194358362,0.02597782198715963,-0.9917365298588698,0.12829129098846462,0.861409896548343,78.11645332732417
13.609230663267011,15.449740842988227,8.130679270041773,0.28995483804443234,3.5,27.5,3.5,0.8386342992404436,-0.9976690246303638,0.0682386788639589,-0.9995507108866359,0.029972927218086618,0.8785371141219671,0.4137470206519822
10.362911563859075,17.04781294667793,6.307345950050464,0.5741224460900057,3.5,26.5,19.5,0.786928615796447,-0.9907737997123416,0.13552593037337446,-0.9871841651210941,-0.15958516263791084,0.8668756961674703,33.55639233941163
8.237535191395597,16.613741364226314,7.8581646546265915,0.3873749787750027,3.5,27.5,25.5,0.5483157050638373,-0.8715594738564575,0.4902897954588236,-0.9999646537623597,-0.008407807438582214,0.7458632886633079,81.1542120580631
6.869689489175448,15.582445555419918,8.01449275113094,0.2199149340017749,3.5,27.5,3.5,0.6239226815648934,0.9647538215771878,-0.26315406846980677,-0.994985650652362,0.10001777340001064,0.41169225851739966,83.05485275630791
10.261255773449026,16.991737597201524,7.6027489731143945,0.3495769905983256,3.5,27.5,26.5,0.6429860266599372,-0.9998327963657436,0.01828604143759288,-0.999741604077528,0.022731587636837358,0.7950367281912852,85.78195427852395
14.011025126454605,15.54480576330839,7.463677081979013,0.3984573224084912,3.5,27.5,23.5,0.7939345085510902,-0.9930039777365354,0.11808090531249464,-0.9829608730556784,0.18381491245711937,0.8566565421399622,1.2009733573296018
7.720362322582331,17.834135649118032,7.494847676705856,0.47487238550578004,3.5,27.5,24.5,0.573805185344401,-0.9995064526269921,0.031414187193151276,-0.9883560353448815,0.15215895437780627,0.7549524496590857,83.58368436339254
10.024316489233586,15.731957413291529,8.015430895996358,0.2556729007460668,3.5,27.5,27.5,0.6088337522991392,-0.9879005620358727,0.15508861830968393,-0.9999963867907361,0.0026881974392536866,0.8405434003308123,0.7560867269857852
12.334271528291675,16.032399864484113,8.308210460928548,0.2773538665338298,3.5,27.5,27.5,0.7584960075327426,-0.9993561896030349,0.03587765742217571,-0.9941835745970659,0.10769874651731325,0.9185272238528901,4.773188511527991
8.636150748997485,16.56820245565443,6.92601332840615,0.4903693540634694,3.5,27.5,20.5,0.6815184327376078,-0.9920922445123792,0.1255108695627183,-0.9827924463935925,0.18471331113836234,0.7911417772298434,80.13586352663113
13.628915359943289,15.836337303847644,7.941039315676432,0.27902440981094573,3.5,27.5,3.5,0.8273150319826111,-0.9960582488932898,0.0887015490937634,-0.9903506032439141,0.13858456860132495,0.8692911655109529,2.7425936614897353
9.0889153434364,14.012488223907987,6.002385515332037,0.5712640861842562,3.5,22.5,16.5,0.69045142713896,-0.9976726228104638,0.06818605205238243,-0.9995889462149324,0.028669471654023688,0.9305011331288152,39.92113711793308
10.841680333188803,16.6837824559269,7.867279425785483,0.4329674807319581,3.5,27.5,24.5,0.7317265978573579,-0.9985735376490887,0.05339372535217996,-0.9977991521856482,0.06630876184639303,0.9294808074793319,2.034522310897785
9.65476719684019,14.77442866032497,7.965844253321644,0.38343032042590597,3.5,27.5,5.5,0.6082099493184955,-0.9967243233349786,0.08087411991749226,-0.9978602988259239,0.06538213844038733,0.7752683614091451,2.0840598226217963
9.863470344792407,16.77257062720603,7.724966670761738,0.3284992709923076,3.5,27.5,8.5,0.6585482555151664,-0.9954376070030008,0.09541472928295373,-0.9992428284546033,0.03890719447665414,0.8761617451396023,66.89248379320333
7.983742612173563,14.816431808202376,7.372214958087063,0.48310213987359824,3.5,27.5,11.5,0.5888782808709074,-0.9639130225775022,0.2662173640195238,-0.9868136577619278,0.1618604487035823,0.8028256393873471,71.92918347095578
9.63566661569533,14.997066883457359,6.928609640356678,0.40776022935125417,3.5,27.5,12.5,0.5785761430361291,-0.9961010878628915,0.0882191745504578,-0.9984355326490715,0.05591499927358388,0.8648164870814739,66.74288609980987
7.631377134017636,16.96516824343619,7.189645178043341,0.2664481793201089,3.5,27.5,27.5,0.47900839881188645,-0.9995843548171088,0.028829110372403766,-0.9977456339270486,0.0671092391516395,0.7151655200032045,34.03796503989162
10.235889596791472,14.979896152368854,7.571995690239315,0.4141706739474957,3.5,27.5,20.5,0.5875338180978638,-0.9994468491612147,0.033256513673564796,-0.9983584619892728,0.05727461369938516,0.8890201050663259,1.1048903449983953
9.030511927025364,16.786854485692565,7.815834079847317,0.43638125190550897,3.5,27.5,24.5,0.5254098449768584,-0.9994212554442289,-0.03401696879913681,-0.9985899778815788,0.0530853659163057,0.8745006393015384,13.861380478616596
12.936278417749627,15.891220050307352,8.136421666682248,0.27461738969584876,3.5,27.5,27.5,0.7741309841010883,-0.9938076157176693,0.11111445874215227,-0.9997464368556808,0.022518037089636136,0.8881164929092709,1.1643753513877897
9.84004484632914,16.36284936065075,6.976549343663302,0.3973538665068257,3.5,26.5,24.5,0.6875050072466053,-0.9993366246905347,0.03641854681517855,-0.9999596296689064,0.008985490104809065,0.8783173296080098,87.14576477374119
8.309202425971435,15.743768573220313,7.838534262679154,0.21732152132444002,3.5,27.5,3.5,0.5717464309076675,0.771063058282586,0.636758792755864,-0.9540650185216416,0.299599633566698,0.7398226703389528,65.99183070075117
11.177798307929775,16.799717676891028,7.711304430864492,0.4411855563238698,3.5,27.5,24.5,0.7804477910972654,-0.9833484562154496,0.18173005711409415,-0.9907232402194689,0.13589503776458003,0.8147701691961958,64.75321013880864
10.935235636882155,17.825544077035214,6.36506358552791,0.5232742954403217,3.5,27.5,22.5,0.7571304047803459,-0.9922877437221865,-0.12395577299477546,-0.9045009739129939,-0.4264715561329331,0.9348862400991255,7.808938936509861
12.577124831147572,16.063396626291034,7.320875676143318,0.3920433858698994,3.5,27.5,24.5,0.7802195896880219,-0.9855667601061335,0.1692872156245093,-0.9944213114834398,0.10548106591969769,0.9588442154054019,4.570191650320268
9.970743958154776,14.051469959118533,6.6926458416279315,0.4554190902332154,3.5,27.5,18.5,0.656148831086215,-0.9999987090765936,0.0016068121067027792,-0.9956213231449283,-0.09347823756972616,0.8536261798696162,0.49019882979177964
9.231320816825104,16.71717042155901,7.560136896140489,0.17967190541352268,3.5,27.5,3.5,0.5794548226183627,-0.9939476666155873,0.1098546131458723,-0.9911990837691326,0.13237966737846174,0.9482275602226051,1.0362614311089544
13.55910789913174,17.034990925137734,7.608456606411423,0.28671415372955394,3.5,27.5,27.5,0.7914514059470321,-0.9993053234679736,-0.037267552757977385,-0.9978263132311045,0.06589877558514805,0.978428626349968,15.676171302584507
8.724453860805303,17.437341811895276,7.686122687720915,0.47384714492573965,3.5,27.5,24.5,0.6526233500169086,-0.9998983940982356,-0.01425487564904434,-0.9994241018365064,0.0339332383997243,0.805503393462322,4.834009424420856
14.163653937356084,16.42908165110015,7.507514128646839,0.350680848010505,3.5,27.5,25.5,0.8158993427749363,-0.9992482075386522,0.03876879841819634,-0.9995525358099444,0.02991200688536044,0.9458498468193888,3.482819546337737
11.657873332791077,15.835201554897399,7.0958005146396745,0.4587898624750982,3.5,27.5,19.5,0.7730125142855957,-0.999725322526238,-0.023436712649373387,-0.9976055455011421,-0.06916050596524502,0.9551856016845729,17.37458765442632
10.911799115502982,16.567767878827844,7.861243501066647,0.45199872456238605,3.5,27.5,22.5,0.6933405085144851,-0.9961090072478613,0.08812970940426465,-0.9998635018325611,-0.016522036894042066,0.9874230160719083,2.9480635972785194
10.907365062858776,16.909232821787793,7.770208330199356,0.3610154489556842,3.5,27.5,26.5,0.7552018413425039,-0.9902866589965059,0.13904076025949336,-0.9857740407665821,0.1680759963549967,0.982138939295508,28.336325082605526
10.880670027169373,17.731687279756027,7.7732696512585235,0.20156886222256207,3.5,27.5,3.5,0.811930445556457,-0.9983340962561643,0.05769776644193089,-0.9998643173782028,0.01647260859186059,0.8669879981831138,0.4601505180471719
10.443387005788884,16.645849287447927,7.767619898657251,0.27794224693771,3.5,27.5,27.5,0.6482809053544385,-0.9910308336564853,0.13363340428998935,-0.9806967704434054,0.1955347653024256,0.9468922430005658,0.3602311730800807
9.44520910706385,17.684133089878504,7.219338558371383,0.5173707679709717,3.5,27.5,23.5,0.601731008112408,-0.9996021616306375,0.028204936861420973,-0.9999785287397694,0.006553019109247361,0.8971669376410882,4.1293205365962535
8.143438229698738,16.814267648573658,7.931540705939629,0.23412240958467104,3.5,27.5,4.5,0.5937369600584864,-0.9969612765947026,0.07789873535983048,-0.9832112743242192,0.1824707922976851,0.8335779624115521,2.3993949477348764
10.102771605365486,17.686853298041726,7.31529719867045,0.29358244820944196,3.5,27.5,27.5,0.6017635893521871,-0.9952877866847365,0.09696505389158745,-0.9827160528846866,0.1851193112636873,0.9344738599124338,0.25301045457190696
10.838431543966628,16.111506425882784,8.058646737385702,0.2572694266755072,3.5,27.5,4.5,0.7269446035453484,-0.9972289568794404,0.07439359892587107,-0.9974494157066197,0.07137690877673858,0.8223761491147363,0.3244540104941791
9.12954845157191,18.621710146445736,7.312479124934798,0.5873258745564751,3.5,27.5,23.5,0.7032140023356396,-0.9966054981012132,0.08232545872591736,-0.9986392419035717,0.05215040297312824,0.9053436894719381,0.9590898825049692
9.906112354559902,18.339259177164266,6.8336111138527365,0.4187086619797244,3.5,27.5,25.5,0.6307829915830175,-0.9991389525218803,0.0414891980337015,-0.9946667624543002,0.10314083414768734,0.9129023092452778,2.9818464233755435
7.179284884899317,16.705058703325992,8.053620017386951,0.28823700892016113,3.5,27.5,5.5,0.5438879242684267,-0.993152302483348,0.11682681229933677,-0.977748835806969,0.20977896481324507,0.9035516269160256,16.360402013446986
8.659039062812312,15.409583892600919,7.765601077939177,0.20430218694883656,3.5,27.5,3.5,0.6616375000476982,-0.9707545948352108,0.24007398152720724,-0.9979129554166501,0.06457347297154431,0.7913365062139579,1.1778471765233718
10.187291624277368,17.322156067250212,7.8591199016283575,0.4282079974026451,3.5,27.5,25.5,0.7390055396650981,-0.9988101563414771,-0.04876752596876379,-0.999391886346049,-0.03486914833611308,0.8862435439909627,5.952725048372059
12.207255794064844,15.679224785103678,7.953402536238456,0.3515502264951218,3.5,27.5,25.5,0.7781288316986992,-0.9892206082891813,0.14643287928597853,-0.9794584826337128,0.20164592928414146,0.8458990002516624,16.13537715056529
8.57546465210979,16.73432412237282,8.03362541340478,0.33367506404746833,3.5,27.5,27.5,0.6906221949332112,-0.9892173829486611,0.14645466626981185,-0.989497077208781,0.14455287681426357,0.9642659822922781,40.1133523117662
11.373962288869116,15.014597319464126,8.146952268957,0.39572821820115844,3.5,27.5,5.5,0.7306677239580625,-0.9913690257496967,0.131100933574469,-0.996364776479239,0.0851893901344294,0.851405538133526,2.466197979428941
9.834781628219801,16.86320633347324,7.797379162908444,0.30326726022747846,3.5,27.5,27.5,0.6894671551488288,-0.9994064024508316,-0.03445058403404088,-0.9389857872784104,0.34395594382005346,0.8690491882841225,33.47003544768874
10.334527804462477,17.453638764514135,7.551958147297923,0.411931273430135,3.5,27.5,25.5,0.7080708735651576,-0.9757228505140748,0.2190089472708554,-0.9980427427561285,0.0625354589958715,0.8327662270750276,88.2002509137527
12.14722635072388,15.38489055211996,8.132658760010743,0.2915488462433336,3.5,27.5,26.5,0.744035438503714,-0.999983947041979,0.005666185519773663,-0.9978630588529123,0.06534000135222925,0.9100623718270496,1.9927970843287284
8.687230953633208,17.85475447120163,6.660157655685662,0.5436073422330436,3.5,27.5,19.5,0.7254727563495575,-0.9999894916056441,0.004584395083929016,-0.9999950338195444,-0.0031515609225165313,0.8143758653759104,47.86408325990308
7.831019484421136,16.241532437987154,8.415243559035456,0.36659600551231913,3.5,27.5,26.5,0.6914251821435676,-0.9822386838559765,0.18763573203651562,-0.9225892141369244,0.3857838020941422,0.8762272767594026,19.171752802918277
8.171096968651355,15.445164728536675,8.131097232902293,0.279904065747097,3.5,27.5,27.5,0.7009947537981608,-0.993317526122359,0.11541357068454544,-0.8711214365659793,0.4910676559856335,0.7701333079524005,15.954339690112093
11.636235420201224,16.917954016558767,7.3398949482698175,0.515623545549287,3.5,27.5,21.5,0.755364188220682,-0.9561345942547539,0.2929277004130833,-0.9411998301757606,0.3378503806082205,0.8630699917315174,3.0490488038621066
9.407813425576492,15.922032085696523,7.921284407535085,0.2769916016397411,3.5,27.5,27.5,0.6097550629779436,-0.9959970346284927,0.08938627977071918,-0.9823085523488048,0.18726961307803133,0.7885046334657522,77.90900946045646
6.949611046079359,15.999152401055,8.142707893287252,0.276969563072581,3.5,27.5,27.5,0.5959421983683864,-0.9906454991928539,0.13646059844856773,-0.9891737472221627,-0.14674909814532108,0.8931896898010913,6.034445684719927
6.697568127538391,16.00131543529878,7.725767439736543,0.3861248861731878,3.5,27.5,7.5,0.4044904394493291,-0.9811116200935696,0.19344246927024902,-0.9986375405913142,0.052182971568619695,0.8283818793661153,85.61479570846699
9.51459731845587,15.306387200775129,7.604811493402764,0.4409409353683525,3.5,27.5,9.5,0.5791506348535308,-0.9928655371941959,0.11923936033072621,-0.8971144496761261,0.4417982165902228,0.792163302379686,85.71594857270252
8.984248106767566,16.449430023151436,7.913648458645878,0.2944188492201446,3.5,27.5,27.5,0.6316528557787706,-0.9999711679012392,-0.007593639853968,-0.9923994172205978,-0.12305850925562947,0.6151349515570509,84.73978748583467
11.999293033366483,13.824579331600338,7.799334602212545,0.3664666776947651,3.5,27.5,4.5,0.7727830460487705,-0.9999014972719956,0.01403551756157384,-0.9999744075811516,0.00715431217692406,0.8411552986940614,0.5931337112757831
10.124241933682542,15.753919043179735,7.557670758657132,0.4680112949360847,3.5,27.5,22.5,0.734208439854777,-0.9911071213745322,0.1330664268727778,-0.9919514102602379,0.1266191126280908,0.9531387510660077,25.99547163194086
5.369425197770899,13.60865661393482,7.594344263677765,0.43003012066937685,3.5,27.5,5.5,0.43788259735379953,-0.9317593944791129,-0.3630763429361885,-0.9789214242020107,-0.20423722784621567,0.8409856957716079,68.8760070527537
6.6131574354156095,13.959071589753098,7.598786543814546,0.25359782598986824,3.5,27.5,3.5,0.5086930398400937,-0.9764174019394082,0.2158913087409872,-0.8990162273482144,0.4379153148321986,0.7407761953465828,7.266723300835764
10.824708481976137,18.176621371953534,6.835257139420743,0.5407789546552638,3.5,27.5,23.5,0.706130375519585,-0.9326441185437332,0.3607976554050525,-0.9279551733128977,0.3726918248658402,0.8507175267276943,69.6749499321683
10.762729214175701,16.600739821634413,7.953302249383208,0.3364795340051442,3.5,27.5,26.5,0.7375287527484151,-0.9751711666156893,0.22145246849244096,-0.9723930874087044,0.23334884520770127,0.9480976576856441,3.239949429434674
7.251128151995474,15.239411771671984,8.516354436528088,0.3532185160212878,3.5,27.5,4.5,0.4999123699427744,-0.9961513688870665,0.08764958793071215,-0.9893820019839692,0.145338412507476,0.7343404424834603,2.679550443606786
10.43836952559184,14.885844657704489,7.799015772992868,0.31381981927239777,3.5,27.5,4.5,0.5728980325273033,-0.9961709376094019,0.08742690125130305,-0.9845517815595113,0.17509365901708823,0.8406683528738096,3.8669915503699883
10.418837021311473,16.69556686605652,7.402086304094459,0.3594878629698144,3.5,27.5,8.5,0.5771748260360393,-0.9864647223933748,0.16397363042075414,-0.9924742308053562,0.12245366955431095,0.7776241293297752,75.02390525994085
10.924425084093567,15.070839951360455,7.843316920867656,0.471025609565951,3.5,27.5,7.5,0.6285404759427409,-0.9982948986662562,0.05837204208291124,-0.9986924662349814,0.05112101217200747,0.8739496756677796,2.024686456205984
11.20388117425291,14.506084541271957,8.00222892882838,0.4456125796256527,3.5,27.5,6.5,0.7288982687990193,-0.9999525662932197,-0.009739874927537327,-0.9994353210824546,0.033601175170089106,0.8549080664872494,1.143143034665627
11.38407038359979,15.97340415776421,7.4426599860283265,0.4271354627588849,3.5,27.5,23.5,0.728133998546635,-0.9502759230995413,0.3114091681009321,-0.9233236603584855,0.38402267930710576,0.9472241333041451,23.592175320634887
8.3529722619807,16.174071625249827,8.175627783970684,0.29426710751310364,3.5,27.5,27.5,0.6752643602263145,-0.9939734621117768,0.10962096796474746,-0.9999994915406031,-0.001008423787543897,0.8397325786000708,32.54086621936045
8.49083721640166,13.753160196429706,7.289527559883846,0.51640505083098,3.5,27.5,7.5,0.58270464574162,-0.9943987999907775,-0.10569307724208665,-0.9873497080700782,-0.15855773072900456,0.739737979816425,35.94478146467148
11.466510305743036,17.364430851358723,7.359599860462957,0.3266137675620947,3.5,27.5,26.5,0.7152026453581816,-0.9736775946734461,0.22792968571674124,-0.9512241241099453,0.3085006737614482,0.8690695552924234,3.659357586748726
10.214190081439103,18.232963943507617,7.104780540407992,0.4336331978746579,3.5,27.5,25.5,0.7537392326609538,-0.9912291868098146,0.13215407377887992,-0.9726488234434486,0.23228057657513082,0.9040083295245254,42.59363718801754
4.887933419636435,14.502437461080314,8.369570083835114,0.4079109535027448,3.5,27.5,4.5,0.38670384342921854,-0.955482173481572,-0.29504883690489453,-0.9999830763521192,-0.00581781826388751,0.9024109234153695,9.896409827637143
9.245840408683666,15.16499579159226,7.745661500282546,0.4260048652835205,3.5,27.5,7.5,0.6036847447483265,-0.9999470862555306,0.01028711276668447,-0.9974469787793062,0.07141095521020724,0.9254333960267109,1.8471055136360803
10.227642967727787,16.684004482106207,7.536095256354671,0.45040383255907646,3.5,27.5,22.5,0.563832437068435,-0.9546728948343227,0.29765695669453807,-0.9996311292267122,0.027158893219871236,0.8440632674510251,38.21000823358426
9.646094889214048,15.149631188866682,7.635821254695558,0.4743994149901504,3.5,27.5,10.5,0.658934282270318,-0.9997921898889436,0.02038570668558081,-0.997610237988819,0.06909278587444502,0.7785845909154346,59.18212695649548
11.4436979698186,15.812581590209465,7.9094659479918015,0.38390877973245957,3.5,27.5,7.5,0.724595955377602,-0.9997348740122813,0.023025674445019073,-0.9936682903836029,0.11235358777594881,0.9101787729732485,0.32175882834410174
10.887070043004815,15.781336990055024,7.583076564180083,0.3789200384212326,3.5,26.5,24.5,0.719947471422801,-0.9674966016144136,0.2528840166253307,-0.9418824491209008,0.3359426320638893,0.9059791201158363,42.19405077865984
5.586075613690562,14.65876966224769,7.540178633114305,0.40258689666087183,3.5,27.5,10.5,0.4660512081397962,-0.9954887117168763,0.09488005503937118,-0.9995657273411958,-0.02946789311889131,0.8266800052738408,81.20053497547802
7.4285836221935035,15.906636875312177,7.512976385228473,0.4008742709995375,3.5,27.5,8.5,0.4595754011167317,-0.9897636399524021,0.14271628158052493,-0.9884961000347899,0.15124635604208994,0.738805172464894,66.08839871348245
8.610126371398668,17.811794551913966,6.870625014935554,0.5127874541034184,3.5,27.5,20.5,0.6228879574293049,-0.9860944675603719,0.1661857426099681,-0.9582226422538711,0.2860233694508367,0.693168806513399,48.03001275634071
10.64507813827545,16.02197646614505,8.21861019278962,0.341471728623995,3.5,27.5,26.5,0.7117682911120281,-0.984217099993697,0.17696525105228142,-0.9939325238014943,0.10999153662710541,0.8551160060421334,7.18950518528645
8.652987168764355,16.023427184201392,8.319082715997625,0.40020209739300444,3.5,27.5,25.5,0.6146582859662874,-0.9987128830152127,0.050720580629979584,-0.9949106877064007,0.10076072393336995,0.8760901258670554,33.349022525412124
6.367360733979213,16.709877423653456,7.646767110491075,0.4751921658760103,3.5,27.5,23.5,0.47831881740118876,-0.9811961891745944,0.1930130522769216,-0.9990333571247574,0.04395851853778748,0.5774892304935928,72.86354137584672
8.529989862935299,16.599047205297968,7.4111995287823,0.41476938505719335,3.5,27.5,10.5,0.6370356717400391,-0.9304801948061251,0.3663421994168233,-0.9749694374496849,0.22233892155680943,0.8044980327733259,78.81113635454936
8.012333554682838,14.855198074918073,8.395198707621642,0.3301907212825239,3.5,27.5,3.5,0.68794261344206,-0.9059425302723888,0.42340067529901493,-0.9504508134346051,0.3108749768660986,0.7597248025269385,10.481472987895259
12.100936593713316,15.067883295810539,8.172841285657924,0.343898780323556,3.5,27.5,4.5,0.736901023996433,-0.9996365961230024,-0.0269569228885184,-0.9990398299705955,0.04381116447121275,0.826136692131796,0.7259245553562863
8.822740299621055,13.855398372361334,6.841196770284142,0.4296873321869649,3.5,23.5,21.5,0.6761784318788188,-0.9997071801192241,0.024198223448617016,-0.9966605577514169,-0.08165618545238629,0.8296956122781236,7.725679199543933
9.472884459032421,16.615352846022347,7.879970047673589,0.38500459418841426,3.5,27.5,25.5,0.6853412124629709,-0.987330994537036,0.15867421727082004,-0.9885516943809093,0.15088256206942305,0.8422036987793714,2.224835111448087
10.574274339577139,14.364475421440142,8.005858312770082,0.4750790012749673,3.5,27.5,6.5,0.6804589972744632,-0.9252476540632872,0.37936364961654356,-0.9239596152338773,0.3824900383237001,0.9481539563965697,8.04458199351545
10.865317360556755,17.4904023892088,7.168667037211704,0.3772206509800663,3.5,27.5,25.5,0.7198514807928327,-0.9728606653672849,0.2313917150226512,-0.9624933429911395,0.2713052979536903,0.8890569973221638,0.7507784666081534
10.490043755223798,17.04605958343504,7.398243991673111,0.27805652931310715,3.5,27.5,7.5,0.5933004523902443,-0.9759695434705383,0.21790697606526754,-0.9811258968631752,0.19337004552005993,0.8709427817142886,85.09231960576099
7.531447997039016,16.349661869087146,7.533362201296183,0.25586293889489026,3.5,27.5,27.5,0.4799485069998243,-0.9968102352017889,0.07980823890397735,-0.9811022834978655,-0.19348981708419116,0.7561376266674632,13.016929706002031
10.329303135076946,15.493889329677415,7.987442829331531,0.2878520257973432,3.5,27.5,26.5,0.5938146914815053,-0.9937012468215161,0.11206173327842325,-0.9998343055002584,0.01820333883703572,0.927820888014345,0.5064527989881213
8.63643763578472,16.606452047391528,7.428895263018735,0.35531898422161257,3.5,27.5,10.5,0.5542261439783985,-0.9930741025598637,0.11748968816420133,-0.9879835881928505,0.1545588220114922,0.72077081127902,88.32064019970822
7.4545824232533935,16.135282462366597,8.169422200943009,0.3135873700913664,3.5,27.5,5.5,0.5369372519744846,-0.9066397897653706,0.42190554821453163,-0.959794268914301,0.2807044021016816,0.8013830701236871,13.426486649336809
9.954296388604986,16.061849803495278,7.583735407109391,0.37706163993824743,3.5,27.5,10.5,0.594371467051833,-0.9934727551790483,0.1140696485352297,-0.9880046452355049,0.1544241593568313,0.8086175328659895,81.00646352784493
9.263057511266494,17.04835471082754,7.5541317113997675,0.19115561938585943,3.5,27.5,3.5,0.6220256153687624,0.9960239649344196,-0.08908569624983673,-0.8863374539131796,-0.4630398663081853,0.6114318838302171,84.86779459616778
3.645741277483208,13.943448147576383,7.376680901314178,0.4989903580147261,3.5,27.5,6.5,0.3144578352797857,-0.9572132863525058,0.28938335202674614,-0.9940877359607352,0.1085798011255305,0.8799525175506289,19.008904644085973
6.652962382276589,16.39784800470149,7.0476392937030905,0.3292667841215184,3.5,27.5,25.5,0.3757135144146282,-0.9976311003671315,-0.06879089751025495,-0.9990289165888887,0.04405932159295209,0.9034272786205373,17.083481295253947
11.939124583613857,16.824375582699936,7.291556397313787,0.4939067534309578,3.5,27.5,21.5,0.7579886072254355,-0.9877021884755358,-0.15634700790433173,-0.9510930958428195,-0.30890439142252607,0.922861119887371,12.863831782071657
11.33989041174563,16.635986796493427,7.661455645718341,0.40519619016725517,3.5,27.5,25.5,0.8211949188795238,-0.9974736636907633,0.07103724546550222,-0.9988209940827794,-0.04854504896988349,0.8153560734320984,29.019046235540728
7.6222399045880795,15.94774650276691,8.673774286462171,0.3804870673308586,3.5,27.5,26.5,0.6387337535193521,-0.9982510779617867,0.05911670955094546,-0.9998108678225668,-0.019448099749997123,0.742236358643161,3.139421402079421
7.789203851485836,15.511700588830244,7.872805555550777,0.3618932550353665,3.5,27.5,9.5,0.5127986878438197,-0.9999665893851064,-0.008174357070619987,-0.9997675118600037,0.0215620553115285,0.774371208831084,7.287735097671302
8.565521588678099,16.370951190229988,7.917420081067461,0.29254426314546206,3.5,27.5,27.5,0.5842348877403942,-0.9971830094251418,0.07500697110147564,-0.9968898175963746,0.07880794105080331,0.4730585404646119,86.5902781558967
9.196289918388343,17.460795613661713,8.079250120783879,0.48020097930046407,3.5,27.5,25.5,0.7278538915043721,-0.9619676021626917,0.273163563436563,-0.9702304934566414,0.24218338003851989,0.7557033893111115,2.5701221046880107
12.070003423920955,15.494133044040808,8.045623827717845,0.3758380715046031,3.5,27.5,6.5,0.7284516626508327,-0.9900715625705312,0.14056422371694308,-0.9875355321653312,0.1573962283885361,0.91085351205849,0.169465860469046
9.7191254986014,16.454619145423752,7.223480038180244,0.5003381637124003,3.5,27.5,21.5,0.7182684284263037,-0.9967949717941579,-0.07999865127540631,-0.9824598249089664,-0.18647437475385975,0.7262476552115905,42.92890517811209
7.321364540400463,15.563590858301923,7.687079395285129,0.2508136088286696,3.5,27.5,27.5,0.5083603533417145,-0.9796229866733143,0.2008452239443486,-0.9524649850774165,0.3046480792676639,0.6926506304366393,87.11047141036443
5.761880557350348,15.88939938691262,7.673881617250014,0.284061813302864,3.5,27.5,27.5,0.485776979438369,-0.9921303099772114,0.12520961634204583,-0.9884287336110289,0.15168598673607792,0.8569232933167741,52.230364023863906
10.789908053762817,16.79057346516771,8.041303903068698,0.25977636012712246,3.5,27.5,4.5,0.7679980049466949,-0.9731888022369953,0.23000772856693835,-0.9631246003724009,0.2690557640295094,0.9405854459746558,0.654643977381042
12.209316726494613,14.467761266929669,8.046318578400527,0.40799351010532736,3.5,27.5,5.5,0.7427054170465978,-0.9875909203606624,0.15704831747325315,-0.9799649907003737,0.19916981950490506,0.828333802244514,3.449207242437126
10.23566373038204,15.795510148503299,8.256776101594252,0.28943102377391877,3.5,27.5,27.5,0.6742173562513502,-0.9999973978541382,-0.0022812901947154907,-0.9978654634127384,-0.065303268892766,0.8505255080103481,0.6674552784826915
5.470230420639212,16.899252935969784,7.8141451515551985,0.3533014721982676,3.5,27.5,26.5,0.38120018356832003,-0.9978990070786,0.0647886693145035,-0.9986271408373701,-0.05238161493290707,0.6346667323459803,85.5234584751777
10.053726383443475,14.755222554561723,8.16766106099482,0.34756682233089314,3.5,27.5,4.5,0.6851627306101178,-0.9999432808518821,0.010650590555180962,-0.9956673202817403,0.09298702771343116,0.7788924557237441,2.379543054866076
9.658113510585896,17.60622283898129,7.521715192213568,0.1631402422813335,3.5,27.5,4.5,0.6464626348437916,-0.9988845974625228,0.04721822690586679,-0.9990386504779201,0.04383805254862889,0.8867599543358237,5.036041857871567
12.55106448600436,16.944397502447867,7.673548191689897,0.1905972459237362,3.5,27.5,3.5,0.8381777144484535,-0.9896539921590798,0.14347465212920377,-0.9991649367599674,0.040858648404595445,0.9099349514507766,2.7023092182404014
10.734025720766649,16.238794313896356,7.833149057710308,0.36096655130976557,3.5,27.5,25.5,0.7135514129193369,-0.999427958389943,0.0338194616827396,-0.99290900055288,0.11887689691895952,0.8650282140841358,1.8696525723051138
9.157273395076642,15.678777806318259,7.707311534825663,0.22787164078756197,3.5,27.5,27.5,0.5725315809736686,-0.9927382235287949,0.12029471952206552,-0.9337264686560143,0.3579872647611492,0.9121408466075447,6.479412973528014
6.138309587973149,15.38613161980256,8.063823517496829,0.4286933930721404,3.5,27.5,7.5,0.4101091825970621,-0.9428489156889204,0.3332205308564091,-0.9909958656780579,0.1338924725628614,0.7910298979618835,68.65188883930821
6.535441489643739,14.570547124659933,8.392945639537578,0.3845615596332792,3.5,27.5,4.5,0.6090508166375751,-0.9400959562037623,-0.34090994870982244,-0.8453147093427109,-0.5342686984737625,0.5492515839243743,2.9640346834784452
7.57500259633398,15.440821923039032,8.062897033112767,0.39149306767400355,3.5,27.5,8.5,0.5874737612989501,-0.9112827869430385,-0.4117811095974761,-0.9828273113545376,0.1845277108068346,0.6664901109541064,51.78319062509402
5.591272541071775,17.173338208084157,7.422434765688626,0.4720650839753045,3.5,26.5,24.5,0.5659642070340704,-0.9444081175588802,-0.3287754666773241,-0.6808663375114756,-0.7324076941456236,0.21924582529764622,20.051246100011852
5.343704798583433,10.312747091943278,6.65400030680836,0.5024760026499199,3.5,27.5,3.5,0.6944121666422189,-0.9548456322127472,-0.29710237064728884,-0.9969805457867698,-0.07765173097049825,0.610965079397682,5.736639676318205
7.519966578280602,15.547942092156259,8.708776604078196,0.29438789121909315,3.5,27.5,3.5,0.7784834129325583,-0.9972721589645448,-0.07381220057819428,-0.9708241640113594,-0.2397924989895328,0.6583911162730509,9.815140134853777
7.4176927804788235,17.075798928016347,8.034804251878413,0.39805278545052664,3.5,27.5,26.5,0.5900999751355622,-0.9027220547804556,0.43022423433943385,-0.999200255355345,0.03998561863737387,0.8344830558046679,23.554513953584873
7.251456543664288,15.540951984236987,7.9408503130410715,0.3200135638599488,3.5,27.5,5.5,0.5910948092474656,-0.9991896388542345,-0.04025003858811047,-0.9975846139117069,0.06946177428363384,0.6457389579196244,53.946302550745074
4.650182313587578,15.08217879895898,8.171234102314173,0.26073487263566575,3.5,27.5,27.5,0.5194054959908864,-0.9971242459389327,-0.07578415507686954,-0.8182559419412123,-0.5748540801611305,0.25366239811651115,62.51787895054677
5.440759480170718,14.13562645521623,8.052253138023858,0.3864257698573894,3.5,27.5,5.5,0.5544331601444948,-0.9980466014229109,0.062473845633009964,-0.9765748173683392,0.21517812640227882,0.3190837458784797,53.73644282839816
5.387964467333376,12.011985166904214,7.0422709446510625,0.4868233799614473,3.5,27.5,5.5,0.5675335882728808,-0.845219373770195,0.5344195076936464,-0.5501681678916962,0.8350538827157769,0.3416149881782205,5.238283350053017
10.056543371448573,17.95319534049914,7.678985626241989,0.35677172541874214,3.5,27.5,27.5,0.7500439900047379,-0.9997488877722266,0.02240895798996108,-0.9994269808988788,-0.03384833602043163,0.8260175800662813,23.804929294393915
8.324998693236003,17.84424513742109,7.967607174122765,0.3654970172702351,3.5,27.5,27.5,0.7089386134360695,-0.9862530655070232,0.16524191592328946,-0.9949963962874606,0.09991081710689138,0.7297418516623204,6.672585834085183
7.078466986174479,16.4997266090778,8.034089558119625,0.398317353771495,3.5,27.5,25.5,0.5286608794561731,-0.9376462807985272,-0.347590926384291,-0.3466711687422404,-0.9379867273916455,0.3794760885772455,78.20581193294834
7.305461740937132,17.82513985568259,7.677489964948209,0.43403139052370165,3.5,27.5,26.5,0.6026830207133055,-0.9975564662505704,-0.06986484553532411,-0.9923865977543523,-0.12316184716681257,0.8425314447200735,85.92984539302421
8.17225907919697,16.980322770194665,7.845331275559658,0.3803392615279194,3.5,27.5,26.5,0.6434190917908701,-0.9863968405108408,-0.16438148627576965,-0.9998279893992531,-0.01854701091407874,0.6903593278393841,65.54345394483566
9.440844429949275,19.943710962870867,6.293519697046841,0.456360568468331,3.5,27.5,26.5,0.7628317672552151,-0.9952808543605705,-0.09703618368058864,-0.9671522732848975,-0.2541977188722488,0.812034092481553,89.80257530088537
8.898637982839695,17.495336372497704,7.404533054865633,0.5499470220795446,3.5,27.5,23.5,0.7788060072026547,-0.9453078061227906,-0.3261796310061627,-0.9434148650688226,-0.33161482531270414,0.6613170026072897,60.82793696519916
10.695924029799095,18.24685489186911,7.219096955112358,0.3715414385932952,3.5,27.5,26.5,0.7242401225207968,-0.9940365912320573,-0.10904703247567826,-0.909963736105757,-0.41468783316182833,0.8319442279453364,7.91582281730021
5.073260053060838,16.54687382289694,8.05235843475999,0.32351294141063647,3.5,27.5,27.5,0.45900820292851124,-0.9943925879347858,0.10575150618482644,-0.9289214400132924,-0.3702768670652154,0.6336490249178084,20.98410146447965
5.1446441335976925,13.99441445149789,7.031689497886603,0.48555283520439824,3.5,27.5,8.5,0.5903628956834621,-0.9478386312310082,0.3187505751306638,-0.9718265702173446,0.23569708827134983,0.23852042274912513,53.89573475966769
5.387340241388598,17.36316452060993,6.968849142197248,0.46307393535426916,3.5,27.5,21.5,0.3798293648684079,-0.9148778575446143,0.40373073424570555,-0.8313947060811796,0.5556823217452477,0.6682423351870181,26.98370615828047
7.4894761667609195,15.90805782328615,6.530918506951363,0.43686448208006917,3.5,25.5,22.5,0.6590498197202024,-0.9583982640893755,0.2854343486521408,-0.8863620224720474,0.4629928348465684,0.5642112140229448,61.21542937525807
7.361408343212599,16.565718884430407,7.9889664782376295,0.21345138521440873,3.5,27.5,3.5,0.5902466442309898,0.8856153567469793,0.4644194654554441,-0.6511969847959125,0.7589087474741032,0.4251258870623525,86.37068718554846
8.82584042907175,14.726680279242547,8.3773524887477,0.4444923994775682,3.5,27.5,8.5,0.7222877511446852,-0.7951399006269536,-0.6064260370654927,-0.7666430930543334,-0.6420734910211484,0.5183110657975611,75.91162733513038
7.662404948389332,15.98268410389471,8.17102742629139,0.3315095405445767,3.5,27.5,10.5,0.6906160799400526,-0.9789082483496848,0.2043003703201533,-0.8679158088930502,-0.4967113333451556,0.17568685456697056,36.01521996429065
7.480034946980508,17.53099783000761,7.634040630714991,0.37905614751155037,3.5,27.5,26.5,0.6092263188904582,-0.9660283494781313,0.2584361197753853,-0.7748663285109386,0.6321251244334292,0.5542360817745019,42.926786998774006
6.800028260252019,14.895075569377223,7.4171117607043024,0.35832431916364565,3.5,24.5,24.5,0.7239396260368745,-0.9856169530818673,0.16899473896431322,-0.9851923970503917,-0.1714524447014488,0.24375525209957605,64.83844286779552
8.487005785722681,14.571655325756474,7.821987351999491,0.3237057488215916,3.5,27.5,4.5,0.6013939306621029,0.5357546847505744,0.844373683725288,-0.3154161538558942,0.9489534497997016,0.6745304868680974,56.12912327180212
5.528561044740177,14.993591431486065,7.831877370669177,0.2847060304121311,3.5,27.5,4.5,0.45967267591027444,0.3066815244488626,-0.9518121887020158,-0.9467027965789986,0.32210839006381564,0.18080673001308178,47.974056933866095
5.008127013094445,13.678133433291217,7.3642414627739194,0.4801746736990127,3.5,27.5,7.5,0.5049079009332129,-0.9906776306550058,0.1362271343007112,-0.9206613113456786,0.3903623314194844,0.6061676180847249,2.6339509236537992
9.655744671152883,13.098877306055611,8.149032261376925,0.3736679450202684,3.5,27.5,3.5,0.7509850331939123,-0.9130932152512569,0.40775088014880106,-0.9727730862318141,0.23175962267623632,0.8570545766526565,15.028258413540712
8.776256456650495,13.766457406560107,7.427859672804541,0.44025411056299657,3.5,25.5,6.5,0.769035609540009,-0.9964292798413664,0.08443157155244695,-0.9864616629988409,0.16399203466498374,0.8530954983762725,61.462943237835646
8.289341690423479,15.465653697446058,8.408644451132934,0.3582894032250538,3.5,27.5,5.5,0.7542697284365915,-0.9644564054839933,0.26424201392075264,-0.9887560083327868,0.14953780788086382,0.7374882069715302,16.584648490837267
7.044332300628631,12.504472298982511,7.229665079591323,0.5894944742442575,3.5,27.5,7.5,0.5669379608655588,-0.9910571731587265,-0.13343792388460624,-0.9861501075656314,0.16585525420767888,0.6547914071227666,1.4853062910921722
9.304903841316339,14.823238123257537,8.32821072524421,0.28842369997169137,3.5,26.5,26.5,0.7511527482188974,-0.9805231838590027,0.1964033755183558,-0.955880831300759,0.29375472141187786,0.9072946695643069,16.511456514182726
8.553991132801032,15.64877410144,7.99110493022034,0.4699638902540751,3.5,26.5,23.5,0.6822517446759495,-0.9933076981938432,0.11549812426550024,-0.9860371884171223,0.16652526252330718,0.8747254686183912,21.014620509966193
7.327498649593983,14.72518366378982,7.139308716262624,0.45021193308810126,3.5,23.5,22.5,0.7284016214203107,-0.9953960145502204,-0.09584766151313948,-0.9980647715229346,0.062182890290434924,0.8226296747180509,24.563174459062424
6.635053793610704,16.108282888092354,8.279833488216923,0.373065479260803,3.5,27.5,26.5,0.5439541937026416,-0.9770174915080793,0.2131591454459795,-0.9906530534360539,0.13640574664515734,0.779427122553205,42.6912753631716
9.44104358451585,13.5430387046348,8.06095088221219,0.44370384340335145,3.5,27.5,4.5,0.7858885568293671,-0.9954213634309715,0.09558404273321838,-0.9986618181185197,0.05171627434582515,0.7939982254883453,10.27730156889001
8.626462596900287,13.420643118933478,8.465309750055136,0.533536959448954,3.5,27.5,6.5,0.8135759468166476,-0.9746628105632724,0.22367924737199596,-0.9981333242204423,0.06107263774104862,0.9131083774820847,17.98348953295411
5.908820183405621,14.051308474239244,7.485323866328221,0.366808062836367,3.5,27.5,23.5,0.43200389528664596,-0.9697031458163754,0.24428632584290375,-0.9988459512823266,0.04802879976539293,0.4953817126538178,83.1090553885661
8.39929904688585,16.88943568583027,7.575101585332554,0.4089381933267692,3.5,27.5,25.5,0.6350696090939325,-0.9451760239890475,0.32656130155953167,-0.8566270815875031,0.5159360843078116,0.562428786582802,8.645021744069979
7.01330494926619,17.319198348425914,6.638090184749854,0.5020058456685844,4.5,27.5,23.5,0.5687971766118892,-0.9319625298058398,-0.36255460697376196,-0.9723587415950318,-0.23349192200957655,0.7103338037722515,70.17552592579521
7.399604105919209,13.165109512805083,7.176650941598046,0.4982331324321096,3.5,27.5,6.5,0.7313604245397085,-0.32775644531300374,0.9447622518685768,-0.5863148417706169,0.8100832712255552,0.6790561346443483,36.79366501542377
7.736571741409009,14.513404707043824,7.849630281433484,0.48420446089713615,3.5,27.5,7.5,0.5700737811369083,-0.7814440568714921,0.6239753087905197,-0.9924424026476062,0.12271135818271509,0.640278987060368,40.05054296673639
7.409788305603183,18.22933664662731,7.521325343744937,0.584290414859923,3.5,27.5,22.5,0.6463335713339275,-0.8293410264674197,0.5587427510205092,-0.9149673862705677,0.40352779589664667,0.7963254441465746,31.038114368968493
7.249763213164636,14.350472422547025,7.084161618870707,0.3709747520760873,3.5,26.5,21.5,0.5585397445446891,-0.697731035595163,0.7163598271590202,-0.871779622307155,0.48989824466923143,0.5481842060756315,38.880164085737505
6.898031043016764,16.16905663779657,7.674262283282021,0.4349277335362989,3.5,27.5,23.5,0.4919915207242615,-0.9938917943836552,-0.11035896455131347,-0.9694042408630245,0.24546978998806182,0.4229221966243061,74.55231368161878
6.963495161208849,15.140379436642583,7.513475362847156,0.20366054844897385,3.5,27.5,27.5,0.48059971666713336,-0.9097439860417951,0.4151697000755067,-0.9956885536167506,0.09275938872471685,0.4981921472924212,2.244421496825794
5.452360129940286,13.927319536569977,7.08064569889448,0.3354791989073236,3.5,27.5,4.5,0.4163513156277185,-0.49620906692474576,0.8682030648999537,0.37109190616123944,0.9285961432084552,0.21388410044051764,14.46979820946541
8.262603596395131,18.01523472160704,7.008368445090188,0.5772310906793323,3.5,27.5,22.5,0.7347888049942995,-0.9397596540864119,0.34183591465992486,-0.9998075063034119,0.01962015135907682,0.7436368650790327,61.421750186233425
7.5696125229729585,16.68731294211206,7.8289853368789135,0.47024958624133173,3.5,27.5,24.5,0.6451338028516997,-0.7183781286319317,0.6956528331741946,-0.8306505139182258,0.5567941484313457,0.7480915535653165,63.09798088803799
7.207213147542259,16.92175778642202,7.992630840065051,0.3245418673790414,3.5,27.5,27.5,0.5918636691007227,-0.9970313223383528,0.07699702771039654,-0.7701284915031481,0.6378887885635595,0.3274819269343539,30.00255631195016
7.189218631461148,16.400022109379194,8.02279602461992,0.40097130756121174,3.5,27.5,25.5,0.49115452520584235,-0.9883770257166429,0.1520225477865786,-0.8964603834085911,-0.44312388897341326,0.2606739115740313,12.386286629717759
7.172353466430893,17.70661044721768,8.389484372147805,0.4276756609322062,3.5,27.5,27.5,0.7124876103873334,-0.9974445034121197,-0.07144552199368365,-0.96804420311835,-0.2507796259845657,0.3927162247767069,35.28027498584444
7.559926199919219,17.56883942141122,7.763858687568534,0.4603683228008213,3.5,27.5,25.5,0.6949552870716987,-0.9608589481194151,0.27703805121111286,-0.9986096568136834,-0.0527138816485517,0.762740998999117,17.197731657070648
8.059048623461932,18.261455456678636,7.016581483125818,0.5093431883777443,3.5,27.5,24.5,0.7429433656264622,-0.9969324481901125,0.07826681126549576,-0.9948936337322642,0.10092897284234706,0.6302037765871344,71.32181659815251
6.500650869761309,16.717456240179892,8.3465779071296,0.3373167920775069,3.5,27.5,27.5,0.6179694063457337,-0.9818580852866731,0.1896172469929576,-0.9649516051991933,0.26242789414141976,0.7314785928807648,22.66288107846907
6.927030289886217,15.689063662315455,8.029191697923315,0.22931700103889488,3.5,27.5,18.5,0.5329376710640696,-0.9925905192099824,0.12150745316422985,-0.9104661099692192,-0.4135836827022044,0.093804511253991,35.0673271618992
5.788639976694505,13.758221864880952,7.857872772104042,0.45775748748877193,3.5,27.5,6.5,0.6809603111948264,0.5820231851514709,-0.8131721908342271,0.7776639068197579,-0.628680243072606,0.31250384785484403,73.11406440552739
7.348578899490722,15.459934398700081,8.67880626143727,0.28719443233549485,3.5,27.5,3.5,0.7036910464651577,0.7110138312920116,0.703178022773362,-0.9204497962847996,0.39086080964874287,0.5747863470418979,77.59577581402516
7.980870026967364,16.47233393544031,8.303033575534712,0.3922234868454986,4.5,27.5,7.5,0.6804828276709401,-0.8793668006101178,0.47614496740459744,-0.8687129222814878,0.4953159180373247,0.6471591620441542,4.468876109148596
6.265074962776026,14.905318851439157,8.726931263756487,0.3522219738233915,3.5,27.5,3.5,0.6485713664220197,0.14763722281029698,0.9890415817552176,-0.919990185054344,0.3919413979202425,0.17685795861308126,59.66625918314491
6.244552717469122,15.757736260031104,8.392622004541694,0.36841915713345663,3.5,27.5,25.5,0.5326275736010426,-0.9861292330013572,0.16597932347179523,-0.9642947207456906,0.26483143986692853,0.569612344284764,80.09030385068347
9.326025449013335,14.867883869501002,8.665370853766566,0.38208824029035343,3.5,27.5,4.5,0.7854448083421406,-0.9948906628669248,0.10095825345265727,-0.9543115233396579,0.2988135144553233,0.721148603096262,11.720803149982387
9.673208512248413,16.56046148011843,8.303395023732687,0.36604129252154133,3.5,27.5,26.5,0.7557484300828609,-0.9983341658840873,0.057696561669858225,-0.9951148548679157,0.09872398706093198,0.6950548113589068,38.14725239777421
9.499973185479785,14.850170784926584,7.9911556623739495,0.4143025747973723,3.5,27.5,7.5,0.7539673933174882,-0.9717157402151594,0.23615359454834675,-0.9953651053824926,0.09616811834958368,0.8247920113087698,0.3375471532289822
6.4065027382621595,16.320616986999518,7.9752385087492454,0.3815574892408045,3.5,27.5,8.5,0.6033726568515616,-0.7709962812120726,0.6368396457171575,-0.6840807319945407,0.7294063011201737,0.5753882098275375,80.93466537203768
5.978671095973561,14.33006872119291,7.339338919609529,0.5802519362195425,5.5,27.5,9.5,0.5299714757156493,-0.20811655354782993,-0.978104033392856,-0.9852105799205064,0.1713479302842595,0.11136492974382986,2.2279488150614384
7.814394107647039,12.348190085973446,6.768096857886052,0.5168771702266984,3.5,26.5,8.5,0.7177878759186949,-0.9647932502118465,0.26300947577161804,-0.9996238817898025,-0.027424349682114494,0.3931723663093671,5.4981523673180845
6.924051982831062,17.501683296163936,8.121302830194079,0.4935023642142615,3.5,27.5,25.5,0.6124848763490628,-0.9646795427180229,0.2634262322953926,-0.9267609442685515,0.37565163673071195,0.4716612302663007,51.23882514733998
8.341949599665075,16.68771968853215,8.512986839544949,0.23983336728380894,3.5,27.5,3.5,0.8489502381918694,-0.8861154485800365,0.46346457446907474,-0.9769277960541876,0.21356985109492324,0.8124624988728067,11.877822107397805
8.768808300186537,14.136310945645317,8.521299156054187,0.37411047907180905,3.5,27.5,3.5,0.8087598256236826,-0.9871748504809215,0.15964277176862846,-0.9853000092618814,0.17083293519850395,0.7190125348643411,9.645218418711849
5.831813581143061,16.172516989447708,8.044236135066921,0.30756316836734776,3.5,27.5,11.5,0.4848212516871579,0.9923326919972232,0.12359542221920754,-0.8757619283941688,-0.48274324933169893,0.2034130942657726,75.30879390995878
8.37916370822131,16.88190362031963,8.597454168894654,0.25547842001517845,3.5,27.5,3.5,0.8415760118962821,-0.999884347657758,0.015208264497297565,-0.9959215059795894,0.09022390995377365,0.8558087924122159,0.792474622286818
9.07661890754468,18.858068463773165,7.1587689951022915,0.5543354375977196,3.5,27.5,24.5,0.7895904250774939,-0.9832085938756675,0.1824852348247188,-0.995753841829301,0.09205588781923413,0.8608575343405749,1.730382090849318
6.375013033657399,14.296221920039093,6.540425999809054,0.4602621860595977,3.5,22.5,21.5,0.7101051150836611,-0.9879816470643719,0.15457122974205423,-0.9998050816031278,-0.019743322936199428,0.8172908234575542,30.356659680911548
9.095939587224683,14.50313424116252,8.46363697211867,0.33594457948748696,3.5,27.5,3.5,0.8017358356472651,-0.9503305432537756,0.31124244337651574,-0.9793085689307756,0.20237274228204835,0.7503994892534327,1.978304220341812
6.148341891982033,15.681854447415358,7.746268998159888,0.35597982829961133,3.5,27.5,20.5,0.4881386009661005,-0.9743263327320264,-0.2251403947428372,-0.9573820710384048,0.2888244623542383,0.6556345693853067,20.668863799137398
5.289848730877424,16.118608959629682,7.6798284311259915,0.1744134098306997,3.5,27.5,3.5,0.4556234923331441,-0.6319285627284144,0.7750266392892573,-0.8221593676751682,0.5692573883086345,0.5309397832240547,13.452809074939509
7.348349531196662,18.619674606885095,7.6427681987542035,0.5198310445521197,3.5,27.5,25.5,0.6560855031262846,-0.9997005979295602,-0.02446864318428075,-0.9992211399211518,0.03946027793457457,0.4551252095508582,85.55895992616236
7.015296649360104,18.361883716227776,7.121904740299341,0.35243112150447864,3.5,27.5,27.5,0.5661305996714635,-0.8121063455393915,0.5835094545375031,-0.9796407836306176,0.20075839969373513,0.5053775132736437,42.5006294555619
8.165574816755965,15.32649879611673,7.865799872211911,0.2689339990683201,3.5,27.5,3.5,0.5666638201771552,0.9600406894862716,-0.2798604554607961,-0.7985325227686353,-0.6019516675620717,0.24619734447945482,89.0203447176262
7.546214767747027,15.573800327251574,7.91377506682475,0.30019688508408454,3.5,27.5,4.5,0.5746936026889528,-0.9999476883285929,-0.010228421496161325,-0.9906308788904694,-0.13656669355555187,0.7762727986289828,1.8197476226167026
7.116555885285776,18.81529520828919,7.137626442322697,0.5600185617535345,3.5,27.5,23.5,0.5988216424754891,-0.9951168572480508,0.09870380145041298,-0.9294165753457004,0.3690322878457521,0.6823621186424966,80.41111393259023
8.721633075356847,17.559403636925918,7.592869434388875,0.5092143908738748,3.5,27.5,24.5,0.7200821803373723,-0.9712327330116997,0.23813227065356898,-0.9900189111397697,-0.1409345790983349,0.8442859371122519,19.112622365914547
8.317552882856598,18.667701308310296,6.678714001293314,0.4609640554178211,3.5,27.5,25.5,0.725576914880788,-0.9627451265892668,0.2704104680455559,-0.9999793174845757,-0.006431531938984007,0.7648818507893601,69.12680059001364
7.310987831531175,19.040948341549793,7.056489790933267,0.3937399370614454,3.5,27.5,27.5,0.6528431905051353,-0.9684425204002408,0.2492370050390374,-0.9780567316807692,0.20833873767000655,0.5934800281842,60.54032469028549
6.8074407418665555,16.93879726942016,8.135179993655422,0.4699345392510742,3.5,27.5,24.5,0.5098007430356343,-0.9260016846567788,0.37751937700309857,-0.9982194173544326,0.05964892971862201,0.7650184510969893,7.513346076182273
6.873999242854223,15.455693615294042,8.019243982628115,0.31362763040651614,3.5,27.5,4.5,0.44333936654573425,-0.9973334866034173,-0.07297887707735291,-0.993303620816898,-0.11553318515491581,0.8846223172075561,23.647137250150024
7.321374260443105,12.9352541096779,7.193023843671885,0.32085663049639734,3.5,27.5,3.5,0.7737968401113623,-0.9580650889846598,0.28655066789106587,0.8252106574515603,0.5648250798507124,0.23926127532018124,78.62782655187287
6.339972292847447,15.936560410773435,7.441780292785715,0.3750242655207613,3.5,27.5,18.5,0.5269540220078422,-0.9712786343369574,0.23794498204529352,-0.9995508987434893,0.029966661827481953,0.6572795368953123,75.7058079571641
8.130025055466165,14.093953155156136,7.006322339491717,0.24519251493893293,3.5,26.5,3.5,0.7337606636125336,-0.7910271879862041,0.6117809966537361,-0.9947370396577817,0.10246083121306786,0.24498739620726098,81.01095065380073
7.6363167782282195,13.10483677789855,8.20256152230982,0.4798315477088722,3.5,27.5,5.5,0.7694580378505469,0.9885654546230735,-0.15079238019832417,0.9616513483618282,-0.2742748333221218,0.4505778586833972,86.40124625484883
6.8130415263524595,14.261742401811981,7.406276396634396,0.37714695766496575,3.5,27.5,5.5,0.5555131122669049,-0.9546489318919893,0.297733801973313,-0.9999998602405266,-0.0005286954958559858,0.4079618839748357,70.12947973583995
5.500435001565377,15.243285001242448,7.0816746621465905,0.44838415765625106,3.5,27.5,21.5,0.5180526847952037,-0.6524457099066643,0.7578354673835139,-0.7774983429901295,0.628884986820009,0.5880195871876239,5.5241402295748685
5.629226399699145,13.182663555800891,6.9022446541942575,0.3162307079128326,3.5,25.5,18.5,0.5771233656286979,-0.9758557971771644,-0.2184158032646009,-0.6498406177427792,-0.7600705043163319,0.4380412567732065,70.13383139457474
5.66680683502138,13.316547014428561,6.925968555728195,0.48139281466874895,3.5,27.5,7.5,0.5413421463552499,-0.3210484205211355,0.9470627812773998,-0.7279657037318956,0.6856135458041404,0.23990147410328577,2.8743175190047765
6.599744805918225,14.665218691704816,7.80708339841282,0.34881749304974363,4.5,27.5,5.5,0.6086973661222591,0.6481261527210179,-0.7615329869145865,0.5923768198493388,-0.8056610349924986,0.28532038290011896,44.39453724937785
6.636159144437049,11.6401368973407,7.355477860907401,0.44241467259270667,3.5,27.5,3.5,0.7414521846096331,-0.9975982232231968,0.06926604523084044,-0.9384355423483116,0.34545438607351653,0.3893362592898472,20.915275300054873
7.827574914101186,15.385325425463561,7.657759687711305,0.40064147102321074,3.5,27.5,7.5,0.695882472800016,0.9516701386444717,0.30712203960707873,-0.9971139893354973,-0.07591898492109672,0.30385151939609933,5.574438675567677
4.963610263075579,11.84735555957249,3.975476119596613,0.6002247744498574,6.5,17.5,7.5,0.8169857640341542,0.9364435854146187,-0.3508182026859693,0.998199899845735,-0.059974660882447434,0.3353878587914582,9.874037674563908
5.647658685539866,17.619099158348003,5.837314472226385,0.3041361973926101,6.5,26.5,26.5,0.5459495748766865,-0.6780942722311775,-0.7349749369653837,0.9319118096750724,-0.362684958315246,0.3027874608765021,16.978118772271216
5.2071765395884615,20.020545958269167,5.021707905988294,0.5252645837942969,13.5,27.5,15.5,0.6108304847741838,0.9990102458198699,-0.04448065587334855,0.9974475575329809,0.07140287089109784,0.2803829372404549,58.29633577006041
8.622137187819433,16.536034574823745,7.250965183874652,0.39815890858966113,3.5,27.5,11.5,0.6975785467088986,0.9855330087411203,-0.16948359413723502,-0.7916884286997456,-0.6109250623954854,0.18304206945322368,15.261524814581705
5.024223428739629,18.922060215491367,5.3669845961792015,0.41083720837329457,12.5,26.5,12.5,0.810077599371011,0.9902385126942517,-0.13938324137813807,0.9274444288271114,-0.37396100256250403,0.12772925874845859,40.526346633783874
6.360282249066228,13.350926831080011,4.67068850672714,0.5034999163734768,7.5,20.5,7.5,0.7464684512873457,0.9954969848110471,-0.09479321300659613,0.9996246289390792,-0.02739710237248226,0.2873061633996683,86.26827553885774
5.075672949416969,19.115316126789697,5.236462232165318,0.5565049895968971,9.5,26.5,23.5,0.6357821971750182,-0.9886190932471504,0.15044031529873322,-0.9979188421994803,-0.06448243468766147,0.2749392041586694,1.6645896305541754
9.134315634314508,17.488394089505277,6.807577335860745,0.2961492991953265,7.5,27.5,7.5,0.7361240528004952,0.9975537407547972,-0.0699037503007591,0.47103965894054073,0.8821120335338245,0.017849397121696673,10.361673248025213
4.623566430293842,19.225212604476226,6.298184483129918,0.3740241748812989,10.5,27.5,27.5,0.5973640417004649,-0.9918511146885503,0.12740237945611643,0.6008334432671857,-0.7993742386715359,0.217787817525847,9.722267198322442
7.97382727105326,14.165301278421436,7.323245609407979,0.2639488553730684,3.5,27.5,3.5,0.5863369674305141,-0.9737847257852014,-0.22747155388628285,-0.6395073947633074,0.7687849452500012,0.24655991578868816,24.48265088682639
5.885210022633902,12.231295007503581,5.060360172862477,0.424631444180558,5.5,20.5,5.5,0.7286307552931478,0.9999994709372011,0.0010286521850992447,0.8964923649347927,-0.4430591829695244,0.26611380428565484,23.36830246211599
5.0986560872790925,16.821550857876986,4.052285356796332,0.6852540321944404,9.5,23.5,19.5,0.5352086371229018,-0.8159690360205107,-0.5780956082308173,-0.9997392798397832,-0.022833579339028964,0.35962620431453607,67.49056582685883
6.926259576107768,13.53243065980384,5.989852157600386,0.48213783174269464,3.5,27.5,9.5,0.5661268641577141,0.9859375989542578,-0.1671138862222798,0.9836938929300572,-0.17985084101029203,0.760927728467865,10.920359008545034
8.139186219437857,17.37081591010848,7.414651538934199,0.35923921060658137,4.5,27.5,26.5,0.6909215825554291,-0.988924066834483,0.14842233671367316,-0.02008822929791213,0.9997982111624698,0.08488706136565473,38.04687601499906
6.06068942100051,18.85293128705335,5.588083750101881,0.3425247211461775,9.5,27.5,11.5,0.7158118906394796,0.9863916180407597,-0.16441282145542088,-0.9846781999214196,-0.17438131379110816,0.12087801544599087,88.5509032717425
6.714339815091529,17.04738857523941,5.52119343533817,0.40034999492730855,9.5,26.5,9.5,0.721787766446828,0.9998948670949376,-0.014500164040352865,-0.8219979153015198,-0.5694904979364936,0.09534735400731438,43.10943147370352
6.133433605586606,17.79347576675168,4.695363919385613,0.4231544743594931,11.5,27.5,11.5,0.7230117216582221,0.9618150414673052,-0.27370024846032937,0.9997902998599942,-0.020478190981206162,0.1650338513862255,4.173014154074309
5.0915165005885274,19.936344259302224,5.67760509374681,0.45852060908633513,10.5,27.5,26.5,0.5399603412075399,-0.9504209844439258,0.3109661594589337,-0.941312399194374,-0.3375366159736325,0.05201393028730668,21.266590189536103
2.522196915399594,19.017061688600148,3.84340107046706,0.5575659179498096,14.5,27.5,15.5,0.44144940808708066,0.9719542664334053,-0.23516994697856464,0.7633616039534611,-0.6459714092818654,0.7335058043198204,71.46651476407565
6.3206590310543245,13.679536672415452,7.5072289603196465,0.31702591464436825,3.5,26.5,3.5,0.6548060742759364,-0.9231452868056111,0.3844512705774114,-0.9068801773896135,0.42138859008969753,0.34952409629212294,5.155092806367705
4.950662066111533,12.06002679285347,4.7092665418669055,0.5006814426212179,4.5,19.5,7.5,0.596091315420014,0.967258937251635,-0.25379154498689976,0.9916429185927087,-0.12901287534558112,0.1885056322158186,84.69578592386068
5.186640574232843,16.101366804654436,5.458553001841171,0.5079158883784911,5.5,25.5,21.5,0.5345599465720444,-0.8228702338139028,-0.5682293360106049,-0.34666031626911237,-0.9379907382934007,0.2626703584959768,89.48492853982899
6.126316370396845,15.907618995258584,6.57944444541704,0.47723747782044823,3.5,27.5,14.5,0.6110793429278049,0.9931049690626732,-0.11722849663382554,0.9705592891321243,-0.24086233885633843,0.605227738186496,89.54235289848218
6.078591727678551,17.73435852682362,6.441174181564278,0.2902987856460228,7.5,27.5,27.5,0.6569502760944087,-0.9965421365612257,0.0830889286125854,0.9801076672461901,0.19846652263097514,0.3435906100283114,25.68076721190397
6.1541521864792825,17.667382195381123,5.0794791839162405,0.4464438414298916,11.5,27.5,11.5,0.8586431678237954,0.9998410992227499,-0.017826281301586977,0.9934845478356445,0.11396689524508861,0.35684105068350863,42.08679401605084
6.971474137027668,16.14796812355755,7.362271413062039,0.36873458715055646,3.5,27.5,25.5,0.6438139936005509,-0.9942755783945458,0.10684603038106448,-0.8158337710320532,-0.5782864844033789,0.3163239626394627,50.45663620543928
8.464911817944914,14.727313090671872,7.080772132295227,0.3535779371307967,3.5,27.5,11.5,0.6047929315745076,0.9966080061953559,-0.08229509090655013,-0.8485956815301231,-0.5290419352834196,0.3957913681463009,21.971177146665312
5.950064798884032,19.92430017794489,5.422612852485746,0.35121510494048164,11.5,27.5,12.5,0.6739480274462972,0.995957924047086,-0.08982100827656547,0.9866397759293198,-0.162917011248493,0.058817805414617085,69.07123435465712
4.5869068108562105,17.094637239266866,5.346297888039497,0.44282742683263865,10.5,27.5,10.5,0.630897222685599,0.974133228065124,-0.2259744542629122,0.9935523544222183,0.11337424320394178,0.7269121991871906,68.14769348474258
6.708064462300522,10.495261722950026,5.832789046169703,0.48015591959987663,3.5,20.5,3.5,0.825017735293907,-0.978536087775184,0.2060755320789865,-0.9947513924030351,0.10232139225119455,0.6047214816461571,0.7230495253942308
8.473666203474908,12.693584980723925,7.326273652189048,0.40651270246337967,3.5,27.5,4.5,0.7480719323772574,-0.994421805683813,0.10547640674835711,-0.9762765376708985,0.21652741626251998,0.3355814496601402,0.9585137727284234
6.674113795744179,14.874011445735778,8.358818241036708,0.37354629091904934,3.5,27.5,4.5,0.5464235594381773,0.9988631041734612,0.047670736526271226,-0.6493740508913072,0.760469159157039,0.47401390303254026,73.06324806556
7.646487906826332,12.081001854349397,6.775932683730023,0.5772893912488074,3.5,27.5,7.5,0.6810606374412551,-0.9894335090474676,0.14498734832396482,-0.9816752035515985,0.1905617871765678,0.43138412521673647,3.0575182454439727
8.129442143871174,14.954527610051066,7.94555120261453,0.3270095419344801,3.5,27.5,5.5,0.6627044906459729,-0.9686393699240159,-0.2484708655621529,-0.842867649042835,0.5381209215380911,0.3212512987472445,39.89045356703688
10.108853263728825,12.64842081305391,7.761929111637443,0.4050386565770331,3.5,27.5,3.5,0.8760049947708125,-0.9946107346751335,-0.10367973027063306,-0.9999936588348568,-0.0035612203071552005,0.6016548016527814,3.3996916396178563
8.805485923119758,12.556846850915065,7.187416431055384,0.5027422884088024,3.5,24.5,5.5,0.8020240181591856,-0.998228870080215,0.05949052814000937,-0.9873447376524953,0.15858867875710805,0.6153912421773404,9.410138530397631
8.555777364004848,12.008218119528106,7.054803147694841,0.4425816281245273,3.5,27.5,4.5,0.7541692937491224,-0.9320178951363551,0.3624122557883468,-0.9853395510618995,0.17060471597565605,0.6582308064583626,3.8401539720827884
8.11499799133657,14.373609218988777,8.343165247427336,0.342704786335133,3.5,27.5,4.5,0.7500080217637973,-0.9286837876480124,0.37087251523905285,-0.9465556457372175,0.32254055485008254,0.48407055615574973,3.048929113959801
7.150357211148126,12.496156858640614,6.7972957576818125,0.5511560915412687,3.5,27.5,8.5,0.6562493290372743,-0.9980130265895734,0.06300792614837865,-0.9869716553598478,0.160894224620531,0.39374951185561796,0.22210845825101444
5.63183462794091,14.009924826615288,7.347313947891579,0.36770923494460944,3.5,27.5,20.5,0.6176916508346353,-0.4224371794261582,0.9063922050847921,-0.9911925983232205,0.1324282184025104,0.45350239328215003,44.39726749967561
5.4001202998962325,10.038801489490599,4.182836646740587,0.6168651254868912,4.5,17.5,5.5,0.7708667173040266,-0.4311125819943524,-0.902298144543234,-0.46843120207851746,-0.8834999767511458,0.6357453181709904,59.1881475964785
4.473689566002353,18.43838088349547,7.239690133467295,0.5175667983134583,3.5,27.5,22.5,0.4915785276501433,-0.9831043489395884,-0.18304600267710855,-0.8895151711654046,-0.4569056360634885,0.5932556659893705,45.33210712132194
4.294881785726026,17.95996148187201,6.813464604490506,0.3014529468047684,6.5,27.5,27.5,0.34080570193602877,-0.9943828770354771,-0.10584277896317311,0.5115968276868529,-0.8592256315431638,0.3462005488059507,89.31867472729948
8.430650609551947,15.08195844713059,6.537959501536453,0.30244260493879527,5.5,24.5,5.5,0.7130818134858791,-0.2735574555828004,-0.9618556640655936,-0.5195905545541533,-0.8544153882147181,0.4038005008301009,60.12199421051345
10.322132534413596,12.305281181556825,7.202771200114357,0.472426745611766,3.5,27.5,5.5,0.8375549030997647,0.9978531098316252,0.06549176436281572,0.9998982227843594,0.014266887280681812,0.6406805080512556,71.28790029943019
8.468213587149089,11.716095344145742,5.814015359589576,0.48803720902194175,3.5,21.5,11.5,0.794834178855424,0.9833888512794976,-0.18151134173706648,0.6447294609577902,-0.7644108333697772,0.45536808317295946,42.08461728616223
8.711604003814491,15.767467328071719,7.510540539111052,0.21547983357814207,3.5,27.5,27.5,0.6004477545952319,-0.9995136868565467,-0.031183165112493787,0.657434437058761,0.7535117523763183,0.11348830360868235,8.653094833386618
8.357415425606304,16.3109631536438,7.410980478804071,0.3005497738523305,5.5,27.5,6.5,0.6334554681043268,-0.32735630886176675,-0.9449009720856464,-0.8827956150860328,-0.469757279863626,0.5107794773034192,47.81679872531546
6.113250065886953,15.606869997910282,7.119126508054199,0.4276949630665022,4.5,27.5,11.5,0.5478986870445498,0.29328088359827,-0.9560263193635508,-0.09530086557398006,-0.9954485145002981,0.3529951269807911,26.774431031218327
11.157953840839244,14.071022059144536,6.77834032170488,0.2644919890038494,3.5,27.5,4.5,0.7383454596323981,-0.9972636934867025,-0.07392648817075215,0.9982710511968267,0.058778468356896756,0.19014100091567557,24.112384666728076
4.625612095265019,12.24972296707552,2.9906011473544574,0.8966552439348571,6.5,16.5,12.5,0.7145774362550251,0.8911450688024782,0.4537184879956143,0.9774263196325311,-0.21127657155871565,0.2219595272521378,44.1048516807715
5.4583556521120205,14.91192083416231,7.9329560274578945,0.4783043106742097,3.5,27.5,8.5,0.6542008220507358,0.999056008806332,-0.04344066376060784,0.6562808266989208,0.7545167171821848,0.38026892839111054,67.91657255135407
5.268276846369587,17.453089901595078,6.024177674119855,0.5658420443820021,8.5,27.5,12.5,0.5102608679482962,0.9982585934154019,0.058989665809387935,0.8844382037248609,-0.46665733015987365,0.29418121119986934,21.571963949412478
7.097085601777413,17.33663662727249,6.552139079491239,0.28213956550491603,7.5,26.5,7.5,0.7306437138051689,-0.9452955286431147,0.32621521044754215,-0.9972002502637989,0.07477740884663488,0.13844384156485506,87.43879688170476
6.7430930320817035,17.362959185812546,4.7692208016170055,0.4570606349157061,11.5,25.5,11.5,0.8001895746407788,0.9931287855421419,0.11702655821475044,0.9973313491548914,0.07300808169568743,0.7157652416006552,85.78268539585972
6.450002807797681,16.450386519446738,5.832203654600449,0.3033679479597335,7.5,24.5,7.5,0.7502211021975621,-0.9979531120052015,0.06394987286252875,0.7694170049160117,-0.6387467984624846,0.015068523695709483,10.52106845591041
4.311924908034934,15.982142275539903,4.096192531506313,0.5425959577976582,11.5,23.5,12.5,0.7070325589314106,0.9851973025355707,0.17142425463345393,0.9854064849305879,0.17021768256189773,0.6013610491452477,85.35438811143553
5.646937655597455,14.732705714644004,7.256460218612788,0.5226122537270318,3.5,27.5,11.5,0.6051319051241553,0.9386402536672265,-0.344897773543879,0.9203900636490469,-0.39100144595142294,0.6406879819886235,64.62140333181044
4.441392163779471,18.458081592262637,5.144726320131928,0.40385821751384005,11.5,25.5,12.5,0.6133615737481017,0.9986682247609883,-0.05159241080562367,0.9531953981718772,0.3023549783019235,0.24642283309323348,16.885975909810767
6.147321000074134,17.66993845074644,5.813780623428071,0.32409506215790473,8.5,27.5,9.5,0.7181718807042876,0.9945012783752482,-0.10472443511424222,0.7015349253982834,0.7126350738256045,0.20901851568097538,59.71415578580422
5.58164891134635,14.491119206516887,4.352715842279952,0.5421592480135377,8.5,20.5,18.5,0.7183080359984281,-0.990943919129757,0.134276390850207,-0.9998482509332763,-0.0174205368937935,0.12054581026690256,70.80016355442034
5.984932353242957,17.263788779783255,5.547875482993684,0.612272680788524,7.5,24.5,19.5,0.6242189246913744,-0.9971406409050444,-0.07556812989268284,-0.9999015829061603,0.014029415588505182,0.1801622973930674,45.87566478540606
5.3297332886491375,19.359395584709308,5.063398448550957,0.39611329916279303,12.5,27.5,12.5,0.6067069819011496,0.9962784515931356,-0.08619307913738937,-0.9696036190459664,-0.24468106165570835,0.1425468578132153,5.583464416664583
4.798186075431389,18.384938411193886,4.751783597386842,0.37271766890476365,3.5,26.5,12.5,0.6308238431695431,0.999546438864636,-0.03011505525521296,-0.9363423747867671,0.3510882469959333,0.15048159206069214,82.37720379714628
6.16478526486856,18.99292777669308,5.736777008529647,0.40484914557019525,11.5,27.5,11.5,0.7949094771960719,0.9875331556401751,-0.15741113846026844,0.7641988744513329,-0.6449806821039804,0.09717909898516948,4.330429545963469
6.767230164605298,14.741345145852769,4.838653235539077,0.31374285935340623,7.5,21.5,7.5,0.7483546338558892,0.9991899602881296,0.04024205833957859,0.9276273789018306,0.37350695564034636,0.1136278033247573,56.46347387362283
4.527762350697142,18.578520566992623,5.252485859402759,0.29790446527043857,10.5,27.5,10.5,0.6773513644277726,0.9989318800618747,-0.04620713144145875,0.5371586146072589,0.8434812521646289,0.47818708389375775,14.394643301147994
5.293543438842998,19.577186467352266,5.053997648224285,0.4497026328292706,12.5,27.5,13.5,0.6548537820348155,0.9962562035228226,-0.08644985218201436,-0.8230768892829892,0.5679299554771151,0.2060582485872575,80.58215914337543
4.666961286079584,19.56324567673393,6.7242178068750675,0.47266669577049764,9.5,27.5,27.5,0.595750818002934,-0.9387070166363249,0.34471602358714093,-0.9852346601388945,0.17120941697522646,0.14857498346216239,6.341477374151282
8.031744413004402,15.535980214974995,7.546482504624849,0.3409043042211924,3.5,27.5,19.5,0.7076571557953375,0.08490142964849247,-0.9963893552440442,-0.9716472708187475,-0.23643515201949053,0.5571598879685181,67.53479258654036
5.587298645570676,8.486211063731112,4.33433772176329,0.5592727847352973,3.5,15.5,3.5,0.8070523888460162,-0.9999992591820818,-0.0012172244195546476,-0.9782220548843996,0.20756110266074115,0.6577368743671206,64.54869241961255
5.015878187973143,14.392154643348366,6.206508446918959,0.4100338306910029,6.5,24.5,7.5,0.6047717247037051,-0.9904419555569364,0.1379301731766901,-0.976306669698541,-0.21639151254645847,0.481539773966566,20.13822902374247
6.160021792936381,15.32604468800973,6.214081193279817,0.45660604677225747,3.5,25.5,13.5,0.5734084646342568,0.9980417171702188,-0.06255182481687468,-0.9903921166853851,0.13828758153732598,0.4469039278005259,26.432999460491203
4.450003826896871,17.814376545188566,4.4074381531452484,0.5447052599001876,8.5,23.5,22.5,0.7242346017727577,-0.9882971183133047,0.1525411614405036,-0.9622906659189578,0.27202329732074165,0.7963139975418465,4.258682854478863
7.948076101997163,10.48027532791507,6.30102317025515,0.6488659749758601,3.5,24.5,6.5,0.8004490020402952,-0.9901611941557524,-0.139931446030027,-0.999476625266262,-0.03234927427878463,0.5457286058976119,49.38291420021656
4.620168603196215,12.154854329156377,4.87140845035353,0.5644666564225471,6.5,19.5,7.5,0.7430474200574838,-0.9814407613679966,0.19176556501469974,-0.9880528127536709,0.15411566828054638,0.7877593995714867,58.403673704767655
8.211696556019971,12.701322607013731,6.522183432773538,0.4246727670414847,3.5,25.5,5.5,0.7685631752762508,-0.7959619066009448,0.6053467132480268,-0.7339776041433712,0.6791736719101799,0.3373645204205144,42.162534476463975
6.586287995038446,17.18501734453749,6.610107673880813,0.2804942229832533,7.5,27.5,7.5,0.5494454724012268,-0.972598132368853,0.23249273733305992,-0.9270688796021089,0.374891040801578,0.5503498798260918,18.169567814701836
6.2408321133380795,16.299887355370608,7.2421745170337095,0.35737518920212696,6.5,27.5,6.5,0.5801508224224667,-0.894023577239961,0.4480199139983218,-0.6906010665324734,0.7232358999000328,0.4866479099391817,51.34932575442824
7.046598264792092,16.35868805688405,6.779989536105754,0.2868053362751744,6.5,27.5,6.5,0.7244056145759905,0.9999331664889316,-0.011561252329168542,-0.9978858489055571,-0.06499101902598337,0.18861018944231153,56.50166406331823
4.809070057203084,13.948591911158061,5.370958884045237,0.4694077577805928,7.5,21.5,7.5,0.6685998055719078,-0.9999626953510986,-0.008637586825381176,-0.9971394649707616,-0.07558364504192346,0.4894636734294914,58.37498908950923
5.316478361566607,17.528406526726837,5.91400170159462,0.29918051334637225,8.5,26.5,8.5,0.5350375853861757,-0.9921684618370827,0.1249069387017284,-0.9976601881586151,0.06836774797604904,0.9375899065622707,11.116460102621886
5.7438783279551195,14.87612896578237,6.40592470090357,0.3488326331983211,6.5,27.5,7.5,0.6279732411010882,-0.998321977891026,0.05790706744215213,-0.5067623938247308,0.8620857707937352,0.13804278373546475,9.874525259300341
7.158265793467312,16.65757353654651,6.414578190776465,0.4711722332235073,8.5,27.5,9.5,0.6773846771456836,-0.9994872365943097,-0.032019742114364015,-0.9726349622527887,-0.23233861109061577,0.5684744029883295,72.67882173136027
9.548073516319286,12.161247731533347,7.047920768657907,0.5818522936465057,3.5,27.5,8.5,0.7702995823993027,-0.9682862209515884,-0.24984353967091424,-0.9016787844269374,-0.4324064866700782,0.6811476388948959,80.10153708616487
5.051073591655077,17.2915834749787,5.8097147098827415,0.47798347022436855,9.5,24.5,23.5,0.7240669799647126,-0.9996699120586923,0.025691767641922197,-0.9587172941446687,0.284360950040481,0.311081904723241,20.9029136685973
7.706410961873942,11.744842563318542,6.626546106635656,0.4307510074185327,3.5,23.5,3.5,0.7674796372082563,-0.9779586349039847,0.20879872704768757,-0.9959093494340815,0.09035799748657931,0.787173508391581,63.4920913648764
5.973871763250732,18.414557498233354,6.812232124861638,0.37850928368554604,8.5,27.5,10.5,0.6695532343582135,-0.9985071068145204,0.05462195200554542,-0.9989775604732416,-0.0452087786932029,0.7584524486073745,47.10135674507757
5.1824213154118395,17.697240013058803,5.622561646242866,0.43816271761736203,10.5,27.5,11.5,0.6424207957607446,0.9504488157224698,-0.3108810844869058,0.24455648663664925,0.9696350472440332,0.23806110682667858,7.759277509010289
9.558604801487764,13.233766162242283,7.350126005996817,0.45745687883487557,3.5,26.5,6.5,0.7602760740659044,-0.9839507463932387,0.1784402663979981,-0.9849322626255406,0.17294056215744516,0.743563209339599,13.271875556991304
6.17095717114957,8.608709020359836,4.307516306076045,0.6035809493443396,3.5,15.5,4.5,0.8448416309244855,-0.9931123587438946,0.11716587775516427,-0.9926455947731065,0.12105669406334216,0.6960177435036978,8.971135221188575
6.430173765233682,14.805971586167257,7.16745042564623,0.3033380721009386,3.5,25.5,5.5,0.6057508725269481,-0.9932843603623372,0.1156986579852269,-0.9998805078505784,-0.015458655196020556,0.5827988970947358,61.03030170450737
9.277058478744364,14.937832934498022,8.293989307281741,0.3570478978462698,3.5,27.5,5.5,0.7728792116991555,-0.999967080164282,0.00811409808421399,-0.9999167959536176,0.01289965774164317,0.6923815826971157,10.289105093308493
11.764631341037118,11.711279002340232,6.328582954453763,0.5594474337689227,3.5,24.5,6.5,0.8516053479597164,-0.997435773319048,0.07156729772342066,-0.9995773641749369,0.02907048381237531,0.9043801893538841,22.627910841556456
10.31246793428311,11.246735530981239,5.968050232522756,0.6646520237928082,3.5,23.5,7.5,0.8620872718584692,-0.9982225126224943,0.05959710809791306,-0.9999998157647584,0.0006070176680180244,0.6169271977740648,0.014545085650325973
7.492763409259658,11.109320864032318,6.127525058560704,0.5682876083299326,3.5,20.5,7.5,0.7801880387241793,-0.9935174661456376,0.1136795692442218,-0.9987668331264274,0.049646883553823705,0.7982484372588811,67.1566886879818
6.167050715287764,10.306476599463927,5.575759396823889,0.615360968560789,3.5,21.5,5.5,0.6941500703596618,-0.9990483346030538,-0.04361679867739981,-0.9749344681766818,0.22249220831537142,0.6792661429589791,10.689288093435565
8.648070399814873,13.964769113724133,7.621677126910736,0.4406004138717531,3.5,26.5,8.5,0.6588748768281416,-0.9695733448105484,0.24480099883964004,-0.9741751473292266,0.2257936720239957,0.8063737421863423,55.93230235418184
8.855305298614063,13.105291689326695,6.492381132516156,0.5585550656964015,3.5,27.5,10.5,0.6516004674083016,-0.9961831283357052,-0.08728788472226717,-0.9948989391677528,0.10087666153714653,0.7590438996408106,8.309683201092781
8.935505975167224,16.302697785745792,8.223260337654468,0.4712386068144164,3.5,27.5,22.5,0.6471416509340163,-0.9775510726399123,0.21069860080351024,-0.9842958399336841,-0.1765267670616652,0.37372217127262364,35.155007441686095
7.98516705543179,17.348234487471498,7.243409898545943,0.2138573792199746,5.5,26.5,5.5,0.7393311536519372,0.9935791616583435,-0.11313907158140969,-0.9935362977154344,-0.11351486740470466,0.2209668635117887,18.36172974317236
4.537060901850529,19.522174074294064,6.3525189763312495,0.4538802893496029,8.5,27.5,26.5,0.5224613223173002,-0.7280361667472734,0.685538722398623,-0.3957804868542176,0.9183451454793228,0.16909937678345285,31.205395121530017
5.683423348840472,15.960714427931649,7.527605598062919,0.33058816492853416,3.5,27.5,7.5,0.42232623439624645,0.9779225753198062,-0.20896754934649076,0.40383731544326756,-0.9148308164111957,0.16752611004653728,7.045615816806645
7.373720500491506,19.02500864963994,6.3068255255567145,0.3570095359454226,10.5,27.5,10.5,0.8022476812267606,0.9999539176335941,0.009600135896291058,-0.3046155779909387,-0.9524753800730212,0.06981481351898278,33.51323627955773
7.683825828444203,17.755412994538766,6.758225663451257,0.4085367015170192,8.5,27.5,9.5,0.6551275134180156,0.9920979984626429,-0.12546537947345365,0.9247918200626574,-0.380473507021445,0.09890510882545145,39.43630736633264
6.877791756569747,17.13940484723462,6.736325932076521,0.36303524671088616,8.5,27.5,8.5,0.802347307568997,0.9953238889868674,-0.0965937679773287,0.4795934716642361,0.8774907987762867,0.13663333180510895,34.20087765026267
8.98910473230284,17.754692537882903,6.512905138901713,0.335979796592799,7.5,27.5,8.5,0.6611611436770302,0.9970403165772352,-0.07688047294057508,-0.9744155930696042,-0.22475375855102284,0.28573104360028173,8.260481976626906
5.250304464136668,18.565632671255397,5.629753071162282,0.4061921900128948,10.5,27.5,11.5,0.5506337571811555,0.9764492724233279,-0.21574711674540065,0.5795625351722465,-0.8149277684707513,0.4126643863890345,63.50798665763928
6.215912104176586,19.324392991992507,6.2521484359355055,0.3990165716845439,9.5,27.5,27.5,0.568273145109311,-0.9248358141883408,0.38036655583080486,-0.127388970822423,0.9918528369233027,0.08310836462157256,4.460852797506547
7.754140133609626,16.180601319741104,7.117365138475118,0.2869796554816289,5.5,27.5,5.5,0.74491735458682,0.9989267935021432,-0.04631696474863675,-0.988435505402367,-0.15164185325947183,0.16894603543335032,33.29274053772704
8.037009316296674,17.796826530097416,7.387780615719619,0.2709239233706938,6.5,27.5,6.5,0.7126070773201464,0.9867993095794297,-0.16194790092360173,-0.9997427574924191,0.02268080336879462,0.3275891668080192,7.3149564548292005
3.9840620329245517,20.48576047051274,6.158815808945011,0.5494161330774286,8.5,27.5,26.5,0.49726846544671843,-0.9982611457963098,0.058946457004970136,-0.9465992758416851,0.3224124857631872,0.5506306593769754,11.140250614003179
7.503245442357102,15.294699777049251,7.241955848946422,0.43746432414065267,3.5,27.5,9.5,0.6521944585784799,0.9824348695730143,-0.18660580657378903,0.6221980176407826,0.7828599024371349,0.10460296109767153,28.37611759340554
5.864309094473986,18.263652492402823,6.281111868845693,0.4605271345101199,7.5,27.5,12.5,0.6146057543249558,0.9314283631359508,-0.36392472346061266,-0.13548628000723167,-0.9907792225969426,0.2014815458280803,53.87538115094952
7.960733373992306,16.75207787255614,7.112923992573656,0.2477733687208412,5.5,27.5,5.5,0.7370089424350827,0.9987036751772825,-0.050901563702786756,-0.9942120039080464,0.10743598691847482,0.2609437819625312,20.548417271140593
8.847589743138808,14.818286587514388,8.023005932500638,0.34505951372808663,3.5,26.5,25.5,0.664008546853551,-0.9571822702691787,-0.289485926224991,-0.9994929535845132,0.03184078728464776,0.49688415993689666,43.01181158733213
8.253392899820694,17.38470927341856,7.360965064321153,0.2892933126538142,3.5,27.5,7.5,0.6651242616478272,0.7639114773617763,-0.6453210478164711,-0.9949097595419399,0.10076988820177966,0.6102614297594072,1.304767802642104
5.224098109508738,17.645981348921467,5.853958346130569,0.3013277876332949,8.5,27.5,9.5,0.441558837993991,0.9919895002480236,-0.12632035227023602,0.46946728523445913,0.8829498672600766,0.1961390046515485,8.62671852057845
4.7612912826712765,17.989034538767942,7.220822909338922,0.3952851854645165,3.5,27.5,26.5,0.4777318210862979,-0.8662287620136583,0.4996476076799377,-0.9825506876626173,0.18599501652925504,0.15666773830875386,5.879001271167127
9.943604064657773,16.351467785700297,7.594081021163877,0.3145539498966909,3.5,27.5,26.5,0.6511242771575428,-0.9654672159955077,0.2605245762646661,-0.980176986694557,0.19812388738962863,0.1233139527102598,73.65283256488262
8.999673994810292,18.663220614799087,6.217548432111146,0.31364774741110235,9.5,27.5,9.5,0.786034218472988,0.9952477758120046,-0.09737486709237501,0.9475120343124784,-0.31972010389249644,0.22781820355585697,58.794039599351805
7.20574596095925,17.242604873141413,6.147705658402216,0.1962750192134259,7.5,27.5,27.5,0.4969604739283289,-0.999203457390842,0.039905522652731104,0.9908476593680295,-0.1349848729484057,0.5221353858638221,55.52934927634256
5.092775367218764,17.689718881126748,4.941802653571135,0.5656727600041818,10.5,27.5,14.5,0.5327870802087525,0.9539813115196698,-0.2998660655546249,0.992689206111934,-0.12069855040081505,0.7682551272158599,43.863490524486494
7.196608265434543,18.111161945889037,5.956728480613142,0.46448974899457945,10.5,27.5,11.5,0.7342687366604277,0.9974293702127263,0.07165648217045156,0.9798099204066628,0.19993128787833342,0.3997800918445108,76.0793108959167
8.56210155523783,17.66610734796302,6.319270775697459,0.38173527860034434,9.5,27.5,9.5,0.8392057466283583,0.9640687590043613,-0.26565283343452367,0.9987996749805479,-0.04898172372172903,0.28227345425547923,21.60225210185709
4.611059309752353,15.97333813366959,4.782866938092494,0.636167088367022,10.5,26.5,11.5,0.7646176517957016,0.9920225555716838,-0.12606049832134322,0.9930978048532803,-0.11728917254203841,0.7944945410384887,10.147406294719971
8.781894953894653,16.61434894671682,6.301751011042466,0.3286099099238806,7.5,26.5,7.5,0.6607080988163074,0.9598619904709224,-0.2804727424353372,0.9999196530180959,-0.012676257656370149,0.20235809324261317,8.05679480197449
7.899514734625921,18.267795938802518,5.644109667260227,0.2891540253775142,9.5,27.5,26.5,0.5876170328614879,-0.9907942362305774,0.1353764434909809,0.9851560169301207,-0.1716613593863795,0.48184842411945844,1.38345494411422
6.332525041617642,17.407011845681225,4.525874187889236,0.4549249455688276,11.5,27.5,11.5,0.6510487480948994,0.9884540039496519,-0.15152122648626332,0.9947229327309668,0.10259769538885607,0.8999720643567687,59.97219643039586
12.258420871172378,15.855815531314374,8.070598298210458,0.34498813667301864,3.5,27.5,5.5,0.7371427519926081,-0.9976632563828185,0.06832296000343156,-0.9641589816271524,0.26532519320202574,0.9099122670748918,5.220435705756714
10.51407887768202,16.27503050718188,8.572533105209331,0.3177559894380567,3.5,27.5,4.5,0.7992136327690731,-0.9989423490948885,0.04598024776777303,-0.9553352160372346,0.29552432217854796,0.7295405406626078,4.791407554019855
9.899416930806817,13.770775578414462,8.049120338187667,0.46055797392095177,3.5,27.5,5.5,0.7208516062115194,-0.9997613703117669,0.02184496354627323,-0.9727119510319528,0.2320160777179285,0.6572648209454445,7.747177755150517
10.168154723020672,15.31686169186455,7.754605311649957,0.2896313090334234,3.5,27.5,4.5,0.6690238597048983,0.4118147138774243,0.9112676014399147,-0.7861671608799464,0.6180139117802806,0.5967145871067268,75.17137640013522
9.410512327120427,15.571602691172956,8.595906496525352,0.36301504714161215,3.5,27.5,5.5,0.798847077536983,-0.9758536993930637,0.21842517570296724,-0.954479260877452,0.29827728803050496,0.8969684716301904,6.088279484591837
9.385462787876698,17.63679449854458,7.372511904756828,0.4168146548567563,3.5,27.5,25.5,0.6101846749847192,-0.9953896087264039,0.09591416391491153,-0.9999996732978346,0.0008083342279958254,0.6228761417869024,85.01331125522792
11.251505911765909,16.263667605869845,8.40571651342574,0.33197833916769315,3.5,27.5,5.5,0.8095336890264461,-0.985679826219753,0.16862763766179473,-0.9945020749806343,0.10471686998384215,0.881600357576297,4.6850179327662005
11.761528928673881,16.405008210349884,7.6349218157025245,0.26873040108183455,3.5,27.5,5.5,0.7335441815521524,-0.9950775179551085,0.09909961281609939,-0.9843160444568425,0.17641407150461438,0.9338803556579482,5.227532757380644
10.108540601662972,13.837390544821636,8.009844023778047,0.5189240941059294,3.5,27.5,7.5,0.7601505940965114,-0.9812981489319528,0.19249400744626594,-0.9035570173011819,0.4284678710076074,0.7249216136806222,17.061308922490014
7.481749893392694,14.477699634391168,7.22402884927613,0.3578232920343992,3.5,27.5,5.5,0.4526786701589268,-0.8992448494181586,0.43744565467599883,-0.8149026542016778,0.5795978469379097,0.8163455659958032,10.412165736582736
7.493081450472989,18.157064525558184,6.744740825925223,0.6023916021019882,4.5,27.5,22.5,0.7221275176650322,-0.9739128060897666,-0.22692255536714862,-0.9913238098297803,0.13144239827608709,0.5647226428560443,84.42857993416902
8.720397714162019,17.229771315050318,6.336390733840788,0.5426208967264761,5.5,25.5,22.5,0.719550025466944,-0.9975667709441852,0.06971755523533225,-0.9987422691677049,0.05013860566213989,0.40208352469643843,15.705944528922231
8.923413410642642,16.597923413231186,7.593369213947312,0.2735131117830935,3.5,27.5,27.5,0.541863376534608,-0.9969794307636598,-0.07766604556798888,-0.891715326400804,-0.45259670421016956,0.609763932862328,89.65230851942808
7.446773579522001,12.871714170039873,7.3088490352349025,0.4527046313921199,3.5,27.5,5.5,0.7098031580155297,-0.9997105345026905,-0.02405924363617489,-0.12244164712252109,-0.992475714085702,0.12258597773094601,5.6498823110936485
8.957915733862107,16.31109408605237,7.392543066525046,0.28035554345296193,3.5,27.5,27.5,0.6151584835054821,-0.9781367484906933,-0.2079627400570934,0.9136803919278212,-0.4064334403154137,0.21484780410313292,75.24303175542015
7.7938604489717305,18.209898534642107,7.488969778726383,0.3686039043689566,3.5,27.5,27.5,0.6546956263122167,-0.999190381046849,-0.0402316097546781,-0.9529102560998659,0.3032524423969047,0.6354947308229604,74.27521870927532
7.013505268413015,16.02451429122281,6.186282398437322,0.5158497218152952,3.5,23.5,22.5,0.7613073510122165,-0.9991706345563692,-0.04071907464840655,-0.8810245264249059,0.47307059075551317,0.3485797751594451,21.97707670115684
6.900366537571725,16.144743307099496,7.737232571974053,0.3764573577302314,3.5,27.5,11.5,0.4716547751526318,0.9222614023466411,-0.38656681924553077,0.37906374822952804,-0.9253705607907466,0.20171497957108275,28.57863648800553
5.51372920882152,16.197282197756316,6.742688643632243,0.44033357879728957,5.5,27.5,10.5,0.46317098172707094,0.9388184797075422,-0.34441234321612124,0.9999991507322317,0.0013032784873023672,0.4133042507758572,39.482312591277065
5.543187191532242,13.45941305738754,7.272755071194639,0.3055061422806453,3.5,27.5,3.5,0.44923761549571783,0.4346453520931943,0.9006016977020325,0.9248087846937377,-0.38043226960037435,0.26845922329138405,56.9405628326788
8.330557171450137,17.044813959426943,6.847763104949393,0.5123579350776145,3.5,27.5,18.5,0.7032227199596106,-0.9542911539042581,0.298878559920379,-0.9266025112355923,0.3760422664699993,0.6625984088149963,4.470948029728618
11.00129080819036,16.692772802727553,7.591918512804955,0.3772835861955829,3.5,27.5,25.5,0.7729473109355012,-0.9933135200719048,0.1154480439087713,-0.7453939683139569,-0.6666242059820299,0.3916385433548959,84.85902920096683
7.519420645390237,16.27389644409681,7.587710648404162,0.34591422160977836,3.5,27.5,25.5,0.5516687395399829,-0.9940004709533415,0.10937579140072619,-0.6937145130431518,0.7202500776767072,0.4098049018969279,65.88024062268968
8.363184339884098,14.958749001658308,8.128136279937431,0.3315897408397594,3.5,27.5,4.5,0.587436906004615,-0.819714076886211,0.572772932456298,-0.7583627775310124,0.6518327221423055,0.3980903099723273,4.9273064937699615
11.241330976079654,16.550715636101742,7.798974510464271,0.3862554350618666,3.5,27.5,25.5,0.7287279151098369,-0.9994088033270504,0.03438086433458277,-0.9954581610926209,-0.09520004996898733,0.5375522684932066,31.38960755709229
8.140132583904787,14.73950164503059,7.391482554576441,0.3702765597319058,3.5,27.5,11.5,0.5114568112478687,-0.6968197348554345,0.7172463015701106,-0.5109409418457239,0.8596158176451877,0.5423621251140563,69.71990541379189
7.531480635468197,17.424807490415233,6.666464468761547,0.5405023988006025,3.5,27.5,23.5,0.7442068560344662,-0.9999657297216208,0.00827885150889698,-0.9993146520680033,-0.037016566050965274,0.4498111451859226,41.995218900816496
6.997561704073886,15.997383666283174,7.478394622038385,0.41177955710887126,3.5,27.5,22.5,0.6006945677804154,-0.9859967835367476,0.16676433328259443,-0.9723511578705107,0.23352350157506033,0.33709338684387935,81.70947773704603
9.037097863977623,16.35423741670811,7.671432580189559,0.28365775646327757,3.5,27.5,27.5,0.6330624181576284,-0.9920756262548981,0.1256421576977718,-0.9985533057277874,0.053770769197659385,0.44837917398533056,15.595445005249559
6.227072066310518,14.324118663836655,7.5706864414623505,0.44759782678342874,3.5,27.5,6.5,0.46955472597026127,-0.5091157481525123,0.8606980626114524,-0.5075344151019169,0.8616314858958876,0.6322190221882329,64.890593434983
10.07145154034342,16.342279182594023,8.571860689061321,0.36237531370563425,3.5,27.5,5.5,0.7424334611399735,-0.978769417209027,0.20496445529969765,-0.9909715981308032,0.13407196462378684,0.9150284751398073,9.296552004479437
9.264580197975855,14.40955335170363,8.94052734686764,0.4063316117167562,3.5,27.5,3.5,0.827293829762232,-0.9929055481140395,0.1189057295690947,-0.9984219612805612,0.05615680931710409,0.9117241310912665,1.01355623096525
5.813541134862125,15.600049343861631,8.2628311353771,0.2491722158966543,3.5,27.5,3.5,0.6503737025648596,0.9187264550425458,-0.3948945439037579,-0.9149290849168596,0.403614630028692,0.234378082391962,86.65964729632114
8.360294594201896,12.458997567532196,7.476077898891756,0.568991018252224,3.5,27.5,8.5,0.6720905100245222,-0.9809960454265719,0.19402772703257426,-0.9997420933907107,0.02271005730418389,0.7035562056363304,7.5969923577125655
10.718937809753426,14.515148398935146,8.039756703208637,0.5298910446604181,3.5,27.5,9.5,0.7604596975211374,-0.999528891990053,-0.030691922017638935,-0.9992875034140882,0.03774235711291211,0.8266696896613188,33.54168093091312
11.817396306081822,14.464654145642497,8.308299178778189,0.4690296710196364,3.5,27.5,7.5,0.851719999296153,-0.9877457063133253,0.15607184134106414,-0.9922035096538873,0.12462822886693205,0.5812439044047584,4.519820755012347
11.30980604544537,13.90593306778921,8.081581603324457,0.5414476617137256,3.5,27.5,8.5,0.7546191267633195,-0.9986215670088568,-0.052487769096954594,-0.9960606151139553,0.08867497402767663,0.6940930234646285,0.27185111901962955
10.166575422473942,15.685672674906355,8.182338332005587,0.3712866340405523,3.5,27.5,5.5,0.7475314307273588,-0.999355380179275,-0.03590019647211603,-0.9998189866048448,0.01902614055611713,0.7737313438501906,10.270874330445437
6.921232957647571,13.732529953738323,8.366542660218606,0.35596004419236865,3.5,27.5,3.5,0.6916773347109118,-0.98292895303565,0.18398552465952564,-0.9965767871137514,0.08267228910604021,0.7701351129840383,2.0275228650807833
7.0199504965908375,12.638400424552772,6.915538881682338,0.5093398821063163,3.5,27.5,11.5,0.7453835911877263,-0.9998680684582926,0.01624332716788925,-0.9544372792428162,-0.2984115949348659,0.45827170807477235,69.6710707729752
10.46975468572525,19.050797694757158,5.986198801620419,0.43506963829736855,4.5,27.5,25.5,0.7192601723766054,-0.9924763658147984,-0.1224363642838623,-0.9490445497416857,-0.3151419404103505,0.8498545298023439,21.460707397779416
9.70798340462827,19.14052690607417,6.704988550586878,0.3551891590611703,4.5,27.5,27.5,0.747320721347433,-0.9983595692492014,-0.05725530969743354,-0.9993672543923752,0.035568115612804034,0.7384438299676055,43.29866405894519
7.174414996604464,17.650008249012807,7.177941283567777,0.28796983589760416,3.5,27.5,27.5,0.5351270398229614,-0.9992951149329588,0.03754028863933703,-0.9081779306535527,-0.4185843359155129,0.5260364614500761,61.3365588915149
6.84105747994584,16.666539944188397,7.670060819479686,0.2937265200698456,3.5,27.5,27.5,0.4653270279477753,-0.8024215066954168,-0.5967576774476029,-0.617484765243148,-0.7865828403242817,0.14939971013975434,25.470041395141905
11.277541078624163,15.513724327269841,7.923104899426696,0.3129401088205786,3.5,27.5,26.5,0.7307423111429567,-0.9091703859416139,-0.41642431404371294,-0.6363389457256753,-0.7714095839129406,0.7006146884453816,42.656190113228504
9.684831516128122,18.439185875399208,7.519649676125176,0.48436663595389406,3.5,27.5,25.5,0.7439809190052383,-0.9999582217282131,-0.00914083137081755,-0.939278471684179,0.34315587220770805,0.5307661190702778,24.086595120510196
9.28379752257234,18.64879940243788,6.720957884792264,0.5429361550949657,3.5,27.5,24.5,0.7413029582961617,-0.9688726384323264,-0.24755971097329713,-0.9802750889283741,-0.1976379265891753,0.6274496585993374,22.316202964296863
8.355078750104713,17.953674418385138,7.441413187678241,0.42476753934585304,3.5,27.5,26.5,0.6569965249487676,-0.9984631658588972,-0.055419368663205994,-0.9653018544605876,-0.2611366113262378,0.5640736894660136,27.777603577325124
5.952405159099,17.04291732089661,7.31168929902733,0.29923913515592176,3.5,27.5,7.5,0.5333549658063141,-0.49390396543012816,0.8695164592648001,-0.8536205161391883,0.5208953968180807,0.3209842159505398,28.558092389222637
6.76886621317923,16.03174756962127,7.521149734338154,0.36686381406749374,3.5,27.5,7.5,0.610289582512445,-0.6974799490960735,0.716604298486228,-0.7170632037533133,0.6970081504710216,0.1724473684097136,2.564838914827831
12.329559967600593,15.992425212297254,6.781933549417281,0.41173830042841747,3.5,27.5,20.5,0.7415841732418678,-0.9825750071603411,0.185866498605466,-0.9550429800429718,0.2964673780884496,0.951161540756774,14.075784800964271
13.231669664501139,16.0714147556816,7.6073923944417965,0.33709030753558616,3.5,27.5,7.5,0.7748794823900322,-0.9776185586667635,0.21038525079082845,-0.9998547392988152,-0.017044069399600553,0.9824173428907526,11.57072211772855
8.985532231084195,14.68226977777486,7.33991001197563,0.41181839644917395,3.5,27.5,8.5,0.5734683229888629,-0.9896978694833087,0.14317167017325594,-0.9995680792596113,-0.029388006486514517,0.9584269187947952,24.131334438755417
9.665932676674755,16.229810124022585,6.341889638700746,0.4507065606675205,3.5,27.5,15.5,0.5835329345399908,-0.9971192927148969,-0.07584929858438962,-0.9993617979995173,0.035721095996230384,0.9195175579294756,41.17814779636349
12.39833342946199,16.004067081637093,7.3922546226759795,0.22111730791321885,3.5,27.5,3.5,0.7523290497782787,0.16878241760200607,0.9856533343465247,-0.967245438256656,0.25384298724150206,0.8515890861587595,43.82306593061601
13.587813523283053,16.073299883239084,7.3262840434449705,0.23630175173002027,3.5,27.5,27.5,0.7326623197451836,-0.9991929914420524,0.040166725695314036,-0.9994812572163134,-0.032205845328098906,0.9577599860143093,0.6470620879264857
11.848843796798814,17.11768661258653,6.78064935237431,0.4143088639009336,3.5,27.5,15.5,0.664130326561515,-0.9999948550917314,0.003207770264075718,-0.9833489879948402,0.1817271796114268,0.8774396727969417,84.98359538525015
12.048631214497833,15.355955205947176,6.980562468825771,0.36092199784633594,3.5,27.5,7.5,0.7540227790491599,-0.8862835001882232,0.46314312830280857,-0.9359955079011638,0.35201194466785135,0.9038029668301581,62.534002281925105
6.431941753064884,16.51390508711217,8.727425809871189,0.40850695710390156,3.5,27.5,26.5,0.5554483541400377,-0.9886290887813792,0.15037461492984722,-0.9726537381258781,0.2322599959307582,0.8212563993412632,57.91610393161374
7.822539238874708,16.106046593561864,8.076507839139419,0.3154827453793337,3.5,27.5,27.5,0.6250067959468533,-0.986735815742842,0.1623343153196769,-0.9110892737419876,0.4122090916904885,0.9438208310582062,11.105055924654252
9.331401571469582,18.737267952674216,6.961529976803738,0.40252112228273385,4.5,27.5,26.5,0.7065760922139851,-0.9993353722785073,-0.03645289718221425,-0.9919709892937776,0.1264656332745154,0.7348137190323185,89.2384188335412
9.575093413147819,18.51063892812445,7.495849594360694,0.4855498448451151,3.5,27.5,25.5,0.7974328219527672,-0.9800643165435475,0.19868048580076794,-0.9945259776430867,0.10448961571880083,0.635473712841921,1.0447269398841428
6.215635028605113,16.87385224774554,7.558437114249589,0.48688697421457655,3.5,27.5,22.5,0.5024550138111985,-0.852623161507974,-0.5225263098257802,-0.9612734295131143,-0.27559643269116435,0.7057664525185637,78.92886782866618
8.396287061528025,15.245254051775307,8.280863138321399,0.2938390122047271,3.5,27.5,4.5,0.6231795038291106,-0.9936891888385883,0.11216860516788345,-0.9837031582829936,0.17980015679654934,0.45290750489101095,2.323314537197419
10.260795336910386,15.696043379353746,8.591895490423834,0.3695988878765983,3.5,27.5,26.5,0.7197453362050928,-0.9932701017302028,0.11582100417831172,-0.9990282735869501,0.04407389900925461,0.7977412014247758,0.7409281427605947
9.060886417614013,17.601271261033492,8.268812597027383,0.3710665465354406,3.5,27.5,27.5,0.733254823041977,-0.9980651536525965,0.06217675662511621,-0.9986443298648549,0.05205288108044545,0.8265687149533978,3.2337379968863047
11.372410981799678,14.61221685417786,8.263388989712578,0.48636484477611486,3.5,27.5,7.5,0.762834814020765,-0.9965722614544843,0.08272682575498139,-0.9983440465262359,-0.057525340204304866,0.6602714239227089,4.123207171609025
10.188764219431224,16.47670580986515,7.4281539352501245,0.45380587946410955,3.5,27.5,19.5,0.6611621170663446,-0.9999722467443992,0.007450217510812588,-0.9998624866886391,0.01658335650014584,0.7915487141258783,13.17286712028259
8.125878086485606,12.714537608799013,7.968733823320318,0.5790548116747062,3.5,27.5,6.5,0.6177560192410472,-0.9765892082066131,0.21511280392942794,-0.9980883554006147,0.06180319420301994,0.7625376449296124,3.640081194797361
4.506552111296532,15.334598643426386,7.342746688688663,0.32220932091134213,3.5,27.5,12.5,0.4051793082434824,0.981535989602114,-0.1912775499524156,0.9813529394771184,0.19221448483300937,0.1924921367756639,10.174665166325127
9.208316855060135,16.352293998879148,7.123303749935497,0.21979310630066298,3.5,27.5,5.5,0.7325240750271852,-0.9961057022971584,-0.08816705649552242,-0.9999950712932497,0.0031396479433779263,0.890189422011471,73.93876115898411
8.414531168281803,12.47255298638402,5.618914105401527,0.40794361185716427,3.5,20.5,6.5,0.7910011415927447,-0.9700913497631509,-0.24274013494827754,-0.9955571140349939,0.09415961286195998,0.842068233961501,45.12229189970381
9.779503936948153,15.248822386523573,7.854345924315767,0.2905999039291175,3.5,27.5,4.5,0.712187892152897,-0.8862792791012764,0.46315120580186536,-0.9927484725864397,0.12021010846551497,0.6775494614037717,13.741016850046904
7.837608172465329,16.06760548485646,8.265169618848484,0.25762329108493187,3.5,27.5,3.5,0.6846496187775427,0.8089308785327489,-0.5879037623252933,-0.8742347154976542,-0.48550351411574316,0.5190198762837666,71.90343040111598
10.138919908986356,16.633086002863337,7.949028189005059,0.413855219627461,3.5,27.5,25.5,0.7290316263717269,-0.998034615721813,-0.06266502869235106,-0.9588860486126111,0.2837913772053217,0.5719917172517098,74.98068420974043
11.209256652196444,15.687766931936991,7.733473340226713,0.2563118869997033,3.5,26.5,3.5,0.764795609191765,0.3763463607836114,0.9264790427877642,-0.9831968819793236,-0.18254832583766956,0.572394476732137,59.298924681109916
10.0783642893891,15.318085653300125,6.7148099470029425,0.3206471175241092,3.5,25.5,24.5,0.6695898900724839,-0.9937577902442539,0.11155919652300082,-0.9657291716122753,-0.25955185820384435,0.6639406066921619,43.88594233192242
10.681950676023073,15.744582300104325,7.533475571337835,0.4120813260102316,3.5,27.5,21.5,0.6227676075190554,-0.9923240317100898,0.12366493476581339,-0.9794168423972089,-0.20184808353977693,0.7681165049350308,13.253778089415889
10.754906688773923,15.023674028201286,7.804234996277308,0.22888544815330708,3.5,27.5,3.5,0.6352816860059617,0.7349005769227003,0.6781748609604181,-0.9805673181736103,-0.196182910901571,0.7477749933362435,61.48046073599639
10.433780453267948,15.456924359431344,7.561077785090811,0.35997018333349684,4.5,27.5,5.5,0.6985296997481628,0.7901980360045612,-0.6128515839047284,-0.9866986886481552,-0.16255982843252173,0.6585649446302975,59.92864431493809
8.848294033543985,15.809299773410306,6.794516805423502,0.4871488678517156,3.5,27.5,19.5,0.7092858210325891,-0.9947798762123609,-0.1020440977368118,-0.9931814057773142,0.11657913714811077,0.9243435953683835,4.22245841414842
9.72784034670028,12.065888846696204,6.155698568528307,0.43962079322018593,3.5,21.5,4.5,0.8113783794443878,-0.9821509006243052,0.18809467935820567,-0.950595952798978,0.3104308852582217,0.9224512206429611,36.786846463385885
7.295178147084287,17.751896682480353,6.916880018442559,0.4469947033319161,4.5,27.5,24.5,0.5042092235166153,-0.9069752230793569,0.4211839796575254,-0.9847697312800238,0.17386367175079984,0.8281232191638248,80.6167215147956
8.271490858332712,16.321132445384784,8.557333587950412,0.3107780749812219,3.5,27.5,3.5,0.7336232704006856,-0.9796557844683432,-0.20068518619398665,-0.9973804455038097,0.07233427214413832,0.8596026825560924,7.710576621827229
11.156113424155015,16.80145082547302,7.095905632050771,0.454473082870894,3.5,27.5,21.5,0.6602426227891962,-0.990059952072942,0.1406459786176765,-0.9304682718594962,0.3663724813121239,0.5990390912596875,43.363271890868724
10.788482891804406,15.227477053640019,7.694337770206848,0.33553485444137265,3.5,26.5,4.5,0.7675790265152923,-0.7993766805254021,0.6008301945077238,-0.9360530755045117,0.35185883510087523,0.8386845253559445,74.66141380289066
7.841982791943264,15.069431607425795,6.245201562601836,0.5437046112310713,3.5,23.5,20.5,0.6840999251071413,-0.971665247060543,-0.23636126513194572,-0.9997013831124754,0.02443654237005922,0.9163018060043154,6.790233648682047
9.64102415903282,16.18084513268891,7.757307729105539,0.4603010034340307,3.5,27.5,22.5,0.6231584682546731,-0.9711642770086045,0.23841129810131587,-0.9746227999593956,0.2238535186216826,0.8514302591265362,55.17099760712129
9.452633975289348,15.774728664260952,8.687665363694643,0.3709031965989448,3.5,27.5,4.5,0.6919313855380983,-0.9940970896403353,-0.10849413057218903,-0.988404751984121,0.15184217548233514,0.879115867613326,9.506323915429206
8.141409758369294,16.30757283952564,7.30166278131654,0.4885558002887768,3.5,27.5,20.5,0.6079359710349151,-0.9997914010172959,0.020424359276914623,-0.9365417746288451,0.35055599320943515,0.6888078738521488,37.7278908092451
8.290343043977726,16.014050005407746,7.242390409382032,0.4137347872932244,3.5,27.5,21.5,0.6580661096336701,-0.9142244767989571,-0.40520810211750824,-0.989342220489837,-0.14560896523304698,0.6587573255235085,87.90736465941882
6.469170490947746,11.773431073592882,5.90015369645667,0.4311335470867281,3.5,20.5,4.5,0.7057722416153251,-0.9541960347499808,0.2991820971706251,-0.9988769366023275,-0.04738001186101547,0.8426202588002607,69.75325113333001
6.294832234645491,15.481382554872654,5.82396001735684,0.4204520906900363,3.5,22.5,22.5,0.7023003976519503,-0.9802522616362841,-0.19775111518509844,-0.9996753492900557,-0.025479325379707197,0.7709483287952867,4.562510747589386
8.37584455063525,14.20262472165792,8.357605367580165,0.3584975239718599,3.5,27.5,3.5,0.7181489546713521,-0.9753390620418766,0.2207118348781335,-0.9855313609956905,0.1694931753610803,0.8437723922309972,5.032612337641368
8.441410121524601,16.55583735655935,7.54936362441394,0.17048159567892626,3.5,27.5,3.5,0.7731770239357382,-0.9637535389174648,-0.26679414578296623,-0.9999844934219135,-0.005568924107854774,0.517630705324348,11.711238850469485
8.12693795088333,16.779306903730294,7.289550958076999,0.47808861381222145,3.5,27.5,23.5,0.7025635890912476,-0.999947673056389,0.01022991442353713,-0.9990108529142766,0.044467018783471236,0.8264590941887832,59.05679872922788
8.317234564443952,13.352604761977771,6.396333401952562,0.38379758149774756,3.5,22.5,21.5,0.6711174788402579,-0.9984233064582361,0.05613288805150973,-0.9869950875843746,0.16075041861318018,0.8509568415856715,6.155503270360555
4.983811984237379,15.516243902841655,7.272533741764467,0.34122908279821745,3.5,27.5,20.5,0.3922504888508054,-0.9846521656090828,0.17452825777318534,-0.8257587830516016,0.5640234323262979,0.52773456990018,47.42661047242391
7.3500307047455955,14.316635934738352,7.615786113408864,0.45413199153017186,3.5,27.5,10.5,0.7398958072769241,-0.9764814787676507,-0.21560130246300063,-0.9786081058173549,0.20573326232908656,0.662346234564752,73.64660407170649
6.261669614945209,14.523206769698698,8.12677453276006,0.32993015683154286,3.5,27.5,4.5,0.5924010792573967,-0.9050617640249489,0.4252801468444627,-0.9404183353054383,0.34001963858187395,0.6514173420659916,2.185335737921676
8.84665223928529,16.52878338145531,6.502046826966015,0.5442166981815797,3.5,27.5,18.5,0.6780274014347784,-0.9961617360316262,0.087531683786254,-0.9989219307048478,-0.04642172289886702,0.9358277066775217,11.002506676045002
7.523185553034835,14.15960222575436,5.216474347993947,0.6065815894851172,3.5,20.5,18.5,0.7347952250778955,-0.9783234542012516,0.20708263799684315,-0.9792508582486128,0.20265181129058565,0.9434095995872479,53.01288436647839
8.437132910335405,15.093511354706097,7.4940355865834745,0.26392585425053916,3.5,26.5,3.5,0.6983631905177093,-0.9703250716344453,0.24180416737022697,-0.9985183706709359,0.05441565429781822,0.8417871301679165,5.388642764637098
6.623931273692282,17.258072208566492,7.0140862895310105,0.2591259748981495,3.5,27.5,27.5,0.46852481902773135,-0.9751449135274701,0.22156804287058812,-0.9875408053161132,0.15736314001570548,0.7567160308473538,64.36467772404949
8.55218168512689,16.460735207592663,8.508606775892153,0.42889327204406974,3.5,27.5,25.5,0.6911022065229635,-0.9249408851537494,0.3801109824393379,-0.9758607199631338,0.2183938076801496,0.8077070373025667,6.515543294927795
10.896635124137257,17.403516498371896,7.35830784369513,0.39563436431342325,3.5,27.5,25.5,0.7303746111874331,-0.8155695905770229,0.5786590040136136,-0.9908079797193486,0.13527581943741002,0.9006955473807331,15.675741302071685
9.544605459896475,15.451380711555784,6.768496682882512,0.2288837734430698,3.5,24.5,4.5,0.7617851825292657,-0.9763262161476012,0.21630330478961154,-0.9999012166580707,-0.014055494502500572,0.9307571325841028,52.63516797839597
6.1166063085379605,15.946164663597779,7.822524759436226,0.2460002324749105,3.5,27.5,4.5,0.5036932755849036,-0.15032770301829218,-0.9886362231403643,-0.9975555421289537,0.06987803923844292,0.701631114850528,36.1729344278734
5.890773635521681,15.714346291291752,7.734849038465239,0.3531346339806928,3.5,27.5,11.5,0.3826550968952241,0.9985116464345611,-0.05453890294589659,-0.8226935927079246,0.5684850503903576,0.6909275457248661,18.266338693421936
8.29966746217278,15.869244648899953,8.191121278324335,0.3789316088032678,3.5,27.5,6.5,0.7712262067136182,-0.9989402198431206,-0.04602648346091453,-0.9745754974669218,0.22405936654623904,0.931403516759516,6.886489981223747
8.023853943775917,16.084925998821088,8.685664736850885,0.34477821858819085,3.5,27.5,5.5,0.7851595092149537,-0.9947996399109397,0.1018512465955363,-0.9675936718875214,0.25251234845690895,0.8273508233329104,5.544661736209164
6.743688222610573,14.894664534172383,5.506287916734713,0.45240156227749917,3.5,21.5,21.5,0.6769275823666084,-0.9947139832301829,0.10268442708776943,-0.9673129763053753,0.25358550012024844,0.8354440098107012,86.28502253352902
5.460751236944235,15.721680040616619,6.556435668683535,0.4524774505168267,3.5,27.5,20.5,0.4875302732168286,-0.9560874958346312,0.2930813885402212,-0.9569344719327267,0.2903040069079886,0.8438076551100663,6.953679543866031
6.724058980185118,15.727644819224567,8.270087162429727,0.24748324783904024,3.5,27.5,3.5,0.6397150141656207,0.9940592447749577,-0.10884033203477839,-0.8009311931410418,0.5987563977559383,0.2880368414537249,81.21412731479317
9.90389842904485,15.65849094667288,8.437943386972005,0.30389215000457603,3.5,27.5,4.5,0.7850508899352454,-0.9650384241244547,-0.26210845076683253,-0.9993929005521188,-0.03484006782459885,0.839880482666655,10.873859098795705
11.904381355910859,13.695492934547591,8.090499468294581,0.45029114537141895,3.5,27.5,9.5,0.8437007840457263,-0.9936765207484866,0.11228077356868595,-0.9877657581270161,0.1559448847245759,0.9088583193725903,2.7371644934804635
9.275765627986626,13.804908689842188,6.531961022216937,0.2588887872541681,3.5,23.5,23.5,0.7569022477119557,-0.9921352067068895,0.12517080974683206,-0.9838221115736003,0.17914813082715164,0.8697379950743005,56.93661773016393
7.350576503889427,13.77727318252641,7.998799243537405,0.3321244910707781,3.5,27.5,3.5,0.7107399582224427,-0.9980494375483564,0.062428520801069066,-0.996869908293468,0.07905938235891301,0.8121291165756614,0.8153596881400631
7.080834923259756,13.954943861163914,7.930067284198184,0.3455758295362162,3.5,27.5,3.5,0.5723927274094237,-0.9095149605440372,-0.4156711880159346,-0.9864684244739892,0.16395135716365872,0.7350268017710264,23.18160867641994
9.096395459127002,16.00916889645497,8.015828485621133,0.3048987224915848,3.5,27.5,5.5,0.6703630726934887,-0.6974504687724351,0.716632990874067,-0.9797444615106933,0.20025181681852905,0.6725732634712616,69.78014199927732
9.15866480130738,13.632309033336103,6.2453118573939745,0.32075701746143687,3.5,23.5,22.5,0.7056172316180758,-0.9630855077155086,0.2691956627220452,-0.9862719344529463,0.16512925637343376,0.9148922765829895,88.48121795323688
8.829490266352488,15.385351635160335,6.127818403243956,0.4835809231508047,3.5,23.5,21.5,0.7011821235521053,-0.990135824972083,0.14011084221734096,-0.9832480361464085,0.18227259644343402,0.7038150285969956,47.89095153583227
7.624914109509909,14.80257977874096,6.915952280982522,0.3496471263103918,3.5,25.5,23.5,0.5503518530922863,-0.8290653057764921,-0.5591517850796255,-0.7955934710809872,-0.6058308582214234,0.27581331586926705,69.52254215710168
10.525094406494516,15.749899254337443,7.088807476842923,0.41309600881081937,3.5,27.5,11.5,0.6765611880685466,-0.9851151802970094,0.1718955541844837,-0.9776742491894762,0.21012630123759865,0.9642209732800789,13.759756126758447
13.667451191951526,14.92798628049168,6.645055237716147,0.4025449002610808,3.5,25.5,10.5,0.8057266206331551,-0.9988103311442662,0.048763945692297146,-0.9937255350720103,0.11184614855169046,0.9987361627292404,43.555281700112275
10.142706294626777,14.818796160196559,7.636302271000048,0.2027254882551979,3.5,27.5,3.5,0.727653572642748,-0.9904890247030105,0.1375917582665442,-0.9845296483671042,0.1752180683780818,0.8901900528059903,0.8645271892848712
10.549967695987776,12.962707548816281,5.967589738669436,0.4517136772041485,3.5,22.5,7.5,0.7248926439460479,-0.9988538343166229,0.04786457636896535,-0.9966844403773929,0.08136415863021691,0.9965319065134449,55.00174294477197
7.6771181784573495,14.149846527763104,6.587493591027787,0.5118206212259891,3.5,27.5,11.5,0.5346880720114989,-0.9938330511547034,0.11088672793681272,-0.999971583319636,-0.007538736845142185,0.8863373832750006,5.450837173454275
9.525868418894994,16.728245676718632,6.702662560687014,0.36927106231887075,3.5,27.5,14.5,0.6330238940820283,-0.9603951243874636,0.27864171448795744,-0.9814047468989331,0.19194979230059367,0.9368946259894312,63.46990392238018
14.626936856489563,16.111921329869137,6.651072879607024,0.42636294434442523,4.5,27.5,10.5,0.7920737673510855,-0.9755603995307315,0.21973144260082483,-0.9819376483654615,0.1892047957175166,0.9875970503249887,70.97141217779826
10.130193204191439,17.38882740659627,5.924352456311692,0.5362969832580985,3.5,27.5,21.5,0.7275457732131639,-0.9994544697776628,0.033026698918463694,-0.9976835865839865,0.06802544421694802,0.7639406840638172,61.60425575360165
7.707545603076134,11.653087964519855,5.783873355551665,0.4098212565681283,3.5,19.5,4.5,0.7819879593367779,-0.999232999492486,0.03915881414508585,-0.9587105995519886,0.28438351975222953,0.9281065566011375,61.61798664483001
7.2886214143580945,15.516515741552904,5.113292243659534,0.5210344426013481,3.5,23.5,13.5,0.5399295109283339,-0.9766142302332755,-0.2149991751283403,-0.9753925083217369,-0.2204755195250267,0.8018344815288015,13.736052962460825
7.352010338344785,16.588016721094757,7.386286971519505,0.443305289440689,3.5,27.5,23.5,0.4875854028365244,-0.9839661777495492,0.17835515424271453,-0.9886472256169854,0.15025532695993724,0.6549828567012522,7.364705535175602
8.691712048111482,19.7697343329021,5.898860004350198,0.39689556817622046,3.5,27.5,26.5,0.7286872779289444,-0.9805707519062687,0.19616574753502386,-0.9945642756025613,0.10412445291646207,0.8301107020285411,84.68283086072236
9.028613516471092,16.08596660390989,8.595256145753657,0.33901037220224106,3.5,27.5,5.5,0.7481305467803331,-0.9817840465280667,0.19000022627085172,-0.9999999966747619,8.155045101908879e-05,0.8148153318177984,2.925318927504904
6.345486322743862,15.805767705623119,4.689500375431459,0.6795526624151869,3.5,21.5,16.5,0.6966048326091002,-0.9983210339791584,0.05792333825656206,-0.9955489878893676,0.09424549173544405,0.8745770092880298,46.22579873787683
4.9836470735151,16.38170053842273,7.889682094978264,0.3300086886980513,3.5,27.5,26.5,0.41170947586386974,-0.9205625742156565,-0.39059511895752624,-0.8518433708083272,-0.5237965937364492,0.26139191660455885,6.133935901401529
5.649755132448013,18.045368754418256,7.468408588328705,0.4960678972330529,3.5,27.5,21.5,0.5211030260446478,-0.9997948761446859,0.020253533885034602,-0.9890021054535584,0.14790143815537593,0.8144893769274476,8.348198270049394
7.31991714626071,16.402131464757588,7.989229613255727,0.23358835415857243,3.5,27.5,3.5,0.6205082452397169,-0.9997127371911431,-0.02396754258976994,-0.9779696244037568,0.20874724846947065,0.9586667436063797,0.1492042464095107
9.286282879607857,18.333600693873727,6.7083269160408605,0.43227922522049717,3.5,26.5,25.5,0.7467729417535502,-0.9813354501532723,0.19230375522197815,-0.9109966726018351,0.4124137031045219,0.9027516076632719,30.868319202552556
8.18942001509107,17.301872253917644,6.3886049678573915,0.6263498136719705,3.5,25.5,21.5,0.7451580009139042,-0.9697192087952612,0.24422255443241236,-0.9148692345017797,0.4037502740087339,0.7142207068636808,78.33676432063827
6.819516138907305,15.765654234824103,6.608982211130842,0.45310611463918515,3.5,27.5,17.5,0.5368373898494118,-0.9673121269290768,0.25358874008115145,-0.9997324632504286,-0.023130108586653247,0.8344386255148953,26.958915420258094
7.2923991697720325,16.625619459117896,8.089543859462516,0.20528563359697402,3.5,27.5,3.5,0.7329603627651363,-0.22380626855481262,0.9746336512534189,-0.9861181514375673,0.16604514869563367,0.6412324244569838,38.830385909157066
8.717799249587891,16.691860362388624,7.574568132384566,0.4254449991731596,3.5,27.5,24.5,0.6732982316721081,-0.9994342650002972,0.033632572653838344,-0.9705831386423419,0.2407662164490288,0.7451066682416566,25.277557512021446
12.49238863004161,15.611471038390361,7.934545316909454,0.31052915713076956,3.5,27.5,4.5,0.7282614539609796,-0.8877835111166402,0.4602612707902005,-0.9047099854699153,0.4260279828732212,0.8441513413312726,46.43742582670774
9.080080866040587,15.63043988833331,5.939465029753928,0.3585551918737083,3.5,23.5,23.5,0.7348708352873128,-0.9953228782314298,0.09660418246174564,-0.9762883922668566,0.2164739594616323,0.6958375248823583,78.61983823859055
7.362928563022753,17.020711642413037,7.615657918532532,0.48368211267475614,3.5,27.5,21.5,0.4982447879276451,-0.8868513251877973,0.462054896102885,-0.8065261673872773,0.5911983942126278,0.5974934806409349,74.92998755518805
7.432748015367453,17.611831662654645,7.51492617942843,0.5094141075091401,3.5,27.5,21.5,0.5480404276402435,-0.9828299534652005,0.1845136379013537,-0.9982943796088428,0.058380918469955995,0.7736261955584753,20.243157614397703
10.204054377831149,16.09907855956116,7.946228591443717,0.2957091475903484,3.5,27.5,4.5,0.7103157412676162,-0.9212818783459286,0.38889548805739277,-0.9992959407165047,0.03751830043479993,0.915679711808004,4.519172437750626
8.973698228088827,16.53035249025594,6.805617058859436,0.4415656618176998,3.5,27.5,21.5,0.7128984350515234,-0.7891170642670429,-0.6142428338064383,-0.9710657911439621,0.2388121212793668,0.8392260348413603,49.050600551971
12.318006711286143,15.757072926791194,6.752201948043696,0.451100983572847,3.5,26.5,19.5,0.7790275833568202,-0.9558447914471974,0.2938719698495652,-0.9796164291492098,0.20087720562809325,0.920818684923667,87.76063110955751
7.3583556059360165,13.29021897651289,7.104228405674807,0.506147111722412,3.5,27.5,6.5,0.5160984350955491,-0.9837980126128466,0.17928042385886203,-0.9605702843315963,-0.27803727962112607,0.7054730798104003,16.609742424494215
8.23932825052372,16.11968652588694,8.172225935842873,0.286947677502062,3.5,27.5,27.5,0.5737892869722354,-0.9837591645034994,0.17949347134471708,-0.996314127565451,0.0857797132980415,0.9565085752880893,5.777629196153356
10.776477877415074,16.19899625845483,7.81378566472842,0.34466880530068755,3.5,27.5,9.5,0.6962751414682138,-0.9999020762844408,-0.013994207446808272,-0.9905956012825039,0.13682234729661108,0.9867400424602679,10.88157595469626
10.433034749227907,14.153981207938369,7.579373233340027,0.4708074226030115,3.5,27.5,8.5,0.69961823235468,-0.9854795590242934,0.16979410692154231,-0.9859486503659642,0.16704867207354127,0.6811091181373102,6.703390653770185
10.968815949350452,12.223354048880008,6.606592157646755,0.6035241074066363,3.5,24.5,7.5,0.7905106985523934,-0.998890190198464,0.04709976566052505,-0.9967219114175099,0.08090383983610201,0.9784745692461284,28.764928308834143
8.571819956734759,15.446070553828395,7.912195038924796,0.3402112699067585,3.5,27.5,25.5,0.648169482127045,-0.8879240327989792,0.4599901216091464,-0.9999846254145497,0.005545172181521413,0.8368292544133481,47.11147307103601
9.683723838047197,13.462694016419466,7.431399928236276,0.47042477509243835,3.5,27.5,10.5,0.7048110949382864,-0.9843078005208514,0.1764600629995461,-0.9743720366485502,0.22494251309469335,0.9383258157059344,6.182288014669155
9.4857094471571,13.642866299545066,6.9610155637356295,0.5150350306427098,3.5,27.5,7.5,0.640925721754529,-0.9992507485820356,0.03870324867813511,-0.9860320529258328,-0.16655566817994388,0.8827451945867435,9.943308021822247
9.531707429988034,15.595469405933885,7.006955066745853,0.3629357821751718,3.5,27.5,21.5,0.6931763154109535,-0.9257335180547575,0.3781764846602206,-0.9754164499134047,0.2203695742118916,0.9334474458165115,37.86491934098895
6.415115786548394,11.707075573126449,4.236407625156684,0.5314645881472924,3.5,17.5,16.5,0.7689064064741594,-0.9429803507216806,0.3328484011570675,-0.9444258045757896,0.3287246562875569,0.837338884794969,88.0474184539944
7.617988032576159,17.130788034082176,7.10618792941965,0.33972938923612195,3.5,27.5,25.5,0.5024404154295087,-0.9238043815623966,0.3828648124418302,-0.9996970835428391,0.024611809278103806,0.5943449002826093,89.1655250508548
7.752973918373567,17.50091786704808,7.1980187595577805,0.2831864803016586,4.5,27.5,27.5,0.5810410709777329,-0.9900087221428951,0.1410061349055133,-0.9807602315028319,-0.19521620911827886,0.7914155132238375,82.20809231875971
11.27122321260438,15.437208786122735,7.921676391358618,0.3759666421112358,3.5,27.5,6.5,0.8276270600584429,-0.9951754783493506,-0.098110994756659,-0.9990344841743404,0.04393289690550463,0.9708938143550221,8.694152433474756
9.921535677549684,16.18039901875155,7.517072823611211,0.4143218074644274,3.5,27.5,24.5,0.7085335971239817,-0.9072200844932595,0.42065629472532917,-0.9795277632728038,0.20130911796979784,0.7162448969735719,36.91244300638908
7.43708513210275,13.924325756492289,5.647118033636595,0.3481491551384303,3.5,21.5,21.5,0.7212796732536211,-0.9760461286827953,0.21756367960514073,-0.9880428923094584,-0.15417925592231907,0.6079088373147878,30.156889851415855
7.890011746478061,16.27292070373636,6.923778132848806,0.4524437068886688,3.5,25.5,23.5,0.6719124536446972,-0.9230123560679145,0.3847703088154767,-0.8914031329591763,0.45321126922282634,0.6618667450132071,86.41767638853825
9.042087344095691,16.553213251811087,7.2234013110946025,0.29576488659169037,5.5,27.5,6.5,0.7394082250392312,0.9995178103666215,0.0310507127118601,-0.9961946087821802,0.08715676355463656,0.5038376916487204,73.0902501756425
8.547521757255986,14.331099546306232,7.477327776599744,0.52089228190383,3.5,27.5,8.5,0.6176449727323261,-0.9166191375570788,-0.39976162480172744,-0.996686516500896,-0.081338722791234,0.7530782560417165,34.50395452171702
6.957188095553749,14.498735978420626,7.730184340242258,0.23716569551299876,3.5,27.5,3.5,0.6241475661567838,0.9729187217343892,-0.2311474873294586,-0.9430136253451301,0.3327541170495636,0.3424494277411717,88.38945286440963
9.402968465802234,13.680297759525704,6.960434113630446,0.4918898873968495,3.5,27.5,7.5,0.6226338091891866,-0.919309283271017,0.3935358200872303,-0.9030457968936876,0.42954428026996794,0.7112281595089271,40.33527935172794
5.832636513698446,13.865955594034691,7.50106180592518,0.3868872216306355,3.5,27.5,4.5,0.4525874600296274,-0.999784487125795,-0.020760041006968273,-0.9727541961967452,0.23183889617927417,0.8685386537094241,15.650356724206432
3.8393269846787472,16.34632167827815,7.716263784752302,0.27650309920953425,3.5,27.5,27.5,0.384891083517094,-0.9083454515358237,0.4182206841778399,-0.9969762827849263,0.07770644480575996,0.6526025155694405,83.53721959655745
9.607065962042885,15.356458884140274,8.278436308924473,0.4237017186016023,3.5,27.5,6.5,0.7152122924670545,-0.9998330818184694,0.018270426962220938,-0.9986588723408765,0.05177312714960442,0.7897964127401915,14.683067803515073
6.431838119925888,14.913183554747246,7.491535922067639,0.4181765973503442,3.5,27.5,8.5,0.5844990858102677,-0.999121654715136,-0.04190368813467912,-0.9952332391071207,0.0975233293953237,0.6665462147654169,80.39415376631744
10.616158722790097,12.79760057037635,7.11144798137478,0.4280907463518687,3.5,27.5,5.5,0.7033301750739963,-0.9993947376462247,0.03478733052468653,-0.9755550604237007,0.21975514574569047,0.8749524275939939,8.756530959995672
5.157573743037937,15.892815369528257,7.3027972863556645,0.186883678174791,3.5,27.5,4.5,0.3841933245741999,0.9843512584170238,-0.17621747941910196,-0.8830383236967728,0.4693008831046384,0.4101681138563182,85.8376956988266
5.175547302013832,12.783662133036753,7.3722176563107125,0.5012860652042875,3.5,27.5,8.5,0.4545079112418292,-0.9728598136489524,-0.23139529594813632,-0.9883160002143577,-0.15241877745308732,0.7536415743563873,8.580340786571526
9.491426765859655,13.770908144327333,6.01928935997325,0.18511131433657702,3.5,27.5,3.5,0.6921205105996958,-0.9773574608495955,0.21159488113286504,-0.961134452573208,0.27608072021928637,0.7464063802300175,0.5827432202160452
8.737284751836611,13.711026568834084,7.023852925981767,0.44843069011688275,3.5,27.5,7.5,0.7166039037978371,-0.9995254079640986,0.030805175445082694,-0.9059276566996766,-0.4234324985480366,0.4779283808041983,30.007099328779866
8.809703585793079,11.728161182732762,6.464170515570222,0.4899677907199905,3.5,27.5,5.5,0.6834437791745002,-0.9920863139684682,-0.12555773825797345,-0.9417859872294571,-0.3362129596821589,0.526432051277797,28.174540928431725
5.66061469025244,13.380346778018364,7.067987122493989,0.2625553323667182,3.5,27.5,3.5,0.4130656491385306,0.9341499221820782,0.3568808244879757,-0.9988518842109267,0.04790525449552825,0.3750950237393068,65.5088345155787
4.372777743197236,15.569229285153783,7.1312779975063245,0.25429660494724393,3.5,27.5,5.5,0.3080317459924416,0.8333386008781778,0.5527628571877827,-0.9575373073728437,-0.28830939108735987,0.18136794901368175,43.70519781455423
11.626429015524709,12.792995147536773,6.138451207985994,0.5277233753980168,3.5,27.5,9.5,0.7294802966856432,-0.9811655730698792,-0.193168626392734,-0.8694864262769505,-0.49395683467296725,0.644630151817688,72.05223466249662
8.839261521740685,14.253557755431682,6.829321909277718,0.21862610226615684,3.5,27.5,3.5,0.6419333494703935,0.9788107469963659,-0.20476699334711174,0.3733841269544725,-0.9276768261299009,0.11427382273166702,37.63882242411546
8.893266098520067,13.336270273163537,6.5923561770830785,0.3795003894246286,3.5,27.5,5.5,0.5963417312708628,-0.9957740342999639,0.09183720713291688,-0.9637706173683612,0.26673244477829827,0.5018180677232754,34.69467879867233
4.842691197207175,14.056109072960984,6.836048725059326,0.32598485989950393,5.5,27.5,5.5,0.5677255113433683,0.9999768204269412,0.006808715651645672,0.39916531395389665,-0.9168789735489015,0.2740538390957505,24.005467605343284
7.608624920734622,11.9123644874798,6.678363700993099,0.36837973809447355,3.5,27.5,3.5,0.680443024551683,-0.9979250163644927,-0.06438681319903163,-0.9931428514952793,-0.11690712777168773,0.8463166997331463,17.543507493812243
7.597881325712236,12.685447417768863,6.211203603587955,0.2392502053376472,3.5,25.5,3.5,0.7108785045108542,-0.9652412985842315,0.2613603556536961,-0.9992360400742256,0.039081149123082345,0.6553960447714102,29.113097625480364
7.89389130849127,12.768231806858344,6.773809923118008,0.4174938330279963,3.5,25.5,6.5,0.7022273255651208,-0.9652375759086719,0.26137410364064545,-0.9751646048334668,0.2214813614731238,0.706031145288329,8.35338016033522
6.354525713294334,12.396871216879314,7.118344517541819,0.490899148302008,3.5,27.5,6.5,0.610507935634065,-0.987023393939606,0.16057652324029598,-0.9968759028516118,0.07898375981038024,0.7091900351297782,5.027295316293348
4.7833910510804225,14.107665531669149,6.9591065109694865,0.4200716482386356,3.5,26.5,6.5,0.3813799989121195,-0.9963350153878342,0.0855367588357438,-0.9511287279611561,0.30879466129937083,0.5165838677822828,33.60337481334351
4.826408019402235,14.731802160103394,6.68507751273284,0.3015445992397649,3.5,27.5,5.5,0.3249492981724199,-0.996702172867217,0.08114664874021846,-0.976390988916973,0.21601073297809897,0.5268586456619032,68.54448664438567
10.486507042648519,12.473427922460674,6.916526648092034,0.4903431383955596,3.5,27.5,5.5,0.7785956915055251,-0.9821765939239266,-0.18796047017390133,-0.9472614470956524,-0.3204617775121559,0.870509921003471,4.5363363025029315
8.99633135950114,12.270069122736523,7.0600415099502065,0.3770579177070987,3.5,27.5,3.5,0.7321693325202645,-0.9889228234713835,0.14843062088863876,-0.9929884655460408,0.11821128242481486,0.6812972258942155,16.18228575417757
7.802178531812299,12.2840368703529,6.959479429362961,0.4671179600806012,3.5,27.5,5.5,0.7064738959408959,-0.9792826776271162,0.20249799332207127,-0.9898290668207316,0.14226179556296792,0.5390978948606324,30.182107103830205
5.258585820122205,12.441664408057909,7.334346283726808,0.47091481952817227,3.5,27.5,4.5,0.5554074979965722,-0.27901377505414404,0.9602870994291424,-0.3324060604111921,0.9431363692499144,0.4831341410595627,68.55434577874182
5.602371055680994,14.664000808808842,7.419566529668776,0.4414960467925549,3.5,27.5,8.5,0.37429178187622036,-0.9961885997042816,0.08722541957034334,-0.9490626496141971,0.31508742772011694,0.6735130624353229,77.96854120980973
8.216675337424466,10.80888188165956,6.189802956085416,0.4120602282664653,3.5,27.5,3.5,0.7540102745205447,-0.9488078258357866,0.31585393718104526,-0.9607604935458628,0.2773792963461949,0.7829859086885506,6.271465716404521
8.775034788368778,13.971136403807728,8.556128005360305,0.4638771750504106,3.5,27.5,5.5,0.7161361631379638,-0.9951543726379561,0.09832484233171121,-0.9996267436796856,-0.027319833827240843,0.6404513800533451,10.710224175303964
7.363883941758528,11.521322032743944,7.22509766667022,0.4222156283636377,3.5,26.5,3.5,0.7192855859295659,-0.9625112767670281,0.27124166733063976,-0.9249980205045256,0.3799719227294422,0.5253950881709565,59.402505988651725
4.648340498470393,15.876278649040424,7.348355739517377,0.4061405185056423,3.5,27.5,13.5,0.38957730080602154,-0.9996664345901097,-0.02582672170248931,-0.8978186495483123,0.44036538524643926,0.1826437216668922,85.03023155034467
5.035761920351601,12.658881949707622,7.014659679259518,0.39045736864390534,3.5,27.5,4.5,0.36779895224958237,-0.8974764163197319,0.44106244699576425,-0.7597009126164661,0.6502726530999966,0.2313952338249715,24.363047973762946
7.304932661249766,12.867980309905104,6.681974847158485,0.5526685235399205,3.5,27.5,7.5,0.5801273545112502,-0.9984925073218619,0.054888184722229325,-0.9870280665692674,0.1605477991270319,0.6246101405426236,7.4336228482906535
9.216474639599127,12.438628385238243,7.5277481975850655,0.36484974498044176,3.5,27.5,3.5,0.6934385616611333,-0.9770101892958223,0.21319261247083948,-0.9964195366629904,0.0845464780834274,0.6571448340705598,6.674946957120568
6.619839328557502,12.29653807169791,7.657827946003534,0.5137266986278114,3.5,27.5,4.5,0.5993108260879961,-0.8965941975410134,-0.44285307375673283,-0.948800234348013,-0.31587674067768223,0.39865385454178864,8.077332253070153
6.695183097247999,12.433976026935236,7.073808040569015,0.33935170863274483,3.5,27.5,3.5,0.5265993393581682,-0.9259379862632598,0.3776755824709073,-0.8848308239496782,0.4659124520642625,0.3789986572050696,1.9701712780532574
5.95026054596503,13.239187501758732,7.931758397203228,0.3880438403429128,3.5,27.5,3.5,0.5939738188337668,-0.981109681487233,0.19345230133554925,-0.8096131350438506,0.5869638588230691,0.07812677038523635,8.236438589733993
7.181744930985219,13.552824946278877,7.340374826530156,0.44849161584364167,3.5,27.5,12.5,0.5626138444375611,0.9888246003875754,-0.14908356605726858,-0.5432681908486993,-0.8395592134042609,0.38369415609230156,68.20188701529759
6.290049094164064,14.691168840022575,7.596051226319265,0.41296496563390006,3.5,27.5,6.5,0.5417154003151594,-0.9618328920568495,-0.2736375116053297,-0.7281715069535645,-0.6853949638427284,0.252286019857756,50.444448367351
11.540130175162902,13.293349275990803,6.918034295331946,0.4399472871734131,3.5,27.5,6.5,0.6740170414917102,-0.9422116055322043,0.3350183433790244,-0.981556284885863,0.1911733757641546,0.759723533304934,4.313149056220524
5.894351547326063,14.68042871109193,7.366304594645625,0.327120900989187,3.5,27.5,13.5,0.5024516196835596,0.9999320974477315,0.011653346891789906,-0.9825341246716233,0.18608249207211042,0.06941257050793935,75.02388378598589
4.013388173709038,14.15185176520152,7.182032384156289,0.3620833950332645,3.5,27.5,5.5,0.4318979508033017,-0.9020390399843577,0.43165445711135453,-0.6260474789222551,0.7797849409517271,0.38820479617023246,24.801732164168513
7.446413773962764,14.18528874597576,8.284892727848629,0.49229584770353213,3.5,27.5,8.5,0.6215904353842686,-0.999863083807867,0.016547315136364635,-0.992329323585583,0.12362246378461807,0.9546710382445506,6.323641441448274
8.01193210820213,12.868887955407388,7.731438796687765,0.49488446327733,3.5,27.5,5.5,0.7087662886102791,-0.9997309692832832,-0.023194591091613,-0.9999492842195739,-0.010071195994609903,0.8555056815988422,1.5940259296158104
9.458759861347001,12.058132144001252,6.883039131865102,0.5074851526652548,3.5,27.5,5.5,0.7470495554968575,-0.9956805568314413,0.09284518699335523,-0.999214606645701,0.03962536896833652,0.7991259310981447,4.428899229220349
7.687840012423674,13.700479725738434,8.182864170490152,0.5031150656017879,3.5,27.5,5.5,0.5924534406385809,-0.997248067004982,0.07413698709029733,-0.9972397144495335,0.07424925538086442,0.8738625304748455,0.4531623140728698
5.92841401308153,15.552049282765362,8.031295693326333,0.29389337092979273,4.5,27.5,27.5,0.46735322166975485,-0.9860426533966875,0.1664928997958169,-0.9951314677385433,-0.09855638952666891,0.7782618594912867,62.65251359432138
10.509202966294785,12.128884996387857,6.5681895968430375,0.4709699842095238,3.5,27.5,11.5,0.7463793585719154,-0.9971103214396796,-0.07596714341383966,-0.9829329551705447,-0.1839641422660949,0.7702653453420105,87.80369566662522
13.504045494988187,13.391880183410368,7.538388696273818,0.47410365192889325,3.5,27.5,6.5,0.8387521984815431,-0.9972774439402569,0.07374076083136065,-0.9994671057687738,0.03264206620590445,0.8571478568678174,4.095689827218365
10.691576611502619,12.688374125261182,6.201961294089166,0.509461978093151,3.5,27.5,7.5,0.6661505913683409,-0.9430853064116532,0.3325509056226403,-0.9470882839936069,0.32097318006656717,0.8093102039532973,5.7354783501807844
5.798157523059913,11.719647932959644,6.4353593482281495,0.41234507856686814,3.5,27.5,4.5,0.5616526464938293,-0.9994190355931122,0.03408212572791661,-0.9999153190441897,0.013013636722923253,0.6998463523181391,0.6895771821750856
5.3040386589160935,12.286491957097974,6.489541924700796,0.44351325394252633,3.5,27.5,5.5,0.391918975503634,-0.86712090311075,0.49809772072194575,-0.8739699229392164,0.4859800137841269,0.49676767428829954,13.120169062288895
10.60213881641414,13.304024241210632,6.385635542070061,0.5380005969652248,4.5,27.5,12.5,0.7663065012874121,-0.9957619580084821,0.0919680541444359,-0.9925266196596678,0.12202831338239957,0.7582034323847964,21.809704819720082
10.752998914618736,12.074879063461257,5.927546526517024,0.5544419321809901,3.5,27.5,8.5,0.7089274379834494,-0.9974202039419212,0.07178395899124114,-0.9937560079240033,0.11157507210371038,0.8374188568817966,2.469455226125234
10.350871929342556,12.439153931374888,6.873179180084511,0.3815144520739271,3.5,27.5,4.5,0.711056287576224,-0.9519630874228185,0.3062128021236458,-0.9794247947398693,0.2018094929599818,0.7923703981028783,17.009842625429428
7.803217564402564,12.700040440171787,7.2552719838225235,0.401567211768084,3.5,27.5,4.5,0.5970524939009928,-0.9999996928912733,0.0007837202045079519,-0.9862975919119991,0.16497593821097586,0.6058394206093509,2.71704523837694
12.567434382441967,14.043581964418221,7.759114205161295,0.39028719553136165,3.5,27.5,5.5,0.7992884869575444,-0.9978587042536247,0.06540647020958461,-0.9976837216935033,0.06802346262724603,0.841478594145475,2.303061487950771
8.86862713489062,13.843408352106781,6.5369960638701485,0.5151544707990041,3.5,27.5,10.5,0.5715534247389555,-0.9983596027803295,-0.05725472501289786,-0.9905820438329067,-0.13692046755624715,0.6991963779535811,0.4637934018299603
8.09139389396072,17.238464457685712,7.833432044959283,0.4397232263323345,3.5,27.5,25.5,0.5892824984701669,-0.9992945408642046,-0.03755556681769772,-0.9876013499400584,-0.15698271750920295,0.6806232025087342,86.59366824533078
6.066805703420776,12.860484471133942,6.56360679458038,0.2658537261335391,3.5,27.5,3.5,0.5538050850632438,-0.9925188068556527,0.12209184263427046,-0.9868815321842731,-0.16144609451337485,0.21178919177867986,2.4267971665278054
5.555994793761222,15.880007805297542,7.3719397856488404,0.2751931677937375,3.5,27.5,26.5,0.40617278822937886,-0.9335369009235203,-0.3584813169666021,-0.9805817251068462,-0.19611088798555162,0.651364873438568,63.52896109061493
4.857846917262967,13.532175639765894,6.950305746286362,0.43656934676519,3.5,27.5,7.5,0.39871227073068977,0.9076406546536474,-0.4197480697036001,-0.9597313925755089,-0.2809193017666719,0.4661776144443422,2.8559813248766943
8.12816733923286,15.780198258609571,7.148633687392573,0.4653586406277623,3.5,27.5,14.5,0.6311550720069382,-0.9981958697945981,0.060041698218869864,-0.9062385384422958,-0.4227667340768092,0.6075224110381174,23.04125523124833
7.388738978969175,14.36388357258188,7.585677287478839,0.24358151557218025,3.5,27.5,3.5,0.6919384354221959,0.9993751335852992,-0.035346037562439835,-0.9512886206059682,-0.30830173581346304,0.41688556080860445,75.90049625968375
7.931687306576585,15.319493069559377,6.700280539640103,0.5089399443688905,3.5,27.5,13.5,0.5914186236303649,-0.8902192640149711,0.45553228423092385,-0.9819079858466238,0.18935867376654922,0.405958033994785,51.75348469226017
5.766551156518449,14.425887005113875,8.04724176961019,0.3144442202536571,3.5,27.5,3.5,0.5542988061228199,0.7992190467012258,-0.6010398617313031,-0.9880428443005254,0.15417956358262228,0.277677860328387,74.87146490791903
6.58188863118563,14.871298006453777,7.094627962290633,0.44837871847846866,3.5,27.5,12.5,0.4306605067887542,-0.9841538129171808,0.17731687037779206,-0.9861945147063252,-0.16559099964417068,0.5737398095458208,2.534826302971723
6.1685224228568165,13.953215828806906,7.534869488882633,0.30053463592390506,3.5,27.5,3.5,0.7534162198026938,-0.9891927601782199,0.1466208825883771,-0.3824668683308314,0.923969206537321,0.3745755783649176,9.906704549154071
10.317262437890136,15.70201488595673,8.24566427819355,0.30176549759735166,3.5,27.5,27.5,0.7210768986458324,-0.9994630136736956,0.032767122215632376,-0.9581634616914922,0.286221558725712,0.8850445275196458,7.182715319281726
10.672244090806522,14.035474418177024,7.235644984709236,0.4577288159225048,3.5,27.5,8.5,0.5744244928067453,-0.8481923615579816,0.529688321368986,-0.7519500029784767,0.6592201400296178,0.804671146428461,8.457430998867636
4.722170584625841,13.22752316221913,7.184252459850492,0.3696098056129172,3.5,27.5,4.5,0.34647055051650083,-0.7554959607421149,0.6551533051907383,-0.6089468151577225,0.793211054076572,0.6663172057669332,0.13257442077794224
7.295629220182077,14.283867340622043,7.198545061915636,0.42365437965661495,3.5,27.5,11.5,0.4360347032364917,-0.7561925491944333,0.6543491640881223,-0.60689711401572,0.7947804055205375,0.7882519698662797,14.960237188940226
11.471933454068187,13.479714301318737,7.458741138328883,0.34389232226788163,3.5,27.5,4.5,0.7111219629702106,-0.9959584538443988,0.08981513355707076,-0.9314557441149731,0.363854636847219,0.8494579919563569,4.465920280875409
10.149496037722107,14.808364542477584,6.689881262086091,0.4744267953417791,3.5,27.5,14.5,0.5783572256382211,-0.8343491087672035,0.5512363963848661,-0.961094132110063,0.27622105137661906,0.8244694915915178,12.539918828361365
9.182687766715427,14.404995652775241,6.765308331296817,0.3442693068253325,3.5,27.5,6.5,0.5861588178042759,-0.9828079329792493,-0.18463089360411905,-0.940449096904071,0.3399345468355891,0.6932603353310162,78.71418407339986
8.059193197247646,13.105126650934674,6.36565907006231,0.5130845796975566,3.5,27.5,12.5,0.5021112978046918,-0.9807968224012987,0.1950322875000835,-0.945037079454006,0.3269631759954672,0.6473700427323644,59.00689012187958
7.344781381273057,14.922790595781493,7.223502768053151,0.17078522078493547,3.5,27.5,27.5,0.46110912526624914,-0.9984525512698503,0.055610276592792086,-0.7894995906252678,0.6137510866813474,0.7426687897074408,5.931448384947643
6.872098429922133,15.218164851170664,6.920445036935619,0.3433727386114335,3.5,27.5,21.5,0.4055045395024731,0.48050110707287236,0.8769941197646334,-0.8138664664219717,0.5810519553652784,0.8051377053207565,16.96025897079069
8.257284619012607,18.68958116822569,6.757357955114852,0.3333931754092836,4.5,27.5,27.5,0.6528788597917538,-0.9995923682377236,-0.02854990999809188,-0.9949946221089263,0.09992848429909691,0.8897976075208247,15.1564959159452
5.680695261223159,12.582350732100043,6.879656520490002,0.5712090540896131,3.5,27.5,9.5,0.5862157641847652,-0.9858330480764609,0.16772954814305782,-0.9584194960959899,0.2853630485944334,0.7598007408362669,3.3665234468682144
5.440975012384114,16.564461984185375,7.729089938171988,0.44794696060921535,3.5,27.5,24.5,0.4212996815379438,-0.9997300054343499,0.023236097655043943,-0.9982243891598037,-0.05956566869041824,0.6476529923678016,7.396466581979311
5.100205984832693,12.45021362019376,7.612110507577115,0.4655795361459074,3.5,27.5,4.5,0.5680923398076028,-0.9974258911233977,0.07170489325489476,-0.9995037848624785,0.03149895308705221,0.8072915954134784,7.820139686398704
6.432102730940293,13.999854074350194,6.867359964018358,0.48433551004747916,3.5,27.5,10.5,0.5595701302414346,-0.9975489520774449,-0.06997205305828559,-0.9999075694212268,0.013596051417030972,0.8947814888969348,66.43186844683571
8.030812391661744,13.434213496423121,6.627516861068855,0.4489895174706556,3.5,27.5,11.5,0.6064714293478688,-0.9846112131799516,0.17475914534096296,-0.9195904294120258,0.39287840629615406,0.7759565551054259,7.599173650679859
6.31090329972315,13.385701063404074,6.366288582815524,0.43443964360200976,3.5,27.5,8.5,0.48437889421000035,-0.9999981947754836,0.0019001173053160465,-0.9949333209417864,0.10053699259351341,0.5861423326104835,56.02147540357174
4.744760408336315,13.096061284447254,7.277950138219109,0.43548474797891684,3.5,27.5,5.5,0.39039243899277976,-0.7358759990923089,0.677116322325711,-0.7478685761060798,0.663846814312658,0.6139178208492287,54.85930627541799
5.940768093708917,13.061119586741611,6.859182101089245,0.45380911153763176,3.5,27.5,6.5,0.4385753316950168,-0.9982686206165489,-0.058819733868258714,-0.950436484648991,0.31091878143346097,0.8273416939708432,72.87261171835311
6.2654517848395335,11.3929454423978,6.43535719792196,0.5093202503622232,3.5,27.5,5.5,0.6775241340748294,-0.9999983600249942,-0.0018110624843321519,-0.9979989956902273,-0.06322977622368744,0.7665326157054763,66.35724943915075
6.7912902284306105,15.472246513458522,6.947692761098676,0.38479650350038436,3.5,27.5,7.5,0.49218567339339747,0.2213791047630908,-0.9751878239469013,0.53652816547564,-0.84388241340328,0.7003071824191354,71.9702612917215
7.475433507271011,13.7466632021575,6.485812703399301,0.2628762968277089,3.5,26.5,22.5,0.5060888190364057,0.9792237512497902,-0.20278275318253514,-0.846087062362673,-0.5330447288009726,0.36831850927409837,64.51216092860818
7.568277101977267,12.871319095307236,6.563329504151023,0.4528788618944843,3.5,27.5,6.5,0.6076495153938805,-0.9706238329684445,-0.24060210903823198,-0.9611924343376631,-0.2758787852880993,0.8065948198001579,48.24598381291571
4.233153503687441,13.841005189492835,6.440537896779697,0.47022944879259115,3.5,27.5,12.5,0.330888605995239,-0.9973766886981805,0.07238605419176258,-0.5744939149013432,-0.818508852573586,0.38824252226780903,18.037431030109786
7.65837637113906,14.942959159314332,7.665760599231726,0.27825623986141723,3.5,27.5,4.5,0.5872333387488612,-0.8759709049554222,-0.4823639431711067,-0.9034445195084125,-0.4287050269943352,0.8760464094184556,13.385546531198685
9.541094883420323,12.62503090000457,5.934464876051013,0.5372470824335831,3.5,27.5,8.5,0.6903485457235105,-0.9951799176159214,-0.09806595522385918,-0.8983378085061942,-0.4393053400634784,0.7355875648819834,8.388432349164574
9.295635053444078,14.704601685849362,5.663039104715137,0.49273471668623237,3.5,27.5,16.5,0.707727091006245,-0.9454707754215284,-0.32570694316181503,-0.9115690543478117,-0.411147004312857,0.8125752199340909,74.23693638101875
6.161485707420942,14.082972150004037,7.208393981524496,0.3716808842949512,3.5,27.5,6.5,0.4761864594691272,-0.9786512694017168,-0.2055278397162011,-0.8859900919010315,-0.4637041697604214,0.5594116489997503,86.84303151163353
8.22428426011886,12.92935823621586,6.652978284313455,0.5003713605013614,3.5,27.5,12.5,0.5692850883447568,-0.7322502446966216,-0.6810356665709497,-0.8562312388507953,-0.5165927463834856,0.7163927301462875,38.87559034228873
8.894000518525008,13.281595864367365,6.176897828447449,0.5377119161155254,3.5,27.5,13.5,0.6429391930030827,-0.9152126454353079,-0.4029712317713331,-0.8517872794043339,-0.5238878034894144,0.8150568103662346,75.79221187229663
