row_index,relative_path,category,byte_size,sha256
0,A-Line/1-1.tif,A-Line,16358,41d87c7b002fe3c881d6343382c8db1075b26f9a1d4a3bf529e482402de156f6
1,A-Line/1-10.tif,A-Line,9394,5df0c71069943944ac62ff2f4b88d8c94d46908e76088930d234b25173125ec8
2,A-Line/1-2.tif,A-Line,13580,b00165b9ab9ac2f45b3937cf2c11143293420755b6896c5df408facc4fdd73ee
3,A-Line/1-3.tif,A-Line,12818,55a169cfb702938522724ce274dcd4222b9eb9696223094bda548b37547ff361
4,A-Line/1-4.tif,A-Line,15418,fbaf9b9f56e5074d1553497d532534641a235383435d1f6416dde2b558550795
5,A-Line/1-5.tif,A-Line,15096,c18def8ccab6d18e1e8bd935958a89739275d80064f478f33869652f369096e6
6,A-Line/1-6.tif,A-Line,16276,cedd01e81292d634979805d9660a3c7d47a604d0199cedc726345203f7805aba
7,A-Line/1-7.tif,A-Line,16868,f54209d052d7ab06cb8e9c830d24f0946daa83545848eab6500a8231d43ea0d4
8,A-Line/1-8.tif,A-Line,12680,50c9c9ffa14436529c1daca0a3922f1b8c1ea6cb0c0fd719ec1976a70fda310d
9,A-Line/1-9.tif,A-Line,13586,92f0675a24d57a0d926a55582e7f31f687942cfecbf874c49ffcce23501d967e
10,A-Line/10-1.tif,A-Line,11240,0bcd8d6a50e4450bbce6446091cdef2d94878538ac3977a271ae689209797081
11,A-Line/10-10.tif,A-Line,8584,d05179ed1c17007e15e1f54b70d9f7b5b69f16ae8716e97ec9de3714ab2822f9
12,A-Line/10-2.tif,A-Line,10142,957f99ed26877bcc0a8f6e19a47f0fd7ee790b4e58e884565b7a405df57a3d35
13,A-Line/10-3.tif,A-Line,10962,d863c30683276a61872d559b828a2acb260708883abbb219dc6c240bedb4c947
14,A-Line/10-4.tif,A-Line,10840,6a0f2277aef51cecf9dc052459d82c13cd43643f5fe7f23cf105aadc06b38e73
15,A-Line/10-5.tif,A-Line,14280,a932b796328867f92818585119a1db02ccb3f9ccdd54b44756efadd0e8e725f1
16,A-Line/10-6.tif,A-Line,10882,13e8a4aff1e0b53b0efe930aba867e4803cc8df6e8a6def85c2bc918ec093cad
17,A-Line/10-7.tif,A-Line,10102,9c173143c88228bdf2f51d41607bb8b028228aac025b11ccb951520cfc9ac27f
18,A-Line/10-8.tif,A-Line,9042,f8c3ec2608081c5e86d0684f5fd660723ce30a028ad68ded56f266af27dcb2c3
19,A-Line/10-9.tif,A-Line,9470,2894b02b7795b56bd17abe29ea2afc8ede076a270e07b9eb72fbe64424a8f0da
20,A-Line/2-1.tif,A-Line,12142,a58bed99594082872a2c7325db4dcc40284e1a923f73e0c840034d32055c1eda
21,A-Line/2-10.tif,A-Line,12628,98ad5373bcd5120ac4830947bb37f0623b2e71716866d85c9d02fca5cf347b16
22,A-Line/2-2.tif,A-Line,10908,9be82776943830d016b3b22cba066cb0376f84990326731a3ba498bf2202a664
23,A-Line/2-3.tif,A-Line,9598,20db3e1e669bd6e79852b36a16bb3775b696d0c44c1def4674620545e4e2fd53
24,A-Line/2-4.tif,A-Line,11260,1d01c077ec2e3e009316517ba94feec1216cd02e24a320cc7a70511bd16eabe8
25,A-Line/2-5.tif,A-Line,11838,7560667c18b210b5ee950c3d89ff631becb4f19ad30db0275ea18acba92e020b
26,A-Line/2-6.tif,A-Line,11086,f289694e6a7837a60e2d28cb9673b6b0b9b0960288be808cfb132a367c285153
27,A-Line/2-7.tif,A-Line,10898,1c17bef9b11fd150d69d38ed27790c5de49c1f3c040cca95a5439977350ab62b
28,A-Line/2-8.tif,A-Line,8918,1d6fda8fa65f1a47e941802adcdf3f45241968ddda1943be0d0795af87412da7
29,A-Line/2-9.tif,A-Line,10278,d15a06d167c90085c8c008eeaf7fbf43b3259b0bb2963cc01ffdce637507efa4
30,A-Line/3-1.tif,A-Line,18028,4bea57e8db49b6a04dbe332a4f178987122e791ceedb769cebb80e84809ce63a
31,A-Line/3-10.tif,A-Line,13680,96940e5ddc1b5d626cc6438798c54e6bce7624b1515a711d94af77ca275b5055
32,A-Line/3-2.tif,A-Line,16784,19432d518379840cd064e2295a540d9ec33a852180a3e17763e17e73577ec20f
33,A-Line/3-3.tif,A-Line,19090,be022f78c5f29a7d2f96e80b458f00dd45af7e63a6282edabc1a07a6d51f5201
34,A-Line/3-4.tif,A-Line,15202,51d0dde3145445fc25192b9b8f73aa671b9e68b1ba2115f24f22541b1c4e0023
35,A-Line/3-5.tif,A-Line,18900,4dcc9c71333743e0797c48e713109c3df5def07b80feb9c01bec191513ded262
36,A-Line/3-6.tif,A-Line,12602,1d7c533ee1668874731e099c35701a6c045d4da91adae3dad3136fa5ba273c71
37,A-Line/3-7.tif,A-Line,15150,5a7099575610dbaeda47e8a7616e9b17a461b805fccdf9764fe83221aa7c7373
38,A-Line/3-8.tif,A-Line,15312,9ffabcd40a9095325eb888cf1bf40544e901dccdcde747bfcadcbff31547154e
39,A-Line/3-9.tif,A-Line,12858,7172a58e72a9bdd932eb14e5c3b4439aca1330fd2546ef6780ae245d2d192c20
40,A-Line/4-1.tif,A-Line,13486,7a1461d88cbddb135f40bd37817fb4595eba8afec3c24bb6715fec768cb85650
41,A-Line/4-10.tif,A-Line,11898,ac788d0d85e0a022052779aa86d6efd4a67bce327a7f96938d6aed1c789aeebf
42,A-Line/4-2.tif,A-Line,12664,09f3d846b37421eac3bb008f8af42b8dc7c53267362d40cd71f5513f3266ca8a
43,A-Line/4-3.tif,A-Line,12704,15e3c5ae9be24bbb91f6b95c6cb61ee245591953dfe0a6b31fd6a9af0431b56a
44,A-Line/4-4.tif,A-Line,17636,f63820529b83ec7b49c7ce85e5a48a91d63fbed85918a41bebaf983c95f452f3
45,A-Line/4-5.tif,A-Line,12044,aec72b88d12d900837facd1d98e028a658c68819aeac8d8259c174c34685355c
46,A-Line/4-6.tif,A-Line,15224,797bb500279fb5eef7e990c82b095196addb15e9a03e0a5576f2c6bc5429c373
47,A-Line/4-7.tif,A-Line,10418,90a6e9b4bff805f1061fa1276de02be5d04270ef6eb24506ead90a9769892626
48,A-Line/4-8.tif,A-Line,11390,4dab35104426b19e5aab9ac9e23ac6b08f5f86008a080e86a0c0d3e26d51e39c
49,A-Line/4-9.tif,A-Line,18328,1cd6ea09b85b2d2469bbd63d69836eeadffea08097413d4912e863b0a98c99c8
50,A-Line/5-1.tif,A-Line,17544,8de144a735bd3c497de765cc3590e5ef18f21822456ade83f0dbbf9ebcb5c561
51,A-Line/5-10.tif,A-Line,13308,51304222862bd9c76fefcd7c7d867bbd51205a82de0e69917118a490b57835f4
52,A-Line/5-2.tif,A-Line,14720,76d0dd77e177c5c3fad908dbc3891325230a59f3ac32b68c3303ede86b11ae88
53,A-Line/5-3.tif,A-Line,11314,a0ab56d1fff6eff7e9c193b78bdc4950c0544ecd90b1d27f5ae8c8907ceb90ac
54,A-Line/5-4.tif,A-Line,15608,d8c2394c241bd52e4a2374bd7e39a2c8ddef193625d958f57bc4625ecc4f639b
55,A-Line/5-5.tif,A-Line,12088,1de7f0c3a074629fc92347bbdaf1c9e7af5cc9e3e9e9175408f9e3bf111bffde
56,A-Line/5-6.tif,A-Line,18450,e62d851995e818919a735948c957c7563df3024f0663c7af1b641d9a20323e7e
57,A-Line/5-7.tif,A-Line,16952,b74bfd82e1553a71e9a44ffa08cd87b0b08c1aacc532bb7ee655aab0877bdc26
58,A-Line/5-8.tif,A-Line,18818,a6bb446fc68c6bd97aef8beb8d0221dd78d39ac766369b2712e0c746e8c8413d
59,A-Line/5-9.tif,A-Line,18522,32536a422761ce8919df98b447d84898efc8caae88b01ce499403ad129c7eebd
60,A-Line/6-1.tif,A-Line,20520,9fd967d5616672d3f9919a1f5f84c8990a69c0b644331024844730b6f14db69f
61,A-Line/6-10.tif,A-Line,16462,d62453ee671d2cf11e82c9969436bd0f90c180d87ba865318942fd593ef8326b
62,A-Line/6-2.tif,A-Line,14320,957d54ef22f22a3e17985919ba61cfd2b16625775c7858af56ef9017fe27d28a
63,A-Line/6-3.tif,A-Line,11360,6e36fc0dc06ed989239b9ea6f1b684adfdbdf2292853ab6dec029c64ce332622
64,A-Line/6-4.tif,A-Line,23910,b30d7861d493d8f40ed6ef9b1569d7de74b21c8b28b42d659c938722a5ab7647
65,A-Line/6-5.tif,A-Line,16790,393dd3df9408745269f907fe7982e57de9e0511ba379dc06e2a7558fba972193
66,A-Line/6-6.tif,A-Line,19800,a712d8e7e76226048e8a427bc7d76cc38feea92d0cd2eaab52eb3465be9822c6
67,A-Line/6-7.tif,A-Line,15212,a1fa20fdba8ad400bd00ffa56522fd59f7fdaf6f89952aa29c67e99fd2b1aea3
68,A-Line/6-8.tif,A-Line,13968,2ffbb2707e24a3bad4d60dbdff9a67e1e4cc2bb9a6fddabb4a117dc906f3b1af
69,A-Line/6-9.tif,A-Line,21378,02fa07c021ce0d0ca0daf1614810d25695aa5f2ef7800a98a321c22c45308088
70,A-Line/7-1.tif,A-Line,14088,a5c8206cc43eb122f8368cd6c09d2f03dc2cdc476cf1397dee05f755eb154f51
71,A-Line/7-10.tif,A-Line,11866,5ed81bfb7f6cf1204096c2df391b22f7e5590b94422675d35dbcacb8813d591a
72,A-Line/7-2.tif,A-Line,12774,4d2660c35f2edb75729018fc15fd6f4fae02528701f3625c9acde472c9514813
73,A-Line/7-3.tif,A-Line,13290,71a035cb5056794454734625bb40e05d90d1be7a79da99a9dbb26774b888b9f0
74,A-Line/7-4.tif,A-Line,13482,ec6e4bc0dd677ddf49cf6d621bf8253e3c3a830eab5577bd21ba247de50d9aba
75,A-Line/7-5.tif,A-Line,13124,843ec9dcc8f6c60deb1d5b494d22c85ca724802c5b94924a990377e6ea281c97
76,A-Line/7-6.tif,A-Line,14692,f7c8763c25068c606b952a97609e93cacf41dc1dbc53882f317fd55b5343dc6d
77,A-Line/7-7.tif,A-Line,14332,e0dc897376f2ee16e7daa508dd168508911718e047930fbc45f16577dda72fe5
78,A-Line/7-8.tif,A-Line,13196,e5c306994fbc78e06999a4a986e1801f30976f11c93286cdce75742edf53986d
79,A-Line/7-9.tif,A-Line,12618,b5cddc0f29a740d0c823440bf6529ca9bd5c35f9ce7b6a099af9a19b50313c0e
80,A-Line/8-1.tif,A-Line,9398,06eeec6df6875099dd02f1d6a552acded05fd609dcb3b8b7f6c1fd6867116586
81,A-Line/8-10.tif,A-Line,7814,02119eb9fb392a2b0bb15629c582946c0779c3b8d9eb8569a63b841930e65126
82,A-Line/8-2.tif,A-Line,25782,e0edc05c95412d927240fc3558ea310d28a23b65a5b75719d2d3465c67777bd8
83,A-Line/8-3.tif,A-Line,7150,06db1defe8342de2998dfb6ce7ba26dcc6c2b1f9cc4b54e029ac15ba06570972
84,A-Line/8-4.tif,A-Line,8246,983df47cea672e2db28b7602ce30b524d1fa39198432a0b20d9d49cc35f1c318
85,A-Line/8-5.tif,A-Line,7998,c491251ed7a2d6ca4ccfa794c4ba34514eed34d39c2804318d4fd72b5cde8ca8
86,A-Line/8-6.tif,A-Line,8298,926297ff60c7ccb9262b825649efc160e279df2e6635ac0a6dbc49a0c8bc870f
87,A-Line/8-7.tif,A-Line,7004,2261557e6886a8e916142be6e67f589e76295c58b0dcc1f8cb5ef0ff1c4d143c
88,A-Line/8-8.tif,A-Line,20106,f906d7d6ea8098825dd3b8cb3110ad5a3c51b03babbae36abad671487fd24376
89,A-Line/8-9.tif,A-Line,15206,15646d0622a24cd536283b216d8e081486225de7de175f2596f65652f0184b77
90,A-Line/9-1.tif,A-Line,14034,50cbdc9559ae3fa72d1faf365d573598b7479a8043ab7efb61ef47c2d36d6ba4
91,A-Line/9-10.tif,A-Line,9226,46e92fdfb3c6f7714df7d62b809575112b575f7506b573263d15fe45efca27c4
92,A-Line/9-2.tif,A-Line,11694,cfc86aa9c3cdd9022bbafffd22b8c8465d18ca9b78c05e89c517e6b38069a7d3
93,A-Line/9-3.tif,A-Line,11248,476a7b5260faf1e684db1a0d1012b5de0fc7bd1f27e22a3101c43d96179be105
94,A-Line/9-4.tif,A-Line,12114,dfd37301c85484c904889c0e221936619deb25703b0e96f85bca375e35aebce3
95,A-Line/9-5.tif,A-Line,10852,21e439762caab76dc9e68e5a3a55f35dad79ccb0b543c24002c42e8d801f1962
96,A-Line/9-6.tif,A-Line,12588,1593eb30d3020ef508cb69cca8db5af364738418842d69967fcd66408bce6b15
97,A-Line/9-7.tif,A-Line,11842,833634e5c2b8ac75716d1af6c9db0383db60b4a07195f592688ffa72e5abb31e
98,A-Line/9-8.tif,A-Line,12230,8ed18b9109f9843f4c05db81f7c46f1adcd254c228cb8d6cdcb6855e4acad5db
99,A-Line/9-9.tif,A-Line,11754,13f51bfc318ae390f1b80ed0cc34ef0a0bf3c54b284e9f60e3cd4a4aa37b2aa3
100,Bermuda/1-1.tif,Bermuda,13602,6e00c6904c7a3275b02542480c48ad5adf252aec81a5aa95f8e08af9e56d9f17
101,Bermuda/1-10.tif,Bermuda,12260,2416aee3c426e46d90674263bf42e60e58ed311f849e56ac16c8b6e30dcb4264
102,Bermuda/1-2.tif,Bermuda,14530,b01cb8cc114072ed696f3be6b5eb0e852830b4b93e5fe9d9c16ba1a068c82aa6
103,Bermuda/1-3.tif,Bermuda,14162,2a136051db27d04fd960f52d6a48369ba65f63d9f13f28acc44597e39c2b789f
104,Bermuda/1-4.tif,Bermuda,15598,d2aa1d3ddf92d6e01d38e6c74956d81f1870ef7029e063f1c51e03068f691943
105,Bermuda/1-5.tif,Bermuda,15724,3fc6346fc6f08a362bbbfeac3a0e2ba6e56f841074547f7e5adf649c691ba70b
106,Bermuda/1-6.tif,Bermuda,11200,d059c7572b7c87d0613ccb27918234ec3177c6092c6e6f5ba2a52b240f6accbf
107,Bermuda/1-7.tif,Bermuda,13640,a9b69e3864c135d401ca946777b32f876c8ef8dbaf1a3f01a3909aee13b6e4c2
108,Bermuda/1-8.tif,Bermuda,14356,1989a9b2978cffe001d42c97a110ed1979c9c55d2c6f71dd743254378b2069e4
109,Bermuda/1-9.tif,Bermuda,15068,a84fb52834770de9bf48606c2fb8c421475ea29c692991061f6a792ffe1b8873
110,Bermuda/10-1.tif,Bermuda,16562,62ea4d3f9491d0df29a90cdc21dae8a21fbcae2fb451e987ccd19cae5f16416a
111,Bermuda/10-10.tif,Bermuda,14390,96cbece632c61ffe5c98e13288193442a446d509ce2b51df59752327fcd65a1c
112,Bermuda/10-2.tif,Bermuda,15384,6e9af4f12c6ed9c6835bd7a0eb31c9379b4ad3adce885918047d46e1680acac0
113,Bermuda/10-3.tif,Bermuda,14704,25babe510b4d69afeb358455ffdf9366e24befd9c2f191d6e6805a179a1b7ee8
114,Bermuda/10-4.tif,Bermuda,17826,39bab53085b756c83b94ab66f3e97121c9d44a1d740e489be308edc55b60aea9
115,Bermuda/10-5.tif,Bermuda,17820,f3b171e42b0dea3ec7e49fae50e75afad68466fb773c8307593bcbb65e23f290
116,Bermuda/10-6.tif,Bermuda,16044,61ba641caabbd91f04ed6d3522945a63110cc3f3d08d9e0742cf7a9890005a17
117,Bermuda/10-7.tif,Bermuda,12908,b02748d7f74c5348c05c699a970d59bed7dc976fa400971f2cc13622aaae8995
118,Bermuda/10-8.tif,Bermuda,14892,857ba6f884daad0e7fb653c796b07ff74c1266d7a578e81defdd3dc1ed5cd436
119,Bermuda/10-9.tif,Bermuda,13984,a82d7bf0fbbbcea3768e44b0e455096ef604d3c5b9fa82924ce9384fdc6ecf19
120,Bermuda/2-1.tif,Bermuda,11604,29b0762d7cf09b1bc34e288999db758b2095b651262f56d5e8e8e88fe097dedf
121,Bermuda/2-10.tif,Bermuda,12602,67b67e71ab18dcdb89b12cbe9e8e68ffb7c5f79c3d68aa6e1e6727a79ded4402
122,Bermuda/2-2.tif,Bermuda,36500,53a053684a4401c906e2fb45551690bea7d9c985a2710ce5148e8dbe424cbf2e
123,Bermuda/2-3.tif,Bermuda,10374,8772a65cdd32ea59ef9d4e668ddd66895e9de56fd2b3c3870eb4b7b058a6c622
124,Bermuda/2-4.tif,Bermuda,13630,0b36a65aff5b04e703b7ff0a6dce5a1e86e73007a2ee69021b0d9bc123c77d6a
125,Bermuda/2-5.tif,Bermuda,10658,2d5e6f56024a1902854012bfe47002eb0a0d3aea1a054ae093a889e3d238a884
126,Bermuda/2-6.tif,Bermuda,11588,9f0c28e89fe241868b1931c1df7d5e0f6038c7206c0e566e40619b1fbba704f4
127,Bermuda/2-7.tif,Bermuda,11462,561575781f141a1c27286a7b63be4075b38ac3efb647918984f7d3852b02fcc5
128,Bermuda/2-8.tif,Bermuda,12334,8c1f540b17189f3acfa0918c5b75becdaee3913607642cb58c75bd6dd986ee00
129,Bermuda/2-9.tif,Bermuda,11560,cd26935eebc18773f199473b633deb3851e23dbf587151fab8a3d2a0bd444739
130,Bermuda/3-1.tif,Bermuda,18744,06fb330a717f11031e07cd502aa7a95c9b24d7c1872b3c35b5f79406be8c3461
131,Bermuda/3-10.tif,Bermuda,17712,6cc28767c1cb13d296b690047c2a0f93a710693014ce064674141c9431126b31
132,Bermuda/3-2.tif,Bermuda,17086,1c053aa469ab806965f396d65ccf40c2376359874271656c9a193e7d03453075
133,Bermuda/3-3.tif,Bermuda,15834,3561138150deb144bcf9b373205d62a0cae9c494b6b0d973b022b01fd71a1191
134,Bermuda/3-4.tif,Bermuda,17790,010184ffa8689309301ba20c2048d55460f499d8fbf5f7731b5a62bf0a9a727e
135,Bermuda/3-5.tif,Bermuda,19732,b3e939e92cf7ad8952d73f068d9f2ac15bb7c964527469dd48c80ae2742428c7
136,Bermuda/3-6.tif,Bermuda,19382,8c5b0d51c72374fc15d3a013a7a8f2b830f27db208108bab7d7adecfb81d56cd
137,Bermuda/3-7.tif,Bermuda,20706,8d0270de0743bc091cf760edd53d3e3c34089815c4e9fbd0a910b1daad5ad23d
138,Bermuda/3-8.tif,Bermuda,19234,8dfb1783566b2f76c4038314751f3386978c2aeeacac7148aefe7414c558a794
139,Bermuda/3-9.tif,Bermuda,17268,7589491ce4c366ad81d8cb07da28b1f10f1d18edf8adcc404821f5973c4796e4
140,Bermuda/4-1.tif,Bermuda,15394,c8142f96f7f3ff1190a8bd27ad7b01f837c5fcc8f61ec65864c3a8d3cc0dddd6
141,Bermuda/4-10.tif,Bermuda,12224,8deee327a5babe31de4da772d0834e56861c0fe01161b3c99c878bdbacf9f773
142,Bermuda/4-2.tif,Bermuda,17102,d511f11658ff2e925937aa7ebfd6228c44d7365fee1f640b08a010328efffdcc
143,Bermuda/4-3.tif,Bermuda,11558,5898ccf3aa4da7c9888be6a2afd2e01c42e97b98c787bc262f49fb8c58aa3c62
144,Bermuda/4-4.tif,Bermuda,13454,36e93beb2c52339acea6d62add3bb17ef750a96a05cfda63362d92fe2b509a8a
145,Bermuda/4-5.tif,Bermuda,14368,582bd602d12763f35b1f30b960b61b6a201464f4cc914609aafb7fc931d430ae
146,Bermuda/4-6.tif,Bermuda,13956,166d161e02adfdb4cb3b0d8924051d03f138488d2ad35f9593c6d709edc59387
147,Bermuda/4-7.tif,Bermuda,12742,7af0e7bf2dbbc9628774cc3480b12d043f4f454aa26eb2703febd8d8af3dc6c9
148,Bermuda/4-8.tif,Bermuda,13038,b8f3834f9322441c8c677569f9a4f5866cd1057b9d1590d868bee550e3dbc23a
149,Bermuda/4-9.tif,Bermuda,14676,dc9f5e35a40c33830d81c4ee75ffdbf1679ef18226336d0da3172b09a5c09fee
150,Bermuda/5-1.tif,Bermuda,16424,7a7871f838ddb43280ad26acb99aebb57b77262a5bd6a9130e55fa9c73ab5c6d
151,Bermuda/5-10.tif,Bermuda,13524,ae88a1dabecfd6852784e81a9a5701d7ec9875428fd9a507b6f752dc66c6699a
152,Bermuda/5-2.tif,Bermuda,16644,b86d6049c7c68f52dd41392708804ad29e8ac09ae33f0a143442da2c0265ba1c
153,Bermuda/5-3.tif,Bermuda,13182,18b5559b5e885714f17305c688bc536ab93b5e4de8beaae77b464791c009a82a
154,Bermuda/5-4.tif,Bermuda,16076,0a5228513298f9c4b7f52436f960e98b9d69b288a9138450725a6c7c919800bc
155,Bermuda/5-5.tif,Bermuda,14056,7d1b128a283847321c754aac8b1e251fc2ce917b2b08072fbef833ad22f35888
156,Bermuda/5-6.tif,Bermuda,15632,849e0ba3c8943b0f9075d708ed2a11d20250590777c0742b526d08c1b6e12dc5
157,Bermuda/5-7.tif,Bermuda,13776,815eec8b85fe62fb443b791545a0a00f99fbf79842fed78bd00b268476d72447
158,Bermuda/5-8.tif,Bermuda,14564,64a4282fd0a51168c94b4c596df75103ea79b5b1617d34c96740a4e156262345
159,Bermuda/5-9.tif,Bermuda,14892,e785c2be04e71b36e9820fabe81bcf5a8d7580353343ab6b140ca8db92c8abab
160,Bermuda/6-1.tif,Bermuda,16506,b489faa3ae981c3a3a643be4791edd0b1c53eaf77cad6931e1becca6036b123e
161,Bermuda/6-10.tif,Bermuda,15080,3af055e31b98ff24d5849effdf0cd9f05a3f0258a7dc5fc9e8b8605d38f0bdcd
162,Bermuda/6-2.tif,Bermuda,16546,57f2ee0ce5a296a5deddcd31852945e3a891ee94e3cc45e99fa651fdbd629728
163,Bermuda/6-3.tif,Bermuda,18792,aa11a41d3f50767a8733a329db95d03a57adbc6edbef6510a1bfc911f9c079ee
164,Bermuda/6-4.tif,Bermuda,21848,0e9f702dd56f3322afd9261071cfb3d6eee3cc3244a39826881d490737ca0897
165,Bermuda/6-5.tif,Bermuda,14396,9fe9db21dca74c257263a26bb3607281665e2728670b91712ccc7b8fc7d3d1f4
166,Bermuda/6-6.tif,Bermuda,15390,bed1813590f3a04abec0f251413abbd9dd8d1c3143d06da18b5c248af56694a6
167,Bermuda/6-7.tif,Bermuda,19746,280de8ca70efc5c44300d3b2c1d48e8b01db51939be0b7d1843740831742a922
168,Bermuda/6-8.tif,Bermuda,18250,593b88444a631aa6c253204ebfca875072332be4fdc3e9c03ade7e071569c0c0
169,Bermuda/6-9.tif,Bermuda,18598,d4fbd533612092c0e4bc520c469d016b8da823efe67e0b626f5f49c930113838
170,Bermuda/7-1.tif,Bermuda,19036,c6697d66829f8966713bac50996e1ad2a16bde9e597568493bb6dff505ff4458
171,Bermuda/7-10.tif,Bermuda,14394,0c50e03598c303e23ba6f5be1f50eabcd04d407c121872421f3e17aeed5bbd1f
172,Bermuda/7-2.tif,Bermuda,15518,4855ce5d4ec78477f5ebf26b335510af55ca88a32e781897c83eb8b2dbecb7a4
173,Bermuda/7-3.tif,Bermuda,12604,db8d4169e4fb35ebe020e66db5ede04d7c345d5e1430a91571cb94d989aa9579
174,Bermuda/7-4.tif,Bermuda,15144,788d235108005a04efe396a53a6727f7a936d94809a8099de346839861977b05
175,Bermuda/7-5.tif,Bermuda,19420,6ec95fafdc411d630ca4c8f8edb6f1c712933f7fe3d9ab72f944a2aa6670b4af
176,Bermuda/7-6.tif,Bermuda,16406,ff28c8504edc58932b5e8b35ea7b1cd935d0e142db532c1dc59890e03216ae9b
177,Bermuda/7-7.tif,Bermuda,13518,3a8694b108a2c4280aa869fa1ba9c13ef2928b9739670ad531968fe0da46ceed
178,Bermuda/7-8.tif,Bermuda,17774,274e21473377ba3e7a5db8c42e917af0644caf031ecd7367b6e3e2276cf5cd75
179,Bermuda/7-9.tif,Bermuda,15024,01c067b7ddf635dcb46d590e613b720ecec49f6d141685e75f34881f5dec9ae8
180,Bermuda/8-1.tif,Bermuda,15532,4f9e47ef629787b17e499c3f6cb92f50c26274e85edff1319ddddcbd432e179e
181,Bermuda/8-10.tif,Bermuda,15452,8584f853820fa19b18a8cf085b8f928c4f38662daf0926348e6b5999a45b4668
182,Bermuda/8-2.tif,Bermuda,16302,84ff58cf4799af2ecda222d57c91e7c5c3addbee17ba6e22ec1c96f065827589
183,Bermuda/8-3.tif,Bermuda,14874,7b5314ef16f5c35c1730ed14309fb6bb7877bfd6c936a672e2160f10f59bbb5c
184,Bermuda/8-4.tif,Bermuda,17236,0bc45b757314b5762080fae6e8aac707ee9e3028dee14ffa8833c1ddd6b935b9
185,Bermuda/8-5.tif,Bermuda,16210,4b1a58965572fd19c45995ac7882241dc276306b82a3157908b4edd1fa4f4dc2
186,Bermuda/8-6.tif,Bermuda,14954,d51b549936947ebcee9c4315cbe0070e2d5c6e90e3c741ed7eadf8f347208ff5
187,Bermuda/8-7.tif,Bermuda,13712,df1381395b68c07399c955ed7e953d3d1f49f0a341de4b458e02b324e6e18aa3
188,Bermuda/8-8.tif,Bermuda,17880,a3b63e735cc4e634864db7fe6994b8b2738cae8c18bc537dc3049e69c38c970b
189,Bermuda/8-9.tif,Bermuda,17724,f0d8bed24d8c6ed10c97b9ce1cac4cb33ef74a40e9e823d24d28b00380b827c5
190,Bermuda/9-1.tif,Bermuda,18992,a3a1a99d7b2972b4299faa5cb9e800e320a48a7aa8da57fdb1d42d750cf4f1ce
191,Bermuda/9-10.tif,Bermuda,15364,cd4693ca9c8354fe0a4cab6162081075005456d111e5744f43a9f74e12e83adb
192,Bermuda/9-2.tif,Bermuda,16266,d38c56637fb77407518f0eb392ec9fc6e6c1a0434037fa50d6070a56f9c1f5b8
193,Bermuda/9-3.tif,Bermuda,14574,fc5ccf786ab555ce929f839cdf0a2118f61f81f3ee56d46b761369454b56ecd0
194,Bermuda/9-4.tif,Bermuda,20008,d34ecaf494e8c235024525d6c17923dace6bb8f142a4ea0b851b2d9faf99e378
195,Bermuda/9-5.tif,Bermuda,14042,21798deb39c30ce11eb01c38292e01f791550ec1c9d579716e5399d609e575a1
196,Bermuda/9-6.tif,Bermuda,15784,fc21efe6573d8a800dd0cb1b2487a273002734db27d87d065c09473e92ecc674
197,Bermuda/9-7.tif,Bermuda,16146,6ff4aa489e47fb9d7382829c5cd90c53e612379cb13ed6cae3a665513cd6410b
198,Bermuda/9-8.tif,Bermuda,16944,81c7213f14e29ad63d5d987df8c07a718dc745ccfc564b4a5b97f151176aeaaf
199,Bermuda/9-9.tif,Bermuda,15324,c120a0f0283e3cf7a80487261aae8e77412da51dedb602988d6b47f7e88a78b2
200,Blouse/1-1.tif,Blouse,19580,37cdb244db50f7853e5ac9dad6aa940fd5b51beea0bfd5fb9ab261fd12d9b7c0
201,Blouse/1-10.tif,Blouse,18212,85841700622e9900dd23dc333f24f0b1d5b0a0ff0d46ae9fd604ff912c3550c3
202,Blouse/1-2.tif,Blouse,17144,5b327fae8071547c76fc3d2313309613bdb293367f65f9ff3de48d9d61ee87a3
203,Blouse/1-3.tif,Blouse,17512,da2f9799c3c1b4e865da7b3fb6be702b0d2bd76af61422f0a0653088fec864a9
204,Blouse/1-4.tif,Blouse,15924,8dca7201ca2d37c0c127728999e2882f6cfc4eb69a3429da81f59f5491720268
205,Blouse/1-5.tif,Blouse,18708,b410e1dcf14671c0744cc873b090c1229a85b162d1bc541e4530cb1f4446180e
206,Blouse/1-6.tif,Blouse,20214,681d221cebc112a57048c2844f94a41175c13f51aaed26e910d95ed066fe4881
207,Blouse/1-7.tif,Blouse,16374,ee7c45334fd8de4ffb747ba4f4b67c08de1b68decefc5e09a8d57a3cda356177
208,Blouse/1-8.tif,Blouse,15090,7159c7d6704b9b4027f6952ff765e72dc0166e42ac48a52840fd36e805ce7ea0
209,Blouse/1-9.tif,Blouse,18974,4e82f28f415157e807f0cf4c6078c26c3f677eb2edd748e6b77154fe853b6fcb
210,Blouse/10-1.tif,Blouse,13620,32ea2a4422a22054fa3777cbdc951cfe17726c116866bba052ef911786a336e8
211,Blouse/10-10.tif,Blouse,15842,e6df022eacfa75860d7c8dce66ae275dd1c46a54f9029001692c861c33ca7426
212,Blouse/10-2.tif,Blouse,15222,2c0953bb16e9c334bdb36d6838b4d74cf44078f8f081837b6547199dc11fa7f1
213,Blouse/10-3.tif,Blouse,15722,40db60c13b8ed10e7d52a88e2662488a9307d13698b3f581ec66dd8e6ed148e7
214,Blouse/10-4.tif,Blouse,14304,016f57087845a6294179d2d45aaa299af132d2d6eb5f304e22719ddff374ed50
215,Blouse/10-5.tif,Blouse,16624,d87e5910e85fa73f0be654923097b169f7f8ef135ed33e5acc9e89e0bc914476
216,Blouse/10-6.tif,Blouse,17910,2b704e358e0142c1895ebc8087b21d990aabeffa3f30cdbd8851e357fc08c455
217,Blouse/10-7.tif,Blouse,13460,eeb459fb74ee5bdf4e7da19f5056224e6173287c3238d4dedf593dbd7a0f447e
218,Blouse/10-8.tif,Blouse,14754,ea799950b941d07b039d8fc29fc407c31aa564df64ba79d285e2d7105bc7dc74
219,Blouse/10-9.tif,Blouse,17704,077191da73c57d63a6e3f2250ca6d5a0ebcc1707830d2f124915a3c58a323ecf
220,Blouse/2-1.tif,Blouse,18444,1cbe33c95c9e6a161d76c15c6d6f4d998a9f3a22f4f600a0490fe66d83b3dce6
221,Blouse/2-10.tif,Blouse,12306,ebe5dc5ac3093012082d7f233d8a2dce49c119776e69d0a5fdb9dbb8c3d69206
222,Blouse/2-2.tif,Blouse,16794,a57771caaa6a8a728e3c08bbef59b35a5e3698b756e3ef70e4fade032bfe577a
223,Blouse/2-3.tif,Blouse,16702,bd414cbca9e31afe8fdcfac38e0d019a01005b7ee4323f7f06857a66cc36a562
224,Blouse/2-4.tif,Blouse,17416,3432042370c7533b88adab078af1a50c820a9ffe05ded3882bb023014f22647b
225,Blouse/2-5.tif,Blouse,13644,6f34b1cc250339f88aa523f6662bbcb25873821c6e24721277811bb6a3b0507a
226,Blouse/2-6.tif,Blouse,13454,d5bc4d9dc1204a13d691d9600f4c9074b171e072988c768a599b5a86cb880bbe
227,Blouse/2-7.tif,Blouse,13384,c9e8121ef6bf7b3e6308002dc62179b7ebb346c96d6242c8e18acc396cbd4682
228,Blouse/2-8.tif,Blouse,13490,2f5586c78eb7896041f8573b9012866a51c732a0d308542875adc049d4be21cf
229,Blouse/2-9.tif,Blouse,12776,a6cfad926733c27f86dc0d2a49babd5dfc5827999be9df1724b2388403a3c4a1
230,Blouse/3-1.tif,Blouse,23888,ab1d32e9d1b52ece120ad719908ad672e19a100e58d3fe9d59c173725ceec5fc
231,Blouse/3-10.tif,Blouse,17550,3169ec1e8611b554c0226629fba0eae55fbafbe99425916ef4d3c32835dd3c5d
232,Blouse/3-2.tif,Blouse,21872,4a544da9c5a54e16dd65d1644dccdcdf9cf55603b0ba4dfb3028f94b22161885
233,Blouse/3-3.tif,Blouse,21556,d7b2a570911216e49ffbe4887c64bfdba5d5476477454417fc5a360a89735071
234,Blouse/3-4.tif,Blouse,21784,24bb20045d734af61fa32741b1f2814f67c3f776b6936169ba89aadb094253c9
235,Blouse/3-5.tif,Blouse,20948,c2ac0d9e9b0fa92c4bdac5d16f09e891dbd93cd8923520bd068fade544171e9d
236,Blouse/3-6.tif,Blouse,18874,9314c32087874167b8a33eda52c234c443d05287773c29db8b095f28a4d7fd90
237,Blouse/3-7.tif,Blouse,16266,4e677d23558750ac1427a4df6da31627e27727a8d7b1761b9ad599c772f5640e
238,Blouse/3-8.tif,Blouse,17292,f66184ccd8436048db5a285019516c187f92749f13d398d9534c403d53fe9155
239,Blouse/3-9.tif,Blouse,18254,72b26f90a8a4c1a71e58ca406b1363e96091020b33560390a7921734cf9c8889
240,Blouse/4-1.tif,Blouse,18874,1abb1bdbf07dcc15eff92d95d033c0e484711a41eecccdda4c275311c1db34d9
241,Blouse/4-10.tif,Blouse,17864,4e01a42fde4147a4c318d15cf5a71e5778f598f078c96fe556b4ba7fa73f64fc
242,Blouse/4-2.tif,Blouse,19742,4a3a299417d63af986b64271023a546b5884fa5108e3c6b70dcbb82787587806
243,Blouse/4-3.tif,Blouse,21182,fab653f022e5cf52897246985420cf3239fe67f5be3341f0113d95c144336220
244,Blouse/4-4.tif,Blouse,23328,65472bd3587a03ab009c4c3b6b231e622dc29e1e84f6db3be983498020b83fbd
245,Blouse/4-5.tif,Blouse,17466,b6d56c02cbfceaec731468d50706168d3ddcb8dd9e2ae545f206410049624ba0
246,Blouse/4-6.tif,Blouse,19254,7eef61c7e083fb2c5ec3a896daf0b77b2b42651c5fa4ae96933ce7ff0aea4f21
247,Blouse/4-7.tif,Blouse,17962,42781719c68d95433924efb55893dbba30f091ead829500562083fdfbd1e7572
248,Blouse/4-8.tif,Blouse,16132,9b7a7e66bbcf2d0ca6769e6e823ccdf79332852c4c23473536cbf9793258ce4c
249,Blouse/4-9.tif,Blouse,23696,050c3186ee05ac3fb9d8387de8d79115be87b35834287e3e1d664074988e3018
250,Blouse/5-1.tif,Blouse,22268,c1fe57812116d93c1c3f52fb6edc62d4830ac93f56bff289cb39c6c531bf509e
251,Blouse/5-10.tif,Blouse,14978,0ef819fc155f31702b4c3c4d978b95001cecb188f244c1f67e3fb4726c51f2e0
252,Blouse/5-2.tif,Blouse,20434,e2191e7a90833cde742125d0b528b7e980a0392dbd6659613df9bf8652d452aa
253,Blouse/5-3.tif,Blouse,19502,3bbbb428c47854e36ea44f3650c9e7cdf947d6bcf11afecf31052a47e4462b67
254,Blouse/5-4.tif,Blouse,24870,ce45ae9e0b1705a509aab78dd44381f1b82a653aa0e6347bcd83c2373f307eb3
255,Blouse/5-5.tif,Blouse,21748,c9c28206de3768bc62b431ae2e72b482ea7a398e644e7aefeba40bd0897dbb39
256,Blouse/5-6.tif,Blouse,13146,dbbb63af0d9d177dc9e4bf883cba072fc6e86fd9ef1b88a895b4efed85b91f2f
257,Blouse/5-7.tif,Blouse,17950,114b43240bd8736856adddb1cf830ce8f9aa4868e30aa631053a70fef8f3eeca
258,Blouse/5-8.tif,Blouse,22084,42bd9d110232aa5a68614169f2c3801db662dfc852b9157486e5424f08db3679
259,Blouse/5-9.tif,Blouse,27336,350c9036abe1eb4e645f3ebc5d517b6f3eba651bb5a3ab0dbdb92e6790e87c79
260,Blouse/6-1.tif,Blouse,18774,7d16513627f8ee9876f7a510399caa95410c317399e5516a4cfd4b9390d26bbe
261,Blouse/6-10.tif,Blouse,17738,fd40c6436fb835978149c4fab12a09a882e4a8f7d0d1ef72a52984ff190df122
262,Blouse/6-2.tif,Blouse,16964,e390844142774d57b42deedec7b99841a68913693e5cd16660159f14bc672ec9
263,Blouse/6-3.tif,Blouse,16888,d9e5e5f581d5dc329976ba8778d81cd1704fe6c1d2ac524061241b22d4b84685
264,Blouse/6-4.tif,Blouse,21066,1df7fa519fdb2bc56f904a759d33a4692a40e9e24419eb19bc10d1e523e35db1
265,Blouse/6-5.tif,Blouse,18414,4b3ff1e48431f3efff5b15ebfb16427422a675d683c5f904d90670594de7ac9b
266,Blouse/6-6.tif,Blouse,19372,674f70fda5a968a3eb53e53eb657102cfbb90607014bd08d9dd3f672bbf354d2
267,Blouse/6-7.tif,Blouse,17400,42364c4b668fbc1449c7a9d827ecf68dfcac16c35bfa796ae30233489c7ae03b
268,Blouse/6-8.tif,Blouse,17400,2e315d7fdac5f22b18d6677d5c0a6a92aa8a9edcdb1cf3723c709cba04423d61
269,Blouse/6-9.tif,Blouse,19728,ee81dc4b4eedd977bb965a4d82f9df064fe12db45e5fcb4f63178a6a6c0a0a51
270,Blouse/7-1.tif,Blouse,13320,03b726750cb2e59864bc9954072520ec4d7a2a3c502de3d499611bd568438f9a
271,Blouse/7-10.tif,Blouse,15426,525605ad73116a77a3b214f8938757e54232f9f579e088391b88f7564570ec2f
272,Blouse/7-2.tif,Blouse,12950,72344c6168795df9f1b1374ceca1bf2eba2a8772f905fff1bf8665131dbd5ed1
273,Blouse/7-3.tif,Blouse,18648,6d53f208295a09f11d247b239fff3dbcece310d0f1f044d0cc3d10ba068ea577
274,Blouse/7-4.tif,Blouse,15048,45fdf039821feab015216f64c2e8a36441ef788728d77a6a3f286895c5d01142
275,Blouse/7-5.tif,Blouse,18380,4fd03906db0e465dac147f43a9e1d5745d24987a149b483e8fee0e7b9aab34e0
276,Blouse/7-6.tif,Blouse,13348,a49d020dbdad54b29f59ae20c52f8a37e083f922f22b9d8e9a9ffe4a9a76811e
277,Blouse/7-7.tif,Blouse,17764,016a7f99acfe6583ddd5cbdd397279af1e04a14693092ea64c417fe90bdc3aef
278,Blouse/7-8.tif,Blouse,14000,e80e1f1b50f68c5cd97ea0882bcac3aa482ab08c845b2652825eea10050765d7
279,Blouse/7-9.tif,Blouse,28088,35dcd514bee02d355bd06b702466ed68c3a71c899a9de03012f049e7b2350e3d
280,Blouse/8-1.tif,Blouse,22868,912eabef5e29c4bc7dfe2780202952dc0832929dd0b7e90570ff0e2c9f0df26a
281,Blouse/8-10.tif,Blouse,19946,892e86530d8e94a34ff06e8eb1222e9338c1f9409fac78ef89ccb10b070cf250
282,Blouse/8-2.tif,Blouse,20362,8ae9c1b6ecc4617d42c4ee9ef37e05f615135a6e7ac5db303a131fb476504f88
283,Blouse/8-3.tif,Blouse,23160,51327e050bea1a02c0f8ce17dcc2b9920a2e6e259eda4435cf4bfd3c83825b9a
284,Blouse/8-4.tif,Blouse,21438,7033ccf56082b09b03ef583a4bc1a7ef895efbaf311482c7aad353621877339d
285,Blouse/8-5.tif,Blouse,23496,7e13536804f98be0495472fb434ed58b6dd1e22b4df2801c124b915cd2b68ec0
286,Blouse/8-6.tif,Blouse,18424,d0ada36f7c84b24d6771ef3c60b909dca7a74ccb2d6543f23a2774fc5ae84875
287,Blouse/8-7.tif,Blouse,17678,48d7ba7ecef5697a175576e1491de6ca75342ee72550a1e8165275c43a0eb0e0
288,Blouse/8-8.tif,Blouse,20630,d785e831269fdd27b2d2ed9804fb8894ffc1882ff63d2a736773435f4f4d9c66
289,Blouse/8-9.tif,Blouse,22786,6aaca290b01299aef6ebbf6496ce21782cfbaddc77ad45903f4c514519727200
290,Blouse/9-1.tif,Blouse,17878,26015cbd478366c6b0b1e6801502f1b97bd05965cdb6e83d0ff3436dd03f767e
291,Blouse/9-10.tif,Blouse,16052,8f474a6712e089b5a7ad6b8e3c0c1fa0c041f4979a59ac06bd465c2fd62f5af1
292,Blouse/9-2.tif,Blouse,18240,d273127010a87b7db8c66c3dc35371b00e17797c9bf3c8c570ad419f14f6776d
293,Blouse/9-3.tif,Blouse,16412,fffbc1948c6ffd63e89899322a258564557036ceea833c3508c5914b3d3b344c
294,Blouse/9-4.tif,Blouse,17708,193bf9f25d5ec2720973759983750fa9efa9f25171fbebdeb909c43aafab01b2
295,Blouse/9-5.tif,Blouse,20816,6ea04c77ea19e3433b7c05dbde24a8136766435ff1b10c11db16f351573f850c
296,Blouse/9-6.tif,Blouse,17560,3d1451f8ce1a0cfc87656b363072308b84b4f583bc089abb6e2e2555cf4f9821
297,Blouse/9-7.tif,Blouse,17124,9548fff8f7384df110108847aabeb6578cf4d7b46433fad97d600926784ffff8
298,Blouse/9-8.tif,Blouse,17408,e6e7220d42ab9b2654665bcaca138e9fcb8684c5e61a1d6735594d4d147cac1e
299,Blouse/9-9.tif,Blouse,19202,591c86f1297d5e992e05497f75dff339d4f8a6dc3604088258323d604704a0b6
300,Cardigan/1-1.tif,Cardigan,56395,f4346ae4e9f204f5abf3c320da602283133f1f7f56763d7c4132b4a279080c18
301,Cardigan/1-10.tif,Cardigan,46826,f9af78e50000ba4c838397318b25a9778aee1d5723739ac21bb7d26773262993
302,Cardigan/1-2.tif,Cardigan,47078,b92edefce1ced257e7e27237ce303963a305b7a31ff733752e6838dfb28f8ec3
303,Cardigan/1-3.tif,Cardigan,55523,65be2c2ca7485c0e28688f0cbf1756f912a099a826b433d26f23136cd1526b13
304,Cardigan/1-4.tif,Cardigan,79009,286b9f4c3870d9accb26846cd65252a8f60f36c223e18f351fe83b8abe93024a
305,Cardigan/1-5.tif,Cardigan,63282,9b0fe46e2a4e2df9e3b2ff73260954a21ec6215029597ceea3d601988c77045f
306,Cardigan/1-6.tif,Cardigan,49948,ae87d5ed8306dbc5eb6c335101c97f21d2361e9a63000dfe53cbb184d845ee26
307,Cardigan/1-7.tif,Cardigan,43341,da1a8101e3ddad6bf8729182da4eaccc616e886ed4538d9b67b33308ede4a389
308,Cardigan/1-8.tif,Cardigan,42514,77d7646e67049f24c3cbab56bc84a71f43c48d8323894515cb83d8e84b369656
309,Cardigan/1-9.tif,Cardigan,43344,b94e04fd61fed76b1af0cd187eb80df6488a39b97843ed5012fe276ab905eb38
310,Cardigan/10-1.tif,Cardigan,48291,f348e9f1c451e71c281157329387194fb523d33b95df065212323d8a278433dc
311,Cardigan/10-10.tif,Cardigan,47070,eab6c8f582428d43b4ba2c15a7e1ac5c8790bdd6ed25b6c80ab4dc92d2970770
312,Cardigan/10-2.tif,Cardigan,52432,bfcafcbe48fc5e3a0277c50694937de65cc4d05e5b869a01671fc5166b87b644
313,Cardigan/10-3.tif,Cardigan,43055,cfe51213080aa5920c39bebcce95e887204a4f4f5cc17610d258865799bd48d8
314,Cardigan/10-4.tif,Cardigan,72270,6ba58395a8ba93f8ea434696256bba74f053b747e55764b9e5407308ec85026d
315,Cardigan/10-5.tif,Cardigan,51048,759c2b73d23022fb65ec6e72c4eb97e7665ad5ed2ea351ce14a4f502bbf5dc0c
316,Cardigan/10-6.tif,Cardigan,60400,d19bc0d52edabec17df76ea1d8ad981bb4450236de066d22076a9fd85054b441
317,Cardigan/10-7.tif,Cardigan,56178,9959f3c0ea4663ec34308398aea7836fc08b44d5b3e46b01c89435f256a96c4f
318,Cardigan/10-8.tif,Cardigan,42654,77a69dca8e21e494bd27d7c0434b1dcf572595abdcd516846a611e832410aec4
319,Cardigan/10-9.tif,Cardigan,65512,e959e08e0fa45a5a8e8f1163ba038061644a4b16c7aa03a5c485cf7311886c9a
320,Cardigan/2-1.tif,Cardigan,41894,8d4aebc8e3d130c9ed4bcfee704ce5ecbe11c7ed07a776beea7c4a3a78514ca8
321,Cardigan/2-10.tif,Cardigan,36935,b0a1834b8926cbc249c13b9429454a05f1de7fa9521c036a9e4efc3681a51e16
322,Cardigan/2-2.tif,Cardigan,34752,a20f55588e9bdb2566f343ff959daf5d1b87e25a2af56bc924864fb837fc82b3
323,Cardigan/2-3.tif,Cardigan,53487,ecf050ea43c88d8716b36a0df49191ef37a45a6377ba15ac19e3ddeec385bd7d
324,Cardigan/2-4.tif,Cardigan,59008,920e393b6030a13b9c44792f73ad22a3d16d0df44c4377ceb8ecf63b44dcabaf
325,Cardigan/2-5.tif,Cardigan,50153,1eb993dc92f29142acb1bffae96835f27de4db4f393ba1d15c5bfe6ac3c09b49
326,Cardigan/2-6.tif,Cardigan,41195,ee5cf3c8f0c54beed2f7d07ad9eecce3f7033aa40e77e6ff5a4abfeed31cfbcb
327,Cardigan/2-7.tif,Cardigan,47903,656472c03d00cf5a44bcb73628ad3084799fb2308b0363026648a680a3476d80
328,Cardigan/2-8.tif,Cardigan,37097,dad2f66fea6e041e155aecd36dbd63259c95b2647a7573572d8477baa63b551c
329,Cardigan/2-9.tif,Cardigan,37403,3983f2215340385c0a24c8c4a27478654d52b0a89f411538f631d5e754db1545
330,Cardigan/3-1.tif,Cardigan,73059,142d46300af46aa977ea1d1a36a9c1fb5e0c126936f8c42601062a49ade710e5
331,Cardigan/3-10.tif,Cardigan,45691,30f0c58d7a6ede75a3420b72e12afc215cf7212ac58f899c466f986a81eef4a9
332,Cardigan/3-2.tif,Cardigan,58341,04efb88bf0535580755ef9b1b508d2e04b73a7de02c469182ae422d321ee7539
333,Cardigan/3-3.tif,Cardigan,51317,460dea802fe88b98dab616aabdf745a9d22f1e289c10e311f6f4291db126324e
334,Cardigan/3-4.tif,Cardigan,76008,4a5a70a75651d21bad5ccdfde6c694d624502f40e54aaa60674a073e48745d22
335,Cardigan/3-5.tif,Cardigan,68320,a17c7cbc553d47543157e5ce887c3ddaf56ed31cbfa6e17d77290a774c5f148f
336,Cardigan/3-6.tif,Cardigan,57194,5143ed8841c5640f46de6093366c6b8f0d09da5eb3dad050bd616845abc9e301
337,Cardigan/3-7.tif,Cardigan,53455,2058ab255cee62a1a93467e267fff5d56079a640a150e0ac8507b9070b071a81
338,Cardigan/3-8.tif,Cardigan,42131,f8c95477b0ab570ebf7d093066cad4ea9517e3e3d99cd5266c9eb6bc9bbe5092
339,Cardigan/3-9.tif,Cardigan,49415,ea9b1089ef18ca39f1d94b24964809354f719e8dd96e70047ba47cb6503c1e15
340,Cardigan/4-1.tif,Cardigan,55872,59f0f98bdd0fcbc431006ac371fcc6fc5dccb1ad1d9c46629bb44e5f41276c7a
341,Cardigan/4-10.tif,Cardigan,50532,81662e02c84f6ab3306f2618b2cb2e190141932cc9b75c3efceebbb4173f917a
342,Cardigan/4-2.tif,Cardigan,51201,b65b91280f14739eeb568d93ac9f4645dce17ad201236455abc529b3a3e39c91
343,Cardigan/4-3.tif,Cardigan,60239,4d0d30746e60565fb54a8f063797d56a62e0e9bf2e4853022fcac5d793b9ed43
344,Cardigan/4-4.tif,Cardigan,63330,88288be778b8cb199d234bc520210fa868442eda44ea8ec1a33ffd35e01e3695
345,Cardigan/4-5.tif,Cardigan,76013,fef350ad6cadc567949771d4d7cf31e2bb5335844156be7ffc5658e1719e2163
346,Cardigan/4-6.tif,Cardigan,52940,e0b28722d164975adb147ab23de60e8b6f589ed78c558cc0e40abe6837ce1ff3
347,Cardigan/4-7.tif,Cardigan,52963,70a39b3fb3c142842dfdfdd2d8fee6d7b455e713217362f48b581079a0b08a99
348,Cardigan/4-8.tif,Cardigan,52299,6faa018cec540e15ba207a83a8b184cfe828c91d3af9ca9994cce3a1fdc4e467
349,Cardigan/4-9.tif,Cardigan,68901,9aa845f281ca4e884b0bf7a5bc75526f0fe7753009828417e738d91e5b0fdbef
350,Cardigan/5-1.tif,Cardigan,61116,0122ea21ac28188799ff36926e508069c0b7fc842f1fdab483bd05e9a05c25ee
351,Cardigan/5-10.tif,Cardigan,35340,e5107cf96bd93b4358fd113f7692ef98c4b0b50a9841b72299b286439bedf0b6
352,Cardigan/5-2.tif,Cardigan,63601,f343afd4ab268cfa5ab66896c96aa775933d67e8841839c2e60957fdbd7e8a3e
353,Cardigan/5-3.tif,Cardigan,54426,26eca99c5d5bbaf396121863c2c0e8508ca34602aa6c1383dfe6f35fc5b3f582
354,Cardigan/5-4.tif,Cardigan,121147,aa4eb27e35621b0e86ca57973d2d1ae05afbb13595368559a50e5fe383b0c5cf
355,Cardigan/5-5.tif,Cardigan,81420,3b1ab41a3fc64f927a6ffa8867d050ccf88a1e0ec1e712dfcf4ae497d24779a5
356,Cardigan/5-6.tif,Cardigan,76761,b6a478a20cd6602a70af1157860018aaff10d0b49754eb5e4d82fdb0f0e97f3a
357,Cardigan/5-7.tif,Cardigan,76513,d4ca5b9b2215fb58c45feea36a3c24658c73891335708f6e485ad7e7833105a2
358,Cardigan/5-8.tif,Cardigan,67085,03967ae7152ec7da565a866c75f6d1ba6ed80dbc5366efe8d22b9c563ca1b383
359,Cardigan/5-9.tif,Cardigan,78003,a915fd762c2cbd96602004df2a711d2d9e5bced04c47861375a08990a97cbd6a
360,Cardigan/6-1.tif,Cardigan,36967,4dbfc32b1b2daa5499c0e4c41cd56aa582e2c91d683de636a5f185ba14af83ee
361,Cardigan/6-10.tif,Cardigan,40008,1474b1034a89f63e7b555fb498c24d217680f3f80bae3ec2dfabd15388405e14
362,Cardigan/6-2.tif,Cardigan,50575,648e2c49646c0281534169a055bfab694ad4d51e8021a9cdb3edf2c654b7ab18
363,Cardigan/6-3.tif,Cardigan,42618,6e78333699359aa8a7e33fb299e6cec65fc3ea1cec120b1ccc4994f51d09b4c0
364,Cardigan/6-4.tif,Cardigan,59049,85df28d7ef87852c83380cdd7d52222eb8150236bf58cb56462fce91fce0e901
365,Cardigan/6-5.tif,Cardigan,55982,d6b72f5c44d3464b9d3f727695f41a5318f7919b982f06f24fb61198828c424b
366,Cardigan/6-6.tif,Cardigan,43612,7f09d1fccb0652db63640e100c25c2687f5ca7b30bf180723e5854a32e2c888b
367,Cardigan/6-7.tif,Cardigan,38697,d700d73d41bc3f1d88f6202adb0928e83ad096018080363a357b451a23c9caaf
368,Cardigan/6-8.tif,Cardigan,40411,be3c53267c2c5b52be6d7b9d6a9fbea181813b902ab34b4b253e3052e9d83496
369,Cardigan/6-9.tif,Cardigan,50065,4563fcbaaa6c7d2eda139426df3a640d1f11153fadc5f273b1b1707b8e16039e
370,Cardigan/7-1.tif,Cardigan,44709,90b384820f74e51636ca35f8707a04cc67a5b852b05f79ab4d2471b3a25dff56
371,Cardigan/7-10.tif,Cardigan,31702,a72b5d94cb3f104e7779fbf64580dfe8fe486de6baaf659d2db746591993f543
372,Cardigan/7-2.tif,Cardigan,49530,1857c12f8b762c3b7816e1f09dbd6f80cdee5942f68ab9d9b1c7af8cbfcca378
373,Cardigan/7-3.tif,Cardigan,52424,bd0354e698e2c8d9541472288b10edad672395b09ed23a3e1e6b7087f395c8ae
374,Cardigan/7-4.tif,Cardigan,46711,aa60ece1842d43fcff7ae0772ffceb4cb7dc9a75667375742eccff870011001b
375,Cardigan/7-5.tif,Cardigan,43798,e8c8623bfeef5f52cdc6eb51698622e966a927c775821b133b2176189b119c4b
376,Cardigan/7-6.tif,Cardigan,39615,8e383d3566292306ed576d16fcfe6fa5ceeda79aa8bbef1a2489d7af6e5e86c2
377,Cardigan/7-7.tif,Cardigan,48061,f3d40e0acc01c0bad292324b1ce07e318d9db144d6d9de6fff148416bccfa1c3
378,Cardigan/7-8.tif,Cardigan,28880,b23b3939ba09c9e29f6f6c7c7d3a4cb99a28b27fc0c8c4d49e9037641d0eb518
379,Cardigan/7-9.tif,Cardigan,50236,25d0df220c8e82fe827f61afccf0fc44a1df8640c09b78cde2a5bff09f2bc243
380,Cardigan/8-1.tif,Cardigan,67812,b80effdebf0d6ed30dd00366a14b77846ebf3cedfe0e2819c922b45d275d9280
381,Cardigan/8-10.tif,Cardigan,57888,3548cbfc4fba96441bc837922b8211796053605ef29a732429f81a30f279936e
382,Cardigan/8-2.tif,Cardigan,51225,e3e4826f0a53e5e3fedb8122e82f618c6bc4f4da61a5157416e21b6f46159a77
383,Cardigan/8-3.tif,Cardigan,73172,c3efeec3719d25747ba24dc2e29a8914c5694b55d6e5f3b84129240f447876c2
384,Cardigan/8-4.tif,Cardigan,81633,1e65ea7aa0b35c919ffea9b9a84157a5715c7f0a4a74a30e5710b4a879bc6664
385,Cardigan/8-5.tif,Cardigan,81337,86057997a93b90b19d59ea830c79e87e0008ed38b9af1dee47586acff751398f
386,Cardigan/8-6.tif,Cardigan,64688,91ae51a3c1ced057d75c0062d489e00dbbb49de9bc32c8e5f5a15b0672cc645a
387,Cardigan/8-7.tif,Cardigan,47927,d01dc61537240bd52620641aaa4c46dbb52bce084a46e3b29754daabdca56fc1
388,Cardigan/8-8.tif,Cardigan,50740,ef6cb8656814b4cadbe88bef1cabe441c0b47580e39a9221472bef7daacafaf7
389,Cardigan/8-9.tif,Cardigan,68923,93643b4e176370ca005a8d275c3322709da9181aacadeee83209202cddde3129
390,Cardigan/9-1.tif,Cardigan,74545,a66fe92a45eaff9b927080cf62a9445f1f541d2efae99068c416752d56e1a3ea
391,Cardigan/9-10.tif,Cardigan,69510,51664f586f007fa33208e53f3f4abe48095fc57db8a1d503ef3b1fdc29977fc9
392,Cardigan/9-2.tif,Cardigan,57219,d3f05cdb5f76012d867bc5712f6a8aa1f271fdd49aa117c63d7240f3a9541dd3
393,Cardigan/9-3.tif,Cardigan,78804,75d64f7ef176094a3e0a6cb58cc7e49415602d94fc897c36cc4eb7660dd98f1e
394,Cardigan/9-4.tif,Cardigan,106091,f9ad660ac9c7ed846e53a3b7ecc062120227c85b4905d5a8729244f643f2102e
395,Cardigan/9-5.tif,Cardigan,51036,3cf9c333583ef9292eb037e7a5a403a082e41b2dd32159cef9b7a77a73d69fb6
396,Cardigan/9-6.tif,Cardigan,74820,4ff99e1105d3b27d9c417eae436200730165226880e5b96bfd7d55e4154c61fc
397,Cardigan/9-7.tif,Cardigan,58069,034b616cefea1d97911e8279ba6a9bda265e451252cf76d937d8e5974d8d3718
398,Cardigan/9-8.tif,Cardigan,70954,04098dc6d1848c4ed80e82c9de245a32e3ddd4009544d8206585a52a5c8e3f0d
399,Cardigan/9-9.tif,Cardigan,119219,70a58423c45f950e2d9a38c9054558329d6e071c4b77f626b2f70b0a2d396151
400,Circle/10_1.tif,Circle,52758,480cf36d4b86ec0cc6bffb8dc63f20ed3f6f3bfd587d290e0d6b0412470526fc
401,Circle/10_10.tif,Circle,55012,0550a0bdd30227a5e1e4bfeaf2491f66bfdf9ed942ff1046e18d4635a3ea51ef
402,Circle/10_2.tif,Circle,67768,2394246d8e53b02a90b3b504af6d7a4894061dfd9408f6668ac8476fb58a62b6
403,Circle/10_3.tif,Circle,88234,95f8b94362c95aede32f3cc1e071b0532122eeb443c8718ce657e93fb73245e3
404,Circle/10_4.tif,Circle,85671,d2aebbe29eb3d1277253fa5b76ec0cdf3d7c0f73c2606fc33fb0920edd46ff0e
405,Circle/10_5.tif,Circle,72815,09c8d7a5fb0282881baed4e54c0865b6e742d63f7ea1329e522d92256d383dce
406,Circle/10_6.tif,Circle,55472,515617d36f630c37b3641344d6e09ed7b63274e56a3baf200b8a3b114900bc6b
407,Circle/10_7.tif,Circle,47946,78d473bfc817cfb2df193d0175c1db05aea235fb3c3639872f4afafc3d1e2f01
408,Circle/10_8.tif,Circle,52545,e0f490661fb72a749dea231b4d4dd489b06bf9c7555bc91d18f66079fbb92ca3
409,Circle/10_9.tif,Circle,74758,9e28500449de5a1582efb67ef93240b3d34258e746564aa88a975101d6be878a
410,Circle/1_1.tif,Circle,70322,bbfa6f724baed1132f83e4eba58ec4b77340e888215c8d60303921a43709ebf5
411,Circle/1_10.tif,Circle,45458,75be34617e9edcda3972420c72fbb2d49723847cdb132ead0195705197ce3cc7
412,Circle/1_2.tif,Circle,68693,2615e78597ad0b36afcac4b256dcced10fd55112a1873767ebcd6cc50fea0da7
413,Circle/1_3.tif,Circle,87102,83f36e0d7cc51c2655c6d80f4464fac66ce061286a8b3aebcf6d88da64d9a0fa
414,Circle/1_4.tif,Circle,99484,f105998a9555b0d6c68182e7f6db2bd1ca1051773b768ef361ec76c3a8ff80e6
415,Circle/1_5.tif,Circle,99756,248d9d068e3322f29c7f7a1ad6931ffdc8463903464d34949de4ed3a6fa230d4
416,Circle/1_6.tif,Circle,81014,8944e8012107b81f5876ee4c29e2cbf45bba804d66b1ffd3e8f59726fc69a86d
417,Circle/1_7.tif,Circle,44581,6656adfd2130ec9ce033d93b4b3b501cab1e08785933a06c33bc9adc0ea740b1
418,Circle/1_8.tif,Circle,41296,7b853691c1324ba9ac920eeea3a977a1051adcede1b7f17da80d4397730fe32f
419,Circle/1_9.tif,Circle,123150,e82771d65cecccc861fd339cbd0cc589a868cdbbd4276ea21adc3986cec7f783
420,Circle/2_1.tif,Circle,64170,e609a4b0c59c3ba951c2bbdd731977df2a0f1883d16cb544a783dddb0f351259
421,Circle/2_10.tif,Circle,54585,8aab275fff27ddb64dde071c686eaba00fd02a25ddf64ab34222c5d6bb995f9e
422,Circle/2_2.tif,Circle,77531,5d38176c625e81e6e84f4a0ce835f9d8d3ca7cd584ce6d0358f6bf4c901dc0c9
423,Circle/2_3.tif,Circle,69912,84c4b1bce5402ed5c8f6bf8a56562eb783b44c185a33ed8c8d21d53569361723
424,Circle/2_4.tif,Circle,128705,6a85dbb44b471444b994bd5840afe125fdcc890aca241102990381a843672ac2
425,Circle/2_5.tif,Circle,64694,fddd4346177a9714a33242dd4683a5e9d9cfae1daea89a59ad52ba878ff5bb63
426,Circle/2_6.tif,Circle,60537,e1cfc64222d5e42d3ec085ef074e42c4f890849dcccbcae656df19a8be90b293
427,Circle/2_7.tif,Circle,39797,be06dd3c22aadb828f898afaf1cced7988998095365e295cefafa5eada51a289
428,Circle/2_8.tif,Circle,56488,f37c0b55338ddc117418b4ef772a72d920a1095da2705c66ce87d3ae19dd6290
429,Circle/2_9.tif,Circle,93417,eba1966fe711336f364551032bf6bb6d46d68289be6abfd50b822dbbf5a12a02
430,Circle/3_1.tif,Circle,62229,3d7b03aecd39109c54bb158055bf13082fc1ccd5e7c3f56527f11622f95aa027
431,Circle/3_10.tif,Circle,46594,73800fab40f61dd1a60487a8fd12a29a375df46ba0ebf6d23f6dd80bcd842e93
432,Circle/3_2.tif,Circle,65154,1a4d1aa7a0100cb8b94fdafad14887b8ac9fce1e1fb8ae4a033846f78bab9097
433,Circle/3_3.tif,Circle,56452,ea0bee74c000d0c8fc1e25b9650f063aa2c215f83fff79a5614bef7f70a0b77d
434,Circle/3_4.tif,Circle,79232,d377885b074a8779608084bc8f3fb63f57c11d89bfb9c936e45f3cdf68b4952e
435,Circle/3_5.tif,Circle,61805,bf5a37c1dcf655dc1ca5a5cecab3e8f8855d861c46c5224116ce928eeb7ea05a
436,Circle/3_6.tif,Circle,55563,2e311c6042011531642f809c889c67c08f99dd5c3ac1019516b76d94f6ec4fe7
437,Circle/3_7.tif,Circle,53184,7c5cb5e4c8e3ecddb7b43bd5961b6050c0cabfdabdf5fc7f067b597e171e8902
438,Circle/3_8.tif,Circle,45032,271acea8fd28203387aba8368d0af081e82261dc0b8ca23b0c0fd2773a31a78f
439,Circle/3_9.tif,Circle,78674,04691deb9208d5759a4d0835259c241ca81cdacee7a3e660a69aa043e31145c4
440,Circle/4_1.tif,Circle,46493,70dee7aae429ba7a41eb0390373ac8bd472b58d3a746b8f5d213ed2b30e71ad0
441,Circle/4_10.tif,Circle,28344,9dd7e602f1bea061c695a6a68ac9cf1cd0aca0f71b6df3a9ad6d21036c1d49ec
442,Circle/4_2.tif,Circle,45434,90604bbcd015a1eb26e615d7b51fd9a1d54fdca4b81568a02ffee41a54a51c8c
443,Circle/4_3.tif,Circle,41304,e1672afab6e3f71584011993898efce66c83a08f815b896a20c1afeddd31f920
444,Circle/4_4.tif,Circle,51500,e26ae6479e5ac66948568b68362c005fdb6f3d37ed0cc91a814fa3ba281b713d
445,Circle/4_5.tif,Circle,49332,1fc0376bb830848a691ded49861a9483a0eb139eaf8a53def6b0c98a4cf8d05a
446,Circle/4_6.tif,Circle,47220,f92efb2a546f560b7232c6549e86560b9a3c28b4946eb6d121e3c92d71161971
447,Circle/4_7.tif,Circle,38941,8509c8bd0f647c98137ff0072c2b19ac17225b921e852eb271ad48d710bf14fb
448,Circle/4_8.tif,Circle,22700,ba89e77a609d43f8822530175d35e83ea550a4adaabab574527735af6d21c2b1
449,Circle/4_9.tif,Circle,42141,facf2d1ba7882df4d57b1169e1a07f6ae6a4380ec0e60b875c59045f5168065a
450,Circle/5_1.tif,Circle,65609,d386a5806f71e870834dd481bcf19a96d309c1c74247efb1f14939aff456beaa
451,Circle/5_10.tif,Circle,43765,dc4787453450dbfecc3afdc5bde7e1a128b1f4539109568febdcb5681cd463a9
452,Circle/5_2.tif,Circle,53882,eadfad39fefc93347e5c3567c1cf5031c895d5887a0257a615d9a0c603e6bab1
453,Circle/5_3.tif,Circle,94647,b08ac590cd6a4e229d2f659a0cffda2b8158ad9c7c7d2a6e542f0449d95507d5
454,Circle/5_4.tif,Circle,85609,3b958aa80657f036ee8016b6c84116c531e6b96a20250da23feced15f8027696
455,Circle/5_5.tif,Circle,88945,8721ef42fa7c8facd8f9178952b73413be46016591e4910d083203f380f38152
456,Circle/5_6.tif,Circle,59942,dd3e610cfff7e49873048c8518995b8a34d003ddbc7ebd8dd9a5a8be2efc43ad
457,Circle/5_7.tif,Circle,58359,47d8f2e64040a8c988a2900ea2efa0b803552eb77175248e36f10653cbb5d556
458,Circle/5_8.tif,Circle,41074,b07af75dad041b9af034b6f0acc74973e5e94ac25e550ba7ff2374a48669553c
459,Circle/5_9.tif,Circle,56443,81f874ac5adedc1873df0f1db0273fbe19b986b791d579eded3d4ed2be89c8be
460,Circle/6_1.tif,Circle,32098,3102337d598e939c11ef5a4b376e31efa1113c858fadc9ed2f5d5f100592f407
461,Circle/6_10.tif,Circle,53289,346a8f520241c9bb0a2c097734677fc0a101b1f806578cc5b099b01b41ae62a4
462,Circle/6_2.tif,Circle,64584,a9fdef724423724eef64cac14b90b7dc9a7cc2d27ef96c066a36c6e93da3e087
463,Circle/6_3.tif,Circle,71288,155d5a2e66f71f083f2b40af9b9568c3bb220ec735f75c1354a830f830a7f6fa
464,Circle/6_4.tif,Circle,67493,8fa2fdad5c9ba047e01b18653de44930ce2e496768909147f459002e9f009f94
465,Circle/6_5.tif,Circle,38614,d1c3f96aa704a66ef42d47aa2cd826d4343fa36bbcbfafc1db69fa0e067cdef7
466,Circle/6_6.tif,Circle,54057,b6376b2816862d6215a8a31926c60f3b1f2e6c3f55a9728751c3cf473fc92277
467,Circle/6_7.tif,Circle,56267,cfe7141bb82b5feaa9660203dd07491ed61621dfcdcc7599d65f94399ed37ae7
468,Circle/6_8.tif,Circle,69981,592aafa820d6bae85217e53e963a019aef6d1a6d1564f34dcaf817e5e194f519
469,Circle/6_9.tif,Circle,27898,2105914985ad9467ce6223f2f5bf0ef76c345939f25224ad062da3a976ff9c74
470,Circle/7_1.tif,Circle,51237,f4205a50b9e93cdc71c35aea3fd3b7d86bf411bc85e49c7ba12c51f5ac1f80f7
471,Circle/7_10.tif,Circle,51323,48d97814a14a2447ebbba467148537acb82f1bd5019d76b39dee0c84da678b08
472,Circle/7_2.tif,Circle,59187,9b6e4796960ce7fc6eafb855d0a86e2f1d54c2c33ffa8d15a94bc5ba8981428e
473,Circle/7_3.tif,Circle,71334,5ab708e679a53c437ecffae82b2d1a5ed19eff11452ffef2404f94e5417644e4
474,Circle/7_4.tif,Circle,100560,f1bd591cbbec74bbe22415475846f0835626777daf9bdda0273c6c083148b983
475,Circle/7_5.tif,Circle,88390,09dd23c8e113a24cee2666679ce7e4335bed98e254cfe726432af69e70885f04
476,Circle/7_6.tif,Circle,54876,a348b3198ebf10a5e10f752a3dc204f268cf7d7a9ff78c55b183c2b84e277f6e
477,Circle/7_7.tif,Circle,36073,48133ade412d34270eecfd13678058b097318e5278b8c65efb40fe0f3ee888ce
478,Circle/7_8.tif,Circle,41598,5db1afcee3250c4936a382042591fe6397b3ca713cdb440af777e740f211a4fb
479,Circle/7_9.tif,Circle,62463,4f54ac5425d75d318fe4cd105a8970607f47a96798116b2c3f48baf06431532f
480,Circle/8_1.tif,Circle,67490,dab74a6043e1af0c4e396d8dfdf43327c5e611b4ad833d3330704ec079e2f029
481,Circle/8_10.tif,Circle,46557,7fbc7b88269592ebfa2df5c9a3395ac02c93928ecd80d4bc8af06fb71b8ff8e2
482,Circle/8_2.tif,Circle,62799,dd012a66b2f883ae5af90e511223e9baa8e134bf0a203baf5d9bea13e37639e9
483,Circle/8_3.tif,Circle,78427,9ee107e50ec01060cc201787b27c691c1ed032265e3c713115196be929da68f5
484,Circle/8_4.tif,Circle,74828,b1e3a807f4b55e12038ab9ec3e0458d91a573fadbff60ab65ab8f392bca20f61
485,Circle/8_5.tif,Circle,74088,7bf3efcecbe599baf36b0e1d191b1e42c5aa1c9f6b456ac19987c1b5bbbb29fd
486,Circle/8_6.tif,Circle,49768,2b57205acc84d0fc0868acf00a77d9b82396b6f877fc5265e6c43cea5c64c2da
487,Circle/8_7.tif,Circle,47636,c74acf7ff679f293e2a8eaf11a57400dbd1fb3f4b3e8fffe4833876dc33b06f7
488,Circle/8_8.tif,Circle,37627,538bf92e45c5ab8c37c8fdd6a183873829aa64d92696212cb9d68d9501af44ca
489,Circle/8_9.tif,Circle,66609,9fe0e1d5132410f111b7421f4c2ba35ac2d85f483fe3783fe3f206b4804b7577
490,Circle/9_1.tif,Circle,77048,afa351808a27a3c981f84dee1d4b28717d723eb547c60e901dd887fa7c3383d0
491,Circle/9_10.tif,Circle,54585,030b8a098ae403b6db1005c2a5a1a738ea039b749c0d789901fc386f1cdc540d
492,Circle/9_2.tif,Circle,72302,03696b598c22f9bca58b21eb13937ea6cef2fb08c1de87c60f6e18aa8435e3aa
493,Circle/9_3.tif,Circle,66278,344eb0fd2b521227d5da5291d875ed8fc71975cda06930fb5cf51765c0bb86bd
494,Circle/9_4.tif,Circle,91332,e8119e3d774a3a80dd53a8ba9c52d10d489c92a84c511c9c55264a1a0e7e9234
495,Circle/9_5.tif,Circle,87591,0062537fd51928117d2e7f8b917cdc5c84d7e8f032e860628d8d85ca9fbfd53e
496,Circle/9_6.tif,Circle,52449,4ff5fff70e134f3681cea407a5058b6c85afe78ac5062a36b5cad6b72339c9c8
497,Circle/9_7.tif,Circle,49890,43a8f797a89fc1c753035cac268aee05badf479fa0e78b18545be669abb1c03b
498,Circle/9_8.tif,Circle,45639,33388e375cb3f9e35ef2b8e9ca954d9ac28b6f125519436e4d81ffd24024ebff
499,Circle/9_9.tif,Circle,67430,e4dd42a3846d45daed58e9b5f1de6695167f3d5543894158542289b6b4f6d76d
500,Dress/1-3.tif,Dress,101408,410253182081d59a9ee8288e8f8d6df29afb9832ee34ff5eb5c609baca770f51
501,Dress/1-5.tif,Dress,69350,879e40a3c60bd878a53ff5bed6cdf423e87c740f5ceb3dc154ce516784cd766d
502,Dress/10_1.tif,Dress,81917,7e139f88c4fc8dc11bebc6652ae045a19209bb539bda4cca060b9075478a1a08
503,Dress/10_10.tif,Dress,73172,573543e37658d088727e6c87f4e2fa5f7b27d23307f91f6f2888e619b9883e9b
504,Dress/10_2.tif,Dress,61272,85f5255197e5069a9fb4fedd86730e271e7dd1bd009cc022b4b97ad7bde9e76f
505,Dress/10_4.tif,Dress,105165,571cf2686d6c45930e679a84b152de17b35161312414513f32f73526e8894f4f
506,Dress/10_5.tif,Dress,126227,ddadc6d9439331b7cfef3b6ca56d02bb5fd9247bc28bc0ce057bf1fcdd6956cc
507,Dress/10_6.tif,Dress,80250,23c1b7f06e30e3f197736f8a30dd73ecf21c99f139a1db182d82a601ba62865e
508,Dress/10_7.tif,Dress,59698,12bf9746fdf2d9c172c8022960fc9e8166d51e494b3e2aab5136b95e12070911
509,Dress/10_8.tif,Dress,1060322,a5a9e6a3ba41a173574a49b7bc98693e6f13d0cd1350bc0ccee04a26b5c61d33
510,Dress/10_9.tif,Dress,152567,be902d6b14f410495e56bec380259ade68af3ada127c383ab868497151ef921c
511,Dress/1_1.tif,Dress,41985,ba844a47c3bdd06c15574f6c20607474837f83819aed62cc3c9d149168084997
512,Dress/1_10.tif,Dress,43640,a35cce83391c2074a6b4c6fa500e8f05745882762c83272932244231148bd833
513,Dress/1_2.tif,Dress,43957,75fc1ce7b7cc6826a93a27e1cf1e6d869a98bbedaffa5027edeea59186638353
514,Dress/1_3.tif,Dress,49472,b483cc24ea666e0e2b21f3e6fc14dfd1102f3d406bc22d13ab2755f920e9b291
515,Dress/1_4.tif,Dress,79600,d4028c781acfecc3085af2110cf2de641ab941d536825ab64f24cd32e90bde72
516,Dress/1_6.tif,Dress,57458,5760361af6e7706d4e2d5d6082322466f811a3c1ca468fe04ac335199dd71b75
517,Dress/1_7.tif,Dress,35526,4e5c657503b668e8ebe58831cca57b0b09b69deed16b159cfa37c767f7c5a485
518,Dress/1_8.tif,Dress,1060322,1904ecdd25f2be5b8772b1ccc8e627a314f68e6f87f7d6cc7941068efe7ccce5
519,Dress/1_9.tif,Dress,50830,d32ef7692a20c1789bfbfefd8d30c4ffdc42a7710994dfe5bc1bd0575201f922
520,Dress/2_1.tif,Dress,85606,140d439f5c82564eb87f6d3c72428abc07369af03b03063a195edf6b2a697a46
521,Dress/2_10.tif,Dress,61962,13c9ebb6285377f8cde540c2f1627aa4d70e052ff9a5586889282f6ef35310e0
522,Dress/2_2.tif,Dress,67816,5694c3a0d06c29253ce1d303d5980aa8d7e3ec9fd847e77512d2997d13c46637
523,Dress/2_3.tif,Dress,61931,9a37514926a119595006e756b360e5a9c786261cfce48444daec837ef85e60f2
524,Dress/2_4.tif,Dress,88900,26237e5c9e3f7b90e321b97ece404a536e2d29571a3a771cc4bc2a807429dc5f
525,Dress/2_5.tif,Dress,100275,b24f8d210afbc833083fcbc5353f3c01c36facf95eb67bbc407f4adb52d18951
526,Dress/2_6.tif,Dress,61641,bd5a9d74363ffa394fd20b18e7c536aef7e9f6b0ac5e874e03d0fa7e95c5728e
527,Dress/2_7.tif,Dress,50827,abb4ceac58ac3b04d66d444e31af763454581ab210699f1d1543e00db5536b08
528,Dress/2_8.tif,Dress,1060322,d8e8caa8adc6ef83e4c0c97652bb8e859d84c9e3201bb4d3d8f56c99eb0d6ab2
529,Dress/2_9.tif,Dress,95844,902648bdbe00135521de0d09a35cc2ef4778a3c848900dec981746f44849f259
530,Dress/3_1.tif,Dress,62475,68da0d3341953776e5630d02084e79654d1a5ce82c6efb89a5eb444439c1aaef
531,Dress/3_10.tif,Dress,60577,4f7535b3e7f694fb298eed71954b6f842f9f16dfb7bcaf143db0f0a3fd1afc36
532,Dress/3_2.tif,Dress,51782,b90f715c4be6089ce53376b0af0e8bba05eb5900cec6e1dd0043796278927b7e
533,Dress/3_3.tif,Dress,86198,5351c93791f1999954ac4b1bd2567e93003cd2c5e1acfa6e646f192abf3f1c7b
534,Dress/3_4.tif,Dress,111820,ffeca091d4d91433a95387ae4184790949688614f41fe1365e4fcb521e0866b5
535,Dress/3_5.tif,Dress,108430,f06c5f76e4a593728c9a01aa45671677e9e81230da13c9535d77f38fc995c75e
536,Dress/3_6.tif,Dress,61212,e4248ceb142fe1bbaab7624d4069a576e2014b92b7ec5b0b42051f85e9931c9d
537,Dress/3_7.tif,Dress,55121,2aeafcce4e66b06fd66ed59d87c66afcdd653e70c85a61096eee5ba39e6cbe51
538,Dress/3_8.tif,Dress,1060322,259652cedeacce88d3c9eb5a17aa69d935c51394901a6f16ecb538f780a69584
539,Dress/3_9.tif,Dress,90025,e41d7d6ed43e531179114c730a7dfddc0c6e1a74732c4e5f9649491f5d1bce86
540,Dress/4_1.tif,Dress,64086,eea73a5e4f1b7d05f151b21dadfdc8b5d10d02436243c9714df371f97fbcfce9
541,Dress/4_10.tif,Dress,55876,d2ce11f61ca4008be43f91fdeae9c8c25cdf728c6d7b85dca500c8f172366861
542,Dress/4_2.tif,Dress,53208,fb501461f8081f39e77ec1d274aae486cb8cd62d4b5700443820c839a4795c85
543,Dress/4_3.tif,Dress,72700,c534cae8903652bea13ba9e7cea224cf820d1e7e30e25891015d8985ef7671ad
544,Dress/4_4.tif,Dress,116780,ed71482b1df2fb09a4f941e34c75eeab2e886d6fb15bc6bd765149a0a01f1ad3
545,Dress/4_5.tif,Dress,92703,f08a0db0247693dfb7dd1e8e0b37ba15001a761c813454481cf9df6cab91f3a7
546,Dress/4_6.tif,Dress,74765,5e5e261bcb30375696ffdaa84432a03158d660d550c78522d6472dfe4c2c77c1
547,Dress/4_7.tif,Dress,50358,95a84bccea453c4fb4c1685b00582da6e3ee172c76d241e31461891b7764c432
548,Dress/4_8.tif,Dress,1060322,d618dda6ecf844f9af015ddd1cc050db2c681299405b677ab4d923294b7c9d79
549,Dress/4_9.tif,Dress,102327,c0c220b73250d5a3d399d3dd4592ad66be290d5f271a49b70a42459746390d56
550,Dress/5_1.tif,Dress,62785,4f28cddcd3e29fe4e494517ceb44e9767afcd6bf4280f5d74458856f906d399c
551,Dress/5_10.tif,Dress,42574,51e72da1f23dbf70e30dc1855dbc3f78e51b57bc546661ac95f78c879b1b4429
552,Dress/5_2.tif,Dress,35106,04b60990dec273cc6df2d0cec4f77cfeb9159d86e018b44497875594d2bc5aa2
553,Dress/5_3.tif,Dress,57016,2cb7398ea8ac2920af0304fcc349a97cf8fface50b4820672c82324a29863a2b
554,Dress/5_4.tif,Dress,72877,959fcf06e31d7eb4affd33915ebaf87b8c3a48335b894131f1618c81347c88ae
555,Dress/5_5.tif,Dress,76064,3f5a68f1b349f53b596893fa263ba189be44b5d87781f8f5a0fc55c996fadd9c
556,Dress/5_6.tif,Dress,55916,6ab4755d9b7c2cb8d60aebbd8c3f2eb4ec9b29698b33910bc2b779fab2454318
557,Dress/5_7.tif,Dress,43877,c0ef8cc50681af3e3e0e0f9e61d19428fc22c35953f902329f353d8a5aa62c15
558,Dress/5_8.tif,Dress,1060322,699dfc9e024bbd1b1459997ab1ac9b2631bee1f601b0cafe5c6a059ad2c0e645
559,Dress/5_9.tif,Dress,57673,4d481c34d496b7e4a10dda6179d7f8b11019551275bff367f42b8b7cb1de99e6
560,Dress/6_1.tif,Dress,78523,e4ece7fb79344f94364b02ab08889ad6f79273b1dc558a0f21a5c5a580a70e0a
561,Dress/6_10.tif,Dress,53702,9683fe3b756f159164224bd82104922d53d72a8512d0a6a497cad2163c9426fc
562,Dress/6_2.tif,Dress,46513,e04c8f3484fb01018b6d7cc6bc6034e03d0b472fa7cce579f42803de4becb486
563,Dress/6_3.tif,Dress,68262,db27e3a19b70635a097ef6b7d308ac4ba7242d463fc09888ef0f5796f4188295
564,Dress/6_4.tif,Dress,86851,950701cc6a079082fd08201cea6dd051f7876627189557878162becc2145384f
565,Dress/6_5.tif,Dress,87093,dbf136d0663eab7e2a68f58092800f38a14e52d0f3a26e7e6a2bc1f430c9fd63
566,Dress/6_6.tif,Dress,60051,07acc0d031b0324e95419afa3131ba9deecc5b51a130d69e51eec15bb6aa210b
567,Dress/6_7.tif,Dress,44738,2e4e8101d0496b9897c7f9d2f785df6cd8579622271e7416422e7f6e617fa799
568,Dress/6_8.tif,Dress,1060322,64245accfe05a42845d1bc562dad4b84a867f75b025bb5c2f84930a253e82932
569,Dress/6_9.tif,Dress,90071,136fe3fe103b37307c07a4cb651bd046991b117a38a8a1c2eb28ac12cbe9921f
570,Dress/7_1.tif,Dress,53102,6a47bb4c7cf02d9dc705da0c233694633a4fbb6bcdddbbce38ce7239ed46e7b9
571,Dress/7_10.tif,Dress,47234,61cbea67404e85f1e5d6b5829edf2fb0b1b17f82a7f0612a0f2a83cd458c0fa1
572,Dress/7_2.tif,Dress,49822,0b0c855d48c3831dbca8c0738531a5b044e6fffbee8f3c3bd978b4a941d3569c
573,Dress/7_3.tif,Dress,59399,328a0140854ada81b0242847c6d1bf27600ac03d23537bcd3ebb6b55e2ea277e
574,Dress/7_4.tif,Dress,97382,32c9dd8cf2bd40ca48a67f36227446a2b48e12668e6a6c643b96f154aed23c9f
575,Dress/7_5.tif,Dress,82611,44133f0aafdc6892cd241ea8e84fa64b800ad2f6f931ce335cdf749b71433b61
576,Dress/7_6.tif,Dress,63467,002d3e5c7d84769682852d614738d24e0495359aeb69c6fb30d6317afb6011ff
577,Dress/7_7.tif,Dress,45570,e95d5d0d412bdf5f16e0e153ffe927f6cced4322928ac0a20b5579f1815cb9c1
578,Dress/7_8.tif,Dress,1060322,03140d754d79fb3cbd266c61e8ceaff81442984dca3e0e1c5b5813ef84eec975
579,Dress/7_9.tif,Dress,73897,db67ebb1521358c5340314a32340bbd043d148a91e39f28b0256a94a8a40ad88
580,Dress/8_1.tif,Dress,78132,0ff5b8a239c309a662cdc34e4dcfc1aec3092047113e5481b030d4af96085ee5
581,Dress/8_10.tif,Dress,43378,7484fa8f6126c83275d140e50fe3c36fc000879ba90eee55d111d1300539f007
582,Dress/8_2.tif,Dress,48971,80596f006d778638b887462aa585c71d6bb9d8ff4a344c96032f9f96de9f7238
583,Dress/8_3.tif,Dress,65125,a13cf80419584e6299344c825587a6c26bc2e2217c20d0569e70ba91118c9bd9
584,Dress/8_4.tif,Dress,70924,b00cd75eb33e87820e4b039a0cbda4b72df9f7ec47e13ae544ecb46ea9c805f0
585,Dress/8_5.tif,Dress,76355,760078267079552bf84c238bad87b13cef7e1e75ab10edf29356eeae4fc1292a
586,Dress/8_6.tif,Dress,51487,ab2243a9a3b310d21e2307bf34609db64d698a6653c8397780dd8c20d47bdf12
587,Dress/8_7.tif,Dress,39780,b0c13422872f441578e710ea9e1ef6c0411f2261b29e080db9eaeba8c8a9288c
588,Dress/8_8.tif,Dress,1060322,9e45c9c888cfbadffb62fcf3e01147b16bddb971e29941161b913f5b43e6144f
589,Dress/8_9.tif,Dress,85596,9513dacfe0d42bdbb2341b3858f1c16aca1c95bd011c4a4be8d0d1cc74a2238d
590,Dress/9_1.tif,Dress,84147,aa0fac4cd56d2bfa7c2fff4144fe313e36b54f94e371dc661e38a2d0d5a67a08
591,Dress/9_10.tif,Dress,72987,5400ca899f77897030b368576900ab44e0e0db51f4f9b67c26db1c631dbff711
592,Dress/9_2.tif,Dress,54815,c2484077bf47f425f00d12f566985525da399cbf78ca5859c9097a90d5cabe21
593,Dress/9_3.tif,Dress,81265,597a10b31e693d2e84a0c054c1893086ed0ea1a5ae058f55925e25d0a190673a
594,Dress/9_4.tif,Dress,85154,5ac6e0122b3308a5b5d4a38c0df69e3097dc299ffb0bf96a0a6ec065c8dec22b
595,Dress/9_5.tif,Dress,92555,670f2fb6e1b472a1734a0650c4804fba1a5f4003d4f6f8bf768af1e10b688ab7
596,Dress/9_6.tif,Dress,74367,5c923a9a0667ec59b41af420fcf4fb98f3ecb26c4159c9f9f581a159ebdacef1
597,Dress/9_7.tif,Dress,49693,f49f4fbe428510e941c8a66f217cee274fad4a47d44fa54e4c1a2a04f6325814
598,Dress/9_8.tif,Dress,1060322,5b638b0ccdb433fc3da87271dbda4c6e8b031770cfec07895b9cff5da4e817d6
599,Dress/9_9.tif,Dress,82919,8f051fa4290c86885f504b7675a4490d9dab65f763285d7c14dc0e72b7c29fb0
600,Flare/10_1.tif,Flare,47720,98d56cad7aa4e773a8d1059bd53dc04be599a41d774f68f7b8778af76a405660
601,Flare/10_10.tif,Flare,61207,3299cbc262711b58c072c21558513c3adb289fff144c81d4be85a506ffec1d58
602,Flare/10_2.tif,Flare,47863,b1a4de06d56f5c2f7d05392c67cfd7fe93a304aed5d8a0d6a85a5f322b379615
603,Flare/10_3.tif,Flare,51810,deaa680082065d4b16dee1de532d3a25236573c84f9cc788f406355785908d48
604,Flare/10_4.tif,Flare,110921,d4b0369bec5e6d771cea039f7e6a3c29e93fbdcdeb70331091c866c5ddc318c4
605,Flare/10_5.tif,Flare,70086,242c9d0eaf0575b1e1fc41f3558711adaaf7ec135665a98db77f36ecfc45dd7f
606,Flare/10_6.tif,Flare,72675,55f3898824df3a9762f160de4d8e6d58227875ed08eebd76043fd351757ee613
607,Flare/10_7.tif,Flare,37245,13bf93fecd29605346b079611ee82c1fbc132ca15500e390ad6e5e947a316f4f
608,Flare/10_8.tif,Flare,1060322,c5b8deb93fab85d07e1b71b329ec0f0fa2ab27c6555b3c51971c1d2233a93519
609,Flare/10_9.tif,Flare,77378,f995f6adf5fe8199f03c0e0e5eeb109d467b85e5fff394c8129fecb79090c434
610,Flare/1_1.tif,Flare,49596,a7bf00a682e71b0fc56684746225687730920a582d88afa0a84aed1ae70d7eee
611,Flare/1_10.tif,Flare,57776,5866fa98fb9622b4972aae02838010e3a426e18dedadece50ae3a25833e7fb30
612,Flare/1_2.tif,Flare,55426,b2bdb33fa32fbd0d591fd0fa3d51f732238b00a9669330e3b72a3a1424d7cca7
613,Flare/1_3.tif,Flare,47875,64a2e7fd31c4b2769dfe19a7c6a51aace23fa023c18dfb00bd5ed4ec18d6ecd3
614,Flare/1_4.tif,Flare,76974,f0452ce6b5a72f1af5f18709c4eaa3d0bb382a9fd3e332a9c621c2ef4d175e29
615,Flare/1_5.tif,Flare,68422,5ef416265449101f19e099f2a52d5e5344e6f090a735b428ab381f842eb3ab78
616,Flare/1_6.tif,Flare,63742,ebc2085c8dc50bd7e8cda2e2a82d78db3bf3e6542d2cd25c063499e6c7728b76
617,Flare/1_7.tif,Flare,34599,2b407d100329a629178f9c1449da2fa5245827026a262d1cf729e098706ff062
618,Flare/1_8.tif,Flare,1060322,daccee56a5448a4d70da67e29a3fda08f74230da98020c215ed37350710821ac
619,Flare/1_9.tif,Flare,92421,3e9064ca7bda63e4c3631950cd38c133e30b4da7b10f804f75aa85e654f1cc4c
620,Flare/2_1.tif,Flare,67516,ad84f493efbbb27420cb12ec90504964e6bb01e334d07992475a8c549cfc88ca
621,Flare/2_10.tif,Flare,46983,f2c6595534abd4737be6bcde32e9c5c65204477ac2907e7afd1964f7cdaa6c4e
622,Flare/2_2.tif,Flare,61787,a5cf484fb8220fb499c993499693de2c33f4cf6eb056fbe90411b8f5c54e8f18
623,Flare/2_3.tif,Flare,53046,894ea2e73010eeb4080cfdf2852c677d43294aaf7b76560143427ca680d97522
624,Flare/2_4.tif,Flare,89542,591e5d5ff7f027fe28dfa07b18b17e727dfd56e29936121ad35bf492bdf4688a
625,Flare/2_5.tif,Flare,84884,0bfc44b2437122d1ea36ae015b25ad200685822065e952c5205b5da468cf50fb
626,Flare/2_6.tif,Flare,64177,c6855492432778521d61985c4c6eb76987b686d56b71fc18cff8b4dbe01c91c8
627,Flare/2_7.tif,Flare,47504,b50edcb046dda5e88609ef5776f9ce21de3bd583fad000dff7fc99d6c3e09567
628,Flare/2_8.tif,Flare,1060322,e81c7457164736e99d9fbb8b1a96375761a4c1e331c05dca2ce3cebb581b020d
629,Flare/2_9.tif,Flare,66333,88d58772a6ee2f322d1f66902270a5c4aa8616c912ae6e78fa6611de5352d1c4
630,Flare/3_1.tif,Flare,47016,d37389f156f9e3394c7800bd14f3f887633c1d5c8772e52b54f4099ef7e0f684
631,Flare/3_10.tif,Flare,47028,5d69d5618788a305b21b2aa47bbf49838b2e2f2858920234ee855b86c7f16639
632,Flare/3_2.tif,Flare,54105,b21c64bd134477edae637c7949dac3179a1fc9bf0637250cda0090bbeac3b4b8
633,Flare/3_3.tif,Flare,43917,7db3f225f88cb9e180cf8ff01f4613851de5f7ffdde78af4c5047b37f2ed49c5
634,Flare/3_4.tif,Flare,73676,bcba66489599f0d9bda6a7dd0b80e6a411477a510362182ab5690a5813b47399
635,Flare/3_5.tif,Flare,67293,02fd7b6e92682c3c4666d2da8e1d15ab3f4a99fdde2beedf8935ad2c99228484
636,Flare/3_6.tif,Flare,55425,23ec07d5b9ed170d108e14b4d6685e3109d8f6898c6304b3d7ed99eb71605128
637,Flare/3_7.tif,Flare,34493,cf742071cb86a430b2807ef2ecab6ab0a7e6107fb14615773c7541d4cd19c3c1
638,Flare/3_8.tif,Flare,1060322,0ae545663125ace6c05b2a065295231399c69ff4c2f56b13749209ab9cbe9ca4
639,Flare/3_9.tif,Flare,58049,ae3f46ec146f4dbf0d862b04f60765d2349d3c0d6a4191a0b3aedab38ab7840c
640,Flare/4_1.tif,Flare,61509,873bc7409e266107c2d6a5badea71eebb23b256f4501548afd9e8dca01f696c1
641,Flare/4_10.tif,Flare,56812,887ff9aa5a945d6f4167b28ed65bea85e2ed8f1dbf07bc7cc9fd4201ddb30f32
642,Flare/4_2.tif,Flare,54409,e451f4edb4fbd5ec7b59a371632f0f109c1311bc0d00afddf1dcb7cc07a4f2b4
643,Flare/4_3.tif,Flare,53526,0218a3fbebdd21ea7a17b163fdffc5337feeed9eaf4ab189f92b91eece8fdb7b
644,Flare/4_4.tif,Flare,81124,50c0a0788517e542585e7028e461ba64fe05ac31e0c45d082fc51408edb89f62
645,Flare/4_5.tif,Flare,78581,193c1b58d66de0c3d690044ef9490ccf9535aa720d93d23bd93604f4fa82dd78
646,Flare/4_6.tif,Flare,66081,7e9362589c468f8d321d756f623da8bd142677f6fdc5d65e41bce7e3f9712964
647,Flare/4_7.tif,Flare,41729,a37caf577c08b3ee657c8566803d7cd31b4c32641de9dd0dffe456f2a7e91901
648,Flare/4_8.tif,Flare,1060322,5bb69ffcdf543a6a23f7a5bdff9f69804fb5b1a2d63aa923870ca8897130e976
649,Flare/4_9.tif,Flare,79311,e2b12a6385806ac552e61dbd77dcc8bd6ec781b67a2525ba856c9bc5f554af16
650,Flare/5_1.tif,Flare,45228,f53091485b6d39e31ef24fed121ab696e2ed1dfa7aaeab6d0f4f6334dd275279
651,Flare/5_10.tif,Flare,49767,c599f421236341f6a9e7c6e200f000380b5a93b12c0d2f3dc817a6a0b8f0c130
652,Flare/5_2.tif,Flare,57229,52dbb8b6d31966120f771fd7354c9d9dbf31b93b44092bbb8162b7bc78bfd229
653,Flare/5_3.tif,Flare,44008,a2d5d697de2ffadf86ce54545f24120dd1c64013e9ab6c705c6013098780141e
654,Flare/5_4.tif,Flare,88080,fb3567c0f3a67c57ff88da90f0342c324206cf0626fd62fb6dd616dcc7fa2723
655,Flare/5_5.tif,Flare,64730,d03eacd0b96f487a3a1e2eba558342d5af8459cbbc3e7dbec33a8d1d583455a4
656,Flare/5_6.tif,Flare,56198,70b4da34b480a8ba7bc61e35a5c078a5c2b71667f4d1e983faac735576758840
657,Flare/5_7.tif,Flare,42602,323e610cad36a254e307229e2b2c2cc11fcb6327f8ba6babaf371740a6710cd4
658,Flare/5_8.tif,Flare,1060322,a5a66b595d0430f2afda3f4830d8125b5ddaef67c95bfc00202047c763508443
659,Flare/5_9.tif,Flare,68191,bd2c207a998cfc3892b0507e01a0863954e71d6b4155b0b5ab0f59c39c4aa427
660,Flare/6_1.tif,Flare,53712,2bc477989ca409cfd35c453d8163e41372441933fd3445cf1d995bfc8b4bfdc8
661,Flare/6_10.tif,Flare,52630,af8f45eef95226a2647777b622fff7f6b01e7b8c3049ccbea335d3a9b984209b
662,Flare/6_2.tif,Flare,59321,5159b32e0045c42d602010d3d32a5254063de470ff3254ade8f9d03a886d1117
663,Flare/6_3.tif,Flare,41020,a5eeaa00dece5b9ec64501ee200737a7d8cd81d9815c9d05a89a543cbd8d1020
664,Flare/6_4.tif,Flare,88397,1e7ee0f162fd99856c1c0bb6b404099a46fede1a6c076b88a3086d3011672886
665,Flare/6_5.tif,Flare,66940,df0e03443b448a9bab1862e6f061d8f4ec940d02880ceea935d4560fa0aacf20
666,Flare/6_6.tif,Flare,59201,c544b0da379f26eee46fbf161892f6e2ea64ede4b6be8fffa45d924060d09538
667,Flare/6_7.tif,Flare,35862,6d954db6560e87d2f334e62f4dc27da7774b1d4b144086cf10284d3896d12234
668,Flare/6_8.tif,Flare,1060322,753378209c3efb905e00105cb9aa707ddc6facd546e21bc5b616392a18155cb5
669,Flare/6_9.tif,Flare,66167,2bf8bd7d47716b1bc735745c402fc917f18f864161a20414880ea7d01adebe25
670,Flare/7-2.tif,Flare,60600,501c7660adf989635d4df1cfa0472d0e084e647bdf6cf3991682c9dd37217c45
671,Flare/7_1.tif,Flare,43526,434304e43680b3adca08d8433d76c581f56ae38cf89478fec02fe4f439c53bd6
672,Flare/7_10.tif,Flare,57379,22af7fe2c2f182a92ff4a6058dd9beba78630e8d019b625086c552f4326cf65d
673,Flare/7_3.tif,Flare,47950,4d9cc36ec92e06bf1343be44526e59ecc7f1ba37febdaabc9f79aa939b04f03e
674,Flare/7_4.tif,Flare,82885,ba5202a0f75dd4b524db5576a2f2899bdb78bdc3724251684a631f9f76749ee9
675,Flare/7_5.tif,Flare,77958,e13454279fdc06568920d96d00f18ab7b44125e3c3b52be691a66755bcfba2d8
676,Flare/7_6.tif,Flare,66154,ba3c2fc84516f7d7854a41e2b9138e4cb65eb2757f5b99149c0161247abfb703
677,Flare/7_7.tif,Flare,42745,c181f4c8d5e27378c8e539a1805ac5eaeabd86a475cc6097f776c1ec4a995fbb
678,Flare/7_8.tif,Flare,1060322,3afa56acff7451d0af6e7983ab7e41e10e2b1f9eab6ced7393deb861257cf30d
679,Flare/7_9.tif,Flare,67572,4ccfc5e8d817fcee5851617fa745f0d32c6fb850f76cede79a73873f335f1159
680,Flare/8_1.tif,Flare,62666,5d24256d733e335fabc7881497b027ccd69fc0c9d68f2201101c74516f6e3f42
681,Flare/8_10.tif,Flare,64113,ceb2d4183a786f0d1f6d190a38d8ae8ba91f93707368559a06d49bc78a1e4640
682,Flare/8_2.tif,Flare,64575,9bd97c92e31ab964511ed7ed764df6ed335b97693426088d1ada901561f1d4eb
683,Flare/8_3.tif,Flare,62567,627aa19ef08772cb702c4774f3df1ad75a6ed853c4bb4b1d89075419e4daac80
684,Flare/8_4.tif,Flare,97144,fe04a9ca673a8dafe00b4baf4da424e6ac874887f7e3fe4b94db0d740eb0832a
685,Flare/8_5.tif,Flare,98485,c3d5352c1b364555ff05186033319ec9ff95a88453acbae59c78d9515ef29c81
686,Flare/8_6.tif,Flare,75741,da4228608ca46a56c48b986ddaa685b108a1f6fca0a5f00ac3e4121b1241f8a2
687,Flare/8_7.tif,Flare,41416,62122a63604570fa196cf912e5087b423f49bd4d6f29425c6b829a50dce4fd94
688,Flare/8_8.tif,Flare,1060322,0c2a89661dfa3f67075bfaa188c0c61098f8a42524fb754aff8c8a0aa8f56616
689,Flare/8_9.tif,Flare,70108,46f6688d6e45d812a3d8bcc058d3486f3424078f7e4c9e783f4ba4cacf17d49d
690,Flare/9-7.tif,Flare,35857,b5991710985b455c749bf89aca5c02299f6a86f67615e72c744626f387794f83
691,Flare/9_1.tif,Flare,49302,7e45498341cf83d517b2265abe9e8c915ae5999fd965e5479f2e0415633c042b
692,Flare/9_10.tif,Flare,37407,b9af02d307ebfa3598e963ed5c2a4f6221fa1387b0b5522096c53947d69e2cce
693,Flare/9_2.tif,Flare,57569,335e67eb5e35cab4278fbf4fad71ef9aa054633bd5ea933403064608763a9ba4
694,Flare/9_3.tif,Flare,46478,06248a925e8fa76d3ba5d37534ade61669031af7d4acb4db599615d3896e2e9c
695,Flare/9_4.tif,Flare,75536,1243ae4fbbcb6386e864de90da6f6fb8b56c2cc70c47c42e06eec5f88a7872a1
696,Flare/9_5.tif,Flare,75710,6916d78705add73e54c7782cd5688549e257584d9ea8299dd789e2ed9e895939
697,Flare/9_6.tif,Flare,56785,a5c45d98ae64d4915bd007d293019851d107e050b2f16fd17f7aedc6171677f3
698,Flare/9_8.tif,Flare,1060322,cf917a9cc9253a7f6b12c5990cf3b25a557ed1dd168a7b825db2aea694755827
699,Flare/9_9.tif,Flare,63714,8f6385f81e0c147a0b01fe71661d1a099bc86fe42fd9a51dd72df4ca943fc7bb
700,Harem/1-1.tif,Harem,124842,3b9e7058c23f72d26ce53d6a7fb0a0578c20f4cb6313773c04109545ca5e264b
701,Harem/1-10.tif,Harem,31330,9c1d82f84d68cc91b99b27fd6a5a935fda4029528d608f729752e81d28474a08
702,Harem/1-2.tif,Harem,128376,ae1f7efb0499342759a11631452bf82f4ab09c275d35e9d071a3feaa63f0b68a
703,Harem/1-3.tif,Harem,105388,9ed34f0180249953700923e215d1467c103a15dc6a49e13f55c333c515b949db
704,Harem/1-4.tif,Harem,70889,346331858446493757dd0e0174afea0dd74666019030f9b7b242b6df3e2a34ca
705,Harem/1-5.tif,Harem,50155,18f99f9efbe297e651875c48c6266aaf2e1a142501244dc6ec29a0fb2451545c
706,Harem/1-6.tif,Harem,116682,caeb10610cc8dbb459f535caa7041d682db40988f36e526b7370afa0bdc35e47
707,Harem/1-7.tif,Harem,30901,b97c66f7cfbd19c98c3a0855b7671c6a097c982e229f9996e7b0702ec9bab42c
708,Harem/1-8.tif,Harem,1060322,c0a9e76fc664a5843656274738d42231dab06ecce0548f89c170f844617a69c4
709,Harem/1-9.tif,Harem,63554,a9853eeb28dbf3b90a566adb72f1bbc7237c97c347faa132bf49678e1404c9b7
710,Harem/10-1.tif,Harem,76112,ec2263fe71785262951a62b5c3d1a2ff67af3e45dc6852a3b064bc7cd163f9eb
711,Harem/10-10.tif,Harem,52953,91af57a9147439021c45d3a348853f4f92ec7ef975d04e6c736e4240f65be06a
712,Harem/10-2.tif,Harem,69664,73b1f3731960acc3a40bb45646693ea67601ccd140150add4a5005dbc54236f3
713,Harem/10-3.tif,Harem,46655,c6e80948aa2df7dc658e3d7a1c0887af054fa2f29bd4c35abd848bc40ff79600
714,Harem/10-4.tif,Harem,86564,4d99c9c1d698ad2fb7db813f8720619af538505352d89acb6e27c1218a41a2f5
715,Harem/10-5.tif,Harem,74076,591f92d675bd1d284c2f48aa2880c296ac565fb3562d4e860ab9d30dc78038b4
716,Harem/10-6.tif,Harem,45244,8503961c6101f181899cc44068559ee960fc76f675c97d6e18b6bb291582a846
717,Harem/10-7.tif,Harem,35840,a7c03152468bf341a00b0240e661978d418daf20e14265cc583c80a14502524a
718,Harem/10-8.tif,Harem,1060322,087ea20db2cc92104c1bba9206016aa54929539606bd36ff8028f47677243db2
719,Harem/10-9.tif,Harem,93204,d189ffdb9bf03097c6d68cade573e8e499d1428a2ceaba1d83123722e2138e8b
720,Harem/2-1.tif,Harem,147458,89d99c28dca216f0a75a7c6b809f302b90dd3d89b13f1c0a6c1754e6029455df
721,Harem/2-10.tif,Harem,58870,4a9e99c86e44a03eba53d3d0fc03732a263c7c2af7598db4468da47e6fcd8ca5
722,Harem/2-2.tif,Harem,63878,5aac5b351bcf7506caf1266182b2853d1c551db6c964d3f8083fa7a150276278
723,Harem/2-3.tif,Harem,115492,129bba0639cae98e673a28d889c0e9871c34271dff52c52e4f7c8440bfcae3ce
724,Harem/2-4.tif,Harem,91487,31a674b7c3ecd0482f10eefeec4512f8649f4639fbc68e2a0c8493c97b53e761
725,Harem/2-5.tif,Harem,92555,477c2c0ca1ff749a21bf234ea90928a6680783b22c4ee43289171b0021fe1d11
726,Harem/2-7.tif,Harem,29369,5c5ca9b38a81ed4e9bf6181311999762e85ee5418e1e149baf52ccab158b15fe
727,Harem/2-8.tif,Harem,1060322,529218fe4aaee710ef6f0ba7b96f46d7919602db422d4ee98c4495bd553d0fbe
728,Harem/2-9.tif,Harem,78038,8388d2b1de6d9ad68e61ca1578a74255fe47e39672dddbacff3aea26edce2387
729,Harem/3-1.tif,Harem,58456,d70e7819274642d2fd30dfd8d515772771f4b7b66f98a3523105c9d1d09349bd
730,Harem/3-10.tif,Harem,57182,e446ad04569fa4a534b0bd55d71079d1816fac9c41e16427f3b5beb2b26bcfa6
731,Harem/3-2.tif,Harem,74921,d43912ec4bb25691a93ffc37df4dac72f3a429cdda977051b53a37336f6a91a6
732,Harem/3-3.tif,Harem,39765,5cbb5e90b5f30823cc483568d26574aa986772441c5d2b781be0407b669ef4e2
733,Harem/3-4.tif,Harem,103698,9263e5ebd7b4610a19251e4430bcbc76967d2a1f42c99c9b829fb78bb89ed0f4
734,Harem/3-5.tif,Harem,95402,781b89c416e01d98e61306295405e77c7af08c0d6dc379f9d264d67686a9b797
735,Harem/3-6.tif,Harem,70707,b86633d5ed48eb8ee5dca8937c5fab2b551642616511c3a40079d0ed223c0b70
736,Harem/3-7.tif,Harem,41888,33bc5b248d522e5e6c0b439bd6d47bd4a5293e45fc9aa9548841d60f3adc35fa
737,Harem/3-8.tif,Harem,1060322,4649cd11f66259747623b2a2bb8ead33c385bfb3d7dd8c2d1795d57151ae1c04
738,Harem/3-9.tif,Harem,112276,72157c0267f5d52c785b102abcc64364e2f2506666b4792711e7eee68af32c90
739,Harem/4-1.tif,Harem,45495,15a09820d0df55207f7a60e0040890d620803ac77445c4cf73c6ed3faf06b5d0
740,Harem/4-10.tif,Harem,61661,20faeb016a261570dbb60c70766cf0566a013e97c1b1aae5d686032fd4ba7ab2
741,Harem/4-2.tif,Harem,66217,7fce6d5c294d24cf4233356ded142585d0443f576247af0f9da64dde4ad92b58
742,Harem/4-3.tif,Harem,50218,e2e666f8be64da0f1222fde11bc44f51231d547c77cbe30a021fd4ff31e377ec
743,Harem/4-4.tif,Harem,84613,c59024d9c20d48900285866f67e7122aad934c2d5f0dfcc1ff37226f087e23b7
744,Harem/4-5.tif,Harem,87953,44b62e3bd0762ffaa99785a19391d9ac792f34c57dbf854f31db53c03571eef4
745,Harem/4-6.tif,Harem,66810,3773d17f31a0f405c06ac0d5fb4dff98a8eecb6b4906245a97862659faf5fd83
746,Harem/4-7.tif,Harem,41523,bed414cef90308412ef1b19df2bd235ce9f77306d565fcaab47db391caecde4e
747,Harem/4-8.tif,Harem,1060322,fc84da2789fb96a8235cd4904e173de5d844a9be0f5ab4e4504157054322a1b8
748,Harem/4-9.tif,Harem,81035,5fb313ace839a3733667b555c79c0f1288819b0480a60697201c6484d2ccfc5a
749,Harem/5-1.tif,Harem,46390,f7015cf43dd02b91150aa371ab5be33c90a67b159b4869f0df16d519237d583f
750,Harem/5-10.tif,Harem,48113,e6f4c98371e1d74c0c64d36d963fe3973e064ed4c5be3a54b0794dc9ddabbb3f
751,Harem/5-2.tif,Harem,58777,447a5fdff58b504fad1d0f6c08680a4ba551e8b89f33d039adc927b4894600c0
752,Harem/5-3.tif,Harem,44599,3c293a2a14cc7bf23e6f862a341b079bd189e266fc7101b09db7d6f88063a6c2
753,Harem/5-5.tif,Harem,78344,da8af11c4accaa10796627ba23c6dd4ae6832abeda34af113992eec08584ef77
754,Harem/5-6.tif,Harem,87766,3424de8504ffdc9cc98bc702b3beb0d774ac7768b917fce427b4e85f60facb08
755,Harem/5-7.tif,Harem,33114,44320e3ff985ef6cb056587757a680305f19d0f735aacb6dcdf7ea5e48d944c5
756,Harem/5-8.tif,Harem,1060322,503f7dc198b0a175a3474d8457a76a0292a81690b4b058f434d63b7c48c23f19
757,Harem/5-9.tif,Harem,188954,d231bb132281cc9dd7de57a0bafc5433279bd966864d76d62610ab582fb91f80
758,Harem/5_6.tif,Harem,56862,93aa77e56e5f343760300f21948a55b10da64135550038829f45f11e71b41d37
759,Harem/6-1.tif,Harem,59050,b7ddb3bac54b201c5c6fe5064cef73013227137dab0b5ada2966297348a199bc
760,Harem/6-10.tif,Harem,54699,c35135b1626b4552c07e9aec79d8e2e563917673d893d7c2b94b01bc985605ab
761,Harem/6-2.tif,Harem,62120,1c3efea5550e97bfc3bb51449df7849fa643d98339f887e1bf7ccb3bfd0a16de
762,Harem/6-3.tif,Harem,51438,26358c758a7244faeafafafe3fc6cff2a91341b351c8df3627cc56ab9cfa5f93
763,Harem/6-4.tif,Harem,91161,57969426f418ff7166b7f279e7366b907345ff7fd446e0e969f7b7670ef04b71
764,Harem/6-5.tif,Harem,91142,e818e3ae40da3adc9ff977e5958685878f51d1f4ce4d089fa107a42aeadb810d
765,Harem/6-6.tif,Harem,45837,13ab0044f63bdcd1dd4ca83cb68a2744056d656b93a3b3888018fedc02eb439b
766,Harem/6-7.tif,Harem,35047,5e715f5da19636f1c6077f328b3b3d9694ca5d25cd5abc9476941ebad7dd3ef9
767,Harem/6-8.tif,Harem,1060322,a0b032f90d87df5402954db7adb245980685f8c9ff7b73879c79dd96d0cd3b5a
768,Harem/6-9.tif,Harem,90269,2a765704cbfc84ed45497c778bd72cd863985fed367495dcdcfaf5000e39cf87
769,Harem/6_6.tif,Harem,57670,013056b614876d4a18e2eafe259c303500221b1dc9c3616c90937eb5281a0515
770,Harem/7-1.tif,Harem,61944,120cf14cfb668459a5d706139e14e3c6f86697dbd9c918d948ec24dcc02faaa0
771,Harem/7-10.tif,Harem,62806,dc601be89700c6fd407fcd81e378bda8408356e29d3148ee1ccea908034921f6
772,Harem/7-2.tif,Harem,69160,3f43a88731129a94c06a2c5ead8f95bfb15d6ed24e2574ca08122fa315f4d35b
773,Harem/7-3.tif,Harem,49795,8f0b926279b80a8f8d0a1c74ca294abdbafcd132000c2546cba5c2831dfa6357
774,Harem/7-4.tif,Harem,114095,c1dade24604f68a2e2b4e912a22eebf4b6f506be2da3de6a9df38de878965147
775,Harem/7-5.tif,Harem,89535,ebd6472390206e957f44bcbfd1a7c4bc7541486e89f0c994e6b72789c556071b
776,Harem/7-6.tif,Harem,65042,6ce9d0b68fa67404c4036e19d304093f7fda4c1a67aaeeedd172612732f84270
777,Harem/7-7.tif,Harem,45280,db1a2ac5bfcd3beb1a6d2cd6e073249ee0f04cdb4a5a733714086e06fa272dfb
778,Harem/7-8.tif,Harem,1060322,d977d634b4d005c5ae7e4cff7d2e8fc7ae206c12afcd84e83fc05e42877037f3
779,Harem/7-9.tif,Harem,96088,8b0f54fe664e7f43760c975a46eeb92cbc7293aed3e500c7931f3d3bd4897f3c
780,Harem/8-1.tif,Harem,47802,6afbc66f41e5330ec4c6a2ccc0a5598de17445fb2ddaaa20a32fdb86b6edcc33
781,Harem/8-10.tif,Harem,53264,97133a68ec5d1c99c1070203106898bf197c3b2409d709de8c6849eeac804aca
782,Harem/8-2.tif,Harem,69536,5ae329845f7882377ea2603110a39b77c4117e156a3c8eeb509522e87334cc29
783,Harem/8-3.tif,Harem,55895,7d9a6412643cb1b8648b6703d040036b74142847169b98f9d10700435f58ccc1
784,Harem/8-4.tif,Harem,93053,48717269e7088b4b0e1194302272eab0b1c7ebad88f3a09792cef9f9151a3e3d
785,Harem/8-5.tif,Harem,74169,016d7d270cb641d2dfe6d3729c70cdf3df3b22757f7e9abe8e793d16a03663cc
786,Harem/8-7.tif,Harem,42967,ffb0a9868a634ffcac91b3742bd0484221f7ea1cd55b9dbdc46094174b389f6e
787,Harem/8-8.tif,Harem,1060322,6e8f6a0e9ea28bc509456d98816742c5902d0c84a6b1ba34d0ef76bc3543a0f4
788,Harem/8-9.tif,Harem,88695,b8732c603a7121d91c9c5c54f3b1b3562cefdd40dbbed951ee0ff384a31e8abe
789,Harem/8_6.tif,Harem,162250,18c844bd7f57ed4f96b1b09c4530d5cfc5775e4f71dd46154d56d4de06106672
790,Harem/9-1.tif,Harem,60375,05f2511397abac4eb3700f40e462f15b9aa75e4598dfb6fedbbeb00bec1742a0
791,Harem/9-10.tif,Harem,56673,1f56913c34438dcc9c0c33bdb63f6e48286c2db2c0f1433f470d0a828f8cf6f5
792,Harem/9-2.tif,Harem,67642,e92c4905d34db8a2dd0be91c991a516c6bf405fead3092d18e6023774373834a
793,Harem/9-3.tif,Harem,51491,cb4e645177c4899d17e82d5e7e76a7909b22c83ebf82c56b5983031b67516108
794,Harem/9-4.tif,Harem,103128,af4a22f87456f3ad9ef41abcb2386cfbe9787d319934dcfd01a7f0f5d7c1c47c
795,Harem/9-5.tif,Harem,85753,30d5b7f3b7401d3dc60e438a6706102a9f2788690cce853a9eb144436c6629f9
796,Harem/9-6.tif,Harem,46309,22c47ae5a3db40b4b27239dfa978849796938502266417e7ff7e7bf4fbaefd4e
797,Harem/9-7.tif,Harem,44442,95c42c823ee35fde125c0526878ca86d6030f5042c49140a653e05bb979fc3b5
798,Harem/9-8.tif,Harem,1060322,1b58754d3e5574b7a87eb0a2648d2fe2aa46aa162a93a0d04df022d1c7c469f3
799,Harem/9-9.tif,Harem,86986,ffc574e8a84d30183bfb78f884b24e585fe2f2a912c1ff4c8b4704f17eb2810e
800,Hoodie/1-1.tif,Hoodie,54613,4bc2535dc00a3ed1b45b4b64fe716337cd5071d862d110c13176fc09dd404ec9
801,Hoodie/1-10.tif,Hoodie,35751,f304a5f87a5b37dea3f98c2937d43361383a95383e464d2ec29185d6b2e27452
802,Hoodie/1-2.tif,Hoodie,44336,1778a310d83f0fb6c9021f544ac411b93812ab8d7fa41141efa9669ee7d20100
803,Hoodie/1-3.tif,Hoodie,54073,1ec296275d492db8efca4269486c6bd635057ae879b3846f6057ea2a85d00f9d
804,Hoodie/1-4.tif,Hoodie,66018,39f428605c75f9375e982909b405542a89f9e514bcf3aa0264a423ebf597e2e5
805,Hoodie/1-5.tif,Hoodie,57542,df9834750be0acfcd7a01d3ace9bf3a48d1b8ddc9292638b666cc5a3fb45af58
806,Hoodie/1-6.tif,Hoodie,49975,e1cb08032edaec93bcb6abcfc98d518888ff40d0c72d0d8e78e4e578fad862df
807,Hoodie/1-7.tif,Hoodie,48735,a07a5e3a94e20b0c6b8d9be2f21ce77d4be8eb0a666ec357721086671c6f5413
808,Hoodie/1-8.tif,Hoodie,1060322,5cb5b7b5fe98ff155b615c83ebb9c81ab998b3b80be05bea7698dd88b8072256
809,Hoodie/1-9.tif,Hoodie,49926,365f95fa273cacf745ec65bd3a78dfcd318649197735dd910bc1adba65c71f3d
810,Hoodie/10-1.tif,Hoodie,50281,c4dd40ffeb69c67f07c959c758f52e9f9fd4c2d18f3047f87fd4e0173a2e1249
811,Hoodie/10-10.tif,Hoodie,34264,36bc9b8f6821a7310ff44ab754f4d05daa1601e223dec75c8acbeb32be0bc10c
812,Hoodie/10-2.tif,Hoodie,45245,d52196774a0c48ae93c7ed11a8f4d212c213fb1b6249278850c7bffce8059f4b
813,Hoodie/10-3.tif,Hoodie,45426,7b67ec8a890d3b7da79d340b3187baf5b65de3cba81d48d9206efa442be6eccd
814,Hoodie/10-4.tif,Hoodie,51328,d09000640fd76bf6c54f1b5780c0ae3fd4cb685e7e7df477abdd0bbd0b1f3272
815,Hoodie/10-5.tif,Hoodie,55903,816808a70d973bc51ad543b0a42a39fec6e1b5f9cb46420200b83f8a13d8aa52
816,Hoodie/10-7.tif,Hoodie,46068,0e12d685f20b8d1e53ec6d82b891245995d2ad66dcf25e4298df334ae59b2ddc
817,Hoodie/10-8.tif,Hoodie,1060322,e49895a570fc7fe7127b55828de2995e2cd25b68f5b100fb319aa013e6d5fdbf
818,Hoodie/10-9.tif,Hoodie,53696,ab1dc10d062ca5a4bc118b47b0374e0273757d1ef116e4b98dbdff2d199ed8e3
819,Hoodie/10_6.tif,Hoodie,43678,4434bf917cf0bba46ef3f071da7573c0be0696b4f687c97e8f514e9b48cfa9cf
820,Hoodie/2-1.tif,Hoodie,52713,159bc8becbbd07587ccdfeb3012e11e450fbb72a9421a8e31c76a8867d9b6168
821,Hoodie/2-10.tif,Hoodie,35391,cfd9d4f0f1273bf6a30951022e101ce57dc1e6a963a3b9cd8031cb14301d2e39
822,Hoodie/2-2.tif,Hoodie,56824,138073cfa40ff17ac18daa340c190f82fe0db60bd7ad4f9e1a215392d9fd3ff2
823,Hoodie/2-3.tif,Hoodie,44067,16ae839424f22af615305f358d406a8cd9db78215e63bf3af9621de8f37851af
824,Hoodie/2-4.tif,Hoodie,55242,18be52d4500ed3a69e986eab183f4e157719c5810f1b8fa2afd1d349801f5673
825,Hoodie/2-5.tif,Hoodie,60692,21b908341be7790aeca0a77658a5e59989a2ed919c25d6386436819f6f4b76ff
826,Hoodie/2-7.tif,Hoodie,50940,8cabada7c44b061b555a5896b0d482ad0a9b06f85dfdf8f37c648ad888bb88e6
827,Hoodie/2-8.tif,Hoodie,1060322,8b1e838b3d742a45979efb14bd1500b7171baa8239e1df2de76f536a4eaf9fd8
828,Hoodie/2-9.tif,Hoodie,51116,067aa6474d47647f41204eca9e5748618ac4ec8342f29a77ef7941be4e8e83db
829,Hoodie/2_6.tif,Hoodie,50327,0ac9a3932ba32dda88c9b157bb7d0d61d28b66f79ce2a815984037228cb88aa2
830,Hoodie/3-1.tif,Hoodie,57517,7709dccddd0d7906985ebac18e3aca044404c4a96a46f06f7422e8692e46aaa5
831,Hoodie/3-10.tif,Hoodie,46594,a014a20ec3ff1e6316f7b2c5b9974c1eb79a41a2115c5287f51fd6f6a588bd77
832,Hoodie/3-2.tif,Hoodie,57336,0442b6dcf0522c09b0910c5c451ee8e3133f291dafa97dc96ff644abf140d7c1
833,Hoodie/3-3.tif,Hoodie,47187,25874b1798971666f20810f06ad463e21f83059d207c2543cbafc8a21613fab6
834,Hoodie/3-4.tif,Hoodie,70028,7bef4faabf40e7c522b70d66347a65c1d170e9cb3eec8d71f4816be0057e46c2
835,Hoodie/3-5.tif,Hoodie,81661,77f2a6e4edea1e40d24d1730aa3d809f10e08b1fbc2857f2538cb0f23dc4aeab
836,Hoodie/3-7.tif,Hoodie,63175,c3ff74fec12ea78d95043e12871b0df6549a16b039141b08e286ebe7712ee9c4
837,Hoodie/3-8.tif,Hoodie,1060322,081107225a5a6480194ecb9cffbb2c5a81ec8a69a151d8816d58568ff732bfc7
838,Hoodie/3-9.tif,Hoodie,50671,bed33e72b4d7881ec1257d6eff4fc6da497caa0ea9a8bce1bb2ac9d1ce1a813f
839,Hoodie/3_6.tif,Hoodie,57592,905843724f01218fa042c6299ef14da6da9ba56ba88923746a242558f5cdc41b
840,Hoodie/4-1.tif,Hoodie,44159,41e6175ffb505b63a9c3ad56fd2793a48ddea9f3fed662e795e8c1c26f28ab93
841,Hoodie/4-10.tif,Hoodie,36461,db122bb382a9ba79db2b523b041a5ac7851a5e70bea23f8ab90a230fe13b291a
842,Hoodie/4-2.tif,Hoodie,45897,1bbd60ac52d74c05d4d6cd810f109efaf43d2e2c73889139f3872ef4e5c2b9d2
843,Hoodie/4-3.tif,Hoodie,38609,c437e4e2f3897867985e51801bf20bfbf64a0dc7483e1abc6b3b19623cecb647
844,Hoodie/4-4.tif,Hoodie,60227,c61ccbe5ba841d0570a4ca6d70ca618071471182709b03ad3858134a426c2eec
845,Hoodie/4-5.tif,Hoodie,73952,62094e98f80723eb9c6a6fb0e8fde3ed198ff92a47c5193217f762398465cc90
846,Hoodie/4-6.tif,Hoodie,50047,a423b9ba722f4fa0096c2461ec1d73e217c413b4ba450e0f5c8341a76c3938ac
847,Hoodie/4-7.tif,Hoodie,48947,1959f8177f9e85cd890bfdd593c6c5d07ec4b53faf6f4f596b003f3227d3259a
848,Hoodie/4-8.tif,Hoodie,1060322,05190be6bbde6b0f15f491d4b2b0754c320af981d0e52d310f5b905263dff0ee
849,Hoodie/4-9.tif,Hoodie,54019,e2bdf843b667506965887e6a5d48163ed27af9a4a75fd49eacfa8dbf3176e600
850,Hoodie/5-1.tif,Hoodie,57053,d5d735d2bf4fbfb55eb0a8b507d10c5dcb485a1b7ce5331630f506fe17b24c4f
851,Hoodie/5-10.tif,Hoodie,52569,e3bfe52bd2bf91ad07d70a7dacc97bf3c8a55761ec494bb42aac7aee4776aaa6
852,Hoodie/5-2.tif,Hoodie,50314,fc23382a2e48daf1f22f78028e70d792c062fea3faa656c48d55d006d26446a9
853,Hoodie/5-3.tif,Hoodie,48583,d1e1e2401861ebfbf36e8442b8606266704e747b3da38f156b7fe89a7271dc30
854,Hoodie/5-4.tif,Hoodie,70968,c9609732267a9935b543be216ed455f79617292b66e9bc56683ce66bad171292
855,Hoodie/5-5.tif,Hoodie,73767,76601b8a0f797d7b8e3572edf99de21c519519b43c5f87b726dc03ce8d2c3d05
856,Hoodie/5-7.tif,Hoodie,41941,c4f99ecf2cbfc4e8a98256edcaf1ece487b8cf276eb8020e9d7c24d1b0f018f2
857,Hoodie/5-8.tif,Hoodie,1060322,70b357f8b39ea898112afc2edb8d786aa768db98cfcbc7ae448f518136f63b27
858,Hoodie/5-9.tif,Hoodie,54664,726aa79723cd2926a0665182c7e34fb33abd78a89e1f4c373aa7b8dea8b97918
859,Hoodie/5_6.tif,Hoodie,58592,8126c7c5d97cb92f85ea36aeb55db492acb2276e9e5a78d76c00af8012776daa
860,Hoodie/6-1.tif,Hoodie,51339,37f2053581eca0731145cc27e9f0bf6c9e5d2c15bc441efed6eeaafa161a0c6b
861,Hoodie/6-10.tif,Hoodie,35031,7fa61c70de43c1361968cefa5fb19777558fef2edb54db6778209397a718cd58
862,Hoodie/6-2.tif,Hoodie,33132,e82995b9aad79f5b98e54f533acb2bb1a20cff9aae74286c016713b499b23a21
863,Hoodie/6-3.tif,Hoodie,45889,c371637bb03a0f9ea1f59695e797712a6edded4aa7e800aa232d449bb59f7812
864,Hoodie/6-4.tif,Hoodie,71679,8714fe2c7cb6ec218a64dc6fee825fdc06beac9ff9395d37b3039a197beb7a7b
865,Hoodie/6-5.tif,Hoodie,68784,ac1be09a5c357c54bbe2bb05da4fa85a435f433a588d971c280295fffe088e50
866,Hoodie/6-7.tif,Hoodie,43055,a1daf04f6672931462e9b18c68a54156d27dff8487a7d3a74d3261653b883a6d
867,Hoodie/6-8.tif,Hoodie,1060322,5ee9c0f20bf86c6e28db978a05c3cf63500ac1860d4b2b060b26d15917014834
868,Hoodie/6-9.tif,Hoodie,49421,9535a7f63db1ad1d304011f021e05172b3461eaf889f752cbbba61935da51b83
869,Hoodie/6_6.tif,Hoodie,44097,fcacc4b76fb0d54bdb349f4c45d20c387701cf5fe2228e30082bd376965d21cd
870,Hoodie/7-1.tif,Hoodie,39299,9121b514af5a028b102ad31ea10d5c1ab5e8f3a85dd0ef98c4d382c22fafa139
871,Hoodie/7-10.tif,Hoodie,38159,eceb991de0e376ed16cb01e2452f33ad9690cfcf510d23811b11a9f4a68c5ade
872,Hoodie/7-2.tif,Hoodie,35756,e660621c709dc4a310a91ec687c4efd11dd7c1d6f8a53c4fcaf9c8e1daab5637
873,Hoodie/7-3.tif,Hoodie,55921,baf47522512236fb61b82324b77560406009f74285a4e0f740b1d18a9f572f4e
874,Hoodie/7-4.tif,Hoodie,53776,a95c61eb946ad30474af9dd205a9a7f1aad434d648bfab08944175f38cd05324
875,Hoodie/7-5.tif,Hoodie,60119,1b6f9d2614e090f498891be525bc419f14ba6feac41ebed48aec46fe34517dff
876,Hoodie/7-7.tif,Hoodie,38126,2171d4a3178b4885601d87407e6d661ae84f565da7235bcc601a1542a160db46
877,Hoodie/7-8.tif,Hoodie,1060322,641af9cbd68ebe8500ce00cdf1c40601eed945e9d343bac6e1d42fd621735cdd
878,Hoodie/7-9.tif,Hoodie,45233,e26d4c7f5278d6dd5af3648235bf8bb379b5a3a2680cbd6b0d7555dacaae5adf
879,Hoodie/7_6.tif,Hoodie,54842,822def0b9866b0b905cf36e928895872389656380506472a32e2a87886790325
880,Hoodie/8-1.tif,Hoodie,57217,15abc412b06040b3a468e63e4ecc7f4b0a5265eb80a5e9a24f5d3afce6d43522
881,Hoodie/8-10.tif,Hoodie,47766,fc1b2ca1f6765cadfad1f22da598745a56f8adc2a5d025b1c2b5a14a38168da7
882,Hoodie/8-2.tif,Hoodie,47017,733b0a5e5e7b9363289786875cd3d7fdefbc2e77e7772533a2c3575690408932
883,Hoodie/8-3.tif,Hoodie,68474,35db1b896c52d9924369d28a3ee54002df2c9e168d542593f08a576bacb1a46e
884,Hoodie/8-4.tif,Hoodie,86188,c737980683556ab5928d6136718cae51df49a63f8da958cb559c79ba70fcd4fa
885,Hoodie/8-6.tif,Hoodie,80168,7554ad7b2ec20db9eabde22fe32f889d2cf813e92671f8d4269c7bbe6f9fbb28
886,Hoodie/8-7.tif,Hoodie,51238,d8030f68eb0c570f34ad11e0314b295bbc0ea3ba2ea636b5528aa0e121e03ec1
887,Hoodie/8-8.tif,Hoodie,1060322,2fec8cb5a88c7db22021c0bd897147aa12ef0384e67a1653979582b4f7ccc153
888,Hoodie/8-9.tif,Hoodie,79444,1901bc2c66ae9b5b7314987289f1326e7dc9b9c169efb109b48f0b54b79e6754
889,Hoodie/8_6.tif,Hoodie,60277,e2236c8a41362830c0d2c50fd8f1d0e0357207b5580759d0356b0c4801a10ab7
890,Hoodie/9-1.tif,Hoodie,66151,dee3a992310d8deaf09418e7059b439771e759e50d19436ad44dde6180dad05e
891,Hoodie/9-10.tif,Hoodie,46833,285cdafb6bbec0507278a5a91bea368eadd0e3ec7453061c25d4a728cd740cbd
892,Hoodie/9-2.tif,Hoodie,42364,73a6c2902f2af54b668ac204fd496449dd55181eae9c0c326229629c571e2ab6
893,Hoodie/9-3.tif,Hoodie,54164,675f73dfa718e5714071787d2684699392aed5b16067326f305632c668610a78
894,Hoodie/9-4.tif,Hoodie,72584,e49dcf61ee1b8f8ed959a14ca53d5821ed8bf687cd3115504fc98c38577cc589
895,Hoodie/9-5.tif,Hoodie,66827,d448eb2424787d87f015963593f6840aa8c1eb558a5976786c8e66e819aa675e
896,Hoodie/9-7.tif,Hoodie,53295,f7b5a3eef9d33bf7d7455c57c50b726129b45af2658be4a2d05398c0752bc1f3
897,Hoodie/9-8.tif,Hoodie,1060322,d81c8236ed0dfbeb785999efd1653b874864bfd8ac1fe210b7364c0d75d48c7b
898,Hoodie/9-9.tif,Hoodie,65491,55fb6523e6463c73ec2165b73b407cc03d26851ac0c33d3790c1680d46a1aff5
899,Hoodie/9_6.tif,Hoodie,46156,b8c4254cc4ddb8fcecfe110c8f0c3410a286c6694231ea8cae7d055b90eecc03
900,Jacket/1-1.tif,Jacket,63745,b9a41ffe920a621db46becf010438dea9748c9616d08d45a382f75a2062d417b
901,Jacket/1-10.tif,Jacket,48981,6fb1f099890c844b7076abc9eb35494b8df4176051a49c88783b511945a30642
902,Jacket/1-2.tif,Jacket,49752,e82be4387c9dd72aca7f27aa10cf6786bfce25e1969ab659bccae53f634a089b
903,Jacket/1-3.tif,Jacket,63986,204e68bd5f0f63dd327d04daf86c1450429fac2f6909e6a4e762a9d5a62f0274
904,Jacket/1-4.tif,Jacket,88123,2afdfd374d15655cffa28336a521f8a0d3e1e519579ec55738550c44180ee2fb
905,Jacket/1-5.tif,Jacket,75757,71acfb58ab88076e2595c1502a2eebee06c96607ee2fe79bc5790a0ab188b89f
906,Jacket/1-6.tif,Jacket,56539,f3d7327ded043743f596f581f125465f57106b88d7e13d5b3fa6cbd97c2cfdfa
907,Jacket/1-7.tif,Jacket,77454,8362ce4adfa959dabac5529a3a6f4638eb4839ed47ec526520927fe534918958
908,Jacket/1-8.tif,Jacket,1060322,8ebcbc67ecda4cc838d8ce07e6588f037f0ce615ed6e3cc34a0957cb139570b0
909,Jacket/1-9.tif,Jacket,76587,a2eabcaf69ee3ec6fa61a4c44462b42cd4b58c865fcb80f93bc4c2adb8ad62c2
910,Jacket/10-1.tif,Jacket,66525,f4078e309d336182d064fb5fa93afe8ca8fa47613657c090c2bf75b7c8fcf0a9
911,Jacket/10-10.tif,Jacket,69180,87220a8b02a82b7e72706525a5411e50f53bbf0491fc6d816ba198c7666c94f5
912,Jacket/10-2.tif,Jacket,61890,b844f88109b130044d8f7018aac9cafc7f3996fba7129ef75bf6ab4d1fcc00c7
913,Jacket/10-3.tif,Jacket,86101,b2ab71c3234516059eae44ac476ab8b1f34abf5fcaedbe949d398e066d202aa6
914,Jacket/10-4.tif,Jacket,97798,b3ddf6c42126d045c1c91cb2b300e3728abed4f6280d5edd18484ac381a017e5
915,Jacket/10-5.tif,Jacket,77629,596f5150b19d4dc188f7f9280dd9f93a551d639c451efeaca97d937667f82c3f
916,Jacket/10-6.tif,Jacket,62317,1cec7da9fdc88bebc9090625eed1655d50cb151fd9cdf38e444ac25c2fe3bf1c
917,Jacket/10-7.tif,Jacket,72023,2a84992e9b4afd90c26cd37d7eb07a891e59db04938c5cdecdc6bfd86bfb60ed
918,Jacket/10-8.tif,Jacket,1060322,938c6c308917dde0d7ed2f4e4d66fd5feadf23647f431dbfb23692a42f9a8968
919,Jacket/10-9.tif,Jacket,77283,6771c04cdf588a7e83c4ee486614817e3c5485bdcd75b9a33ce9f849b9a86ebc
920,Jacket/2-1.tif,Jacket,71738,9db5447e20dfa042a3977cbbd792ccd6c67b73b37ee9d65783525eb487ac45eb
921,Jacket/2-10.tif,Jacket,46110,7b3b45505810130f0032b8b8bf98e847ef4e301e76e6ff8d225305e16c5a66f8
922,Jacket/2-2.tif,Jacket,53182,b0e1d645546d364aea0380935800b9a394e27c79eb00f37126966b6c61818865
923,Jacket/2-3.tif,Jacket,58137,94d7cedd5e32f859e25fb9974413883ff6dbfd2e94116a73444a43831280de7a
924,Jacket/2-4.tif,Jacket,74553,4cb4689bfeda82cb685a55b4c5635914b505b7ea8e1bd680cfa737f1ba42d721
925,Jacket/2-5.tif,Jacket,69019,07e1cac98f87921f1b1990c588a47e529b42396b685cda98fa9b2fb730990a22
926,Jacket/2-6.tif,Jacket,60120,cc3c3aa6ccbb431f3440d44a9b039b742c26a696ee40b1c3097ffd1205aa83d4
927,Jacket/2-7.tif,Jacket,64262,8a8bb11c148092d5ce55f2a62343663c4cf65b368a4f3220fbbf9ea70aaab749
928,Jacket/2-8.tif,Jacket,1060322,824561eb41faf2d5dc774af715ea5d3e97b0e66154fb78ca05b1e1cc1d59dcdb
929,Jacket/2-9.tif,Jacket,65596,d9cb5bc0d9897ee7468c8b40e80c22856ed83ae71ce4bf8efd3bf09603269c1f
930,Jacket/3-1.tif,Jacket,44958,ce2bf2a97c05d10bb4eeef1f91f4be60c5ff458e9a59302be49de450aa067001
931,Jacket/3-10.tif,Jacket,49142,93147036ce925a399e94c3fe6ae5ac8a28c37f16942ac6e33db74f443c0ec790
932,Jacket/3-2.tif,Jacket,42745,d1a1d3530a4c772e34c9b7da0b4cff60eb8cef1eee364eade555006de9695a6e
933,Jacket/3-3.tif,Jacket,38931,6fb47019fc6a0984402ae25bf9108d2ccf6fff58cdfc6c53ce1e2c6b053d37b1
934,Jacket/3-4.tif,Jacket,76448,9685abd0a966a5efb2b7df39ffc9553fde0beaabb5d7446c423725e090ab2673
935,Jacket/3-5.tif,Jacket,54971,2362d039999941619645fa19dfc0d3d222a941d35bb7b351a348a81d8aa64d7e
936,Jacket/3-6.tif,Jacket,48524,9c1db85c5d67e57a44933218e45b8a23fde0469999c05c058bf80014b60aa9e3
937,Jacket/3-7.tif,Jacket,38568,f45317f41b643e656691f0f2c2d388a11a9b54ec55952ede1b84f7c3fe204eb5
938,Jacket/3-8.tif,Jacket,1060322,697fdf2b9626a81af4a8b4f2e3116dca6224a0538bb727ed6752ad143b1b1ce8
939,Jacket/3-9.tif,Jacket,57571,2aee9d2ae0592f5380ec6eb70e27ca18632d664673eecd1a9c8bf38bd89580bd
940,Jacket/4-1.tif,Jacket,62884,f6106bc7980867d25b2a5e60f87568a68b69601dc01640633e63a6f1e776ce12
941,Jacket/4-10.tif,Jacket,56469,14bb60041bf85cb0d71808f841d2d2d63fc6d8fbddc9f2d5dc5b8156d0559b05
942,Jacket/4-2.tif,Jacket,60593,43e23a91442adca79845c40dc07fa0597451ab8ad0b298b7d6a955afb6b71946
943,Jacket/4-3.tif,Jacket,63987,f8d02c841d782b59b640ac71bcdeb3e6f161f1d6e8d2bc78a5b7629c5e2a709c
944,Jacket/4-4.tif,Jacket,92806,21676589161b3c438c65dad5fe4b3d7a946411590f04a970423727d08f40a95d
945,Jacket/4-5.tif,Jacket,54457,7ccd5c57b9b61cc4b176a15432b5f7ac8b185b2ede868f532bbb800efe03e3ff
946,Jacket/4-6.tif,Jacket,48538,19cf3813a149bb2423f16da18a94cbb90439b6d73ac2169c4811f1eb1128ffc2
947,Jacket/4-7.tif,Jacket,49426,49c2442f842a723a1e837c6ab1ac1f690871a8590cbb12d22be2ab2ec88316cf
948,Jacket/4-8.tif,Jacket,1060322,849e7e5ff51c0eba838cb238e0d070e0e2d3d722089bf59f1cf2815cbf528c0f
949,Jacket/4-9.tif,Jacket,74172,7e323c37d8645971a8de80486fd2b78564f7864eee2f36f83d53b4f498b3862f
950,Jacket/5-1.tif,Jacket,55872,5bd20ddac42d9c826f475a204d6b51b2ed3d84acfd88749f8632bb17b862de18
951,Jacket/5-10.tif,Jacket,38617,5bf7b0fa06a3b0caa5e88549e28855fc3171984ae0ff04e8df9e462abb055981
952,Jacket/5-2.tif,Jacket,43648,1cd3d1e8b47db71a5c817c80ad55891dac9880e45e04a007a5a623ae84b64585
953,Jacket/5-3.tif,Jacket,35065,e27dbb9fe7ec6ae301de1fedb121666669b332dc9efdff4e6dfff678913420d0
954,Jacket/5-4.tif,Jacket,61679,7c48695060e1c1e94269355bb275cb1e9ae67df1b824ac9b3e8428b3de4b0d5e
955,Jacket/5-5.tif,Jacket,46930,11336301ea5a78936fd68901dadbce134813f07db8c981136fd52d392ad861b1
956,Jacket/5-6.tif,Jacket,48727,8454a683fe8159c4a5780d12f0760cbe81fc3c96c9a128ab1f30d31771e9af05
957,Jacket/5-7.tif,Jacket,41908,087365353531836b60c2fb4d1a6b08cd0b5a1f906d6250104b7b0b33705f1e3c
958,Jacket/5-8.tif,Jacket,1060322,77c277e1e301a4ad53a0b4d920331ed09c062df0b06fc4611340ec4d8988e5a8
959,Jacket/5-9.tif,Jacket,46185,77985c6b231c1198a2c72f74f4d1f028eda914c68e46fd01980d444311d04a84
960,Jacket/6-1.tif,Jacket,48938,6d700422bb5ee2bd853d3f5bb34ccd05ece9a3004b9217711c7f385ac467850c
961,Jacket/6-10.tif,Jacket,31163,6629ba93aa74d67168ec1b7675eb9d3050f7d4be8777746e5c8aed7d0c81ee09
962,Jacket/6-2.tif,Jacket,35836,b35e123bfabf1a974f4fce1fa2a3fe68287e26db52e7ee7ca029c32aac04c84c
963,Jacket/6-3.tif,Jacket,48837,032a422595466adc68c64d59e7051927b46aa9a8b20228ca99f2ef690695cfd7
964,Jacket/6-4.tif,Jacket,59184,859269cae294717ae3eb299c40264530e457de767753f269c4b154c805301631
965,Jacket/6-5.tif,Jacket,51498,63fee4c053c3b9037465e64f252a045074186f7866381b977332aefc700ef86d
966,Jacket/6-6.tif,Jacket,49070,7181953591dd89974ea45cdf6f659c83328e3d15ed79f6a4dac79bec0d90c4e5
967,Jacket/6-7.tif,Jacket,37199,842de56978afeaae852c024050b16cc318008ad14e6e438a8c2690177fe0d8b6
968,Jacket/6-8.tif,Jacket,1060322,e7717d5153b9a64c3e1a8c906f76b2ffd287fc4e37aae9d5bcc70efbcc331bf5
969,Jacket/6-9.tif,Jacket,44970,02879f566f1ad5d05cc000a61674bdfc2a241f21d0d1c21f3c3467942324b753
970,Jacket/7-1.tif,Jacket,65797,a8001156016bda28b73a87d9974ad2772b5ed11390935b60dd92c95cc6665042
971,Jacket/7-10.tif,Jacket,42051,18ab175eb583369a703a60df6da32e62ab3e4c1d8df5fc01357833bfaaa78285
972,Jacket/7-2.tif,Jacket,64946,71a8c763d286a6dc3956c028457a0326cad91c62e52d7a7c35e811750514f667
973,Jacket/7-3.tif,Jacket,48667,fa01917d4b90ea7d022dbc1121781e77d952510c128d29cbfa5c0d512112757f
974,Jacket/7-4.tif,Jacket,89382,1ce4bdc8ee99c5fa17a42cd8f54791ffd2be67c00e168330ffb4e9793fcdc670
975,Jacket/7-5.tif,Jacket,65022,de80c3cc7aa6652faa940ebd2457842cec950348e41f961aa72db332e17178c4
976,Jacket/7-6.tif,Jacket,61458,39f82527806b9fdad337cfbc79d192d42cf3015d2ed5a2219491bee164d1418c
977,Jacket/7-7.tif,Jacket,58094,acc0fc029786a70f733fd0e0510cc0f5ae288bab17a662892a81d943706c7323
978,Jacket/7-8.tif,Jacket,1060322,a78d908b147f0df87b5ccde3876f2da3185afbdc3cf7255903541386acd5636f
979,Jacket/7-9.tif,Jacket,62923,a98f03bbad68326ec955244a2f2901cb4ebd24c390b173a7be6b2213ecd70268
980,Jacket/8-1.tif,Jacket,41473,8d73277a8c2b28e0dcaa533d4a11f1d7f87f9e2abf17940ede666ad435182c55
981,Jacket/8-10.tif,Jacket,45135,3b0edf824d6eb7d936861b11335a2ad59ef0bac8fd0462e7db112acc20fcd6c1
982,Jacket/8-2.tif,Jacket,48601,8bd67e7147fa25bc5d45863c49f515b05ac43f5ce23f7c776894547f35dd1f5e
983,Jacket/8-3.tif,Jacket,47552,35cd6a7426708ede2a457c8a7b46332100f4caedb5219ec0bfb2985b5840148f
984,Jacket/8-4.tif,Jacket,79550,c051c98296bb7feaab9887b2c4807062ef5a5ba8c101675efbc9278f2025507f
985,Jacket/8-5.tif,Jacket,48132,510db4d843efeca863f13eab282b5cb5802699afe14f31f8b00ec63d797a48a0
986,Jacket/8-6.tif,Jacket,54365,886aba95f9396b52ce188399db41130cf69674106f8ed3adbf04cac2c7928a33
987,Jacket/8-7.tif,Jacket,45159,fbfae1bdac18add9d976eac5e9be4b370291134a720452e08bb1f9ee133e1e5e
988,Jacket/8-8.tif,Jacket,1060322,18453b5a79426caf14cccf50e188d0388ebd82847c30b4a4b1dfe45b52badf1c
989,Jacket/8-9.tif,Jacket,55324,39cfe19157eeda4469cf7baeea4e363429990147d0db5a6e7bc4af37c210cde7
990,Jacket/9-1.tif,Jacket,45236,edad4d654be5866f30fef35abc587ad854a904f8cc63a5f4b6ed8da328acbea2
991,Jacket/9-10.tif,Jacket,35283,8a442c2c77c91fee302f7b65cb54a7b6dc5181bdabd9c153b375c044169e81ef
992,Jacket/9-2.tif,Jacket,45844,2fe517d8b3dae1987ca4be1e042655196b3b2a5f89789123aca4253123022c3c
993,Jacket/9-3.tif,Jacket,52844,94cf53b86da2d894326e9b68cddde96154456d734491fb43f79b78c95510e238
994,Jacket/9-4.tif,Jacket,75606,db16334b93c88a3ade7660eaaf1b5f53d0b12889af900be8b320a5e8527c230b
995,Jacket/9-5.tif,Jacket,56390,45444453aded2beea8907673f87ccaf66be2c7948ae532931edc69eda92091ab
996,Jacket/9-6.tif,Jacket,54237,23f756ee110f5039145874070d4153971e8632f9c535cddfc88bef3293bb555b
997,Jacket/9-7.tif,Jacket,60445,e7468f85a24a0c3add8031da1408d7bac9917fc1192c0bb55c8efd4e683d9225
998,Jacket/9-8.tif,Jacket,1060322,083f57c65b65d143e75772edfb1f7a98cb4745dace7e14b7c5e9082e023b901a
999,Jacket/9-9.tif,Jacket,45608,aee63bbd626087483e6e737c7dc9f5e4b5fdb34e1a5ab9a98685990c465b4c5c
1000,Jumpsuit/1-10.tif,Jumpsuit,44935,0f3a7abd5dadcde723e51650f37f3523193571b6e451ba22aab0a012e032e005
1001,Jumpsuit/10-10.tif,Jumpsuit,41464,70ffdfc9a53564f6a1ddeb846626748f6e7827d240edaafd6e5b6d6bb0c42d31
1002,Jumpsuit/10-3.tif,Jumpsuit,56069,0caff207b935f26fe8c65b2e332122d021231af6b47549e58a9f77ed63a962af
1003,Jumpsuit/10-4.tif,Jumpsuit,67528,c3c6128d2c7b8844f7d3bc7704aad9a451eaaa08a087f574c7d9626af9969719
1004,Jumpsuit/10-5.tif,Jumpsuit,68446,862e43ec1ed040750706c572fbaf090bac13b8809773c4becb069bf089fc651c
1005,Jumpsuit/10-6.tif,Jumpsuit,52002,810e7222d2e66689f636697554c5b1601e59be04a2a05cfa92805c0d9447393f
1006,Jumpsuit/10_1.tif,Jumpsuit,57834,c166e04404919edceb3f14faa32431fc842c41c8e5dc7e9fd907024a77cdd34e
1007,Jumpsuit/10_2.tif,Jumpsuit,46786,281ce42eb2c4b0ae2c1b7e8c6f7b01df54a0edf0ff775a397a2445eea9e384b7
1008,Jumpsuit/10_7.tif,Jumpsuit,32986,602fda3dab748bf85865820c33ac58e543ac996903dc6bf4ce627ef03fed6837
1009,Jumpsuit/10_8.tif,Jumpsuit,1060322,66389b82746821adfe192b1475dedce3d00dbe0e71b621f99132fae8e1f8f3b5
1010,Jumpsuit/10_9.tif,Jumpsuit,57877,d115c6a194427f29f3664d74c138eb0324c8fa3a2fc9185d22325c357339f760
1011,Jumpsuit/1_1.tif,Jumpsuit,48432,00e82bab2b40e7e2ed08dd5f73bbbf1dc479e0f3748a7bbf7eed8e69b0312fb3
1012,Jumpsuit/1_2.tif,Jumpsuit,49257,2ec9776da43a6de50a90aa2fdc006564bf1c97b5d38468699aae04ca96d298b7
1013,Jumpsuit/1_3.tif,Jumpsuit,49033,f27f079f9a42ba2d30aba80c2b3d638fc35ea53f83d785b22dbe3c1726931b3d
1014,Jumpsuit/1_4.tif,Jumpsuit,71391,a23652b601029f796d19ac94f89819bbf7e28191962611e57c5a1400ee0b2f01
1015,Jumpsuit/1_5.tif,Jumpsuit,64962,f6e47c79d5f9a22edb7ef303d01391c3cda43bfcb0ef3d68aa26d1a2dc8aea2f
1016,Jumpsuit/1_6.tif,Jumpsuit,55592,0c9dfa500408f2ef69eca89b00b3f7c82802450b421c70aa37c2873fda87f9fe
1017,Jumpsuit/1_7.tif,Jumpsuit,34733,0e728ca601e4f0dc92bb1d80ea8a14e094784fbdabd4adfeadb1781c485688c3
1018,Jumpsuit/1_8.tif,Jumpsuit,1060322,af6e14a83354ba5865e758cd71074538ae6a95e8b33dc298daaaea46b1d72b41
1019,Jumpsuit/1_9.tif,Jumpsuit,49215,4256aa7f296b07d3ecb98ddad867cbda06ad002da9d16466cf66bd2b4f8e31b4
1020,Jumpsuit/2_1.tif,Jumpsuit,51973,fd40ec578a6979dc0379ac8ecb6fc91cdb184f0feaf1f05840f8690e413b43c6
1021,Jumpsuit/2_10.tif,Jumpsuit,43935,d424d359171c2aa8a809d1922c6feefd6cc5bed7f0a9f391306793cacc1c0f2a
1022,Jumpsuit/2_2.tif,Jumpsuit,51369,a9dea286ab5afe1b067e293dd3efecd32b295c563971277304f8b5a84627d7bc
1023,Jumpsuit/2_3.tif,Jumpsuit,59189,147a1d23481386291702a249e0b8a7c08f878cf0e6dc901eeb9789d3641ec22a
1024,Jumpsuit/2_5.tif,Jumpsuit,62318,4eae6eb91d8f3a665a62b05c416e19d262a3fd76a4d14c672f00d14831c95b49
1025,Jumpsuit/2_6.tif,Jumpsuit,57650,fc259f2ef58433d53bc595445423861a9b63463c843b4d89f1485ddcc2b6e374
1026,Jumpsuit/2_7.tif,Jumpsuit,34691,5e0cd27744f6a7904610a17015691d2d1a946f51062735b8602433be3562d9b6
1027,Jumpsuit/2_8.tif,Jumpsuit,1060322,73c1e2278751bce5ac74310f5c418bc71f469cc3e8c312958c4c3797bbe73867
1028,Jumpsuit/2_9.tif,Jumpsuit,72492,59a3aa10024eb74ce2a5f50a77a89f2cd45a0b49fce80aebd31c24a68ebfe31a
1029,Jumpsuit/3_1.tif,Jumpsuit,104024,79f967d9564c2fccec435bc023d9e3052546f6829a319acc316699cbc995291f
1030,Jumpsuit/3_10.tif,Jumpsuit,54338,61e7ff10faacc3c25f6c45a9c5ce01c82dc7e48af2922f4a22a2a4a4e74ae80a
1031,Jumpsuit/3_2.tif,Jumpsuit,77896,667dea6d64dbd22c80e5e8d31982957c62ddd6808785dee68b4efad9e2552e1c
1032,Jumpsuit/3_3.tif,Jumpsuit,92839,a3c8d119608b77fbebf8d9160de84dd22d89f4c5ad912dee285d4d111096c57d
1033,Jumpsuit/3_4.tif,Jumpsuit,74365,4a3fd12fcae59ad91918491bc8f76202b27aa3dd4d2d186b077de5659d981310
1034,Jumpsuit/3_5.tif,Jumpsuit,92815,15a9578dea969a9b5ab2554d87ebe6ba99f2c2d14127b77bbacb32fb958859e7
1035,Jumpsuit/3_6.tif,Jumpsuit,61484,ace853dd94e2393541ed9c0ffa4d8c1d23f3a93d38ba700b983d05db918b0df7
1036,Jumpsuit/3_7.tif,Jumpsuit,54555,587b193a8403d3cfb26e248d013e278cb228e0fad89135e5b3ca8cfa4b61a6c6
1037,Jumpsuit/3_8.tif,Jumpsuit,1060322,6fb4ac89e9fb6a91a32c88a0324ad8b9cf8ec0b713473b659095779ebae23743
1038,Jumpsuit/3_9.tif,Jumpsuit,81808,8afbfbc9745ab4ed4f996e5ec432c480679827e4a3612a7bdfb7bd3623a7ecf4
1039,Jumpsuit/4_1.tif,Jumpsuit,60084,971c36c0525fef88edaf37d56b2fd845a00dc4957eae49a357fd74b6867cf346
1040,Jumpsuit/4_10.tif,Jumpsuit,54697,67a3980cc4aac8af5f3f08ff4d83e63e90e10881bbc26d432fe3e904613f387b
1041,Jumpsuit/4_2.tif,Jumpsuit,51171,5bdcad9bb27068607dfb9d9ba0656442886d73bf0a9adafcd43c5453f5c94de5
1042,Jumpsuit/4_3.tif,Jumpsuit,58681,f1361d69ef90e0f4c567f3a855a91abee973447b4395fda31aef1eab912aaa6e
1043,Jumpsuit/4_4.tif,Jumpsuit,83344,83f04ccf7daa4deef7a6073abaa8b828f1378c1b94a74e74fc3237aef1947e1e
1044,Jumpsuit/4_5.tif,Jumpsuit,66478,ac71eacc607c0190e13125cf329976f935ae9ea22e48886d069b0f544cb4e852
1045,Jumpsuit/4_6.tif,Jumpsuit,55023,c89355cc05dc415f69225aa4e7bd24286bab1d8c286e62364b47cb1127dc91c2
1046,Jumpsuit/4_7.tif,Jumpsuit,43653,39ff25be3723eda207d63855add212ea597cd1d85df731bf62c57c3cd27fab83
1047,Jumpsuit/4_8.tif,Jumpsuit,1060322,2a6fa4ff816d532a131162069867ec207c8df3bbeffbd3a9805eb457ba851a8b
1048,Jumpsuit/4_9.tif,Jumpsuit,72490,1c9acd099d66e6acd03d5ea549e7d726a72c20f55301758578da8987a76f2ac8
1049,Jumpsuit/5_1.tif,Jumpsuit,57546,ffa05943ff883567b92e1e103fbc6caf6a0cc2eba7907e06ea86b146476406df
1050,Jumpsuit/5_10.tif,Jumpsuit,44530,b7d39a28521b3bee3745fd30cb858c09d7898d190a90a2f08e9fa5d7cfe25663
1051,Jumpsuit/5_2.tif,Jumpsuit,50506,94d9833a7ded9b5fc34bf22cb1e4e2492383659d59f10515456cb10c9e88e60a
1052,Jumpsuit/5_3.tif,Jumpsuit,58537,dde4b17be561f50b33627e5080f83978313caa551f28bdb3273b0bb8d1c31849
1053,Jumpsuit/5_4.tif,Jumpsuit,92571,2c1c6b7581b98030df20c786ed2dfb45e97b3017ea5a6d8e28c46bbce438b45f
1054,Jumpsuit/5_5.tif,Jumpsuit,63368,c57a0d1c955c58f8b343b736d0ee7016c90486e29a6e503d887ffd94162c38ab
1055,Jumpsuit/5_6.tif,Jumpsuit,59579,ee70baaa6f2ee707edd5418ede9d522165a41d94b0e1cec63a2195bfefb88dae
1056,Jumpsuit/5_7.tif,Jumpsuit,41934,97a979455db0e9b8eef00e6cfbca871ed9c3b33dcc2063cd259f7b0a4a7f2bdd
1057,Jumpsuit/5_8.tif,Jumpsuit,1060322,a6e3842a897bd8bdcf92d7cc07adb3fc9c91b34d730888fedc8fbda8c61431a9
1058,Jumpsuit/5_9.tif,Jumpsuit,68469,53872d4c29486480e6c2c8449128896e8e45731139c4001a5b425f57b166732e
1059,Jumpsuit/6_1.tif,Jumpsuit,55899,299966b5886c9df33e59d0667306d65a60c223fb7e914c38e332d1fd65039802
1060,Jumpsuit/6_10.tif,Jumpsuit,53479,4853f451f97b8b72c7401069d7af905474a02df3d1699e7fcc2ea36b772399a5
1061,Jumpsuit/6_11.tif,Jumpsuit,50959,39c9854dc72696077ffa7a501d52f8ec6a4a588ea21eadf7441866c3c8fe449e
1062,Jumpsuit/6_2.tif,Jumpsuit,53360,9d76431946f9ed484ade0a31697d88b26ebaba950f04b75ae3bbbbb0c6d36e2b
1063,Jumpsuit/6_3.tif,Jumpsuit,63863,a751cf1a73a96ba7b08bd5cafe181d31d85acbf7986b0cda8907f059467e43eb
1064,Jumpsuit/6_4.tif,Jumpsuit,79516,ef8c708e9ac4c32400cf8ec888cdac75619342866cc43154e4eee037f6ae2e83
1065,Jumpsuit/6_5.tif,Jumpsuit,65968,ec33b22fb464f5b3a1d9449611f19aa3e03608f588be5df267fee3b1ce244db2
1066,Jumpsuit/6_6.tif,Jumpsuit,60695,0c44461178598470613490523e5bd1b120e2c78c599c83affdf421a45da9514e
1067,Jumpsuit/6_7.tif,Jumpsuit,39341,d8270e500498148ebdfd2ad9c8423b657439d531fec939c5a8bcda398edd559d
1068,Jumpsuit/6_8.tif,Jumpsuit,1060322,049bc1ab260b5005bda3c1bdfee1723aaf26d1a5bb528e3bf8aef4d85bcd012e
1069,Jumpsuit/6_9.tif,Jumpsuit,54641,43fb6879c2cd36dde52b62df75bd93895ff11908725a8f69eb4c9e53eb298fbf
1070,Jumpsuit/7_1.tif,Jumpsuit,70377,376e177be9175484f3ebe137664355b2c43a62b8de630d922211384f94dbd610
1071,Jumpsuit/7_10.tif,Jumpsuit,55417,59c7967aad9d2a05124138517c374cdc04f37df72e1570e9b39595c2d1a9e748
1072,Jumpsuit/7_2.tif,Jumpsuit,66254,f133f59380538bd6cd2b2e4cb5f6879e87a6e0e052db4eb88a54f2a4ada69174
1073,Jumpsuit/7_3.tif,Jumpsuit,58068,4d0f0736bd8275fc88068d1027b7ff4ad7b7603b779daa37611d4a68f8e4982b
1074,Jumpsuit/7_4.tif,Jumpsuit,91897,3abbd9837fe9d334271b9834cdec93ffa0f0902e98340098a3d0fa25399452d6
1075,Jumpsuit/7_5.tif,Jumpsuit,78746,95bea24c8f846c5be4ed451f480a0fca150a6f5d2e299f1606ba46e4c4dcf945
1076,Jumpsuit/7_6.tif,Jumpsuit,65541,490bdf4cdca7bcaf5bbf43d90b89d8fcd4753e00688c610f7c84d8ba5c26c3f7
1077,Jumpsuit/7_7.tif,Jumpsuit,43024,f94996cb7c60a4dc838ea1c01ceecf73a9dbc77776c658f53e9d0836bc6b56f5
1078,Jumpsuit/7_8.tif,Jumpsuit,1060322,281d6256cc3e826e4992c95f7db8cac8d42ffcaf841860dfacdd8b7daee10eb9
1079,Jumpsuit/7_9.tif,Jumpsuit,72718,70bcabc3991cbc2c7dcedbf7a604197be83bf15d1cd6b64acf34762f0ae16d53
1080,Jumpsuit/8-10.tif,Jumpsuit,56576,a94217ab4778b513a9b4d4a4365e1c69e9c8cbf76e18299e80c31d7916cde9f7
1081,Jumpsuit/8-3.tif,Jumpsuit,185648,172370b492285cfb1cd25de61c147c7a72b1a0ccb867aa6d01ffca3bd4e9fac8
1082,Jumpsuit/8-4.tif,Jumpsuit,87983,a314632616b4e1cd6a53f1b7209c7832f43af66afe714754c39e777935b9d563
1083,Jumpsuit/8-5.tif,Jumpsuit,84591,283ec3c3a252d73e7322a072b43894e98c84590596c49f5ae6e7648251adb1fe
1084,Jumpsuit/8-6.tif,Jumpsuit,59163,bc5072d8387f6bbba64fb02595f9e047f884a91a173b2ba12fee9e1ca53e3915
1085,Jumpsuit/8_1.tif,Jumpsuit,75871,7390736af0dcc61d1f79d7b224c4c7ac34c8477c86396d395001ae754a3a61d2
1086,Jumpsuit/8_2.tif,Jumpsuit,66266,5abb7fce97db78946fb29f8422703cb1f49813413485a51a49574e5bf19e7e1c
1087,Jumpsuit/8_7.tif,Jumpsuit,48929,35e94574489cf15b53f2714de3bff3c47b244720f53ee0538afebad4dd0955ff
1088,Jumpsuit/8_8.tif,Jumpsuit,1060322,df432abee54f979fd9a582f031388ff8c204d7c7eac737b1d244f87d80e01046
1089,Jumpsuit/8_9.tif,Jumpsuit,87519,8acad8a3c3ec01e438575dbcea39560e077227874e1bd74023dd40fc92a59456
1090,Jumpsuit/9-10.tif,Jumpsuit,54398,6d19f95088ae8f15a4067aaf0b36be5230e803742ba916cd9cd6560fa3db8945
1091,Jumpsuit/9-3.tif,Jumpsuit,69712,6258b1ab0795fcb39edf6e331fded6d6ca0b566437eb771c90bfa9ceca57d1e6
1092,Jumpsuit/9-4.tif,Jumpsuit,92629,2a20da89d00f9148e075acf521ef8e73d669744b0583d1f5eec420366d915ee5
1093,Jumpsuit/9-5.tif,Jumpsuit,75868,158e33e0b8070fd2c7015ccc9b400bcadb1cbd7989eedbce3d9073542ee515be
1094,Jumpsuit/9-6.tif,Jumpsuit,71581,5ab4a038c6f40c2468142912a4df5a8958e67fcfb20db6795b736a108a351f26
1095,Jumpsuit/9_1.tif,Jumpsuit,161822,e6625649fef43315a9223baef45cdf257287005511c70e6797b5bdd5d65bfe64
1096,Jumpsuit/9_2.tif,Jumpsuit,60749,335118f4091b333d08f51545ee45a55898700ec7ed0e44c8a6d187e301fd544e
1097,Jumpsuit/9_7.tif,Jumpsuit,37020,186a621af99ebef8e5436129db7a4a5a90909d889a22365358e499a17474721d
1098,Jumpsuit/9_8.tif,Jumpsuit,1060322,74d561932db93db2ebbb5193f297bec0d0529bf4331b81b0ef66fb9a0f38b12b
1099,Jumpsuit/9_9.tif,Jumpsuit,65546,5882c1c93707b47d2454a6678222c29b0b6266680c15a196df5a4ab6a621208e
1100,Mermaid/10_1.tif,Mermaid,41160,51dbe1b4de0809e45a8419ec875848317145bad45a307450b855ac4f0970c16b
1101,Mermaid/10_10.tif,Mermaid,27525,f6601e97196d4d8253d50fc2b6bde495d942c0d9b57cfce70a925459e6cf4d21
1102,Mermaid/10_2.tif,Mermaid,32416,a40b22b8dc3242de87dc7bce5ca7c8770de7052ab4d2e7238bc449d38b52466d
1103,Mermaid/10_3.tif,Mermaid,36917,4e8377ee6157d518224aea2fb51ec59871e72b35abc3d0b00d7afd0f5db725a1
1104,Mermaid/10_4.tif,Mermaid,49589,fb507fcb8b12cea27deccf3f7bee7a73b865d91d7127d240aeb1d189f5b42a2a
1105,Mermaid/10_5.tif,Mermaid,51252,78c80d1220bdd19b47449b4e1830c1bbc81cc80a4c4e2c2705de15024472bb8c
1106,Mermaid/10_6.tif,Mermaid,34965,ca57a70854a64b64c98dcc1859e9329830bc4d55e24ff63ded743e78fd89d21a
1107,Mermaid/10_7.tif,Mermaid,28421,ed7ad4eff16b324bf328a3ed781155037fd94650075ec1dd27e08e4378634af6
1108,Mermaid/10_8.tif,Mermaid,28962,e18ae15cbcc2df7e7e5dc00d5fca9907f1fe00e6a9f920c5cc977856c333f044
1109,Mermaid/10_9.tif,Mermaid,51688,4fffa5950d07660668f293c78b2198e40329bfa136e03ab6f1db57e4e0948600
1110,Mermaid/1_1.tif,Mermaid,61680,0a98459d089fdf64f1e1da3000224b4fdb9ce4d57ea01f668d984bad05ea30ae
1111,Mermaid/1_10.tif,Mermaid,46919,2dc02af664624ffc205b341d56cad4c78542bcc54fabca41fe915bac5ec2e4c3
1112,Mermaid/1_2.tif,Mermaid,42489,fda82191ffbe1daa639c94461c72d9df5a7de1f5de1509b33824625be520403e
1113,Mermaid/1_3.tif,Mermaid,50785,41262cc4501d145741bb60a62e3c4aedb2c214a6ad284bc3a5d962b14c7d2209
1114,Mermaid/1_4.tif,Mermaid,68323,5a27cbebecdc8d3986514f24057e9ff875780067cb155fdf3d589ce6ebe0ce29
1115,Mermaid/1_5.tif,Mermaid,88329,4d80cfc9e1dc912362f872b8059f036f98553da8fe80af8993ce626cf53fddc4
1116,Mermaid/1_6.tif,Mermaid,63655,5e23dff95493cc7b5d90c1801006d89514488b52c38ab25882df2bc877125966
1117,Mermaid/1_7.tif,Mermaid,32318,13beb0bf679218a36baf958d1955d356608af8e03e519d8fcab0b2850373f830
1118,Mermaid/1_8.tif,Mermaid,42343,7ec56de8569f82c004fbfb931c8337bc77d78c257c93c1d13081afa17e366212
1119,Mermaid/1_9.tif,Mermaid,60092,fa981feb51f2e7d9a5d12082e93681d9d8c4ded95bbe57cba518f98f8e7b6022
1120,Mermaid/2_1.tif,Mermaid,81451,d913bdb3222f8d40cea43c5f429ac29a01d30140dd6b3009200b7b3f4bc5d691
1121,Mermaid/2_10.tif,Mermaid,55761,a301c3452dce991896af2ad8040835d04d30e9c2c22f6818aa51ee2cbd6c58bc
1122,Mermaid/2_2.tif,Mermaid,62455,07f35912bce11be58ddc8546ff7d9fe9d0665e3e1740139487f59eef25f92142
1123,Mermaid/2_3.tif,Mermaid,96914,aaa564eeeb82bc568729d8aa87ae0d27c97cf1728965a59637e4b7c0bc1e1b43
1124,Mermaid/2_4.tif,Mermaid,110689,0a5f186677cbf4d223b8aa3a3d771eeb987ad7607d8586fed1adcf08f66a138a
1125,Mermaid/2_5.tif,Mermaid,92344,a2ce36421b413fded6886f5d780311554b0f8960377b78d023a77a1207aea5be
1126,Mermaid/2_6.tif,Mermaid,82136,1a76bc861bcac71c74ca351edbed17b6070bdc95ac78116287fa1b45112a0e1e
1127,Mermaid/2_7.tif,Mermaid,51790,1a88f86320d775f311996650f33d4569cb8c3ef66477906a816bb6fe05d0639b
1128,Mermaid/2_8.tif,Mermaid,75432,fcb0d2922f0499459c90fea0fb7447750300b78b1dcc1ccffbdd5ec32f9ed2fb
1129,Mermaid/2_9.tif,Mermaid,95133,fe0782ca88180da5b7d52fbd3e2e56f58e3bc9279a6e2dee2c241d409b293fd3
1130,Mermaid/3_1.tif,Mermaid,53185,6f1ebfc04f292200e99b3cadf1f6be5dbae28024eb046fa97da8932b690f8369
1131,Mermaid/3_10.tif,Mermaid,41316,c9d382c868cdfe79342272d4526a150c6a17cbbd9a9ad08438252cdb83a9c031
1132,Mermaid/3_2.tif,Mermaid,39840,91a86e4392aab56d967de9fdedc9b2d2924142196fd41a399490118d08bfaffc
1133,Mermaid/3_3.tif,Mermaid,51653,70bb1a48d2328eeefaa1036508d029f237523554a1ab772e66178074f8f36da1
1134,Mermaid/3_4.tif,Mermaid,56840,feb52542ad008f8e78e254447b624d5be8eb83673513421d6c5c0cf6c56fa1a8
1135,Mermaid/3_5.tif,Mermaid,57900,61e7da91f1297ef42ddd37f3cad5b7dd971f482e9306a47417ad00f441c2fdc9
1136,Mermaid/3_6.tif,Mermaid,49426,55c09adb2410134c7894b16324f4fca8274af5a27eb172a6a5ce0095b3b94eec
1137,Mermaid/3_7.tif,Mermaid,42071,82336020f15ae7542f35ff094d6cdf64575345118069146dca7630a15f353087
1138,Mermaid/3_8.tif,Mermaid,43201,96f1b3125f1769816c0e62dd7814218b3e83ddd1a8fa08c4c5f8ca298f373bd1
1139,Mermaid/3_9.tif,Mermaid,64040,db96e7a06c2c497b453d2490dcc571ecbee503eff917855413a9eb2a2a1b7620
1140,Mermaid/4_1.tif,Mermaid,73029,bf1c2993ef858280f26ba0a69b8191887fb66f51f1652c980a2d3dcbf295d543
1141,Mermaid/4_10.tif,Mermaid,70341,33501fcb0a1ee38d23b42983e2cf88eb45e30dcb21c1491aa6eca5a9cc6dd94a
1142,Mermaid/4_2.tif,Mermaid,62755,528416667be3601138462da3ea4b8b511a4dc19286d554b191bba6b135873b85
1143,Mermaid/4_3.tif,Mermaid,48198,378a3f59ea9b0e17d130d07303182898974f696dd3cbf0a8124c04c05ddd635f
1144,Mermaid/4_4.tif,Mermaid,89608,b784831b9a200678bf9e73afa975a97b6c85307418e8fae1db0b9223f1fd9279
1145,Mermaid/4_5.tif,Mermaid,71285,fac0b89597b1c10653a49c7927883ecddabf3d5fcc375b9c003b64e973888a9c
1146,Mermaid/4_6.tif,Mermaid,65395,91818c805ebd9704e7163170392b45fe5b737d08c1a64cac838ed16e6b68b25c
1147,Mermaid/4_7.tif,Mermaid,47760,847701a6dca26b32805b8db7e26ac77a73fa760b2bd5501235e67232c3ebbdf4
1148,Mermaid/4_8.tif,Mermaid,50877,c67fbf948954a8876c6aa54577b5c5b522e8965c7239140901861cfeb65ea921
1149,Mermaid/4_9.tif,Mermaid,73893,60fe994dfd1b4e1c6b3e821529e5ee8d132a7f1993252579b3cc80abc3b26ad7
1150,Mermaid/5_1.tif,Mermaid,48763,b8a3b13e0eed2eff3a165cd383b15927e01c9198f5d01837ee32ec29a84c1d98
1151,Mermaid/5_10.tif,Mermaid,37097,069b1988565d509594269fd4f3d151e01c5a3af7823291b37a471ae32b36cb39
1152,Mermaid/5_2.tif,Mermaid,37214,332cfcff9d39e50c917b3a5ce46f1465e11cac6167d3099d162863b0c3405448
1153,Mermaid/5_3.tif,Mermaid,41110,b73c3090838fbc3b3f9dbb12d73f9df48af6292ae45d841b30b516009ff588f0
1154,Mermaid/5_4.tif,Mermaid,70993,9891a5d7d42dfa8a8db1ace2396f5b5cdec296ab8a24599a60cda1f6a5a2a4d4
1155,Mermaid/5_5.tif,Mermaid,52485,110380db0c06457f3d08e991ed729ca5328505da471dbd51dc2de80c12ac8176
1156,Mermaid/5_6.tif,Mermaid,39515,944fe47f83ca1000f62984a13807b3c68cd6ded16c79b20ac89a6cd65dfe0e44
1157,Mermaid/5_7.tif,Mermaid,32029,40ed167983cc32bb8b4ab472903eb8647623c286dac464711f143dd3af15e192
1158,Mermaid/5_8.tif,Mermaid,39860,38e19cb04769ec073f2e584d4493b0a50ebf0d8f4e087f236c3ce245c66bd37e
1159,Mermaid/5_9.tif,Mermaid,67300,46e1283f8d169fccfde251ee14f9274b7dbd2ebf7413ea15f11f2dcdaa5e6f1c
1160,Mermaid/6_1.tif,Mermaid,56798,8c99cf89b78c2e4a2652d7b2a440dce6a5812d99195659bb0782d9c61b05c50e
1161,Mermaid/6_10.tif,Mermaid,31991,adbcb84e674ecd8d36c7eb5d4a3c9f5e0f2606f6157ddf1275787b721b2ab987
1162,Mermaid/6_2.tif,Mermaid,41922,b43d1c696c280a8a517e5b129b18187422a333e7b8017e1d0db2326a3e0fd589
1163,Mermaid/6_3.tif,Mermaid,42495,74f0a271c3520430519e7d652e5d23c4d9675b595000814aa8c4cd3e189eca23
1164,Mermaid/6_4.tif,Mermaid,65602,dda82b3b6befdc6c1110cad227f8d759a0692e6dca1a05a358abe29d6f002f8f
1165,Mermaid/6_5.tif,Mermaid,46848,80e4bf8b1ed7fd7b4ba6b4c932f4aeacad9e7281296a6c6d01ad9b88720df0b8
1166,Mermaid/6_6.tif,Mermaid,51864,40de01d6a04cc9a4536abbc65ea9b959aeccc2ef693932d6c608c7860a55f644
1167,Mermaid/6_7.tif,Mermaid,40672,868c8c8bffb67ccfeef48019d7aadec9d25320ee8ca66fe39564b758f1e68f01
1168,Mermaid/6_8.tif,Mermaid,45357,235f592ed883268b6df1f2e31b595544dd22896cd05a824ae8bc24dcabc7fca8
1169,Mermaid/6_9.tif,Mermaid,65880,2d6b07990d59a23f52f8f4b61684e1c6ea64113dec19b3fa85d7567adfc36b85
1170,Mermaid/7_1.tif,Mermaid,76041,9d4fe3aa98a129a568c886b678389ce0ba942b47b4701e631db2e7969f57195d
1171,Mermaid/7_10.tif,Mermaid,63757,19d77f0eb1e7314ea1ceb17f82d9487151060ad84e995ec9380188db1e20ec48
1172,Mermaid/7_2.tif,Mermaid,57704,a7626927ec6cbeb5f50bd1c932d1a3231d4fa6e7fbe552b2ecceb1ae406bc216
1173,Mermaid/7_3.tif,Mermaid,86262,578e991152c9fe1a32ecfa3677cfcf7fb2b013a7c0fec7dae65af18b7158f08d
1174,Mermaid/7_4.tif,Mermaid,61130,5bccd718114c711bbb410c93493054185affabffb75c03ab909231ac465e225d
1175,Mermaid/7_5.tif,Mermaid,83452,b7bbb0cb6bcd2ce9cb528aa762dad27909480f8fe5db71e0be5f7d246f0e3121
1176,Mermaid/7_6.tif,Mermaid,74152,f14b2edf299fa8cd2a2e389aa78f48d81b1164d1578ac1fd1492bb370855791e
1177,Mermaid/7_7.tif,Mermaid,51876,40334d5ade0f26262acc731254c5d5e4df64d5f080c3a22fc04fef8366355030
1178,Mermaid/7_8.tif,Mermaid,57201,4e0afa1c6031273f3989f28d79f6f6b6da464378920f1b04d98058903337e893
1179,Mermaid/7_9.tif,Mermaid,101519,ad622dac29b03b66bc3e4a64dc689dfd5cf355ee1c712d7b0fe4fcfffef4fdf4
1180,Mermaid/8_1.tif,Mermaid,59246,e91a9d7645e782a95cfb62c69d082bc8807a0fa26ba3ee862502304efd77f4ba
1181,Mermaid/8_10.tif,Mermaid,38950,7c04569ff7ab7da02c9261c3a16ddb5c7ad0b4c064e184ea2b3adb3e726df8fa
1182,Mermaid/8_2.tif,Mermaid,44476,571433bd42a4615e84cc997f15e10f5d5a919d98401757c3e3b96b40dd241d57
1183,Mermaid/8_3.tif,Mermaid,53003,08078851f07e8a0c5d6ac65568567dfe638a8cad1279ea532e23604b68873cb5
1184,Mermaid/8_4.tif,Mermaid,66552,8463a25f560b488b02188c749c585410b4d3c3aa66d9aaf29e66d1c55e4a74d2
1185,Mermaid/8_5.tif,Mermaid,77844,eb2ad3bcd2c0e7d970f26b2c1221573db2daf173c41f9382a1a333e8ae4b1ecc
1186,Mermaid/8_6.tif,Mermaid,50692,da2875d87c17bd34d19481b4a0eb8caad40088197c726c86c2600c7c8b00b8c7
1187,Mermaid/8_7.tif,Mermaid,45606,8e799c77b3f5683e50fef760ec11233852287871821f90b7750d9469caf72066
1188,Mermaid/8_8.tif,Mermaid,54915,37e31959e3ee9f0976876db6ddbeeac307941102cf0a5af624db460e77e5a861
1189,Mermaid/8_9.tif,Mermaid,67607,42d19d13bfa8c3c001a8dcbed6158985c95914b3cd6ac2a8dccd4bd4c0e6d3ab
1190,Mermaid/9_1.tif,Mermaid,42798,7c7f3a3b6dd93f1f648f8639d4c3de3078cdfb1b73a585ac3daefb02b693b6af
1191,Mermaid/9_10.tif,Mermaid,32722,4ba9464d59f65a7c8dc053213a9a5f21eeb1c3ba2a5abe3871fe9c60016f1922
1192,Mermaid/9_2.tif,Mermaid,42764,972eb7f5a8384b345c5c0cdfec4174a9b9824b20bbdd935c0e0d91da36625c89
1193,Mermaid/9_3.tif,Mermaid,50493,1863db21606bc1acaafbb2edaa1a876415b62831b496c0da06f2e8b8b1d7bf8c
1194,Mermaid/9_4.tif,Mermaid,53054,8f939ada9416725cc02277f3ec7980ca8c47da1297bc0f1d812ad209f15c5e24
1195,Mermaid/9_5.tif,Mermaid,58049,8942f6632b886a33c32a38b03f3d53596529b2779dd42687ca369b48e9202601
1196,Mermaid/9_6.tif,Mermaid,41375,6f2b060c403268b6bb94e63e98ec8feaa4632bfb30aeb713df4fc10f035c0bf1
1197,Mermaid/9_7.tif,Mermaid,30188,4d3e0b4bc5b49416f83322a1be7bbad278bfce4bbb669a69d220a2ab9f0fe1b9
1198,Mermaid/9_8.tif,Mermaid,32822,278174bf8407bd1094e8b2a388577a6d148abe17facc94fa18ffd385eeef6c47
1199,Mermaid/9_9.tif,Mermaid,63196,3d9372298751bbd6a1a316d8ad641a27713721ee9d47f2d77afda9a08bca71be
1200,Mini/10_1.tif,Mini,55713,816ba9bf2b9ec7b5561479f049c3527ebe2cc707bd5c5de45cdbe2ea5a643be9
1201,Mini/10_10.tif,Mini,47313,5a89664272d72f8de2393e099abae6b7c841f6234116bbf1382986b8e5faf227
1202,Mini/10_2.tif,Mini,54884,767d17b4b9865066361d186961a24a58c3d6a6d6d34269dfe70f87c66650507f
1203,Mini/10_3.tif,Mini,44931,b70800b5f145a8f8aef0b5e541a47aac9e93394eba24616f0e3ce46f975fc342
1204,Mini/10_4.tif,Mini,61058,ed95096617b1c32dc6107a779bff2daf4760f347c1d3b69d4b0f8af7c402333e
1205,Mini/10_5.tif,Mini,87000,8a035540b30b49b4ff43247f1ad2836c8b8f07da6cc005bc9f31ac043069b933
1206,Mini/10_6.tif,Mini,44833,ce239f8a8be879fcc4d266430aa85639b631174b80cd78752a5de4a19ad48afa
1207,Mini/10_7.tif,Mini,45192,3902cf1ae6c64c601729e4207e68c2fc38f4cf8a27dca657559bcec887413ae5
1208,Mini/10_8.tif,Mini,1060322,615599447ec0a803fa613d31432bb7b7195861934136c401112a12269bbe1fa6
1209,Mini/10_9.tif,Mini,89922,a647286c8db852f7977cf73c864538b9eb991a57fafd82d388f5c859dbdd07c9
1210,Mini/1_1.tif,Mini,40956,7bce513330d0fab807608586a670a4510aaedb08a813682dcd2420880abc75fb
1211,Mini/1_10.tif,Mini,24980,13f47edce1261a8bdec30290883a812af8f03aaa2c575f52c6144b885442256e
1212,Mini/1_2.tif,Mini,46392,2bcaf832fedb01b5b73a398b2079fc0c632dc42008bce2289fb4c616b9936b28
1213,Mini/1_3.tif,Mini,42399,b110d993eafea88ae7687e43a82022d8c2d9b6e8926409590e4a331454504112
1214,Mini/1_4.tif,Mini,69482,c74da390795b6e007846180e60e39bd2ffbb100b5d56809dbfa7870f647fb8bd
1215,Mini/1_5.tif,Mini,56035,cf5233b11a664c12ba02a41007458100afcaed3d024e5232b2d6045a5e6bd7a2
1216,Mini/1_6.tif,Mini,48976,c6414acd50e84c9136768783e5894cca9c18a1fd049bde3ad3b252a7072a2548
1217,Mini/1_7.tif,Mini,55998,33fc236f5731b407d3581e7ffddbca339c32a1341b11375a23e937d1bbc087f8
1218,Mini/1_8.tif,Mini,1060322,294b1e7dae313a4539a60129fcf2112acd17d4c42086cdded1d3ce16e5976864
1219,Mini/1_9.tif,Mini,70921,7e37480068cc1667b12dd7e3825bced4c39c0721e3e6fbdb43c9d55465d0f70b
1220,Mini/2_1.tif,Mini,32050,8dd12a660060082e7a653729624a8be17a116e34f8a51a9af14522430225d1c8
1221,Mini/2_10.tif,Mini,25055,668da26fb8b1be90e5925ef5c3339214580e688506e01caa90993f5117e46895
1222,Mini/2_2.tif,Mini,32312,aa1e7176bbe03fdf9469a97f00840d7086f515afcc39329a74552894e58f7b94
1223,Mini/2_3.tif,Mini,31055,fd6475109193af556101c3991fc0283894f599fcace388bc0bda098cb4a45074
1224,Mini/2_4.tif,Mini,37912,65ee8ea70e0ef0ec026cd675fcf11f6bd0335ce043d9cc7e294c5f2636fe9a00
1225,Mini/2_5.tif,Mini,38411,252d742008ae1b1a7bdcd95ea39d7949810a2a89c71a19f5b352ace842d41d5b
1226,Mini/2_6.tif,Mini,29256,4a1b7f1a5236f53452d98efb3dc6bb102c5c0c432db62bb4f981ef344fe65e59
1227,Mini/2_7.tif,Mini,26228,c09703e526f31a122f36d1a4cdc3eb81c704177a737273cf074cd419928fe8ce
1228,Mini/2_8.tif,Mini,1060322,b9754d6153538c97466dc576c9091aa38d12e3cb2b9728862f66f06263eaf892
1229,Mini/2_9.tif,Mini,48849,861d022c3c6f89d6b079c24fb02e344900ae63d12a061c72027e3ce96131cf77
1230,Mini/3_1.tif,Mini,33169,42d7442a99f637e33bdc37b06a16ce4b54a1365413e989590696204307e6e7f9
1231,Mini/3_10.tif,Mini,37765,2b78fa27192860375a0e60c624869962e396f10c42d0c8d33b99b7e6162a562a
1232,Mini/3_2.tif,Mini,36015,2e322fd7470cf90927a2c844812de3cb66777e9934b7bcff558baffde8d2c7d4
1233,Mini/3_3.tif,Mini,44691,a58942993cb50429211f68630c3dbf3e4bedfb93b545ddc0ebe0983241b78c77
1234,Mini/3_4.tif,Mini,43581,0cb9eeed90b48eb9c0c28336913e3439e98dfb4dae7a3d3811ce56af49539abf
1235,Mini/3_5.tif,Mini,38209,f7ddccbf3ee4af06d1120898f183879a019271f936e1a6cabf97a749bdce79b0
1236,Mini/3_6.tif,Mini,36951,4020a30e371420a558e40174f890887f2620bf25c51999d668a39f459d4a0d7b
1237,Mini/3_7.tif,Mini,38165,cea33aa38388ae64b385ffaed80294bceba42a3c7956a11b71214ed17f17f59b
1238,Mini/3_8.tif,Mini,1060322,5e610326a32444d2ecc0156fff739fb3e1e58c9fa7aed59b24a15cd01fa4c0ac
1239,Mini/3_9.tif,Mini,59241,ee916f8783a4f365516c5a183ae9cf4216d9aa2542110fe50edd58926eb6c286
1240,Mini/4_1.tif,Mini,42673,4f779e79795c1fe1b4d8f39c9e796d6282b09a258c9d827246c42a12b6324297
1241,Mini/4_10.tif,Mini,28412,39f2286c41f40b50ca979094802e33d8adb95e72b334d99a9ad099bd27fba3a8
1242,Mini/4_2.tif,Mini,42546,cd58877a12d8d4b3a23903433408a2b38dd13a48b67bd848230b4180f660761f
1243,Mini/4_3.tif,Mini,42957,3a07fa76a16642a3d9fa86daebc69184de1a0e26674df54628b092ad5ec314dc
1244,Mini/4_4.tif,Mini,41030,943ab93c5c95b93628e1cf1af2e8bf794f5a1b01d14cfe403bfa8a9f56b98c3e
1245,Mini/4_5.tif,Mini,46211,aa5b7147df94b6ebdbbec580358d03cc470d44f4aa074cf1f6b242310308ff87
1246,Mini/4_6.tif,Mini,40029,d8dfad1285ac9aa7e1e9c588a817783d5e73513a5bff72f29572685462b5eabe
1247,Mini/4_7.tif,Mini,31035,fb57c1d786360402845c545a7ed656f27f890be8d291682bd96d802cc743d82f
1248,Mini/4_8.tif,Mini,1060322,66eb595e02e4cc44b9f11d82b242b342cbd6412ab2e091ca10cc0b2ed2775140
1249,Mini/4_9.tif,Mini,56530,e869723452a760d0af03037a80ecfa197a2c00cc7de1b7efdae774dc1b918558
1250,Mini/5_1.tif,Mini,38876,276790e7219f34dfc60d691e216789e9d9fc30dab26dc31939b48d5b33261908
1251,Mini/5_10.tif,Mini,26823,893b9e525ecfa085dad23fb72ced60996bf800948d145f360b3345cfd1faaa61
1252,Mini/5_2.tif,Mini,38093,f2202668ad3d98f9408cd699d5588827bb2ea7245f391cdd44ac410de6c531ce
1253,Mini/5_3.tif,Mini,37561,0dace13875b563431fd2ffdb4caea8d2d3b0599c70bdf035978f46b114ec6df6
1254,Mini/5_4.tif,Mini,41114,caa9de7ae5197d5c2e414a350a3776473c54e434dec18e71c7dcb4bc9f8b3b71
1255,Mini/5_5.tif,Mini,46978,6e9d150b905feeda051838a7c699edaab4696ef9005e981fad84265bccb3042e
1256,Mini/5_6.tif,Mini,40448,dd6fa04be5b20aaf6b4d666b1cb94419df5816887e880cc14d73bb418a5210b4
1257,Mini/5_7.tif,Mini,31383,b742d645f477c85aa65df38b92553d6e88c04c284e56532cdf15e4ef1d651e66
1258,Mini/5_8.tif,Mini,1060322,d6f7f3d540625b2768706caa1dbd4d3b1117ccbf8ac3e9a1218889d97920c4fe
1259,Mini/5_9.tif,Mini,45082,6ebb9a94e95d9752d2eacbbf85b3ce1c90a814d072c5d067dae7ef64c7d7a01f
1260,Mini/6_1.tif,Mini,42074,baf708dafe660c08c2e51d995dc998ad02307cb96848177f100b59304576e838
1261,Mini/6_10.tif,Mini,33243,2925266bd14b2fc85ffadb0a3f7ed9734d636390f1093bc6d067f6688041fc77
1262,Mini/6_2.tif,Mini,39760,0af1cf1af253a2e87f7639775c957b8f2ad92d07d2290977a3aaa88d0d629750
1263,Mini/6_3.tif,Mini,52218,5a9055cf68d04b489892379efc669501e66fea21d4de20aca12d2379e53d05e9
1264,Mini/6_4.tif,Mini,48745,eed2736f09f82db904104a3c314a5d7211c605868326e87b37387c8812428646
1265,Mini/6_5.tif,Mini,57760,54bbceb9b17306b2c3f4ab67699f1a3ef13232f95cc9c01fa5dbaa8a5abbec99
1266,Mini/6_6.tif,Mini,48907,e12277d9c964e623fb78c7d0a0e8139e7da033fe8e63b21c4d71ee7cc7c19664
1267,Mini/6_7.tif,Mini,64316,6a0d97adac4196d1608dd2ad35a5325aec3ebf685de5ccbf691cafd4af884971
1268,Mini/6_8.tif,Mini,1060322,23ce3ed704e40ee1242e8adc8df4497cd1b152503a733a631ce2508e7ed7bde5
1269,Mini/6_9.tif,Mini,75874,3fcf659b560118c5f162e86b0b1a71bd0485a26a9ca99996c5a8a0a3de8d1ea8
1270,Mini/7_1.tif,Mini,38889,cf0cc32208109ef5f985f621dab81af6517062dc9d5fc2b5d4b89dcb485049d5
1271,Mini/7_10.tif,Mini,30041,50558e1c402d46126ddfdbd27fbfc7d75e79b0e081396198a4cadf4515b13329
1272,Mini/7_2.tif,Mini,34493,135c9c108d46a80ad98b88fa62e206554cc60e40501f047c8e8d67133cf11b63
1273,Mini/7_3.tif,Mini,44792,3548f5cf0fba901580b74b996aa32029bb80152d554447a096f96568e4a21389
1274,Mini/7_4.tif,Mini,43673,3b0f6e99180e23fb4efddefaf833f2cb752b09dae8ee2274a235e545d1f8b5d5
1275,Mini/7_5.tif,Mini,45239,4d3fb1c5a43eee438158075c9f2967f87360bed04f21d60ac9508d3f53dcb2a6
1276,Mini/7_6.tif,Mini,39875,6e2f02a03b5ffb0c2444e8a3f65b9e3a84db29261aee3360963b79a0c9f1b66d
1277,Mini/7_7.tif,Mini,33677,c02f2f2ead7d004bf0fc2c019af0882d1fbd376f62145028723559098f112892
1278,Mini/7_8.tif,Mini,1060322,735dcd3c4780384ef47ce7dd3f6ebd7c9e66ee96f9be2083a809dcfda775860b
1279,Mini/7_9.tif,Mini,46857,ca7d9f9788a295e8e038f372c6e80c74d1e016bde267b353ee3a5fdc65deac61
1280,Mini/8_1.tif,Mini,35020,411fd587b2e5a97f26b5be969078796b9a3aedc3487a3ead5ab2b107975497b0
1281,Mini/8_10.tif,Mini,27386,10433ae8f31dd8fc4f67144ffcd1cbfa0a98b9c2f2a2e038bdcfc92792faec94
1282,Mini/8_2.tif,Mini,35118,2987c14301338c73cca4b9a75a988271080f40e7eebf1c08637b00618ce47fe9
1283,Mini/8_3.tif,Mini,33406,10dc028c7cf61a15324a571e49e0472b33878596af01b3f419b119cd7f74ceb5
1284,Mini/8_4.tif,Mini,37436,51be1c820bdf55a9d39a6531f69c9ec61a9e22716b860ff698a737a12b73f02a
1285,Mini/8_5.tif,Mini,44310,9662c30badc712e5f2582c031d81768640bca760af816aeae242b3e9b3ee71e2
1286,Mini/8_6.tif,Mini,28740,9798e585fec8e0975cef06e87315a25fe4473767f1e3b86ecb91321b325c0d07
1287,Mini/8_7.tif,Mini,34787,bd180762877524c12d4b1db42c3ef8391ed69710da87feae8399a7af8a42e809
1288,Mini/8_8.tif,Mini,1060322,410deba0946ec329030b22521857427c24c8a51c0ef9e7b4b9663e388152dac6
1289,Mini/8_9.tif,Mini,44205,338904dfe04c575ca682d370383e3a216792f7ca14c9ec30eeef9d8fe5974792
1290,Mini/9_1.tif,Mini,48219,8cbe586ac98651f633fd26ce0252e6ebf202a8e6612906d4a6e5423dbf122bdd
1291,Mini/9_10.tif,Mini,34356,74456ad56ad353b4da1859455255d4414216ba6a9bf42069688560fde3f05aec
1292,Mini/9_2.tif,Mini,47860,5e2e0058dc53e7109a9ff284990dd547c692c3b5bce6e75cd1debf0bd6475cc2
1293,Mini/9_3.tif,Mini,48115,8e38a2623074f3697caea778cde0dcba8186737dbf619ee1f03356e60b9ff001
1294,Mini/9_4.tif,Mini,56359,9dca0278ca5dd0591894ba20bf260d80cea6db16008cdf6d99ddda7a28af4e6a
1295,Mini/9_5.tif,Mini,66598,551f017a6f874eee0cfb3abdd760728862771bfd769846afdcc0a44dbd5985b7
1296,Mini/9_6.tif,Mini,39958,e5c9d32c898bd595de3fb13bb3859594c213578a3547f48713a601e569282e76
1297,Mini/9_7.tif,Mini,47633,bb156351a04d8f89b8089b8ec77362cb0e683882f40b4b4ecb9d0b08c016df80
1298,Mini/9_8.tif,Mini,1060322,56a027d95bb707bd425820345fc4d918ccc0bba17eb80387e4542eaa7438f9a5
1299,Mini/9_9.tif,Mini,75892,f62d5210a86379dfdeb7698c6270b3441ed03542b929560a8f2d898d798588f4
1300,Pencil/1-1.tif,Pencil,29796,6629551a54cbe4d2201eeae84ffcbd5067df482e175ee2f90917fc0c441dcae2
1301,Pencil/1-10.tif,Pencil,41510,38690f9686333a47bc698c7de1da76d6044254f06f73c8e0a263f8544fbbd8ef
1302,Pencil/1-2.tif,Pencil,56659,42e5adfcfba2c08a101ff03685df2e112321318441bfd0de0ac6f62336fea9bb
1303,Pencil/1-3.tif,Pencil,44701,82bbbe276befa3126ed3f336b64c625fe935b93cee6f8053a6ce21d61590b6f8
1304,Pencil/1-4.tif,Pencil,47779,d22b5f8cb1cafee803c2723a9ae167d79e4d9c201b97fcd015edee62f645f351
1305,Pencil/1-5.tif,Pencil,1060322,0dea26933780b5fec20e2a5c07dd8d41b069e89ca8306d63684347a0340c8996
1306,Pencil/1-6.tif,Pencil,58713,6fd119d14332809b8a00b7b304f579576e8ed17bf06c50e79ba6644057c66593
1307,Pencil/1-7.tif,Pencil,77989,22085d9d637295d4260831ee64e63893471abe6412071e2b275fc328bc67cb4f
1308,Pencil/1-8.tif,Pencil,45927,825c99dd64f368b497e16c7d44e89042de928f87670f2558bcdbdc7039601fca
1309,Pencil/1-9.tif,Pencil,45723,18a5b8d8c9a5efb18600b3fd14c138b291d2a5add17bdb3e72f025d5a1723e9a
1310,Pencil/10-1.tif,Pencil,41400,adb3a1e6dfb9f6dc06b22c91c5db20e72484be79b5c6c8673efc2c2cfc0841b7
1311,Pencil/10-10.tif,Pencil,26843,ca494ca76bbe0c1f23ae91be81d0cb3f2fba430156541284c71a7c66e46690a2
1312,Pencil/10-2.tif,Pencil,40715,e4937e218cceb8d220f588107bee2aef616790a09c95c3370c666c35b24238f3
1313,Pencil/10-3.tif,Pencil,43239,13ae2779545a778c1e7deb376834993d164e3c237b047570807f3b929baee0b2
1314,Pencil/10-4.tif,Pencil,55017,91db639cd902bdffa83201cfac81e6fba775dd46c2afd80ea34a845037b86d16
1315,Pencil/10-5.tif,Pencil,1060322,e3696e200ce8050d0ed84a410b46a75ad59a252804155c0099ee2bb73273d240
1316,Pencil/10-6.tif,Pencil,34663,1ee06e5b8df5fd96dac9ff33d13cbb831c8039ae976a5a60e473ac1bb856a3e3
1317,Pencil/10-7.tif,Pencil,34957,78a42aee0990898387f567ca57a298046e337fca6efbfa1ae22a9c78556acebb
1318,Pencil/10-8.tif,Pencil,38571,cb0d5a95efd4536e6638ac9147bb645775dcc40c8ebc76d0db807d37143c2819
1319,Pencil/10-9.tif,Pencil,51674,141565f3fa8a4a73a1288566f593d7b6b1ca67f5368edca322386a76a1bc31cd
1320,Pencil/2-1.tif,Pencil,53169,fc6a49d85955d0437a600339f0ddf989b188f7424239f93b8110ad53a31e70ec
1321,Pencil/2-10.tif,Pencil,42990,fa227ee4e8400034bff94c5a9cfdf6f109d4c8dfbd86a2546a99e56ae150074c
1322,Pencil/2-2.tif,Pencil,39639,967121106b3fecb139fb9f16b4005f75fae31bec5ae7ec8caa85a40117ffd931
1323,Pencil/2-3.tif,Pencil,47211,0eef17ccaeb9ec317689d59edc9c77113f9074a41e78bd3143d9e2338bdb5337
1324,Pencil/2-4.tif,Pencil,46702,bec31ebe573f2cf80573169c62d8d7cbdb016a851916c8e251565e399cd98d5e
1325,Pencil/2-5.tif,Pencil,64455,79bea089b6ea8b004e2f463f515babc07578b817294b401ebf981d9d04873b3a
1326,Pencil/2-6.tif,Pencil,31121,016d985c234ce204656ab0149b08f6f12c4f3f24291e993fa4f9220d609354b7
1327,Pencil/2-7.tif,Pencil,44238,ed907a51904b4a058b623b1ebc0181ebbff2887138e33e9881f7fef00f7a324d
1328,Pencil/2-8.tif,Pencil,56793,01ac7b33fe056f1df54c56823a5d3a8294bb07709137d0233a89a11c939eb56c
1329,Pencil/2-9.tif,Pencil,1060322,82d34d92249da9774e0a64b1f3ffda74e2abd85dc78307a62915a5d5f879e336
1330,Pencil/3-1.tif,Pencil,34894,c2cb45da4aec7ad4b72fc5ff273a388a3e74ca1b369dd2d3525bb0bb68429964
1331,Pencil/3-10.tif,Pencil,1060322,3757a19a4faf1caa8f5ade68fa525d78824daa02fc9ce16a8c34812fcb979e11
1332,Pencil/3-2.tif,Pencil,39045,d4618dba8a68eb6aea2020d11ad225e472210c592cd311e998188a3daaef4a13
1333,Pencil/3-3.tif,Pencil,34455,cdaf2ae60e9baa478c1d8791ee1a9160b83f6573cf73abfd72693a1c77c565f4
1334,Pencil/3-4.tif,Pencil,33592,38cd26cf5b6f66e7a134a4d898eda193c3c26aada8b953db52f08d2d93fd73cb
1335,Pencil/3-5.tif,Pencil,30379,6ee14d1082176853f8cf825c9cf45cc3bb0a3c4437d641a407e5d25ab429fa51
1336,Pencil/3-6.tif,Pencil,45184,b7113376e581d02b8bd2621948a01eafbc8e3dcfa567cf304502ebb2a7bd94d0
1337,Pencil/3-7.tif,Pencil,37669,246790478528f94f9c4b164473aabc56ac952a8c032f53f742c4a8164395cd4c
1338,Pencil/3-8.tif,Pencil,57978,1a2c01ae508585404dfabcf2ad6e97fbe4bc3f796fa344321a8b4c0a2c432e8a
1339,Pencil/3-9.tif,Pencil,31349,8b138c736af1d16245ef084b27820492b86e3a11db5553b36e63355bb9792d0d
1340,Pencil/4-1.tif,Pencil,130242,24a800dc6ee57502873d2bbef3d1004327e79ac64f4e8c4b2aebfd8a02a3be76
1341,Pencil/4-10.tif,Pencil,67992,41e95f34ec0f2df52f4b97f24c977493cd3ac98d91a3d3dafeab2ce833110bfa
1342,Pencil/4-2.tif,Pencil,86436,415ceefbe1c83f21b91d61bc630c32f72226e17ed92fa05aac730edb345d60ee
1343,Pencil/4-3.tif,Pencil,81135,9875d8842f0fe0cde5e13905303a36616f71b62a9e2eab4cf876d55ebfca4c9e
1344,Pencil/4-4.tif,Pencil,84744,b680bcc3837cf62d4e3334d259da8f7fc4d52d18a65ae4cdd79baa62632dca30
1345,Pencil/4-5.tif,Pencil,1060322,7fcddea9c871dd495eaf1c88e9091a82278e6455fd8b210127bedbedb7c977e7
1346,Pencil/4-6.tif,Pencil,189651,fd96b1b8983f9a6e75ca3567be8f474ecaaf3dec4a785b741c53a1708a06f91a
1347,Pencil/4-7.tif,Pencil,48202,0311f734556f3fab7d1001c626480ffffb3df81d9c9532eb947ffc70acba04ed
1348,Pencil/4-8.tif,Pencil,57626,5cded43fe1a4ad89d0adbd4bfce0ade4bc55ccf8838a82dbf5b6169d3cdec3d6
1349,Pencil/4-9.tif,Pencil,70656,1d5e17a2f0a6f1d3aaefd22de425c4765989edd4c376977c040e9d7c2d94b689
1350,Pencil/5-1.tif,Pencil,42647,2404e3f096965fce2aedb3f3ccdb62b93d9d67bfa9ed4ea50f3ea6b234d28c07
1351,Pencil/5-10.tif,Pencil,1060322,adaafe300f2d4f39cb3ed610be280234c2ea16c16dd0c4e49aca8383396a8b23
1352,Pencil/5-2.tif,Pencil,43723,9a10f710ba95e658f6194dee8e6640a564c835d863ab2fae2292d2d218932a9c
1353,Pencil/5-3.tif,Pencil,47407,735af3035977e99300b23f82b791b0a957d619af2aafa48314dc3f76e2cf4320
1354,Pencil/5-4.tif,Pencil,38692,1abc4816536773b0de8be61f855ecd8a40cc738f78068e810f0d8a5176743fc2
1355,Pencil/5-5.tif,Pencil,33071,dfa3c56070a0f6e805bc4f0ecebd1bc5e7ce1e953e3e7a749093107c8ddd2771
1356,Pencil/5-6.tif,Pencil,59110,c4dd78f73496207ce8a7542413245168c2de83e0e28c7595490011bdd43cef19
1357,Pencil/5-7.tif,Pencil,35766,d46f2cb7096553ac864f216ab1c6d76089f51a3f5ca6a32700e550659f910613
1358,Pencil/5-8.tif,Pencil,45274,33e7bcc618a3f0d2cde27f21a5f9e68867e12c8231952a1a3b46f01f7e7fff79
1359,Pencil/5-9.tif,Pencil,57680,155f214f9ecfce083b79a2a8942a0c90c955eb595bb3b76358fb2fc45db6f7b3
1360,Pencil/6-1.tif,Pencil,48048,641e098a6944726a8eab25a19977ea492408494b42b66bcd06b5a0b7c9ec5b94
1361,Pencil/6-10.tif,Pencil,33464,9a9755c78ad58454bd76e292a95f4bf8e5399a15463defd198756dd1d7d1f164
1362,Pencil/6-2.tif,Pencil,43924,0b28dce538877ff96aeb1b9218497ec9adfc329a27928c4774323fb73a24f9cd
1363,Pencil/6-3.tif,Pencil,36066,918e2f1295e93821c78c0c61a4a3ceac47846dc2c1df35537b782e89e0584916
1364,Pencil/6-4.tif,Pencil,32840,0ab813687b1e3fcf56acd221dcfb65a28fad5349bae8933e7f3c605f1ab5623b
1365,Pencil/6-5.tif,Pencil,48952,ef34b401b1d379d03caa46f70d18006903ad7b88632329355a7063f88e4a6e3d
1366,Pencil/6-6.tif,Pencil,1060322,c261bf013de8d06545b0aecb708d0acf2f91bc8efbc301491e599a96d06a9c6b
1367,Pencil/6-7.tif,Pencil,47906,ca03c543ead2a12eb91bc315883a30eb7adb71ea4b81972bae9b76ab5e5dc972
1368,Pencil/6-8.tif,Pencil,30685,a2a1be4b0159b975eda1a3ce8828aedd14e00cd68af4d6bcda9ddb3e29345cd6
1369,Pencil/6-9.tif,Pencil,42234,abd4b5d572992dc11c9e0de4ff12baa2347e9ad6519e1c57247d851f02d82e58
1370,Pencil/7-1.tif,Pencil,45517,7e4d0c8531e784365e39dbab5010a9a1f2aa9587ac1c18fa0cfb306891f9de43
1371,Pencil/7-10.tif,Pencil,1060322,d7bdbb089d73806708657541582d8de906c12e953e54e2ba5b2d9c752ef8312d
1372,Pencil/7-2.tif,Pencil,41336,165b2e532efd946fd470ddbed4dea200cfa2402708d9869b080bf42e908e7c4e
1373,Pencil/7-3.tif,Pencil,33845,c133ab28ecae53d43d577336f209ace73e3055ccb618f096cb07dca3d3f807c5
1374,Pencil/7-4.tif,Pencil,46292,7233e987e619d0606450808353dd26beaa7cc0651f3100fc451f6b0aace51d19
1375,Pencil/7-5.tif,Pencil,36635,c2105b4186245a049a1a59cdaab0c536cf1078908b5219f82e16295e1f6a0eeb
1376,Pencil/7-6.tif,Pencil,25066,c40847ca2e2997cc1d2fbee855f2849a8c7fbcd82ce4d8ee705ac30b3271d6da
1377,Pencil/7-7.tif,Pencil,38877,417f5ba8b1784b928b6015c67594c9ce271c1578b243edbfc94570bd076b1c6e
1378,Pencil/7-8.tif,Pencil,38676,b8182082ed24914328c2fbddf0a64eba50cb0cd51f2557629538e3b0051d2d71
1379,Pencil/7-9.tif,Pencil,43989,4a3a96992f483d4e285953f251b1f1fa8b24b58f6ce530ce5ba539d32cbbac36
1380,Pencil/8-1.tif,Pencil,44006,b93561d2937fec50a352673a9f4ebd1a2a355624fba2be33cf26feeb5196cac1
1381,Pencil/8-10.tif,Pencil,73133,1d46b55a5658f9575ae41b629cbe837fc9c316592eded9739956d331b391913f
1382,Pencil/8-2.tif,Pencil,33903,2711746662d72d0766758fef511866fc7abc7c487e3b93d44946df87b52341b8
1383,Pencil/8-3.tif,Pencil,41633,cc79d931c394646aad7f00128662fcdf1e2c5722920581e9e9b110c6c59f68bc
1384,Pencil/8-4.tif,Pencil,1060322,2f8c1f150775a5516ab3fc3ab757b561abab49ae56a1bd451193ecc75dbe74e0
1385,Pencil/8-5.tif,Pencil,52460,0b38f44a03bb420e2a6d44f1cb367933f70b6bd17262f8d56ae0f7c7a772836e
1386,Pencil/8-6.tif,Pencil,41170,813350a3aea44ccf599af5b75deee0cb87ea63b4cec82505d19794245f503f9c
1387,Pencil/8-7.tif,Pencil,36270,679c550f4a0f7f6e14763e9f11838a9bde906efc479f97875928a96ad7081e41
1388,Pencil/8-8.tif,Pencil,32240,5e49a96676980fc54a1ccf75b40733871642111ebcba70d612d1ce19764a1b3b
1389,Pencil/8-9.tif,Pencil,64199,934be69914121f3e34497f4ff70fdb5712667af349c4050beb36b72996861c86
1390,Pencil/9-1.tif,Pencil,54474,e39b70ce1f139e8961cd0265554fd9501620d8fb416f6d798d77dbac721e41dc
1391,Pencil/9-10.tif,Pencil,166631,20fe0834a9a49410985684df5999c47cb022aacadb99e8a243e582b8d42271a8
1392,Pencil/9-2.tif,Pencil,1060322,7eed2716e3c01f09a574ff478c95ef07581b17dacce640b3774f5bc5fda20893
1393,Pencil/9-3.tif,Pencil,46796,3784f070cf9a70f83d19c05eedc1878cfdc9be2ccd7b839d1faf0c93dff682a7
1394,Pencil/9-4.tif,Pencil,41310,298112e70b7bb8deaee478959f4bb410d8bb34e04494653476399a4695aded5f
1395,Pencil/9-5.tif,Pencil,83074,ce9c5efd4939fa7864f51886f83bc6b92849210d84d4bfad6de00f13cc701683
1396,Pencil/9-6.tif,Pencil,77039,d86c6ac775438883de5f1a559f147e103fda533547436e153131c2751e5f83d1
1397,Pencil/9-7.tif,Pencil,52754,1b7d9b3ec0a55fd8451f45af2867ac6a8c052126208118ada9867398ccdddd1a
1398,Pencil/9-8.tif,Pencil,42769,fe2f75adf46a608843c58f923450f023c799a02664e65889225b1ba89c6009d7
1399,Pencil/9-9.tif,Pencil,37253,84b022462e3a9696f776c639a6974b97b2d30c65c0b8c40b2251eca16cfac277
1400,Sarong/10_1.tif,Sarong,66749,0a36e22e14b67d0c90fa53ab4dd7c9dc49685f257d3d973c07d57ea386f8243e
1401,Sarong/10_10.tif,Sarong,43091,19e3932e71ba36790300b11025b286bb7e47f3f48a0977fd0687f2bafa7c04c1
1402,Sarong/10_2.tif,Sarong,42149,d05ee086d7ac4cc969d07b0a8a08445c6e608619f411f0533471d9297ac7d64b
1403,Sarong/10_3.tif,Sarong,51610,69c25ca308a1f9cf98bfd3a444ab78d0502fa43a9f7e2c8d0004c7244ec74dba
1404,Sarong/10_4.tif,Sarong,66642,ff99e67138efc31bbf13b2f6deedf1a340acacfdd1aa25ea5baa3a4cf396680f
1405,Sarong/10_5.tif,Sarong,52421,42e7883f5d386fce92443079038da103c317ecc989c2eacf299c404e0c1ddadb
1406,Sarong/10_6.tif,Sarong,52648,a659b57df48e7a2a0056402bada9cb29b3592f97a2d6562aed2d37cf60bbf50d
1407,Sarong/10_7.tif,Sarong,43539,f464cb84f44487f6ac20b35e805e93e52c4b9de8e82573c0720ae1cb5586745c
1408,Sarong/10_8.tif,Sarong,1060322,c61aba03d88edc82f09b6d2bc70ddc429126edbda0ecff4620d5a9cd7164f690
1409,Sarong/10_9.tif,Sarong,82760,f0d50db770239d3d827e97feeda363366255810e8f06a8783cb4e14de697bc25
1410,Sarong/1_1.tif,Sarong,63290,97e019f9fff26851ca36f8469b5d3b339e4022c1b023817653a99ba0f2b25667
1411,Sarong/1_10.tif,Sarong,46431,edfa862ed39fe895f98ae21a936c797b30f58c276d90fbac29e882fed125d6bb
1412,Sarong/1_2.tif,Sarong,37922,d25e504e88cbef43005d128c070bdfe4f07839e2dee669669dc6da54c70b72f6
1413,Sarong/1_3.tif,Sarong,58307,ec17b255a97bbf903ef8570f1364bb11c9eb948b53cb576fe389c0f8dd215b1e
1414,Sarong/1_4.tif,Sarong,87464,08d4f9006a37345fddc7a404dcff97a7c070bb7722c0b1e5b5057ff07c6c8be0
1415,Sarong/1_5.tif,Sarong,53454,08ce17a8cdf2c9e94ca21c62a2c09a9a84ddcdaf6f8cf4209b20b2c6223cab4d
1416,Sarong/1_6.tif,Sarong,67545,388bde31fdeff452bf7551bc40ec36d29df26865e1533bc8fe8977fc09a51f0d
1417,Sarong/1_78.tif,Sarong,35206,69b26631cba32c6a7e4a4443a78ec1d2aff682fc7982fd2294c5b846844d332a
1418,Sarong/1_8.tif,Sarong,1060322,43b95eccf77e3e08bb338e5679e9c3bc8012d2ac4a657b94afbe6a3f27551381
1419,Sarong/1_9.tif,Sarong,76873,b7c50e76433a18dd28d1f5bc95165bcf2d07fa8660803536c21aa2068467bbbc
1420,Sarong/2_1.tif,Sarong,48017,17d348960d8b26a61cb080aefc2c87d7dd3e9a1bece7e0b2d35c61f0b7d4ed3c
1421,Sarong/2_10.tif,Sarong,38859,eaeb322cad643084577251b9dfdf1df60709d27b6623a46ff362c737e6ec831a
1422,Sarong/2_2.tif,Sarong,35963,ed1e15f7d501d6bc6c6bbaa1d53258a6d86365e4969a093a27b260b72368c1de
1423,Sarong/2_3.tif,Sarong,40241,e49dfa34f4377edb9705544af6cf252fba4f1e77c1c1f1ebde879446430b1425
1424,Sarong/2_4.tif,Sarong,74968,52d507a90c0efa856830eb53643d6f9dfc92155987e9af1ca511876b292f4c75
1425,Sarong/2_5.tif,Sarong,39242,cb182adbc6dedb86fc5021ce8b72b7509c23b8da22d53b296935d16242556624
1426,Sarong/2_6.tif,Sarong,42727,e42be9849a13be4562e3ed5389a8976bf26a616816c9d030d5af9816f9ff41c5
1427,Sarong/2_7.tif,Sarong,26270,d0be11e5d53faa921de7a7b2f294abc17ccef80cd2256870cb1ceb5a71e8a0e3
1428,Sarong/2_8.tif,Sarong,1060322,b9a8d0a0fd2a2b769351212caab378f8f43d63508f84646793513d51c3c1e833
1429,Sarong/2_9.tif,Sarong,51756,fbf0e600d4b30798a72b9e27997631e81147f43b578fa7931b94660f669c9faa
1430,Sarong/3_1.tif,Sarong,65906,3c02eba87e0a3665520d1240474c10f4e0f05b0b9c43da08f842fe195858e4a9
1431,Sarong/3_10.tif,Sarong,59443,140ebfca39ca0425dc780535800d5decb97adc1e560c4e18ae98288ee182f197
1432,Sarong/3_2.tif,Sarong,41983,18008fd843b8aed9a3208a2cbfab14db0dceb14bf046716c75f1f8341bf17cf5
1433,Sarong/3_3.tif,Sarong,71316,3082a552fafa7d58c73ee3927b34575aef3a5ece339eb58cf4dddfeff92e063e
1434,Sarong/3_4.tif,Sarong,86435,fdd4b84009ebe04673c72148405db91ff22e6c8f8f18e2087c657c9553060d88
1435,Sarong/3_5.tif,Sarong,63399,6e071fc6bcef5ef1a13b836f477be7fb5d486ade7b9b0b9f7586d24cd6e2e262
1436,Sarong/3_6.tif,Sarong,58835,4ae61b12fff1ad471549b895ffcd1da84aa07e6a9a5f818a394c7122220265bb
1437,Sarong/3_7.tif,Sarong,42459,b49818a1c8a7c18372d70cdb02d216ef2a34f832f4d08a2ec7b80ff8774e3b14
1438,Sarong/3_8.tif,Sarong,1060322,fbfcb08680f82618b04a0485669c22523da2928032efe9a213ae7d759b71899d
1439,Sarong/3_9.tif,Sarong,67175,9080da90ad3f626158de7735598fb923c14c1af0caae161924e5555974d182fd
1440,Sarong/4_1.tif,Sarong,59577,ceb3e9ff6926afdfd958f572512a996ef37d424f025eacea925dd46573ad5dc3
1441,Sarong/4_10.tif,Sarong,48151,179f75ac34abede23587d356ddf1640e845fa376c1ffa7bffea8650b5d5677a0
1442,Sarong/4_2.tif,Sarong,42870,02bb68d1f6a6fd5e8805da7fac4aa57e97eefeeba7e9fe2a1aca78fd6f68ecb7
1443,Sarong/4_3.tif,Sarong,54880,6e2ba00afcd531cd41204a37033edfa1a45c10443423bd9ace1655e0e29758d4
1444,Sarong/4_4.tif,Sarong,73436,8e0856a319bf5d34408a549dfe1b7a5102f5e2d3631f8e6a4025fcede7af7444
1445,Sarong/4_5.tif,Sarong,56496,75e4661a4cc38da18838275eeddbfc9328cee360007276ac9f648e84ae5e4cb3
1446,Sarong/4_6.tif,Sarong,46699,0a21fc97478789a09779e006d1dd3b325c87ed819a8915d1016915b901bdf47e
1447,Sarong/4_7.tif,Sarong,35314,e3a953cd2e650b4dbb5853b072eed537324d944f04e8bdb6906ea8761d5faf10
1448,Sarong/4_8.tif,Sarong,1060322,c208b653fa123884fcbce44ec307b3904aca89b8699d86b5b1a19134a390ba80
1449,Sarong/4_9.tif,Sarong,63905,8fb2d73ee4b474a1bc2a50a07d23cdc56548aea938b98c3dba19bb606029180f
1450,Sarong/5+8.tif,Sarong,1060322,b3d00f7632e0e44875b70e931bf0b9d13862fc44ff7cd021c98b28423e44c8f8
1451,Sarong/5_1.tif,Sarong,66284,d7df5c58333257c79b01a5c4a357a9347e94913273b754bf77d2b238d562bb75
1452,Sarong/5_10.tif,Sarong,48363,592d8009881c5b4bd04c758a6f10ffcf6749cb1a6e1f40ed0bbcb3eed3a5b9bb
1453,Sarong/5_2.tif,Sarong,50193,2ab9541e6b82ad34380a359a24ee112ec65759149390a6c2d96a16d9da6f3f50
1454,Sarong/5_3.tif,Sarong,64297,7e0cc841b11a6c2aa868adcf941c4159719a4de3909c97c4c14d8639d7c75153
1455,Sarong/5_4.tif,Sarong,85813,62cb7149d442f57eb003a8842b177d15c8a98fab4650d5b96e30d28e57866a3c
1456,Sarong/5_5.tif,Sarong,59541,0798d17f3fbe1ca597d8e7eb5bfd318303ae8c3fad2405d244ef033aedfa9a3a
1457,Sarong/5_6.tif,Sarong,66078,b88bce05b0ea05cfafd42e8d2ae3a8cce5f9dadc4ff1eff2b12fbb2dca38d5aa
1458,Sarong/5_7.tif,Sarong,54035,14e89a87273c95fcaf8c9b803ea697ca55428a82ba14193d955c7dd977fd2b32
1459,Sarong/5_9.tif,Sarong,87414,a9e4b957482bf06b233741587ba13d436877300fd3bef2ebcba35292c3962ff9
1460,Sarong/6_1.tif,Sarong,45801,9fc63a7ef30fcef19865188fa593b4decd89772213b8a2f046478a963b0f2a09
1461,Sarong/6_10.tif,Sarong,40222,26c5c2a6fa8c5b33542c43f54a6b3a7c39f024c057a1e4a130818eb1c84bf752
1462,Sarong/6_2.tif,Sarong,34831,315badd6ba0188ec796d5c62070f5d71ac0b8f7ee7450bdde90c0b728af01d55
1463,Sarong/6_3.tif,Sarong,60358,531f37cd50a97f016f9a5abbafcb355099d93c64cde3edea7b58063fff9f50c7
1464,Sarong/6_4.tif,Sarong,61528,d2dc25141ecc4f7cbc89ed110b06530d936fbe66e7a3d8bf6056d27a18330807
1465,Sarong/6_5.tif,Sarong,56234,5274b5620f5f680ca36db213e9060d78f55ae2dcaf23170f48005bb7c5d14638
1466,Sarong/6_6.tif,Sarong,50684,d89b030939bfe264209068166a40d06bd76b68e236225122193ca3e7c4dcb501
1467,Sarong/6_7.tif,Sarong,52610,93f70b36b461bfcd15141970577bbfcdb6789f901ecde8308cadae8b64189e23
1468,Sarong/6_8.tif,Sarong,1060322,3bfd268aaf323314871a7be8cef30412e4fb6e30d96f753d55495828d0906213
1469,Sarong/6_9.tif,Sarong,78191,b09dfd744bf1f565015755a3efdc997817778219ac4d21f838da86d69d82a038
1470,Sarong/7_1.tif,Sarong,53838,2d0bd6557822ad2b00c5ba8bb00d21406de097a89c3a057e89fad6a1aa0e3eb4
1471,Sarong/7_10.tif,Sarong,41423,f60019b67ecc35f2f3c182e63cacac4055332dc43466904e7983e2a0c836d0da
1472,Sarong/7_2.tif,Sarong,35453,b1241d03dabde223eb337511ae2146a1658814a7210bae6b6883041c92aecd42
1473,Sarong/7_3.tif,Sarong,51836,0322b38819422c4e407189b090f946d2693933d45071e255da84d6550378576e
1474,Sarong/7_4.tif,Sarong,72668,31f8f592ba67d8f21180feeb71f9d19b84df7680649b0bb4150d3688c64ea465
1475,Sarong/7_5.tif,Sarong,48586,1bf16c518d9a2f459a9a63b1901203ff4c5b316d3e119373778e26e20030f7fa
1476,Sarong/7_6.tif,Sarong,53999,5165185b8229b3d5ba8cacf37c97cb1e7fd7b061e483b7c0fbc19a57b4330339
1477,Sarong/7_7.tif,Sarong,34400,4e30cf3577231534b8a903fa3efe00a3e0c3b2de9269b165bdf13abf826922d6
1478,Sarong/7_8.tif,Sarong,1060322,48009aab814369917db7f204c559fba8d45e9e3df4628cbc5b5466fd787fc374
1479,Sarong/7_9.tif,Sarong,52146,ed7b5fd1e84b7231d45bc2796892a5e56e93abba3af37f71f2ad95d5d22dfb19
1480,Sarong/8_1.tif,Sarong,48957,5d6da41d994b26b2e9e4dc3ea167c52f1cfe0a90c56d2c9e731ff8c8629d9a59
1481,Sarong/8_10.tif,Sarong,36210,d6bcb651fd647b7b367c6131532eeb11293e34181b5f5d90ffbb0a364b9dc96a
1482,Sarong/8_2.tif,Sarong,36187,bd1d316c1a60bc5e9172d467ba11ffc694a1defc4f3972890667607afab8c16e
1483,Sarong/8_3.tif,Sarong,47261,bb59b58ace6bf15f19c32bbe2f59a97f812626f141ece6a15348dc7d663d2744
1484,Sarong/8_4.tif,Sarong,66646,efd4e5818377bf44bfe60562f629c3ce0b5bed5e1a09fb505eb6f6f075401535
1485,Sarong/8_5.tif,Sarong,48991,5db839778b9e6a9538a29343f9bc8906dee53578d46d20a48e26b6b33da4ffc7
1486,Sarong/8_6.tif,Sarong,41040,81c90e8c3608163d5e4343c5d8cacb2b488da95146700fc63750fa018942ef24
1487,Sarong/8_7.tif,Sarong,36063,f5efd59818c664796301b449ccd527b809383ba9233981f1ea935b8b869fd7d1
1488,Sarong/8_8.tif,Sarong,1060322,8133ec0f9930f24d4ee421033390f631566a7814241ed7275396c09b2de74cc9
1489,Sarong/8_9.tif,Sarong,51252,7cc432004f4cc75048dd2f0db57eea79e37ae37abacae36eb6e6c2cc941732e2
1490,Sarong/9_1.tif,Sarong,63533,8bfca21370cd2bb90952ff71a23fdc4f6013109dbf8417126101e51f5e580395
1491,Sarong/9_10.tif,Sarong,50721,d544b7dd3fd41e1d70da79b8062e54d6b529933f242c1635cf6198afd1defae9
1492,Sarong/9_2.tif,Sarong,41326,5bc51ad8385b80991e513de17dd884287cf84ee5546b0aacdc6362fc688ff541
1493,Sarong/9_3.tif,Sarong,64802,4141facd7115bb34ee82dba6d5cf916029ffd67a2756a7135c051f0920151172
1494,Sarong/9_4.tif,Sarong,68053,6a84ffba708ba8fbe4439856b60def1d1d7f27941dbd72e363685044315a8592
1495,Sarong/9_5.tif,Sarong,56350,728db706ea766411529556bddb3e5a1e209ed6de030a4858aeda6e9ef1f93a7b
1496,Sarong/9_6.tif,Sarong,54020,4b403e983de6642eff3cc208a748fa91f6aaa8d4dac9a7b15331eeff3500a933
1497,Sarong/9_7.tif,Sarong,36375,aca00a034307177c3f21bf65cc68de916d0e4799ac59e03cbf468313f3589d0a
1498,Sarong/9_8.tif,Sarong,1060322,a73e3f8130b98ee73072447a024e1b22d37f81fe04ee5edf874925c87f064e85
1499,Sarong/9_9.tif,Sarong,76888,9bcdc503557c4bb7de5567bbe8b652ab9cb4a2f2af96da023365b0b8a7f1f5e5
1500,Shirt/10_1.tif,Shirt,55352,8828f70266ce1984fd0c044d5cef6fb866c26fa2192f9e21dad8cc53ce8f42be
1501,Shirt/10_10.tif,Shirt,36518,3184b0cb4b460a667355811ce62883f490d231c38ab496cc12cf008d4c9f004c
1502,Shirt/10_2.tif,Shirt,33347,f81d7097875e43593bed498d73152d2c30f7ded20e39561988bd746f76b419d0
1503,Shirt/10_3.tif,Shirt,49578,5a9b905bab71fc12f69f1c85581a3aaef11bc36fad9560ae33e2a7664caf6feb
1504,Shirt/10_4.tif,Shirt,67510,ad45b5768942389acafbacea36427869f8a3e75fcda8033d489a6d4e1af1d054
1505,Shirt/10_5.tif,Shirt,47453,43f2f305a4bb8c831addfd54f8a6d15fc22fe15d7ee48df1d9a6ce1823db8845
1506,Shirt/10_6.tif,Shirt,43327,29d9eae6fe9cc35535e6ed3e8bbf7f4a364cfc9c215b5f3aab9d6f6edb977e4c
1507,Shirt/10_7.tif,Shirt,48220,c234d9e310b9061a96b50904d0fc9e0bfb282da70fcb2e2847a57a70c9dec333
1508,Shirt/10_8.tif,Shirt,1060322,271023dc7575b74b1727e2e7f4c9603884685df72c0c73c023cc6a39e6858a41
1509,Shirt/10_9.tif,Shirt,44742,fafd76b54fc641be819babbf3326f86e934fa7799b0dbc2a120e7f2cae01bdb2
1510,Shirt/1_1.tif,Shirt,69414,da9226c317ac2bb297c61c8fbef82aa27f3af74688062ce92cf8fcc332a0166c
1511,Shirt/1_10.tif,Shirt,49828,a82da1c21e72000a4766d260e0a2402eb1f77b712bbe8931c9d9ca8198b236ff
1512,Shirt/1_2.tif,Shirt,45519,3e28b53ddcbc3250fb0e5d620bd85cbe0d1780a633d4da7ac725de82c99f2f1e
1513,Shirt/1_3.tif,Shirt,72157,a8b83adf96d0c78a34c5cf3a5c1c0c375f885f593894a089e01d8979be05abbe
1514,Shirt/1_4.tif,Shirt,85648,a3d6ab11cb451d3fda22e8ce368939b963ebea681c4f88565668b8b5531f9dbe
1515,Shirt/1_5.tif,Shirt,77410,44e2476df30adda8b983bcbbbc944094d3dea0b978a80164c875ee6a997bc300
1516,Shirt/1_6.tif,Shirt,61106,f8929cb628d16eacfd5d7fa9d952ab0306144a9f961775d988222b186f14926c
1517,Shirt/1_7.tif,Shirt,49201,44b1e2e1c7bea016218b14c11ef49b5193ec8fab6c7dac0831624f16f49b6dfd
1518,Shirt/1_8.tif,Shirt,1060322,dde3e5230e23cae65005c5455ba2228f9c7070ff39e5ae8b01cb7c2f6386ff81
1519,Shirt/1_9.tif,Shirt,77278,4137c353ce8bbaf5cee5db007ebfa909f4ae257464164b4e1cdc93ccdf33c91c
1520,Shirt/2_1.tif,Shirt,43877,c08a9bac02fe3bc9ad7db2784a606ebc8d10cd9021ef51fa75bf3e23a0320aa2
1521,Shirt/2_10.tif,Shirt,29924,9c58d3c5b6a17024f248bd6408950a8c70846d4ec493c361269e0eda6a3787e8
1522,Shirt/2_2.tif,Shirt,33573,1501a4f443d15f76243a6426640c7e56c187b21157b67e84b371e12521f2e33d
1523,Shirt/2_3.tif,Shirt,35746,cd0b8b47b1085e0884eff05a741ea89437a1e714f4f6512c70ec14dfb6c08efb
1524,Shirt/2_4.tif,Shirt,50688,8798d42920dc9f5a177ce5d531a95e64326502ad36240f2dc5bf1527bc52bb1d
1525,Shirt/2_5.tif,Shirt,44528,64a76d43729146a52a0c6e7aa750b664bf25928006200b3ce8cb0c499e35fd4c
1526,Shirt/2_6.tif,Shirt,38802,8af42c303cdc059aea81888c301fabd49a0ef1fbe6c59ff7cbe291fd49c10330
1527,Shirt/2_7.tif,Shirt,34074,7d014fedbe7b4cc31ec25d61b7ff649f5ee7559c93efbf4872f489d219b39cc0
1528,Shirt/2_8.tif,Shirt,1060322,65b811e206c0ae6e46cc8ece610deb35ec6290bb0c44713ebf518fa918abf94d
1529,Shirt/2_9.tif,Shirt,41297,984f0a98b1b801dacd3106a18224bf98f0967793e88ca98baacbc5dd0d936f49
1530,Shirt/3-10.tif,Shirt,32752,c1309bb6a3f59a427336cb423dbc17e4d59a5418a688c916267d487ace720cf5
1531,Shirt/3_1.tif,Shirt,50786,364cd65aa2604725926ab2eb980af9784a5b830cee391ecba2adafdcef960636
1532,Shirt/3_2.tif,Shirt,35095,69b2d25cf0d79fd05a573898a74253067081055cfb7e4c83a4d249a265628074
1533,Shirt/3_3.tif,Shirt,48499,d54c6ee13e5f7e890b16b42e3fa86dfda39896f8b1e56c3b1ef1f4e80781b36f
1534,Shirt/3_4.tif,Shirt,58323,71452c59644b3e50ea204c73603e0e44d120e64068ed94da16cf0c6b25d19a25
1535,Shirt/3_5.tif,Shirt,58792,f0f56fd9318d013b31c35a5088629995710b65644eae74e2d155aff9929e508b
1536,Shirt/3_6.tif,Shirt,46851,87df9daa73ddff9908f685e6168532a52aafae79c06567dcc25d8edd68c0344b
1537,Shirt/3_7.tif,Shirt,58182,aefd1a48490c423dcc21cb347248762ec29bca460162c01a0caf1a68f9f55e6a
1538,Shirt/3_8.tif,Shirt,1060322,a16afd61789be557bbc13af04bcbe7cca15c430d00fcc9f6e8be6794bf0515aa
1539,Shirt/3_9.tif,Shirt,53400,d22f7bf4e8c84353eac6a3235daac096eb4c0b2ccb0874925b0d52bbfed99f68
1540,Shirt/4_1.tif,Shirt,55372,a00978e0af3bdf7376e0e3799edbb3ffffdc9548312454f959383759c92b21ba
1541,Shirt/4_10.tif,Shirt,43773,e553217473ed8db11cb094c2cd3966cc78f41975801c779e467253de3819c481
1542,Shirt/4_2.tif,Shirt,43029,a2112377ee3372c24ae692750bb6e873ccf7bffac56db6f963175cae795fe91d
1543,Shirt/4_3.tif,Shirt,46017,d1f9cfacd76e67e0e595945152075eae8f475114e4f6f2883dc7ce1e6c6366fa
1544,Shirt/4_4.tif,Shirt,62751,412e1c8962033799142bbdde2cab21dfe335841a00a35ef0f02a52e8c6947e4a
1545,Shirt/4_5.tif,Shirt,53578,3b98f1acf0015a1eab5ac5d58f52261020b812e4631a6e4a1e477fc26e57e8db
1546,Shirt/4_6.tif,Shirt,42339,eae2a8f67c1a82ba19b7e1ffe61704f172071860011de0ff2596cc9841f092a1
1547,Shirt/4_7.tif,Shirt,54059,cab67fda4b9ed4c144b9245b2c2c282897b078c4516ce25daa2c2ee765a538ae
1548,Shirt/4_8.tif,Shirt,1060322,daf5be08b21cd6dd63d5e239e5088c7c1afb1b061e611e85f324db881e5ef4a7
1549,Shirt/4_9.tif,Shirt,48497,c213946d685cbb76c39b57a5e58ee1ea8387357a83f9f065e34bce44d97c97e0
1550,Shirt/5_1.tif,Shirt,71101,294a548e1a4553a9fa5ad9dff7f1f096681a1d532eb6fdf28572d376cd2579ac
1551,Shirt/5_10.tif,Shirt,52713,3513055f8ce779239e5d5f96f1db780c4833ba45e08efdf7790a3f6c4e4fc1b9
1552,Shirt/5_2.tif,Shirt,43859,de7ec195d13270bfe9dd17bb058b3e84b89edbade9414d0663ae80dcda117130
1553,Shirt/5_3.tif,Shirt,61638,8b1f970fdd25b661ae5fb65a97ac0eb5307ba1835a2b286f515d22c92fa864b3
1554,Shirt/5_4.tif,Shirt,85922,39dace3e7aceec5eb7f72babcafa256c837b6cf3b9ec64ca38ad1051b2a3f8af
1555,Shirt/5_5.tif,Shirt,79875,3cd4bfc58b49432bb63673c93b31e68ff214dbcef74ecd57d76e12e7cc1f0901
1556,Shirt/5_6.tif,Shirt,69919,2db87ee7e8fb67947e5dc922c87e56f594aa7ad54eacace71eebf8726a589d96
1557,Shirt/5_7.tif,Shirt,80398,51a2eb140433dd591d9d269161a7f610a6aa062d770bdd832b88506f705e1929
1558,Shirt/5_8.tif,Shirt,1060322,9937aed0f5213937ae4ed9587a9a67dbde8796bf5de2f9292fbfac63b22c9409
1559,Shirt/5_9.tif,Shirt,83077,71a3ad667c1ebf72909481eaf742d5ba636926a5a676b7a18418b9175a384010
1560,Shirt/6_1.tif,Shirt,53564,3ec288625af3494d108a61c2dd4f714afafd8f9689c0c6c09136bed6d50ceea9
1561,Shirt/6_10.tif,Shirt,46492,ed37adea686a0a41c2ce69fb8c28e88a944c4478e9b1fee5ed65fdbb4747a4fa
1562,Shirt/6_2.tif,Shirt,44187,ce51a61b0fc892678a04fd8d5866cc8f46313617b3b13387f483c76cd054d32d
1563,Shirt/6_3.tif,Shirt,47310,77f38104bd488304da31ef28d755545cf905ba0d2aa7e5c905e8d121a3689a77
1564,Shirt/6_4.tif,Shirt,61218,73d680b4490b8e827195a9e424bed80908b3a4a926d083a5979eaaad49350ced
1565,Shirt/6_5.tif,Shirt,66367,c00d69d2de9ffbefb1bd1cf2e9a127d0daf359ff2f3986826c2c98e8d4b0bb9f
1566,Shirt/6_6.tif,Shirt,53932,6c04cdb1a6a2fba8fa2bc269fd49544f9cf49cc3398a8d4575fecb5233905cb1
1567,Shirt/6_7.tif,Shirt,67377,3a785f2b0bd7e573698dff64b5e822184db581c007825d4ffaeeec3226299c9e
1568,Shirt/6_8.tif,Shirt,1060322,f11086f18bc74de0de4e2e3e02f05ecef6aced3a0635acde07bf84dec031ea99
1569,Shirt/6_9.tif,Shirt,63525,76aee55f8efa63075ca65d9e7218e69d73029c9f40d7525a56b44441ca2dbd3d
1570,Shirt/7_1.tif,Shirt,52163,8fd586522bbd7fcd9f56016d869df33371f723463964665f6776c91999c61fdb
1571,Shirt/7_10.tif,Shirt,51597,01e909ebc1060836e47a150cbee16713532b74a630447c1f40848688b1ef063c
1572,Shirt/7_2.tif,Shirt,45542,d551496485ebf60ec0ec86b06ec6bb9f0cb48305dd4e5b11c4fe58f95894d589
1573,Shirt/7_3.tif,Shirt,53709,c7206bb6a698b90f1479ee95f5f821998613b5b87c47c3a645af68bba614e50e
1574,Shirt/7_4.tif,Shirt,69548,c6f496676fb009c83ac966cd38734f76d30fdb8daed1f3af95cf73eb8d7f67a0
1575,Shirt/7_5.tif,Shirt,64376,e8c86c9c536ed0ed009e6a82554723ab9023df26bafd30400a08ef8d22ce22cf
1576,Shirt/7_6.tif,Shirt,50616,c7409f2d6e2c512c2475f727a278d78bed5547ca3dd3e934bb2e3dcbc7ee8173
1577,Shirt/7_7.tif,Shirt,64947,89ef01c1a49319ea29e8dd7415df71940211843aebcce3df614ebc1280366cce
1578,Shirt/7_8.tif,Shirt,1060322,9a90e3f644f4683c13aadf87e8471a8c0d3328464bd98b3525815bbe3ebd3d73
1579,Shirt/7_9.tif,Shirt,56123,0c8e36e8a70b92de26484f04dcaadb8c2172912e6c4bf7fcd2d724c18cd49a2a
1580,Shirt/8_1.tif,Shirt,60356,05afc426d2f676dc55daf8ef3bb037bfe2c7a4c77a6ae47ea2594e052748df68
1581,Shirt/8_10.tif,Shirt,43643,a2850047ab6c0f4aeabd207d81a303f6e4f32ae5d51f8fc16c20600ef19b0647
1582,Shirt/8_2.tif,Shirt,55895,d9775c96eb3f9bf4f8ac7c83f3d6075640d206a20d9e90370510afb7e4bc84e4
1583,Shirt/8_3.tif,Shirt,54502,5d1fceec40afae2f0f0f7c0a0f1d1872dbe9f3566771290c21a7e9f4d048c507
1584,Shirt/8_4.tif,Shirt,75902,a3417d79c4add6127038e87e7df34843fa21be1871dce6efcbbc4efbfe114973
1585,Shirt/8_5.tif,Shirt,69341,62e71ffe9151416425eed84d817459b7a8b4dfa694a58849eeae764d3c5a6cf6
1586,Shirt/8_6.tif,Shirt,49689,58318663ddb915e2e71eb19eaef632b2f90aced6acb951ffda9d70ff13fb2d6c
1587,Shirt/8_7.tif,Shirt,69793,a85b90899ae34af78dfeebad357f9e8fe6eee4b5db51e558d83b5403a1b52e89
1588,Shirt/8_8.tif,Shirt,1060322,2c0e9f50652ef9e2958198ff136a81eadba6823376721d3e943a4073aa09de57
1589,Shirt/8_9.tif,Shirt,60307,0bb66cc31d8bca4b158dedb818585cc18d61cc841c19ce6bc317c7f495772212
1590,Shirt/9_1.tif,Shirt,49329,c535bab6320ebb1d7d82f97d07f46bd66ae9485a76f4901a6ab41f425533a023
1591,Shirt/9_10.tif,Shirt,31385,f2170163b2388651cdbbf5a6559b34c8fe918ff5a781df9fe877a9644bbcd433
1592,Shirt/9_2.tif,Shirt,45377,47598293b4992c19a3bd65e24a5bcd409c399006c440ba86de1b74d170a5cecf
1593,Shirt/9_3.tif,Shirt,46747,5125be4dd7d1ddda5bfcad85b4a8d7096b33ffd2cd3b368c52ee5988c3e74547
1594,Shirt/9_4.tif,Shirt,59223,d2e37302a11ff69c37dee47018b05dfe212771a0086ab8f9d82b7b70f1aa9574
1595,Shirt/9_5.tif,Shirt,51567,ba96dc7c6732e75eefc6634b8d1dd1f3fdeb7567c134050467b911f5433f21c1
1596,Shirt/9_6.tif,Shirt,45990,6385e4ab7c4e235d9745f56d0d955a7e66daad5f5eaf130c377d68ab5743c80b
1597,Shirt/9_7.tif,Shirt,52092,d0b8474614f43a6a5aeff03f7af75d33e7a53626c28f68f574dfadf139f4cd1a
1598,Shirt/9_8.tif,Shirt,1060322,b2bdb8cc16bb100f58594abf31335809dfc49bc19293720f509a0e899a63f3f6
1599,Shirt/9_9.tif,Shirt,47679,c0a75ce78cfa96a43cfd0d1f2d0fe3b8a1f97f47f397d8f11a9b64cdce0b56aa
1600,Skinny/1-1.tif,Skinny,27095,a330a9fd340b65c21d7d06085ba9431a6b82634eeae20e909c3bae2d7eab7e3c
1601,Skinny/1-10.tif,Skinny,37918,4e0d46c03b58e368d6d7133ce54b46c35df2f4a94faa3649c8981813425f70f3
1602,Skinny/1-2.tif,Skinny,33828,a30a198934b01422dd2d583868ca57971e91cdfae60987305beccf45fd31ddc9
1603,Skinny/1-3.tif,Skinny,38783,d8c185d9eaf47f7d921e8df296e4092becb2e5641e64be9cf76319a5f268cbcb
1604,Skinny/1-4.tif,Skinny,33091,a9fe53511fabf07a1624c40b13796b296fa7cb86622cddedf7c71a36b33d5938
1605,Skinny/1-5.tif,Skinny,48116,3bdaa18000c6c6f84c689ca7800d72cbd4eaf0ab454e57da79245c95047f5797
1606,Skinny/1-6.tif,Skinny,49852,310ffc02c3b79d1f516484785c4dc8571ec20a787e622112d1d4cfb0727ffe62
1607,Skinny/1-7.tif,Skinny,1060322,452bca9fcf670ff16018daf935e361125d3604f439d6e59772ce8af749a30b55
1608,Skinny/1-8.tif,Skinny,52980,c97055ace5af9e7c5b737594fed39609b35ce9a9539b9265ca04828c055ffb95
1609,Skinny/1-9.tif,Skinny,53099,78ee87abaabd9051697ac197d7a68b57977e9fd94344a5d9e877f20414265777
1610,Skinny/10-1.tif,Skinny,61735,217ab73a7375b3f1035e9f3ee5a3445b9b6515edbe10d62635e3bc6ce270ecab
1611,Skinny/10-10.tif,Skinny,43622,329ef9aba1af7e4e5eeda0a16fb738693c358dfc40d7dfe83ad23127de81e84a
1612,Skinny/10-2.tif,Skinny,39223,f1d6304d2a23fe6e6e506ab72a9db230937aabbc3737ebea109b17f634a37500
1613,Skinny/10-3.tif,Skinny,39783,f1260bd798b012fff9d4c93e2caefbd298f1853a26c7806cb6c31d100ed9cd69
1614,Skinny/10-4.tif,Skinny,69297,ef5dea20ce8d073ca3ebd4e7b19b38938f5da0d0153b7c6c7ebda3e22aeecf15
1615,Skinny/10-5.tif,Skinny,57823,f047ee448d7c5a10fe8909b7419c3dc0ec9ab2c32dc804b4f4b62cdca85e65f0
1616,Skinny/10-6.tif,Skinny,46881,ad5b94dd869457a824e4979673415a1aa15772d23585c948181a2a94f50b4b6f
1617,Skinny/10-7.tif,Skinny,31147,d1e3a50b30aef924423bf44b439eab3e1cfcdf2daf2f6dd9b8fbf3f6df5f588c
1618,Skinny/10-8.tif,Skinny,1060322,1580dfdd08bc07bc3e05bdc45ccf64026380b9f5ff9af7d4b14ffffc259ec884
1619,Skinny/10-9.tif,Skinny,49588,51bb210277fdc090a9b5433bdd1d46f7b7326e9640ab1311afa652088c366096
1620,Skinny/2-1.tif,Skinny,61388,921ceeb5019f2c07852bcfced58dce6ec23dc29e339f78e42fa4d72031872c74
1621,Skinny/2-10.tif,Skinny,48877,4d9595275c1deaf28660e33ce712a5dd57ad6881d49fe16e43ffb42166cdb723
1622,Skinny/2-2.tif,Skinny,47344,429df77d7083e17313fe1a676c5a272c56d3d0f5eae2b187f11a758fac14a8e8
1623,Skinny/2-3.tif,Skinny,51995,e9ee277b2b4467ddea70c0f6a2bed8dda40e7f188633e8328498e2e2da7035e2
1624,Skinny/2-4.tif,Skinny,27514,399fbde806c8a4c5bc22c9ae2b8421979ae388497d63ddaeb95c0ea979bd8ba7
1625,Skinny/2-5.tif,Skinny,63010,fc555834184a0c30daf1792f5dae0609aff08279628d01d6c9b38a63bfc7e27b
1626,Skinny/2-6.tif,Skinny,45362,a4ae2c1f45467f381725892e89b6ac05831bbaa5b2916e695855d5de773da688
1627,Skinny/2-7.tif,Skinny,57186,db9ba88a6354a6e08db527f6d47188d001825f5c11c3db3b49e559d82dfbf8e5
1628,Skinny/2-8.tif,Skinny,51864,226c4cd1091fec34763706ccda801f660cf94dc5bffbd553b528cd43f997e2d6
1629,Skinny/2-9.tif,Skinny,38942,2cb5785969a915c10bb0bf4d1186d56e776f8aa1eb4a7ea582aba875daf328f3
1630,Skinny/3-1.tif,Skinny,39395,33441e484464a8328dd191ce8f6042911b7d1c0680b130f674df2846f01acaf8
1631,Skinny/3-10.tif,Skinny,50930,4e393e6d070d5e574766bd54a08ae4930babb52b658e9a559476b50d74a4c106
1632,Skinny/3-2.tif,Skinny,47846,8a141c97081bfd23cf73c7e59a0f711bb7863f9ea74dad5e3aba0acbf1748354
1633,Skinny/3-3.tif,Skinny,88179,95457145d4aefe1b48241f7dd3634d9241667c545c12c11b4241f088772bdae9
1634,Skinny/3-4.tif,Skinny,1060322,52e752370b51b6a7c9cc14fc95e46c71212ff718b353d079db541bb64bb988fb
1635,Skinny/3-5.tif,Skinny,47240,2a4b7550f34347be3a64c685378da3d49afdca90feeb67185b8aab226ee02dbd
1636,Skinny/3-6.tif,Skinny,57370,241d21888a9814205aadaeb93955fd70b602cc07c9a668b196a8f62615ec4fcb
1637,Skinny/3-7.tif,Skinny,46358,2bf605da35910350e37d20b3dbad6e14b75d4acf383b3b58c76996c804c459d3
1638,Skinny/3-8.tif,Skinny,62508,3e94a3cd96354aca7c1ebb1faafd7c4c0c8bc7a4eb6bc99c1dc37408d8e69635
1639,Skinny/3-9.tif,Skinny,1060322,6c846684020287b5fd00f9e100a01bfdf2489df23473c4b921e5e7ebb2d731f2
1640,Skinny/4-1.tif,Skinny,59562,dda600ee1e6554c912e5140750193bf065fff28866058295a3827ec661e7e8bb
1641,Skinny/4-10.tif,Skinny,52045,1a8e1f918d8ef5f69dafe32f0229c59ae7df4a28a3a27f40762e6709394ed915
1642,Skinny/4-2.tif,Skinny,44629,0140e223e39b4c3ff15effb383dec3cabf03f599f3740e1179c3ab382c23d502
1643,Skinny/4-3.tif,Skinny,57734,26734b5fe153aab5eba6ba00aa5eb7a67c3eb14d4f76a90eead90c1d5a47dab9
1644,Skinny/4-4.tif,Skinny,86358,8fdf1f5d11c55cb8c02170a5971527fd987474730bf985de7ec39e65cdad3b9a
1645,Skinny/4-5.tif,Skinny,34314,39af5e51b83cdb5f72fbe2c6b94983efcf2c05d0d260d68751682076425cd978
1646,Skinny/4-6.tif,Skinny,60688,d6d8bdd52fec4b4513f78ee026c2535947cbeac84fc225a61d9e6eb2d8dcc862
1647,Skinny/4-7.tif,Skinny,65899,47a4e80d6a8c6fb9da3d4be13bffaf61fadbc9ed63b93952e912c42b5baaab9d
1648,Skinny/4-8.tif,Skinny,1060322,2a6d9a0a1fbadcaaa48fd385f388a53ff7e3a24d367b8ff87fb6b016e0537703
1649,Skinny/4-9.tif,Skinny,84785,dab2562e2a88d74896ca1e9864a6a4d877d08ebb0e9c7f270757ecbfa3c37e53
1650,Skinny/5-1.tif,Skinny,60388,3029eaf3f08b21ccc7b2aea3d4f09ff61f7436196989337c9cc4e1f49d0b3de5
1651,Skinny/5-10.tif,Skinny,120178,67586484821c3f36b99cd8a75267d6f889d1bc839f934a8cf7b2775c42442363
1652,Skinny/5-2.tif,Skinny,54068,e21315e50368a4273fc32f7baed53c33e8df82b70ca351702c5450fc8925b204
1653,Skinny/5-3.tif,Skinny,41106,480b68adcaf9c7d99423e5dd08c1e5a9d026f0e55413c778e0b8faa335b5b004
1654,Skinny/5-4.tif,Skinny,110972,b63c3914002a7258d96f5e8601243ddddd5acc767f17abf96b7b662c52c9dcd8
1655,Skinny/5-5.tif,Skinny,92605,327459a8ae3f5649df5e60d26d703e06913b55f8ed7a7ebf287c98ad8b38e5ec
1656,Skinny/5-6.tif,Skinny,71149,1ce5204e86549678fd803b832cec72431ccd07f537e1b375d048851a161546ef
1657,Skinny/5-7.tif,Skinny,76624,5ac52da5536aa0bac825b6806bce5fd05388d26cabf87d69a35540fe864f23de
1658,Skinny/5-8.tif,Skinny,109311,3de1520d7f7bd5ee9d7ec89223df3255def90243a96aa6cfd7860a9939254f7e
1659,Skinny/5-9.tif,Skinny,1060322,1bba9b21af02b2f359dc68cdd1851daca4214d24ffccd3ad60310722dbf2a244
1660,Skinny/6-1.tif,Skinny,60148,6ecb322e71e6193be44f3484cf4f5a49b1762d838f9897f3b964b231a36c1d98
1661,Skinny/6-10.tif,Skinny,1060322,d389d24a34b736c618332495e7a9b9a649d2761f254f4588818c6aff648808e0
1662,Skinny/6-2.tif,Skinny,66008,7de7f7671c55ec4334bdd3b366f873a0ef48585e3b03ebb2cdfb64798dbdc4d6
1663,Skinny/6-3.tif,Skinny,65819,94dddcb7d4b34a37cb5618bfefd91e191e475fc1644b55b54b258115fdd000f1
1664,Skinny/6-4.tif,Skinny,51356,ff1dac60efe67cea75de5102b5b2c71d5f33e0b358f377a0ef9058fa03dc2a55
1665,Skinny/6-5.tif,Skinny,35077,dcc17bfae6a4b46732ecd238b47e1b673c8ad562cb89c701b145d87b58070d82
1666,Skinny/6-6.tif,Skinny,59186,38b7073ff9f4c48379f13ac3adf6ce9e5f345518b11b4f3848844656506a9a74
1667,Skinny/6-7.tif,Skinny,42459,79bbf64fcd5160929c9f83560a73b81407901e9cb6d98afde6436510b17d96a0
1668,Skinny/6-8.tif,Skinny,74356,9a39bde30635b4abc1dd565ea42c6a4bba554a0fc8a9391dd0933336b8b67f3f
1669,Skinny/6-9.tif,Skinny,47158,eb6a5009851c3306704288a4b2b3c8240f355a0456b52e16d8d6d34cb74f8768
1670,Skinny/7-1.tif,Skinny,65001,77d3c90a4677dd5694a5a1eeb534f179c2712a6703c8f84bbaa67808a9af6527
1671,Skinny/7-10.tif,Skinny,41844,64542e8a319f59f7dca9412ad6975c7357b6d98de8d00b43acb5c99eba78adef
1672,Skinny/7-2.tif,Skinny,43055,2f0ca74bfa5bdbe589df8f4779adbae63bae18aaccbd9de6d7f64bd72b4ea129
1673,Skinny/7-3.tif,Skinny,39218,cc299addc0c6147b4f77d6d09a8ba8f41b88bd9f286be1e6d5b7c7af6cb31cf2
1674,Skinny/7-4.tif,Skinny,61808,64af0a43597d7e4d8ab0d673b464c12330fd180e4bb1300c3d0eb9d643756d78
1675,Skinny/7-5.tif,Skinny,57501,e66fa85a596304f64dc9fb90a2eeb2db295ccace641358d9bb57fe8c93c6850d
1676,Skinny/7-6.tif,Skinny,50925,613833c48e01b250aaf8056e0d780471095a2e656cdd009d67f58f72a3be9d4e
1677,Skinny/7-7.tif,Skinny,30027,8dc3193dae62c7348ace8cd7c8cdd94356b4b4a08052fb0955f0b83dd65b0018
1678,Skinny/7-8.tif,Skinny,1060322,b79864cb558d8340f397e0c3dfc8e32e3de227304a14dad163e3de3cdfe4537e
1679,Skinny/7-9.tif,Skinny,51818,15dd9cf4cae334374f22785a9dd6b930a24cf97d5c205dceefb1bc3a18078f72
1680,Skinny/8-1.tif,Skinny,51093,62e2a2d0864a83a6106df2c573de1095c65d8af275828b4a43525fb99be92e70
1681,Skinny/8-10.tif,Skinny,43189,b3e237f38e757b552379fba9569fd511931d41cef93581ebda7d4f4bf7b66a65
1682,Skinny/8-2.tif,Skinny,40726,bc8fc6bfd724fb5d8f6d166a00c28d99dbffddd3743eb70b560566ad0d609417
1683,Skinny/8-3.tif,Skinny,39890,37e4e0860acd5db048887fc187f9c94d7f86e3f1cfc486e4ed78cbff40166538
1684,Skinny/8-4.tif,Skinny,57889,0b223b6cf36305048389f3f6dcbfba0f7330fb5354288d42be8edd1c16a63e7e
1685,Skinny/8-5.tif,Skinny,27011,980f7bc9558a829a2f38e5d63965ed7abbbff81a0bcdaeb6d70cefbcbc945670
1686,Skinny/8-6.tif,Skinny,43524,9be72161083215f321c732cd178af54ae4d22735e05b21128e84e6e5cf804e56
1687,Skinny/8-7.tif,Skinny,26519,19b9ba8b9d393a398cc540758f9e8019cf123d600326d6dec2bea02df8631515
1688,Skinny/8-8.tif,Skinny,1060322,77ac819a14e65ee3b9c6f1f96c647c8049996d5b42e1ec530d7bdf6e2e855ced
1689,Skinny/8-9.tif,Skinny,56384,a450fbdcba5bbfe5b81e5ee65ea3b5a6b338d6c0435bd1ac5dd2e9e246aac44d
1690,Skinny/9-1.tif,Skinny,55927,f57d7bd992311f0bc663c9d3cbd94280f0234bd6ccd6bd425315f27a7c9be595
1691,Skinny/9-10.tif,Skinny,61272,e58d62d7aa1e721fecc166fc7bd5d05e368a1e69bf0b3fee635b39a44c11229b
1692,Skinny/9-2.tif,Skinny,62087,e5e3a717093d648688f66914dc57b03f9785b127a927f6976d2e71b5419d54fc
1693,Skinny/9-3.tif,Skinny,42971,be23a118f747f55aaaeeca293c313ce9b2e4d41aceda62d903a2cb094f02264e
1694,Skinny/9-4.tif,Skinny,35619,ad6ed59283d62809977c4a4e7bf693af53576e327b8429ea0b6f9ef096f5e0ee
1695,Skinny/9-5.tif,Skinny,68245,4c33970cddd77dceabbd575220bf21f0d4c53b3f253124540982a721da4c4727
1696,Skinny/9-6.tif,Skinny,42686,ba5aa5c93ba57d0eca78eefc541d5d5a98b17631bc0abdb52205ca14b51d03c6
1697,Skinny/9-7.tif,Skinny,27091,873f5b4d805f68b8f06e66de15c9830855061ee562345e5ea99ff3b52d73f248
1698,Skinny/9-8.tif,Skinny,1060322,4c9fb1d6313452b466c9f09daf1ea83b1bcd4cc0cab15241777b53d32bcbd7b4
1699,Skinny/9-9.tif,Skinny,40178,80814209b54e743598fec97a41a44688a489a088bbda5f3f147a8e0c9de234dc
1700,Straight/1-1.tif,Straight,67053,cd5b814e70b83a0efa9cfd98d4a0f4b4b96884de34d64e1b0c015e971a40a512
1701,Straight/1-10.tif,Straight,41238,175c66e58184736e4612f29d8fceb9e8f82985e414ffed6f6172e31e6e0db9c5
1702,Straight/1-2.tif,Straight,49945,b670e0ad80eac73f28c8b1720cb49a372d27cc7817ed7d16b3cd5d3921a1e703
1703,Straight/1-3.tif,Straight,41348,794f9bfac863848c3c1c1dffe96f54de365cb30acb010e3b9fcdf02edda3c992
1704,Straight/1-4.tif,Straight,76483,4819a6ca385460eb4e71a3261282d69b86dc6c0007838abfa5089f0c441e9bf9
1705,Straight/1-5.tif,Straight,53713,64b5090f2d8b708a1d5fceca435645d66048d5f391a99818b2be55f116e1aefe
1706,Straight/1-6.tif,Straight,56292,1f20589de52ff1b6c28b856e632bd8b32dbe557907ec37a6294d4bb058068481
1707,Straight/1-7.tif,Straight,30338,0e5466bd31312714bbcc94ca77fd3bed01c138ec73d68d197bc7a0d8366ccd0a
1708,Straight/1-8.tif,Straight,51585,35b8d3dec9f37bb69473e69a45ae7ffd8d4e43afa77cea2270048e401aa56db4
1709,Straight/1-9.tif,Straight,66240,cc4ae77c6040b9a1b9b989654d88ce09076860d90b32ff59b55577ad041cafc6
1710,Straight/10-1.tif,Straight,60903,20800369959968a9e18b7057feab48cfd6a6917a96eb591878e28e87cf6c483e
1711,Straight/10-10.tif,Straight,49468,5d99c89f559747c18bc6d2675cc11b6d5b87b3ad842c6173b4bc50d627ecaffc
1712,Straight/10-2.tif,Straight,51847,5f4950eb03473f29af3eb0420228a9a6d13d1a66d2f454481298c0fdca1bfa50
1713,Straight/10-3.tif,Straight,51997,ba99097cc9b966179f130def1e7d3943d4796eb5ab3d16ce436f7d7ffcd2514c
1714,Straight/10-4.tif,Straight,97492,5c9531cecf7b57d30411a38c35d6d5526b8db0129ac3757448d4d47c7c153da9
1715,Straight/10-5.tif,Straight,68333,b54b99c4e154efbe3676800ea069e73b1e0cbc80ce9af53c2e7417589d4ef01a
1716,Straight/10-6.tif,Straight,65105,cc5f5a24d413835ef389a1cd1fc2759bb57316175285682c7a64feb340404b47
1717,Straight/10-7.tif,Straight,39791,8408c8ad66c38ba41e55a6cb0a92c7f5744e1563ce8e23dc938478b54880b304
1718,Straight/10-8.tif,Straight,57506,7a3f9fc3bfbe0ba7c714c1b9449c710672cb10930303750f8de257e692923156
1719,Straight/10-9.tif,Straight,70273,e1287ff700875f3371258beccd969a5a8667df766f8f959ac4fbc480511e94c8
1720,Straight/2-1.tif,Straight,52029,0b30ecc21517dd8dcc8fd12b17937e5b9eb1a6ea457c16ffb0c7b9cb6b5fc320
1721,Straight/2-10.tif,Straight,38657,b84c955ac4264c918c1c57027acca6c0573f8919104b0207c590199ebdfd844b
1722,Straight/2-2.tif,Straight,41824,6a114b3d211096e20d1f40a0ed48b993664fb7c7e39c7fb91fd94597dffd47d0
1723,Straight/2-3.tif,Straight,45731,ac68edf069c3628f16cac8c370d5a9f3c0046250a07fa4baa1f518e07e9ab50e
1724,Straight/2-4.tif,Straight,70084,b14e2fa091d9596dcd640d9bc1ca43b7cf3d3930963791e75cb6227413b5a629
1725,Straight/2-5.tif,Straight,41471,329dbb2c6f2ce0f36ef23b0b5568c356a5ea264d72a1dbd085e46bfc747129a0
1726,Straight/2-6.tif,Straight,40256,e2aaf4e0c8573a495346ca5ce22976f07d76555adc3127c81c9b099c9c3e8768
1727,Straight/2-7.tif,Straight,27339,5cafdaa93d7313f101cbb6c4ebcb5259af7aa016b59984a9d175916c16efb780
1728,Straight/2-8.tif,Straight,42413,3d84db0ee5c0c048341000086721995df1068c8c33ab2320387ee3451f9bf5ef
1729,Straight/2-9.tif,Straight,56829,b4c6ac5c0a933fafbd8e028e8bc3b66330f7d614618e16ad9c6a84f3bffe33ea
1730,Straight/3-1.tif,Straight,59535,bb165d9463a3d9ca92a9d8596afac3a862668eed4b86cf82406278434df845db
1731,Straight/3-10.tif,Straight,34462,aaf014c19af8651c95da277eee992fab80151d8c5519b3c155b28c19439598c5
1732,Straight/3-2.tif,Straight,34164,82f3f6d2310e0d9996dcdbcec410a410f8bb3d1f0502ac2fa8bf02df7bcdbe8e
1733,Straight/3-3.tif,Straight,38421,67d8b48feebe0d06777469124d107d27a14aa9e82eeb9a172e26cdb344a9aa0e
1734,Straight/3-4.tif,Straight,69951,896eb47468bdb88cd9bd83af78c70efcfffc37214bcc25acde3564b4d9d3b901
1735,Straight/3-5.tif,Straight,44711,f0d5b307e1ce2cbe52d45a90b018d5e3e8e8f68ca2a253336539f799f5f78468
1736,Straight/3-6.tif,Straight,38170,461b94f2cef20b62cb9a170623794779c6b5b94fa584256c4db9675041bf36ae
1737,Straight/3-7.tif,Straight,24991,1cd7b4cc3cc96781dcf61de613330f181dd61d72ee345593c640b5429bc1bbe7
1738,Straight/3-8.tif,Straight,32989,36e66ca51d7be26fcf1a7f2c96bef8bc058fb41eefade6da8e1abdba16cefe61
1739,Straight/3-9.tif,Straight,49013,ffe8a6759d8f660880dce947db627f748c6954e2058f2784e5c3984ab6e3d88c
1740,Straight/4-1.tif,Straight,47170,61abcd5a9e6423c8fd8b33473c489f53a26152cd19c169a0377112eb45d77a79
1741,Straight/4-10.tif,Straight,37081,e549a97d112a48fcc18f0af3884f056176c7a0cac1d579f62daa883d8b31e0de
1742,Straight/4-2.tif,Straight,38080,a0b39b96cd930968481ee776cb4342dc15ad651bc24b033de13ffaf94e89c186
1743,Straight/4-3.tif,Straight,41087,8582ecdc65e164564abd340e095296bb6558248e742bf0a3f95daab12839b6c7
1744,Straight/4-4.tif,Straight,66253,fee1fd616b9eedc6daade7e079aba0ed4e0b0bac984500afe13db11287da8dae
1745,Straight/4-5.tif,Straight,47132,c124479fb7d21daa0d422ed3d07edc4310adcab44c34937a7134521c31769700
1746,Straight/4-6.tif,Straight,46363,d3f0db72e75e85c648ccacf27ae680f220bb17aa530ee5aaf7b20d22016efe34
1747,Straight/4-7.tif,Straight,28225,ca951446e139706f6650604de54be270d4a517a51de640f24643dae32e4dbd42
1748,Straight/4-8.tif,Straight,50182,15a877e04529290b2ca86d852903a21164e056989f98fae7f00397ad2edf0ec3
1749,Straight/4-9.tif,Straight,62011,b18c6192e3e733d21a2a7b70eb064b606c5ed63d3578daa51a6cd8860562f0ac
1750,Straight/5-1.tif,Straight,56942,3d9a6c49d4d165292ff12ec0df62f0ee343a093aac8363f2115be569662d0b94
1751,Straight/5-10.tif,Straight,36189,05584b00a466029a331a2a9dcab474737e6e353e4bff088bf71789eab1a40919
1752,Straight/5-2.tif,Straight,34227,a47d191304b874c47f8b76289b06bfe2cd58b08b1337bb1d57e7d4955b65e410
1753,Straight/5-3.tif,Straight,40193,f7b54fb8233d115261c4b1ffefea6cdd4fe4f6ebb4a20439143da87e1ac8ceac
1754,Straight/5-4.tif,Straight,58206,02b2680ecae3b0098b07da0000d2743fe15e3e16c9e623741fa5faf86811fe82
1755,Straight/5-5.tif,Straight,47521,13f9e261e5fdf054d1d7e2e7b5919dd87afbdc8cad0947588d47f98e48350b4e
1756,Straight/5-6.tif,Straight,43218,5c55965f931f154c8d373bb0b914b64b538d4423da9b8ce3fd8861ad68d070b4
1757,Straight/5-7.tif,Straight,26088,fa60c40619843994680c5ead2c251a29b7bc0cd5d354ae789ce77dc4ff659ffe
1758,Straight/5-8.tif,Straight,30243,f4ff464fa15159b8d2360283d86eb393d3b1d992333364ee2093aa658c2fcd4a
1759,Straight/5-9.tif,Straight,54053,139834c0fd55fe19e09a1a91f9eb6e7bd6adbc4419c1f86f14d342aa68ca4e42
1760,Straight/6-1.tif,Straight,45766,72b6ac849c485ba9ba8306ba3991edc3c419459e1dd19c03939cffaf68c8d9c6
1761,Straight/6-10.tif,Straight,34953,d4364727c1911f70f383e1b71fffa5f82e88aca959ae16f548ac8037ae709efc
1762,Straight/6-2.tif,Straight,43571,1ee5155e28b0097cdfe0306152360fab4d20c90c96193d9da90af1a15626a5fe
1763,Straight/6-3.tif,Straight,41506,d351cc4f5ac27db3f3b6b79997ed2ab145d2548ff3ec5db9457f2def87a511c8
1764,Straight/6-4.tif,Straight,76445,c8a7097f4bd34ab0b7f4591d51b47149cb347742476bbfcc5a423fcd4e7de1ab
1765,Straight/6-5.tif,Straight,40621,1ec3d34d89d9dc75480fff5f264c0f67e5cd6924a32d93e8740b21c0dcd76c8a
1766,Straight/6-6.tif,Straight,42965,2810809d4d26376ddf38b8dea9db6c2585aad6f714c83b3728cd864036b223d8
1767,Straight/6-7.tif,Straight,23350,799bd1dfedf2141db90ccbf88d86521cc4b11c0f55290dfd8a17a1a27812012d
1768,Straight/6-8.tif,Straight,35036,e5c265d7c6ba93dfa82d78a1099c94ed4797917c8ea3ffcbe1ab2be2b752cc30
1769,Straight/6-9.tif,Straight,68431,a3979099ee1224eeeeef9e6d56ccab9818fa8dafcd134c6eea70199f7a26fe8a
1770,Straight/7-1.tif,Straight,43934,3be0d4b9d59b5a253465a42b7c54b5b581593c52c8931d332417d95756b53c91
1771,Straight/7-10.tif,Straight,34649,7476d96f1efce097908a527bdee67332ddd85dd83fd09d08e02d4f20b2a60e3a
1772,Straight/7-2.tif,Straight,39428,42014353c7509a0944697d2e0eb5e8cbcd39a01bc7d084cc595ec2b69bdfaf5d
1773,Straight/7-3.tif,Straight,44705,5fc74d29ce01624e30c5697f6d504aa197ebc1b44dfed5514d21799bec8daee5
1774,Straight/7-4.tif,Straight,61557,2c287950def51ab13b35f206ec759a5b35b7a451a51c8467547bdd6fcfad3c7e
1775,Straight/7-5.tif,Straight,48326,6d0a7a73ab76d34a8f6eac128642fc9c24e86f313138865dde6e8aba2378c2cb
1776,Straight/7-6.tif,Straight,45420,718a82df90ec33a7aac443112f464edc3e581c372a14a24bea1b4b824695d23a
1777,Straight/7-7.tif,Straight,29323,11554febce2fee9cb6ce5aa00a727219207fbb1858cda5b2f2ea33d7951154e0
1778,Straight/7-8.tif,Straight,33724,f430090b7bc50bd2f9c74e7c6f3bb083507b2e25cbd6487a6d0c033834935aed
1779,Straight/7-9.tif,Straight,52329,eaca0d6bdde2a973d37d132c6e1701442f0c3109f5c0c83a1934a4d978c3c79b
1780,Straight/8-1.tif,Straight,46691,43f5725ff9c2297bc7e22e8b7f93d135748fac5d5d2294d82d3daf57f2cfb4d5
1781,Straight/8-10.tif,Straight,39908,bd5d8dae25ed8681bd9cc2a18f071d075e6306c5ba678128810fee6d350b5e4b
1782,Straight/8-2.tif,Straight,37465,380d38e286481c00086ee23586a10a1c5d9f44257538e35db3e8c1b34d703174
1783,Straight/8-3.tif,Straight,40542,54afb093cf966a69744f93cc44be0427a4e03e21b4494d94df84a8b79beb8823
1784,Straight/8-4.tif,Straight,66680,0a53e27ac2a7461b614e61a5559e693ab307df86330a18f1ea06172737e98b58
1785,Straight/8-5.tif,Straight,44803,9403b4eba92d5f44a7d045a57d1d554d1feadffab6547de61ed194b5fde72e2c
1786,Straight/8-6.tif,Straight,48724,94faa1d8d3158c925577636b35d043e05f55d4adfd9645114017d94c6c204bec
1787,Straight/8-7.tif,Straight,25865,6097aa8af34d525354f08bf625180c7914d52e9ca55200acea48943104bf7be6
1788,Straight/8-8.tif,Straight,43207,16016b7128c3cb079af1ab3162ed52a007f8888db22f3110ab2a7e7ea9a1d99b
1789,Straight/8-9.tif,Straight,55679,1a9b96ed79b08c0aeb8a4e6d7b3613ec91b7209f9ffcd03b5d3a33549bedb8f6
1790,Straight/9-1.tif,Straight,62297,646c1a112d271610559f9f245269404141c67b49c075bb7c6eaa40a382803f9f
1791,Straight/9-10.tif,Straight,38033,4075b764ca16d326dc17bb9eb3c626052e2694c2c9d1a472541cd36335707472
1792,Straight/9-2.tif,Straight,51567,52832a59bc6af032597decae6d9f156e1e89e42aef5608e933ca5dd58a6b596c
1793,Straight/9-3.tif,Straight,36888,549b274578d7b43260f95b01f653c476fc28a70909facb667d77a91fe33916ba
1794,Straight/9-4.tif,Straight,67529,377e7677a7bbc2a82888cd89ee23b1c8d982b1967d97ac12ee6a88a2517ec45e
1795,Straight/9-5.tif,Straight,57868,2aa21615a789f70c4e6aca6b1505e3543af9f3df2b5109e5c531744e57af5c55
1796,Straight/9-6.tif,Straight,54496,3b858b5db95e2beaf508af6dce9a2c467a7362ef6a24a5e8e4b1977851267db7
1797,Straight/9-7.tif,Straight,27870,6755c311593a507f8f7fa855049928381d3b6d3930b63fb95b880f9fa7fa9eae
1798,Straight/9-8.tif,Straight,41216,0e9a96d320fe0c29d4a32097149200615d6db2a293a83c70ba7f95e2f037254c
1799,Straight/9-9.tif,Straight,57084,f68876ff96269291b193571ec648a4164a39be7cea24b35c79a165bbc6de26c3
1800,Suit/1-1.tif,Suit,60223,580914acf7560a12cab94c8d99acc053376f0050bb81bf9c54dc487d27ce9856
1801,Suit/1-10.tif,Suit,51297,9a676b7ac2a373825a6f7eca78723bdc9231eb4f8f89f5dac8db035d4d37b5f9
1802,Suit/1-2.tif,Suit,40742,75d4417f830460cbbe5a4f4a0d671cd0fdf00111874f854a8d564e7f23bc9bb1
1803,Suit/1-3.tif,Suit,50920,688a28ab1468497c53924d11ea7c9ca4533d6b56380abf93b6b11a6a682555cd
1804,Suit/1-4.tif,Suit,63977,5ca37b15d393e5c56611d3983a43639d95e5c3a8d35a1dd233e28802c37dde5b
1805,Suit/1-5.tif,Suit,61447,34dee520ca687ff8df282d88eb33dc4cbc9b8ce8c78214d1ca2ff6ff2cddf68b
1806,Suit/1-6.tif,Suit,68155,0ed1cc3cfa21b874ebf2725315fd7c98573fd5cc85b2426a8d694183de38e4ab
1807,Suit/1-7.tif,Suit,53697,62e8d1bab1f785ad11a2e280bdc247fd7bbd4214fba2093c13a1a43459a01fa9
1808,Suit/1-8.tif,Suit,1060322,de81d552282c5922fad2a64fac080e0e1886bed6d514588a3f84f910000f820a
1809,Suit/1-9.tif,Suit,61411,c150d8ab9592d8b50e80b54b150213221691ab79f40b963c3a1f2604c8159435
1810,Suit/10-1.tif,Suit,68472,e9b6bab6759f1bc64b4dec63c319209a0749286133e4722d5ba11f97e92427d4
1811,Suit/10-10.tif,Suit,69314,4ec21db5f84a16dc0b4dd0152d51eb13838c99e1ef7e39dabd18a6e1698eea1d
1812,Suit/10-2.tif,Suit,76235,4422142994352e29fb1c7de9582bca660309a811428c0e9a8a7ed1880ed0dfc3
1813,Suit/10-3.tif,Suit,67112,4eb7d23017f92ef9ee63c17479752846a90820a6e4fdd8541e9aee4db037a0f8
1814,Suit/10-4.tif,Suit,94998,d7626c7fd8e1933ece819cdb3af826287ca2abe917892d291d071b73d453e535
1815,Suit/10-5.tif,Suit,67592,eb3879954b1c8131533c39274933055068f3128d436c6abda05d45e17a1b5ebf
1816,Suit/10-6.tif,Suit,60398,29bce1c9ef432d100794ebee830c271efa9ee32c4619a1fc7babfe75c1f1f71a
1817,Suit/10-7.tif,Suit,48555,17d8095ac4ac68484abda5a25022e258a427fe8339807cd3c4f270019c94ec16
1818,Suit/10-8.tif,Suit,1060322,370d3c392d60536774548eb74e992320156017bbb15edaa25d5868bd40003397
1819,Suit/10-9.tif,Suit,77998,d4cc6f155de46c10ea5a39546154ff8fef13ce1516b6945ee6e5b56833e46d18
1820,Suit/2-1.tif,Suit,65298,91f5a7065d0c2f3993bd13b2a00d6f6ce9211e538fd00de9bf0c1754f76cfe9e
1821,Suit/2-10.tif,Suit,47837,ad0fcce613013739d4b8b2efb584a686c98a8b3b07d3033ef6c0b0dfc305058a
1822,Suit/2-2.tif,Suit,47664,25f48cccfe7d958fcb10d8f47bb5e4a880771c242acb5eae33808a9dedcf1b08
1823,Suit/2-3.tif,Suit,51959,d1ee47efbfd5e879a8bd6b19b85359e6d3d3628ab64446c7f467991524b9d0c2
1824,Suit/2-4.tif,Suit,69630,7953e78737647b060b62dbe8866e503b79ade1afbbc64560639af230e3648a26
1825,Suit/2-5.tif,Suit,54394,a084b826c93e616e5fc1734567ce963a91b00575b87856ee395f61bfaf5ce452
1826,Suit/2-6.tif,Suit,57505,5080b12f9e5f50eaa56c6c503539c543ac9abbe9bfea19b55e4eedb318648672
1827,Suit/2-7.tif,Suit,57041,6becb0f61e22d8325e0381a1bf4380b8f4650074fa45057b818680f28b31bfff
1828,Suit/2-8.tif,Suit,1060322,1144ddaf5839daed1eaa1c30fe6704df21ec1c7b577fbe57ab22b274134c43d6
1829,Suit/2-9.tif,Suit,75909,be4bf1077d2a26a69a3f66c345b4bbbd980b4305906ea64adc8c2cfaae6f7c3f
1830,Suit/3-1.tif,Suit,65421,2f0c420035df0a802e4341f4dd7fabd8f45e31729f8727b38faccb76b7be827f
1831,Suit/3-10.tif,Suit,45819,cccbe7e9eb16cec38da8430bd24640b3b095eb67132216032c336a131a8b8ac0
1832,Suit/3-2.tif,Suit,54368,44b9930b1f983445caab64a5f87641b8a92b451415d3d13eac04112c3c51288e
1833,Suit/3-3.tif,Suit,74493,e87e3c73e17d367e73ab6b4870cdf698f02e7edf3e76c0bc95399fa8de7a37b5
1834,Suit/3-4.tif,Suit,71766,c58d678eb21146f23287eaab854d4a461d9251cf1bc032faa7889c9344717232
1835,Suit/3-5.tif,Suit,53214,92f19e33efeab1362b9fc762dd7de0cc95d0d28b74a1db2158ac5a75d45ea351
1836,Suit/3-6.tif,Suit,48019,bb02a02a7652200c3f2fa42a0bdb7a52d857c2b0e37a08b641b1b434d0f5ffcf
1837,Suit/3-7.tif,Suit,50926,210bb8fe242b115d1d2612accc6e0ce4488f3b9bfcfb1fbbbcd67a88deaf77de
1838,Suit/3-8.tif,Suit,1060322,b7ce1459e4f2fba22a980fbbf62e5214ba491039142ff50097b82ae5f84f4f55
1839,Suit/3-9.tif,Suit,72101,173ecdb5cf8629e8d73b0b5c28b4f49cef6a78cba0bc54bb307b6bf21359297c
1840,Suit/4-1.tif,Suit,57449,2c08a2487a220f0120cdf7945f78695459bf71ae639dc4fbe679ee000cfd1b66
1841,Suit/4-10.tif,Suit,54718,d69781e58e339389c36ea23481c72cda948fda2f4e910238294ff8cb0f22ab9d
1842,Suit/4-2.tif,Suit,44791,949ef05f274a5cb7294c1d3badd1c72386c00c156adea5ea79b327ed9cfc2043
1843,Suit/4-3.tif,Suit,57513,2b22eb1e1b34d9eacbdc11f14aa2c78b88f1bb6e90e53eb236a7032cfdbc5d51
1844,Suit/4-4.tif,Suit,70547,d6177155f63b5d5345abe0ec316935b60b67e7023edc05b1fc1012da6d5f71d6
1845,Suit/4-5.tif,Suit,61265,dd58aaacbe7c9465d4be5f6a2dac04b750359fc3a99bdabd0cfbc97e153e5e89
1846,Suit/4-6.tif,Suit,50852,9f8d5dec9132f436f44621d56d8003e20d37184f42e7a6bb4155ebab6c424606
1847,Suit/4-7.tif,Suit,43655,e26f402ede86992c08418222d75d3cef3182949d462af7f47788f3207949f63a
1848,Suit/4-8.tif,Suit,1060322,93b8bcf925c7affc10a8444e3c1566bdf0d50c5bc9ddceeb3834558b453ba52d
1849,Suit/4-9.tif,Suit,74144,167493de294d130068a13f0a176f30714430d099c8208659df7862ab70eb9435
1850,Suit/5-1.tif,Suit,55773,16e8f2862b80d598bc21f1788b2b638522dd89f7fc2dacef6fd7c93a28d19eb7
1851,Suit/5-10.tif,Suit,59721,3b7fae7a0f14ecf6d0261c2412a63db301cf5732769314a75dc4dce29b6ef81a
1852,Suit/5-2.tif,Suit,54101,b6f8293c360ac7c8e8d32c254c9f5cb785b96bcda5ea5fee2fd48a6a0a7ccee5
1853,Suit/5-3.tif,Suit,55152,d7b5dafe5c9dd43e4e8d08491ef56e7c20552b6bf1378dc561c84a8a76d311fa
1854,Suit/5-4.tif,Suit,73533,5870df6c9d501029cda0391b6af756f004bdd5d9f46891209de084ebbff8dc3d
1855,Suit/5-5.tif,Suit,58082,8849589538ac346b9a1e0650f72992b61873d86767a831ae0e1788741820dd85
1856,Suit/5-6.tif,Suit,57444,35af77b2beef143e01c1ebb558ec8e58b1c3894ce0652c6711765ff5e10e37ad
1857,Suit/5-7.tif,Suit,49876,3e256dc1e75db6702ac374f096318c9a6089ad15c39995c564f4d7ed36af4a63
1858,Suit/5-8.tif,Suit,1060322,54fb06a6ec882cf2bd9ee9c909efd4d276b166601d82f2f41f19f057810cbfc6
1859,Suit/5-9.tif,Suit,73250,cfad317200a90c0656b19e4276dcfc43c8b25c920893578637312ba6837bbb01
1860,Suit/6-1.tif,Suit,56996,151a652bc502b3fc717f109b5796e49e90799d9e2d5ced8b48d0c9c2ae71df66
1861,Suit/6-10.tif,Suit,55725,ba29f3cc3ab69ce6dba6cbc61edc651608cf4f8e5a2896a54a765271f9107221
1862,Suit/6-2.tif,Suit,43095,dcf626eaa189e423abbf6c3d3871206a176e23ac59e7e80f67c8089889ea29a2
1863,Suit/6-3.tif,Suit,51882,6d96246b2db084e6c71e4b880f3766d7646a15c6dc9b78d8c24f9b6b8c40cb32
1864,Suit/6-4.tif,Suit,67633,62d0773dd8c7e367784a7fe322d3e8510505bc0bea00be3b9dabfae09b606f34
1865,Suit/6-5.tif,Suit,60381,6bdfa72de58af4c1d4c63b266cff8881687be9f718b24506da49177107ebbb42
1866,Suit/6-6.tif,Suit,42950,6ec48c9ef2eab691fe52c52df58505ebf6442b84fc6aedd1156e3a4d988093e7
1867,Suit/6-7.tif,Suit,47994,a6731d34870dd1a70178c3596a63908271bb51e078b66053f052f5040cd2fd7c
1868,Suit/6-8.tif,Suit,1060322,d745675ce4f54f1ba6d09a15013c82b9468fcab613e974b8cdca549e1ded583c
1869,Suit/6-9.tif,Suit,70822,347c807e43ef10f88126d6d3c5148c76aecd4dd9dd29b679480af9c6c545d059
1870,Suit/7-1.tif,Suit,63425,7575212b8bced94a6a50f582aca8b1e01b3c0d32d87272b84942c8690f48de30
1871,Suit/7-10.tif,Suit,55050,b870e63c9884a02ec544f533bd09c516a13f15a6ce8e9eeacf5d1d6db0d5b585
1872,Suit/7-2.tif,Suit,54246,36621df3b1b5e67831df31e85eae1c742f6b991d6f9a78865bec73cbc0057caa
1873,Suit/7-3.tif,Suit,57178,cc635f504af2f9a6e145b9b8b46aca4ccfbfee7441e7f3816c3471dd005c917c
1874,Suit/7-4.tif,Suit,68530,9aa715dbc7d1d12728fd01bb37130df1c488fbcdd48a1415cdf41370c0200f15
1875,Suit/7-5.tif,Suit,71933,31868d0c50b3ccb14f1049e12c5091cd85e48840b5e341cb5f4449e9d718f77f
1876,Suit/7-6.tif,Suit,45741,06feb93ccbf722420de76ac1d871108735a3915870f15ce83c06cd9cdfd1e1ab
1877,Suit/7-7.tif,Suit,51690,1b3a401799c864b2de06405851f4385083bb8146610ad5e28055e407021dc296
1878,Suit/7-8.tif,Suit,1060322,dd6c178fbccdd1ab9c576146069cc8d552b09d7267f00933debc453452801f72
1879,Suit/7-9.tif,Suit,71869,96e869a143977d40a075657bc9b83014858627f75a5d5d2683da041fbe159ac3
1880,Suit/8-1.tif,Suit,68835,ca93e58ce3c18ee62f2498f7355608f0328700dcd3520f317ee0de1f644d47ee
1881,Suit/8-10.tif,Suit,76581,1616e904c53f5a2e0315358f33882b9c3d2ac2c2b62b28a7b0e918f61c3a000e
1882,Suit/8-2.tif,Suit,60087,45aa00de8c7ebc4451cfe5042ba2d7efe8ba20c0b68494e1e3363ff7bd104837
1883,Suit/8-3.tif,Suit,65903,1cb43496a773e318019ff864654329e6c9b0b13a440c52d572bcd613bb32088f
1884,Suit/8-4.tif,Suit,86639,542833f230b504e6c095cb589b36bd4c2b106226f0142203d30365dd7960daa4
1885,Suit/8-5.tif,Suit,62629,29c916f8695c9a9acb0a74b355a54eca1baf151fe01f576dfa699213df549da7
1886,Suit/8-6.tif,Suit,60271,e33e22104c3c8d5a79b9c374918a249fb1ade026ab583bbeabdafbb17b9b9b0b
1887,Suit/8-7.tif,Suit,51294,48e3ff2aaa41b0388676d3ee0c55a8bd9308cd9f7ce015336d106490e94b412a
1888,Suit/8-8.tif,Suit,1060322,9ab7aeff145a68b1fbb594f289a7cb197438c1ed1cc3504c3402bd6e16f028f4
1889,Suit/8-9.tif,Suit,84068,b2e4c2beaa1332f446c34f2587aa169cef93b5b5c4dcddacfea59403bbda7dd9
1890,Suit/9-1.tif,Suit,52007,c0564f66419d5e8ab8ae7db24a72671ffe01033e72b30e71b7a0b92c6d0efc28
1891,Suit/9-10.tif,Suit,50143,aa12fc7cf45c4579a45e10b40bc9170145d0c7ab0e68320a6a56de7b4b5876d9
1892,Suit/9-2.tif,Suit,41609,2516fa6dbdf48a00ccb4e72a48a20aef59e4faeef3a64ea588de20af3ff7fe22
1893,Suit/9-3.tif,Suit,52779,8ff7de409e49f1cb5dbd3c7532d919eb1d1ef6513397c493c544d4807d8257d2
1894,Suit/9-4.tif,Suit,63152,c8d6dc3b1e6c46726a721e8ebb190bb5d05053ceb55711a587ce0d358e8dfa7b
1895,Suit/9-5.tif,Suit,53555,3bfc6e05965133fe831061f559533bc3c2a15f5628c6360fabf2a5b6daa14de2
1896,Suit/9-6.tif,Suit,43982,7bded3484b23a08c008ec5ac938c9a0759ed83e3da69c2adf5a1d0b548575068
1897,Suit/9-7.tif,Suit,40697,3aa5d02ce4bc021de6a05bd5b026eb15b8ea2a1b710717fb871c769ae94f84c5
1898,Suit/9-8.tif,Suit,1060322,db9e9985dda4168c470236be931423331d64a9362174fe082f5b1d3c67833541
1899,Suit/9-9.tif,Suit,58698,c25450a506bb158e3d4a652fa4c124d61330e21bae281d500dd360b65dd88940
1900,T-shirt/10_1.tif,T-shirt,41377,d4a7bc7abc53a54eee3d90b1280e4a5b7f24425b2a9f1c6365b3730cda083568
1901,T-shirt/10_10.tif,T-shirt,33648,5783d93787e1ef59a3bf2fbb11d792148036cbf174defbde92110b2f560e38d7
1902,T-shirt/10_2.tif,T-shirt,33792,57e6d4af17b62a30c41c7f07fc6f5ef5683570b7767602d5050ba21da577028f
1903,T-shirt/10_3.tif,T-shirt,36202,31ca844716ff74a94fba29d154b0e9e108c1a16eb21c985ee3c006f66167d596
1904,T-shirt/10_4.tif,T-shirt,57501,44eee748711b52ece06a7acbd48e24ce0b31518d885fef703402f1cd0fcd701d
1905,T-shirt/10_5.tif,T-shirt,38644,716571746c22c02573a532f0cc7e8aa3795f0241893309735a7590226bd906ab
1906,T-shirt/10_6.tif,T-shirt,35971,8ff092df3fb7ccf2446ef4c6ea192aca3c13095a540d0adf7e94bde0eb25b981
1907,T-shirt/10_7.tif,T-shirt,30811,3bb4733d9504dd52052c5761bac769bb8bac8f3108ee63137e4ceffe670d372b
1908,T-shirt/10_8.tif,T-shirt,42511,43a4294219e82e08ce0118e0aaacc2e923edb179aeed349b3cd907bf4452b07b
1909,T-shirt/10_9.tif,T-shirt,33727,f6d8e071a131600185470de3a48e3711f661f2394e65a145c27deb75b1cee9a9
1910,T-shirt/1_1.tif,T-shirt,42275,58b8d64f1c6feffcf3989e4369514edde4f0f30cb5385d3b8fae9fee47f729dd
1911,T-shirt/1_10.tif,T-shirt,23669,bf179a6b4c322176546b381715c4ec7d28b91da24afc72b3e850bd7f66e3cbb8
1912,T-shirt/1_2.tif,T-shirt,30597,d0bfaf5a6bf1806f7c9d6daf39ef1477d14b53913a46df4c8f7c73f4e82fbff5
1913,T-shirt/1_3.tif,T-shirt,27685,59670ea8bcf3d1912cd9674d01e2d75c7117f40ba182b71e1f33ffde174c56ab
1914,T-shirt/1_4.tif,T-shirt,49143,1422c982dc03b4e3dc44cce42b8e5fbd5c740720fccdb05f25ccbb7d1add258b
1915,T-shirt/1_5.tif,T-shirt,46525,389693c19cfdf5fb0df29d03caaf6eb512c40de73cf0dbd581e95da8ea6ad860
1916,T-shirt/1_6.tif,T-shirt,40980,db5a36d76ca2ae50d3ec3a1a12325d4ea3f16f2060233e4ad28193e2004fa5de
1917,T-shirt/1_7.tif,T-shirt,30466,7095eb727083c57b9a6b749a158a8c8f6a9c0a675401d6231c38f917fdaa78eb
1918,T-shirt/1_8.tif,T-shirt,33352,88fcec2503a3401d34dd0704f259f2d86afd2cd24468ec1166808c2ff61b2372
1919,T-shirt/1_9.tif,T-shirt,33153,feefe27ad9049a5943c7077aed380742f0b212b94db700cb865e64049895e97d
1920,T-shirt/2_1.tif,T-shirt,47677,1406eeec27f5194ca1419637484fd78470edce6072d18783db27f907786b541d
1921,T-shirt/2_10.tif,T-shirt,27896,85c07701c06f547b1e07eca0d6050f0c42da8c63977c773b4ba6cc0c3a36da6c
1922,T-shirt/2_2.tif,T-shirt,29483,04d65465f803c84328aea4f12ca9de52237d1e49a958b619a53f6fb504ec8626
1923,T-shirt/2_3.tif,T-shirt,37681,5da2e1f52fba10c298d03f9e54b65278e17b0ef49488abd23de36c32de6d1d0e
1924,T-shirt/2_4.tif,T-shirt,44911,9cdabc6171757a836fd1161d116f94b3fa0efe42886b1be9ee3ae34bb2fab6fb
1925,T-shirt/2_5.tif,T-shirt,41085,c5ef13ea3acb573fbe29ae64b98936f82a4686eecad28671bd3d137f1b185ba9
1926,T-shirt/2_6.tif,T-shirt,44692,d16c8b19d54f158cf450c088c5a9d520e5a5222219ea111f69eab8c66651c15d
1927,T-shirt/2_7.tif,T-shirt,36388,538e7d54cff32af72894209ed8662fadafc037836ec9f42d9e715f6ae6e54164
1928,T-shirt/2_8.tif,T-shirt,37466,4f4d1a5f5baf8de0cf8f0a14872bdadc40f124dfe6fb492d99667fab2678eca8
1929,T-shirt/2_9.tif,T-shirt,31521,a25af9afca94715e4d66fbbbd6cd557b1285bbf885e3b551530373fc6824e601
1930,T-shirt/3-10.tif,T-shirt,29327,2558606bc6646dd1bb6578376533069afabfdf8bcdf491a16d8a06e07b142e44
1931,T-shirt/3_1.tif,T-shirt,41749,fd55833afbe4b44afd59cc45db4fa39366dbbdc923a7764277549f1940e42f80
1932,T-shirt/3_2.tif,T-shirt,28094,1084cab67375e81462a1fa78f4a9a193798013f4fc3729ed2109c08e3dd11d46
1933,T-shirt/3_3.tif,T-shirt,43988,10bca170d9ed925f04490f2e1607553fd60af4313410e092db0f47c4e13e9b14
1934,T-shirt/3_4.tif,T-shirt,49704,0acf0a1088c973dee2b4d723414754c696e748dd001cc961143ba09dff0f3008
1935,T-shirt/3_5.tif,T-shirt,43501,7445a017738ab19af63eaaaf4410dad3958d8e7e81d786ddf4b81e0161b749c4
1936,T-shirt/3_6.tif,T-shirt,39122,b1d7e4357521ae2797041a0f57d9b391d8106bead91a410afc6146cb6b23e8ca
1937,T-shirt/3_7.tif,T-shirt,32647,1bce4c161f62783f90ca3491c08ae3763d8c5adb4f1f9dc29b169d87846815f6
1938,T-shirt/3_8.tif,T-shirt,1060322,84eca59719229aca07b7fbeb052733d5c6d11dd5b813c64f40d36bdaa5b5374e
1939,T-shirt/3_9.tif,T-shirt,33195,d729b87aa9d13a64c101e0004f03b82e669ace18795c320ccdfc1293157ef721
1940,T-shirt/4_1.tif,T-shirt,38846,09260dc3e0f0cce3c55d9134123e02f23393ccbdbc9da642b582cb60cba2750b
1941,T-shirt/4_10.tif,T-shirt,25966,f25221da69395ec9db316d2e65df5c68e32e82bc0e88932366c195937f6019f1
1942,T-shirt/4_2.tif,T-shirt,29869,ba0c35d60de674908aac3b50528a2f9d4fb0a07f29420e5998030c806c7323eb
1943,T-shirt/4_3.tif,T-shirt,35736,ef3c07565b495afa5b97034e67648af7e4ff8d256786a067189b95ab672ab1fe
1944,T-shirt/4_4.tif,T-shirt,39289,69f76da1c490dc8d1a018ca1bde6d0a381003a38cd40fbf91b03ab39ce36355a
1945,T-shirt/4_5.tif,T-shirt,39586,aba1027a3188cccd3b954c279383ee6df4ca6143c32a09cebec8fc378eaa3f28
1946,T-shirt/4_6.tif,T-shirt,36257,612e0db0f97f670940295bdf33fc17794a0f49913edfa866680fecd0e70ae669
1947,T-shirt/4_7.tif,T-shirt,32991,9ec6c81f3409d9b21465607e1b8cf0c1047acc4591e1270c7b90097f7f16a01d
1948,T-shirt/4_8.tif,T-shirt,1060322,042168e07cc0e9e12dede86f0fbdf532a82a74d73adbfb05389cd15584d6df30
1949,T-shirt/4_9.tif,T-shirt,30611,e4d023e9970ed7b27c0329947ce3ada3fff5891f5ae3d78677f4ee0e959b541c
1950,T-shirt/5_1.tif,T-shirt,24473,21fe96c2869e99689287e8f7cca2bc32b68f003768b07100c6051c2ba28f3046
1951,T-shirt/5_10.tif,T-shirt,19342,eb9ead81a1822875a5c31eb586c7288ad40006a945531adb6a3e1160eed44a12
1952,T-shirt/5_2.tif,T-shirt,22769,1d56fe45ab215f18e1aee389d8b087a995b12b6dad427af39f96e9462cc4a8f5
1953,T-shirt/5_3.tif,T-shirt,23681,88f5c09ae08fb75ef2a9e839de6ef5901f36d3cba013375dbdf260a5229e34a4
1954,T-shirt/5_4.tif,T-shirt,28682,ef2cc90fd375dbd8e0c5e01b1b6cf2f0e3fd31267eb369ab360b92c22120a149
1955,T-shirt/5_5.tif,T-shirt,94991,046cb9769a9b3a8cea32557abac7513494bb2ac19088975308ec3452ba3de696
1956,T-shirt/5_6.tif,T-shirt,22780,dd526ae9fcb4c134a40a159f7739561eefd541e5edf387c15ec210d0bf1714c2
1957,T-shirt/5_7.tif,T-shirt,21137,738877e4ae9be390cffeb222f239c98dd94bf7988f6026445a8635016ad6a3f3
1958,T-shirt/5_8.tif,T-shirt,1060322,7086e3672c82b018e546a7d89eb78c28dd93548ad5c512db126013bb056fce17
1959,T-shirt/5_9.tif,T-shirt,22611,afb31b8791b0d2ca7b3c77d9d9f708fff4784b5b8ff32f9c43d741f93aed24ff
1960,T-shirt/6_1.tif,T-shirt,32578,b13fe187ae18ff91cf94360f5836c0034a868e8f830de9f956c36c5df106462e
1961,T-shirt/6_10.tif,T-shirt,24166,ab69519270066fb835bfc639776a49c6db6d85775972b5eb78e89918e14c72b8
1962,T-shirt/6_2.tif,T-shirt,25738,11019397472c9ee2e28dafbecfc2caa2daf135dfabbc540ab6a8ff1576e40f20
1963,T-shirt/6_3.tif,T-shirt,29053,34d3aab25cadef04591486004506359b35b0129fab4eb227cf4ff9416e67f622
1964,T-shirt/6_4.tif,T-shirt,42267,e47bac364af30a7dfddc71f29d8480922e473171b1568573ac06adbc2c21b2ae
1965,T-shirt/6_5.tif,T-shirt,31046,8045ea55f52d889c9ae770f2a73083ad6851bd5bd2be45a067c85b01a36bc38e
1966,T-shirt/6_6.tif,T-shirt,26837,240e97ac448efe3f38c3769d0a03eb4a883d16020869f0a95266214f3e901cef
1967,T-shirt/6_7.tif,T-shirt,26645,6f88bb6b558779bd4cfaf1d7dd2ac35cb98c474be0592724de763aed856045d1
1968,T-shirt/6_8.tif,T-shirt,32221,488ba390444a43579e84c9a303c1a8e24544f54dfec3755d5035c6ae68d100e2
1969,T-shirt/6_9.tif,T-shirt,25218,2e9e0ea0c90f566824ff20514aba8c0bbfde3083bddcfd7644107ec907d1af8b
1970,T-shirt/7_1.tif,T-shirt,35414,4e11d15fcf9054114a9f3fe9ccd6cbcde2bbca36de91484f06d0148f16b41a4e
1971,T-shirt/7_10.tif,T-shirt,22466,7cbff755ad0093ea055fce73beb4f07d4fec6dd56bcdce9348e7f2c60f050b4e
1972,T-shirt/7_2.tif,T-shirt,27871,b844fa8ff063f852c61a70d075f7f8fb822f00d1da2e615d9e041e3c7ea5be8c
1973,T-shirt/7_3.tif,T-shirt,36404,9411a07097ce86b91477064de4bb64adffc2563c909d0c3f64d5aa6702aad6e9
1974,T-shirt/7_4.tif,T-shirt,34710,0fa4f6d64860a1598b7b376b5420935a1efc8a6f1c2dc992e0596b851ebff04b
1975,T-shirt/7_5.tif,T-shirt,34096,0cf0e5d40ff0ca88e55a3773225b14809297acf30343d693b38617b88fdfa890
1976,T-shirt/7_6.tif,T-shirt,27179,82179b3bee2f25daa3cee922570c080a0b24ca4feed33b952c8210168972ef20
1977,T-shirt/7_7.tif,T-shirt,24679,8190d1800a9dd52c21c98ca6982aeb8579ff4496ae7656168f3922a3906f2f8b
1978,T-shirt/7_8.tif,T-shirt,1060322,7a949c4a9756c9d1b3021539b485292fd4269db3df1f0b14ee317d9f0da9ab10
1979,T-shirt/7_9.tif,T-shirt,28854,0f8c8c688b240ae44c1c6ec350394cc4c7a0700ddb5ccb098a65b775452e9655
1980,T-shirt/8_1.tif,T-shirt,42515,160180618329a72e99d3fd880ddd680b3d69a3693a116079048204ff52ec9ef3
1981,T-shirt/8_10.tif,T-shirt,34581,b131f84a35a40b064d8cbf76612941a1a2dd66f808ffffa15d984309093a1690
1982,T-shirt/8_2.tif,T-shirt,29135,e9f14b98e47b068035446875200b664f81048745993a23326af446f3c0a34c17
1983,T-shirt/8_3.tif,T-shirt,39086,387f3d61a6bcb67414f77280304b38e881dd58b9c33f496d7577bda33316ddc5
1984,T-shirt/8_4.tif,T-shirt,49029,c545e8df96ad5382d6c783c113b5ec28d51ab82a6e5439f373caa92e8e88dff6
1985,T-shirt/8_5.tif,T-shirt,47843,71bed8aef38bd5c9c6c7056d568484361efd26c2ffa351b4529dd1b9450efe96
1986,T-shirt/8_6.tif,T-shirt,39867,ff3b476e236bfc140afcb65d05ece61de30423df41ef82abe41eb02ded5f1da7
1987,T-shirt/8_7.tif,T-shirt,28008,7bcbb6b4a85c2bb1ae651893843a28433571e0d9b72c5272276b5367fdc01da5
1988,T-shirt/8_8.tif,T-shirt,38450,a29deb8bf7e042448754aa95b5ca28c555625734eea316a63158b38f4ef9457b
1989,T-shirt/8_9.tif,T-shirt,36668,f90f5b362fe63717d41607bc079e337e221140a451d88e3989bbfe3decd5fb30
1990,T-shirt/9_1.tif,T-shirt,32706,09fd65451c8b555eba1961427f4db67a5cbb87c86d97f2cb25330007409c2add
1991,T-shirt/9_10.tif,T-shirt,22961,5df8e35bceba4da768809218aa77279a2a36c97d2b3539e6bdfbf6417c0fc270
1992,T-shirt/9_2.tif,T-shirt,26831,02c100a4c4258b85f15502be0e64976aeb0ae9e647ffe2ab2f8b8a2c68579ca4
1993,T-shirt/9_3.tif,T-shirt,36212,a670a9d76df9ed254f31a98f560c95a40ac83a7d59cc20e51c305210e8d0dd58
1994,T-shirt/9_4.tif,T-shirt,49370,0708468d7466e1e53c21ab04474d28aa4420a6d749851344e43c611d97b9a93d
1995,T-shirt/9_5.tif,T-shirt,38315,07f89e581c22723fc4097f62e653ae049fbb376553ad91d892cb457a566aa00e
1996,T-shirt/9_6.tif,T-shirt,34111,25bdf5833a75c3445398fa317003a414541e1dfa519cf8bed915627deb7e0ab5
1997,T-shirt/9_7.tif,T-shirt,26089,8b84ddf2e7ac0431259793642ced88fa81c07cf381579e2cc14c2c486ef19c2c
1998,T-shirt/9_8.tif,T-shirt,31475,6c32b357a2c2e479560b926f6b6dbf43aade943aa1530409acf1997b01e59d19
1999,T-shirt/9_9.tif,T-shirt,31352,4842e5c2b11ac2c1016084fa470cf4f020aeb99b95a0010487f8146d0b2dae38
2000,Tunic/10_1.tif,Tunic,40911,c4a4ef585ab50d030e02e3fecf5bf481443d950ed3e5e8bad967626abff903c6
2001,Tunic/10_10.tif,Tunic,31190,9e537ace1e79509e56e8c8696beb831e142b8a55c0f52bebb9bfe7132307b8fa
2002,Tunic/10_2.tif,Tunic,30906,f1847bd9c37c8e014d0fdc0c1d96bbc87b57944bda2434ccc37b423ce2d1d0cd
2003,Tunic/10_3.tif,Tunic,41502,b92c746eb920e14cbbbd72a5d24df1ab883baaab1c95ebc78be5eb8b9281c75b
2004,Tunic/10_4.tif,Tunic,45334,dffcd6d5a8a3cabde110d4c4d3ea90d20ac399a631971769dc2ced3c6c96f774
2005,Tunic/10_5.tif,Tunic,39723,0b8d267833734020a2004be11d31e81cc02dbfe6ac0a3614053e59128868a9e8
2006,Tunic/10_6.tif,Tunic,43811,0cff89f97bfe5a47781391189281c37d20a3b93b24221a774240a1dfea2aeb5a
2007,Tunic/10_7.tif,Tunic,27573,abda7eb0134908a0e70f713b6cacf74de56e199bb66abc327c7e0e6de3e73f65
2008,Tunic/10_8.tif,Tunic,42946,3ea7a08a2c5daf6102ce2e702b9924089c6624d280aabae4e5a70ad0dd1fb185
2009,Tunic/10_9.tif,Tunic,49320,b43fcadda707b42fc1e787a7ff5e9aef8457443c7211cd61eaaf8d710d8ac6b1
2010,Tunic/1_1.tif,Tunic,48554,7a805f2a5030fb54b837648cc01d402c5353da6505f728449ba0c41f7b1a7f75
2011,Tunic/1_10.tif,Tunic,41591,47dbdb984bca221c3b515761fec8c3f2d8a9596fd90cf6a77af8c5aea53f08fa
2012,Tunic/1_2.tif,Tunic,43039,740008f81e69d094f6516398bca63c042346d25e3aba08b24594b121c2535bea
2013,Tunic/1_3.tif,Tunic,40187,8ceade6cdb870fff7c703e2d4ec0ddf11abff1ac35d74005efc530580c5acc5d
2014,Tunic/1_4.tif,Tunic,66588,4872c943424a8235473e6d219442b9e23829e1676de97d3cc1f413e5de518e19
2015,Tunic/1_5.tif,Tunic,44109,af223d7661dc4c91793e308e9ee29e1480b6f9ff2a1b08dc7880a6c89dacc5fe
2016,Tunic/1_6.tif,Tunic,39139,02e9a641de41b88b58c559dcd2b3b24182ee666e6a6a19c6cff46f55a27698c7
2017,Tunic/1_7.tif,Tunic,28005,ef7dc910e4b7a47205db71c6c1584e0bbdd63ae4fb2ffeb5790cb79c28744212
2018,Tunic/1_8.tif,Tunic,51262,b0a1d35d66f69304a3f451638a63ef35c47cb7e0e59dd222dce6facbad8b2096
2019,Tunic/1_9.tif,Tunic,45807,34b80bbd661ea9ba2344542b2e0e4f6ae6941fb5a79e60f05d57dc7cf1bb658b
2020,Tunic/2_1.tif,Tunic,62168,b1d56f4ce945b32ded2031aa26e94fc65ad9405d323b761283a59f6086ba031b
2021,Tunic/2_10.tif,Tunic,42309,d5654d7f9b595e15d400cb8eee359661b815d7ffc8020ee38234dfd79004507e
2022,Tunic/2_2.tif,Tunic,30968,a4ad20bcc5c1a7872b3396ec26767d19a3f4f9c6d4654287e3c6ab7ef31a1c17
2023,Tunic/2_3.tif,Tunic,38679,50da3d13c4447a03636d44984cd5f4cf33e821ad12c398fb6936e2d61f92cafe
2024,Tunic/2_4.tif,Tunic,58281,059d2bcc0f1427f6e4373810e0ca38c0b9628cf4aef4c7c33419601ddced9687
2025,Tunic/2_5.tif,Tunic,42042,36c912e210fa8678b33cd21c8ca684b4c9c0f25797cd38a3d5a85f013a72fbf6
2026,Tunic/2_6.tif,Tunic,50130,e39e8fc437f6b9fde9e92e4fe6a875af1262968a4184bd6ebcc48bc236f4b2f0
2027,Tunic/2_7.tif,Tunic,32824,9dfb06b7d6097ffdf28d87b4f79bd472a62c55f1f1a9dd80cd8743446cf35533
2028,Tunic/2_8.tif,Tunic,50966,eb9bcf9bac37c829a7cd23f0df658cfde7cf96902db308e656cbaf283575498b
2029,Tunic/2_9.tif,Tunic,60712,7cded66bbcf11b86c71706f0ad0d849087b4e663c7fa083c311189af48defde4
2030,Tunic/3_1.tif,Tunic,66653,fa3f0c4f6b4e2ca86743e10769a6213de56cfe0845e3bfee6c7e65e0a9e3e77c
2031,Tunic/3_10.tif,Tunic,56054,29842c8d15c8280cc3a49a38a19fdcd3b353bd5d3cb938b4d74f2ca5df3e5f10
2032,Tunic/3_2.tif,Tunic,54757,aa348e29e1de7ce2dd85401a5d3c2195858b1393362796d004008678bc5392af
2033,Tunic/3_3.tif,Tunic,67552,cdb4690e1fadf8ce1d9c4702d07ce68dafc929a8c5ede045bec6449f821cb810
2034,Tunic/3_4.tif,Tunic,74506,8bb4f3fd1cd90674058553dee05d5e66e5867340802d7f6b27493946b6c8e9c9
2035,Tunic/3_5.tif,Tunic,56936,7347e04a0713d8d14f65b48192f114e222956e7c6e2f3b8adf656fd9fd3d9b30
2036,Tunic/3_6.tif,Tunic,57317,2a0380bc010c57200ec5fd18bc13588999a9d783856c2aa3cb1d1e7ad652600a
2037,Tunic/3_7.tif,Tunic,43813,74926d7a6d4f547d97a22de4a3f7b8db13fe11d979af42eaf6742e7bfd439751
2038,Tunic/3_8.tif,Tunic,72629,980a530a6a62b1a94028226251c2635608822bc1410b7103fd5b96cb5d1b6e1a
2039,Tunic/3_9.tif,Tunic,75776,d7855474f3a5277975d565aeb6f1baef31c1a3a2a6a1a01ee00041dd3f685ebf
2040,Tunic/4_1.tif,Tunic,65769,256b2e5fc85299f0855eac04738d1cb264e48b571cd66fb7b3e6b0c9b3f89023
2041,Tunic/4_10.tif,Tunic,47998,86ed98af2cefa3fa9018890e76cf256ccc7640bef432a8289769f784811331c4
2042,Tunic/4_2.tif,Tunic,43629,31b607af2ea1e6a453b74344928b47221af29a3c824be75ebe52f4a56ad2942b
2043,Tunic/4_3.tif,Tunic,64095,9ebb5c63cdd9e7155e2abc402fe525b1011b426294e916d5128c4ef0d918cd6c
2044,Tunic/4_4.tif,Tunic,64604,9e2e3df64c4d8c5b3e91b09de6b924144c1303bfeef6311d97d54970147b3d0c
2045,Tunic/4_5.tif,Tunic,59204,4a2eb2b296706ec508953ff8940f0f1b27d842128387140dfe7bd9f7d8c4ed05
2046,Tunic/4_6.tif,Tunic,49427,0d477ffe482476427b0817ad43754635c5f1b6e952e331d202946e03fc403748
2047,Tunic/4_7.tif,Tunic,46172,d9343045c82a94fade96d0968eacfac411f4080e32e294a010023d30cdf0cec2
2048,Tunic/4_8.tif,Tunic,58357,788991b674f6406e27b31485825f953bb2fe1a278300c627b9d30c7a7aedb8b9
2049,Tunic/4_9.tif,Tunic,67083,1d769ace18f05354a22aafd220c8f627260d86013ab50f9794876e003c0c0b73
2050,Tunic/5_1.tif,Tunic,49008,8f7bc06a4d4ceea510d87588d14ded0dd3ea5d65f87f849b849110d901f739f4
2051,Tunic/5_10.tif,Tunic,41428,9026a9db90da7c23814150fb38853aff7b4565199c93989edbc3212730682d26
2052,Tunic/5_2.tif,Tunic,36703,63719ba1ed379ed01eaaa168469a5a605363d56ee67e7c75d53f22a083cf7a6d
2053,Tunic/5_3.tif,Tunic,45459,ed326c84b35f6bd19a4500a5f50227973c8c9580f249adaa91eec575220ae6d4
2054,Tunic/5_4.tif,Tunic,62377,123a9d6043e8654ef4cb088129b4cd2595b0e9dc48591e46cd0bbbf12f8f2671
2055,Tunic/5_5.tif,Tunic,58941,2f175a4a34c2d738643699f273b75f48c4c8f9275b5f179773bd985e73d2bbfd
2056,Tunic/5_6.tif,Tunic,46132,dd7afd7ab3c3bf8f0555aecca1ae09c2ee9359e5c6c4ad82127f0270a5df74b2
2057,Tunic/5_7.tif,Tunic,32221,3d260e36b39b9a5281f5e2285f5738829bca2cdd24f143ae1852cd0a0c65cb13
2058,Tunic/5_8.tif,Tunic,49818,9191a924c5b8c2591042d9c22fd54c9eb23b05ed8e14b5ba823c167a84072440
2059,Tunic/5_9.tif,Tunic,57628,42abad2c207caef4f06e58b395bfeb4633601d3e43ec2701d8b4c005d8f35830
2060,Tunic/6_1.tif,Tunic,77481,dd6c3cadea0b09b2a1104609955448350b7df07e1a03cc2690b268aa0bcfdef8
2061,Tunic/6_10.tif,Tunic,58265,8ee6e5b99fe0fd949a01c4ec764e2896898e7662a9e5ecbc8a399ab86ffe0c0e
2062,Tunic/6_2.tif,Tunic,41583,063c48e7d105aaf57c3db3f0663ece93f7b0d0576938f5a72e0da06129090350
2063,Tunic/6_3.tif,Tunic,61955,8ff74b4aca11d2451ed8311bd75f27a7f95faa50cf8aef0a6806fcc266a4e639
2064,Tunic/6_4.tif,Tunic,81079,fc0cee1f6ebf61a4fcb41378de10f5d727f965306c0d6860a7db1bd508582889
2065,Tunic/6_5.tif,Tunic,63545,fd826ac3a4378cc9d192f8623437f5c3c16d889549d33c7da7fd57f7350eb680
2066,Tunic/6_6.tif,Tunic,71760,ba98a0b446515a7af7420058f9633b41798188213fda8dde9c9b65f880a70747
2067,Tunic/6_7.tif,Tunic,38903,d5ffdd6f8e1fc79b212773b2390d1db7f4e710a0f4614ed818c6dba4e8a7adfb
2068,Tunic/6_8.tif,Tunic,51431,875851e73eac965849034108ed36cdbd2853bf467d28ba047300dd174b6d7e64
2069,Tunic/6_9.tif,Tunic,79804,0ab2abddd4fa54d956a38423bfcc686df355c142eec360825886ada10b9929fa
2070,Tunic/7_1.tif,Tunic,78203,a3c20417a887453a6d0e7fab6681ec76587ba0177f6258b94491231cd8425643
2071,Tunic/7_10.tif,Tunic,62490,29a2ed7b67be5724cd13770fe1a426b0765417e6dfedb1384de8c3843dc49b6c
2072,Tunic/7_2.tif,Tunic,38117,2ce3b88ef593d4b026dfc6967034297bc2e692d9f25852ddc6812772119af392
2073,Tunic/7_3.tif,Tunic,55763,572447013ce9ab3b2f6774196b522ea9c1e931c768cb239908a4c5b92b4d0c65
2074,Tunic/7_4.tif,Tunic,75689,77778d04627849b32ddf5ecf1a51866e48458950ce6c9fd8104a86126d907cfb
2075,Tunic/7_5.tif,Tunic,68778,672cc90159a11f1adbb13346c925d9131e919b48211525bbcee792918657a732
2076,Tunic/7_6.tif,Tunic,60840,a822b6f8fce5590256e3aa44a0f2c03c9a1f206536fc99c6b17ff2765a8b1247
2077,Tunic/7_7.tif,Tunic,45423,396ea5c702b60b37fa7e48d82df174f8a029bd3a972dca18e9b0b8b5a75bd484
2078,Tunic/7_8.tif,Tunic,56995,d350a4e5242f5f1a35cac98d4ec569ef9aef8160457a1fbfffdb409929a74bee
2079,Tunic/7_9.tif,Tunic,75728,8aa87e3abb8cbb228352affa8b65a5d2826ce1a7f70d0119a7089ad25b62dd7b
2080,Tunic/8_1.tif,Tunic,60240,9a4a0adb6b7650b9fa4574199bf97da5fe41cc48e14aee4c0c8773e44308554a
2081,Tunic/8_10.tif,Tunic,67235,71116c651683318ed00032474dd12a2f18caadd80f8fe371f4c502b576952d84
2082,Tunic/8_2.tif,Tunic,55298,9925df1d4981e4d9d2a5c0535b9a7a41a135b64318d84061413e6c0c6cb2e9fb
2083,Tunic/8_3.tif,Tunic,72131,e34c2d2725c3737448291aaa59f6894622d6b96cdbed5b151a6a29f9d6f004f5
2084,Tunic/8_4.tif,Tunic,64210,33b8f23b8b83d4090fe9df11c90f988cc842d49c3743a41331a1d69070d2620a
2085,Tunic/8_5.tif,Tunic,59542,687ee999ec78fbb55cf3c9886c1c1c57891106b36faa684f83745b94f04e16e9
2086,Tunic/8_6.tif,Tunic,64746,b8c3f8c7bccdb50da452cc3d3089ce06ac5d145be550f78625dff853b877e529
2087,Tunic/8_7.tif,Tunic,38886,eeaf069aad298aac31fe173c7b160ea1df07992f5f18b2b4b69c714b470e7844
2088,Tunic/8_8.tif,Tunic,76301,858846c8a255cb3614e65f995a44607fb6af5cb94ef1b870b564f7a1f45bdf31
2089,Tunic/8_9.tif,Tunic,75619,a6de0630b8598457470aa5724bb8fe39a8a2bd339e45f5a8a6db8d909cdbab90
2090,Tunic/9_1.tif,Tunic,47677,6e50366a82153c3263cd061d5285fa3425852746e89a9989efd4f50d665c241b
2091,Tunic/9_10.tif,Tunic,44899,8eb37467984aee959015b04bdd35d9b59815f95368e6be28ccc2b711eba99f34
2092,Tunic/9_2.tif,Tunic,35892,935a26647b6ee38a4879ed128060cd22ccceb18028de5dcba3933956fc0bebb1
2093,Tunic/9_3.tif,Tunic,46634,385b2aca983a50db0a992f0b7d7ce24a9c7930dcfd3f5413235cfb86037f9af6
2094,Tunic/9_4.tif,Tunic,52149,e7db12c994d8b6d0a526375607f838ae480a80291fc8cd758ac16815b18b03be
2095,Tunic/9_5.tif,Tunic,48707,824de411a5b016ada041e279b705fee547bc74ba46c131f3173f69c8b2dd79ca
2096,Tunic/9_6.tif,Tunic,52166,00ac47bb3ea950652a3f88ea73763090300255a24d55fef0ab4c2ed9fe1d5274
2097,Tunic/9_7.tif,Tunic,34518,ef1c4ecfae367e67f03538849febcd78b4971a67a5945191b5bfe35245664568
2098,Tunic/9_8.tif,Tunic,45860,c423271551d75f97d9f3f96b1dab1762f363c6f0cf5360c2067c15710388516f
2099,Tunic/9_9.tif,Tunic,50590,efcb7227c9ad4e1f856fc4e7f9f348645c6c3d712cf3a11b18bbb7ba8697d833
2100,Vest/10_1.tif,Vest,37507,a1aa90eabfed0dd3a8ef17a4cd3327452a5b5f162e924a0ccbdf37b10449a661
2101,Vest/10_10.tif,Vest,27747,608db4f9679f2dd610d16767d13844628691a56353de56d09299a89d2e4696a6
2102,Vest/10_2.tif,Vest,33252,360e6eeded00a4ba159ab392f29c0f92e0559f9f1e62a1b76a54ab9a11a8894a
2103,Vest/10_3.tif,Vest,35911,96a74765dae3fc3fa8c104ca916e352f6a1123d3b601adbacb834c6ea7e76585
2104,Vest/10_4.tif,Vest,38744,cae2fcca7c60b3fad68719ce52abe16842dd1326dafc429eb5edfe6a086a2894
2105,Vest/10_5.tif,Vest,40969,73e912644c27afb28e8ba72ef69f7348091109ac1aabb4e2b66dd4db82727546
2106,Vest/10_6.tif,Vest,34361,cff37e862516bfa5deac0044b20f0913391d3abd804b2d810eacf949445bc44f
2107,Vest/10_7.tif,Vest,32427,abd8e51b77b9ff96bccace76907b45c4f564905a79fbdd38e81cf2e00a816d33
2108,Vest/10_8.tif,Vest,42852,4b64204787fee997013ff3da682c495226784836c4026183f7b6b2319c3f0728
2109,Vest/10_9.tif,Vest,39398,3b823c3bcdb4016c8793003e66c6c89e90cceacbea73c4769931e5fdd2391a92
2110,Vest/1_1.tif,Vest,50315,a5aff02bc1aa24e5950d207709c4dbde803276e68f799b361b7ec893b4f8b334
2111,Vest/1_10.tif,Vest,28785,5b7b11a6fb896801f3a5c5c5c62df5288a6fba18f7310c085cf77f3f873c8369
2112,Vest/1_2.tif,Vest,32893,66c64fc88b070fe5c6e0fd3c4baac4b402f78e4b364b943bf610342f9648ba08
2113,Vest/1_3.tif,Vest,51701,c2dc51cf89693865a61da6d5ffba4403a9e43e5fc295efb6bd1885a0fea00609
2114,Vest/1_4.tif,Vest,57341,16258a180404dbfbadd298a1589afc446c5c3928d3f10f1b47d2023d74bf1c4f
2115,Vest/1_5.tif,Vest,39972,572666fd7eb7dcbd473e02096984aa8769b9c4bf0433d35e7e6a4d9d5fd6c183
2116,Vest/1_6.tif,Vest,48968,1c79d0c680118f1cd1e3140a8d5672b76db26c0e069a1a87745059ccb7352b5c
2117,Vest/1_7.tif,Vest,38164,99d125cef8f85ad95109acb661cbee50dea5a40d500d49d76b6b6494b9001663
2118,Vest/1_8.tif,Vest,48168,5e83632ae400ed7fb22922ac5f9bbf7cb16108c8d51ca1c3d5962e650767d157
2119,Vest/1_9.tif,Vest,47203,2de574ced81a1e26c16c39600daff47eccf9f00dd3440fef327df6f7b7ce612f
2120,Vest/2_1.tif,Vest,41974,bb2a911196f8e1c23c763bdce9087f6a175bfc14dc0c3aefcefaf2241ef5e759
2121,Vest/2_10.tif,Vest,24662,89078d1e52805858e33293eee76c7a72d51d5f07e8f268916d838bad9fa3c321
2122,Vest/2_2.tif,Vest,30075,5d0daa9ac65c9affec24d6903ac08c6aeea1a6d0b36a5a1320ff93a7ad2af239
2123,Vest/2_3.tif,Vest,48062,fe775fd9e652207881d14e02862324a236bfec105a7ed1c4df47e499dfdf26ad
2124,Vest/2_4.tif,Vest,44208,a4b54ac0d0c4aa559c37e6c8ebe187c7bafde0a063405822c37fde3e72f25ed3
2125,Vest/2_5.tif,Vest,45279,ae52e613a7d5206b0174f7ad7b642b7b69e5baf15d77d1cedbdd90f4cfd68795
2126,Vest/2_6.tif,Vest,45340,04ed2bccc0556ff2526b4108de70bc61273e3969210834e1c1ba8fb610f41972
2127,Vest/2_7.tif,Vest,57146,f673529dfc75c276e3baf54cdba6a19de5582a331f9c43e558087931161f3198
2128,Vest/2_8.tif,Vest,42999,10c156dd5d73f4acc70c9a36a8d90b2e724595a1c602f425796c18e450b131d4
2129,Vest/2_9.tif,Vest,42389,bb329a7e9dcca865c7e60c12c3b1d9b470043874784d746e336ae9e0886966a9
2130,Vest/3_1.tif,Vest,48174,ead28cd6e568acff21eb1bfd6e89ad985380b9b848669fa951cb9ee056fece96
2131,Vest/3_10.tif,Vest,36621,381b8634c6490b7bd997bf23d694999d2472104de23be6de7c7062c9c321fb84
2132,Vest/3_2.tif,Vest,35094,3100f2bb61c76ce4ff742994c194016ca9a9ea4105bef2423dd20da8cc334116
2133,Vest/3_3.tif,Vest,40587,f7342d00359e26d85f045f9a4284ba41767752658c21a32dc0f9ad7236e92a18
2134,Vest/3_4.tif,Vest,68482,b07d28afb774f50ee17fbd3df3e0107ee8a949f79b6b401eda92f7c6068b3f2c
2135,Vest/3_5.tif,Vest,52129,9ad1b70a56a675be54785fe485d538fb290e16824c2dd11e20b2a1ead8e4df56
2136,Vest/3_6.tif,Vest,47429,4e8030dde820a1b3ee381a0eba35c69ace532ab560a793b769395db38fa23477
2137,Vest/3_7.tif,Vest,44545,4247e11c1ef5c27742b827a0ffab8767b013b8a87f015a5b69908ce809215e77
2138,Vest/3_8.tif,Vest,61046,f1904157f50d40af35ca6c99ff49599ed2b6935e99fda876dd05e15ce25e8d88
2139,Vest/3_9.tif,Vest,55379,db0740d24d956f36047773d9b5ab4bd29b9ab5d9d66eb3ddc05bb4b27a540631
2140,Vest/4_1.tif,Vest,62932,b5bf8b187c1ea0c6dd74ec0536db9b5b41642ed08153d6a2a884fcd3de13949c
2141,Vest/4_10.tif,Vest,33432,e2b4ca1cd100ecccca2c365726ae80341bb6367760e260489e7949f8fa33d9c5
2142,Vest/4_2.tif,Vest,30678,6bbd03e77202777a8918da5be8f834f203b903b916784039f74e2226f1a39ef7
2143,Vest/4_3.tif,Vest,41793,1ec3d5d25a4f68ac27863d82a8e18dc9555a67d7d6a059b8f7c97bdcab6606d8
2144,Vest/4_4.tif,Vest,53421,b4f80a9571acce58c646e5da7f2388d2d2480a8fb7ace81f61a7b32e39d0704e
2145,Vest/4_5.tif,Vest,45325,35a10fac475f7b8b1b87012dd4cc973e27b205cf1e11fb82d7ef616a64a37020
2146,Vest/4_6.tif,Vest,35616,965ea370dcf1fef3119687ee81dd817b92ac1c8e3e94a4e5cbe34817f45a7b02
2147,Vest/4_7.tif,Vest,40666,1cc51dd5af0fb59c981db23b93849c60eb2c42fb92311c67a6abf69274a741ff
2148,Vest/4_8.tif,Vest,42208,baaa5003da359cf617088c4070c0033c428893579f5777d6348a94ee0255bd16
2149,Vest/4_9.tif,Vest,48635,a06b8c6247ccb74809a7f84783662f7b0e4db952d1ac9c343644c233ae9f0c18
2150,Vest/5_1.tif,Vest,47641,636e59271313e5bbf8f23fab7eda7a0b440cdee7446a40bd2ed44971b01bd9c1
2151,Vest/5_10.tif,Vest,29992,4cc200d3582d88393c024826891b2e435c76947a80bfd7782c780fce7d552c45
2152,Vest/5_2.tif,Vest,23963,7f8626a917f7e3b4a996dda34b0501b258ab455922a2f187098562dc902d1492
2153,Vest/5_3.tif,Vest,48072,a031e99d7bc118fbb5412ab98533e884933cc73681bdbbb8cdc1fb88b33ade3c
2154,Vest/5_4.tif,Vest,83852,6398b22430196c29ce3699e6c5acb19da25f2ba37fa0c482626bdbba507ff015
2155,Vest/5_5.tif,Vest,51153,f436870b5bd4338d4dfb2f2839c5625875888b507fe1a3ef8f50ded44d06bd5b
2156,Vest/5_6.tif,Vest,36276,2a0576e8f0dddfdd6bd4f5daf861cf12a070bfbd0d4c07293636b9fdee82cd94
2157,Vest/5_7.tif,Vest,49920,264fc6aea53c62615517e1320b64fda4746f90013fe4841d772df6fea537ce1c
2158,Vest/5_8.tif,Vest,41881,d6b0f09ee9f7c6325eb7acaac05e1439e619f56999c49a803afd7e74620c299f
2159,Vest/5_9.tif,Vest,73839,dca82d1e09a5a493eadfb1755c26c9f82bb1c33320290ea3ba324c24fc1eafd1
2160,Vest/6_1.tif,Vest,58303,56925eeec28fecd07ee717d6150f8f26d8ac15e01483a7c341c69b70cfd05035
2161,Vest/6_10.tif,Vest,36032,63de5bde849212faf223f292e36c94db45a06b54659e1aab77278f4f4556aecf
2162,Vest/6_2.tif,Vest,33651,9528d2a016faa2cf9f9763f9d925a419374b34f053c5728ac878cf3595519882
2163,Vest/6_3.tif,Vest,61258,6f0785ba714aba8020c105470f049869d3923092b7e90f2324f530e6f82284cb
2164,Vest/6_4.tif,Vest,77906,9dc5211fdab31d9c9fd47fee084215041263b31f7ac013f2d8a12a25d0b42535
2165,Vest/6_5.tif,Vest,60536,cea8d8696b8e8d79b825572d9a5a008047e621aed581da3ef5fb96607a6f0de9
2166,Vest/6_6.tif,Vest,47051,0008de039a1bf44af5d8d9d5378be8d2ff9e85d4bda38709686213ae4105b17d
2167,Vest/6_7.tif,Vest,69629,c1b03f54859c3c453eaf8a5c68311affce606cd3f9b170838ad4c752313b81d3
2168,Vest/6_8.tif,Vest,54132,5d91700cda8b2a17fbe5eebad8a3cfbe41bc875c68a67150a16c83018e65da70
2169,Vest/6_9.tif,Vest,63577,06862a7e5229a2e29a56485262307ae353dba73e0b47cd95a1291fe4de477439
2170,Vest/7_1.tif,Vest,52533,7787036a24fe71c6317dcb4b09ace5305ad67f6808c7c9cba4bdeb9f74ca7063
2171,Vest/7_10.tif,Vest,38199,38988172697f9cc514ea484fba3bf2464d08a1a8ea07a9a272f643548ac01206
2172,Vest/7_2.tif,Vest,39890,e9b24e5a0f6274f14b1cf82045e7c8494308f7cf6bbda0f79de2744710fdcbe3
2173,Vest/7_3.tif,Vest,44332,f5e0e0cc6bac640c32ec1c370bed06e3c87bd6d4c7e6b46626ac30b2a5efed1b
2174,Vest/7_4.tif,Vest,67225,7bd75fa0de214308e68456631466f13261c44af497d90aed1f2c242a22c5f91c
2175,Vest/7_5.tif,Vest,42979,4ddad076154b72167bee14d933d59292bdbd027fd512e7b6975a9daf6f1ac39e
2176,Vest/7_6.tif,Vest,45353,36193d3e19203b8a00d6bfedd2103e63e58ce05c5f5e139cfe8ec318ace09e71
2177,Vest/7_7.tif,Vest,46009,585bbaca80eaae5504c76548ec094f87ed10279f3d0d6c2b1a7f0b2257fb79f3
2178,Vest/7_8.tif,Vest,50546,af29da73cdcd0bfa1afa4abe32a645ba50f6d591d001bc6c266bde15e65d32a5
2179,Vest/7_9.tif,Vest,64661,33cbe34613bf6a490cb88f77481adbfe678fdc78a47b40d2d431ee29ef172e6c
2180,Vest/8_1.tif,Vest,47618,f4b7b1bf88f65c0c9f76843f6ba6d21342ffbea855ae11b51928a817473d8571
2181,Vest/8_10.tif,Vest,33811,d9a8e58cbbe1f6d7a831d135da8d6f0e9e83224aea82c3babd2152264a300195
2182,Vest/8_2.tif,Vest,45891,e57b51e1574898133007aa3a3ba33bb24e4170d26f500169e915909d563ffa5f
2183,Vest/8_3.tif,Vest,57925,827738a44ac9aebbd4e5da39dfa48301ef1a00616f878b1877034851b071a772
2184,Vest/8_4.tif,Vest,63457,c24dc48dcc8200ef5bd487038d3fc71396b86db8c46e806e1c32a7269691d960
2185,Vest/8_5.tif,Vest,57312,62b9d80d10ed959d63d5db6847d780343e2695143706df16779e031a2a1519c3
2186,Vest/8_6.tif,Vest,41369,62feb93f3f8275a26dace5cdce649b8e9afaf655c8ea22d22cb80dedfce81630
2187,Vest/8_7.tif,Vest,39844,17148e409942fe39486d270ddbaa8c0107fc118dc6b7aad16b3fa2c63c6e8405
2188,Vest/8_8.tif,Vest,52644,da4dbbe25ec3021cae0b7c13d62df04fe909dec53b136140539f0f4b3ae69266
2189,Vest/8_9.tif,Vest,62978,46108c4befcfa9c05ef595394575b45569f95e9cbb74097212d2b022d1f2e762
2190,Vest/9_1.tif,Vest,39413,0a687429d2592dec620dd538e0fd77213c0d0b862a817f5527684c061d162255
2191,Vest/9_10.tif,Vest,25853,03050aa231a84a6ec54a78ce01987a4b55c64b440b11c412ae36024514ef0715
2192,Vest/9_2.tif,Vest,32909,632d7383cedf31fc0e6feda767e231373f862794a9b95ffea9ca2ac35e424115
2193,Vest/9_3.tif,Vest,42443,97178fec8e88adc0e2d49208f1306b238bccab2878c460e487f51230a940cfec
2194,Vest/9_4.tif,Vest,59841,1ea0612e987da3081f34b286c8d797ea4b6a2613471ae398014a14470e13936f
2195,Vest/9_5.tif,Vest,47221,c0f0985123ecea014c08088c35cdaed244474a536a665c109ffbf28d7e698d9b
2196,Vest/9_6.tif,Vest,34296,e60bb8b685a7cb4624d060d8ef2b85e2cdbedfc92876fe5281e5171f45e1a830
2197,Vest/9_7.tif,Vest,31947,dd819ebefa06e519196f295b7b949567acfb78bc9dc41f408e96f9a110a227c6
2198,Vest/9_8.tif,Vest,48129,a437033e3479af9a2d8c4442eb37c30a070136dbcdd197d255812b0b36c78f3c
2199,Vest/9_9.tif,Vest,51368,859dc5ffbbc36e7752bf310c0fdcc177ff26e56b3fe9b68e359e5b67af76f8eb
2200,Wide-Leg/1-1.tif,Wide-Leg,12498,b01c1a8624066b7b4137d8b3c7c9a5bf3027ca0dbe456ffa2a897842841b65ca
2201,Wide-Leg/1-10.tif,Wide-Leg,10504,bcfd35dbfbbe78b4557ad09288d151e057a85f55f6c65ceb3b29d65a891978b6
2202,Wide-Leg/1-2.tif,Wide-Leg,12670,c0fb4d2d68f5f140c0bcc1af6e9301985a4bae7361df0a1c1a5a79d4725c9937
2203,Wide-Leg/1-3.tif,Wide-Leg,12538,092fb9f774cd5b6909a30747416be22cc44f1ae703f06c9bdc66cb57aadb427f
2204,Wide-Leg/1-4.tif,Wide-Leg,13648,549700911f69fd51b12a47ed471dadff3c04d7b5f911cd1a3b099d81048f6be3
2205,Wide-Leg/1-5.tif,Wide-Leg,13976,edf9c12a97cb4968c31636687f57089c69e0c9f6a914b39e626e2a25353fa205
2206,Wide-Leg/1-6.tif,Wide-Leg,10668,211406d412f3933b5beacd513a9e6d23789c49b8a3afe0825ffa4c38a3627bc0
2207,Wide-Leg/1-7.tif,Wide-Leg,12340,d9385866083383899a01729067d9666c1aa1dda9164cb282bf7271e43d4b4ca2
2208,Wide-Leg/1-8.tif,Wide-Leg,13508,4a9d5d9e581255a0795fb15630eb0e244fd59fda64c336d685fa35cf4271b943
2209,Wide-Leg/1-9.tif,Wide-Leg,12408,80724b848ade637537fdc1957169e121d4ec1beff295905cb7884ab26c4ff668
2210,Wide-Leg/10-1.tif,Wide-Leg,13150,e4f7d93fd245e693a4ae7b084981cc286794285a12949c15c43d80edf63d2f7c
2211,Wide-Leg/10-10.tif,Wide-Leg,12672,e6204e7642218bf524c57a69cde04567e6964b782cc05154f5e796c34533e03c
2212,Wide-Leg/10-2.tif,Wide-Leg,12546,71122d48ed815cb8bb2f83fbfbab826d355762399ba3b4a47f964afb0c62bc53
2213,Wide-Leg/10-3.tif,Wide-Leg,12142,660f3f32a1e5d58c6559d0d9dfd65cb70f51423a6688646a7d00cad63d7d3e9f
2214,Wide-Leg/10-4.tif,Wide-Leg,16374,8c0589c893b1618983c12427ab937b1f2be5698c18138a414b279ee0f6cac4f5
2215,Wide-Leg/10-5.tif,Wide-Leg,13414,4d2f3924af48478a5e46c973f70012dfa35922d6d4f8550eb46a1331edb74ccd
2216,Wide-Leg/10-6.tif,Wide-Leg,14148,0fb703161f7effd8676af01cebb1045a0a1deb2b863f22072ec48d1947b4cf31
2217,Wide-Leg/10-7.tif,Wide-Leg,11648,c9815c76bac68c01dae23a5e486ee7cceb680d3d975fac62ca98edf64fb03db5
2218,Wide-Leg/10-8.tif,Wide-Leg,12142,59ddab4ed8bd4c73eef72d56ff9d2b4caeca6a95ce88154ed2fa75c1c1cca734
2219,Wide-Leg/10-9.tif,Wide-Leg,12084,72d2522d594a5f9c5d66b7234645b013b3784e5f42096d10a040eb57f0f9a7d0
2220,Wide-Leg/2-1.tif,Wide-Leg,16112,7a71a8bf840879ac3f25077aa606456de730c48449383fc54c0a2288deb2bc35
2221,Wide-Leg/2-10.tif,Wide-Leg,12090,2096a6ddf9e2dc5af38fffb16be6f2bd8753ba18688a1276d214dea2cc9af625
2222,Wide-Leg/2-2.tif,Wide-Leg,12916,8f70889ff0d2a1dc179469fcaae62ddced5ea0b3f3241e2b5ba40cec00a7a8bb
2223,Wide-Leg/2-3.tif,Wide-Leg,12200,dadfe264e8f74e7834067c03e7a5d4c029b164f8afa27454b45075ff9bbcb458
2224,Wide-Leg/2-4.tif,Wide-Leg,13916,2a307492f9e67471feaab6c49ccc0971e10dd5ccda7dcebaeb544b2739939c38
2225,Wide-Leg/2-5.tif,Wide-Leg,12048,87ad9980da1ad0dc2afb0869b88ba988708017125317b064d35e4e68e0df9c49
2226,Wide-Leg/2-6.tif,Wide-Leg,11862,eef112754a72698f29905885b880e4066e9350324223682e766e4d44fe524d90
2227,Wide-Leg/2-7.tif,Wide-Leg,11726,f9978b8c2c2d8ba768592e8fa5a1c2f0445a58c9d23163be1a868fbe0bac362d
2228,Wide-Leg/2-8.tif,Wide-Leg,12450,6f3fa3131a4af536f7dd076bc0ff03260c27b5a52bf01178e9e63b2f0e63b039
2229,Wide-Leg/2-9.tif,Wide-Leg,12398,f2667a44b5e89824bf41f8d87f883ff296e647b4bc408d375d529427bfbd1e43
2230,Wide-Leg/3-1.tif,Wide-Leg,13976,5ac340a393b8f614ea7e49c6cf5b761c0fbab5b467c182cde4a0c363ab1c8062
2231,Wide-Leg/3-10.tif,Wide-Leg,11770,e43e4307e157e819a28d59267ab9f8f40e81e2ec9e3debf4ef8dd4134cb60825
2232,Wide-Leg/3-2.tif,Wide-Leg,14122,148a65f4908a376f795f471fc35359937365e845b52c1b508dffeb306aeac0e7
2233,Wide-Leg/3-3.tif,Wide-Leg,13424,5a554bf970479359860a79ff31f3f59befc0f4c34700970d38ef77600ccf6fd3
2234,Wide-Leg/3-4.tif,Wide-Leg,14828,171e8c246102a41e561ed43fa943b843b32d9842f093da4c3650e3cb75ccd92b
2235,Wide-Leg/3-5.tif,Wide-Leg,12368,c6fec592758ce7c1802590393a0edea052c77ba35065025fdfdb6811110b3560
2236,Wide-Leg/3-6.tif,Wide-Leg,12462,11b31350ff9911ff49a0ed5c15557f4714144fc48ea94a0c64c088e80326028f
2237,Wide-Leg/3-7.tif,Wide-Leg,10942,791b1edabfa9385754a7883bca52d0feffbb190678cefe9f5cff33079f403a0b
2238,Wide-Leg/3-8.tif,Wide-Leg,15366,968f478548b5fe0a7e4c050a0d367034fdd2d842dad1e4e06f6de6c677880a48
2239,Wide-Leg/3-9.tif,Wide-Leg,12070,334982f683b71e134bc14458a535ca7556ff0f781eb7ce5dda95a3817fd52e76
2240,Wide-Leg/4-1.tif,Wide-Leg,15980,53197c3a522874f7ecfc4961790ba9f9ef4992ff5bf6c96fae15453f6f7200a2
2241,Wide-Leg/4-10.tif,Wide-Leg,13206,d5003a2552d44399c7dd690c022b262a0bad958ded8ec45b31b9140d84c12ebd
2242,Wide-Leg/4-2.tif,Wide-Leg,17216,c25a40a67ed1a5f9542fff22f8105adc45b36e8f80c52444e8351003c02e5f91
2243,Wide-Leg/4-3.tif,Wide-Leg,16974,c9255ab1dd25e98a1e71a326f0934580917d12bd7db2926f52976fddb309bafb
2244,Wide-Leg/4-4.tif,Wide-Leg,17598,01c48e41df8b4745b0ff5ea4313b2a3d31fc740f1733465cdd213b5476870cb5
2245,Wide-Leg/4-5.tif,Wide-Leg,15392,c0c5879f6b940c15d07809795e6d71ae4cfaf081fb27cee1f3542e859da760b4
2246,Wide-Leg/4-6.tif,Wide-Leg,16486,ec031715b8ff27a5cb49e12d7653a05aecf2d5fc6796488592aa4656faf44247
2247,Wide-Leg/4-7.tif,Wide-Leg,14854,cec22fa0b8bdb7feaf1204657e12dc3de5544584cd11d278b414e157c711de6d
2248,Wide-Leg/4-8.tif,Wide-Leg,14218,a29b95cfee9f7d4b9e10f8fafedb6cbab7d8b926a67bdcec641ac70331916445
2249,Wide-Leg/4-9.tif,Wide-Leg,17062,bd2402ed1564bb01fe2f9fcd13fc69731a03a304a5472a18b5524ddef23bf7fc
2250,Wide-Leg/5-1.tif,Wide-Leg,10154,77143714a6897f42c0653ebda5e499108f9fed8c17719cee18a544ab5b441be4
2251,Wide-Leg/5-10.tif,Wide-Leg,9714,ccdfc9fb957075a8cc0e1b0f596b59df212af7251f7821edd8b9bd863c9a0a7b
2252,Wide-Leg/5-2.tif,Wide-Leg,9100,dc5884b8d08468d89832525a0e1d059d39ecb1e224ad5fbd7810de2a1b0618cb
2253,Wide-Leg/5-3.tif,Wide-Leg,9176,7ad784bdd0a4a38c1b5dc3128d5558833c316911d9126f45acc161e0534756d6
2254,Wide-Leg/5-4.tif,Wide-Leg,9982,2ee9aed636482f1f55c45f388138238888ea0710d14133a0e7823b44a3ecbd82
2255,Wide-Leg/5-5.tif,Wide-Leg,10688,b2821c769eed84fe9a70db7ca650c3c00717e4308391db327dd28ca29719b32d
2256,Wide-Leg/5-6.tif,Wide-Leg,10630,b5dd3ecb1b8117d66d197f5b137ed78c5a7ab4a7a8a7bfba8f3045243b6cfcd1
2257,Wide-Leg/5-7.tif,Wide-Leg,9088,3b356130ba0f80f6aa8a59f1ccb48951f855199e5a60374d012335b8b9245b14
2258,Wide-Leg/5-8.tif,Wide-Leg,8682,0fca1e300fb0b33eaee925237610f26f31f362a193a6e8214dfe207be72c5b9d
2259,Wide-Leg/5-9.tif,Wide-Leg,10472,3312ce3315fd57edad15443678a0997e7b8aa9b199ec7dba81c09ee3a62c118a
2260,Wide-Leg/6-1.tif,Wide-Leg,12882,7d2eaf9a2b82ba38caaa85cfc5d5a89143ce1592c76e986143958b57000356d0
2261,Wide-Leg/6-10.tif,Wide-Leg,12764,fa91ecf940daf04dac1a918f9322b4f9ee8758070397b2cd8e0c5c143b2e3237
2262,Wide-Leg/6-2.tif,Wide-Leg,13408,f94ff46a958a69fbc9fcae1f003b68726c1a0dd9e69f17038ad273719a397abc
2263,Wide-Leg/6-3.tif,Wide-Leg,10586,79c9e4f6d929ea9a7714d396d28b1b0843b836d8d5fe11e006205dcde4cc1300
2264,Wide-Leg/6-4.tif,Wide-Leg,12866,23786105a1a06a895c3425a667f46287870cf9390b1eb130f1cc438410f7fbd4
2265,Wide-Leg/6-5.tif,Wide-Leg,12714,4b4dc8ec92dcaba01c27f50c170c9276c16e387f872ccefe7fbf9761b7a5ac0d
2266,Wide-Leg/6-6.tif,Wide-Leg,13764,e3871df15c7be1e5617014b1a9121eba47162dbb4649ab60de089cf580e6591f
2267,Wide-Leg/6-7.tif,Wide-Leg,17082,52f50a36bd48cb93cb6e5d31ca0f39b895f4f94b7a219ff7793ccf679eb4eb5c
2268,Wide-Leg/6-8.tif,Wide-Leg,13708,ab49258005b2f6b168cc2abcb80c59f49af579d4b1beeeb814158dd929e6514a
2269,Wide-Leg/6-9.tif,Wide-Leg,13812,54412a5a48aefb14b48e5337dd2f0095aa742d3c2a86aabf18fa12c374503e7e
2270,Wide-Leg/7-1.tif,Wide-Leg,15376,0dc1aa0be7aa4d7e99eb5dd32b178471f3aa0f897dc8c0bc6ba11f4521261f92
2271,Wide-Leg/7-10.tif,Wide-Leg,10526,3d26b7afac9e94c602b82e5db27a17da8436b1adfa8f51859890700e41cac435
2272,Wide-Leg/7-2.tif,Wide-Leg,10832,b65a3d31b78aef2b6688dad014da9c181a124ee63202b09976fcea210ae802d8
2273,Wide-Leg/7-3.tif,Wide-Leg,11952,56e14bdd5e9e26c60a7b7e3b94a7ad6c0e0af6251252b9caced4b0bf80a3c01a
2274,Wide-Leg/7-4.tif,Wide-Leg,12638,ec2e081ed7712a26f93d8af329077ab0e71b600c596dd2fb8416376a13f030b4
2275,Wide-Leg/7-5.tif,Wide-Leg,11542,bb44ed39e520ea5610901a8871f5e02f025e556591bb7d8ed03c925315285e77
2276,Wide-Leg/7-6.tif,Wide-Leg,13454,d34ec71558c64a0e8abb25c978324be9854aa6260b3ef434d53cb8eb19569e33
2277,Wide-Leg/7-7.tif,Wide-Leg,10858,af03444b6635bf99ce6e6719985f22c2e5d9f994bced79ec23d04c26cd067a11
2278,Wide-Leg/7-8.tif,Wide-Leg,11510,abc0b0a19673b6f8f32c378658ae808ca9c80617a70db48183aaf9de7ac34168
2279,Wide-Leg/7-9.tif,Wide-Leg,13218,4f7eb699008bc5fb9b9b9c900141025c4bd177556f63a96d5dfe9c8b07d5009f
2280,Wide-Leg/8-1.tif,Wide-Leg,17728,be69bec6a4ddbe2113ce9463af8e2dc345f5baa73f252fab2e85b434ff70fd51
2281,Wide-Leg/8-10.tif,Wide-Leg,16424,131179d5dee968e65609f3f1891d636227128259c4f883aac35299972e49c4bd
2282,Wide-Leg/8-2.tif,Wide-Leg,17230,6d8a98a4c928c620c7f8b49f96471447c7dde5604a9541c86b7a492eb2e2be3f
2283,Wide-Leg/8-3.tif,Wide-Leg,15004,9a65216c165de1dfac450952905d1e903a8dff1053955acd5b0f27290f805240
2284,Wide-Leg/8-4.tif,Wide-Leg,19060,2e1ceec418f8d34a256c552982df124e82085c60a70e544cdc34a7a2d8c60d43
2285,Wide-Leg/8-5.tif,Wide-Leg,18246,af5a405da3e24fd0fd3d7d09cbf3dacb3514785fd7ea3ecc24cb3cd1d23b226c
2286,Wide-Leg/8-6.tif,Wide-Leg,16702,4aa0fc12e701bca7593d5eb33df3f9df43642efc10f688dd1da8fb2142c42202
2287,Wide-Leg/8-7.tif,Wide-Leg,17536,c0485b7734a95a8d406f4916836c7668dcb7c89799897b6047e48721cad55a59
2288,Wide-Leg/8-8.tif,Wide-Leg,15148,a9a500b7208dba1fa94fe5cda371d588b0db5ec6af8285a6d7539fa6718b4c11
2289,Wide-Leg/8-9.tif,Wide-Leg,17098,d4764d4472aa1257c4be9d3c6abc3067e4c599bc6c475bc7fab9f944f100cc94
2290,Wide-Leg/9-1.tif,Wide-Leg,15370,fb6bb2dc423d30842af1d6946429f5a8d3018a2d4fc05c452946d3c2781e785c
2291,Wide-Leg/9-10.tif,Wide-Leg,11352,80191f96ba268ac2a6706ece80889e2d2444c6cafba2ff659c7a8aafe3979ce6
2292,Wide-Leg/9-2.tif,Wide-Leg,12280,9785dd6008f345309e953adacfd50db9b41281908a9241e5e8e26b74e5c5287d
2293,Wide-Leg/9-3.tif,Wide-Leg,10830,391d6c08d10ff0525c1f7397bf4e9057cd0c9c4e8ea99800b026f8cf4872daa1
2294,Wide-Leg/9-4.tif,Wide-Leg,15052,3b43c5b09c46df21753a4e15094417d8f9f7a9675bd3c49556c5473da3ba2eff
2295,Wide-Leg/9-5.tif,Wide-Leg,14006,94c636fda8db55b40cdf0939b75027cfea66bcdcb3fbd4630bddb304f376f63d
2296,Wide-Leg/9-6.tif,Wide-Leg,14748,da74c9719ccf22da23422491958517e6f318d386b428525c8fe771a9d50f0950
2297,Wide-Leg/9-7.tif,Wide-Leg,12276,7d05faba83307c4bbd72b9e985eae5c035d867599447f0fa108e9560464a8640
2298,Wide-Leg/9-8.tif,Wide-Leg,13192,c1bf5504e79b0b7e144d37b56ebbed82d10e793ca0960e9bacbbc51f541cc741
2299,Wide-Leg/9-9.tif,Wide-Leg,14584,b407f4aed69e803cbfea46c300328649f0397e0bebca9facdc77ac7b78367ac5
