calibration_index,row_index,category,garment_identity,relative_path,support_factor,low_1_4,mid_5_12,highmid_13_24,high_25_36
0,0,A-Line,A-Line::1,A-Line/1-1.tif,1,0.19421887184594772,0.26423838839473601,0.295236082997757,0.2463066567615593
0,0,A-Line,A-Line::1,A-Line/1-1.tif,1.1000000000000001,0.22240697902139475,0.27792078897896677,0.27748005506415513,0.2221921769354834
0,0,A-Line,A-Line::1,A-Line/1-1.tif,1.25,0.23042139897008027,0.26799156213856634,0.2850109514048394,0.21657608748651413
0,0,A-Line,A-Line::1,A-Line/1-1.tif,1.5,0.23984946833740567,0.26986694132072792,0.27334353659881022,0.21694005374305639
0,0,A-Line,A-Line::1,A-Line/1-1.tif,2,0.2592154710442382,0.27517697544828129,0.26300095967304654,0.20260659383443397
0,0,A-Line,A-Line::1,A-Line/1-1.tif,2.5,0.28194057876670914,0.28561637060388695,0.2502274466944665,0.18221560393493735
0,0,A-Line,A-Line::1,A-Line/1-1.tif,3,0.29062843630254243,0.29194937741410004,0.24714167529437933,0.17028051098897801
1,10,A-Line,A-Line::10,A-Line/10-1.tif,1,0.22219526157014222,0.34108380604067401,0.26393279731404817,0.17278813507513541
1,10,A-Line,A-Line::10,A-Line/10-1.tif,1.1000000000000001,0.22341307790475548,0.33952438121970036,0.2532023714819488,0.18386016939359506
1,10,A-Line,A-Line::10,A-Line/10-1.tif,1.25,0.22010991404294744,0.3339697499078369,0.25286893419439072,0.19305140185482489
1,10,A-Line,A-Line::10,A-Line/10-1.tif,1.5,0.20642056406649259,0.32669506038448304,0.26050482307402084,0.20637955247500353
1,10,A-Line,A-Line::10,A-Line/10-1.tif,2,0.19943102594354206,0.31074972733540118,0.28114314138060981,0.20867610534044684
1,10,A-Line,A-Line::10,A-Line/10-1.tif,2.5,0.20288808160270291,0.30049533101859527,0.28819689394355047,0.20841969343515115
1,10,A-Line,A-Line::10,A-Line/10-1.tif,3,0.21596040945727088,0.30512167894530978,0.2866415305610821,0.19227638103633737
2,20,A-Line,A-Line::2,A-Line/2-1.tif,1,0.19819327169873108,0.29709036137576045,0.29298832360355775,0.21172804332195069
2,20,A-Line,A-Line::2,A-Line/2-1.tif,1.1000000000000001,0.21786297543250932,0.30638189708815133,0.27047463472816086,0.20528049275117857
2,20,A-Line,A-Line::2,A-Line/2-1.tif,1.25,0.22449755781688333,0.30918091656881952,0.2682407454154952,0.19808078019880182
2,20,A-Line,A-Line::2,A-Line/2-1.tif,1.5,0.22046492760713571,0.32210814730825321,0.26032838083911475,0.1970985442454965
2,20,A-Line,A-Line::2,A-Line/2-1.tif,2,0.22062327499801412,0.33057239001114846,0.26152687846440292,0.18727745652643435
2,20,A-Line,A-Line::2,A-Line/2-1.tif,2.5,0.23773309594709591,0.35487335303920481,0.25074449230223839,0.15664905871146081
2,20,A-Line,A-Line::2,A-Line/2-1.tif,3,0.25802373688722463,0.38071419989021776,0.23665323440002869,0.12460882882252865
3,30,A-Line,A-Line::3,A-Line/3-1.tif,1,0.30129640227921473,0.25581844501366585,0.24280911348771891,0.20007603921940051
3,30,A-Line,A-Line::3,A-Line/3-1.tif,1.1000000000000001,0.318691310853083,0.28692169011807228,0.24311247712926412,0.15127452189958052
3,30,A-Line,A-Line::3,A-Line/3-1.tif,1.25,0.31710674019779955,0.29172181288682925,0.2366491412372661,0.15452230567810502
3,30,A-Line,A-Line::3,A-Line/3-1.tif,1.5,0.29532082863249548,0.30881521360369824,0.23646767502534488,0.15939628273846135
3,30,A-Line,A-Line::3,A-Line/3-1.tif,2,0.2580773090860381,0.33899678028795632,0.24910549906240412,0.15382041156360135
3,30,A-Line,A-Line::3,A-Line/3-1.tif,2.5,0.24232186800713415,0.32791542393240269,0.25252316432670363,0.17723954373375958
3,30,A-Line,A-Line::3,A-Line/3-1.tif,3,0.23952862597276448,0.32183711187318692,0.24353519476397648,0.19509906739007202
4,40,A-Line,A-Line::4,A-Line/4-1.tif,1,0.25989414218132001,0.27918420647372161,0.26521134329273932,0.19571030805221892
4,40,A-Line,A-Line::4,A-Line/4-1.tif,1.1000000000000001,0.30195353600278663,0.29206904765829894,0.23829167409112403,0.16768574224779043
4,40,A-Line,A-Line::4,A-Line/4-1.tif,1.25,0.34682581169260046,0.3092967031859688,0.2131518419640939,0.13072564315733684
4,40,A-Line,A-Line::4,A-Line/4-1.tif,1.5,0.36266718788118962,0.35842768144783488,0.20119619602173452,0.077708934649240988
4,40,A-Line,A-Line::4,A-Line/4-1.tif,2,0.29920850440325159,0.36291788760517901,0.22588176997028306,0.11199183802128644
4,40,A-Line,A-Line::4,A-Line/4-1.tif,2.5,0.27020821607057915,0.34850577163541729,0.2386456807866173,0.14264033150738625
4,40,A-Line,A-Line::4,A-Line/4-1.tif,3,0.25819996663395528,0.33384246668976181,0.24232998160918026,0.16562758506710248
5,50,A-Line,A-Line::5,A-Line/5-1.tif,1,0.27260633145508206,0.2759866839652983,0.25371730530597825,0.19768967927364139
5,50,A-Line,A-Line::5,A-Line/5-1.tif,1.1000000000000001,0.31633062305959103,0.30838777564588177,0.23658302738257253,0.13869857391195442
5,50,A-Line,A-Line::5,A-Line/5-1.tif,1.25,0.30792154557292484,0.32762319931273115,0.23337394426045691,0.13108131085388719
5,50,A-Line,A-Line::5,A-Line/5-1.tif,1.5,0.28374774942990905,0.35153695176456073,0.23672045144577616,0.12799484735975392
5,50,A-Line,A-Line::5,A-Line/5-1.tif,2,0.25746677160539533,0.37269823571171706,0.24356439580342235,0.1262705968794654
5,50,A-Line,A-Line::5,A-Line/5-1.tif,2.5,0.24356062164175571,0.36506857105971385,0.25062387540431902,0.14074693189421147
5,50,A-Line,A-Line::5,A-Line/5-1.tif,3,0.23601523299824059,0.35896639047654416,0.24687073983120245,0.15814763669401274
6,60,A-Line,A-Line::6,A-Line/6-1.tif,1,0.22757414729749523,0.25501523339398807,0.28524550990697128,0.2321651094015455
6,60,A-Line,A-Line::6,A-Line/6-1.tif,1.1000000000000001,0.25367743934127057,0.27747526176258686,0.2639877232162694,0.20485957567987301
6,60,A-Line,A-Line::6,A-Line/6-1.tif,1.25,0.26998967355137204,0.28955895498272416,0.2640033243518517,0.1764480471140519
6,60,A-Line,A-Line::6,A-Line/6-1.tif,1.5,0.30654035374040406,0.32321673041466165,0.2586781235358645,0.11156479230906981
6,60,A-Line,A-Line::6,A-Line/6-1.tif,2,0.25470681031777032,0.2671740412593428,0.28979451453405486,0.18832463388883208
6,60,A-Line,A-Line::6,A-Line/6-1.tif,2.5,0.23930244910792714,0.26799902447520446,0.29283021971728213,0.19986830669958633
6,60,A-Line,A-Line::6,A-Line/6-1.tif,3,0.24136891541376543,0.27776013501086294,0.28980535428856485,0.19106559528680661
7,70,A-Line,A-Line::7,A-Line/7-1.tif,1,0.21277443865846532,0.32795527867406343,0.28839655251441487,0.17087373015305624
7,70,A-Line,A-Line::7,A-Line/7-1.tif,1.1000000000000001,0.22094247820661894,0.3306028736039,0.27959865533587619,0.16885599285360489
7,70,A-Line,A-Line::7,A-Line/7-1.tif,1.25,0.22791740904573837,0.32072473740458679,0.27799593992912291,0.17336191362055181
7,70,A-Line,A-Line::7,A-Line/7-1.tif,1.5,0.23735203436657251,0.32307213755543457,0.28273275250900731,0.15684307556898563
7,70,A-Line,A-Line::7,A-Line/7-1.tif,2,0.27154360528105792,0.33025554420565362,0.28657542487367244,0.11162542563961607
7,70,A-Line,A-Line::7,A-Line/7-1.tif,2.5,0.25604816597505786,0.29617211900631402,0.27650915512736712,0.17127055989126097
7,70,A-Line,A-Line::7,A-Line/7-1.tif,3,0.25807474009034514,0.289629232686334,0.2684887714703702,0.1838072557529507
8,80,A-Line,A-Line::8,A-Line/8-1.tif,1,0.19169489001999718,0.29042380670346607,0.29474819933841812,0.22313310393811861
8,80,A-Line,A-Line::8,A-Line/8-1.tif,1.1000000000000001,0.19293019458589689,0.29342590147755121,0.29679675009022949,0.21684715384632236
8,80,A-Line,A-Line::8,A-Line/8-1.tif,1.25,0.1865661864312616,0.28709072823280563,0.29646013632387197,0.22988294901206088
8,80,A-Line,A-Line::8,A-Line/8-1.tif,1.5,0.19016198981479304,0.29065649736503413,0.29577731485535069,0.22340419796482236
8,80,A-Line,A-Line::8,A-Line/8-1.tif,2,0.20310284615300928,0.30092307284988506,0.29506552652419088,0.20090855447291484
8,80,A-Line,A-Line::8,A-Line/8-1.tif,2.5,0.22321925780833377,0.32182021390742155,0.28942650928291719,0.16553401900132719
8,80,A-Line,A-Line::8,A-Line/8-1.tif,3,0.23500727042071939,0.33773141587156535,0.2840760439677209,0.14318526973999429
9,90,A-Line,A-Line::9,A-Line/9-1.tif,1,0.21187472655881978,0.3089292780355255,0.28608457820390321,0.19311141720175154
9,90,A-Line,A-Line::9,A-Line/9-1.tif,1.1000000000000001,0.21476329552592519,0.31379907568182136,0.28600909261750201,0.18542853617475138
9,90,A-Line,A-Line::9,A-Line/9-1.tif,1.25,0.21426852968532989,0.31196440381025187,0.28768830721028732,0.18607875929413095
9,90,A-Line,A-Line::9,A-Line/9-1.tif,1.5,0.21332717631590598,0.3067643046692522,0.28902156082309033,0.19088695819175172
9,90,A-Line,A-Line::9,A-Line/9-1.tif,2,0.22557364675876143,0.30668016726389902,0.28511149778252959,0.18263468819480985
9,90,A-Line,A-Line::9,A-Line/9-1.tif,2.5,0.23262708181180408,0.30885121337720139,0.28793400771970701,0.17058769709128752
9,90,A-Line,A-Line::9,A-Line/9-1.tif,3,0.24855413163031465,0.31016115943240863,0.28175495412709167,0.15952975481018494
10,100,Bermuda,Bermuda::1,Bermuda/1-1.tif,1,0.18886024616607802,0.27652137797209153,0.30140754001946418,0.23321083584236627
10,100,Bermuda,Bermuda::1,Bermuda/1-1.tif,1.1000000000000001,0.21491539276043059,0.30004155867897819,0.29140434544354477,0.19363870311704631
10,100,Bermuda,Bermuda::1,Bermuda/1-1.tif,1.25,0.21119489949420078,0.29556608610595991,0.29662226676831555,0.19661674763152365
10,100,Bermuda,Bermuda::1,Bermuda/1-1.tif,1.5,0.2272569122313508,0.29190329855095093,0.28575302815200904,0.19508676106568931
10,100,Bermuda,Bermuda::1,Bermuda/1-1.tif,2,0.23280243500062436,0.29045888341261572,0.28638592453939771,0.19035275704736243
10,100,Bermuda,Bermuda::1,Bermuda/1-1.tif,2.5,0.24682706586084169,0.29793445606623375,0.2735812815506562,0.18165719652226836
10,100,Bermuda,Bermuda::1,Bermuda/1-1.tif,3,0.26139249087799304,0.30024353791855357,0.25906393071988532,0.17930004048356801
11,110,Bermuda,Bermuda::10,Bermuda/10-1.tif,1,0.2019952333394926,0.25892401049607794,0.3045702528297527,0.23451050333467691
11,110,Bermuda,Bermuda::10,Bermuda/10-1.tif,1.1000000000000001,0.21301270804130029,0.27131626516679663,0.29671102524468812,0.21896000154721504
11,110,Bermuda,Bermuda::10,Bermuda/10-1.tif,1.25,0.21886031046269727,0.26980263051503112,0.29745514046910287,0.21388191855316874
11,110,Bermuda,Bermuda::10,Bermuda/10-1.tif,1.5,0.22396131845170394,0.27140114123534737,0.29649938659763586,0.20813815371531269
11,110,Bermuda,Bermuda::10,Bermuda/10-1.tif,2,0.2463900009509323,0.27817501069774797,0.29113421315808374,0.18430077519323593
11,110,Bermuda,Bermuda::10,Bermuda/10-1.tif,2.5,0.26723851570226925,0.27833116047181777,0.28521366503337442,0.16921665879253869
11,110,Bermuda,Bermuda::10,Bermuda/10-1.tif,3,0.28591063296366226,0.29401279216924953,0.27183666577925619,0.14823990908783219
12,120,Bermuda,Bermuda::2,Bermuda/2-1.tif,1,0.23189634016436234,0.32751026707541775,0.28432222961381753,0.15627116314640235
12,120,Bermuda,Bermuda::2,Bermuda/2-1.tif,1.1000000000000001,0.2518133705181288,0.33677435611730266,0.27019372929493984,0.14121854406962875
12,120,Bermuda,Bermuda::2,Bermuda/2-1.tif,1.25,0.25180670239058484,0.32960122358656813,0.26869912894228037,0.14989294508056664
12,120,Bermuda,Bermuda::2,Bermuda/2-1.tif,1.5,0.2371937875651379,0.31576586393807116,0.27233816790768373,0.17470218058910728
12,120,Bermuda,Bermuda::2,Bermuda/2-1.tif,2,0.23769306589362135,0.30203614081926938,0.27081208597666706,0.1894587073104422
12,120,Bermuda,Bermuda::2,Bermuda/2-1.tif,2.5,0.24946035530342875,0.30967597778836442,0.26607774762531389,0.17478591928289294
12,120,Bermuda,Bermuda::2,Bermuda/2-1.tif,3,0.25347659197780037,0.30911082011583507,0.26516690349136524,0.17224568441499929
13,130,Bermuda,Bermuda::3,Bermuda/3-1.tif,1,0.18689283765974798,0.25941789130644921,0.29434955229116871,0.25933971874263401
13,130,Bermuda,Bermuda::3,Bermuda/3-1.tif,1.1000000000000001,0.22181254467117986,0.29084815281996507,0.28493514226407723,0.20240416024477789
13,130,Bermuda,Bermuda::3,Bermuda/3-1.tif,1.25,0.22866358299248676,0.28985602312290032,0.27883622193501301,0.20264417194960005
13,130,Bermuda,Bermuda::3,Bermuda/3-1.tif,1.5,0.22012178533530447,0.28190064690115019,0.28354766684746885,0.21442990091607628
13,130,Bermuda,Bermuda::3,Bermuda/3-1.tif,2,0.2349083767863836,0.28287396468687059,0.27961461274569549,0.2026030457810504
13,130,Bermuda,Bermuda::3,Bermuda/3-1.tif,2.5,0.25236604171115673,0.28753024766816837,0.27519442630278823,0.18490928431788653
13,130,Bermuda,Bermuda::3,Bermuda/3-1.tif,3,0.26424111118340488,0.29122429917363424,0.26955706384862543,0.17497752579433551
14,140,Bermuda,Bermuda::4,Bermuda/4-1.tif,1,0.17746600303036211,0.30044025775129507,0.3121036811270203,0.20999005809132251
14,140,Bermuda,Bermuda::4,Bermuda/4-1.tif,1.1000000000000001,0.18856420401812299,0.31537615884028719,0.30638993585712987,0.18966970128446017
14,140,Bermuda,Bermuda::4,Bermuda/4-1.tif,1.25,0.19555252518389793,0.31949626392853514,0.29972217805483875,0.1852290328327281
14,140,Bermuda,Bermuda::4,Bermuda/4-1.tif,1.5,0.20694457502857319,0.31884024008909678,0.29241990640843163,0.18179527847389854
14,140,Bermuda,Bermuda::4,Bermuda/4-1.tif,2,0.22433945379905831,0.32129373235481018,0.2921855378353731,0.16218127601075849
14,140,Bermuda,Bermuda::4,Bermuda/4-1.tif,2.5,0.23387965830669319,0.32631573976512596,0.29169084827731567,0.14811375365086507
14,140,Bermuda,Bermuda::4,Bermuda/4-1.tif,3,0.23719265625582392,0.32845938715552359,0.28988666257820755,0.14446129401044477
15,150,Bermuda,Bermuda::5,Bermuda/5-1.tif,1,0.18544794210158447,0.2938825076464992,0.30240322698718514,0.21826632326473097
15,150,Bermuda,Bermuda::5,Bermuda/5-1.tif,1.1000000000000001,0.19692669831621223,0.29418070887770875,0.29081293047368317,0.2180796623323957
15,150,Bermuda,Bermuda::5,Bermuda/5-1.tif,1.25,0.20479384375265045,0.2961513439473622,0.28347638611121279,0.21557842618877446
15,150,Bermuda,Bermuda::5,Bermuda/5-1.tif,1.5,0.20793796111321491,0.29629513704989963,0.27663077952178833,0.21913612231509721
15,150,Bermuda,Bermuda::5,Bermuda/5-1.tif,2,0.22218878211170576,0.29692715934412905,0.26643450037620958,0.21444955816795555
15,150,Bermuda,Bermuda::5,Bermuda/5-1.tif,2.5,0.23850132358408863,0.29761298049573282,0.25500026484861937,0.20888543107155924
15,150,Bermuda,Bermuda::5,Bermuda/5-1.tif,3,0.25395640627865623,0.3111225788284121,0.25018362001040056,0.18473739488253085
16,160,Bermuda,Bermuda::6,Bermuda/6-1.tif,1,0.28633403326597356,0.305925035773219,0.26207942757436187,0.14566150338644568
16,160,Bermuda,Bermuda::6,Bermuda/6-1.tif,1.1000000000000001,0.28178540901504101,0.30517454825474555,0.26212480288166456,0.15091523984854868
16,160,Bermuda,Bermuda::6,Bermuda/6-1.tif,1.25,0.2545202409881942,0.31121916498525026,0.25980221725632996,0.1744583767702256
16,160,Bermuda,Bermuda::6,Bermuda/6-1.tif,1.5,0.23062971780876554,0.3284091323028473,0.26176111957474946,0.17920003031363765
16,160,Bermuda,Bermuda::6,Bermuda/6-1.tif,2,0.2113172912983603,0.33470758577173443,0.26588203391212911,0.18809308901777627
16,160,Bermuda,Bermuda::6,Bermuda/6-1.tif,2.5,0.20197423331710748,0.3354750663561028,0.26557031979622236,0.19698038053056741
16,160,Bermuda,Bermuda::6,Bermuda/6-1.tif,3,0.20537352977989826,0.33736743646027267,0.25546789864739339,0.20179113511243574
17,170,Bermuda,Bermuda::7,Bermuda/7-1.tif,1,0.22906312090575964,0.32440749349402026,0.29802409296193255,0.14850529263828738
17,170,Bermuda,Bermuda::7,Bermuda/7-1.tif,1.1000000000000001,0.23696878048621309,0.32094695386731298,0.29279807311129119,0.14928619253518266
17,170,Bermuda,Bermuda::7,Bermuda/7-1.tif,1.25,0.24207360366424968,0.31940384197765592,0.29457131615204701,0.14395123820604758
17,170,Bermuda,Bermuda::7,Bermuda/7-1.tif,1.5,0.24561412890865153,0.3156169345669802,0.29391304768076126,0.14485588884360709
17,170,Bermuda,Bermuda::7,Bermuda/7-1.tif,2,0.25552605276383206,0.31343064120756803,0.2859185335285323,0.14512477250006772
17,170,Bermuda,Bermuda::7,Bermuda/7-1.tif,2.5,0.25740649450892444,0.30902584676897388,0.27987979405709673,0.15368786466500486
17,170,Bermuda,Bermuda::7,Bermuda/7-1.tif,3,0.26533571008443962,0.30248029665548309,0.27860125236980982,0.15358274089026733
18,180,Bermuda,Bermuda::8,Bermuda/8-1.tif,1,0.23509166461723752,0.31163130077683771,0.27357217662319711,0.17970485798272756
18,180,Bermuda,Bermuda::8,Bermuda/8-1.tif,1.1000000000000001,0.23561350762953068,0.30638225334780056,0.27028063980850053,0.18772359921416829
18,180,Bermuda,Bermuda::8,Bermuda/8-1.tif,1.25,0.22735588386926486,0.29382672263199644,0.27433509805631084,0.2044822954424278
18,180,Bermuda,Bermuda::8,Bermuda/8-1.tif,1.5,0.22702550742044569,0.29315836939935203,0.27447645221126221,0.20533967096894018
18,180,Bermuda,Bermuda::8,Bermuda/8-1.tif,2,0.22524448361381055,0.28552224115156055,0.27337026440478579,0.21586301082984305
18,180,Bermuda,Bermuda::8,Bermuda/8-1.tif,2.5,0.22663463767441822,0.28090243246636176,0.26877982360418978,0.22368310625503054
18,180,Bermuda,Bermuda::8,Bermuda/8-1.tif,3,0.23951478240315896,0.28844370926020152,0.26034982286675318,0.2116916854698864
19,190,Bermuda,Bermuda::9,Bermuda/9-1.tif,1,0.20828265055160686,0.30121895408366983,0.3056256015613083,0.18487279380341479
19,190,Bermuda,Bermuda::9,Bermuda/9-1.tif,1.1000000000000001,0.22293394503394776,0.30914189174120099,0.2969050606861629,0.17101910253868827
19,190,Bermuda,Bermuda::9,Bermuda/9-1.tif,1.25,0.23193114974428192,0.30071849453378319,0.29173002603153586,0.17562032969039928
19,190,Bermuda,Bermuda::9,Bermuda/9-1.tif,1.5,0.22637317332497348,0.29444575064778422,0.28297621126045541,0.19620486476678684
19,190,Bermuda,Bermuda::9,Bermuda/9-1.tif,2,0.23055995086530415,0.28136832716371679,0.27933919852892375,0.2087325234420552
19,190,Bermuda,Bermuda::9,Bermuda/9-1.tif,2.5,0.23508298924191415,0.27963877314390534,0.27749673838147609,0.2077814992327045
19,190,Bermuda,Bermuda::9,Bermuda/9-1.tif,3,0.24470463345653523,0.2802446108404808,0.26598879494559774,0.20906196075738612
20,200,Blouse,Blouse::1,Blouse/1-1.tif,1,0.21915547983219461,0.31046191831624581,0.27450792583237815,0.19587467601918157
20,200,Blouse,Blouse::1,Blouse/1-1.tif,1.1000000000000001,0.23110245776265867,0.30776313020902102,0.26348017796825474,0.19765423406006585
20,200,Blouse,Blouse::1,Blouse/1-1.tif,1.25,0.24433901742797359,0.30756100760458555,0.25701166097408662,0.1910883139933543
20,200,Blouse,Blouse::1,Blouse/1-1.tif,1.5,0.24298029302046731,0.30190723688451621,0.25638223603678173,0.19873023405823484
20,200,Blouse,Blouse::1,Blouse/1-1.tif,2,0.25470197128425048,0.29951957279724972,0.25754063890178636,0.1882378170167136
20,200,Blouse,Blouse::1,Blouse/1-1.tif,2.5,0.26446404204533069,0.30292289831537061,0.2493649251221145,0.18324813451718405
20,200,Blouse,Blouse::1,Blouse/1-1.tif,3,0.26727657162095103,0.30512839243781908,0.24183085119788625,0.18576418474334372
21,210,Blouse,Blouse::10,Blouse/10-1.tif,1,0.23675116498190421,0.33860178062215229,0.25424034111494032,0.17040671328100304
21,210,Blouse,Blouse::10,Blouse/10-1.tif,1.1000000000000001,0.23944905013353751,0.34022513764781048,0.25328938373544657,0.16703642848320546
21,210,Blouse,Blouse::10,Blouse/10-1.tif,1.25,0.24814591908297676,0.34879539567363282,0.2502541922039026,0.15280449303948762
21,210,Blouse,Blouse::10,Blouse/10-1.tif,1.5,0.25761469243680757,0.35585455958112455,0.24866726652679227,0.13786348145527563
21,210,Blouse,Blouse::10,Blouse/10-1.tif,2,0.24849047853532774,0.34730527801852623,0.25194241947338702,0.15226182397275914
21,210,Blouse,Blouse::10,Blouse/10-1.tif,2.5,0.24540440287757373,0.3441048660344207,0.25920202995421909,0.15128870113378637
21,210,Blouse,Blouse::10,Blouse/10-1.tif,3,0.24376919826694593,0.34294113043540397,0.25659950634386769,0.15669016495378235
22,220,Blouse,Blouse::2,Blouse/2-1.tif,1,0.26078738001827834,0.32339342845390256,0.25846234604444795,0.15735684548337117
22,220,Blouse,Blouse::2,Blouse/2-1.tif,1.1000000000000001,0.26143265621286615,0.33003607516187339,0.25179417799430981,0.15673709063095068
22,220,Blouse,Blouse::2,Blouse/2-1.tif,1.25,0.25700713545674253,0.32549059188454393,0.25315511788033279,0.16434715477838091
22,220,Blouse,Blouse::2,Blouse/2-1.tif,1.5,0.24874665280698194,0.31411507919096537,0.27050175344641164,0.16663651455564105
22,220,Blouse,Blouse::2,Blouse/2-1.tif,2,0.2844097036719635,0.32869508563167477,0.27504635859821758,0.1118488520981442
22,220,Blouse,Blouse::2,Blouse/2-1.tif,2.5,0.31942774664896323,0.33471140485609796,0.26135274548429027,0.084508103010648622
22,220,Blouse,Blouse::2,Blouse/2-1.tif,3,0.32054399472049366,0.32936475287479544,0.25488498465436149,0.095206267750349571
23,230,Blouse,Blouse::3,Blouse/3-1.tif,1,0.21228472835794857,0.26873740725520684,0.2886299658760651,0.23034789851077953
23,230,Blouse,Blouse::3,Blouse/3-1.tif,1.1000000000000001,0.21745975068040491,0.27271744290302535,0.2827003342484069,0.22712247216816284
23,230,Blouse,Blouse::3,Blouse/3-1.tif,1.25,0.22430413471138655,0.2791728857139521,0.26860103128240354,0.22792194829225776
23,230,Blouse,Blouse::3,Blouse/3-1.tif,1.5,0.23080301808092982,0.27867043629840527,0.27309656864990151,0.21742997697076322
23,230,Blouse,Blouse::3,Blouse/3-1.tif,2,0.24474899732484659,0.28410929020200676,0.26167022297221448,0.20947148950093189
23,230,Blouse,Blouse::3,Blouse/3-1.tif,2.5,0.25151642985802936,0.28682695403316105,0.25542292310497827,0.20623369300383143
23,230,Blouse,Blouse::3,Blouse/3-1.tif,3,0.25759415444822042,0.29163757119162642,0.25230791515964929,0.19846035920050381
24,240,Blouse,Blouse::4,Blouse/4-1.tif,1,0.19779039227038481,0.27180314575535619,0.29332411357434907,0.23708234839990991
24,240,Blouse,Blouse::4,Blouse/4-1.tif,1.1000000000000001,0.18730385087682588,0.27107588943491534,0.29753796336458715,0.24408229632367148
24,240,Blouse,Blouse::4,Blouse/4-1.tif,1.25,0.19781502832452313,0.27335864497575985,0.29096803735740523,0.23785828934231176
24,240,Blouse,Blouse::4,Blouse/4-1.tif,1.5,0.18398804236235078,0.26985251573930519,0.29907969313844418,0.24707974875989994
24,240,Blouse,Blouse::4,Blouse/4-1.tif,2,0.18547680663765079,0.26131276006999693,0.30262004624225447,0.25059038705009784
24,240,Blouse,Blouse::4,Blouse/4-1.tif,2.5,0.2051661981142448,0.26396274757078547,0.29195669987131539,0.2389143544436543
24,240,Blouse,Blouse::4,Blouse/4-1.tif,3,0.16768837484698798,0.25011091648586153,0.30644745381825383,0.27575325484889668
25,250,Blouse,Blouse::5,Blouse/5-1.tif,1,0.20152692986583573,0.29850691224515902,0.27261179809814567,0.22735435979085955
25,250,Blouse,Blouse::5,Blouse/5-1.tif,1.1000000000000001,0.20250496283725261,0.29127351634028154,0.26972269848790148,0.23649882233456418
25,250,Blouse,Blouse::5,Blouse/5-1.tif,1.25,0.20577357102478552,0.29787068507580439,0.2727886072330139,0.22356713666639594
25,250,Blouse,Blouse::5,Blouse/5-1.tif,1.5,0.20187101436866228,0.29142946391431285,0.27426881717572915,0.23243070454129577
25,250,Blouse,Blouse::5,Blouse/5-1.tif,2,0.23105176108936484,0.31807464421584125,0.25718208702420198,0.19369150767059196
25,250,Blouse,Blouse::5,Blouse/5-1.tif,2.5,0.21997579333240075,0.30917814243117442,0.26515696732701033,0.20568909690941431
25,250,Blouse,Blouse::5,Blouse/5-1.tif,3,0.19401649514354863,0.28232955546347926,0.27311886238195321,0.2505350870110189
26,260,Blouse,Blouse::6,Blouse/6-1.tif,1,0.16688217525050125,0.25399997115844419,0.30421867698012267,0.27489917661093183
26,260,Blouse,Blouse::6,Blouse/6-1.tif,1.1000000000000001,0.17823744318171969,0.25595969926003503,0.29308703634812427,0.27271582121012106
26,260,Blouse,Blouse::6,Blouse/6-1.tif,1.25,0.17434040174867274,0.25535366617546745,0.29952588354783877,0.27078004852802096
26,260,Blouse,Blouse::6,Blouse/6-1.tif,1.5,0.17039741653613283,0.25258833647630119,0.29823202759399048,0.27878221939357556
26,260,Blouse,Blouse::6,Blouse/6-1.tif,2,0.18082905013146688,0.25246571371307808,0.28813270473399527,0.27857253142145966
26,260,Blouse,Blouse::6,Blouse/6-1.tif,2.5,0.20492854145692901,0.26546129696238863,0.27108280209736235,0.25852735948331995
26,260,Blouse,Blouse::6,Blouse/6-1.tif,3,0.18870909860620799,0.2558042526980735,0.27762607102526948,0.27786057767044897
27,270,Blouse,Blouse::7,Blouse/7-1.tif,1,0.18395609003630606,0.29712642047229976,0.3087348320555271,0.21018265743586681
27,270,Blouse,Blouse::7,Blouse/7-1.tif,1.1000000000000001,0.19554671143033792,0.30758224554389207,0.30203467276959844,0.19483637025617162
27,270,Blouse,Blouse::7,Blouse/7-1.tif,1.25,0.18155282333930534,0.29385172807446208,0.30680188081364851,0.21779356777258377
27,270,Blouse,Blouse::7,Blouse/7-1.tif,1.5,0.182883658602323,0.29344243095393735,0.30846200015417147,0.21521191028956832
27,270,Blouse,Blouse::7,Blouse/7-1.tif,2,0.18375012383948455,0.29153588251892254,0.30276287409333597,0.22195111954825691
27,270,Blouse,Blouse::7,Blouse/7-1.tif,2.5,0.20701065601472546,0.31702350083767189,0.2927051030384461,0.18326074010915655
27,270,Blouse,Blouse::7,Blouse/7-1.tif,3,0.18295303562473092,0.28636692370601058,0.30125868707334091,0.22942135359591767
28,280,Blouse,Blouse::8,Blouse/8-1.tif,1,0.19489157271396726,0.29578009816961143,0.28963525665849765,0.21969307245792344
28,280,Blouse,Blouse::8,Blouse/8-1.tif,1.1000000000000001,0.20177024923136197,0.28255229791530717,0.28621562447907906,0.22946182837425178
28,280,Blouse,Blouse::8,Blouse/8-1.tif,1.25,0.20223442986653709,0.27792158875986306,0.2808800888426296,0.23896389253097036
28,280,Blouse,Blouse::8,Blouse/8-1.tif,1.5,0.20605234408105336,0.2750401101405448,0.28234914284870405,0.23655840292969807
28,280,Blouse,Blouse::8,Blouse/8-1.tif,2,0.22349731546735191,0.28348066625138313,0.27267146952286864,0.22035054875839646
28,280,Blouse,Blouse::8,Blouse/8-1.tif,2.5,0.24284521011079868,0.29082365509270863,0.26312719584041322,0.20320393895607927
28,280,Blouse,Blouse::8,Blouse/8-1.tif,3,0.26471067728197101,0.30002350930012089,0.25085321822972173,0.18441259518818642
29,290,Blouse,Blouse::9,Blouse/9-1.tif,1,0.19155751131059132,0.28052833943885969,0.2804771016902719,0.24743704756027723
29,290,Blouse,Blouse::9,Blouse/9-1.tif,1.1000000000000001,0.21595638788029056,0.30844988460142203,0.26595802165946714,0.20963570585882019
29,290,Blouse,Blouse::9,Blouse/9-1.tif,1.25,0.22554960994880011,0.29830918409050106,0.26813479452631095,0.20800641143438786
29,290,Blouse,Blouse::9,Blouse/9-1.tif,1.5,0.23299308106284378,0.30233330637123512,0.26246248718990201,0.20221112537601907
29,290,Blouse,Blouse::9,Blouse/9-1.tif,2,0.24863433370600099,0.2956343658410554,0.25992717789653658,0.19580412255640714
29,290,Blouse,Blouse::9,Blouse/9-1.tif,2.5,0.26249678648404334,0.30306590167545128,0.24491035140320502,0.18952696043730047
29,290,Blouse,Blouse::9,Blouse/9-1.tif,3,0.26694613737958039,0.30745566113067263,0.23677153560668465,0.18882666588306252
30,300,Cardigan,Cardigan::1,Cardigan/1-1.tif,1,0.23144362198328641,0.29751122204776587,0.28709670037109986,0.1839484555978477
30,300,Cardigan,Cardigan::1,Cardigan/1-1.tif,1.1000000000000001,0.254810012088866,0.30986098945402829,0.27669474832821089,0.15863425012889479
30,300,Cardigan,Cardigan::1,Cardigan/1-1.tif,1.25,0.26066537336103734,0.32681286429291129,0.26372697210945323,0.1487947902365982
30,300,Cardigan,Cardigan::1,Cardigan/1-1.tif,1.5,0.24222045799268963,0.34341055795586634,0.2629147577707342,0.15145422628070979
30,300,Cardigan,Cardigan::1,Cardigan/1-1.tif,2,0.21049108426249613,0.35097715330835738,0.26896403518233264,0.16956772724681357
30,300,Cardigan,Cardigan::1,Cardigan/1-1.tif,2.5,0.20502023996095148,0.33980465908212559,0.26434772894598862,0.19082737201093422
30,300,Cardigan,Cardigan::1,Cardigan/1-1.tif,3,0.2004059776005733,0.33718471525837418,0.26083408384292528,0.20157522329812733
31,310,Cardigan,Cardigan::10,Cardigan/10-1.tif,1,0.22968272423279396,0.3303120730634016,0.26787315831073022,0.17213204439307406
31,310,Cardigan,Cardigan::10,Cardigan/10-1.tif,1.1000000000000001,0.2397552783178859,0.33140032247246831,0.25763753750528423,0.17120686170436153
31,310,Cardigan,Cardigan::10,Cardigan/10-1.tif,1.25,0.24534086174138428,0.32325312663189126,0.26284878237548787,0.16855722925123681
31,310,Cardigan,Cardigan::10,Cardigan/10-1.tif,1.5,0.2572764434525589,0.32721220191430245,0.25954072749301027,0.15597062714012852
31,310,Cardigan,Cardigan::10,Cardigan/10-1.tif,2,0.26294000652073302,0.33776124355679127,0.25840875255148715,0.14088999737098834
31,310,Cardigan,Cardigan::10,Cardigan/10-1.tif,2.5,0.27103523346718172,0.34482467609275774,0.25671211485129647,0.12742797558876412
31,310,Cardigan,Cardigan::10,Cardigan/10-1.tif,3,0.27173080274814532,0.3497348923929508,0.25552534585574399,0.1230089590031599
32,320,Cardigan,Cardigan::2,Cardigan/2-1.tif,1,0.17530885099098772,0.3095522115102311,0.30357688030033153,0.21156205719844953
32,320,Cardigan,Cardigan::2,Cardigan/2-1.tif,1.1000000000000001,0.18781650963157975,0.3167291095822598,0.29501635687494637,0.20043802391121401
32,320,Cardigan,Cardigan::2,Cardigan/2-1.tif,1.25,0.19252602103076438,0.31567665108917592,0.29651296151571238,0.19528436636434704
32,320,Cardigan,Cardigan::2,Cardigan/2-1.tif,1.5,0.20141941297312208,0.32234425349269857,0.2910905575003937,0.18514577603378568
32,320,Cardigan,Cardigan::2,Cardigan/2-1.tif,2,0.21408097271254256,0.32935014997241885,0.2901047902451267,0.16646408706991186
32,320,Cardigan,Cardigan::2,Cardigan/2-1.tif,2.5,0.22215097432662012,0.34450184532935629,0.28626695133259789,0.14708022901142587
32,320,Cardigan,Cardigan::2,Cardigan/2-1.tif,3,0.22948024380726312,0.35202116799974315,0.28040576598259459,0.13809282221039892
33,330,Cardigan,Cardigan::3,Cardigan/3-1.tif,1,0.1960292006113766,0.2859822847261656,0.29689118024881506,0.22109733441364279
33,330,Cardigan,Cardigan::3,Cardigan/3-1.tif,1.1000000000000001,0.2006314608874929,0.28310815018232371,0.29480619212023618,0.2214541968099471
33,330,Cardigan,Cardigan::3,Cardigan/3-1.tif,1.25,0.20312102152950082,0.28019042717114673,0.29439906792016179,0.22228948337919061
33,330,Cardigan,Cardigan::3,Cardigan/3-1.tif,1.5,0.20619644538969908,0.28103723924146323,0.2957088654987427,0.21705744987009482
33,330,Cardigan,Cardigan::3,Cardigan/3-1.tif,2,0.21518100293000908,0.28482453550503239,0.29388769842445867,0.20610676314049989
33,330,Cardigan,Cardigan::3,Cardigan/3-1.tif,2.5,0.22464449567036435,0.28578026940994306,0.29373116384847087,0.19584407107122151
33,330,Cardigan,Cardigan::3,Cardigan/3-1.tif,3,0.23114089733261609,0.29188207292928198,0.29270061988914414,0.18427640984895788
34,340,Cardigan,Cardigan::4,Cardigan/4-1.tif,1,0.17688274253897618,0.28694403474838076,0.3050415383521512,0.2311316843604917
34,340,Cardigan,Cardigan::4,Cardigan/4-1.tif,1.1000000000000001,0.18375562080179381,0.29383850214360191,0.3026770521516487,0.21972882490295556
34,340,Cardigan,Cardigan::4,Cardigan/4-1.tif,1.25,0.18218497158364505,0.29727089199417733,0.30341031019689063,0.2171338262252871
34,340,Cardigan,Cardigan::4,Cardigan/4-1.tif,1.5,0.18684761709786479,0.30134920059770404,0.30185735749609222,0.20994582480833893
34,340,Cardigan,Cardigan::4,Cardigan/4-1.tif,2,0.20728276792557906,0.29875367294397626,0.30057042579322885,0.19339313333721589
34,340,Cardigan,Cardigan::4,Cardigan/4-1.tif,2.5,0.2197646207877125,0.31190293283052306,0.29624957462672108,0.17208287175504355
34,340,Cardigan,Cardigan::4,Cardigan/4-1.tif,3,0.231419631603311,0.3129551481387674,0.29673813772556418,0.15888708253235767
35,350,Cardigan,Cardigan::5,Cardigan/5-1.tif,1,0.25938736457929951,0.34598093438272304,0.25705812350859036,0.13757357752938698
35,350,Cardigan,Cardigan::5,Cardigan/5-1.tif,1.1000000000000001,0.25778054554192475,0.35576785239153313,0.25574198284780297,0.13070961921873891
35,350,Cardigan,Cardigan::5,Cardigan/5-1.tif,1.25,0.24857094371332053,0.35631683409129666,0.25937889760547805,0.13573332458990472
35,350,Cardigan,Cardigan::5,Cardigan/5-1.tif,1.5,0.23883132612603811,0.34502473528809213,0.2663986173038641,0.14974532128200577
35,350,Cardigan,Cardigan::5,Cardigan/5-1.tif,2,0.23761876777605651,0.34051028697734798,0.27191511473580865,0.14995583051078698
35,350,Cardigan,Cardigan::5,Cardigan/5-1.tif,2.5,0.24045994349712158,0.33188355669136083,0.27783073639168959,0.1498257634198282
35,350,Cardigan,Cardigan::5,Cardigan/5-1.tif,3,0.24010830220241786,0.32418086942916829,0.28233889565095777,0.15337193271745614
36,360,Cardigan,Cardigan::6,Cardigan/6-1.tif,1,0.21692461096489099,0.28807265840704038,0.28463277218866362,0.21036995843940462
36,360,Cardigan,Cardigan::6,Cardigan/6-1.tif,1.1000000000000001,0.22397085074693415,0.30742492794808096,0.28135281993473543,0.18725140137024962
36,360,Cardigan,Cardigan::6,Cardigan/6-1.tif,1.25,0.2332444854044769,0.30178375914561484,0.28042146142002655,0.1845502940298816
36,360,Cardigan,Cardigan::6,Cardigan/6-1.tif,1.5,0.23734167298147699,0.29861281763182146,0.28511115141814841,0.17893435796855334
36,360,Cardigan,Cardigan::6,Cardigan/6-1.tif,2,0.2552334358745022,0.30507704998969665,0.28348970994053507,0.15619980419526625
36,360,Cardigan,Cardigan::6,Cardigan/6-1.tif,2.5,0.28483057739607631,0.3233070730059911,0.26957604423713311,0.12228630536079949
36,360,Cardigan,Cardigan::6,Cardigan/6-1.tif,3,0.3052862098506135,0.32928806027758523,0.25969018811209171,0.10573554175970952
37,370,Cardigan,Cardigan::7,Cardigan/7-1.tif,1,0.1985692758155119,0.27906109635983845,0.29752150272846578,0.22484812509618393
37,370,Cardigan,Cardigan::7,Cardigan/7-1.tif,1.1000000000000001,0.20678444194829157,0.28854236484163576,0.29947439899610706,0.20519879421396534
37,370,Cardigan,Cardigan::7,Cardigan/7-1.tif,1.25,0.21999610760868088,0.29047165164929445,0.29061407073959938,0.19891817000242529
37,370,Cardigan,Cardigan::7,Cardigan/7-1.tif,1.5,0.22025406957986129,0.28881042505497956,0.29220294692129789,0.19873255844386131
37,370,Cardigan,Cardigan::7,Cardigan/7-1.tif,2,0.22572791849708582,0.29261105857383862,0.28767181838656908,0.19398920454250665
37,370,Cardigan,Cardigan::7,Cardigan/7-1.tif,2.5,0.24350057247331816,0.3050954754288091,0.27479546591021886,0.17660848618765387
37,370,Cardigan,Cardigan::7,Cardigan/7-1.tif,3,0.26712374951833934,0.31748774384261835,0.26741899976546979,0.1479695068735728
38,380,Cardigan,Cardigan::8,Cardigan/8-1.tif,1,0.21093304074085326,0.31813593979772353,0.28066594074438733,0.19026507871703577
38,380,Cardigan,Cardigan::8,Cardigan/8-1.tif,1.1000000000000001,0.22794010383594815,0.32105874932281253,0.27040330759430953,0.18059783924692982
38,380,Cardigan,Cardigan::8,Cardigan/8-1.tif,1.25,0.238326942434888,0.30937514299511398,0.2649831479827971,0.18731476658720123
38,380,Cardigan,Cardigan::8,Cardigan/8-1.tif,1.5,0.25219309535057721,0.301733414754568,0.25893640518216543,0.18713708471268947
38,380,Cardigan,Cardigan::8,Cardigan/8-1.tif,2,0.26981792788573566,0.30271453725860875,0.24833836742870943,0.17912916742694604
38,380,Cardigan,Cardigan::8,Cardigan/8-1.tif,2.5,0.28136112623899245,0.30587895953609129,0.23690091351522094,0.17585900070969521
38,380,Cardigan,Cardigan::8,Cardigan/8-1.tif,3,0.29146358142156781,0.30677307439246387,0.2321296480164188,0.1696336961695496
39,390,Cardigan,Cardigan::9,Cardigan/9-1.tif,1,0.26423760189157014,0.29706425233591782,0.26731614248044877,0.17138200329206296
39,390,Cardigan,Cardigan::9,Cardigan/9-1.tif,1.1000000000000001,0.26355388847647532,0.30141163709880592,0.26219911254511319,0.17283536187960571
39,390,Cardigan,Cardigan::9,Cardigan/9-1.tif,1.25,0.25861360151927354,0.30479624873889616,0.26886685109459196,0.16772329864723823
39,390,Cardigan,Cardigan::9,Cardigan/9-1.tif,1.5,0.24753700766677475,0.29611335884976803,0.27685576331436007,0.1794938701690974
39,390,Cardigan,Cardigan::9,Cardigan/9-1.tif,2,0.24270719297698692,0.28263343255854956,0.28622307865330299,0.18843629581116042
39,390,Cardigan,Cardigan::9,Cardigan/9-1.tif,2.5,0.24615211257839795,0.28018853575140185,0.2862383106554397,0.18742104101476059
39,390,Cardigan,Cardigan::9,Cardigan/9-1.tif,3,0.25289038443173206,0.28481001546617274,0.28314673313307526,0.17915286696902022
40,410,Circle,Circle::1,Circle/1_1.tif,1,0.21548481057875937,0.28229175857275296,0.29112828712183397,0.21109514372665367
40,410,Circle,Circle::1,Circle/1_1.tif,1.1000000000000001,0.22461465745137743,0.28429223184215852,0.29062046825321725,0.2004726424532467
40,410,Circle,Circle::1,Circle/1_1.tif,1.25,0.23261586474193885,0.28746714018241221,0.28793734837733764,0.19197964669831155
40,410,Circle,Circle::1,Circle/1_1.tif,1.5,0.24039445953293351,0.28988432709253231,0.28271649178596681,0.18700472158856737
40,410,Circle,Circle::1,Circle/1_1.tif,2,0.26011572928400101,0.29266413379615092,0.27361081653366087,0.17360932038618718
40,410,Circle,Circle::1,Circle/1_1.tif,2.5,0.27266241563559346,0.29886623933882778,0.26858599001350575,0.15988535501207285
40,410,Circle,Circle::1,Circle/1_1.tif,3,0.27689153654109633,0.29639355372626908,0.26313600827526235,0.16357890145737194
41,400,Circle,Circle::10,Circle/10_1.tif,1,0.23664758539818823,0.2891318969508711,0.27464521255279767,0.19957530509814284
41,400,Circle,Circle::10,Circle/10_1.tif,1.1000000000000001,0.25054832572424318,0.29232371562906745,0.2637151252978247,0.19341283334886461
41,400,Circle,Circle::10,Circle/10_1.tif,1.25,0.26354065943537403,0.28606689147768938,0.26206939778947658,0.18832305129746005
41,400,Circle,Circle::10,Circle/10_1.tif,1.5,0.26286777240360798,0.28588356475498178,0.25654857649986657,0.19470008634154382
41,400,Circle,Circle::10,Circle/10_1.tif,2,0.26490283234188383,0.28242669107221158,0.25055756577777816,0.20211291080812668
41,400,Circle,Circle::10,Circle/10_1.tif,2.5,0.27063079887228197,0.28265511484424621,0.24538634033671727,0.20132774594675459
41,400,Circle,Circle::10,Circle/10_1.tif,3,0.27598932749758909,0.28717088772305693,0.23928112771358184,0.19755865706577222
42,420,Circle,Circle::2,Circle/2_1.tif,1,0.23632274959936292,0.29284636027089339,0.2990058972204882,0.1718249929092556
42,420,Circle,Circle::2,Circle/2_1.tif,1.1000000000000001,0.24112446036898152,0.29239409865425514,0.28547831723353673,0.18100312374322672
42,420,Circle,Circle::2,Circle/2_1.tif,1.25,0.24201490915741,0.28258042005144518,0.28373742742925523,0.19166724336188942
42,420,Circle,Circle::2,Circle/2_1.tif,1.5,0.24084198339259563,0.27941792989269476,0.28030742682895043,0.19943265988575906
42,420,Circle,Circle::2,Circle/2_1.tif,2,0.24493069360684996,0.27423911766297526,0.27483617887812617,0.20599400985204869
42,420,Circle,Circle::2,Circle/2_1.tif,2.5,0.25137792804047504,0.27390356503439306,0.26709769108476339,0.20762081584036843
42,420,Circle,Circle::2,Circle/2_1.tif,3,0.26545107543239238,0.27802540099423295,0.25390203081221946,0.20262149276115518
43,430,Circle,Circle::3,Circle/3_1.tif,1,0.20026467396282818,0.30320036511577458,0.3035781905720521,0.19295677034934522
43,430,Circle,Circle::3,Circle/3_1.tif,1.1000000000000001,0.21586448284970372,0.30358631230100402,0.29759546440286555,0.18295374044642637
43,430,Circle,Circle::3,Circle/3_1.tif,1.25,0.2282550931367115,0.30801235675169403,0.29154910852259297,0.17218344158900181
43,430,Circle,Circle::3,Circle/3_1.tif,1.5,0.23544558393556633,0.31301879659034865,0.28525243986354304,0.16628317961054223
43,430,Circle,Circle::3,Circle/3_1.tif,2,0.25607534340592336,0.32265944543819841,0.27789548796955793,0.14336972318632044
43,430,Circle,Circle::3,Circle/3_1.tif,2.5,0.28098134879316672,0.33085176076075096,0.26708095748098221,0.12108593296510016
43,430,Circle,Circle::3,Circle/3_1.tif,3,0.28970999839667311,0.33858544979091987,0.26204683254144151,0.10965771927096557
44,440,Circle,Circle::4,Circle/4_1.tif,1,0.21641001947786234,0.32034677683966806,0.30111147643146197,0.16213172725100766
44,440,Circle,Circle::4,Circle/4_1.tif,1.1000000000000001,0.23619228211963791,0.33106484171164624,0.29810430262718929,0.13463857354152667
44,440,Circle,Circle::4,Circle/4_1.tif,1.25,0.25067290219440885,0.33797191912487773,0.29641577756713156,0.11493940111358217
44,440,Circle,Circle::4,Circle/4_1.tif,1.5,0.25178414216688938,0.33645859212604406,0.29438868734224732,0.11736857836481934
44,440,Circle,Circle::4,Circle/4_1.tif,2,0.2375448248673494,0.31157281590327551,0.28868574922931561,0.16219661000005939
44,440,Circle,Circle::4,Circle/4_1.tif,2.5,0.24445558425790781,0.2937521493923525,0.28159294569336191,0.18019932065637764
44,440,Circle,Circle::4,Circle/4_1.tif,3,0.24549688625115026,0.29125767121925372,0.27591685361210572,0.18732858891749049
45,450,Circle,Circle::5,Circle/5_1.tif,1,0.22897665193729325,0.30330216492278173,0.27795086672393332,0.18977031641599151
45,450,Circle,Circle::5,Circle/5_1.tif,1.1000000000000001,0.23780155357157748,0.3216583999104598,0.26674052078781912,0.17379952573014359
45,450,Circle,Circle::5,Circle/5_1.tif,1.25,0.24082471065053732,0.3133679605996661,0.27041807504537962,0.17538925370441674
45,450,Circle,Circle::5,Circle/5_1.tif,1.5,0.23527371017620233,0.30418838353854433,0.2753860176804101,0.18515188860484322
45,450,Circle,Circle::5,Circle/5_1.tif,2,0.23728929587096528,0.29268061843437221,0.28417799488732037,0.18585209080734214
45,450,Circle,Circle::5,Circle/5_1.tif,2.5,0.24292982846972458,0.29020244530022021,0.28711858400656781,0.17974914222348737
45,450,Circle,Circle::5,Circle/5_1.tif,3,0.2549453908545371,0.29129562902389211,0.28521428806983568,0.16854469205173531
46,460,Circle,Circle::6,Circle/6_1.tif,1,0.21778837731165207,0.30971480425736159,0.29187762561792502,0.18061919281306141
46,460,Circle,Circle::6,Circle/6_1.tif,1.1000000000000001,0.22689605500273313,0.31049642710583591,0.28255066923999156,0.18005684865143934
46,460,Circle,Circle::6,Circle/6_1.tif,1.25,0.23724880883509492,0.31132148117414865,0.28296164902414483,0.16846806096661171
46,460,Circle,Circle::6,Circle/6_1.tif,1.5,0.24422970468609664,0.31738719920152192,0.27615517795708777,0.16222791815529353
46,460,Circle,Circle::6,Circle/6_1.tif,2,0.24948178746898164,0.3191829289763945,0.27612696002473275,0.155208323529891
46,460,Circle,Circle::6,Circle/6_1.tif,2.5,0.26252725840329422,0.30736805938799922,0.27604050632595389,0.1540641758827527
46,460,Circle,Circle::6,Circle/6_1.tif,3,0.25551598821328864,0.31575753271900409,0.27200339659453399,0.15672308247317321
47,470,Circle,Circle::7,Circle/7_1.tif,1,0.21194602612204874,0.30162420379897881,0.28075843103248482,0.20567133904648754
47,470,Circle,Circle::7,Circle/7_1.tif,1.1000000000000001,0.21175027715754441,0.31676722247412331,0.28368178378717412,0.18780071658115818
47,470,Circle,Circle::7,Circle/7_1.tif,1.25,0.21782878850581908,0.31684614668851119,0.2804355159791882,0.1848895488264817
47,470,Circle,Circle::7,Circle/7_1.tif,1.5,0.21576304969844318,0.30784737841383275,0.28039382685980008,0.19599574502792397
47,470,Circle,Circle::7,Circle/7_1.tif,2,0.232190541038546,0.32809902937101282,0.27369842383319365,0.16601200575724756
47,470,Circle,Circle::7,Circle/7_1.tif,2.5,0.24667909628710685,0.34522343739055317,0.25917832772823679,0.14891913859410336
47,470,Circle,Circle::7,Circle/7_1.tif,3,0.26111822479898661,0.35942958430664562,0.24673136319007313,0.13272082770429469
48,480,Circle,Circle::8,Circle/8_1.tif,1,0.18969045885567865,0.30800709474985261,0.29282386859503551,0.20947857779943321
48,480,Circle,Circle::8,Circle/8_1.tif,1.1000000000000001,0.19111578127197551,0.3074912913831172,0.29109641141396858,0.21029651593093868
48,480,Circle,Circle::8,Circle/8_1.tif,1.25,0.19820793996757194,0.3054008157899854,0.28620092481652487,0.21019031942591773
48,480,Circle,Circle::8,Circle/8_1.tif,1.5,0.19446928715135461,0.30365446225607645,0.29134319222202021,0.21053305837054867
48,480,Circle,Circle::8,Circle/8_1.tif,2,0.20124282571647042,0.29907893022629106,0.29023026530125012,0.20944797875598878
48,480,Circle,Circle::8,Circle/8_1.tif,2.5,0.20415867467196572,0.29170045834241498,0.29642408761834743,0.20771677936727193
48,480,Circle,Circle::8,Circle/8_1.tif,3,0.22092918220493069,0.292858530649999,0.29286197533817937,0.19335031180689105
49,490,Circle,Circle::9,Circle/9_1.tif,1,0.24316585742252053,0.31463286394194873,0.28768946299832937,0.1545118156372014
49,490,Circle,Circle::9,Circle/9_1.tif,1.1000000000000001,0.26056494964023919,0.32186107682912768,0.28255490315197973,0.13501907037865332
49,490,Circle,Circle::9,Circle/9_1.tif,1.25,0.26716165077115134,0.3188156025638274,0.27895557155463885,0.13506717511038246
49,490,Circle,Circle::9,Circle/9_1.tif,1.5,0.2548838593568386,0.30110103726349147,0.28197230684167468,0.16204279653799536
49,490,Circle,Circle::9,Circle/9_1.tif,2,0.24542466988640524,0.28384974751407238,0.29341483341339103,0.17731074918613129
49,490,Circle,Circle::9,Circle/9_1.tif,2.5,0.24441295410849109,0.28256542812706964,0.29745859648021883,0.17556302128422061
49,490,Circle,Circle::9,Circle/9_1.tif,3,0.24735441808098438,0.28429230983662507,0.2978571992074418,0.17049607287494883
50,500,Dress,Dress::1,Dress/1-3.tif,1,0.28419296447103709,0.24653930506364879,0.26895715098459078,0.20031057948072337
50,500,Dress,Dress::1,Dress/1-3.tif,1.1000000000000001,0.31021088785551854,0.25085799190749025,0.25579833366009447,0.18313278657689666
50,500,Dress,Dress::1,Dress/1-3.tif,1.25,0.31726994588782342,0.2612215741997867,0.24616600709689687,0.17534247281549301
50,500,Dress,Dress::1,Dress/1-3.tif,1.5,0.32579956464118554,0.26785776209011442,0.24431583931596451,0.16202683395273557
50,500,Dress,Dress::1,Dress/1-3.tif,2,0.34143683760814147,0.28184407475459239,0.2513896195679674,0.12532946806929873
50,500,Dress,Dress::1,Dress/1-3.tif,2.5,0.37353326814790805,0.28330618327490115,0.24564628955499046,0.097514259022200248
50,500,Dress,Dress::1,Dress/1-3.tif,3,0.40534544278911167,0.28834723795916573,0.23192363137669741,0.074383687875025292
51,502,Dress,Dress::10,Dress/10_1.tif,1,0.31582037129675283,0.23684429916917765,0.24979573915907002,0.19753959037499966
51,502,Dress,Dress::10,Dress/10_1.tif,1.1000000000000001,0.35293364680221551,0.24176034030750029,0.23169835200420993,0.17360766088607421
51,502,Dress,Dress::10,Dress/10_1.tif,1.25,0.37717706607022239,0.23732374969015108,0.22311505383114516,0.16238413040848126
51,502,Dress,Dress::10,Dress/10_1.tif,1.5,0.40737328853258797,0.23480615598231544,0.20930391215706595,0.14851664332803058
51,502,Dress,Dress::10,Dress/10_1.tif,2,0.43410742808062802,0.23601244470116836,0.20118011293169052,0.12870001428651295
51,502,Dress,Dress::10,Dress/10_1.tif,2.5,0.4545764345126746,0.2354146241705469,0.18993751900306841,0.12007142231371017
51,502,Dress,Dress::10,Dress/10_1.tif,3,0.46728506773489276,0.23075312607802442,0.18562834610849163,0.1163334600785912
52,520,Dress,Dress::2,Dress/2_1.tif,1,0.27784730083207554,0.27885308998753017,0.26289118483572149,0.18040842434467261
52,520,Dress,Dress::2,Dress/2_1.tif,1.1000000000000001,0.2975941449741637,0.29196190986373627,0.25169706115811413,0.15874688400398598
52,520,Dress,Dress::2,Dress/2_1.tif,1.25,0.33103773322626451,0.29159617104197216,0.24111612993812459,0.13624996579363866
52,520,Dress,Dress::2,Dress/2_1.tif,1.5,0.35795796376370664,0.28970161197137573,0.23065557281025165,0.12168485145466608
52,520,Dress,Dress::2,Dress/2_1.tif,2,0.40225395220670845,0.28978617078096075,0.21169251094076968,0.096267366071561014
52,520,Dress,Dress::2,Dress/2_1.tif,2.5,0.43132765621115021,0.27573076862681334,0.20194930153178711,0.090992273630249365
52,520,Dress,Dress::2,Dress/2_1.tif,3,0.43870112523608784,0.26686303071722633,0.20221417535348482,0.09222166869320092
53,530,Dress,Dress::3,Dress/3_1.tif,1,0.23765903824724727,0.30097789891517407,0.28312260168041148,0.17824046115716718
53,530,Dress,Dress::3,Dress/3_1.tif,1.1000000000000001,0.2609651821983161,0.30262786573475348,0.26441371464832414,0.17199323741860609
53,530,Dress,Dress::3,Dress/3_1.tif,1.25,0.28770378910966998,0.30109361272616048,0.25104268678051805,0.16015991138365129
53,530,Dress,Dress::3,Dress/3_1.tif,1.5,0.30160825079947756,0.30326427213470109,0.25024631750293613,0.14488115956288522
53,530,Dress,Dress::3,Dress/3_1.tif,2,0.30772491014075537,0.30350219619517615,0.24710875190772283,0.14166414175634565
53,530,Dress,Dress::3,Dress/3_1.tif,2.5,0.29985638826302996,0.30382526644997154,0.25336830034278252,0.14295004494421595
53,530,Dress,Dress::3,Dress/3_1.tif,3,0.29892426121394139,0.29309941444280369,0.25259092543871831,0.1553853989045367
54,540,Dress,Dress::4,Dress/4_1.tif,1,0.28807407409116537,0.28504052647186046,0.23330972323141572,0.19357567620555841
54,540,Dress,Dress::4,Dress/4_1.tif,1.1000000000000001,0.32407852727826275,0.28027142108796899,0.22608971571794079,0.16956033591582781
54,540,Dress,Dress::4,Dress/4_1.tif,1.25,0.33822859056094801,0.27336154771720445,0.21895964408361498,0.16945021763823248
54,540,Dress,Dress::4,Dress/4_1.tif,1.5,0.35911536024243679,0.27136098233254796,0.21590872604528386,0.15361493137973145
54,540,Dress,Dress::4,Dress/4_1.tif,2,0.37531944171105869,0.27121751621542911,0.21101750604319089,0.1424455360303212
54,540,Dress,Dress::4,Dress/4_1.tif,2.5,0.38755355432295591,0.26026153738959434,0.20972119431626959,0.14246371397118018
54,540,Dress,Dress::4,Dress/4_1.tif,3,0.40159988143332548,0.25476961186460401,0.20696306433406178,0.13666744236800865
55,550,Dress,Dress::5,Dress/5_1.tif,1,0.20279282644587007,0.28894195554494267,0.27999771759265396,0.22826750041653324
55,550,Dress,Dress::5,Dress/5_1.tif,1.1000000000000001,0.21050746223302227,0.3051767773828139,0.27349821696245574,0.21081754342170816
55,550,Dress,Dress::5,Dress/5_1.tif,1.25,0.22225929785275605,0.31793748120953452,0.26669932854189266,0.19310389239581677
55,550,Dress,Dress::5,Dress/5_1.tif,1.5,0.23427374932702319,0.32874219391844051,0.26062079319608111,0.17636326355845533
55,550,Dress,Dress::5,Dress/5_1.tif,2,0.25730095287904275,0.35355764236956921,0.25390710495313196,0.13523429979825616
55,550,Dress,Dress::5,Dress/5_1.tif,2.5,0.27092596917480855,0.36349736007764222,0.24762951560425767,0.11794715514329172
55,550,Dress,Dress::5,Dress/5_1.tif,3,0.27257183581430261,0.3618505231938976,0.2438088079247569,0.12176883306704279
56,560,Dress,Dress::6,Dress/6_1.tif,1,0.23243771954245862,0.26680987661316979,0.29888002050328627,0.20187238334108532
56,560,Dress,Dress::6,Dress/6_1.tif,1.1000000000000001,0.23819238139385901,0.27376210937391893,0.29565958286212951,0.19238592637009247
56,560,Dress,Dress::6,Dress/6_1.tif,1.25,0.25486731502055204,0.26940079843110526,0.28708491246481738,0.1886469740835254
56,560,Dress,Dress::6,Dress/6_1.tif,1.5,0.27579135461273796,0.26844948525332374,0.27323017771469388,0.18252898241924423
56,560,Dress,Dress::6,Dress/6_1.tif,2,0.30384732829408195,0.27061676412531155,0.25984319756938939,0.16569271001121691
56,560,Dress,Dress::6,Dress/6_1.tif,2.5,0.32278151853457321,0.27569389203338501,0.24792656632319676,0.15359802310884504
56,560,Dress,Dress::6,Dress/6_1.tif,3,0.33623254497633487,0.27614036281649629,0.24209069765926156,0.14553639454790726
57,570,Dress,Dress::7,Dress/7_1.tif,1,0.27075630179367949,0.20333999010774381,0.27967603165740246,0.24622767644117399
57,570,Dress,Dress::7,Dress/7_1.tif,1.1000000000000001,0.30023377554793435,0.20113495849036625,0.2661859688453927,0.2324452971163069
57,570,Dress,Dress::7,Dress/7_1.tif,1.25,0.34458298188960601,0.20504521238172993,0.2476983596847212,0.20267344604394288
57,570,Dress,Dress::7,Dress/7_1.tif,1.5,0.418121196989653,0.22598177777474082,0.2104485562281159,0.14544846900748989
57,570,Dress,Dress::7,Dress/7_1.tif,2,0.4331850640096534,0.24927376496849665,0.19630874515696023,0.12123242586488964
57,570,Dress,Dress::7,Dress/7_1.tif,2.5,0.42098147314818601,0.2613729840577842,0.19834827879048764,0.11929726400354213
57,570,Dress,Dress::7,Dress/7_1.tif,3,0.4067523714518308,0.26678837758802948,0.19907164684379303,0.12738760411634673
58,580,Dress,Dress::8,Dress/8_1.tif,1,0.27069268350721443,0.18368118316251639,0.32140480304890451,0.22422133028136446
58,580,Dress,Dress::8,Dress/8_1.tif,1.1000000000000001,0.30515182901295951,0.18844806362087357,0.29813871120894009,0.20826139615722658
58,580,Dress,Dress::8,Dress/8_1.tif,1.25,0.35469696357077868,0.19610097384568834,0.26557020986795388,0.18363185271557922
58,580,Dress,Dress::8,Dress/8_1.tif,1.5,0.39966172762837626,0.19045594316817227,0.24601372742709282,0.16386860177635854
58,580,Dress,Dress::8,Dress/8_1.tif,2,0.44706510752925749,0.19323595617436165,0.22003757218328313,0.1396613641130979
58,580,Dress,Dress::8,Dress/8_1.tif,2.5,0.47232675499966748,0.20359759755808546,0.19994089861615394,0.12413474882609304
58,580,Dress,Dress::8,Dress/8_1.tif,3,0.48746693391990775,0.2069023765829473,0.19123178140247155,0.11439890809467336
59,590,Dress,Dress::9,Dress/9_1.tif,1,0.33249411110436472,0.25625255437310113,0.2237372986042388,0.18751603591829533
59,590,Dress,Dress::9,Dress/9_1.tif,1.1000000000000001,0.37210831517387821,0.24835921271036879,0.20816377354313795,0.17136869857261514
59,590,Dress,Dress::9,Dress/9_1.tif,1.25,0.39100477527087679,0.24678157977304921,0.20852203621508186,0.15369160874099233
59,590,Dress,Dress::9,Dress/9_1.tif,1.5,0.40624689112013973,0.24627017038298457,0.20435980872353909,0.14312312977333633
59,590,Dress,Dress::9,Dress/9_1.tif,2,0.41179777057152028,0.25371563388335694,0.20355072415409814,0.13093587139102461
59,590,Dress,Dress::9,Dress/9_1.tif,2.5,0.40959330813070038,0.25276657319957069,0.20835674293252562,0.12928337573720317
59,590,Dress,Dress::9,Dress/9_1.tif,3,0.41166848795898042,0.24408246405377146,0.21216745997660855,0.13208158801063952
60,610,Flare,Flare::1,Flare/1_1.tif,1,0.29098694370062034,0.22748228740500878,0.29685573264954535,0.18467503624482559
60,610,Flare,Flare::1,Flare/1_1.tif,1.1000000000000001,0.32326798015996927,0.23680294853697159,0.27705818107316477,0.16287089022989448
60,610,Flare,Flare::1,Flare/1_1.tif,1.25,0.37628200063135353,0.23272982877027998,0.24615703935759808,0.14483113124076835
60,610,Flare,Flare::1,Flare/1_1.tif,1.5,0.41089482675343164,0.23740224097043372,0.23298304875859371,0.11871988351754105
60,610,Flare,Flare::1,Flare/1_1.tif,2,0.44740553576814346,0.24679408867763455,0.21064716744691939,0.095153208107302559
60,610,Flare,Flare::1,Flare/1_1.tif,2.5,0.45795108359817788,0.25912572985511817,0.19566788045061012,0.087255306096093971
60,610,Flare,Flare::1,Flare/1_1.tif,3,0.46954997126923792,0.2530901341058463,0.19099431543282624,0.086365579192089453
61,600,Flare,Flare::10,Flare/10_1.tif,1,0.20075562646435124,0.31230843874339737,0.28616772573795146,0.20076820905430021
61,600,Flare,Flare::10,Flare/10_1.tif,1.1000000000000001,0.2057221437912343,0.31831001204849269,0.28117577404808886,0.19479207011218411
61,600,Flare,Flare::10,Flare/10_1.tif,1.25,0.21523743279412291,0.32186861658053034,0.27593796104534724,0.18695598957999943
61,600,Flare,Flare::10,Flare/10_1.tif,1.5,0.23694517135312013,0.33377857408437078,0.27080575016563713,0.15847050439687196
61,600,Flare,Flare::10,Flare/10_1.tif,2,0.27614940654282794,0.35594492363255403,0.26141214478983665,0.10649352503478142
61,600,Flare,Flare::10,Flare/10_1.tif,2.5,0.28950344613536022,0.35513184676802673,0.25351333500155981,0.10185137209505342
61,600,Flare,Flare::10,Flare/10_1.tif,3,0.29640014467851034,0.34386898199226967,0.25609601594405884,0.10363485738516125
62,620,Flare,Flare::2,Flare/2_1.tif,1,0.30743086623434318,0.21110953523387582,0.2592318084743182,0.22222779005746263
62,620,Flare,Flare::2,Flare/2_1.tif,1.1000000000000001,0.33247096747901711,0.20768680963514291,0.25686652553958,0.20297569734626009
62,620,Flare,Flare::2,Flare/2_1.tif,1.25,0.37661082900862763,0.2205883614263813,0.2270025168507141,0.17579829271427697
62,620,Flare,Flare::2,Flare/2_1.tif,1.5,0.3972243373250044,0.24563565900051859,0.22480635894532913,0.13233364472914785
62,620,Flare,Flare::2,Flare/2_1.tif,2,0.38259035864400209,0.27421395182774505,0.22009705579178981,0.12309863373646279
62,620,Flare,Flare::2,Flare/2_1.tif,2.5,0.3510378971991342,0.2864762649293715,0.231079490620199,0.13140634725129535
62,620,Flare,Flare::2,Flare/2_1.tif,3,0.33742201814298267,0.28076887510056431,0.24257033691388163,0.13923876984257147
63,630,Flare,Flare::3,Flare/3_1.tif,1,0.27022668350108514,0.26792326691159674,0.26900715310124135,0.19284289648607686
63,630,Flare,Flare::3,Flare/3_1.tif,1.1000000000000001,0.28410248242992087,0.26413038653631843,0.26580458420383513,0.18596254682992552
63,630,Flare,Flare::3,Flare/3_1.tif,1.25,0.28100202869206264,0.27085583919304113,0.2650442874849534,0.18309784462994289
63,630,Flare,Flare::3,Flare/3_1.tif,1.5,0.27277956766386474,0.26993694691269088,0.26826834347299616,0.18901514195044808
63,630,Flare,Flare::3,Flare/3_1.tif,2,0.25817284677669206,0.27676732968491752,0.27712371869711827,0.18793610484127202
63,630,Flare,Flare::3,Flare/3_1.tif,2.5,0.25298722594251638,0.27526633014678631,0.28205003595988121,0.18969640795081613
63,630,Flare,Flare::3,Flare/3_1.tif,3,0.25818574667053618,0.2778789410961125,0.27433439276988253,0.1896009194634686
64,640,Flare,Flare::4,Flare/4_1.tif,1,0.23847905237199896,0.23052093514650501,0.29823555793973011,0.23276445454176595
64,640,Flare,Flare::4,Flare/4_1.tif,1.1000000000000001,0.27217563243780712,0.2370979532035804,0.27590135955288098,0.21482505480573144
64,640,Flare,Flare::4,Flare/4_1.tif,1.25,0.28570930817217433,0.24361977682219815,0.27321606504147122,0.19745484996415608
64,640,Flare,Flare::4,Flare/4_1.tif,1.5,0.30264634499896648,0.25310315831777003,0.2569359087460828,0.18731458793718081
64,640,Flare,Flare::4,Flare/4_1.tif,2,0.32229772841643806,0.2605078019535369,0.25427012718312086,0.1629243424469041
64,640,Flare,Flare::4,Flare/4_1.tif,2.5,0.35298013618410312,0.260120398284996,0.24298215217411961,0.14391731335678121
64,640,Flare,Flare::4,Flare/4_1.tif,3,0.3664400858685547,0.26087657554772398,0.24264490480010942,0.13003843378361174
65,650,Flare,Flare::5,Flare/5_1.tif,1,0.25263435203988271,0.27231488168474061,0.28552271623353581,0.18952805004184076
65,650,Flare,Flare::5,Flare/5_1.tif,1.1000000000000001,0.26521585168100859,0.27681320940127535,0.27678631008705096,0.18118462883066519
65,650,Flare,Flare::5,Flare/5_1.tif,1.25,0.28232466616548263,0.27418995699706439,0.27252718116353941,0.17095819567391371
65,650,Flare,Flare::5,Flare/5_1.tif,1.5,0.29556771788468594,0.27936030939323736,0.26971885903009341,0.15535311369198332
65,650,Flare,Flare::5,Flare/5_1.tif,2,0.32053154078845852,0.28368193679331327,0.25958088700254517,0.13620563541568304
65,650,Flare,Flare::5,Flare/5_1.tif,2.5,0.33672964707489195,0.2882805583911629,0.25084274465873041,0.12414704987521488
65,650,Flare,Flare::5,Flare/5_1.tif,3,0.35633592160449884,0.28313694881566259,0.23942786743905811,0.12109926214078041
66,660,Flare,Flare::6,Flare/6_1.tif,1,0.22121711599751179,0.29695447602384117,0.29711677691964794,0.18471163105899918
66,660,Flare,Flare::6,Flare/6_1.tif,1.1000000000000001,0.24415455496667571,0.3215574296189036,0.28344784617601854,0.15084016923840221
66,660,Flare,Flare::6,Flare/6_1.tif,1.25,0.26392282369708953,0.33668238682756135,0.27521008392202695,0.12418470555332219
66,660,Flare,Flare::6,Flare/6_1.tif,1.5,0.23618091994768511,0.30641453880316094,0.27428253359791926,0.18312200765123474
66,660,Flare,Flare::6,Flare/6_1.tif,2,0.22256089290668832,0.29324772478416877,0.26922474766769183,0.21496663464145105
66,660,Flare,Flare::6,Flare/6_1.tif,2.5,0.23603551675314469,0.30647133788376174,0.25692149415720877,0.20057165120588502
66,660,Flare,Flare::6,Flare/6_1.tif,3,0.24488145357101937,0.32329455617960445,0.25281545439371539,0.17900853585566082
67,670,Flare,Flare::7,Flare/7-2.tif,1,0.28403835980017711,0.23741909868901415,0.26595365340167415,0.21258888810913473
67,670,Flare,Flare::7,Flare/7-2.tif,1.1000000000000001,0.32261679485502842,0.23701921151903052,0.2508220289185763,0.18954196470736467
67,670,Flare,Flare::7,Flare/7-2.tif,1.25,0.34783965990794247,0.2370207845941571,0.23907156471637578,0.17606799078152471
67,670,Flare,Flare::7,Flare/7-2.tif,1.5,0.35424045695116696,0.24011173467137206,0.23799858006245919,0.16764922831500162
67,670,Flare,Flare::7,Flare/7-2.tif,2,0.34574715330693284,0.24451539278082793,0.23977945022197764,0.16995800369026165
67,670,Flare,Flare::7,Flare/7-2.tif,2.5,0.35074830682004537,0.23904060941233529,0.24489422994628837,0.16531685382133099
67,670,Flare,Flare::7,Flare/7-2.tif,3,0.35030202570071478,0.23078649077306887,0.25193566804193951,0.16697581548427692
68,680,Flare,Flare::8,Flare/8_1.tif,1,0.26483401234192167,0.24425374168287606,0.26119805029054005,0.22971419568466234
68,680,Flare,Flare::8,Flare/8_1.tif,1.1000000000000001,0.28665294224409632,0.24602274330968268,0.25332800295635904,0.21399631148986198
68,680,Flare,Flare::8,Flare/8_1.tif,1.25,0.30799950067480308,0.24286058671562868,0.24515014392343562,0.20398976868613272
68,680,Flare,Flare::8,Flare/8_1.tif,1.5,0.31895147242539224,0.23623362597439659,0.24728958359935238,0.19752531800085901
68,680,Flare,Flare::8,Flare/8_1.tif,2,0.33956152275366852,0.23363476887782891,0.24199893042882256,0.18480477793968011
68,680,Flare,Flare::8,Flare/8_1.tif,2.5,0.36416104084591272,0.22737467756223481,0.23266100158617453,0.17580328000567805
68,680,Flare,Flare::8,Flare/8_1.tif,3,0.37834920480858797,0.22529463987631054,0.22944034541314529,0.16691580990195601
69,690,Flare,Flare::9,Flare/9-7.tif,1,0.20290594279067839,0.2732884453234008,0.2913237430637568,0.2324818688221639
69,690,Flare,Flare::9,Flare/9-7.tif,1.1000000000000001,0.22059573174016375,0.27381657350627714,0.282447741732611,0.22313995302094813
69,690,Flare,Flare::9,Flare/9-7.tif,1.25,0.24791055710384891,0.27134960979749134,0.26905708097647191,0.21168275212218771
69,690,Flare,Flare::9,Flare/9-7.tif,1.5,0.24854900068514704,0.27807652096582841,0.27058046698910831,0.20279401135991623
69,690,Flare,Flare::9,Flare/9-7.tif,2,0.23789617807502197,0.2950202105758577,0.26474187411294886,0.20234173723617149
69,690,Flare,Flare::9,Flare/9-7.tif,2.5,0.23379852002014573,0.30158062813045627,0.26497135926249493,0.19964949258690312
69,690,Flare,Flare::9,Flare/9-7.tif,3,0.2333360913356306,0.3037950484971968,0.26347679286139908,0.19939206730577363
70,700,Harem,Harem::1,Harem/1-1.tif,1,0.18236884119321592,0.29692104275411824,0.28559194476997518,0.23511817128269064
70,700,Harem,Harem::1,Harem/1-1.tif,1.1000000000000001,0.20392015702932467,0.3083302956849216,0.28435825444536839,0.20339129284038546
70,700,Harem,Harem::1,Harem/1-1.tif,1.25,0.21005891844335953,0.31318576901003714,0.28407472758030927,0.19268058496629417
70,700,Harem,Harem::1,Harem/1-1.tif,1.5,0.21954280162388554,0.32354435850082713,0.27840129307372358,0.17851154680156353
70,700,Harem,Harem::1,Harem/1-1.tif,2,0.24510826116126389,0.34694434693996945,0.26268225083461533,0.14526514106415125
70,700,Harem,Harem::1,Harem/1-1.tif,2.5,0.26694197279061138,0.3767639636172283,0.24605831739615069,0.11023574619600982
70,700,Harem,Harem::1,Harem/1-1.tif,3,0.28090286189638919,0.38904616006929504,0.22915039896542977,0.10090057906888593
71,710,Harem,Harem::10,Harem/10-1.tif,1,0.22119116023888319,0.29779643412046158,0.26762522502477887,0.21338718061587647
71,710,Harem,Harem::10,Harem/10-1.tif,1.1000000000000001,0.24845516342233287,0.3115340299809754,0.25357383650950888,0.18643697008718291
71,710,Harem,Harem::10,Harem/10-1.tif,1.25,0.27707691000907964,0.29718160359700702,0.24458393611435753,0.18115755027955591
71,710,Harem,Harem::10,Harem/10-1.tif,1.5,0.29510021520098739,0.29630221879166807,0.23648140036038182,0.17211616564696247
71,710,Harem,Harem::10,Harem/10-1.tif,2,0.2752990041302214,0.30765114680340538,0.2373200455496054,0.17972980351676776
71,710,Harem,Harem::10,Harem/10-1.tif,2.5,0.26365300863953656,0.32973512254860532,0.23740011033644723,0.16921175847541081
71,710,Harem,Harem::10,Harem/10-1.tif,3,0.2813106909440945,0.35813864075029894,0.23304997408615186,0.12750069421945465
72,720,Harem,Harem::2,Harem/2-1.tif,1,0.20502369829198303,0.32910691282126003,0.28500448112619137,0.18086490776056546
72,720,Harem,Harem::2,Harem/2-1.tif,1.1000000000000001,0.21638766373000273,0.33090139651291811,0.27295136065135328,0.17975957910572588
72,720,Harem,Harem::2,Harem/2-1.tif,1.25,0.21989602540740361,0.33100181850344701,0.27137696172495013,0.17772519436419917
72,720,Harem,Harem::2,Harem/2-1.tif,1.5,0.23060187387472261,0.33417176361115181,0.26705660573310408,0.16816975678102164
72,720,Harem,Harem::2,Harem/2-1.tif,2,0.24135257733716436,0.34725498756106166,0.25440379276926767,0.15698864233250617
72,720,Harem,Harem::2,Harem/2-1.tif,2.5,0.25536789299328172,0.35477235353250752,0.24112100220748153,0.14873875126672911
72,720,Harem,Harem::2,Harem/2-1.tif,3,0.26560466799767207,0.36908748754094645,0.23004140726557407,0.13526643719580761
73,729,Harem,Harem::3,Harem/3-1.tif,1,0.20332519296845764,0.32338082736388124,0.2755249412916761,0.19776903837598495
73,729,Harem,Harem::3,Harem/3-1.tif,1.1000000000000001,0.21539994264827778,0.32752538108001039,0.26621661881612557,0.1908580574555864
73,729,Harem,Harem::3,Harem/3-1.tif,1.25,0.21477310929533078,0.32193907085576223,0.26496568240591617,0.19832213744299082
73,729,Harem,Harem::3,Harem/3-1.tif,1.5,0.21513089417352751,0.31725315609502441,0.2641736695173324,0.2034422802141157
73,729,Harem,Harem::3,Harem/3-1.tif,2,0.21080012134621548,0.3111043736356674,0.27634851549249284,0.20174698952562417
73,729,Harem,Harem::3,Harem/3-1.tif,2.5,0.21299544065148529,0.30222191427535883,0.28211785585722948,0.20266478921592654
73,729,Harem,Harem::3,Harem/3-1.tif,3,0.22065039218657129,0.30232466786749812,0.28343201640505911,0.19359292354087154
74,739,Harem,Harem::4,Harem/4-1.tif,1,0.22349023320480119,0.33766305683416226,0.29664199936488989,0.14220471059614681
74,739,Harem,Harem::4,Harem/4-1.tif,1.1000000000000001,0.23897098645013959,0.33419599144696455,0.28821318813677088,0.13861983396612504
74,739,Harem,Harem::4,Harem/4-1.tif,1.25,0.25868668726189592,0.32652717701152278,0.2804334667064704,0.13435266902011095
74,739,Harem,Harem::4,Harem/4-1.tif,1.5,0.27884663544739285,0.31711060189951285,0.2753373051819899,0.12870545747110448
74,739,Harem,Harem::4,Harem/4-1.tif,2,0.30339927354996399,0.30863765966922835,0.26394709223090701,0.12401597454990068
74,739,Harem,Harem::4,Harem/4-1.tif,2.5,0.32473162680377449,0.30001018890230097,0.25310115554405826,0.12215702874986623
74,739,Harem,Harem::4,Harem/4-1.tif,3,0.34273522968880565,0.29497541452646747,0.24535319279099965,0.11693616299372715
75,749,Harem,Harem::5,Harem/5-1.tif,1,0.25937860468480661,0.26266406041878543,0.28528677843919054,0.19267055645721745
75,749,Harem,Harem::5,Harem/5-1.tif,1.1000000000000001,0.29062762480346016,0.2592136614142399,0.26900037640003482,0.18115833738226511
75,749,Harem,Harem::5,Harem/5-1.tif,1.25,0.3284273808064091,0.25463443094945887,0.25274189027643668,0.16419629796769525
75,749,Harem,Harem::5,Harem/5-1.tif,1.5,0.37654428937037226,0.23970013541961141,0.23652654953548774,0.14722902567452853
75,749,Harem,Harem::5,Harem/5-1.tif,2,0.43384879702119938,0.23725764885947875,0.2112537611120133,0.11763979300730859
75,749,Harem,Harem::5,Harem/5-1.tif,2.5,0.47356733338777401,0.23161526489414835,0.19398515047390497,0.10083225124417251
75,749,Harem,Harem::5,Harem/5-1.tif,3,0.50151373825533407,0.2225906075289224,0.1825422057414661,0.093353448474277387
76,759,Harem,Harem::6,Harem/6-1.tif,1,0.2335099133247589,0.28886947728082546,0.28085094496351137,0.19676966443090413
76,759,Harem,Harem::6,Harem/6-1.tif,1.1000000000000001,0.25038990096317826,0.28339879693929215,0.27251896736301523,0.19369233473451447
76,759,Harem,Harem::6,Harem/6-1.tif,1.25,0.26203902215234831,0.28187509500972419,0.26592129894180438,0.19016458389612309
76,759,Harem,Harem::6,Harem/6-1.tif,1.5,0.26221908509513381,0.28840234165814471,0.26518466635288573,0.18419390689383575
76,759,Harem,Harem::6,Harem/6-1.tif,2,0.24946845724506375,0.29319055946030054,0.2684534837682348,0.18888749952640096
76,759,Harem,Harem::6,Harem/6-1.tif,2.5,0.25054297109619744,0.29954358904979816,0.26670439889215708,0.18320904096184723
76,759,Harem,Harem::6,Harem/6-1.tif,3,0.25287878502084621,0.29882389888552119,0.26548991002647326,0.18280740606715945
77,770,Harem,Harem::7,Harem/7-1.tif,1,0.30297602626489356,0.28340179816205247,0.23002537903213213,0.18359679654092198
77,770,Harem,Harem::7,Harem/7-1.tif,1.1000000000000001,0.33701789662483161,0.27237768515932248,0.2132600951566781,0.17734432305916784
77,770,Harem,Harem::7,Harem/7-1.tif,1.25,0.36294436327045454,0.26610115460688682,0.2088678635321975,0.16208661859046106
77,770,Harem,Harem::7,Harem/7-1.tif,1.5,0.38192157381614988,0.26394327638037079,0.20508328401225093,0.14905186579122839
77,770,Harem,Harem::7,Harem/7-1.tif,2,0.39821642037104343,0.27143854150579516,0.20100447650869763,0.12934056161446383
77,770,Harem,Harem::7,Harem/7-1.tif,2.5,0.4089082447238262,0.26625095536560622,0.20071761687641207,0.12412318303415551
77,770,Harem,Harem::7,Harem/7-1.tif,3,0.4089343749486356,0.25665576412083663,0.20855127723093209,0.12585858369959554
78,780,Harem,Harem::8,Harem/8-1.tif,1,0.21768220322533155,0.2664358340181685,0.28013423384268765,0.23574772891381246
78,780,Harem,Harem::8,Harem/8-1.tif,1.1000000000000001,0.24641156554192278,0.28120626986399083,0.26536085976266793,0.20702130483141851
78,780,Harem,Harem::8,Harem/8-1.tif,1.25,0.27374439064265205,0.30819126933536423,0.25340876348462826,0.16465557653735546
78,780,Harem,Harem::8,Harem/8-1.tif,1.5,0.27533272010563664,0.34428648330440226,0.2443608663208679,0.13601993026909301
78,780,Harem,Harem::8,Harem/8-1.tif,2,0.2490398361059788,0.36074359380622834,0.24916304092722591,0.14105352916056724
78,780,Harem,Harem::8,Harem/8-1.tif,2.5,0.23869311711690333,0.35488836069875496,0.25101626445862385,0.15540225772571784
78,780,Harem,Harem::8,Harem/8-1.tif,3,0.22523275897478345,0.34645139584347107,0.25752469451765436,0.17079115066409128
79,790,Harem,Harem::9,Harem/9-1.tif,1,0.20649431549376204,0.27911697758068926,0.29053365877097609,0.22385504815457263
79,790,Harem,Harem::9,Harem/9-1.tif,1.1000000000000001,0.22114327109239179,0.28577805657599736,0.28165802495967052,0.21142064737194022
79,790,Harem,Harem::9,Harem/9-1.tif,1.25,0.22840695392980095,0.28358874960036051,0.27685783672649539,0.21114645974334303
79,790,Harem,Harem::9,Harem/9-1.tif,1.5,0.2335582991446335,0.28037753859566666,0.27306379430314648,0.21300036795655333
79,790,Harem,Harem::9,Harem/9-1.tif,2,0.23772156183446466,0.28075716814428775,0.26542612334439863,0.21609514667684912
79,790,Harem,Harem::9,Harem/9-1.tif,2.5,0.24697927049242799,0.28562909854611152,0.25494858285957056,0.21244304810188988
79,790,Harem,Harem::9,Harem/9-1.tif,3,0.25674856067771745,0.2902602234824801,0.24814994619079106,0.20484126964901139
80,800,Hoodie,Hoodie::1,Hoodie/1-1.tif,1,0.18513905324145688,0.31274589135656278,0.28216723180295217,0.21994782359902801
80,800,Hoodie,Hoodie::1,Hoodie/1-1.tif,1.1000000000000001,0.19131923088940808,0.30844674410114375,0.27660243379648475,0.22363159121296339
80,800,Hoodie,Hoodie::1,Hoodie/1-1.tif,1.25,0.19100920018582457,0.29676489469441147,0.27892363923758823,0.23330226588217548
80,800,Hoodie,Hoodie::1,Hoodie/1-1.tif,1.5,0.19437070732710598,0.29283527140516791,0.287165991080301,0.225628030187425
80,800,Hoodie,Hoodie::1,Hoodie/1-1.tif,2,0.19943021386610574,0.29248909407939999,0.30292488635478737,0.20515580569970718
80,800,Hoodie,Hoodie::1,Hoodie/1-1.tif,2.5,0.20831041336937031,0.29011368218588329,0.30175905533613379,0.19981684910861269
80,800,Hoodie,Hoodie::1,Hoodie/1-1.tif,3,0.21615156242068853,0.28553062846806071,0.29422568085196427,0.20409212825928658
81,810,Hoodie,Hoodie::10,Hoodie/10-1.tif,1,0.25212211254295269,0.32839893874669751,0.26413620923359676,0.15534273947675284
81,810,Hoodie,Hoodie::10,Hoodie/10-1.tif,1.1000000000000001,0.25549163558878002,0.32794316084969816,0.25896434868413776,0.15760085487738423
81,810,Hoodie,Hoodie::10,Hoodie/10-1.tif,1.25,0.2540455384179009,0.32416195757172267,0.25733121480025156,0.16446128921012504
81,810,Hoodie,Hoodie::10,Hoodie/10-1.tif,1.5,0.2562138438989765,0.32667826675512329,0.2559435471852945,0.16116434216060563
81,810,Hoodie,Hoodie::10,Hoodie/10-1.tif,2,0.25700497369306585,0.32236898294165828,0.2518745870889264,0.16875145627634941
81,810,Hoodie,Hoodie::10,Hoodie/10-1.tif,2.5,0.26202668225274356,0.32481866278899896,0.24445725458081269,0.16869740037744499
81,810,Hoodie,Hoodie::10,Hoodie/10-1.tif,3,0.26442277090233768,0.33185037291783875,0.24119008259164559,0.16253677358817786
82,820,Hoodie,Hoodie::2,Hoodie/2-1.tif,1,0.1860987214172774,0.36682092849366377,0.28259073073478896,0.16448961935426989
82,820,Hoodie,Hoodie::2,Hoodie/2-1.tif,1.1000000000000001,0.19637497065485279,0.36846554662039072,0.27622697559938397,0.15893250712537252
82,820,Hoodie,Hoodie::2,Hoodie/2-1.tif,1.25,0.20113597491705568,0.36836385604751337,0.27194052671851238,0.15855964231691866
82,820,Hoodie,Hoodie::2,Hoodie/2-1.tif,1.5,0.19911771569399281,0.36358775867222909,0.27012334197673915,0.16717118365703892
82,820,Hoodie,Hoodie::2,Hoodie/2-1.tif,2,0.19555456482041372,0.35945793587633629,0.27068215824942937,0.17430534105382064
82,820,Hoodie,Hoodie::2,Hoodie/2-1.tif,2.5,0.19776812232633673,0.36350702485501063,0.26354321893925065,0.17518163387940203
82,820,Hoodie,Hoodie::2,Hoodie/2-1.tif,3,0.20395415714556767,0.36407577315025796,0.26142597602230433,0.17054409368187012
83,830,Hoodie,Hoodie::3,Hoodie/3-1.tif,1,0.17982937147096231,0.3185535862614966,0.3033106584653455,0.19830638380219534
83,830,Hoodie,Hoodie::3,Hoodie/3-1.tif,1.1000000000000001,0.19301799755656684,0.32802382786087741,0.2929997806610497,0.18595839392150609
83,830,Hoodie,Hoodie::3,Hoodie/3-1.tif,1.25,0.20230472655791507,0.31907325649787766,0.28958065058643906,0.18904136635776833
83,830,Hoodie,Hoodie::3,Hoodie/3-1.tif,1.5,0.20602804200656979,0.31909873813785322,0.28874168342103868,0.18613153643453842
83,830,Hoodie,Hoodie::3,Hoodie/3-1.tif,2,0.2233244884685909,0.31575336543453369,0.2874887844799815,0.17343336161689371
83,830,Hoodie,Hoodie::3,Hoodie/3-1.tif,2.5,0.23724207838280728,0.31861434151571261,0.28890386729963963,0.1552397128018404
83,830,Hoodie,Hoodie::3,Hoodie/3-1.tif,3,0.2550363742715186,0.32548806978669914,0.2791332436323764,0.14034231230940589
84,840,Hoodie,Hoodie::4,Hoodie/4-1.tif,1,0.17899742484047582,0.28886205625374783,0.2945677912281488,0.23757272767762769
84,840,Hoodie,Hoodie::4,Hoodie/4-1.tif,1.1000000000000001,0.19595697654774027,0.30067836551782984,0.28431194872454052,0.21905270920988959
84,840,Hoodie,Hoodie::4,Hoodie/4-1.tif,1.25,0.20731730949764188,0.30392872628696316,0.28384639571157355,0.20490756850382125
84,840,Hoodie,Hoodie::4,Hoodie/4-1.tif,1.5,0.21825135145818381,0.30791428141903782,0.28273526061917253,0.19109910650360595
84,840,Hoodie,Hoodie::4,Hoodie/4-1.tif,2,0.22752401421705032,0.31182754916095284,0.28495827827326548,0.17569015834873122
84,840,Hoodie,Hoodie::4,Hoodie/4-1.tif,2.5,0.24894014172403964,0.31689819773844663,0.28190810783773501,0.15225355269977864
84,840,Hoodie,Hoodie::4,Hoodie/4-1.tif,3,0.26262980281995901,0.32647901843787969,0.28123823576703816,0.12965294297512325
85,850,Hoodie,Hoodie::5,Hoodie/5-1.tif,1,0.22657395812248543,0.30124427533904696,0.26706432608183656,0.20511744045663091
85,850,Hoodie,Hoodie::5,Hoodie/5-1.tif,1.1000000000000001,0.22963589703876661,0.30136607655766795,0.26866834930154637,0.20032967710201927
85,850,Hoodie,Hoodie::5,Hoodie/5-1.tif,1.25,0.23483612567641579,0.30747215386422688,0.26403554144321045,0.19365617901614701
85,850,Hoodie,Hoodie::5,Hoodie/5-1.tif,1.5,0.23494891701728637,0.31544472151687503,0.2636891309658993,0.1859172304999393
85,850,Hoodie,Hoodie::5,Hoodie/5-1.tif,2,0.23235440874519689,0.32737948234092917,0.26497292522225374,0.17529318369162003
85,850,Hoodie,Hoodie::5,Hoodie/5-1.tif,2.5,0.24271081689366691,0.34250790080384819,0.25637771249331709,0.15840356980916789
85,850,Hoodie,Hoodie::5,Hoodie/5-1.tif,3,0.26945967110097957,0.3635382284593926,0.24031048157004717,0.12669161886958083
86,860,Hoodie,Hoodie::6,Hoodie/6-1.tif,1,0.18569878199470577,0.27080033669870701,0.29950116217280409,0.24399971913378296
86,860,Hoodie,Hoodie::6,Hoodie/6-1.tif,1.1000000000000001,0.19421189219942636,0.28034855959627947,0.29182278757371538,0.23361676063057882
86,860,Hoodie,Hoodie::6,Hoodie/6-1.tif,1.25,0.22312605716939449,0.29403463932403645,0.27896078457242451,0.2038785189341446
86,860,Hoodie,Hoodie::6,Hoodie/6-1.tif,1.5,0.23358998242599796,0.30206764776685063,0.27116240028192218,0.19317996952522895
86,860,Hoodie,Hoodie::6,Hoodie/6-1.tif,2,0.24142709783248442,0.30402779950965275,0.26498780095731261,0.18955730170055032
86,860,Hoodie,Hoodie::6,Hoodie/6-1.tif,2.5,0.25423262689386095,0.30610349703409506,0.25551750215595243,0.18414637391609148
86,860,Hoodie,Hoodie::6,Hoodie/6-1.tif,3,0.2679758653261794,0.31130664537058705,0.2447643196060347,0.17595316969719893
87,870,Hoodie,Hoodie::7,Hoodie/7-1.tif,1,0.20458934579804891,0.262445247794102,0.30149256488350779,0.23147284152434125
87,870,Hoodie,Hoodie::7,Hoodie/7-1.tif,1.1000000000000001,0.21666604547533777,0.27971897646214089,0.29245401155888601,0.21116096650363522
87,870,Hoodie,Hoodie::7,Hoodie/7-1.tif,1.25,0.22689269955464778,0.28000729060366381,0.28567202084423038,0.20742798899745801
87,870,Hoodie,Hoodie::7,Hoodie/7-1.tif,1.5,0.23600562586536006,0.27962716480666339,0.27696853999048243,0.20739866933749415
87,870,Hoodie,Hoodie::7,Hoodie/7-1.tif,2,0.24335929114716334,0.28448422798485212,0.26694654603352885,0.20520993483445574
87,870,Hoodie,Hoodie::7,Hoodie/7-1.tif,2.5,0.26597327700518303,0.28805227600846994,0.25229678402149042,0.19367766296485656
87,870,Hoodie,Hoodie::7,Hoodie/7-1.tif,3,0.27461758461496089,0.28561800957190925,0.24836152147846627,0.19140288433466365
88,880,Hoodie,Hoodie::8,Hoodie/8-1.tif,1,0.22008713677907418,0.30502749941629104,0.27977304438267286,0.19511231942196197
88,880,Hoodie,Hoodie::8,Hoodie/8-1.tif,1.1000000000000001,0.23253046501588548,0.31544369646387077,0.26925552811481684,0.18277031040542707
88,880,Hoodie,Hoodie::8,Hoodie/8-1.tif,1.25,0.24466767916329366,0.31011645075363892,0.26572243062616296,0.17949343945690435
88,880,Hoodie,Hoodie::8,Hoodie/8-1.tif,1.5,0.24990595085842712,0.31208514853962643,0.26545386912347846,0.17255503147846807
88,880,Hoodie,Hoodie::8,Hoodie/8-1.tif,2,0.26331446079947723,0.31449024283126625,0.266334010822806,0.1558612855464506
88,880,Hoodie,Hoodie::8,Hoodie/8-1.tif,2.5,0.27590762202760677,0.30756123185642448,0.26727032966528441,0.14926081645068445
88,880,Hoodie,Hoodie::8,Hoodie/8-1.tif,3,0.28335946993737193,0.31751140856501875,0.2650908638181404,0.13403825767946873
89,890,Hoodie,Hoodie::9,Hoodie/9-1.tif,1,0.18969148991946311,0.29386058024648004,0.28583393695928316,0.23061399287477385
89,890,Hoodie,Hoodie::9,Hoodie/9-1.tif,1.1000000000000001,0.22876616577109909,0.32862571637636767,0.282345368501836,0.1602627493506972
89,890,Hoodie,Hoodie::9,Hoodie/9-1.tif,1.25,0.25457975939059746,0.33182115688787139,0.27087287464334259,0.14272620907818864
89,890,Hoodie,Hoodie::9,Hoodie/9-1.tif,1.5,0.24314971283063666,0.32010362989640523,0.27438902999075093,0.16235762728220712
89,890,Hoodie,Hoodie::9,Hoodie/9-1.tif,2,0.2316851725893955,0.30008473878659692,0.270771486490681,0.19745860213332658
89,890,Hoodie,Hoodie::9,Hoodie/9-1.tif,2.5,0.23708118030939113,0.28966618108809555,0.26581544875628199,0.2074371898462315
89,890,Hoodie,Hoodie::9,Hoodie/9-1.tif,3,0.240523294739074,0.292589979692367,0.26117361859826871,0.20571310697029022
90,900,Jacket,Jacket::1,Jacket/1-1.tif,1,0.19962540614017316,0.29499795190298911,0.29761661344714352,0.20776002850969424
90,900,Jacket,Jacket::1,Jacket/1-1.tif,1.1000000000000001,0.20991757482841791,0.29004276249969929,0.29213728462102528,0.20790237805085732
90,900,Jacket,Jacket::1,Jacket/1-1.tif,1.25,0.21561022319155546,0.29069225513501973,0.2956882135010962,0.19800930817232854
90,900,Jacket,Jacket::1,Jacket/1-1.tif,1.5,0.22052809382328939,0.29111310681929581,0.28997141971500756,0.19838737964240724
90,900,Jacket,Jacket::1,Jacket/1-1.tif,2,0.22780852110994168,0.2932702320024666,0.29204679218216817,0.18687445470542349
90,900,Jacket,Jacket::1,Jacket/1-1.tif,2.5,0.24123796580128462,0.30074098956166245,0.28950186873456935,0.16851917590248341
90,900,Jacket,Jacket::1,Jacket/1-1.tif,3,0.24783212430057033,0.31057758905749555,0.28518512228913362,0.15640516435280066
91,910,Jacket,Jacket::10,Jacket/10-1.tif,1,0.19702904225826556,0.30721189124731718,0.29427579536962722,0.20148327112478989
91,910,Jacket,Jacket::10,Jacket/10-1.tif,1.1000000000000001,0.21114630908731194,0.31396977313709878,0.28208178973311782,0.19280212804247124
91,910,Jacket,Jacket::10,Jacket/10-1.tif,1.25,0.21387319462574905,0.3030968033430449,0.27970437082887434,0.20332563120233166
91,910,Jacket,Jacket::10,Jacket/10-1.tif,1.5,0.21574416529136275,0.297154235059363,0.28042704813468511,0.20667455151458911
91,910,Jacket,Jacket::10,Jacket/10-1.tif,2,0.2229235434524714,0.29502319900757062,0.27699413247335009,0.20505912506660784
91,910,Jacket,Jacket::10,Jacket/10-1.tif,2.5,0.23530751965798083,0.29215822503688665,0.2744655353321529,0.19806871997297959
91,910,Jacket,Jacket::10,Jacket/10-1.tif,3,0.2516123174217148,0.2989186875937534,0.26996491494943231,0.17950408003509938
92,920,Jacket,Jacket::2,Jacket/2-1.tif,1,0.23911630856421812,0.31834384286478662,0.23238539708090633,0.21015445149008891
92,920,Jacket,Jacket::2,Jacket/2-1.tif,1.1000000000000001,0.25133776721660706,0.31396406472501803,0.23547321666923521,0.19922495138913957
92,920,Jacket,Jacket::2,Jacket/2-1.tif,1.25,0.25372466384161918,0.3135227119190877,0.2382873965985445,0.19446522764074842
92,920,Jacket,Jacket::2,Jacket/2-1.tif,1.5,0.25574187687402972,0.31380637616772372,0.23770889992959099,0.19274284702865535
92,920,Jacket,Jacket::2,Jacket/2-1.tif,2,0.26182569888959939,0.31374495319806833,0.23649414931118148,0.18793519860115085
92,920,Jacket,Jacket::2,Jacket/2-1.tif,2.5,0.27048062644298132,0.31429196375041485,0.23480105769044221,0.18042635211616162
92,920,Jacket,Jacket::2,Jacket/2-1.tif,3,0.27061895010462356,0.31412666721781735,0.23309063224047485,0.18216375043708427
93,930,Jacket,Jacket::3,Jacket/3-1.tif,1,0.19370413065394668,0.30414337391776691,0.28713821267900996,0.21501428274927623
93,930,Jacket,Jacket::3,Jacket/3-1.tif,1.1000000000000001,0.20149721904614681,0.30164656092148251,0.28407131078160736,0.21278490925076327
93,930,Jacket,Jacket::3,Jacket/3-1.tif,1.25,0.2038703610447867,0.29875615766278174,0.28522841597292459,0.21214506531950691
93,930,Jacket,Jacket::3,Jacket/3-1.tif,1.5,0.20390776106627875,0.29496472345493641,0.28988489497774739,0.21124262050103731
93,930,Jacket,Jacket::3,Jacket/3-1.tif,2,0.20530784922269518,0.29258152474578414,0.29188542960627001,0.21022519642525056
93,930,Jacket,Jacket::3,Jacket/3-1.tif,2.5,0.20898625696158202,0.29429284583778315,0.29483288436427185,0.20188801283636315
93,930,Jacket,Jacket::3,Jacket/3-1.tif,3,0.22106205621373587,0.30039481376738242,0.2925205409496221,0.1860225890692597
94,940,Jacket,Jacket::4,Jacket/4-1.tif,1,0.22433706685713217,0.29705678105720057,0.2754435890851612,0.20316256300050575
94,940,Jacket,Jacket::4,Jacket/4-1.tif,1.1000000000000001,0.23941956593651464,0.29437508746880325,0.26482038224510701,0.20138496434957534
94,940,Jacket,Jacket::4,Jacket/4-1.tif,1.25,0.24056164466484167,0.29334668076382076,0.26281263664542376,0.2032790379259137
94,940,Jacket,Jacket::4,Jacket/4-1.tif,1.5,0.24525072829056493,0.29376556546182853,0.25840511816475364,0.20257858808285276
94,940,Jacket,Jacket::4,Jacket/4-1.tif,2,0.26571571478429118,0.29164529774576636,0.25368733239700092,0.18895165507294179
94,940,Jacket,Jacket::4,Jacket/4-1.tif,2.5,0.26650397084776917,0.29823767263485684,0.25222457788999642,0.1830337786273776
94,940,Jacket,Jacket::4,Jacket/4-1.tif,3,0.27162978879718658,0.29664060487743554,0.24942236582128538,0.1823072405040923
95,950,Jacket,Jacket::5,Jacket/5-1.tif,1,0.27099239619652166,0.36084561745405985,0.23579005117309995,0.13237193517631859
95,950,Jacket,Jacket::5,Jacket/5-1.tif,1.1000000000000001,0.27683696834964655,0.37151183643506464,0.23069179678318438,0.12095939843210438
95,950,Jacket,Jacket::5,Jacket/5-1.tif,1.25,0.29275409747597109,0.37547602723417539,0.22390818323316022,0.10786169205669324
95,950,Jacket,Jacket::5,Jacket/5-1.tif,1.5,0.30524976202549914,0.37428455500715124,0.21926334058560257,0.10120234238174718
95,950,Jacket,Jacket::5,Jacket/5-1.tif,2,0.30991079116903153,0.38236057595453521,0.21835358262134211,0.089375050255091293
95,950,Jacket,Jacket::5,Jacket/5-1.tif,2.5,0.30673178022268216,0.38234894877167164,0.21998873477269448,0.09093053623295165
95,950,Jacket,Jacket::5,Jacket/5-1.tif,3,0.30925522693311236,0.38507870240022757,0.22056317957743565,0.085102891089224336
96,960,Jacket,Jacket::6,Jacket/6-1.tif,1,0.23476658679669943,0.28126607866252046,0.28179785003475438,0.20216948450602587
96,960,Jacket,Jacket::6,Jacket/6-1.tif,1.1000000000000001,0.24282557885272665,0.28552772696466083,0.27143899345543354,0.200207700727179
96,960,Jacket,Jacket::6,Jacket/6-1.tif,1.25,0.24251930007568373,0.27568639748595786,0.26638371760082569,0.2154105848375327
96,960,Jacket,Jacket::6,Jacket/6-1.tif,1.5,0.24806923886177901,0.2748093301084843,0.26319160546455134,0.21392982556518522
96,960,Jacket,Jacket::6,Jacket/6-1.tif,2,0.25880539150309073,0.28023139167352706,0.2537583259413268,0.20720489088205538
96,960,Jacket,Jacket::6,Jacket/6-1.tif,2.5,0.27274747195970045,0.28250402081468412,0.24970235592124873,0.19504615130436659
96,960,Jacket,Jacket::6,Jacket/6-1.tif,3,0.28198185331737602,0.28915999902635037,0.24372998958218098,0.18512815807409247
97,970,Jacket,Jacket::7,Jacket/7-1.tif,1,0.20908366763125563,0.2964517837947066,0.29171792690220755,0.20274662167183038
97,970,Jacket,Jacket::7,Jacket/7-1.tif,1.1000000000000001,0.21904129123866875,0.29849742646532279,0.28733049122391102,0.19513079107209733
97,970,Jacket,Jacket::7,Jacket/7-1.tif,1.25,0.22671185334381541,0.29742639591070824,0.28879593866759601,0.18706581207788026
97,970,Jacket,Jacket::7,Jacket/7-1.tif,1.5,0.22307087018740179,0.29432118993347295,0.28955308136220931,0.19305485851691603
97,970,Jacket,Jacket::7,Jacket/7-1.tif,2,0.22645496721645697,0.29269878079375539,0.28740473885025197,0.19344151313953556
97,970,Jacket,Jacket::7,Jacket/7-1.tif,2.5,0.24698270673029546,0.30418887505449138,0.2778392731251495,0.17098914509006397
97,970,Jacket,Jacket::7,Jacket/7-1.tif,3,0.25429068033842117,0.30283093486859375,0.27421849850459568,0.1686598862883894
98,980,Jacket,Jacket::8,Jacket/8-1.tif,1,0.199877663939422,0.32722908546636814,0.27220905042486737,0.20068420016934232
98,980,Jacket,Jacket::8,Jacket/8-1.tif,1.1000000000000001,0.20630763600162433,0.32099346393855654,0.27234934023774088,0.20034955982207819
98,980,Jacket,Jacket::8,Jacket/8-1.tif,1.25,0.2107923673620454,0.31892123628548485,0.27157400679135091,0.19871238956111872
98,980,Jacket,Jacket::8,Jacket/8-1.tif,1.5,0.21607422702675314,0.31674813330818608,0.26977388009950959,0.19740375956555103
98,980,Jacket,Jacket::8,Jacket/8-1.tif,2,0.22152465516119849,0.31726509572666517,0.27228484314326967,0.18892540596886678
98,980,Jacket,Jacket::8,Jacket/8-1.tif,2.5,0.23669235761776075,0.32491729481280196,0.27049317946047569,0.16789716810896174
98,980,Jacket,Jacket::8,Jacket/8-1.tif,3,0.2466587658616633,0.33322116964738868,0.26605975757192668,0.15406030691902131
99,990,Jacket,Jacket::9,Jacket/9-1.tif,1,0.23515104334880674,0.33223581121057261,0.2577063301431658,0.17490681529745489
99,990,Jacket,Jacket::9,Jacket/9-1.tif,1.1000000000000001,0.25491881952142514,0.33963098283944682,0.24993662143019346,0.15551357620893441
99,990,Jacket,Jacket::9,Jacket/9-1.tif,1.25,0.26623975011746304,0.34588706789275919,0.24686852923985475,0.14100465274992291
99,990,Jacket,Jacket::9,Jacket/9-1.tif,1.5,0.28028670329612732,0.35985712811617371,0.24272428886928288,0.11713187971841625
99,990,Jacket,Jacket::9,Jacket/9-1.tif,2,0.29812973172098217,0.37192446615488745,0.23353458087112886,0.09641122125300168
99,990,Jacket,Jacket::9,Jacket/9-1.tif,2.5,0.28287619150033028,0.34903181323775606,0.23789612384524816,0.13019587141666536
99,990,Jacket,Jacket::9,Jacket/9-1.tif,3,0.27860058928645653,0.33655594489730023,0.23383240161610241,0.15101106420014082
100,1000,Jumpsuit,Jumpsuit::1,Jumpsuit/1-10.tif,1,0.28730995642763002,0.26338630425295551,0.28332392917807192,0.16597981014134278
100,1000,Jumpsuit,Jumpsuit::1,Jumpsuit/1-10.tif,1.1000000000000001,0.31065109093101034,0.25745239847943846,0.26736136786182885,0.16453514272772221
100,1000,Jumpsuit,Jumpsuit::1,Jumpsuit/1-10.tif,1.25,0.33249599961850013,0.25327779488556845,0.25503504717340586,0.15919115832252573
100,1000,Jumpsuit,Jumpsuit::1,Jumpsuit/1-10.tif,1.5,0.35879811583441218,0.2543190787514476,0.23859093971124865,0.14829186570289157
100,1000,Jumpsuit,Jumpsuit::1,Jumpsuit/1-10.tif,2,0.3953727013453236,0.25454162015093712,0.22147185175243983,0.12861382675129943
100,1000,Jumpsuit,Jumpsuit::1,Jumpsuit/1-10.tif,2.5,0.43393647840049776,0.25883730794032267,0.19199927917443024,0.11522693448474952
100,1000,Jumpsuit,Jumpsuit::1,Jumpsuit/1-10.tif,3,0.4600587190020754,0.23483770323556713,0.19006551667119298,0.11503806109116468
101,1001,Jumpsuit,Jumpsuit::10,Jumpsuit/10-10.tif,1,0.20376353671491398,0.24287162180740721,0.32064417906164333,0.23272066241603545
101,1001,Jumpsuit,Jumpsuit::10,Jumpsuit/10-10.tif,1.1000000000000001,0.23239226981772282,0.24777907826158907,0.30462685713748811,0.21520179478319987
101,1001,Jumpsuit,Jumpsuit::10,Jumpsuit/10-10.tif,1.25,0.265128644137683,0.24563705814912418,0.29126712146432698,0.19796717624886587
101,1001,Jumpsuit,Jumpsuit::10,Jumpsuit/10-10.tif,1.5,0.30441613982608345,0.2442085607886528,0.27155244719454047,0.17982285219072336
101,1001,Jumpsuit,Jumpsuit::10,Jumpsuit/10-10.tif,2,0.35703467638090391,0.24008266353937308,0.24671189084787801,0.156170769231845
101,1001,Jumpsuit,Jumpsuit::10,Jumpsuit/10-10.tif,2.5,0.39730074494699008,0.23843458238666176,0.22708923874708931,0.13717543391925879
101,1001,Jumpsuit,Jumpsuit::10,Jumpsuit/10-10.tif,3,0.42712219983391936,0.23588022426540367,0.2138045478710873,0.1231930280295899
102,1020,Jumpsuit,Jumpsuit::2,Jumpsuit/2_1.tif,1,0.31267784833063039,0.18841880616432843,0.24284890980387966,0.25605443570116132
102,1020,Jumpsuit,Jumpsuit::2,Jumpsuit/2_1.tif,1.1000000000000001,0.34286570059743332,0.20250977737288742,0.23869521202206787,0.21592931000761131
102,1020,Jumpsuit,Jumpsuit::2,Jumpsuit/2_1.tif,1.25,0.37969687513863953,0.20897847063384883,0.2264901894098672,0.1848344648176444
102,1020,Jumpsuit,Jumpsuit::2,Jumpsuit/2_1.tif,1.5,0.40316257580019565,0.21913759602857225,0.21635278247529657,0.16134704569593547
102,1020,Jumpsuit,Jumpsuit::2,Jumpsuit/2_1.tif,2,0.4174134678303229,0.2292236853136253,0.20426530965963935,0.14909753719641256
102,1020,Jumpsuit,Jumpsuit::2,Jumpsuit/2_1.tif,2.5,0.41428469353112585,0.23883017874765591,0.20009745450531674,0.14678767321590144
102,1020,Jumpsuit,Jumpsuit::2,Jumpsuit/2_1.tif,3,0.43316515513580284,0.24709710758921252,0.19116656776627167,0.12857116950871281
103,1029,Jumpsuit,Jumpsuit::3,Jumpsuit/3_1.tif,1,0.34837498219259339,0.18675760044464584,0.20300326060267559,0.26186415676008507
103,1029,Jumpsuit,Jumpsuit::3,Jumpsuit/3_1.tif,1.1000000000000001,0.38987629967047371,0.18716832433874953,0.18780873241073637,0.23514664358004039
103,1029,Jumpsuit,Jumpsuit::3,Jumpsuit/3_1.tif,1.25,0.41760515323183595,0.18982387560211333,0.18802085936737226,0.20455011179867835
103,1029,Jumpsuit,Jumpsuit::3,Jumpsuit/3_1.tif,1.5,0.42015312035452285,0.19841680251731009,0.19294832416058064,0.18848175296758629
103,1029,Jumpsuit,Jumpsuit::3,Jumpsuit/3_1.tif,2,0.41723940562629208,0.21630736060591674,0.19722202746270054,0.16923120630509075
103,1029,Jumpsuit,Jumpsuit::3,Jumpsuit/3_1.tif,2.5,0.41670136119246332,0.22842518057500116,0.20114315928147353,0.15373029895106197
103,1029,Jumpsuit,Jumpsuit::3,Jumpsuit/3_1.tif,3,0.41259229080431109,0.22829019558329491,0.20472381859897962,0.15439369501341449
104,1039,Jumpsuit,Jumpsuit::4,Jumpsuit/4_1.tif,1,0.26037284636169927,0.25825958629140511,0.29679693397114487,0.18457063337575064
104,1039,Jumpsuit,Jumpsuit::4,Jumpsuit/4_1.tif,1.1000000000000001,0.27806011058138719,0.25697212717844653,0.28221668930403704,0.18275107293612922
104,1039,Jumpsuit,Jumpsuit::4,Jumpsuit/4_1.tif,1.25,0.2762466356464533,0.25682966639104243,0.27854504457466683,0.18837865338783738
104,1039,Jumpsuit,Jumpsuit::4,Jumpsuit/4_1.tif,1.5,0.27980963232779998,0.25943571273037674,0.27265248771248085,0.18810216722934253
104,1039,Jumpsuit,Jumpsuit::4,Jumpsuit/4_1.tif,2,0.2776111800768713,0.26304510104232981,0.2745354030188572,0.18480831586194169
104,1039,Jumpsuit,Jumpsuit::4,Jumpsuit/4_1.tif,2.5,0.27588154931564435,0.26365932714166335,0.27085397400980454,0.18960514953288751
104,1039,Jumpsuit,Jumpsuit::4,Jumpsuit/4_1.tif,3,0.28219840955336145,0.26696328062929314,0.26158803789627211,0.18925027192107333
105,1049,Jumpsuit,Jumpsuit::5,Jumpsuit/5_1.tif,1,0.22745637979170166,0.25515544900691067,0.28562663114492398,0.23176154005646382
105,1049,Jumpsuit,Jumpsuit::5,Jumpsuit/5_1.tif,1.1000000000000001,0.26372026103054697,0.26449498577662656,0.26379282188993519,0.2079919313028912
105,1049,Jumpsuit,Jumpsuit::5,Jumpsuit/5_1.tif,1.25,0.296185957525125,0.26544526414689468,0.24627041082950268,0.19209836749847745
105,1049,Jumpsuit,Jumpsuit::5,Jumpsuit/5_1.tif,1.5,0.30779606874083382,0.26336753653315131,0.2412140588418461,0.18762233588416891
105,1049,Jumpsuit,Jumpsuit::5,Jumpsuit/5_1.tif,2,0.32318527701011607,0.27448584011495525,0.23214887245737292,0.17018001041755562
105,1049,Jumpsuit,Jumpsuit::5,Jumpsuit/5_1.tif,2.5,0.32763481644273729,0.27053558370100073,0.23220819061441467,0.16962140924184713
105,1049,Jumpsuit,Jumpsuit::5,Jumpsuit/5_1.tif,3,0.33976738647249305,0.26045467005377021,0.23578549887706002,0.16399244459667683
106,1059,Jumpsuit,Jumpsuit::6,Jumpsuit/6_1.tif,1,0.2338821974147953,0.25969443055564539,0.2836201151425814,0.22280325688697786
106,1059,Jumpsuit,Jumpsuit::6,Jumpsuit/6_1.tif,1.1000000000000001,0.27394083036911543,0.25992714910822751,0.25789248749096827,0.20823953303168879
106,1059,Jumpsuit,Jumpsuit::6,Jumpsuit/6_1.tif,1.25,0.28660412291070969,0.26039725252499513,0.25060415550807841,0.20239446905621664
106,1059,Jumpsuit,Jumpsuit::6,Jumpsuit/6_1.tif,1.5,0.30051715358578435,0.26391674471976007,0.24178792417323861,0.19377817752121698
106,1059,Jumpsuit,Jumpsuit::6,Jumpsuit/6_1.tif,2,0.31055632673017453,0.27417897655594298,0.2340949181987762,0.18116977851510621
106,1059,Jumpsuit,Jumpsuit::6,Jumpsuit/6_1.tif,2.5,0.31042072532045717,0.26773022846229083,0.23871821827990963,0.18313082793734248
106,1059,Jumpsuit,Jumpsuit::6,Jumpsuit/6_1.tif,3,0.31539265993039134,0.25863566631233048,0.23807171906800975,0.18789995468926857
107,1070,Jumpsuit,Jumpsuit::7,Jumpsuit/7_1.tif,1,0.24088192610194756,0.24829585492312167,0.3056800728739491,0.20514214610098183
107,1070,Jumpsuit,Jumpsuit::7,Jumpsuit/7_1.tif,1.1000000000000001,0.2569557686225038,0.24542469487991372,0.2985231261532108,0.19909641034437164
107,1070,Jumpsuit,Jumpsuit::7,Jumpsuit/7_1.tif,1.25,0.27446305260423493,0.24103983784495811,0.29215012986766659,0.19234697968314041
107,1070,Jumpsuit,Jumpsuit::7,Jumpsuit/7_1.tif,1.5,0.29307863885460528,0.24063708935890454,0.28200303132316723,0.18428124046332278
107,1070,Jumpsuit,Jumpsuit::7,Jumpsuit/7_1.tif,2,0.33489987331862819,0.23306128471440768,0.26341007641727437,0.16862876554968984
107,1070,Jumpsuit,Jumpsuit::7,Jumpsuit/7_1.tif,2.5,0.35626537220640636,0.23189954955047903,0.25434790266879237,0.15748717557432224
107,1070,Jumpsuit,Jumpsuit::7,Jumpsuit/7_1.tif,3,0.3739315556876146,0.23004405214855636,0.24869670275472619,0.1473276894091029
108,1080,Jumpsuit,Jumpsuit::8,Jumpsuit/8-10.tif,1,0.31723865991843625,0.18030644318188876,0.31766267436842571,0.18479222253124927
108,1080,Jumpsuit,Jumpsuit::8,Jumpsuit/8-10.tif,1.1000000000000001,0.35083621321759723,0.18572503982531452,0.2958259709092384,0.16761277604785002
108,1080,Jumpsuit,Jumpsuit::8,Jumpsuit/8-10.tif,1.25,0.38634272840885014,0.19861108849615147,0.26552963845128064,0.14951654464371791
108,1080,Jumpsuit,Jumpsuit::8,Jumpsuit/8-10.tif,1.5,0.42840479117164798,0.20841518707788592,0.23235418388363169,0.13082583786683469
108,1080,Jumpsuit,Jumpsuit::8,Jumpsuit/8-10.tif,2,0.43140581526359678,0.22099009841067124,0.21570865039714646,0.13189543592858544
108,1080,Jumpsuit,Jumpsuit::8,Jumpsuit/8-10.tif,2.5,0.42589521918626166,0.23376244630936102,0.21474109713700534,0.12560123736737211
108,1080,Jumpsuit,Jumpsuit::8,Jumpsuit/8-10.tif,3,0.42071494206294674,0.23985626293202852,0.2114098361465592,0.12801895885846565
109,1090,Jumpsuit,Jumpsuit::9,Jumpsuit/9-10.tif,1,0.34589170054006974,0.22014657922555361,0.22435640958968564,0.20960531064469104
109,1090,Jumpsuit,Jumpsuit::9,Jumpsuit/9-10.tif,1.1000000000000001,0.37710675342710609,0.21280927263593769,0.21967738192941724,0.19040659200753932
109,1090,Jumpsuit,Jumpsuit::9,Jumpsuit/9-10.tif,1.25,0.41117158194169201,0.211227165010621,0.207298808158314,0.17030244488937318
109,1090,Jumpsuit,Jumpsuit::9,Jumpsuit/9-10.tif,1.5,0.44715033939637372,0.19879708437050472,0.1997841047335025,0.15426847149961906
109,1090,Jumpsuit,Jumpsuit::9,Jumpsuit/9-10.tif,2,0.49831181068791736,0.19719975173338897,0.18272194965452368,0.12176648792416991
109,1090,Jumpsuit,Jumpsuit::9,Jumpsuit/9-10.tif,2.5,0.53928902665314793,0.19344667156444195,0.17013328647774828,0.097131015304661755
109,1090,Jumpsuit,Jumpsuit::9,Jumpsuit/9-10.tif,3,0.55669692576455709,0.18960569674443767,0.1720734732394455,0.081623904251559798
110,1110,Mermaid,Mermaid::1,Mermaid/1_1.tif,1,0.26286572959213994,0.22361154623753204,0.28220133235131739,0.2313213918190104
110,1110,Mermaid,Mermaid::1,Mermaid/1_1.tif,1.1000000000000001,0.3002126951194477,0.21840908957496621,0.26193685482934048,0.21944136047624546
110,1110,Mermaid,Mermaid::1,Mermaid/1_1.tif,1.25,0.35978289029285887,0.22232097968856543,0.23365668400274153,0.18423944601583425
110,1110,Mermaid,Mermaid::1,Mermaid/1_1.tif,1.5,0.39345578145622895,0.22229342435097685,0.22066644438409083,0.16358434980870332
110,1110,Mermaid,Mermaid::1,Mermaid/1_1.tif,2,0.44832783934912296,0.2395707032442867,0.18395583248623007,0.12814562492036047
110,1110,Mermaid,Mermaid::1,Mermaid/1_1.tif,2.5,0.47907567585425576,0.24933689455321353,0.16956022287295278,0.102027206719578
110,1110,Mermaid,Mermaid::1,Mermaid/1_1.tif,3,0.48604652025939349,0.25157964331388211,0.1655475638040351,0.096826272622689391
111,1100,Mermaid,Mermaid::10,Mermaid/10_1.tif,1,0.22778043933050773,0.27016501890066297,0.28502009765393804,0.21703444411489115
111,1100,Mermaid,Mermaid::10,Mermaid/10_1.tif,1.1000000000000001,0.26579459064874733,0.27797156970491793,0.27143120073097493,0.18480263891535964
111,1100,Mermaid,Mermaid::10,Mermaid/10_1.tif,1.25,0.28089478603114842,0.28729578576879894,0.26615464907189013,0.16565477912816226
111,1100,Mermaid,Mermaid::10,Mermaid/10_1.tif,1.5,0.26717492364537654,0.29402114494698089,0.26517723552459449,0.17362669588304802
111,1100,Mermaid,Mermaid::10,Mermaid/10_1.tif,2,0.24506385791687599,0.32744539549304347,0.26109435061639835,0.1663963959736823
111,1100,Mermaid,Mermaid::10,Mermaid/10_1.tif,2.5,0.23167998670937104,0.32764665194303694,0.26747590180573716,0.17319745954185464
111,1100,Mermaid,Mermaid::10,Mermaid/10_1.tif,3,0.22869648023981978,0.31994879060495718,0.27243749748891305,0.17891723166630999
112,1120,Mermaid,Mermaid::2,Mermaid/2_1.tif,1,0.2330361813971942,0.29931450986489366,0.28434763708743066,0.18330167165048145
112,1120,Mermaid,Mermaid::2,Mermaid/2_1.tif,1.1000000000000001,0.25004061194155658,0.32340247478962747,0.26743010567488606,0.15912680759393003
112,1120,Mermaid,Mermaid::2,Mermaid/2_1.tif,1.25,0.26724226710047438,0.32750967092378913,0.25758059509444425,0.14766746688129234
112,1120,Mermaid,Mermaid::2,Mermaid/2_1.tif,1.5,0.28361546738223031,0.33047646945899917,0.2481004035377796,0.1378076596209909
112,1120,Mermaid,Mermaid::2,Mermaid/2_1.tif,2,0.2997397162123781,0.34247572455322989,0.23588118922204412,0.12190337001234809
112,1120,Mermaid,Mermaid::2,Mermaid/2_1.tif,2.5,0.30957035010379896,0.35967649381675088,0.22907388676280038,0.10167926931664972
112,1120,Mermaid,Mermaid::2,Mermaid/2_1.tif,3,0.3207129680695302,0.36984554718456619,0.22060274932254434,0.088838735423359183
113,1130,Mermaid,Mermaid::3,Mermaid/3_1.tif,1,0.24120178540204454,0.26939110251248632,0.29021109027798192,0.19919602180748733
113,1130,Mermaid,Mermaid::3,Mermaid/3_1.tif,1.1000000000000001,0.2676797563547903,0.26515802018899426,0.27135342493106196,0.19580879852515334
113,1130,Mermaid,Mermaid::3,Mermaid/3_1.tif,1.25,0.27816752406093753,0.26369411415879407,0.26881426045524992,0.1893241013250184
113,1130,Mermaid,Mermaid::3,Mermaid/3_1.tif,1.5,0.27470836780836372,0.27396825760390203,0.2605314386553636,0.19079193593237065
113,1130,Mermaid,Mermaid::3,Mermaid/3_1.tif,2,0.26918148520278584,0.2912725757217634,0.26005869351041522,0.17948724556503584
113,1130,Mermaid,Mermaid::3,Mermaid/3_1.tif,2.5,0.27869644781472541,0.3205959954461316,0.25157811867613922,0.14912943806300372
113,1130,Mermaid,Mermaid::3,Mermaid/3_1.tif,3,0.30043520360075754,0.34332857513526138,0.24213235984243972,0.11410386142154125
114,1140,Mermaid,Mermaid::4,Mermaid/4_1.tif,1,0.32288808092418514,0.19569918808747297,0.21667938626598179,0.26473334472235988
114,1140,Mermaid,Mermaid::4,Mermaid/4_1.tif,1.1000000000000001,0.34934609750175505,0.20037370068680013,0.20358521772729424,0.24669498408415058
114,1140,Mermaid,Mermaid::4,Mermaid/4_1.tif,1.25,0.37301575760332994,0.20082938952590598,0.20580898890966826,0.22034586396109587
114,1140,Mermaid,Mermaid::4,Mermaid/4_1.tif,1.5,0.3972424422241872,0.21096386634126471,0.1929872117052609,0.19880647972928733
114,1140,Mermaid,Mermaid::4,Mermaid/4_1.tif,2,0.38644501801305947,0.23677401720563879,0.2032890509747815,0.17349191380652029
114,1140,Mermaid,Mermaid::4,Mermaid/4_1.tif,2.5,0.38259120822584136,0.24896041895329715,0.20717862564848977,0.16126974717237166
114,1140,Mermaid,Mermaid::4,Mermaid/4_1.tif,3,0.39649014672278654,0.27125682879818191,0.21243421089513134,0.11981881358390015
115,1150,Mermaid,Mermaid::5,Mermaid/5_1.tif,1,0.22979942098030473,0.24640972632225994,0.26932057769631274,0.25447027500112268
115,1150,Mermaid,Mermaid::5,Mermaid/5_1.tif,1.1000000000000001,0.2616221549745405,0.24095174525812946,0.26166448365648537,0.2357616161108447
115,1150,Mermaid,Mermaid::5,Mermaid/5_1.tif,1.25,0.31327838304043815,0.23901210376503593,0.2453393474852523,0.20237016570927388
115,1150,Mermaid,Mermaid::5,Mermaid/5_1.tif,1.5,0.33614228253516659,0.24498250289428514,0.23151869804611841,0.18735651652442992
115,1150,Mermaid,Mermaid::5,Mermaid/5_1.tif,2,0.37120696352790672,0.27499608790437302,0.21916202128713624,0.13463492728058407
115,1150,Mermaid,Mermaid::5,Mermaid/5_1.tif,2.5,0.3763121664020681,0.30098111126621524,0.21699912422636342,0.10570759810535332
115,1150,Mermaid,Mermaid::5,Mermaid/5_1.tif,3,0.35119828777140027,0.31235371236056708,0.22483922201056825,0.11160877785746447
116,1160,Mermaid,Mermaid::6,Mermaid/6_1.tif,1,0.26756572886107977,0.26668853859799824,0.28452205710722284,0.18122367543369944
116,1160,Mermaid,Mermaid::6,Mermaid/6_1.tif,1.1000000000000001,0.28774246311930679,0.27139866279093205,0.27167908373363969,0.16917979035612143
116,1160,Mermaid,Mermaid::6,Mermaid/6_1.tif,1.25,0.3046089850225619,0.27394817342651584,0.26517160600878947,0.15627123554213282
116,1160,Mermaid,Mermaid::6,Mermaid/6_1.tif,1.5,0.32045605127464732,0.27294403892884533,0.26205889444402669,0.14454101535248048
116,1160,Mermaid,Mermaid::6,Mermaid/6_1.tif,2,0.33530091573724835,0.27164892698442,0.2589907860167745,0.13405937126155695
116,1160,Mermaid,Mermaid::6,Mermaid/6_1.tif,2.5,0.3522135473879191,0.26560096081075396,0.25677129983737579,0.12541419196395118
116,1160,Mermaid,Mermaid::6,Mermaid/6_1.tif,3,0.36637900013428781,0.27139548001598696,0.24808071623519831,0.11414480361452695
117,1170,Mermaid,Mermaid::7,Mermaid/7_1.tif,1,0.29301655771122059,0.25801236169012209,0.28822711682044844,0.16074396377820871
117,1170,Mermaid,Mermaid::7,Mermaid/7_1.tif,1.1000000000000001,0.32397993414003717,0.25910168334082229,0.27493514966704119,0.14198323285209932
117,1170,Mermaid,Mermaid::7,Mermaid/7_1.tif,1.25,0.35403664453033273,0.25706875395244028,0.25821571713269903,0.1306788843845281
117,1170,Mermaid,Mermaid::7,Mermaid/7_1.tif,1.5,0.36752357008073566,0.26539405420407325,0.24328895380016655,0.12379342191502461
117,1170,Mermaid,Mermaid::7,Mermaid/7_1.tif,2,0.39287021172513464,0.30058918226565884,0.22448035608719027,0.08206024992201634
117,1170,Mermaid,Mermaid::7,Mermaid/7_1.tif,2.5,0.37718916875049363,0.30884450757934601,0.22408940494529556,0.089876918724864696
117,1170,Mermaid,Mermaid::7,Mermaid/7_1.tif,3,0.3545350766922693,0.30716175197392753,0.23242200730338389,0.10588116403041925
118,1180,Mermaid,Mermaid::8,Mermaid/8_1.tif,1,0.26255959899700232,0.28013311276456365,0.26873837288885138,0.18856891534958264
118,1180,Mermaid,Mermaid::8,Mermaid/8_1.tif,1.1000000000000001,0.29237848600446797,0.29735881512777718,0.2540914965733323,0.15617120229442258
118,1180,Mermaid,Mermaid::8,Mermaid/8_1.tif,1.25,0.30159010461549224,0.29547993124478833,0.25410495650440895,0.1488250076353107
118,1180,Mermaid,Mermaid::8,Mermaid/8_1.tif,1.5,0.31310850992221856,0.29245581527971015,0.24871620573822467,0.1457194690598467
118,1180,Mermaid,Mermaid::8,Mermaid/8_1.tif,2,0.31924172666079209,0.28943702530066395,0.2446022064025474,0.14671904163599658
118,1180,Mermaid,Mermaid::8,Mermaid/8_1.tif,2.5,0.33050632039326905,0.283339618593414,0.23277324224052318,0.15338081877279372
118,1180,Mermaid,Mermaid::8,Mermaid/8_1.tif,3,0.32474774900559572,0.28807185595170759,0.23539878482630677,0.15178161021639006
119,1190,Mermaid,Mermaid::9,Mermaid/9_1.tif,1,0.2409460672308967,0.24510302923181737,0.29032640721157277,0.22362449632571307
119,1190,Mermaid,Mermaid::9,Mermaid/9_1.tif,1.1000000000000001,0.28369429293790938,0.24248577852489017,0.27823711338750934,0.195582815149691
119,1190,Mermaid,Mermaid::9,Mermaid/9_1.tif,1.25,0.33638846202239603,0.24617838619881655,0.2582956363421906,0.15913751543659702
119,1190,Mermaid,Mermaid::9,Mermaid/9_1.tif,1.5,0.34384968226668361,0.26092872301173692,0.23395411213596889,0.16126748258561052
119,1190,Mermaid,Mermaid::9,Mermaid/9_1.tif,2,0.32303465619939337,0.28445296127745612,0.22245519838858155,0.17005718413456908
119,1190,Mermaid,Mermaid::9,Mermaid/9_1.tif,2.5,0.28964002500478342,0.30453463785139206,0.23189594338628217,0.17392939375754229
119,1190,Mermaid,Mermaid::9,Mermaid/9_1.tif,3,0.27011517767136101,0.29501546258171524,0.24572683659486766,0.18914252315205596
120,1210,Mini,Mini::1,Mini/1_1.tif,1,0.27315516795461525,0.30562985734876369,0.26785615959175285,0.15335881510486815
120,1210,Mini,Mini::1,Mini/1_1.tif,1.1000000000000001,0.27721763957216816,0.3043508576339195,0.26217979367620531,0.15625170911770717
120,1210,Mini,Mini::1,Mini/1_1.tif,1.25,0.2837824468575304,0.2974122652825042,0.26386868757289589,0.15493660028706951
120,1210,Mini,Mini::1,Mini/1_1.tif,1.5,0.29177210021872768,0.30219730241635012,0.25877075033691216,0.14725984702801004
120,1210,Mini,Mini::1,Mini/1_1.tif,2,0.3045608972317112,0.30686886582724587,0.25362478465055155,0.13494545229049149
120,1210,Mini,Mini::1,Mini/1_1.tif,2.5,0.3171003155304794,0.31266910980877333,0.24809001134549047,0.12214056331525708
120,1210,Mini,Mini::1,Mini/1_1.tif,3,0.32035895089659217,0.31643358223756446,0.24734944186258273,0.11585802500326071
121,1200,Mini,Mini::10,Mini/10_1.tif,1,0.21716660213490596,0.2739052860439935,0.29620131135020022,0.21272680047089998
121,1200,Mini,Mini::10,Mini/10_1.tif,1.1000000000000001,0.22528690477274099,0.27816880601935529,0.28920603505546694,0.20733825415243659
121,1200,Mini,Mini::10,Mini/10_1.tif,1.25,0.22513975228602551,0.27381085450804166,0.28823946045714316,0.21280993274878976
121,1200,Mini,Mini::10,Mini/10_1.tif,1.5,0.22440802232632481,0.2699167593393062,0.28587579340676672,0.21979942492760232
121,1200,Mini,Mini::10,Mini/10_1.tif,2,0.22271718432790741,0.26804601459364591,0.28523554671691331,0.22400125436153331
121,1200,Mini,Mini::10,Mini/10_1.tif,2.5,0.23004115406274181,0.27117728965972338,0.27917313381527881,0.21960842246225593
121,1200,Mini,Mini::10,Mini/10_1.tif,3,0.2404165355475554,0.2768787544375243,0.27299708364384911,0.20970762637107121
122,1220,Mini,Mini::2,Mini/2_1.tif,1,0.18894839276466777,0.25641009852510482,0.28957936612041285,0.26506214258981464
122,1220,Mini,Mini::2,Mini/2_1.tif,1.1000000000000001,0.198913716060271,0.26934700942977358,0.2906300297772495,0.24110924473270573
122,1220,Mini,Mini::2,Mini/2_1.tif,1.25,0.21218139870079805,0.27166887383521188,0.28732922445909653,0.22882050300489348
122,1220,Mini,Mini::2,Mini/2_1.tif,1.5,0.21795421145698607,0.27620631006498464,0.2848373203487965,0.22100215812923296
122,1220,Mini,Mini::2,Mini/2_1.tif,2,0.22805120358068121,0.27498501777466383,0.28251773890203991,0.21444603974261503
122,1220,Mini,Mini::2,Mini/2_1.tif,2.5,0.23998864352928678,0.27568074313210383,0.2771428992022188,0.2071877141363907
122,1220,Mini,Mini::2,Mini/2_1.tif,3,0.2574718153981233,0.28389934174614517,0.2718836532535116,0.18674518960222014
123,1230,Mini,Mini::3,Mini/3_1.tif,1,0.20588094237175478,0.28640341291292687,0.27174339872449244,0.23597224599082567
123,1230,Mini,Mini::3,Mini/3_1.tif,1.1000000000000001,0.22167229999589141,0.31118922940175092,0.25591459066953565,0.21122387993282218
123,1230,Mini,Mini::3,Mini/3_1.tif,1.25,0.23844217422673669,0.31039623903042307,0.25314826032695914,0.19801332641588124
123,1230,Mini,Mini::3,Mini/3_1.tif,1.5,0.23999565905268189,0.31707316059596152,0.25787804246725549,0.1850531378841011
123,1230,Mini,Mini::3,Mini/3_1.tif,2,0.23119506864991346,0.30407922612901811,0.26954155219424303,0.19518415302682526
123,1230,Mini,Mini::3,Mini/3_1.tif,2.5,0.23705259416437216,0.29519743667449483,0.2833445001105237,0.18440546905060923
123,1230,Mini,Mini::3,Mini/3_1.tif,3,0.23847785297738056,0.2994762375444911,0.29110335325496794,0.17094255622316029
124,1240,Mini,Mini::4,Mini/4_1.tif,1,0.21221162114764466,0.30210878712240891,0.30469282768336481,0.18098676404658179
124,1240,Mini,Mini::4,Mini/4_1.tif,1.1000000000000001,0.22271862985989474,0.31085137062852852,0.29344993823105875,0.17298006128051804
124,1240,Mini,Mini::4,Mini/4_1.tif,1.25,0.2246570423914539,0.32015516718503528,0.28843318777576349,0.16675460264774739
124,1240,Mini,Mini::4,Mini/4_1.tif,1.5,0.21544620863591613,0.32426680872306918,0.28677208589092157,0.1735148967500931
124,1240,Mini,Mini::4,Mini/4_1.tif,2,0.21314785401633959,0.31708742911515098,0.28373762581189055,0.18602709105661885
124,1240,Mini,Mini::4,Mini/4_1.tif,2.5,0.21261532887364223,0.31800608076433051,0.28517133086512647,0.18420725949690092
124,1240,Mini,Mini::4,Mini/4_1.tif,3,0.21623078958816511,0.32232072632280778,0.28449708322227285,0.1769514008667542
125,1250,Mini,Mini::5,Mini/5_1.tif,1,0.18016691250736475,0.3071330030256697,0.30543854914730578,0.20726153531965974
125,1250,Mini,Mini::5,Mini/5_1.tif,1.1000000000000001,0.19137881352263936,0.30901810005636021,0.29616669474109686,0.20343639167990388
125,1250,Mini,Mini::5,Mini/5_1.tif,1.25,0.19695187266467035,0.30507439900265926,0.29474417330284564,0.20322955502982465
125,1250,Mini,Mini::5,Mini/5_1.tif,1.5,0.201623156924502,0.30406847690364869,0.29628562758655674,0.19802273858529243
125,1250,Mini,Mini::5,Mini/5_1.tif,2,0.21600943603382766,0.3073540579305224,0.29756631853102183,0.17907018750462819
125,1250,Mini,Mini::5,Mini/5_1.tif,2.5,0.22924476618670328,0.31674137041005307,0.29095353244460503,0.16306033095863853
125,1250,Mini,Mini::5,Mini/5_1.tif,3,0.24810798759414177,0.3217269020638544,0.28839159655749802,0.14177351378450587
126,1260,Mini,Mini::6,Mini/6_1.tif,1,0.20101028851213826,0.31216217612740194,0.29681065871444201,0.19001687664601777
126,1260,Mini,Mini::6,Mini/6_1.tif,1.1000000000000001,0.21778738518348051,0.31679508213029423,0.28921858289129426,0.17619894979493103
126,1260,Mini,Mini::6,Mini/6_1.tif,1.25,0.23330083819083186,0.32113137310157464,0.27993996953737904,0.16562781917021455
126,1260,Mini,Mini::6,Mini/6_1.tif,1.5,0.24127497336462186,0.32438602768068298,0.27648989364448101,0.15784910531021418
126,1260,Mini,Mini::6,Mini/6_1.tif,2,0.25669420218321454,0.3353512474078833,0.27063494258102372,0.1373196078278785
126,1260,Mini,Mini::6,Mini/6_1.tif,2.5,0.27349768056990281,0.34644488656612826,0.26484249035218971,0.11521494251177905
126,1260,Mini,Mini::6,Mini/6_1.tif,3,0.28658369524084287,0.35461112240725817,0.25872269296468597,0.10008248938721293
127,1270,Mini,Mini::7,Mini/7_1.tif,1,0.23883048483985461,0.32197841046366393,0.28762373260642166,0.15156737209006002
127,1270,Mini,Mini::7,Mini/7_1.tif,1.1000000000000001,0.24306876033729669,0.31426980312951208,0.28683002139464725,0.15583141513854404
127,1270,Mini,Mini::7,Mini/7_1.tif,1.25,0.23850309489580251,0.30536566919542285,0.28737004979690395,0.16876118611187077
127,1270,Mini,Mini::7,Mini/7_1.tif,1.5,0.22881102425676161,0.2974330861417645,0.2889529036715146,0.18480298592995922
127,1270,Mini,Mini::7,Mini/7_1.tif,2,0.21834493313426628,0.2836238222025092,0.29097016132313613,0.20706108334008835
127,1270,Mini,Mini::7,Mini/7_1.tif,2.5,0.22181395306520069,0.28233868988169514,0.28483891120211036,0.21100844585099401
127,1270,Mini,Mini::7,Mini/7_1.tif,3,0.23033137368461726,0.28121265442456966,0.27844677191009964,0.21000919998071346
128,1280,Mini,Mini::8,Mini/8_1.tif,1,0.2207541397472827,0.25707712361339902,0.29595915392210215,0.22620958271721606
128,1280,Mini,Mini::8,Mini/8_1.tif,1.1000000000000001,0.24563128402272721,0.25861275938659389,0.28251478947972292,0.213241167110956
128,1280,Mini,Mini::8,Mini/8_1.tif,1.25,0.27137937593114614,0.26961861902177009,0.27129341540034546,0.18770858964673851
128,1280,Mini,Mini::8,Mini/8_1.tif,1.5,0.28405360992806594,0.2868521116750557,0.26526996538375736,0.16382431301312117
128,1280,Mini,Mini::8,Mini/8_1.tif,2,0.30219989349707166,0.29068054027229862,0.25684930546170531,0.15027026076892433
128,1280,Mini,Mini::8,Mini/8_1.tif,2.5,0.29720440647413265,0.28555797973116342,0.26088005442058931,0.15635755937411444
128,1280,Mini,Mini::8,Mini/8_1.tif,3,0.30442455225675147,0.28178276119150031,0.25272448337158049,0.16106820318016779
129,1290,Mini,Mini::9,Mini/9_1.tif,1,0.25814884769998819,0.27921411802414475,0.24919486633439011,0.21344216794147686
129,1290,Mini,Mini::9,Mini/9_1.tif,1.1000000000000001,0.27418173468745233,0.27692707755804136,0.24764177869226228,0.20124940906224406
129,1290,Mini,Mini::9,Mini/9_1.tif,1.25,0.30044040085376911,0.28856676214636989,0.23718363758077773,0.17380919941908335
129,1290,Mini,Mini::9,Mini/9_1.tif,1.5,0.31792951114142043,0.32131497689285665,0.23099868840088575,0.12975682356483725
129,1290,Mini,Mini::9,Mini/9_1.tif,2,0.28851798867723832,0.32979920754103587,0.24011957606580664,0.14156322771591906
129,1290,Mini,Mini::9,Mini/9_1.tif,2.5,0.2582214916236692,0.33825040061111694,0.24841100272783123,0.15511710503738271
129,1290,Mini,Mini::9,Mini/9_1.tif,3,0.24757462830618934,0.34758729075446626,0.25193450719270499,0.1529035737466394
130,1300,Pencil,Pencil::1,Pencil/1-1.tif,1,0.24621876490149319,0.17837162322589278,0.34176194589848263,0.23364766597413159
130,1300,Pencil,Pencil::1,Pencil/1-1.tif,1.1000000000000001,0.26668402853575945,0.18665849606265938,0.32679372912870003,0.21986374627288099
130,1300,Pencil,Pencil::1,Pencil/1-1.tif,1.25,0.31251193436034674,0.19627074160650201,0.29331831292693539,0.19789901110621586
130,1300,Pencil,Pencil::1,Pencil/1-1.tif,1.5,0.33587226147513233,0.20223816689292623,0.27958142659031915,0.18230814504162224
130,1300,Pencil,Pencil::1,Pencil/1-1.tif,2,0.35468087198292025,0.22183295030158803,0.25507449604194748,0.16841168167354412
130,1300,Pencil,Pencil::1,Pencil/1-1.tif,2.5,0.36552526893409237,0.23487060516563063,0.24122379648157255,0.15838032941870456
130,1300,Pencil,Pencil::1,Pencil/1-1.tif,3,0.36503247747069334,0.23601897868905281,0.24298896350386617,0.15595958033638774
131,1310,Pencil,Pencil::10,Pencil/10-1.tif,1,0.28282617976705687,0.23045286439081317,0.32742813028487333,0.15929282555725649
131,1310,Pencil,Pencil::10,Pencil/10-1.tif,1.1000000000000001,0.30145358433079011,0.23335362395323692,0.31023733615434046,0.15495545556163248
131,1310,Pencil,Pencil::10,Pencil/10-1.tif,1.25,0.33211595986474651,0.23394801929237444,0.28734306852849778,0.14659295231438163
131,1310,Pencil,Pencil::10,Pencil/10-1.tif,1.5,0.36144029023314134,0.23901226413062951,0.26328823831417558,0.13625920732205371
131,1310,Pencil,Pencil::10,Pencil/10-1.tif,2,0.39208594272992381,0.2541016764233377,0.23599904632614294,0.11781333452059559
131,1310,Pencil,Pencil::10,Pencil/10-1.tif,2.5,0.38924758486102379,0.26103135498475194,0.22828389044407016,0.12143716971015413
131,1310,Pencil,Pencil::10,Pencil/10-1.tif,3,0.40362161354661813,0.26511621703304067,0.21850175882763673,0.11276041059270452
132,1320,Pencil,Pencil::2,Pencil/2-1.tif,1,0.19028449090687596,0.29580329478122708,0.3085657531601616,0.20534646115173516
132,1320,Pencil,Pencil::2,Pencil/2-1.tif,1.1000000000000001,0.20799312803207348,0.30921047636125987,0.29220208916937157,0.19059430643729489
132,1320,Pencil,Pencil::2,Pencil/2-1.tif,1.25,0.22551174880730848,0.31608485859690821,0.28313142627405347,0.17527196632172989
132,1320,Pencil,Pencil::2,Pencil/2-1.tif,1.5,0.23733530921911694,0.32204928154054147,0.2756669839138885,0.16494842532645304
132,1320,Pencil,Pencil::2,Pencil/2-1.tif,2,0.2630719680794214,0.34589030679168398,0.25682088266452918,0.1342168424643656
132,1320,Pencil,Pencil::2,Pencil/2-1.tif,2.5,0.28104373040985908,0.3686352453109501,0.25019455305870369,0.10012647122048716
132,1320,Pencil,Pencil::2,Pencil/2-1.tif,3,0.2964894379042689,0.37399543384527723,0.23828015426349514,0.091234973986958734
133,1330,Pencil,Pencil::3,Pencil/3-1.tif,1,0.2700269381577689,0.29382633737372726,0.25965384894652166,0.17649287552198228
133,1330,Pencil,Pencil::3,Pencil/3-1.tif,1.1000000000000001,0.28185315311663045,0.29576853833354483,0.25583854167234199,0.16653976687748262
133,1330,Pencil,Pencil::3,Pencil/3-1.tif,1.25,0.29111288073097269,0.28839789871454508,0.25653519311680101,0.16395402743768131
133,1330,Pencil,Pencil::3,Pencil/3-1.tif,1.5,0.3060438571222987,0.29180180747353668,0.2530996040444396,0.14905473135972491
133,1330,Pencil,Pencil::3,Pencil/3-1.tif,2,0.35401653503213948,0.29485155855095835,0.22999890027156331,0.12113300614533884
133,1330,Pencil,Pencil::3,Pencil/3-1.tif,2.5,0.38865414019519284,0.29885901969349893,0.21586183470559425,0.096625005405713782
133,1330,Pencil,Pencil::3,Pencil/3-1.tif,3,0.41771313833202789,0.29700174411175562,0.20123988117655159,0.08404523637966492
134,1340,Pencil,Pencil::4,Pencil/4-1.tif,1,0.31899231849008819,0.22623252763242152,0.25064942979036925,0.20412572408712115
134,1340,Pencil,Pencil::4,Pencil/4-1.tif,1.1000000000000001,0.35661772671571756,0.22605327118117532,0.23123743274910499,0.1860915693540022
134,1340,Pencil,Pencil::4,Pencil/4-1.tif,1.25,0.39341239880353762,0.21915350071406756,0.21551342614092173,0.17192067434147323
134,1340,Pencil,Pencil::4,Pencil/4-1.tif,1.5,0.42317351648124762,0.22156286524650115,0.20645199673946174,0.14881162153278937
134,1340,Pencil,Pencil::4,Pencil/4-1.tif,2,0.41853121221666184,0.23407541647671015,0.20266363311934182,0.14472973818728616
134,1340,Pencil,Pencil::4,Pencil/4-1.tif,2.5,0.4034262927357114,0.24021245731472646,0.21071346260803706,0.14564778734152531
134,1340,Pencil,Pencil::4,Pencil/4-1.tif,3,0.39810285834355336,0.24256325750853838,0.21642877228892726,0.142905111858981
135,1350,Pencil,Pencil::5,Pencil/5-1.tif,1,0.21662054405355957,0.27878827758654001,0.29099638697280777,0.21359479138709261
135,1350,Pencil,Pencil::5,Pencil/5-1.tif,1.1000000000000001,0.23153863121180832,0.27512458188369288,0.28521676739629687,0.20812001950820186
135,1350,Pencil,Pencil::5,Pencil/5-1.tif,1.25,0.25841207555847195,0.27249537395940721,0.27326099847403201,0.19583155200808888
135,1350,Pencil,Pencil::5,Pencil/5-1.tif,1.5,0.28463557681561008,0.26216678886332967,0.26444148642389292,0.18875614789716735
135,1350,Pencil,Pencil::5,Pencil/5-1.tif,2,0.32843840367772398,0.25596628732292448,0.24984559671961695,0.16574971227973445
135,1350,Pencil,Pencil::5,Pencil/5-1.tif,2.5,0.35874646188505643,0.2495665016627365,0.23404487330518864,0.15764216314701848
135,1350,Pencil,Pencil::5,Pencil/5-1.tif,3,0.39184230627414623,0.24637059440053136,0.22206868391930534,0.13971841540601682
136,1360,Pencil,Pencil::6,Pencil/6-1.tif,1,0.21066618543943116,0.27569320033160627,0.28491405934669201,0.22872655488227056
136,1360,Pencil,Pencil::6,Pencil/6-1.tif,1.1000000000000001,0.24702458775589378,0.27738363131740207,0.26922669018486384,0.20636509074184037
136,1360,Pencil,Pencil::6,Pencil/6-1.tif,1.25,0.26093811158519764,0.27398427326837393,0.26511082165211503,0.19996679349431348
136,1360,Pencil,Pencil::6,Pencil/6-1.tif,1.5,0.2816201942918331,0.2753006774693314,0.26037594134806213,0.18270318689077339
136,1360,Pencil,Pencil::6,Pencil/6-1.tif,2,0.30003020841957562,0.27508864498780716,0.26466024039105024,0.16022090620156712
136,1360,Pencil,Pencil::6,Pencil/6-1.tif,2.5,0.32007567631984996,0.2815473084363585,0.26047493214814621,0.13790208309564547
136,1360,Pencil,Pencil::6,Pencil/6-1.tif,3,0.34231714130692992,0.27802094247063025,0.25915099869360808,0.12051091752883178
137,1370,Pencil,Pencil::7,Pencil/7-1.tif,1,0.24474495646800906,0.28168160909096468,0.30269935954372723,0.17087407489729906
137,1370,Pencil,Pencil::7,Pencil/7-1.tif,1.1000000000000001,0.27841665759448803,0.2866706666369882,0.28750003544594538,0.14741264032257867
137,1370,Pencil,Pencil::7,Pencil/7-1.tif,1.25,0.30947639700431423,0.28298823655941424,0.27114886628414397,0.13638650015212744
137,1370,Pencil,Pencil::7,Pencil/7-1.tif,1.5,0.31712118836209868,0.28486280602588177,0.26645300610441652,0.13156299950760283
137,1370,Pencil,Pencil::7,Pencil/7-1.tif,2,0.32252683976415347,0.29071009671184528,0.25596954781019376,0.13079351571380746
137,1370,Pencil,Pencil::7,Pencil/7-1.tif,2.5,0.31632669375016176,0.30141874615835751,0.24679363163230603,0.13546092845917443
137,1370,Pencil,Pencil::7,Pencil/7-1.tif,3,0.31212063457061012,0.31181148837797035,0.24595753520085062,0.13011034185056919
138,1380,Pencil,Pencil::8,Pencil/8-1.tif,1,0.23906266059553968,0.25168755141815358,0.31281704662602516,0.19643274136028169
138,1380,Pencil,Pencil::8,Pencil/8-1.tif,1.1000000000000001,0.27031541059184677,0.25211714088698506,0.29004308476727031,0.187524363753898
138,1380,Pencil,Pencil::8,Pencil/8-1.tif,1.25,0.29764795349949918,0.25345600788385775,0.27806264414562998,0.17083339447101303
138,1380,Pencil,Pencil::8,Pencil/8-1.tif,1.5,0.32242645092815481,0.25266458578336581,0.26814338296830531,0.15676558032017385
138,1380,Pencil,Pencil::8,Pencil/8-1.tif,2,0.36128327904355639,0.25899839045183792,0.24423700396823406,0.13548132653637193
138,1380,Pencil,Pencil::8,Pencil/8-1.tif,2.5,0.387623635559809,0.26070209362651814,0.22790704215815805,0.12376722865551476
138,1380,Pencil,Pencil::8,Pencil/8-1.tif,3,0.41607923936056951,0.2640748176142117,0.20913801303037588,0.11070792999484291
139,1390,Pencil,Pencil::9,Pencil/9-1.tif,1,0.32559556790791694,0.27305223799147604,0.22640198939928272,0.17495020470132422
139,1390,Pencil,Pencil::9,Pencil/9-1.tif,1.1000000000000001,0.35745023278598176,0.26161961082367075,0.21495072878765403,0.16597942760269366
139,1390,Pencil,Pencil::9,Pencil/9-1.tif,1.25,0.37535176246089891,0.25752131138196965,0.20917754855136628,0.15794937760576513
139,1390,Pencil,Pencil::9,Pencil/9-1.tif,1.5,0.3991525383395641,0.24932702669722442,0.20401726914951743,0.14750316581369399
139,1390,Pencil,Pencil::9,Pencil/9-1.tif,2,0.43846440185361263,0.25486641807531024,0.18454221947832902,0.12212696059274812
139,1390,Pencil,Pencil::9,Pencil/9-1.tif,2.5,0.46939264244699103,0.25455393266974463,0.17569908179670365,0.10035434308656072
139,1390,Pencil,Pencil::9,Pencil/9-1.tif,3,0.48502939257448557,0.25695240224395283,0.1644789869769977,0.093539218204563762
140,1410,Sarong,Sarong::1,Sarong/1_1.tif,1,0.36037265811089586,0.21626640349804352,0.23977191880505133,0.18358901958600918
140,1410,Sarong,Sarong::1,Sarong/1_1.tif,1.1000000000000001,0.3856322636379097,0.21789439784700051,0.22740455370789175,0.16906878480719786
140,1410,Sarong,Sarong::1,Sarong/1_1.tif,1.25,0.42160821201430571,0.21740578642314334,0.20772815060687605,0.15325785095567501
140,1410,Sarong,Sarong::1,Sarong/1_1.tif,1.5,0.43080188334519304,0.2199150496971603,0.20419382927220889,0.14508923768543774
140,1410,Sarong,Sarong::1,Sarong/1_1.tif,2,0.41669152493008427,0.2337450061533593,0.20695622908815059,0.14260723982840603
140,1410,Sarong,Sarong::1,Sarong/1_1.tif,2.5,0.40745453036795409,0.24292124095793938,0.20950345044295485,0.14012077823115157
140,1410,Sarong,Sarong::1,Sarong/1_1.tif,3,0.39354207452117174,0.24242846240530508,0.21764627524155125,0.14638318783197207
141,1400,Sarong,Sarong::10,Sarong/10_1.tif,1,0.36338950323881664,0.19542994660663027,0.26215306264169513,0.17902748751285796
141,1400,Sarong,Sarong::10,Sarong/10_1.tif,1.1000000000000001,0.38196578081956423,0.19137791789763306,0.25074179180103628,0.17591450948176629
141,1400,Sarong,Sarong::10,Sarong/10_1.tif,1.25,0.40903698029366292,0.19462111252445161,0.23272990624987802,0.16361200093200748
141,1400,Sarong,Sarong::10,Sarong/10_1.tif,1.5,0.41625897931747674,0.21117019329156075,0.2218773496512135,0.15069347773974903
141,1400,Sarong,Sarong::10,Sarong/10_1.tif,2,0.41474910665698522,0.23015008510590865,0.213688931146052,0.14141187709105393
141,1400,Sarong,Sarong::10,Sarong/10_1.tif,2.5,0.40922934480993511,0.23279714934534959,0.21372173370364145,0.14425177214107379
141,1400,Sarong,Sarong::10,Sarong/10_1.tif,3,0.39375543576579575,0.23897214347598145,0.22073667097733721,0.14653574978088568
142,1420,Sarong,Sarong::2,Sarong/2_1.tif,1,0.25342718694242528,0.23583874339363814,0.26281331100152128,0.24792075866241542
142,1420,Sarong,Sarong::2,Sarong/2_1.tif,1.1000000000000001,0.28124574482346287,0.2327751120606133,0.24746340573946118,0.23851573737646256
142,1420,Sarong,Sarong::2,Sarong/2_1.tif,1.25,0.30727716956693513,0.2233148609571407,0.23925077240044762,0.23015719707547669
142,1420,Sarong,Sarong::2,Sarong/2_1.tif,1.5,0.3236595734794111,0.22362863606495781,0.23495832798058211,0.21775346247504923
142,1420,Sarong,Sarong::2,Sarong/2_1.tif,2,0.32953536592931704,0.23095393004564635,0.23791260355867397,0.20159810046636284
142,1420,Sarong,Sarong::2,Sarong/2_1.tif,2.5,0.3377299385539797,0.24458572914919979,0.23702886833895165,0.18065546395786886
142,1420,Sarong,Sarong::2,Sarong/2_1.tif,3,0.33929113891613721,0.25022948688571983,0.24386877011968877,0.16661060407845429
143,1430,Sarong,Sarong::3,Sarong/3_1.tif,1,0.30674173169465696,0.2510240877964941,0.24554547064042784,0.19668870986842135
143,1430,Sarong,Sarong::3,Sarong/3_1.tif,1.1000000000000001,0.33662075465661806,0.25036726657452374,0.23122737570097657,0.1817846030678818
143,1430,Sarong,Sarong::3,Sarong/3_1.tif,1.25,0.38614053440358814,0.24252658527783585,0.21178016335878214,0.1595527169597937
143,1430,Sarong,Sarong::3,Sarong/3_1.tif,1.5,0.39919724603603579,0.23982733366358991,0.20877633010330551,0.1521990901970689
143,1430,Sarong,Sarong::3,Sarong/3_1.tif,2,0.40984241895509954,0.24725272408277529,0.20542127362564352,0.13748358333648156
143,1430,Sarong,Sarong::3,Sarong/3_1.tif,2.5,0.41757320894709565,0.25282067489524912,0.20381359514281189,0.1257925210148432
143,1430,Sarong,Sarong::3,Sarong/3_1.tif,3,0.41526771833622472,0.25132384544559117,0.20608987158126496,0.12731856463691915
144,1440,Sarong,Sarong::4,Sarong/4_1.tif,1,0.31592547602747872,0.22272052191394379,0.25571729651875158,0.20563670553982613
144,1440,Sarong,Sarong::4,Sarong/4_1.tif,1.1000000000000001,0.34567818955208951,0.22466540742605601,0.24711026632822333,0.18254613669363115
144,1440,Sarong,Sarong::4,Sarong/4_1.tif,1.25,0.35767098881314424,0.23121345535794172,0.24217633830247404,0.16893921752643987
144,1440,Sarong,Sarong::4,Sarong/4_1.tif,1.5,0.35670361596906197,0.24397215751761514,0.23896440692002857,0.16035981959329448
144,1440,Sarong,Sarong::4,Sarong/4_1.tif,2,0.37389610174359306,0.27856910386686706,0.2329135339265225,0.11462126046301729
144,1440,Sarong,Sarong::4,Sarong/4_1.tif,2.5,0.3759609019865412,0.30577010439034708,0.23764420793193897,0.080624785691172762
144,1440,Sarong,Sarong::4,Sarong/4_1.tif,3,0.36835657400906247,0.31023477195943439,0.23831715106582999,0.083091502965673247
145,1450,Sarong,Sarong::5,Sarong/5+8.tif,1,0.32920307205027532,0.18728760654347534,0.27485668679645608,0.20865263460979316
145,1450,Sarong,Sarong::5,Sarong/5+8.tif,1.1000000000000001,0.36408440308840778,0.19320691129285281,0.25806647236016628,0.18464221325857305
145,1450,Sarong,Sarong::5,Sarong/5+8.tif,1.25,0.40961336621913036,0.1966088460397343,0.23420098177206225,0.15957680596907309
145,1450,Sarong,Sarong::5,Sarong/5+8.tif,1.5,0.44515127575974694,0.19205178600071734,0.22235677944627708,0.14044015879325877
145,1450,Sarong,Sarong::5,Sarong/5+8.tif,2,0.45773257050666555,0.19855852288577278,0.20904109448170183,0.13466781212585988
145,1450,Sarong,Sarong::5,Sarong/5+8.tif,2.5,0.47144416484285029,0.21147906578868092,0.19603953031416654,0.12103723905430219
145,1450,Sarong,Sarong::5,Sarong/5+8.tif,3,0.48448598074460109,0.221559507478853,0.18601288489973922,0.10794162687680664
146,1460,Sarong,Sarong::6,Sarong/6_1.tif,1,0.21960889596518154,0.28126957132309383,0.29899070085119628,0.20013083186052841
146,1460,Sarong,Sarong::6,Sarong/6_1.tif,1.1000000000000001,0.23845867266539042,0.27849029858943214,0.28874334166459209,0.19430768708058527
146,1460,Sarong,Sarong::6,Sarong/6_1.tif,1.25,0.25841559179381263,0.27032549456254007,0.27792306810218748,0.19333584554145972
146,1460,Sarong,Sarong::6,Sarong/6_1.tif,1.5,0.27035032991980396,0.2889904943902713,0.26441937094720075,0.17623980474272419
146,1460,Sarong,Sarong::6,Sarong/6_1.tif,2,0.29775867179914689,0.35145014826832449,0.24344878642809784,0.10734239350443096
146,1460,Sarong,Sarong::6,Sarong/6_1.tif,2.5,0.2744843447488805,0.36832203780695777,0.24438791453272643,0.1128057029114352
146,1460,Sarong,Sarong::6,Sarong/6_1.tif,3,0.25880077708244986,0.37499932424665194,0.2444663376921698,0.12173356097872837
147,1470,Sarong,Sarong::7,Sarong/7_1.tif,1,0.34491362821310784,0.21780291926448639,0.22583977600837071,0.21144367651403531
147,1470,Sarong,Sarong::7,Sarong/7_1.tif,1.1000000000000001,0.37133290309773431,0.21471027327259468,0.22120745491666113,0.19274936871300988
147,1470,Sarong,Sarong::7,Sarong/7_1.tif,1.25,0.40543320607457345,0.21311332009253223,0.21278774124934746,0.16866573258354667
147,1470,Sarong,Sarong::7,Sarong/7_1.tif,1.5,0.44590126140030878,0.19976921725575036,0.20512969361711642,0.14919982772682433
147,1470,Sarong,Sarong::7,Sarong/7_1.tif,2,0.44962723985503888,0.20526660457429835,0.20082534493320908,0.14428081063745382
147,1470,Sarong,Sarong::7,Sarong/7_1.tif,2.5,0.48964344001909382,0.22345844752284344,0.17725147845825825,0.10964663399980472
147,1470,Sarong,Sarong::7,Sarong/7_1.tif,3,0.51503027201193996,0.23931701178496576,0.16271263882915626,0.082940077373938006
148,1480,Sarong,Sarong::8,Sarong/8_1.tif,1,0.31456684411880304,0.25627878976468188,0.24349486236104373,0.18565950375547147
148,1480,Sarong,Sarong::8,Sarong/8_1.tif,1.1000000000000001,0.34826092360370031,0.24834718523184682,0.23695131035343783,0.16644058081101479
148,1480,Sarong,Sarong::8,Sarong/8_1.tif,1.25,0.392618141295764,0.24542728633745861,0.21647237166512992,0.14548220070164733
148,1480,Sarong,Sarong::8,Sarong/8_1.tif,1.5,0.41507810790938016,0.23624686824549623,0.21057852823299447,0.13809649561212917
148,1480,Sarong,Sarong::8,Sarong/8_1.tif,2,0.43662650394810687,0.23029586445310959,0.20631137872634792,0.12676625287243573
148,1480,Sarong,Sarong::8,Sarong/8_1.tif,2.5,0.44752643233161116,0.23102105763568392,0.20030086662043725,0.12115164341226758
148,1480,Sarong,Sarong::8,Sarong/8_1.tif,3,0.45073860478099326,0.22971433248120532,0.19845263409823294,0.12109442863956837
149,1490,Sarong,Sarong::9,Sarong/9_1.tif,1,0.30124215425901862,0.26947729142411136,0.24685228486775207,0.182428269449118
149,1490,Sarong,Sarong::9,Sarong/9_1.tif,1.1000000000000001,0.33187292509342886,0.26773175464656923,0.23401334120339717,0.16638197905660462
149,1490,Sarong,Sarong::9,Sarong/9_1.tif,1.25,0.37843141407097275,0.26008058821664992,0.22192993763264895,0.1395580600797284
149,1490,Sarong,Sarong::9,Sarong/9_1.tif,1.5,0.43755108100859047,0.25151771232329134,0.19699342695651734,0.11393777971160086
149,1490,Sarong,Sarong::9,Sarong/9_1.tif,2,0.4629058704488565,0.25417001078967438,0.18648186278187165,0.09644225597959738
149,1490,Sarong,Sarong::9,Sarong/9_1.tif,2.5,0.4812376103403711,0.25140835882673468,0.17636755842530497,0.090986472407589405
149,1490,Sarong,Sarong::9,Sarong/9_1.tif,3,0.49528216885958937,0.24775155602724325,0.16561019629251472,0.091356078820652512
150,1510,Shirt,Shirt::1,Shirt/1_1.tif,1,0.24061216254119869,0.33803802235551322,0.28965550157190012,0.13169431353138783
150,1510,Shirt,Shirt::1,Shirt/1_1.tif,1.1000000000000001,0.25502928166729799,0.34867058868765294,0.28227756901692008,0.11402256062812903
150,1510,Shirt,Shirt::1,Shirt/1_1.tif,1.25,0.25764227428182623,0.35040874293160756,0.28240997207104246,0.10953901071552388
150,1510,Shirt,Shirt::1,Shirt/1_1.tif,1.5,0.25121682128982681,0.3361542495072638,0.28501305225097162,0.12761587695193793
150,1510,Shirt,Shirt::1,Shirt/1_1.tif,2,0.22928665882428745,0.29947986592741699,0.28547846296071216,0.18575501228758359
150,1510,Shirt,Shirt::1,Shirt/1_1.tif,2.5,0.22447415777811502,0.2874017760275806,0.28413084942921885,0.20399321676508569
150,1510,Shirt,Shirt::1,Shirt/1_1.tif,3,0.22988712418853305,0.28297416618664561,0.27913328948497201,0.20800542013984918
151,1500,Shirt,Shirt::10,Shirt/10_1.tif,1,0.24315987051166821,0.30260527637081247,0.26250215106337105,0.19173270205414836
151,1500,Shirt,Shirt::10,Shirt/10_1.tif,1.1000000000000001,0.25257421915412692,0.30241169544795776,0.25812881267029331,0.1868852727276219
151,1500,Shirt,Shirt::10,Shirt/10_1.tif,1.25,0.26528741098535585,0.31003685956908572,0.25357835407701218,0.17109737536854625
151,1500,Shirt,Shirt::10,Shirt/10_1.tif,1.5,0.27362202211832942,0.32012087580937737,0.2497896345183295,0.15646746755396368
151,1500,Shirt,Shirt::10,Shirt/10_1.tif,2,0.30118720388785508,0.34088109798880478,0.23744528349604213,0.12048641462729816
151,1500,Shirt,Shirt::10,Shirt/10_1.tif,2.5,0.30646628103450013,0.34275598308410399,0.23605452444168848,0.11472321143970757
151,1500,Shirt,Shirt::10,Shirt/10_1.tif,3,0.31251743018666656,0.34004364783681057,0.23322029689325441,0.11421862508326872
152,1520,Shirt,Shirt::2,Shirt/2_1.tif,1,0.19704147152105836,0.33216168303350985,0.31210242304789915,0.15869442239753259
152,1520,Shirt,Shirt::2,Shirt/2_1.tif,1.1000000000000001,0.20495268864333591,0.33382080053340762,0.31095808874271513,0.15026842208054134
152,1520,Shirt,Shirt::2,Shirt/2_1.tif,1.25,0.21321490940525778,0.33557195217194086,0.3103773660480168,0.14083577237478484
152,1520,Shirt,Shirt::2,Shirt/2_1.tif,1.5,0.21844791886268533,0.33720755105312455,0.31140295504635046,0.13294157503783979
152,1520,Shirt,Shirt::2,Shirt/2_1.tif,2,0.22886335534471475,0.33856987390858623,0.30778809240959049,0.12477867833710839
152,1520,Shirt,Shirt::2,Shirt/2_1.tif,2.5,0.24184685241826401,0.34234101374893672,0.29859544611677624,0.1172166877160231
152,1520,Shirt,Shirt::2,Shirt/2_1.tif,3,0.25524096910959765,0.34517760078588056,0.29037744804794158,0.10920398205658033
153,1530,Shirt,Shirt::3,Shirt/3-10.tif,1,0.22149500863223287,0.31129794611993378,0.27660333446679575,0.19060371078103755
153,1530,Shirt,Shirt::3,Shirt/3-10.tif,1.1000000000000001,0.22514954715337365,0.30754683429674329,0.27245601716197393,0.19484760138790916
153,1530,Shirt,Shirt::3,Shirt/3-10.tif,1.25,0.23374920573372956,0.30218311236477036,0.27037826393758463,0.19368941796391545
153,1530,Shirt,Shirt::3,Shirt/3-10.tif,1.5,0.24254157181398428,0.30297073368706906,0.26578176442370988,0.1887059300752367
153,1530,Shirt,Shirt::3,Shirt/3-10.tif,2,0.25960977193577778,0.3123080570922761,0.25940074545537911,0.16868142551656695
153,1530,Shirt,Shirt::3,Shirt/3-10.tif,2.5,0.28645067977729488,0.3387671870503588,0.25164763849266808,0.12313449467967827
153,1530,Shirt,Shirt::3,Shirt/3-10.tif,3,0.30314882114338881,0.34552407696841891,0.24755956044311103,0.10376754144508124
154,1540,Shirt,Shirt::4,Shirt/4_1.tif,1,0.21977148528542059,0.25330615087980546,0.28864936991581547,0.2382729939189584
154,1540,Shirt,Shirt::4,Shirt/4_1.tif,1.1000000000000001,0.23947975804100907,0.26350913452569869,0.27769167194627076,0.21931943548702146
154,1540,Shirt,Shirt::4,Shirt/4_1.tif,1.25,0.26223356990694147,0.28605099337197176,0.2665925774052611,0.18512285931582576
154,1540,Shirt,Shirt::4,Shirt/4_1.tif,1.5,0.27769446916643703,0.32966654063676243,0.25052485835143001,0.14211413184537061
154,1540,Shirt,Shirt::4,Shirt/4_1.tif,2,0.27475464636038477,0.35138891850680748,0.24327899619697191,0.13057743893583601
154,1540,Shirt,Shirt::4,Shirt/4_1.tif,2.5,0.26305612244792675,0.36851510666307874,0.24076938713354584,0.1276593837554488
154,1540,Shirt,Shirt::4,Shirt/4_1.tif,3,0.26051345829906014,0.36935794491280965,0.23744857401564273,0.13268002277248739
155,1550,Shirt,Shirt::5,Shirt/5_1.tif,1,0.23337425686834859,0.3275159384599633,0.25739543699194345,0.18171436767974464
155,1550,Shirt,Shirt::5,Shirt/5_1.tif,1.1000000000000001,0.24201570383813509,0.34656043829560845,0.25574567815498539,0.15567817971127088
155,1550,Shirt,Shirt::5,Shirt/5_1.tif,1.25,0.25978669120486292,0.3559137103225144,0.24245763663298792,0.14184196183963452
155,1550,Shirt,Shirt::5,Shirt/5_1.tif,1.5,0.27741506372273572,0.35607254546059336,0.23683620771552721,0.12967618310114384
155,1550,Shirt,Shirt::5,Shirt/5_1.tif,2,0.28295839542801726,0.35829473551410351,0.22632058934100854,0.1324262797168706
155,1550,Shirt,Shirt::5,Shirt/5_1.tif,2.5,0.28969351022570661,0.36724898194318223,0.22048891972445492,0.12256858810665618
155,1550,Shirt,Shirt::5,Shirt/5_1.tif,3,0.2957936102392778,0.37455122041912009,0.2125475722750032,0.11710759706659876
156,1560,Shirt,Shirt::6,Shirt/6_1.tif,1,0.19730538515775417,0.29108666003356959,0.27996957127267558,0.23163838353600086
156,1560,Shirt,Shirt::6,Shirt/6_1.tif,1.1000000000000001,0.20388944439900136,0.32229981468482843,0.27729189245982383,0.19651884845634637
156,1560,Shirt,Shirt::6,Shirt/6_1.tif,1.25,0.21921055002083573,0.32994405980524927,0.27010564889378036,0.18073974128013484
156,1560,Shirt,Shirt::6,Shirt/6_1.tif,1.5,0.23547944108145943,0.33042458299641214,0.26213420559353245,0.1719617703285958
156,1560,Shirt,Shirt::6,Shirt/6_1.tif,2,0.24815206216572078,0.33639950687815984,0.26231184036530003,0.15313659059081952
156,1560,Shirt,Shirt::6,Shirt/6_1.tif,2.5,0.2469605937570864,0.34040277022428339,0.26402425874050872,0.14861237727812179
156,1560,Shirt,Shirt::6,Shirt/6_1.tif,3,0.25697713749990053,0.34866039950256184,0.25883707119609156,0.13552539180144604
157,1570,Shirt,Shirt::7,Shirt/7_1.tif,1,0.18150856576351471,0.25427302252980716,0.31478929406441242,0.24942911764226583
157,1570,Shirt,Shirt::7,Shirt/7_1.tif,1.1000000000000001,0.19293367662563035,0.27379565954381502,0.30400132754617726,0.22926933628437707
157,1570,Shirt,Shirt::7,Shirt/7_1.tif,1.25,0.20399907372777151,0.2776109614419382,0.3000266153019443,0.21836334952834607
157,1570,Shirt,Shirt::7,Shirt/7_1.tif,1.5,0.21088155933211108,0.27799468948822248,0.29945977543609537,0.21166397574357099
157,1570,Shirt,Shirt::7,Shirt/7_1.tif,2,0.22099477511421739,0.28231063924015748,0.29962217791356255,0.1970724077320625
157,1570,Shirt,Shirt::7,Shirt/7_1.tif,2.5,0.24127081264158223,0.2909052300241573,0.2902600715860536,0.17756388574820672
157,1570,Shirt,Shirt::7,Shirt/7_1.tif,3,0.25735812416413939,0.30705584663756952,0.28431558613649954,0.15127044306179147
158,1580,Shirt,Shirt::8,Shirt/8_1.tif,1,0.23023717204939176,0.31276680431878312,0.28603488600867538,0.1709611376231496
158,1580,Shirt,Shirt::8,Shirt/8_1.tif,1.1000000000000001,0.2392685145824604,0.31584762814497747,0.27860577811065662,0.16627807916190557
158,1580,Shirt,Shirt::8,Shirt/8_1.tif,1.25,0.25049763035820477,0.314040258320263,0.27461322101791574,0.16084889030361665
158,1580,Shirt,Shirt::8,Shirt/8_1.tif,1.5,0.25780714572462848,0.31595300522885206,0.2740832934541152,0.15215655559240424
158,1580,Shirt,Shirt::8,Shirt/8_1.tif,2,0.2713889809960322,0.32683140345945211,0.2682653807024894,0.13351423484202624
158,1580,Shirt,Shirt::8,Shirt/8_1.tif,2.5,0.29225293216912207,0.33739258711822001,0.26267958685412401,0.10767489385853385
158,1580,Shirt,Shirt::8,Shirt/8_1.tif,3,0.30128223173951818,0.34437915953018788,0.25420206457631495,0.10013654415397917
159,1590,Shirt,Shirt::9,Shirt/9_1.tif,1,0.20943285038388035,0.35168535161163839,0.2856009193368495,0.15328087866763174
159,1590,Shirt,Shirt::9,Shirt/9_1.tif,1.1000000000000001,0.2275467050214145,0.36354547267168952,0.27951102453571464,0.12939679777118127
159,1590,Shirt,Shirt::9,Shirt/9_1.tif,1.25,0.24341127483948355,0.36321867406649039,0.27741054415649202,0.11595950693753397
159,1590,Shirt,Shirt::9,Shirt/9_1.tif,1.5,0.23822209532268207,0.3441407268574696,0.2834014239004955,0.13423575391935308
159,1590,Shirt,Shirt::9,Shirt/9_1.tif,2,0.23660769790213926,0.31725697597577868,0.28118343871682222,0.16495188740525973
159,1590,Shirt,Shirt::9,Shirt/9_1.tif,2.5,0.24611378032790268,0.30411396194549484,0.27154585136857906,0.17822640635802331
159,1590,Shirt,Shirt::9,Shirt/9_1.tif,3,0.24698476619404039,0.29398415801581618,0.26620767936734779,0.1928233964227955
160,1600,Skinny,Skinny::1,Skinny/1-1.tif,1,0.21441035620491539,0.30750505899649871,0.27573921534717033,0.20234536945141543
160,1600,Skinny,Skinny::1,Skinny/1-1.tif,1.1000000000000001,0.2337859708255082,0.31653087595040102,0.26891977481847013,0.18076337840562037
160,1600,Skinny,Skinny::1,Skinny/1-1.tif,1.25,0.26769490263647644,0.31043900973691069,0.256067173389743,0.16579891423686985
160,1600,Skinny,Skinny::1,Skinny/1-1.tif,1.5,0.27618581722131008,0.30302637295930468,0.25542956242225917,0.16535824739712604
160,1600,Skinny,Skinny::1,Skinny/1-1.tif,2,0.28480742918811525,0.30025824849486754,0.26559703993324851,0.14933728238376862
160,1600,Skinny,Skinny::1,Skinny/1-1.tif,2.5,0.30163356194298363,0.2957209904601375,0.2608248649427316,0.14182058265414749
160,1600,Skinny,Skinny::1,Skinny/1-1.tif,3,0.32554585679490944,0.30215494885112326,0.25187456292816657,0.12042463142580077
161,1610,Skinny,Skinny::10,Skinny/10-1.tif,1,0.27283911030711983,0.21938398324977768,0.30095511704346312,0.20682178939963919
161,1610,Skinny,Skinny::10,Skinny/10-1.tif,1.1000000000000001,0.30098098970210507,0.22205778024313005,0.27888863207893899,0.19807259797582588
161,1610,Skinny,Skinny::10,Skinny/10-1.tif,1.25,0.35753629675678333,0.22033186936748145,0.24701390639432558,0.17511792748140981
161,1610,Skinny,Skinny::10,Skinny/10-1.tif,1.5,0.40748647133545096,0.21856057627537229,0.22889510989115422,0.14505784249802245
161,1610,Skinny,Skinny::10,Skinny/10-1.tif,2,0.4604391588432874,0.21142619993265865,0.21364595572075665,0.11448868550329734
161,1610,Skinny,Skinny::10,Skinny/10-1.tif,2.5,0.49366320892558996,0.21426353727863903,0.19824652607762872,0.093826727718142058
161,1610,Skinny,Skinny::10,Skinny/10-1.tif,3,0.51524026740296991,0.21302458367793659,0.18443126721098407,0.08730388170810921
162,1620,Skinny,Skinny::2,Skinny/2-1.tif,1,0.21644782800961707,0.29499391094116517,0.26208547233395352,0.22647278871526424
162,1620,Skinny,Skinny::2,Skinny/2-1.tif,1.1000000000000001,0.22205573205628901,0.29972520072341968,0.26486012942458093,0.21335893779571036
162,1620,Skinny,Skinny::2,Skinny/2-1.tif,1.25,0.23260696623570548,0.29075704782677458,0.26367317535029544,0.21296281058722441
162,1620,Skinny,Skinny::2,Skinny/2-1.tif,1.5,0.23757907828010227,0.292775541134557,0.26489270711693391,0.20475267346840709
162,1620,Skinny,Skinny::2,Skinny/2-1.tif,2,0.24517059048706266,0.29231319469085321,0.26959043103557601,0.1929257837865081
162,1620,Skinny,Skinny::2,Skinny/2-1.tif,2.5,0.24610640714928758,0.29086826387719711,0.26807143619781765,0.19495389277569744
162,1620,Skinny,Skinny::2,Skinny/2-1.tif,3,0.25296768965238614,0.29368147227465558,0.2654497348849934,0.18790110318796485
163,1630,Skinny,Skinny::3,Skinny/3-1.tif,1,0.28240541615529463,0.27428024977452331,0.21669221698709951,0.2266221170830823
163,1630,Skinny,Skinny::3,Skinny/3-1.tif,1.1000000000000001,0.32141530733074991,0.28630336918230914,0.20506578802678505,0.18721553546015604
163,1630,Skinny,Skinny::3,Skinny/3-1.tif,1.25,0.36538052868729098,0.28602367173647369,0.19306353768818033,0.15553226188805516
163,1630,Skinny,Skinny::3,Skinny/3-1.tif,1.5,0.38959485437292468,0.27853946738808411,0.19528085535051443,0.13658482288847659
163,1630,Skinny,Skinny::3,Skinny/3-1.tif,2,0.37752180547694109,0.27350755725324316,0.21082077687640613,0.13814986039340948
163,1630,Skinny,Skinny::3,Skinny/3-1.tif,2.5,0.36061417585058586,0.27462742277357766,0.22307540483664187,0.14168299653919481
163,1630,Skinny,Skinny::3,Skinny/3-1.tif,3,0.34596655638759394,0.26464054524600072,0.23375208862979752,0.15564080973660782
164,1640,Skinny,Skinny::4,Skinny/4-1.tif,1,0.26693516879347046,0.24665266993559637,0.27471071947419218,0.21170144179674069
164,1640,Skinny,Skinny::4,Skinny/4-1.tif,1.1000000000000001,0.29998160430101534,0.24390215345287142,0.25801219188858038,0.19810405035753276
164,1640,Skinny,Skinny::4,Skinny/4-1.tif,1.25,0.32750738677201785,0.23478412394004583,0.24540854684858085,0.19229994243935544
164,1640,Skinny,Skinny::4,Skinny/4-1.tif,1.5,0.35735969369357423,0.22566887403632194,0.23645894533407932,0.18051248693602467
164,1640,Skinny,Skinny::4,Skinny/4-1.tif,2,0.39889633818399151,0.219020461663327,0.22210840785423552,0.15997479229844594
164,1640,Skinny,Skinny::4,Skinny/4-1.tif,2.5,0.43289465476601785,0.21573084863678457,0.20842675391745943,0.14294774267973798
164,1640,Skinny,Skinny::4,Skinny/4-1.tif,3,0.45841099937906887,0.21114941446334223,0.19534592066819265,0.13509366548939628
165,1650,Skinny,Skinny::5,Skinny/5-1.tif,1,0.21816603358169925,0.30741656155111075,0.27577051282919862,0.19864689203799135
165,1650,Skinny,Skinny::5,Skinny/5-1.tif,1.1000000000000001,0.23748007239193572,0.30859391816994874,0.26354739020792517,0.19037861923019045
165,1650,Skinny,Skinny::5,Skinny/5-1.tif,1.25,0.25707055209904572,0.30371669591485012,0.25661572338127853,0.1825970286048256
165,1650,Skinny,Skinny::5,Skinny/5-1.tif,1.5,0.28424106477238276,0.29424960099994324,0.247452162467275,0.17405717176039892
165,1650,Skinny,Skinny::5,Skinny/5-1.tif,2,0.31388362652841162,0.27980017682161407,0.24188268319682832,0.16443351345314611
165,1650,Skinny,Skinny::5,Skinny/5-1.tif,2.5,0.34033778292895317,0.27197864325152665,0.23563049063983174,0.15205308317968846
165,1650,Skinny,Skinny::5,Skinny/5-1.tif,3,0.36669655311685811,0.2635687105955471,0.22695728007257457,0.14277745621502033
166,1660,Skinny,Skinny::6,Skinny/6-1.tif,1,0.18696248559155679,0.28915906667793384,0.29864080283888428,0.22523764489162504
166,1660,Skinny,Skinny::6,Skinny/6-1.tif,1.1000000000000001,0.19252556487165029,0.29598176253361619,0.29733187145245488,0.2141608011422787
166,1660,Skinny,Skinny::6,Skinny/6-1.tif,1.25,0.20836984325737118,0.29211241834137297,0.29234826123400304,0.20716947716725287
166,1660,Skinny,Skinny::6,Skinny/6-1.tif,1.5,0.22839674872096064,0.29198155820797872,0.28067470330185151,0.19894698976920902
166,1660,Skinny,Skinny::6,Skinny/6-1.tif,2,0.25883885144446084,0.28833966873506517,0.27094461473574727,0.18187686508472678
166,1660,Skinny,Skinny::6,Skinny/6-1.tif,2.5,0.28557487869526615,0.29880273399460155,0.25300469946504645,0.16261768784508596
166,1660,Skinny,Skinny::6,Skinny/6-1.tif,3,0.31675299569540549,0.29815220612202425,0.24178211527702487,0.14331268290554547
167,1670,Skinny,Skinny::7,Skinny/7-1.tif,1,0.23153845471988357,0.32140786533143201,0.28277099294434926,0.16428268700433521
167,1670,Skinny,Skinny::7,Skinny/7-1.tif,1.1000000000000001,0.22965906182426618,0.32324103980993313,0.28427101504910113,0.16282888331669981
167,1670,Skinny,Skinny::7,Skinny/7-1.tif,1.25,0.24740877998056107,0.3225415605365019,0.27460461635740968,0.15544504312552737
167,1670,Skinny,Skinny::7,Skinny/7-1.tif,1.5,0.26462178276385617,0.32207910455878991,0.26961684569370337,0.14368226698365033
167,1670,Skinny,Skinny::7,Skinny/7-1.tif,2,0.29142593519734117,0.31007724428850408,0.26093234051662884,0.13756447999752608
167,1670,Skinny,Skinny::7,Skinny/7-1.tif,2.5,0.30062200190631017,0.3141672980414969,0.2525332495610334,0.13267745049115964
167,1670,Skinny,Skinny::7,Skinny/7-1.tif,3,0.30942901827484071,0.31184293167690685,0.24446921259738907,0.13425883745086337
168,1680,Skinny,Skinny::8,Skinny/8-1.tif,1,0.23171024120774539,0.24408694626353489,0.29287130583911536,0.23133150668960428
168,1680,Skinny,Skinny::8,Skinny/8-1.tif,1.1000000000000001,0.26264440819022983,0.24653720431476717,0.2836529426008112,0.20716544489419172
168,1680,Skinny,Skinny::8,Skinny/8-1.tif,1.25,0.30956769402496187,0.24585569666094667,0.26065014452289637,0.18392646479119495
168,1680,Skinny,Skinny::8,Skinny/8-1.tif,1.5,0.34211446006060658,0.24090133732731595,0.24747815539498183,0.1695060472170957
168,1680,Skinny,Skinny::8,Skinny/8-1.tif,2,0.37831804617159415,0.2312562311096521,0.24003382984690358,0.1503918928718504
168,1680,Skinny,Skinny::8,Skinny/8-1.tif,2.5,0.41178628974245524,0.22855302129487606,0.22353655536585462,0.1361241335968138
168,1680,Skinny,Skinny::8,Skinny/8-1.tif,3,0.42366943303078303,0.22247174080831669,0.21799754932333104,0.13586127683756918
169,1690,Skinny,Skinny::9,Skinny/9-1.tif,1,0.28392573196115106,0.19303153109948179,0.33189425560831393,0.19114848133105342
169,1690,Skinny,Skinny::9,Skinny/9-1.tif,1.1000000000000001,0.31162834034467818,0.19948859478065314,0.31018502630937422,0.17869803856529456
169,1690,Skinny,Skinny::9,Skinny/9-1.tif,1.25,0.34963576380813383,0.20226922899339253,0.28235075819753047,0.16574424900094331
169,1690,Skinny,Skinny::9,Skinny/9-1.tif,1.5,0.38842890886893988,0.19565621078619375,0.26513300203711426,0.15078187830775192
169,1690,Skinny,Skinny::9,Skinny/9-1.tif,2,0.44111391221856183,0.18645758136069679,0.24065788064407062,0.13177062577667054
169,1690,Skinny,Skinny::9,Skinny/9-1.tif,2.5,0.47018687220601368,0.18394983330633774,0.22607659110730466,0.1197867033803439
169,1690,Skinny,Skinny::9,Skinny/9-1.tif,3,0.50490598285382948,0.1823542806190632,0.21062436093898892,0.10211537558811853
170,1700,Straight,Straight::1,Straight/1-1.tif,1,0.26087366303075787,0.2606744116452267,0.27190239114314457,0.20654953418087116
170,1700,Straight,Straight::1,Straight/1-1.tif,1.1000000000000001,0.28709205805981036,0.26667544128771331,0.25922035324896786,0.18701214740350836
170,1700,Straight,Straight::1,Straight/1-1.tif,1.25,0.31723305635367105,0.25901329076520285,0.24537479334260487,0.17837885953852131
170,1700,Straight,Straight::1,Straight/1-1.tif,1.5,0.35986596427950557,0.26530256066778973,0.22901823077153158,0.14581324428117304
170,1700,Straight,Straight::1,Straight/1-1.tif,2,0.39247423755749777,0.2917777319663169,0.22118970944632069,0.094558321029864598
170,1700,Straight,Straight::1,Straight/1-1.tif,2.5,0.38250955825436689,0.30167583341362647,0.22658737032609524,0.089227238005911411
170,1700,Straight,Straight::1,Straight/1-1.tif,3,0.36936337236014372,0.30198880252167276,0.23461136095219437,0.094036464165989195
171,1710,Straight,Straight::10,Straight/10-1.tif,1,0.25115269783669514,0.23124065899640023,0.27145616163809533,0.24615048152880908
171,1710,Straight,Straight::10,Straight/10-1.tif,1.1000000000000001,0.28195792712522461,0.24436743424613139,0.25826264053950154,0.21541199808914249
171,1710,Straight,Straight::10,Straight/10-1.tif,1.25,0.29381538033392673,0.24411438200401578,0.25590124988557023,0.20616898777648715
171,1710,Straight,Straight::10,Straight/10-1.tif,1.5,0.30511970398158,0.24689538234492106,0.25341931348263075,0.19456560019086819
171,1710,Straight,Straight::10,Straight/10-1.tif,2,0.30412469848751772,0.25146370841924964,0.25844153081007532,0.18597006228315746
171,1710,Straight,Straight::10,Straight/10-1.tif,2.5,0.31190470895540773,0.24568888657266214,0.2581816574397825,0.18422474703214775
171,1710,Straight,Straight::10,Straight/10-1.tif,3,0.31802917914476503,0.24441899375094364,0.25326674758995232,0.18428507951433903
172,1720,Straight,Straight::2,Straight/2-1.tif,1,0.21749926889031443,0.26172182242754133,0.28633694090938827,0.23444196777275586
172,1720,Straight,Straight::2,Straight/2-1.tif,1.1000000000000001,0.24672658658381641,0.27134919381260542,0.27121694554425269,0.2107072740593256
172,1720,Straight,Straight::2,Straight/2-1.tif,1.25,0.27200406099077151,0.27037728994236998,0.26215382041482166,0.19546482865203693
172,1720,Straight,Straight::2,Straight/2-1.tif,1.5,0.28737241621452753,0.2633430206382123,0.2611371796894788,0.18814738345778151
172,1720,Straight,Straight::2,Straight/2-1.tif,2,0.302870941611741,0.26037356680314905,0.25694199351724489,0.17981349806786506
172,1720,Straight,Straight::2,Straight/2-1.tif,2.5,0.31341103418869026,0.25285549810062136,0.26186039541948009,0.1718730722912083
172,1720,Straight,Straight::2,Straight/2-1.tif,3,0.32649581063175676,0.25016939146272826,0.25713235775196402,0.16620244015355085
173,1730,Straight,Straight::3,Straight/3-1.tif,1,0.25111623076276146,0.33261029379249757,0.26280261155173135,0.15347086389300935
173,1730,Straight,Straight::3,Straight/3-1.tif,1.1000000000000001,0.26913163785521693,0.33608490990980711,0.25271953231319461,0.14206391992178155
173,1730,Straight,Straight::3,Straight/3-1.tif,1.25,0.2881690971819264,0.34170315710538474,0.24549153699794449,0.12463620871474465
173,1730,Straight,Straight::3,Straight/3-1.tif,1.5,0.29360455836846916,0.34895819608015349,0.24599875595531759,0.11143848959605965
173,1730,Straight,Straight::3,Straight/3-1.tif,2,0.29123013374594925,0.35174476985404712,0.24758799388138852,0.10943710251861502
173,1730,Straight,Straight::3,Straight/3-1.tif,2.5,0.28554478730832378,0.34799608106683544,0.24910050030225783,0.11735863132258298
173,1730,Straight,Straight::3,Straight/3-1.tif,3,0.28826700845757508,0.35409164256431397,0.24435667238015166,0.11328467659795929
174,1740,Straight,Straight::4,Straight/4-1.tif,1,0.25007154243849267,0.29650562528792906,0.28273929912193724,0.17068353315164128
174,1740,Straight,Straight::4,Straight/4-1.tif,1.1000000000000001,0.2526023010539456,0.30258846422909746,0.27573969782630436,0.16906953689065254
174,1740,Straight,Straight::4,Straight/4-1.tif,1.25,0.24723975565956449,0.30665850167769759,0.2747596707254859,0.17134207193725196
174,1740,Straight,Straight::4,Straight/4-1.tif,1.5,0.24318676047011084,0.31444282142552704,0.27070387494832754,0.17166654315603483
174,1740,Straight,Straight::4,Straight/4-1.tif,2,0.24528640547639616,0.32268994233508086,0.26327400450502769,0.16874964768349532
174,1740,Straight,Straight::4,Straight/4-1.tif,2.5,0.2474244203283123,0.33168236081059038,0.25154209390641369,0.16935112495468355
174,1740,Straight,Straight::4,Straight/4-1.tif,3,0.25091718906108135,0.3417614013427181,0.24322526800777525,0.16409614158842509
175,1750,Straight,Straight::5,Straight/5-1.tif,1,0.22736777069118039,0.26201245911568061,0.2870849028661745,0.22353486732696445
175,1750,Straight,Straight::5,Straight/5-1.tif,1.1000000000000001,0.2718904737887351,0.25982393593032121,0.26620928433966967,0.20207630594127407
175,1750,Straight,Straight::5,Straight/5-1.tif,1.25,0.30108811751695819,0.25896767401017634,0.25751307874633567,0.18243112972652978
175,1750,Straight,Straight::5,Straight/5-1.tif,1.5,0.33796505182506037,0.24924580135141611,0.24013843109196581,0.1726507157315576
175,1750,Straight,Straight::5,Straight/5-1.tif,2,0.38104767420727725,0.23467735453820693,0.22395404993757068,0.1603209213169452
175,1750,Straight,Straight::5,Straight/5-1.tif,2.5,0.41675150758294688,0.23140758400629216,0.20411493562649405,0.14772597278426708
175,1750,Straight,Straight::5,Straight/5-1.tif,3,0.44202420060258313,0.22266267346895302,0.19160247241406791,0.14371065351439613
176,1760,Straight,Straight::6,Straight/6-1.tif,1,0.20604942700719886,0.28237598883074821,0.307671722466901,0.20390286169515218
176,1760,Straight,Straight::6,Straight/6-1.tif,1.1000000000000001,0.2119953458545262,0.30838708911811014,0.30095681156718279,0.17866075346018101
176,1760,Straight,Straight::6,Straight/6-1.tif,1.25,0.21970924502138556,0.31325162016692248,0.29061713505677866,0.17642199975491338
176,1760,Straight,Straight::6,Straight/6-1.tif,1.5,0.22076136877181182,0.31972036027753603,0.28866595411277546,0.17085231683787663
176,1760,Straight,Straight::6,Straight/6-1.tif,2,0.22411530581058514,0.33387409231608017,0.27807007745968765,0.16394052441364712
176,1760,Straight,Straight::6,Straight/6-1.tif,2.5,0.23423987229965459,0.34717505549253197,0.27148874342112589,0.14709632878668763
176,1760,Straight,Straight::6,Straight/6-1.tif,3,0.23875853187679003,0.36018073375522447,0.2621096592604758,0.13895107510750979
177,1770,Straight,Straight::7,Straight/7-1.tif,1,0.29271571251238321,0.24525131099936778,0.28742339187948784,0.17460958460876122
177,1770,Straight,Straight::7,Straight/7-1.tif,1.1000000000000001,0.3267922824794624,0.2524791500783588,0.26177801864126676,0.15895054880091208
177,1770,Straight,Straight::7,Straight/7-1.tif,1.25,0.35121884153849242,0.2504461178497972,0.24962440220849774,0.1487106384032128
177,1770,Straight,Straight::7,Straight/7-1.tif,1.5,0.38034341100720215,0.25478798034626593,0.23215627422711471,0.13271233441941729
177,1770,Straight,Straight::7,Straight/7-1.tif,2,0.4104216662090161,0.26264996760332104,0.21775544394596685,0.10917292224169613
177,1770,Straight,Straight::7,Straight/7-1.tif,2.5,0.4274565373555636,0.2585054841481364,0.20353551782859966,0.11050246066770035
177,1770,Straight,Straight::7,Straight/7-1.tif,3,0.45023015535269645,0.24684758962556377,0.19666907468672118,0.10625318033501863
178,1780,Straight,Straight::8,Straight/8-1.tif,1,0.22553664726894895,0.3013347888399065,0.2874977300876036,0.18563083380354109
178,1780,Straight,Straight::8,Straight/8-1.tif,1.1000000000000001,0.24601706191182401,0.31342321499975134,0.28026768944380248,0.16029203364462211
178,1780,Straight,Straight::8,Straight/8-1.tif,1.25,0.26430801388295216,0.31198224219606691,0.26995835788592842,0.15375138603505242
178,1780,Straight,Straight::8,Straight/8-1.tif,1.5,0.27770624312458497,0.30930739993651885,0.26606923037010943,0.14691712656878675
178,1780,Straight,Straight::8,Straight/8-1.tif,2,0.29211363544656105,0.30759054542745734,0.26555040176407801,0.13474541736190365
178,1780,Straight,Straight::8,Straight/8-1.tif,2.5,0.30160045308102806,0.31032875138982935,0.25783356293972459,0.13023723258941819
178,1780,Straight,Straight::8,Straight/8-1.tif,3,0.31386156915471669,0.30964955365620689,0.25017759598845052,0.1263112812006259
179,1790,Straight,Straight::9,Straight/9-1.tif,1,0.26525477596652536,0.24691438490601883,0.26569305228786477,0.22213778683959126
179,1790,Straight,Straight::9,Straight/9-1.tif,1.1000000000000001,0.27399728605300061,0.2464741125630886,0.25863664109696477,0.22089196028694613
179,1790,Straight,Straight::9,Straight/9-1.tif,1.25,0.28731037403539927,0.2448885000531128,0.25512549156304226,0.21267563434844566
179,1790,Straight,Straight::9,Straight/9-1.tif,1.5,0.30073763997561542,0.24414878351002167,0.24984487546405434,0.20526870105030848
179,1790,Straight,Straight::9,Straight/9-1.tif,2,0.31070400474867055,0.24267897372366296,0.24536728248670159,0.20124973904096485
179,1790,Straight,Straight::9,Straight/9-1.tif,2.5,0.32039163373765123,0.24023563245567184,0.24416451415258877,0.19520821965408791
179,1790,Straight,Straight::9,Straight/9-1.tif,3,0.3394778857450868,0.23831671766728313,0.23714041059967264,0.1850649859879572
180,1800,Suit,Suit::1,Suit/1-1.tif,1,0.17496596077664045,0.28105754832561636,0.31378410268359413,0.23019238821414917
180,1800,Suit,Suit::1,Suit/1-1.tif,1.1000000000000001,0.17854894634187984,0.29091086127853788,0.30785524135629827,0.22268495102328392
180,1800,Suit,Suit::1,Suit/1-1.tif,1.25,0.1879516637340144,0.28573916064189919,0.30585510516258702,0.2204540704614994
180,1800,Suit,Suit::1,Suit/1-1.tif,1.5,0.19061922124657582,0.28454337727024459,0.30713385664044335,0.21770354484273641
180,1800,Suit,Suit::1,Suit/1-1.tif,2,0.19814193365118549,0.29406890504257222,0.306008459959209,0.20178070134703355
180,1800,Suit,Suit::1,Suit/1-1.tif,2.5,0.20576949270750497,0.30012685949569062,0.3030476100185015,0.19105603777830296
180,1800,Suit,Suit::1,Suit/1-1.tif,3,0.21665155122131849,0.30164754981711078,0.29708425971445723,0.18461663924711358
181,1810,Suit,Suit::10,Suit/10-1.tif,1,0.25717926087802001,0.28694080496736912,0.26624288827095588,0.1896370458836551
181,1810,Suit,Suit::10,Suit/10-1.tif,1.1000000000000001,0.27496605824873421,0.2820850334514417,0.25886050733491595,0.18408840096490811
181,1810,Suit,Suit::10,Suit/10-1.tif,1.25,0.2778404305932945,0.28336880710632539,0.2547090738761032,0.184081688424277
181,1810,Suit,Suit::10,Suit/10-1.tif,1.5,0.27461209930245561,0.28926177612684334,0.25445046462487581,0.18167565994582521
181,1810,Suit,Suit::10,Suit/10-1.tif,2,0.26691490556609682,0.29199439334736554,0.24992054912615491,0.19117015196038287
181,1810,Suit,Suit::10,Suit/10-1.tif,2.5,0.25745156494391119,0.28663492451566769,0.24889630375366426,0.20701720678675684
181,1810,Suit,Suit::10,Suit/10-1.tif,3,0.25191048367126756,0.28272539071277131,0.24514278401347006,0.22022134160249113
182,1820,Suit,Suit::2,Suit/2-1.tif,1,0.19812858306773296,0.27145944579237108,0.27711892743319078,0.25329304370670502
182,1820,Suit,Suit::2,Suit/2-1.tif,1.1000000000000001,0.22202277771184917,0.28668906210976941,0.26950045543533729,0.22178770474304421
182,1820,Suit,Suit::2,Suit/2-1.tif,1.25,0.24513614133841272,0.2940419504308181,0.26675944380994998,0.19406246442081923
182,1820,Suit,Suit::2,Suit/2-1.tif,1.5,0.26669722467249884,0.31295162761752987,0.25835973648978039,0.16199141122019078
182,1820,Suit,Suit::2,Suit/2-1.tif,2,0.2922365114996644,0.32944306726131073,0.2486285919662917,0.12969182927273351
182,1820,Suit,Suit::2,Suit/2-1.tif,2.5,0.29846008447099964,0.3250586846607505,0.24514202601902843,0.13133920484922149
182,1820,Suit,Suit::2,Suit/2-1.tif,3,0.30331964011521273,0.3241119707297776,0.24116290919861072,0.13140547995639873
183,1830,Suit,Suit::3,Suit/3-1.tif,1,0.22748310308162023,0.29288664254185948,0.28590772611704274,0.19372252825947756
183,1830,Suit,Suit::3,Suit/3-1.tif,1.1000000000000001,0.22895505810235167,0.30046471790951568,0.27883888833918974,0.19174133564894302
183,1830,Suit,Suit::3,Suit/3-1.tif,1.25,0.22472938459896702,0.30506520428162504,0.27486697099204138,0.19533844012736667
183,1830,Suit,Suit::3,Suit/3-1.tif,1.5,0.22184050955495388,0.30798727976298462,0.27043924238729494,0.19973296829476675
183,1830,Suit,Suit::3,Suit/3-1.tif,2,0.22340699705587999,0.31299093488225488,0.26398649634012034,0.19961557172174482
183,1830,Suit,Suit::3,Suit/3-1.tif,2.5,0.23056694044612949,0.31786832790694747,0.25568343936432875,0.19588129228259435
183,1830,Suit,Suit::3,Suit/3-1.tif,3,0.23324884790938591,0.32455622290877417,0.25106202917340531,0.19113290000843469
184,1840,Suit,Suit::4,Suit/4-1.tif,1,0.22131518175416978,0.27287485588489147,0.2832846837510864,0.22252527860985233
184,1840,Suit,Suit::4,Suit/4-1.tif,1.1000000000000001,0.24503457678572785,0.29613516662370709,0.27890486172801121,0.17992539486255385
184,1840,Suit,Suit::4,Suit/4-1.tif,1.25,0.27313339740939768,0.29563889384908704,0.27221380186129995,0.15901390688021513
184,1840,Suit,Suit::4,Suit/4-1.tif,1.5,0.2884212055812419,0.30824520940258271,0.26308067016261077,0.14025291485356428
184,1840,Suit,Suit::4,Suit/4-1.tif,2,0.29924474985569588,0.31793983225237293,0.25574168906065048,0.12707372883128057
184,1840,Suit,Suit::4,Suit/4-1.tif,2.5,0.3150153957140685,0.32997622014396705,0.24268589293852291,0.11232249120344154
184,1840,Suit,Suit::4,Suit/4-1.tif,3,0.32575631198483357,0.3331232916720544,0.23402693064624966,0.10709346569686251
185,1850,Suit,Suit::5,Suit/5-1.tif,1,0.2174784403582285,0.28461185363247149,0.29771533655874649,0.20019436945055333
185,1850,Suit,Suit::5,Suit/5-1.tif,1.1000000000000001,0.22512357264626628,0.28805277267775853,0.29050374723915284,0.19631990743682237
185,1850,Suit,Suit::5,Suit/5-1.tif,1.25,0.23329947165105003,0.30039957160823644,0.28067435026235732,0.18562660647835608
185,1850,Suit,Suit::5,Suit/5-1.tif,1.5,0.23762938854978929,0.31456456305532415,0.27492438648298634,0.17288166191189999
185,1850,Suit,Suit::5,Suit/5-1.tif,2,0.25869661346718487,0.33635610350075934,0.26226901554316179,0.14267826748889412
185,1850,Suit,Suit::5,Suit/5-1.tif,2.5,0.27676585908851314,0.35987224748200847,0.24980913156799744,0.11355276186148089
185,1850,Suit,Suit::5,Suit/5-1.tif,3,0.2906537750143286,0.38016080021819598,0.24083241540701364,0.088353009360462018
186,1860,Suit,Suit::6,Suit/6-1.tif,1,0.26392381748479532,0.28241673249693677,0.29315299414448343,0.1605064558737847
186,1860,Suit,Suit::6,Suit/6-1.tif,1.1000000000000001,0.28999610431275125,0.29474618777845452,0.27363569878067995,0.14162200912811426
186,1860,Suit,Suit::6,Suit/6-1.tif,1.25,0.2936444021032919,0.30584661235844141,0.26373126986155493,0.13677771567671185
186,1860,Suit,Suit::6,Suit/6-1.tif,1.5,0.28263082795359779,0.3162081829673038,0.25604449895713011,0.14511649012196831
186,1860,Suit,Suit::6,Suit/6-1.tif,2,0.28081662753039416,0.32652738346150834,0.25356261775306072,0.13909337125503707
186,1860,Suit,Suit::6,Suit/6-1.tif,2.5,0.2791144982971932,0.33036285033512952,0.2536782879989547,0.13684436336872263
186,1860,Suit,Suit::6,Suit/6-1.tif,3,0.2786552051163228,0.33241643064241955,0.24677585068903501,0.14215251355222255
187,1870,Suit,Suit::7,Suit/7-1.tif,1,0.18980758178942425,0.33753843354368945,0.28294719530325413,0.18970678936363203
187,1870,Suit,Suit::7,Suit/7-1.tif,1.1000000000000001,0.19641767334196758,0.33942548619383894,0.2717226660052901,0.19243417445890357
187,1870,Suit,Suit::7,Suit/7-1.tif,1.25,0.20194715658365539,0.33007421992424796,0.26928963015501256,0.19868899333708387
187,1870,Suit,Suit::7,Suit/7-1.tif,1.5,0.21166679936867919,0.33558300218999526,0.25906352571347968,0.19368667272784595
187,1870,Suit,Suit::7,Suit/7-1.tif,2,0.22417440607132399,0.34972648715885796,0.24312864733886477,0.18297045943095328
187,1870,Suit,Suit::7,Suit/7-1.tif,2.5,0.23712809629450074,0.35774940387758813,0.23543178833975631,0.16969071148815487
187,1870,Suit,Suit::7,Suit/7-1.tif,3,0.24364213324732775,0.36667619712669203,0.2266937720876637,0.16298789753831622
188,1880,Suit,Suit::8,Suit/8-1.tif,1,0.20851311197733169,0.29201540380291657,0.28382570195643408,0.21564578226331771
188,1880,Suit,Suit::8,Suit/8-1.tif,1.1000000000000001,0.2317686587070665,0.31403902211689649,0.26618225811982577,0.18801006105621118
188,1880,Suit,Suit::8,Suit/8-1.tif,1.25,0.24608929893251627,0.32332639082338799,0.2567735348961096,0.17381077534798628
188,1880,Suit,Suit::8,Suit/8-1.tif,1.5,0.26332209367681275,0.33950374528537386,0.24840200815874894,0.14877215287906459
188,1880,Suit,Suit::8,Suit/8-1.tif,2,0.28176585236203616,0.36079626344843263,0.23585294602985174,0.12158493815967954
188,1880,Suit,Suit::8,Suit/8-1.tif,2.5,0.28351820162894975,0.3667431006991782,0.23256464221032211,0.11717405546155014
188,1880,Suit,Suit::8,Suit/8-1.tif,3,0.28382765204452826,0.37070817347279256,0.22928068630193094,0.11618348818074817
189,1890,Suit,Suit::9,Suit/9-1.tif,1,0.21116627247539113,0.26719840860808819,0.26496377706382146,0.25667154185269925
189,1890,Suit,Suit::9,Suit/9-1.tif,1.1000000000000001,0.22963341378432084,0.29420732447055242,0.26730730862045704,0.20885195312466961
189,1890,Suit,Suit::9,Suit/9-1.tif,1.25,0.24280481673651005,0.29680797980239287,0.26923880378863807,0.19114839967245897
189,1890,Suit,Suit::9,Suit/9-1.tif,1.5,0.23695715346468127,0.29411693956149476,0.27277825736322625,0.19614764961059772
189,1890,Suit,Suit::9,Suit/9-1.tif,2,0.23667811480398815,0.29057771191547593,0.26873931807874324,0.20400485520179296
189,1890,Suit,Suit::9,Suit/9-1.tif,2.5,0.24904950517877961,0.27436925432880821,0.26707930623086273,0.20950193426154945
189,1890,Suit,Suit::9,Suit/9-1.tif,3,0.25926807881120068,0.2852979179286812,0.25316824074014288,0.20226576251997516
190,1910,T-shirt,T-shirt::1,T-shirt/1_1.tif,1,0.17330422121776154,0.29244156524291126,0.31848955921739097,0.21576465432193609
190,1910,T-shirt,T-shirt::1,T-shirt/1_1.tif,1.1000000000000001,0.19238501454173035,0.31309271377905334,0.30854900015854003,0.18597327152067644
190,1910,T-shirt,T-shirt::1,T-shirt/1_1.tif,1.25,0.20671553618096924,0.32392545786241522,0.30191729307193554,0.16744171288467999
190,1910,T-shirt,T-shirt::1,T-shirt/1_1.tif,1.5,0.21759364859521321,0.32944144778999246,0.29916871765656655,0.15379618595822803
190,1910,T-shirt,T-shirt::1,T-shirt/1_1.tif,2,0.22495521785020361,0.32647393455816082,0.29672125493554458,0.15184959265609105
190,1910,T-shirt,T-shirt::1,T-shirt/1_1.tif,2.5,0.2331884629721046,0.31820155088548846,0.28845771091361805,0.16015227522878869
190,1910,T-shirt,T-shirt::1,T-shirt/1_1.tif,3,0.24992047958417934,0.31358225103472825,0.28505447828853442,0.15144279109255801
191,1900,T-shirt,T-shirt::10,T-shirt/10_1.tif,1,0.24467569880427559,0.34135622805999921,0.26866886137007928,0.14529921176564592
191,1900,T-shirt,T-shirt::10,T-shirt/10_1.tif,1.1000000000000001,0.24417007142561956,0.32937321240768586,0.26787467134241133,0.15858204482428326
191,1900,T-shirt,T-shirt::10,T-shirt/10_1.tif,1.25,0.24083381901245499,0.32116593735715127,0.2694752994070882,0.16852494422330547
191,1900,T-shirt,T-shirt::10,T-shirt/10_1.tif,1.5,0.23487210966781058,0.30989880563817335,0.26888839942331832,0.18634068527069808
191,1900,T-shirt,T-shirt::10,T-shirt/10_1.tif,2,0.22796333246714878,0.29820973343112545,0.27064098033292122,0.20318595376880444
191,1900,T-shirt,T-shirt::10,T-shirt/10_1.tif,2.5,0.23059750943977625,0.2979438700292999,0.26399234990582365,0.2074662706251002
191,1900,T-shirt,T-shirt::10,T-shirt/10_1.tif,3,0.24639068096780667,0.29680955640130152,0.26267812355598469,0.19412163907490704
192,1920,T-shirt,T-shirt::2,T-shirt/2_1.tif,1,0.19503645507316292,0.29233941445409373,0.30243596567512526,0.21018816479761829
192,1920,T-shirt,T-shirt::2,T-shirt/2_1.tif,1.1000000000000001,0.21148631985121022,0.30964621172623219,0.29500194103040689,0.18386552739215056
192,1920,T-shirt,T-shirt::2,T-shirt/2_1.tif,1.25,0.23893624008649428,0.32657859184109628,0.28752500288318417,0.14696016518922536
192,1920,T-shirt,T-shirt::2,T-shirt/2_1.tif,1.5,0.24348041479664373,0.33033586308321916,0.27886613999596366,0.14731758212417342
192,1920,T-shirt,T-shirt::2,T-shirt/2_1.tif,2,0.25001289953505929,0.31285678675678436,0.27205814646186516,0.16507216724629117
192,1920,T-shirt,T-shirt::2,T-shirt/2_1.tif,2.5,0.25272083795633271,0.29771070071272293,0.26855685614400265,0.18101160518694176
192,1920,T-shirt,T-shirt::2,T-shirt/2_1.tif,3,0.25877239933730806,0.29722490030205856,0.2569243874414745,0.18707831291915886
193,1930,T-shirt,T-shirt::3,T-shirt/3-10.tif,1,0.17471763283207559,0.28060398852425139,0.30744294344099216,0.23723543520268095
193,1930,T-shirt,T-shirt::3,T-shirt/3-10.tif,1.1000000000000001,0.18659099913537963,0.29830374324716713,0.29749939336974751,0.21760586424770575
193,1930,T-shirt,T-shirt::3,T-shirt/3-10.tif,1.25,0.1924420549342811,0.29870650622497219,0.29323526203364375,0.21561617680710296
193,1930,T-shirt,T-shirt::3,T-shirt/3-10.tif,1.5,0.19841357656005376,0.30152716848038441,0.28979796125127216,0.21026129370828964
193,1930,T-shirt,T-shirt::3,T-shirt/3-10.tif,2,0.20224341623780764,0.30075169703729815,0.28595365057420369,0.21105123615069055
193,1930,T-shirt,T-shirt::3,T-shirt/3-10.tif,2.5,0.20542738345460523,0.29862634038885066,0.27988011853852585,0.21606615761801798
193,1930,T-shirt,T-shirt::3,T-shirt/3-10.tif,3,0.21105523671274101,0.30190371783731768,0.28184217298458641,0.20519887246535468
194,1940,T-shirt,T-shirt::4,T-shirt/4_1.tif,1,0.19930969354554509,0.31221838654134376,0.28514121264002384,0.20333070727308727
194,1940,T-shirt,T-shirt::4,T-shirt/4_1.tif,1.1000000000000001,0.20487509033744958,0.31476764820546338,0.27788336706301731,0.20247389439406954
194,1940,T-shirt,T-shirt::4,T-shirt/4_1.tif,1.25,0.20967056092714334,0.31371936525383193,0.27020391097527618,0.20640616284374866
194,1940,T-shirt,T-shirt::4,T-shirt/4_1.tif,1.5,0.21637892426476488,0.31302816519587645,0.26965737344711738,0.20093553709224118
194,1940,T-shirt,T-shirt::4,T-shirt/4_1.tif,2,0.23353884812586539,0.32309959533856691,0.26591016270935874,0.17745139382620889
194,1940,T-shirt,T-shirt::4,T-shirt/4_1.tif,2.5,0.24525621978799042,0.32441654299430528,0.26381383932775965,0.16651339788994463
194,1940,T-shirt,T-shirt::4,T-shirt/4_1.tif,3,0.26307513376756414,0.3202767446400952,0.25937441176148041,0.1572737098308602
195,1950,T-shirt,T-shirt::5,T-shirt/5_1.tif,1,0.18984408330170052,0.30540197684060921,0.32080835004196251,0.1839455898157277
195,1950,T-shirt,T-shirt::5,T-shirt/5_1.tif,1.1000000000000001,0.19760470110387912,0.30773561908852864,0.31457269732565257,0.18008698248193947
195,1950,T-shirt,T-shirt::5,T-shirt/5_1.tif,1.25,0.20719178415425832,0.31572413024824147,0.30459583569502724,0.17248824990247261
195,1950,T-shirt,T-shirt::5,T-shirt/5_1.tif,1.5,0.22592402661225894,0.34103623285258367,0.28570970647588878,0.14733003405926876
195,1950,T-shirt,T-shirt::5,T-shirt/5_1.tif,2,0.22582781737987584,0.34360495406834102,0.26867032728755641,0.16189690126422662
195,1950,T-shirt,T-shirt::5,T-shirt/5_1.tif,2.5,0.21647054269065993,0.3368943471862843,0.26120930480064491,0.18542580532241087
195,1950,T-shirt,T-shirt::5,T-shirt/5_1.tif,3,0.22063329561512984,0.34473244984065565,0.25175633897308197,0.18287791557113273
196,1960,T-shirt,T-shirt::6,T-shirt/6_1.tif,1,0.22973903927185416,0.32369119996727402,0.26424770309445478,0.1823220576664169
196,1960,T-shirt,T-shirt::6,T-shirt/6_1.tif,1.1000000000000001,0.26421397756341464,0.35138433911116801,0.24925156501993048,0.13515011830548698
196,1960,T-shirt,T-shirt::6,T-shirt/6_1.tif,1.25,0.2794999576040238,0.36386698588218375,0.24352498117114807,0.11310807534264437
196,1960,T-shirt,T-shirt::6,T-shirt/6_1.tif,1.5,0.25853963491774318,0.33728283567581574,0.25375320798931245,0.15042432141712864
196,1960,T-shirt,T-shirt::6,T-shirt/6_1.tif,2,0.24111273492224541,0.30566191690220734,0.26250848415126915,0.19071686402427798
196,1960,T-shirt,T-shirt::6,T-shirt/6_1.tif,2.5,0.24102320754964346,0.30258700186627879,0.26782594437100266,0.18856384621307518
196,1960,T-shirt,T-shirt::6,T-shirt/6_1.tif,3,0.24818531795239754,0.30928619020632542,0.26973671455566128,0.17279177728561596
197,1970,T-shirt,T-shirt::7,T-shirt/7_1.tif,1,0.21678461077770037,0.31947534274533385,0.27251903748355133,0.19122100899341468
197,1970,T-shirt,T-shirt::7,T-shirt/7_1.tif,1.1000000000000001,0.22486349304031647,0.31910291561339571,0.27021384357990097,0.18581974776638679
197,1970,T-shirt,T-shirt::7,T-shirt/7_1.tif,1.25,0.22309465768656336,0.31196268448328207,0.26939582508811094,0.19554683274204362
197,1970,T-shirt,T-shirt::7,T-shirt/7_1.tif,1.5,0.22243853123121612,0.30801365438152295,0.26898026921395191,0.20056754517330894
197,1970,T-shirt,T-shirt::7,T-shirt/7_1.tif,2,0.22860163600237035,0.31165890818917741,0.26938175153414146,0.19035770427431092
197,1970,T-shirt,T-shirt::7,T-shirt/7_1.tif,2.5,0.24081057430041447,0.30916202374441532,0.2633557168965831,0.18667168505858708
197,1970,T-shirt,T-shirt::7,T-shirt/7_1.tif,3,0.24924350097025852,0.31233529259919968,0.25967057625336404,0.17875063017717782
198,1980,T-shirt,T-shirt::8,T-shirt/8_1.tif,1,0.19291515932464423,0.28402653995044286,0.28075785947759435,0.2423004412473185
198,1980,T-shirt,T-shirt::8,T-shirt/8_1.tif,1.1000000000000001,0.20900751111748486,0.29940544188797041,0.27616140298796577,0.2154256440065789
198,1980,T-shirt,T-shirt::8,T-shirt/8_1.tif,1.25,0.20989962923495839,0.29109992373137622,0.28194152109917259,0.21705892593449277
198,1980,T-shirt,T-shirt::8,T-shirt/8_1.tif,1.5,0.205527838905008,0.28624070005254226,0.29027993284439363,0.21795152819805597
198,1980,T-shirt,T-shirt::8,T-shirt/8_1.tif,2,0.20249922138419738,0.27495197446906966,0.29779485123021465,0.22475395291651817
198,1980,T-shirt,T-shirt::8,T-shirt/8_1.tif,2.5,0.20783237206164418,0.27631735887867176,0.28459242521631062,0.23125784384337342
198,1980,T-shirt,T-shirt::8,T-shirt/8_1.tif,3,0.22608497074888201,0.28293401772919535,0.27285208263511124,0.21812892888681165
199,1990,T-shirt,T-shirt::9,T-shirt/9_1.tif,1,0.24186734015584507,0.34978807863554801,0.26723466115649275,0.14110992005211423
199,1990,T-shirt,T-shirt::9,T-shirt/9_1.tif,1.1000000000000001,0.24796626717917972,0.35439053703081186,0.26642009966027402,0.13122309612973451
199,1990,T-shirt,T-shirt::9,T-shirt/9_1.tif,1.25,0.23627429403640782,0.33453090927663764,0.27231948302930159,0.15687531365765311
199,1990,T-shirt,T-shirt::9,T-shirt/9_1.tif,1.5,0.23048878662834468,0.30644982764082129,0.27452857000691244,0.18853281572392139
199,1990,T-shirt,T-shirt::9,T-shirt/9_1.tif,2,0.22195652409986197,0.29110707542378295,0.28948620945518305,0.19745019102117176
199,1990,T-shirt,T-shirt::9,T-shirt/9_1.tif,2.5,0.22436998090863011,0.28850878430478138,0.29011518867166852,0.19700604611491995
199,1990,T-shirt,T-shirt::9,T-shirt/9_1.tif,3,0.23090222983867156,0.29429652361957453,0.28736430883047476,0.1874369377112792
200,2010,Tunic,Tunic::1,Tunic/1_1.tif,1,0.22174972091424197,0.361311127775161,0.24554280958613531,0.17139634172446178
200,2010,Tunic,Tunic::1,Tunic/1_1.tif,1.1000000000000001,0.23343565496223093,0.36980333590385056,0.24437390254137498,0.15238710659254348
200,2010,Tunic,Tunic::1,Tunic/1_1.tif,1.25,0.23836698574962981,0.36686334206922794,0.24700662124335968,0.14776305093778269
200,2010,Tunic,Tunic::1,Tunic/1_1.tif,1.5,0.23775673465920716,0.35945350000053267,0.25439807647822654,0.14839168886203349
200,2010,Tunic,Tunic::1,Tunic/1_1.tif,2,0.23140759583593543,0.33541177256306215,0.27268379603626464,0.16049683556473762
200,2010,Tunic,Tunic::1,Tunic/1_1.tif,2.5,0.22612126878321295,0.31381188721736009,0.28113502054526623,0.17893182345416073
200,2010,Tunic,Tunic::1,Tunic/1_1.tif,3,0.22492043891639446,0.3087519742957282,0.2864299616923387,0.17989762509553855
201,2000,Tunic,Tunic::10,Tunic/10_1.tif,1,0.22840128710353114,0.29168336302309944,0.2780968782803539,0.20181847159301566
201,2000,Tunic,Tunic::10,Tunic/10_1.tif,1.1000000000000001,0.22487987988281749,0.28690121580955802,0.27607770795772635,0.21214119634989803
201,2000,Tunic,Tunic::10,Tunic/10_1.tif,1.25,0.22807389470297199,0.28847132408293097,0.27530636640166711,0.20814841481242982
201,2000,Tunic,Tunic::10,Tunic/10_1.tif,1.5,0.23870820745226329,0.29969699603705274,0.26755911693302725,0.19403567957765672
201,2000,Tunic,Tunic::10,Tunic/10_1.tif,2,0.25067142196690501,0.31797116137542958,0.25329878694195845,0.17805862971570705
201,2000,Tunic,Tunic::10,Tunic/10_1.tif,2.5,0.26017152307579616,0.32456005549368089,0.24682149434308909,0.16844692708743378
201,2000,Tunic,Tunic::10,Tunic/10_1.tif,3,0.27117194025847668,0.33563958998012705,0.24329346229728591,0.1498950074641103
202,2020,Tunic,Tunic::2,Tunic/2_1.tif,1,0.24326742267918669,0.32541736461630677,0.25928602505966553,0.17202918764484104
202,2020,Tunic,Tunic::2,Tunic/2_1.tif,1.1000000000000001,0.25221134677017115,0.33269393694693666,0.25540082074497045,0.15969389553792177
202,2020,Tunic,Tunic::2,Tunic/2_1.tif,1.25,0.24897890529766556,0.34897638958364896,0.24943009434999788,0.15261461076868763
202,2020,Tunic,Tunic::2,Tunic/2_1.tif,1.5,0.23858618648266985,0.35769266634726399,0.25389380549177226,0.14982734167829387
202,2020,Tunic,Tunic::2,Tunic/2_1.tif,2,0.22798619341212872,0.36035097831558544,0.25142200898744937,0.16024081928483649
202,2020,Tunic,Tunic::2,Tunic/2_1.tif,2.5,0.21937506187876907,0.35051215465023033,0.25501959257203538,0.17509319089896525
202,2020,Tunic,Tunic::2,Tunic/2_1.tif,3,0.22479548230399085,0.34935760444711861,0.24609408810504987,0.17975282514384067
203,2030,Tunic,Tunic::3,Tunic/3_1.tif,1,0.24913254353017183,0.2692455538112174,0.28192775835551664,0.19969414430309385
203,2030,Tunic,Tunic::3,Tunic/3_1.tif,1.1000000000000001,0.27555925970380368,0.26553156581822068,0.26749627490497291,0.19141289957300275
203,2030,Tunic,Tunic::3,Tunic/3_1.tif,1.25,0.29263956257913232,0.26230365489518803,0.25943973734419229,0.18561704518148747
203,2030,Tunic,Tunic::3,Tunic/3_1.tif,1.5,0.30582062649363784,0.25412246614093148,0.25793601293290902,0.18212089443252147
203,2030,Tunic,Tunic::3,Tunic/3_1.tif,2,0.31955395026035571,0.24586850718171602,0.25478431829094422,0.17979322426698421
203,2030,Tunic,Tunic::3,Tunic/3_1.tif,2.5,0.33387991322104338,0.23865529864300244,0.25370100695877962,0.17376378117717464
203,2030,Tunic,Tunic::3,Tunic/3_1.tif,3,0.35101123693010877,0.23531000661542054,0.24943407067446352,0.16424468578000717
204,2040,Tunic,Tunic::4,Tunic/4_1.tif,1,0.22787301567671342,0.31401983957992347,0.25784930078625568,0.2002578439571075
204,2040,Tunic,Tunic::4,Tunic/4_1.tif,1.1000000000000001,0.23664046199510344,0.32416740417802209,0.25227072347788154,0.18692141034899301
204,2040,Tunic,Tunic::4,Tunic/4_1.tif,1.25,0.23733301490853559,0.32786379038015884,0.24859149612155215,0.18621169858975348
204,2040,Tunic,Tunic::4,Tunic/4_1.tif,1.5,0.23740815067709492,0.33652584005341457,0.25026754402878648,0.17579846524070414
204,2040,Tunic,Tunic::4,Tunic/4_1.tif,2,0.24891175399063364,0.35731682001989756,0.24415875640917695,0.14961266958029174
204,2040,Tunic,Tunic::4,Tunic/4_1.tif,2.5,0.27206528296062349,0.37949405373327438,0.23741023741228209,0.11103042589381998
204,2040,Tunic,Tunic::4,Tunic/4_1.tif,3,0.28345519136498648,0.38946075716915912,0.23137911730416075,0.095704934161693914
205,2050,Tunic,Tunic::5,Tunic/5_1.tif,1,0.21089368823588378,0.27534861096522573,0.29292963156443524,0.22082806923445533
205,2050,Tunic,Tunic::5,Tunic/5_1.tif,1.1000000000000001,0.22157095271810812,0.3022626011983825,0.2780572447469265,0.19810920133658302
205,2050,Tunic,Tunic::5,Tunic/5_1.tif,1.25,0.23097591393129441,0.30304844595275249,0.27399448695826079,0.19198115315769226
205,2050,Tunic,Tunic::5,Tunic/5_1.tif,1.5,0.22676560085052008,0.31714449766843394,0.27374620786626069,0.18234369361478542
205,2050,Tunic,Tunic::5,Tunic/5_1.tif,2,0.21491635868911224,0.3255329492206499,0.27505142585108411,0.18449926623915394
205,2050,Tunic,Tunic::5,Tunic/5_1.tif,2.5,0.21010360897910021,0.3227359638835588,0.27247851698873776,0.19468191014860309
205,2050,Tunic,Tunic::5,Tunic/5_1.tif,3,0.21240862240855232,0.32660817465081343,0.26694435157916319,0.1940388513614712
206,2060,Tunic,Tunic::6,Tunic/6_1.tif,1,0.28176678511000486,0.30559015142243173,0.24102998525479752,0.17161307821276595
206,2060,Tunic,Tunic::6,Tunic/6_1.tif,1.1000000000000001,0.28468633230719131,0.31575872550829615,0.23244934712328896,0.16710559506122358
206,2060,Tunic,Tunic::6,Tunic/6_1.tif,1.25,0.28635369441728525,0.32406303417977445,0.2304614344271837,0.15912183697575666
206,2060,Tunic,Tunic::6,Tunic/6_1.tif,1.5,0.27322578304259804,0.32861397597423714,0.23820196813394862,0.15995827284921613
206,2060,Tunic,Tunic::6,Tunic/6_1.tif,2,0.26550827882677919,0.33401316714731211,0.236283526890539,0.16419502713536965
206,2060,Tunic,Tunic::6,Tunic/6_1.tif,2.5,0.26122981248251753,0.33881502814405628,0.23068378412741239,0.16927137524601393
206,2060,Tunic,Tunic::6,Tunic/6_1.tif,3,0.25771372379784335,0.34465864234490268,0.22596412950913736,0.17166350434811656
207,2070,Tunic,Tunic::7,Tunic/7_1.tif,1,0.28808558088966341,0.31854153012694936,0.24142168522560634,0.15195120375778068
207,2070,Tunic,Tunic::7,Tunic/7_1.tif,1.1000000000000001,0.2926190679699322,0.32926415466082154,0.2434921218953634,0.13462465547388258
207,2070,Tunic,Tunic::7,Tunic/7_1.tif,1.25,0.3255488262190207,0.31894164968227695,0.22662078677180167,0.1288887373269007
207,2070,Tunic,Tunic::7,Tunic/7_1.tif,1.5,0.32065900263078762,0.31455103627483183,0.23086869240800953,0.13392126868637114
207,2070,Tunic,Tunic::7,Tunic/7_1.tif,2,0.31134457137554949,0.30417691499447008,0.24114459497357657,0.14333391865640369
207,2070,Tunic,Tunic::7,Tunic/7_1.tif,2.5,0.295780459257109,0.29526204972264131,0.24633335361973352,0.16262413740051607
207,2070,Tunic,Tunic::7,Tunic/7_1.tif,3,0.28265096943992196,0.28761860951962714,0.24963178155461585,0.18009863948583507
208,2080,Tunic,Tunic::8,Tunic/8_1.tif,1,0.24624907504149685,0.23755093439538136,0.23405903440131021,0.28214095616181156
208,2080,Tunic,Tunic::8,Tunic/8_1.tif,1.1000000000000001,0.2511792648025401,0.24651653530899198,0.23375779209232461,0.26854640779614319
208,2080,Tunic,Tunic::8,Tunic/8_1.tif,1.25,0.27803114197888817,0.24519464585362577,0.22796705330181399,0.24880715886567209
208,2080,Tunic,Tunic::8,Tunic/8_1.tif,1.5,0.34117178824372835,0.25291214945001705,0.21195857997474632,0.19395748233150822
208,2080,Tunic,Tunic::8,Tunic/8_1.tif,2,0.37582816199597707,0.27755104015726767,0.21279019292321538,0.13383060492354001
208,2080,Tunic,Tunic::8,Tunic/8_1.tif,2.5,0.36883857257689678,0.28656832582786651,0.22171153804418425,0.12288156355105249
208,2080,Tunic,Tunic::8,Tunic/8_1.tif,3,0.35880952092964502,0.29272586833929787,0.22525029194256621,0.12321431878849096
209,2090,Tunic,Tunic::9,Tunic/9_1.tif,1,0.21934313313075601,0.31010594197319474,0.27758691879799058,0.19296400609805869
209,2090,Tunic,Tunic::9,Tunic/9_1.tif,1.1000000000000001,0.22056361936469981,0.30888029825219715,0.27139068500760727,0.19916539737549566
209,2090,Tunic,Tunic::9,Tunic/9_1.tif,1.25,0.23031385768374105,0.31334381562061098,0.27017239100270285,0.18616993569294524
209,2090,Tunic,Tunic::9,Tunic/9_1.tif,1.5,0.23568755598898322,0.31998849302111204,0.26347258251529049,0.18085136847461419
209,2090,Tunic,Tunic::9,Tunic/9_1.tif,2,0.2417325209400909,0.32630556100785429,0.25640222703055249,0.17555969102150237
209,2090,Tunic,Tunic::9,Tunic/9_1.tif,2.5,0.25916368029543152,0.34056453069222953,0.24653350577221314,0.15373828324012576
209,2090,Tunic,Tunic::9,Tunic/9_1.tif,3,0.27995450533248462,0.36697798059271819,0.22312868605644595,0.12993882801835144
210,2110,Vest,Vest::1,Vest/1_1.tif,1,0.22859434664256037,0.2813887783050053,0.29133283796146475,0.19868403709096966
210,2110,Vest,Vest::1,Vest/1_1.tif,1.1000000000000001,0.23700950043239119,0.28816413209193936,0.28443932184088316,0.19038704563478628
210,2110,Vest,Vest::1,Vest/1_1.tif,1.25,0.23853040144686258,0.28597729756337903,0.28342606523731184,0.1920662357524465
210,2110,Vest,Vest::1,Vest/1_1.tif,1.5,0.25499579756552088,0.29224425113322,0.2696492514589513,0.18311069984230777
210,2110,Vest,Vest::1,Vest/1_1.tif,2,0.26372103060903784,0.30415104954488759,0.26207551292843489,0.17005240691763962
210,2110,Vest,Vest::1,Vest/1_1.tif,2.5,0.28166380214407094,0.31499196020783005,0.24932267774344011,0.15402155990465896
210,2110,Vest,Vest::1,Vest/1_1.tif,3,0.28195886644082835,0.32862476522480183,0.24288494455511439,0.14653142377925552
211,2100,Vest,Vest::10,Vest/10_1.tif,1,0.18306805307462262,0.32220063339120275,0.28686211545686019,0.20786919807731413
211,2100,Vest,Vest::10,Vest/10_1.tif,1.1000000000000001,0.19260459204663322,0.33123316081860266,0.27706719993538342,0.19909504719938062
211,2100,Vest,Vest::10,Vest/10_1.tif,1.25,0.20296617570102998,0.32755928254198224,0.27148633845787162,0.19798820329911607
211,2100,Vest,Vest::10,Vest/10_1.tif,1.5,0.21503977883162018,0.33153470611593261,0.2619139031006853,0.19151161195176181
211,2100,Vest,Vest::10,Vest/10_1.tif,2,0.22757660546872094,0.3424223642405973,0.24921683199871292,0.18078419829196882
211,2100,Vest,Vest::10,Vest/10_1.tif,2.5,0.24145579614016519,0.34913556946051327,0.24310503213072204,0.16630360226859944
211,2100,Vest,Vest::10,Vest/10_1.tif,3,0.24859522288745547,0.35679781053513354,0.23345897310898567,0.1611479934684252
212,2120,Vest,Vest::2,Vest/2_1.tif,1,0.21003943707233505,0.30719510921576737,0.29693266154862197,0.18583279216327572
212,2120,Vest,Vest::2,Vest/2_1.tif,1.1000000000000001,0.22515059899839304,0.31072538636933944,0.28695132856330924,0.17717268606895845
212,2120,Vest,Vest::2,Vest/2_1.tif,1.25,0.23659767492596592,0.31023126616806046,0.28249064334662749,0.17068041555934588
212,2120,Vest,Vest::2,Vest/2_1.tif,1.5,0.25161283506085347,0.31680309283625796,0.27374272541667188,0.15784134668621652
212,2120,Vest,Vest::2,Vest/2_1.tif,2,0.26843698061703447,0.32868811979410278,0.2552355476940264,0.14763935189483623
212,2120,Vest,Vest::2,Vest/2_1.tif,2.5,0.27260418185236185,0.33216919768192466,0.25054991650269715,0.14467670396301655
212,2120,Vest,Vest::2,Vest/2_1.tif,3,0.28198755301319539,0.34564418968482263,0.23613905174889546,0.13622920555308643
213,2130,Vest,Vest::3,Vest/3_1.tif,1,0.21923360878305737,0.27477282235319267,0.29016341392382222,0.21583015493992783
213,2130,Vest,Vest::3,Vest/3_1.tif,1.1000000000000001,0.22975428671816817,0.27861787176401753,0.28507352861237811,0.20655431290543633
213,2130,Vest,Vest::3,Vest/3_1.tif,1.25,0.23384616415466808,0.27286998428171205,0.28067797420106511,0.21260587736255496
213,2130,Vest,Vest::3,Vest/3_1.tif,1.5,0.23892205629191707,0.27325496644252945,0.27388700638908631,0.21393597087646701
213,2130,Vest,Vest::3,Vest/3_1.tif,2,0.24525843562331989,0.28001267680126268,0.26442907139872746,0.21029981617668997
213,2130,Vest,Vest::3,Vest/3_1.tif,2.5,0.25930400979150797,0.28462695382069431,0.25499554452444317,0.20107349186335455
213,2130,Vest,Vest::3,Vest/3_1.tif,3,0.26754978013911002,0.29302002750110323,0.25103099966760084,0.18839919269218583
214,2140,Vest,Vest::4,Vest/4_1.tif,1,0.20733909227700451,0.28298406586707597,0.30503830435333351,0.20463853750258598
214,2140,Vest,Vest::4,Vest/4_1.tif,1.1000000000000001,0.21054105887177438,0.3001440609824429,0.29853239731145143,0.19078248283433122
214,2140,Vest,Vest::4,Vest/4_1.tif,1.25,0.22085078996841942,0.3086154351855232,0.28803034813353295,0.1825034267125244
214,2140,Vest,Vest::4,Vest/4_1.tif,1.5,0.23248134053695901,0.30658519231624637,0.28202291723929079,0.17891054990750377
214,2140,Vest,Vest::4,Vest/4_1.tif,2,0.24683477943000834,0.32205950686638968,0.26484872820783423,0.16625698549576773
214,2140,Vest,Vest::4,Vest/4_1.tif,2.5,0.25019553597261091,0.33311480964612028,0.2622205727382026,0.15446908164306625
214,2140,Vest,Vest::4,Vest/4_1.tif,3,0.26103529540906434,0.34532505207942044,0.24926906872552768,0.14437058378598744
215,2150,Vest,Vest::5,Vest/5_1.tif,1,0.24211308775017676,0.29946730151624146,0.30079481527236507,0.15762479546121669
215,2150,Vest,Vest::5,Vest/5_1.tif,1.1000000000000001,0.25285722726234672,0.30933269502195931,0.29611125353761431,0.14169882417807975
215,2150,Vest,Vest::5,Vest/5_1.tif,1.25,0.25030162819329527,0.3079875722210717,0.28659467974129277,0.15511611984434026
215,2150,Vest,Vest::5,Vest/5_1.tif,1.5,0.2466701110756864,0.30154289500104547,0.28359552201064581,0.16819147191262238
215,2150,Vest,Vest::5,Vest/5_1.tif,2,0.25249754434715932,0.31129168552814912,0.26719350009370235,0.16901727003098907
215,2150,Vest,Vest::5,Vest/5_1.tif,2.5,0.25542993605741682,0.32539126048358968,0.25822541251208908,0.1609533909469042
215,2150,Vest,Vest::5,Vest/5_1.tif,3,0.25932262598220507,0.33360151384648451,0.24887663935202331,0.15819922081928703
216,2160,Vest,Vest::6,Vest/6_1.tif,1,0.28405698292417125,0.25275584945384649,0.30262728737048572,0.16055988025149648
216,2160,Vest,Vest::6,Vest/6_1.tif,1.1000000000000001,0.31369778429052053,0.25783594232514367,0.27466481095068063,0.15380146243365511
216,2160,Vest,Vest::6,Vest/6_1.tif,1.25,0.33391227384298422,0.25288921112783069,0.26305662206890401,0.15014189296028105
216,2160,Vest,Vest::6,Vest/6_1.tif,1.5,0.32782185004750358,0.26147776913530768,0.25478672526244905,0.15591365555473954
216,2160,Vest,Vest::6,Vest/6_1.tif,2,0.30497045931522387,0.27866417785298814,0.24741439551161784,0.16895096732017031
216,2160,Vest,Vest::6,Vest/6_1.tif,2.5,0.2927816000202601,0.29469555132914377,0.24466796255478573,0.16785488609581029
216,2160,Vest,Vest::6,Vest/6_1.tif,3,0.28448031467518226,0.30103763492849062,0.24684101012416762,0.16764104027215931
217,2170,Vest,Vest::7,Vest/7_1.tif,1,0.23225240123255356,0.26561244429097819,0.28085109652129214,0.22128405795517606
217,2170,Vest,Vest::7,Vest/7_1.tif,1.1000000000000001,0.24152816784173892,0.27121589390201933,0.27446623032482137,0.21278970793142052
217,2170,Vest,Vest::7,Vest/7_1.tif,1.25,0.25462242089118586,0.26631832550907442,0.26498365559202619,0.2140755980077135
217,2170,Vest,Vest::7,Vest/7_1.tif,1.5,0.27502048139603358,0.26995982697665927,0.25444387602351681,0.2005758156037902
217,2170,Vest,Vest::7,Vest/7_1.tif,2,0.29514574836824109,0.26696761805169611,0.2451594039686297,0.19272722961143318
217,2170,Vest,Vest::7,Vest/7_1.tif,2.5,0.31146434976628568,0.27223006621678419,0.23780774892933992,0.1784978350875904
217,2170,Vest,Vest::7,Vest/7_1.tif,3,0.33127311397583709,0.27203446803103387,0.22889403929992932,0.16779837869319969
218,2180,Vest,Vest::8,Vest/8_1.tif,1,0.22450729636588726,0.30493689402269458,0.27079327341455478,0.19976253619686338
218,2180,Vest,Vest::8,Vest/8_1.tif,1.1000000000000001,0.2521842820422393,0.31829642767158944,0.25988607086909915,0.16963321941707202
218,2180,Vest,Vest::8,Vest/8_1.tif,1.25,0.26689538853111544,0.33563751944382553,0.25111758286019048,0.14634950916486844
218,2180,Vest,Vest::8,Vest/8_1.tif,1.5,0.26639571058261907,0.35264293423221205,0.24825198936589032,0.13270936581927853
218,2180,Vest,Vest::8,Vest/8_1.tif,2,0.25483962256345133,0.36635223897298425,0.25094765303898225,0.1278604854245822
218,2180,Vest,Vest::8,Vest/8_1.tif,2.5,0.23906661559879189,0.36012196701032601,0.26243931894806194,0.13837209844282022
218,2180,Vest,Vest::8,Vest/8_1.tif,3,0.22788837826557765,0.35041109717694313,0.26525909975121781,0.15644142480626144
219,2190,Vest,Vest::9,Vest/9_1.tif,1,0.22724331574117446,0.29367101806263152,0.28226191991276955,0.19682374628342464
219,2190,Vest,Vest::9,Vest/9_1.tif,1.1000000000000001,0.22920997490893866,0.29131870791208708,0.27884948189494035,0.2006218352840341
219,2190,Vest,Vest::9,Vest/9_1.tif,1.25,0.22901974758665128,0.29040984605291142,0.27740537449200042,0.20316503186843701
219,2190,Vest,Vest::9,Vest/9_1.tif,1.5,0.22827290868920239,0.29013722954621396,0.2727055280031393,0.20888433376144447
219,2190,Vest,Vest::9,Vest/9_1.tif,2,0.22860197859285089,0.29327233716263951,0.27151713305249109,0.20660855119201835
219,2190,Vest,Vest::9,Vest/9_1.tif,2.5,0.22481249033288014,0.29886566625991984,0.26939975696263729,0.20692208644456281
219,2190,Vest,Vest::9,Vest/9_1.tif,3,0.22960699395005271,0.29959665523943718,0.2639856739278218,0.20681067688268825
220,2200,Wide-Leg,Wide-Leg::1,Wide-Leg/1-1.tif,1,0.16661906397014162,0.26562577439322704,0.30553286837394372,0.26222229326268753
220,2200,Wide-Leg,Wide-Leg::1,Wide-Leg/1-1.tif,1.1000000000000001,0.17151658436590267,0.27170368594661243,0.30420476840489513,0.25257496128258961
220,2200,Wide-Leg,Wide-Leg::1,Wide-Leg/1-1.tif,1.25,0.17058321407378529,0.27450458980092662,0.30605732746721848,0.24885486865806952
220,2200,Wide-Leg,Wide-Leg::1,Wide-Leg/1-1.tif,1.5,0.17767160460051434,0.26980968030861147,0.30687217392209687,0.24564654116877746
220,2200,Wide-Leg,Wide-Leg::1,Wide-Leg/1-1.tif,2,0.174807331941396,0.28212082425663787,0.28508647593097641,0.25798536787098991
220,2200,Wide-Leg,Wide-Leg::1,Wide-Leg/1-1.tif,2.5,0.1929730942389507,0.29617234374479462,0.29679293922656264,0.21406162278969204
220,2200,Wide-Leg,Wide-Leg::1,Wide-Leg/1-1.tif,3,0.19062751112719659,0.26344743398521553,0.31093123914031079,0.2349938157472771
221,2210,Wide-Leg,Wide-Leg::10,Wide-Leg/10-1.tif,1,0.19265583124357788,0.30276560127123503,0.292420618496611,0.21215794898857612
221,2210,Wide-Leg,Wide-Leg::10,Wide-Leg/10-1.tif,1.1000000000000001,0.19973145057677785,0.30793486397495157,0.28879520173275686,0.20353848371551386
221,2210,Wide-Leg,Wide-Leg::10,Wide-Leg/10-1.tif,1.25,0.18754338090227085,0.2933027068388564,0.29830721119626596,0.22084670106260673
221,2210,Wide-Leg,Wide-Leg::10,Wide-Leg/10-1.tif,1.5,0.20565975378761855,0.30483137865696625,0.28820951384094712,0.20129935371446822
221,2210,Wide-Leg,Wide-Leg::10,Wide-Leg/10-1.tif,2,0.20969160768648215,0.30603314111371283,0.28679084068284361,0.19748441051696167
221,2210,Wide-Leg,Wide-Leg::10,Wide-Leg/10-1.tif,2.5,0.20457361303891766,0.3017689757160269,0.28985200013586321,0.20380541110919231
221,2210,Wide-Leg,Wide-Leg::10,Wide-Leg/10-1.tif,3,0.22499637182625098,0.32420327603350191,0.28442756741080066,0.16637278472944647
222,2220,Wide-Leg,Wide-Leg::2,Wide-Leg/2-1.tif,1,0.17640934592600718,0.2842037833838143,0.30108180406320845,0.23830506662697012
222,2220,Wide-Leg,Wide-Leg::2,Wide-Leg/2-1.tif,1.1000000000000001,0.16596593710265925,0.27288107453045557,0.30278390984722592,0.25836907851965918
222,2220,Wide-Leg,Wide-Leg::2,Wide-Leg/2-1.tif,1.25,0.17750555019316286,0.28284229884850498,0.3051152333541981,0.234536917604134
222,2220,Wide-Leg,Wide-Leg::2,Wide-Leg/2-1.tif,1.5,0.16513584264988412,0.27117216018030066,0.31190368213973219,0.25178831503008303
222,2220,Wide-Leg,Wide-Leg::2,Wide-Leg/2-1.tif,2,0.1850999066974984,0.28042199665868273,0.29812241886451107,0.23635567777930791
222,2220,Wide-Leg,Wide-Leg::2,Wide-Leg/2-1.tif,2.5,0.15915853809017716,0.26699516047308131,0.31257857353035645,0.26126772790638514
222,2220,Wide-Leg,Wide-Leg::2,Wide-Leg/2-1.tif,3,0.16891436746730124,0.2708109780461137,0.30683355190770678,0.25344110257887825
223,2230,Wide-Leg,Wide-Leg::3,Wide-Leg/3-1.tif,1,0.16640674905628353,0.25325747190790293,0.31392238111673043,0.26641339791908308
223,2230,Wide-Leg,Wide-Leg::3,Wide-Leg/3-1.tif,1.1000000000000001,0.17269728012360822,0.2567475828013086,0.30736614322744377,0.26318899384763933
223,2230,Wide-Leg,Wide-Leg::3,Wide-Leg/3-1.tif,1.25,0.16968864275018386,0.25376503055727129,0.31021182609899484,0.26633450059354985
223,2230,Wide-Leg,Wide-Leg::3,Wide-Leg/3-1.tif,1.5,0.17812602626933291,0.25771782235981333,0.30862414245469083,0.2555320089161629
223,2230,Wide-Leg,Wide-Leg::3,Wide-Leg/3-1.tif,2,0.1747931718768623,0.25419383747917673,0.31195090929753766,0.25906208134642317
223,2230,Wide-Leg,Wide-Leg::3,Wide-Leg/3-1.tif,2.5,0.19121572780938706,0.26728561147442109,0.30922314013942925,0.23227552057676276
223,2230,Wide-Leg,Wide-Leg::3,Wide-Leg/3-1.tif,3,0.19995732188106338,0.26659296089944223,0.30452137649957794,0.22892834071991658
224,2240,Wide-Leg,Wide-Leg::4,Wide-Leg/4-1.tif,1,0.18879505076248881,0.28116394446200554,0.28149755590031345,0.24854344887519206
224,2240,Wide-Leg,Wide-Leg::4,Wide-Leg/4-1.tif,1.1000000000000001,0.17517731565749123,0.27367566372657903,0.2892921805179981,0.26185484009793164
224,2240,Wide-Leg,Wide-Leg::4,Wide-Leg/4-1.tif,1.25,0.19595248176135499,0.28671486185367023,0.28155474654941998,0.23577790983555508
224,2240,Wide-Leg,Wide-Leg::4,Wide-Leg/4-1.tif,1.5,0.19711185033260886,0.28190915817612727,0.27638371503831571,0.24459527645294804
224,2240,Wide-Leg,Wide-Leg::4,Wide-Leg/4-1.tif,2,0.20209255847185575,0.27784787436635316,0.27426797913520701,0.24579158802658427
224,2240,Wide-Leg,Wide-Leg::4,Wide-Leg/4-1.tif,2.5,0.20018723103548264,0.28141065321277337,0.26085444976545585,0.25754766598628809
224,2240,Wide-Leg,Wide-Leg::4,Wide-Leg/4-1.tif,3,0.19678909025231012,0.28582207931162412,0.26978193923271626,0.24760689120334944
225,2250,Wide-Leg,Wide-Leg::5,Wide-Leg/5-1.tif,1,0.18192081125988965,0.24623765079225429,0.32308824837471734,0.24875328957313864
225,2250,Wide-Leg,Wide-Leg::5,Wide-Leg/5-1.tif,1.1000000000000001,0.20447159771951517,0.26468124012867245,0.31953421334006094,0.2113129488117515
225,2250,Wide-Leg,Wide-Leg::5,Wide-Leg/5-1.tif,1.25,0.2070275259513884,0.263315760400541,0.32182547617964391,0.20783123746842661
225,2250,Wide-Leg,Wide-Leg::5,Wide-Leg/5-1.tif,1.5,0.20043393070832727,0.25581130552891396,0.31874022950138658,0.22501453426137225
225,2250,Wide-Leg,Wide-Leg::5,Wide-Leg/5-1.tif,2,0.21991088419827695,0.27391137889450884,0.31609299872747754,0.19008473817973648
225,2250,Wide-Leg,Wide-Leg::5,Wide-Leg/5-1.tif,2.5,0.22969745179087617,0.28663255520033243,0.31561674028512438,0.16805325272366703
225,2250,Wide-Leg,Wide-Leg::5,Wide-Leg/5-1.tif,3,0.23334696511625222,0.27312892587885657,0.30731711161224556,0.18620699739264554
226,2260,Wide-Leg,Wide-Leg::6,Wide-Leg/6-1.tif,1,0.21202674560602164,0.26892688267117831,0.30825727728969932,0.21078909443310082
226,2260,Wide-Leg,Wide-Leg::6,Wide-Leg/6-1.tif,1.1000000000000001,0.21040214901618567,0.26472157879900027,0.29041093331329426,0.23446533887151988
226,2260,Wide-Leg,Wide-Leg::6,Wide-Leg/6-1.tif,1.25,0.21109359026761085,0.26537640674127283,0.29756494995004606,0.22596505304107015
226,2260,Wide-Leg,Wide-Leg::6,Wide-Leg/6-1.tif,1.5,0.2195478632708559,0.26386516011227573,0.30995759169118781,0.20662938492568059
226,2260,Wide-Leg,Wide-Leg::6,Wide-Leg/6-1.tif,2,0.21534351842260754,0.25964459751212132,0.29062371601520531,0.23438816805006568
226,2260,Wide-Leg,Wide-Leg::6,Wide-Leg/6-1.tif,2.5,0.20969681102400142,0.25029915647556611,0.29933061392020921,0.24067341858022331
226,2260,Wide-Leg,Wide-Leg::6,Wide-Leg/6-1.tif,3,0.21622456813159244,0.24520838233209805,0.31298584221754777,0.22558120731876152
227,2270,Wide-Leg,Wide-Leg::7,Wide-Leg/7-1.tif,1,0.19218446357456029,0.2674859508993066,0.29111867231133887,0.24921091321479416
227,2270,Wide-Leg,Wide-Leg::7,Wide-Leg/7-1.tif,1.1000000000000001,0.19278403344591435,0.26791120648035682,0.29215345433523565,0.24715130573849306
227,2270,Wide-Leg,Wide-Leg::7,Wide-Leg/7-1.tif,1.25,0.19919710481030897,0.27307258661572181,0.28926789651238682,0.23846241206158256
227,2270,Wide-Leg,Wide-Leg::7,Wide-Leg/7-1.tif,1.5,0.20327030467362306,0.27220126387452992,0.28818818076684138,0.23634025068500567
227,2270,Wide-Leg,Wide-Leg::7,Wide-Leg/7-1.tif,2,0.19826491326240045,0.27054815933587834,0.29292313353976157,0.23826379386195964
227,2270,Wide-Leg,Wide-Leg::7,Wide-Leg/7-1.tif,2.5,0.22161781771811959,0.28439911192550127,0.28225135696855791,0.21173171338782124
227,2270,Wide-Leg,Wide-Leg::7,Wide-Leg/7-1.tif,3,0.19873446442599177,0.27089311459918541,0.29188731045609972,0.23848511051872301
228,2280,Wide-Leg,Wide-Leg::8,Wide-Leg/8-1.tif,1,0.20895227199115454,0.26233408273437359,0.29070364641225549,0.23800999886221652
228,2280,Wide-Leg,Wide-Leg::8,Wide-Leg/8-1.tif,1.1000000000000001,0.20538121457375894,0.2575594961057342,0.29807353447274065,0.23898575484776607
228,2280,Wide-Leg,Wide-Leg::8,Wide-Leg/8-1.tif,1.25,0.20019209839113772,0.25402310470333112,0.29527945868869776,0.25050533821683346
228,2280,Wide-Leg,Wide-Leg::8,Wide-Leg/8-1.tif,1.5,0.2376753392093863,0.26728670173894098,0.27273401847159434,0.22230394058007838
228,2280,Wide-Leg,Wide-Leg::8,Wide-Leg/8-1.tif,2,0.2215803988317363,0.27119882896629305,0.27915704953608428,0.2280637226658864
228,2280,Wide-Leg,Wide-Leg::8,Wide-Leg/8-1.tif,2.5,0.2220672853977832,0.27003316088828366,0.28086400750731277,0.22703554620662045
228,2280,Wide-Leg,Wide-Leg::8,Wide-Leg/8-1.tif,3,0.21780641575640108,0.27012093454621317,0.27848943499532741,0.23358321470205817
229,2290,Wide-Leg,Wide-Leg::9,Wide-Leg/9-1.tif,1,0.19013504193788841,0.2669759546161341,0.308249707933138,0.2346392955128393
229,2290,Wide-Leg,Wide-Leg::9,Wide-Leg/9-1.tif,1.1000000000000001,0.19029901503502483,0.26245015070726829,0.30581568235676354,0.24143515190094322
229,2290,Wide-Leg,Wide-Leg::9,Wide-Leg/9-1.tif,1.25,0.20402923576126492,0.27805940871752155,0.29942194976738606,0.2184894057538275
229,2290,Wide-Leg,Wide-Leg::9,Wide-Leg/9-1.tif,1.5,0.18960065317208311,0.27037859406302628,0.30628249326140722,0.23373825950348334
229,2290,Wide-Leg,Wide-Leg::9,Wide-Leg/9-1.tif,2,0.18680399285609509,0.26411974347035616,0.30587008801704746,0.24320617565650143
229,2290,Wide-Leg,Wide-Leg::9,Wide-Leg/9-1.tif,2.5,0.19910976903682523,0.25052147091978266,0.31178302077396569,0.23858573926942644
229,2290,Wide-Leg,Wide-Leg::9,Wide-Leg/9-1.tif,3,0.17303154434638718,0.2517530391987125,0.31104501694837378,0.26417039950652654
