row_index,relative_path,category,identity,canonical_test_fold,crop_low_1_4_fraction,crop_high_25_36_fraction,crop_q99_radius_to_grid,raw_crop_band_l1,s09_outlier_score,s08_text_positive_eligible,raw_to_text_band_l1_change,P_crop_low,P_crop_high,P_crop_q99_grid,P_raw_crop_l1,population_centre_distance,stable_tie_key
0,A-Line/1-1.tif,A-Line,A-Line::1,1,0.19421887184594769,0.24630665676155919,0.91359362436560443,0.1178203440451995,0.025555823997088445,False,0,0.14804347826086955,0.94369565217391305,0.72195652173913039,0.41021739130434781,0.61486977427701761,A-Line|A-Line::1|A-Line/1-1.tif|000000
1,A-Line/1-10.tif,A-Line,A-Line::1,1,0.23148826632177771,0.1976174190973084,0.78880871660498364,0.0177082166923406,0.011746589455507328,False,0,0.5310869565217391,0.43891304347826088,0.095434782608695659,0.0050000000000000001,0.64295880913612702,A-Line|A-Line::1|A-Line/1-10.tif|000001
2,A-Line/1-2.tif,A-Line,A-Line::1,1,0.24560535356269139,0.2029801845086264,0.83153734309136473,0.022703623429909201,0.026649656306498792,False,0,0.64760869565217394,0.52065217391304353,0.25413043478260872,0.0071739130434782606,0.57056483803730562,A-Line|A-Line::1|A-Line/1-2.tif|000002
3,A-Line/1-3.tif,A-Line,A-Line::1,1,0.2179743748967857,0.1977789086542826,0.89168360461747864,0.071628652864808601,0.016423720700889266,False,0,0.39978260869565219,0.44239130434782609,0.56326086956521737,0.17195652173913042,0.35352050659364953,A-Line|A-Line::1|A-Line/1-3.tif|000003
4,A-Line/1-4.tif,A-Line,A-Line::1,1,0.21627787493852141,0.19762216633639371,0.87734834843086718,0.28334779747623151,0.35482042072154707,False,0,0.37717391304347825,0.43934782608695649,0.47978260869565215,0.9415217391304348,0.46272575341485583,A-Line|A-Line::1|A-Line/1-4.tif|000004
5,A-Line/1-5.tif,A-Line,A-Line::1,1,0.2209026753523545,0.21658306547670811,0.87608960838055649,0.2035426832439933,0.20629109659091083,False,0,0.43152173913043479,0.70239130434782604,0.4732608695652174,0.77456521739130435,0.34893058333266963,A-Line|A-Line::1|A-Line/1-5.tif|000005
6,A-Line/1-6.tif,A-Line,A-Line::1,1,0.2382759989626291,0.1848828394107257,0.8143304301779668,0.1214942603860146,0.23014745940690418,False,0,0.59717391304347822,0.29804347826086958,0.17760869565217391,0.4241304347826087,0.39990192559491128,A-Line|A-Line::1|A-Line/1-6.tif|000006
7,A-Line/1-7.tif,A-Line,A-Line::1,1,0.25235908080213831,0.18724167922903009,0.83284400945940751,0.3201003141582538,0.031533542475895238,False,0,0.68934782608695655,0.3215217391304348,0.2615217391304348,0.97195652173913039,0.58934024821519826,A-Line|A-Line::1|A-Line/1-7.tif|000007
8,A-Line/1-8.tif,A-Line,A-Line::1,1,0.20844594168398189,0.20397146983185699,0.9058277226590864,0.084966842766725406,0.09136864268581224,False,0,0.28891304347826086,0.5354347826086957,0.65760869565217395,0.24152173913043479,0.37076251067154931,A-Line|A-Line::1|A-Line/1-8.tif|000008
9,A-Line/1-9.tif,A-Line,A-Line::1,1,0.21631318988116241,0.1910881176299952,0.89120273452971999,0.084011146081088506,0.034830829448903144,False,0,0.37804347826086959,0.36586956521739128,0.5584782608695652,0.23543478260869566,0.32600433735966716,A-Line|A-Line::1|A-Line/1-9.tif|000009
10,A-Line/10-1.tif,A-Line,A-Line::10,2,0.22219526157014219,0.17278813507513541,0.84818477105186452,0.057277447020787402,0.011884427509289308,False,0,0.44717391304347825,0.17456521739130434,0.3323913043478261,0.10152173913043479,0.54366901000384715,A-Line|A-Line::10|A-Line/10-1.tif|000010
11,A-Line/10-10.tif,A-Line,A-Line::10,2,0.1785193462668522,0.22772037955699259,0.90095355325853321,0.068017969962543501,0.018437682378201647,False,0,0.039347826086956521,0.81239130434782614,0.62456521739130433,0.155,0.66658101214082888,A-Line|A-Line::10|A-Line/10-10.tif|000011
12,A-Line/10-2.tif,A-Line,A-Line::10,2,0.20274529402416319,0.1955254424470638,0.88173578491588589,0.0783786253132637,0.36135243443548959,False,0,0.22847826086956521,0.41456521739130436,0.50630434782608691,0.20891304347826087,0.40717872974703884,A-Line|A-Line::10|A-Line/10-2.tif|000012
13,A-Line/10-3.tif,A-Line,A-Line::10,2,0.2093788570204809,0.19941490964165379,0.89903819808609997,0.081208484980740805,0.05009556252541969,False,0,0.29978260869565215,0.46065217391304347,0.61152173913043473,0.22282608695652173,0.36179791537403599,A-Line|A-Line::10|A-Line/10-3.tif|000013
14,A-Line/10-4.tif,A-Line,A-Line::10,2,0.20020476020724409,0.2010479726294136,0.89125461154494856,0.16093241861000901,0.017589466801737008,False,0,0.21021739130434783,0.48760869565217391,0.55934782608695655,0.60717391304347823,0.31485856638210846,A-Line|A-Line::10|A-Line/10-4.tif|000014
15,A-Line/10-5.tif,A-Line,A-Line::10,2,0.2036001033943623,0.22448025232086541,0.90089880683544044,0.1015351816677601,0.14694012660041667,False,0,0.23804347826086958,0.78413043478260869,0.6236956521739131,0.3193478260869565,0.4441701763487233,A-Line|A-Line::10|A-Line/10-5.tif|000015
16,A-Line/10-6.tif,A-Line,A-Line::10,2,0.1683445239110605,0.23620502901873969,0.90837103411692877,0.1079081774597338,0.021356327465130498,False,0,0.010217391304347826,0.88760869565217393,0.67934782608695654,0.35152173913043477,0.6665875346860799,A-Line|A-Line::10|A-Line/10-6.tif|000016
17,A-Line/10-7.tif,A-Line,A-Line::10,2,0.1934002545773707,0.2330721930131136,0.94618144394167958,0.090974385621193601,0.04475973860527438,False,0,0.1423913043478261,0.85934782608695648,0.92673913043478262,0.27413043478260868,0.70009869679581493,A-Line|A-Line::10|A-Line/10-7.tif|000017
18,A-Line/10-8.tif,A-Line,A-Line::10,2,0.17641235277038991,0.2354617111320059,0.938564085697838,0.073369928886251295,0.11454982548620407,False,0,0.031521739130434781,0.88108695652173918,0.89195652173913043,0.18282608695652175,0.78671999808542037,A-Line|A-Line::10|A-Line/10-8.tif|000018
19,A-Line/10-9.tif,A-Line,A-Line::10,2,0.20873972442578731,0.1904599298147801,0.89183139639653042,0.088252391678893899,0.019856496649749311,False,0,0.29282608695652174,0.3576086956521739,0.56456521739130439,0.25978260869565217,0.35365148972042304,A-Line|A-Line::10|A-Line/10-9.tif|000019
20,A-Line/2-1.tif,A-Line,A-Line::2,2,0.19819327169873099,0.21172804332195061,0.8610700287668116,0.055329333034932399,0.011918698686847473,False,0,0.1867391304347826,0.63978260869565218,0.3923913043478261,0.092391304347826081,0.54350347767585316,A-Line|A-Line::2|A-Line/2-1.tif|000020
21,A-Line/2-10.tif,A-Line,A-Line::2,2,0.20976258414298579,0.2147383634595075,0.88873962076161561,0.075306624142681994,0.012690816354005485,False,0,0.30630434782608695,0.6784782608695652,0.54195652173913045,0.19413043478260869,0.40581896939007689,A-Line|A-Line::2|A-Line/2-10.tif|000021
22,A-Line/2-2.tif,A-Line,A-Line::2,2,0.21006133062141,0.1738243707164531,0.86714560294425258,0.094838536288077299,0.15642395210746785,False,0,0.31152173913043479,0.18369565217391304,0.42282608695652174,0.2910869565217391,0.43031728743323128,A-Line|A-Line::2|A-Line/2-2.tif|000022
23,A-Line/2-3.tif,A-Line,A-Line::2,2,0.22739315327323789,0.16564518690269761,0.86210285573648382,0.087441662163557296,0.012790020999384422,False,0,0.49717391304347824,0.1241304347826087,0.39717391304347827,0.25543478260869568,0.46007745710982484,A-Line|A-Line::2|A-Line/2-3.tif|000023
24,A-Line/2-4.tif,A-Line,A-Line::2,2,0.19552338506404551,0.21305871846940849,0.90478285191533303,0.063670626964573901,0.26954043296026209,False,0,0.16108695652173913,0.6554347826086957,0.65065217391304353,0.13152173913043477,0.54543040703878565,A-Line|A-Line::2|A-Line/2-4.tif|000024
25,A-Line/2-5.tif,A-Line,A-Line::2,2,0.1999548489869708,0.218645032236298,0.89102537102683343,0.098470780534003904,0.022082235317948395,False,0,0.20673913043478262,0.72456521739130431,0.55586956521739128,0.30630434782608695,0.42079791880284889,A-Line|A-Line::2|A-Line/2-5.tif|000025
26,A-Line/2-6.tif,A-Line,A-Line::2,2,0.20924627361743239,0.2067324924636339,0.888919663017816,0.089283966572971593,0.17770965857974941,False,0,0.29804347826086958,0.56804347826086954,0.54282608695652179,0.26630434782608697,0.31916153147865955,A-Line|A-Line::2|A-Line/2-6.tif|000026
27,A-Line/2-7.tif,A-Line,A-Line::2,2,0.2351497272874972,0.15851730802291389,0.92453318552447861,0.1077225929218332,0.021282615634624968,False,0,0.57065217391304346,0.088478260869565215,0.79282608695652179,0.34934782608695653,0.53177539070792934,A-Line|A-Line::2|A-Line/2-7.tif|000027
28,A-Line/2-8.tif,A-Line,A-Line::2,2,0.27651533795443889,0.20073233925916539,0.93114573400749101,0.063827264993709706,0.14138578508245381,False,0,0.80065217391304344,0.48021739130434782,0.84543478260869565,0.13282608695652173,0.58730311827966719,A-Line|A-Line::2|A-Line/2-8.tif|000028
29,A-Line/2-9.tif,A-Line,A-Line::2,2,0.20632460490958721,0.2227408189270223,0.90753607025254324,0.19763608105241351,0.021753508589543169,False,0,0.26847826086956522,0.76326086956521744,0.67239130434782612,0.75369565217391299,0.46582061663360003,A-Line|A-Line::2|A-Line/2-9.tif|000029
30,A-Line/3-1.tif,A-Line,A-Line::3,1,0.30129640227921478,0.20007603921940051,0.89088971295481179,0.091671932948452398,0.022413606702460509,False,0,0.89413043478260867,0.47152173913043477,0.55543478260869561,0.2767391304347826,0.45723980794105573,A-Line|A-Line::3|A-Line/3-1.tif|000030
31,A-Line/3-10.tif,A-Line,A-Line::3,1,0.25728602440246978,0.1638082135659284,0.9310006901110508,0.061551716838659801,0.065323252972738555,False,0,0.71543478260869564,0.11152173913043478,0.84239130434782605,0.12065217391304348,0.67709975865879857,A-Line|A-Line::3|A-Line/3-10.tif|000031
32,A-Line/3-2.tif,A-Line,A-Line::3,1,0.2423385768163189,0.18561569482307089,0.81131005469739415,0.072684065553909397,0.2928983272403648,False,0,0.62978260869565217,0.30282608695652175,0.1676086956521739,0.17673913043478262,0.52029092487072615,A-Line|A-Line::3|A-Line/3-2.tif|000032
33,A-Line/3-3.tif,A-Line,A-Line::3,1,0.1973035742212948,0.22585688574666091,0.92155627880620683,0.079373455610757093,0.036674189298161908,False,0,0.17673913043478262,0.79760869565217396,0.7723913043478261,0.21456521739130435,0.59054090741203713,A-Line|A-Line::3|A-Line/3-3.tif|000033
34,A-Line/3-4.tif,A-Line,A-Line::3,1,0.19595476257999239,0.22267957976066219,0.89137026503868433,0.23893828885299129,0.017162377721503419,False,0,0.1632608695652174,0.76239130434782609,0.56108695652173912,0.86673913043478257,0.5661021503337329,A-Line|A-Line::3|A-Line/3-4.tif|000034
35,A-Line/3-5.tif,A-Line,A-Line::3,1,0.2318369347612094,0.2285311164366263,0.8857195633247511,0.060718219029179898,0.17459836117688143,False,0,0.53369565217391302,0.81978260869565223,0.52456521739130435,0.11804347826086957,0.49989053622184004,A-Line|A-Line::3|A-Line/3-5.tif|000035
36,A-Line/3-6.tif,A-Line,A-Line::3,1,0.2396347260149678,0.17990393382150949,0.88878946775680001,0.079323774773922995,0.2610936111948533,False,0,0.60978260869565215,0.24543478260869564,0.54239130434782612,0.21413043478260871,0.40046735457387167,A-Line|A-Line::3|A-Line/3-6.tif|000036
37,A-Line/3-7.tif,A-Line,A-Line::3,1,0.22702668423536559,0.18531727864998659,0.86796886076680591,0.114917001520561,0.022701138814712585,False,0,0.495,0.30108695652173911,0.42717391304347824,0.39326086956521739,0.23725151163513566,A-Line|A-Line::3|A-Line/3-7.tif|000037
38,A-Line/3-8.tif,A-Line,A-Line::3,1,0.2634663617378884,0.21684138587673871,0.90261433097552879,0.0510504924632008,0.20648306896415392,False,0,0.74543478260869567,0.70673913043478265,0.63586956521739135,0.077173913043478259,0.54792493932146835,A-Line|A-Line::3|A-Line/3-8.tif|000038
39,A-Line/3-9.tif,A-Line,A-Line::3,1,0.2270890328225883,0.2084395809517901,0.86514846867954476,0.1054824011680574,0.026285462509004764,False,0,0.49543478260869567,0.5902173913043478,0.41499999999999998,0.3367391304347826,0.2050344615784932,A-Line|A-Line::3|A-Line/3-9.tif|000039
40,A-Line/4-1.tif,A-Line,A-Line::4,0,0.25989414218132001,0.1957103080522189,0.90003006102191885,0.037462266707546099,0.015468738963606676,False,0,0.7276086956521739,0.4176086956521739,0.61978260869565216,0.035434782608695654,0.53736650428211996,A-Line|A-Line::4|A-Line/4-1.tif|000040
41,A-Line/4-10.tif,A-Line,A-Line::4,0,0.22524144395053641,0.2051991200466271,0.9220966361105204,0.17832291735047501,0.015686369471270445,False,0,0.47499999999999998,0.55152173913043478,0.77760869565217394,0.68369565217391304,0.3377723643703332,A-Line|A-Line::4|A-Line/4-10.tif|000041
42,A-Line/4-2.tif,A-Line,A-Line::4,0,0.2268769796104293,0.19081815503082891,0.89272520299816704,0.1453149056356734,0.01957802882045534,False,0,0.49282608695652175,0.36326086956521741,0.57108695652173913,0.53891304347826086,0.15911202079252379,A-Line|A-Line::4|A-Line/4-2.tif|000042
43,A-Line/4-3.tif,A-Line,A-Line::4,0,0.20472030405207481,0.24889959904891409,0.91743215708595505,0.13914741920149351,0.044129662515886792,False,0,0.25065217391304345,0.9545652173913044,0.74717391304347824,0.51543478260869569,0.57457553988983689,A-Line|A-Line::4|A-Line/4-3.tif|000043
44,A-Line/4-4.tif,A-Line,A-Line::4,0,0.19947410929940021,0.2174839150443573,0.89239263091109655,0.20491342757360251,0.30843852261383042,False,0,0.19934782608695653,0.71369565217391306,0.56891304347826088,0.77978260869565219,0.46806503514645703,A-Line|A-Line::4|A-Line/4-4.tif|000044
45,A-Line/4-5.tif,A-Line,A-Line::4,0,0.20142919884938809,0.22841857065153301,0.92434475786845882,0.26037027003126151,0.020068648721591642,False,0,0.22239130434782609,0.81760869565217387,0.7897826086956522,0.90630434782608693,0.65345164688782886,A-Line|A-Line::4|A-Line/4-5.tif|000045
46,A-Line/4-6.tif,A-Line,A-Line::4,0,0.25362769555311671,0.200732863131619,0.87515122492749164,0.079960863938773497,0.36307347888315256,False,0,0.69673913043478264,0.48065217391304349,0.46630434782608693,0.21630434782608696,0.34741796708911404,A-Line|A-Line::4|A-Line/4-6.tif|000046
47,A-Line/4-7.tif,A-Line,A-Line::4,0,0.27992723732063962,0.14657680600210249,0.922458666873193,0.16773578955621191,0.10792945675201049,False,0,0.81934782608695655,0.042826086956521736,0.77934782608695652,0.63847826086956527,0.63890723698117458,A-Line|A-Line::4|A-Line/4-7.tif|000047
48,A-Line/4-8.tif,A-Line,A-Line::4,0,0.2374418744441012,0.21555848879871109,0.93136098504705622,0.043443384781852702,0.059465894117674223,False,0,0.58760869565217388,0.69108695652173913,0.84673913043478266,0.050217391304347825,0.60557569978191139,A-Line|A-Line::4|A-Line/4-8.tif|000048
49,A-Line/4-9.tif,A-Line,A-Line::4,0,0.27212463654544272,0.1662102467823543,0.87127907581567687,0.037638562507261497,0.039630373995146462,False,0,0.78456521739130436,0.12891304347826088,0.44500000000000001,0.036304347826086956,0.66084911295583804,A-Line|A-Line::4|A-Line/4-9.tif|000049
50,A-Line/5-1.tif,A-Line,A-Line::5,4,0.27260633145508217,0.19768967927364139,0.87463503515291119,0.074215813927749494,0.018676772683963394,False,0,0.78717391304347828,0.43978260869565217,0.46500000000000002,0.1867391304347826,0.43064180353161291,A-Line|A-Line::5|A-Line/5-1.tif|000050
51,A-Line/5-10.tif,A-Line,A-Line::5,4,0.18932607984930319,0.192274340758366,0.87723001915201948,0.1438745247526774,0.02612766977972103,False,0,0.10282608695652173,0.37847826086956521,0.47934782608695653,0.53456521739130436,0.4172959583127982,A-Line|A-Line::5|A-Line/5-10.tif|000051
52,A-Line/5-2.tif,A-Line,A-Line::5,4,0.27236614060750142,0.12662150915199971,0.86261062861746718,0.1324900743174228,0.017846137369450399,False,0,0.78500000000000003,0.0084782608695652181,0.40152173913043476,0.48586956521739133,0.57681561793076208,A-Line|A-Line::5|A-Line/5-2.tif|000052
53,A-Line/5-3.tif,A-Line,A-Line::5,4,0.17947058115784059,0.2011924571584004,0.84149132326944898,0.20747289885069839,0.012278122411700676,False,0,0.044130434782608696,0.49021739130434783,0.30108695652173911,0.78847826086956518,0.57506422752984643,A-Line|A-Line::5|A-Line/5-3.tif|000053
54,A-Line/5-4.tif,A-Line,A-Line::5,4,0.20977352459650969,0.187106769354663,0.84385153483170139,0.1112303160643083,0.024779099984643671,False,0,0.30673913043478263,0.32065217391304346,0.31065217391304351,0.37369565217391304,0.3483113462849734,A-Line|A-Line::5|A-Line/5-4.tif|000054
55,A-Line/5-5.tif,A-Line,A-Line::5,4,0.20076134050165051,0.20912577750033071,0.85059147307038396,0.084042565844099096,0.06727806809747372,False,0,0.215,0.59934782608695647,0.34456521739130436,0.2358695652173913,0.43013933646118269,A-Line|A-Line::5|A-Line/5-5.tif|000055
56,A-Line/5-6.tif,A-Line,A-Line::5,4,0.25169290636055508,0.1875215967579795,0.86709041990706803,0.066237063541896096,0.061714829018327033,False,0,0.68500000000000005,0.32500000000000001,0.42239130434782607,0.14717391304347827,0.44199474802070082,A-Line|A-Line::5|A-Line/5-6.tif|000056
57,A-Line/5-7.tif,A-Line,A-Line::5,4,0.2767035201216192,0.1650357119186745,0.88188239419161973,0.072369462087750996,0.02332463512978622,False,0,0.80195652173913046,0.12108695652173913,0.50717391304347825,0.17499999999999999,0.58346319555487625,A-Line|A-Line::5|A-Line/5-7.tif|000057
58,A-Line/5-8.tif,A-Line,A-Line::5,4,0.26618858709609439,0.15818589143872089,0.86316369236887203,0.1715675329893685,0.029941950874399548,False,0,0.75978260869565217,0.08673913043478261,0.40413043478260868,0.65500000000000003,0.52104464648385906,A-Line|A-Line::5|A-Line/5-8.tif|000058
59,A-Line/5-9.tif,A-Line,A-Line::5,4,0.24635476409409501,0.14111842308153119,0.80488649176687033,0.11877502493094801,0.21226051734212303,False,0,0.65456521739130435,0.031956521739130432,0.14543478260869566,0.41543478260869565,0.61304394079538516,A-Line|A-Line::5|A-Line/5-9.tif|000059
60,A-Line/6-1.tif,A-Line,A-Line::6,3,0.2275741472974952,0.2321651094015455,0.85847813412600316,0.0763150126747206,0.14958415187028107,False,0,0.50108695652173918,0.85326086956521741,0.37804347826086959,0.19978260869565218,0.47937281804118664,A-Line|A-Line::6|A-Line/6-1.tif|000060
61,A-Line/6-10.tif,A-Line,A-Line::6,3,0.21667407311356929,0.20543414914958941,0.78148776669343323,0.054923540344672797,0.017857897014999624,False,0,0.38543478260869563,0.55413043478260871,0.083695652173913046,0.089347826086956517,0.59833085409669717,A-Line|A-Line::6|A-Line/6-10.tif|000061
62,A-Line/6-2.tif,A-Line,A-Line::6,3,0.23483230580554029,0.20063040491974909,0.86376448409410189,0.1215308804098682,0.099779415238176794,False,0,0.56847826086956521,0.47891304347826086,0.40760869565217389,0.42499999999999999,0.13890674953422016,A-Line|A-Line::6|A-Line/6-2.tif|000062
63,A-Line/6-3.tif,A-Line,A-Line::6,3,0.18470415731422679,0.23503890096064661,0.82234427134625132,0.2148862645380987,0.2805923214694136,False,0,0.072391304347826091,0.87586956521739134,0.20673913043478262,0.80934782608695655,0.71121385094564749,A-Line|A-Line::6|A-Line/6-3.tif|000063
64,A-Line/6-4.tif,A-Line,A-Line::6,3,0.2166200653708753,0.21725889188491779,0.84656478428705328,0.057882097394867098,0.034188600173002071,False,0,0.38413043478260872,0.71065217391304347,0.32413043478260872,0.1058695652173913,0.49403339776743915,A-Line|A-Line::6|A-Line/6-4.tif|000064
65,A-Line/6-5.tif,A-Line,A-Line::6,3,0.19361486057704469,0.23767346589764191,0.85256012447239216,0.12600255054395729,0.22301586913093263,False,0,0.14326086956521739,0.89673913043478259,0.35369565217391302,0.45065217391304346,0.55543218752052659,A-Line|A-Line::6|A-Line/6-5.tif|000065
66,A-Line/6-6.tif,A-Line,A-Line::6,3,0.2207801713721107,0.20745083932598901,0.8736851390867586,0.0191687827930309,0.072263754925029344,False,0,0.43021739130434783,0.57630434782608697,0.45804347826086955,0.0058695652173913039,0.50657398498978512,A-Line|A-Line::6|A-Line/6-6.tif|000066
67,A-Line/6-7.tif,A-Line,A-Line::6,3,0.19548154987295269,0.2104019627740146,0.88045104187252732,0.13204889472500139,0.41487822958523823,False,0,0.16021739130434784,0.61717391304347824,0.49543478260869567,0.4841304347826087,0.3597980424904535,A-Line|A-Line::6|A-Line/6-7.tif|000067
68,A-Line/6-8.tif,A-Line,A-Line::6,3,0.1621871950070258,0.2595618231553658,0.87223556673063185,0.3000518343280511,0.26939699151409757,False,0,0.0032608695652173911,0.97847826086956524,0.44978260869565218,0.9558695652173913,0.82826931411876836,A-Line|A-Line::6|A-Line/6-8.tif|000068
69,A-Line/6-9.tif,A-Line,A-Line::6,3,0.2267759554837723,0.2151403923539941,0.88082204791388152,0.014179405350058299,0.036501016802854225,False,0,0.4906521739130435,0.68630434782608696,0.4984782608695652,0.0019565217391304349,0.53183297547220776,A-Line|A-Line::6|A-Line/6-9.tif|000069
70,A-Line/7-1.tif,A-Line,A-Line::7,3,0.21277443865846529,0.17087373015305621,0.88644445327147547,0.076400156201822195,0.018931447034524651,False,0,0.34152173913043476,0.15456521739130435,0.52891304347826085,0.20065217391304349,0.48465001111144251,A-Line|A-Line::7|A-Line/7-1.tif|000070
71,A-Line/7-10.tif,A-Line,A-Line::7,3,0.20659459317241999,0.2166790038410713,0.85512263627882523,0.083863562390042001,0.23061531671200852,False,0,0.27021739130434785,0.7045652173913044,0.36630434782608695,0.23456521739130434,0.42775825725994382,A-Line|A-Line::7|A-Line/7-10.tif|000071
72,A-Line/7-2.tif,A-Line,A-Line::7,3,0.20113703058736479,0.20184613438645799,0.87600870327517821,0.077677409278163106,0.3403414380308879,False,0,0.22021739130434784,0.49978260869565216,0.47239130434782611,0.2058695652173913,0.40688242543583081,A-Line|A-Line::7|A-Line/7-2.tif|000072
73,A-Line/7-3.tif,A-Line,A-Line::7,3,0.20079814112535671,0.2183962641695745,0.87414600710900503,0.079182081747955199,0.016901643751311868,False,0,0.2167391304347826,0.72282608695652173,0.46195652173913043,0.21239130434782608,0.46265997590901309,A-Line|A-Line::7|A-Line/7-3.tif|000073
74,A-Line/7-4.tif,A-Line,A-Line::7,3,0.20467437584570219,0.2164015429388508,0.87106462509749638,0.0369348130067811,0.10965145733348391,False,0,0.24978260869565216,0.70152173913043481,0.44369565217391305,0.034565217391304345,0.56834801899842391,A-Line|A-Line::7|A-Line/7-4.tif|000074
75,A-Line/7-5.tif,A-Line,A-Line::7,3,0.180479663756829,0.22142714558387711,0.85140037148190684,0.090557581895462994,0.19691789653794245,False,0,0.048478260869565221,0.74891304347826082,0.34934782608695653,0.27282608695652172,0.583209780776347,A-Line|A-Line::7|A-Line/7-5.tif|000075
76,A-Line/7-6.tif,A-Line,A-Line::7,3,0.1848334317727901,0.22579946310104571,0.87030087165940551,0.047272031543738602,0.018544221574222641,False,0,0.074130434782608695,0.79673913043478262,0.43934782608695649,0.063695652173913042,0.68077835471022874,A-Line|A-Line::7|A-Line/7-6.tif|000076
77,A-Line/7-7.tif,A-Line,A-Line::7,3,0.20318236154823671,0.2219073049094327,0.89131702581865491,0.055585378421812499,0.1078511454101585,False,0,0.23326086956521738,0.75369565217391299,0.56021739130434778,0.093260869565217397,0.55188232629736844,A-Line|A-Line::7|A-Line/7-7.tif|000077
78,A-Line/7-8.tif,A-Line,A-Line::7,3,0.2090623704583208,0.20727092075052109,0.88969379941923576,0.086595541379376098,0.016390193913206841,False,0,0.29499999999999998,0.57456521739130439,0.54673913043478262,0.24891304347826088,0.33587821854618949,A-Line|A-Line::7|A-Line/7-8.tif|000078
79,A-Line/7-9.tif,A-Line,A-Line::7,3,0.2092050365892533,0.206518382570892,0.90672972801058216,0.034008028916950997,0.085868413405324695,False,0,0.2976086956521739,0.56413043478260871,0.66500000000000004,0.028043478260869566,0.54317852604196271,A-Line|A-Line::7|A-Line/7-9.tif|000079
80,A-Line/8-1.tif,A-Line,A-Line::8,0,0.19169489001999709,0.22313310393811861,0.79881082089235922,0.2539167311220365,0.013700991999230361,False,0,0.12717391304347825,0.76934782608695651,0.12586956521739132,0.89717391304347827,0.71363032584523312,A-Line|A-Line::8|A-Line/8-1.tif|000080
81,A-Line/8-10.tif,A-Line,A-Line::8,0,0.1871129377915314,0.20809674233790659,0.83005266756954632,0.25210637714592699,0.018599331415081188,False,0,0.087608695652173912,0.58673913043478265,0.24630434782608696,0.89413043478260867,0.63030988268006616,A-Line|A-Line::8|A-Line/8-10.tif|000081
82,A-Line/8-2.tif,A-Line,A-Line::8,0,0.19835285412424439,0.20202743988537869,0.80865086237239925,0.22522503415256401,0.08790275578447071,False,0,0.18804347826086956,0.50282608695652176,0.15804347826086956,0.83369565217391306,0.57062414009815599,A-Line|A-Line::8|A-Line/8-2.tif|000082
83,A-Line/8-3.tif,A-Line,A-Line::8,0,0.18268412339569939,0.23873061228629969,0.8164504238187259,0.23341075169446099,0.34405130246536098,False,0,0.061956521739130438,0.90369565217391301,0.18760869565217392,0.85456521739130431,0.76036641749019973,A-Line|A-Line::8|A-Line/8-3.tif|000083
84,A-Line/8-4.tif,A-Line,A-Line::8,0,0.19725363666185319,0.19119356298819451,0.83292073140399792,0.1507359473523536,0.066498862828385019,False,0,0.1758695652173913,0.36717391304347824,0.26239130434782609,0.56108695652173912,0.42765969723035713,A-Line|A-Line::8|A-Line/8-4.tif|000084
85,A-Line/8-5.tif,A-Line,A-Line::8,0,0.20568448326592581,0.20471804460029,0.82897035546550968,0.031946037113395498,0.21653224744061805,False,0,0.26195652173913042,0.54500000000000004,0.24152173913043479,0.024130434782608696,0.59325589081346441,A-Line|A-Line::8|A-Line/8-5.tif|000085
86,A-Line/8-6.tif,A-Line,A-Line::8,0,0.19061132889707899,0.2123721586891007,0.83066351123923865,0.1839064662122909,0.14403516182082354,False,0,0.11630434782608695,0.64673913043478259,0.24934782608695652,0.70239130434782604,0.52205696840562288,A-Line|A-Line::8|A-Line/8-6.tif|000086
87,A-Line/8-7.tif,A-Line,A-Line::8,0,0.19608485953806121,0.19866330986971431,0.85590010260757132,0.083104180831182498,0.054803565406215005,False,0,0.16543478260869565,0.45369565217391306,0.36978260869565216,0.23152173913043478,0.45068295161160238,A-Line|A-Line::8|A-Line/8-7.tif|000087
88,A-Line/8-8.tif,A-Line,A-Line::8,0,0.26380952581205341,0.16174727453032481,0.85028658202509766,0.087523083394097201,0.023171628289038404,False,0,0.74717391304347824,0.10282608695652173,0.3432608695652174,0.25673913043478264,0.55007732743912552,A-Line|A-Line::8|A-Line/8-8.tif|000088
89,A-Line/8-9.tif,A-Line,A-Line::8,0,0.19032254180262831,0.21986016246820231,0.85006639989407584,0.0454652115963146,0.21048148509867537,False,0,0.11326086956521739,0.73456521739130431,0.34239130434782611,0.057173913043478262,0.6523215774858947,A-Line|A-Line::8|A-Line/8-9.tif|000089
90,A-Line/9-1.tif,A-Line,A-Line::9,4,0.2118747265588197,0.19311141720175151,0.88010810671974771,0.051626722543264003,0.096320796006151177,False,0,0.33065217391304347,0.38934782608695651,0.49326086956521736,0.078913043478260864,0.46720683923056877,A-Line|A-Line::9|A-Line/9-1.tif|000090
91,A-Line/9-10.tif,A-Line,A-Line::9,4,0.15918856297743661,0.23703346440277001,0.86096765223508254,0.18977623381842629,0.29610444161929372,False,0,0.0023913043478260869,0.89282608695652177,0.39195652173913043,0.72369565217391307,0.680911070976563,A-Line|A-Line::9|A-Line/9-10.tif|000091
92,A-Line/9-2.tif,A-Line,A-Line::9,4,0.2331790763896027,0.1873418047439839,0.87619118301660703,0.10423956269566401,0.017991289686472678,False,0,0.54804347826086952,0.32239130434782609,0.47413043478260869,0.33326086956521739,0.24964814559165766,A-Line|A-Line::9|A-Line/9-2.tif|000092
93,A-Line/9-3.tif,A-Line,A-Line::9,4,0.1872045616147491,0.24942830726360249,0.88268867988251931,0.044893239778816103,0.021163444078696858,False,0,0.08804347826086957,0.95804347826086955,0.51108695652173908,0.054130434782608698,0.7605488765179913,A-Line|A-Line::9|A-Line/9-3.tif|000093
94,A-Line/9-4.tif,A-Line,A-Line::9,4,0.22312974913116521,0.18850012744779271,0.88465500047261425,0.074959719027058794,0.022517533426883896,False,0,0.45760869565217394,0.33500000000000002,0.51847826086956517,0.19108695652173913,0.35325732439692686,A-Line|A-Line::9|A-Line/9-4.tif|000094
95,A-Line/9-5.tif,A-Line,A-Line::9,4,0.1874029307396041,0.21026792059617619,0.81331136822860006,0.054025468234279499,0.019323547405146857,False,0,0.089782608695652175,0.61499999999999999,0.1741304347826087,0.085869565217391308,0.67764171851853139,A-Line|A-Line::9|A-Line/9-5.tif|000095
96,A-Line/9-6.tif,A-Line,A-Line::9,4,0.20884385805251701,0.19422336934170681,0.85683129839189154,0.12803219938083771,0.016031295013863467,False,0,0.29326086956521741,0.39978260869565219,0.37456521739130433,0.46500000000000002,0.26408990563985885,A-Line|A-Line::9|A-Line/9-6.tif|000096
97,A-Line/9-7.tif,A-Line,A-Line::9,4,0.22681345584837481,0.18123758639765569,0.91706418584864002,0.069766701200700998,0.023744527876412569,False,0,0.49108695652173912,0.25978260869565217,0.74413043478260865,0.16108695652173913,0.48191862140402358,A-Line|A-Line::9|A-Line/9-7.tif|000097
98,A-Line/9-8.tif,A-Line,A-Line::9,4,0.2115384735887208,0.2221173054788331,0.92179182094214163,0.17748887448840159,0.019169090292116109,False,0,0.32934782608695651,0.75586956521739135,0.77543478260869569,0.67978260869565221,0.45030823302033685,A-Line|A-Line::9|A-Line/9-8.tif|000098
99,A-Line/9-9.tif,A-Line,A-Line::9,4,0.21686825005994151,0.2017966943706517,0.85989995951266562,0.038631229517167499,0.024501660464079533,False,0,0.38760869565217393,0.49717391304347824,0.38760869565217393,0.039782608695652172,0.48690003554372058,A-Line|A-Line::9|A-Line/9-9.tif|000099
100,Bermuda/1-1.tif,Bermuda,Bermuda::1,4,0.18886024616607799,0.23321083584236621,0.90829751327956298,0.13592300277532221,0.290316551553913,False,0,0.098913043478260868,0.86021739130434782,0.67804347826086953,0.50195652173913041,0.56774168758206012,Bermuda|Bermuda::1|Bermuda/1-1.tif|000100
101,Bermuda/1-10.tif,Bermuda,Bermuda::1,4,0.1778540677271962,0.2331796802558283,0.88625258889580127,0.1167902513036035,0.052279242580564544,False,0,0.037173913043478259,0.85978260869565215,0.52717391304347827,0.40369565217391307,0.59469694908216664,Bermuda|Bermuda::1|Bermuda/1-10.tif|000101
102,Bermuda/1-2.tif,Bermuda,Bermuda::1,4,0.2035881985612813,0.2001194253004607,0.83325780886510725,0.1089840020511976,0.12608364016585027,False,0,0.23760869565217391,0.47195652173913044,0.26369565217391305,0.35891304347826086,0.38128848313632652,Bermuda|Bermuda::1|Bermuda/1-2.tif|000102
103,Bermuda/1-3.tif,Bermuda,Bermuda::1,4,0.18694749776088901,0.20749211764841449,0.90347806237686279,0.1841451957895274,0.028231418371921002,False,0,0.085869565217391308,0.57717391304347831,0.64108695652173908,0.70282608695652171,0.48836848866233834,Bermuda|Bermuda::1|Bermuda/1-3.tif|000103
104,Bermuda/1-4.tif,Bermuda,Bermuda::1,4,0.1818625248641946,0.2357864038162743,0.85274477818251115,0.17125916549531431,0.028805457476776986,False,0,0.054130434782608698,0.88413043478260867,0.35413043478260869,0.65369565217391301,0.62550471114716377,Bermuda|Bermuda::1|Bermuda/1-4.tif|000104
105,Bermuda/1-5.tif,Bermuda,Bermuda::1,4,0.20754813002358541,0.21653406240929071,0.87818183834690877,0.17943637895898071,0.13917208990049756,False,0,0.27847826086956523,0.70195652173913048,0.48369565217391303,0.68804347826086953,0.35423791306806846,Bermuda|Bermuda::1|Bermuda/1-5.tif|000105
106,Bermuda/1-6.tif,Bermuda,Bermuda::1,4,0.2243479608379837,0.1721584398397657,0.82583269002605186,0.046724393702574703,0.13793871483833797,False,0,0.46717391304347827,0.16804347826086957,0.22630434782608697,0.06152173913043478,0.61517898174768693,Bermuda|Bermuda::1|Bermuda/1-6.tif|000106
107,Bermuda/1-7.tif,Bermuda,Bermuda::1,4,0.17111760407404969,0.2391923496115016,0.88086266672164981,0.19150938874337889,0.04170449153082556,False,0,0.015869565217391305,0.9067391304347826,0.49934782608695655,0.73021739130434782,0.67291862115669898,Bermuda|Bermuda::1|Bermuda/1-7.tif|000107
108,Bermuda/1-8.tif,Bermuda,Bermuda::1,4,0.19443828387185411,0.2107958993740392,0.90316502190456116,0.21742852265115339,0.026526534019689851,False,0,0.15065217391304347,0.62456521739130433,0.63978260869565218,0.81586956521739129,0.5068265550460147,Bermuda|Bermuda::1|Bermuda/1-8.tif|000108
109,Bermuda/1-9.tif,Bermuda,Bermuda::1,4,0.1848812925514923,0.24502381694542311,0.88264526919398267,0.097128531640204199,0.021258777369421833,False,0,0.074565217391304353,0.93804347826086953,0.51065217391304352,0.29978260869565215,0.64271091144462533,Bermuda|Bermuda::1|Bermuda/1-9.tif|000109
110,Bermuda/10-1.tif,Bermuda,Bermuda::10,4,0.2019952333394926,0.23451050333467691,0.88494986979728774,0.1425341127365129,0.027355007862650993,False,0,0.22543478260869565,0.8706521739130435,0.52108695652173909,0.52804347826086961,0.4626015445671543,Bermuda|Bermuda::10|Bermuda/10-1.tif|000110
111,Bermuda/10-10.tif,Bermuda,Bermuda::10,4,0.22080000217820089,0.20725310111066839,0.91253590945672702,0.1781855055336401,0.063836193956479326,False,0,0.4306521739130435,0.57326086956521738,0.71326086956521739,0.68239130434782613,0.29819970218270264,Bermuda|Bermuda::10|Bermuda/10-10.tif|000111
112,Bermuda/10-2.tif,Bermuda,Bermuda::10,4,0.2048890851452469,0.23245524826090691,0.87381771602289582,0.0863871320584821,0.056879196092974538,False,0,0.25108695652173912,0.85499999999999998,0.45934782608695651,0.24717391304347827,0.50354377436645337,Bermuda|Bermuda::10|Bermuda/10-2.tif|000112
113,Bermuda/10-3.tif,Bermuda,Bermuda::10,4,0.20906774470868861,0.22319359905964009,0.87664122349413709,0.052703072403173901,0.030902471936344877,False,0,0.29543478260869566,0.77021739130434785,0.47673913043478261,0.081956521739130428,0.53867038576392412,Bermuda|Bermuda::10|Bermuda/10-3.tif|000113
114,Bermuda/10-4.tif,Bermuda,Bermuda::10,4,0.19666412008704481,0.2346107597226981,0.89985382840729733,0.21611882124870549,0.036388079773037152,False,0,0.16847826086956522,0.87108695652173918,0.61934782608695649,0.81065217391304345,0.59863249958987141,Bermuda|Bermuda::10|Bermuda/10-4.tif|000114
115,Bermuda/10-5.tif,Bermuda,Bermuda::10,4,0.2224313135756556,0.19217106804566331,0.89020406879182712,0.050126069544031898,0.026472079806641013,False,0,0.44891304347826089,0.37630434782608696,0.55065217391304344,0.073695652173913037,0.44967936487115601,Bermuda|Bermuda::10|Bermuda/10-5.tif|000115
116,Bermuda/10-6.tif,Bermuda,Bermuda::10,4,0.22135447256488511,0.20268120712082149,0.90551190441121199,0.17913297194901809,0.019687964270925118,False,0,0.43760869565217392,0.51543478260869569,0.65456521739130435,0.68673913043478263,0.25078440269514507,Bermuda|Bermuda::10|Bermuda/10-6.tif|000116
117,Bermuda/10-7.tif,Bermuda,Bermuda::10,4,0.19511679761142739,0.2245748738637193,0.87065020546707772,0.207966500527547,0.085587595543372363,False,0,0.15760869565217392,0.78500000000000003,0.4415217391304348,0.7897826086956522,0.53464985980526736,Bermuda|Bermuda::10|Bermuda/10-7.tif|000117
118,Bermuda/10-8.tif,Bermuda,Bermuda::10,4,0.20006519993769389,0.21683134254216169,0.89599113889845505,0.1029143002270498,0.022393901357327217,False,0,0.20760869565217391,0.70630434782608698,0.59282608695652173,0.32673913043478259,0.40827707519811246,Bermuda|Bermuda::10|Bermuda/10-8.tif|000118
119,Bermuda/10-9.tif,Bermuda,Bermuda::10,4,0.1991513865356507,0.23638438882050389,0.88689003594405336,0.086966489674524694,0.025509812381649288,False,0,0.19760869565217393,0.88934782608695651,0.53282608695652178,0.25195652173913041,0.55284297021527384,Bermuda|Bermuda::10|Bermuda/10-9.tif|000119
120,Bermuda/2-1.tif,Bermuda,Bermuda::2,3,0.2318963401643622,0.1562711631464023,0.82810125282587566,0.065043663063946697,0.052117121018422252,False,0,0.53456521739130436,0.079347826086956522,0.23934782608695651,0.14065217391304347,0.61254666887519238,Bermuda|Bermuda::2|Bermuda/2-1.tif|000120
121,Bermuda/2-10.tif,Bermuda,Bermuda::2,3,0.19244113253115749,0.19400381950445131,0.89473747019892935,0.075032472903612202,0.10227767163703272,False,0,0.13456521739130434,0.39586956521739131,0.58586956521739131,0.19152173913043477,0.49690859063616027,Bermuda|Bermuda::2|Bermuda/2-10.tif|000121
122,Bermuda/2-2.tif,Bermuda,Bermuda::2,3,0.21946873255803581,0.16626145805384929,0.79781291769038076,0.0950642227089806,0.047614049309891548,False,0,0.41456521739130436,0.13021739130434781,0.12065217391304348,0.29282608695652174,0.57520786084319409,Bermuda|Bermuda::2|Bermuda/2-2.tif|000122
123,Bermuda/2-3.tif,Bermuda,Bermuda::2,3,0.199722906523979,0.1978573405711116,0.91987596748773237,0.044401398867347099,0.018190665965321928,False,0,0.20282608695652174,0.44282608695652176,0.76152173913043475,0.052826086956521738,0.59994943076120966,Bermuda|Bermuda::2|Bermuda/2-3.tif|000123
124,Bermuda/2-4.tif,Bermuda,Bermuda::2,3,0.2205714338496762,0.15731209506501409,0.79472700044888755,0.1172327134989275,0.021978094055166264,False,0,0.42804347826086958,0.083260869565217388,0.11239130434782608,0.40586956521739131,0.58133491513401747,Bermuda|Bermuda::2|Bermuda/2-4.tif|000124
125,Bermuda/2-5.tif,Bermuda,Bermuda::2,3,0.19282318114303551,0.20410768221977679,0.85351684087284152,0.1362352105704881,0.010108442823362207,False,0,0.13804347826086957,0.53847826086956518,0.35804347826086957,0.50413043478260866,0.39071961141565631,Bermuda|Bermuda::2|Bermuda/2-5.tif|000125
126,Bermuda/2-6.tif,Bermuda,Bermuda::2,3,0.21258119257111641,0.15644994777207241,0.93485797679142801,0.073063392310540196,0.18632272386430593,False,0,0.33978260869565219,0.081086956521739126,0.86760869565217391,0.18021739130434783,0.66223471701193604,Bermuda|Bermuda::2|Bermuda/2-6.tif|000126
127,Bermuda/2-7.tif,Bermuda,Bermuda::2,3,0.2166584074815858,0.17398570181866629,0.82759708943229437,0.1078045474743853,0.023719917147645542,False,0,0.38500000000000001,0.18586956521739131,0.23630434782608695,0.3497826086956522,0.45166756766721661,Bermuda|Bermuda::2|Bermuda/2-7.tif|000127
128,Bermuda/2-8.tif,Bermuda,Bermuda::2,3,0.20611591654977809,0.21300708321771561,0.86172606084856007,0.13185762875727119,0.13078025779587998,False,0,0.26456521739130434,0.65456521739130435,0.39500000000000002,0.48239130434782607,0.30108970333074464,Bermuda|Bermuda::2|Bermuda/2-8.tif|000128
129,Bermuda/2-9.tif,Bermuda,Bermuda::2,3,0.18439596507761749,0.23486302589599531,0.89300885175223654,0.1319737701083844,0.045684670113241177,False,0,0.071086956521739131,0.87326086956521742,0.57499999999999996,0.48369565217391303,0.57374289309097393,Bermuda|Bermuda::2|Bermuda/2-9.tif|000129
130,Bermuda/3-1.tif,Bermuda,Bermuda::3,1,0.18689283765974801,0.25933971874263401,0.88688727841412707,0.16274561027227399,0.055287860221055141,False,0,0.085000000000000006,0.97804347826086957,0.53239130434782611,0.61456521739130432,0.64414668573316491,Bermuda|Bermuda::3|Bermuda/3-1.tif|000130
131,Bermuda/3-10.tif,Bermuda,Bermuda::3,1,0.18774448709038391,0.23823247618234611,0.89296953401609624,0.31129527431932469,0.066516696222953642,False,0,0.093260869565217397,0.90021739130434786,0.57413043478260872,0.96673913043478266,0.74091255743803952,Bermuda|Bermuda::3|Bermuda/3-10.tif|000131
132,Bermuda/3-2.tif,Bermuda,Bermuda::3,1,0.2098537413682261,0.21831741233597701,0.86855965473241981,0.051776541886925702,0.28051436847508171,False,0,0.3084782608695652,0.72108695652173915,0.4306521739130435,0.07978260869565218,0.51667378087262161,Bermuda|Bermuda::3|Bermuda/3-2.tif|000132
133,Bermuda/3-3.tif,Bermuda,Bermuda::3,1,0.20539857980215989,0.19853802565572909,0.87282699512179363,0.10945441678959821,0.021512166987711967,False,0,0.25847826086956521,0.45021739130434785,0.45195652173913042,0.36152173913043478,0.28687185839324886,Bermuda|Bermuda::3|Bermuda/3-3.tif|000133
134,Bermuda/3-4.tif,Bermuda,Bermuda::3,1,0.23289152123615001,0.1859602295090198,0.89751856854248091,0.0409998405826777,0.033346023807855452,False,0,0.54500000000000004,0.30978260869565216,0.60195652173913039,0.044999999999999998,0.50559646782762746,Bermuda|Bermuda::3|Bermuda/3-4.tif|000134
135,Bermuda/3-5.tif,Bermuda,Bermuda::3,1,0.19159117117857999,0.23747618705244611,0.90004868041625807,0.19163644473904601,0.11213687817387186,False,0,0.12543478260869564,0.89500000000000002,0.62021739130434783,0.73065217391304349,0.60330485542736234,Bermuda|Bermuda::3|Bermuda/3-5.tif|000135
136,Bermuda/3-6.tif,Bermuda,Bermuda::3,1,0.20822362042812009,0.2059707746880507,0.83433319651605031,0.030748368628056098,0.030208607368714113,False,0,0.2832608695652174,0.56021739130434778,0.26934782608695651,0.021086956521739132,0.57720023685160604,Bermuda|Bermuda::3|Bermuda/3-6.tif|000136
137,Bermuda/3-7.tif,Bermuda,Bermuda::3,1,0.22661953605474289,0.2290810411855424,0.87721377806376388,0.036726300736338903,0.13474961787155726,False,0,0.4884782608695652,0.82326086956521738,0.47891304347826086,0.033695652173913043,0.5679038165054997,Bermuda|Bermuda::3|Bermuda/3-7.tif|000137
138,Bermuda/3-8.tif,Bermuda,Bermuda::3,1,0.21057051228427831,0.20247423141160939,0.89108928574401336,0.026654301453861499,0.20383980450021388,False,0,0.31630434782608696,0.51065217391304352,0.55673913043478263,0.012826086956521739,0.52384664922977475,Bermuda|Bermuda::3|Bermuda/3-8.tif|000138
139,Bermuda/3-9.tif,Bermuda,Bermuda::3,1,0.2728329728862891,0.14815914245265879,0.89229047365923597,0.1088565642904151,0.034686455733346611,False,0,0.78760869565217395,0.046304347826086958,0.56760869565217387,0.35804347826086957,0.55971519222575838,Bermuda|Bermuda::3|Bermuda/3-9.tif|000139
140,Bermuda/4-1.tif,Bermuda,Bermuda::4,0,0.17746600303036211,0.20999005809132251,0.93115760169926842,0.15005112756312411,0.024936324811676402,False,0,0.036304347826086956,0.60934782608695648,0.84586956521739132,0.55630434782608695,0.59141063622725121,Bermuda|Bermuda::4|Bermuda/4-1.tif|000140
141,Bermuda/4-10.tif,Bermuda,Bermuda::4,0,0.15910088365097169,0.24924472202770059,0.9009260551533258,0.1561589437670434,0.02122791313239103,False,0,0.0019565217391304349,0.95673913043478265,0.62413043478260866,0.58456521739130429,0.69225542998250622,Bermuda|Bermuda::4|Bermuda/4-10.tif|000141
142,Bermuda/4-2.tif,Bermuda,Bermuda::4,0,0.20613193663867771,0.17191706300078011,0.86350611167359681,0.038627640912837401,0.07783526625729853,False,0,0.26543478260869563,0.16543478260869565,0.40586956521739131,0.039347826086956521,0.62290905434188093,Bermuda|Bermuda::4|Bermuda/4-2.tif|000142
143,Bermuda/4-3.tif,Bermuda,Bermuda::4,0,0.2062578774683686,0.18531132208194931,0.84795205702706611,0.1105014219779519,0.011744726199667488,False,0,0.26673913043478259,0.3006521739130435,0.33065217391304347,0.36891304347826087,0.37418266315588061,Bermuda|Bermuda::4|Bermuda/4-3.tif|000143
144,Bermuda/4-4.tif,Bermuda,Bermuda::4,0,0.18914817509338361,0.23923845209081321,0.91060728237337418,0.015778524623070899,0.041164173324067188,False,0,0.10108695652173913,0.90804347826086962,0.69934782608695656,0.0036956521739130435,0.78210527286612164,Bermuda|Bermuda::4|Bermuda/4-4.tif|000144
145,Bermuda/4-5.tif,Bermuda,Bermuda::4,0,0.1950858607541249,0.1930194394411206,0.8642757002483018,0.0298935573687691,0.33492743704064176,False,0,0.1567391304347826,0.38847826086956522,0.40934782608695652,0.018913043478260869,0.60821673706324153,Bermuda|Bermuda::4|Bermuda/4-5.tif|000145
146,Bermuda/4-6.tif,Bermuda,Bermuda::4,0,0.17490749390590229,0.21020771588626061,0.89172771568426956,0.1354628417821073,0.13002158184646906,False,0,0.025000000000000001,0.61369565217391309,0.56369565217391304,0.49934782608695655,0.49255381712044866,Bermuda|Bermuda::4|Bermuda/4-6.tif|000146
147,Bermuda/4-7.tif,Bermuda,Bermuda::4,0,0.1841223087925265,0.21473865323498151,0.88863646290651777,0.073051985993104099,0.019061131589954261,False,0,0.070652173913043473,0.67891304347826087,0.5410869565217391,0.17978260869565219,0.56619497399944363,Bermuda|Bermuda::4|Bermuda/4-7.tif|000147
148,Bermuda/4-8.tif,Bermuda,Bermuda::4,0,0.16335812678255079,0.25006416061229519,0.87378369612540752,0.2181869508134022,0.16583555254896998,False,0,0.0045652173913043482,0.9602173913043478,0.4589130434782609,0.81891304347826088,0.74876520911050015,Bermuda|Bermuda::4|Bermuda/4-8.tif|000148
149,Bermuda/4-9.tif,Bermuda,Bermuda::4,0,0.18077830464878519,0.21799016656295689,0.88048678107084888,0.22583475413529799,0.032393946028610676,False,0,0.050217391304347825,0.71760869565217389,0.49586956521739128,0.83543478260869564,0.60182347360645783,Bermuda|Bermuda::4|Bermuda/4-9.tif|000149
150,Bermuda/5-1.tif,Bermuda,Bermuda::5,2,0.1854479421015845,0.21826632326473089,0.82057306956061371,0.2155672242622734,0.04298400138549674,False,0,0.078043478260869562,0.72021739130434781,0.20065217391304349,0.81021739130434778,0.64217361867468448,Bermuda|Bermuda::5|Bermuda/5-1.tif|000150
151,Bermuda/5-10.tif,Bermuda,Bermuda::5,2,0.2119306171666562,0.17169364690505751,0.81711095714009707,0.16316703854702269,0.23081141898709145,False,0,0.33152173913043476,0.1632608695652174,0.18891304347826088,0.61673913043478257,0.5021765480826782,Bermuda|Bermuda::5|Bermuda/5-10.tif|000151
152,Bermuda/5-2.tif,Bermuda,Bermuda::5,2,0.2287281334773979,0.13339388387210241,0.79302197349296799,0.13473564744348979,0.020629273239359369,False,0,0.5093478260869565,0.017173913043478262,0.10847826086956522,0.49630434782608696,0.62170036364394177,Bermuda|Bermuda::5|Bermuda/5-2.tif|000152
153,Bermuda/5-3.tif,Bermuda,Bermuda::5,2,0.17906901038461639,0.21336866957003231,0.86193181838450106,0.0606262545813585,0.17267206135896684,False,0,0.042826086956521736,0.66021739130434787,0.39586956521739131,0.11717391304347827,0.62616017083994879,Bermuda|Bermuda::5|Bermuda/5-3.tif|000153
154,Bermuda/5-4.tif,Bermuda,Bermuda::5,2,0.17107263513071949,0.22371621558029209,0.83403815011811067,0.19417867992570481,0.045551402854794421,False,0,0.015434782608695652,0.77630434782608693,0.26717391304347826,0.745,0.65221202787173982,Bermuda|Bermuda::5|Bermuda/5-4.tif|000154
155,Bermuda/5-5.tif,Bermuda,Bermuda::5,2,0.19175057936100079,0.20159502089616579,0.85823336537439443,0.071120807722555093,0.021117258135989525,False,0,0.12847826086956521,0.495,0.37760869565217392,0.16847826086956522,0.51277645962205898,Bermuda|Bermuda::5|Bermuda/5-5.tif|000155
156,Bermuda/5-6.tif,Bermuda,Bermuda::5,2,0.19745854627996109,0.20182317001102609,0.8379861149159139,0.060915785149679103,0.031457353047934955,False,0,0.17847826086956523,0.49934782608695655,0.28891304347826086,0.11891304347826087,0.54144401899816452,Bermuda|Bermuda::5|Bermuda/5-6.tif|000156
157,Bermuda/5-7.tif,Bermuda,Bermuda::5,2,0.1868985004094994,0.21156727584369511,0.82093676377642233,0.048753343528372302,0.060407426800211717,False,0,0.08543478260869565,0.6380434782608696,0.20195652173913042,0.068913043478260869,0.68233877244230512,Bermuda|Bermuda::5|Bermuda/5-7.tif|000157
158,Bermuda/5-8.tif,Bermuda,Bermuda::5,2,0.18034175858087839,0.22493834136665,0.83114415423181243,0.1780046532919469,0.22915588348654947,False,0,0.048043478260869563,0.78847826086956518,0.25239130434782608,0.68152173913043479,0.61785484741674601,Bermuda|Bermuda::5|Bermuda/5-8.tif|000158
159,Bermuda/5-9.tif,Bermuda,Bermuda::5,2,0.17401087444181509,0.24416821008920489,0.88221417653692091,0.18879988513618831,0.024665224588408252,False,0,0.021521739130434783,0.93500000000000005,0.5093478260869565,0.71760869565217389,0.68235428657022168,Bermuda|Bermuda::5|Bermuda/5-9.tif|000159
160,Bermuda/6-1.tif,Bermuda,Bermuda::6,2,0.28633403326597351,0.1456615033864456,0.80489847426834227,0.18588857289441491,0.067313401644853887,False,0,0.84239130434782605,0.040652173913043481,0.14586956521739131,0.70804347826086955,0.70492743194602581,Bermuda|Bermuda::6|Bermuda/6-1.tif|000160
161,Bermuda/6-10.tif,Bermuda,Bermuda::6,2,0.2179845670868564,0.19963515055424269,0.8770648530416697,0.062178120598487902,0.021372959457332641,False,0,0.4002173913043478,0.46413043478260868,0.4776086956521739,0.12456521739130434,0.39076315231842151,Bermuda|Bermuda::6|Bermuda/6-10.tif|000161
162,Bermuda/6-2.tif,Bermuda,Bermuda::6,2,0.20609044879527089,0.17109462061334199,0.87764559271610765,0.1389522312154087,0.37697266114442962,False,0,0.26413043478260867,0.15804347826086956,0.48065217391304349,0.51282608695652177,0.41606196826515279,Bermuda|Bermuda::6|Bermuda/6-2.tif|000162
163,Bermuda/6-3.tif,Bermuda,Bermuda::6,2,0.20427133613591189,0.23973606242113829,0.85942189998073582,0.21372584550791829,0.033823362285220648,False,0,0.24586956521739131,0.9110869565217391,0.38456521739130434,0.80673913043478263,0.58394250306079565,Bermuda|Bermuda::6|Bermuda/6-3.tif|000163
164,Bermuda/6-4.tif,Bermuda,Bermuda::6,2,0.19964598668183101,0.22128556136055519,0.8354511260721833,0.20621080343302001,0.034427767644665597,False,0,0.20108695652173914,0.74804347826086959,0.27630434782608698,0.78413043478260869,0.53070182159142221,Bermuda|Bermuda::6|Bermuda/6-4.tif|000164
165,Bermuda/6-5.tif,Bermuda,Bermuda::6,2,0.18740903043930629,0.19430204797064041,0.89438809296650801,0.052603797095295599,0.18251233425954771,False,0,0.090217391304347833,0.40108695652173915,0.58413043478260873,0.081521739130434784,0.59992296291830083,Bermuda|Bermuda::6|Bermuda/6-5.tif|000165
166,Bermuda/6-6.tif,Bermuda,Bermuda::6,2,0.19226576901149919,0.20848128134432289,0.87046589849619305,0.1998699356245984,0.066004933583714953,False,0,0.13282608695652173,0.59239130434782605,0.44021739130434784,0.76065217391304352,0.46353678560261569,Bermuda|Bermuda::6|Bermuda/6-6.tif|000166
167,Bermuda/6-7.tif,Bermuda,Bermuda::6,2,0.1923281438891937,0.23136618844073409,0.85632558402294556,0.19208877027409221,0.036795259598506824,False,0,0.1332608695652174,0.84586956521739132,0.37152173913043479,0.73195652173913039,0.56959093868241217,Bermuda|Bermuda::6|Bermuda/6-7.tif|000167
168,Bermuda/6-8.tif,Bermuda,Bermuda::6,2,0.17718356858228729,0.2468184579309291,0.89821074521344635,0.12376303961176489,0.037907197302914586,False,0,0.035434782608695654,0.94413043478260872,0.60543478260869565,0.43543478260869567,0.65449052322439949,Bermuda|Bermuda::6|Bermuda/6-8.tif|000168
169,Bermuda/6-9.tif,Bermuda,Bermuda::6,2,0.16984715543145179,0.2136965780229835,0.89270838538156383,0.22659402469695289,0.024851088181608194,False,0,0.012391304347826086,0.66456521739130436,0.57065217391304346,0.83630434782608698,0.6188184668350083,Bermuda|Bermuda::6|Bermuda/6-9.tif|000169
170,Bermuda/7-1.tif,Bermuda,Bermuda::7,3,0.22906312090575959,0.14850529263828741,0.83860170743638385,0.025140624505684599,0.018082324713506792,False,0,0.51282608695652177,0.048043478260869563,0.29065217391304349,0.0097826086956521747,0.69897697320707497,Bermuda|Bermuda::7|Bermuda/7-1.tif|000170
171,Bermuda/7-10.tif,Bermuda,Bermuda::7,3,0.1763394612090447,0.25235984791023641,0.85168903231115023,0.11788159397153521,0.023155072041929736,False,0,0.029782608695652173,0.96369565217391306,0.35108695652173916,0.41065217391304348,0.68284418535598601,Bermuda|Bermuda::7|Bermuda/7-10.tif|000171
172,Bermuda/7-2.tif,Bermuda,Bermuda::7,3,0.19064317684936069,0.21929466783650189,0.83642837557677108,0.2466678133573193,0.033597987697420728,False,0,0.11760869565217391,0.72978260869565215,0.28195652173913044,0.88630434782608691,0.62912412484441227,Bermuda|Bermuda::7|Bermuda/7-2.tif|000172
173,Bermuda/7-3.tif,Bermuda,Bermuda::7,3,0.17984009938094131,0.23333013221866861,0.92625597550961403,0.072984849121781201,0.14634092337294469,False,0,0.044999999999999998,0.86065217391304349,0.80934782608695655,0.17847826086956523,0.73223445479326466,Bermuda|Bermuda::7|Bermuda/7-3.tif|000173
174,Bermuda/7-4.tif,Bermuda,Bermuda::7,3,0.20044320622634831,0.23243081084101561,0.92425667731085237,0.063949419918996497,0.22398498574832504,False,0,0.21369565217391304,0.85413043478260875,0.78934782608695653,0.1332608695652174,0.65237895327543227,Bermuda|Bermuda::7|Bermuda/7-4.tif|000174
175,Bermuda/7-5.tif,Bermuda,Bermuda::7,3,0.19145945054232119,0.19009782766588559,0.84444436102400611,0.099902524342666194,0.11782828920898492,False,0,0.12369565217391304,0.35195652173913045,0.31413043478260871,0.31282608695652175,0.48280783200617489,Bermuda|Bermuda::7|Bermuda/7-5.tif|000175
176,Bermuda/7-6.tif,Bermuda,Bermuda::7,3,0.1682880364460238,0.23304174193366381,0.89965183265586313,0.1510938369993802,0.024589237773247619,False,0,0.0097826086956521747,0.85891304347826092,0.61673913043478257,0.56195652173913047,0.62177029414145268,Bermuda|Bermuda::7|Bermuda/7-6.tif|000176
177,Bermuda/7-7.tif,Bermuda,Bermuda::7,3,0.19650044304224859,0.23127631063172779,0.89018333184449938,0.1603688049797701,0.022112306523684566,False,0,0.1676086956521739,0.84413043478260874,0.54978260869565221,0.60369565217391308,0.49207807486011207,Bermuda|Bermuda::7|Bermuda/7-7.tif|000177
178,Bermuda/7-8.tif,Bermuda,Bermuda::7,3,0.20685496812635121,0.19169692468710081,0.89040561798430007,0.066021677204212301,0.16289481238055581,False,0,0.27282608695652172,0.37108695652173912,0.55195652173913046,0.14586956521739131,0.44309638289751591,Bermuda|Bermuda::7|Bermuda/7-8.tif|000178
179,Bermuda/7-9.tif,Bermuda,Bermuda::7,3,0.19016206019548459,0.2306948536414864,0.88406871266655351,0.064919247004809305,0.027841516418704471,False,0,0.11152173913043478,0.83934782608695657,0.51717391304347826,0.13978260869565218,0.62938368148969348,Bermuda|Bermuda::7|Bermuda/7-9.tif|000179
180,Bermuda/8-1.tif,Bermuda,Bermuda::8,1,0.23509166461723741,0.17970485798272751,0.82807129626521847,0.066044956805235894,0.018402566460932301,False,0,0.57021739130434779,0.24413043478260871,0.23891304347826087,0.14673913043478262,0.51318549987103379,Bermuda|Bermuda::8|Bermuda/8-1.tif|000180
181,Bermuda/8-10.tif,Bermuda,Bermuda::8,1,0.20329775686937671,0.19566822771488729,0.83208309500504041,0.0492401559462518,0.045072171531551519,False,0,0.23456521739130434,0.41673913043478261,0.25760869565217392,0.070652173913043473,0.5661104984084977,Bermuda|Bermuda::8|Bermuda/8-10.tif|000181
182,Bermuda/8-2.tif,Bermuda,Bermuda::8,1,0.2340671363311003,0.17792478653357291,0.79082526970902856,0.077809962952120504,0.017300607479910024,False,0,0.56195652173913047,0.22717391304347825,0.10065217391304347,0.20717391304347826,0.56876927458563142,Bermuda|Bermuda::8|Bermuda/8-2.tif|000182
183,Bermuda/8-3.tif,Bermuda,Bermuda::8,1,0.21634909289387591,0.2198522371015891,0.83326003252731706,0.027665901426548699,0.02246802451714891,False,0,0.37891304347826088,0.73413043478260864,0.26413043478260867,0.014565217391304348,0.60063340857247005,Bermuda|Bermuda::8|Bermuda/8-3.tif|000183
184,Bermuda/8-4.tif,Bermuda,Bermuda::8,1,0.24490517266634079,0.18363378906338901,0.87058528926135359,0.094373846404474396,0.05777551578579132,False,0,0.643695652173913,0.28369565217391307,0.44108695652173913,0.28847826086956524,0.34007088108038619,Bermuda|Bermuda::8|Bermuda/8-4.tif|000184
185,Bermuda/8-5.tif,Bermuda,Bermuda::8,1,0.2485175981394348,0.20380145358452911,0.84173493753659323,0.0087957807546018996,0.064300530121601196,False,0,0.66717391304347828,0.53282608695652178,0.30282608695652175,0.0002173913043478261,0.5636354115265062,Bermuda|Bermuda::8|Bermuda/8-5.tif|000185
186,Bermuda/8-6.tif,Bermuda,Bermuda::8,1,0.22856225850295961,0.18314335953380539,0.86671163071486701,0.029193691526116599,0.14750334826120926,False,0,0.50760869565217392,0.27847826086956523,0.42108695652173911,0.017608695652173913,0.53671073410012837,Bermuda|Bermuda::8|Bermuda/8-6.tif|000186
187,Bermuda/8-7.tif,Bermuda,Bermuda::8,1,0.2022565254952676,0.23228734892683561,0.89392062901302072,0.1210575470430619,0.033357780159886663,False,0,0.22673913043478261,0.85369565217391308,0.58195652173913048,0.42195652173913045,0.461063740882863,Bermuda|Bermuda::8|Bermuda/8-7.tif|000187
188,Bermuda/8-8.tif,Bermuda,Bermuda::8,1,0.2469295319596338,0.1514088751170469,0.84633328302806421,0.089679285230861702,0.055627588132241224,False,0,0.65717391304347827,0.059782608695652176,0.32239130434782609,0.26760869565217393,0.55140326228265524,Bermuda|Bermuda::8|Bermuda/8-8.tif|000188
189,Bermuda/8-9.tif,Bermuda,Bermuda::8,1,0.25316252086712049,0.19683433179048909,0.87765026420490966,0.18570389653240529,0.088061397297344635,False,0,0.69326086956521737,0.43195652173913046,0.48108695652173911,0.70717391304347821,0.29199043151839521,Bermuda|Bermuda::8|Bermuda/8-9.tif|000189
190,Bermuda/9-1.tif,Bermuda,Bermuda::9,0,0.20828265055160691,0.18487279380341479,0.88148303395375049,0.058810989322636599,0.025641027565594054,False,0,0.28586956521739132,0.2976086956521739,0.50413043478260866,0.11021739130434782,0.48863240345773706,Bermuda|Bermuda::9|Bermuda/9-1.tif|000190
191,Bermuda/9-10.tif,Bermuda,Bermuda::9,0,0.19269366384725581,0.20487916755290619,0.8867936244035195,0.052245053186993698,0.23238200769018769,False,0,0.13673913043478261,0.54673913043478262,0.53195652173913044,0.080652173913043482,0.55768882380463514,Bermuda|Bermuda::9|Bermuda/9-10.tif|000191
192,Bermuda/9-2.tif,Bermuda,Bermuda::9,0,0.21130714420108601,0.19016505534625369,0.86810819364008596,0.040447885452251302,0.026903169465275378,False,0,0.3258695652173913,0.35282608695652173,0.4284782608695652,0.043695652173913045,0.51508308651259571,Bermuda|Bermuda::9|Bermuda/9-2.tif|000192
193,Bermuda/9-3.tif,Bermuda,Bermuda::9,0,0.20784916480633639,0.2084449041524912,0.8993040780567072,0.032598127871292099,0.022558654558642699,False,0,0.28108695652173915,0.59065217391304348,0.61369565217391309,0.024565217391304347,0.54323629396194129,Bermuda|Bermuda::9|Bermuda/9-3.tif|000193
194,Bermuda/9-4.tif,Bermuda,Bermuda::9,0,0.17655277141478509,0.24375990699471239,0.8853465895446142,0.1068201202040371,0.20379029715341268,False,0,0.031956521739130432,0.93239130434782613,0.52282608695652177,0.34673913043478261,0.65577195884223405,Bermuda|Bermuda::9|Bermuda/9-4.tif|000194
195,Bermuda/9-5.tif,Bermuda,Bermuda::9,0,0.1923491374675898,0.2220919017169338,0.90722998616634765,0.10396655937480991,0.11569831588734425,False,0,0.13369565217391305,0.755,0.66804347826086952,0.33195652173913043,0.50564918313818874,Bermuda|Bermuda::9|Bermuda/9-5.tif|000195
196,Bermuda/9-6.tif,Bermuda,Bermuda::9,0,0.19981598154734281,0.19333099345432919,0.87964126344260063,0.080570875574494993,0.086319255852709276,False,0,0.2041304347826087,0.39195652173913043,0.49108695652173912,0.22021739130434784,0.42139048789599526,Bermuda|Bermuda::9|Bermuda/9-6.tif|000196
197,Bermuda/9-7.tif,Bermuda,Bermuda::9,0,0.1822772619368789,0.2340845831124776,0.88317635162947739,0.045269742814978899,0.20783352433214985,False,0,0.057608695652173914,0.86630434782608701,0.51282608695652177,0.055869565217391302,0.7261578981224891,Bermuda|Bermuda::9|Bermuda/9-7.tif|000197
198,Bermuda/9-8.tif,Bermuda,Bermuda::9,0,0.21075734305409169,0.20719032188856931,0.88907274024516214,0.039962909564565399,0.028707567368976061,False,0,0.31891304347826088,0.57239130434782604,0.54369565217391302,0.042826086956521736,0.49894917932979427,Bermuda|Bermuda::9|Bermuda/9-8.tif|000198
199,Bermuda/9-9.tif,Bermuda,Bermuda::9,0,0.205944254541469,0.2135929298061027,0.87204182444443168,0.059711297901446303,0.031067172609702043,False,0,0.26326086956521738,0.66282608695652179,0.44891304347826089,0.11369565217391304,0.48414737089917387,Bermuda|Bermuda::9|Bermuda/9-9.tif|000199
200,Blouse/1-1.tif,Blouse,Blouse::1,2,0.21915547983219461,0.19587467601918149,0.90246073349942402,0.036845044634939803,0.079716634768041694,False,0,0.40934782608695652,0.41934782608695653,0.63456521739130434,0.034130434782608694,0.49986482104612112,Blouse|Blouse::1|Blouse/1-1.tif|000200
201,Blouse/1-10.tif,Blouse,Blouse::1,2,0.22098690142678601,0.15822630065327031,0.87904770241857333,0.074494176457232206,0.057837395201644104,False,0,0.43195652173913046,0.087173913043478254,0.48717391304347823,0.18804347826086956,0.52205045059636135,Blouse|Blouse::1|Blouse/1-10.tif|000201
202,Blouse/1-2.tif,Blouse,Blouse::1,2,0.21998252243885399,0.19288358287055579,0.9186707705292928,0.045138411815237298,0.026248036590444168,False,0,0.42065217391304349,0.38543478260869563,0.75456521739130433,0.054565217391304349,0.53163602398989174,Blouse|Blouse::1|Blouse/1-2.tif|000202
203,Blouse/1-3.tif,Blouse,Blouse::1,2,0.21841424097345849,0.2292419767928725,0.919956183306187,0.072739438873000994,0.029202639817142662,False,0,0.40456521739130435,0.82543478260869563,0.76282608695652177,0.17717391304347826,0.53694490394050187,Blouse|Blouse::1|Blouse/1-3.tif|000203
204,Blouse/1-4.tif,Blouse,Blouse::1,2,0.19172670898020461,0.23395514612250559,0.89960614853857435,0.17628178600987221,0.18094157347974682,False,0,0.12804347826086956,0.86499999999999999,0.61586956521739133,0.67586956521739128,0.56207874375188194,Blouse|Blouse::1|Blouse/1-4.tif|000204
205,Blouse/1-5.tif,Blouse,Blouse::1,2,0.21142874943116291,0.18749005978605041,0.92515500627932457,0.077303589577456297,0.024218059163165107,False,0,0.32717391304347826,0.32369565217391305,0.80021739130434788,0.20456521739130434,0.48822563657772033,Blouse|Blouse::1|Blouse/1-5.tif|000205
206,Blouse/1-6.tif,Blouse,Blouse::1,2,0.24104375994893221,0.17488612754669799,0.924632954251428,0.062108049227528397,0.087210528401259091,False,0,0.62239130434782608,0.19673913043478261,0.79500000000000004,0.1232608695652174,0.57957239305385322,Blouse|Blouse::1|Blouse/1-6.tif|000206
207,Blouse/1-7.tif,Blouse,Blouse::1,2,0.21382911313949421,0.19684027082679759,0.92434581084302159,0.037936892340128099,0.034590672264084077,False,0,0.35021739130434781,0.43239130434782608,0.79021739130434787,0.037173913043478259,0.5704733881422076,Blouse|Blouse::1|Blouse/1-7.tif|000207
208,Blouse/1-8.tif,Blouse,Blouse::1,2,0.2134549186150459,0.18824523879857091,0.91976463855855162,0.0643654894870129,0.026243159833937768,False,0,0.34630434782608693,0.3323913043478261,0.76065217391304352,0.1358695652173913,0.50224053764700705,Blouse|Blouse::1|Blouse/1-8.tif|000208
209,Blouse/1-9.tif,Blouse,Blouse::1,2,0.20216594277020911,0.22385724804650281,0.90904053592264045,0.036001564017395002,0.034247292313027256,False,0,0.22586956521739129,0.77717391304347827,0.68369565217391304,0.031956521739130432,0.63622453859943817,Blouse|Blouse::1|Blouse/1-9.tif|000209
210,Blouse/10-1.tif,Blouse,Blouse::10,2,0.23675116498190421,0.1704067132810031,0.7914534285993412,0.31812921205313271,0.025031142904958781,False,0,0.58108695652173914,0.14934782608695651,0.10239130434782609,0.97108695652173915,0.71382605517803832,Blouse|Blouse::10|Blouse/10-1.tif|000210
211,Blouse/10-10.tif,Blouse,Blouse::10,2,0.2284907067786294,0.20923313271753921,0.72970300351913053,0.2105013235132874,0.041102834272846223,False,0,0.50673913043478258,0.60065217391304349,0.014130434782608696,0.79586956521739127,0.57774069444596299,Blouse|Blouse::10|Blouse/10-10.tif|000211
212,Blouse/10-2.tif,Blouse,Blouse::10,2,0.231595095610336,0.2107735847894858,0.71322615598840233,0.1589883949707219,0.023502850933710628,False,0,0.53195652173913044,0.62282608695652175,0.0041304347826086954,0.59673913043478266,0.52091511015219849,Blouse|Blouse::10|Blouse/10-2.tif|000212
213,Blouse/10-3.tif,Blouse,Blouse::10,2,0.2464394242787088,0.2077668769015896,0.75299274180899978,0.19307638756867751,0.17049749113959334,False,0,0.65500000000000003,0.58195652173913048,0.041086956521739132,0.73717391304347823,0.54552224332139942,Blouse|Blouse::10|Blouse/10-3.tif|000213
214,Blouse/10-4.tif,Blouse,Blouse::10,2,0.2400920341217461,0.1872888059022704,0.73288020983382474,0.024316242981810999,0.2412144814282251,False,0,0.61413043478260865,0.32195652173913042,0.01934782608695652,0.0080434782608695653,0.71956442926529807,Blouse|Blouse::10|Blouse/10-4.tif|000214
215,Blouse/10-5.tif,Blouse,Blouse::10,2,0.2312267436316951,0.1958952452871944,0.73294446476779329,0.1251946529967124,0.069583090265746272,False,0,0.52891304347826085,0.41978260869565215,0.019782608695652175,0.44456521739130433,0.49086918011306957,Blouse|Blouse::10|Blouse/10-5.tif|000215
216,Blouse/10-6.tif,Blouse,Blouse::10,2,0.23589770720093151,0.2081596210269468,0.71395083166562989,0.1617477347484288,0.27967258301673381,False,0,0.57499999999999996,0.58717391304347821,0.0050000000000000001,0.61065217391304349,0.52008960257535841,Blouse|Blouse::10|Blouse/10-6.tif|000216
217,Blouse/10-7.tif,Blouse,Blouse::10,2,0.23723474530137709,0.20996026977462459,0.72368254951000588,0.039001573123298203,0.083187825756256939,False,0,0.58499999999999996,0.60891304347826092,0.010217391304347826,0.040652173913043481,0.6855468475248272,Blouse|Blouse::10|Blouse/10-7.tif|000217
218,Blouse/10-8.tif,Blouse,Blouse::10,2,0.26080244386477258,0.17544679341394501,0.73331559662020707,0.075236912568993203,0.033202940391653835,False,0,0.73065217391304349,0.20282608695652174,0.020217391304347826,0.19369565217391305,0.68229499853681719,Blouse|Blouse::10|Blouse/10-8.tif|000218
219,Blouse/10-9.tif,Blouse,Blouse::10,2,0.27432601001338991,0.196087252128196,0.71720858952730304,0.044890701296240197,0.022494981672705472,False,0,0.79282608695652179,0.42239130434782607,0.0067391304347826086,0.05369565217391304,0.73093370641652822,Blouse|Blouse::10|Blouse/10-9.tif|000219
220,Blouse/2-1.tif,Blouse,Blouse::2,4,0.26078738001827828,0.1573568454833712,0.86069111073938342,0.037624847875208402,0.020207953866865247,False,0,0.73021739130434782,0.083695652173913046,0.39065217391304347,0.035869565217391305,0.67356021619400852,Blouse|Blouse::2|Blouse/2-1.tif|000220
221,Blouse/2-10.tif,Blouse,Blouse::2,4,0.24135855184889579,0.17797316997432239,0.8484357011785123,0.060233381047645897,0.017069116085233649,False,0,0.62326086956521742,0.22804347826086957,0.33326086956521739,0.11630434782608695,0.5139823759602381,Blouse|Blouse::2|Blouse/2-10.tif|000221
222,Blouse/2-2.tif,Blouse,Blouse::2,4,0.22518827501814129,0.19833564001456599,0.84816988875407717,0.045904855710579298,0.013140989937868719,False,0,0.47413043478260869,0.44630434782608697,0.33195652173913043,0.058913043478260867,0.47576125448226719,Blouse|Blouse::2|Blouse/2-2.tif|000222
223,Blouse/2-3.tif,Blouse,Blouse::2,4,0.28048486071472051,0.13157492728352779,0.86282371186045814,0.1477973512761426,0.023610798098207209,False,0,0.82239130434782604,0.013260869565217392,0.40195652173913043,0.54673913043478262,0.59384190165294848,Blouse|Blouse::2|Blouse/2-3.tif|000223
224,Blouse/2-4.tif,Blouse,Blouse::2,4,0.23213301306481199,0.1699319719082118,0.83947737327943728,0.098952920392934296,0.022342968321043988,False,0,0.53630434782608694,0.14847826086956523,0.2941304347826087,0.30934782608695655,0.45123837165397407,Blouse|Blouse::2|Blouse/2-4.tif|000224
225,Blouse/2-5.tif,Blouse,Blouse::2,4,0.22100843494717079,0.2090608618894565,0.87634917747091257,0.045990382974362497,0.22643441156785449,False,0,0.43282608695652175,0.59804347826086957,0.47586956521739132,0.059347826086956525,0.4570355286847525,Blouse|Blouse::2|Blouse/2-5.tif|000225
226,Blouse/2-6.tif,Blouse,Blouse::2,4,0.23218653326913069,0.1741582046910532,0.81341114681281823,0.056956923676493999,0.11742583427174869,False,0,0.53804347826086951,0.18804347826086956,0.17499999999999999,0.09978260869565217,0.60379064086504297,Blouse|Blouse::2|Blouse/2-6.tif|000226
227,Blouse/2-7.tif,Blouse,Blouse::2,4,0.2146743693777852,0.1895518631949093,0.85323436660963747,0.062879913633557299,0.31441825880685204,False,0,0.36152173913043478,0.34630434782608693,0.35586956521739133,0.12717391304347825,0.45007938808232439,Blouse|Blouse::2|Blouse/2-7.tif|000227
228,Blouse/2-8.tif,Blouse,Blouse::2,4,0.2317835719471496,0.18754433164390949,0.84316913683690942,0.045696543427515501,0.07235965276693368,False,0,0.53326086956521734,0.32543478260869563,0.3084782608695652,0.057608695652173914,0.51378005341704824,Blouse|Blouse::2|Blouse/2-8.tif|000228
229,Blouse/2-9.tif,Blouse,Blouse::2,4,0.25534589972502969,0.1431917846292004,0.85365770075599534,0.1021165299917538,0.18483788556324365,False,0,0.7045652173913044,0.035869565217391305,0.36021739130434782,0.32326086956521738,0.55501341116990133,Blouse|Blouse::2|Blouse/2-9.tif|000229
230,Blouse/3-1.tif,Blouse,Blouse::3,3,0.21228472835794851,0.23034789851077961,0.71780217631937804,0.18306387684923001,0.1323412914236759,False,0,0.33717391304347827,0.83456521739130429,0.0071739130434782606,0.70021739130434779,0.64916159394041395,Blouse|Blouse::3|Blouse/3-1.tif|000230
231,Blouse/3-10.tif,Blouse,Blouse::3,3,0.20418900827456901,0.21120265269811669,0.78741951852614278,0.065365103311862793,0.025011920860494086,False,0,0.245,0.63369565217391299,0.093695652173913041,0.1423913043478261,0.61307970907430864,Blouse|Blouse::3|Blouse/3-10.tif|000231
232,Blouse/3-2.tif,Blouse,Blouse::3,3,0.20328652708365369,0.20772656691948219,0.77677248299158996,0.1794817168026881,0.11103323710511948,False,0,0.23369565217391305,0.58108695652173914,0.078043478260869562,0.68891304347826088,0.53965595004914046,Blouse|Blouse::3|Blouse/3-2.tif|000232
233,Blouse/3-3.tif,Blouse,Blouse::3,3,0.18144822282696249,0.2363578978178745,0.8645031757791225,0.26907637382058602,0.03065491376862739,False,0,0.052391304347826087,0.88847826086956527,0.41065217391304348,0.91934782608695653,0.73150839835370574,Blouse|Blouse::3|Blouse/3-3.tif|000233
234,Blouse/3-4.tif,Blouse,Blouse::3,3,0.20817138299341811,0.21660838638031499,0.77580886572396701,0.027415910615128498,0.041213246626723654,False,0,0.28239130434782611,0.70326086956521738,0.075869565217391299,0.013695652173913043,0.71066663770243865,Blouse|Blouse::3|Blouse/3-4.tif|000234
235,Blouse/3-5.tif,Blouse,Blouse::3,3,0.1877122152693205,0.20211744947146451,0.80363058429264889,0.15569084203770389,0.066772564262749357,False,0,0.092826086956521739,0.50543478260869568,0.1423913043478261,0.58282608695652172,0.54823742321344704,Blouse|Blouse::3|Blouse/3-5.tif|000235
236,Blouse/3-6.tif,Blouse,Blouse::3,3,0.21208044703373169,0.21327727810630051,0.80429368109356725,0.18042980005699749,0.17425163561455981,False,0,0.33369565217391306,0.65804347826086962,0.14369565217391303,0.6915217391304348,0.46504649441316465,Blouse|Blouse::3|Blouse/3-6.tif|000236
237,Blouse/3-7.tif,Blouse,Blouse::3,3,0.1898510743925815,0.2351671916486511,0.83516669671582211,0.1735925283453153,0.25103747861673453,False,0,0.10891304347826088,0.8793478260869565,0.27500000000000002,0.66239130434782612,0.61143251176734525,Blouse|Blouse::3|Blouse/3-7.tif|000237
238,Blouse/3-8.tif,Blouse,Blouse::3,3,0.2068731625686617,0.211514456782147,0.85904334157950368,0.059809801611317097,0.033808731348794696,False,0,0.27326086956521739,0.63717391304347826,0.38108695652173913,0.11413043478260869,0.48297303129709268,Blouse|Blouse::3|Blouse/3-8.tif|000238
239,Blouse/3-9.tif,Blouse,Blouse::3,3,0.1885718081907839,0.22442336147343131,0.82556543897976931,0.27613165435590997,0.03051732137780383,False,0,0.097608695652173907,0.78326086956521734,0.22500000000000001,0.93021739130434777,0.70913150107882394,Blouse|Blouse::3|Blouse/3-9.tif|000239
240,Blouse/4-1.tif,Blouse,Blouse::4,3,0.1977903922703847,0.2370823483999098,0.77581969308286292,0.1113674472411592,0.13372134406581293,False,0,0.18282608695652175,0.89326086956521744,0.076304347826086957,0.37456521739130433,0.6711969107539687,Blouse|Blouse::4|Blouse/4-1.tif|000240
241,Blouse/4-10.tif,Blouse,Blouse::4,3,0.20104750447061681,0.2127425057609986,0.78897083210067509,0.18916218861553991,0.35343346089202143,False,0,0.21934782608695652,0.64978260869565219,0.096304347826086961,0.71934782608695658,0.55882387295371228,Blouse|Blouse::4|Blouse/4-10.tif|000241
242,Blouse/4-2.tif,Blouse,Blouse::4,3,0.24649056009824569,0.1648124879763018,0.72798335809801873,0.064727570476532895,0.032744524565486599,False,0,0.65586956521739126,0.11891304347826087,0.012826086956521739,0.1376086956521739,0.73361329650509588,Blouse|Blouse::4|Blouse/4-2.tif|000242
243,Blouse/4-3.tif,Blouse,Blouse::4,3,0.2097211530336236,0.18125979557238889,0.79479939672839073,0.1249257409999069,0.12526841907680564,False,0,0.30543478260869567,0.26021739130434784,0.11282608695652174,0.44326086956521737,0.49847195619744938,Blouse|Blouse::4|Blouse/4-3.tif|000243
244,Blouse/4-4.tif,Blouse,Blouse::4,3,0.20866596116777031,0.2045386299550877,0.73126520409470952,0.055799280853678898,0.15089176213901645,False,0,0.29195652173913045,0.54195652173913045,0.016304347826086956,0.094565217391304343,0.66586881999702796,Blouse|Blouse::4|Blouse/4-4.tif|000244
245,Blouse/4-5.tif,Blouse,Blouse::4,3,0.2114840194818321,0.19018167130099201,0.71124809528264854,0.059917317765487602,0.37583788656106382,False,0,0.32847826086956522,0.35326086956521741,0.0036956521739130435,0.115,0.66745418199765782,Blouse|Blouse::4|Blouse/4-5.tif|000245
246,Blouse/4-6.tif,Blouse,Blouse::4,3,0.27829421673318272,0.14908744419249001,0.7326822906881858,0.098468290810723405,0.23435486559398033,False,0,0.81152173913043479,0.048913043478260872,0.018478260869565218,0.30586956521739128,0.75503314315265602,Blouse|Blouse::4|Blouse/4-6.tif|000246
247,Blouse/4-7.tif,Blouse,Blouse::4,3,0.23862307524553439,0.1770330228461473,0.8022848068536067,0.057550301202378397,0.031603228951405882,False,0,0.60108695652173916,0.21804347826086956,0.13543478260869565,0.10326086956521739,0.61646393915603293,Blouse|Blouse::4|Blouse/4-7.tif|000247
248,Blouse/4-8.tif,Blouse,Blouse::4,3,0.23682817280426419,0.15470842355928599,0.76693924297074034,0.12944574035612899,0.19449827411436016,False,0,0.58152173913043481,0.071956521739130433,0.061086956521739129,0.47413043478260869,0.61901608005963848,Blouse|Blouse::4|Blouse/4-8.tif|000248
249,Blouse/4-9.tif,Blouse,Blouse::4,3,0.2455375770491301,0.17050543923061631,0.74165857022119008,0.13169793821069281,0.05384456763503298,False,0,0.64673913043478259,0.15065217391304347,0.026304347826086958,0.48195652173913045,0.60686853105813432,Blouse|Blouse::4|Blouse/4-9.tif|000249
250,Blouse/5-1.tif,Blouse,Blouse::5,1,0.2015269298658357,0.22735435979085941,0.82292488624834004,0.17281531794167179,0.022287287063393113,False,0,0.22282608695652173,0.81065217391304345,0.21021739130434783,0.66021739130434787,0.53195274602878162,Blouse|Blouse::5|Blouse/5-1.tif|000250
251,Blouse/5-10.tif,Blouse,Blouse::5,1,0.22296761090199679,0.18001635876801561,0.83753770879478862,0.095073842510296602,0.35867493856459221,False,0,0.45456521739130434,0.24630434782608696,0.28804347826086957,0.29326086956521741,0.39254609737370594,Blouse|Blouse::5|Blouse/5-10.tif|000251
252,Blouse/5-2.tif,Blouse,Blouse::5,1,0.28129282876995998,0.10328904413995969,0.72423586684719277,0.22699841604160931,0.061387685370033251,False,0,0.82499999999999996,0.00065217391304347831,0.010652173913043479,0.83847826086956523,0.84202261216376195,Blouse|Blouse::5|Blouse/5-2.tif|000252
253,Blouse/5-3.tif,Blouse,Blouse::5,1,0.22586903387803769,0.2010199114876117,0.80657695205442748,0.0279159005993494,0.032925552384220014,False,0,0.48065217391304349,0.48630434782608695,0.15239130434782608,0.014999999999999999,0.59717561450193657,Blouse|Blouse::5|Blouse/5-3.tif|000253
254,Blouse/5-4.tif,Blouse,Blouse::5,1,0.23438049756783361,0.1724996112186466,0.80583435033045192,0.0866447319225854,0.10364560413221913,False,0,0.56586956521739129,0.17282608695652174,0.14978260869565219,0.24978260869565216,0.54464899989009929,Blouse|Blouse::5|Blouse/5-4.tif|000254
255,Blouse/5-5.tif,Blouse,Blouse::5,1,0.20619173413608641,0.19327321111505899,0.80301609927515605,0.051018165500581497,0.14886570429783585,False,0,0.2658695652173913,0.39108695652173914,0.13934782608695653,0.076739130434782615,0.6131059172643003,Blouse|Blouse::5|Blouse/5-5.tif|000255
256,Blouse/5-6.tif,Blouse,Blouse::5,1,0.26655430011209358,0.15118409868707089,0.78659146764584564,0.066878497961501193,0.016831457077692513,False,0,0.76195652173913042,0.057608695652173914,0.091086956521739135,0.14978260869565219,0.74444165905926518,Blouse|Blouse::5|Blouse/5-6.tif|000256
257,Blouse/5-7.tif,Blouse,Blouse::5,1,0.25758476448592688,0.12685569471137789,0.75203566854224213,0.1758165817304547,0.030952205550639156,False,0,0.71717391304347822,0.0089130434782608691,0.040652173913043481,0.67326086956521736,0.7275648848217654,Blouse|Blouse::5|Blouse/5-7.tif|000257
258,Blouse/5-8.tif,Blouse,Blouse::5,1,0.2629719626880061,0.1522244523591206,0.78776640376300977,0.1319564106693083,0.019300670325181568,False,0,0.74282608695652175,0.063260869565217398,0.094565217391304343,0.48282608695652174,0.64372189864702567,Blouse|Blouse::5|Blouse/5-8.tif|000258
259,Blouse/5-9.tif,Blouse,Blouse::5,1,0.24468661844986361,0.1671338484996604,0.82957321596993605,0.13169391142430259,0.024459362820948627,False,0,0.64108695652173908,0.13543478260869565,0.24369565217391304,0.48152173913043478,0.46781052988518285,Blouse|Blouse::5|Blouse/5-9.tif|000259
260,Blouse/6-1.tif,Blouse,Blouse::6,0,0.1668821752505012,0.27489917661093188,0.78154986596848119,0.0347416553388478,0.016688440724063947,False,0,0.0084782608695652181,0.99413043478260865,0.084565217391304348,0.029347826086956522,0.93800748079451102,Blouse|Blouse::6|Blouse/6-1.tif|000260
261,Blouse/6-10.tif,Blouse,Blouse::6,0,0.20692954120427101,0.2200515714906924,0.78719632963035013,0.18620803149333939,0.03707186283460806,False,0,0.27369565217391306,0.73673913043478256,0.093260869565217397,0.7089130434782609,0.56244151134691356,Blouse|Blouse::6|Blouse/6-10.tif|000261
262,Blouse/6-2.tif,Blouse,Blouse::6,0,0.22188582474347329,0.2030811272358197,0.73247161000229366,0.1133928194705587,0.069337821544173672,False,0,0.44369565217391305,0.52282608695652177,0.018043478260869564,0.38673913043478259,0.4987998829705334,Blouse|Blouse::6|Blouse/6-2.tif|000262
263,Blouse/6-3.tif,Blouse,Blouse::6,0,0.2341280896537922,0.19717478752966469,0.79791524419347093,0.1142846410944395,0.10641954831877565,False,0,0.56239130434782614,0.43413043478260871,0.12195652173913044,0.39152173913043481,0.40362839223351626,Blouse|Blouse::6|Blouse/6-3.tif|000263
264,Blouse/6-4.tif,Blouse,Blouse::6,0,0.28177424244295612,0.13811457651666781,0.79179984600469988,0.061072573288073098,0.017752218113445517,False,0,0.82673913043478264,0.024565217391304347,0.10369565217391305,0.12021739130434783,0.79629684028318892,Blouse|Blouse::6|Blouse/6-4.tif|000264
265,Blouse/6-5.tif,Blouse,Blouse::6,0,0.2043534415746511,0.2154170692732138,0.76137946051216543,0.20193508929090381,0.07503860660792705,False,0,0.2467391304347826,0.68804347826086953,0.052391304347826087,0.77021739130434785,0.61063278716110858,Blouse|Blouse::6|Blouse/6-5.tif|000265
266,Blouse/6-6.tif,Blouse,Blouse::6,0,0.25041296453785389,0.15159062674110171,0.82292707323083114,0.021950635073698599,0.027951187961016033,False,0,0.67673913043478262,0.06152173913043478,0.21065217391304347,0.0067391304347826086,0.74197598033057888,Blouse|Blouse::6|Blouse/6-6.tif|000266
267,Blouse/6-7.tif,Blouse,Blouse::6,0,0.20989039630461659,0.22669680411120921,0.75112301606705101,0.2047040813335588,0.16264228996094676,False,0,0.30934782608695655,0.80673913043478263,0.039782608695652172,0.77847826086956518,0.64790997414268348,Blouse|Blouse::6|Blouse/6-7.tif|000267
268,Blouse/6-8.tif,Blouse,Blouse::6,0,0.22045771589138791,0.21963544110163219,0.82988647849003128,0.2406239694591055,0.28867929901625122,False,0,0.42586956521739128,0.73239130434782607,0.24543478260869564,0.87152173913043474,0.51218443186954388,Blouse|Blouse::6|Blouse/6-8.tif|000268
269,Blouse/6-9.tif,Blouse,Blouse::6,0,0.235893364061703,0.2062048130627272,0.73781140591587679,0.0189317831743556,0.025453167218441375,False,0,0.57456521739130439,0.5628260869565217,0.024565217391304347,0.005434782608695652,0.69292140652051348,Blouse|Blouse::6|Blouse/6-9.tif|000269
270,Blouse/7-1.tif,Blouse,Blouse::7,0,0.18395609003630611,0.21018265743586681,0.85428682594698646,0.1000493986687814,0.031241337501985655,False,0,0.068478260869565211,0.61282608695652174,0.36456521739130437,0.31326086956521737,0.50215019706844588,Blouse|Blouse::7|Blouse/7-1.tif|000270
271,Blouse/7-10.tif,Blouse,Blouse::7,0,0.1986315036682188,0.2065685785124384,0.86993003429732751,0.24577351998109159,0.24959842540174648,False,0,0.19065217391304348,0.56543478260869562,0.43673913043478263,0.88369565217391299,0.50120063786380509,Blouse|Blouse::7|Blouse/7-10.tif|000271
272,Blouse/7-2.tif,Blouse,Blouse::7,0,0.20140191304732469,0.18984195166738249,0.86634312899860422,0.34945485228953183,0.037118887973808246,False,0,0.22152173913043477,0.34934782608695653,0.41934782608695653,0.98760869565217391,0.5869524959604292,Blouse|Blouse::7|Blouse/7-2.tif|000272
273,Blouse/7-3.tif,Blouse,Blouse::7,0,0.19054171619558219,0.2351555530849804,0.88958812429301803,0.33619769829813029,0.2922296275069336,False,0,0.11543478260869565,0.87891304347826082,0.5454347826086956,0.98152173913043483,0.72483998625288149,Blouse|Blouse::7|Blouse/7-3.tif|000273
274,Blouse/7-4.tif,Blouse,Blouse::7,0,0.22077188314525589,0.16003316885692551,0.89311310096722196,0.062123224871187599,0.12916943599378516,False,0,0.42978260869565216,0.092826086956521739,0.57630434782608697,0.12369565217391304,0.56404644595521303,Blouse|Blouse::7|Blouse/7-4.tif|000274
275,Blouse/7-5.tif,Blouse,Blouse::7,0,0.21578379606767811,0.1728492568686863,0.88142230076451689,0.16613000156917659,0.13929495033134953,False,0,0.37108695652173912,0.17499999999999999,0.50369565217391299,0.63021739130434784,0.37311365509979422,Blouse|Blouse::7|Blouse/7-5.tif|000275
276,Blouse/7-6.tif,Blouse,Blouse::7,0,0.2162236340675226,0.1843266190419719,0.82256092330086905,0.12698251014026521,0.018317762185433129,False,0,0.37673913043478263,0.29239130434782606,0.20847826086956522,0.4589130434782609,0.38074620793676078,Blouse|Blouse::7|Blouse/7-6.tif|000276
277,Blouse/7-7.tif,Blouse,Blouse::7,0,0.21486277229491851,0.16118196469240689,0.88836629178434812,0.1748926007571496,0.27570672700483867,False,0,0.36369565217391303,0.10065217391304347,0.53934782608695653,0.66891304347826086,0.45622081179132012,Blouse|Blouse::7|Blouse/7-7.tif|000277
278,Blouse/7-8.tif,Blouse,Blouse::7,0,0.20198428721520259,0.2043887597963438,0.90117263815531556,0.094450123098529903,0.29192776840036028,False,0,0.22500000000000001,0.5410869565217391,0.62760869565217392,0.28934782608695653,0.37144509093075861,Blouse|Blouse::7|Blouse/7-8.tif|000278
279,Blouse/7-9.tif,Blouse,Blouse::7,0,0.25095582436339731,0.19644615858195499,0.83429135405597799,0.075607947234674094,0.038480821028457624,False,0,0.68065217391304345,0.42456521739130437,0.26847826086956522,0.19586956521739129,0.4294452833805133,Blouse|Blouse::7|Blouse/7-9.tif|000279
280,Blouse/8-1.tif,Blouse,Blouse::8,4,0.19489157271396729,0.21969307245792349,0.77532001202351519,0.24146351840187999,0.05369179550794545,False,0,0.15369565217391304,0.73282608695652174,0.074999999999999997,0.8736956521739131,0.70314161343531889,Blouse|Blouse::8|Blouse/8-1.tif|000280
281,Blouse/8-10.tif,Blouse,Blouse::8,4,0.18065374138329829,0.23832143779083359,0.73348554095360963,0.2553463796892238,0.11060037028418979,False,0,0.049347826086956523,0.90152173913043476,0.020652173913043477,0.90021739130434786,0.86847877781994742,Blouse|Blouse::8|Blouse/8-10.tif|000281
282,Blouse/8-2.tif,Blouse,Blouse::8,4,0.19267757688479381,0.2038529231208823,0.7328143526875901,0.1357483424443614,0.27706607511263459,False,0,0.13630434782608697,0.53326086956521734,0.018913043478260869,0.50021739130434784,0.60400788061810196,Blouse|Blouse::8|Blouse/8-2.tif|000282
283,Blouse/8-3.tif,Blouse,Blouse::8,4,0.21496549611373039,0.20942498423356359,0.7508121998959707,0.029862893399261198,0.045745054583449241,False,0,0.36456521739130437,0.60326086956521741,0.03891304347826087,0.018478260869565218,0.6880913851032493,Blouse|Blouse::8|Blouse/8-3.tif|000283
284,Blouse/8-4.tif,Blouse,Blouse::8,4,0.1946058930774123,0.2246216490420912,0.73679340723124676,0.051674422888046502,0.2486389550100353,False,0,0.15152173913043479,0.78586956521739126,0.024130434782608696,0.079347826086956522,0.77881872161255561,Blouse|Blouse::8|Blouse/8-4.tif|000284
285,Blouse/8-5.tif,Blouse,Blouse::8,4,0.2449483699489719,0.15729235421153059,0.78152898308523189,0.044625946784074798,0.045165405045895501,False,0,0.64413043478260867,0.082826086956521744,0.08413043478260869,0.053260869565217389,0.75321378232900071,Blouse|Blouse::8|Blouse/8-5.tif|000285
286,Blouse/8-6.tif,Blouse,Blouse::8,4,0.1785964578979905,0.24265595172307741,0.75986415828093568,0.1925827003412208,0.039812860670129568,False,0,0.040217391304347823,0.92673913043478262,0.049782608695652174,0.73413043478260864,0.80685754171823865,Blouse|Blouse::8|Blouse/8-6.tif|000286
287,Blouse/8-7.tif,Blouse,Blouse::8,4,0.18077363348831191,0.2350946247472151,0.75528188314552125,0.2310546848723129,0.27709899855587972,False,0,0.049782608695652174,0.87717391304347825,0.044130434782608696,0.84978260869565214,0.82165734582662286,Blouse|Blouse::8|Blouse/8-7.tif|000287
288,Blouse/8-8.tif,Blouse,Blouse::8,4,0.18823959620464539,0.2389724913890558,0.78563881554703807,0.21757838394004139,0.23012595124116131,False,0,0.095434782608695659,0.90500000000000003,0.088913043478260873,0.81630434782608696,0.7724887969406844,Blouse|Blouse::8|Blouse/8-8.tif|000288
289,Blouse/8-9.tif,Blouse,Blouse::8,4,0.22029052750496439,0.22603803763005001,0.75983671724546831,0.3031075911815187,0.064738856538534728,False,0,0.42326086956521741,0.80021739130434788,0.048913043478260872,0.95847826086956522,0.71393356428697274,Blouse|Blouse::8|Blouse/8-9.tif|000289
290,Blouse/9-1.tif,Blouse,Blouse::9,1,0.19155751131059129,0.24743704756027721,0.91872091780248921,0.055068619705646103,0.12843794057199265,False,0,0.12456521739130434,0.94891304347826089,0.755,0.090652173913043477,0.75833029698111809,Blouse|Blouse::9|Blouse/9-1.tif|000290
291,Blouse/9-10.tif,Blouse,Blouse::9,1,0.22019253040978479,0.1680347377304772,0.88098056984742257,0.12595060226162549,0.20495720257142602,False,0,0.42239130434782607,0.13847826086956522,0.50065217391304351,0.44978260869565218,0.37315317126476727,Blouse|Blouse::9|Blouse/9-10.tif|000291
292,Blouse/9-2.tif,Blouse,Blouse::9,1,0.1953559388852382,0.23014722590216311,0.86252681281449539,0.28347144817539571,0.1608550373619767,False,0,0.15934782608695652,0.83239130434782604,0.40108695652173915,0.94195652173913047,0.6569910502248979,Blouse|Blouse::9|Blouse/9-2.tif|000292
293,Blouse/9-3.tif,Blouse,Blouse::9,1,0.19777783541929761,0.25128207033561889,0.90793171690647723,0.1476570847227307,0.025544581765402974,False,0,0.18152173913043479,0.96195652173913049,0.67500000000000004,0.54630434782608694,0.58957724112402599,Blouse|Blouse::9|Blouse/9-3.tif|000293
294,Blouse/9-4.tif,Blouse,Blouse::9,1,0.19171232983645889,0.24975706931890179,0.89281065938321225,0.16440697819978589,0.033285121420223218,False,0,0.12760869565217392,0.95978260869565213,0.57239130434782604,0.62326086956521742,0.60869456521642074,Blouse|Blouse::9|Blouse/9-4.tif|000294
295,Blouse/9-5.tif,Blouse,Blouse::9,1,0.19464999592958901,0.2349150645414407,0.8924141723554404,0.21707457009952799,0.14771645205996509,False,0,0.15195652173913043,0.8736956521739131,0.56934782608695655,0.81326086956521737,0.6030955120023308,Blouse|Blouse::9|Blouse/9-5.tif|000295
296,Blouse/9-6.tif,Blouse,Blouse::9,1,0.1975112312721774,0.24739798298833371,0.89516161598175159,0.21672338246864609,0.034149579587558154,False,0,0.17891304347826087,0.94804347826086954,0.58760869565217388,0.81239130434782614,0.63961191565394004,Blouse|Blouse::9|Blouse/9-6.tif|000296
297,Blouse/9-7.tif,Blouse,Blouse::9,1,0.2266236656385521,0.2107929669204115,0.92490708993626525,0.1962813034897179,0.092817864477726886,False,0,0.48891304347826087,0.62413043478260866,0.79673913043478262,0.74891304347826082,0.40686988115248329,Blouse|Blouse::9|Blouse/9-7.tif|000297
298,Blouse/9-8.tif,Blouse,Blouse::9,1,0.21621090767021139,0.23676487763873599,0.90948106186362077,0.060169789670599202,0.025499216690053728,False,0,0.37630434782608696,0.89108695652173908,0.68847826086956521,0.11586956521739131,0.59273085601717934,Blouse|Blouse::9|Blouse/9-8.tif|000298
299,Blouse/9-9.tif,Blouse,Blouse::9,1,0.21637430188922421,0.22055464749234291,0.90154726101998239,0.1067861412224774,0.031392159012952003,False,0,0.38021739130434784,0.7419565217391304,0.62978260869565217,0.34586956521739132,0.33688358256845757,Blouse|Blouse::9|Blouse/9-9.tif|000299
300,Cardigan/1-1.tif,Cardigan,Cardigan::1,4,0.2314436219832865,0.1839484555978477,0.83248783216202227,0.067114312622411507,0.41005743195718192,True,0.088370641848060205,0.53065217391304342,0.2876086956521739,0.2593478260869565,0.15108695652173912,0.47508252193329831,Cardigan|Cardigan::1|Cardigan/1-1.tif|000300
301,Cardigan/1-10.tif,Cardigan,Cardigan::1,4,0.23626376549015751,0.1748353412976964,0.8113519339269345,0.071171997577847507,0.56396772812591789,False,0,0.57717391304347831,0.19543478260869565,0.16804347826086957,0.16978260869565218,0.56387449165931003,Cardigan|Cardigan::1|Cardigan/1-10.tif|000301
302,Cardigan/1-2.tif,Cardigan,Cardigan::1,4,0.21981970377765339,0.18196556468927549,0.79633361362898292,0.082996831314822994,0.18618876515395066,True,0.18536163624413929,0.41934782608695653,0.26804347826086955,0.11586956521739131,0.23065217391304349,0.52954040778609224,Cardigan|Cardigan::1|Cardigan/1-2.tif|000302
303,Cardigan/1-3.tif,Cardigan,Cardigan::1,4,0.18787878193802751,0.2306683067462684,0.74982006032113457,0.13503536243750519,0.038257961777460547,True,0.056410670001070702,0.094130434782608699,0.83847826086956523,0.035000000000000003,0.49760869565217392,0.70393774965370604,Cardigan|Cardigan::1|Cardigan/1-3.tif|000303
304,Cardigan/1-4.tif,Cardigan,Cardigan::1,4,0.2121287764132688,0.21060263262649709,0.7902364064505536,0.2472036122091949,0.42595510582042651,False,0,0.33500000000000002,0.61934782608695649,0.09978260869565217,0.88847826086956527,0.5937661349911949,Cardigan|Cardigan::1|Cardigan/1-4.tif|000304
305,Cardigan/1-5.tif,Cardigan,Cardigan::1,4,0.18210058885332661,0.24296271477984629,0.80075691771279756,0.17225291126251679,0.47054541086730428,False,0,0.056304347826086953,0.9284782608695652,0.13195652173913044,0.65847826086956518,0.73554796774543685,Cardigan|Cardigan::1|Cardigan/1-5.tif|000305
306,Cardigan/1-6.tif,Cardigan,Cardigan::1,4,0.23370136298141039,0.22117774576209651,0.85392500704730012,0.13051460444950369,0.1230951723292012,True,0.15340601204698859,0.55630434782608695,0.74673913043478257,0.36152173913043478,0.47673913043478261,0.28942645846263437,Cardigan|Cardigan::1|Cardigan/1-6.tif|000306
307,Cardigan/1-7.tif,Cardigan,Cardigan::1,4,0.18488250524236949,0.22514676881002491,0.83359983927068737,0.1980438400289804,0.5013744117417287,False,0,0.074999999999999997,0.79065217391304343,0.26543478260869563,0.75413043478260866,0.62024737427336651,Cardigan|Cardigan::1|Cardigan/1-7.tif|000307
308,Cardigan/1-8.tif,Cardigan,Cardigan::1,4,0.22238275978443239,0.20563865579541929,0.83168863081635891,0.084983491418186605,0.40313298179288348,False,0,0.44847826086956522,0.55543478260869561,0.255,0.24195652173913043,0.36378419619173369,Cardigan|Cardigan::1|Cardigan/1-8.tif|000308
309,Cardigan/1-9.tif,Cardigan,Cardigan::1,4,0.2231084761448992,0.2039307687059366,0.83206999521465752,0.072602827818634197,0.47856309245747186,False,0,0.45673913043478259,0.53456521739130436,0.25717391304347825,0.1758695652173913,0.40876803244361726,Cardigan|Cardigan::1|Cardigan/1-9.tif|000309
310,Cardigan/10-1.tif,Cardigan,Cardigan::10,1,0.2296827242327939,0.17213204439307411,0.85160237965090735,0.062048620500211399,0.34593070232934442,True,0.17571219038658889,0.51847826086956517,0.1676086956521739,0.3497826086956522,0.12282608695652174,0.52502461910050058,Cardigan|Cardigan::10|Cardigan/10-1.tif|000310
311,Cardigan/10-10.tif,Cardigan,Cardigan::10,1,0.25159632434317553,0.12881181377315401,0.89310642658301387,0.063988373759189199,0.068857407942219728,True,0.021483407452929301,0.68369565217391304,0.0097826086956521747,0.5758695652173913,0.13369565217391305,0.643422294863498,Cardigan|Cardigan::10|Cardigan/10-10.tif|000311
312,Cardigan/10-2.tif,Cardigan,Cardigan::10,1,0.2131147485875988,0.1719374856658098,0.81127919172940277,0.088448119761098495,0.48560283663742099,False,0,0.34282608695652173,0.1658695652173913,0.16673913043478261,0.26108695652173913,0.5518052518025035,Cardigan|Cardigan::10|Cardigan/10-2.tif|000312
313,Cardigan/10-3.tif,Cardigan,Cardigan::10,1,0.1992600102082486,0.2039752189943235,0.90388286839745635,0.0265869417918299,0.036580167126409324,True,0.036089575147157202,0.19847826086956522,0.53586956521739126,0.64456521739130435,0.012391304347826086,0.59233717343430003,Cardigan|Cardigan::10|Cardigan/10-3.tif|000313
314,Cardigan/10-4.tif,Cardigan,Cardigan::10,1,0.19795922672653199,0.18568576061454589,0.86408476680651924,0.193101488873239,0.51044858045759101,False,0,0.18369565217391304,0.30630434782608695,0.40891304347826085,0.73760869565217391,0.4498012583604945,Cardigan|Cardigan::10|Cardigan/10-4.tif|000314
315,Cardigan/10-5.tif,Cardigan,Cardigan::10,1,0.18398974734396831,0.24699652720541351,0.92605268439403965,0.1151579805798415,0.2795502626048455,False,0,0.069782608695652171,0.94499999999999995,0.8084782608695652,0.39500000000000002,0.69949684860607475,Cardigan|Cardigan::10|Cardigan/10-5.tif|000315
316,Cardigan/10-6.tif,Cardigan,Cardigan::10,1,0.2244343375981144,0.14822974530951549,0.86608420039805911,0.082269665733539804,0.56659928418882255,False,0,0.46760869565217389,0.046739130434782609,0.41847826086956524,0.22847826086956521,0.5355972939136614,Cardigan|Cardigan::10|Cardigan/10-6.tif|000316
317,Cardigan/10-7.tif,Cardigan,Cardigan::10,1,0.2171533102137152,0.1828942606880056,0.89111916808870795,0.1135054087257229,0.44812194077345108,False,0,0.39152173913043481,0.27586956521739131,0.5571739130434783,0.38760869565217393,0.27911045573900584,Cardigan|Cardigan::10|Cardigan/10-7.tif|000317
318,Cardigan/10-8.tif,Cardigan,Cardigan::10,1,0.19598014538594569,0.21300859534383551,0.93113299039614883,0.054748645708707799,0.40197574841367012,False,0,0.16413043478260869,0.65500000000000003,0.8445652173913043,0.088913043478260873,0.65157581270144038,Cardigan|Cardigan::10|Cardigan/10-8.tif|000318
319,Cardigan/10-9.tif,Cardigan,Cardigan::10,1,0.25989552161449619,0.17043954767812569,0.92324086536491601,0.13066619100168411,0.51991145354722401,False,0,0.72804347826086957,0.14978260869565219,0.78413043478260869,0.47804347826086957,0.50583420402931778,Cardigan|Cardigan::10|Cardigan/10-9.tif|000319
320,Cardigan/2-1.tif,Cardigan,Cardigan::2,3,0.1753088509909877,0.2115620571984495,0.89792923777724476,0.14908085370514679,0.34970207009817078,False,0,0.02717391304347826,0.63760869565217393,0.60326086956521741,0.55239130434782613,0.50587381586749502,Cardigan|Cardigan::2|Cardigan/2-1.tif|000320
321,Cardigan/2-10.tif,Cardigan,Cardigan::2,3,0.1799412821983683,0.22556101686966529,0.73399709301432325,0.1800185795950586,0.54522375527698941,False,0,0.046304347826086958,0.79239130434782612,0.021086956521739132,0.69021739130434778,0.74623908958722962,Cardigan|Cardigan::2|Cardigan/2-10.tif|000321
322,Cardigan/2-2.tif,Cardigan,Cardigan::2,3,0.2042136398348123,0.18463726214165099,0.763141330875858,0.096529693359710095,0.20441187808423211,True,0.019398755334238599,0.24543478260869564,0.29456521739130437,0.055,0.29804347826086958,0.58806320789854882,Cardigan|Cardigan::2|Cardigan/2-2.tif|000322
323,Cardigan/2-3.tif,Cardigan,Cardigan::2,3,0.1823556479393238,0.20485054397405761,0.80287137958137833,0.0136010239132579,0.02595808980438763,True,0.071667114511187194,0.059347826086956525,0.54586956521739127,0.13847826086956522,0.0010869565217391304,0.75887452731275595,Cardigan|Cardigan::2|Cardigan/2-3.tif|000323
324,Cardigan/2-4.tif,Cardigan,Cardigan::2,3,0.18028082643087101,0.22654779225391941,0.70695979975887147,0.1044247021951409,0.45792000791242277,False,0,0.047608695652173912,0.80543478260869561,0.0032608695652173911,0.33500000000000002,0.75625595031170001,Cardigan|Cardigan::2|Cardigan/2-4.tif|000324
325,Cardigan/2-5.tif,Cardigan,Cardigan::2,3,0.1915672345899801,0.1908821981562607,0.73174407678617948,0.073207922017211102,0.53189472345375011,False,0,0.125,0.3641304347826087,0.016739130434782607,0.18195652173913043,0.70269357537234201,Cardigan|Cardigan::2|Cardigan/2-5.tif|000325
326,Cardigan/2-6.tif,Cardigan,Cardigan::2,3,0.18724734246072161,0.20358726998410279,0.82254539079637667,0.094445966565251893,0.56835928607183828,False,0,0.088478260869565215,0.52978260869565219,0.20717391304347826,0.28891304347826086,0.54821707924282603,Cardigan|Cardigan::2|Cardigan/2-6.tif|000326
327,Cardigan/2-7.tif,Cardigan,Cardigan::2,3,0.1823432978753648,0.20857245925223181,0.75071293657609361,0.24755020558497229,0.47054209282178588,False,0,0.058913043478260867,0.59369565217391307,0.038043478260869568,0.88891304347826083,0.75365360863910469,Cardigan|Cardigan::2|Cardigan/2-7.tif|000327
328,Cardigan/2-8.tif,Cardigan,Cardigan::2,3,0.16840329844060259,0.22220218255447,0.77208179260757082,0.17200671190072239,0.53263140609104387,False,0,0.010652173913043479,0.7580434782608696,0.068043478260869567,0.65760869565217395,0.7193571221494548,Cardigan|Cardigan::2|Cardigan/2-8.tif|000328
329,Cardigan/2-9.tif,Cardigan,Cardigan::2,3,0.19181740200078989,0.19353199081842171,0.74087507693485533,0.0618385101105733,0.37933775631485445,False,0,0.12934782608695652,0.39326086956521739,0.025869565217391303,0.12195652173913044,0.718674346721212,Cardigan|Cardigan::2|Cardigan/2-9.tif|000329
330,Cardigan/3-1.tif,Cardigan,Cardigan::3,3,0.1960292006113766,0.22109733441364271,0.77674037464051926,0.27962868244023231,0.36024253446840027,True,0.035629057389732099,0.16500000000000001,0.74543478260869567,0.077608695652173917,0.93456521739130438,0.73465949573199363,Cardigan|Cardigan::3|Cardigan/3-1.tif|000330
331,Cardigan/3-10.tif,Cardigan,Cardigan::3,3,0.17314753778157591,0.24539726503467069,0.84334160232094035,0.22649544061885099,0.46340521153013037,False,0,0.01934782608695652,0.93978260869565222,0.30891304347826087,0.83586956521739131,0.75746804882486518,Cardigan|Cardigan::3|Cardigan/3-10.tif|000331
332,Cardigan/3-2.tif,Cardigan,Cardigan::3,3,0.21450223296711141,0.15681612850960711,0.80249632428426143,0.083454993223364304,0.15225994869554826,True,0.036452556527095802,0.35847826086956519,0.081521739130434784,0.13630434782608697,0.23326086956521738,0.63132935032535165,Cardigan|Cardigan::3|Cardigan/3-2.tif|000332
333,Cardigan/3-3.tif,Cardigan,Cardigan::3,3,0.18758596366680449,0.19305484187339161,0.81355191745842648,0.097939629919424204,0.04185412762422025,True,0.029143355363066701,0.092391304347826081,0.38891304347826089,0.1758695652173913,0.30369565217391303,0.56752189068644543,Cardigan|Cardigan::3|Cardigan/3-3.tif|000333
334,Cardigan/3-4.tif,Cardigan,Cardigan::3,3,0.22830275963681421,0.16246479649896289,0.76651587716724712,0.087021637000316898,0.50604782026680539,False,0,0.50586956521739135,0.10673913043478261,0.060652173913043478,0.25282608695652176,0.63938252940129015,Cardigan|Cardigan::3|Cardigan/3-4.tif|000334
335,Cardigan/3-5.tif,Cardigan,Cardigan::3,3,0.2160442372177892,0.2222710081207335,0.85294735515103981,0.26189399736531671,0.43843065599362541,False,0,0.37413043478260871,0.7593478260869565,0.35499999999999998,0.90934782608695652,0.52124378659717618,Cardigan|Cardigan::3|Cardigan/3-5.tif|000335
336,Cardigan/3-6.tif,Cardigan,Cardigan::3,3,0.20999453599616691,0.19477088124488251,0.81885052444003736,0.1256820231295421,0.54686241074283415,False,0,0.31021739130434783,0.40630434782608693,0.19413043478260869,0.44804347826086954,0.37556888166769975,Cardigan|Cardigan::3|Cardigan/3-6.tif|000336
337,Cardigan/3-7.tif,Cardigan,Cardigan::3,3,0.19886659897096931,0.20191986776464529,0.81971665971499519,0.055014948441675898,0.29776069681659101,False,0,0.19239130434782609,0.50152173913043474,0.19717391304347825,0.090217391304347833,0.59518976021234249,Cardigan|Cardigan::3|Cardigan/3-7.tif|000337
338,Cardigan/3-8.tif,Cardigan,Cardigan::3,3,0.2108818642925738,0.18189348613735781,0.87093114643598235,0.075431709444436695,0.58528362090123331,False,0,0.32021739130434784,0.26717391304347826,0.44326086956521737,0.19456521739130433,0.42783116822715977,Cardigan|Cardigan::3|Cardigan/3-8.tif|000338
339,Cardigan/3-9.tif,Cardigan,Cardigan::3,3,0.22040236436759639,0.17221720444212479,0.79772310295698723,0.062137241127022701,0.41125271091410442,False,0,0.4241304347826087,0.17021739130434782,0.11978260869565217,0.1241304347826087,0.63273687630118414,Cardigan|Cardigan::3|Cardigan/3-9.tif|000339
340,Cardigan/4-1.tif,Cardigan,Cardigan::4,2,0.1768827425389761,0.2311316843604917,0.78475318892135493,0.14315706724977181,0.43484940834544084,True,0.083513408358684496,0.033695652173913043,0.84239130434782605,0.08804347826086957,0.53195652173913044,0.7109155682495526,Cardigan|Cardigan::4|Cardigan/4-1.tif|000340
341,Cardigan/4-10.tif,Cardigan,Cardigan::4,2,0.19823906127551011,0.18559830174886269,0.80265243384923668,0.091773428846364399,0.51403455353040517,False,0,0.18717391304347827,0.30239130434782607,0.1376086956521739,0.27804347826086956,0.56347272541564475,Cardigan|Cardigan::4|Cardigan/4-10.tif|000341
342,Cardigan/4-2.tif,Cardigan,Cardigan::4,2,0.17833170795993189,0.20909429927142159,0.83256049351359696,0.1180079856649493,0.18863169007345271,True,0.021699443003444001,0.038478260869565219,0.59847826086956524,0.25978260869565217,0.41152173913043477,0.53687343134620125,Cardigan|Cardigan::4|Cardigan/4-2.tif|000342
343,Cardigan/4-3.tif,Cardigan,Cardigan::4,2,0.18587544986676269,0.20858423725978389,0.82911486340852569,0.1066464533486778,0.046304858799893989,True,0.036516277132035299,0.081956521739130428,0.59413043478260874,0.24239130434782608,0.34456521739130436,0.5235867647191208,Cardigan|Cardigan::4|Cardigan/4-3.tif|000343
344,Cardigan/4-4.tif,Cardigan,Cardigan::4,2,0.20829475061595029,0.1966809801916857,0.81344101921487988,0.087592974321738695,0.48855595100643567,False,0,0.28630434782608694,0.42804347826086958,0.17543478260869566,0.25717391304347825,0.46384335893241901,Cardigan|Cardigan::4|Cardigan/4-4.tif|000344
345,Cardigan/4-5.tif,Cardigan,Cardigan::4,2,0.2341333158299076,0.18672013535189361,0.9135548500845212,0.12843263975299621,0.45579672151612205,False,0,0.56369565217391304,0.31630434782608696,0.72152173913043482,0.46847826086956523,0.29642322729273252,Cardigan|Cardigan::4|Cardigan/4-5.tif|000345
346,Cardigan/4-6.tif,Cardigan,Cardigan::4,2,0.2002837119473784,0.1759584048129014,0.80332251158023371,0.16555402277174061,0.56895724488903054,False,0,0.21152173913043479,0.20804347826086955,0.14021739130434782,0.62760869565217392,0.56052281158418349,Cardigan|Cardigan::4|Cardigan/4-6.tif|000346
347,Cardigan/4-7.tif,Cardigan,Cardigan::4,2,0.17985756184142559,0.227625921449332,0.84522921497243897,0.11829386725616479,0.37778896280617413,False,0,0.045434782608695649,0.81195652173913047,0.3193478260869565,0.4132608695652174,0.58660488661932497,Cardigan|Cardigan::4|Cardigan/4-7.tif|000347
348,Cardigan/4-8.tif,Cardigan,Cardigan::4,2,0.19467631325745879,0.20875096051317671,0.85936106757179698,0.086064406982557504,0.41278216838833476,False,0,0.15239130434782608,0.59630434782608699,0.38413043478260872,0.24456521739130435,0.45692342576544764,Cardigan|Cardigan::4|Cardigan/4-8.tif|000348
349,Cardigan/4-9.tif,Cardigan,Cardigan::4,2,0.17735811117528871,0.22595246973885469,0.79492209707752803,0.094461523010419199,0.46487923357823302,False,0,0.035869565217391305,0.79978260869565221,0.11326086956521739,0.2897826086956522,0.70643129855925901,Cardigan|Cardigan::4|Cardigan/4-9.tif|000349
350,Cardigan/5-1.tif,Cardigan,Cardigan::5,0,0.25938736457929951,0.1375735775293869,0.72041963894301508,0.0662818853625885,0.1399317640834713,True,0.15099187780769621,0.72499999999999998,0.02326086956521739,0.0089130434782608691,0.14760869565217391,0.80202944380705832,Cardigan|Cardigan::5|Cardigan/5-1.tif|000350
351,Cardigan/5-10.tif,Cardigan,Cardigan::5,0,0.17088048226967029,0.22807709210477159,0.85102586093499555,0.1064208740586312,0.67442413681388924,False,0,0.014565217391304348,0.81586956521739129,0.34673913043478261,0.34152173913043476,0.61969731619969437,Cardigan|Cardigan::5|Cardigan/5-10.tif|000351
352,Cardigan/5-2.tif,Cardigan,Cardigan::5,0,0.17477333274779649,0.23088260449621489,0.82686248367718052,0.16803193730519089,0.082090125049348872,True,0.033971167915794499,0.024130434782608696,0.84152173913043482,0.23195652173913042,0.64021739130434785,0.65923983834508038,Cardigan|Cardigan::5|Cardigan/5-2.tif|000352
353,Cardigan/5-3.tif,Cardigan,Cardigan::5,0,0.21736839537431929,0.19845337293026499,0.75602174332893801,0.090960445160574305,0.411615735497038,False,0,0.39326086956521739,0.44891304347826089,0.044999999999999998,0.27369565217391306,0.52176793398753252,Cardigan|Cardigan::5|Cardigan/5-3.tif|000353
354,Cardigan/5-4.tif,Cardigan,Cardigan::5,0,0.24447269055560869,0.1795818814849359,0.77516127080095232,0.1027215160741885,0.45896886251931551,False,0,0.63891304347826083,0.24282608695652175,0.073260869565217393,0.3258695652173913,0.54576821908233397,Cardigan|Cardigan::5|Cardigan/5-4.tif|000354
355,Cardigan/5-5.tif,Cardigan,Cardigan::5,0,0.1812004033808601,0.19934499430469141,0.81601470498343476,0.060936667128673003,0.46879108798639801,False,0,0.051086956521739134,0.45934782608695651,0.185,0.11934782608695652,0.66880236045748009,Cardigan|Cardigan::5|Cardigan/5-5.tif|000355
356,Cardigan/5-6.tif,Cardigan,Cardigan::5,0,0.23969050255212651,0.16005381484829481,0.84356187351607592,0.0712473285462802,0.54731056571091752,False,0,0.61065217391304349,0.093260869565217397,0.30978260869565216,0.17021739130434782,0.56799634573759938,Cardigan|Cardigan::5|Cardigan/5-6.tif|000356
357,Cardigan/5-7.tif,Cardigan,Cardigan::5,0,0.27056958122740921,0.1732561707754243,0.81832241954859752,0.21384223267724159,0.56029382275487105,False,0,0.77586956521739125,0.17891304347826087,0.19152173913043477,0.8071739130434783,0.60721948333792752,Cardigan|Cardigan::5|Cardigan/5-7.tif|000357
358,Cardigan/5-8.tif,Cardigan,Cardigan::5,0,0.20527940640486739,0.2076198676293165,0.80304947561167606,0.10788065970886949,0.45661477004446677,False,0,0.25673913043478264,0.57891304347826089,0.13978260869565218,0.35108695652173916,0.46619178736727618,Cardigan|Cardigan::5|Cardigan/5-8.tif|000358
359,Cardigan/5-9.tif,Cardigan,Cardigan::5,0,0.235366104631511,0.1903228573887282,0.82595618910574065,0.084804017694655898,0.37969513952302236,False,0,0.57326086956521738,0.35456521739130437,0.22717391304347825,0.24021739130434783,0.41041382592039499,Cardigan|Cardigan::5|Cardigan/5-9.tif|000359
360,Cardigan/6-1.tif,Cardigan,Cardigan::6,1,0.21692461096489099,0.21036995843940459,0.90686035774582563,0.1382542983478956,0.46022661022033784,True,0.0279303318325816,0.38891304347826089,0.61586956521739133,0.66543478260869571,0.5093478260869565,0.23069919202777553,Cardigan|Cardigan::6|Cardigan/6-1.tif|000360
361,Cardigan/6-10.tif,Cardigan,Cardigan::6,1,0.16571008434648241,0.24354949923948421,0.91863805254418185,0.1982180404366603,0.31350992569798286,False,0,0.0067391304347826086,0.92978260869565221,0.75413043478260866,0.75456521739130433,0.7465956763669036,Cardigan|Cardigan::6|Cardigan/6-10.tif|000361
362,Cardigan/6-2.tif,Cardigan,Cardigan::6,1,0.187049884728343,0.2294397471009321,0.92540830545800679,0.27135420262631588,0.14849524660335112,False,0,0.087173913043478254,0.82804347826086955,0.80195652173913046,0.92239130434782612,0.74002030830969434,Cardigan|Cardigan::6|Cardigan/6-2.tif|000362
363,Cardigan/6-3.tif,Cardigan,Cardigan::6,1,0.2062661215433296,0.21232795622984049,0.94056216395283843,0.086813156112683101,0.030000261630535818,True,0.094254546554737001,0.26717391304347826,0.64630434782608692,0.90369565217391301,0.2515217391304348,0.54801877218685413,Cardigan|Cardigan::6|Cardigan/6-3.tif|000363
364,Cardigan/6-4.tif,Cardigan,Cardigan::6,1,0.20013268142867999,0.2270878982038107,0.92543922747068419,0.1905190254878717,0.44452915201871479,False,0,0.20891304347826087,0.80891304347826087,0.80282608695652169,0.72543478260869565,0.56805225537737236,Cardigan|Cardigan::6|Cardigan/6-4.tif|000364
365,Cardigan/6-5.tif,Cardigan,Cardigan::6,1,0.1846790146162868,0.26218199605504849,0.94296250806718163,0.24019131515481179,0.52168974856135575,False,0,0.071521739130434789,0.98195652173913039,0.91413043478260869,0.86978260869565216,0.85095176337538803,Cardigan|Cardigan::6|Cardigan/6-5.tif|000365
366,Cardigan/6-6.tif,Cardigan,Cardigan::6,1,0.198397707509673,0.23559617325707241,0.90965571697251757,0.2892462433921838,0.53645506674109511,False,0,0.18847826086956521,0.88195652173913042,0.69065217391304345,0.94717391304347831,0.69227836769199358,Cardigan|Cardigan::6|Cardigan/6-6.tif|000366
367,Cardigan/6-7.tif,Cardigan,Cardigan::6,1,0.16398120119124901,0.27750180105542249,0.93971832271699995,0.23184932980728809,0.44173394756574069,False,0,0.005434782608695652,0.99543478260869567,0.89978260869565219,0.85108695652173916,0.87928298250735648,Cardigan|Cardigan::6|Cardigan/6-7.tif|000367
368,Cardigan/6-8.tif,Cardigan,Cardigan::6,1,0.19195936702729949,0.25144116947102801,0.93838250855852079,0.17321802888234519,0.49120237119721233,False,0,0.13108695652173913,0.96239130434782605,0.88934782608695651,0.66065217391304343,0.72615659650415809,Cardigan|Cardigan::6|Cardigan/6-8.tif|000368
369,Cardigan/6-9.tif,Cardigan,Cardigan::6,1,0.17681847358684469,0.26209827982037309,0.93850625951103239,0.24336202779153349,0.41763092346733699,False,0,0.03239130434782609,0.98108695652173916,0.89152173913043475,0.87847826086956526,0.86408195105987951,Cardigan|Cardigan::6|Cardigan/6-9.tif|000369
370,Cardigan/7-1.tif,Cardigan,Cardigan::7,2,0.1985692758155119,0.22484812509618399,0.86211295078471029,0.1528918494086598,0.24245105455821231,True,0.055925989757327398,0.18978260869565217,0.78760869565217395,0.39804347826086955,0.57108695652173913,0.44091051177657936,Cardigan|Cardigan::7|Cardigan/7-1.tif|000370
371,Cardigan/7-10.tif,Cardigan,Cardigan::7,2,0.25792351396756241,0.16591613317645909,0.71843111491531941,0.079704883151660896,0.56323298865032423,False,0,0.71934782608695658,0.12456521739130434,0.0076086956521739134,0.21543478260869564,0.71588497983113608,Cardigan|Cardigan::7|Cardigan/7-10.tif|000371
372,Cardigan/7-2.tif,Cardigan,Cardigan::7,2,0.2353602913730847,0.15483943750079471,0.69621565287420106,0.057924445672355801,0.23001408359430497,True,0.051999643514464303,0.57282608695652171,0.072391304347826091,0.0015217391304347826,0.10717391304347826,0.768729956936681,Cardigan|Cardigan::7|Cardigan/7-2.tif|000372
373,Cardigan/7-3.tif,Cardigan,Cardigan::7,2,0.19630226064455319,0.1804001028166031,0.77392144284708742,0.069992401036698695,0.10347254497188763,True,0.27348885449127552,0.16673913043478261,0.25021739130434784,0.071956521739130433,0.16195652173913044,0.6862570737460858,Cardigan|Cardigan::7|Cardigan/7-3.tif|000373
374,Cardigan/7-4.tif,Cardigan,Cardigan::7,2,0.22902351494336309,0.17518468929223849,0.6889365869142331,0.27979122444350141,0.6332329162965229,False,0,0.51195652173913042,0.19978260869565218,0.0010869565217391304,0.93500000000000005,0.72691998555991522,Cardigan|Cardigan::7|Cardigan/7-4.tif|000374
375,Cardigan/7-5.tif,Cardigan,Cardigan::7,2,0.2402079715812718,0.13580355728034549,0.7449310707357536,0.1266757353884414,0.66444306859602464,False,0,0.61499999999999999,0.019782608695652175,0.030652173913043479,0.4558695652173913,0.68269218542312837,Cardigan|Cardigan::7|Cardigan/7-5.tif|000375
376,Cardigan/7-6.tif,Cardigan,Cardigan::7,2,0.2076372426141096,0.21076810779592839,0.74608915185175995,0.059890370858517998,0.59491602057607462,False,0,0.27891304347826085,0.62239130434782608,0.03239130434782609,0.11456521739130435,0.65656449616023815,Cardigan|Cardigan::7|Cardigan/7-6.tif|000376
377,Cardigan/7-7.tif,Cardigan,Cardigan::7,2,0.21019103832969671,0.19138980751384341,0.73057414633425066,0.15235931519592219,0.48179394549828991,False,0,0.31239130434782608,0.3684782608695652,0.015434782608695652,0.56891304347826088,0.5404141449065919,Cardigan|Cardigan::7|Cardigan/7-7.tif|000377
378,Cardigan/7-8.tif,Cardigan,Cardigan::7,2,0.21938316130171839,0.18085188920759329,0.71938520219717472,0.068690399703320304,0.41721244312803013,False,0,0.4132608695652174,0.25456521739130433,0.0084782608695652181,0.15717391304347825,0.65336456530675713,Cardigan|Cardigan::7|Cardigan/7-8.tif|000378
379,Cardigan/7-9.tif,Cardigan,Cardigan::7,2,0.25159839582429511,0.14767069919132039,0.71371808127258118,0.085356415688780302,0.51090630582495988,False,0,0.68413043478260871,0.044999999999999998,0.0045652173913043482,0.24326086956521739,0.74316863626512553,Cardigan|Cardigan::7|Cardigan/7-9.tif|000379
380,Cardigan/8-1.tif,Cardigan,Cardigan::8,0,0.2109330407408532,0.19026507871703571,0.85355595994231936,0.20649806464675149,0.22853337041489674,True,0.1412248969943613,0.32108695652173913,0.35369565217391302,0.35847826086956519,0.78500000000000003,0.39327883488178406,Cardigan|Cardigan::8|Cardigan/8-1.tif|000380
381,Cardigan/8-10.tif,Cardigan,Cardigan::8,0,0.22334212613352261,0.17768952712568661,0.85358549697131059,0.042032383085172903,0.59190575318373384,False,0,0.4589130434782609,0.22500000000000001,0.35891304347826086,0.047608695652173912,0.54943294363035222,Cardigan|Cardigan::8|Cardigan/8-10.tif|000381
382,Cardigan/8-2.tif,Cardigan,Cardigan::8,0,0.1919270044969735,0.20768058676324369,0.76137980861364341,0.1080512295378771,0.12286591404916525,True,0.040988080017044903,0.13021739130434781,0.58065217391304347,0.052826086956521738,0.35239130434782606,0.60414963907082986,Cardigan|Cardigan::8|Cardigan/8-2.tif|000382
383,Cardigan/8-3.tif,Cardigan,Cardigan::8,0,0.20269656739398459,0.1456266186625795,0.81512565130644288,0.078711407568772498,0.11782889861928558,False,0,0.22804347826086957,0.040217391304347823,0.18239130434782608,0.21021739130434783,0.68571833928498516,Cardigan|Cardigan::8|Cardigan/8-3.tif|000383
384,Cardigan/8-4.tif,Cardigan,Cardigan::8,0,0.18374873603417149,0.1918068404119746,0.82337413318363373,0.076002221025184599,0.4475223059543757,False,0,0.067173913043478264,0.37282608695652175,0.21413043478260871,0.19847826086956522,0.61330937804236041,Cardigan|Cardigan::8|Cardigan/8-4.tif|000384
385,Cardigan/8-5.tif,Cardigan,Cardigan::8,0,0.2126941414478839,0.20956749808501421,0.86503479825972218,0.068513201902225596,0.50147797937921001,False,0,0.34065217391304348,0.60456521739130431,0.41369565217391302,0.15630434782608696,0.40236893039058985,Cardigan|Cardigan::8|Cardigan/8-5.tif|000385
386,Cardigan/8-6.tif,Cardigan,Cardigan::8,0,0.29291244012947981,0.18370029487221809,0.84619414865342291,0.16377619984317879,0.48165994273480878,False,0,0.86760869565217391,0.28499999999999998,0.32195652173913042,0.61934782608695649,0.47676465563420678,Cardigan|Cardigan::8|Cardigan/8-6.tif|000386
387,Cardigan/8-7.tif,Cardigan,Cardigan::8,0,0.21188016312163771,0.21116800271398259,0.86845116985687398,0.1185997054240729,0.55768867987068704,False,0,0.33108695652173914,0.63239130434782609,0.42934782608695654,0.41369565217391302,0.24186616930925395,Cardigan|Cardigan::8|Cardigan/8-7.tif|000387
388,Cardigan/8-8.tif,Cardigan,Cardigan::8,0,0.25092837070948698,0.15327289351523399,0.8353745613732636,0.075544795472647905,0.48081058527052534,False,0,0.68021739130434777,0.065434782608695646,0.27586956521739131,0.19500000000000001,0.60380848626922856,Cardigan|Cardigan::8|Cardigan/8-8.tif|000388
389,Cardigan/8-9.tif,Cardigan,Cardigan::8,0,0.192732241257905,0.2070671083172573,0.86152051718828071,0.15058646868096509,0.43785305163308919,False,0,0.13717391304347826,0.57065217391304346,0.39413043478260867,0.56021739130434778,0.38919018244251846,Cardigan|Cardigan::8|Cardigan/8-9.tif|000389
390,Cardigan/9-1.tif,Cardigan,Cardigan::9,4,0.26423760189157008,0.17138200329206291,0.78693174742108696,0.1838977241161717,0.36893995631441268,True,0.194940382390422,0.75021739130434784,0.15934782608695652,0.092826086956521739,0.70195652173913048,0.62066873502613407,Cardigan|Cardigan::9|Cardigan/9-1.tif|000390
391,Cardigan/9-10.tif,Cardigan,Cardigan::9,4,0.2740879098995882,0.16608601974007589,0.83111672064009767,0.072873081434108297,0.55915686741919735,False,0,0.79195652173913045,0.1267391304347826,0.25195652173913041,0.17760869565217391,0.62451902097649259,Cardigan|Cardigan::9|Cardigan/9-10.tif|000391
392,Cardigan/9-2.tif,Cardigan,Cardigan::9,4,0.25783119786623548,0.16979727631853939,0.7856702769281072,0.038053629556946598,0.16368308870874826,True,0.1063228296388838,0.7189130434782609,0.14804347826086955,0.089347826086956517,0.03760869565217391,0.74447111433259416,Cardigan|Cardigan::9|Cardigan/9-2.tif|000392
393,Cardigan/9-3.tif,Cardigan,Cardigan::9,4,0.23818526001096479,0.19099382901463399,0.77523882844206515,0.064882312154762894,0.25435017793117531,False,0,0.59586956521739132,0.36499999999999999,0.073695652173913037,0.13934782608695653,0.58242712939783392,Cardigan|Cardigan::9|Cardigan/9-3.tif|000393
394,Cardigan/9-4.tif,Cardigan,Cardigan::9,4,0.2461488938196873,0.2036337167436284,0.81416683711286941,0.068723077257024201,0.34455353191121707,False,0,0.65152173913043476,0.5310869565217391,0.17717391304347826,0.15804347826086956,0.49505169575962482,Cardigan|Cardigan::9|Cardigan/9-4.tif|000394
395,Cardigan/9-5.tif,Cardigan,Cardigan::9,4,0.19987530532366041,0.1959485302088429,0.79678197095289138,0.1973383511239204,0.53398384056276071,False,0,0.20499999999999999,0.42065217391304349,0.11760869565217391,0.75152173913043474,0.5502793585087089,Cardigan|Cardigan::9|Cardigan/9-5.tif|000395
396,Cardigan/9-6.tif,Cardigan,Cardigan::9,4,0.23240151599252959,0.1824867828784896,0.81618049883970378,0.033613470980666103,0.54396526213657093,False,0,0.54021739130434787,0.2723913043478261,0.18586956521739131,0.02717391304347826,0.612915651181415,Cardigan|Cardigan::9|Cardigan/9-6.tif|000396
397,Cardigan/9-7.tif,Cardigan,Cardigan::9,4,0.23414037487750389,0.187925652417302,0.79821150292305731,0.041224624398124299,0.53060028911125012,False,0,0.56413043478260871,0.33021739130434785,0.125,0.045869565217391307,0.61627777720501042,Cardigan|Cardigan::9|Cardigan/9-7.tif|000397
398,Cardigan/9-8.tif,Cardigan,Cardigan::9,4,0.3252786263030647,0.1443210835790622,0.80521076736678443,0.065865933531019896,0.41056667783757789,False,0,0.94065217391304345,0.037173913043478259,0.14717391304347827,0.1441304347826087,0.81210326943489342,Cardigan|Cardigan::9|Cardigan/9-8.tif|000398
399,Cardigan/9-9.tif,Cardigan,Cardigan::9,4,0.32357112008961247,0.10996012752122269,0.81186124582201258,0.1167067850741321,0.36237777486336642,False,0,0.93804347826086953,0.0028260869565217392,0.16978260869565218,0.40282608695652172,0.74669289775239933,Cardigan|Cardigan::9|Cardigan/9-9.tif|000399
400,Circle/10_1.tif,Circle,Circle::10,4,0.2366475853981882,0.19957530509814289,0.86655984556897814,0.062976320326106894,0.43550516922017235,True,0.1331601643959206,0.57978260869565212,0.4623913043478261,0.42065217391304349,0.12760869565217392,0.39083377502148214,Circle|Circle::10|Circle/10_1.tif|000400
401,Circle/10_10.tif,Circle,Circle::10,4,0.22954555655173889,0.20300242019763759,0.84843703263230086,0.055538559755209202,0.54838697564183603,False,0,0.51673913043478259,0.52108695652173909,0.33369565217391306,0.092826086956521739,0.44065018982415122,Circle|Circle::10|Circle/10_10.tif|000401
402,Circle/10_2.tif,Circle,Circle::10,4,0.23820545407364821,0.20216945536076289,0.73613219351610126,0.075962187214452595,0.14890009849154917,True,0.029158182529380499,0.59673913043478266,0.50630434782608691,0.022826086956521739,0.19804347826086957,0.57294928961366998,Circle|Circle::10|Circle/10_2.tif|000402
403,Circle/10_3.tif,Circle,Circle::10,4,0.22292648232613479,0.2181403847486664,0.8362698548476184,0.13874700247042471,0.10586660541018045,True,0.14131910993335819,0.45369565217391306,0.71847826086956523,0.28065217391304348,0.51195652173913042,0.31326230274541667,Circle|Circle::10|Circle/10_3.tif|000403
404,Circle/10_4.tif,Circle,Circle::10,4,0.22966689323381201,0.21103207240245209,0.82376551190404279,0.39539074408756159,0.37069566664878911,False,0,0.51804347826086961,0.62847826086956526,0.21630434782608696,0.99586956521739134,0.58583451536682707,Circle|Circle::10|Circle/10_4.tif|000404
405,Circle/10_5.tif,Circle,Circle::10,4,0.23089742103514879,0.18122625289956379,0.81684397362939487,0.042757719594551803,0.53861130865712692,False,0,0.52760869565217394,0.2593478260869565,0.18804347826086956,0.049347826086956523,0.59923281134532069,Circle|Circle::10|Circle/10_5.tif|000405
406,Circle/10_6.tif,Circle,Circle::10,4,0.2056304605549161,0.2287371172344754,0.92407513858761259,0.1576711357623182,0.50436880982121857,False,0,0.2615217391304348,0.8215217391304348,0.78891304347826086,0.5889130434782609,0.50162175554223154,Circle|Circle::10|Circle/10_6.tif|000406
407,Circle/10_7.tif,Circle,Circle::10,4,0.2307429411752954,0.20279573840398021,0.84733728740180458,0.16988075412143119,0.36328994799146136,False,0,0.52586956521739125,0.51760869565217393,0.32804347826086955,0.64717391304347827,0.22849180864148519,Circle|Circle::10|Circle/10_7.tif|000407
408,Circle/10_8.tif,Circle,Circle::10,4,0.27889932236233939,0.1421419328328887,0.8271431082450178,0.1157814618804109,0.46355861904235879,False,0,0.81456521739130439,0.033695652173913043,0.23282608695652174,0.39978260869565219,0.63072691882046994,Circle|Circle::10|Circle/10_8.tif|000408
409,Circle/10_9.tif,Circle,Circle::10,4,0.2526231863080533,0.18862276173616041,0.90133986644796038,0.17327318020725721,0.24663291395851328,False,0,0.69065217391304345,0.33760869565217394,0.62847826086956526,0.6610869565217391,0.32430673477907046,Circle|Circle::10|Circle/10_9.tif|000409
410,Circle/1_1.tif,Circle,Circle::1,3,0.21548481057875929,0.21109514372665361,0.77791111034400562,0.0473968953275683,0.42058395396508774,True,0.0264537368415282,0.36891304347826087,0.63108695652173918,0.080652173913043482,0.064565217391304344,0.63231608352911839,Circle|Circle::1|Circle/1_1.tif|000410
411,Circle/1_10.tif,Circle,Circle::1,3,0.19496083273648951,0.21189672432869869,0.77102094978487945,0.071988093456678004,0.70522898149431779,False,0,0.155,0.64152173913043475,0.066739130434782606,0.17326086956521738,0.65842755341813353,Circle|Circle::1|Circle/1_10.tif|000411
412,Circle/1_2.tif,Circle,Circle::1,3,0.25469791551956911,0.20134529391995831,0.82323401553023456,0.095132688636948098,0.15031159400019056,True,0.0544758392141034,0.70369565217391306,0.49239130434782608,0.21282608695652175,0.29369565217391302,0.40814231737071016,Circle|Circle::1|Circle/1_2.tif|000412
413,Circle/1_3.tif,Circle,Circle::1,3,0.18530701133159169,0.23166338361172911,0.76525481098551451,0.23454927650437299,0.098768901591673286,False,0,0.076739130434782615,0.84847826086956524,0.059347826086956525,0.85717391304347823,0.78888174306220449,Circle|Circle::1|Circle/1_3.tif|000413
414,Circle/1_4.tif,Circle,Circle::1,3,0.2248333501248547,0.186914091780053,0.76134235163044128,0.079230112402660396,0.033938235780544224,False,0,0.47065217391304348,0.31847826086956521,0.051956521739130436,0.21282608695652175,0.56304817859377665,Circle|Circle::1|Circle/1_4.tif|000414
415,Circle/1_5.tif,Circle,Circle::1,3,0.26515311236516109,0.1328929392225528,0.80909047110514942,0.13340514213667909,0.55698251933796494,False,0,0.75326086956521743,0.015869565217391305,0.16065217391304348,0.48978260869565216,0.64326097976695062,Circle|Circle::1|Circle/1_5.tif|000415
416,Circle/1_6.tif,Circle,Circle::1,3,0.2164008148600014,0.21798155649803341,0.77373430978868818,0.0587536780528203,0.12729592975682746,False,0,0.38065217391304346,0.71717391304347822,0.071521739130434789,0.10978260869565218,0.63029488702707748,Circle|Circle::1|Circle/1_6.tif|000416
417,Circle/1_7.tif,Circle,Circle::1,3,0.2034269274148596,0.20846005513574231,0.82426759414290995,0.1451403903320593,0.47511787601241146,False,0,0.23673913043478262,0.59195652173913038,0.21804347826086956,0.53847826086956518,0.39842482860053868,Circle|Circle::1|Circle/1_7.tif|000417
418,Circle/1_8.tif,Circle,Circle::1,3,0.19063926571738449,0.2209218111053817,0.80091488288524804,0.081117221075531695,0.55300189733409988,False,0,0.11717391304347827,0.74369565217391309,0.13239130434782609,0.22239130434782609,0.64664219222357056,Circle|Circle::1|Circle/1_8.tif|000418
419,Circle/1_9.tif,Circle,Circle::1,3,0.25716076339177413,0.1726020230610042,0.82129534239052981,0.12804367040451931,0.39617682855850489,False,0,0.71326086956521739,0.17369565217391306,0.20326086956521738,0.46543478260869564,0.49112482291411386,Circle|Circle::1|Circle/1_9.tif|000419
420,Circle/2_1.tif,Circle,Circle::2,1,0.23632274959936289,0.1718249929092556,0.88106901554458716,0.086374654333561396,0.39740911248470789,True,0.074714389860719599,0.57760869565217388,0.16456521739130434,0.50195652173913041,0.2467391304347826,0.42741607252748509,Circle|Circle::2|Circle/2_1.tif|000420
421,Circle/2_10.tif,Circle,Circle::2,1,0.19966426806758261,0.21402948833758129,0.7364578934385545,0.044049685436232798,0.38238728615645501,False,0,0.20152173913043478,0.66891304347826086,0.02326086956521739,0.052391304347826087,0.73841359100436543,Circle|Circle::2|Circle/2_10.tif|000421
422,Circle/2_2.tif,Circle,Circle::2,1,0.26694814674378659,0.14503800632336811,0.70188469010139654,0.095227119286558803,0.089779194211760172,True,0.043640441514645197,0.76413043478260867,0.038043478260869568,0.0028260869565217392,0.29456521739130437,0.75667302335434927,Circle|Circle::2|Circle/2_2.tif|000422
423,Circle/2_3.tif,Circle,Circle::2,1,0.20313914952123421,0.18954337194970941,0.79157829006701497,0.067027197505672695,0.094446441591847674,True,0.025023720650443299,0.23282608695652174,0.34586956521739132,0.10282608695652173,0.15065217391304347,0.61231455276776736,Circle|Circle::2|Circle/2_3.tif|000423
424,Circle/2_4.tif,Circle,Circle::2,1,0.2379218489733293,0.13438287287504419,0.75916431603844614,0.0395298245242406,0.35126662325090696,False,0,0.59369565217391307,0.018913043478260869,0.048478260869565221,0.041956521739130434,0.80864036744175261,Circle|Circle::2|Circle/2_4.tif|000424
425,Circle/2_5.tif,Circle,Circle::2,1,0.2096193280298593,0.1800832486277173,0.86001497806437455,0.0599578040775249,0.47361287833484056,False,0,0.30326086956521742,0.24717391304347827,0.38847826086956522,0.11543478260869565,0.51279120547829116,Circle|Circle::2|Circle/2_5.tif|000425
426,Circle/2_6.tif,Circle,Circle::2,1,0.18853128147397619,0.1929317494281243,0.8044689393472142,0.100272352897639,0.43686391416268577,False,0,0.097173913043478263,0.38630434782608697,0.14456521739130435,0.31543478260869567,0.57930455014158555,Circle|Circle::2|Circle/2_6.tif|000426
427,Circle/2_7.tif,Circle,Circle::2,1,0.2341332441672925,0.15568543314461561,0.7910257405563017,0.14571073999022419,0.45716691694922834,False,0,0.56326086956521737,0.078043478260869562,0.10108695652173913,0.54021739130434787,0.58548979382799538,Circle|Circle::2|Circle/2_7.tif|000427
428,Circle/2_8.tif,Circle,Circle::2,1,0.23187059905152579,0.1605452920720109,0.80357297657184146,0.065108780368552804,0.50850993038020587,False,0,0.53413043478260869,0.096304347826086961,0.14195652173913043,0.14152173913043478,0.64871940159346309,Circle|Circle::2|Circle/2_8.tif|000428
429,Circle/2_9.tif,Circle,Circle::2,1,0.20412577524307229,0.20536786860462891,0.7225719013604931,0.052879232485501602,0.2965793907372043,False,0,0.24282608695652175,0.55369565217391303,0.0097826086956521747,0.082391304347826086,0.69550827316001529,Circle|Circle::2|Circle/2_9.tif|000429
430,Circle/3_1.tif,Circle,Circle::3,0,0.20026467396282821,0.19295677034934519,0.84899344600093252,0.2544340547362795,0.47045176144292933,True,0.055090485664262598,0.21108695652173914,0.38717391304347826,0.33804347826086956,0.89847826086956517,0.53029738063586807,Circle|Circle::3|Circle/3_1.tif|000430
431,Circle/3_10.tif,Circle,Circle::3,0,0.21127445676249329,0.2325876318951455,0.82260505323643618,0.2404486120578801,0.55248698656681516,False,0,0.32543478260869563,0.856304347826087,0.20891304347826087,0.87108695652173918,0.61633022719991792,Circle|Circle::3|Circle/3_10.tif|000431
432,Circle/3_2.tif,Circle,Circle::3,0,0.26738800311495819,0.11076202235966261,0.64426070086257059,0.081905351381421507,0.23918811530887529,True,0.0154657208676744,0.76500000000000001,0.0036956521739130435,0.0002173913043478261,0.22717391304347825,0.80047469375971936,Circle|Circle::3|Circle/3_2.tif|000432
433,Circle/3_3.tif,Circle,Circle::3,0,0.2215012884893271,0.18144817715062939,0.80772041714739573,0.087737843279331498,0.62637164660975453,False,0,0.44021739130434784,0.26282608695652177,0.15586956521739131,0.25760869565217392,0.48683131154222259,Circle|Circle::3|Circle/3_3.tif|000433
434,Circle/3_4.tif,Circle,Circle::3,0,0.2241676790137688,0.2129228786180227,0.8101754968760565,0.051068998394864798,0.42313810572061461,False,0,0.46456521739130435,0.65282608695652178,0.16456521739130434,0.077608695652173917,0.56173155870519553,Circle|Circle::3|Circle/3_4.tif|000434
435,Circle/3_5.tif,Circle,Circle::3,0,0.23487547300009751,0.1986343867407348,0.82368719914325328,0.092886688584042296,0.64150486799122164,False,0,0.56891304347826088,0.45282608695652171,0.21586956521739131,0.28456521739130436,0.36621938119203973,Circle|Circle::3|Circle/3_5.tif|000435
436,Circle/3_6.tif,Circle,Circle::3,0,0.22852799572721741,0.176559020117869,0.93745007817946036,0.17945215871015019,0.47444098604137519,False,0,0.50717391304347825,0.21630434782608696,0.88543478260869568,0.68847826086956521,0.51441103658044274,Circle|Circle::3|Circle/3_6.tif|000436
437,Circle/3_7.tif,Circle,Circle::3,0,0.251219500960703,0.15014621847312859,0.87157465003756263,0.057715542219921701,0.45376978143747604,False,0,0.68239130434782613,0.051521739130434785,0.44586956521739129,0.10456521739130435,0.62745367131034602,Circle|Circle::3|Circle/3_7.tif|000437
438,Circle/3_8.tif,Circle,Circle::3,0,0.23950178204333181,0.18252911105050801,0.86846880143878347,0.049245292124699601,0.49372807517115791,False,0,0.60847826086956525,0.27369565217391306,0.42978260869565216,0.071086956521739131,0.50187455786645374,Circle|Circle::3|Circle/3_8.tif|000438
439,Circle/3_9.tif,Circle,Circle::3,0,0.27937917383759392,0.17103405617689521,0.8738579138188175,0.038417749309032898,0.15521882826190481,True,0.0332648392169822,0.81630434782608696,0.15717391304347825,0.4602173913043478,0.038478260869565219,0.65739116057049274,Circle|Circle::3|Circle/3_9.tif|000439
440,Circle/4_1.tif,Circle,Circle::4,4,0.21641001947786229,0.16213172725100761,0.75783757646263417,0.10636883796407021,0.47339906671766702,True,0.13896859451566559,0.38108695652173913,0.105,0.047173913043478261,0.34065217391304348,0.63293641593469485,Circle|Circle::4|Circle/4_1.tif|000440
441,Circle/4_10.tif,Circle,Circle::4,4,0.20035803731955279,0.1751374828621057,0.76824715687629774,0.073481712093052001,0.59590985451794731,False,0,0.21282608695652175,0.19891304347826086,0.063260869565217398,0.18369565217391304,0.68111065196988596,Circle|Circle::4|Circle/4_10.tif|000441
442,Circle/4_2.tif,Circle,Circle::4,4,0.24041259483926211,0.1515187974781462,0.71470067361392697,0.063101315490682194,0.19210112099433363,True,0.032385599041146601,0.61760869565217391,0.060217391304347827,0.005434782608695652,0.12847826086956521,0.76802584924204842,Circle|Circle::4|Circle/4_2.tif|000442
443,Circle/4_3.tif,Circle,Circle::4,4,0.19091591195850441,0.23192939318549621,0.74419870173242697,0.16959662917495219,0.03297052533355882,True,0.0180429581465813,0.11847826086956521,0.85108695652173916,0.029347826086956522,0.64543478260869569,0.71518223780398904,Circle|Circle::4|Circle/4_3.tif|000443
444,Circle/4_4.tif,Circle,Circle::4,4,0.21164882053150449,0.17785114811037361,0.79346049291585419,0.050400005628149801,0.23349044381858697,False,0,0.33021739130434785,0.22630434782608697,0.10978260869565218,0.074565217391304353,0.66105961226207366,Circle|Circle::4|Circle/4_4.tif|000444
445,Circle/4_5.tif,Circle,Circle::4,4,0.21409637439919749,0.1771514842434069,0.738509112326728,0.074483702742489305,0.21518002493643029,False,0,0.35195652173913045,0.21934782608695652,0.025000000000000001,0.18760869565217392,0.65107283863622345,Circle|Circle::4|Circle/4_5.tif|000445
446,Circle/4_6.tif,Circle,Circle::4,4,0.23765683259724751,0.1713953812806385,0.8328871114123847,0.052377004162374598,0.56461708819600265,False,0,0.59108695652173915,0.15978260869565217,0.26195652173913042,0.081086956521739126,0.59682287366779208,Circle|Circle::4|Circle/4_6.tif|000446
447,Circle/4_7.tif,Circle,Circle::4,4,0.19040561381692389,0.25017504490700088,0.77531483322595462,0.151763868158941,0.4092903602281297,False,0,0.11456521739130435,0.96065217391304347,0.074565217391304353,0.56586956521739129,0.73898169858979712,Circle|Circle::4|Circle/4_7.tif|000447
448,Circle/4_8.tif,Circle,Circle::4,4,0.22600774177633751,0.16225660952804791,0.83607718026997824,0.081115246437853006,0.032195668270947775,False,0,0.48195652173913045,0.1058695652173913,0.27891304347826085,0.22195652173913044,0.53089733930123129,Circle|Circle::4|Circle/4_8.tif|000448
449,Circle/4_9.tif,Circle,Circle::4,4,0.20521258890582059,0.24207513858945509,0.8958654992534264,0.28030857423976091,0.32341201736063707,False,0,0.25586956521739129,0.92456521739130437,0.59065217391304348,0.93543478260869561,0.66157128077503013,Circle|Circle::4|Circle/4_9.tif|000449
450,Circle/5_1.tif,Circle,Circle::5,2,0.22897665193729319,0.18977031641599151,0.87990444179045268,0.1553405940358967,0.38464405149720293,True,0.078940945912949798,0.51108695652173908,0.34891304347826085,0.49195652173913046,0.58108695652173914,0.17201738602946018,Circle|Circle::5|Circle/5_1.tif|000450
451,Circle/5_10.tif,Circle,Circle::5,2,0.2179467318983862,0.19443928979087791,0.83054862839992571,0.035338685451744997,0.47251503585125104,False,0,0.39847826086956523,0.40282608695652172,0.24891304347826088,0.03108695652173913,0.55015773644623467,Circle|Circle::5|Circle/5_10.tif|000451
452,Circle/5_2.tif,Circle,Circle::5,2,0.26193872910731147,0.17331587104834631,0.85882092678012878,0.11018602959233489,0.12747295045583329,True,0.077672429605351298,0.73891304347826092,0.17934782608695651,0.37891304347826088,0.36586956521739128,0.43880551905585147,Circle|Circle::5|Circle/5_2.tif|000452
453,Circle/5_3.tif,Circle,Circle::5,2,0.195855774815483,0.188357623948922,0.74410585377830607,0.047078079451192099,0.21144443995060225,True,0.060294146827306203,0.16282608695652173,0.33369565217391306,0.028913043478260871,0.06282608695652174,0.74457191364808595,Circle|Circle::5|Circle/5_3.tif|000453
454,Circle/5_4.tif,Circle,Circle::5,2,0.23356192446455909,0.17908473248616461,0.8006406813579785,0.0596588801368882,0.42736697964499104,False,0,0.55456521739130438,0.23630434782608695,0.13108695652173913,0.11326086956521739,0.59847869517822494,Circle|Circle::5|Circle/5_4.tif|000454
455,Circle/5_5.tif,Circle,Circle::5,2,0.21051960770613731,0.21698638041890761,0.83264830355862474,0.048701697421154197,0.54662130391055241,False,0,0.31586956521739129,0.70804347826086955,0.26021739130434784,0.068478260869565211,0.56647402114762568,Circle|Circle::5|Circle/5_5.tif|000455
456,Circle/5_6.tif,Circle,Circle::5,2,0.2010381841212068,0.186406873192175,0.82255543823153832,0.2004370881182693,0.49100139386281499,False,0,0.21891304347826088,0.31239130434782608,0.20804347826086955,0.76282608695652177,0.51819210953260619,Circle|Circle::5|Circle/5_6.tif|000456
457,Circle/5_7.tif,Circle,Circle::5,2,0.17325414818456381,0.24201067761340919,0.81002513549652311,0.17634490629577501,0.44150639162450123,False,0,0.020652173913043477,0.92326086956521736,0.1632608695652174,0.67630434782608695,0.74390897770342201,Circle|Circle::5|Circle/5_7.tif|000457
458,Circle/5_8.tif,Circle,Circle::5,2,0.2164966253995336,0.20180167983994751,0.86497775168007029,0.1090280364834209,0.52878549607233805,False,0,0.38282608695652176,0.49760869565217392,0.4132608695652174,0.35934782608695653,0.20258863494641496,Circle|Circle::5|Circle/5_8.tif|000458
459,Circle/5_9.tif,Circle,Circle::5,2,0.24348765440835279,0.15639007343596081,0.87948218841122738,0.11527874920668831,0.2371197419741663,False,0,0.63413043478260867,0.080217391304347824,0.49021739130434783,0.39673913043478259,0.45273272326457231,Circle|Circle::5|Circle/5_9.tif|000459
460,Circle/6_1.tif,Circle,Circle::6,3,0.21778837731165199,0.18061919281306141,0.82788670364709971,0.038191242226724403,0.18211787414620917,False,0,0.39760869565217394,0.2515217391304348,0.23760869565217391,0.038043478260869568,0.59538092840254975,Circle|Circle::6|Circle/6_1.tif|000460
461,Circle/6_10.tif,Circle,Circle::6,3,0.19163094548865189,0.21489058528853969,0.86597825259028094,0.12802196130342661,0.25947988733033356,False,0,0.12586956521739132,0.68195652173913046,0.41804347826086957,0.46456521739130435,0.42550470421386472,Circle|Circle::6|Circle/6_10.tif|000461
462,Circle/6_2.tif,Circle,Circle::6,3,0.21216480862272,0.1920607291954862,0.87561893984522898,0.18011928709918501,0.21046169352952948,False,0,0.33543478260869564,0.37586956521739129,0.46891304347826085,0.69065217391304345,0.2824973024613166,Circle|Circle::6|Circle/6_2.tif|000462
463,Circle/6_3.tif,Circle,Circle::6,3,0.21321935133563019,0.2277406563791943,0.82380791239100915,0.074250615757050706,0.057508796292039643,True,0.025945370529682901,0.34499999999999997,0.8128260869565217,0.2167391304347826,0.18717391304347827,0.54770616354748247,Circle|Circle::6|Circle/6_3.tif|000463
464,Circle/6_4.tif,Circle,Circle::6,3,0.2195598449558443,0.19497553700871581,0.79708421003364838,0.1924261656142367,0.38709958023994395,False,0,0.41543478260869565,0.40847826086956524,0.11804347826086957,0.73326086956521741,0.46457391499660639,Circle|Circle::6|Circle/6_4.tif|000464
465,Circle/6_5.tif,Circle,Circle::6,3,0.183091021855464,0.238006103930862,0.88856232873487773,0.14744988177132121,0.38519429382753712,False,0,0.06282608695652174,0.89847826086956517,0.54021739130434787,0.54500000000000004,0.59459935519197038,Circle|Circle::6|Circle/6_5.tif|000465
466,Circle/6_6.tif,Circle,Circle::6,3,0.1846833143166273,0.2269838415616374,0.75689808322396401,0.17543325474897961,0.46457606786311689,False,0,0.071956521739130433,0.80760869565217386,0.045434782608695649,0.67108695652173911,0.71675980110241289,Circle|Circle::6|Circle/6_6.tif|000466
467,Circle/6_7.tif,Circle,Circle::6,3,0.18533783395368089,0.23509940399318929,0.87901122361780304,0.20241383142913491,0.33523909002465913,True,0.066282568940431205,0.077608695652173917,0.87760869565217392,0.48673913043478262,0.77108695652173909,0.62822506291824975,Circle|Circle::6|Circle/6_7.tif|000467
468,Circle/6_8.tif,Circle,Circle::6,3,0.28933304846010921,0.1817294979099886,0.78952140608729959,0.054210782258635903,0.093271961124620661,True,0.1225766455713326,0.85413043478260875,0.26543478260869563,0.097608695652173907,0.08673913043478261,0.71633268400771288,Circle|Circle::6|Circle/6_8.tif|000468
469,Circle/6_9.tif,Circle,Circle::6,3,0.20376263688566981,0.2259207166142361,0.84492115578015081,0.170527935856708,0.52281072008918517,False,0,0.23891304347826087,0.79847826086956519,0.31717391304347825,0.64934782608695651,0.46150387030472256,Circle|Circle::6|Circle/6_9.tif|000469
470,Circle/7_1.tif,Circle,Circle::7,2,0.21194602612204869,0.20567133904648749,0.88447061429697837,0.10602981424207319,0.46023722097330516,True,0.026365948395383199,0.33195652173913043,0.55586956521739128,0.51804347826086961,0.33891304347826084,0.2400720591255443,Circle|Circle::7|Circle/7_1.tif|000470
471,Circle/7_10.tif,Circle,Circle::7,2,0.16744767492849499,0.19971613217270201,0.8243936291204238,0.22526986504134819,0.54212419320436178,False,0,0.0089130434782608691,0.46586956521739131,0.21934782608695652,0.83456521739130429,0.65805076768775395,Circle|Circle::7|Circle/7_10.tif|000471
472,Circle/7_2.tif,Circle,Circle::7,2,0.2346142731942914,0.17527203514340861,0.71911712415789952,0.1756508599289329,0.10452114269237045,True,0.12870857040279929,0.56760869565217387,0.20021739130434782,0.0080434782608695653,0.67239130434782612,0.60512852296067421,Circle|Circle::7|Circle/7_2.tif|000472
473,Circle/7_3.tif,Circle,Circle::7,2,0.1969538040356304,0.19561750059330091,0.80495891439988787,0.030476427731372099,0.25008734475155725,False,0,0.1723913043478261,0.41586956521739132,0.14630434782608695,0.020217391304347826,0.685344696847626,Circle|Circle::7|Circle/7_3.tif|000473
474,Circle/7_4.tif,Circle,Circle::7,2,0.24195298161799891,0.13384082212001169,0.80253740898208126,0.23207432738080469,0.11360546480228528,False,0,0.62804347826086959,0.018043478260869564,0.13673913043478261,0.85152173913043483,0.71007268192107353,Circle|Circle::7|Circle/7_4.tif|000474
475,Circle/7_5.tif,Circle,Circle::7,2,0.27448395970686029,0.1681923975708004,0.88670920170402445,0.1450543344271624,0.51881961506370877,False,0,0.79326086956521735,0.13891304347826086,0.5310869565217391,0.53804347826086951,0.46776001634625586,Circle|Circle::7|Circle/7_5.tif|000475
476,Circle/7_6.tif,Circle,Circle::7,2,0.1823161215283445,0.215359136655908,0.82387019235236758,0.20803074470632299,0.49815227179800281,False,0,0.058043478260869565,0.68760869565217386,0.21717391304347827,0.79021739130434787,0.62828283397742091,Circle|Circle::7|Circle/7_6.tif|000476
477,Circle/7_7.tif,Circle,Circle::7,2,0.1638109689969523,0.2424712959865703,0.84647098263662979,0.32610762463217191,0.50736452988687886,False,0,0.0050000000000000001,0.92630434782608695,0.32282608695652176,0.97673913043478255,0.82790771884689895,Circle|Circle::7|Circle/7_7.tif|000477
478,Circle/7_8.tif,Circle,Circle::7,2,0.1760190545034965,0.2075566900764968,0.84467858456713807,0.19271799891664079,0.53467536016796102,False,0,0.028478260869565217,0.57760869565217388,0.31543478260869567,0.73499999999999999,0.56360019480489976,Circle|Circle::7|Circle/7_8.tif|000478
479,Circle/7_9.tif,Circle,Circle::7,2,0.20718073840886131,0.22468593944566201,0.86355153734573387,0.078523110631957702,0.19904537355822249,False,0,0.27500000000000002,0.78630434782608694,0.4067391304347826,0.20934782608695651,0.47515413875558271,Circle|Circle::7|Circle/7_9.tif|000479
480,Circle/8_1.tif,Circle,Circle::8,1,0.18969045885567859,0.20947857779943321,0.79542169609005209,0.2248314157844957,0.35033611128561237,True,0.1489181013617821,0.10673913043478261,0.60413043478260875,0.115,0.83326086956521739,0.65175537294491925,Circle|Circle::8|Circle/8_1.tif|000480
481,Circle/8_10.tif,Circle,Circle::8,1,0.2040602931849399,0.2170880736846437,0.82757292643146629,0.033271252594991897,0.065105833426312709,False,0,0.24152173913043479,0.7089130434782609,0.2358695652173913,0.025869565217391303,0.63641199457827646,Circle|Circle::8|Circle/8_10.tif|000481
482,Circle/8_2.tif,Circle,Circle::8,1,0.31007625762037139,0.15127296692283149,0.72550605795899514,0.2134766105780268,0.076855521380329139,True,0.050014344997234103,0.91152173913043477,0.058913043478260867,0.01108695652173913,0.80456521739130438,0.83408859284750836,Circle|Circle::8|Circle/8_2.tif|000482
483,Circle/8_3.tif,Circle,Circle::8,1,0.2049615398672863,0.2016469595392551,0.82208578462336501,0.023693198697001001,0.070792987055654399,True,0.1586686098753993,0.25195652173913041,0.49586956521739128,0.20630434782608695,0.0076086956521739134,0.62469909580729943,Circle|Circle::8|Circle/8_3.tif|000483
484,Circle/8_4.tif,Circle,Circle::8,1,0.23440773894493469,0.1922141528583548,0.85701384467229869,0.043592744762750303,0.41844912290080671,False,0,0.56630434782608696,0.37673913043478263,0.375,0.051521739130434785,0.48615559132772096,Circle|Circle::8|Circle/8_4.tif|000484
485,Circle/8_5.tif,Circle,Circle::8,1,0.2265904227402652,0.18009388335075269,0.84170409045370309,0.035254784728629703,0.5297348459173804,False,0,0.48804347826086958,0.24760869565217392,0.30239130434782607,0.030652173913043479,0.56849002398670179,Circle|Circle::8|Circle/8_5.tif|000485
486,Circle/8_6.tif,Circle,Circle::8,1,0.21608589872070591,0.22660490812607481,0.8315470079239391,0.1140780558123819,0.51518945892374379,False,0,0.37456521739130433,0.80586956521739128,0.25456521739130433,0.39108695652173914,0.42589947073017353,Circle|Circle::8|Circle/8_6.tif|000486
487,Circle/8_7.tif,Circle,Circle::8,1,0.22180450117224759,0.21161961228799611,0.84710630812808496,0.1247465518635559,0.52043021718347782,False,0,0.44195652173913041,0.63847826086956527,0.3258695652173913,0.4415217391304348,0.2372475277299822,Circle|Circle::8|Circle/8_7.tif|000487
488,Circle/8_8.tif,Circle,Circle::8,1,0.18378605813359539,0.2242171432453903,0.83069505163181601,0.088584070321858305,0.069482117770267582,False,0,0.067608695652173909,0.7810869565217391,0.24978260869565216,0.26326086956521738,0.62018245379278381,Circle|Circle::8|Circle/8_8.tif|000488
489,Circle/8_9.tif,Circle,Circle::8,1,0.20300067494574489,0.2154260765263212,0.795766395211573,0.0268039256497032,0.2848131654546161,False,0,0.23239130434782609,0.68891304347826088,0.11543478260869565,0.013260869565217392,0.70150405523311599,Circle|Circle::8|Circle/8_9.tif|000489
490,Circle/9_1.tif,Circle,Circle::9,0,0.2431658574225205,0.1545118156372014,0.80629087004178079,0.065053296485058906,0.39699926537695152,True,0.0345942974700615,0.63195652173913042,0.071086956521739131,0.15108695652173912,0.14108695652173914,0.67226319784989341,Circle|Circle::9|Circle/9_1.tif|000490
491,Circle/9_10.tif,Circle,Circle::9,0,0.21346394423578591,0.21835806931089571,0.78953497785641469,0.19103269179098389,0.6179561082017726,False,0,0.34673913043478261,0.72195652173913039,0.098043478260869565,0.72847826086956524,0.53528025625929898,Circle|Circle::9|Circle/9_10.tif|000491
492,Circle/9_2.tif,Circle,Circle::9,0,0.2461467471746239,0.18008050666134759,0.8112968437519178,0.043526294605571003,0.099823841660962254,True,0.10597729861989739,0.65108695652173909,0.2467391304347826,0.16717391304347826,0.051086956521739134,0.63187377002660672,Circle|Circle::9|Circle/9_2.tif|000492
493,Circle/9_3.tif,Circle,Circle::9,0,0.18360269239780039,0.2188013255618674,0.79661663243867864,0.059284456792738999,0.053937670130910553,True,0.045457283243726998,0.065869565217391304,0.72673913043478255,0.11673913043478261,0.11195652173913044,0.73303922325857751,Circle|Circle::9|Circle/9_3.tif|000493
494,Circle/9_4.tif,Circle,Circle::9,0,0.2424080981045858,0.2242033412432024,0.83683912947314498,0.1872892142421409,0.41839920714029544,False,0,0.63021739130434784,0.78065217391304342,0.28499999999999998,0.71152173913043482,0.43207482898797811,Circle|Circle::9|Circle/9_4.tif|000494
495,Circle/9_5.tif,Circle,Circle::9,0,0.19386974234952351,0.23799770076244081,0.81503220848664415,0.18729993430008759,0.45583739278713648,False,0,0.14543478260869566,0.89804347826086961,0.18152173913043479,0.71195652173913049,0.65613190268726274,Circle|Circle::9|Circle/9_5.tif|000495
496,Circle/9_6.tif,Circle,Circle::9,0,0.2041812246261942,0.1834868025779717,0.83017326445145323,0.073044755684769397,0.45647130088264259,False,0,0.24456521739130435,0.28108695652173915,0.24760869565217392,0.17934782608695651,0.528856347146202,Circle|Circle::9|Circle/9_6.tif|000496
497,Circle/9_7.tif,Circle,Circle::9,0,0.2400065642278302,0.18229822075596269,0.81925736090199219,0.090250888740337196,0.40814852285881698,False,0,0.61282608695652174,0.27021739130434785,0.19543478260869565,0.27065217391304347,0.45922779764766547,Circle|Circle::9|Circle/9_7.tif|000497
498,Circle/9_8.tif,Circle,Circle::9,0,0.20245291950521691,0.23061094881685909,0.8479051768815451,0.1121231512781537,0.57644115357902215,False,0,0.22760869565217393,0.83760869565217388,0.33021739130434785,0.37891304347826088,0.48131573766029162,Circle|Circle::9|Circle/9_8.tif|000498
499,Circle/9_9.tif,Circle,Circle::9,0,0.21985302866091341,0.20512729636855989,0.80093620776941954,0.075794904501614496,0.37032133394107425,False,0,0.41978260869565215,0.55021739130434788,0.13282608695652173,0.19673913043478261,0.48553110475663691,Circle|Circle::9|Circle/9_9.tif|000499
500,Dress/1-3.tif,Dress,Dress::1,3,0.28419296447103709,0.20031057948072339,0.86979834072774853,0.16836877660731189,0.1297283297585915,True,0.039519696896920399,0.83630434782608698,0.47543478260869565,0.43630434782608696,0.64195652173913043,0.37136619991908804,Dress|Dress::1|Dress/1-3.tif|000500
501,Dress/1-5.tif,Dress,Dress::1,3,0.30932301325015038,0.2471489735762793,0.93350021153062657,0.2054065870333027,0.3164444160731501,False,0,0.91065217391304343,0.94673913043478264,0.85934782608695648,0.78239130434782611,0.75966227199053538,Dress|Dress::1|Dress/1-5.tif|000501
502,Dress/10_1.tif,Dress,Dress::10,2,0.31582037129675278,0.1975395903749996,0.88583737325147327,0.1696976524894433,0.23760966223351998,True,0.025976650595336201,0.9241304347826087,0.43804347826086959,0.52543478260869569,0.64630434782608692,0.45362663794585995,Dress|Dress::10|Dress/10_1.tif|000502
503,Dress/10_10.tif,Dress,Dress::10,2,0.26384287864125971,0.23765093565274639,0.8862649360594842,0.16517293337862349,0.49621001154211952,False,0,0.74760869565217392,0.89586956521739125,0.52760869565217394,0.62543478260869567,0.48427151846013239,Dress|Dress::10|Dress/10_10.tif|000503
504,Dress/10_2.tif,Dress,Dress::10,2,0.35472371762659771,0.14238468694014961,0.9224183362141456,0.23599273679666799,0.078617447554904518,False,0,0.97413043478260875,0.034565217391304345,0.77891304347826085,0.86152173913043473,0.80617594837315121,Dress|Dress::10|Dress/10_2.tif|000504
505,Dress/10_4.tif,Dress,Dress::10,2,0.27198933440951528,0.16437517665784679,0.89298492641382876,0.10665944585654361,0.36284958489294639,False,0,0.78413043478260869,0.11673913043478261,0.57456521739130439,0.34499999999999997,0.50715280710477517,Dress|Dress::10|Dress/10_4.tif|000505
506,Dress/10_5.tif,Dress,Dress::10,2,0.34118390194199888,0.1738046104113399,0.88673487660518246,0.15196709612341919,0.35274466231067692,False,0,0.9589130434782609,0.18326086956521739,0.53152173913043477,0.56760869565217387,0.56257391868860918,Dress|Dress::10|Dress/10_5.tif|000506
507,Dress/10_6.tif,Dress,Dress::10,2,0.29623353077990089,0.20000554626420119,0.87824640204561033,0.15925000192456801,0.51290966749668854,False,0,0.87847826086956526,0.47108695652173915,0.4841304347826087,0.59934782608695647,0.39268765155326651,Dress|Dress::10|Dress/10_6.tif|000507
508,Dress/10_7.tif,Dress,Dress::10,2,0.36805315445304593,0.1291833392863786,0.90064787171803573,0.10201835602990419,0.44321705838281145,False,0,0.98152173913043483,0.010217391304347826,0.62282608695652175,0.32239130434782609,0.71998700366342328,Dress|Dress::10|Dress/10_7.tif|000508
509,Dress/10_8.tif,Dress,Dress::10,2,0.35321379934865421,0.16629601369032229,0.95325428492919362,0.2360534723325165,0.20206320288870794,False,0,0.97195652173913039,0.13065217391304348,0.95673913043478265,0.8619565217391304,0.83593297096541774,Dress|Dress::10|Dress/10_8.tif|000509
510,Dress/10_9.tif,Dress,Dress::10,2,0.3746991101117837,0.11828313079921179,0.81982477494486827,0.242393390193645,0.093344223435342544,False,0,0.98673913043478256,0.0063043478260869567,0.19760869565217393,0.8763043478260869,0.84480520903331902,Dress|Dress::10|Dress/10_9.tif|000510
511,Dress/1_1.tif,Dress,Dress::1,3,0.27937877338038569,0.2168184770513864,0.9508793684723198,0.2100528907968181,0.229389758312325,True,0.077970545392394494,0.81586956521739129,0.7058695652173913,0.94760869565217387,0.79456521739130437,0.65519315612546536,Dress|Dress::1|Dress/1_1.tif|000511
512,Dress/1_10.tif,Dress,Dress::1,3,0.23688393263439109,0.26542879470774478,0.93644124572204279,0.12547315421419561,0.3922979717723456,False,0,0.58239130434782604,0.986304347826087,0.87891304347826082,0.44630434782608697,0.62429044789026855,Dress|Dress::1|Dress/1_10.tif|000512
513,Dress/1_2.tif,Dress,Dress::1,3,0.36228327462913551,0.154667528092648,0.89065863599517059,0.30440263126367578,0.20424616517024441,True,0.13740170360216811,0.97934782608695647,0.071521739130434789,0.55326086956521736,0.9602173913043478,0.79246749201334465,Dress|Dress::1|Dress/1_2.tif|000513
514,Dress/1_3.tif,Dress,Dress::1,3,0.24922271387556341,0.21042942368611281,0.95029946468324444,0.1119281813074976,0.10234160837701822,True,0.066920122538097204,0.6697826086956522,0.61760869565217391,0.94499999999999995,0.37760869565217392,0.50563086425619708,Dress|Dress::1|Dress/1_3.tif|000514
515,Dress/1_4.tif,Dress,Dress::1,3,0.26251073413931958,0.2402547912657832,0.93249427894036241,0.13156875459185929,0.25975408964350077,False,0,0.7406521739130435,0.91456521739130436,0.85413043478260875,0.48108695652173911,0.59627498382265143,Dress|Dress::1|Dress/1_4.tif|000515
516,Dress/1_6.tif,Dress,Dress::1,3,0.24003126910610501,0.2103873018607294,0.934945582800493,0.1110851514718364,0.087723292020576604,True,0.066406597843413601,0.61326086956521741,0.61630434782608701,0.86804347826086958,0.37195652173913041,0.42214435932915362,Dress|Dress::1|Dress/1_6.tif|000516
517,Dress/1_7.tif,Dress,Dress::1,3,0.21769554726714449,0.24874348908626981,0.92360866778503359,0.25449390642288799,0.35876374272615508,False,0,0.39630434782608698,0.95326086956521738,0.78717391304347828,0.89891304347826084,0.67660821510574509,Dress|Dress::1|Dress/1_7.tif|000517
518,Dress/1_8.tif,Dress,Dress::1,3,0.30493373858552708,0.1792546420437203,0.94056510461691878,0.13801610436551151,0.11180738053931083,False,0,0.90239130434782611,0.23891304347826087,0.90413043478260868,0.50847826086956527,0.62727860628709642,Dress|Dress::1|Dress/1_8.tif|000518
519,Dress/1_9.tif,Dress,Dress::1,3,0.30081942193431338,0.20460787027508509,0.91223356261160715,0.17451122339577149,0.17301528839519253,False,0,0.89152173913043475,0.54282608695652179,0.70934782608695657,0.66673913043478261,0.47618462369254411,Dress|Dress::1|Dress/1_9.tif|000519
520,Dress/2_1.tif,Dress,Dress::2,1,0.27784730083207548,0.18040842434467261,0.92595916476486839,0.18928069376977591,0.38967249465451015,True,0.028031120231436599,0.80978260869565222,0.25065217391304345,0.80760869565217386,0.72065217391304348,0.54904471085509832,Dress|Dress::2|Dress/2_1.tif|000520
521,Dress/2_10.tif,Dress,Dress::2,1,0.25375945000587891,0.1855656261773217,0.88518328625227294,0.0581641722259858,0.31217614356909362,False,0,0.69760869565217387,0.30195652173913046,0.5223913043478261,0.10760869565217392,0.48243416350544893,Dress|Dress::2|Dress/2_10.tif|000521
522,Dress/2_2.tif,Dress,Dress::2,1,0.40552182328302011,0.13890640947810429,0.92736749778054539,0.33485423767869571,0.16671377994950742,True,0.035391590413841399,0.99717391304347824,0.025434782608695652,0.81847826086956521,0.98021739130434782,0.89690088132762802,Dress|Dress::2|Dress/2_2.tif|000522
523,Dress/2_3.tif,Dress,Dress::2,1,0.31843605009330173,0.14399116948810189,0.93885724824654515,0.19194851085150619,0.041831899376832959,True,0.055222992262317597,0.9284782608695652,0.036304347826086956,0.89456521739130435,0.73108695652173916,0.77954484805707303,Dress|Dress::2|Dress/2_3.tif|000523
524,Dress/2_4.tif,Dress,Dress::2,1,0.33720012349929451,0.16149401192386301,0.90623811295965484,0.095771494834430398,0.1568842990415612,False,0,0.95499999999999996,0.10195652173913043,0.66065217391304343,0.29543478260869566,0.65811827184431648,Dress|Dress::2|Dress/2_4.tif|000524
525,Dress/2_5.tif,Dress,Dress::2,1,0.31661367098141557,0.19896404089997349,0.91612894029957603,0.15469072643151299,0.29878456661061226,False,0,0.92586956521739128,0.45847826086956522,0.7406521739130435,0.57760869565217388,0.49701661928830032,Dress|Dress::2|Dress/2_5.tif|000525
526,Dress/2_6.tif,Dress,Dress::2,1,0.23999795396882029,0.1936619208256731,0.89615888289481671,0.1126586440328524,0.36457251927541212,False,0,0.61239130434782607,0.39413043478260867,0.59369565217391307,0.38239130434782609,0.21552459409920185,Dress|Dress::2|Dress/2_6.tif|000526
527,Dress/2_7.tif,Dress,Dress::2,1,0.2996162960545013,0.2204425119322527,0.95364690545198161,0.175166680315926,0.31245752745708533,False,0,0.88978260869565218,0.73934782608695648,0.9602173913043478,0.67021739130434788,0.67081433456328021,Dress|Dress::2|Dress/2_7.tif|000527
528,Dress/2_8.tif,Dress,Dress::2,1,0.34604683155873489,0.1606400055390583,0.90410877186853156,0.19321031027156729,0.16475350678025946,False,0,0.96499999999999997,0.097173913043478263,0.64760869565217394,0.73891304347826092,0.67628516596838395,Dress|Dress::2|Dress/2_8.tif|000528
529,Dress/2_9.tif,Dress,Dress::2,1,0.27737589053521888,0.11693283043992431,0.88216743224805094,0.14379125232213269,0.17043118778334909,False,0,0.80586956521739128,0.0058695652173913039,0.50891304347826083,0.53369565217391302,0.58218203066068319,Dress|Dress::2|Dress/2_9.tif|000529
530,Dress/3_1.tif,Dress,Dress::3,3,0.23765903824724721,0.1782404611571671,0.91912064554609818,0.074893154962803604,0.31150508613905725,True,0.1523722641261982,0.59152173913043482,0.23021739130434782,0.75717391304347825,0.19021739130434784,0.49321655577288642,Dress|Dress::3|Dress/3_1.tif|000530
531,Dress/3_10.tif,Dress,Dress::3,3,0.2363973215155882,0.20220949629913471,0.93162684228174764,0.1988526655498532,0.49468215442385738,False,0,0.57847826086956522,0.50717391304347825,0.84847826086956524,0.7580434782608696,0.44071968123639721,Dress|Dress::3|Dress/3_10.tif|000531
532,Dress/3_2.tif,Dress,Dress::3,3,0.37032234335295389,0.1504911577744327,0.91929439797781598,0.25002364996966958,0.21212383095544252,True,0.043728284861406501,0.98326086956521741,0.054130434782608698,0.75847826086956527,0.89065217391304352,0.80731708118013801,Dress|Dress::3|Dress/3_2.tif|000532
533,Dress/3_3.tif,Dress,Dress::3,3,0.31394216953855397,0.19891544538506381,0.94304313590860478,0.23225232864587869,0.041455453567170064,False,0,0.91934782608695653,0.45804347826086955,0.91500000000000004,0.85239130434782606,0.68848934656991223,Dress|Dress::3|Dress/3_3.tif|000533
534,Dress/3_4.tif,Dress,Dress::3,3,0.25726479787172052,0.20273866821285411,0.92167728895388201,0.1035732401461387,0.26543871264896546,False,0,0.7145652173913043,0.51630434782608692,0.77456521739130435,0.33065217391304347,0.38777417277807968,Dress|Dress::3|Dress/3_4.tif|000534
535,Dress/3_5.tif,Dress,Dress::3,3,0.29334803230354478,0.1889884963216529,0.91198492510463836,0.12540497634805711,0.27103589549237272,False,0,0.86934782608695649,0.33978260869565219,0.70804347826086955,0.44586956521739129,0.45639853409949327,Dress|Dress::3|Dress/3_5.tif|000535
536,Dress/3_6.tif,Dress,Dress::3,3,0.20735363103387111,0.21057516486171721,0.91951509915059915,0.17068113466755869,0.44012885294399107,False,0,0.27630434782608698,0.61891304347826082,0.76021739130434784,0.65108695652173909,0.39334516125029045,Dress|Dress::3|Dress/3_6.tif|000536
537,Dress/3_7.tif,Dress,Dress::3,3,0.28586649737696868,0.1754848684375945,0.91346340035087925,0.218467423344999,0.4259908565893421,False,0,0.84152173913043482,0.20369565217391306,0.72021739130434781,0.81978260869565223,0.59597817166101674,Dress|Dress::3|Dress/3_7.tif|000537
538,Dress/3_8.tif,Dress,Dress::3,3,0.30505558631301188,0.1735567439156962,0.91541238150333903,0.16684821731115751,0.27837008847459677,False,0,0.90282608695652178,0.18239130434782608,0.73456521739130431,0.63543478260869568,0.58009271796556194,Dress|Dress::3|Dress/3_8.tif|000538
539,Dress/3_9.tif,Dress,Dress::3,3,0.33325129629775918,0.13703751179466339,0.92228608770072318,0.1873344234790037,0.21423039349376283,False,0,0.95239130434782604,0.021956521739130434,0.77804347826086961,0.71239130434782605,0.74538694737917932,Dress|Dress::3|Dress/3_9.tif|000539
540,Dress/4_1.tif,Dress,Dress::4,0,0.28807407409116531,0.19357567620555841,0.89603690225917365,0.088298085582475705,0.31563055290957776,True,0.0350534497346848,0.85108695652173916,0.39369565217391306,0.5932608695652174,0.26021739130434784,0.44805798132761787,Dress|Dress::4|Dress/4_1.tif|000540
541,Dress/4_10.tif,Dress,Dress::4,0,0.28526131032556779,0.19726470841127991,0.94266726685059521,0.1854369150122587,0.40074014916448664,False,0,0.8402173913043478,0.43543478260869567,0.91282608695652179,0.7058695652173913,0.57682250007897018,Dress|Dress::4|Dress/4_10.tif|000541
542,Dress/4_2.tif,Dress,Dress::4,0,0.27185467586038958,0.1947766239762736,0.94297056817342284,0.1151840335374701,0.10163594130552389,True,0.1978580020522665,0.78282608695652178,0.4067391304347826,0.91456521739130436,0.39543478260869563,0.52104355807743052,Dress|Dress::4|Dress/4_2.tif|000542
543,Dress/4_3.tif,Dress,Dress::4,0,0.28824844067938898,0.1643252710233381,0.93560420144987155,0.1380817924445272,0.043086216360511576,True,0.10100831846454431,0.85195652173913039,0.11586956521739131,0.87239130434782608,0.50891304347826083,0.6404563295174025,Dress|Dress::4|Dress/4_3.tif|000543
544,Dress/4_4.tif,Dress,Dress::4,0,0.3011716035258396,0.1655895264251866,0.913394998609247,0.099395971185456206,0.15259636249192832,False,0,0.89282608695652177,0.1232608695652174,0.7189130434782609,0.31065217391304351,0.61645780621474833,Dress|Dress::4|Dress/4_4.tif|000544
545,Dress/4_5.tif,Dress,Dress::4,0,0.2472535617545624,0.1822101624638868,0.91249073228312605,0.081103663765964798,0.33981485777495868,False,0,0.65891304347826085,0.26978260869565218,0.71195652173913049,0.22152173913043477,0.44802802538590253,Dress|Dress::4|Dress/4_5.tif|000545
546,Dress/4_6.tif,Dress,Dress::4,0,0.26104637796994468,0.19545127408062521,0.87740299648255926,0.091829004670864398,0.33817683847974378,False,0,0.73195652173913039,0.41282608695652173,0.48021739130434782,0.27847826086956523,0.3329659916670249,Dress|Dress::4|Dress/4_6.tif|000546
547,Dress/4_7.tif,Dress,Dress::4,0,0.27915494089371318,0.2024757770674821,0.91407223262307002,0.1444326378174291,0.40641525106384641,False,0,0.81499999999999995,0.51108695652173908,0.72499999999999998,0.53586956521739126,0.388921002664808,Dress|Dress::4|Dress/4_7.tif|000547
548,Dress/4_8.tif,Dress,Dress::4,0,0.22608812219830129,0.22145693144437351,0.93997691797193839,0.078237171133081401,0.15743859271148819,False,0,0.48239130434782607,0.75021739130434784,0.90195652173913043,0.20847826086956522,0.55630277621811064,Dress|Dress::4|Dress/4_8.tif|000548
549,Dress/4_9.tif,Dress,Dress::4,0,0.34292693967308391,0.1588376072303285,0.88934201058103779,0.0607816604132757,0.34928445986482104,False,0,0.96108695652173914,0.089347826086956517,0.54500000000000004,0.11847826086956521,0.72720026598118093,Dress|Dress::4|Dress/4_9.tif|000549
550,Dress/5_1.tif,Dress,Dress::5,2,0.20279282644586999,0.22826750041653321,0.87530126346690273,0.1585568700078582,0.30164778150469307,True,0.037708881481789303,0.22934782608695653,0.81717391304347831,0.4667391304347826,0.59586956521739132,0.42912602966771229,Dress|Dress::5|Dress/5_1.tif|000550
551,Dress/5_10.tif,Dress,Dress::5,2,0.2169764300400448,0.20294858342012481,0.88847805644655131,0.028061793502654801,0.10499566410651373,True,0.019043334529870701,0.38978260869565218,0.51978260869565218,0.5397826086956522,0.015434782608695652,0.49892417341000272,Dress|Dress::5|Dress/5_10.tif|000551
552,Dress/5_2.tif,Dress,Dress::5,2,0.26105832560936137,0.12956940116308249,0.82282230594111549,0.17267119507592471,0.1358773845771829,True,0.042030360734471799,0.73239130434782607,0.010652173913043479,0.20978260869565218,0.6597826086956522,0.63499892085703824,Dress|Dress::5|Dress/5_2.tif|000552
553,Dress/5_3.tif,Dress,Dress::5,2,0.20963392291284749,0.2148303640996711,0.89845388003032156,0.17388021915649801,0.040054477035339153,True,0.133153279763322,0.30369565217391303,0.68065217391304345,0.60804347826086957,0.66413043478260869,0.33133487249543925,Dress|Dress::5|Dress/5_3.tif|000553
554,Dress/5_4.tif,Dress,Dress::5,2,0.19056698610946449,0.2098341991009389,0.83658742748348869,0.041170769172773201,0.34881175004173848,False,0,0.11586956521739131,0.60804347826086957,0.2832608695652174,0.045434782608695649,0.64252235108563538,Dress|Dress::5|Dress/5_4.tif|000554
555,Dress/5_5.tif,Dress,Dress::5,2,0.2177497145313583,0.2166461324722728,0.87629736749376719,0.1172515360778901,0.35679626132382458,False,0,0.39673913043478259,0.70413043478260873,0.47543478260869565,0.40630434782608693,0.24842376442216363,Dress|Dress::5|Dress/5_5.tif|000555
556,Dress/5_6.tif,Dress,Dress::5,2,0.1941180787911245,0.20764547567081079,0.83891486604371723,0.12522857346968111,0.41726881612635414,False,0,0.14760869565217391,0.57978260869565212,0.29152173913043478,0.44500000000000001,0.42075299319843729,Dress|Dress::5|Dress/5_6.tif|000556
557,Dress/5_7.tif,Dress,Dress::5,2,0.20518290733899919,0.19769975238427101,0.8453691324963849,0.1256350557822572,0.44274157304843653,False,0,0.255,0.44021739130434784,0.31978260869565217,0.44760869565217393,0.31435985303831088,Dress|Dress::5|Dress/5_7.tif|000557
558,Dress/5_8.tif,Dress,Dress::5,2,0.28000861375975211,0.17608398379919621,0.87626854696562595,0.1302036336723123,0.44514583226652493,False,0,0.81978260869565223,0.21021739130434783,0.47499999999999998,0.47586956521739132,0.43294590309812592,Dress|Dress::5|Dress/5_8.tif|000558
559,Dress/5_9.tif,Dress,Dress::5,2,0.26861388794080793,0.1684050725961353,0.83493389917250649,0.070447355405751005,0.18702978675854987,False,0,0.76891304347826084,0.14021739130434782,0.27326086956521739,0.16282608695652173,0.60568525768749082,Dress|Dress::5|Dress/5_9.tif|000559
560,Dress/6_1.tif,Dress,Dress::6,0,0.23243771954245859,0.20187238334108529,0.93402319869635464,0.087004467754386403,0.25547295890428579,True,0.0147626024270858,0.54152173913043478,0.50021739130434784,0.86282608695652174,0.25239130434782608,0.44122209556882735,Dress|Dress::6|Dress/6_1.tif|000560
561,Dress/6_10.tif,Dress,Dress::6,0,0.32805264795382338,0.163752026360901,0.93817951053256365,0.19573832193147431,0.41478353365502751,False,0,0.94760869565217387,0.11065217391304348,0.8880434782608696,0.74717391304347824,0.75074493565531175,Dress|Dress::6|Dress/6_10.tif|000561
562,Dress/6_2.tif,Dress,Dress::6,0,0.2392341260970568,0.20000386539491641,0.9395309646230654,0.1419528404426075,0.17750344560202358,True,0.025061243355423299,0.6076086956521739,0.47065217391304348,0.89891304347826084,0.52630434782608693,0.41504754094878943,Dress|Dress::6|Dress/6_2.tif|000562
563,Dress/6_3.tif,Dress,Dress::6,0,0.28972233183208801,0.18789284096945241,0.92165762412733665,0.2220795992189242,0.14917267149123781,True,0.057138105410508601,0.85586956521739133,0.32978260869565218,0.77413043478260868,0.82934782608695656,0.58243848908943063,Dress|Dress::6|Dress/6_3.tif|000563
564,Dress/6_4.tif,Dress,Dress::6,0,0.31892396974725029,0.17626340985329739,0.8962752771166892,0.14035794464065579,0.28353230285319431,False,0,0.92934782608695654,0.21195652173913043,0.5945652173913043,0.52065217391304353,0.52600161003728374,Dress|Dress::6|Dress/6_4.tif|000564
565,Dress/6_5.tif,Dress,Dress::6,0,0.28642928018208957,0.17759296059768451,0.93924035453739441,0.1249718304206999,0.34274661194070988,False,0,0.8432608695652174,0.22369565217391305,0.89804347826086961,0.44369565217391305,0.5964737273111036,Dress|Dress::6|Dress/6_5.tif|000565
566,Dress/6_6.tif,Dress,Dress::6,0,0.18347204199957501,0.2065857604503836,0.88302764656054367,0.22994884416597561,0.43132628441933507,False,0,0.064565217391304344,0.56586956521739129,0.51152173913043475,0.84673913043478266,0.56062734911406986,Dress|Dress::6|Dress/6_6.tif|000566
567,Dress/6_7.tif,Dress,Dress::6,0,0.2150975189966991,0.21631865622759411,0.92163980648422883,0.11640883831789769,0.4522170871589174,False,0,0.36586956521739128,0.70108695652173914,0.77369565217391301,0.40239130434782611,0.37797315394610997,Dress|Dress::6|Dress/6_7.tif|000567
568,Dress/6_8.tif,Dress,Dress::6,0,0.2616951374327805,0.20306120309107489,0.95211100060370157,0.15042267171585361,0.37232397052370436,False,0,0.73760869565217391,0.5223913043478261,0.95369565217391306,0.55891304347826087,0.51601332759271656,Dress|Dress::6|Dress/6_8.tif|000568
569,Dress/6_9.tif,Dress,Dress::6,0,0.26467236312301518,0.20130161480355041,0.91327220663772357,0.12220738767304271,0.21082416033063833,False,0,0.75152173913043474,0.49152173913043479,0.71673913043478266,0.42760869565217391,0.33992854803528372,Dress|Dress::6|Dress/6_9.tif|000569
570,Dress/7_1.tif,Dress,Dress::7,4,0.27075630179367949,0.24622767644117399,0.92082706985048357,0.22864095175062271,0.20183146844985578,True,0.082832638210385806,0.77804347826086961,0.94326086956521737,0.76717391304347826,0.84369565217391307,0.68065922121523548,Dress|Dress::7|Dress/7_1.tif|000570
571,Dress/7_10.tif,Dress,Dress::7,4,0.26903235059184438,0.22273139238895109,0.90481507920881199,0.23045133672996479,0.4477984110043054,False,0,0.77065217391304353,0.76282608695652177,0.65108695652173909,0.84804347826086957,0.53506231638909107,Dress|Dress::7|Dress/7_10.tif|000571
572,Dress/7_2.tif,Dress,Dress::7,4,0.32155329626168128,0.21310403430085839,0.89277673501553489,0.27500257583920101,0.048664824823806518,True,0.041000275529914601,0.93500000000000005,0.65630434782608693,0.5715217391304348,0.92934782608695654,0.63491020159009559,Dress|Dress::7|Dress/7_2.tif|000572
573,Dress/7_3.tif,Dress,Dress::7,4,0.27248469035597439,0.2101690615702157,0.9141000631363394,0.1854439290271617,0.064160659590771996,True,0.025040233846025401,0.78630434782608694,0.61239130434782607,0.72543478260869565,0.70630434782608698,0.43357157427454074,Dress|Dress::7|Dress/7_3.tif|000573
574,Dress/7_4.tif,Dress,Dress::7,4,0.30183884923513937,0.19527752644709609,0.90655808662635962,0.150383204543345,0.24436905655419405,False,0,0.89543478260869569,0.4097826086956522,0.66369565217391302,0.55804347826086953,0.44121781117698661,Dress|Dress::7|Dress/7_4.tif|000574
575,Dress/7_5.tif,Dress,Dress::7,4,0.28017514000980942,0.2182967979175264,0.94417509030818281,0.26990752124735679,0.27616852216656729,False,0,0.82108695652173913,0.72065217391304348,0.91934782608695653,0.92065217391304344,0.71034151375417365,Dress|Dress::7|Dress/7_5.tif|000575
576,Dress/7_6.tif,Dress,Dress::7,4,0.27141244768151429,0.21872622433578379,0.91806797990061584,0.33827799009873938,0.33163652850674219,False,0,0.78065217391304342,0.72586956521739132,0.74978260869565216,0.98239130434782607,0.65182468910805513,Dress|Dress::7|Dress/7_6.tif|000576
577,Dress/7_7.tif,Dress,Dress::7,4,0.27758243400124027,0.2436421165732349,0.92696774434363804,0.1637862077458733,0.38835260033869667,False,0,0.80760869565217386,0.93065217391304345,0.81586956521739129,0.61978260869565216,0.62785815286051794,Dress|Dress::7|Dress/7_7.tif|000577
578,Dress/7_8.tif,Dress,Dress::7,4,0.30912022511542597,0.20207785718310509,0.94729210706025302,0.2741222259071644,0.2182204324030701,False,0,0.9097826086956522,0.50413043478260866,0.93500000000000005,0.9284782608695652,0.73536213318249843,Dress|Dress::7|Dress/7_8.tif|000578
579,Dress/7_9.tif,Dress,Dress::7,4,0.29421312721107168,0.21119198741422079,0.91047737764725079,0.17662242404394701,0.27382543058652009,False,0,0.87239130434782608,0.63326086956521743,0.69673913043478264,0.67760869565217396,0.47611435299374677,Dress|Dress::7|Dress/7_9.tif|000579
580,Dress/8_1.tif,Dress,Dress::8,4,0.27069268350721448,0.2242213302813644,0.92312098782922636,0.21408046277076009,0.23070111716542008,True,0.1010019042279876,0.77760869565217394,0.78152173913043477,0.78282608695652178,0.80804347826086953,0.5755019178655435,Dress|Dress::8|Dress/8_1.tif|000580
581,Dress/8_10.tif,Dress,Dress::8,4,0.26259768125225408,0.21176632350313249,0.9461286672781466,0.15188011112633359,0.45441590984097235,False,0,0.74152173913043473,0.64065217391304352,0.92630434782608695,0.56630434782608696,0.5140500442711029,Dress|Dress::8|Dress/8_10.tif|000581
582,Dress/8_2.tif,Dress,Dress::8,4,0.35403003230702368,0.15555899594775699,0.85592328839260579,0.2586797766681832,0.11610851781847131,True,0.0294855814738797,0.97239130434782606,0.077173913043478259,0.37021739130434783,0.9054347826086957,0.76364673292250362,Dress|Dress::8|Dress/8_2.tif|000582
583,Dress/8_3.tif,Dress,Dress::8,4,0.3263871670256227,0.1686005895200173,0.92436566323817204,0.21516442962151919,0.038391209524648251,True,0.1073085226989391,0.94369565217391305,0.14282608695652174,0.79065217391304343,0.80978260869565222,0.71055118518477312,Dress|Dress::8|Dress/8_3.tif|000583
584,Dress/8_4.tif,Dress,Dress::8,4,0.25096152708006958,0.21623671581061041,0.93008282746742299,0.1015795330278027,0.26752436912552502,False,0,0.68108695652173912,0.70021739130434779,0.83630434782608698,0.31978260869565217,0.46739534881971029,Dress|Dress::8|Dress/8_4.tif|000584
585,Dress/8_5.tif,Dress,Dress::8,4,0.2480944883240517,0.22366090244310979,0.92459160672031038,0.15464137508891879,0.20546101980575593,False,0,0.66413043478260869,0.77543478260869569,0.79456521739130437,0.57673913043478264,0.44210935358720993,Dress|Dress::8|Dress/8_5.tif|000585
586,Dress/8_6.tif,Dress,Dress::8,4,0.26010449825784687,0.25369001460949497,0.94390484770798799,0.237764655569498,0.37553173826117758,False,0,0.72891304347826091,0.96673913043478266,0.91847826086956519,0.86369565217391309,0.76002972282939107,Dress|Dress::8|Dress/8_6.tif|000586
587,Dress/8_7.tif,Dress,Dress::8,4,0.25362756849581158,0.22047833808190681,0.91417571771431616,0.29660729742828001,0.3534813713358127,False,0,0.69630434782608697,0.7406521739130435,0.72673913043478255,0.95326086956521738,0.59439457848624211,Dress|Dress::8|Dress/8_7.tif|000587
588,Dress/8_8.tif,Dress,Dress::8,4,0.31939595739223209,0.1860771338304604,0.94911758571612981,0.23315604034174461,0.31606197115727119,False,0,0.93065217391304345,0.31065217391304351,0.94021739130434778,0.85326086956521741,0.73477784922564549,Dress|Dress::8|Dress/8_8.tif|000588
589,Dress/8_9.tif,Dress,Dress::8,4,0.35770438449359671,0.16852946873248839,0.92089393836707156,0.27690978568674601,0.21993433003281992,False,0,0.97630434782608699,0.1423913043478261,0.76891304347826084,0.93152173913043479,0.78311879511283544,Dress|Dress::8|Dress/8_9.tif|000589
590,Dress/9_1.tif,Dress,Dress::9,1,0.33249411110436461,0.1875160359182953,0.887773245376139,0.17161939842075311,0.24072443747779992,True,0.054430014759309003,0.95152173913043481,0.32456521739130434,0.53673913043478261,0.65630434782608693,0.51032348242146874,Dress|Dress::9|Dress/9_1.tif|000590
591,Dress/9_10.tif,Dress,Dress::9,1,0.29709654097436988,0.2048768287949472,0.89667124399025822,0.1438510156918513,0.42922886665037963,False,0,0.88108695652173918,0.54630434782608694,0.59847826086956524,0.53413043478260869,0.39778664570463551,Dress|Dress::9|Dress/9_10.tif|000591
592,Dress/9_2.tif,Dress,Dress::9,1,0.25868913725987458,0.21840175232410169,0.87166475900492313,0.1983057256286479,0.17433737388115778,True,0.024813038187434099,0.72239130434782606,0.7232608695652174,0.44673913043478258,0.755,0.40885820079263113,Dress|Dress::9|Dress/9_2.tif|000592
593,Dress/9_3.tif,Dress,Dress::9,1,0.27697654189607629,0.19443844814934499,0.8996953669041744,0.17620210732812969,0.14321004514881552,True,0.0500176242768594,0.80413043478260871,0.40239130434782611,0.61717391304347824,0.67500000000000004,0.38259313209452406,Dress|Dress::9|Dress/9_3.tif|000593
594,Dress/9_4.tif,Dress,Dress::9,1,0.27837735657480239,0.18855108698648709,0.90201156476192801,0.1894631593307754,0.30691924053989916,False,0,0.8128260869565217,0.33586956521739131,0.63282608695652176,0.72195652173913039,0.43784292528391044,Dress|Dress::9|Dress/9_4.tif|000594
595,Dress/9_5.tif,Dress,Dress::9,1,0.28692274041162757,0.22282343578665109,0.92285517649409898,0.12810806360084501,0.29899581698156164,False,0,0.84630434782608699,0.76500000000000001,0.7810869565217391,0.4667391304347826,0.51987293052643146,Dress|Dress::9|Dress/9_5.tif|000595
596,Dress/9_6.tif,Dress,Dress::9,1,0.27622311981280551,0.25749944540866071,0.91110438021750817,0.16955651250628451,0.37702000375527378,False,0,0.79978260869565221,0.97456521739130431,0.70239130434782604,0.64500000000000002,0.61405944183738492,Dress|Dress::9|Dress/9_6.tif|000596
597,Dress/9_7.tif,Dress,Dress::9,1,0.29486464333389101,0.1722066588432295,0.92911793477653082,0.14487726995993719,0.36117652762189523,False,0,0.87543478260869567,0.16978260869565218,0.82934782608695656,0.53717391304347828,0.59987222962182174,Dress|Dress::9|Dress/9_7.tif|000597
598,Dress/9_8.tif,Dress,Dress::9,1,0.35018292254795741,0.18380395295565949,0.86859038988015536,0.24821659931597309,0.18688586366133475,False,0,0.96760869565217389,0.28630434782608694,0.43108695652173912,0.88978260869565218,0.64884760430365007,Dress|Dress::9|Dress/9_8.tif|000598
599,Dress/9_9.tif,Dress,Dress::9,1,0.248163273521712,0.24116636865269811,0.94473877248725036,0.13294154544663189,0.21074226401587337,False,0,0.66456521739130436,0.92021739130434788,0.92195652173913045,0.48891304347826087,0.61792766046907055,Dress|Dress::9|Dress/9_9.tif|000599
600,Flare/10_1.tif,Flare,Flare::10,3,0.20075562646435119,0.20076820905430021,0.8471267365775631,0.093502634766030795,0.38076129907942668,True,0.1735415647376892,0.21456521739130435,0.48195652173913045,0.32673913043478259,0.28586956521739132,0.397076509319436,Flare|Flare::10|Flare/10_1.tif|000600
601,Flare/10_10.tif,Flare,Flare::10,3,0.24091763273759489,0.18444582147266159,0.92504133662425281,0.15817630025329149,0.47063281404359025,False,0,0.62021739130434783,0.29282608695652174,0.79934782608695654,0.59108695652173915,0.39405482619700188,Flare|Flare::10|Flare/10_10.tif|000601
602,Flare/10_2.tif,Flare,Flare::10,3,0.25288371483472322,0.176380439329275,0.8567667588301594,0.1083775460805783,0.11850806587478546,True,0.093264541635900894,0.69195652173913047,0.21456521739130435,0.37369565217391304,0.35326086956521741,0.39472203136078932,Flare|Flare::10|Flare/10_2.tif|000602
603,Flare/10_3.tif,Flare,Flare::10,3,0.35104760799759632,0.17806824356055381,0.93696834590359002,0.24650935733400159,0.1145880301407689,True,0.072586962571124194,0.96847826086956523,0.22934782608695653,0.88239130434782609,0.88586956521739135,0.76670914377821209,Flare|Flare::10|Flare/10_3.tif|000603
604,Flare/10_4.tif,Flare,Flare::10,3,0.23346586535822439,0.18773437004046661,0.88158169491263538,0.1153714534706702,0.33876041934263867,False,0,0.55239130434782613,0.32804347826086955,0.50456521739130433,0.39760869565217394,0.20692683382240593,Flare|Flare::10|Flare/10_4.tif|000604
605,Flare/10_5.tif,Flare,Flare::10,3,0.27059999000610219,0.21030193537129371,0.93113050314851475,0.15602172338940909,0.34837552598106147,False,0,0.77630434782608693,0.61543478260869566,0.84413043478260874,0.58413043478260873,0.46386740332113674,Flare|Flare::10|Flare/10_5.tif|000605
606,Flare/10_6.tif,Flare,Flare::10,3,0.25054573408067288,0.15106613858338119,0.90887152880813504,0.11023774159108921,0.4117811171493716,False,0,0.67760869565217396,0.057173913043478262,0.68239130434782613,0.36673913043478262,0.52788714638592105,Flare|Flare::10|Flare/10_6.tif|000606
607,Flare/10_7.tif,Flare,Flare::10,3,0.23310927381220459,0.15000679644741971,0.87375648836520015,0.083443916601347201,0.46469882907139948,False,0,0.54673913043478262,0.051086956521739134,0.45847826086956522,0.23282608695652174,0.52613061263349292,Flare|Flare::10|Flare/10_7.tif|000607
608,Flare/10_8.tif,Flare,Flare::10,3,0.3531773776460933,0.16637103497671729,0.93718684085166681,0.2875517231998112,0.40631295460618622,False,0,0.97152173913043482,0.13239130434782609,0.88413043478260867,0.94586956521739129,0.83894264625485804,Flare|Flare::10|Flare/10_8.tif|000608
609,Flare/10_9.tif,Flare,Flare::10,3,0.30838213187771779,0.1742435723741502,0.86746681924828406,0.080003094923487103,0.18363043161322889,False,0,0.90717391304347827,0.18934782608695652,0.4241304347826087,0.2167391304347826,0.59015953756010497,Flare|Flare::10|Flare/10_9.tif|000609
610,Flare/1_1.tif,Flare,Flare::1,4,0.29098694370062028,0.18467503624482559,0.93572843365264657,0.2013918799143086,0.35310521721037125,True,0.081213348821622802,0.85891304347826092,0.29499999999999998,0.8736956521739131,0.76891304347826084,0.61871337320705722,Flare|Flare::1|Flare/1_1.tif|000610
611,Flare/1_10.tif,Flare,Flare::1,4,0.30111908161515799,0.2154666833483728,0.94424431797956765,0.29643233448768391,0.43153917391825924,False,0,0.8923913043478261,0.69021739130434778,0.9197826086956522,0.95282608695652171,0.75592492700935721,Flare|Flare::1|Flare/1_10.tif|000611
612,Flare/1_2.tif,Flare,Flare::1,4,0.29488736391200537,0.19547941251268461,0.92878392707887636,0.2008838648224627,0.13366579760204611,True,0.019899361741030699,0.87586956521739134,0.4132608695652174,0.82717391304347831,0.76500000000000001,0.57102484725401803,Flare|Flare::1|Flare/1_2.tif|000612
613,Flare/1_3.tif,Flare,Flare::1,4,0.29468150666252563,0.1955547872835946,0.82882941114085151,0.1787251953050111,0.1648080356937609,True,0.0119572494142017,0.87413043478260866,0.41499999999999998,0.24065217391304347,0.68500000000000005,0.49868314301433336,Flare|Flare::1|Flare/1_3.tif|000613
614,Flare/1_4.tif,Flare,Flare::1,4,0.25239004672438642,0.23344274703672099,0.94393291793580603,0.10868464412257429,0.26298876688016526,False,0,0.68978260869565222,0.86108695652173917,0.91891304347826086,0.35630434782608694,0.60211112527785504,Flare|Flare::1|Flare/1_4.tif|000614
615,Flare/1_5.tif,Flare,Flare::1,4,0.23017237444400299,0.22100191764498101,0.89822688198201794,0.1867305863724576,0.26518332158897029,False,0,0.5223913043478261,0.745,0.60586956521739133,0.70978260869565213,0.34021093201258179,Flare|Flare::1|Flare/1_5.tif|000615
616,Flare/1_6.tif,Flare,Flare::1,4,0.29798099559885077,0.22036101181752801,0.91725412047683041,0.23170515423369489,0.079488841389126041,True,0.058331038911723698,0.88326086956521743,0.73847826086956525,0.74630434782608701,0.85065217391304349,0.62240144109347662,Flare|Flare::1|Flare/1_6.tif|000616
617,Flare/1_7.tif,Flare,Flare::1,4,0.22927289710537579,0.2528237042745109,0.93759204774881277,0.14669929313039329,0.45595886899396271,False,0,0.51456521739130434,0.96413043478260874,0.88586956521739135,0.54195652173913045,0.60521473637598588,Flare|Flare::1|Flare/1_7.tif|000617
618,Flare/1_8.tif,Flare,Flare::1,4,0.31279087048344117,0.17185802193835409,0.91905775899417397,0.19861677262103811,0.40350194063996525,False,0,0.91717391304347828,0.16500000000000001,0.75673913043478258,0.75673913043478258,0.64659804818513344,Flare|Flare::1|Flare/1_8.tif|000618
619,Flare/1_9.tif,Flare,Flare::1,4,0.32290981593536111,0.20469956468554909,0.92258652640423,0.21717113031287419,0.20783749120002459,False,0,0.9371739130434783,0.5441304347826087,0.77978260869565219,0.81456521739130439,0.60852124830677179,Flare|Flare::1|Flare/1_9.tif|000619
620,Flare/2_1.tif,Flare,Flare::2,1,0.30743086623434318,0.2222277900574626,0.90275233990607318,0.1525006692192328,0.37803886192514513,True,0.027166232628705898,0.90586956521739126,0.75847826086956527,0.63717391304347826,0.56934782608695655,0.50514049403562544,Flare|Flare::2|Flare/2_1.tif|000620
621,Flare/2_10.tif,Flare,Flare::2,1,0.26498788327784772,0.2016273135078149,0.92908197875642762,0.1725114417245473,0.54332393413998026,False,0,0.75282608695652176,0.49543478260869567,0.82891304347826089,0.65891304347826085,0.44427358351947122,Flare|Flare::2|Flare/2_10.tif|000621
622,Flare/2_2.tif,Flare,Flare::2,1,0.2916927287635952,0.194163500170042,0.90248275638969877,0.12314936533283739,0.13328587752143295,True,0.071675450571398694,0.86282608695652174,0.39891304347826084,0.63500000000000001,0.43108695652173912,0.40599919915739502,Flare|Flare::2|Flare/2_2.tif|000622
623,Flare/2_3.tif,Flare,Flare::2,1,0.25395794059976851,0.19537044516813171,0.89657019954506956,0.1271046924759465,0.14529049127990368,True,0.062502405087058899,0.69934782608695656,0.41195652173913044,0.59760869565217389,0.46065217391304347,0.24200603032684076,Flare|Flare::2|Flare/2_3.tif|000623
624,Flare/2_4.tif,Flare,Flare::2,1,0.32699648856584529,0.23036487826256161,0.89950678821431596,0.1526317533067538,0.34774329715406904,False,0,0.94499999999999995,0.83499999999999996,0.61499999999999999,0.56978260869565223,0.57301362329038075,Flare|Flare::2|Flare/2_4.tif|000624
625,Flare/2_5.tif,Flare,Flare::2,1,0.34331833038289172,0.19676163194983229,0.92311881216050062,0.13118004663686261,0.41590254551427153,False,0,0.96195652173913049,0.42978260869565216,0.78239130434782611,0.47934782608695653,0.54635672511419209,Flare|Flare::2|Flare/2_5.tif|000625
626,Flare/2_6.tif,Flare,Flare::2,1,0.26554436343492233,0.2215111113713788,0.92837180007174935,0.17794044397428399,0.40996436164028027,False,0,0.75586956521739135,0.75108695652173918,0.8258695652173913,0.68065217391304345,0.51704939378590009,Flare|Flare::2|Flare/2_6.tif|000626
627,Flare/2_7.tif,Flare,Flare::2,1,0.26472733656515651,0.22787129283927859,0.90916692887263861,0.26796805032500992,0.49653018260178811,False,0,0.75195652173913041,0.81413043478260871,0.68543478260869561,0.91673913043478261,0.6084550766821365,Flare|Flare::2|Flare/2_7.tif|000627
628,Flare/2_8.tif,Flare,Flare::2,1,0.280419863901258,0.2010250953608782,0.89597025857572887,0.1806439549476582,0.37906825046083015,False,0,0.8215217391304348,0.48673913043478262,0.59239130434782605,0.69239130434782614,0.38613811842763668,Flare|Flare::2|Flare/2_8.tif|000628
629,Flare/2_9.tif,Flare,Flare::2,1,0.25721873249070859,0.2157643306385468,0.87845152299047391,0.13796665372081779,0.10675716443177863,False,0,0.71413043478260874,0.69456521739130439,0.48543478260869566,0.5080434782608696,0.28980046587074981,Flare|Flare::2|Flare/2_9.tif|000629
630,Flare/3_1.tif,Flare,Flare::3,2,0.27022668350108509,0.1928428964860768,0.80806231613366097,0.13724290481354709,0.27908804812453614,True,0.0155766884800206,0.77500000000000002,0.38282608695652176,0.15717391304347825,0.50630434782608691,0.45488921354254319,Flare|Flare::3|Flare/3_1.tif|000630
631,Flare/3_10.tif,Flare,Flare::3,2,0.24517290523192189,0.21446447809561539,0.91258160587271664,0.27096957232506441,0.45918448038298387,False,0,0.64500000000000002,0.67500000000000004,0.71369565217391306,0.92152173913043478,0.52440099953907449,Flare|Flare::3|Flare/3_10.tif|000631
632,Flare/3_2.tif,Flare,Flare::3,2,0.27680683817627821,0.2133921182728028,0.90726106618069235,0.1937041267554038,0.060542027444240198,True,0.017009276012589999,0.80282608695652169,0.6610869565217391,0.66934782608695653,0.74369565217391309,0.45356245831382741,Flare|Flare::3|Flare/3_2.tif|000632
633,Flare/3_3.tif,Flare,Flare::3,2,0.32840540622655351,0.17896409650138029,0.91935767062824036,0.234492710980127,0.17623513727989648,True,0.016224545323932599,0.94847826086956522,0.23456521739130434,0.75891304347826083,0.85673913043478256,0.68255926157195757,Flare|Flare::3|Flare/3_3.tif|000633
634,Flare/3_4.tif,Flare,Flare::3,2,0.26938055336583289,0.22615601372691579,0.89514513252676775,0.1549654055091414,0.39889591824634074,False,0,0.77108695652173909,0.80195652173913046,0.58717391304347821,0.5802173913043478,0.42272922775696503,Flare|Flare::3|Flare/3_4.tif|000634
635,Flare/3_5.tif,Flare,Flare::3,2,0.3886899268280089,0.17413148605167131,0.88003033505345596,0.2771431106139246,0.34304836971646069,False,0,0.9919565217391304,0.18760869565217392,0.49282608695652175,0.93195652173913046,0.72542914748107756,Flare|Flare::3|Flare/3_5.tif|000635
636,Flare/3_6.tif,Flare,Flare::3,2,0.26309468605896891,0.19840227921384959,0.91230732959202676,0.15139453295877889,0.36996578251436707,False,0,0.74326086956521742,0.44717391304347825,0.70978260869565213,0.56326086956521737,0.33162799437632562,Flare|Flare::3|Flare/3_6.tif|000636
637,Flare/3_7.tif,Flare,Flare::3,2,0.2373347845950064,0.21548613562507429,0.92686437049160564,0.11737333585964881,0.52661968992337882,False,0,0.58673913043478265,0.69065217391304345,0.81369565217391304,0.40717391304347827,0.38845021917721706,Flare|Flare::3|Flare/3_7.tif|000637
638,Flare/3_8.tif,Flare,Flare::3,2,0.31405047386637591,0.1659248602773031,0.92720125660163877,0.18099851421499399,0.45888114470746089,False,0,0.9197826086956522,0.125,0.81673913043478263,0.69456521739130439,0.67455299208470998,Flare|Flare::3|Flare/3_8.tif|000638
639,Flare/3_9.tif,Flare,Flare::3,2,0.29114189283332859,0.2026101423243932,0.9172793513710652,0.16111468069198309,0.070068213115230926,True,0.067184091892341105,0.85978260869565215,0.51413043478260867,0.74673913043478257,0.60804347826086957,0.44966296977782588,Flare|Flare::3|Flare/3_9.tif|000639
640,Flare/4_1.tif,Flare,Flare::4,0,0.2384790523719989,0.23276445454176589,0.8980038854390745,0.1359692958383992,0.3306222165528544,True,0.0246651438494239,0.60021739130434781,0.85717391304347823,0.60413043478260875,0.50282608695652176,0.38531527856307468,Flare|Flare::4|Flare/4_1.tif|000640
641,Flare/4_10.tif,Flare,Flare::4,0,0.23537986132238109,0.2297823801794994,0.90931707726516298,0.1514711445183691,0.45938308409484796,False,0,0.57369565217391305,0.83065217391304347,0.68630434782608696,0.56413043478260871,0.39189785907436386,Flare|Flare::4|Flare/4_10.tif|000641
642,Flare/4_2.tif,Flare,Flare::4,0,0.25326593482196907,0.1527195553829408,0.80230946143098647,0.13889131728131959,0.12452285433611621,True,0.088400283607960095,0.69413043478260872,0.064565217391304344,0.1358695652173913,0.51239130434782609,0.60002882728480544,Flare|Flare::4|Flare/4_2.tif|000642
643,Flare/4_3.tif,Flare,Flare::4,0,0.26864529788451108,0.19033038713943209,0.8280427256312537,0.15276392796547009,0.16301648668442348,True,0.053080437133608202,0.76934782608695651,0.35499999999999998,0.23847826086956522,0.57065217391304346,0.40860567927308045,Flare|Flare::4|Flare/4_3.tif|000643
644,Flare/4_4.tif,Flare,Flare::4,0,0.28394014218412139,0.21458068581914891,0.91111169246730617,0.15567824814448139,0.38010807773748423,False,0,0.83413043478260873,0.67630434782608695,0.70282608695652171,0.58239130434782604,0.43663843061808888,Flare|Flare::4|Flare/4_4.tif|000644
645,Flare/4_5.tif,Flare,Flare::4,0,0.35195035556553428,0.2041530572860612,0.94959254946297356,0.22315304896948379,0.30500417408250713,False,0,0.96934782608695658,0.5397826086956522,0.94369565217391305,0.83065217391304347,0.72668200038162423,Flare|Flare::4|Flare/4_5.tif|000645
646,Flare/4_6.tif,Flare,Flare::4,0,0.26368415985215982,0.2114656990674301,0.91337083035913103,0.1063899345290302,0.40319010115479981,False,0,0.74673913043478257,0.63673913043478259,0.71847826086956523,0.34108695652173915,0.39059428329135404,Flare|Flare::4|Flare/4_6.tif|000646
647,Flare/4_7.tif,Flare,Flare::4,0,0.28652063435120628,0.20793368338340359,0.91924995723701197,0.20678409026082401,0.39495369836080307,False,0,0.84413043478260874,0.58456521739130429,0.7580434782608696,0.78673913043478261,0.52381561424948864,Flare|Flare::4|Flare/4_7.tif|000647
648,Flare/4_8.tif,Flare,Flare::4,0,0.26397012859297342,0.21479699330019619,0.90965552140952799,0.17134628649090139,0.45740240489014994,False,0,0.74934782608695649,0.67934782608695654,0.69021739130434778,0.65413043478260868,0.39278343648544506,Flare|Flare::4|Flare/4_8.tif|000648
649,Flare/4_9.tif,Flare,Flare::4,0,0.24478654453174739,0.209257084537945,0.91383243084045918,0.1179629177189386,0.071643058060619547,False,0,0.6423913043478261,0.60108695652173916,0.72369565217391307,0.41108695652173916,0.2973871726130477,Flare|Flare::4|Flare/4_9.tif|000649
650,Flare/5_1.tif,Flare,Flare::5,2,0.25263435203988271,0.1895280500418407,0.88230840957317935,0.1111453282709132,0.3548942543425373,True,0.067434515214310806,0.6915217391304348,0.34543478260869565,0.50978260869565217,0.37282608695652175,0.27720008401595031,Flare|Flare::5|Flare/5_1.tif|000650
651,Flare/5_10.tif,Flare,Flare::5,2,0.21044062909096661,0.18634662021009951,0.86528448990129969,0.1016151030161324,0.54281428770762097,False,0,0.31456521739130433,0.31152173913043479,0.41586956521739132,0.32021739130434784,0.33062037122306126,Flare|Flare::5|Flare/5_10.tif|000651
652,Flare/5_2.tif,Flare,Flare::5,2,0.3142616057552709,0.18070052506294421,0.79815117366030675,0.1807935092380509,0.091245697391612812,True,0.017373326803269799,0.92021739130434788,0.25239130434782608,0.12456521739130434,0.69369565217391305,0.64526119035683405,Flare|Flare::5|Flare/5_2.tif|000652
653,Flare/5_3.tif,Flare,Flare::5,2,0.26444514942039787,0.1795959867140493,0.89898286434623043,0.1870904181210658,0.12957515894961547,True,0.099518404703384605,0.75065217391304351,0.24326086956521739,0.61021739130434782,0.71065217391304347,0.43042270514457037,Flare|Flare::5|Flare/5_3.tif|000653
654,Flare/5_4.tif,Flare,Flare::5,2,0.26691357999017629,0.1597257932858264,0.89467477686091135,0.072305707983141704,0.43907390286160386,False,0,0.76326086956521744,0.091956521739130437,0.58499999999999996,0.17456521739130434,0.59071021941983715,Flare|Flare::5|Flare/5_4.tif|000654
655,Flare/5_5.tif,Flare,Flare::5,2,0.31156356290248421,0.18037986346598481,0.93363882246730323,0.1154824585422954,0.29896748639985904,False,0,0.91456521739130436,0.24934782608695652,0.86021739130434782,0.39804347826086955,0.61224385099507983,Flare|Flare::5|Flare/5_5.tif|000655
656,Flare/5_6.tif,Flare,Flare::5,2,0.2264636628587014,0.236450690687978,0.90273660827318802,0.15990329547143531,0.45786595376502137,False,0,0.48630434782608695,0.88978260869565218,0.63673913043478259,0.60239130434782606,0.4257929331590255,Flare|Flare::5|Flare/5_6.tif|000656
657,Flare/5_7.tif,Flare,Flare::5,2,0.1857304218219876,0.23197834895940861,0.90089147123734281,0.24001876731487401,0.46515156590721191,False,0,0.080217391304347824,0.85195652173913039,0.62326086956521742,0.86847826086956526,0.6716102310547889,Flare|Flare::5|Flare/5_7.tif|000657
658,Flare/5_8.tif,Flare,Flare::5,2,0.25905540390253778,0.2197157137661126,0.92542825895185521,0.18278689795198841,0.37010379418200623,False,0,0.7232608695652174,0.73326086956521741,0.80239130434782613,0.69934782608695656,0.48521758609938437,Flare|Flare::5|Flare/5_8.tif|000658
659,Flare/5_9.tif,Flare,Flare::5,2,0.19995192550064661,0.21822259408020719,0.84301220895403517,0.19739206161684711,0.21394161446734128,False,0,0.20630434782608695,0.71934782608695658,0.30717391304347824,0.75195652173913041,0.48480366497457383,Flare|Flare::5|Flare/5_9.tif|000659
660,Flare/6_1.tif,Flare,Flare::6,4,0.2212171159975117,0.1847116310589991,0.85904282523228837,0.13052419535647641,0.39955609778311896,True,0.059278091955521903,0.435,0.29543478260869566,0.38065217391304346,0.47717391304347828,0.24665129637563374,Flare|Flare::6|Flare/6_1.tif|000660
661,Flare/6_10.tif,Flare,Flare::6,4,0.21049241736221599,0.16848872249360219,0.85369139728047572,0.13343447416395629,0.43515499835513405,False,0,0.31543478260869567,0.14152173913043478,0.36065217391304349,0.49021739130434783,0.42671360308152873,Flare|Flare::6|Flare/6_10.tif|000661
662,Flare/6_2.tif,Flare,Flare::6,4,0.28894295792183389,0.1538449896140815,0.88378458799557058,0.12358807410132169,0.11680665049456751,True,0.054637514537327,0.85326086956521741,0.068478260869565211,0.51586956521739136,0.43456521739130433,0.56172752040768381,Flare|Flare::6|Flare/6_2.tif|000662
663,Flare/6_3.tif,Flare,Flare::6,4,0.24736792148401451,0.23384378245767001,0.952955379318428,0.21399513678373541,0.034652889323815161,True,0.086138003333067995,0.6597826086956522,0.86413043478260865,0.9558695652173913,0.80760869565217386,0.67864690797857796,Flare|Flare::6|Flare/6_3.tif|000663
664,Flare/6_4.tif,Flare,Flare::6,4,0.20626807056107679,0.24206956212348121,0.86558511068920618,0.113189360476926,0.38191009850516866,False,0,0.26760869565217393,0.92369565217391303,0.41673913043478261,0.3858695652173913,0.50346981295007631,Flare|Flare::6|Flare/6_4.tif|000664
665,Flare/6_5.tif,Flare,Flare::6,4,0.26126306273498162,0.20963452421062129,0.90581273334323442,0.084732485341829297,0.36453579192413166,False,0,0.73413043478260864,0.606304347826087,0.65717391304347827,0.23978260869565218,0.3981637910921359,Flare|Flare::6|Flare/6_5.tif|000665
666,Flare/6_6.tif,Flare,Flare::6,4,0.20627839153732061,0.2041527825652229,0.91006615122485979,0.1236665726690991,0.33620437135295655,False,0,0.26804347826086955,0.53934782608695653,0.69239130434782614,0.435,0.31079172026253044,Flare|Flare::6|Flare/6_6.tif|000666
667,Flare/6_7.tif,Flare,Flare::6,4,0.1938309356859815,0.2154399826462727,0.90141554046725159,0.26218309181187621,0.48389446379020523,False,0,0.14499999999999999,0.68934782608695655,0.62891304347826082,0.9097826086956522,0.58857281487688362,Flare|Flare::6|Flare/6_7.tif|000667
668,Flare/6_8.tif,Flare,Flare::6,4,0.30702205990933867,0.16548732833766441,0.92716939340648019,0.16301495218986331,0.38285718258846035,False,0,0.9054347826086957,0.12239130434782609,0.81630434782608696,0.61543478260869566,0.64833580764191912,Flare|Flare::6|Flare/6_8.tif|000668
669,Flare/6_9.tif,Flare,Flare::6,4,0.24602999785716259,0.17538886195118869,0.90220747097214882,0.056590309570390303,0.092563129180613379,False,0,0.65021739130434786,0.20195652173913042,0.63369565217391299,0.098478260869565223,0.5389706986364452,Flare|Flare::6|Flare/6_9.tif|000669
670,Flare/7-2.tif,Flare,Flare::7,1,0.28403835980017711,0.2125888881091347,0.91561160952757459,0.19635049649732469,0.038908701718003202,True,0.0682490447836612,0.83543478260869564,0.64804347826086961,0.73717391304347823,0.74934782608695649,0.5028510398139453,Flare|Flare::7|Flare/7-2.tif|000670
671,Flare/7_1.tif,Flare,Flare::7,1,0.2500352400661689,0.20591092557044161,0.89798173413784899,0.1545182015848135,0.39242227015118281,True,0.1052641450280568,0.67326086956521736,0.55891304347826087,0.60369565217391308,0.5758695652173913,0.22360468425418972,Flare|Flare::7|Flare/7_1.tif|000671
672,Flare/7_10.tif,Flare,Flare::7,1,0.25591977061965532,0.25059272749128708,0.91482386732913779,0.1763817018283611,0.15184462468706306,False,0,0.70673913043478265,0.96108695652173914,0.73065217391304349,0.67673913043478262,0.58290599163592938,Flare|Flare::7|Flare/7_10.tif|000672
673,Flare/7_3.tif,Flare,Flare::7,1,0.24032073729274389,0.2359271058754531,0.92887111932918276,0.17392927565658359,0.039037327957789691,True,0.1144005851873659,0.61630434782608701,0.88586956521739135,0.82760869565217388,0.66456521739130436,0.54482216449615561,Flare|Flare::7|Flare/7_3.tif|000673
674,Flare/7_4.tif,Flare,Flare::7,1,0.27847755969561022,0.23034779622667431,0.91706161130733999,0.15152689580232351,0.37203514611290511,False,0,0.81326086956521737,0.83413043478260873,0.74369565217391309,0.56456521739130439,0.5228113981485355,Flare|Flare::7|Flare/7_4.tif|000674
675,Flare/7_5.tif,Flare,Flare::7,1,0.35410526787354141,0.236375860635331,0.89933319856516414,0.25121450444517551,0.24837538574722018,False,0,0.97282608695652173,0.88891304347826083,0.61413043478260865,0.893695652173913,0.73677668704869448,Flare|Flare::7|Flare/7_5.tif|000675
676,Flare/7_6.tif,Flare,Flare::7,1,0.28374350495655049,0.19883411508971291,0.90824744630392695,0.15754437539688071,0.43963827627021768,False,0,0.83326086956521739,0.45717391304347826,0.67717391304347829,0.58760869565217388,0.3898240114774687,Flare|Flare::7|Flare/7_6.tif|000676
677,Flare/7_7.tif,Flare,Flare::7,1,0.27664114197852357,0.2367887815781192,0.92955718601604165,0.19314640823910251,0.46912692333558348,False,0,0.80108695652173911,0.89152173913043475,0.83239130434782604,0.73847826086956525,0.64132557076157926,Flare|Flare::7|Flare/7_7.tif|000677
678,Flare/7_8.tif,Flare,Flare::7,1,0.30875309018617098,0.23038739675577341,0.93190010735341844,0.2102984949918307,0.27009792722739889,False,0,0.90804347826086962,0.83543478260869564,0.85021739130434781,0.7954347826086956,0.69924953019794123,Flare|Flare::7|Flare/7_8.tif|000678
679,Flare/7_9.tif,Flare,Flare::7,1,0.21065720733663709,0.2010946019687741,0.90668043786008601,0.062341968460041003,0.25295392382925364,False,0,0.31673913043478263,0.48804347826086958,0.66413043478260869,0.125,0.44865499478756066,Flare|Flare::7|Flare/7_9.tif|000679
680,Flare/8_1.tif,Flare,Flare::8,3,0.26483401234192172,0.22971419568466231,0.90725599789513156,0.15066662425343111,0.20350208454773278,True,0.035877845830751397,0.75239130434782608,0.82978260869565212,0.66891304347826086,0.56065217391304345,0.45240274310173395,Flare|Flare::8|Flare/8_1.tif|000680
681,Flare/8_10.tif,Flare,Flare::8,3,0.29578184914018441,0.1852144985921321,0.89425185358579218,0.1933459772442174,0.49349222559203665,False,0,0.8763043478260869,0.30021739130434782,0.58369565217391306,0.74108695652173917,0.496634609877109,Flare|Flare::8|Flare/8_10.tif|000681
682,Flare/8_2.tif,Flare,Flare::8,3,0.34323701509293281,0.20310763329251,0.83229362714892452,0.28614753849106922,0.093702119801982064,True,0.047243719708831698,0.96152173913043482,0.52326086956521745,0.25804347826086954,0.94456521739130439,0.68536455603509816,Flare|Flare::8|Flare/8_2.tif|000682
683,Flare/8_3.tif,Flare,Flare::8,3,0.29405907215374077,0.22387283674442451,0.91747583545288902,0.2215881510352504,0.099447502733883919,True,0.027976072378995999,0.87152173913043474,0.77760869565217394,0.74804347826086959,0.82804347826086955,0.61986537351705995,Flare|Flare::8|Flare/8_3.tif|000683
684,Flare/8_4.tif,Flare,Flare::8,3,0.29691621709842148,0.19253689832263751,0.91092505641680399,0.10839259852171081,0.35296773794909186,False,0,0.88021739130434784,0.38065217391304346,0.70065217391304346,0.35369565217391302,0.46954810757877929,Flare|Flare::8|Flare/8_4.tif|000684
685,Flare/8_5.tif,Flare,Flare::8,3,0.34860096517801809,0.2004246770436362,0.9389490403028834,0.1637540067989719,0.32195768209971287,False,0,0.96717391304347822,0.47673913043478261,0.89586956521739125,0.61847826086956526,0.6241332742654957,Flare|Flare::8|Flare/8_5.tif|000685
686,Flare/8_6.tif,Flare,Flare::8,3,0.25458833013419141,0.2484493838241548,0.93028095723003279,0.16091040860384009,0.38642638781866823,False,0,0.70282608695652171,0.95152173913043481,0.83717391304347821,0.60673913043478256,0.60835005717143764,Flare|Flare::8|Flare/8_6.tif|000686
687,Flare/8_7.tif,Flare,Flare::8,3,0.26965304556069952,0.1709702222737583,0.91842391449416838,0.124054385661287,0.47910038829541729,False,0,0.77152173913043476,0.15630434782608696,0.75239130434782608,0.43760869565217392,0.50935724350625211,Flare|Flare::8|Flare/8_7.tif|000687
688,Flare/8_8.tif,Flare,Flare::8,3,0.27351339989950602,0.2160551684743183,0.85882321322944144,0.21269987271613131,0.36488861625206004,False,0,0.7910869565217391,0.69847826086956522,0.3793478260869565,0.80282608695652169,0.47998523134179677,Flare|Flare::8|Flare/8_8.tif|000688
689,Flare/8_9.tif,Flare,Flare::8,3,0.22397428182284621,0.17402064160682351,0.84024434151889127,0.062855326922334198,0.26444422795970091,False,0,0.46326086956521739,0.18630434782608696,0.29630434782608694,0.1267391304347826,0.52968889110595729,Flare|Flare::8|Flare/8_9.tif|000689
690,Flare/9-7.tif,Flare,Flare::9,0,0.20290594279067839,0.23248186882216379,0.88921537955835162,0.24026333401461861,0.51512253431157795,False,0,0.23065217391304349,0.85543478260869565,0.54456521739130437,0.87021739130434783,0.58131670501645738,Flare|Flare::9|Flare/9-7.tif|000690
691,Flare/9_1.tif,Flare,Flare::9,0,0.23785398311946659,0.20256574614762371,0.86748964447081822,0.1576062207349046,0.19718478281592455,True,0.0270816477486642,0.5932608695652174,0.51326086956521744,0.42456521739130437,0.58804347826086956,0.14938373721787651,Flare|Flare::9|Flare/9_1.tif|000691
692,Flare/9_10.tif,Flare,Flare::9,0,0.2067560366876498,0.2228410433795335,0.90771345047677165,0.1688636162315873,0.5011483903974665,False,0,0.27152173913043476,0.76543478260869569,0.67369565217391303,0.64282608695652177,0.41620597089414696,Flare|Flare::9|Flare/9_10.tif|000692
693,Flare/9_2.tif,Flare,Flare::9,0,0.27753771039128128,0.221772345348099,0.92320435329551276,0.19902429135687849,0.0977701757442756,True,0.068049803450498506,0.8071739130434783,0.75282608695652176,0.78369565217391302,0.75891304347826083,0.55298827315391297,Flare|Flare::9|Flare/9_2.tif|000693
694,Flare/9_3.tif,Flare,Flare::9,0,0.2559556309465354,0.19595644987849489,0.90942051023656445,0.13080012748318259,0.14009774323902002,True,0.0057648369668479001,0.70717391304347821,0.42108695652173911,0.68760869565217386,0.47847826086956524,0.29121900112502458,Flare|Flare::9|Flare/9_3.tif|000694
695,Flare/9_4.tif,Flare,Flare::9,0,0.21458429461886791,0.22308789406819021,0.86802858313587905,0.1583473893323373,0.37733869005097054,False,0,0.36021739130434782,0.76847826086956517,0.42760869565217391,0.59369565217391307,0.32502173840342219,Flare|Flare::9|Flare/9_4.tif|000695
696,Flare/9_5.tif,Flare,Flare::9,0,0.31119944036584007,0.22618298218113739,0.93896849872737398,0.14147489924648779,0.27515532140771992,False,0,0.91369565217391302,0.80239130434782613,0.89630434782608692,0.52326086956521745,0.64821508601047617,Flare|Flare::9|Flare/9_5.tif|000696
697,Flare/9_6.tif,Flare,Flare::9,0,0.25907592162701532,0.18316115367529959,0.87927510713063828,0.12863704894299549,0.42009093482527315,False,0,0.72369565217391307,0.27891304347826085,0.4884782608695652,0.47065217391304348,0.31609054480350673,Flare|Flare::9|Flare/9_6.tif|000697
698,Flare/9_8.tif,Flare,Flare::9,0,0.3023674191845882,0.20496566008146239,0.91506189123981396,0.27240235952617431,0.33262849348358581,False,0,0.89717391304347827,0.54934782608695654,0.73195652173913039,0.92456521739130437,0.62788675486716405,Flare|Flare::9|Flare/9_8.tif|000698
699,Flare/9_9.tif,Flare,Flare::9,0,0.36164270763913209,0.13939398933294819,0.9002218058109609,0.088531680739422303,0.3299895225314603,False,0,0.97847826086956524,0.026304347826086958,0.62108695652173918,0.26195652173913042,0.72433125405125454,Flare|Flare::9|Flare/9_9.tif|000699
700,Harem/1-1.tif,Harem,Harem::1,2,0.18236884119321589,0.23511817128269061,0.89558604395825914,0.1642185080374364,0.42469770095199111,False,0,0.059782608695652176,0.87804347826086959,0.5889130434782609,0.62239130434782608,0.59966105738401188,Harem|Harem::1|Harem/1-1.tif|000700
701,Harem/1-10.tif,Harem,Harem::1,2,0.18959220222523751,0.1933605265947157,0.9500559355408208,0.1344887318321035,0.55264811666285996,False,0,0.10413043478260869,0.3923913043478261,0.94413043478260872,0.49543478260869567,0.60461973864189011,Harem|Harem::1|Harem/1-10.tif|000701
702,Harem/1-2.tif,Harem,Harem::1,2,0.22695074934884071,0.17278043423800621,0.86547881072640787,0.057882377268204201,0.088964481786085403,False,0,0.49369565217391304,0.1741304347826087,0.41630434782608694,0.10630434782608696,0.51791113819838175,Harem|Harem::1|Harem/1-2.tif|000702
703,Harem/1-3.tif,Harem,Harem::1,2,0.17485332776597359,0.23414640709565451,0.94661971555289037,0.16577659686697979,0.39072460309469348,False,0,0.024565217391304347,0.86717391304347824,0.93152173913043479,0.62891304347826082,0.75078925075870684,Harem|Harem::1|Harem/1-3.tif|000703
704,Harem/1-4.tif,Harem,Harem::1,2,0.19135548279680539,0.22571711786886731,0.9370087362841556,0.077723828927152697,0.4188738999578932,False,0,0.12282608695652174,0.7954347826086956,0.88326086956521743,0.20630434782608695,0.68021165948645956,Harem|Harem::1|Harem/1-4.tif|000704
705,Harem/1-5.tif,Harem,Harem::1,2,0.1920341552647023,0.22394363298386169,0.94931475169694202,0.083936277018000702,0.42555616623154113,False,0,0.13195652173913044,0.77847826086956518,0.94239130434782614,0.23499999999999999,0.69205578520077959,Harem|Harem::1|Harem/1-5.tif|000705
706,Harem/1-6.tif,Harem,Harem::1,2,0.18232018596192451,0.2303980207673296,0.94631797302422882,0.089846518449380297,0.52163234041156192,False,0,0.058478260869565216,0.83586956521739131,0.92804347826086953,0.26891304347826089,0.73781583862114719,Harem|Harem::1|Harem/1-6.tif|000706
707,Harem/1-7.tif,Harem,Harem::1,2,0.17319699050792139,0.23136563541164759,0.96189723510126801,0.235292185141045,0.46904464375101812,False,0,0.019782608695652175,0.84543478260869565,0.98499999999999999,0.85891304347826092,0.84497189582014975,Harem|Harem::1|Harem/1-7.tif|000707
708,Harem/1-8.tif,Harem,Harem::1,2,0.1999907260825263,0.19275905100615501,0.92058904360594362,0.074595593642196201,0.5042991415737238,False,0,0.20717391304347826,0.38195652173913042,0.76586956521739136,0.18934782608695652,0.51659730818886129,Harem|Harem::1|Harem/1-8.tif|000708
709,Harem/1-9.tif,Harem,Harem::1,2,0.1865847604853958,0.2152866551982674,0.92157779212512958,0.045903237855549499,0.12531617675974827,False,0,0.083695652173913046,0.6871739130434783,0.77326086956521745,0.058478260869565216,0.69134385995914771,Harem|Harem::1|Harem/1-9.tif|000709
710,Harem/10-1.tif,Harem,Harem::10,4,0.22119116023888319,0.21338718061587639,0.89069777103479186,0.11014741167573221,0.3080834662827262,True,0.020447424073535302,0.43413043478260871,0.66065217391304343,0.55413043478260871,0.36543478260869566,0.22624283923748431,Harem|Harem::10|Harem/10-1.tif|000710
711,Harem/10-10.tif,Harem,Harem::10,4,0.2096637794114701,0.23086591080361549,0.92722067257547125,0.2452339221354036,0.49641755616877192,False,0,0.30456521739130432,0.84108695652173915,0.81717391304347831,0.88239130434782609,0.63352779490620181,Harem|Harem::10|Harem/10-10.tif|000711
712,Harem/10-2.tif,Harem,Harem::10,4,0.24172279300162811,0.1818749641050697,0.89753998497144771,0.0634133020609597,0.25728929777501974,True,0.017283495692606999,0.6263043478260869,0.26673913043478259,0.60239130434782606,0.13065217391304348,0.4661171713113606,Harem|Harem::10|Harem/10-2.tif|000712
713,Harem/10-3.tif,Harem,Harem::10,4,0.200249600340526,0.2390370736672682,0.94193297459387515,0.1056132753422909,0.030778397232513521,True,0.050294267521493498,0.21065217391304347,0.90630434782608693,0.9097826086956522,0.33760869565217394,0.66565614970556064,Harem|Harem::10|Harem/10-3.tif|000713
714,Harem/10-4.tif,Harem,Harem::10,4,0.25735271259274661,0.1748896132375429,0.90637558748103475,0.1138482856212559,0.44834780575556776,False,0,0.71630434782608698,0.19717391304347825,0.66152173913043477,0.38891304347826089,0.42061953586448009,Harem|Harem::10|Harem/10-4.tif|000714
715,Harem/10-5.tif,Harem,Harem::10,4,0.28770918989288391,0.20889324408959609,0.94651023959884795,0.15626349400923359,0.20950850623263106,False,0,0.84934782608695647,0.59673913043478266,0.93065217391304345,0.58499999999999996,0.5692878514819989,Harem|Harem::10|Harem/10-5.tif|000715
716,Harem/10-6.tif,Harem,Harem::10,4,0.2201765899690761,0.164044382027561,0.86458073822573167,0.1395546705686054,0.55978263999784361,False,0,0.42195652173913045,0.11326086956521739,0.41152173913043477,0.51760869565217393,0.4047176896524049,Harem|Harem::10|Harem/10-6.tif|000716
717,Harem/10-7.tif,Harem,Harem::10,4,0.21541824528668149,0.20514513232764461,0.85915858210669416,0.098522445591626803,0.61006352192461011,False,0,0.36804347826086958,0.55108695652173911,0.38282608695652176,0.30717391304347824,0.26633442598550483,Harem|Harem::10|Harem/10-7.tif|000717
718,Harem/10-8.tif,Harem,Harem::10,4,0.25216034603198051,0.21429451365975671,0.90529929907184115,0.1089777127923361,0.39743014687307449,False,0,0.68673913043478263,0.67195652173913045,0.65282608695652178,0.35847826086956519,0.32836681273402768,Harem|Harem::10|Harem/10-8.tif|000718
719,Harem/10-9.tif,Harem,Harem::10,4,0.2706191003681534,0.18085904559786789,0.87408461626570866,0.072950417607801493,0.14584256091552983,False,0,0.77717391304347827,0.255,0.46152173913043476,0.17804347826086955,0.49192169755128629,Harem|Harem::10|Harem/10-9.tif|000719
720,Harem/2-1.tif,Harem,Harem::2,3,0.205023698291983,0.18086490776056549,0.85559180779109567,0.20422171306164449,0.50148042721192843,False,0,0.25239130434782608,0.25543478260869568,0.3684782608695652,0.77804347826086961,0.46446566653254756,Harem|Harem::2|Harem/2-1.tif|000720
721,Harem/2-10.tif,Harem,Harem::2,3,0.2038852135960475,0.2418175850686772,0.90865931636208963,0.12491606156292639,0.32086137059809861,False,0,0.24065217391304347,0.92239130434782612,0.68065217391304345,0.44282608695652176,0.5306409079188108,Harem|Harem::2|Harem/2-10.tif|000721
722,Harem/2-2.tif,Harem,Harem::2,3,0.27236767648828492,0.16018411006416361,0.8189841707866955,0.1070726602436705,0.21109008821329778,True,0.030419142312461699,0.7854347826086957,0.094565217391304343,0.19456521739130433,0.34717391304347828,0.60207690318886775,Harem|Harem::2|Harem/2-2.tif|000722
723,Harem/2-3.tif,Harem,Harem::2,3,0.218691715550306,0.1837341733719616,0.87109940946918774,0.070781798621229797,0.44743355106869276,False,0,0.4067391304347826,0.28543478260869565,0.44413043478260872,0.16500000000000001,0.41241026978461448,Harem|Harem::2|Harem/2-3.tif|000723
724,Harem/2-4.tif,Harem,Harem::2,3,0.20077665710805889,0.2480970816315618,0.90406006234855518,0.1106209063898628,0.34375407884885933,False,0,0.21543478260869564,0.95065217391304346,0.64717391304347827,0.36978260869565216,0.56805059147944847,Harem|Harem::2|Harem/2-4.tif|000724
725,Harem/2-5.tif,Harem,Harem::2,3,0.2377973221322916,0.21309029036995719,0.9081701727394712,0.045801962080244799,0.34032251664298041,False,0,0.59239130434782605,0.65586956521739126,0.67586956521739128,0.058043478260869565,0.50900603685777235,Harem|Harem::2|Harem/2-5.tif|000725
726,Harem/2-7.tif,Harem,Harem::2,3,0.1819957591523616,0.2048847632514868,0.89687220457717687,0.25718977737855131,0.533392914370584,False,0,0.055,0.54717391304347829,0.59934782608695647,0.90413043478260868,0.61109882747197131,Harem|Harem::2|Harem/2-7.tif|000726
727,Harem/2-8.tif,Harem,Harem::2,3,0.22921469869785049,0.23501431042769111,0.91601224774360623,0.118227967003359,0.37637424693680044,False,0,0.51413043478260867,0.87543478260869567,0.73934782608695648,0.41239130434782606,0.4539973684791701,Harem|Harem::2|Harem/2-8.tif|000727
728,Harem/2-9.tif,Harem,Harem::2,3,0.24487261012975189,0.1741663396136596,0.93047891098308877,0.033163468164406497,0.18475456515182576,False,0,0.64282608695652177,0.18847826086956521,0.83934782608695657,0.025000000000000001,0.67692468719651966,Harem|Harem::2|Harem/2-9.tif|000728
729,Harem/3-1.tif,Harem,Harem::3,1,0.20332519296845761,0.19776903837598489,0.82633977915874912,0.048889768839135102,0.36019549820546626,True,0.0099505962338836008,0.23499999999999999,0.44195652173913041,0.22891304347826086,0.069347826086956527,0.57666582893463481,Harem|Harem::3|Harem/3-1.tif|000729
730,Harem/3-10.tif,Harem,Harem::3,1,0.1976141590701011,0.2175227106267501,0.77351618073209194,0.19330267084306471,0.54464228969517814,False,0,0.17934782608695651,0.71413043478260874,0.071086956521739131,0.7406521739130435,0.62493961901147532,Harem|Harem::3|Harem/3-10.tif|000730
731,Harem/3-2.tif,Harem,Harem::3,1,0.22133549267948949,0.16623493665219249,0.81328932690373013,0.1104267277771724,0.12886449925671561,True,0.0111542126008062,0.43717391304347825,0.12934782608695652,0.17369565217391306,0.36804347826086958,0.5149924293311805,Harem|Harem::3|Harem/3-2.tif|000731
732,Harem/3-3.tif,Harem,Harem::3,1,0.228975429372198,0.18359354224259389,0.74911713398654667,0.052113485557049602,0.029205970030769635,True,0.0937210193970901,0.51065217391304352,0.28195652173913044,0.034565217391304345,0.080217391304347824,0.66370430362210464,Harem|Harem::3|Harem/3-3.tif|000732
733,Harem/3-4.tif,Harem,Harem::3,1,0.2198095812275368,0.20152270609882339,0.81464790098619677,0.1285175889086653,0.33669238872519314,False,0,0.41891304347826086,0.49369565217391304,0.17934782608695651,0.46934782608695652,0.33222313543795656,Harem|Harem::3|Harem/3-4.tif|000733
734,Harem/3-5.tif,Harem,Harem::3,1,0.2141102358480291,0.1841260773652591,0.89057054268703584,0.0247570696909424,0.30234339401633104,False,0,0.35239130434782606,0.28934782608695653,0.55282608695652169,0.0089130434782608691,0.55688388352990581,Harem|Harem::3|Harem/3-5.tif|000734
735,Harem/3-6.tif,Harem,Harem::3,1,0.1870329971472644,0.21090234392984411,0.90279071532349398,0.2137177721779645,0.41236403074667483,False,0,0.08673913043478261,0.62586956521739134,0.63760869565217393,0.80630434782608695,0.54716195077698138,Harem|Harem::3|Harem/3-6.tif|000735
736,Harem/3-7.tif,Harem,Harem::3,1,0.2111650874869096,0.1551370326129532,0.76027384487105409,0.055212447747592402,0.51014911065522373,False,0,0.32282608695652176,0.074565217391304353,0.050217391304347825,0.091521739130434779,0.76259047620891318,Harem|Harem::3|Harem/3-7.tif|000736
737,Harem/3-8.tif,Harem,Harem::3,1,0.2908815452318374,0.17635183472753299,0.903583754342829,0.1409829614118196,0.47112165736721123,False,0,0.85847826086956525,0.21369565217391304,0.64282608695652177,0.5223913043478261,0.48101715637375964,Harem|Harem::3|Harem/3-8.tif|000737
738,Harem/3-9.tif,Harem,Harem::3,1,0.25364538901792483,0.14525524636170639,0.85042254235418768,0.084385672486658403,0.15573049382435333,False,0,0.69717391304347831,0.03891304347826087,0.34413043478260869,0.23934782608695651,0.58627093616007564,Harem|Harem::3|Harem/3-9.tif|000738
739,Harem/4-1.tif,Harem,Harem::4,0,0.22349023320480119,0.1422047105961467,0.90900989605298743,0.080428500703782796,0.48363186461582053,True,0.094673216043220099,0.4602173913043478,0.034130434782608694,0.68326086956521737,0.21891304347826088,0.57550980112499062,Harem|Harem::4|Harem/4-1.tif|000739
740,Harem/4-10.tif,Harem,Harem::4,0,0.30633910854857638,0.17755766223079369,0.93101892758057703,0.058551710403880797,0.55910162233936012,False,0,0.90456521739130435,0.22282608695652173,0.8432608695652174,0.10847826086956522,0.71527315759861732,Harem|Harem::4|Harem/4-10.tif|000740
741,Harem/4-2.tif,Harem,Harem::4,0,0.25801403437168141,0.1730465000053239,0.91983524533737604,0.1305334789504253,0.12732008362804181,True,0.120010313608512,0.71978260869565214,0.17673913043478262,0.76108695652173908,0.4776086956521739,0.47060573121595967,Harem|Harem::4|Harem/4-2.tif|000741
742,Harem/4-3.tif,Harem,Harem::4,0,0.28952396392341379,0.1931237093201589,0.90653698405611483,0.16054816955781509,0.03830458146281468,True,0.044683184323339897,0.85543478260869565,0.39021739130434785,0.66326086956521735,0.60456521739130431,0.41949267225947467,Harem|Harem::4|Harem/4-3.tif|000742
743,Harem/4-4.tif,Harem,Harem::4,0,0.30392635662365641,0.168372710814335,0.89903002016085931,0.1012476091931231,0.43394035820412702,False,0,0.90065217391304353,0.13934782608695653,0.61108695652173917,0.31891304347826088,0.57941777047396548,Harem|Harem::4|Harem/4-4.tif|000743
744,Harem/4-5.tif,Harem,Harem::4,0,0.20562815776144611,0.2090956834828076,0.93670018281224277,0.131963026670222,0.32745583384269783,False,0,0.26108695652173913,0.59891304347826091,0.88021739130434784,0.48326086956521741,0.460118132279281,Harem|Harem::4|Harem/4-5.tif|000744
745,Harem/4-6.tif,Harem,Harem::4,0,0.28609635836972969,0.17731488942124829,0.93176526725825759,0.12810573596184641,0.43966671323418749,False,0,0.84195652173913038,0.22021739130434784,0.84934782608695647,0.46630434782608693,0.56426223642520723,Harem|Harem::4|Harem/4-6.tif|000745
746,Harem/4-7.tif,Harem,Harem::4,0,0.21729355124993441,0.2084488813563431,0.91684905344179524,0.081610560961682399,0.4632156045508542,False,0,0.39282608695652171,0.59108695652173915,0.7419565217391304,0.22500000000000001,0.39236595124646395,Harem|Harem::4|Harem/4-7.tif|000746
747,Harem/4-8.tif,Harem,Harem::4,0,0.33320647159421379,0.16915488978343679,0.93840203906614506,0.16795865822181169,0.3590587225796219,False,0,0.95195652173913048,0.1441304347826087,0.88978260869565218,0.63978260869565218,0.70878593716713789,Harem|Harem::4|Harem/4-8.tif|000747
748,Harem/4-9.tif,Harem,Harem::4,0,0.2077479208240578,0.18488404339530909,0.93413450584674484,0.068002470583035698,0.11452159990473243,False,0,0.27978260869565219,0.29847826086956519,0.86369565217391309,0.15456521739130435,0.58370063150657292,Harem|Harem::4|Harem/4-9.tif|000748
749,Harem/5-1.tif,Harem,Harem::5,1,0.25937860468480661,0.1926705564572174,0.91789536405243999,0.15192222954210469,0.36692873095885969,True,0.032109141639369197,0.72456521739130431,0.3815217391304348,0.74934782608695649,0.56717391304347831,0.3621509466072737,Harem|Harem::5|Harem/5-1.tif|000749
750,Harem/5-10.tif,Harem,Harem::5,1,0.17453507855948511,0.23252166365433591,0.93364870698687485,0.2095666206128472,0.42123094401376249,False,0,0.02326086956521739,0.85586956521739133,0.86065217391304349,0.7941304347826087,0.75531850841174175,Harem|Harem::5|Harem/5-10.tif|000750
751,Harem/5-2.tif,Harem,Harem::5,1,0.31853293971364599,0.2098374445128395,0.92957584746938215,0.2200332087797307,0.13784165092547473,True,0.040039979292890597,0.92891304347826087,0.60847826086956525,0.83326086956521739,0.82195652173913047,0.64066585754259919,Harem|Harem::5|Harem/5-2.tif|000751
752,Harem/5-3.tif,Harem,Harem::5,1,0.2413778188272257,0.20103570922762659,0.91303577131192715,0.083041059695780198,0.0700382429807479,True,0.038132277783773899,0.62413043478260866,0.48717391304347823,0.71630434782608698,0.23108695652173913,0.36698047521243626,Harem|Harem::5|Harem/5-3.tif|000752
753,Harem/5-5.tif,Harem,Harem::5,1,0.2242387498112918,0.21062876322862331,0.95957854399468323,0.031411304686647698,0.34117970258937058,False,0,0.46543478260869564,0.62021739130434783,0.97847826086956524,0.02326086956521739,0.68692693937405536,Harem|Harem::5|Harem/5-5.tif|000753
754,Harem/5-6.tif,Harem,Harem::5,1,0.23952731491001919,0.22370725613103881,0.94123264158459685,0.1182680811583324,0.42011524402401135,False,0,0.60891304347826092,0.77586956521739125,0.90717391304347827,0.41282608695652173,0.51122984520798476,Harem|Harem::5|Harem/5-6.tif|000754
755,Harem/5-7.tif,Harem,Harem::5,1,0.22304598093713709,0.2365485433858861,0.92636098467089778,0.17376244076980099,0.50898900741850817,False,0,0.45543478260869563,0.89065217391304352,0.81108695652173912,0.66369565217391302,0.52741496057916493,Harem|Harem::5|Harem/5-7.tif|000755
756,Harem/5-8.tif,Harem,Harem::5,1,0.27160504282155418,0.21398900133073859,0.94927066023106565,0.19305026277855861,0.40377816421173862,False,0,0.78195652173913044,0.66760869565217396,0.9415217391304348,0.73673913043478256,0.59881467668489263,Harem|Harem::5|Harem/5-8.tif|000756
757,Harem/5-9.tif,Harem,Harem::5,1,0.27717358513618162,0.20301732464910879,0.88489920418873591,0.14876135097781579,0.11734238499559468,False,0,0.80500000000000005,0.52152173913043476,0.52065217391304353,0.54978260869565221,0.31047223011257791,Harem|Harem::5|Harem/5-9.tif|000757
758,Harem/5_6.tif,Harem,Harem::5,1,0.2478095408469114,0.23920025699683581,0.95210576330198637,0.1338469044914638,0.39853916349286123,False,0,0.66369565217391302,0.90717391304347827,0.95326086956521738,0.49282608695652175,0.63093877905162332,Harem|Harem::5|Harem/5_6.tif|000758
759,Harem/6-1.tif,Harem,Harem::6,0,0.2335099133247589,0.1967696644309041,0.85522660557459607,0.053535358384648901,0.23047929040254378,True,0.20099790791465519,0.55326086956521736,0.43021739130434783,0.36673913043478262,0.083695652173913046,0.4458408932336681,Harem|Harem::6|Harem/6-1.tif|000759
760,Harem/6-10.tif,Harem,Harem::6,0,0.2783713896074147,0.1575386616812364,0.8701167729187772,0.073161000224350195,0.070963438009511215,False,0,0.81239130434782614,0.084565217391304348,0.43847826086956521,0.18152173913043479,0.61268891997930441,Harem|Harem::6|Harem/6-10.tif|000760
761,Harem/6-2.tif,Harem,Harem::6,0,0.27557121792265732,0.2079357814827168,0.90351950566335959,0.17899823655901051,0.23185869298900608,True,0.026900041881138401,0.79717391304347829,0.58499999999999996,0.64195652173913043,0.68630434782608696,0.3878121951109178,Harem|Harem::6|Harem/6-2.tif|000761
762,Harem/6-3.tif,Harem,Harem::6,0,0.25358693321256309,0.1370519209609361,0.84951389557532575,0.1612000872006942,0.039155249015265015,True,0.019074524283301201,0.69586956521739129,0.022391304347826088,0.33978260869565219,0.60847826086956525,0.55128223107467988,Harem|Harem::6|Harem/6-3.tif|000762
763,Harem/6-4.tif,Harem,Harem::6,0,0.25393087317992208,0.18769748423111909,0.88099080396259666,0.12821598815537019,0.50245033931777394,False,0,0.69891304347826089,0.32760869565217393,0.50108695652173918,0.46760869565217389,0.26520848167500782,Harem|Harem::6|Harem/6-4.tif|000763
764,Harem/6-5.tif,Harem,Harem::6,0,0.2864353686967287,0.18186042376486941,0.88317622804153539,0.081296919500194298,0.36647469515768749,False,0,0.84369565217391307,0.26630434782608697,0.51239130434782609,0.2232608695652174,0.49947817760687208,Harem|Harem::6|Harem/6-5.tif|000764
765,Harem/6-6.tif,Harem,Harem::6,0,0.1891647674945279,0.24941546454390159,0.95038258288780719,0.34537568029172788,0.45388962494796442,False,0,0.10152173913043479,0.95760869565217388,0.94586956521739129,0.98499999999999999,0.89566473186637352,Harem|Harem::6|Harem/6-6.tif|000765
766,Harem/6-7.tif,Harem,Harem::6,0,0.21319601449584349,0.18902193211667589,0.82364656223154764,0.093484810811691799,0.48851928751569723,False,0,0.34413043478260869,0.3402173913043478,0.215,0.28543478260869565,0.42081948138937703,Harem|Harem::6|Harem/6-7.tif|000766
767,Harem/6-8.tif,Harem,Harem::6,0,0.3167687247483722,0.17859752700184331,0.92811214334343417,0.13445607036187721,0.50957009214551219,False,0,0.92630434782608695,0.23152173913043478,0.82282608695652171,0.49456521739130432,0.59838298172377458,Harem|Harem::6|Harem/6-8.tif|000767
768,Harem/6-9.tif,Harem,Harem::6,0,0.28934522341104779,0.17763219705189759,0.88557928158634602,0.095982882389168106,0.25694060151219233,False,0,0.85456521739130431,0.22413043478260869,0.52369565217391301,0.29586956521739133,0.49401541345737315,Harem|Harem::6|Harem/6-9.tif|000768
769,Harem/6_6.tif,Harem,Harem::6,0,0.22137312516129909,0.21039350161544071,0.91912178178399961,0.15471063906618879,0.41613539818683648,False,0,0.43847826086956521,0.61673913043478257,0.75760869565217392,0.57804347826086955,0.29977653933383719,Harem|Harem::6|Harem/6_6.tif|000769
770,Harem/7-1.tif,Harem,Harem::7,4,0.30297602626489351,0.1835967965409219,0.89106554543498884,0.11186937381793011,0.4112350905397989,True,0.075563983821971895,0.89804347826086961,0.28239130434782611,0.55630434782608695,0.37673913043478263,0.4734507118587386,Harem|Harem::7|Harem/7-1.tif|000770
771,Harem/7-10.tif,Harem,Harem::7,4,0.28774722373818379,0.19225048473003409,0.91152255438038321,0.20740250929047219,0.50162154321498975,False,0,0.84978260869565214,0.37804347826086959,0.7045652173913044,0.78804347826086951,0.51189573164426205,Harem|Harem::7|Harem/7-10.tif|000771
772,Harem/7-2.tif,Harem,Harem::7,4,0.21414714514767591,0.2186924811886857,0.89165392118218634,0.096451231684351796,0.22390190457403714,True,0.0135918366189735,0.35326086956521741,0.72499999999999998,0.5628260869565217,0.2976086956521739,0.34215015662518544,Harem|Harem::7|Harem/7-2.tif|000772
773,Harem/7-3.tif,Harem,Harem::7,4,0.22177731273492399,0.21962085942235779,0.92407080510007344,0.053802396877314598,0.036536225127175914,True,0.20784254016827419,0.4415217391304348,0.73195652173913039,0.78847826086956518,0.084565217391304348,0.55949021489844464,Harem|Harem::7|Harem/7-3.tif|000773
774,Harem/7-4.tif,Harem,Harem::7,4,0.2434089280521744,0.2113082993598015,0.87154507223943578,0.24621017694801339,0.42956498052451209,False,0,0.63326086956521743,0.63500000000000001,0.44543478260869568,0.88500000000000001,0.43264976864230287,Harem|Harem::7|Harem/7-4.tif|000774
775,Harem/7-5.tif,Harem,Harem::7,4,0.2168770003183394,0.20262875511152159,0.91164934473963077,0.038575512270938098,0.33193571165659486,False,0,0.38804347826086955,0.51500000000000001,0.70499999999999996,0.03891304347826087,0.51709326454171167,Harem|Harem::7|Harem/7-5.tif|000775
776,Harem/7-6.tif,Harem,Harem::7,4,0.27159331094713252,0.18280495483225459,0.91012908574634555,0.16446172165274039,0.48326814653435607,False,0,0.78152173913043477,0.27543478260869564,0.6928260869565217,0.6236956521739131,0.42680972416607627,Harem|Harem::7|Harem/7-6.tif|000776
777,Harem/7-7.tif,Harem,Harem::7,4,0.24631313728499049,0.2109180378072244,0.87679803032029802,0.1940477547371586,0.55716440716168703,False,0,0.65369565217391301,0.62673913043478258,0.47717391304347828,0.74413043478260865,0.31592065477493159,Harem|Harem::7|Harem/7-7.tif|000777
778,Harem/7-8.tif,Harem,Harem::7,4,0.32473148329577078,0.19221568304997849,0.9328583183268474,0.15422783465723061,0.47461126018372474,False,0,0.93934782608695655,0.37717391304347825,0.856304347826087,0.57456521739130439,0.58363132185376354,Harem|Harem::7|Harem/7-8.tif|000778
779,Harem/7-9.tif,Harem,Harem::7,4,0.29792410247019308,0.17606021940971739,0.87799779544965095,0.12861278039783061,0.18266821715305481,False,0,0.88282608695652176,0.20978260869565218,0.48326086956521741,0.47021739130434781,0.48161099378894406,Harem|Harem::7|Harem/7-9.tif|000779
780,Harem/8-1.tif,Harem,Harem::8,3,0.21768220322533149,0.2357477289138124,0.87795689543268529,0.2115703750617719,0.34984449006509349,True,0.051005686712311003,0.39586956521739131,0.88282608695652176,0.48282608695652174,0.79891304347826086,0.49703411467737213,Harem|Harem::8|Harem/8-1.tif|000780
781,Harem/8-10.tif,Harem,Harem::8,3,0.2252097177210195,0.20238181149885209,0.88551687325021511,0.15371674406547861,0.48474412234186115,False,0,0.47456521739130436,0.51021739130434784,0.52326086956521745,0.57282608695652171,0.081215948222911796,Harem|Harem::8|Harem/8-10.tif|000781
782,Harem/8-2.tif,Harem,Harem::8,3,0.2114015719179784,0.22581817504388549,0.79292305280966524,0.075170446629385199,0.1941301687557051,True,0.0218328196955614,0.32673913043478259,0.79717391304347829,0.10804347826086956,0.1932608695652174,0.60502105136085316,Harem|Harem::8|Harem/8-2.tif|000782
783,Harem/8-3.tif,Harem,Harem::8,3,0.25178588617113762,0.22021549832059789,0.87252798565622935,0.1456866935143738,0.31836050625945245,False,0,0.68543478260869561,0.73804347826086958,0.45065217391304346,0.53934782608695653,0.30827620002352624,Harem|Harem::8|Harem/8-3.tif|000783
784,Harem/8-4.tif,Harem,Harem::8,3,0.22646012194568471,0.22291014876070919,0.90228312817742995,0.34600807212640511,0.51746493019884554,False,0,0.48586956521739133,0.76717391304347826,0.63413043478260867,0.98586956521739133,0.57065031055596405,Harem|Harem::8|Harem/8-4.tif|000784
785,Harem/8-5.tif,Harem,Harem::8,3,0.17261142964480669,0.25662023928786981,0.93215854450199276,0.16873218014933239,0.33285908341412884,False,0,0.018478260869565218,0.97369565217391307,0.85195652173913039,0.6423913043478261,0.77485445916781648,Harem|Harem::8|Harem/8-5.tif|000785
786,Harem/8-7.tif,Harem,Harem::8,3,0.20491281640843639,0.20757177886548159,0.87558337022795818,0.2471070503450451,0.45897631975137471,False,0,0.2515217391304348,0.57804347826086955,0.46847826086956523,0.88760869565217393,0.46804524525605995,Harem|Harem::8|Harem/8-7.tif|000786
787,Harem/8-8.tif,Harem,Harem::8,3,0.2420714457208967,0.21091560368743659,0.92004782476741365,0.096388695014900397,0.37478365257196861,False,0,0.62847826086956526,0.6263043478260869,0.76326086956521744,0.29673913043478262,0.37826011993928721,Harem|Harem::8|Harem/8-8.tif|000787
788,Harem/8-9.tif,Harem,Harem::8,3,0.26129783108861337,0.17529532480928631,0.8638049783024867,0.098807940766608301,0.20589620204483983,False,0,0.73499999999999999,0.20065217391304349,0.40804347826086956,0.30891304347826087,0.43566540811279353,Harem|Harem::8|Harem/8-9.tif|000788
789,Harem/8_6.tif,Harem,Harem::8,3,0.28496674855707249,0.2255780535442499,0.90042326204111323,0.1896578902235613,0.48757228562734867,False,0,0.8389130434782609,0.79282608695652179,0.62152173913043474,0.72282608695652173,0.51480886390155212,Harem|Harem::8|Harem/8_6.tif|000789
790,Harem/9-1.tif,Harem,Harem::9,2,0.20649431549376199,0.22385504815457261,0.84655550417932623,0.169654765033141,0.36989086078983713,True,0.059697538071657098,0.26978260869565218,0.7767391304347826,0.32369565217391305,0.64586956521739125,0.42655098955678372,Harem|Harem::9|Harem/9-1.tif|000790
791,Harem/9-10.tif,Harem,Harem::9,2,0.21677986919501899,0.21869410612659609,0.88655056345556249,0.22474869795721539,0.32876210050973664,False,0,0.38630434782608697,0.72543478260869565,0.52978260869565219,0.83282608695652172,0.41881708474295765,Harem|Harem::9|Harem/9-10.tif|000791
792,Harem/9-2.tif,Harem,Harem::9,2,0.2220147811463305,0.20569459997825121,0.86216897513546153,0.1171938814797864,0.11788350420249216,True,0.082862907666333793,0.44543478260869568,0.55630434782608695,0.39847826086956523,0.40543478260869564,0.15936369219309016,Harem|Harem::9|Harem/9-2.tif|000792
793,Harem/9-3.tif,Harem,Harem::9,2,0.22454635843230339,0.22982403277817079,0.86880044586319138,0.28037984233201152,0.040586169461002131,True,0.14653328794290629,0.47021739130434781,0.83108695652173914,0.43195652173913046,0.93630434782608696,0.55271780813117544,Harem|Harem::9|Harem/9-3.tif|000793
794,Harem/9-4.tif,Harem,Harem::9,2,0.27002937379260239,0.17906556634955359,0.88469637043729077,0.1299469348273356,0.40171618862194525,False,0,0.77326086956521745,0.2358695652173913,0.51891304347826084,0.47499999999999998,0.38133855381746978,Harem|Harem::9|Harem/9-4.tif|000794
795,Harem/9-5.tif,Harem,Harem::9,2,0.2036745516445613,0.2091574884177331,0.86772488393579295,0.047313222342227103,0.3552632363033088,False,0,0.23847826086956522,0.59978260869565214,0.42499999999999999,0.0641304347826087,0.52340946391779597,Harem|Harem::9|Harem/9-5.tif|000795
796,Harem/9-6.tif,Harem,Harem::9,2,0.21366437077763309,0.18935461309264609,0.91273262589672521,0.13596269312297229,0.48190283382935256,False,0,0.34891304347826085,0.34413043478260869,0.7145652173913043,0.50239130434782608,0.30523194564580247,Harem|Harem::9|Harem/9-6.tif|000796
797,Harem/9-7.tif,Harem,Harem::9,2,0.23376230025929701,0.1977666974301491,0.91183043684185305,0.11944815504133161,0.56527075573414276,False,0,0.5571739130434783,0.4415217391304348,0.70673913043478265,0.4176086956521739,0.23710326529193629,Harem|Harem::9|Harem/9-7.tif|000797
798,Harem/9-8.tif,Harem,Harem::9,2,0.28479822704849328,0.20763804100180869,0.90774172692181598,0.16705520562234741,0.33523913065334809,False,0,0.83847826086956523,0.57934782608695656,0.67456521739130437,0.63630434782608691,0.41220807966994,Harem|Harem::9|Harem/9-8.tif|000798
799,Harem/9-9.tif,Harem,Harem::9,2,0.29291979042649952,0.16430385558863261,0.86880697493746584,0.106462358646901,0.21959797466673847,False,0,0.86804347826086958,0.11543478260869565,0.43239130434782608,0.3432608695652174,0.5590031297361584,Harem|Harem::9|Harem/9-9.tif|000799
800,Hoodie/1-1.tif,Hoodie,Hoodie::1,2,0.1851390532414568,0.21994782359902801,0.79196994283648081,0.0983889743231426,0.2581841568600356,True,0.047478076718691802,0.075869565217391299,0.73499999999999999,0.10456521739130435,0.30543478260869567,0.65523729810214293,Hoodie|Hoodie::1|Hoodie/1-1.tif|000800
801,Hoodie/1-10.tif,Hoodie,Hoodie::1,2,0.2409932283245344,0.18680749968722291,0.82206609860347013,0.027636130166669302,0.61416648736857049,False,0,0.62195652173913041,0.31760869565217392,0.2058695652173913,0.014130434782608696,0.60886938514459044,Hoodie|Hoodie::1|Hoodie/1-10.tif|000801
802,Hoodie/1-2.tif,Hoodie,Hoodie::1,2,0.25324191382965128,0.14656130464346001,0.87216035467860553,0.1018898958501807,0.23463902952138482,True,0.029438410579673599,0.69369565217391305,0.041956521739130434,0.4493478260869565,0.32195652173913042,0.53064767644995781,Hoodie|Hoodie::1|Hoodie/1-2.tif|000802
803,Hoodie/1-3.tif,Hoodie,Hoodie::1,2,0.20825181894365799,0.1985596793664251,0.83202987742510293,0.014897001736146999,0.1126813651954337,True,0.093034271725582401,0.28499999999999998,0.45065217391304346,0.25630434782608696,0.0023913043478260869,0.59637420535820895,Hoodie|Hoodie::1|Hoodie/1-3.tif|000803
804,Hoodie/1-4.tif,Hoodie,Hoodie::1,2,0.19167521199975379,0.20466352811881139,0.88579354773528751,0.1156250448357496,0.35497379638652782,False,0,0.12630434782608696,0.54369565217391302,0.52500000000000002,0.39934782608695651,0.39027376364035971,Hoodie|Hoodie::1|Hoodie/1-4.tif|000804
805,Hoodie/1-5.tif,Hoodie,Hoodie::1,2,0.19892805792443949,0.21563493840064579,0.86496957239760386,0.1667550175144773,0.4179955377903537,False,0,0.19369565217391305,0.69239130434782614,0.41282608695652173,0.63500000000000001,0.39580431857312298,Hoodie|Hoodie::1|Hoodie/1-5.tif|000805
806,Hoodie/1-6.tif,Hoodie,Hoodie::1,2,0.23443210463972061,0.1649193885225699,0.81642605791694012,0.093800187488371101,0.46711270124375093,False,0,0.56673913043478263,0.11978260869565217,0.18717391304347827,0.28717391304347828,0.54053166433727884,Hoodie|Hoodie::1|Hoodie/1-6.tif|000806
807,Hoodie/1-7.tif,Hoodie,Hoodie::1,2,0.23909729840293681,0.19161805822521069,0.91236434501897379,0.1170405767001927,0.44255517132290367,False,0,0.60543478260869565,0.3706521739130435,0.71065217391304347,0.40456521739130435,0.28518325617578705,Hoodie|Hoodie::1|Hoodie/1-7.tif|000807
808,Hoodie/1-8.tif,Hoodie,Hoodie::1,2,0.250514944888033,0.15633987462963789,0.90111081447597241,0.079595475266716995,0.33776615478022542,False,0,0.67717391304347829,0.07978260869565218,0.62673913043478258,0.215,0.55250435165809719,Hoodie|Hoodie::1|Hoodie/1-8.tif|000808
809,Hoodie/1-9.tif,Hoodie,Hoodie::1,2,0.25036643178639439,0.1985876968754749,0.90103146238092402,0.098324274412641605,0.24046112090361982,False,0,0.67630434782608695,0.45152173913043481,0.62543478260869567,0.30499999999999999,0.29528333770704063,Hoodie|Hoodie::1|Hoodie/1-9.tif|000809
810,Hoodie/10-1.tif,Hoodie,Hoodie::10,3,0.25212211254295269,0.15534273947675281,0.80411188724813831,0.073273676976281996,0.24375740915726929,True,0.16414044306858991,0.68630434782608696,0.076304347826086957,0.14326086956521739,0.18239130434782608,0.66510556036408319,Hoodie|Hoodie::10|Hoodie/10-1.tif|000810
811,Hoodie/10-10.tif,Hoodie,Hoodie::10,3,0.21447135991512051,0.1779432190562934,0.8427685893767789,0.082048374935589002,0.53450092508177449,False,0,0.35717391304347829,0.22760869565217393,0.30673913043478263,0.22804347826086957,0.45376913427553889,Hoodie|Hoodie::10|Hoodie/10-10.tif|000811
812,Hoodie/10-2.tif,Hoodie,Hoodie::10,3,0.2768561230411265,0.18113405295261081,0.84737055601529998,0.14711185033067539,0.1203088320689335,True,0.1673425964406183,0.80369565217391303,0.25760869565217392,0.32847826086956522,0.54369565217391302,0.42698197922864534,Hoodie|Hoodie::10|Hoodie/10-2.tif|000812
813,Hoodie/10-3.tif,Hoodie,Hoodie::10,3,0.2339969809641434,0.2109006217968287,0.7980863770608374,0.070602847195620599,0.036388480739466766,True,0.0176253368334503,0.56021739130434778,0.62543478260869567,0.1232608695652174,0.16369565217391305,0.52382535798782925,Hoodie|Hoodie::10|Hoodie/10-3.tif|000813
814,Hoodie/10-4.tif,Hoodie,Hoodie::10,3,0.22649860054355039,0.2127836486804229,0.81507469974332902,0.065796428632390797,0.41354429178785779,False,0,0.48673913043478262,0.65108695652173909,0.18195652173913043,0.14326086956521739,0.501415576483484,Hoodie|Hoodie::10|Hoodie/10-4.tif|000814
815,Hoodie/10-5.tif,Hoodie,Hoodie::10,3,0.1699988835890619,0.22053937503966131,0.8297504007130615,0.1322820888127185,0.50608378295355405,False,0,0.013260869565217392,0.74152173913043473,0.24456521739130435,0.48456521739130437,0.60061043301754879,Hoodie|Hoodie::10|Hoodie/10-5.tif|000815
816,Hoodie/10-7.tif,Hoodie,Hoodie::10,3,0.22039467041197,0.1867965225171053,0.82472290133414228,0.016955135406473299,0.50589847740941429,False,0,0.42369565217391303,0.31717391304347825,0.22021739130434784,0.0045652173913043482,0.60247959593339595,Hoodie|Hoodie::10|Hoodie/10-7.tif|000816
817,Hoodie/10-8.tif,Hoodie,Hoodie::10,3,0.23849104757802889,0.151268192121357,0.84307691376903093,0.081786122574303094,0.33776701875067028,False,0,0.60065217391304349,0.058478260869565216,0.30760869565217391,0.22630434782608697,0.56302400503508432,Hoodie|Hoodie::10|Hoodie/10-8.tif|000817
818,Hoodie/10-9.tif,Hoodie,Hoodie::10,3,0.2230909022079611,0.1882655794420712,0.82306306557353059,0.021217898199478401,0.39820027623958854,False,0,0.4558695652173913,0.33282608695652172,0.21152173913043479,0.0063043478260869567,0.5973689952166289,Hoodie|Hoodie::10|Hoodie/10-9.tif|000818
819,Hoodie/10_6.tif,Hoodie,Hoodie::10,3,0.24039327910418359,0.1477193427006554,0.80632729203528075,0.1149032155990138,0.50260411180354503,False,0,0.61717391304347824,0.045869565217391307,0.15152173913043479,0.39282608695652171,0.59404336847530714,Hoodie|Hoodie::10|Hoodie/10_6.tif|000819
820,Hoodie/2-1.tif,Hoodie,Hoodie::2,1,0.1860987214172774,0.16448961935426989,0.84658495181650695,0.084360665511410401,0.24315495943022258,True,0.15969623197675981,0.082826086956521744,0.11760869565217391,0.32500000000000001,0.23891304347826087,0.64733961892550951,Hoodie|Hoodie::2|Hoodie/2-1.tif|000820
821,Hoodie/2-10.tif,Hoodie,Hoodie::2,1,0.1952107835188315,0.1826787186709565,0.78336856075457872,0.030537302223361401,0.5639620518252304,False,0,0.15804347826086956,0.27456521739130435,0.08673913043478261,0.020652173913043477,0.75386602832190619,Hoodie|Hoodie::2|Hoodie/2-10.tif|000821
822,Hoodie/2-2.tif,Hoodie,Hoodie::2,1,0.23404275384261089,0.18646892338720589,0.92956528002454641,0.037741538907987801,0.24517018508229971,True,0.0583549218207077,0.56152173913043479,0.31369565217391304,0.83282608695652172,0.036739130434782608,0.60322306971272943,Hoodie|Hoodie::2|Hoodie/2-2.tif|000822
823,Hoodie/2-3.tif,Hoodie,Hoodie::2,1,0.1911688292378734,0.2018116821566065,0.80880826387298055,0.036339532836810802,0.033977059763103057,True,0.12591939995582349,0.12152173913043478,0.49804347826086959,0.15847826086956521,0.032826086956521741,0.69147536850939129,Hoodie|Hoodie::2|Hoodie/2-3.tif|000823
824,Hoodie/2-4.tif,Hoodie,Hoodie::2,1,0.20101637948699991,0.17553402037134341,0.82079956285243139,0.064797895691416696,0.49888748670103117,False,0,0.21847826086956521,0.20499999999999999,0.20108695652173914,0.13891304347826086,0.62129887118406513,Hoodie|Hoodie::2|Hoodie/2-4.tif|000824
825,Hoodie/2-5.tif,Hoodie,Hoodie::2,1,0.1875326869184252,0.20023300732619659,0.80099210162497148,0.033198735314426402,0.52623433586360813,False,0,0.091521739130434779,0.47456521739130436,0.1332608695652174,0.025434782608695652,0.72609307469434847,Hoodie|Hoodie::2|Hoodie/2-5.tif|000825
826,Hoodie/2-7.tif,Hoodie,Hoodie::2,1,0.20939988385215161,0.16428371699531699,0.80298690693075991,0.096255303422159794,0.52797161326911957,False,0,0.30021739130434782,0.115,0.13891304347826086,0.29630434782608694,0.60001149957473998,Hoodie|Hoodie::2|Hoodie/2-7.tif|000826
827,Hoodie/2-8.tif,Hoodie,Hoodie::2,1,0.20956967761902251,0.18745150302263641,0.79268374168255018,0.063032546698955305,0.37578498765929147,False,0,0.30239130434782607,0.32326086956521738,0.10760869565217392,0.12804347826086956,0.60216983203765451,Hoodie|Hoodie::2|Hoodie/2-8.tif|000827
828,Hoodie/2-9.tif,Hoodie,Hoodie::2,1,0.2029781819337666,0.2244293598228588,0.88918558316251906,0.12846106448024749,0.37290094619638581,False,0,0.23195652173913042,0.78369565217391302,0.5441304347826087,0.46891304347826085,0.39401068950023893,Hoodie|Hoodie::2|Hoodie/2-9.tif|000828
829,Hoodie/2_6.tif,Hoodie,Hoodie::2,1,0.18798032876631809,0.2302831321763833,0.80340695089518155,0.15026011600296699,0.51261407358524835,False,0,0.095000000000000001,0.83369565217391306,0.14108695652173914,0.5571739130434783,0.63833002231706482,Hoodie|Hoodie::2|Hoodie/2_6.tif|000829
830,Hoodie/3-1.tif,Hoodie,Hoodie::3,1,0.17982937147096231,0.19830638380219531,0.81936068696111486,0.16556287714315071,0.34509594822477219,True,0.038704003444221799,0.044565217391304347,0.44586956521739129,0.19630434782608697,0.62804347826086959,0.56478060045832335,Hoodie|Hoodie::3|Hoodie/3-1.tif|000830
831,Hoodie/3-10.tif,Hoodie,Hoodie::3,1,0.2199380237086826,0.1612443945987275,0.79198713655399444,0.047778467985048798,0.57723392039455856,False,0,0.42021739130434782,0.10108695652173913,0.105,0.065434782608695646,0.71440101418861668,Hoodie|Hoodie::3|Hoodie/3-10.tif|000831
832,Hoodie/3-2.tif,Hoodie,Hoodie::3,1,0.2209976122507023,0.199967780927924,0.89521028033309336,0.045140289050924501,0.19635006754165796,True,0.015286078059946801,0.43239130434782608,0.46934782608695652,0.58804347826086956,0.055,0.45965981503461445,Hoodie|Hoodie::3|Hoodie/3-2.tif|000832
833,Hoodie/3-3.tif,Hoodie,Hoodie::3,1,0.19686035178708261,0.19194864925861821,0.81568310809484756,0.080593675260040701,0.031734476033137504,True,0.047374796046670699,0.17152173913043478,0.37456521739130433,0.18369565217391304,0.22065217391304348,0.54928635605226861,Hoodie|Hoodie::3|Hoodie/3-3.tif|000833
834,Hoodie/3-4.tif,Hoodie,Hoodie::3,1,0.19671374145900161,0.20670120831837971,0.80898607242951892,0.14403389894033691,0.37313977406526189,False,0,0.16934782608695653,0.56717391304347831,0.15934782608695652,0.5354347826086957,0.48077304637136459,Hoodie|Hoodie::3|Hoodie/3-4.tif|000834
835,Hoodie/3-5.tif,Hoodie,Hoodie::3,1,0.20506314485823249,0.192939968672596,0.79193891170200503,0.090024121015990805,0.5228440191529955,False,0,0.25326086956521737,0.38673913043478259,0.10413043478260869,0.27021739130434785,0.53218510218416248,Hoodie|Hoodie::3|Hoodie/3-5.tif|000835
836,Hoodie/3-7.tif,Hoodie,Hoodie::3,1,0.20829901601939421,0.21141250010724741,0.80627489867761859,0.20062176150144101,0.49487405075320334,False,0,0.28673913043478261,0.63543478260869568,0.15065217391304347,0.763695652173913,0.50537320803054553,Hoodie|Hoodie::3|Hoodie/3-7.tif|000836
837,Hoodie/3-8.tif,Hoodie,Hoodie::3,1,0.19845449950134431,0.19421577102863671,0.88779983426412123,0.1742397743378678,0.41294706037008488,False,0,0.18891304347826088,0.39934782608695651,0.53717391304347828,0.66500000000000004,0.36812070634826299,Hoodie|Hoodie::3|Hoodie/3-8.tif|000837
838,Hoodie/3-9.tif,Hoodie,Hoodie::3,1,0.2683107162296709,0.15802908691373829,0.78920902562523054,0.056926711329865903,0.42343896445410806,False,0,0.76760869565217393,0.086304347826086952,0.096739130434782605,0.098913043478260868,0.75249490511937944,Hoodie|Hoodie::3|Hoodie/3-9.tif|000838
839,Hoodie/3_6.tif,Hoodie,Hoodie::3,1,0.19305763462788411,0.1885697254672806,0.86778298721172564,0.20118660722978729,0.22756071612821027,True,0.031329418193923098,0.13934782608695653,0.3367391304347826,0.42586956521739128,0.76717391304347826,0.48332320785517613,Hoodie|Hoodie::3|Hoodie/3_6.tif|000839
840,Hoodie/4-1.tif,Hoodie,Hoodie::4,0,0.17899742484047579,0.23757272767762769,0.84161612605344949,0.1924032638699926,0.42848251343922422,True,0.0438027504714254,0.042391304347826085,0.89543478260869569,0.30195652173913046,0.73282608695652174,0.67764562396758654,Hoodie|Hoodie::4|Hoodie/4-1.tif|000840
841,Hoodie/4-10.tif,Hoodie,Hoodie::4,0,0.1971342311437031,0.22890316768823629,0.92357612499627262,0.1913478356784461,0.6456991916891982,False,0,0.1741304347826087,0.82282608695652171,0.78673913043478261,0.72978260869565215,0.58773040770076357,Hoodie|Hoodie::4|Hoodie/4-10.tif|000841
842,Hoodie/4-2.tif,Hoodie,Hoodie::4,0,0.2989684883526898,0.13942906866986829,0.85316766393775612,0.071293976663713204,0.16835701585923357,True,0.081833853858539196,0.88717391304347826,0.026739130434782609,0.35543478260869565,0.17065217391304346,0.70940015663278777,Hoodie|Hoodie::4|Hoodie/4-2.tif|000842
843,Hoodie/4-3.tif,Hoodie,Hoodie::4,0,0.191995113448096,0.2319706454198808,0.90273079965461678,0.071131914542328506,0.037577629957758707,True,0.12867548142615831,0.13152173913043477,0.85152173913043483,0.63630434782608691,0.16934782608695653,0.62229695255919515,Hoodie|Hoodie::4|Hoodie/4-3.tif|000843
844,Hoodie/4-4.tif,Hoodie,Hoodie::4,0,0.19971410955173369,0.19438482462214449,0.93842973801651397,0.18164850587581241,0.51500649223519479,False,0,0.2023913043478261,0.40152173913043476,0.89065217391304352,0.69717391304347831,0.53828949140731552,Hoodie|Hoodie::4|Hoodie/4-4.tif|000844
845,Hoodie/4-5.tif,Hoodie,Hoodie::4,0,0.27681737214292318,0.15438821122642041,0.90451145763425678,0.11009486356894189,0.57410298728880749,False,0,0.80326086956521736,0.070652173913043473,0.64891304347826084,0.36499999999999999,0.5627670968464713,Hoodie|Hoodie::4|Hoodie/4-5.tif|000845
846,Hoodie/4-6.tif,Hoodie,Hoodie::4,0,0.20859707909959549,0.24396644771916701,0.91585240048341099,0.1134806432039167,0.50228454708695591,False,0,0.2910869565217391,0.93413043478260871,0.73804347826086958,0.38717391304347826,0.54909773044544652,Hoodie|Hoodie::4|Hoodie/4-6.tif|000846
847,Hoodie/4-7.tif,Hoodie,Hoodie::4,0,0.1968494798487945,0.24503019485221869,0.9320003145412934,0.24470757431262249,0.47097569585739457,False,0,0.17108695652173914,0.93847826086956521,0.85108695652173916,0.88152173913043474,0.75449841874860135,Hoodie|Hoodie::4|Hoodie/4-7.tif|000847
848,Hoodie/4-8.tif,Hoodie,Hoodie::4,0,0.19876042451807091,0.22342127202782541,0.92694376399088685,0.26680566491016711,0.4781052440475117,False,0,0.19195652173913044,0.77152173913043476,0.81456521739130439,0.91586956521739127,0.6637119937036029,Hoodie|Hoodie::4|Hoodie/4-8.tif|000848
849,Hoodie/4-9.tif,Hoodie,Hoodie::4,0,0.20429126330765179,0.23419099051260781,0.9369581662662988,0.1125150928210914,0.27205074003797181,True,0.047952119481343002,0.24630434782608696,0.86804347826086958,0.88195652173913042,0.38108695652173913,0.59987380525459166,Hoodie|Hoodie::4|Hoodie/4-9.tif|000849
850,Hoodie/5-1.tif,Hoodie,Hoodie::5,4,0.2265739581224854,0.20511744045663091,0.81865601554362333,0.1248030179058324,0.34137301093857031,True,0.015525606343589401,0.48717391304347823,0.54978260869565221,0.1932608695652174,0.44239130434782609,0.31630756012114553,Hoodie|Hoodie::5|Hoodie/5-1.tif|000850
851,Hoodie/5-10.tif,Hoodie,Hoodie::5,4,0.19597445288981341,0.2031734907676164,0.86805837014698495,0.0391201059402655,0.1127695844304526,False,0,0.16369565217391305,0.52500000000000002,0.42804347826086958,0.041086956521739132,0.57402485735550146,Hoodie|Hoodie::5|Hoodie/5-10.tif|000851
852,Hoodie/5-2.tif,Hoodie,Hoodie::5,4,0.29782788569185609,0.13892806504860969,0.90492674111632876,0.099696391695008796,0.1746726969530138,True,0.038573171274706997,0.88239130434782609,0.025869565217391303,0.65195652173913043,0.31108695652173912,0.65559263367067466,Hoodie|Hoodie::5|Hoodie/5-2.tif|000852
853,Hoodie/5-3.tif,Hoodie,Hoodie::5,4,0.2110714045241911,0.17982160804563529,0.84186745222837522,0.074106733160372404,0.02508905028474151,True,0.1008925421356025,0.32239130434782609,0.245,0.30413043478260871,0.18630434782608696,0.48305247907710097,Hoodie|Hoodie::5|Hoodie/5-3.tif|000853
854,Hoodie/5-4.tif,Hoodie,Hoodie::5,4,0.1939829926692776,0.21903127350478541,0.86459036038677284,0.10975820948035089,0.46281723046627604,False,0,0.14586956521739131,0.7276086956521739,0.41195652173913044,0.36282608695652174,0.45142266188100855,Hoodie|Hoodie::5|Hoodie/5-4.tif|000854
855,Hoodie/5-5.tif,Hoodie,Hoodie::5,4,0.19363591202562411,0.21010533577333679,0.87435526456041057,0.050920655737144098,0.42982389807163202,False,0,0.14369565217391303,0.61108695652173917,0.46282608695652172,0.075434782608695655,0.56650739078896895,Hoodie|Hoodie::5|Hoodie/5-5.tif|000855
856,Hoodie/5-7.tif,Hoodie,Hoodie::5,4,0.2123856801474015,0.2180656722307722,0.8733616978280474,0.25989878754403439,0.33923787533506655,False,0,0.33847826086956523,0.71804347826086956,0.45500000000000002,0.90586956521739126,0.49029311089752498,Hoodie|Hoodie::5|Hoodie/5-7.tif|000856
857,Hoodie/5-8.tif,Hoodie,Hoodie::5,4,0.2555241968795714,0.2041969655667269,0.88630804504934169,0.062833261559559594,0.17020589190183122,False,0,0.70543478260869563,0.54021739130434787,0.52804347826086961,0.12630434782608696,0.42925023657007239,Hoodie|Hoodie::5|Hoodie/5-8.tif|000857
858,Hoodie/5-9.tif,Hoodie,Hoodie::5,4,0.24508199624662441,0.18924526707173381,0.82508929012859833,0.1238242186223049,0.50188495143506417,False,0,0.64456521739130435,0.3432608695652174,0.22239130434782609,0.43673913043478263,0.35571727904151024,Hoodie|Hoodie::5|Hoodie/5-9.tif|000858
859,Hoodie/5_6.tif,Hoodie,Hoodie::5,4,0.22143606122898071,0.21062228238500719,0.87436664770456007,0.25769475668771691,0.47532106764914273,False,0,0.43891304347826088,0.61978260869565216,0.46326086956521739,0.90456521739130435,0.427904508542504,Hoodie|Hoodie::5|Hoodie/5_6.tif|000859
860,Hoodie/6-1.tif,Hoodie,Hoodie::6,3,0.18569878199470569,0.24399971913378291,0.90610134002262899,0.17488981412590809,0.25284966407401488,True,0.026689732422145899,0.07978260869565218,0.93456521739130438,0.66021739130434787,0.66847826086956519,0.64767593824611613,Hoodie|Hoodie::6|Hoodie/6-1.tif|000860
861,Hoodie/6-10.tif,Hoodie,Hoodie::6,3,0.2179591277430134,0.22352412932670609,0.84876205053659504,0.1031024744322175,0.64125059834013887,False,0,0.39891304347826084,0.77369565217391301,0.3367391304347826,0.32804347826086955,0.37596680664327609,Hoodie|Hoodie::6|Hoodie/6-10.tif|000861
862,Hoodie/6-2.tif,Hoodie,Hoodie::6,3,0.25728221485653618,0.1539221766811073,0.67031404511656079,0.092271242081807203,0.095681039813739766,True,0.067697824456607297,0.71499999999999997,0.068913043478260869,0.00065217391304347831,0.28239130434782611,0.72716075246425782,Hoodie|Hoodie::6|Hoodie/6-2.tif|000862
863,Hoodie/6-3.tif,Hoodie,Hoodie::6,3,0.2213614360060272,0.2039778901492707,0.81016042843966551,0.1801402216901305,0.35202170532651855,False,0,0.43804347826086959,0.53630434782608694,0.16369565217391305,0.69108695652173913,0.39341003492102172,Hoodie|Hoodie::6|Hoodie/6-3.tif|000863
864,Hoodie/6-4.tif,Hoodie,Hoodie::6,3,0.2301333706962656,0.16270484594025869,0.85452956249670986,0.10792839856499251,0.46702386113935673,False,0,0.52195652173913043,0.10717391304347826,0.36499999999999999,0.35195652173913045,0.4415159055980093,Hoodie|Hoodie::6|Hoodie/6-4.tif|000864
865,Hoodie/6-5.tif,Hoodie,Hoodie::6,3,0.2360334119155714,0.17942328939203031,0.83484138073262726,0.12004549707785531,0.50342259535370937,False,0,0.57543478260869563,0.24065217391304347,0.27282608695652172,0.41934782608695653,0.36202826028866453,Hoodie|Hoodie::6|Hoodie/6-5.tif|000865
866,Hoodie/6-7.tif,Hoodie,Hoodie::6,3,0.23713070699132549,0.16436444646543241,0.82575630220584606,0.090253636614079605,0.4621927131618791,False,0,0.58369565217391306,0.11630434782608695,0.22586956521739129,0.27108695652173914,0.53082576467101084,Hoodie|Hoodie::6|Hoodie/6-7.tif|000866
867,Hoodie/6-8.tif,Hoodie,Hoodie::6,3,0.19036458440986051,0.23059373078820691,0.89329007330951493,0.1488425933445689,0.38553836362622773,False,0,0.11369565217391304,0.83673913043478265,0.57760869565217388,0.55065217391304344,0.52078118579520594,Hoodie|Hoodie::6|Hoodie/6-8.tif|000867
868,Hoodie/6-9.tif,Hoodie,Hoodie::6,3,0.22443864401527999,0.21528456417445929,0.8596777198136375,0.099817537277755206,0.4253787513586117,False,0,0.46804347826086956,0.68673913043478263,0.3858695652173913,0.31239130434782608,0.29002672453617029,Hoodie|Hoodie::6|Hoodie/6-9.tif|000868
869,Hoodie/6_6.tif,Hoodie,Hoodie::6,3,0.2224730985204052,0.1523122886216276,0.78171013921354882,0.13901236832097341,0.55350751403999054,False,0,0.4493478260869565,0.063695652173913042,0.085000000000000006,0.513695652173913,0.60443336898498012,Hoodie|Hoodie::6|Hoodie/6_6.tif|000869
870,Hoodie/7-1.tif,Hoodie,Hoodie::7,4,0.20458934579804891,0.23147284152434119,0.9067040799731384,0.16637241966589819,0.32882947508034988,True,0.078974066280162195,0.24891304347826088,0.84630434782608699,0.66456521739130436,0.63195652173913042,0.47693353359051827,Hoodie|Hoodie::7|Hoodie/7-1.tif|000870
871,Hoodie/7-10.tif,Hoodie,Hoodie::7,4,0.19195345828371521,0.23504452860493941,0.84075517850307857,0.32383121183371688,0.63511213563674129,False,0,0.13065217391304348,0.8763043478260869,0.2976086956521739,0.97413043478260875,0.73741758054086104,Hoodie|Hoodie::7|Hoodie/7-10.tif|000871
872,Hoodie/7-2.tif,Hoodie,Hoodie::7,4,0.2090347889498668,0.19406838343026189,0.82330321694035669,0.1029174980140441,0.090390971246023466,True,0.061936269865622298,0.29456521739130437,0.39717391304347827,0.21326086956521739,0.32717391304347826,0.40603551484995826,Hoodie|Hoodie::7|Hoodie/7-2.tif|000872
873,Hoodie/7-3.tif,Hoodie,Hoodie::7,4,0.20767820715496571,0.21837060305163991,0.88760265033278851,0.16216356067035201,0.047901197262912865,True,0.044299219786666899,0.27934782608695652,0.72239130434782606,0.53586956521739126,0.61282608695652174,0.33490539814831988,Hoodie|Hoodie::7|Hoodie/7-3.tif|000873
874,Hoodie/7-4.tif,Hoodie,Hoodie::7,4,0.1989987024637182,0.22363806059928651,0.90974162545744996,0.41032647090268592,0.55565065521736745,False,0,0.19413043478260869,0.77500000000000002,0.69108695652173913,0.99760869565217392,0.67328287507382423,Hoodie|Hoodie::7|Hoodie/7-4.tif|000874
875,Hoodie/7-5.tif,Hoodie,Hoodie::7,4,0.2033596152963717,0.2214129641027576,0.91393146898313482,0.037070629721719497,0.51423383847532933,False,0,0.2358695652173913,0.74847826086956526,0.72413043478260875,0.035000000000000003,0.63084529363311803,Hoodie|Hoodie::7|Hoodie/7-5.tif|000875
876,Hoodie/7-7.tif,Hoodie,Hoodie::7,4,0.18955228563355189,0.2393778689275034,0.89536429376131643,0.23376910580308949,0.51704657510872742,False,0,0.10369565217391305,0.90934782608695652,0.58847826086956523,0.85499999999999998,0.67710869251138706,Hoodie|Hoodie::7|Hoodie/7-7.tif|000876
877,Hoodie/7-8.tif,Hoodie,Hoodie::7,4,0.23289485093964599,0.21473692969623731,0.92778794888047944,0.068945087827596299,0.31672565661844876,False,0,0.5454347826086956,0.67804347826086953,0.82108695652173913,0.15847826086956521,0.50348558228513174,Hoodie|Hoodie::7|Hoodie/7-8.tif|000877
878,Hoodie/7-9.tif,Hoodie,Hoodie::7,4,0.22564600794904949,0.2235149919397498,0.82832318364942936,0.30038168623534772,0.42642145928433917,False,0,0.4776086956521739,0.77282608695652177,0.23978260869565218,0.95630434782608698,0.59233621602653608,Hoodie|Hoodie::7|Hoodie/7-9.tif|000878
879,Hoodie/7_6.tif,Hoodie,Hoodie::7,4,0.21125301533669541,0.22621173851587131,0.90921799304178996,0.055645974058850099,0.48903784223694252,False,0,0.32500000000000001,0.80326086956521736,0.68586956521739129,0.094130434782608699,0.56733566277232039,Hoodie|Hoodie::7|Hoodie/7_6.tif|000879
880,Hoodie/8-1.tif,Hoodie,Hoodie::8,2,0.2200871367790741,0.19511231942196189,0.85543880206659217,0.081671833187484305,0.44250758728091416,True,0.020205616045917699,0.42152173913043478,0.40891304347826085,0.36760869565217391,0.22543478260869565,0.32767237775796371,Hoodie|Hoodie::8|Hoodie/8-1.tif|000880
881,Hoodie/8-10.tif,Hoodie,Hoodie::8,2,0.2341545234007949,0.20084350830295081,0.83546418094778996,0.1223493462286435,0.65854170675433354,False,0,0.56456521739130439,0.48282608695652174,0.2767391304347826,0.42804347826086958,0.24389909283517705,Hoodie|Hoodie::8|Hoodie/8-10.tif|000881
882,Hoodie/8-2.tif,Hoodie,Hoodie::8,2,0.2296506817853321,0.1661709458652976,0.76123144937100051,0.074836445868780396,0.1155793818154407,True,0.16909378003777731,0.51760869565217393,0.12760869565217392,0.051521739130434785,0.18978260869565217,0.66057015528762031,Hoodie|Hoodie::8|Hoodie/8-2.tif|000882
883,Hoodie/8-3.tif,Hoodie,Hoodie::8,2,0.26403334292671859,0.1856284271973313,0.84028811734660225,0.1909633454896581,0.066287683265311315,True,0.10187496754841691,0.74978260869565216,0.30369565217391303,0.29673913043478262,0.72804347826086957,0.44073297772682568,Hoodie|Hoodie::8|Hoodie/8-3.tif|000883
884,Hoodie/8-4.tif,Hoodie,Hoodie::8,2,0.2016190147310179,0.2035966187704869,0.83095279553862833,0.088748551537654596,0.53432232861393891,False,0,0.22369565217391305,0.53021739130434786,0.2515217391304348,0.26369565217391305,0.4414050003014412,Hoodie|Hoodie::8|Hoodie/8-4.tif|000884
885,Hoodie/8-6.tif,Hoodie,Hoodie::8,2,0.2204366747571537,0.19145716976898791,0.8204684900158018,0.13250050637689451,0.49533948021857604,False,0,0.42456521739130437,0.36978260869565216,0.20021739130434782,0.48630434782608695,0.33571440062971702,Hoodie|Hoodie::8|Hoodie/8-6.tif|000885
886,Hoodie/8-7.tif,Hoodie,Hoodie::8,2,0.249431571608905,0.20202699052081241,0.83395149040005401,0.053965780033489702,0.4374095090804071,False,0,0.67021739130434788,0.50239130434782608,0.26630434782608697,0.085000000000000006,0.50578487174285069,Hoodie|Hoodie::8|Hoodie/8-7.tif|000886
887,Hoodie/8-8.tif,Hoodie,Hoodie::8,2,0.23882803262353819,0.183662665438379,0.86671633492157973,0.076520874602513403,0.31166738674035493,False,0,0.60239130434782606,0.28413043478260869,0.42152173913043478,0.20152173913043478,0.39029701258660232,Hoodie|Hoodie::8|Hoodie/8-8.tif|000887
888,Hoodie/8-9.tif,Hoodie,Hoodie::8,2,0.2448951206256138,0.1415866113567161,0.83337990689487773,0.0921145015938232,0.40883651814837041,False,0,0.64326086956521744,0.032826086956521741,0.26500000000000001,0.28065217391304348,0.58490478762445719,Hoodie|Hoodie::8|Hoodie/8-9.tif|000888
889,Hoodie/8_6.tif,Hoodie,Hoodie::8,2,0.26241378738217919,0.1756856566716935,0.82364808955945124,0.0509995351675393,0.49104057705226645,False,0,0.74021739130434783,0.20673913043478262,0.21543478260869564,0.075869565217391299,0.63605842605931928,Hoodie|Hoodie::8|Hoodie/8_6.tif|000889
890,Hoodie/9-1.tif,Hoodie,Hoodie::9,0,0.18969148991946311,0.23061399287477391,0.77766871097081935,0.1007006601461518,0.34799428414421774,True,0.15040826240242111,0.10717391304347826,0.83804347826086956,0.080217391304347824,0.31717391304347825,0.69154070337431361,Hoodie|Hoodie::9|Hoodie/9-1.tif|000890
891,Hoodie/9-10.tif,Hoodie,Hoodie::9,0,0.1954311433783634,0.1794902412806656,0.80669278409215639,0.1186339380173994,0.58713210533596483,False,0,0.15978260869565217,0.24108695652173914,0.15326086956521739,0.41413043478260869,0.55712246789588782,Hoodie|Hoodie::9|Hoodie/9-10.tif|000891
892,Hoodie/9-2.tif,Hoodie,Hoodie::9,0,0.1854656081965593,0.25437754497113829,0.92193634036073802,0.25847254612699622,0.15056600451556135,True,0.013105020286788,0.078913043478260864,0.96804347826086956,0.77586956521739125,0.90500000000000003,0.79781447687323059,Hoodie|Hoodie::9|Hoodie/9-2.tif|000892
893,Hoodie/9-3.tif,Hoodie,Hoodie::9,0,0.22696468050302809,0.14986988520981431,0.83266260943617965,0.1619580933310423,0.029067898791727109,True,0.061760123592409899,0.49413043478260871,0.050652173913043476,0.26108695652173913,0.6119565217391304,0.52111575077796746,Hoodie|Hoodie::9|Hoodie/9-3.tif|000893
894,Hoodie/9-4.tif,Hoodie,Hoodie::9,0,0.19373917071824251,0.18758904985304489,0.82757053950103787,0.24319853091539179,0.418018940669317,False,0,0.14456521739130435,0.3258695652173913,0.23543478260869566,0.87760869565217392,0.60764987804747828,Hoodie|Hoodie::9|Hoodie/9-4.tif|000894
895,Hoodie/9-5.tif,Hoodie,Hoodie::9,0,0.1972980986474851,0.1606757794190769,0.81719250583461611,0.10562819680513259,0.37337194069972768,False,0,0.17630434782608695,0.097608695652173907,0.18934782608695652,0.33804347826086956,0.62404513069310696,Hoodie|Hoodie::9|Hoodie/9-5.tif|000895
896,Hoodie/9-7.tif,Hoodie,Hoodie::9,0,0.22256090856633209,0.16011005997900679,0.83086701905097071,0.028610323652944199,0.18059317216105575,False,0,0.44978260869565218,0.094130434782608699,0.25108695652173912,0.017173913043478262,0.679948986188321,Hoodie|Hoodie::9|Hoodie/9-7.tif|000896
897,Hoodie/9-8.tif,Hoodie,Hoodie::9,0,0.18826709191000471,0.24374858554609671,0.88427742912866869,0.1807961243444062,0.16203439759587412,False,0,0.095869565217391303,0.93195652173913046,0.51760869565217393,0.69413043478260872,0.62281982696603666,Hoodie|Hoodie::9|Hoodie/9-8.tif|000897
898,Hoodie/9-9.tif,Hoodie,Hoodie::9,0,0.23873651658785869,0.1569086991621863,0.90398252360433484,0.12126345293341689,0.44651140716296617,False,0,0.60195652173913039,0.081956521739130428,0.64586956521739125,0.42282608695652174,0.46085705479328515,Hoodie|Hoodie::9|Hoodie/9-9.tif|000898
899,Hoodie/9_6.tif,Hoodie,Hoodie::9,0,0.1768750275363607,0.20689208257557321,0.83411645830128178,0.17074047799919731,0.50291895066771708,False,0,0.033260869565217392,0.57021739130434779,0.26804347826086955,0.65152173913043476,0.54730116327944356,Hoodie|Hoodie::9|Hoodie/9_6.tif|000899
900,Jacket/1-1.tif,Jacket,Jacket::1,1,0.1996254061401731,0.20776002850969419,0.77716470626005252,0.16646977377882169,0.37131939952007698,True,0.050809826636832603,0.20065217391304349,0.58152173913043481,0.079347826086956522,0.63282608695652176,0.53930134037269761,Jacket|Jacket::1|Jacket/1-1.tif|000900
901,Jacket/1-10.tif,Jacket,Jacket::1,1,0.21105265049481819,0.18812264337369991,0.7638720936027158,0.058977734372449402,0.56757185486468931,False,0,0.32195652173913042,0.33108695652173914,0.055869565217391302,0.11108695652173912,0.63932487429790363,Jacket|Jacket::1|Jacket/1-10.tif|000901
902,Jacket/1-2.tif,Jacket,Jacket::1,1,0.24755349822509909,0.20236309961413801,0.76936462966853925,0.090021066500366398,0.14026217900299598,True,0.048561984518661297,0.66195652173913044,0.5093478260869565,0.0641304347826087,0.26978260869565218,0.51894086554073415,Jacket|Jacket::1|Jacket/1-2.tif|000902
903,Jacket/1-3.tif,Jacket,Jacket::1,1,0.23670672085830799,0.17315601262956079,0.75323823044077876,0.040238857325521897,0.056427729952573946,True,0.19533353844152579,0.58065217391304347,0.17760869565217391,0.041521739130434783,0.043260869565217394,0.72749836785816557,Jacket|Jacket::1|Jacket/1-3.tif|000903
904,Jacket/1-4.tif,Jacket,Jacket::1,1,0.18519781757742329,0.21661059635790431,0.78893831175995477,0.30548246006296809,0.47691545422846654,False,0,0.076304347826086957,0.70369565217391306,0.095869565217391303,0.96152173913043482,0.77287363028712186,Jacket|Jacket::1|Jacket/1-4.tif|000904
905,Jacket/1-5.tif,Jacket,Jacket::1,1,0.21844880671836189,0.2221750110395149,0.84517582175881034,0.17606994026800399,0.56699632077580475,False,0,0.40586956521739131,0.75717391304347825,0.31891304347826088,0.6741304347826087,0.37163537835134053,Jacket|Jacket::1|Jacket/1-5.tif|000905
906,Jacket/1-6.tif,Jacket,Jacket::1,1,0.23535658417250729,0.13955804094146179,0.73215494132318326,0.078894175979419598,0.20531303875161844,True,0.0268599904483144,0.57239130434782604,0.02717391304347826,0.017608695652173913,0.21065217391304347,0.73839592660268671,Jacket|Jacket::1|Jacket/1-6.tif|000906
907,Jacket/1-7.tif,Jacket,Jacket::1,1,0.21036372406014339,0.20294065736043171,0.80992570274236997,0.26182489075705118,0.45684368910213513,False,0,0.31369565217391304,0.51934782608695651,0.16282608695652173,0.90891304347826085,0.56212078164474566,Jacket|Jacket::1|Jacket/1-7.tif|000907
908,Jacket/1-8.tif,Jacket,Jacket::1,1,0.22575210512428739,0.24078799977902049,0.82295587048878505,0.16791049728837171,0.4703860639853768,False,0,0.47891304347826086,0.91717391304347828,0.21108695652173914,0.63891304347826083,0.52654184430073736,Jacket|Jacket::1|Jacket/1-8.tif|000908
909,Jacket/1-9.tif,Jacket,Jacket::1,1,0.24532623649523311,0.2140082480336219,0.77076149248361614,0.086772683927119204,0.49350657282362298,False,0,0.64630434782608692,0.66847826086956519,0.066304347826086962,0.25108695652173912,0.5475760298868243,Jacket|Jacket::1|Jacket/1-9.tif|000909
910,Jacket/10-1.tif,Jacket,Jacket::10,1,0.19702904225826551,0.20148327112478989,0.8393848528832023,0.30440834268700478,0.42207772312627356,True,0.055190751854534002,0.17282608695652174,0.49326086956521736,0.29369565217391302,0.96065217391304347,0.60153976968938505,Jacket|Jacket::10|Jacket/10-1.tif|000910
911,Jacket/10-10.tif,Jacket,Jacket::10,1,0.2234993152229951,0.146565366412543,0.81528541854857239,0.064210982569905803,0.57830372084814252,False,0,0.46065217391304347,0.042391304347826085,0.18282608695652175,0.13500000000000001,0.66691698199218563,Jacket|Jacket::10|Jacket/10-10.tif|000911
912,Jacket/10-2.tif,Jacket,Jacket::10,1,0.21923568911557351,0.2004023103095692,0.80786161416454361,0.10993899649571121,0.14536892097070542,True,0.0605057169143031,0.41152173913043477,0.47586956521739132,0.15630434782608696,0.36456521739130437,0.38063100529622734,Jacket|Jacket::10|Jacket/10-2.tif|000912
913,Jacket/10-3.tif,Jacket,Jacket::10,1,0.22502740131212751,0.149090904912283,0.81638425193392494,0.14190697637338121,0.042799284960819528,False,0,0.47239130434782611,0.049347826086956523,0.1867391304347826,0.52586956521739125,0.55013746348840786,Jacket|Jacket::10|Jacket/10-3.tif|000913
914,Jacket/10-4.tif,Jacket,Jacket::10,1,0.24357225652394679,0.12986451914885511,0.8057473587913323,0.1092113658614377,0.40690478483944886,False,0,0.63456521739130434,0.01108695652173913,0.14847826086956523,0.36021739130434782,0.63265351701369055,Jacket|Jacket::10|Jacket/10-4.tif|000914
915,Jacket/10-5.tif,Jacket,Jacket::10,1,0.19036522478425319,0.20824358184324149,0.792262955310575,0.18107067018989351,0.23477013391840706,False,0,0.11413043478260869,0.58760869565217388,0.1058695652173913,0.69543478260869562,0.59169600200624151,Jacket|Jacket::10|Jacket/10-5.tif|000915
916,Jacket/10-6.tif,Jacket,Jacket::10,1,0.1964093633162099,0.21508776451578329,0.83204860827549998,0.1231361685827031,0.56068025008008848,False,0,0.16717391304347826,0.68586956521739129,0.25673913043478264,0.4306521739130435,0.45749936729738183,Jacket|Jacket::10|Jacket/10-6.tif|000916
917,Jacket/10-7.tif,Jacket,Jacket::10,1,0.21446031145107641,0.20278521678948791,0.84176036753515038,0.099735149247369995,0.58981285840006592,False,0,0.35673913043478261,0.51717391304347826,0.30326086956521742,0.31152173913043479,0.30830011401629004,Jacket|Jacket::10|Jacket/10-7.tif|000917
918,Jacket/10-8.tif,Jacket,Jacket::10,1,0.2516214813838934,0.13591427412123031,0.81026408294321228,0.16674209178068031,0.42732833135179926,False,0,0.68456521739130438,0.020652173913043477,0.16500000000000001,0.63456521739130434,0.62783075392701138,Jacket|Jacket::10|Jacket/10-8.tif|000918
919,Jacket/10-9.tif,Jacket,Jacket::10,1,0.26165971812126732,0.1792832204483604,0.78601923446241229,0.053438925772355698,0.43780612512471262,False,0,0.73717391304347823,0.23934782608695651,0.089782608695652175,0.083260869565217388,0.68274507084125768,Jacket|Jacket::10|Jacket/10-9.tif|000919
920,Jacket/2-1.tif,Jacket,Jacket::2,2,0.23911630856421809,0.21015445149008891,0.82619303057035376,0.25344288486389371,0.44100501584751267,True,0.14772997126190451,0.606304347826087,0.6119565217391304,0.22847826086956521,0.89630434782608692,0.50459495444656399,Jacket|Jacket::2|Jacket/2-1.tif|000920
921,Jacket/2-10.tif,Jacket,Jacket::2,2,0.22310668551372639,0.18056912792360691,0.83960890716568159,0.22116443043047279,0.12480986206601841,False,0,0.45630434782608698,0.25108695652173912,0.29456521739130437,0.82543478260869563,0.46041096953652744,Jacket|Jacket::2|Jacket/2-10.tif|000921
922,Jacket/2-2.tif,Jacket,Jacket::2,2,0.23231198840568029,0.15204869213566591,0.83152952101923228,0.075122829597598806,0.26281437456372547,False,0,0.53891304347826086,0.06282608695652174,0.25369565217391304,0.19282608695652173,0.58962437179187577,Jacket|Jacket::2|Jacket/2-2.tif|000922
923,Jacket/2-3.tif,Jacket,Jacket::2,2,0.22338216376970149,0.19972499473442321,0.91458157917287242,0.092022581693563296,0.069575114476031374,True,0.15888549243123509,0.45934782608695651,0.46630434782608693,0.72934782608695647,0.27978260869565219,0.32231059706901782,Jacket|Jacket::2|Jacket/2-3.tif|000923
924,Jacket/2-4.tif,Jacket,Jacket::2,2,0.20975403628812331,0.20017700686820791,0.91343148769600602,0.070818779725735595,0.371936706581044,False,0,0.30586956521739128,0.4732608695652174,0.71978260869565214,0.1658695652173913,0.44536406381563198,Jacket|Jacket::2|Jacket/2-4.tif|000924
925,Jacket/2-5.tif,Jacket,Jacket::2,2,0.24891652392250321,0.15739851121867079,0.89303694183958371,0.046251338391060097,0.47728589705614355,False,0,0.66847826086956519,0.08413043478260869,0.57543478260869563,0.059782608695652176,0.63309886881415434,Jacket|Jacket::2|Jacket/2-5.tif|000925
926,Jacket/2-6.tif,Jacket,Jacket::2,2,0.23075344434669409,0.19476185381789429,0.8989016654076798,0.12156634285810269,0.59743994305331827,False,0,0.52630434782608693,0.40586956521739131,0.60978260869565215,0.42543478260869566,0.16481702061241693,Jacket|Jacket::2|Jacket/2-6.tif|000926
927,Jacket/2-7.tif,Jacket,Jacket::2,2,0.22997925709709049,0.20154201360352289,0.91811824244151019,0.1638852134537217,0.47309122103255707,False,0,0.52065217391304353,0.49456521739130432,0.75021739130434784,0.6206521739130435,0.27860678227644564,Jacket|Jacket::2|Jacket/2-7.tif|000927
928,Jacket/2-8.tif,Jacket,Jacket::2,2,0.23613271093048679,0.17383371687234439,0.9129631688225206,0.13635303868036491,0.44390835147656937,False,0,0.57630434782608697,0.18413043478260868,0.71586956521739131,0.505,0.3901545910468488,Jacket|Jacket::2|Jacket/2-8.tif|000928
929,Jacket/2-9.tif,Jacket,Jacket::2,2,0.19810574404115389,0.22924613634805349,0.85909310963235541,0.32286615990539241,0.51082344136904845,False,0,0.185,0.82630434782608697,0.38195652173913042,0.9732608695652174,0.6660402696772606,Jacket|Jacket::2|Jacket/2-9.tif|000929
930,Jacket/3-1.tif,Jacket,Jacket::3,3,0.19370413065394659,0.2150142827492762,0.82339587346650756,0.33666764998852239,0.5212754159797357,True,0.1019263168511854,0.1441304347826087,0.68326086956521737,0.21456521739130435,0.98195652173913039,0.68846408601434606,Jacket|Jacket::3|Jacket/3-1.tif|000930
931,Jacket/3-10.tif,Jacket,Jacket::3,3,0.2321236233367244,0.1519087143210687,0.75882882362721216,0.088788693579347697,0.59361778253922348,False,0,0.53586956521739126,0.061956521739130438,0.048043478260869563,0.26413043478260867,0.67310315991988912,Jacket|Jacket::3|Jacket/3-10.tif|000931
932,Jacket/3-2.tif,Jacket,Jacket::3,3,0.19104706381629299,0.21761334130797211,0.84721506917882916,0.15074627200500371,0.1899563728599849,True,0.015814339188531201,0.11891304347826087,0.7145652173913043,0.32717391304347826,0.56152173913043479,0.47425655679549239,Jacket|Jacket::3|Jacket/3-2.tif|000932
933,Jacket/3-3.tif,Jacket,Jacket::3,3,0.1866924537042946,0.2256941430826794,0.92054620828787803,0.082681993969406897,0.032579165832522849,True,0.14145545822181699,0.08413043478260869,0.79500000000000004,0.76543478260869569,0.22934782608695653,0.63535873200616677,Jacket|Jacket::3|Jacket/3-3.tif|000933
934,Jacket/3-4.tif,Jacket,Jacket::3,3,0.23216875825234939,0.14302828097451689,0.82162857945305035,0.10312191313971331,0.46928008572870844,False,0,0.53673913043478261,0.035434782608695654,0.2041304347826087,0.32847826086956522,0.57803902249864669,Jacket|Jacket::3|Jacket/3-4.tif|000934
935,Jacket/3-5.tif,Jacket,Jacket::3,3,0.23357847343797011,0.1692466652650664,0.91247801108280158,0.24221861798666749,0.56476726288828871,False,0,0.55500000000000005,0.14543478260869566,0.71152173913043482,0.875,0.56045333392576635,Jacket|Jacket::3|Jacket/3-5.tif|000935
936,Jacket/3-6.tif,Jacket,Jacket::3,3,0.1990742943766626,0.1988030014094597,0.88646045849998334,0.18644601794816881,0.61864381201339924,False,0,0.19630434782608697,0.4558695652173913,0.52934782608695652,0.70934782608695657,0.37264775808638018,Jacket|Jacket::3|Jacket/3-6.tif|000936
937,Jacket/3-7.tif,Jacket,Jacket::3,3,0.1867861122393254,0.24733177629967559,0.8957739813586878,0.1430997338100678,0.55903344080455231,False,0,0.084565217391304348,0.94717391304347831,0.58978260869565213,0.5310869565217391,0.61771990642825447,Jacket|Jacket::3|Jacket/3-7.tif|000937
938,Jacket/3-8.tif,Jacket,Jacket::3,3,0.18475659144555559,0.22319313095201321,0.88713354752697704,0.28514083591358569,0.36078309935021002,False,0,0.073260869565217393,0.76978260869565218,0.53369565217391302,0.94326086956521737,0.67268457456820263,Jacket|Jacket::3|Jacket/3-8.tif|000938
939,Jacket/3-9.tif,Jacket,Jacket::3,3,0.19902041907836479,0.2240889564214309,0.83705667439782372,0.10982409018250321,0.42221444822829485,False,0,0.19456521739130433,0.78021739130434786,0.28673913043478261,0.36326086956521741,0.48578800015686713,Jacket|Jacket::3|Jacket/3-9.tif|000939
940,Jacket/4-1.tif,Jacket,Jacket::4,0,0.2243370668571322,0.2031625630005057,0.77792279207469384,0.089471691602179798,0.21882848885103712,True,0.016961427099800499,0.46630434782608693,0.52413043478260868,0.081086956521739126,0.26673913043478259,0.48126546325781955,Jacket|Jacket::4|Jacket/4-1.tif|000940
941,Jacket/4-10.tif,Jacket,Jacket::4,0,0.2391322673747564,0.1639794929336709,0.75008910244274285,0.0922115043763993,0.64809841325468831,False,0,0.60717391304347823,0.11282608695652174,0.036739130434782608,0.28108695652173915,0.65109403349568962,Jacket|Jacket::4|Jacket/4-10.tif|000941
942,Jacket/4-2.tif,Jacket,Jacket::4,0,0.2204801004002154,0.18360927319464829,0.78433953376072574,0.0569289544439988,0.18352793932212097,True,0.0250914525572229,0.42630434782608695,0.28282608695652173,0.087608695652173912,0.099347826086956526,0.61901882848496914,Jacket|Jacket::4|Jacket/4-2.tif|000942
943,Jacket/4-3.tif,Jacket,Jacket::4,0,0.1973134110586586,0.2201263057514348,0.7298128006184037,0.097620111953306402,0.079943023602181418,True,0.038999613944219802,0.17760869565217391,0.73760869565217391,0.014565217391304348,0.30195652173913046,0.65974403583256069,Jacket|Jacket::4|Jacket/4-3.tif|000943
944,Jacket/4-4.tif,Jacket,Jacket::4,0,0.21309957285463979,0.17433870535775239,0.79118171345886545,0.15826448847349159,0.4565128401194995,False,0,0.34239130434782611,0.19021739130434784,0.10152173913043479,0.59195652173913038,0.53669981541962131,Jacket|Jacket::4|Jacket/4-4.tif|000944
945,Jacket/4-5.tif,Jacket,Jacket::4,0,0.21477787702442561,0.1510354387241529,0.75791287740908486,0.067925626730688901,0.3234726710852327,False,0,0.36239130434782607,0.056739130434782611,0.047608695652173912,0.15369565217391304,0.734847565947921,Jacket|Jacket::4|Jacket/4-5.tif|000945
946,Jacket/4-6.tif,Jacket,Jacket::4,0,0.18965872487962099,0.2185523229554848,0.75076316106968644,0.14971919025986469,0.60938115837547158,False,0,0.1058695652173913,0.72369565217391307,0.038478260869565219,0.55543478260869561,0.64919478990230262,Jacket|Jacket::4|Jacket/4-6.tif|000946
947,Jacket/4-7.tif,Jacket,Jacket::4,0,0.1981890204315602,0.2414881313854198,0.79472026930845507,0.16616787427558341,0.62981827998910622,False,0,0.18630434782608696,0.92152173913043478,0.11195652173913044,0.63065217391304351,0.66613307253232901,Jacket|Jacket::4|Jacket/4-7.tif|000947
948,Jacket/4-8.tif,Jacket,Jacket::4,0,0.21802246848476139,0.19013186901082829,0.77274586042010507,0.11057666419411789,0.41486456196843813,False,0,0.40108695652173915,0.35239130434782606,0.069347826086956527,0.36934782608695654,0.48384233242503988,Jacket|Jacket::4|Jacket/4-8.tif|000948
949,Jacket/4-9.tif,Jacket,Jacket::4,0,0.20438979924475389,0.2116243321558248,0.77074733131632467,0.2039289378978541,0.35463675005421913,False,0,0.24717391304347827,0.63891304347826083,0.065869565217391304,0.77717391304347827,0.59034945275701778,Jacket|Jacket::4|Jacket/4-9.tif|000949
950,Jacket/5-1.tif,Jacket,Jacket::5,3,0.2709923961965216,0.13237193517631859,0.9204047881963352,0.1160420022754052,0.31834098241419173,True,0.0125210067372523,0.77891304347826085,0.014130434782608696,0.76456521739130434,0.4002173913043478,0.62754525213586065,Jacket|Jacket::5|Jacket/5-1.tif|000950
951,Jacket/5-10.tif,Jacket,Jacket::5,3,0.19441282520269851,0.20493823793001539,0.89586662431014319,0.2271200727297269,0.61060161264822033,False,0,0.15021739130434783,0.54847826086956519,0.59108695652173915,0.83934782608695657,0.49814836729754502,Jacket|Jacket::5|Jacket/5-10.tif|000951
952,Jacket/5-2.tif,Jacket,Jacket::5,3,0.20106784839970551,0.21275447288496599,0.932159351989718,0.12759824967376091,0.23055105419969768,True,0.048652394799602899,0.21978260869565217,0.65021739130434786,0.85239130434782606,0.46326086956521739,0.47604248352932088,Jacket|Jacket::5|Jacket/5-2.tif|000952
953,Jacket/5-3.tif,Jacket,Jacket::5,3,0.2324946247909338,0.14509155430600301,0.83671648974356616,0.1039164188378412,0.027866665599823204,True,0.16955855069406889,0.54239130434782612,0.038478260869565219,0.28413043478260869,0.33152173913043476,0.53831582918122511,Jacket|Jacket::5|Jacket/5-3.tif|000953
954,Jacket/5-4.tif,Jacket,Jacket::5,3,0.20388007752433729,0.1656082854578303,0.88356381533876471,0.19070955390438049,0.53722373811747848,False,0,0.24021739130434783,0.12369565217391304,0.51413043478260867,0.72673913043478255,0.51059011783523767,Jacket|Jacket::5|Jacket/5-4.tif|000954
955,Jacket/5-5.tif,Jacket,Jacket::5,3,0.18358526189160559,0.21078788586949329,0.93329217231223838,0.14455841489742441,0.58843841968255095,False,0,0.065434782608695646,0.62326086956521742,0.85847826086956525,0.53630434782608694,0.57781038353379455,Jacket|Jacket::5|Jacket/5-5.tif|000955
956,Jacket/5-6.tif,Jacket,Jacket::5,3,0.23764766779839161,0.18432264406789059,0.91547985881015403,0.082867672237377996,0.54111293359563906,False,0,0.59065217391304348,0.29195652173913045,0.73586956521739133,0.23021739130434782,0.42416625659346618,Jacket|Jacket::5|Jacket/5-6.tif|000956
957,Jacket/5-7.tif,Jacket,Jacket::5,3,0.18472584693993871,0.19938150387986989,0.85970520485242374,0.31681646524136309,0.57263502536329636,False,0,0.072826086956521735,0.4602173913043478,0.38673913043478259,0.97021739130434781,0.6465234934627232,Jacket|Jacket::5|Jacket/5-7.tif|000957
958,Jacket/5-8.tif,Jacket,Jacket::5,3,0.2198054894466808,0.20362430161294781,0.93890173331847238,0.1235389323863838,0.44985537789002572,False,0,0.41847826086956524,0.53065217391304342,0.89500000000000002,0.43369565217391304,0.40988610156614103,Jacket|Jacket::5|Jacket/5-8.tif|000958
959,Jacket/5-9.tif,Jacket,Jacket::5,3,0.22748399711134901,0.1616236238858671,0.91033184945657541,0.071088892515064506,0.50709393285034676,False,0,0.49934782608695655,0.10239130434782609,0.69499999999999995,0.1676086956521739,0.55371660567034209,Jacket|Jacket::5|Jacket/5-9.tif|000959
960,Jacket/6-1.tif,Jacket,Jacket::6,2,0.23476658679669929,0.20216948450602579,0.86789432603367034,0.16582296920591461,0.48653234391600003,True,0.073136685569486298,0.56804347826086954,0.50673913043478258,0.42673913043478262,0.6293478260869565,0.1636256273807003,Jacket|Jacket::6|Jacket/6-1.tif|000960
961,Jacket/6-10.tif,Jacket,Jacket::6,2,0.2168991383291429,0.2013807217625786,0.85409998881461358,0.1064577638403585,0.59495795923871464,False,0,0.38847826086956522,0.49282608695652175,0.36282608695652174,0.34282608695652173,0.2366619629093166,Jacket|Jacket::6|Jacket/6-10.tif|000961
962,Jacket/6-2.tif,Jacket,Jacket::6,2,0.22750547331751089,0.19875355302499539,0.87571149629489031,0.064735412361732705,0.10956782194469028,True,0.0454539751340889,0.49978260869565216,0.45500000000000002,0.47021739130434781,0.13804347826086957,0.36595706670207517,Jacket|Jacket::6|Jacket/6-2.tif|000962
963,Jacket/6-3.tif,Jacket,Jacket::6,2,0.27170225466453141,0.1733879668094189,0.92502371268347283,0.1516178435868363,0.033887896754063229,True,0.10382631367051599,0.78239130434782611,0.18021739130434783,0.79891304347826086,0.56499999999999995,0.52495692504899849,Jacket|Jacket::6|Jacket/6-3.tif|000963
964,Jacket/6-4.tif,Jacket,Jacket::6,2,0.2104608335029636,0.19826830276209889,0.87946415673387257,0.14391683559901489,0.547040025796109,False,0,0.315,0.44543478260869568,0.48978260869565216,0.53500000000000003,0.19629507898576179,Jacket|Jacket::6|Jacket/6-4.tif|000964
965,Jacket/6-5.tif,Jacket,Jacket::6,2,0.20951568622417729,0.23608816161675869,0.91592377122372137,0.036280489567564501,0.11482956928132515,False,0,0.30152173913043478,0.88717391304347826,0.73891304347826092,0.03239130434782609,0.68193444961578153,Jacket|Jacket::6|Jacket/6-5.tif|000965
966,Jacket/6-6.tif,Jacket,Jacket::6,2,0.22510115228018471,0.20403825547107371,0.93169402376039501,0.1270706216473288,0.55679787072090092,False,0,0.4732608695652174,0.53804347826086951,0.84891304347826091,0.4602173913043478,0.35423898034870155,Jacket|Jacket::6|Jacket/6-6.tif|000966
967,Jacket/6-7.tif,Jacket,Jacket::6,2,0.21483986209172731,0.22754431286914931,0.91048553615211036,0.24101761642446801,0.54047105126047412,False,0,0.36326086956521741,0.81152173913043479,0.69717391304347831,0.87239130434782608,0.54156829604553436,Jacket|Jacket::6|Jacket/6-7.tif|000967
968,Jacket/6-8.tif,Jacket,Jacket::6,2,0.21948622051571121,0.20862877983172429,0.93671581734443476,0.1267563069708959,0.49385540110587994,False,0,0.41499999999999998,0.59543478260869565,0.88065217391304351,0.45673913043478259,0.40385687820295157,Jacket|Jacket::6|Jacket/6-8.tif|000968
969,Jacket/6-9.tif,Jacket,Jacket::6,2,0.22049887124192849,0.21998733494635789,0.85910465685914139,0.1062404069805529,0.5151022183866637,False,0,0.42673913043478262,0.73543478260869566,0.38239130434782609,0.33978260869565219,0.31669876798123442,Jacket|Jacket::6|Jacket/6-9.tif|000969
970,Jacket/7-1.tif,Jacket,Jacket::7,4,0.2090836676312556,0.2027466216718303,0.81170067016057146,0.1247916346954298,0.37560129260953101,True,0.095252862083707299,0.29586956521739133,0.51673913043478259,0.16934782608695653,0.44195652173913041,0.39325480082802688,Jacket|Jacket::7|Jacket/7-1.tif|000970
971,Jacket/7-10.tif,Jacket,Jacket::7,4,0.19817930087603999,0.21108987188373179,0.8496699402574831,0.1580976688151616,0.6489212260656938,False,0,0.18586956521739131,0.63065217391304351,0.3402173913043478,0.59065217391304348,0.38664740951112497,Jacket|Jacket::7|Jacket/7-10.tif|000971
972,Jacket/7-2.tif,Jacket,Jacket::7,4,0.17199483852365091,0.24581305853024521,0.9005045257442944,0.16125805747619409,0.2255194060644572,True,0.058881671733912198,0.017608695652173913,0.94195652173913047,0.62195652173913041,0.60891304347826092,0.6743607208701824,Jacket|Jacket::7|Jacket/7-2.tif|000972
973,Jacket/7-3.tif,Jacket,Jacket::7,4,0.2075046493125223,0.2138200068930006,0.85410430613129873,0.13603413394293629,0.032452771188719032,True,0.120073480620983,0.27804347826086956,0.66586956521739127,0.36326086956521741,0.50326086956521743,0.30900749711021797,Jacket|Jacket::7|Jacket/7-3.tif|000973
974,Jacket/7-4.tif,Jacket,Jacket::7,4,0.20526658267260961,0.20202942739456431,0.8159853140242922,0.18791566429442449,0.42819214188092086,False,0,0.25630434782608696,0.50326086956521743,0.18456521739130435,0.71413043478260874,0.4524921538970309,Jacket|Jacket::7|Jacket/7-4.tif|000974
975,Jacket/7-5.tif,Jacket,Jacket::7,4,0.20066531520926309,0.1747366118723907,0.83656136529422886,0.073085371057389395,0.54665202837211246,False,0,0.21413043478260871,0.19500000000000001,0.28282608695652173,0.18065217391304347,0.56911681652421908,Jacket|Jacket::7|Jacket/7-5.tif|000975
976,Jacket/7-6.tif,Jacket,Jacket::7,4,0.19122476767311511,0.2277853231129485,0.79403931878638179,0.1274426728037352,0.54812053591898957,False,0,0.12195652173913044,0.81326086956521737,0.11065217391304348,0.46195652173913043,0.62776450980694731,Jacket|Jacket::7|Jacket/7-6.tif|000976
977,Jacket/7-7.tif,Jacket,Jacket::7,4,0.21545720899811099,0.1600588791081522,0.82014085039014506,0.073107985949892998,0.62626519065193098,False,0,0.3684782608695652,0.093695652173913041,0.19934782608695653,0.18108695652173912,0.61194644365784323,Jacket|Jacket::7|Jacket/7-7.tif|000977
978,Jacket/7-8.tif,Jacket,Jacket::7,4,0.2138004612463382,0.21628063112189649,0.91136159415258644,0.23229824940649479,0.45381626093891769,False,0,0.3497826086956522,0.70065217391304346,0.70369565217391306,0.85282608695652173,0.47833536969151741,Jacket|Jacket::7|Jacket/7-8.tif|000978
979,Jacket/7-9.tif,Jacket,Jacket::7,4,0.23807254720313309,0.20113333620991589,0.86851403289037798,0.051214833409151402,0.34732085828470488,False,0,0.59499999999999997,0.48891304347826087,0.43021739130434783,0.078043478260869562,0.43825202717097694,Jacket|Jacket::7|Jacket/7-9.tif|000979
980,Jacket/8-1.tif,Jacket,Jacket::8,4,0.199877663939422,0.2006842001693423,0.79306722564228782,0.2171854398310103,0.53222901353756447,True,0.0328807504797149,0.20543478260869566,0.47978260869565215,0.10891304347826088,0.81499999999999995,0.58253876932730941,Jacket|Jacket::8|Jacket/8-1.tif|000980
981,Jacket/8-10.tif,Jacket,Jacket::8,4,0.19988992204391531,0.21946739746110949,0.92491332050899799,0.1386941805515593,0.61357686927055632,False,0,0.2058695652173913,0.73108695652173916,0.79804347826086952,0.51108695652173908,0.47840017733968171,Jacket|Jacket::8|Jacket/8-10.tif|000981
982,Jacket/8-2.tif,Jacket,Jacket::8,4,0.18545887743334541,0.23391024187956719,0.89913428399782891,0.1155250354202307,0.076188813805597833,True,0.099200533028587098,0.07847826086956522,0.86456521739130432,0.61239130434782607,0.39847826086956523,0.57751782924875061,Jacket|Jacket::8|Jacket/8-2.tif|000982
983,Jacket/8-3.tif,Jacket,Jacket::8,4,0.20717098639821349,0.20059750147818589,0.89025574677226293,0.048992290818804199,0.032762731300878478,True,0.063501620957434807,0.27456521739130435,0.47804347826086957,0.55108695652173911,0.070217391304347829,0.48849349834015693,Jacket|Jacket::8|Jacket/8-3.tif|000983
984,Jacket/8-4.tif,Jacket,Jacket::8,4,0.2167402547349381,0.20839071933333991,0.90651334937767325,0.1878600508631775,0.40839624800691549,False,0,0.3858695652173913,0.58978260869565213,0.66239130434782612,0.71326086956521739,0.30485702744625198,Jacket|Jacket::8|Jacket/8-4.tif|000984
985,Jacket/8-5.tif,Jacket,Jacket::8,4,0.19583649442530099,0.2011913402120174,0.89378222457348511,0.12100096639695131,0.34704435348211826,False,0,0.16239130434782609,0.48978260869565216,0.5802173913043478,0.42152173913043478,0.35591809979518424,Jacket|Jacket::8|Jacket/8-5.tif|000985
986,Jacket/8-6.tif,Jacket,Jacket::8,4,0.20410516925370051,0.2096100692475352,0.86107603392384013,0.1250910563021054,0.57756629781651148,False,0,0.24195652173913043,0.60543478260869565,0.39282608695652171,0.44413043478260872,0.3038265722601336,Jacket|Jacket::8|Jacket/8-6.tif|000986
987,Jacket/8-7.tif,Jacket,Jacket::8,4,0.1949532182935885,0.17649282332782659,0.85125114333228036,0.1263217322772528,0.60613578334500806,False,0,0.15456521739130435,0.215,0.34847826086956524,0.45413043478260867,0.47498741402089895,Jacket|Jacket::8|Jacket/8-7.tif|000987
988,Jacket/8-8.tif,Jacket,Jacket::8,4,0.20416004633833551,0.2357913359268774,0.92329467471273663,0.13254408908515281,0.51227942263328774,False,0,0.24369565217391304,0.88456521739130434,0.78500000000000003,0.48673913043478262,0.54312353641082678,Jacket|Jacket::8|Jacket/8-8.tif|000988
989,Jacket/8-9.tif,Jacket,Jacket::8,4,0.2145617175983211,0.21895956834758251,0.88354557220521124,0.093796170743100302,0.57361524735303238,False,0,0.35978260869565215,0.72717391304347823,0.513695652173913,0.28673913043478261,0.34196004586481138,Jacket|Jacket::8|Jacket/8-9.tif|000989
990,Jacket/9-1.tif,Jacket,Jacket::9,0,0.23515104334880671,0.17490681529745489,0.78417929003561826,0.013817777784711299,0.4575948130581427,True,0.031303405809516897,0.57108695652173913,0.19760869565217393,0.087173913043478254,0.0015217391304347826,0.71791351217544519,Jacket|Jacket::9|Jacket/9-1.tif|000990
991,Jacket/9-10.tif,Jacket,Jacket::9,0,0.19910603621469181,0.1994900408129357,0.85962252163290676,0.1583401401666534,0.54317396224167258,False,0,0.19673913043478261,0.46195652173913043,0.38543478260869563,0.5932608695652174,0.33946611034919871,Jacket|Jacket::9|Jacket/9-10.tif|000991
992,Jacket/9-2.tif,Jacket,Jacket::9,0,0.27609313774690769,0.15608224509744351,0.79998312950418193,0.1174314816231166,0.18404053711221147,True,0.0133139688383639,0.79934782608695654,0.078913043478260864,0.12978260869565217,0.40760869565217389,0.64227752247686276,Jacket|Jacket::9|Jacket/9-2.tif|000992
993,Jacket/9-3.tif,Jacket,Jacket::9,0,0.232181593679649,0.14401683041226729,0.8345780236374668,0.063267000195340803,0.035578578988206488,True,0.081178982677236902,0.53717391304347828,0.036739130434782608,0.27152173913043476,0.12978260869565217,0.63659701978210925,Jacket|Jacket::9|Jacket/9-3.tif|000993
994,Jacket/9-4.tif,Jacket,Jacket::9,0,0.2403654279827219,0.16632522735314209,0.78667837579829725,0.028566231594127699,0.54808888560803948,False,0,0.61673913043478257,0.13108695652173913,0.091521739130434779,0.016739130434782607,0.74170102863553933,Jacket|Jacket::9|Jacket/9-4.tif|000994
995,Jacket/9-5.tif,Jacket,Jacket::9,0,0.21522907769360669,0.15825206850850659,0.7799593776950654,0.097578735294477997,0.18827499538500692,False,0,0.36717391304347824,0.087608695652173912,0.082391304347826086,0.30152173913043478,0.63364027649763555,Jacket|Jacket::9|Jacket/9-5.tif|000995
996,Jacket/9-6.tif,Jacket,Jacket::9,0,0.24345249855551371,0.16117999329480209,0.7161324167502805,0.087266644029974305,0.5631443059882224,False,0,0.63369565217391299,0.10021739130434783,0.0058695652173913039,0.25456521739130433,0.69433693601761992,Jacket|Jacket::9|Jacket/9-6.tif|000996
997,Jacket/9-7.tif,Jacket,Jacket::9,0,0.2702408012190366,0.15044569096494001,0.75404941245307222,0.1073246019854257,0.49745094264200246,False,0,0.77543478260869569,0.05369565217391304,0.042826086956521736,0.34804347826086957,0.71214511275842429,Jacket|Jacket::9|Jacket/9-7.tif|000997
998,Jacket/9-8.tif,Jacket,Jacket::9,0,0.2226134193693948,0.2155864294019606,0.76413209330699872,0.13653302766370351,0.56042602058639024,False,0,0.45065217391304346,0.6915217391304348,0.056304347826086953,0.50586956521739135,0.48581484955992243,Jacket|Jacket::9|Jacket/9-8.tif|000998
999,Jacket/9-9.tif,Jacket,Jacket::9,0,0.19886746324043589,0.22260644789122369,0.86291403861833516,0.28511255253193118,0.46756523467765704,False,0,0.19282608695652173,0.76152173913043475,0.40239130434782611,0.9428260869565217,0.60693643295520916,Jacket|Jacket::9|Jacket/9-9.tif|000999
1000,Jumpsuit/1-10.tif,Jumpsuit,Jumpsuit::1,0,0.28730995642763002,0.16597981014134269,0.93916498269163162,0.1128811863341921,0.39499511571621704,False,0,0.84673913043478266,0.12543478260869564,0.89717391304347827,0.38456521739130434,0.65696227661278206,Jumpsuit|Jumpsuit::1|Jumpsuit/1-10.tif|001000
1001,Jumpsuit/10-10.tif,Jumpsuit,Jumpsuit::10,4,0.20376353671491401,0.23272066241603551,0.94263056214343921,0.20947806662553459,0.43921098353745858,False,0,0.23934782608695651,0.85673913043478256,0.91239130434782612,0.79369565217391302,0.67195690855628665,Jumpsuit|Jumpsuit::10|Jumpsuit/10-10.tif|001001
1002,Jumpsuit/10-3.tif,Jumpsuit,Jumpsuit::10,4,0.25863169703439792,0.23553068038422481,0.94719510490805581,0.1899229781777543,0.071914362183472247,True,0.056445407564971503,0.72152173913043482,0.88152173913043474,0.93456521739130438,0.72413043478260875,0.65856821840920687,Jumpsuit|Jumpsuit::10|Jumpsuit/10-3.tif|001002
1003,Jumpsuit/10-4.tif,Jumpsuit,Jumpsuit::10,4,0.22625465514536081,0.18472301269700059,0.9104241124911826,0.086343250511930494,0.18283876429430856,False,0,0.48369565217391303,0.29630434782608694,0.69586956521739129,0.24586956521739131,0.38040099228818713,Jumpsuit|Jumpsuit::10|Jumpsuit/10-4.tif|001003
1004,Jumpsuit/10-5.tif,Jumpsuit,Jumpsuit::10,4,0.24556493025505469,0.26144353561515321,0.96185829518714916,0.14092454966100221,0.15935803766534506,False,0,0.64717391304347827,0.97978260869565215,0.98456521739130431,0.52195652173913043,0.69795204064441096,Jumpsuit|Jumpsuit::10|Jumpsuit/10-5.tif|001004
1005,Jumpsuit/10-6.tif,Jumpsuit,Jumpsuit::10,4,0.2577311623810658,0.1714414872725129,0.95369143082554597,0.1660487450625984,0.35654658683363416,False,0,0.71847826086956523,0.16108695652173913,0.96065217391304347,0.62978260869565217,0.62581047639277254,Jumpsuit|Jumpsuit::10|Jumpsuit/10-6.tif|001005
1006,Jumpsuit/10_1.tif,Jumpsuit,Jumpsuit::10,4,0.21812059941984571,0.2291812321742083,0.91058532020332683,0.083500695597515606,0.2359417130713265,True,0.131943167435464,0.40239130434782611,0.82456521739130439,0.69847826086956522,0.23369565217391305,0.4745331005483896,Jumpsuit|Jumpsuit::10|Jumpsuit/10_1.tif|001006
1007,Jumpsuit/10_2.tif,Jumpsuit,Jumpsuit::10,4,0.38458667826436371,0.15055898178854599,0.95954926563838561,0.3688305749885441,0.12352338214882286,True,0.051753905099874598,0.98934782608695648,0.055,0.97804347826086957,0.99152173913043473,0.95268330626792652,Jumpsuit|Jumpsuit::10|Jumpsuit/10_2.tif|001007
1008,Jumpsuit/10_7.tif,Jumpsuit,Jumpsuit::10,4,0.24998656688291709,0.22796491037084199,0.96104411760076858,0.18961988814851891,0.17280065033679337,False,0,0.67282608695652169,0.81499999999999995,0.98282608695652174,0.72239130434782606,0.6416173149377884,Jumpsuit|Jumpsuit::10|Jumpsuit/10_7.tif|001008
1009,Jumpsuit/10_8.tif,Jumpsuit,Jumpsuit::10,4,0.34610314569603029,0.2220598190091915,0.96288902783132779,0.33558163094117183,0.046882857944762657,False,0,0.96543478260869564,0.75456521739130433,0.98760869565217391,0.98108695652173916,0.8663947637067354,Jumpsuit|Jumpsuit::10|Jumpsuit/10_8.tif|001009
1010,Jumpsuit/10_9.tif,Jumpsuit,Jumpsuit::10,4,0.37415786951811819,0.20489159708345031,0.94632866861074338,0.2501279312548218,0.19592430809684247,False,0,0.98586956521739133,0.54760869565217396,0.92891304347826087,0.89108695652173908,0.75845318163579445,Jumpsuit|Jumpsuit::10|Jumpsuit/10_9.tif|001010
1011,Jumpsuit/1_1.tif,Jumpsuit,Jumpsuit::1,0,0.28943981711582101,0.17933267072335951,0.94470733964411602,0.0609435981593624,0.41615473743481857,True,0.1088456336258706,0.85499999999999998,0.23978260869565218,0.92152173913043478,0.11978260869565217,0.71832021546596481,Jumpsuit|Jumpsuit::1|Jumpsuit/1_1.tif|001011
1012,Jumpsuit/1_2.tif,Jumpsuit,Jumpsuit::1,0,0.33523923367075231,0.18142931260979939,0.93325278027809122,0.28745951788449081,0.15373889120474959,True,0.10686000615435801,0.95369565217391306,0.26195652173913042,0.85804347826086957,0.94543478260869562,0.76753613610490234,Jumpsuit|Jumpsuit::1|Jumpsuit/1_2.tif|001012
1013,Jumpsuit/1_3.tif,Jumpsuit,Jumpsuit::1,0,0.29065578281627907,0.20740769039752149,0.94941911818150082,0.20637063697413829,0.037844942266331616,True,0.072966214008318805,0.8576086956521739,0.57543478260869563,0.9428260869565217,0.78456521739130436,0.64081720628542393,Jumpsuit|Jumpsuit::1|Jumpsuit/1_3.tif|001013
1014,Jumpsuit/1_4.tif,Jumpsuit,Jumpsuit::1,0,0.27477872934438607,0.1857847508703572,0.92352955485997501,0.14570647965885769,0.26407201616421061,False,0,0.7941304347826087,0.30673913043478263,0.78586956521739126,0.5397826086956522,0.45515551259181969,Jumpsuit|Jumpsuit::1|Jumpsuit/1_4.tif|001014
1015,Jumpsuit/1_5.tif,Jumpsuit,Jumpsuit::1,0,0.27488942442696562,0.26411680825934769,0.94696058946841521,0.21462631173705959,0.1879463693417166,True,0.091016254907452201,0.79500000000000004,0.98413043478260864,0.93369565217391304,0.80891304347826087,0.77777018779865514,Jumpsuit|Jumpsuit::1|Jumpsuit/1_5.tif|001015
1016,Jumpsuit/1_6.tif,Jumpsuit,Jumpsuit::1,0,0.28750685284723049,0.20460681503209699,0.94071605011946635,0.1936088450800165,0.34460796700895424,False,0,0.84804347826086957,0.54239130434782612,0.90500000000000003,0.74326086956521742,0.58832995513220321,Jumpsuit|Jumpsuit::1|Jumpsuit/1_6.tif|001016
1017,Jumpsuit/1_7.tif,Jumpsuit,Jumpsuit::1,0,0.27675702906782418,0.19449036557392571,0.96093560916585041,0.19126937525689491,0.49516152879325942,False,0,0.80239130434782613,0.40326086956521739,0.98239130434782607,0.72891304347826091,0.62120971683267689,Jumpsuit|Jumpsuit::1|Jumpsuit/1_7.tif|001017
1018,Jumpsuit/1_8.tif,Jumpsuit,Jumpsuit::1,0,0.26217986374969687,0.23083448360041001,0.9480015825766176,0.1662134525884664,0.10616390690613975,False,0,0.73934782608695648,0.84065217391304348,0.93673913043478263,0.63108695652173918,0.61745942673773857,Jumpsuit|Jumpsuit::1|Jumpsuit/1_8.tif|001018
1019,Jumpsuit/1_9.tif,Jumpsuit,Jumpsuit::1,0,0.2958655483408803,0.21341439753030139,0.94044589502233,0.18505992516954919,0.24570681796675287,False,0,0.87673913043478258,0.66152173913043477,0.90282608695652178,0.70413043478260873,0.60988501813843277,Jumpsuit|Jumpsuit::1|Jumpsuit/1_9.tif|001019
1020,Jumpsuit/2_1.tif,Jumpsuit,Jumpsuit::2,3,0.31267784833063039,0.25605443570116138,0.937707188680308,0.30155998369056458,0.42045669914156392,True,0.1323710730487781,0.91630434782608694,0.97239130434782606,0.88673913043478259,0.95804347826086955,0.86938704696418811,Jumpsuit|Jumpsuit::2|Jumpsuit/2_1.tif|001020
1021,Jumpsuit/2_10.tif,Jumpsuit,Jumpsuit::2,3,0.2834885390256453,0.1783626511595377,0.96493016537404541,0.15783854342531009,0.28800266758952675,False,0,0.83239130434782604,0.23065217391304349,0.99021739130434783,0.58934782608695657,0.65675593289099687,Jumpsuit|Jumpsuit::2|Jumpsuit/2_10.tif|001021
1022,Jumpsuit/2_2.tif,Jumpsuit,Jumpsuit::2,3,0.41227190486600579,0.1864301775960128,0.95089112941214637,0.3944301173726576,0.096886086124808424,True,0.031594663892772899,0.99760869565217392,0.31282608695652175,0.94804347826086954,0.99543478260869567,0.8537254066403841,Jumpsuit|Jumpsuit::2|Jumpsuit/2_2.tif|001022
1023,Jumpsuit/2_3.tif,Jumpsuit,Jumpsuit::2,3,0.37405413936424858,0.14074220834921319,0.96988693788887981,0.34816891070522282,0.038144280237221384,True,0.090570231617266503,0.98543478260869566,0.029347826086956522,0.99586956521739134,0.98717391304347823,0.96973472879669764,Jumpsuit|Jumpsuit::2|Jumpsuit/2_3.tif|001023
1024,Jumpsuit/2_5.tif,Jumpsuit,Jumpsuit::2,3,0.36902693111265478,0.2489200416274962,0.9775354035458822,0.29350344237301867,0.16761694178891906,False,0,0.98282608695652174,0.95499999999999996,0.99978260869565216,0.95152173913043481,0.94541026391072691,Jumpsuit|Jumpsuit::2|Jumpsuit/2_5.tif|001024
1025,Jumpsuit/2_6.tif,Jumpsuit,Jumpsuit::2,3,0.31276159798722641,0.1986266758801975,0.96747630379760519,0.2117182499902551,0.22688971577617312,False,0,0.91673913043478261,0.4523913043478261,0.99369565217391309,0.79934782608695654,0.71364039172096494,Jumpsuit|Jumpsuit::2|Jumpsuit/2_6.tif|001025
1026,Jumpsuit/2_7.tif,Jumpsuit,Jumpsuit::2,3,0.29807207163829702,0.19408941376311439,0.96918275669938536,0.22801871017675429,0.48973363368314127,False,0,0.88369565217391299,0.39804347826086955,0.995,0.84195652173913038,0.72081672329533986,Jumpsuit|Jumpsuit::2|Jumpsuit/2_7.tif|001026
1027,Jumpsuit/2_8.tif,Jumpsuit,Jumpsuit::2,3,0.38017114964708859,0.17612189413092519,0.97271002826180042,0.2927874246588863,0.07903630934521555,False,0,0.98804347826086958,0.21065217391304347,0.99804347826086959,0.94934782608695656,0.87856096896087665,Jumpsuit|Jumpsuit::2|Jumpsuit/2_8.tif|001027
1028,Jumpsuit/2_9.tif,Jumpsuit,Jumpsuit::2,3,0.37249413868980408,0.2008584613892577,0.95351714054698744,0.2434414281015522,0.13945395073819822,False,0,0.98499999999999999,0.48326086956521741,0.95934782608695657,0.87891304347826082,0.7681671161514817,Jumpsuit|Jumpsuit::2|Jumpsuit/2_9.tif|001028
1029,Jumpsuit/3_1.tif,Jumpsuit,Jumpsuit::3,0,0.34837498219259339,0.26186415676008512,0.92677941375822959,0.35259032511245769,0.15763102562909526,False,0,0.96673913043478266,0.98065217391304349,0.81326086956521737,0.98804347826086958,0.88610989004754692,Jumpsuit|Jumpsuit::3|Jumpsuit/3_1.tif|001029
1030,Jumpsuit/3_10.tif,Jumpsuit,Jumpsuit::3,0,0.32483771767191683,0.27427017293623429,0.94943405527440605,0.29397359100428061,0.3415766881797736,False,0,0.93978260869565222,0.99326086956521742,0.94326086956521737,0.95195652173913048,0.91512836497708527,Jumpsuit|Jumpsuit::3|Jumpsuit/3_10.tif|001030
1031,Jumpsuit/3_2.tif,Jumpsuit,Jumpsuit::3,0,0.35449351045739769,0.22795487133241921,0.91852148467854,0.30728155233181281,0.19818652724911756,True,0.036020325385478703,0.9732608695652174,0.81456521739130439,0.75282608695652176,0.96413043478260874,0.7760574833034628,Jumpsuit|Jumpsuit::3|Jumpsuit/3_2.tif|001031
1032,Jumpsuit/3_3.tif,Jumpsuit,Jumpsuit::3,0,0.39940892027605829,0.1407624960085424,0.90705687644719279,0.28310612431413479,0.045075924286507085,True,0.1079959164622443,0.99586956521739134,0.029782608695652173,0.66630434782608694,0.94021739130434778,0.82972254911302501,Jumpsuit|Jumpsuit::3|Jumpsuit/3_3.tif|001032
1033,Jumpsuit/3_4.tif,Jumpsuit,Jumpsuit::3,0,0.3724926432341587,0.15136339477980321,0.90941873104780757,0.26294659461979519,0.36396773815787842,True,0.036808198377828803,0.98456521739130431,0.059347826086956525,0.6871739130434783,0.91065217391304343,0.79539114273625722,Jumpsuit|Jumpsuit::3|Jumpsuit/3_4.tif|001033
1034,Jumpsuit/3_5.tif,Jumpsuit,Jumpsuit::3,0,0.35094385870834749,0.27398427337397468,0.95697391888234062,0.22148988473571249,0.21172059120545039,False,0,0.96804347826086956,0.99282608695652175,0.96717391304347822,0.82760869565217388,0.88742389646813336,Jumpsuit|Jumpsuit::3|Jumpsuit/3_5.tif|001034
1035,Jumpsuit/3_6.tif,Jumpsuit,Jumpsuit::3,0,0.39057435642379051,0.21740559564008419,0.95043543942857123,0.29286405755303802,0.30849138106551011,False,0,0.99239130434782608,0.71282608695652172,0.94673913043478264,0.94978260869565212,0.83043626223405631,Jumpsuit|Jumpsuit::3|Jumpsuit/3_6.tif|001035
1036,Jumpsuit/3_7.tif,Jumpsuit,Jumpsuit::3,0,0.3803494322433989,0.159156280648245,0.92033122763560538,0.2542558981675147,0.45947371083568933,False,0,0.98847826086956525,0.090217391304347833,0.76413043478260867,0.89804347826086961,0.79670339204501339,Jumpsuit|Jumpsuit::3|Jumpsuit/3_7.tif|001036
1037,Jumpsuit/3_8.tif,Jumpsuit,Jumpsuit::3,0,0.41706885988736531,0.14008502378034379,0.92663751661915483,0.35413108950252992,0.049096862087618987,False,0,0.99934782608695649,0.028043478260869566,0.81239130434782614,0.98891304347826092,0.89928610627829653,Jumpsuit|Jumpsuit::3|Jumpsuit/3_8.tif|001037
1038,Jumpsuit/3_9.tif,Jumpsuit,Jumpsuit::3,0,0.41605894047835218,0.18142837270620191,0.90112478942269758,0.38544009782995459,0.11987361276214503,False,0,0.99891304347826082,0.2615217391304348,0.62717391304347825,0.99413043478260865,0.75241225175920234,Jumpsuit|Jumpsuit::3|Jumpsuit/3_9.tif|001038
1039,Jumpsuit/4_1.tif,Jumpsuit,Jumpsuit::4,2,0.26037284636169927,0.18457063337575061,0.86174810666198831,0.050612650776677599,0.23965064737683783,True,0.032025323935436903,0.72934782608695647,0.2941304347826087,0.39543478260869563,0.074999999999999997,0.53529579477304068,Jumpsuit|Jumpsuit::4|Jumpsuit/4_1.tif|001039
1040,Jumpsuit/4_10.tif,Jumpsuit,Jumpsuit::4,2,0.3059978959221753,0.17935193148703751,0.91777692860418802,0.16345344607541451,0.22279671371072196,False,0,0.90369565217391301,0.24021739130434783,0.74891304347826082,0.61760869565217391,0.55339560160111101,Jumpsuit|Jumpsuit::4|Jumpsuit/4_10.tif|001040
1041,Jumpsuit/4_2.tif,Jumpsuit,Jumpsuit::4,2,0.32853566484976321,0.1918928814556683,0.94454374805522323,0.25526556743729367,0.10463853501043419,True,0.039393969416343301,0.94891304347826089,0.37369565217391304,0.92108695652173911,0.89978260869565219,0.74472549845760627,Jumpsuit|Jumpsuit::4|Jumpsuit/4_2.tif|001041
1042,Jumpsuit/4_3.tif,Jumpsuit,Jumpsuit::4,2,0.32007920787268712,0.1778237769709782,0.96244906505402517,0.20754209139658389,0.047010781909351262,True,0.20017065357536479,0.93239130434782613,0.22586956521739129,0.986304347826087,0.78891304347826086,0.7629366951170613,Jumpsuit|Jumpsuit::4|Jumpsuit/4_3.tif|001042
1043,Jumpsuit/4_4.tif,Jumpsuit,Jumpsuit::4,2,0.3126718139093127,0.1867744396695584,0.93318381594368238,0.1953234670741881,0.29445774227840527,False,0,0.91586956521739127,0.31673913043478263,0.85717391304347823,0.74630434782608701,0.62830810714547192,Jumpsuit|Jumpsuit::4|Jumpsuit/4_4.tif|001043
1044,Jumpsuit/4_5.tif,Jumpsuit,Jumpsuit::4,2,0.3027611274489026,0.27976681730612429,0.9521215294186548,0.27231982667217269,0.25824184475559298,False,0,0.89760869565217394,0.99630434782608701,0.95413043478260873,0.9241304347826087,0.88911852867546659,Jumpsuit|Jumpsuit::4|Jumpsuit/4_5.tif|001044
1045,Jumpsuit/4_6.tif,Jumpsuit,Jumpsuit::4,2,0.32745937360256361,0.2018174029142116,0.95147498034139444,0.21670896269121401,0.3550217683343212,False,0,0.94543478260869562,0.4984782608695652,0.94978260869565212,0.81152173913043479,0.70552437965215198,Jumpsuit|Jumpsuit::4|Jumpsuit/4_6.tif|001045
1046,Jumpsuit/4_7.tif,Jumpsuit,Jumpsuit::4,2,0.27502589911352099,0.28108173971919997,0.94812631585054097,0.2371978669540461,0.39926702280611115,False,0,0.79586956521739127,0.99717391304347824,0.9371739130434783,0.86326086956521741,0.8110488203776125,Jumpsuit|Jumpsuit::4|Jumpsuit/4_7.tif|001046
1047,Jumpsuit/4_8.tif,Jumpsuit,Jumpsuit::4,2,0.31058874050092761,0.1797457816400127,0.94914296479880544,0.19063713878959729,0.095380910326751556,False,0,0.91195652173913044,0.24456521739130435,0.94108695652173913,0.72586956521739132,0.69320261660993332,Jumpsuit|Jumpsuit::4|Jumpsuit/4_8.tif|001047
1048,Jumpsuit/4_9.tif,Jumpsuit,Jumpsuit::4,2,0.32272956690094001,0.241192412886267,0.93594485920400339,0.24102913398129269,0.070842325119978899,False,0,0.93630434782608696,0.92065217391304344,0.8763043478260869,0.87282608695652175,0.80493104590259468,Jumpsuit|Jumpsuit::4|Jumpsuit/4_9.tif|001048
1049,Jumpsuit/5_1.tif,Jumpsuit,Jumpsuit::5,1,0.22745637979170161,0.23176154005646379,0.89422840434746032,0.1856714133582707,0.28184883436044295,True,0.043744610793282901,0.49804347826086959,0.84934782608695647,0.58326086956521739,0.70673913043478265,0.41439253374389395,Jumpsuit|Jumpsuit::5|Jumpsuit/5_1.tif|001049
1050,Jumpsuit/5_10.tif,Jumpsuit,Jumpsuit::5,1,0.2850037932775909,0.2060851362613676,0.94761594754753764,0.2093069240369875,0.33130077288835014,False,0,0.83934782608695657,0.56108695652173912,0.93586956521739129,0.79282608695652179,0.62818624500389875,Jumpsuit|Jumpsuit::5|Jumpsuit/5_10.tif|001050
1051,Jumpsuit/5_2.tif,Jumpsuit,Jumpsuit::5,1,0.4135006060239092,0.1057573873910924,0.91761976311699922,0.30325246321203098,0.14819631041643688,True,0.0098641864209956,0.99847826086956526,0.0019565217391304349,0.74847826086956526,0.95934782608695657,0.87708024390776707,Jumpsuit|Jumpsuit::5|Jumpsuit/5_2.tif|001051
1052,Jumpsuit/5_3.tif,Jumpsuit,Jumpsuit::5,1,0.27764021928825411,0.2094181415474973,0.93277181830420797,0.165158081004041,0.078768201011990335,True,0.053573207869700601,0.8084782608695652,0.60282608695652173,0.85543478260869565,0.625,0.49768556968832484,Jumpsuit|Jumpsuit::5|Jumpsuit/5_3.tif|001052
1053,Jumpsuit/5_4.tif,Jumpsuit,Jumpsuit::5,1,0.31928085557544378,0.1453032028910988,0.93214360095109938,0.13976285416419809,0.053095805080502045,False,0,0.93021739130434777,0.039782608695652172,0.85152173913043483,0.51847826086956517,0.72166199168706857,Jumpsuit|Jumpsuit::5|Jumpsuit/5_4.tif|001053
1054,Jumpsuit/5_5.tif,Jumpsuit,Jumpsuit::5,1,0.32432003924854019,0.28666925824382511,0.96939632065138537,0.31472226972460388,0.18828877315611281,False,0,0.93891304347826088,0.99934782608695649,0.99543478260869567,0.96934782608695658,0.95275176033644604,Jumpsuit|Jumpsuit::5|Jumpsuit/5_5.tif|001054
1055,Jumpsuit/5_6.tif,Jumpsuit,Jumpsuit::5,1,0.29623304030604902,0.23442966908882909,0.93369958311741819,0.17496066629652621,0.26773012038858945,False,0,0.87804347826086959,0.86847826086956526,0.86108695652173917,0.6697826086956522,0.66174241557774516,Jumpsuit|Jumpsuit::5|Jumpsuit/5_6.tif|001055
1056,Jumpsuit/5_7.tif,Jumpsuit,Jumpsuit::5,1,0.28787345845617912,0.1952271314448622,0.95885044224689719,0.24555951576980001,0.44526952247641949,False,0,0.85021739130434781,0.40934782608695652,0.97499999999999998,0.88326086956521743,0.7094955475174386,Jumpsuit|Jumpsuit::5|Jumpsuit/5_7.tif|001056
1057,Jumpsuit/5_8.tif,Jumpsuit,Jumpsuit::5,1,0.33471858930519122,0.21329189962992171,0.96317873310290236,0.26798159779320152,0.033431781605216537,False,0,0.95326086956521738,0.65847826086956518,0.98847826086956525,0.91717391304347828,0.80200115967087082,Jumpsuit|Jumpsuit::5|Jumpsuit/5_8.tif|001057
1058,Jumpsuit/5_9.tif,Jumpsuit,Jumpsuit::5,1,0.40223133356342339,0.16383035463176071,0.936946737105114,0.18234907996481939,0.10991565671811399,False,0,0.99630434782608701,0.11195652173913044,0.88152173913043474,0.69847826086956522,0.76278975095290202,Jumpsuit|Jumpsuit::5|Jumpsuit/5_9.tif|001058
1059,Jumpsuit/6_1.tif,Jumpsuit,Jumpsuit::6,3,0.2338821974147953,0.2228032568869778,0.91707844797585858,0.1513689930004985,0.25749289061018277,True,0.13503075158296349,0.55891304347826087,0.76413043478260867,0.74456521739130432,0.5628260869565217,0.37012821566349913,Jumpsuit|Jumpsuit::6|Jumpsuit/6_1.tif|001059
1060,Jumpsuit/6_10.tif,Jumpsuit,Jumpsuit::6,3,0.2684040841719777,0.1887224116483234,0.95563388247952541,0.23905293762135499,0.40068149342944459,False,0,0.76804347826086961,0.33847826086956523,0.9645652173913043,0.86760869565217391,0.66999520354912101,Jumpsuit|Jumpsuit::6|Jumpsuit/6_10.tif|001060
1061,Jumpsuit/6_11.tif,Jumpsuit,Jumpsuit::6,3,0.2192086184604399,0.20471865931199451,0.94044824390285664,0.0558806872419235,0.49740275297903191,False,0,0.41065217391304348,0.5454347826086956,0.90326086956521734,0.095000000000000001,0.58025139587911356,Jumpsuit|Jumpsuit::6|Jumpsuit/6_11.tif|001061
1062,Jumpsuit/6_2.tif,Jumpsuit,Jumpsuit::6,3,0.26541620098254592,0.1820037682934923,0.92744130934971902,0.1260241642198329,0.037319960723739332,True,0.062688327184600004,0.75543478260869568,0.26847826086956522,0.81934782608695655,0.45108695652173914,0.47246667999458336,Jumpsuit|Jumpsuit::6|Jumpsuit/6_2.tif|001062
1063,Jumpsuit/6_3.tif,Jumpsuit,Jumpsuit::6,3,0.28691604827200617,0.17670934754315679,0.95147855557326277,0.26648500000180048,0.18523918566510134,True,0.18941300285530571,0.84586956521739132,0.2167391304347826,0.95021739130434779,0.91543478260869571,0.75838264379173193,Jumpsuit|Jumpsuit::6|Jumpsuit/6_3.tif|001063
1064,Jumpsuit/6_4.tif,Jumpsuit,Jumpsuit::6,3,0.25406588915370459,0.2101002307476483,0.93149528251329161,0.15372610558271979,0.29490056827494338,False,0,0.70021739130434779,0.61065217391304349,0.84760869565217389,0.57326086956521738,0.42252794898664181,Jumpsuit|Jumpsuit::6|Jumpsuit/6_4.tif|001064
1065,Jumpsuit/6_5.tif,Jumpsuit,Jumpsuit::6,3,0.2383615462758194,0.2382186295863595,0.9391847718977282,0.19670891452153311,0.33510409072234781,False,0,0.59934782608695647,0.89978260869565219,0.89760869565217394,0.74978260869565216,0.62464401960535376,Jumpsuit|Jumpsuit::6|Jumpsuit/6_5.tif|001065
1066,Jumpsuit/6_6.tif,Jumpsuit,Jumpsuit::6,3,0.27976880731717801,0.17471418633845739,0.89830853164175695,0.1270618167796049,0.41147939432301994,False,0,0.81847826086956521,0.19456521739130433,0.606304347826087,0.45978260869565218,0.45567187975974632,Jumpsuit|Jumpsuit::6|Jumpsuit/6_6.tif|001066
1067,Jumpsuit/6_7.tif,Jumpsuit,Jumpsuit::6,3,0.2400602380582588,0.2348450394981976,0.93666592496391221,0.1705450581053353,0.54979413797975152,False,0,0.61369565217391309,0.87239130434782608,0.8793478260869565,0.64978260869565219,0.56386309322538686,Jumpsuit|Jumpsuit::6|Jumpsuit/6_7.tif|001067
1068,Jumpsuit/6_8.tif,Jumpsuit,Jumpsuit::6,3,0.25708705749549721,0.20258367360294979,0.94659548293859597,0.17840730524264919,0.30113964992151654,False,0,0.71282608695652172,0.513695652173913,0.93108695652173912,0.68456521739130438,0.51515317890077028,Jumpsuit|Jumpsuit::6|Jumpsuit/6_8.tif|001068
1069,Jumpsuit/6_9.tif,Jumpsuit,Jumpsuit::6,3,0.26854565671404251,0.1660463855262525,0.9031069192996084,0.1610634781136526,0.091381633123413408,True,0.18897739850190029,0.76847826086956517,0.12630434782608696,0.63934782608695651,0.6076086956521739,0.4926727768289571,Jumpsuit|Jumpsuit::6|Jumpsuit/6_9.tif|001069
1070,Jumpsuit/7_1.tif,Jumpsuit,Jumpsuit::7,1,0.2408819261019475,0.2051421461009818,0.86609412253201712,0.18787600358836001,0.31924893391733555,True,0.0715225421639583,0.61978260869565216,0.55065217391304344,0.41891304347826086,0.71369565217391306,0.26297232239162616,Jumpsuit|Jumpsuit::7|Jumpsuit/7_1.tif|001070
1071,Jumpsuit/7_10.tif,Jumpsuit,Jumpsuit::7,1,0.27492715513988331,0.19044334227307169,0.91063350245820562,0.16639989115588211,0.31690230773730887,False,0,0.7954347826086956,0.35717391304347829,0.69978260869565212,0.63239130434782609,0.40635151051093427,Jumpsuit|Jumpsuit::7|Jumpsuit/7_10.tif|001071
1072,Jumpsuit/7_2.tif,Jumpsuit,Jumpsuit::7,1,0.33803018960515019,0.1904715622055361,0.90601008814871919,0.25581789455088672,0.077838144179797175,True,0.037146207686026403,0.95630434782608698,0.35847826086956519,0.65934782608695652,0.90152173913043476,0.6440912180463737,Jumpsuit|Jumpsuit::7|Jumpsuit/7_2.tif|001072
1073,Jumpsuit/7_3.tif,Jumpsuit,Jumpsuit::7,1,0.26364699390845248,0.22144787369256169,0.93440795046821723,0.18679424576308309,0.041383544047851495,True,0.1090169748073393,0.74630434782608701,0.74978260869565216,0.86543478260869566,0.7102173913043478,0.54844426819131697,Jumpsuit|Jumpsuit::7|Jumpsuit/7_3.tif|001073
1074,Jumpsuit/7_4.tif,Jumpsuit,Jumpsuit::7,1,0.22067685254040861,0.2270730585532188,0.87621992415006633,0.1449443890539846,0.11397804829097835,False,0,0.42891304347826087,0.8084782608695652,0.47456521739130436,0.53760869565217395,0.3198023373454994,Jumpsuit|Jumpsuit::7|Jumpsuit/7_4.tif|001074
1075,Jumpsuit/7_5.tif,Jumpsuit,Jumpsuit::7,1,0.277585036169198,0.20350398806343351,0.87193122573047332,0.1424350289211945,0.21035309580287798,False,0,0.80804347826086953,0.52847826086956518,0.44760869565217393,0.52760869565217394,0.31497441910112434,Jumpsuit|Jumpsuit::7|Jumpsuit/7_5.tif|001075
1076,Jumpsuit/7_6.tif,Jumpsuit,Jumpsuit::7,1,0.2609228435454316,0.2245572181101419,0.88558854461353997,0.17081392974366399,0.43484137458261796,False,0,0.73152173913043483,0.78456521739130436,0.52413043478260868,0.65195652173913043,0.39780993077196303,Jumpsuit|Jumpsuit::7|Jumpsuit/7_6.tif|001076
1077,Jumpsuit/7_7.tif,Jumpsuit,Jumpsuit::7,1,0.23912212039222361,0.2186170894345501,0.89285266437251454,0.1335422844448666,0.39647652651764859,False,0,0.60673913043478256,0.72413043478260875,0.57369565217391305,0.49195652173913046,0.2590819184228923,Jumpsuit|Jumpsuit::7|Jumpsuit/7_7.tif|001077
1078,Jumpsuit/7_8.tif,Jumpsuit,Jumpsuit::7,1,0.29641300492588479,0.21873300167864859,0.93618676779446297,0.19873589258741611,0.2293791657451828,False,0,0.87891304347826082,0.72630434782608699,0.87760869565217392,0.75717391304347825,0.63522869971781004,Jumpsuit|Jumpsuit::7|Jumpsuit/7_8.tif|001078
1079,Jumpsuit/7_9.tif,Jumpsuit,Jumpsuit::7,1,0.2379529127217824,0.25379487385306843,0.9082212081833424,0.1392476456816848,0.26302761974813826,False,0,0.59413043478260874,0.96760869565217389,0.67673913043478262,0.51630434782608692,0.50894104077659863,Jumpsuit|Jumpsuit::7|Jumpsuit/7_9.tif|001079
1080,Jumpsuit/8-10.tif,Jumpsuit,Jumpsuit::8,2,0.31723865991843619,0.1847922225312493,0.94196364688791623,0.24005285393199571,0.3434808633420634,False,0,0.92717391304347829,0.29717391304347829,0.91021739130434787,0.86891304347826082,0.72662997138289664,Jumpsuit|Jumpsuit::8|Jumpsuit/8-10.tif|001080
1081,Jumpsuit/8-3.tif,Jumpsuit,Jumpsuit::8,2,0.36822652428313019,0.12993706789624929,0.90098073813350776,0.1624809227890586,0.18438804340908177,False,0,0.98195652173913039,0.011521739130434782,0.625,0.61413043478260865,0.70678416530982291,Jumpsuit|Jumpsuit::8|Jumpsuit/8-3.tif|001081
1082,Jumpsuit/8-4.tif,Jumpsuit,Jumpsuit::8,2,0.31439998732432778,0.16028987618746909,0.87269785913825682,0.1196080612243787,0.28335956500328396,False,0,0.92065217391304344,0.095000000000000001,0.45108695652173914,0.41847826086956524,0.59161772386476574,Jumpsuit|Jumpsuit::8|Jumpsuit/8-4.tif|001082
1083,Jumpsuit/8-5.tif,Jumpsuit,Jumpsuit::8,2,0.32602275387253449,0.1506712677277636,0.95381630832163955,0.2135338572903035,0.16459404640885722,False,0,0.94326086956521737,0.055434782608695651,0.96152173913043482,0.80500000000000005,0.83674712230868864,Jumpsuit|Jumpsuit::8|Jumpsuit/8-5.tif|001083
1084,Jumpsuit/8-6.tif,Jumpsuit,Jumpsuit::8,2,0.34179554424434277,0.2529946438858931,0.9406111466677588,0.30056612828231438,0.3643539675800177,False,0,0.96065217391304347,0.96543478260869564,0.90456521739130435,0.95673913043478265,0.89504950175172515,Jumpsuit|Jumpsuit::8|Jumpsuit/8-6.tif|001084
1085,Jumpsuit/8_1.tif,Jumpsuit,Jumpsuit::8,2,0.34511740347469072,0.1919420673588921,0.9040145078882772,0.1652715316083341,0.26660414729938398,True,0.018401743601700399,0.96413043478260874,0.37413043478260871,0.64673913043478259,0.6263043478260869,0.5184065669144613,Jumpsuit|Jumpsuit::8|Jumpsuit/8_1.tif|001085
1086,Jumpsuit/8_2.tif,Jumpsuit,Jumpsuit::8,2,0.42671644562601918,0.10520588089708149,0.9350745262282244,0.38107202482491009,0.1751887806213257,True,0.040869373368203503,0.99978260869565216,0.0015217391304347826,0.86891304347826082,0.99369565217391309,0.9370674805679664,Jumpsuit|Jumpsuit::8|Jumpsuit/8_2.tif|001086
1087,Jumpsuit/8_7.tif,Jumpsuit,Jumpsuit::8,2,0.31515527429338219,0.17226438280246309,0.92948688104618338,0.20489271741014989,0.29474011944452727,False,0,0.92326086956521736,0.17108695652173914,0.83195652173913048,0.77934782608695652,0.68961140806970889,Jumpsuit|Jumpsuit::8|Jumpsuit/8_7.tif|001087
1088,Jumpsuit/8_8.tif,Jumpsuit,Jumpsuit::8,2,0.38508464299691531,0.18586374766145691,0.93583967274640678,0.23591617982556071,0.055058593653201982,False,0,0.98978260869565216,0.30891304347826087,0.875,0.86108695652173917,0.73987162325878653,Jumpsuit|Jumpsuit::8|Jumpsuit/8_8.tif|001088
1089,Jumpsuit/8_9.tif,Jumpsuit,Jumpsuit::8,2,0.4130350316118534,0.11982817203294879,0.90820427077891441,0.24410713170402859,0.12784717245970456,False,0,0.99804347826086959,0.0067391304347826086,0.67630434782608695,0.88021739130434784,0.81670195260883582,Jumpsuit|Jumpsuit::8|Jumpsuit/8_9.tif|001089
1090,Jumpsuit/9-10.tif,Jumpsuit,Jumpsuit::9,4,0.34589170054006968,0.2096053106446909,0.95828922453471199,0.22133279468606401,0.32809457926775076,False,0,0.9645652173913043,0.60499999999999998,0.97195652173913039,0.82630434782608697,0.74569653816558379,Jumpsuit|Jumpsuit::9|Jumpsuit/9-10.tif|001090
1091,Jumpsuit/9-3.tif,Jumpsuit,Jumpsuit::9,4,0.31653351759435178,0.2158870516547112,0.95154309749871435,0.20552600399871451,0.04560124297186674,True,0.065927763945288501,0.92543478260869561,0.69630434782608697,0.95108695652173914,0.78282608695652178,0.70922506232924176,Jumpsuit|Jumpsuit::9|Jumpsuit/9-3.tif|001091
1092,Jumpsuit/9-4.tif,Jumpsuit,Jumpsuit::9,4,0.29040495034161068,0.24351606750051991,0.94450526838709403,0.122778556643032,0.25155088414613846,False,0,0.85673913043478256,0.92934782608695654,0.92021739130434788,0.42934782608695654,0.70226544025904525,Jumpsuit|Jumpsuit::9|Jumpsuit/9-4.tif|001092
1093,Jumpsuit/9-5.tif,Jumpsuit,Jumpsuit::9,4,0.29820097280207869,0.24876106988233571,0.97072203158831716,0.19754976050638981,0.16615014212682622,False,0,0.88456521739130434,0.95413043478260873,0.99630434782608701,0.75282608695652176,0.81508520667466822,Jumpsuit|Jumpsuit::9|Jumpsuit/9-5.tif|001093
1094,Jumpsuit/9-6.tif,Jumpsuit,Jumpsuit::9,4,0.30182593364806271,0.26400961570050457,0.95614347581107195,0.24471224790656149,0.14110269372922235,True,0.096586016134062994,0.89500000000000002,0.98369565217391308,0.96499999999999997,0.88195652173913042,0.86723829967950672,Jumpsuit|Jumpsuit::9|Jumpsuit/9-6.tif|001094
1095,Jumpsuit/9_1.tif,Jumpsuit,Jumpsuit::9,4,0.30352798664102992,0.17163102299032129,0.94513844086993537,0.1689083384571417,0.25170387041100972,False,0,0.89934782608695651,0.16282608695652173,0.92456521739130437,0.64326086956521744,0.68843607866274481,Jumpsuit|Jumpsuit::9|Jumpsuit/9_1.tif|001095
1096,Jumpsuit/9_2.tif,Jumpsuit,Jumpsuit::9,4,0.38863892187691601,0.13807670651977341,0.95863005018627701,0.34752948492717578,0.091037085383412264,True,0.031270266212556401,0.99152173913043473,0.024130434782608696,0.97369565217391307,0.98673913043478256,0.96402697842066298,Jumpsuit|Jumpsuit::9|Jumpsuit/9_2.tif|001096
1097,Jumpsuit/9_7.tif,Jumpsuit,Jumpsuit::9,4,0.29915273394921088,0.18105982147735461,0.93891389127197478,0.140776149087571,0.5122091379575755,False,0,0.88847826086956527,0.25717391304347825,0.89543478260869569,0.52152173913043476,0.60556727142972577,Jumpsuit|Jumpsuit::9|Jumpsuit/9_7.tif|001097
1098,Jumpsuit/9_8.tif,Jumpsuit,Jumpsuit::9,4,0.39373132172627262,0.1412293961512926,0.96407265730316261,0.27754011971889908,0.087490268433167206,False,0,0.99326086956521742,0.03239130434782609,0.98934782608695648,0.93326086956521737,0.94294244452469123,Jumpsuit|Jumpsuit::9|Jumpsuit/9_8.tif|001098
1099,Jumpsuit/9_9.tif,Jumpsuit,Jumpsuit::9,4,0.32643151595625358,0.1913147831345412,0.94095484248862005,0.17888825039550979,0.15546129526055008,False,0,0.94413043478260872,0.36804347826086958,0.90586956521739126,0.68586956521739129,0.64338321859801018,Jumpsuit|Jumpsuit::9|Jumpsuit/9_9.tif|001099
1100,Mermaid/10_1.tif,Mermaid,Mermaid::10,4,0.22778043933050771,0.21703444411489109,0.86247326149346437,0.1242522544759859,0.15727110284452395,True,0.115808886982388,0.50282608695652176,0.70847826086956522,0.40065217391304347,0.43934782608695649,0.23878829278519192,Mermaid|Mermaid::10|Mermaid/10_1.tif|001100
1101,Mermaid/10_10.tif,Mermaid,Mermaid::10,4,0.21306385079835,0.202289660192669,0.84711394987485666,0.21099014212417469,0.59223091930317606,False,0,0.34195652173913044,0.50760869565217392,0.32630434782608697,0.79760869565217396,0.37917904554739135,Mermaid|Mermaid::10|Mermaid/10_10.tif|001101
1102,Mermaid/10_2.tif,Mermaid,Mermaid::10,4,0.22684925976460249,0.1721150916504969,0.77285350268022379,0.048375731077053098,0.10153933804178505,True,0.024387870270442601,0.49152173913043479,0.16717391304347826,0.069782608695652171,0.068043478260869567,0.6946355343054722,Mermaid|Mermaid::10|Mermaid/10_2.tif|001102
1103,Mermaid/10_3.tif,Mermaid,Mermaid::10,4,0.21804603236167849,0.2019876727132649,0.83568605826698472,0.0264741215868767,0.024550131369429073,True,0.1743146772257278,0.40152173913043476,0.50195652173913041,0.27804347826086956,0.011956521739130435,0.54511735438959452,Mermaid|Mermaid::10|Mermaid/10_3.tif|001103
1104,Mermaid/10_4.tif,Mermaid,Mermaid::10,4,0.2143057176008597,0.23405667303422281,0.84142299317891889,0.1852979004884702,0.53187658284458539,False,0,0.35543478260869565,0.86543478260869566,0.3006521739130435,0.70543478260869563,0.48619408479612053,Mermaid|Mermaid::10|Mermaid/10_4.tif|001104
1105,Mermaid/10_5.tif,Mermaid,Mermaid::10,4,0.2339416237042426,0.1749765050607294,0.85103192520782589,0.058572769742856197,0.49374672285225374,False,0,0.55934782608695655,0.19847826086956522,0.34760869565217389,0.10891304347826088,0.52020153866723429,Mermaid|Mermaid::10|Mermaid/10_5.tif|001105
1106,Mermaid/10_6.tif,Mermaid,Mermaid::10,4,0.18147170764790921,0.24042318742974739,0.90166086659632916,0.28099727632446908,0.46120742722827035,False,0,0.052826086956521738,0.91630434782608694,0.63065217391304351,0.9371739130434783,0.76253841825803814,Mermaid|Mermaid::10|Mermaid/10_6.tif|001106
1107,Mermaid/10_7.tif,Mermaid,Mermaid::10,4,0.17926408488083789,0.2205157149325645,0.86996546614262082,0.34239000413330628,0.57990058443515635,False,0,0.043695652173913045,0.74108695652173917,0.43717391304347825,0.98456521739130431,0.71069483293299385,Mermaid|Mermaid::10|Mermaid/10_7.tif|001107
1108,Mermaid/10_8.tif,Mermaid,Mermaid::10,4,0.28394463174569201,0.15963609037969259,0.89866055143190393,0.12408191885474509,0.48241888628259588,False,0,0.83456521739130429,0.091521739130434779,0.60891304347826092,0.43804347826086959,0.54266844013340609,Mermaid|Mermaid::10|Mermaid/10_8.tif|001108
1109,Mermaid/10_9.tif,Mermaid,Mermaid::10,4,0.2438831095293898,0.18420402940061339,0.87280418852435726,0.077143057135434401,0.3093209218684827,False,0,0.63543478260869568,0.29065217391304349,0.45152173913043481,0.20326086956521738,0.39060638235406214,Mermaid|Mermaid::10|Mermaid/10_9.tif|001109
1110,Mermaid/1_1.tif,Mermaid,Mermaid::1,0,0.26286572959214,0.2313213918190104,0.93413465777753557,0.1834489276628922,0.38294794520473341,True,0.078535609530501593,0.74239130434782608,0.8445652173913043,0.86413043478260865,0.70065217391304346,0.59188765985646219,Mermaid|Mermaid::1|Mermaid/1_1.tif|001110
1111,Mermaid/1_10.tif,Mermaid,Mermaid::1,0,0.25595732164789392,0.2012664156390066,0.92565320277430718,0.088934852791305502,0.50472311090140587,False,0,0.70760869565217388,0.49108695652173912,0.80586956521739128,0.26543478260869563,0.43790163848808356,Mermaid|Mermaid::1|Mermaid/1_10.tif|001111
1112,Mermaid/1_2.tif,Mermaid,Mermaid::1,0,0.28265228118627361,0.1606853252739649,0.89283937514402056,0.17064974591569179,0.088000956622348969,True,0.0173793836174337,0.82978260869565212,0.098043478260869565,0.57326086956521738,0.65021739130434786,0.54613005230115752,Mermaid|Mermaid::1|Mermaid/1_2.tif|001112
1113,Mermaid/1_3.tif,Mermaid,Mermaid::1,0,0.28088156198530839,0.200739013526543,0.85933074934729714,0.1666736673124786,0.10639595718715023,True,0.051292060530528899,0.82369565217391305,0.48108695652173911,0.38369565217391305,0.63326086956521743,0.36935313607770387,Mermaid|Mermaid::1|Mermaid/1_3.tif|001113
1114,Mermaid/1_4.tif,Mermaid,Mermaid::1,0,0.25664876131901798,0.20715098857041681,0.90899485942264335,0.095191398159438001,0.33595080531393451,False,0,0.71152173913043482,0.57195652173913047,0.68282608695652169,0.2941304347826087,0.35457981203135219,Mermaid|Mermaid::1|Mermaid/1_4.tif|001114
1115,Mermaid/1_5.tif,Mermaid,Mermaid::1,0,0.24531484647911311,0.23409597219989231,0.90348992930213179,0.1017310284052839,0.2971447889362514,True,0.010396457441557001,0.64586956521739125,0.86673913043478257,0.64152173913043475,0.32065217391304346,0.45603680248132522,Mermaid|Mermaid::1|Mermaid/1_5.tif|001115
1116,Mermaid/1_6.tif,Mermaid,Mermaid::1,0,0.27889327116985058,0.19663353577232259,0.84968854246524916,0.12426544179914061,0.08552372530932939,True,0.1386402256409387,0.81413043478260871,0.42717391304347824,0.34065217391304348,0.43978260869565217,0.36469087305860776,Mermaid|Mermaid::1|Mermaid/1_6.tif|001116
1117,Mermaid/1_7.tif,Mermaid,Mermaid::1,0,0.25607121766578,0.1817882626273325,0.94087609159318542,0.17980899652424079,0.50410847546315285,False,0,0.70847826086956522,0.2658695652173913,0.9054347826086957,0.68934782608695655,0.54636087702132241,Mermaid|Mermaid::1|Mermaid/1_7.tif|001117
1118,Mermaid/1_8.tif,Mermaid,Mermaid::1,0,0.2614738173316003,0.19960642626872069,0.9117809116700486,0.12308378210916709,0.23668232347103524,False,0,0.736304347826087,0.46369565217391306,0.70630434782608698,0.43021739130434783,0.32340198960567235,Mermaid|Mermaid::1|Mermaid/1_8.tif|001118
1119,Mermaid/1_9.tif,Mermaid,Mermaid::1,0,0.29434005572923461,0.20283142775323471,0.93742015573683324,0.1245735968166706,0.16232787369385371,False,0,0.87282608695652175,0.51847826086956517,0.88500000000000001,0.44108695652173913,0.53947797353733273,Mermaid|Mermaid::1|Mermaid/1_9.tif|001119
1120,Mermaid/2_1.tif,Mermaid,Mermaid::2,2,0.2330361813971942,0.18330167165048139,0.87164103696315032,0.048092263145907997,0.36452321682673361,True,0.0236790635816852,0.54630434782608694,0.28021739130434781,0.44630434782608697,0.066739130434782606,0.4909650617625001,Mermaid|Mermaid::2|Mermaid/2_1.tif|001120
1121,Mermaid/2_10.tif,Mermaid,Mermaid::2,2,0.20684172447797119,0.24369006646258259,0.87918831473388348,0.14986989782364071,0.49515136877269228,False,0,0.27195652173913043,0.93108695652173912,0.48804347826086958,0.55586956521739128,0.49102358272304003,Mermaid|Mermaid::2|Mermaid/2_10.tif|001121
1122,Mermaid/2_2.tif,Mermaid,Mermaid::2,2,0.26745884939167708,0.179688090369647,0.85957890909021151,0.1542393095342634,0.16138317567975624,True,0.021880965675125399,0.76543478260869569,0.24369565217391304,0.38500000000000001,0.57499999999999996,0.39369727270211219,Mermaid|Mermaid::2|Mermaid/2_2.tif|001122
1123,Mermaid/2_3.tif,Mermaid,Mermaid::2,2,0.21319626467018571,0.24478142925018179,0.89977190473654134,0.11039905635184739,0.1585482780773152,True,0.17536254358689221,0.34456521739130436,0.9371739130434783,0.61804347826086958,0.36760869565217391,0.49673204257144749,Mermaid|Mermaid::2|Mermaid/2_3.tif|001123
1124,Mermaid/2_4.tif,Mermaid,Mermaid::2,2,0.26789870750033318,0.18599215450487711,0.88663347506759371,0.1330776869592778,0.38059561630338767,False,0,0.76630434782608692,0.31021739130434783,0.53065217391304342,0.48934782608695654,0.32861598988648394,Mermaid|Mermaid::2|Mermaid/2_4.tif|001124
1125,Mermaid/2_5.tif,Mermaid,Mermaid::2,2,0.2263414023252644,0.19563664249313831,0.8789664435465917,0.092250675913822494,0.39233640301177763,False,0,0.48456521739130437,0.41630434782608694,0.48630434782608695,0.28195652173913044,0.23446476069456884,Mermaid|Mermaid::2|Mermaid/2_5.tif|001125
1126,Mermaid/2_6.tif,Mermaid,Mermaid::2,2,0.28307377279791418,0.1906940507849533,0.92087961016676878,0.1261697567152919,0.096331570113566189,False,0,0.83108695652173914,0.36195652173913045,0.76804347826086961,0.45282608695652171,0.45027464838607789,Mermaid|Mermaid::2|Mermaid/2_6.tif|001126
1127,Mermaid/2_7.tif,Mermaid,Mermaid::2,2,0.24041384729772289,0.19569066336513519,0.87618513146531907,0.13791438185566179,0.54724920006484301,False,0,0.61804347826086958,0.41717391304347828,0.47369565217391302,0.50760869565217392,0.14677954354928641,Mermaid|Mermaid::2|Mermaid/2_7.tif|001127
1128,Mermaid/2_8.tif,Mermaid,Mermaid::2,2,0.23027848628234321,0.1892072578340297,0.89582164559678346,0.028313924585960701,0.18427692157456199,False,0,0.52369565217391301,0.34239130434782611,0.5902173913043478,0.015869565217391305,0.51761321510727121,Mermaid|Mermaid::2|Mermaid/2_8.tif|001128
1129,Mermaid/2_9.tif,Mermaid,Mermaid::2,2,0.21482077074921049,0.232913321023583,0.88020131672171742,0.097835031468470696,0.34009549830679731,False,0,0.36282608695652174,0.85804347826086957,0.49413043478260871,0.30326086956521742,0.43099019940699013,Mermaid|Mermaid::2|Mermaid/2_9.tif|001129
1130,Mermaid/3_1.tif,Mermaid,Mermaid::3,1,0.24120178540204451,0.1991960218074873,0.87846283729069419,0.086525546234696799,0.44192328762765615,True,0.1093452299448401,0.62282608695652175,0.4589130434782609,0.48586956521739133,0.24804347826086956,0.28364792202182049,Mermaid|Mermaid::3|Mermaid/3_1.tif|001130
1131,Mermaid/3_10.tif,Mermaid,Mermaid::3,1,0.200196355635094,0.20358242270864729,0.85537900220763796,0.097306539811605294,0.56620741472532488,False,0,0.20978260869565218,0.52934782608695652,0.36717391304347824,0.3006521739130435,0.37745165816738457,Mermaid|Mermaid::3|Mermaid/3_10.tif|001131
1132,Mermaid/3_2.tif,Mermaid,Mermaid::3,1,0.19716774970459219,0.20832200607103449,0.84855928618169685,0.098471396036208095,0.10776560507101385,True,0.048220766766590602,0.17499999999999999,0.5889130434782609,0.33456521739130435,0.30673913043478263,0.42219540535450817,Mermaid|Mermaid::3|Mermaid/3_2.tif|001132
1133,Mermaid/3_3.tif,Mermaid,Mermaid::3,1,0.25234771036207698,0.17436301187193801,0.79892916392785884,0.14801642904962131,0.04863861530084157,True,0.092795806702956493,0.68847826086956521,0.19108695652173913,0.1267391304347826,0.54717391304347829,0.52201568757254191,Mermaid|Mermaid::3|Mermaid/3_3.tif|001133
1134,Mermaid/3_4.tif,Mermaid,Mermaid::3,1,0.22291401149812801,0.19249168611866921,0.85365467774556747,0.061749830344510703,0.42485859076584714,False,0,0.45326086956521738,0.37978260869565217,0.35978260869565215,0.12152173913043478,0.42372571111612944,Mermaid|Mermaid::3|Mermaid/3_4.tif|001134
1135,Mermaid/3_5.tif,Mermaid,Mermaid::3,1,0.23365055834076781,0.2238771385532779,0.86708298396396544,0.1022049916549598,0.38756402860044703,False,0,0.55586956521739128,0.77804347826086961,0.42195652173913045,0.32500000000000001,0.34226505608963037,Mermaid|Mermaid::3|Mermaid/3_5.tif|001135
1136,Mermaid/3_6.tif,Mermaid,Mermaid::3,1,0.2050888309393567,0.2008794058565552,0.9019749647745644,0.2170754762323639,0.46298960906802078,False,0,0.25413043478260872,0.48369565217391303,0.63239130434782609,0.81369565217391304,0.42029762611506433,Mermaid|Mermaid::3|Mermaid/3_6.tif|001136
1137,Mermaid/3_7.tif,Mermaid,Mermaid::3,1,0.2054592967737239,0.2204255083949079,0.92584080355430642,0.21367486905207381,0.50872646750522965,False,0,0.2593478260869565,0.73891304347826092,0.8071739130434783,0.80543478260869561,0.55012646767337292,Mermaid|Mermaid::3|Mermaid/3_7.tif|001137
1138,Mermaid/3_8.tif,Mermaid,Mermaid::3,1,0.1998746994834478,0.25286040139909799,0.90743003431419444,0.28231948370878379,0.37627494602476386,False,0,0.20456521739130434,0.9645652173913043,0.67108695652173911,0.93934782608695655,0.72484468057928331,Mermaid|Mermaid::3|Mermaid/3_8.tif|001138
1139,Mermaid/3_9.tif,Mermaid,Mermaid::3,1,0.27190599857757902,0.1904324305322142,0.88063855657047752,0.094842677844707401,0.3775631951531796,False,0,0.78369565217391302,0.35673913043478261,0.49630434782608696,0.29152173913043478,0.38011017207008962,Mermaid|Mermaid::3|Mermaid/3_9.tif|001139
1140,Mermaid/4_1.tif,Mermaid,Mermaid::4,0,0.32288808092418519,0.26473334472235988,0.91351015042673656,0.32490606481814038,0.23727278135284602,True,0.1669063358911787,0.93673913043478263,0.98456521739130431,0.72108695652173915,0.97543478260869565,0.83693619399368502,Mermaid|Mermaid::4|Mermaid/4_1.tif|001140
1141,Mermaid/4_10.tif,Mermaid,Mermaid::4,0,0.27513843483432399,0.21238397671094661,0.87544874422143693,0.18804810520383539,0.4988737268648315,False,0,0.79630434782608694,0.64717391304347827,0.46717391304347827,0.71499999999999997,0.39592799750213309,Mermaid|Mermaid::4|Mermaid/4_10.tif|001141
1142,Mermaid/4_2.tif,Mermaid,Mermaid::4,0,0.30743371770822819,0.17861746050527319,0.81853800603576465,0.1328090267963723,0.18452788619658034,True,0.065741138453855402,0.90630434782608693,0.23195652173913042,0.19239130434782609,0.4884782608695652,0.57592220777982572,Mermaid|Mermaid::4|Mermaid/4_2.tif|001142
1143,Mermaid/4_3.tif,Mermaid,Mermaid::4,0,0.29390254929591331,0.1552546596628383,0.82036781380550317,0.1156106690725183,0.040240368053653053,True,0.050955376295840397,0.8706521739130435,0.075434782608695655,0.19978260869565218,0.39891304347826084,0.64651969240341511,Mermaid|Mermaid::4|Mermaid/4_3.tif|001143
1144,Mermaid/4_4.tif,Mermaid,Mermaid::4,0,0.2474958222678027,0.21504668608059679,0.8797402229253668,0.28314093876295598,0.2913923802823597,False,0,0.66152173913043477,0.68456521739130438,0.49152173913043479,0.94065217391304345,0.5043806211226628,Mermaid|Mermaid::4|Mermaid/4_4.tif|001144
1145,Mermaid/4_5.tif,Mermaid,Mermaid::4,0,0.24469256001591461,0.22614610911725069,0.90836907167581804,0.1237952940810557,0.47536498549584394,False,0,0.64152173913043475,0.80152173913043478,0.67891304347826087,0.43586956521739129,0.38349230971012349,Mermaid|Mermaid::4|Mermaid/4_5.tif|001145
1146,Mermaid/4_6.tif,Mermaid,Mermaid::4,0,0.32001315579416989,0.1893797950857482,0.925248371426448,0.1806511427193164,0.39358656698395711,False,0,0.93195652173913046,0.34456521739130436,0.80108695652173911,0.6928260869565217,0.58187770494844371,Mermaid|Mermaid::4|Mermaid/4_6.tif|001146
1147,Mermaid/4_7.tif,Mermaid,Mermaid::4,0,0.32557375696246449,0.2009711275754904,0.92626760721118639,0.21769800913119691,0.5464528571093572,False,0,0.9415217391304348,0.48543478260869566,0.80978260869565222,0.81717391304347831,0.62587390698767364,Mermaid|Mermaid::4|Mermaid/4_7.tif|001147
1148,Mermaid/4_8.tif,Mermaid,Mermaid::4,0,0.22904509993915409,0.2172172773222816,0.91661493725650844,0.13492012149530111,0.27199420489388138,False,0,0.51239130434782609,0.7102173913043478,0.74108695652173917,0.49717391304347824,0.32011842090489967,Mermaid|Mermaid::4|Mermaid/4_8.tif|001148
1149,Mermaid/4_9.tif,Mermaid,Mermaid::4,0,0.27628403723164191,0.2386429632981959,0.90964955753948518,0.26573773567301151,0.041970091410296617,True,0.14184101619167569,0.80021739130434788,0.90326086956521734,0.68978260869565222,0.91413043478260869,0.67843294918557928,Mermaid|Mermaid::4|Mermaid/4_9.tif|001149
1150,Mermaid/5_1.tif,Mermaid,Mermaid::5,4,0.2297994209803047,0.25447027500112263,0.92563608906637118,0.25596831467817471,0.30557777137482756,True,0.019875555254813101,0.51978260869565218,0.9689130434782609,0.80500000000000005,0.90195652173913043,0.68910437476442621,Mermaid|Mermaid::5|Mermaid/5_1.tif|001150
1151,Mermaid/5_10.tif,Mermaid,Mermaid::5,4,0.2415635139121578,0.2259326496141329,0.89482611492558994,0.26909958096620767,0.51813097113535944,False,0,0.62543478260869567,0.79934782608695654,0.58630434782608698,0.9197826086956522,0.53759546565060501,Mermaid|Mermaid::5|Mermaid/5_10.tif|001151
1152,Mermaid/5_2.tif,Mermaid,Mermaid::5,4,0.25702729532882379,0.19106903801434999,0.77844026390835319,0.14618859780327251,0.072747305441359766,True,0.097703376991919902,0.71239130434782605,0.36543478260869566,0.081521739130434784,0.5410869565217391,0.48992862409822002,Mermaid|Mermaid::5|Mermaid/5_2.tif|001152
1153,Mermaid/5_3.tif,Mermaid,Mermaid::5,4,0.29318939888700563,0.18740753013701381,0.83694344170033685,0.22100666453532661,0.093231499886390345,True,0.071910549869106596,0.86891304347826082,0.32282608695652176,0.28586956521739132,0.82456521739130439,0.56451913391131825,Mermaid|Mermaid::5|Mermaid/5_3.tif|001153
1154,Mermaid/5_4.tif,Mermaid,Mermaid::5,4,0.2350625385135669,0.23415402426600701,0.91889227934284323,0.17216477313762471,0.39461040017802917,False,0,0.56978260869565223,0.86760869565217391,0.75586956521739135,0.65804347826086962,0.48005493541968092,Mermaid|Mermaid::5|Mermaid/5_4.tif|001154
1155,Mermaid/5_5.tif,Mermaid,Mermaid::5,4,0.21706065648860901,0.22960693504945601,0.87905002104983898,0.28210548148267989,0.43358010927853191,False,0,0.39065217391304347,0.82934782608695656,0.48760869565217391,0.93891304347826088,0.55966520507973128,Mermaid|Mermaid::5|Mermaid/5_5.tif|001155
1156,Mermaid/5_6.tif,Mermaid,Mermaid::5,4,0.2251729771806974,0.21916299814224449,0.92547639043512397,0.1891282157273346,0.46202103310254677,False,0,0.47369565217391302,0.72847826086956524,0.80326086956521736,0.7189130434782609,0.43907210116210255,Mermaid|Mermaid::5|Mermaid/5_6.tif|001156
1157,Mermaid/5_7.tif,Mermaid,Mermaid::5,4,0.23683245568233041,0.21099166971979449,0.88315999321408922,0.11263693894487579,0.61647251917354273,False,0,0.58195652173913048,0.62760869565217392,0.51195652173913042,0.3815217391304348,0.19282351353608501,Mermaid|Mermaid::5|Mermaid/5_7.tif|001157
1158,Mermaid/5_8.tif,Mermaid,Mermaid::5,4,0.30318710910154029,0.16848987866029361,0.93199212077216242,0.15361194300226219,0.3268767688820402,False,0,0.89847826086956517,0.14195652173913043,0.85065217391304349,0.57239130434782604,0.64434269199386274,Mermaid|Mermaid::5|Mermaid/5_8.tif|001158
1159,Mermaid/5_9.tif,Mermaid,Mermaid::5,4,0.25383191553028139,0.1669376404636331,0.85178610004599864,0.073967161849047502,0.31957047438002562,False,0,0.69847826086956522,0.13456521739130434,0.35152173913043477,0.18543478260869564,0.54215613094510062,Mermaid|Mermaid::5|Mermaid/5_9.tif|001159
1160,Mermaid/6_1.tif,Mermaid,Mermaid::6,3,0.26756572886107971,0.18122367543369941,0.91551892318102202,0.068572170535320401,0.34409039864406865,True,0.063184699863047505,0.76586956521739136,0.25891304347826088,0.73673913043478256,0.1567391304347826,0.5501663264572686,Mermaid|Mermaid::6|Mermaid/6_1.tif|001160
1161,Mermaid/6_10.tif,Mermaid,Mermaid::6,3,0.27779217459051669,0.2263506727006788,0.93040756615355835,0.16671364470433311,0.55254414136954932,False,0,0.80934782608695655,0.80369565217391303,0.83804347826086956,0.63413043478260867,0.56585465747287345,Mermaid|Mermaid::6|Mermaid/6_10.tif|001161
1162,Mermaid/6_2.tif,Mermaid,Mermaid::6,3,0.2126396650341226,0.2318675442388001,0.8017978611435147,0.1399010437444998,0.16217153417092811,True,0.048846807653742101,0.3402173913043478,0.85065217391304349,0.13413043478260869,0.51891304347826084,0.53170073450908895,Mermaid|Mermaid::6|Mermaid/6_2.tif|001162
1163,Mermaid/6_3.tif,Mermaid,Mermaid::6,3,0.27021791117476879,0.20231247637875299,0.88163249794053733,0.141749058430827,0.05797608896100348,True,0.1358831509819218,0.77456521739130435,0.5080434782608696,0.50543478260869568,0.52500000000000002,0.27587187788114809,Mermaid|Mermaid::6|Mermaid/6_3.tif|001163
1164,Mermaid/6_4.tif,Mermaid,Mermaid::6,3,0.22128612943790779,0.18323468848267219,0.89592213114124009,0.077180027631133102,0.49670275152736898,False,0,0.43586956521739129,0.27978260869565219,0.59195652173913038,0.2041304347826087,0.38549087357625728,Mermaid|Mermaid::6|Mermaid/6_4.tif|001164
1165,Mermaid/6_5.tif,Mermaid,Mermaid::6,3,0.26660329689480539,0.1760333726195526,0.89833667198998779,0.17365980755018101,0.55639513075823865,False,0,0.76239130434782609,0.20934782608695651,0.60673913043478256,0.66282608695652179,0.43730248039232283,Mermaid|Mermaid::6|Mermaid/6_5.tif|001165
1166,Mermaid/6_6.tif,Mermaid,Mermaid::6,3,0.26794004879499839,0.22203653892872,0.89246448096758157,0.1700993783947316,0.46651350801205399,False,0,0.76673913043478259,0.75413043478260866,0.56978260869565223,0.64804347826086961,0.40313586483944691,Mermaid|Mermaid::6|Mermaid/6_6.tif|001166
1167,Mermaid/6_7.tif,Mermaid,Mermaid::6,3,0.23888408478816661,0.23518519388267831,0.90160917201795943,0.13898540677934201,0.54150850456674582,False,0,0.60326086956521741,0.87978260869565217,0.63021739130434784,0.51326086956521744,0.41476506206619557,Mermaid|Mermaid::6|Mermaid/6_7.tif|001167
1168,Mermaid/6_8.tif,Mermaid,Mermaid::6,3,0.28420821401354091,0.22259725036449399,0.9220346795442248,0.1970497083867139,0.28161448654762211,False,0,0.83673913043478265,0.76108695652173908,0.7767391304347826,0.75021739130434784,0.56635053637893806,Mermaid|Mermaid::6|Mermaid/6_8.tif|001168
1169,Mermaid/6_9.tif,Mermaid,Mermaid::6,3,0.2548408392051717,0.18031485736786371,0.89709766078945163,0.042554453542488303,0.25857476720755523,False,0,0.70413043478260873,0.24891304347826088,0.59978260869565214,0.048478260869565221,0.56439555636571825,Mermaid|Mermaid::6|Mermaid/6_9.tif|001169
1170,Mermaid/7_1.tif,Mermaid,Mermaid::7,3,0.29301655771122059,0.16074396377820871,0.91048847634846042,0.15553059451046741,0.2953043485730471,True,0.018424563912093399,0.86847826086956526,0.098913043478260868,0.69760869565217387,0.58195652173913048,0.5851606988496928,Mermaid|Mermaid::7|Mermaid/7_1.tif|001170
1171,Mermaid/7_10.tif,Mermaid,Mermaid::7,3,0.30071240841173419,0.13291558320878749,0.89954837776647878,0.081742304803264595,0.082382252312035109,False,0,0.89108695652173908,0.016304347826086956,0.61543478260869566,0.22586956521739129,0.68948036651046318,Mermaid|Mermaid::7|Mermaid/7_10.tif|001171
1172,Mermaid/7_2.tif,Mermaid,Mermaid::7,3,0.26564430226249469,0.1705658899334051,0.78204938466400664,0.1140276422446157,0.094700598154103366,True,0.062402940119545003,0.75630434782608691,0.15152173913043479,0.085869565217391308,0.39065217391304347,0.60876102133465171,Mermaid|Mermaid::7|Mermaid/7_2.tif|001172
1173,Mermaid/7_3.tif,Mermaid,Mermaid::7,3,0.30929051929807161,0.11665074709402309,0.89841151765755989,0.15905192843940949,0.098287105198029301,True,0.035546903037335001,0.91021739130434787,0.005434782608695652,0.60717391304347823,0.59760869565217389,0.65870081788762214,Mermaid|Mermaid::7|Mermaid/7_3.tif|001173
1174,Mermaid/7_4.tif,Mermaid,Mermaid::7,3,0.24150089045009679,0.19400810250913869,0.89037846713698698,0.070547740852465596,0.42622530029538019,False,0,0.625,0.39630434782608698,0.55152173913043478,0.1632608695652174,0.37739305749943419,Mermaid|Mermaid::7|Mermaid/7_4.tif|001174
1175,Mermaid/7_5.tif,Mermaid,Mermaid::7,3,0.28919947002361601,0.14095936394201761,0.8897203898336471,0.095361791425756307,0.42590708577089864,False,0,0.85369565217391308,0.030652173913043479,0.54717391304347829,0.29499999999999998,0.62421020040617359,Mermaid|Mermaid::7|Mermaid/7_5.tif|001175
1176,Mermaid/7_6.tif,Mermaid,Mermaid::7,3,0.27589863170046891,0.17225183915907491,0.89231061666490052,0.17484457193620009,0.44075736514913588,False,0,0.79760869565217396,0.17065217391304346,0.56804347826086954,0.66760869565217396,0.47933653738063098,Mermaid|Mermaid::7|Mermaid/7_6.tif|001176
1177,Mermaid/7_7.tif,Mermaid,Mermaid::7,3,0.26524292809222511,0.17107654600573061,0.88081258294717824,0.1078071497786046,0.43842048012144985,False,0,0.75369565217391299,0.15760869565217392,0.49804347826086959,0.35021739130434781,0.45169895624181294,Mermaid|Mermaid::7|Mermaid/7_7.tif|001177
1178,Mermaid/7_8.tif,Mermaid,Mermaid::7,3,0.25076523296424191,0.1809528885299827,0.91853859223002077,0.13945781273390209,0.3056248657049504,False,0,0.67978260869565221,0.25586956521739129,0.75326086956521743,0.51717391304347826,0.3954206202497722,Mermaid|Mermaid::7|Mermaid/7_8.tif|001178
1179,Mermaid/7_9.tif,Mermaid,Mermaid::7,3,0.29845973140794368,0.16787152057639829,0.87571883073283274,0.076455204662857795,0.067542735552079236,False,0,0.88543478260869568,0.1376086956521739,0.47065217391304348,0.20108695652173914,0.60835658258047809,Mermaid|Mermaid::7|Mermaid/7_9.tif|001179
1180,Mermaid/8_1.tif,Mermaid,Mermaid::8,2,0.26255959899700232,0.18856891534958259,0.89898935734426544,0.071096878888338197,0.3240757404087391,True,0.029533642978338701,0.74108695652173917,0.33630434782608698,0.61065217391304349,0.16804347826086957,0.45536603195932596,Mermaid|Mermaid::8|Mermaid/8_1.tif|001180
1181,Mermaid/8_10.tif,Mermaid,Mermaid::8,2,0.26884941964276671,0.21073086420954321,0.88358821722932268,0.16429999884162691,0.52435880045544869,False,0,0.77021739130434785,0.62152173913043474,0.51500000000000001,0.62282608695652175,0.32108599982195352,Mermaid|Mermaid::8|Mermaid/8_10.tif|001181
1182,Mermaid/8_2.tif,Mermaid,Mermaid::8,2,0.28507792962111778,0.21092938821259841,0.8446894451849517,0.1543324376076726,0.11528877085456135,True,0.047497175259719603,0.83978260869565213,0.62717391304347825,0.31586956521739129,0.57543478260869563,0.41378720228067284,Mermaid|Mermaid::8|Mermaid/8_2.tif|001182
1183,Mermaid/8_3.tif,Mermaid,Mermaid::8,2,0.25440273035494571,0.1967425857295266,0.921553036218696,0.1274743124855868,0.031234159901232572,True,0.0094544788236740999,0.70108695652173914,0.42934782608695654,0.77195652173913043,0.46282608695652172,0.34751970201590721,Mermaid|Mermaid::8|Mermaid/8_3.tif|001183
1184,Mermaid/8_4.tif,Mermaid,Mermaid::8,2,0.23831051896067579,0.21386543792329879,0.8739130355639706,0.20535318328408511,0.45642062350477564,False,0,0.59847826086956524,0.66673913043478261,0.46065217391304347,0.78195652173913044,0.3443074745791031,Mermaid|Mermaid::8|Mermaid/8_4.tif|001184
1185,Mermaid/8_5.tif,Mermaid,Mermaid::8,2,0.31104505014231898,0.20962281499745061,0.8598803686008275,0.15955861086698869,0.37475088624101793,False,0,0.91326086956521735,0.60586956521739133,0.38717391304347826,0.60065217391304349,0.45260744267462194,Mermaid|Mermaid::8|Mermaid/8_5.tif|001185
1186,Mermaid/8_6.tif,Mermaid,Mermaid::8,2,0.2191764256653829,0.2245894583482867,0.89079316792992402,0.11286641802227899,0.51135739258153112,False,0,0.4097826086956522,0.7854347826086957,0.55456521739130438,0.38369565217391305,0.32575490339954499,Mermaid|Mermaid::8|Mermaid/8_6.tif|001186
1187,Mermaid/8_7.tif,Mermaid,Mermaid::8,2,0.31377497060818887,0.1898719024017973,0.88866348436117892,0.13590802197585841,0.50059412416758198,False,0,0.91847826086956519,0.3497826086956522,0.54152173913043478,0.50152173913043474,0.44655983919414022,Mermaid|Mermaid::8|Mermaid/8_7.tif|001187
1188,Mermaid/8_8.tif,Mermaid,Mermaid::8,2,0.29904664251510971,0.1985339559604985,0.92490802371465597,0.1258286522165076,0.15289348206039499,False,0,0.8880434782608696,0.44978260869565218,0.79717391304347829,0.4493478260869565,0.4939407907086617,Mermaid|Mermaid::8|Mermaid/8_8.tif|001188
1189,Mermaid/8_9.tif,Mermaid,Mermaid::8,2,0.28069472963943881,0.18423629659139509,0.89980916036313985,0.17464905060658301,0.24427076561950034,False,0,0.82326086956521738,0.29152173913043478,0.61847826086956526,0.66717391304347828,0.43582678961739396,Mermaid|Mermaid::8|Mermaid/8_9.tif|001189
1190,Mermaid/9_1.tif,Mermaid,Mermaid::9,1,0.2409460672308967,0.22362449632571299,0.90645757021601403,0.28261021025364841,0.38266411770081354,True,0.1554522756924912,0.62152173913043474,0.77456521739130435,0.66195652173913044,0.93978260869565222,0.55658983958334185,Mermaid|Mermaid::9|Mermaid/9_1.tif|001190
1191,Mermaid/9_10.tif,Mermaid,Mermaid::9,1,0.2445590553610979,0.19794723945828879,0.90397511906907424,0.20112179776427,0.54533039485214752,False,0,0.64021739130434785,0.44369565217391305,0.64543478260869569,0.76586956521739136,0.33862811181241415,Mermaid|Mermaid::9|Mermaid/9_10.tif|001191
1192,Mermaid/9_2.tif,Mermaid,Mermaid::9,1,0.28114432071957751,0.20232247050780561,0.79205144274299932,0.1086329010671372,0.093289955707025807,True,0.0410722631842372,0.82413043478260872,0.50847826086956527,0.10543478260869565,0.35543478260869565,0.53076664600761958,Mermaid|Mermaid::9|Mermaid/9_2.tif|001192
1193,Mermaid/9_3.tif,Mermaid,Mermaid::9,1,0.25462917502642157,0.2148421091194565,0.8991078742475036,0.15978638945046991,0.15721127638212229,True,0.061148762780664702,0.70326086956521738,0.68152173913043479,0.6119565217391304,0.60152173913043483,0.31161843518851445,Mermaid|Mermaid::9|Mermaid/9_3.tif|001193
1194,Mermaid/9_4.tif,Mermaid,Mermaid::9,1,0.27744837893217927,0.21452136156620299,0.88975988450919474,0.1523572225994955,0.55086460841796225,False,0,0.80630434782608695,0.67586956521739128,0.54760869565217396,0.56847826086956521,0.3629164057745809,Mermaid|Mermaid::9|Mermaid/9_4.tif|001194
1195,Mermaid/9_5.tif,Mermaid,Mermaid::9,1,0.2091767793783641,0.2234411148216808,0.89972701058728444,0.32702567654418557,0.37361303088653119,False,0,0.29717391304347829,0.7723913043478261,0.61760869565217391,0.97717391304347823,0.59737943789239611,Mermaid|Mermaid::9|Mermaid/9_5.tif|001195
1196,Mermaid/9_6.tif,Mermaid,Mermaid::9,1,0.2257195354760026,0.2030343606983534,0.8927882747839434,0.20875444702396909,0.52936078346517823,False,0,0.47804347826086957,0.52195652173913043,0.57195652173913047,0.79195652173913045,0.3022921257667277,Mermaid|Mermaid::9|Mermaid/9_6.tif|001196
1197,Mermaid/9_7.tif,Mermaid,Mermaid::9,1,0.24634200775651499,0.20111375097519379,0.90279481417120599,0.11611529782059569,0.62145988058942403,False,0,0.65413043478260868,0.4884782608695652,0.6380434782608696,0.40108695652173915,0.2296273795943273,Mermaid|Mermaid::9|Mermaid/9_7.tif|001197
1198,Mermaid/9_8.tif,Mermaid,Mermaid::9,1,0.25289263016795799,0.2040259978941196,0.90853616896490164,0.17936499161987471,0.39435173426571313,False,0,0.69239130434782614,0.53760869565217395,0.67978260869565221,0.68760869565217386,0.32549598622877013,Mermaid|Mermaid::9|Mermaid/9_8.tif|001198
1199,Mermaid/9_9.tif,Mermaid,Mermaid::9,1,0.26174175352272611,0.2260583182485309,0.89187318219037159,0.139032261827292,0.29125943187263215,False,0,0.73804347826086958,0.80108695652173911,0.56586956521739129,0.51413043478260867,0.38968772336209212,Mermaid|Mermaid::9|Mermaid/9_9.tif|001199
1200,Mini/10_1.tif,Mini,Mini::10,2,0.21716660213490591,0.2127268004708999,0.83986174463024699,0.15188167617798201,0.61231952138512891,True,0.029681716256108302,0.39195652173913043,0.64934782608695651,0.29543478260869566,0.56673913043478263,0.28333585380101356,Mini|Mini::10|Mini/10_1.tif|001200
1201,Mini/10_10.tif,Mini,Mini::10,2,0.26579331752190388,0.1408885904892869,0.8284730481927205,0.098615573260933703,0.60496641398977469,False,0,0.75760869565217392,0.030217391304347824,0.24021739130434783,0.30804347826086959,0.6256134985175833,Mini|Mini::10|Mini/10_10.tif|001201
1202,Mini/10_2.tif,Mini,Mini::10,2,0.23525385338285129,0.19666316510578011,0.77986753615334303,0.1566605961718503,0.2428663734320371,True,0.1076277677491282,0.57195652173913047,0.42760869565217391,0.081956521739130428,0.58543478260869564,0.43872279831553634,Mini|Mini::10|Mini/10_2.tif|001202
1203,Mini/10_3.tif,Mini,Mini::10,2,0.21645377176214919,0.2169729898727005,0.8498222676072138,0.075745838136734397,0.02567029953289135,True,0.16878739439213439,0.38195652173913042,0.70760869565217388,0.34152173913043476,0.19630434782608697,0.41759075850394689,Mini|Mini::10|Mini/10_3.tif|001203
1204,Mini/10_4.tif,Mini,Mini::10,2,0.24147955535780899,0.1952976113106944,0.81969920201527857,0.084187535605066699,0.57856009212537141,False,0,0.62456521739130433,0.41021739130434781,0.19673913043478261,0.23673913043478262,0.4299428458081675,Mini|Mini::10|Mini/10_4.tif|001204
1205,Mini/10_5.tif,Mini,Mini::10,2,0.22297720011102101,0.20373549971088789,0.74983990954691471,0.27841147542957501,0.66431444156767272,False,0,0.45500000000000002,0.53239130434782611,0.035434782608695654,0.93413043478260871,0.63825094767788648,Mini|Mini::10|Mini/10_5.tif|001205
1206,Mini/10_6.tif,Mini,Mini::10,2,0.22931529406341419,0.1806500852442397,0.88756698851414229,0.1673584273693339,0.63410241795169653,False,0,0.51500000000000001,0.25195652173913041,0.5354347826086957,0.63760869565217393,0.28625573189958775,Mini|Mini::10|Mini/10_6.tif|001206
1207,Mini/10_7.tif,Mini,Mini::10,2,0.22622692439887879,0.1960385748511177,0.79980545851353113,0.1485179364015636,0.61018249451854656,False,0,0.48326086956521741,0.42195652173913045,0.12934782608695652,0.54891304347826086,0.38229112314509572,Mini|Mini::10|Mini/10_7.tif|001207
1208,Mini/10_8.tif,Mini,Mini::10,2,0.2270183533620462,0.19034225629178189,0.83085106614392035,0.046702747287985298,0.52606633322423746,False,0,0.49456521739130432,0.35543478260869565,0.25065217391304345,0.061086956521739129,0.52511678420237118,Mini|Mini::10|Mini/10_8.tif|001208
1209,Mini/10_9.tif,Mini,Mini::10,2,0.27921633830489589,0.13342936364631069,0.76948481165601745,0.084300643368390604,0.51193209309424392,False,0,0.81543478260869562,0.017608695652173913,0.064565217391304344,0.23847826086956522,0.76824315326144055,Mini|Mini::10|Mini/10_9.tif|001209
1210,Mini/1_1.tif,Mini,Mini::1,3,0.2731551679546152,0.1533588151048681,0.85081431982367228,0.069484754001611804,0.46211877582640354,True,0.043819389919959997,0.78934782608695653,0.066739130434782606,0.34586956521739132,0.16065217391304348,0.64058589084827278,Mini|Mini::1|Mini/1_1.tif|001210
1211,Mini/1_10.tif,Mini,Mini::1,3,0.23003684546844899,0.18393923184098601,0.83010853231247383,0.2382400774569407,0.66122753731462947,False,0,0.52152173913043476,0.28673913043478261,0.24717391304347827,0.86499999999999999,0.49304098611439784,Mini|Mini::1|Mini/1_10.tif|001211
1212,Mini/1_2.tif,Mini,Mini::1,3,0.28067472776655938,0.14840727959671579,0.79811915659805666,0.097667452700858803,0.19955636746277916,True,0.084136382506628304,0.82282608695652171,0.047608695652173912,0.12369565217391304,0.30239130434782607,0.6996633000660798,Mini|Mini::1|Mini/1_2.tif|001212
1213,Mini/1_3.tif,Mini,Mini::1,3,0.21933554237761099,0.17488469130626139,0.86725377529473768,0.066364640848073794,0.031485371438306875,True,0.040767476835755399,0.41239130434782606,0.19630434782608697,0.42326086956521741,0.14804347826086955,0.47923754030523025,Mini|Mini::1|Mini/1_3.tif|001213
1214,Mini/1_4.tif,Mini,Mini::1,3,0.20820195659912449,0.19551322323207049,0.84455442776953848,0.1811685085502063,0.49543068591848866,True,0.092824296173139906,0.28282608695652173,0.41369565217391302,0.31456521739130433,0.69586956521739129,0.35688078421216035,Mini|Mini::1|Mini/1_4.tif|001214
1215,Mini/1_5.tif,Mini,Mini::1,3,0.2725362084908925,0.10487375651413421,0.83633036267604699,0.1280678262452738,0.57086717993768565,False,0,0.78673913043478261,0.0010869565217391304,0.28152173913043477,0.46586956521739131,0.61646669895970541,Mini|Mini::1|Mini/1_5.tif|001215
1216,Mini/1_6.tif,Mini,Mini::1,3,0.2290916776753921,0.19715391046636391,0.84253044637848507,0.117797257467987,0.20329159379274619,True,0.043136286556195502,0.51326086956521744,0.43369565217391304,0.30543478260869567,0.4097826086956522,0.22487089343566846,Mini|Mini::1|Mini/1_6.tif|001216
1217,Mini/1_7.tif,Mini,Mini::1,3,0.20275420392786991,0.1890256588013037,0.8356212883503118,0.2502334993771641,0.40254186336666409,False,0,0.22891304347826086,0.34065217391304348,0.27760869565217389,0.89152173913043475,0.54920581946671487,Mini|Mini::1|Mini/1_7.tif|001217
1218,Mini/1_8.tif,Mini,Mini::1,3,0.24577905622156049,0.1507756294054193,0.87118022454240152,0.169390382373622,0.41527970140099763,False,0,0.64934782608695651,0.055869565217391302,0.44456521739130433,0.64456521739130435,0.49348630523992992,Mini|Mini::1|Mini/1_8.tif|001218
1219,Mini/1_9.tif,Mini,Mini::1,3,0.26865148625543989,0.15157157057539969,0.84795324216511525,0.18167862935098519,0.51601567016003358,False,0,0.76978260869565218,0.061086956521739129,0.33108695652173914,0.69760869565217387,0.57706856485553204,Mini|Mini::1|Mini/1_9.tif|001219
1220,Mini/2_1.tif,Mini,Mini::2,1,0.18894839276466771,0.26506214258981459,0.91108009966103043,0.2983353621316055,0.50915148992141512,True,0.066668683161998393,0.09978260869565217,0.98543478260869566,0.70195652173913048,0.95413043478260873,0.80177414334562958,Mini|Mini::2|Mini/2_1.tif|001220
1221,Mini/2_10.tif,Mini,Mini::2,1,0.20831781395951299,0.22342352632502391,0.90353504079917957,0.1085234825894936,0.69816436244317692,False,0,0.28717391304347828,0.77195652173913043,0.6423913043478261,0.35456521739130437,0.40085140956716725,Mini|Mini::2|Mini/2_10.tif|001221
1222,Mini/2_2.tif,Mini,Mini::2,1,0.1884770601726963,0.22958670288398311,0.87448716763216194,0.20137672674957161,0.15866153449817322,True,0.091453173099796697,0.096739130434782605,0.82891304347826089,0.46413043478260868,0.76847826086956517,0.58666031173163458,Mini|Mini::2|Mini/2_2.tif|001222
1223,Mini/2_3.tif,Mini,Mini::2,1,0.21538544276541541,0.20390061962981451,0.86009573480770141,0.1993151861580319,0.041455454240407086,True,0.10471732917554021,0.36760869565217391,0.53369565217391302,0.38934782608695651,0.7593478260869565,0.31331781457500418,Mini|Mini::2|Mini/2_3.tif|001223
1224,Mini/2_4.tif,Mini,Mini::2,1,0.1985917859957998,0.214812482450739,0.91222844657386382,0.12919532932443509,0.51958682431552239,False,0,0.19021739130434784,0.67978260869565221,0.7089130434782609,0.47369565217391302,0.41547999890440335,Mini|Mini::2|Mini/2_4.tif|001224
1225,Mini/2_5.tif,Mini,Mini::2,1,0.1990244121615985,0.22853039144616899,0.85571466452591038,0.20311475181639971,0.68784633272388029,False,0,0.19543478260869565,0.81934782608695655,0.36891304347826087,0.77282608695652177,0.53512696583634944,Mini|Mini::2|Mini/2_5.tif|001225
1226,Mini/2_6.tif,Mini,Mini::2,1,0.2054263094549367,0.2137050751596993,0.90586480959337357,0.13619702135522371,0.61891711484316847,False,0,0.25891304347826088,0.66500000000000004,0.65804347826086962,0.50369565217391299,0.3321736284997644,Mini|Mini::2|Mini/2_6.tif|001226
1227,Mini/2_7.tif,Mini,Mini::2,1,0.19684265913297799,0.21101807907631359,0.92286685798141044,0.21972765255899571,0.58847750039823477,False,0,0.17021739130434782,0.62804347826086959,0.78152173913043477,0.8215217391304348,0.5547814161088449,Mini|Mini::2|Mini/2_7.tif|001227
1228,Mini/2_8.tif,Mini,Mini::2,1,0.2075036973871833,0.1830552356149687,0.90051523534046263,0.22872081696426311,0.40436960697173435,False,0,0.27760869565217389,0.27760869565217389,0.62239130434782608,0.8445652173913043,0.48230758330647655,Mini|Mini::2|Mini/2_8.tif|001228
1229,Mini/2_9.tif,Mini,Mini::2,1,0.2369679866112025,0.13568271015709979,0.87313104072135261,0.071128551394790601,0.47721488394285544,False,0,0.58282608695652172,0.01934782608695652,0.45456521739130434,0.16891304347826086,0.59124408260666028,Mini|Mini::2|Mini/2_9.tif|001229
1230,Mini/3_1.tif,Mini,Mini::3,1,0.20588094237175469,0.23597224599082561,0.872968854358952,0.20367170724568259,0.45895551172437127,True,0.016215754798882299,0.26282608695652177,0.88673913043478259,0.45326086956521738,0.77500000000000002,0.53256752280964981,Mini|Mini::3|Mini/3_1.tif|001230
1231,Mini/3_10.tif,Mini,Mini::3,1,0.2264497089893163,0.1857997733762998,0.8912213843887099,0.1094782395718459,0.61532160914329714,False,0,0.48543478260869566,0.30760869565217391,0.55891304347826087,0.36195652173913045,0.24444489793927876,Mini|Mini::3|Mini/3_10.tif|001231
1232,Mini/3_2.tif,Mini,Mini::3,1,0.241757603787743,0.13247909740012859,0.7971187018067003,0.14457626728628409,0.067972648888152798,True,0.1154413382837218,0.62673913043478258,0.014565217391304348,0.11847826086956521,0.53673913043478261,0.63136228623820412,Mini|Mini::3|Mini/3_2.tif|001232
1233,Mini/3_3.tif,Mini,Mini::3,1,0.2041708552097401,0.22472244586954829,0.78970509755847285,0.11337483605359901,0.11217425070593234,True,0.032313409963299802,0.24413043478260871,0.78717391304347828,0.098478260869565223,0.38630434782608697,0.5675248884893247,Mini|Mini::3|Mini/3_3.tif|001233
1234,Mini/3_4.tif,Mini,Mini::3,1,0.21738509990603319,0.21980449571138441,0.85996234319838905,0.27274521541885188,0.53095293751154338,False,0,0.39369565217391306,0.73369565217391308,0.38804347826086955,0.92543478260869561,0.50935575899851449,Mini|Mini::3|Mini/3_4.tif|001234
1235,Mini/3_5.tif,Mini,Mini::3,1,0.19923075361350739,0.2033164789545141,0.8185566725261163,0.12302944266535799,0.52351429409414552,False,0,0.19804347826086957,0.52586956521739125,0.19282608695652173,0.42978260869565216,0.4371879119112983,Mini|Mini::3|Mini/3_5.tif|001235
1236,Mini/3_6.tif,Mini,Mini::3,1,0.21145315947694099,0.18817157117535621,0.84850500813820007,0.11287091026150881,0.61147768488196586,False,0,0.32760869565217393,0.33195652173913043,0.33413043478260868,0.38413043478260872,0.31447709170912569,Mini|Mini::3|Mini/3_6.tif|001236
1237,Mini/3_7.tif,Mini,Mini::3,1,0.19912798595253439,0.22846851933096751,0.85897012792604222,0.17554818077362061,0.52221789817291053,False,0,0.19717391304347825,0.81847826086956521,0.38021739130434784,0.67152173913043478,0.4867233525609454,Mini|Mini::3|Mini/3_7.tif|001237
1238,Mini/3_8.tif,Mini,Mini::3,1,0.24058043928581779,0.15089156410773721,0.83395615002085288,0.082792507526672998,0.51972776040031254,False,0,0.61891304347826082,0.056304347826086953,0.26673913043478259,0.22978260869565217,0.58175099097547323,Mini|Mini::3|Mini/3_8.tif|001238
1239,Mini/3_9.tif,Mini,Mini::3,1,0.22900992635979731,0.19984533683388619,0.78513027130652024,0.22695454950677421,0.42736020987113443,False,0,0.51152173913043475,0.46847826086956523,0.088478260869565215,0.83760869565217388,0.53334430124198084,Mini|Mini::3|Mini/3_9.tif|001239
1240,Mini/4_1.tif,Mini,Mini::4,4,0.21221162114764461,0.18098676404658179,0.82013246526045236,0.24138968336329489,0.54590124700312526,True,0.032240343434210797,0.33630434782608698,0.25630434782608696,0.19891304347826086,0.87326086956521742,0.56228184175306373,Mini|Mini::4|Mini/4_1.tif|001240
1241,Mini/4_10.tif,Mini,Mini::4,4,0.21659935081516049,0.1883439170488162,0.84721632132994162,0.047746913639225702,0.69759433877281785,False,0,0.38369565217391305,0.33326086956521739,0.32760869565217393,0.065000000000000002,0.51016899235071478,Mini|Mini::4|Mini/4_10.tif|001241
1242,Mini/4_2.tif,Mini,Mini::4,4,0.25767801645956129,0.1504165057142649,0.82902303434316615,0.1268917609133981,0.19567233240362725,True,0.031763707239256603,0.71760869565217389,0.053260869565217389,0.24195652173913043,0.45804347826086955,0.5614945961222424,Mini|Mini::4|Mini/4_2.tif|001242
1243,Mini/4_3.tif,Mini,Mini::4,4,0.19436455053193841,0.1834774138690175,0.80822127775519359,0.0152330759104437,0.021999376005704008,True,0.067020901505221497,0.14934782608695651,0.28065217391304348,0.15760869565217392,0.0028260869565217392,0.73176780537475594,Mini|Mini::4|Mini/4_3.tif|001243
1244,Mini/4_4.tif,Mini,Mini::4,4,0.2185873045712512,0.2408303372518027,0.83266162599720561,0.11030277845181111,0.60533312678495288,False,0,0.40630434782608693,0.91760869565217396,0.26065217391304346,0.36717391304347824,0.50804138527224185,Mini|Mini::4|Mini/4_4.tif|001244
1245,Mini/4_5.tif,Mini,Mini::4,4,0.22884678918596069,0.20536333544762059,0.82163304353497357,0.14682719211065229,0.61931299846026278,False,0,0.51021739130434784,0.55326086956521736,0.20456521739130434,0.54239130434782612,0.30334773572793738,Mini|Mini::4|Mini/4_5.tif|001245
1246,Mini/4_6.tif,Mini,Mini::4,4,0.2381161991170693,0.21300029091668049,0.83900370946718228,0.091727882506050004,0.58112539279661291,False,0,0.59543478260869565,0.65369565217391301,0.29239130434782606,0.27760869565217389,0.35396244714469055,Mini|Mini::4|Mini/4_6.tif|001246
1247,Mini/4_7.tif,Mini,Mini::4,4,0.2374869835210916,0.174347098855685,0.82176315130419864,0.047942853126065103,0.58475175557373238,False,0,0.58934782608695657,0.19065217391304348,0.20499999999999999,0.066304347826086962,0.61546407713671381,Mini|Mini::4|Mini/4_7.tif|001247
1248,Mini/4_8.tif,Mini,Mini::4,4,0.21197573049141669,0.18077193729843929,0.81234266964340074,0.0501993636746755,0.38700329553173979,False,0,0.33282608695652172,0.25369565217391304,0.17065217391304346,0.074130434782608695,0.61518113274624775,Mini|Mini::4|Mini/4_8.tif|001248
1249,Mini/4_9.tif,Mini,Mini::4,4,0.22352436750727289,0.17950935395717549,0.8469698448862848,0.1290962670409492,0.44863973954283859,False,0,0.46108695652173914,0.24195652173913043,0.32543478260869563,0.47282608695652173,0.31513822094229821,Mini|Mini::4|Mini/4_9.tif|001249
1250,Mini/5_1.tif,Mini,Mini::5,0,0.18016691250736469,0.20726153531965971,0.81617133036394107,0.10218102706763391,0.45691225324204177,True,0.047548273471631403,0.047173913043478261,0.57369565217391305,0.18543478260869564,0.32369565217391305,0.58353835626504802,Mini|Mini::5|Mini/5_1.tif|001250
1251,Mini/5_10.tif,Mini,Mini::5,0,0.2082378063966322,0.17431819564932491,0.80282655997768348,0.21098818789299209,0.69468224564470948,False,0,0.28369565217391307,0.18978260869565217,0.13804347826086957,0.79717391304347829,0.60195287106151918,Mini|Mini::5|Mini/5_10.tif|001251
1252,Mini/5_2.tif,Mini,Mini::5,0,0.2141223016601545,0.1710154122110257,0.78653642505526977,0.087240823270990794,0.089203219638692377,True,0.063699010712510204,0.35282608695652173,0.1567391304347826,0.090652173913043477,0.25413043478260872,0.60622246005695368,Mini|Mini::5|Mini/5_2.tif|001252
1253,Mini/5_3.tif,Mini,Mini::5,0,0.1899042824012786,0.21742906177108809,0.7739919286827931,0.12319482731584359,0.02936083222507635,True,0.060229531707757702,0.10934782608695652,0.71326086956521739,0.072391304347826091,0.43195652173913046,0.62094156810596146,Mini|Mini::5|Mini/5_3.tif|001253
1254,Mini/5_4.tif,Mini,Mini::5,0,0.17697329474881929,0.22292065855449231,0.83647092161845082,0.17521517838352829,0.54063501878865572,False,0,0.034130434782608694,0.76760869565217393,0.28239130434782611,0.67065217391304344,0.60425538861410832,Mini|Mini::5|Mini/5_4.tif|001254
1255,Mini/5_5.tif,Mini,Mini::5,0,0.22212415335111199,0.17542773977060691,0.80049605288780878,0.14227028467728001,0.61572688809926679,False,0,0.44630434782608697,0.2023913043478261,0.13021739130434781,0.52717391304347827,0.47846813690571544,Mini|Mini::5|Mini/5_5.tif|001255
1256,Mini/5_6.tif,Mini,Mini::5,0,0.1647061923640856,0.21181476463167409,0.81142260164081892,0.1313395459456522,0.56053109323668293,False,0,0.0058695652173913039,0.64108695652173908,0.16847826086956522,0.48021739130434782,0.61185654446274451,Mini|Mini::5|Mini/5_6.tif|001256
1257,Mini/5_7.tif,Mini,Mini::5,0,0.1833748032335219,0.2057028977186322,0.81260168735065363,0.1901575989522844,0.60828645743611642,False,0,0.063695652173913042,0.55673913043478263,0.17152173913043478,0.72499999999999998,0.59338333370455942,Mini|Mini::5|Mini/5_7.tif|001257
1258,Mini/5_8.tif,Mini,Mini::5,0,0.20242464179068981,0.19979006572681851,0.80620187009963207,0.16794227137995729,0.42748281859726506,False,0,0.22717391304347825,0.46717391304347827,0.15021739130434783,0.63934782608695651,0.46613014887473336,Mini|Mini::5|Mini/5_8.tif|001258
1259,Mini/5_9.tif,Mini,Mini::5,0,0.195316854041994,0.2230853022013464,0.76440098088018094,0.081866596000365097,0.33060916462647261,False,0,0.15891304347826088,0.76804347826086961,0.056739130434782611,0.22673913043478261,0.67774576315215684,Mini|Mini::5|Mini/5_9.tif|001259
1260,Mini/6_1.tif,Mini,Mini::6,0,0.2010102885121382,0.19001687664601771,0.8812739701317609,0.1107306291050117,0.54475822590452361,True,0.0480801917198799,0.21804347826086956,0.35065217391304349,0.50239130434782608,0.3706521739130435,0.34429759185628067,Mini|Mini::6|Mini/6_1.tif|001260
1261,Mini/6_10.tif,Mini,Mini::6,0,0.18170703425835949,0.2294090404120894,0.86239644483130151,0.24592278355533759,0.69222587326881035,False,0,0.05369565217391304,0.82760869565217388,0.4002173913043478,0.88413043478260867,0.68119585163135943,Mini|Mini::6|Mini/6_10.tif|001261
1262,Mini/6_2.tif,Mini,Mini::6,0,0.21211345540537521,0.178527842775455,0.86235646329112514,0.086709083516725793,0.18334905981527871,True,0.034589632678631202,0.33413043478260868,0.23108695652173913,0.39978260869565219,0.25021739130434784,0.41504435274413926,Mini|Mini::6|Mini/6_2.tif|001262
1263,Mini/6_3.tif,Mini,Mini::6,0,0.1879416927508242,0.232441212760396,0.78939205402946599,0.26074501372356751,0.048415245800220497,True,0.036312835005491602,0.094565217391304343,0.85456521739130431,0.097173913043478263,0.90760869565217395,0.78645251696251373,Mini|Mini::6|Mini/6_3.tif|001263
1264,Mini/6_4.tif,Mini,Mini::6,0,0.19511489159320899,0.2288973175750014,0.89981435224859019,0.23126155134846491,0.65573289794163281,False,0,0.15717391304347825,0.82239130434782604,0.61891304347826082,0.85021739130434781,0.59854691720724673,Mini|Mini::6|Mini/6_4.tif|001264
1265,Mini/6_5.tif,Mini,Mini::6,0,0.19972884947453229,0.19173824455260721,0.8291304266524544,0.3290066049729356,0.55303774429298214,False,0,0.20326086956521738,0.37195652173913041,0.24282608695652175,0.97847826086956524,0.63208315238676549,Mini|Mini::6|Mini/6_5.tif|001265
1266,Mini/6_6.tif,Mini,Mini::6,0,0.19562798786943289,0.23120591468391,0.89016890427117534,0.12841596197483521,0.58530338612913124,False,0,0.16152173913043477,0.8432608695652174,0.54891304347826086,0.46804347826086956,0.48560195918048399,Mini|Mini::6|Mini/6_6.tif|001266
1267,Mini/6_7.tif,Mini,Mini::6,0,0.1965711998196259,0.2255895454774296,0.91361646432288635,0.077085756573092107,0.5264888988810319,False,0,0.16804347826086957,0.79326086956521735,0.72239130434782606,0.2023913043478261,0.57812273603500919,Mini|Mini::6|Mini/6_7.tif|001267
1268,Mini/6_8.tif,Mini,Mini::6,0,0.2114699381246718,0.1996393613562748,0.87339012148181194,0.32567903452928287,0.46449540869860595,False,0,0.32804347826086955,0.46456521739130435,0.45543478260869563,0.97630434782608699,0.50958469320252731,Mini|Mini::6|Mini/6_8.tif|001268
1269,Mini/6_9.tif,Mini,Mini::6,0,0.22223986100046161,0.1845492619960678,0.8409125527813941,0.074576815538041102,0.14383557679896986,True,0.065503509526894099,0.44760869565217393,0.29369565217391302,0.29847826086956519,0.18891304347826088,0.42742536022483157,Mini|Mini::6|Mini/6_9.tif|001269
1270,Mini/7_1.tif,Mini,Mini::7,2,0.2388304848398545,0.15156737209005999,0.74450154500353449,0.075114386789737697,0.51989837222298252,True,0.072430645528295798,0.60282608695652173,0.060652173913043478,0.030217391304347824,0.19239130434782609,0.72035999716797772,Mini|Mini::7|Mini/7_1.tif|001270
1271,Mini/7_10.tif,Mini,Mini::7,2,0.19870294984987841,0.20080470334455461,0.84428841025143098,0.22869816843727839,0.68385176220873278,False,0,0.19108695652173913,0.48239130434782607,0.31326086956521737,0.84413043478260874,0.49903365975931813,Mini|Mini::7|Mini/7_10.tif|001271
1272,Mini/7_2.tif,Mini,Mini::7,2,0.22870823848629221,0.1894820367954925,0.77525759370870295,0.089712922196521994,0.14922513537884419,True,0.036086307230571199,0.50891304347826083,0.34499999999999997,0.074130434782608695,0.26847826086956522,0.50899080994893842,Mini|Mini::7|Mini/7_2.tif|001272
1273,Mini/7_3.tif,Mini,Mini::7,2,0.19902217827296681,0.19814941204818551,0.80578552471446674,0.067909803710176006,0.075928772725032956,True,0.050107517836746003,0.19500000000000001,0.44456521739130433,0.14934782608695651,0.15326086956521739,0.58248003121779701,Mini|Mini::7|Mini/7_3.tif|001273
1274,Mini/7_4.tif,Mini,Mini::7,2,0.2063477800455118,0.2125519821381926,0.8258483795989181,0.20368615727626829,0.6230901293540454,False,0,0.26891304347826089,0.64760869565217394,0.22673913043478261,0.77586956521739125,0.47535778983349741,Mini|Mini::7|Mini/7_4.tif|001274
1275,Mini/7_5.tif,Mini,Mini::7,2,0.2131823756052276,0.21325203913186469,0.81783488241482716,0.16488213363487281,0.57061077503924618,False,0,0.34369565217391307,0.65717391304347827,0.19108695652173913,0.62456521739130433,0.40009805036451013,Mini|Mini::7|Mini/7_5.tif|001275
1276,Mini/7_6.tif,Mini,Mini::7,2,0.21317699240619889,0.1791730459214774,0.83748012696229601,0.033891883897414703,0.64191780843478807,False,0,0.3432608695652174,0.23717391304347826,0.2876086956521739,0.027608695652173915,0.60158816276614047,Mini|Mini::7|Mini/7_6.tif|001276
1277,Mini/7_7.tif,Mini,Mini::7,2,0.19313419415796751,0.24712488476899089,0.89199066556858453,0.35284576852603677,0.57903792277653299,False,0,0.14021739130434782,0.94586956521739129,0.56630434782608696,0.98847826086956525,0.75581113552910306,Mini|Mini::7|Mini/7_7.tif|001277
1278,Mini/7_8.tif,Mini,Mini::7,2,0.22976113559390551,0.17383674230614299,0.85896807519003149,0.094080513568544799,0.60820466388003491,False,0,0.51934782608695651,0.18456521739130435,0.37978260869565217,0.2876086956521739,0.39929403675522102,Mini|Mini::7|Mini/7_8.tif|001278
1279,Mini/7_9.tif,Mini,Mini::7,2,0.21613373861276591,0.2216015782632004,0.80264737997934821,0.20383230214197509,0.43205734925313993,False,0,0.37586956521739129,0.75195652173913041,0.13717391304347826,0.7767391304347826,0.53583371429593851,Mini|Mini::7|Mini/7_9.tif|001279
1280,Mini/8_1.tif,Mini,Mini::8,4,0.2207541397472827,0.226209582717216,0.86492074012798181,0.27245784818250868,0.42046112368069061,True,0.023417292686041199,0.42934782608695654,0.80282608695652169,0.41239130434782606,0.92500000000000004,0.53384984047381057,Mini|Mini::8|Mini/8_1.tif|001280
1281,Mini/8_10.tif,Mini,Mini::8,4,0.22327941667708001,0.19061689634085391,0.82551556973390738,0.169197183067818,0.069912415820216345,True,0.038672298375284603,0.45847826086956522,0.36065217391304349,0.22456521739130436,0.64413043478260867,0.34319057847921725,Mini|Mini::8|Mini/8_10.tif|001281
1282,Mini/8_2.tif,Mini,Mini::8,4,0.18902483396417771,0.2264751217277341,0.71651619564626179,0.1734448357340643,0.13704353555330473,True,0.079426309644594906,0.10065217391304347,0.80456521739130438,0.0063043478260869567,0.66195652173913044,0.72263681732544827,Mini|Mini::8|Mini/8_2.tif|001282
1283,Mini/8_3.tif,Mini,Mini::8,4,0.22187387142873899,0.18128239568373239,0.78188081231211215,0.055087954723273401,0.021282833697126358,True,0.092247247564312407,0.44326086956521737,0.26065217391304346,0.08543478260869565,0.091086956521739135,0.63212412339065238,Mini|Mini::8|Mini/8_3.tif|001283
1284,Mini/8_4.tif,Mini,Mini::8,4,0.20538538210259541,0.19624612400581129,0.81099271334655798,0.12673138328025099,0.59833284974496714,False,0,0.25804347826086954,0.42326086956521741,0.16630434782608697,0.45630434782608698,0.42153760312771821,Mini|Mini::8|Mini/8_4.tif|001284
1285,Mini/8_5.tif,Mini,Mini::8,4,0.24398801892298949,0.20022667538076699,0.86168627685431043,0.16462065872282969,0.52976711959142475,False,0,0.63630434782608691,0.47413043478260869,0.39456521739130435,0.62413043478260866,0.21394617983010147,Mini|Mini::8|Mini/8_5.tif|001285
1286,Mini/8_6.tif,Mini,Mini::8,4,0.1969354864050025,0.21576470200008141,0.86374722560015538,0.11945178831606811,0.53001482250142951,False,0,0.17195652173913042,0.69543478260869562,0.40717391304347827,0.41804347826086957,0.40142350673326793,Mini|Mini::8|Mini/8_6.tif|001286
1287,Mini/8_7.tif,Mini,Mini::8,4,0.22183499459787939,0.1866298790793548,0.82281516032578517,0.067899214608217406,0.49560044745479592,False,0,0.44282608695652176,0.31543478260869567,0.20934782608695651,0.15282608695652175,0.49228202069718258,Mini|Mini::8|Mini/8_7.tif|001287
1288,Mini/8_8.tif,Mini,Mini::8,4,0.2775299729625092,0.1799702767688677,0.84183809981080748,0.1463754780719411,0.45561027680410537,False,0,0.80673913043478263,0.24586956521739131,0.30369565217391303,0.54152173913043478,0.44601639411407912,Mini|Mini::8|Mini/8_8.tif|001288
1289,Mini/8_9.tif,Mini,Mini::8,4,0.2110404111228073,0.17920407322882159,0.83030682117253607,0.039748623638103997,0.39305294629227994,False,0,0.3215217391304348,0.23847826086956522,0.24804347826086956,0.042391304347826085,0.61084852199558981,Mini|Mini::8|Mini/8_9.tif|001289
1290,Mini/9_1.tif,Mini,Mini::9,3,0.25814884769998819,0.2134421679414768,0.80396721599084242,0.055623881849399197,0.4991381678348818,True,0.053751756625651903,0.72065217391304348,0.66195652173913044,0.14282608695652174,0.093695652173913041,0.60627858613640762,Mini|Mini::9|Mini/9_1.tif|001290
1291,Mini/9_10.tif,Mini,Mini::9,3,0.2405739289483444,0.20491206636512091,0.83921259866961628,0.1042534285990077,0.60359192628377134,False,0,0.61847826086956526,0.54804347826086952,0.29326086956521741,0.33369565217391306,0.29452245799067611,Mini|Mini::9|Mini/9_10.tif|001291
1292,Mini/9_2.tif,Mini,Mini::9,3,0.29226643101771022,0.19405296289566951,0.74862530417338691,0.16540089766899979,0.1241676372947238,True,0.025371843171133401,0.86456521739130432,0.39673913043478259,0.034130434782608694,0.62717391304347825,0.61382266239490146,Mini|Mini::9|Mini/9_2.tif|001292
1293,Mini/9_3.tif,Mini,Mini::9,3,0.2812438688074303,0.17867006768650509,0.8498824883050321,0.14834834977056649,0.029116203132934837,True,0.1391387365300511,0.82456521739130439,0.23239130434782609,0.34195652173913044,0.54804347826086952,0.45193241878971147,Mini|Mini::9|Mini/9_3.tif|001293
1294,Mini/9_4.tif,Mini,Mini::9,3,0.26052973262504958,0.17457120058707781,0.86969028559989348,0.096633939626304594,0.32904765836556521,False,0,0.72978260869565215,0.1932608695652174,0.435,0.29847826086956519,0.43786408021327899,Mini|Mini::9|Mini/9_4.tif|001294
1295,Mini/9_5.tif,Mini,Mini::9,3,0.26651659261617439,0.1463144247252732,0.84749751395749651,0.081325288829525305,0.53344047294758146,False,0,0.76152173913043475,0.041521739130434783,0.32934782608695651,0.22413043478260869,0.6195337902021717,Mini|Mini::9|Mini/9_5.tif|001295
1296,Mini/9_6.tif,Mini,Mini::9,3,0.24745119885779171,0.22095293177752881,0.78984516198882015,0.12618552137029479,0.59071783731734939,False,0,0.66065217391304343,0.74456521739130432,0.098913043478260868,0.45369565217391306,0.49863424056126893,Mini|Mini::9|Mini/9_6.tif|001296
1297,Mini/9_7.tif,Mini,Mini::9,3,0.26577536277136959,0.22914034365222971,0.869757313813599,0.18162617166033221,0.3734476366617846,False,0,0.75717391304347825,0.82369565217391305,0.43586956521739129,0.69673913043478264,0.46231622824213109,Mini|Mini::9|Mini/9_7.tif|001297
1298,Mini/9_8.tif,Mini,Mini::9,3,0.27304672120084639,0.20191234711913869,0.86956835759138196,0.1197666877874536,0.25874281396369164,False,0,0.78847826086956518,0.50065217391304351,0.43413043478260871,0.41891304347826086,0.30681268954368285,Mini|Mini::9|Mini/9_8.tif|001298
1299,Mini/9_9.tif,Mini,Mini::9,3,0.25732931985860619,0.17918227721176169,0.85127745999184257,0.079268353893280102,0.19358408341535926,False,0,0.71586956521739131,0.23760869565217391,0.34891304347826085,0.21369565217391304,0.46930407392182516,Mini|Mini::9|Mini/9_9.tif|001299
1300,Pencil/1-1.tif,Pencil,Pencil::1,3,0.24621876490149311,0.2336476659741315,0.94145109202938015,0.25413852658476038,0.59891697137183897,False,0,0.65239130434782611,0.86326086956521741,0.90804347826086962,0.89760869565217394,0.69265700314626255,Pencil|Pencil::1|Pencil/1-1.tif|001300
1301,Pencil/1-10.tif,Pencil,Pencil::1,3,0.27771118335571249,0.23076606265884231,0.95379586403456562,0.25063000882918829,0.3430028729791994,False,0,0.80891304347826087,0.8402173913043478,0.96108695652173914,0.8923913043478261,0.76009687473321852,Pencil|Pencil::1|Pencil/1-10.tif|001301
1302,Pencil/1-2.tif,Pencil,Pencil::1,3,0.27005546430471727,0.229203577998813,0.94689171984334874,0.22951011751934841,0.38550455327136812,False,0,0.77369565217391301,0.82499999999999996,0.93282608695652169,0.84630434782608699,0.69842639761985625,Pencil|Pencil::1|Pencil/1-2.tif|001302
1303,Pencil/1-3.tif,Pencil,Pencil::1,3,0.20996732627349021,0.24090432826113889,0.94643898438537399,0.2933150370564922,0.41980015714642427,False,0,0.30978260869565216,0.91847826086956519,0.92978260869565221,0.95065217391304346,0.77402014403039887,Pencil|Pencil::1|Pencil/1-3.tif|001303
1304,Pencil/1-4.tif,Pencil,Pencil::1,3,0.34152869495194083,0.19255682893216511,0.91037110383050557,0.27282610656557699,0.029143974378847082,True,0.061330048541389202,0.9602173913043478,0.38108695652173913,0.69543478260869562,0.92630434782608695,0.66773535955270136,Pencil|Pencil::1|Pencil/1-4.tif|001304
1305,Pencil/1-5.tif,Pencil,Pencil::1,3,0.32546117005960978,0.20402458542172169,0.90551871575099263,0.20872999157471189,0.38335603468331836,False,0,0.94108695652173913,0.53717391304347828,0.65500000000000003,0.79152173913043478,0.55222235323301427,Pencil|Pencil::1|Pencil/1-5.tif|001305
1306,Pencil/1-6.tif,Pencil,Pencil::1,3,0.2983200609579571,0.20889504694188971,0.9386502067859116,0.26243101081402193,0.51925710811579862,False,0,0.88500000000000001,0.59717391304347822,0.8923913043478261,0.91021739130434787,0.69276042989803788,Pencil|Pencil::1|Pencil/1-6.tif|001306
1307,Pencil/1-7.tif,Pencil,Pencil::1,3,0.28421958921913421,0.25880850484201329,0.95910983793139637,0.18219097853868779,0.17860879719600586,False,0,0.83717391304347821,0.97717391304347823,0.97630434782608699,0.69804347826086954,0.77940249035140607,Pencil|Pencil::1|Pencil/1-7.tif|001307
1308,Pencil/1-8.tif,Pencil,Pencil::1,3,0.30872426251700169,0.19300662502391161,0.90435414708267003,0.22384168273878849,0.40974012351184508,True,0.21194103333452621,0.90760869565217395,0.38804347826086955,0.64804347826086961,0.83195652173913048,0.55748642612346122,Pencil|Pencil::1|Pencil/1-8.tif|001308
1309,Pencil/1-9.tif,Pencil,Pencil::1,3,0.25335130547878881,0.21562865102429349,0.92597782665085715,0.1084031002486248,0.16027469257231519,True,0.0152626106196809,0.69456521739130439,0.69195652173913047,0.80804347826086953,0.35413043478260869,0.43688859519616252,Pencil|Pencil::1|Pencil/1-9.tif|001309
1310,Pencil/10-1.tif,Pencil,Pencil::10,0,0.28282617976705687,0.15929282555725649,0.93583413255509296,0.192789492091721,0.51197673472458294,False,0,0.8302173913043478,0.090652173913043477,0.87456521739130433,0.73543478260869566,0.68726836620301734,Pencil|Pencil::10|Pencil/10-1.tif|001310
1311,Pencil/10-10.tif,Pencil,Pencil::10,0,0.2458198746471541,0.18244388189686109,0.91366102911947578,0.28329253491737322,0.5993692553196851,False,0,0.64978260869565219,0.27195652173913043,0.72282608695652173,0.94108695652173913,0.56448899554106147,Pencil|Pencil::10|Pencil/10-10.tif|001311
1312,Pencil/10-2.tif,Pencil,Pencil::10,0,0.24336051955673499,0.19449962038709989,0.92962524050619877,0.14310262793521469,0.44908286652884744,False,0,0.63282608695652176,0.40369565217391307,0.83369565217391306,0.53152173913043477,0.37318052615854669,Pencil|Pencil::10|Pencil/10-2.tif|001312
1313,Pencil/10-3.tif,Pencil,Pencil::10,0,0.28751077935059072,0.17312712170611849,0.90182768821675441,0.19473730778138809,0.13363364874029959,True,0.039478658213574401,0.84847826086956524,0.17717391304347826,0.63195652173913042,0.74586956521739134,0.55092481106591584,Pencil|Pencil::10|Pencil/10-3.tif|001313
1314,Pencil/10-4.tif,Pencil,Pencil::10,0,0.27129151818668018,0.1686014480463148,0.94114881519577998,0.20117022411048299,0.50340398107672457,False,0,0.78021739130434786,0.14326086956521739,0.9067391304347826,0.76630434782608692,0.6649355754287023,Pencil|Pencil::10|Pencil/10-4.tif|001314
1315,Pencil/10-5.tif,Pencil,Pencil::10,0,0.26661966280088401,0.17182075953297299,0.9386548622147638,0.20072962090144661,0.34710112106663127,False,0,0.76282608695652177,0.16413043478260869,0.89282608695652177,0.76413043478260867,0.63715236638987638,Pencil|Pencil::10|Pencil/10-5.tif|001315
1316,Pencil/10-6.tif,Pencil,Pencil::10,0,0.39773452647396379,0.13262014970090361,0.87351677390741289,0.39242275257842307,0.082915414950408994,True,0.037502941739352598,0.99543478260869567,0.014999999999999999,0.45673913043478259,0.995,0.85298131670867461,Pencil|Pencil::10|Pencil/10-6.tif|001316
1317,Pencil/10-7.tif,Pencil,Pencil::10,0,0.23346561566543711,0.20796649719108271,0.93879776320276676,0.22923679052511289,0.4827476511736033,False,0,0.55195652173913046,0.58543478260869564,0.89413043478260867,0.84586956521739132,0.53381938705541532,Pencil|Pencil::10|Pencil/10-7.tif|001317
1318,Pencil/10-8.tif,Pencil,Pencil::10,0,0.2477214597053374,0.21360270412549409,0.89469282665396921,0.20225191928541991,0.028424117464758591,True,0.055734758315206703,0.66282608695652179,0.66413043478260869,0.58543478260869564,0.77065217391304353,0.36606397738476315,Pencil|Pencil::10|Pencil/10-8.tif|001318
1319,Pencil/10-9.tif,Pencil,Pencil::10,0,0.2796684178578927,0.20687371448517711,0.94043791095572682,0.1552332381699284,0.35923232333528521,False,0,0.81760869565217387,0.56978260869565223,0.90239130434782611,0.58065217391304347,0.52361095385972434,Pencil|Pencil::10|Pencil/10-9.tif|001319
1320,Pencil/2-1.tif,Pencil,Pencil::2,4,0.19028449090687591,0.2053464611517351,0.89748770902367925,0.1241347340604619,0.51705133269583547,False,0,0.11239130434782608,0.55282608695652169,0.60108695652173916,0.43847826086956521,0.4086986586383406,Pencil|Pencil::2|Pencil/2-1.tif|001320
1321,Pencil/2-10.tif,Pencil,Pencil::2,4,0.21711273717669141,0.1887462706907797,0.88400604964505936,0.015264889836866699,0.02690396549965246,True,0.092878349573060404,0.39108695652173914,0.33891304347826084,0.51673913043478259,0.0032608695652173911,0.53370499416245942,Pencil|Pencil::2|Pencil/2-10.tif|001321
1322,Pencil/2-2.tif,Pencil,Pencil::2,4,0.2085395263143309,0.2049390093481476,0.89929118777190609,0.21181170490178991,0.62248598670891986,False,0,0.29021739130434782,0.54891304347826086,0.61326086956521741,0.80021739130434788,0.38647087257607976,Pencil|Pencil::2|Pencil/2-2.tif|001322
1323,Pencil/2-3.tif,Pencil,Pencil::2,4,0.21609726644118549,0.1756811963394394,0.88482070476982166,0.27338241710874778,0.56637800845889874,False,0,0.375,0.20630434782608695,0.51934782608695651,0.92673913043478262,0.53325674859713279,Pencil|Pencil::2|Pencil/2-3.tif|001323
1324,Pencil/2-4.tif,Pencil,Pencil::2,4,0.29779555437697308,0.16428049785140539,0.9039565749357672,0.049707938303726801,0.53940960156895734,True,0.031955902739436201,0.88195652173913042,0.11413043478260869,0.64500000000000002,0.072826086956521735,0.70589564231902613,Pencil|Pencil::2|Pencil/2-4.tif|001324
1325,Pencil/2-5.tif,Pencil,Pencil::2,4,0.35592758770430399,0.13088642380920459,0.95043496579845321,0.24370053468261921,0.20896045773814165,False,0,0.97499999999999998,0.012391304347826086,0.94630434782608697,0.8793478260869565,0.89804208371377725,Pencil|Pencil::2|Pencil/2-5.tif|001325
1326,Pencil/2-6.tif,Pencil,Pencil::2,4,0.22776666479499369,0.21386870878560371,0.91425615781363179,0.1194034609077323,0.63983001240481729,False,0,0.50239130434782608,0.66717391304347828,0.7276086956521739,0.41673913043478261,0.29443322889237966,Pencil|Pencil::2|Pencil/2-6.tif|001326
1327,Pencil/2-7.tif,Pencil,Pencil::2,4,0.26110653854243848,0.1777372340389726,0.90487192066038036,0.1055022913790962,0.11807122181034357,True,0.070051625857405805,0.73282608695652174,0.22543478260869565,0.65152173913043476,0.33717391304347827,0.42316098283195291,Pencil|Pencil::2|Pencil/2-7.tif|001327
1328,Pencil/2-8.tif,Pencil,Pencil::2,4,0.18480583084972771,0.19602090300803851,0.90632361816319562,0.081324947180381399,0.515706779082867,False,0,0.073695652173913037,0.42152173913043478,0.6610869565217391,0.22369565217391305,0.53869038843622663,Pencil|Pencil::2|Pencil/2-8.tif|001328
1329,Pencil/2-9.tif,Pencil,Pencil::2,4,0.21973220868159879,0.18968074874022289,0.90964948108395716,0.24687208746076689,0.38672344432401845,False,0,0.41717391304347828,0.34804347826086957,0.68934782608695655,0.88717391304347826,0.46444287416736119,Pencil|Pencil::2|Pencil/2-9.tif|001329
1330,Pencil/3-1.tif,Pencil,Pencil::3,1,0.27002693815776879,0.1764928755219822,0.81337359360569916,0.10441055179660209,0.075602066037007587,True,0.18812365873594639,0.77282608695652177,0.21543478260869564,0.17456521739130434,0.33456521739130435,0.53729684691176371,Pencil|Pencil::3|Pencil/3-1.tif|001330
1331,Pencil/3-10.tif,Pencil,Pencil::3,1,0.20963401737450049,0.221775630205157,0.90562850367512704,0.091008995819194693,0.34525474479932916,False,0,0.30413043478260871,0.75326086956521743,0.6554347826086957,0.27500000000000002,0.42105929068955655,Pencil|Pencil::3|Pencil/3-10.tif|001331
1332,Pencil/3-2.tif,Pencil,Pencil::3,1,0.2196478276473984,0.17898175873427069,0.89334431503296574,0.049517680360683901,0.48724671307051665,False,0,0.41673913043478261,0.23499999999999999,0.57804347826086955,0.071956521739130433,0.51620671845828825,Pencil|Pencil::3|Pencil/3-2.tif|001332
1333,Pencil/3-3.tif,Pencil,Pencil::3,1,0.19972896076032101,0.21428486771136951,0.93306882499316679,0.24232944611525789,0.53621482757477701,False,0,0.20369565217391306,0.67152173913043478,0.85673913043478256,0.87586956521739134,0.62109315788780606,Pencil|Pencil::3|Pencil/3-3.tif|001333
1334,Pencil/3-4.tif,Pencil,Pencil::3,1,0.20194435789311921,0.2114453300708049,0.88208815426189424,0.054391432560606898,0.43349359223592748,True,0.0282460136815324,0.22456521739130436,0.63630434782608691,0.50847826086956527,0.087608695652173912,0.51437502225134146,Pencil|Pencil::3|Pencil/3-4.tif|001334
1335,Pencil/3-5.tif,Pencil,Pencil::3,1,0.21346756936815561,0.1958978236837382,0.91020748954052755,0.1572589053900027,0.036913516384584732,True,0.074222013845457499,0.34717391304347828,0.42021739130434782,0.69369565217391305,0.58673913043478265,0.27342779654670379,Pencil|Pencil::3|Pencil/3-5.tif|001335
1336,Pencil/3-6.tif,Pencil,Pencil::3,1,0.25989067976066699,0.1555264362305786,0.89019490261197443,0.062789186578802905,0.2588337673856882,False,0,0.72717391304347823,0.076739130434782615,0.55021739130434788,0.12543478260869564,0.61121079746794293,Pencil|Pencil::3|Pencil/3-6.tif|001336
1337,Pencil/3-7.tif,Pencil,Pencil::3,1,0.21841588384964691,0.16922936350004619,0.89153735190528094,0.075845151823390106,0.51350916248809453,False,0,0.40500000000000003,0.14456521739130435,0.56195652173913047,0.19717391304347825,0.48052173126249031,Pencil|Pencil::3|Pencil/3-7.tif|001337
1338,Pencil/3-8.tif,Pencil,Pencil::3,1,0.25618151419689,0.1688218292588215,0.92815514474079963,0.082292649561144696,0.21819357955572194,False,0,0.70934782608695657,0.14369565217391303,0.82413043478260872,0.22891304347826086,0.59103974258563197,Pencil|Pencil::3|Pencil/3-8.tif|001338
1339,Pencil/3-9.tif,Pencil,Pencil::3,1,0.21009988258201259,0.21483899690641109,0.80224481920085522,0.1115564213130131,0.1148980699657991,True,0.0486576953676481,0.31195652173913041,0.68108695652173912,0.13500000000000001,0.37543478260869567,0.46571915241108053,Pencil|Pencil::3|Pencil/3-9.tif|001339
1340,Pencil/4-1.tif,Pencil,Pencil::4,4,0.31899231849008808,0.20412572408712101,0.90608659244119938,0.15792302892680909,0.42034405793797125,False,0,0.92978260869565221,0.53891304347826086,0.6597826086956522,0.58978260869565213,0.46884828522216615,Pencil|Pencil::4|Pencil/4-1.tif|001340
1341,Pencil/4-10.tif,Pencil,Pencil::4,4,0.37095167270836399,0.1706348043170117,0.75439798237223532,0.2842355522721185,0.46010697789127569,False,0,0.98413043478260864,0.15282608695652175,0.043260869565217394,0.94239130434782614,0.87133960268864774,Pencil|Pencil::4|Pencil/4-10.tif|001341
1342,Pencil/4-2.tif,Pencil,Pencil::4,4,0.2944929513329676,0.15776957297517,0.90303339838390939,0.1194173329120834,0.52550382650356997,False,0,0.87326086956521742,0.08543478260869565,0.63891304347826083,0.41717391304347828,0.5808140757145992,Pencil|Pencil::4|Pencil/4-2.tif|001342
1343,Pencil/4-3.tif,Pencil,Pencil::4,4,0.31957394443998388,0.1816188706206672,0.90651685840980023,0.1505843070273126,0.48495024371321055,False,0,0.93152173913043479,0.26369565217391305,0.66282608695652179,0.55978260869565222,0.52166756755590771,Pencil|Pencil::4|Pencil/4-3.tif|001343
1344,Pencil/4-4.tif,Pencil,Pencil::4,4,0.39604952855310838,0.18846911342984909,0.92398316969696204,0.2032993747243998,0.32038329642159857,True,0.068436132551036893,0.99413043478260865,0.33456521739130435,0.78760869565217395,0.77326086956521745,0.65492275767873565,Pencil|Pencil::4|Pencil/4-4.tif|001344
1345,Pencil/4-5.tif,Pencil,Pencil::4,4,0.31523661615831561,0.16095209566583649,0.90937826614292683,0.15334036091965561,0.44227230214386687,False,0,0.92369565217391303,0.09978260869565217,0.68673913043478263,0.5715217391304348,0.61618084031988185,Pencil|Pencil::4|Pencil/4-5.tif|001345
1346,Pencil/4-6.tif,Pencil,Pencil::4,4,0.38062654267640261,0.184750292592264,0.92329327713975318,0.13527111597979971,0.18578303879130087,False,0,0.98891304347826092,0.29673913043478262,0.78456521739130436,0.49804347826086959,0.60110908835739629,Pencil|Pencil::4|Pencil/4-6.tif|001346
1347,Pencil/4-7.tif,Pencil,Pencil::4,4,0.28451372364214272,0.17600382463629621,0.90154579368466004,0.20525294459087759,0.59601030906138086,False,0,0.83804347826086956,0.20891304347826087,0.6293478260869565,0.7810869565217391,0.54290491496381887,Pencil|Pencil::4|Pencil/4-7.tif|001347
1348,Pencil/4-8.tif,Pencil,Pencil::4,4,0.2540599202028167,0.1958397588207825,0.7804829347141935,0.12570308550165321,0.082626241984394388,True,0.1153615731591371,0.69978260869565212,0.41847826086956524,0.083260869565217388,0.44847826086956522,0.47210684926894891,Pencil|Pencil::4|Pencil/4-8.tif|001348
1349,Pencil/4-9.tif,Pencil,Pencil::4,4,0.32527170547221912,0.16770074203846749,0.90760594326242261,0.22017934377500059,0.046872652379162605,True,0.30072833106475289,0.94021739130434778,0.13630434782608697,0.67326086956521736,0.82239130434782604,0.67824874571104155,Pencil|Pencil::4|Pencil/4-9.tif|001349
1350,Pencil/5-1.tif,Pencil,Pencil::5,1,0.21662054405355949,0.21359479138709259,0.91189726607546484,0.071369849088216294,0.54859812719052181,False,0,0.38456521739130434,0.66326086956521735,0.70717391304347821,0.17108695652173914,0.43713169752717174,Pencil|Pencil::5|Pencil/5-1.tif|001350
1351,Pencil/5-10.tif,Pencil,Pencil::5,1,0.23708394404352531,0.18121422373224949,0.89067148738043411,0.17490935952626011,0.47137921569298813,False,0,0.58326086956521739,0.25847826086956521,0.55369565217391303,0.66934782608695653,0.31117042297767611,Pencil|Pencil::5|Pencil/5-10.tif|001351
1352,Pencil/5-2.tif,Pencil,Pencil::5,1,0.2332437993026146,0.19749523830745791,0.90166306489826764,0.089914177668802706,0.47214912312296153,False,0,0.54847826086956519,0.43760869565217392,0.63108695652173918,0.26934782608695651,0.27681588129315465,Pencil|Pencil::5|Pencil/5-2.tif|001352
1353,Pencil/5-3.tif,Pencil,Pencil::5,1,0.29004434006061192,0.1856642112878702,0.77192892627437371,0.15803885628030639,0.22384345445981058,True,0.042940433531909801,0.856304347826087,0.30543478260869567,0.067608695652173909,0.5902173913043478,0.59992485351723424,Pencil|Pencil::5|Pencil/5-3.tif|001353
1354,Pencil/5-4.tif,Pencil,Pencil::5,1,0.2456940472854206,0.2045103400070892,0.89948689626691603,0.1391280820127912,0.51552443954003535,False,0,0.64847826086956517,0.54152173913043478,0.61456521739130432,0.51500000000000001,0.19266561137676683,Pencil|Pencil::5|Pencil/5-4.tif|001354
1355,Pencil/5-5.tif,Pencil,Pencil::5,1,0.22452145045996999,0.1953368943825716,0.91574384761991201,0.12635033695153319,0.50176654295069301,False,0,0.46934782608695652,0.41065217391304348,0.73760869565217391,0.45456521739130434,0.25970136986987058,Pencil|Pencil::5|Pencil/5-5.tif|001355
1356,Pencil/5-6.tif,Pencil,Pencil::5,1,0.3211441876045128,0.2108011800979982,0.92834894111289956,0.2027450523411905,0.14696290633731135,False,0,0.93413043478260871,0.625,0.82543478260869563,0.7723913043478261,0.61983792625202905,Pencil|Pencil::5|Pencil/5-6.tif|001356
1357,Pencil/5-7.tif,Pencil,Pencil::5,1,0.2337814267843463,0.20053912187446149,0.85808353251691405,0.12773321153644179,0.068896787568392681,True,0.070680036784308203,0.55760869565217386,0.47717391304347828,0.37717391304347825,0.46369565217391306,0.14228157072727315,Pencil|Pencil::5|Pencil/5-7.tif|001357
1358,Pencil/5-8.tif,Pencil,Pencil::5,1,0.22008060845432359,0.2177486794509875,0.92491023361645763,0.30397888580222188,0.40631144354030363,True,0.053994651834818899,0.42108695652173911,0.71543478260869564,0.79760869565217396,0.95978260869565213,0.59381006809873582,Pencil|Pencil::5|Pencil/5-8.tif|001358
1359,Pencil/5-9.tif,Pencil,Pencil::5,1,0.22263534195283299,0.21266449948187671,0.92195720359695799,0.18426181380965431,0.25962539517070593,False,0,0.45108695652173914,0.64891304347826084,0.77630434782608693,0.70326086956521738,0.37712949243498867,Pencil|Pencil::5|Pencil/5-9.tif|001359
1360,Pencil/6-1.tif,Pencil,Pencil::6,2,0.21066618543943111,0.22872655488227059,0.92696134331139901,0.1021924203348582,0.42736608509367741,False,0,0.31760869565217392,0.82065217391304346,0.81499999999999995,0.32413043478260872,0.51598401962329821,Pencil|Pencil::6|Pencil/6-1.tif|001360
1361,Pencil/6-10.tif,Pencil,Pencil::6,2,0.2829317204428809,0.18586982190751281,0.84591440084913416,0.21883650123388401,0.026248535885364022,True,0.085970384172266101,0.83065217391304347,0.30934782608695655,0.3215217391304348,0.82021739130434779,0.52921902727318604,Pencil|Pencil::6|Pencil/6-10.tif|001361
1362,Pencil/6-2.tif,Pencil,Pencil::6,2,0.2337404835898986,0.1705349707238783,0.91990864138633477,0.15762145907208391,0.5685176665571503,False,0,0.55673913043478263,0.15108695652173912,0.76239130434782609,0.58847826086956523,0.44904035461817288,Pencil|Pencil::6|Pencil/6-2.tif|001362
1363,Pencil/6-3.tif,Pencil,Pencil::6,2,0.29129240146258328,0.21326193466291829,0.89507545015892687,0.1989780430806623,0.099628542330254866,True,0.017465575166043999,0.86152173913043473,0.65760869565217395,0.58673913043478265,0.75847826086956527,0.47945089101993643,Pencil|Pencil::6|Pencil/6-3.tif|001363
1364,Pencil/6-4.tif,Pencil,Pencil::6,2,0.1905099781083088,0.22352280593294219,0.90539694487449995,0.3155330515713814,0.51887118727239967,False,0,0.115,0.77326086956521745,0.65369565217391301,0.96978260869565214,0.68353094718936869,Pencil|Pencil::6|Pencil/6-4.tif|001364
1365,Pencil/6-5.tif,Pencil,Pencil::6,2,0.18610586969047041,0.2450617137054423,0.921445875381396,0.2034021683449744,0.45314195799373252,False,0,0.083260869565217388,0.93891304347826088,0.77108695652173909,0.77369565217391301,0.71743544001255699,Pencil|Pencil::6|Pencil/6-5.tif|001365
1366,Pencil/6-6.tif,Pencil,Pencil::6,2,0.19338413896484091,0.21418176033838709,0.93107826122576642,0.2282730428840849,0.39662783257997541,False,0,0.14195652173913043,0.67021739130434788,0.84369565217391307,0.84282608695652173,0.62675794358649439,Pencil|Pencil::6|Pencil/6-6.tif|001366
1367,Pencil/6-7.tif,Pencil,Pencil::6,2,0.24708560885380701,0.25623410661897839,0.95390167935639003,0.1006826490719353,0.11216768612635863,False,0,0.65804347826086962,0.97282608695652173,0.96195652173913049,0.31673913043478263,0.70393936089589815,Pencil|Pencil::6|Pencil/6-7.tif|001367
1368,Pencil/6-8.tif,Pencil,Pencil::6,2,0.2159438553347526,0.21127391467154491,0.902502484475464,0.2210789400456934,0.64703120929732649,False,0,0.37239130434782608,0.63456521739130434,0.63543478260869568,0.82499999999999996,0.39794391222618641,Pencil|Pencil::6|Pencil/6-8.tif|001368
1369,Pencil/6-9.tif,Pencil,Pencil::6,2,0.21637030726162851,0.2032990727800231,0.90802493588155442,0.3611298743438236,0.40991336758335867,True,0.14845335569119969,0.37978260869565217,0.52543478260869569,0.67543478260869561,0.98978260869565216,0.53456853262051718,Pencil|Pencil::6|Pencil/6-9.tif|001369
1370,Pencil/7-1.tif,Pencil,Pencil::7,2,0.24474495646800901,0.17087407489729911,0.87549613448526953,0.1150942061472212,0.53052292564939052,False,0,0.64195652173913043,0.155,0.46804347826086956,0.39413043478260867,0.38910954522506275,Pencil|Pencil::7|Pencil/7-1.tif|001370
1371,Pencil/7-10.tif,Pencil,Pencil::7,2,0.2618016224146027,0.19617363211977371,0.88750964169673519,0.19998847653703461,0.36188361405837954,False,0,0.73847826086956525,0.42282608695652174,0.53500000000000003,0.76152173913043475,0.36393174332506628,Pencil|Pencil::7|Pencil/7-10.tif|001371
1372,Pencil/7-2.tif,Pencil,Pencil::7,2,0.23834646113573199,0.2047157865879958,0.89281673096711256,0.1217304070415047,0.43833939832322338,False,0,0.59891304347826091,0.54456521739130437,0.57282608695652171,0.42673913043478262,0.14980201174255706,Pencil|Pencil::7|Pencil/7-2.tif|001372
1373,Pencil/7-3.tif,Pencil,Pencil::7,2,0.26327181520010218,0.2122080143554127,0.91259334861966679,0.1926036440358225,0.38455604779330399,False,0,0.74413043478260865,0.64586956521739125,0.71413043478260874,0.73456521739130431,0.42632180750446624,Pencil|Pencil::7|Pencil/7-3.tif|001373
1374,Pencil/7-4.tif,Pencil,Pencil::7,2,0.33655475157662351,0.2082745754993123,0.91944387297213082,0.21763265791207459,0.34800142308155724,False,0,0.95413043478260873,0.58847826086956523,0.7593478260869565,0.81673913043478263,0.61777651791481725,Pencil|Pencil::7|Pencil/7-4.tif|001374
1375,Pencil/7-5.tif,Pencil,Pencil::7,2,0.29916285995956871,0.19408079124999461,0.81219838756011242,0.19729749943679889,0.079962514247346794,True,0.15402632871354799,0.88891304347826083,0.39760869565217394,0.17021739130434782,0.75108695652173918,0.57752797622888552,Pencil|Pencil::7|Pencil/7-5.tif|001375
1376,Pencil/7-6.tif,Pencil,Pencil::7,2,0.23021108759802281,0.1900663439360076,0.86029169212321632,0.071020653801423805,0.569506899378598,False,0,0.52282608695652177,0.35152173913043477,0.38978260869565218,0.16630434782608697,0.38218776252295972,Pencil|Pencil::7|Pencil/7-6.tif|001376
1377,Pencil/7-7.tif,Pencil,Pencil::7,2,0.2576964720225054,0.1942424080988317,0.844410569069311,0.1021038941580942,0.436119025473511,True,0.048676556421912903,0.71804347826086956,0.40065217391304347,0.31369565217391304,0.32282608695652176,0.3514439563320787,Pencil|Pencil::7|Pencil/7-7.tif|001377
1378,Pencil/7-8.tif,Pencil,Pencil::7,2,0.26124236389973948,0.1711694684356537,0.79891849060503239,0.10343279279437401,0.027602366004562229,True,0.1049599173232193,0.73369565217391308,0.15847826086956521,0.12630434782608696,0.32934782608695651,0.58311350615347712,Pencil|Pencil::7|Pencil/7-8.tif|001378
1379,Pencil/7-9.tif,Pencil,Pencil::7,2,0.23819887855329,0.1770881679907868,0.85372864809156523,0.15493755128577319,0.64694205298830743,False,0,0.59630434782608699,0.21847826086956521,0.36108695652173911,0.57934782608695656,0.33781937210046381,Pencil|Pencil::7|Pencil/7-9.tif|001379
1380,Pencil/8-1.tif,Pencil,Pencil::8,3,0.2390626605955396,0.19643274136028169,0.93840927749987502,0.1097320968776935,0.42706219654430766,False,0,0.60499999999999998,0.4241304347826087,0.89021739130434785,0.36239130434782607,0.43357462624297921,Pencil|Pencil::8|Pencil/8-1.tif|001380
1381,Pencil/8-10.tif,Pencil,Pencil::8,3,0.34091813627432738,0.20124240185600459,0.94624214839904797,0.20760318620448071,0.17272794922606238,False,0,0.95847826086956522,0.4906521739130435,0.92717391304347829,0.78934782608695653,0.69028212637200592,Pencil|Pencil::8|Pencil/8-10.tif|001381
1382,Pencil/8-2.tif,Pencil,Pencil::8,3,0.22123569053850481,0.20612990894982169,0.89664228255333034,0.1130210487373523,0.56209675339572929,False,0,0.43543478260869567,0.56239130434782614,0.59804347826086957,0.38500000000000001,0.17578073211959,Pencil|Pencil::8|Pencil/8-2.tif|001382
1383,Pencil/8-3.tif,Pencil,Pencil::8,3,0.31492273053378878,0.18212684983967131,0.91282355230569423,0.1922537277478179,0.11284628058708079,True,0.0592818502967958,0.92239130434782612,0.26934782608695651,0.71499999999999997,0.73239130434782607,0.57606037674531541,Pencil|Pencil::8|Pencil/8-3.tif|001383
1384,Pencil/8-4.tif,Pencil,Pencil::8,3,0.2918867899543241,0.22278070683802331,0.94687052969861818,0.1682860448392817,0.30531288829823666,False,0,0.86326086956521741,0.763695652173913,0.93239130434782613,0.64152173913043475,0.63912792072856628,Pencil|Pencil::8|Pencil/8-4.tif|001384
1385,Pencil/8-5.tif,Pencil,Pencil::8,3,0.2836160097284488,0.18722089214158619,0.94512911902281005,0.094515774644514494,0.35585000275529532,True,0.049096887493970502,0.83282608695652172,0.32108695652173913,0.9241304347826087,0.29021739130434782,0.60553980043055977,Pencil|Pencil::8|Pencil/8-5.tif|001385
1386,Pencil/8-6.tif,Pencil,Pencil::8,3,0.25884223445910531,0.20679727858411071,0.88489180684340019,0.2007764961083984,0.089663478383001705,True,0.063650744096817702,0.72282608695652173,0.56847826086956521,0.52021739130434785,0.76456521739130434,0.3531914982053459,Pencil|Pencil::8|Pencil/8-6.tif|001386
1387,Pencil/8-7.tif,Pencil,Pencil::8,3,0.25750194582380009,0.212915103580786,0.93525229188192738,0.16705999212453149,0.55454660875921657,False,0,0.71673913043478266,0.65239130434782611,0.87108695652173918,0.63673913043478259,0.4760273935343271,Pencil|Pencil::8|Pencil/8-7.tif|001387
1388,Pencil/8-8.tif,Pencil,Pencil::8,3,0.22312955272270829,0.21710827948314451,0.92266026310006799,0.2108093792633548,0.56561977791333296,False,0,0.45717391304347826,0.70934782608695657,0.78065217391304342,0.79673913043478262,0.4609558983944671,Pencil|Pencil::8|Pencil/8-8.tif|001388
1389,Pencil/8-9.tif,Pencil,Pencil::8,3,0.28763269478633718,0.17553151305304679,0.92928166396697198,0.11395934472102,0.39405509829343011,False,0,0.84891304347826091,0.20456521739130434,0.8302173913043478,0.38978260869565218,0.5746419942451948,Pencil|Pencil::8|Pencil/8-9.tif|001389
1390,Pencil/9-1.tif,Pencil,Pencil::9,0,0.32559556790791688,0.17495020470132419,0.93455470097360505,0.17836108337889839,0.16852524040188221,True,0.0424023503842543,0.94195652173913047,0.19804347826086957,0.86630434782608701,0.68413043478260871,0.67423007970430393,Pencil|Pencil::9|Pencil/9-1.tif|001390
1391,Pencil/9-10.tif,Pencil,Pencil::9,0,0.32188998337343311,0.17487368159173911,0.93506279690644878,0.17160299054584899,0.165776399378324,True,0.032477284870446703,0.93543478260869561,0.19586956521739129,0.86847826086956526,0.6554347826086957,0.66485710618493987,Pencil|Pencil::9|Pencil/9-10.tif|001391
1392,Pencil/9-2.tif,Pencil,Pencil::9,0,0.31298802610307619,0.176373386584082,0.94706537102204102,0.17561492253795419,0.3108841606146448,False,0,0.91760869565217396,0.21413043478260871,0.93413043478260871,0.67195652173913045,0.68859037952548197,Pencil|Pencil::9|Pencil/9-2.tif|001392
1393,Pencil/9-3.tif,Pencil,Pencil::9,0,0.31616280107031969,0.17894986516079159,0.91250494130823157,0.2034801684384778,0.1431177681270781,True,0.2182292470243499,0.92500000000000004,0.2341304347826087,0.71239130434782605,0.77413043478260868,0.60956475221715178,Pencil|Pencil::9|Pencil/9-3.tif|001393
1394,Pencil/9-4.tif,Pencil,Pencil::9,0,0.29859533543551559,0.2157141414478278,0.92789555569855775,0.171906129479518,0.55777491384566247,False,0,0.88630434782608691,0.69369565217391305,0.8215217391304348,0.65717391304347827,0.56109617936257072,Pencil|Pencil::9|Pencil/9-4.tif|001394
1395,Pencil/9-5.tif,Pencil,Pencil::9,0,0.30221513999546151,0.17217928561110121,0.93429416665783083,0.1492218779491542,0.18662675545623197,False,0,0.89673913043478259,0.16847826086956522,0.86499999999999999,0.55326086956521736,0.63511441596066653,Pencil|Pencil::9|Pencil/9-5.tif|001395
1396,Pencil/9-6.tif,Pencil,Pencil::9,0,0.39751654350506399,0.1564356825071879,0.95327398557015475,0.30579918576488963,0.097559219338340109,True,0.048527744304065201,0.995,0.080652173913043482,0.95717391304347821,0.96195652173913049,0.91830790805081164,Pencil|Pencil::9|Pencil/9-6.tif|001396
1397,Pencil/9-7.tif,Pencil,Pencil::9,0,0.27189396181709719,0.22710442062148281,0.92336267250076765,0.2662704260229905,0.32586621635082158,True,0.17259787853479441,0.78326086956521734,0.80934782608695655,0.7854347826086957,0.91500000000000004,0.65546228942208595,Pencil|Pencil::9|Pencil/9-7.tif|001397
1398,Pencil/9-8.tif,Pencil,Pencil::9,0,0.29590664093032842,0.19775909919976439,0.90460989300869921,0.1880754306082876,0.2128484663978687,True,0.025052810219362599,0.87717391304347825,0.44108695652173913,0.64978260869565219,0.71543478260869564,0.46322552045168186,Pencil|Pencil::9|Pencil/9-8.tif|001398
1399,Pencil/9-9.tif,Pencil,Pencil::9,0,0.34004875907038989,0.17631178482993659,0.95737940095350638,0.19324864397380359,0.52292358209320522,False,0,0.95760869565217388,0.21282608695652175,0.9689130434782609,0.74021739130434783,0.75462468293735174,Pencil|Pencil::9|Pencil/9-9.tif|001399
1400,Sarong/10_1.tif,Sarong,Sarong::10,3,0.36338950323881669,0.17902748751285799,0.83668974763406156,0.2174283687129554,0.43663722263384219,True,0.10534352332042959,0.97978260869565215,0.23543478260869566,0.28369565217391307,0.81543478260869562,0.66818618575063138,Sarong|Sarong::10|Sarong/10_1.tif|001400
1401,Sarong/10_10.tif,Sarong,Sarong::10,3,0.25964234468276948,0.2436175426854271,0.93727593138491583,0.22792013274799469,0.63562453990942291,False,0,0.72630434782608699,0.93021739130434777,0.88456521739130434,0.84152173913043482,0.70769214094237809,Sarong|Sarong::10|Sarong/10_10.tif|001401
1402,Sarong/10_2.tif,Sarong,Sarong::10,3,0.30455565609436458,0.2287282301298422,0.94238466416262157,0.274469161646894,0.13853848267571256,True,0.079558050627125093,0.90152173913043476,0.82108695652173913,0.9110869565217391,0.92891304347826087,0.78566877584056549,Sarong|Sarong::10|Sarong/10_2.tif|001402
1403,Sarong/10_3.tif,Sarong,Sarong::10,3,0.2759102458279693,0.178085429580498,0.9307084516351336,0.2166448703018137,0.035081314882589365,True,0.15326677224317539,0.79847826086956519,0.22978260869565217,0.84152173913043482,0.81108695652173912,0.61279597223846238,Sarong|Sarong::10|Sarong/10_3.tif|001403
1404,Sarong/10_4.tif,Sarong,Sarong::10,3,0.2781337880826219,0.2063833147508552,0.92492063292540083,0.14924378993879109,0.44012491155325412,False,0,0.81108695652173912,0.56369565217391304,0.79847826086956519,0.55369565217391303,0.43909534943781919,Sarong|Sarong::10|Sarong/10_4.tif|001404
1405,Sarong/10_5.tif,Sarong,Sarong::10,3,0.30206277685960742,0.2647498754298972,0.94266918353037965,0.24299971436899259,0.48671830370645125,False,0,0.89586956521739125,0.98499999999999999,0.91326086956521735,0.87717391304347825,0.8396323121817878,Sarong|Sarong::10|Sarong/10_5.tif|001405
1406,Sarong/10_6.tif,Sarong,Sarong::10,3,0.27603197465189389,0.23355470834255099,0.93843345708304204,0.25334562229858482,0.45581957509009152,False,0,0.79891304347826086,0.86152173913043473,0.89108695652173908,0.89586956521739125,0.72781089278202871,Sarong|Sarong::10|Sarong/10_6.tif|001406
1407,Sarong/10_7.tif,Sarong,Sarong::10,3,0.29721582277084591,0.18203821788510849,0.93584488541746103,0.19087702302144191,0.42485426864928255,False,0,0.88152173913043474,0.26891304347826089,0.87543478260869567,0.72717391304347823,0.62571501633212867,Sarong|Sarong::10|Sarong/10_7.tif|001407
1408,Sarong/10_8.tif,Sarong,Sarong::10,3,0.3167969620154833,0.2052378443153596,0.96174255331565484,0.22343980240859129,0.35159367326175889,False,0,0.92673913043478262,0.55195652173913046,0.98413043478260864,0.83152173913043481,0.72738896540594344,Sarong|Sarong::10|Sarong/10_8.tif|001408
1409,Sarong/10_9.tif,Sarong,Sarong::10,3,0.36215126941191228,0.21498404886974329,0.95678087976252357,0.26050251530548219,0.21771215706831848,False,0,0.97891304347826091,0.68282608695652169,0.96673913043478266,0.9067391304347826,0.80378182200850024,Sarong|Sarong::10|Sarong/10_9.tif|001409
1410,Sarong/1_1.tif,Sarong,Sarong::1,1,0.36037265811089592,0.18358901958600921,0.90908594470593762,0.2203654985560948,0.51539380665314249,True,0.043983556982636202,0.97804347826086957,0.28152173913043477,0.68456521739130438,0.82326086956521738,0.64406539019194331,Sarong|Sarong::1|Sarong/1_1.tif|001410
1411,Sarong/1_10.tif,Sarong,Sarong::1,1,0.2733691274200965,0.24115855266498359,0.92674154340662696,0.18928376347393619,0.48645435790285052,False,0,0.79065217391304343,0.9197826086956522,0.8128260869565217,0.72108695652173915,0.63830692287353408,Sarong|Sarong::1|Sarong/1_10.tif|001411
1412,Sarong/1_2.tif,Sarong,Sarong::1,1,0.3559649261865232,0.1697207758314106,0.93451393945219619,0.19937502970769919,0.27282748387833533,True,0.065729657524653401,0.97543478260869565,0.14760869565217391,0.86586956521739133,0.75978260869565217,0.74267449560842014,Sarong|Sarong::1|Sarong/1_2.tif|001412
1413,Sarong/1_3.tif,Sarong,Sarong::1,1,0.35884641550776991,0.18814084399216399,0.9534086788402184,0.28200414778787247,0.03865290531928367,True,0.110832007873906,0.97673913043478255,0.33152173913043476,0.95804347826086955,0.93804347826086953,0.81077187895088121,Sarong|Sarong::1|Sarong/1_3.tif|001413
1414,Sarong/1_4.tif,Sarong,Sarong::1,1,0.29238569551808391,0.22800301760368921,0.92987508395536844,0.2167979011771807,0.34010122142165955,False,0,0.86499999999999999,0.81543478260869562,0.83499999999999996,0.8128260869565217,0.66543915030596468,Sarong|Sarong::1|Sarong/1_4.tif|001414
1415,Sarong/1_5.tif,Sarong,Sarong::1,1,0.30044464213666577,0.27193082951455538,0.9352170777106924,0.30615902469046041,0.39936789107154758,False,0,0.89021739130434785,0.99108695652173917,0.87021739130434783,0.96239130434782605,0.86272976447021665,Sarong|Sarong::1|Sarong/1_5.tif|001415
1416,Sarong/1_6.tif,Sarong,Sarong::1,1,0.28855102510065939,0.2424544063311235,0.93403140326188405,0.184717163783327,0.22315386480593302,True,0.034440706463640697,0.85282608695652173,0.92586956521739128,0.86326086956521741,0.70369565217391306,0.69231604942203573,Sarong|Sarong::1|Sarong/1_6.tif|001416
1417,Sarong/1_78.tif,Sarong,Sarong::1,1,0.29704879170122539,0.27388555567963979,0.93567706146612961,0.31275353091424712,0.47745553177913236,False,0,0.88065217391304351,0.99239130434782608,0.87282608695652175,0.96804347826086956,0.86337087208216867,Sarong|Sarong::1|Sarong/1_78.tif|001417
1418,Sarong/1_8.tif,Sarong,Sarong::1,1,0.3742728475377034,0.23495455075108379,0.95432498577599401,0.33453575282167142,0.2942668111468334,False,0,0.986304347826087,0.87413043478260866,0.96282608695652172,0.97978260869565215,0.9060159155994284,Sarong|Sarong::1|Sarong/1_8.tif|001418
1419,Sarong/1_9.tif,Sarong,Sarong::1,1,0.32667875840180349,0.2071302156450697,0.93279219878093478,0.30125220349028631,0.21259210461885769,False,0,0.94456521739130439,0.5715217391304348,0.85586956521739133,0.95760869565217388,0.73403164609362637,Sarong|Sarong::1|Sarong/1_9.tif|001419
1420,Sarong/2_1.tif,Sarong,Sarong::2,1,0.25342718694242528,0.24792075866241539,0.89644608690626892,0.2267841083707938,0.49461916019449953,True,0.055395608594818603,0.69499999999999995,0.94978260869565212,0.59717391304347822,0.83673913043478265,0.6026320655484747,Sarong|Sarong::2|Sarong/2_1.tif|001420
1421,Sarong/2_10.tif,Sarong,Sarong::2,1,0.23648285620051079,0.21471875361778431,0.91417305656868442,0.13273857598582739,0.57165889422774074,False,0,0.57934782608695656,0.67760869565217396,0.72630434782608699,0.48804347826086958,0.29865957632910639,Sarong|Sarong::2|Sarong/2_10.tif|001421
1422,Sarong/2_2.tif,Sarong,Sarong::2,1,0.2053217861820219,0.21684311910233389,0.87780650945608396,0.1987760743351949,0.1958898487289501,True,0.1291204854088665,0.25717391304347825,0.70717391304347821,0.48195652173913045,0.75760869565217392,0.41057684534777139,Sarong|Sarong::2|Sarong/2_2.tif|001422
1423,Sarong/2_3.tif,Sarong,Sarong::2,1,0.26723158235340011,0.20398854358466051,0.86453396590643539,0.13352608649588121,0.027088180675126527,True,0.080812525012013997,0.76456521739130434,0.53673913043478261,0.41108695652173916,0.49152173913043479,0.28164148871633171,Sarong|Sarong::2|Sarong/2_3.tif|001423
1424,Sarong/2_4.tif,Sarong,Sarong::2,1,0.27876005483634658,0.2468750605723968,0.92583431293023277,0.1836826119150998,0.39004140376320279,False,0,0.81369565217391304,0.94456521739130439,0.80673913043478263,0.70108695652173914,0.6561768457741074,Sarong|Sarong::2|Sarong/2_4.tif|001424
1425,Sarong/2_5.tif,Sarong,Sarong::2,1,0.25453009685695738,0.1891775299221129,0.91854825059217238,0.1017883227612639,0.59194814119253392,False,0,0.70239130434782604,0.34195652173913044,0.75369565217391299,0.3215217391304348,0.40268592554418869,Sarong|Sarong::2|Sarong/2_5.tif|001425
1426,Sarong/2_6.tif,Sarong,Sarong::2,1,0.24396157926012291,0.21590274349226701,0.90712230119542259,0.18896142246590211,0.53722446686620262,False,0,0.63586956521739135,0.69717391304347831,0.66673913043478261,0.71804347826086956,0.36425675939848506,Sarong|Sarong::2|Sarong/2_6.tif|001426
1427,Sarong/2_7.tif,Sarong,Sarong::2,1,0.22999350112371941,0.23021331211439039,0.90368657043134559,0.21182248066608039,0.097558578528829099,False,0,0.52108695652173909,0.83326086956521739,0.64326086956521744,0.80065217391304344,0.47161729542706093,Sarong|Sarong::2|Sarong/2_7.tif|001427
1428,Sarong/2_8.tif,Sarong,Sarong::2,1,0.29245342670393881,0.19285394375582021,0.93912050373497358,0.1491143527124808,0.44122888090091722,False,0,0.86543478260869566,0.38369565217391305,0.89673913043478259,0.55282608695652169,0.55431201930393093,Sarong|Sarong::2|Sarong/2_8.tif|001428
1429,Sarong/2_9.tif,Sarong,Sarong::2,1,0.24251724374299799,0.2243843859019341,0.92533673023114116,0.1135945764433796,0.2831847786648144,True,0.019981429228441702,0.63065217391304351,0.78239130434782611,0.80152173913043478,0.38804347826086955,0.44750917448431948,Sarong|Sarong::2|Sarong/2_9.tif|001429
1430,Sarong/3_1.tif,Sarong,Sarong::3,3,0.30674173169465691,0.1966887098684213,0.91541939417557561,0.17021487714986369,0.45780579062659021,True,0.028205064797807201,0.90500000000000003,0.4284782608695652,0.73499999999999999,0.64847826086956517,0.4963981800118657,Sarong|Sarong::3|Sarong/3_1.tif|001430
1431,Sarong/3_10.tif,Sarong,Sarong::3,3,0.24971560303891371,0.2062557032267609,0.94268304217989585,0.1064568049658989,0.45887803686269185,False,0,0.67195652173913045,0.56326086956521737,0.91369565217391302,0.34239130434782611,0.47911958482152062,Sarong|Sarong::3|Sarong/3_10.tif|001431
1432,Sarong/3_2.tif,Sarong,Sarong::3,3,0.22536874572145049,0.2011719358466898,0.92108125334482904,0.092307041488976296,0.15992702394290292,True,0.0212017069382575,0.47586956521739132,0.48934782608695654,0.77065217391304353,0.2832608695652174,0.3477415658177111,Sarong|Sarong::3|Sarong/3_2.tif|001432
1433,Sarong/3_3.tif,Sarong,Sarong::3,3,0.27091727190785858,0.21300090642650379,0.93761419369009724,0.16410610596736491,0.046714231845702225,True,0.089629939326581101,0.77847826086956518,0.65413043478260868,0.88630434782608691,0.62152173913043474,0.51507758147082794,Sarong|Sarong::3|Sarong/3_3.tif|001433
1434,Sarong/3_4.tif,Sarong,Sarong::3,3,0.30909501130689099,0.1807601122068348,0.91990766557155434,0.1592307740041623,0.32973719805700785,False,0,0.90934782608695652,0.25326086956521737,0.76195652173913042,0.59891304347826091,0.55394119783748319,Sarong|Sarong::3|Sarong/3_4.tif|001434
1435,Sarong/3_5.tif,Sarong,Sarong::3,3,0.29057026438880018,0.1603721260690546,0.91472665248173779,0.1054617589304345,0.42900133893301085,False,0,0.85717391304347823,0.095434782608695659,0.73021739130434782,0.33630434782608698,0.60913260714009176,Sarong|Sarong::3|Sarong/3_5.tif|001435
1436,Sarong/3_6.tif,Sarong,Sarong::3,3,0.2334880467714992,0.20096639204713959,0.92017069054538381,0.073565677939759405,0.50401527064426399,False,0,0.55282608695652169,0.48499999999999999,0.763695652173913,0.18413043478260868,0.41511995214538544,Sarong|Sarong::3|Sarong/3_6.tif|001436
1437,Sarong/3_7.tif,Sarong,Sarong::3,3,0.25415229506308201,0.21409024734971199,0.92833396744494556,0.1235370827794533,0.47549480784860049,False,0,0.70065217391304346,0.66934782608695653,0.82456521739130439,0.43326086956521737,0.42277260195980526,Sarong|Sarong::3|Sarong/3_7.tif|001437
1438,Sarong/3_8.tif,Sarong,Sarong::3,3,0.29262029101584519,0.15411059297153609,0.92925435928637479,0.1051632426026318,0.42507398764405652,False,0,0.86586956521739133,0.069347826086956527,0.82978260869565212,0.33586956521739131,0.67454962921080242,Sarong|Sarong::3|Sarong/3_8.tif|001438
1439,Sarong/3_9.tif,Sarong,Sarong::3,3,0.30632589278362821,0.2082468407539024,0.95167700203103101,0.2710295470141027,0.19050619072655961,False,0,0.90413043478260868,0.58804347826086956,0.95195652173913048,0.92195652173913045,0.74389855905396873,Sarong|Sarong::3|Sarong/3_9.tif|001439
1440,Sarong/4_1.tif,Sarong,Sarong::4,2,0.31592547602747872,0.2056367055398261,0.86195237597941943,0.23781136176663201,0.16008513597759066,True,0.023264958088146201,0.92456521739130437,0.55500000000000005,0.39630434782608698,0.86456521739130432,0.57178773144399275,Sarong|Sarong::4|Sarong/4_1.tif|001440
1441,Sarong/4_10.tif,Sarong,Sarong::4,2,0.27724243541800569,0.1964158779961038,0.91716274583210677,0.19280729565612389,0.45799143545045196,False,0,0.80543478260869561,0.42369565217391303,0.74543478260869567,0.73586956521739133,0.46366522862341591,Sarong|Sarong::4|Sarong/4_10.tif|001441
1442,Sarong/4_2.tif,Sarong,Sarong::4,2,0.32258803134131209,0.1654942784344586,0.92399729856525725,0.1776203432814504,0.11836040110205803,True,0.10409475562187601,0.93586956521739129,0.12282608695652174,0.78804347826086951,0.68021739130434777,0.66909625022151442,Sarong|Sarong::4|Sarong/4_2.tif|001442
1443,Sarong/4_3.tif,Sarong,Sarong::4,2,0.29406504128173711,0.1787402362889072,0.84384175956111429,0.19992042799547369,0.033180583283573872,True,0.12922734880960879,0.87195652173913041,0.23282608695652174,0.31021739130434783,0.76108695652173908,0.56028331342665183,Sarong|Sarong::4|Sarong/4_3.tif|001443
1444,Sarong/4_4.tif,Sarong,Sarong::4,2,0.2830927158170658,0.19288505265337499,0.91019262144252799,0.12746682704762369,0.35703461076332366,False,0,0.83152173913043481,0.3858695652173913,0.69326086956521737,0.4623913043478261,0.40211515434449518,Sarong|Sarong::4|Sarong/4_4.tif|001444
1445,Sarong/4_5.tif,Sarong,Sarong::4,2,0.28682861110088792,0.16772637358003889,0.92355263630968221,0.15276330785215639,0.47867119898407451,False,0,0.84543478260869565,0.13673913043478261,0.78630434782608694,0.57021739130434779,0.58153616398200347,Sarong|Sarong::4|Sarong/4_5.tif|001445
1446,Sarong/4_6.tif,Sarong,Sarong::4,2,0.27590768510376101,0.2450028982877967,0.93137288306266242,0.23639804818811469,0.50015119117843509,False,0,0.79804347826086952,0.93760869565217386,0.84717391304347822,0.86239130434782607,0.7295124870823485,Sarong|Sarong::4|Sarong/4_6.tif|001446
1447,Sarong/4_7.tif,Sarong,Sarong::4,2,0.27015406900587369,0.17047070005874759,0.93059175409995321,0.1088549193695949,0.59410385447084857,False,0,0.77413043478260868,0.15021739130434783,0.84065217391304348,0.3576086956521739,0.57776686973691682,Sarong|Sarong::4|Sarong/4_7.tif|001447
1448,Sarong/4_8.tif,Sarong,Sarong::4,2,0.29118706069452149,0.1772715217225799,0.92998664465748659,0.16687156640222839,0.27218992139212428,False,0,0.86021739130434782,0.21978260869565217,0.83543478260869564,0.63586956521739135,0.58245633958574916,Sarong|Sarong::4|Sarong/4_8.tif|001448
1449,Sarong/4_9.tif,Sarong,Sarong::4,2,0.28740663319185028,0.23853727427677651,0.93515103642931496,0.1984868149767624,0.23122878069689168,False,0,0.84717391304347822,0.90239130434782611,0.86978260869565216,0.75586956521739135,0.69617303869868741,Sarong|Sarong::4|Sarong/4_9.tif|001449
1450,Sarong/5+8.tif,Sarong,Sarong::5,0,0.32920307205027532,0.20865263460979311,0.94632051073774237,0.28129091526185912,0.35720808268542914,False,0,0.94934782608695656,0.59586956521739132,0.9284782608695652,0.93760869565217386,0.76563661935166705,Sarong|Sarong::5|Sarong/5+8.tif|001450
1451,Sarong/5_1.tif,Sarong,Sarong::5,0,0.33020607814246911,0.19736745986385351,0.92813169426525644,0.25078288476798871,0.46508943628280169,True,0.055910475904842299,0.95021739130434779,0.43630434782608696,0.82326086956521738,0.89282608695652177,0.68232159567493222,Sarong|Sarong::5|Sarong/5_1.tif|001451
1452,Sarong/5_10.tif,Sarong,Sarong::5,0,0.27835591671913362,0.1924012013818496,0.93475386982240516,0.2056213094103605,0.53976626764424451,False,0,0.81195652173913047,0.3793478260869565,0.86673913043478257,0.78326086956521734,0.57149639416572295,Sarong|Sarong::5|Sarong/5_10.tif|001452
1453,Sarong/5_2.tif,Sarong,Sarong::5,0,0.29222191323685098,0.18640046877787961,0.9207682140002732,0.12702159120634129,0.13219803447687561,True,0.027445597511669102,0.86413043478260865,0.31195652173913041,0.76630434782608692,0.45934782608695651,0.49043034996455054,Sarong|Sarong::5|Sarong/5_2.tif|001453
1454,Sarong/5_3.tif,Sarong,Sarong::5,0,0.33785030358367152,0.1964538177421406,0.94498497153068961,0.2291614990864482,0.13453577323327781,True,0.068652295611138295,0.9558695652173913,0.42499999999999999,0.92282608695652169,0.84543478260869565,0.71522664193832586,Sarong|Sarong::5|Sarong/5_3.tif|001454
1455,Sarong/5_4.tif,Sarong,Sarong::5,0,0.32051809673944132,0.17247121472894519,0.93182956567086317,0.14718176843642691,0.40657127951829219,False,0,0.93282608695652169,0.1723913043478261,0.84978260869565214,0.5441304347826087,0.64727215886136413,Sarong|Sarong::5|Sarong/5_4.tif|001455
1456,Sarong/5_5.tif,Sarong,Sarong::5,0,0.29601487020372652,0.22073841372388531,0.93609049597052463,0.19354369450287701,0.51127644521526228,False,0,0.87760869565217392,0.74282608695652175,0.87717391304347825,0.74282608695652175,0.63464754370114596,Sarong|Sarong::5|Sarong/5_5.tif|001456
1457,Sarong/5_6.tif,Sarong,Sarong::5,0,0.2996055358583592,0.1948309834805721,0.94132585046787542,0.2194236415862966,0.47970424805927192,False,0,0.88934782608695651,0.40760869565217389,0.90760869565217395,0.82108695652173913,0.65526297409314327,Sarong|Sarong::5|Sarong/5_6.tif|001457
1458,Sarong/5_7.tif,Sarong,Sarong::5,0,0.33943325562076038,0.14207186722076559,0.92561025422447318,0.15989753187934291,0.4581132189995501,False,0,0.95717391304347821,0.033260869565217392,0.80456521739130438,0.60195652173913039,0.72801683127264105,Sarong|Sarong::5|Sarong/5_7.tif|001458
1459,Sarong/5_9.tif,Sarong,Sarong::5,0,0.36800719551974348,0.1607239153565562,0.93575819216868961,0.27209131653061019,0.33140418412476913,False,0,0.98108695652173916,0.098478260869565223,0.87413043478260866,0.92369565217391303,0.84389333131111999,Sarong|Sarong::5|Sarong/5_9.tif|001459
1460,Sarong/6_1.tif,Sarong,Sarong::6,2,0.21960889596518149,0.20013083186052841,0.81687491649044719,0.26888426641064389,0.56440259276000293,True,0.020513868442822498,0.41586956521739132,0.47239130434782611,0.18847826086956521,0.91891304347826086,0.52950363745624551,Sarong|Sarong::6|Sarong/6_1.tif|001460
1461,Sarong/6_10.tif,Sarong,Sarong::6,2,0.2087261957635218,0.24574229539504161,0.88820047726673945,0.15900450379208519,0.62301052062418949,False,0,0.29239130434782606,0.9415217391304348,0.53891304347826086,0.59717391304347822,0.49899880857982337,Sarong|Sarong::6|Sarong/6_10.tif|001461
1462,Sarong/6_2.tif,Sarong,Sarong::6,2,0.28563786358785598,0.1314309126973931,0.80678397409821756,0.087813275071878305,0.21037858848834134,True,0.15326858616340011,0.84065217391304348,0.012826086956521739,0.15369565217391304,0.25847826086956521,0.72913769408639006,Sarong|Sarong::6|Sarong/6_2.tif|001462
1463,Sarong/6_3.tif,Sarong,Sarong::6,2,0.2155215348035745,0.19966713930548941,0.85583561807952024,0.1885526178595045,0.069873135008500564,True,0.1427063410504385,0.36934782608695654,0.46500000000000002,0.36934782608695654,0.71630434782608698,0.28662266481364851,Sarong|Sarong::6|Sarong/6_3.tif|001463
1464,Sarong/6_4.tif,Sarong,Sarong::6,2,0.25073454074040258,0.18563740808228529,0.90753222673852896,0.32420651724159077,0.50482894722339844,False,0,0.67934782608695654,0.30456521739130432,0.67195652173913045,0.97499999999999998,0.5705737834356267,Sarong|Sarong::6|Sarong/6_4.tif|001464
1465,Sarong/6_5.tif,Sarong,Sarong::6,2,0.21826607682397131,0.23979817133531461,0.89397997892661785,0.2093847470186741,0.52825833044209636,False,0,0.40326086956521739,0.91152173913043477,0.58239130434782604,0.79326086956521735,0.52105553042310082,Sarong|Sarong::6|Sarong/6_5.tif|001465
1466,Sarong/6_6.tif,Sarong,Sarong::6,2,0.224879853816734,0.22513127937019739,0.82432255231575169,0.10679179901780581,0.39673667045064365,False,0,0.47195652173913044,0.79021739130434787,0.21891304347826088,0.34630434782608693,0.43317987200733066,Sarong|Sarong::6|Sarong/6_6.tif|001466
1467,Sarong/6_7.tif,Sarong,Sarong::6,2,0.23344720429068391,0.19046850039590929,0.89017052527840912,0.1108547032175371,0.45703131894023408,False,0,0.55152173913043478,0.35804347826086957,0.54934782608695654,0.37108695652173912,0.20459698039226598,Sarong|Sarong::6|Sarong/6_7.tif|001467
1468,Sarong/6_8.tif,Sarong,Sarong::6,2,0.22776293955090829,0.21329680624751349,0.88075844683138615,0.2128751670176815,0.43119672401138825,False,0,0.50195652173913041,0.65891304347826085,0.49760869565217392,0.80326086956521736,0.34238875085314213,Sarong|Sarong::6|Sarong/6_8.tif|001468
1469,Sarong/6_9.tif,Sarong,Sarong::6,2,0.26599393920692149,0.18319544307224961,0.86341005680463401,0.033354496760084201,0.37723875631129861,False,0,0.7593478260869565,0.27934782608695652,0.40543478260869564,0.026304347826086958,0.59099816241449998,Sarong|Sarong::6|Sarong/6_9.tif|001469
1470,Sarong/7_1.tif,Sarong,Sarong::7,4,0.34491362821310778,0.2114436765140352,0.90988403644504923,0.3134374954253879,0.43942750286432397,True,0.014088349091498999,0.96369565217391306,0.63586956521739135,0.69195652173913047,0.96847826086956523,0.69985240139825999,Sarong|Sarong::7|Sarong/7_1.tif|001470
1471,Sarong/7_10.tif,Sarong,Sarong::7,4,0.22055647361199521,0.22976326768099131,0.9245673830046226,0.1606007121877806,0.48153101164119877,False,0,0.42760869565217391,0.8302173913043478,0.79369565217391302,0.60543478260869565,0.46006266524749795,Sarong|Sarong::7|Sarong/7_10.tif|001471
1472,Sarong/7_2.tif,Sarong,Sarong::7,4,0.34691883573863069,0.173237313169327,0.85402600912920934,0.25539862626330723,0.10083137686821919,True,0.0275041587727472,0.96630434782608698,0.17847826086956523,0.36239130434782607,0.90065217391304353,0.70730070770169029,Sarong|Sarong::7|Sarong/7_2.tif|001472
1473,Sarong/7_3.tif,Sarong,Sarong::7,4,0.2883431842157051,0.21419363492929391,0.9322027941975054,0.2229007235040881,0.075159008002713024,True,0.1127827946068342,0.85239130434782606,0.67108695652173911,0.85326086956521741,0.8302173913043478,0.62232398761228536,Sarong|Sarong::7|Sarong/7_3.tif|001473
1474,Sarong/7_4.tif,Sarong,Sarong::7,4,0.29133744472871981,0.24273849107246209,0.92287833753296156,0.2041631488348343,0.33839362761313208,False,0,0.8619565217391304,0.92760869565217396,0.78195652173913044,0.77760869565217394,0.68587738574746226,Sarong|Sarong::7|Sarong/7_4.tif|001474
1475,Sarong/7_5.tif,Sarong,Sarong::7,4,0.22361788404075919,0.2315497705040723,0.93063434845027282,0.15494050462965669,0.42139660153857439,False,0,0.46195652173913043,0.84717391304347822,0.84108695652173915,0.57978260869565212,0.49465402929285046,Sarong|Sarong::7|Sarong/7_5.tif|001475
1476,Sarong/7_6.tif,Sarong,Sarong::7,4,0.267953133749879,0.18660225432714569,0.91233566289257861,0.10018673960281289,0.49369533469242538,False,0,0.76717391304347826,0.315,0.7102173913043478,0.315,0.42897931350797019,Sarong|Sarong::7|Sarong/7_6.tif|001476
1477,Sarong/7_7.tif,Sarong,Sarong::7,4,0.27246462822319101,0.2348550196900214,0.93877469513887557,0.23899338135035431,0.51684100337400962,False,0,0.78586956521739126,0.87282608695652175,0.893695652173913,0.86717391304347824,0.7145163737754332,Sarong|Sarong::7|Sarong/7_7.tif|001477
1478,Sarong/7_8.tif,Sarong,Sarong::7,4,0.27974522032382398,0.21104746838433061,0.93698590945843685,0.15132682695894439,0.35008371625027945,False,0,0.81804347826086954,0.62891304347826082,0.88282608695652176,0.56239130434782614,0.51789836315223625,Sarong|Sarong::7|Sarong/7_8.tif|001478
1479,Sarong/7_9.tif,Sarong,Sarong::7,4,0.30141195824902373,0.214350076980835,0.9158877442331268,0.2525495879370605,0.21264973439034773,False,0,0.89456521739130435,0.67326086956521736,0.73847826086956525,0.89456521739130435,0.63107418849130736,Sarong|Sarong::7|Sarong/7_9.tif|001479
1480,Sarong/8_1.tif,Sarong,Sarong::8,4,0.31456684411880298,0.18565950375547141,0.90380314410623941,0.16367204882298661,0.39675254192124304,True,0.060975455501752297,0.92108695652173911,0.30499999999999999,0.64413043478260867,0.61804347826086958,0.50004706772791818,Sarong|Sarong::8|Sarong/8_1.tif|001480
1481,Sarong/8_10.tif,Sarong,Sarong::8,4,0.25219930612896307,0.20577341578521019,0.90375294746374357,0.1152631844745541,0.49565016984926008,False,0,0.68760869565217386,0.55760869565217386,0.643695652173913,0.39630434782608698,0.26441825434813332,Sarong|Sarong::8|Sarong/8_10.tif|001481
1482,Sarong/8_2.tif,Sarong,Sarong::8,4,0.2986941806504701,0.16372375959798499,0.86218687195693522,0.16375549145647331,0.11403417934229398,True,0.029055363164889499,0.88673913043478259,0.11021739130434782,0.39891304347826084,0.61891304347826082,0.57083843751023844,Sarong|Sarong::8|Sarong/8_2.tif|001482
1483,Sarong/8_3.tif,Sarong,Sarong::8,4,0.26988337775789578,0.16502703772114419,0.88495760937098122,0.1244496582339344,0.092631228098427609,True,0.0844781210866693,0.77195652173913043,0.12065217391304348,0.52152173913043476,0.44021739130434784,0.47106503630709196,Sarong|Sarong::8|Sarong/8_3.tif|001483
1484,Sarong/8_4.tif,Sarong,Sarong::8,4,0.26343813048320219,0.1896269974558312,0.89639085726706824,0.070812990037915899,0.34287080484526133,False,0,0.74456521739130432,0.34673913043478261,0.59586956521739132,0.16543478260869565,0.45213482272504169,Sarong|Sarong::8|Sarong/8_4.tif|001484
1485,Sarong/8_5.tif,Sarong,Sarong::8,4,0.2567288866397443,0.2428723554595387,0.91405219034254037,0.23882235161927751,0.48447655847864812,False,0,0.71195652173913049,0.92804347826086953,0.72456521739130431,0.86630434782608701,0.64246026996827799,Sarong|Sarong::8|Sarong/8_5.tif|001485
1486,Sarong/8_6.tif,Sarong,Sarong::8,4,0.26598834096259361,0.19493347272879871,0.92097677552829804,0.1285463635361932,0.16690041721692195,False,0,0.75891304347826083,0.40804347826086956,0.76978260869565218,0.46978260869565219,0.38624825263735035,Sarong|Sarong::8|Sarong/8_6.tif|001486
1487,Sarong/8_7.tif,Sarong,Sarong::8,4,0.28748780688265402,0.18163810960300431,0.92464077976308723,0.1102230361566158,0.51893425974222152,False,0,0.84760869565217389,0.26456521739130434,0.79586956521739127,0.36630434782608695,0.53073031681556082,Sarong|Sarong::8|Sarong/8_7.tif|001487
1488,Sarong/8_8.tif,Sarong,Sarong::8,4,0.29206105842974112,0.2212677311000994,0.92627933429602316,0.2129928423233941,0.45253813768638951,False,0,0.86369565217391309,0.74717391304347824,0.81021739130434778,0.80369565217391303,0.6179282723071069,Sarong|Sarong::8|Sarong/8_8.tif|001488
1489,Sarong/8_9.tif,Sarong,Sarong::8,4,0.27317322679151179,0.17245701118854739,0.91611744565237863,0.089696935739514802,0.29549547456963887,False,0,0.7897826086956522,0.17195652173913042,0.74021739130434783,0.26804347826086955,0.55054037726067739,Sarong|Sarong::8|Sarong/8_9.tif|001489
1490,Sarong/9_1.tif,Sarong,Sarong::9,0,0.30124215425901862,0.182428269449118,0.88995646978269383,0.1163481742201284,0.37026065617800197,True,0.056836968220641597,0.89326086956521744,0.27152173913043476,0.54847826086956519,0.40152173913043476,0.46787235103391589,Sarong|Sarong::9|Sarong/9_1.tif|001490
1491,Sarong/9_10.tif,Sarong,Sarong::9,0,0.28806360968004358,0.17300685014823369,0.88762866147200381,0.13903590480578801,0.059073663648079755,False,0,0.85065217391304349,0.1758695652173913,0.53630434782608694,0.51456521739130434,0.47911129923123263,Sarong|Sarong::9|Sarong/9_10.tif|001491
1492,Sarong/9_2.tif,Sarong,Sarong::9,0,0.31391925948709021,0.15327454837584459,0.7977259645555036,0.132478315817213,0.14910127354320335,True,0.045737418841404899,0.91891304347826086,0.065869565217391304,0.12021739130434783,0.48543478260869566,0.71302478766595967,Sarong|Sarong::9|Sarong/9_2.tif|001492
1493,Sarong/9_3.tif,Sarong,Sarong::9,0,0.33780642602147298,0.18621739643435289,0.8859059696767555,0.23381505703604041,0.05073858255278707,True,0.1014668004008674,0.95543478260869563,0.31108695652173912,0.52630434782608693,0.85543478260869565,0.60838703356391122,Sarong|Sarong::9|Sarong/9_3.tif|001493
1494,Sarong/9_4.tif,Sarong,Sarong::9,0,0.301269751568503,0.16185626158910729,0.88131126954238193,0.1087319743171046,0.53472909718761508,False,0,0.893695652173913,0.10326086956521739,0.50282608695652176,0.35717391304347829,0.57689295544458497,Sarong|Sarong::9|Sarong/9_4.tif|001494
1495,Sarong/9_5.tif,Sarong,Sarong::9,0,0.30983728356032719,0.1555590597859309,0.91094088513013205,0.1212909003319769,0.34405284724829388,False,0,0.9110869565217391,0.077608695652173917,0.70108695652173914,0.42326086956521741,0.62748048418578439,Sarong|Sarong::9|Sarong/9_5.tif|001495
1496,Sarong/9_6.tif,Sarong,Sarong::9,0,0.32788717300791198,0.17678557876809969,0.90570069578561563,0.17042137318778619,0.56563624270305257,False,0,0.94717391304347831,0.21760869565217392,0.65586956521739126,0.64891304347826084,0.5711215047228565,Sarong|Sarong::9|Sarong/9_6.tif|001496
1497,Sarong/9_7.tif,Sarong,Sarong::9,0,0.30877058262814783,0.1886083864084882,0.9045689266366036,0.18575318150889589,0.53359429681069181,False,0,0.90847826086956518,0.33717391304347827,0.64934782608695651,0.70760869565217388,0.50869732441196713,Sarong|Sarong::9|Sarong/9_7.tif|001497
1498,Sarong/9_8.tif,Sarong,Sarong::9,0,0.34146700155869292,0.1497071462770635,0.91895372118386021,0.18388900200179059,0.35772615919969142,False,0,0.95978260869565213,0.050217391304347825,0.75630434782608691,0.70152173913043481,0.721115366914862,Sarong|Sarong::9|Sarong/9_8.tif|001498
1499,Sarong/9_9.tif,Sarong,Sarong::9,0,0.3434832386989321,0.1734605571443093,0.91697260621229959,0.15143764603987811,0.25024114064156322,False,0,0.96239130434782605,0.18152173913043479,0.74282608695652175,0.56369565217391304,0.61502501217061334,Sarong|Sarong::9|Sarong/9_9.tif|001499
1500,Shirt/10_1.tif,Shirt,Shirt::10,4,0.24315987051166821,0.1917327020541483,0.84109582387762105,0.2233354821853398,0.39554660907703548,True,0.1250769134852143,0.63152173913043474,0.37152173913043479,0.29978260869565215,0.83108695652173914,0.42838091453694399,Shirt|Shirt::10|Shirt/10_1.tif|001500
1501,Shirt/10_10.tif,Shirt,Shirt::10,4,0.21563922788771461,0.24007964619726099,0.86087580814642073,0.1628252193186864,0.16479343409615677,False,0,0.37021739130434783,0.91239130434782612,0.39152173913043481,0.61499999999999999,0.46032884604686197,Shirt|Shirt::10|Shirt/10_10.tif|001501
1502,Shirt/10_2.tif,Shirt,Shirt::10,4,0.2011713182212729,0.25330232946296322,0.89173810833988132,0.17487716118957269,0.10504401174890321,True,0.19290143259693521,0.22065217391304348,0.96630434782608698,0.56413043478260871,0.66804347826086952,0.57256115480570158,Shirt|Shirt::10|Shirt/10_2.tif|001502
1503,Shirt/10_3.tif,Shirt,Shirt::10,4,0.2223082565248295,0.1987410533256099,0.88065839086931319,0.059470696327114402,0.032833872393527974,True,0.040554387175261102,0.44804347826086954,0.45456521739130434,0.49717391304347824,0.11239130434782608,0.3937159983218787,Shirt|Shirt::10|Shirt/10_3.tif|001503
1504,Shirt/10_4.tif,Shirt,Shirt::10,4,0.2349811329156298,0.1998477365710008,0.79178693229661101,0.088800411735129897,0.50735568265234443,False,0,0.56934782608695655,0.46891304347826085,0.10326086956521739,0.26456521739130434,0.46755426885969342,Shirt|Shirt::10|Shirt/10_4.tif|001504
1505,Shirt/10_5.tif,Shirt,Shirt::10,4,0.23043555983551151,0.22701661566750189,0.8254482617070541,0.2117933680161459,0.63562910779203252,False,0,0.52456521739130435,0.80804347826086953,0.22413043478260869,0.79978260869565221,0.51133928452069854,Shirt|Shirt::10|Shirt/10_5.tif|001505
1506,Shirt/10_6.tif,Shirt,Shirt::10,4,0.22081705860781611,0.2028278361604747,0.83429156300416041,0.13532087019905981,0.63912998138947874,False,0,0.43108695652173912,0.51804347826086961,0.26891304347826089,0.4984782608695652,0.24182239729530511,Shirt|Shirt::10|Shirt/10_6.tif|001506
1507,Shirt/10_7.tif,Shirt,Shirt::10,4,0.2320127968675639,0.22572434700832539,0.8265497323181078,0.1896799004127519,0.6350459999792617,False,0,0.5354347826086957,0.79586956521739127,0.23021739130434782,0.7232608695652174,0.45980701960072562,Shirt|Shirt::10|Shirt/10_7.tif|001507
1508,Shirt/10_8.tif,Shirt,Shirt::10,4,0.2085786706565243,0.23696109072137589,0.89386907731062937,0.28582914519795127,0.51315881619071368,False,0,0.29065217391304349,0.89195652173913043,0.58152173913043481,0.94413043478260872,0.63352510942520013,Shirt|Shirt::10|Shirt/10_8.tif|001508
1509,Shirt/10_9.tif,Shirt,Shirt::10,4,0.22815315850411211,0.2291595836461951,0.82313146863108788,0.064285035994964199,0.22956300183090783,True,0.027337218200941302,0.505,0.82413043478260872,0.21195652173913043,0.13543478260869565,0.56653541976874844,Shirt|Shirt::10|Shirt/10_9.tif|001509
1510,Shirt/1_1.tif,Shirt,Shirt::1,2,0.24061216254119869,0.1316943135313878,0.69976785601389624,0.18859468854152381,0.57507573128175138,True,0.048863398584124397,0.61934782608695649,0.013695652173913043,0.0019565217391304349,0.71673913043478266,0.73875501975015312,Shirt|Shirt::1|Shirt/1_1.tif|001510
1511,Shirt/1_10.tif,Shirt,Shirt::1,2,0.21022331908603201,0.21603868857669811,0.77999205855295584,0.084260756975915299,0.4846148432525676,False,0,0.31282608695652175,0.69804347826086954,0.082826086956521744,0.23760869565217391,0.56315056896626869,Shirt|Shirt::1|Shirt/1_10.tif|001511
1512,Shirt/1_2.tif,Shirt,Shirt::1,2,0.23401537899456579,0.16387174673503399,0.74605151636221989,0.1091481384539526,0.22460942894822866,True,0.025121589499364098,0.56108695652173912,0.11239130434782608,0.031956521739130432,0.35978260869565215,0.62665599140916073,Shirt|Shirt::1|Shirt/1_2.tif|001512
1513,Shirt/1_3.tif,Shirt,Shirt::1,2,0.2226531088294933,0.14840099842001131,0.78787220669454228,0.072654585087789603,0.039796097323927526,True,0.18847471529101589,0.45152173913043481,0.047173913043478261,0.095000000000000001,0.17630434782608695,0.69007643202879199,Shirt|Shirt::1|Shirt/1_3.tif|001513
1514,Shirt/1_4.tif,Shirt,Shirt::1,2,0.21704180162898151,0.21541850999092341,0.77590519088354282,0.37273431136067109,0.49311483592864269,False,0,0.39021739130434785,0.68847826086956521,0.076739130434782615,0.99239130434782608,0.68496367516452727,Shirt|Shirt::1|Shirt/1_4.tif|001514
1515,Shirt/1_5.tif,Shirt,Shirt::1,2,0.198558002746479,0.2059435935931688,0.79733224689018989,0.23844462050053611,0.46108127231780671,True,0.051377321757634403,0.18934782608695652,0.55978260869565222,0.11891304347826087,0.86543478260869566,0.61550676863103937,Shirt|Shirt::1|Shirt/1_5.tif|001515
1516,Shirt/1_6.tif,Shirt,Shirt::1,2,0.16782706310530959,0.2221829215654971,0.89378817236213226,0.20099274151211149,0.14190245499738685,True,0.11452840964937711,0.0093478260869565219,0.75760869565217392,0.58108695652173914,0.76543478260869569,0.6197842480877469,Shirt|Shirt::1|Shirt/1_6.tif|001516
1517,Shirt/1_7.tif,Shirt,Shirt::1,2,0.2050448989175028,0.20778468293392599,0.73520428431186602,0.084892911398875295,0.49769759590142004,False,0,0.25282608695652176,0.58239130434782604,0.021956521739130434,0.24065217391304347,0.60305068802310613,Shirt|Shirt::1|Shirt/1_7.tif|001517
1518,Shirt/1_8.tif,Shirt,Shirt::1,2,0.20347959799886109,0.2221149177600224,0.81298462664547344,0.25034902971409151,0.50633028033671201,False,0,0.23717391304347826,0.75543478260869568,0.1723913043478261,0.89195652173913043,0.62871444436404111,Shirt|Shirt::1|Shirt/1_8.tif|001518
1519,Shirt/1_9.tif,Shirt,Shirt::1,2,0.2317513958802121,0.1501722426857145,0.76266598463549617,0.11675980640248659,0.45530277966086047,False,0,0.53282608695652178,0.051956521739130436,0.054130434782608698,0.40326086956521739,0.64029574334162087,Shirt|Shirt::1|Shirt/1_9.tif|001519
1520,Shirt/2_1.tif,Shirt,Shirt::2,3,0.1970414715210583,0.15869442239753259,0.75016685688386731,0.1099114647948029,0.50558193099403848,True,0.031892151183118,0.17326086956521738,0.088913043478260873,0.037173913043478259,0.3641304347826087,0.71303539231894575,Shirt|Shirt::2|Shirt/2_1.tif|001520
1521,Shirt/2_10.tif,Shirt,Shirt::2,3,0.208893194313335,0.22282310095130869,0.80948920937317381,0.18919280151070339,0.62480046278081813,False,0,0.29369565217391302,0.76456521739130434,0.16239130434782609,0.71978260869565214,0.52425210028218627,Shirt|Shirt::2|Shirt/2_10.tif|001521
1522,Shirt/2_2.tif,Shirt,Shirt::2,3,0.21163476555634461,0.17733946111241111,0.84461374004725209,0.1003425503822474,0.14268581642393907,True,0.099702833694808493,0.32978260869565218,0.22108695652173913,0.315,0.31630434782608696,0.41801380210749373,Shirt|Shirt::2|Shirt/2_2.tif|001522
1523,Shirt/2_3.tif,Shirt,Shirt::2,3,0.20555951181482879,0.22427186173539271,0.76465171540510557,0.13453810119148901,0.018144855242238189,True,0.083714828565681201,0.25978260869565217,0.78195652173913044,0.057173913043478262,0.49586956521739128,0.57733515311040373,Shirt|Shirt::2|Shirt/2_3.tif|001523
1524,Shirt/2_4.tif,Shirt,Shirt::2,3,0.2374031197539653,0.15033989517220719,0.80151057976452833,0.14305085433302239,0.58781072740417772,False,0,0.58717391304347821,0.052826086956521738,0.13369565217391305,0.53065217391304342,0.58539066496128767,Shirt|Shirt::2|Shirt/2_4.tif|001524
1525,Shirt/2_5.tif,Shirt,Shirt::2,3,0.20079323337054039,0.2106805425797319,0.79258558944889002,0.068384070963689897,0.61261536317698784,False,0,0.21586956521739131,0.6206521739130435,0.10717391304347826,0.15586956521739131,0.6066507576661696,Shirt|Shirt::2|Shirt/2_5.tif|001525
1526,Shirt/2_6.tif,Shirt,Shirt::2,3,0.1980086189339314,0.19196296385841441,0.74440532480725075,0.048954608637910298,0.62751855760600161,False,0,0.18413043478260868,0.375,0.029782608695652173,0.069782608695652171,0.72221186718054442,Shirt|Shirt::2|Shirt/2_6.tif|001526
1527,Shirt/2_7.tif,Shirt,Shirt::2,3,0.22808784156584039,0.2085207675443391,0.73191940845798298,0.084100562702188505,0.043096356484065179,False,0,0.50456521739130433,0.59282608695652173,0.017173913043478262,0.23630434782608695,0.55793722841432769,Shirt|Shirt::2|Shirt/2_7.tif|001527
1528,Shirt/2_8.tif,Shirt,Shirt::2,3,0.17429263819290861,0.2390154678474177,0.80453752115069088,0.4000265646494468,0.56052131500978408,False,0,0.021956521739130434,0.90586956521739126,0.14499999999999999,0.99673913043478257,0.87523164635575679,Shirt|Shirt::2|Shirt/2_8.tif|001528
1529,Shirt/2_9.tif,Shirt,Shirt::2,3,0.21596044609229831,0.20939640521524649,0.82493254277895434,0.16522629258925481,0.4192034946106073,False,0,0.37282608695652175,0.60239130434782606,0.22108695652173913,0.62586956521739134,0.34683254840796107,Shirt|Shirt::2|Shirt/2_9.tif|001529
1530,Shirt/3-10.tif,Shirt,Shirt::3,0,0.22149500863223279,0.19060371078103761,0.75985483261207776,0.065322502916185604,0.62497259912252878,False,0,0.43978260869565217,0.36021739130434782,0.049347826086956523,0.14195652173913043,0.59535521001076042,Shirt|Shirt::3|Shirt/3-10.tif|001530
1531,Shirt/3_1.tif,Shirt,Shirt::3,0,0.20390862363591791,0.21935020071303571,0.82160601909027808,0.088088492346572497,0.45729830836348961,True,0.0183534129842002,0.24108695652173914,0.73021739130434782,0.20369565217391306,0.25891304347826088,0.51570844329690069,Shirt|Shirt::3|Shirt/3_1.tif|001531
1532,Shirt/3_2.tif,Shirt,Shirt::3,0,0.25909648887719749,0.1121395699061711,0.75757700134057715,0.139745561131635,0.1359515190666577,True,0.1812679263836382,0.72413043478260875,0.0041304347826086954,0.046739130434782609,0.51804347826086961,0.70844340669632422,Shirt|Shirt::3|Shirt/3_2.tif|001532
1533,Shirt/3_3.tif,Shirt,Shirt::3,0,0.24447463479810691,0.16487755601992249,0.74699075586499963,0.065846942920537804,0.029248570246898531,True,0.0641311953202649,0.63934782608695651,0.11934782608695652,0.032826086956521741,0.14369565217391303,0.71380539886443506,Shirt|Shirt::3|Shirt/3_3.tif|001533
1534,Shirt/3_4.tif,Shirt,Shirt::3,0,0.2331397087087595,0.19740072538219031,0.77038238254712554,0.1085766726845178,0.50683846836625812,False,0,0.54760869565217396,0.43673913043478263,0.065434782608695646,0.35499999999999998,0.46490908109672413,Shirt|Shirt::3|Shirt/3_4.tif|001534
1535,Shirt/3_5.tif,Shirt,Shirt::3,0,0.2293173736041009,0.2015347697580617,0.74296278485702494,0.024693673172598799,0.61783698453790614,False,0,0.51543478260869569,0.49413043478260871,0.02717391304347826,0.0084782608695652181,0.68222489902849659,Shirt|Shirt::3|Shirt/3_5.tif|001535
1536,Shirt/3_6.tif,Shirt,Shirt::3,0,0.24761475194534999,0.17919484554450041,0.79468737973419312,0.13640636991971719,0.59237923031483652,False,0,0.66239130434782612,0.23804347826086958,0.11152173913043478,0.50543478260869568,0.49592040796855452,Shirt|Shirt::3|Shirt/3_6.tif|001536
1537,Shirt/3_7.tif,Shirt,Shirt::3,0,0.2294542114072739,0.20254004795838029,0.74356553709143169,0.026029029142738899,0.59034826598928691,False,0,0.51630434782608692,0.51282608695652177,0.028043478260869566,0.01108695652173913,0.6798597375635097,Shirt|Shirt::3|Shirt/3_7.tif|001537
1538,Shirt/3_8.tif,Shirt,Shirt::3,0,0.20776417467396069,0.2204569127539974,0.82803983405960635,0.25498791126570158,0.5726591098785474,False,0,0.28021739130434781,0.73978260869565216,0.23804347826086958,0.89934782608695651,0.57784080852774666,Shirt|Shirt::3|Shirt/3_8.tif|001538
1539,Shirt/3_9.tif,Shirt,Shirt::3,0,0.24742159259526861,0.19285899563033879,0.85637677491627828,0.058744491110579701,0.465892073575495,False,0,0.66021739130434787,0.38413043478260872,0.37282608695652175,0.10934782608695652,0.45593606323893127,Shirt|Shirt::3|Shirt/3_9.tif|001539
1540,Shirt/4_1.tif,Shirt,Shirt::4,2,0.21977148528542059,0.2382729939189584,0.87074857571651132,0.21263122487751129,0.40290997611412238,True,0.14792811050487531,0.41804347826086957,0.90065217391304353,0.44239130434782609,0.80239130434782613,0.51185769377508494,Shirt|Shirt::4|Shirt/4_1.tif|001540
1541,Shirt/4_10.tif,Shirt,Shirt::4,2,0.20288388917044509,0.2150693280100909,0.74535185881124288,0.11801730875892461,0.11158223456152006,False,0,0.23021739130434782,0.68543478260869561,0.03108695652173913,0.41195652173913044,0.57861888230862557,Shirt|Shirt::4|Shirt/4_10.tif|001541
1542,Shirt/4_2.tif,Shirt,Shirt::4,2,0.21579368282955641,0.17139551462032421,0.83240148920940626,0.056564147175484102,0.59470875844760274,False,0,0.37152173913043479,0.16021739130434784,0.25891304347826088,0.098043478260869565,0.5930015604209028,Shirt|Shirt::4|Shirt/4_2.tif|001542
1543,Shirt/4_3.tif,Shirt,Shirt::4,2,0.2091443420092943,0.20533896338923641,0.7874398238162883,0.040767230690960103,0.033790078545370417,True,0.094526088356744004,0.29630434782608694,0.55239130434782613,0.094130434782608699,0.044565217391304347,0.64528111135024435,Shirt|Shirt::4|Shirt/4_3.tif|001543
1544,Shirt/4_4.tif,Shirt,Shirt::4,2,0.23957433920917229,0.16302110715538209,0.83672096268073792,0.1807795181232727,0.39995196483979589,False,0,0.60934782608695648,0.10847826086956522,0.28456521739130436,0.69326086956521737,0.49900714277896202,Shirt|Shirt::4|Shirt/4_4.tif|001544
1545,Shirt/4_5.tif,Shirt,Shirt::4,2,0.2302811050379264,0.15508316715862169,0.82613390070088411,0.053055545009393003,0.57745156534257314,False,0,0.52413043478260868,0.074130434782608695,0.22804347826086957,0.082826086956521744,0.65569931211013277,Shirt|Shirt::4|Shirt/4_5.tif|001545
1546,Shirt/4_6.tif,Shirt,Shirt::4,2,0.20556943902322189,0.19677913064102651,0.80665466122491991,0.10940656689999501,0.60351224732049213,False,0,0.26021739130434784,0.43108695652173912,0.15282608695652175,0.36108695652173911,0.44952337707914886,Shirt|Shirt::4|Shirt/4_6.tif|001546
1547,Shirt/4_7.tif,Shirt,Shirt::4,2,0.23326513384536079,0.1534970273773181,0.82729170246337036,0.057065312994974499,0.57608132087932806,False,0,0.54934782608695654,0.067608695652173909,0.23456521739130434,0.10021739130434783,0.64782652465698665,Shirt|Shirt::4|Shirt/4_7.tif|001547
1548,Shirt/4_8.tif,Shirt,Shirt::4,2,0.23256262847254039,0.19282484872212069,0.82643494176350507,0.1122182558502987,0.47816492318238174,False,0,0.54282608695652179,0.38239130434782609,0.22978260869565217,0.37978260869565217,0.32114722286260389,Shirt|Shirt::4|Shirt/4_8.tif|001548
1549,Shirt/4_9.tif,Shirt,Shirt::4,2,0.20085184793557381,0.16747081944652659,0.79329891571918887,0.1009166823308936,0.3780303328247529,False,0,0.21717391304347827,0.1358695652173913,0.10934782608695652,0.31760869565217392,0.63123472487086585,Shirt|Shirt::4|Shirt/4_9.tif|001549
1550,Shirt/5_1.tif,Shirt,Shirt::5,3,0.23337425686834859,0.18171436767974461,0.9244038148909548,0.20667034982368879,0.47714246479549183,True,0.084843657830688493,0.55065217391304344,0.26500000000000001,0.7910869565217391,0.7854347826086957,0.47328138998071689,Shirt|Shirt::5|Shirt/5_1.tif|001550
1551,Shirt/5_10.tif,Shirt,Shirt::5,3,0.2176782558979504,0.24108908015831271,0.92868321374906904,0.2284767310276862,0.52550072573632867,False,0,0.39543478260869563,0.91934782608695653,0.82673913043478264,0.8432608695652174,0.64138363548183408,Shirt|Shirt::5|Shirt/5_10.tif|001551
1552,Shirt/5_2.tif,Shirt,Shirt::5,3,0.20684466204248031,0.2112100576229152,0.80939385329855607,0.057160300648532503,0.15349075636417708,True,0.036879076026871002,0.2723913043478261,0.63413043478260867,0.16152173913043477,0.10108695652173913,0.58608518255440467,Shirt|Shirt::5|Shirt/5_2.tif|001552
1553,Shirt/5_3.tif,Shirt,Shirt::5,3,0.25858290643864729,0.1396126078558915,0.90721845085528563,0.090297033997104897,0.09941112601108304,True,0.086069702733029593,0.72108695652173915,0.027608695652173915,0.66760869565217396,0.27152173913043476,0.59357221743920097,Shirt|Shirt::5|Shirt/5_3.tif|001553
1554,Shirt/5_4.tif,Shirt,Shirt::5,3,0.25312772936398609,0.16598939792871409,0.9308311056973636,0.083165307723565798,0.37225038157054702,False,0,0.6928260869565217,0.12586956521739132,0.84195652173913038,0.23195652173913042,0.60492731054209925,Shirt|Shirt::5|Shirt/5_4.tif|001554
1555,Shirt/5_5.tif,Shirt,Shirt::5,3,0.1929588644854944,0.2692315468293292,0.92203859615917039,0.3407066491867764,0.55852888461962436,False,0,0.13891304347826086,0.98847826086956525,0.77717391304347827,0.98369565217391308,0.82448872855610833,Shirt|Shirt::5|Shirt/5_5.tif|001555
1556,Shirt/5_6.tif,Shirt,Shirt::5,3,0.1873503022217535,0.2601380511687762,0.89672509476157869,0.15908033555860529,0.5375437520026104,False,0,0.089347826086956517,0.97891304347826091,0.59891304347826091,0.59804347826086957,0.64605667317406534,Shirt|Shirt::5|Shirt/5_6.tif|001556
1557,Shirt/5_7.tif,Shirt,Shirt::5,3,0.19552225079266439,0.27042071801034101,0.9256370621861848,0.32724743324493222,0.55789683830187031,False,0,0.16065217391304348,0.98978260869565216,0.80543478260869561,0.9776086956521739,0.82246241460656033,Shirt|Shirt::5|Shirt/5_7.tif|001557
1558,Shirt/5_8.tif,Shirt,Shirt::5,3,0.1839733692166361,0.28351697923601588,0.89961120869523581,0.39585598506178099,0.42690087614948852,False,0,0.069347826086956527,0.99891304347826082,0.61630434782608701,0.99630434782608701,0.83319879191169033,Shirt|Shirt::5|Shirt/5_8.tif|001558
1559,Shirt/5_9.tif,Shirt,Shirt::5,3,0.27529730660270529,0.1152906254221531,0.82474838725835853,0.12725174740639311,0.34414055109553909,False,0,0.79673913043478262,0.0045652173913043482,0.22065217391304348,0.46108695652173914,0.64269679339636199,Shirt|Shirt::5|Shirt/5_9.tif|001559
1560,Shirt/6_1.tif,Shirt,Shirt::6,1,0.19730538515775409,0.2316383835360008,0.92799122920038624,0.084244517063825394,0.43033472411684348,True,0.035865420227018698,0.17717391304347826,0.84760869565217389,0.82239130434782604,0.23717391304347826,0.63092170101894196,Shirt|Shirt::6|Shirt/6_1.tif|001560
1561,Shirt/6_10.tif,Shirt,Shirt::6,1,0.21116699739662759,0.21622850719679729,0.89116557632127213,0.087194111965184701,0.47705157946044463,False,0,0.32369565217391305,0.69934782608695656,0.55760869565217386,0.25326086956521737,0.36745304343607604,Shirt|Shirt::6|Shirt/6_10.tif|001561
1562,Shirt/6_2.tif,Shirt,Shirt::6,1,0.21376682464913321,0.17448643997450849,0.86005756528368882,0.1475748194200048,0.25491894865079601,True,0.085155029751710298,0.34934782608695653,0.19282608695652173,0.38891304347826089,0.54586956521739127,0.36262407432720667,Shirt|Shirt::6|Shirt/6_2.tif|001562
1563,Shirt/6_3.tif,Shirt,Shirt::6,1,0.1792358946341584,0.27670729245107589,0.90832787594038056,0.18301870579944049,0.024348240061826121,True,0.18344891128580751,0.043260869565217394,0.995,0.6784782608695652,0.69978260869565212,0.72484702773108334,Shirt|Shirt::6|Shirt/6_3.tif|001563
1564,Shirt/6_4.tif,Shirt,Shirt::6,1,0.2156497203229176,0.20261769100876681,0.89627615298872454,0.30319355638180301,0.48608194060735149,False,0,0.3706521739130435,0.51456521739130434,0.59499999999999997,0.9589130434782609,0.4863837858579968,Shirt|Shirt::6|Shirt/6_4.tif|001564
1565,Shirt/6_5.tif,Shirt,Shirt::6,1,0.191104507532007,0.2329461029834948,0.87781202949630233,0.228068859595801,0.51319984304053246,False,0,0.11978260869565217,0.85847826086956525,0.48239130434782607,0.84239130434782605,0.62499103963331204,Shirt|Shirt::6|Shirt/6_5.tif|001565
1566,Shirt/6_6.tif,Shirt,Shirt::6,1,0.2236288422813793,0.20176421013426671,0.84414322342876436,0.046806823517613103,0.54573188054256361,False,0,0.4623913043478261,0.49673913043478263,0.31195652173913041,0.061956521739130438,0.47819189225906605,Shirt|Shirt::6|Shirt/6_6.tif|001566
1567,Shirt/6_7.tif,Shirt,Shirt::6,1,0.19185295947385611,0.23104697204426849,0.87579389699770838,0.2274652828463562,0.51209518345603278,False,0,0.12978260869565217,0.84195652173913038,0.47108695652173915,0.84065217391304348,0.60899511267249029,Shirt|Shirt::6|Shirt/6_7.tif|001567
1568,Shirt/6_8.tif,Shirt,Shirt::6,1,0.2161275318742337,0.18022526074625961,0.84580571498830304,0.19334880542807481,0.38876131773208272,False,0,0.37543478260869567,0.2484782608695652,0.32108695652173913,0.74152173913043473,0.41124482518104127,Shirt|Shirt::6|Shirt/6_8.tif|001568
1569,Shirt/6_9.tif,Shirt,Shirt::6,1,0.23331694307602721,0.1836210372843366,0.87420281637814279,0.069848515804883299,0.42972386135484736,False,0,0.54978260869565221,0.2832608695652174,0.4623913043478261,0.16152173913043477,0.40673837519972644,Shirt|Shirt::6|Shirt/6_9.tif|001569
1570,Shirt/7_1.tif,Shirt,Shirt::7,0,0.18150856576351471,0.2494291176422658,0.90723451834738078,0.37406959428596881,0.51222777318018942,True,0.035856997083979603,0.053260869565217389,0.95847826086956522,0.66847826086956519,0.99282608695652175,0.82525186623364699,Shirt|Shirt::7|Shirt/7_1.tif|001570
1571,Shirt/7_10.tif,Shirt,Shirt::7,0,0.22267922430399281,0.19042924839336889,0.89118717749753906,0.065567545874428604,0.075926379867601534,True,0.12773853948635669,0.4523913043478261,0.35630434782608694,0.55804347826086953,0.14282608695652174,0.39224645044002338,Shirt|Shirt::7|Shirt/7_10.tif|001571
1572,Shirt/7_2.tif,Shirt,Shirt::7,0,0.1924496610261672,0.21466331979251169,0.91815735719100755,0.2182313649524662,0.19787488678757359,True,0.045645504075821797,0.13500000000000001,0.67717391304347829,0.75108695652173918,0.81934782608695655,0.57414570382869956,Shirt|Shirt::7|Shirt/7_2.tif|001572
1573,Shirt/7_3.tif,Shirt,Shirt::7,0,0.2121170648543437,0.21433086434301449,0.92551034686582123,0.079263770662382202,0.025533956629062882,True,0.1056061516849945,0.33456521739130435,0.67282608695652169,0.80369565217391303,0.21326086956521739,0.48133969470772225,Shirt|Shirt::7|Shirt/7_3.tif|001573
1574,Shirt/7_4.tif,Shirt,Shirt::7,0,0.18252297262285919,0.25503715988974218,0.93008397000955401,0.22907515750449209,0.44021483262128325,False,0,0.061086956521739129,0.97065217391304348,0.83673913043478265,0.84499999999999997,0.80409972671951391,Shirt|Shirt::7|Shirt/7_4.tif|001574
1575,Shirt/7_5.tif,Shirt,Shirt::7,0,0.17798376362177329,0.24012308418857739,0.93040613792866544,0.15966494131317421,0.46208561890596372,False,0,0.03760869565217391,0.91326086956521735,0.83760869565217388,0.60108695652173916,0.71329409699581403,Shirt|Shirt::7|Shirt/7_5.tif|001575
1576,Shirt/7_6.tif,Shirt,Shirt::7,0,0.20142035364941679,0.1931225511665175,0.90828163736942558,0.034772794887549599,0.55421039191110655,False,0,0.22195652173913044,0.38978260869565218,0.67760869565217396,0.029782608695652173,0.58489767738098519,Shirt|Shirt::7|Shirt/7_6.tif|001576
1577,Shirt/7_7.tif,Shirt,Shirt::7,0,0.17715202678428579,0.2382129125307085,0.93002289861653176,0.1416358969875213,0.39103253835690366,False,0,0.035000000000000003,0.89934782608695651,0.83586956521739131,0.52456521739130435,0.69936792959441574,Shirt|Shirt::7|Shirt/7_7.tif|001577
1578,Shirt/7_8.tif,Shirt,Shirt::7,0,0.19082614333094289,0.2432406968008424,0.93350162804290737,0.36797316281334719,0.49165067002939833,False,0,0.11804347826086957,0.92891304347826087,0.85978260869565215,0.99108695652173917,0.83693913025408995,Shirt|Shirt::7|Shirt/7_8.tif|001578
1579,Shirt/7_9.tif,Shirt,Shirt::7,0,0.1902778197230762,0.2529714674146249,0.90958232731085964,0.42362399543389651,0.43831370165516625,False,0,0.11195652173913044,0.96499999999999997,0.68891304347826088,0.99804347826086959,0.80655947409673301,Shirt|Shirt::7|Shirt/7_9.tif|001579
1580,Shirt/8_1.tif,Shirt,Shirt::8,1,0.2302371720493917,0.1709611376231496,0.86873604911944458,0.24401265641577821,0.44463642882647708,True,0.028292923569362499,0.52326086956521745,0.15586956521739131,0.43152173913043479,0.87978260869565217,0.51758180636107409,Shirt|Shirt::8|Shirt/8_1.tif|001580
1581,Shirt/8_10.tif,Shirt,Shirt::8,1,0.22686619186837259,0.19725532041092331,0.75376589267536964,0.1152230494347101,0.58343061140088603,False,0,0.49239130434782608,0.435,0.042391304347826085,0.39586956521739131,0.47384782159890371,Shirt|Shirt::8|Shirt/8_10.tif|001581
1582,Shirt/8_2.tif,Shirt,Shirt::8,1,0.22909371280726651,0.23178774344435091,0.86354726951837746,0.20368393605949711,0.30319149665821588,False,0,0.513695652173913,0.84978260869565214,0.40630434782608693,0.77543478260869569,0.45516880268906706,Shirt|Shirt::8|Shirt/8_2.tif|001582
1583,Shirt/8_3.tif,Shirt,Shirt::8,1,0.23326449137557101,0.17022351981435041,0.82512871008873145,0.072027031465253397,0.028123621631116924,True,0.049029507956178699,0.54891304347826086,0.14891304347826087,0.22282608695652173,0.17369565217391306,0.5558367047470375,Shirt|Shirt::8|Shirt/8_3.tif|001583
1584,Shirt/8_4.tif,Shirt,Shirt::8,1,0.22586983297062699,0.17463297261376229,0.86126996033904735,0.32417844546970398,0.49157521595413367,False,0,0.48108695652173911,0.19413043478260869,0.39369565217391306,0.97456521739130431,0.57482749939809963,Shirt|Shirt::8|Shirt/8_4.tif|001584
1585,Shirt/8_5.tif,Shirt,Shirt::8,1,0.1931268676769618,0.2251625314781652,0.86775133099476565,0.31937809214640139,0.47028166605494304,False,0,0.13978260869565218,0.7910869565217391,0.42543478260869566,0.97152173913043482,0.66511721325823525,Shirt|Shirt::8|Shirt/8_5.tif|001585
1586,Shirt/8_6.tif,Shirt,Shirt::8,1,0.2653114972509813,0.15527617229244331,0.76482807744637626,0.075571304144715995,0.59012592518341045,False,0,0.75456521739130433,0.075869565217391299,0.058043478260869565,0.19543478260869565,0.72991479938875725,Shirt|Shirt::8|Shirt/8_6.tif|001586
1587,Shirt/8_7.tif,Shirt,Shirt::8,1,0.19478819996224361,0.22000627747953219,0.8690205559910914,0.31170249627033603,0.47514388261972129,False,0,0.15326086956521739,0.73586956521739133,0.43282608695652175,0.96760869565217389,0.63169035390261474,Shirt|Shirt::8|Shirt/8_7.tif|001587
1588,Shirt/8_8.tif,Shirt,Shirt::8,1,0.25642735243518811,0.17409841577512319,0.86210393955816722,0.1206347734993372,0.48895798124772477,False,0,0.7102173913043478,0.18717391304347827,0.39760869565217394,0.42065217391304349,0.39853678499996659,Shirt|Shirt::8|Shirt/8_8.tif|001588
1589,Shirt/8_9.tif,Shirt,Shirt::8,1,0.2409217893631305,0.21410808699797981,0.8534778125757515,0.075889285880719998,0.42614859309612074,False,0,0.6206521739130435,0.6697826086956522,0.3576086956521739,0.19760869565217393,0.39382593335698335,Shirt|Shirt::8|Shirt/8_9.tif|001589
1590,Shirt/9_1.tif,Shirt,Shirt::9,4,0.20943285038388029,0.15328087866763171,0.78684893265863942,0.23005731519694711,0.47176574420392853,True,0.1334062115352232,0.3006521739130435,0.066304347826086962,0.092391304347826081,0.84717391304347822,0.7172907702942638,Shirt|Shirt::9|Shirt/9_1.tif|001590
1591,Shirt/9_10.tif,Shirt,Shirt::9,4,0.22591247653399249,0.23833206999249859,0.8094877516375969,0.30718166144261971,0.7107485494499679,False,0,0.48152173913043478,0.90195652173913043,0.16195652173913044,0.96369565217391306,0.70085486552715126,Shirt|Shirt::9|Shirt/9_10.tif|001591
1592,Shirt/9_2.tif,Shirt,Shirt::9,4,0.19714658438988361,0.18793785681012301,0.8212394729984609,0.057316376332395197,0.50819149206345715,False,0,0.17456521739130434,0.33065217391304347,0.2023913043478261,0.10239130434782609,0.61745452829982428,Shirt|Shirt::9|Shirt/9_2.tif|001592
1593,Shirt/9_3.tif,Shirt,Shirt::9,4,0.22618615773206199,0.20013670205931469,0.90773989185610882,0.068953992841343903,0.02896615272221148,True,0.12048595629306939,0.48282608695652174,0.47282608695652173,0.6741304347826087,0.15891304347826088,0.38431118259317226,Shirt|Shirt::9|Shirt/9_3.tif|001593
1594,Shirt/9_4.tif,Shirt,Shirt::9,4,0.2286660005983594,0.2104536091747439,0.89376610227436604,0.158305425125914,0.40402045404781872,False,0,0.50847826086956527,0.61804347826086958,0.57978260869565212,0.59282608695652173,0.17025889326916249,Shirt|Shirt::9|Shirt/9_4.tif|001594
1595,Shirt/9_5.tif,Shirt,Shirt::9,4,0.1966964277106121,0.19396045352761679,0.80350432242145831,0.10643414533053,0.55179523308137168,False,0,0.16891304347826086,0.39543478260869563,0.14152173913043478,0.34195652173913044,0.5234853025671119,Shirt|Shirt::9|Shirt/9_5.tif|001595
1596,Shirt/9_6.tif,Shirt,Shirt::9,4,0.22582142692064769,0.16944391346717769,0.88086017985139331,0.091674764822555099,0.63841918219448401,False,0,0.48021739130434782,0.14717391304347827,0.49891304347826088,0.27717391304347827,0.41776817225189844,Shirt|Shirt::9|Shirt/9_6.tif|001596
1597,Shirt/9_7.tif,Shirt,Shirt::9,4,0.19804348990527429,0.19539077457395579,0.80431814674465529,0.103533167614521,0.44949085617186302,False,0,0.18456521739130435,0.41239130434782606,0.1441304347826087,0.33021739130434785,0.51248772404496323,Shirt|Shirt::9|Shirt/9_7.tif|001597
1598,Shirt/9_8.tif,Shirt,Shirt::9,4,0.1923702272018343,0.22234127582288421,0.82888807516785323,0.32042020322454601,0.50634275817197172,False,0,0.13413043478260869,0.75978260869565217,0.24108695652173914,0.97239130434782606,0.70109703396869216,Shirt|Shirt::9|Shirt/9_8.tif|001598
1599,Shirt/9_9.tif,Shirt,Shirt::9,4,0.208395847907346,0.19068326722992079,0.83616780741435082,0.2441667731766963,0.47421265012140595,False,0,0.28804347826086957,0.36152173913043478,0.28021739130434781,0.88065217391304351,0.50724971013397524,Shirt|Shirt::9|Shirt/9_9.tif|001599
1600,Skinny/1-1.tif,Skinny,Skinny::1,1,0.21441035620491539,0.2023453694514154,0.94334089492956041,0.060668701887097998,0.53749127434598765,False,0,0.35630434782608694,0.50891304347826083,0.91630434782608694,0.11760869565217391,0.58331835429503409,Skinny|Skinny::1|Skinny/1-1.tif|001600
1601,Skinny/1-10.tif,Skinny,Skinny::1,1,0.21630709824958341,0.2293500480849926,0.90005892740565119,0.091268465766888102,0.43373765968158751,False,0,0.37760869565217392,0.82717391304347831,0.6206521739130435,0.27630434782608698,0.43199432013349348,Skinny|Skinny::1|Skinny/1-10.tif|001601
1602,Skinny/1-2.tif,Skinny,Skinny::1,1,0.22363045693099601,0.2298401988744504,0.89131013129503756,0.25079989742887859,0.11617941328534132,True,0.19359448243001739,0.46282608695652172,0.83152173913043481,0.55978260869565222,0.89326086956521744,0.51914991588237847,Skinny|Skinny::1|Skinny/1-2.tif|001602
1603,Skinny/1-3.tif,Skinny,Skinny::1,1,0.2149845872600416,0.2374245681733288,0.92834599895383485,0.1662644667781365,0.024617360956564194,True,0.067248668956941302,0.36499999999999999,0.89456521739130435,0.82499999999999996,0.63152173913043474,0.54482077662194695,Skinny|Skinny::1|Skinny/1-3.tif|001603
1604,Skinny/1-4.tif,Skinny,Skinny::1,1,0.20519566724042471,0.25839988052290769,0.93605465068177718,0.18996825525242389,0.4851067148902059,False,0,0.25543478260869568,0.97673913043478255,0.87673913043478258,0.72456521739130431,0.69242635226291638,Skinny|Skinny::1|Skinny/1-4.tif|001604
1605,Skinny/1-5.tif,Skinny,Skinny::1,1,0.2580883297033017,0.2104811619817066,0.96850066349319164,0.19066621093282379,0.29967224954358951,False,0,0.72021739130434781,0.61847826086956526,0.99456521739130432,0.72630434782608699,0.59861607882671142,Skinny|Skinny::1|Skinny/1-5.tif|001605
1606,Skinny/1-6.tif,Skinny,Skinny::1,1,0.30350614060519171,0.2409116796807898,0.95148465268432802,0.2433361378483212,0.13164633739826481,True,0.035913891286785599,0.89891304347826084,0.91891304347826086,0.95065217391304346,0.87804347826086959,0.82499939852186355,Skinny|Skinny::1|Skinny/1-6.tif|001606
1607,Skinny/1-7.tif,Skinny,Skinny::1,1,0.32322774866539278,0.2479050763555764,0.96559678545246963,0.32310123938399071,0.33847783911992513,False,0,0.93760869565217386,0.94934782608695656,0.9919565217391304,0.97369565217391307,0.92726675206738807,Skinny|Skinny::1|Skinny/1-7.tif|001607
1608,Skinny/1-8.tif,Skinny,Skinny::1,1,0.19029933115808001,0.2392014482128072,0.93969177153338401,0.1264256200705641,0.25237491652993904,False,0,0.11282608695652174,0.90760869565217395,0.89934782608695651,0.45543478260869563,0.6910233226991529,Skinny|Skinny::1|Skinny/1-8.tif|001608
1609,Skinny/1-9.tif,Skinny,Skinny::1,1,0.2275678172196296,0.1692520295570118,0.93973371618491897,0.15929568130556521,0.046794751026125403,True,0.048359774005804698,0.50065217391304351,0.14586956521739131,0.90021739130434786,0.59978260869565214,0.5436352816647384,Skinny|Skinny::1|Skinny/1-9.tif|001609
1610,Skinny/10-1.tif,Skinny,Skinny::10,4,0.27283911030711983,0.20682178939963919,0.91032449708610041,0.16187349344630969,0.347804249216768,True,0.043640768563522003,0.78804347826086951,0.56891304347826088,0.69456521739130439,0.61108695652173917,0.3713677270009404,Skinny|Skinny::10|Skinny/10-1.tif|001610
1611,Skinny/10-10.tif,Skinny,Skinny::10,4,0.2241930964463752,0.27016279423882178,0.91341376925029161,0.17915976103143949,0.4180267421326116,False,0,0.46500000000000002,0.98934782608695648,0.71934782608695658,0.6871739130434783,0.5690640011713195,Skinny|Skinny::10|Skinny/10-10.tif|001611
1612,Skinny/10-2.tif,Skinny,Skinny::10,4,0.29400982583950702,0.20933967911930779,0.90713929888414235,0.1894118461758994,0.055470066766960646,True,0.12577384913121289,0.87108695652173918,0.60195652173913039,0.66717391304347828,0.72152173913043482,0.4744677646957165,Skinny|Skinny::10|Skinny/10-2.tif|001612
1613,Skinny/10-3.tif,Skinny,Skinny::10,4,0.35486709544645662,0.20315595974174319,0.89620277295270512,0.32954608529222368,0.048358275583884947,True,0.063086165950518594,0.97456521739130431,0.52369565217391301,0.59413043478260874,0.97891304347826091,0.68116948805387389,Skinny|Skinny::10|Skinny/10-3.tif|001613
1614,Skinny/10-4.tif,Skinny,Skinny::10,4,0.26531759884036271,0.24967829561169019,0.91174719527121562,0.1488306307839373,0.3742546725393453,False,0,0.755,0.95934782608695657,0.7058695652173913,0.55021739130434788,0.56650638972832834,Skinny|Skinny::10|Skinny/10-4.tif|001614
1615,Skinny/10-5.tif,Skinny,Skinny::10,4,0.22873060331920669,0.2181697585133216,0.96155705765885757,0.11274965457929451,0.33199473332224283,False,0,0.50978260869565217,0.7189130434782609,0.98326086956521741,0.38282608695652176,0.5434053864185171,Skinny|Skinny::10|Skinny/10-5.tif|001615
1616,Skinny/10-6.tif,Skinny,Skinny::10,4,0.3293517301807245,0.19411476194498131,0.96292179597739325,0.18247909278902219,0.17875785371150521,False,0,0.94978260869565212,0.39847826086956523,0.98804347826086958,0.69891304347826089,0.70025987614591101,Skinny|Skinny::10|Skinny/10-6.tif|001616
1617,Skinny/10-7.tif,Skinny,Skinny::10,4,0.29136731826930479,0.2588569502865416,0.96729109846423522,0.268444479336792,0.46405398187199293,False,0,0.86239130434782607,0.9776086956521739,0.99326086956521742,0.91804347826086952,0.88176196265781959,Skinny|Skinny::10|Skinny/10-7.tif|001617
1618,Skinny/10-8.tif,Skinny,Skinny::10,4,0.3344829013535941,0.21739486222103729,0.95945967877621396,0.27146483908099978,0.30082324439743369,False,0,0.95282608695652171,0.71239130434782605,0.97717391304347823,0.92282608695652169,0.81033226166253258,Skinny|Skinny::10|Skinny/10-8.tif|001618
1619,Skinny/10-9.tif,Skinny,Skinny::10,4,0.31464097802809859,0.2222379403954366,0.9488977723016514,0.23089151077307801,0.0149336924495449,False,0,0.92152173913043478,0.75891304347826083,0.93978260869565222,0.84891304347826091,0.74824166915719015,Skinny|Skinny::10|Skinny/10-9.tif|001619
1620,Skinny/2-1.tif,Skinny,Skinny::2,3,0.21644782800961701,0.22647278871526419,0.94158394405638124,0.092724994613699194,0.23163517011772605,False,0,0.3815217391304348,0.80413043478260871,0.90891304347826085,0.28413043478260869,0.56598760231433953,Skinny|Skinny::2|Skinny/2-1.tif|001620
1621,Skinny/2-10.tif,Skinny,Skinny::2,3,0.27157967958960322,0.2162302131384703,0.92241146933986995,0.19249343520868639,0.4668833339668228,True,0.075269834718559497,0.7810869565217391,0.69978260869565212,0.77847826086956518,0.73369565217391308,0.50108558898238353,Skinny|Skinny::2|Skinny/2-10.tif|001621
1622,Skinny/2-2.tif,Skinny,Skinny::2,3,0.20463882562127159,0.2183352803302841,0.94853927936707561,0.24081694162639369,0.39676782763654728,True,0.071858885553986299,0.24934782608695652,0.72152173913043482,0.93847826086956521,0.87195652173913041,0.66521668087486929,Skinny|Skinny::2|Skinny/2-2.tif|001622
1623,Skinny/2-3.tif,Skinny,Skinny::2,3,0.27792679735700238,0.21909857086734469,0.91546268326061142,0.14153304646285789,0.50043361985263946,True,0.084550632683855306,0.81021739130434778,0.72804347826086957,0.73543478260869566,0.52413043478260868,0.45194078438418461,Skinny|Skinny::2|Skinny/2-3.tif|001623
1624,Skinny/2-4.tif,Skinny,Skinny::2,3,0.2333292161186041,0.2246894825270368,0.95485625421085918,0.1163564533009621,0.49398803203450115,False,0,0.55021739130434788,0.78673913043478261,0.96369565217391306,0.40195652173913043,0.55620796181499366,Skinny|Skinny::2|Skinny/2-4.tif|001624
1625,Skinny/2-5.tif,Skinny,Skinny::2,3,0.2912233499102288,0.30124937940380159,0.95909781666482996,0.3226337153022355,0.27909713316384632,False,0,0.86065217391304349,0.99978260869565216,0.97586956521739132,0.97282608695652173,0.91097145844951743,Skinny|Skinny::2|Skinny/2-5.tif|001625
1626,Skinny/2-6.tif,Skinny,Skinny::2,3,0.3212234994054064,0.22592258453858921,0.95901705202788246,0.25709300673138757,0.19114342936211759,False,0,0.93456521739130438,0.79891304347826086,0.97543478260869565,0.90369565217391301,0.81682577568664361,Skinny|Skinny::2|Skinny/2-6.tif|001626
1627,Skinny/2-7.tif,Skinny,Skinny::2,3,0.25219384290526031,0.20933581320820671,0.91509435917520165,0.087220108629289195,0.49607271507097717,True,0.1298631605697603,0.6871739130434783,0.60152173913043483,0.73282608695652174,0.25369565217391304,0.40026810485672659,Skinny|Skinny::2|Skinny/2-7.tif|001627
1628,Skinny/2-8.tif,Skinny,Skinny::2,3,0.27420699958969558,0.1933186890642499,0.96159881311560358,0.14831034464224691,0.24643057217341569,False,0,0.79239130434782612,0.39152173913043481,0.98369565217391308,0.54760869565217396,0.57748444115244957,Skinny|Skinny::2|Skinny/2-8.tif|001628
1629,Skinny/2-9.tif,Skinny,Skinny::2,3,0.23381037399671789,0.26561382782261173,0.94889634697811276,0.20723957939012599,0.40947778204668572,False,0,0.5584782608695652,0.98717391304347823,0.93934782608695655,0.78760869565217395,0.71868171164048888,Skinny|Skinny::2|Skinny/2-9.tif|001629
1630,Skinny/3-1.tif,Skinny,Skinny::3,3,0.28240541615529458,0.22662211708308219,0.95514418021836478,0.2179451932028407,0.091886140984740905,True,0.11489635449653191,0.82804347826086955,0.80630434782608695,0.96413043478260874,0.81847826086956521,0.71991689816578852,Skinny|Skinny::3|Skinny/3-1.tif|001630
1631,Skinny/3-10.tif,Skinny,Skinny::3,3,0.25977212508653702,0.2029764244822144,0.88857038667941934,0.066034091587795704,0.034740744813718916,False,0,0.72673913043478255,0.52021739130434785,0.54065217391304343,0.14630434782608695,0.42257850133680541,Skinny|Skinny::3|Skinny/3-10.tif|001631
1632,Skinny/3-2.tif,Skinny,Skinny::3,3,0.3039465922697453,0.2286728970142384,0.94690771607334201,0.26593093659810862,0.07694980451168576,True,0.090724298124802094,0.90108695652173909,0.82021739130434779,0.93326086956521737,0.91456521739130436,0.78929666472926452,Skinny|Skinny::3|Skinny/3-2.tif|001632
1633,Skinny/3-3.tif,Skinny,Skinny::3,3,0.26446474147200127,0.2019157120919485,0.88811808130359904,0.13585767782283209,0.0867413282278231,False,0,0.75108695652173918,0.50108695652173918,0.53804347826086951,0.50108695652173918,0.25395733681564564,Skinny|Skinny::3|Skinny/3-3.tif|001633
1634,Skinny/3-4.tif,Skinny,Skinny::3,3,0.31787477354076921,0.225613709134311,0.95349319835169621,0.2939814435299038,0.28664444210365081,False,0,0.92804347826086953,0.79369565217391302,0.95847826086956522,0.95239130434782604,0.82724758284750044,Skinny|Skinny::3|Skinny/3-4.tif|001634
1635,Skinny/3-5.tif,Skinny,Skinny::3,3,0.31127789752769491,0.22733984577258509,0.93835566414734417,0.23032872736940219,0.33544999136212161,False,0,0.91413043478260869,0.81021739130434778,0.88891304347826083,0.84760869565217389,0.73472716538959992,Skinny|Skinny::3|Skinny/3-5.tif|001635
1636,Skinny/3-6.tif,Skinny,Skinny::3,3,0.24821334221140601,0.23496132995125391,0.94389115477716279,0.1622327108348729,0.15841548464565547,True,0.077309866196156499,0.66586956521739127,0.87456521739130433,0.91804347826086952,0.61369565217391309,0.59623725628687363,Skinny|Skinny::3|Skinny/3-6.tif|001636
1637,Skinny/3-7.tif,Skinny,Skinny::3,3,0.24818489277570779,0.24207462472662949,0.96554625504069536,0.19311156177486169,0.064923407715882786,True,0.15803281975191469,0.66500000000000004,0.9241304347826087,0.99152173913043473,0.73804347826086958,0.71089376371524382,Skinny|Skinny::3|Skinny/3-7.tif|001637
1638,Skinny/3-8.tif,Skinny,Skinny::3,3,0.29814215856048998,0.15490322957615971,0.95753582831672579,0.12598039188247259,0.25278142615654009,False,0,0.88413043478260867,0.072826086956521735,0.97021739130434781,0.45021739130434785,0.7440540612917611,Skinny|Skinny::3|Skinny/3-8.tif|001638
1639,Skinny/3-9.tif,Skinny,Skinny::3,3,0.35281467102319719,0.16675627778712329,0.95714136770974401,0.2178187758513935,0.23518631450633043,False,0,0.97108695652173915,0.1332608695652174,0.96847826086956523,0.81804347826086954,0.8228268623280478,Skinny|Skinny::3|Skinny/3-9.tif|001639
1640,Skinny/4-1.tif,Skinny,Skinny::4,2,0.2669351687934704,0.21170144179674069,0.91332208147973681,0.097489446056918297,0.43591137990871787,True,0.020796768278165501,0.763695652173913,0.63934782608695651,0.71760869565217389,0.30108695652173911,0.4193723368318551,Skinny|Skinny::4|Skinny/4-1.tif|001640
1641,Skinny/4-10.tif,Skinny,Skinny::4,2,0.23642601239402089,0.2305204237880491,0.83845298191563022,0.073570638140147096,0.46478306493506621,False,0,0.57891304347826089,0.83630434782608698,0.29021739130434782,0.18456521739130435,0.51267507037916304,Skinny|Skinny::4|Skinny/4-10.tif|001641
1642,Skinny/4-2.tif,Skinny,Skinny::4,2,0.2564670856958402,0.1807207266428352,0.81764911625908088,0.087790397245790699,0.079370019047779183,False,0,0.71065217391304347,0.25282608695652176,0.19021739130434784,0.25804347826086954,0.50987989245105358,Skinny|Skinny::4|Skinny/4-2.tif|001642
1643,Skinny/4-3.tif,Skinny,Skinny::4,2,0.27668222508133461,0.16379377316553059,0.85546070207701552,0.1231835191615487,0.062984537164603172,True,0.2064984969977427,0.80152173913043478,0.11108695652173912,0.36804347826086958,0.43152173913043479,0.51407247582123616,Skinny|Skinny::4|Skinny/4-3.tif|001643
1644,Skinny/4-4.tif,Skinny,Skinny::4,2,0.20329253483550411,0.240339569966249,0.88206322886357369,0.19845433016488931,0.28840497145666777,False,0,0.2341304347826087,0.91543478260869571,0.50760869565217392,0.75543478260869568,0.55549752900071303,Skinny|Skinny::4|Skinny/4-4.tif|001644
1645,Skinny/4-5.tif,Skinny,Skinny::4,2,0.2225888877232414,0.21926089882575961,0.90589809609933936,0.26349799079283631,0.56498675195710735,False,0,0.45021739130434785,0.72891304347826091,0.65847826086956518,0.91152173913043477,0.49934456094785307,Skinny|Skinny::4|Skinny/4-5.tif|001645
1646,Skinny/4-6.tif,Skinny,Skinny::4,2,0.27061255542680551,0.1825231583993924,0.87442648226675579,0.079167652384949105,0.51796136488048883,False,0,0.7767391304347826,0.27326086956521739,0.46369565217391306,0.21152173913043479,0.46101289813792345,Skinny|Skinny::4|Skinny/4-6.tif|001646
1647,Skinny/4-7.tif,Skinny,Skinny::4,2,0.25581396994947642,0.1594489740644067,0.88065238003603896,0.049866887763210403,0.41894058231181208,False,0,0.70630434782608698,0.091086956521739135,0.49673913043478263,0.073260869565217393,0.62600980804868933,Skinny|Skinny::4|Skinny/4-7.tif|001647
1648,Skinny/4-8.tif,Skinny,Skinny::4,2,0.28659542776031749,0.13787457107525261,0.932279093552984,0.10113499686525509,0.29535994145705047,False,0,0.84499999999999997,0.023695652173913045,0.85369565217391308,0.31847826086956521,0.70988843341873187,Skinny|Skinny::4|Skinny/4-8.tif|001648
1649,Skinny/4-9.tif,Skinny,Skinny::4,2,0.23339676473720561,0.19139309341357069,0.89724223118746538,0.025239750089149499,0.1349997846328802,False,0,0.55108695652173911,0.36891304347826087,0.60065217391304349,0.010217391304347826,0.51943385641573869,Skinny|Skinny::4|Skinny/4-9.tif|001649
1650,Skinny/5-1.tif,Skinny,Skinny::5,2,0.2181660335816992,0.1986468920379913,0.93993915582143339,0.046381566519115999,0.10289178404471955,True,0.027533382388744899,0.40282608695652172,0.45326086956521738,0.90152173913043476,0.060217391304347827,0.60519068531782871,Skinny|Skinny::5|Skinny/5-1.tif|001650
1651,Skinny/5-10.tif,Skinny,Skinny::5,2,0.35229544909130311,0.1360489056183086,0.9279224161713836,0.14033287415794179,0.34958743625119071,False,0,0.97021739130434781,0.021086956521739132,0.82195652173913047,0.52021739130434785,0.74466559145712452,Skinny|Skinny::5|Skinny/5-10.tif|001651
1652,Skinny/5-2.tif,Skinny,Skinny::5,2,0.31322386198690177,0.1765362729278708,0.88963640906755415,0.11188599328176579,0.4253603530024096,False,0,0.91804347826086952,0.21586956521739131,0.54586956521739127,0.37717391304347825,0.52218839352908242,Skinny|Skinny::5|Skinny/5-2.tif|001652
1653,Skinny/5-3.tif,Skinny,Skinny::5,2,0.23355896693507289,0.21594254757531839,0.97110430305252105,0.18926887346335269,0.029719555220255378,True,0.096580439583409103,0.55413043478260871,0.69760869565217387,0.99673913043478257,0.72021739130434781,0.58071056792958742,Skinny|Skinny::5|Skinny/5-3.tif|001653
1654,Skinny/5-4.tif,Skinny,Skinny::5,2,0.2613210272241045,0.1583033840562795,0.95946664242527158,0.056264915695216002,0.29979983669315946,False,0,0.73543478260869566,0.08804347826086957,0.9776086956521739,0.097173913043478263,0.78454868246698395,Skinny|Skinny::5|Skinny/5-4.tif|001654
1655,Skinny/5-5.tif,Skinny,Skinny::5,2,0.28637912693623241,0.1864980574469968,0.92693789989409681,0.12641950511769659,0.47467571241983164,False,0,0.84282608695652173,0.31413043478260871,0.81413043478260871,0.45500000000000002,0.50277246466839598,Skinny|Skinny::5|Skinny/5-5.tif|001655
1656,Skinny/5-6.tif,Skinny,Skinny::5,2,0.35201724878465668,0.19232493376478549,0.94358897501185557,0.26821057795577963,0.045295242703337069,True,0.019561066930215601,0.96978260869565214,0.37891304347826088,0.91760869565217396,0.91760869565217396,0.76429823749712389,Skinny|Skinny::5|Skinny/5-6.tif|001656
1657,Skinny/5-7.tif,Skinny,Skinny::5,2,0.31943097043088148,0.1550352119691677,0.92558754394382281,0.2190411390516368,0.50989332468633397,True,0.0235924745704622,0.93108695652173912,0.073695652173913037,0.80413043478260871,0.82065217391304346,0.7502562889138753,Skinny|Skinny::5|Skinny/5-7.tif|001657
1658,Skinny/5-8.tif,Skinny,Skinny::5,2,0.39482829937945552,0.132881969913864,0.9367215084214392,0.232167051717205,0.16602300286715699,False,0,0.99369565217391309,0.015434782608695652,0.88108695652173918,0.85195652173913039,0.86466149937800296,Skinny|Skinny::5|Skinny/5-8.tif|001658
1659,Skinny/5-9.tif,Skinny,Skinny::5,2,0.36447431148325982,0.1230980762629614,0.95282408050025202,0.31151446790256548,0.25451556576541112,False,0,0.98021739130434782,0.0076086956521739134,0.95499999999999996,0.96717391304347822,0.94780504563800561,Skinny|Skinny::5|Skinny/5-9.tif|001659
1660,Skinny/6-1.tif,Skinny,Skinny::6,0,0.18696248559155679,0.22523764489162501,0.92577600531964555,0.094226741864617602,0.40169226298719896,False,0,0.086304347826086952,0.79152173913043478,0.80630434782608695,0.28804347826086957,0.6283923436979062,Skinny|Skinny::6|Skinny/6-1.tif|001660
1661,Skinny/6-10.tif,Skinny,Skinny::6,0,0.26999804427289459,0.25531028600060612,0.96690203067203118,0.23872362651958631,0.33678426545947288,False,0,0.7723913043478261,0.97108695652173915,0.99282608695652175,0.86586956521739133,0.82027924149430065,Skinny|Skinny::6|Skinny/6-10.tif|001661
1662,Skinny/6-2.tif,Skinny,Skinny::6,0,0.3053885723153798,0.2134639112098084,0.97299678619226604,0.2241900468569818,0.30382011328730552,False,0,0.90326086956521734,0.66239130434782612,0.99847826086956526,0.83239130434782604,0.74023970470103728,Skinny|Skinny::6|Skinny/6-2.tif|001662
1663,Skinny/6-3.tif,Skinny,Skinny::6,0,0.2928959029711718,0.24387252341910459,0.92442572207682105,0.2932533484943986,0.15991486153107037,False,0,0.86717391304347824,0.93282608695652169,0.79152173913043478,0.95021739130434779,0.78091979600230377,Skinny|Skinny::6|Skinny/6-3.tif|001663
1664,Skinny/6-4.tif,Skinny,Skinny::6,0,0.2436444489367815,0.26219492328987498,0.95130929949371124,0.15841558709053519,0.34647475335826294,True,0.027424581896089699,0.63500000000000001,0.98239130434782607,0.94847826086956522,0.59413043478260874,0.67891064193702966,Skinny|Skinny::6|Skinny/6-4.tif|001664
1665,Skinny/6-5.tif,Skinny,Skinny::6,0,0.31098331135081581,0.22439219321661211,0.95031234902219164,0.22550086282966039,0.50884963918764325,False,0,0.91282608695652179,0.78282608695652178,0.94543478260869562,0.83499999999999996,0.74903479164363762,Skinny|Skinny::6|Skinny/6-5.tif|001665
1666,Skinny/6-6.tif,Skinny,Skinny::6,0,0.2175494248802938,0.26151323582122338,0.96280507421496275,0.1517501680603961,0.31139932368582757,False,0,0.39500000000000002,0.98021739130434782,0.98717391304347823,0.56543478260869562,0.69516463894267144,Skinny|Skinny::6|Skinny/6-6.tif|001666
1667,Skinny/6-7.tif,Skinny,Skinny::6,0,0.24730992072721569,0.23514023555307931,0.95882924767510802,0.23320485265264679,0.024278187202290358,True,0.042243499148255002,0.65934782608695652,0.87847826086956526,0.97456521739130431,0.85369565217391308,0.72038203999952366,Skinny|Skinny::6|Skinny/6-7.tif|001667
1668,Skinny/6-8.tif,Skinny,Skinny::6,0,0.22530358221201369,0.21374857902712141,0.93321854823283279,0.12559902405704679,0.38786754740298268,False,0,0.47543478260869565,0.66543478260869571,0.8576086956521739,0.44717391304347825,0.39830477259437347,Skinny|Skinny::6|Skinny/6-8.tif|001668
1669,Skinny/6-9.tif,Skinny,Skinny::6,0,0.28159267003635741,0.22736881051578781,0.95431106905791641,0.19299175547210451,0.35706478102242878,False,0,0.82543478260869563,0.81108695652173912,0.96239130434782605,0.736304347826087,0.68726148981848501,Skinny|Skinny::6|Skinny/6-9.tif|001669
1670,Skinny/7-1.tif,Skinny,Skinny::7,0,0.23153845471988349,0.1642826870043351,0.95205029350652681,0.086361233790169301,0.44719910583210798,True,0.044661761367133498,0.53152173913043477,0.11456521739130435,0.95282608695652171,0.24630434782608696,0.64727624755024193,Skinny|Skinny::7|Skinny/7-1.tif|001670
1671,Skinny/7-10.tif,Skinny,Skinny::7,0,0.28264314872967677,0.26948379353136132,0.94871781083798679,0.2267995021679613,0.40564458551147087,False,0,0.82934782608695656,0.98891304347826092,0.93891304347826088,0.83717391304347821,0.80860179445990643,Skinny|Skinny::7|Skinny/7-10.tif|001671
1672,Skinny/7-2.tif,Skinny,Skinny::7,0,0.25003971338540681,0.15894330251716121,0.83005357929119417,0.089561944744420793,0.072393909583272187,True,0.065741563536593495,0.67369565217391303,0.089782608695652175,0.2467391304347826,0.26717391304347826,0.56284770811746343,Skinny|Skinny::7|Skinny/7-2.tif|001672
1673,Skinny/7-3.tif,Skinny,Skinny::7,0,0.2985129386388139,0.2209280864854104,0.90328396806821765,0.2356969586914939,0.025045743173966573,True,0.029778312569805201,0.88586956521739135,0.74413043478260865,0.64021739130434785,0.86021739130434782,0.59825786778822254,Skinny|Skinny::7|Skinny/7-3.tif|001673
1674,Skinny/7-4.tif,Skinny,Skinny::7,0,0.2537661132018032,0.20767881981936309,0.92932558048804437,0.092982735773343095,0.37814508844551992,False,0,0.69804347826086954,0.5802173913043478,0.83108695652173914,0.28499999999999998,0.44888709262816451,Skinny|Skinny::7|Skinny/7-4.tif|001674
1675,Skinny/7-5.tif,Skinny,Skinny::7,0,0.26126343462943591,0.21333504755346391,0.96079853392188397,0.17103938859944939,0.33034233972707561,False,0,0.73456521739130431,0.6597826086956522,0.98152173913043483,0.65239130434782611,0.57934240147554195,Skinny|Skinny::7|Skinny/7-5.tif|001675
1676,Skinny/7-6.tif,Skinny,Skinny::7,0,0.29271688843271387,0.20749125500867749,0.95162423418579645,0.127420750960278,0.43930005048617815,False,0,0.86673913043478257,0.57673913043478264,0.95152173913043481,0.46152173913043476,0.58799569845268918,Skinny|Skinny::7|Skinny/7-6.tif|001676
1677,Skinny/7-7.tif,Skinny,Skinny::7,0,0.20036151800349791,0.19380846036387339,0.91703553327384923,0.26419188352993472,0.56651314073840631,False,0,0.21326086956521739,0.39500000000000002,0.74326086956521742,0.91239130434782612,0.56787918388141534,Skinny|Skinny::7|Skinny/7-7.tif|001677
1678,Skinny/7-8.tif,Skinny,Skinny::7,0,0.28044241639470818,0.2182632709923624,0.93374643582301919,0.2454010884078705,0.31049383307634226,False,0,0.82195652173913047,0.71978260869565214,0.86152173913043473,0.88282608695652176,0.65514439453738882,Skinny|Skinny::7|Skinny/7-8.tif|001678
1679,Skinny/7-9.tif,Skinny,Skinny::7,0,0.2097853798514929,0.2178423666451125,0.9418236937729324,0.1608071018009852,0.1759045872850542,False,0,0.30717391304347824,0.71630434782608698,0.90934782608695652,0.606304347826087,0.51267507037916304,Skinny|Skinny::7|Skinny/7-9.tif|001679
1680,Skinny/8-1.tif,Skinny,Skinny::8,1,0.23171024120774539,0.2313315066896042,0.96576786582532115,0.14349815774234259,0.33842259218769377,False,0,0.53239130434782611,0.84499999999999997,0.99239130434782608,0.53239130434782611,0.60296980835864444,Skinny|Skinny::8|Skinny/8-1.tif|001680
1681,Skinny/8-10.tif,Skinny,Skinny::8,1,0.30761525763212688,0.28326850054208269,0.93933234047069081,0.30468640759842719,0.41741285341181117,False,0,0.9067391304347826,0.99847826086956526,0.89847826086956517,0.96108695652173914,0.88617346081142767,Skinny|Skinny::8|Skinny/8-10.tif|001681
1682,Skinny/8-2.tif,Skinny,Skinny::8,1,0.25033990480775481,0.1725693944980084,0.95072313467007863,0.1067520358977665,0.12025554435834385,True,0.1676842558293013,0.67586956521739128,0.17326086956521738,0.94717391304347831,0.34543478260869565,0.60128485617124072,Skinny|Skinny::8|Skinny/8-2.tif|001682
1683,Skinny/8-3.tif,Skinny,Skinny::8,1,0.31077806875643221,0.19879232181152889,0.93666961912365321,0.249556776179715,0.027734641617629618,True,0.078331095982341198,0.91239130434782612,0.45543478260869563,0.87978260869565217,0.89021739130434785,0.68451229999677943,Skinny|Skinny::8|Skinny/8-3.tif|001683
1684,Skinny/8-4.tif,Skinny,Skinny::8,1,0.25143375486004599,0.1922157060898092,0.93334632367966719,0.098283420607958305,0.40303710629213335,False,0,0.68282608695652169,0.37760869565217392,0.85891304347826092,0.30456521739130432,0.46413180938601051,Skinny|Skinny::8|Skinny/8-4.tif|001684
1685,Skinny/8-5.tif,Skinny,Skinny::8,1,0.22632069749281139,0.26515628716676848,0.96526193389433157,0.22148716372868629,0.5856395639983637,False,0,0.4841304347826087,0.98586956521739133,0.9906521739130435,0.82717391304347831,0.76426657826082045,Skinny|Skinny::8|Skinny/8-5.tif|001685
1686,Skinny/8-6.tif,Skinny,Skinny::8,1,0.31498566936807998,0.2490108181188625,0.94913796892277524,0.2896666917743792,0.22514300870584381,False,0,0.92282608695652169,0.95543478260869563,0.94065217391304345,0.94804347826086954,0.88380995570721155,Skinny|Skinny::8|Skinny/8-6.tif|001686
1687,Skinny/8-7.tif,Skinny,Skinny::8,1,0.26321024500713008,0.21011074831881099,0.92084806820129816,0.18744382258768841,0.58322793123430694,False,0,0.74369565217391309,0.61152173913043473,0.76760869565217393,0.71282608695652172,0.43443529606263392,Skinny|Skinny::8|Skinny/8-7.tif|001687
1688,Skinny/8-8.tif,Skinny,Skinny::8,1,0.29651834092328189,0.27266902438756369,0.96001574568140002,0.3139587507231128,0.36062051819672497,False,0,0.8793478260869565,0.9919565217391304,0.98021739130434782,0.9689130434782609,0.9145568203746347,Skinny|Skinny::8|Skinny/8-8.tif|001688
1689,Skinny/8-9.tif,Skinny,Skinny::8,1,0.34373696378640878,0.1744494950516548,0.94355459121932039,0.220206991579742,0.30832030257324228,False,0,0.96282608695652172,0.19239130434782609,0.91673913043478261,0.82282608695652171,0.76597603204246278,Skinny|Skinny::8|Skinny/8-9.tif|001689
1690,Skinny/9-1.tif,Skinny,Skinny::9,4,0.28392573196115112,0.19114848133105339,0.97529307197788817,0.26163006319537269,0.35274588746100344,False,0,0.83369565217391306,0.36630434782608695,0.99934782608695649,0.90847826086956518,0.73853236673200384,Skinny|Skinny::9|Skinny/9-1.tif|001690
1691,Skinny/9-10.tif,Skinny,Skinny::9,4,0.25615475065830018,0.2143158894014783,0.95465262926098282,0.15037630388163459,0.087003419495367162,False,0,0.7089130434782609,0.67239130434782612,0.96326086956521739,0.55760869565217386,0.53971549601170499,Skinny|Skinny::9|Skinny/9-10.tif|001691
1692,Skinny/9-2.tif,Skinny,Skinny::9,4,0.31473568247239431,0.22545293827531801,0.95306843088020121,0.2735815657427943,0.15590452760456974,True,0.043896096781569902,0.92195652173913045,0.79195652173913045,0.95630434782608698,0.92760869565217396,0.80891827230353797,Skinny|Skinny::9|Skinny/9-2.tif|001692
1693,Skinny/9-3.tif,Skinny,Skinny::9,4,0.248347919240201,0.21330473881802769,0.94929615806407297,0.2025784127152962,0.14101131439809089,True,0.012733277259086699,0.66673913043478261,0.65934782608695652,0.94195652173913047,0.77195652173913043,0.56787285911635443,Skinny|Skinny::9|Skinny/9-3.tif|001693
1694,Skinny/9-4.tif,Skinny,Skinny::9,4,0.2472369808237064,0.22286233386479151,0.88256462290025328,0.1761865862816118,0.02542693549736974,True,0.0739199451582679,0.65847826086956518,0.76673913043478259,0.51021739130434784,0.67456521739130437,0.35614959368401,Skinny|Skinny::9|Skinny/9-4.tif|001694
1695,Skinny/9-5.tif,Skinny,Skinny::9,4,0.2464636530877013,0.19745785942407201,0.95228712458146858,0.1504122299466106,0.25395068993326719,False,0,0.6554347826086957,0.43717391304347825,0.9545652173913044,0.5584782608695652,0.48801263580281778,Skinny|Skinny::9|Skinny/9-5.tif|001695
1696,Skinny/9-6.tif,Skinny,Skinny::9,4,0.23767735571631579,0.24445436833393949,0.96192515081904817,0.16419192177692321,0.17515509891816405,False,0,0.59195652173913038,0.93630434782608696,0.98543478260869566,0.62195652173913041,0.67032664215542326,Skinny|Skinny::9|Skinny/9-6.tif|001696
1697,Skinny/9-7.tif,Skinny,Skinny::9,4,0.22429206200931801,0.22654762381834229,0.92735577388157464,0.1689763398985088,0.51698505404388928,False,0,0.46586956521739131,0.80500000000000005,0.81804347826086954,0.643695652173913,0.46474722279579933,Skinny|Skinny::9|Skinny/9-7.tif|001697
1698,Skinny/9-8.tif,Skinny,Skinny::9,4,0.27103058005483088,0.207268158595006,0.96232370436334402,0.17374406355534949,0.36060233268218778,False,0,0.77934782608695652,0.57413043478260872,0.98586956521739133,0.66326086956521735,0.58843340764804897,Skinny|Skinny::9|Skinny/9-8.tif|001698
1699,Skinny/9-9.tif,Skinny,Skinny::9,4,0.20957282801823501,0.24465068140548721,0.9289988204125752,0.24254161655806411,0.46381992658655036,False,0,0.30282608695652175,0.93673913043478263,0.82847826086956522,0.87673913043478258,0.69242253018114419,Skinny|Skinny::9|Skinny/9-9.tif|001699
1700,Straight/1-1.tif,Straight,Straight::1,2,0.26087366303075771,0.2065495341808711,0.90736228763746118,0.10591437613758591,0.32290416742236205,True,0.084839999182411696,0.73108695652173916,0.56499999999999995,0.67021739130434788,0.33847826086956523,0.33569243957625539,Straight|Straight::1|Straight/1-1.tif|001700
1701,Straight/1-10.tif,Straight,Straight::1,2,0.28203606793734748,0.2281692884920308,0.96337404989025699,0.292352645920604,0.53106573367411825,False,0,0.82717391304347831,0.81630434782608696,0.98891304347826092,0.94847826086956522,0.80452465741307977,Straight|Straight::1|Straight/1-10.tif|001701
1702,Straight/1-2.tif,Straight,Straight::1,2,0.32111070052892732,0.18501873121706131,0.89162558629237898,0.19854664642658321,0.15257855125379005,True,0.15434588724473369,0.93369565217391304,0.29891304347826086,0.56239130434782614,0.75630434782608691,0.54599677322353324,Straight|Straight::1|Straight/1-2.tif|001702
1703,Straight/1-3.tif,Straight,Straight::1,2,0.35142487991831911,0.2119391307795985,0.95352212331778441,0.37708545572933849,0.03125707498832575,True,0.16077560718367809,0.9689130434782609,0.6423913043478261,0.95978260869565213,0.99326086956521742,0.83358326434803998,Straight|Straight::1|Straight/1-3.tif|001703
1704,Straight/1-4.tif,Straight,Straight::1,2,0.27708157389267069,0.24712925170294589,0.95751681875605177,0.19759503171726669,0.44541631084445121,False,0,0.80456521739130438,0.94630434782608697,0.96978260869565214,0.75326086956521743,0.7594631722597901,Straight|Straight::1|Straight/1-4.tif|001704
1705,Straight/1-5.tif,Straight,Straight::1,2,0.3857585912791025,0.17786739449602049,0.91710519312049998,0.42411935851132909,0.062551050514235707,False,0,0.99108695652173917,0.22673913043478261,0.745,0.99847826086956526,0.79015408513837959,Straight|Straight::1|Straight/1-5.tif|001705
1706,Straight/1-6.tif,Straight,Straight::1,2,0.33205495840160798,0.26772632731014212,0.95960905217562398,0.28204874415485592,0.24480341671090111,True,0.1071164056494673,0.95108695652173914,0.98804347826086958,0.97934782608695647,0.93847826086956521,0.9293564454215093,Straight|Straight::1|Straight/1-6.tif|001706
1707,Straight/1-7.tif,Straight,Straight::1,2,0.29337651269342091,0.25481801957117811,0.92769702081723715,0.23576120191981731,0.52550871687435197,False,0,0.86978260869565216,0.97021739130434781,0.82065217391304346,0.86065217391304349,0.76859051513936383,Straight|Straight::1|Straight/1-7.tif|001707
1708,Straight/1-8.tif,Straight,Straight::1,2,0.38537144260717471,0.22488792821124079,0.9587344844488408,0.29970548255257567,0.26473772667124529,False,0,0.9906521739130435,0.78804347826086951,0.97413043478260875,0.95543478260869563,0.86944183907331662,Straight|Straight::1|Straight/1-8.tif|001708
1709,Straight/1-9.tif,Straight,Straight::1,2,0.36720581620618159,0.16680000486600721,0.95739362178300957,0.16750765648884661,0.01550257709114311,False,0,0.98065217391304349,0.13369565217391305,0.96934782608695658,0.6380434782608696,0.77752734438509663,Straight|Straight::1|Straight/1-9.tif|001709
1710,Straight/10-1.tif,Straight,Straight::10,1,0.25115269783669508,0.246150481528809,0.92088995828558262,0.12136220476514969,0.36988476655124158,True,0.1273944448742593,0.68195652173913046,0.9428260869565217,0.76847826086956517,0.42369565217391303,0.55417149795829301,Straight|Straight::10|Straight/10-1.tif|001710
1711,Straight/10-10.tif,Straight,Straight::10,1,0.2440096798744002,0.24735543195171039,0.91693829260061999,0.13347390926876609,0.41835997541534165,False,0,0.63673913043478259,0.94760869565217387,0.74239130434782608,0.4906521739130435,0.52715468364749762,Straight|Straight::10|Straight/10-10.tif|001711
1712,Straight/10-2.tif,Straight,Straight::10,1,0.39119133918565868,0.17537977122614529,0.95350760391766765,0.34077200011641978,0.12869450918587366,True,0.044206618562565303,0.99282608695652175,0.20152173913043478,0.9589130434782609,0.98413043478260864,0.8814478337110343,Straight|Straight::10|Straight/10-2.tif|001712
1713,Straight/10-3.tif,Straight,Straight::10,1,0.32598584818898951,0.18293818831857581,0.92046446833083362,0.2538258409959559,0.043055567034414044,True,0.063126070989476799,0.9428260869565217,0.2767391304347826,0.76500000000000001,0.89673913043478259,0.6881622605072073,Straight|Straight::10|Straight/10-3.tif|001713
1714,Straight/10-4.tif,Straight,Straight::10,1,0.35239283244486841,0.19318845139683319,0.948402852745864,0.2050315742801504,0.28678047288319952,False,0,0.97065217391304348,0.39065217391304347,0.93760869565217386,0.78021739130434786,0.70957281006167927,Straight|Straight::10|Straight/10-4.tif|001714
1715,Straight/10-5.tif,Straight,Straight::10,1,0.26637631895263247,0.2376515584237546,0.9603415611488032,0.13630803485229531,0.35343752148225716,False,0,0.76065217391304352,0.89630434782608692,0.98108695652173916,0.50456521739130433,0.67561985821661219,Straight|Straight::10|Straight/10-5.tif|001715
1716,Straight/10-6.tif,Straight,Straight::10,1,0.2486268967301655,0.2173761762760324,0.92090167871553563,0.14704779261420389,0.45923630967328744,False,0,0.66804347826086952,0.71195652173913049,0.76934782608695651,0.54326086956521735,0.38416654194121325,Straight|Straight::10|Straight/10-6.tif|001716
1717,Straight/10-7.tif,Straight,Straight::10,1,0.28161721854250549,0.22285470916056571,0.94236735167712782,0.17593864284585081,0.50468891432947072,False,0,0.8258695652173913,0.76630434782608692,0.91065217391304343,0.67369565217391303,0.61311855846131302,Straight|Straight::10|Straight/10-7.tif|001717
1718,Straight/10-8.tif,Straight,Straight::10,1,0.31778472885141329,0.2125997649500104,0.95172639630082556,0.21781796250037419,0.28709101611333809,False,0,0.92760869565217396,0.64847826086956517,0.95239130434782604,0.81760869565217387,0.71444255636937448,Straight|Straight::10|Straight/10-8.tif|001718
1719,Straight/10-9.tif,Straight,Straight::10,1,0.3120741137155163,0.2158907234669275,0.94577184556551841,0.21369793914332821,0.28769733442612822,False,0,0.91500000000000004,0.69673913043478264,0.92586956521739128,0.80586956521739128,0.69703110615593067,Straight|Straight::10|Straight/10-9.tif|001719
1720,Straight/2-1.tif,Straight,Straight::2,0,0.2174992688903144,0.2344419677727558,0.9215583740492248,0.2646489621169707,0.42724025471002036,True,0.023033100252344799,0.39456521739130435,0.86891304347826082,0.77282608695652177,0.91282608695652179,0.62615715186203635,Straight|Straight::2|Straight/2-1.tif|001720
1721,Straight/2-10.tif,Straight,Straight::2,0,0.2470197809695491,0.2250244048938502,0.95638506851687144,0.1851345819884663,0.40416520105578102,False,0,0.65760869565217395,0.78934782608695653,0.96543478260869564,0.70499999999999996,0.60598449012200883,Straight|Straight::2|Straight/2-10.tif|001721
1722,Straight/2-2.tif,Straight,Straight::2,0,0.3277694631106684,0.2034128431595513,0.86942300142994422,0.23105163582943941,0.12079280671621817,True,0.025803566445768901,0.94673913043478264,0.52717391304347827,0.43369565217391304,0.84934782608695647,0.57162438921379599,Straight|Straight::2|Straight/2-2.tif|001722
1723,Straight/2-3.tif,Straight,Straight::2,0,0.3036965603588781,0.16633812685712551,0.95654720126623416,0.2735629745158259,0.036093367116241781,True,0.087527084752125395,0.89978260869565219,0.13152173913043477,0.96586956521739131,0.92717391304347829,0.83373518981129657,Straight|Straight::2|Straight/2-3.tif|001723
1724,Straight/2-4.tif,Straight,Straight::2,0,0.23218596004373149,0.17335959495540751,0.89183231301268351,0.030993881557861699,0.37111332023376686,False,0,0.53760869565217395,0.17978260869565219,0.56499999999999995,0.022826086956521739,0.5795459731303847,Straight|Straight::2|Straight/2-4.tif|001724
1725,Straight/2-5.tif,Straight,Straight::2,0,0.28437124083875659,0.1994838932679088,0.95814526813327883,0.23719327990296929,0.47367075307733741,False,0,0.83760869565217388,0.46152173913043476,0.97108695652173915,0.86282608695652174,0.68485465459512274,Straight|Straight::2|Straight/2-5.tif|001725
1726,Straight/2-6.tif,Straight,Straight::2,0,0.23247189469126969,0.22264726237044821,0.94734107306382598,0.1559871997985762,0.20001824290607428,False,0,0.54195652173913045,0.76195652173913042,0.93543478260869561,0.58369565217391306,0.51671073251521327,Straight|Straight::2|Straight/2-6.tif|001726
1727,Straight/2-7.tif,Straight,Straight::2,0,0.26134314600495617,0.27759558917423799,0.9577720849443998,0.32549728448758292,0.50447012558530502,False,0,0.73586956521739133,0.99586956521739134,0.97065217391304348,0.97586956521739132,0.86572881978942384,Straight|Straight::2|Straight/2-7.tif|001727
1728,Straight/2-8.tif,Straight,Straight::2,0,0.35462982617654709,0.23117670541157129,0.97181394324814319,0.33261549215461927,0.11540775059688535,False,0,0.97369565217391307,0.84282608695652173,0.99717391304347824,0.97934782608695647,0.90491631379462079,Straight|Straight::2|Straight/2-8.tif|001728
1729,Straight/2-9.tif,Straight,Straight::2,0,0.34449862324005359,0.21674222552304859,0.94566001920177423,0.22095095976120849,0.17802394681811129,False,0,0.96326086956521739,0.70543478260869563,0.92543478260869561,0.82413043478260872,0.73679669935571401,Straight|Straight::2|Straight/2-9.tif|001729
1730,Straight/3-1.tif,Straight,Straight::3,4,0.25111623076276141,0.15347086389300929,0.87568131506241964,0.076238189204007198,0.55293980528969711,True,0.028579162839087902,0.68152173913043479,0.067173913043478264,0.46978260869565219,0.19934782608695653,0.55820550314638706,Straight|Straight::3|Straight/3-1.tif|001730
1731,Straight/3-10.tif,Straight,Straight::3,4,0.15499438221215181,0.2762344034029634,0.93043023470108677,0.34603689502102908,0.44889332789210501,False,0,0.00065217391304347831,0.99456521739130432,0.8389130434782609,0.986304347826087,0.9194003346885028,Straight|Straight::3|Straight/3-10.tif|001731
1732,Straight/3-2.tif,Straight,Straight::3,4,0.29670134424573341,0.17758358172955269,0.901725176755516,0.23477532382552141,0.14148854542241784,True,0.023532633000217702,0.87978260869565217,0.2232608695652174,0.63152173913043474,0.85804347826086957,0.60523753714596251,Straight|Straight::3|Straight/3-2.tif|001732
1733,Straight/3-3.tif,Straight,Straight::3,4,0.341234817223877,0.17547752633769501,0.9105923295216134,0.28057288008839548,0.065057890578390065,True,0.067259033652487699,0.95934782608695657,0.20326086956521738,0.69891304347826089,0.93673913043478263,0.72757267938036152,Straight|Straight::3|Straight/3-3.tif|001733
1734,Straight/3-4.tif,Straight,Straight::3,4,0.2211384500811775,0.2340611033433182,0.95144459997131037,0.086387553510676701,0.42882736593745041,False,0,0.43326086956521737,0.86586956521739133,0.94934782608695656,0.24760869565217392,0.63555447414287369,Straight|Straight::3|Straight/3-4.tif|001734
1735,Straight/3-5.tif,Straight,Straight::3,4,0.2865315779073091,0.26543309403009308,0.97216067773485082,0.26687306922681348,0.41585798600949797,False,0,0.8445652173913043,0.98673913043478256,0.99760869565217392,0.91630434782608694,0.88122862762162146,Straight|Straight::3|Straight/3-5.tif|001735
1736,Straight/3-6.tif,Straight,Straight::3,4,0.17704374660332531,0.22848280414263111,0.8937536481443884,0.16533618680032439,0.47738359321206059,False,0,0.034565217391304345,0.81891304347826088,0.57934782608695656,0.62673913043478258,0.58368994410616803,Straight|Straight::3|Straight/3-6.tif|001736
1737,Straight/3-7.tif,Straight,Straight::3,4,0.20861833229102189,0.24561357203274189,0.93525041406655518,0.2878119411635765,0.5622127653015857,False,0,0.29152173913043478,0.94065217391304345,0.8706521739130435,0.94630434782608697,0.75776521993584756,Straight|Straight::3|Straight/3-7.tif|001737
1738,Straight/3-8.tif,Straight,Straight::3,4,0.26345348774789201,0.24217312548472381,0.95703160631131479,0.2270500245191093,0.31814717082159838,False,0,0.745,0.92500000000000004,0.96804347826086956,0.8389130434782609,0.75800840930838675,Straight|Straight::3|Straight/3-8.tif|001738
1739,Straight/3-9.tif,Straight,Straight::3,4,0.25650198555867632,0.182713709233362,0.92104511648300524,0.1225863490899249,0.23805070609472778,False,0,0.71108695652173914,0.27500000000000002,0.77021739130434785,0.42891304347826087,0.41623730871278375,Straight|Straight::3|Straight/3-9.tif|001739
1740,Straight/4-1.tif,Straight,Straight::4,4,0.25007154243849261,0.1706835331516412,0.79783715428052893,0.066804793928435302,0.49257394071725075,True,0.10902066185392929,0.6741304347826087,0.15326086956521739,0.12108695652173913,0.14891304347826087,0.64605462497369792,Straight|Straight::4|Straight/4-1.tif|001740
1741,Straight/4-10.tif,Straight,Straight::4,4,0.23103767079778659,0.19535136090298291,0.92981773990068317,0.10004955180667199,0.50971616527218955,False,0,0.52804347826086961,0.41108695652173916,0.83456521739130429,0.31369565217391304,0.3941258183379126,Straight|Straight::4|Straight/4-10.tif|001741
1742,Straight/4-2.tif,Straight,Straight::4,4,0.35947174201697768,0.20685642947886659,0.87055258112242284,0.30728326166193298,0.12548364184699379,True,0.025214746102627202,0.9776086956521739,0.56934782608695655,0.44065217391304345,0.9645652173913043,0.67250441843651487,Straight|Straight::4|Straight/4-2.tif|001742
1743,Straight/4-3.tif,Straight,Straight::4,4,0.29102985555948541,0.2078130846120696,0.90595662405928623,0.24013490358522269,0.056402607173241748,True,0.1058713659811869,0.85934782608695648,0.58326086956521739,0.65891304347826085,0.86934782608695649,0.54565044170866572,Straight|Straight::4|Straight/4-3.tif|001743
1744,Straight/4-4.tif,Straight,Straight::4,4,0.21888796025158649,0.23576668006666709,0.94641768192545739,0.1140240630194294,0.46962093459991922,False,0,0.40804347826086956,0.88326086956521743,0.92934782608695654,0.39021739130434785,0.59307391863735159,Straight|Straight::4|Straight/4-4.tif|001744
1745,Straight/4-5.tif,Straight,Straight::4,4,0.25868280332891558,0.23066924776870959,0.96026659636821243,0.1425805207902982,0.36772748302132074,False,0,0.72195652173913039,0.8389130434782609,0.98065217391304349,0.52847826086956518,0.62925692067050021,Straight|Straight::4|Straight/4-5.tif|001745
1746,Straight/4-6.tif,Straight,Straight::4,4,0.2248705306495182,0.20610895094551271,0.95821171429974883,0.10173662536329101,0.40470281499832594,False,0,0.47152173913043477,0.56152173913043479,0.97152173913043482,0.32108695652173913,0.5088600626174471,Straight|Straight::4|Straight/4-6.tif|001746
1747,Straight/4-7.tif,Straight,Straight::4,4,0.22507101308458119,0.24424173652718789,0.94097797180666964,0.16042982303553149,0.54223749647435682,False,0,0.47282608695652173,0.93543478260869561,0.90630434782608693,0.60413043478260875,0.60520099303121888,Straight|Straight::4|Straight/4-7.tif|001747
1748,Straight/4-8.tif,Straight,Straight::4,4,0.38523463061601643,0.16288934820448561,0.958310420921346,0.27639669665605232,0.16821686022961002,False,0,0.99021739130434783,0.10760869565217392,0.97239130434782606,0.93065217391304345,0.8960462408740405,Straight|Straight::4|Straight/4-8.tif|001748
1749,Straight/4-9.tif,Straight,Straight::4,4,0.23624479829395609,0.18750940717461079,0.92757083424641062,0.1138841893483158,0.1979445777997404,False,0,0.57673913043478264,0.32413043478260872,0.81978260869565223,0.38934782608695651,0.38900362276657513,Straight|Straight::4|Straight/4-9.tif|001749
1750,Straight/5-1.tif,Straight,Straight::5,3,0.22736777069118039,0.2235348673269644,0.93557778554260196,0.17161556926440069,0.42092199605994851,True,0.0337944114913655,0.49673913043478263,0.77413043478260868,0.87195652173913041,0.65586956521739126,0.48765264683968879,Straight|Straight::5|Straight/5-1.tif|001750
1751,Straight/5-10.tif,Straight,Straight::5,3,0.2151711647149824,0.23215136368628589,0.94625993748791482,0.17825410228095931,0.43957271077832583,False,0,0.36630434782608695,0.85282608695652173,0.92760869565217396,0.68282608695652169,0.59886171168012248,Straight|Straight::5|Straight/5-10.tif|001751
1752,Straight/5-2.tif,Straight,Straight::5,3,0.27813262778964382,0.16186485506567591,0.83409045608952492,0.17876074148722029,0.068555244872655519,True,0.17040301094168209,0.81065217391304345,0.10369565217391305,0.26760869565217393,0.68543478260869561,0.58476806188469121,Straight|Straight::5|Straight/5-2.tif|001752
1753,Straight/5-3.tif,Straight,Straight::5,3,0.24631210139336729,0.2401474062474262,0.95006426504476416,0.1974216454236043,0.039062957877771809,True,0.031838526883493999,0.65326086956521734,0.91369565217391302,0.94456521739130439,0.75239130434782608,0.67525742483297468,Straight|Straight::5|Straight/5-3.tif|001753
1754,Straight/5-4.tif,Straight,Straight::5,3,0.2150865718465208,0.2392958742051339,0.94148229363382097,0.12788485190738511,0.4709842316181535,False,0,0.36543478260869566,0.90891304347826085,0.90847826086956518,0.46413043478260868,0.59452400302269737,Straight|Straight::5|Straight/5-4.tif|001754
1755,Straight/5-5.tif,Straight,Straight::5,3,0.22144661165840979,0.25774902195888,0.96087221896951203,0.12676576723171579,0.31333320026275502,False,0,0.43934782608695649,0.97586956521739132,0.98195652173913039,0.45717391304347826,0.68135650864393715,Straight|Straight::5|Straight/5-5.tif|001755
1756,Straight/5-6.tif,Straight,Straight::5,3,0.22956496511767571,0.23060875962746971,0.96761203555056219,0.1710458142262522,0.49661984580973151,False,0,0.51717391304347826,0.83717391304347821,0.99413043478260865,0.65282608695652178,0.6176583929318602,Straight|Straight::5|Straight/5-6.tif|001756
1757,Straight/5-7.tif,Straight,Straight::5,3,0.21401187585065151,0.24866290963397319,0.93426999261964339,0.22738584791764699,0.57340543682516165,False,0,0.35065217391304349,0.95282608695652171,0.86456521739130432,0.83978260869565213,0.68972186937115942,Straight|Straight::5|Straight/5-7.tif|001757
1758,Straight/5-8.tif,Straight,Straight::5,3,0.34623391763677008,0.15374546958481489,0.88817341713427056,0.2972159277081311,0.42611593915745971,False,0,0.96586956521739131,0.068043478260869567,0.53847826086956518,0.95369565217391306,0.78162728319184693,Straight|Straight::5|Straight/5-8.tif|001758
1759,Straight/5-9.tif,Straight,Straight::5,3,0.24914151790044139,0.19160189276463399,0.9455704266556848,0.13245929750031321,0.36668662147477471,False,0,0.66934782608695653,0.37021739130434783,0.92500000000000004,0.48499999999999999,0.47578588852573894,Straight|Straight::5|Straight/5-9.tif|001759
1760,Straight/6-1.tif,Straight,Straight::6,0,0.2060494270071988,0.20390286169515209,0.91550576170331843,0.1063482265088562,0.42407248659101388,True,0.053311302593673698,0.26369565217391305,0.53413043478260869,0.736304347826087,0.3402173913043478,0.37198771246247153,Straight|Straight::6|Straight/6-1.tif|001760
1761,Straight/6-10.tif,Straight,Straight::6,0,0.178723959771171,0.23543525011195079,0.90873778556764062,0.079744686677583707,0.48599933407566021,False,0,0.041521739130434783,0.88065217391304351,0.68108695652173912,0.21586956521739131,0.68455896969272667,Straight|Straight::6|Straight/6-10.tif|001761
1762,Straight/6-2.tif,Straight,Straight::6,0,0.23762766681582961,0.1947142991841298,0.91423766261108197,0.2252301902929521,0.1838774666803018,True,0.024478965820879099,0.5902173913043478,0.40543478260869564,0.72717391304347823,0.83413043478260873,0.42465620476984367,Straight|Straight::6|Straight/6-2.tif|001762
1763,Straight/6-3.tif,Straight,Straight::6,0,0.2336098633294198,0.1757637499172047,0.91383154192028881,0.034262756819964199,0.030374224112190484,True,0.083558289452955306,0.55543478260869561,0.20717391304347826,0.7232608695652174,0.028478260869565217,0.60083133962597901,Straight|Straight::6|Straight/6-3.tif|001763
1764,Straight/6-4.tif,Straight,Straight::6,0,0.22734103870163699,0.21502148300863649,0.94511050046221123,0.1290689073021081,0.49367618874143848,False,0,0.49630434782608696,0.68369565217391304,0.92369565217391303,0.47239130434782611,0.46264240642128956,Straight|Straight::6|Straight/6-4.tif|001764
1765,Straight/6-5.tif,Straight,Straight::6,0,0.18103018053994491,0.22578972451807969,0.93525621210924836,0.080232701242286097,0.039284998034211038,False,0,0.050652173913043476,0.79630434782608694,0.87152173913043474,0.21847826086956521,0.71203414777610474,Straight|Straight::6|Straight/6-5.tif|001765
1766,Straight/6-6.tif,Straight,Straight::6,0,0.21915446906869851,0.24009442183149171,0.94259035533830438,0.19346777389105291,0.20268850515735581,False,0,0.40891304347826085,0.91282608695652179,0.91195652173913044,0.7419565217391304,0.63794462607324143,Straight|Straight::6|Straight/6-6.tif|001766
1767,Straight/6-7.tif,Straight,Straight::6,0,0.2204524862129551,0.18403494085475741,0.90536949041929515,0.085179502064310297,0.59470366658949181,False,0,0.42543478260869566,0.28804347826086957,0.65326086956521734,0.24282608695652175,0.37431651638999847,Straight|Straight::6|Straight/6-7.tif|001767
1768,Straight/6-8.tif,Straight,Straight::6,0,0.32094777901604987,0.25466988960213488,0.95913805492069082,0.3548043050493157,0.51296112324633092,False,0,0.93326086956521737,0.96978260869565214,0.97673913043478255,0.98934782608695648,0.93549568353522794,Straight|Straight::6|Straight/6-8.tif|001768
1769,Straight/6-9.tif,Straight,Straight::6,0,0.25014581442386491,0.2102579237200031,0.90692233126343302,0.120893564138777,0.12646895050970641,True,0.089666552374252098,0.67456521739130437,0.61413043478260865,0.66586956521739127,0.42108695652173911,0.27791860744280683,Straight|Straight::6|Straight/6-9.tif|001769
1770,Straight/7-1.tif,Straight,Straight::7,2,0.2927157125123831,0.17460958460876119,0.88027629264982188,0.16221617832561061,0.41008912844374745,True,0.1863125511717216,0.86630434782608701,0.19369565217391305,0.49456521739130432,0.61326086956521741,0.49077366491095709,Straight|Straight::7|Straight/7-1.tif|001770
1771,Straight/7-10.tif,Straight,Straight::7,2,0.23064199365176649,0.25194438370473571,0.92742498913500104,0.18720946866804561,0.5246531851478069,False,0,0.52500000000000002,0.96282608695652172,0.81891304347826088,0.71108695652173914,0.60091282169850857,Straight|Straight::7|Straight/7-10.tif|001771
1772,Straight/7-2.tif,Straight,Straight::7,2,0.33705935298732181,0.17094561042017201,0.84867310074408964,0.26531638220714898,0.044369806223620412,True,0.064401001471903793,0.9545652173913044,0.15543478260869564,0.33543478260869564,0.91326086956521735,0.72334015717832756,Straight|Straight::7|Straight/7-2.tif|001772
1773,Straight/7-3.tif,Straight,Straight::7,2,0.27119903983817178,0.20852588548253251,0.92444642595605897,0.21133254835481899,0.035693358548082976,True,0.092321985245976998,0.77978260869565219,0.5932608695652174,0.79195652173913045,0.79804347826086952,0.51092506636536594,Straight|Straight::7|Straight/7-3.tif|001773
1774,Straight/7-4.tif,Straight,Straight::7,2,0.21079554182835811,0.20349881659897179,0.90880495751299117,0.12918656855702651,0.43868023494121766,False,0,0.31978260869565217,0.52804347826086961,0.68195652173913046,0.4732608695652174,0.25901332340503885,Straight|Straight::7|Straight/7-4.tif|001774
1775,Straight/7-5.tif,Straight,Straight::7,2,0.21236318092576531,0.2414545592679192,0.8975134332569058,0.086530691177160696,0.14634591798107166,False,0,0.33804347826086956,0.92108695652173911,0.60152173913043483,0.2484782608695652,0.52641617438852029,Straight|Straight::7|Straight/7-5.tif|001775
1776,Straight/7-6.tif,Straight,Straight::7,2,0.219261738230245,0.20592967200210299,0.93050912291961696,0.097161435218291403,0.17568993521654896,False,0,0.41195652173913044,0.55934782608695655,0.8402173913043478,0.30021739130434782,0.40857653213161382,Straight|Straight::7|Straight/7-6.tif|001776
1777,Straight/7-7.tif,Straight,Straight::7,2,0.2145453887674284,0.1856750301006927,0.83473935257183962,0.080126951917544806,0.5342166339592358,False,0,0.35934782608695653,0.30586956521739128,0.27195652173913043,0.21804347826086956,0.43471021136372462,Straight|Straight::7|Straight/7-7.tif|001777
1778,Straight/7-8.tif,Straight,Straight::7,2,0.31213064529773521,0.1900391494603566,0.95289855228998355,0.2037634712949925,0.30407904064633906,False,0,0.91543478260869571,0.35108695652173916,0.95543478260869563,0.77630434782608693,0.69175580008881876,Straight|Straight::7|Straight/7-8.tif|001778
1779,Straight/7-9.tif,Straight,Straight::7,2,0.2339756864577093,0.2157126571991283,0.89236023802909359,0.17167341051050791,0.20828139067496487,False,0,0.55978260869565222,0.69326086956521737,0.56847826086956521,0.6567391304347826,0.26491536616197531,Straight|Straight::7|Straight/7-9.tif|001779
1780,Straight/8-1.tif,Straight,Straight::8,1,0.2255366472689489,0.18563083380354109,0.90549993370260395,0.1315657344114354,0.43205679724875312,True,0.075425945307491096,0.47673913043478261,0.30413043478260871,0.65413043478260868,0.48065217391304349,0.25107067517324094,Straight|Straight::8|Straight/8-1.tif|001780
1781,Straight/8-10.tif,Straight,Straight::8,1,0.21334957157163589,0.2223984146035681,0.93585634095489556,0.086203121259231505,0.070620278704761286,True,0.12156795264731859,0.34543478260869565,0.76021739130434784,0.87586956521739134,0.24543478260869564,0.54560505599440157,Straight|Straight::8|Straight/8-10.tif|001781
1782,Straight/8-2.tif,Straight,Straight::8,1,0.27945913305885117,0.19843180956305881,0.89085992557549698,0.17642146035269679,0.08995050822146633,True,0.039701945955358302,0.81673913043478263,0.44847826086956522,0.55500000000000005,0.67717391304347829,0.37066664513379788,Straight|Straight::8|Straight/8-2.tif|001782
1783,Straight/8-3.tif,Straight,Straight::8,1,0.22415099835038041,0.24939165160955151,0.9245606809481528,0.22286675012342269,0.030407826817090311,True,0.1238868254374399,0.46369565217391306,0.95717391304347821,0.79326086956521735,0.82978260869565212,0.63646248833283203,Straight|Straight::8|Straight/8-3.tif|001783
1784,Straight/8-4.tif,Straight,Straight::8,1,0.22484171689978669,0.2398330767530244,0.920818077789475,0.065918874155693294,0.45994657626128943,False,0,0.47108695652173915,0.91195652173913044,0.76673913043478259,0.14456521739130435,0.6066529389031039,Straight|Straight::8|Straight/8-4.tif|001784
1785,Straight/8-5.tif,Straight,Straight::8,1,0.24774725227151509,0.25831985838476929,0.96252916846898717,0.1959671010374445,0.12085903788293573,False,0,0.66326086956521735,0.97630434782608699,0.98673913043478256,0.74804347826086959,0.74294043603332283,Straight|Straight::8|Straight/8-5.tif|001785
1786,Straight/8-6.tif,Straight,Straight::8,1,0.23999768839322741,0.22046306582747491,0.95958740294944755,0.1235410921968231,0.45890665279039067,False,0,0.6119565217391304,0.74021739130434783,0.97891304347826091,0.43413043478260871,0.5513031477150564,Straight|Straight::8|Straight/8-6.tif|001786
1787,Straight/8-7.tif,Straight,Straight::8,1,0.2245455478591723,0.23278788155833491,0.944819108930114,0.10722604853516771,0.51757443362296152,False,0,0.46978260869565219,0.8576086956521739,0.92239130434782612,0.34760869565217389,0.57483440534886121,Straight|Straight::8|Straight/8-7.tif|001787
1788,Straight/8-8.tif,Straight,Straight::8,1,0.37546945521099429,0.19089801069023249,0.96552643981158759,0.30847978594868719,0.14069004421306353,False,0,0.98717391304347823,0.36456521739130437,0.99108695652173917,0.96499999999999997,0.84443614368177278,Straight|Straight::8|Straight/8-8.tif|001788
1789,Straight/8-9.tif,Straight,Straight::8,1,0.33938499531969241,0.1623713084583692,0.94454103747007956,0.19724962223468101,0.072613064134363858,False,0,0.95673913043478265,0.10630434782608696,0.92065217391304344,0.75065217391304351,0.77677645659228634,Straight|Straight::8|Straight/8-9.tif|001789
1790,Straight/9-1.tif,Straight,Straight::9,3,0.26525477596652541,0.22213778683959121,0.88716869623434225,0.12615212849328081,0.39618477819758813,True,0.095355122829266004,0.75413043478260866,0.75673913043478258,0.53413043478260869,0.4523913043478261,0.36596274873183093,Straight|Straight::9|Straight/9-1.tif|001790
1791,Straight/9-10.tif,Straight,Straight::9,3,0.2443097071401448,0.2043335872148086,0.95991576207633722,0.1582849788266539,0.42876185614818174,False,0,0.63760869565217393,0.54065217391304343,0.97978260869565215,0.59239130434782605,0.5092310448989209,Straight|Straight::9|Straight/9-10.tif|001791
1792,Straight/9-2.tif,Straight,Straight::9,3,0.37094758812045581,0.1641739422311792,0.9265080133779402,0.3454729114943062,0.10729091227093102,True,0.029172935368397102,0.98369565217391308,0.11369565217391304,0.81195652173913047,0.98543478260869566,0.84626020389902168,Straight|Straight::9|Straight/9-2.tif|001792
1793,Straight/9-3.tif,Straight,Straight::9,3,0.35911812793480419,0.2100126168562837,0.89314090966038873,0.33844490181908571,0.03423405088394893,True,0.053090784387925603,0.97717391304347823,0.61021739130434782,0.57673913043478264,0.98282608695652174,0.69199186485159914,Straight|Straight::9|Straight/9-3.tif|001793
1794,Straight/9-4.tif,Straight,Straight::9,3,0.33129974650178817,0.21117637172680451,0.93571131850833722,0.20811800997317539,0.30957166762200361,False,0,0.95065217391304346,0.63282608695652176,0.87326086956521742,0.79065217391304343,0.66673271569474812,Straight|Straight::9|Straight/9-4.tif|001794
1795,Straight/9-5.tif,Straight,Straight::9,3,0.30048693977252788,0.23596701089079089,0.9533887241761384,0.17815253931763189,0.3579906641058046,False,0,0.89065217391304352,0.88630434782608691,0.95760869565217388,0.68195652173913046,0.73780354043079222,Straight|Straight::9|Straight/9-5.tif|001795
1796,Straight/9-6.tif,Straight,Straight::9,3,0.3276322340477984,0.20905076090169289,0.94678358431467324,0.20681951237599089,0.40017260684056138,False,0,0.94630434782608697,0.59760869565217389,0.93195652173913046,0.78717391304347828,0.69120931805138353,Straight|Straight::9|Straight/9-6.tif|001796
1797,Straight/9-7.tif,Straight,Straight::9,3,0.30086584468051608,0.15297139014836289,0.9741768220504472,0.21221155456730931,0.46789023014270664,False,0,0.89195652173913043,0.065000000000000002,0.99891304347826082,0.80152173913043478,0.82624723845518566,Straight|Straight::9|Straight/9-7.tif|001797
1798,Straight/9-8.tif,Straight,Straight::9,3,0.32838293750576919,0.21174809150339149,0.95858783595468777,0.22790680682679729,0.31220411703581907,False,0,0.94804347826086954,0.64021739130434785,0.9732608695652174,0.84108695652173915,0.7488124183046001,Straight|Straight::9|Straight/9-8.tif|001798
1799,Straight/9-9.tif,Straight,Straight::9,3,0.35677403523300832,0.1780358790985907,0.93042104616299237,0.19133491914534029,0.2672682288094711,False,0,0.97586956521739132,0.22891304347826086,0.83847826086956523,0.72934782608695647,0.68345295339804235,Straight|Straight::9|Straight/9-9.tif|001799
1800,Suit/1-1.tif,Suit,Suit::1,4,0.17496596077664039,0.23019238821414911,0.88104380242814395,0.2468433647623102,0.31161393679360017,True,0.12542900632980061,0.025434782608695652,0.83282608695652172,0.50152173913043474,0.88673913043478259,0.69681763784786543,Suit|Suit::1|Suit/1-1.tif|001800
1801,Suit/1-10.tif,Suit,Suit::1,4,0.18238093364005911,0.22284534448192619,0.83799856177725596,0.1379024579161485,0.4300164144955913,False,0,0.060217391304347827,0.76586956521739136,0.28934782608695653,0.50717391304347825,0.55544682195749795,Suit|Suit::1|Suit/1-10.tif|001801
1802,Suit/1-2.tif,Suit,Suit::1,4,0.21450677134818169,0.19584812508568319,0.87340357845134142,0.1252612265842874,0.21734379523860614,True,0.059942359721793403,0.35891304347826086,0.41891304347826086,0.4558695652173913,0.44543478260869568,0.17721591926683081,Suit|Suit::1|Suit/1-2.tif|001802
1803,Suit/1-3.tif,Suit,Suit::1,4,0.18060865619460389,0.23445952090009189,0.91446240872126161,0.17798173142987991,0.037387527426269274,True,0.052074471767791501,0.048913043478260872,0.86978260869565216,0.72891304347826091,0.68108695652173912,0.65223637382056021,Suit|Suit::1|Suit/1-3.tif|001803
1804,Suit/1-4.tif,Suit,Suit::1,4,0.1839638298621443,0.23699687146696941,0.91327981044159556,0.4789930339747589,0.45003967976515191,False,0,0.068913043478260869,0.8923913043478261,0.71717391304347822,0.99934782608695649,0.79769647093073548,Suit|Suit::1|Suit/1-4.tif|001804
1805,Suit/1-5.tif,Suit,Suit::1,4,0.17988222825174099,0.23445630817271451,0.93385515492004445,0.1150453722096472,0.14377735218467014,True,0.049245129965442301,0.045869565217391307,0.86934782608695649,0.8619565217391304,0.39369565217391306,0.69639457667849558,Suit|Suit::1|Suit/1-5.tif|001805
1806,Suit/1-6.tif,Suit,Suit::1,4,0.1853150163577629,0.25533503391392592,0.92463828578940443,0.18151711481279639,0.21491399761473429,True,0.043814155736115301,0.077173913043478259,0.97152173913043482,0.7954347826086956,0.69630434782608697,0.72590065300564821,Suit|Suit::1|Suit/1-6.tif|001806
1807,Suit/1-7.tif,Suit,Suit::1,4,0.17023411403890429,0.2544082794227796,0.9091105918884328,0.19324370622261561,0.46189619815792082,False,0,0.014130434782608696,0.96847826086956523,0.68500000000000005,0.73978260869565216,0.73977146115864834,Suit|Suit::1|Suit/1-7.tif|001807
1808,Suit/1-8.tif,Suit,Suit::1,4,0.18346556168050221,0.2706741520853998,0.93709835181362422,0.42902163924729769,0.44000148239344361,False,0,0.0641304347826087,0.99021739130434783,0.88369565217391299,0.99891304347826082,0.9090830253997394,Suit|Suit::1|Suit/1-8.tif|001808
1809,Suit/1-9.tif,Suit,Suit::1,4,0.19601819940073251,0.23712818225274629,0.9094208789418744,0.2353186058774025,0.45901166083762329,False,0,0.16456521739130434,0.893695652173913,0.68804347826086953,0.85934782608695648,0.6572700888936398,Suit|Suit::1|Suit/1-9.tif|001809
1810,Suit/10-1.tif,Suit,Suit::10,3,0.25717926087802012,0.1896370458836551,0.84797348483768276,0.043635519261320699,0.31713077316630689,True,0.1214297810765514,0.71369565217391306,0.34717391304347828,0.33152173913043476,0.051956521739130436,0.54603070189340819,Suit|Suit::10|Suit/10-1.tif|001810
1811,Suit/10-10.tif,Suit,Suit::10,3,0.28263426596300018,0.15433712078747391,0.83001901348633478,0.088472888256107801,0.45425547076581108,False,0,0.82891304347826089,0.069782608695652171,0.24586956521739131,0.2615217391304348,0.6439914228784579,Suit|Suit::10|Suit/10-10.tif|001811
1812,Suit/10-2.tif,Suit,Suit::10,3,0.23938489870143029,0.2138302013686193,0.85064477144586925,0.085177608186467593,0.035795361782150148,True,0.034077778188740797,0.60804347826086957,0.66630434782608694,0.34499999999999997,0.24239130434782608,0.36016353143562646,Suit|Suit::10|Suit/10-2.tif|001812
1813,Suit/10-3.tif,Suit,Suit::10,3,0.30908976978311398,0.14617854904060371,0.80212206401051078,0.16723305531584801,0.04567509617292087,False,0,0.90891304347826085,0.041086956521739132,0.13456521739130434,0.63717391304347826,0.72812795672262065,Suit|Suit::10|Suit/10-3.tif|001813
1814,Suit/10-4.tif,Suit,Suit::10,3,0.28571699291580288,0.1579644596118949,0.87836488127265333,0.13008200722958599,0.30477841086596191,False,0,0.84108695652173915,0.085869565217391308,0.48456521739130437,0.47543478260869565,0.53729508777035651,Suit|Suit::10|Suit/10-4.tif|001814
1815,Suit/10-5.tif,Suit,Suit::10,3,0.2825530474257556,0.1893466753483429,0.86572110505486277,0.1257143175221456,0.43646581988522754,False,0,0.82847826086956522,0.34369565217391307,0.41717391304347828,0.44891304347826089,0.37656215266595217,Suit|Suit::10|Suit/10-5.tif|001815
1816,Suit/10-6.tif,Suit,Suit::10,3,0.27407077981963768,0.16613217323927609,0.90984816721002959,0.1092362515458966,0.3784926672955452,False,0,0.79152173913043478,0.12717391304347825,0.6915217391304348,0.36065217391304349,0.52922831433668793,Suit|Suit::10|Suit/10-6.tif|001816
1817,Suit/10-7.tif,Suit,Suit::10,3,0.25059442140703592,0.191780803635167,0.84907077451339119,0.1160806649365016,0.5402861906290839,False,0,0.67804347826086953,0.37239130434782608,0.33847826086956523,0.40065217391304347,0.28972870433769976,Suit|Suit::10|Suit/10-7.tif|001817
1818,Suit/10-8.tif,Suit,Suit::10,3,0.3037538325351774,0.1661913222324681,0.86397342002684774,0.1041231895640464,0.13967689521159721,False,0,0.90021739130434786,0.12847826086956521,0.40847826086956524,0.33282608695652172,0.57838197489607857,Suit|Suit::10|Suit/10-8.tif|001818
1819,Suit/10-9.tif,Suit,Suit::10,3,0.25031305971463419,0.16298303435644379,0.81903979339359712,0.1484160263090962,0.27802645140117888,False,0,0.67543478260869561,0.10804347826086956,0.19500000000000001,0.54847826086956519,0.52894462816039189,Suit|Suit::10|Suit/10-9.tif|001819
1820,Suit/2-1.tif,Suit,Suit::2,3,0.19812858306773301,0.25329304370670502,0.83614362242482199,0.098601478266182194,0.41011943579498178,True,0.021731146583112499,0.18543478260869564,0.96586956521739131,0.27934782608695652,0.30760869565217391,0.63378823247950078,Suit|Suit::2|Suit/2-1.tif|001820
1821,Suit/2-10.tif,Suit,Suit::2,3,0.2151767527271656,0.22781115425838169,0.88746241119024971,0.1385017269748163,0.57099084658216004,False,0,0.36673913043478262,0.81369565217391304,0.53456521739130436,0.50978260869565217,0.34271544353339972,Suit|Suit::2|Suit/2-10.tif|001821
1822,Suit/2-2.tif,Suit,Suit::2,3,0.2391060002950155,0.1721985360414818,0.91495972815444782,0.080101117820945894,0.11769618581260999,True,0.030953072041224401,0.60586956521739133,0.16934782608695653,0.73152173913043483,0.21760869565217392,0.50387140166315125,Suit|Suit::2|Suit/2-2.tif|001822
1823,Suit/2-3.tif,Suit,Suit::2,3,0.20824513890810989,0.2397353656349579,0.86513101231015477,0.27380656075855092,0.069571728962916191,True,0.056218668212354599,0.28413043478260869,0.91065217391304343,0.41456521739130436,0.92804347826086953,0.63698916669572381,Suit|Suit::2|Suit/2-3.tif|001823
1824,Suit/2-4.tif,Suit,Suit::2,3,0.21276397238886069,0.2318052496785786,0.84481991516037436,0.49153001449219519,0.56912091588305169,False,0,0.34108695652173915,0.85021739130434781,0.31673913043478263,0.99978260869565216,0.65671362010238321,Suit|Suit::2|Suit/2-4.tif|001824
1825,Suit/2-5.tif,Suit,Suit::2,3,0.1896561287278459,0.23879577008356209,0.90208294611592077,0.1303512073666131,0.5094920697300519,False,0,0.10543478260869565,0.90413043478260868,0.63326086956521743,0.47630434782608694,0.58079519831163595,Suit|Suit::2|Suit/2-5.tif|001825
1826,Suit/2-6.tif,Suit,Suit::2,3,0.21075602788687781,0.2240308344987425,0.86649435018834642,0.19441962533428861,0.60496317897028296,False,0,0.31847826086956521,0.77934782608695652,0.41978260869565215,0.74543478260869567,0.42149544730435545,Suit|Suit::2|Suit/2-6.tif|001826
1827,Suit/2-7.tif,Suit,Suit::2,3,0.20795242738391509,0.2157521255133206,0.8682602546264816,0.15485842082364529,0.48530921082785605,False,0,0.28195652173913044,0.69413043478260872,0.42891304347826087,0.57891304347826089,0.3106609211656795,Suit|Suit::2|Suit/2-7.tif|001827
1828,Suit/2-8.tif,Suit,Suit::2,3,0.248285626542539,0.2200081466513325,0.87383744725207035,0.16805139763625149,0.44591819303754082,False,0,0.66630434782608694,0.736304347826087,0.45978260869565218,0.64108695652173908,0.32406766079210458,Suit|Suit::2|Suit/2-8.tif|001828
1829,Suit/2-9.tif,Suit,Suit::2,3,0.24952403767159309,0.14058694870929481,0.79942202993654488,0.14295888013434249,0.38683034151864837,False,0,0.67152173913043478,0.028913043478260871,0.12847826086956521,0.53021739130434786,0.62472723726678248,Suit|Suit::2|Suit/2-9.tif|001829
1830,Suit/3-1.tif,Suit,Suit::3,0,0.2274831030816202,0.1937225282594775,0.84095616964373066,0.046819309473605901,0.43353927577520956,True,0.016303238348503599,0.49891304347826088,0.39456521739130435,0.29891304347826086,0.062391304347826089,0.4930060947410243,Suit|Suit::3|Suit/3-1.tif|001830
1831,Suit/3-10.tif,Suit,Suit::3,0,0.1824106933706145,0.23153123839073811,0.86572845346324367,0.1953903542615662,0.60014194956193756,False,0,0.060652173913043478,0.84673913043478266,0.4176086956521739,0.74673913043478257,0.61718964863472281,Suit|Suit::3|Suit/3-10.tif|001831
1832,Suit/3-2.tif,Suit,Suit::3,0,0.2360372797677375,0.1891000990422633,0.85031937446914252,0.1109742060188405,0.2791928485075994,True,0.041795021727543701,0.5758695652173913,0.34108695652173915,0.34369565217391307,0.37152173913043479,0.26822986220629136,Suit|Suit::3|Suit/3-2.tif|001832
1833,Suit/3-3.tif,Suit,Suit::3,0,0.20287988542535751,0.20800376679343699,0.82934222456494111,0.1289990112119605,0.048283028107164561,False,0,0.22978260869565217,0.58586956521739131,0.24326086956521739,0.47195652173913044,0.38352632056134955,Suit|Suit::3|Suit/3-3.tif|001833
1834,Suit/3-4.tif,Suit,Suit::3,0,0.20029916038000919,0.21216733671190829,0.83078837012538043,0.37038532455997419,0.48264206854448005,False,0,0.21239130434782608,0.64543478260869569,0.25021739130434784,0.9919565217391304,0.6389699591496083,Suit|Suit::3|Suit/3-4.tif|001834
1835,Suit/3-5.tif,Suit,Suit::3,0,0.2000976550592766,0.2470744810339813,0.85339905699167895,0.21671812415719099,0.56156789541421881,False,0,0.20847826086956522,0.94543478260869562,0.35673913043478261,0.81195652173913047,0.63343319943577947,Suit|Suit::3|Suit/3-5.tif|001835
1836,Suit/3-6.tif,Suit,Suit::3,0,0.2158961565085083,0.20317040652675311,0.89843027917762719,0.21027169988878561,0.62463302202997262,False,0,0.37195652173913041,0.52456521739130435,0.6076086956521739,0.79500000000000004,0.3400047258650768,Suit|Suit::3|Suit/3-6.tif|001836
1837,Suit/3-7.tif,Suit,Suit::3,0,0.18845954909840759,0.20364685137289931,0.84873398396740418,0.1614001152651878,0.55457221913817145,False,0,0.096304347826086961,0.53152173913043477,0.33586956521739131,0.61021739130434782,0.45061122110949703,Suit|Suit::3|Suit/3-7.tif|001837
1838,Suit/3-8.tif,Suit,Suit::3,0,0.1896793817354761,0.20212726672568809,0.83173711171196829,0.36290801639682518,0.47667493700830765,False,0,0.10630434782608696,0.50586956521739135,0.25543478260869568,0.99021739130434783,0.67465246952144187,Suit|Suit::3|Suit/3-8.tif|001838
1839,Suit/3-9.tif,Suit,Suit::3,0,0.25179294471908181,0.1684791758903505,0.83456489114139665,0.16312525718377119,0.47567262006151656,False,0,0.68586956521739129,0.14108695652173914,0.27108695652173914,0.61630434782608701,0.47884647941763298,Suit|Suit::3|Suit/3-9.tif|001839
1840,Suit/4-1.tif,Suit,Suit::4,0,0.22131518175416981,0.2225252786098523,0.93512722659012881,0.10986529773901529,0.54657107593049026,True,0.022744117711772999,0.43630434782608696,0.76065217391304352,0.86934782608695649,0.36369565217391303,0.47643822657602858,Suit|Suit::4|Suit/4-1.tif|001840
1841,Suit/4-10.tif,Suit,Suit::4,0,0.20927761751392401,0.19347497727308649,0.8633882591747235,0.16131412212856699,0.48700708548017568,False,0,0.29847826086956519,0.39282608695652171,0.40500000000000003,0.60934782608695648,0.27033165935411513,Suit|Suit::4|Suit/4-10.tif|001841
1842,Suit/4-2.tif,Suit,Suit::4,0,0.2229530271509263,0.1630642583133502,0.79670253127099544,0.074565844334292697,0.14680037663567402,True,0.063054908639061505,0.45413043478260867,0.10891304347826088,0.11717391304347827,0.18847826086956521,0.63139102890361232,Suit|Suit::4|Suit/4-2.tif|001842
1843,Suit/4-3.tif,Suit,Suit::4,0,0.2084676835935512,0.214457354694955,0.89186680562244669,0.041947451286890002,0.049261545387144223,False,0,0.28934782608695653,0.67456521739130437,0.56543478260869562,0.047173913043478261,0.53308585546848553,Suit|Suit::4|Suit/4-3.tif|001843
1844,Suit/4-4.tif,Suit,Suit::4,0,0.1977471136373386,0.20062246268047579,0.82635418843028052,0.1203114846957601,0.53467132576885745,False,0,0.18021739130434783,0.47847826086956524,0.22934782608695653,0.41978260869565215,0.42709662980516044,Suit|Suit::4|Suit/4-4.tif|001844
1845,Suit/4-5.tif,Suit,Suit::4,0,0.1749979059496572,0.23630175092428241,0.89358863872586325,0.088552839306256306,0.46041826550715953,False,0,0.025869565217391303,0.8880434782608696,0.57891304347826089,0.26239130434782609,0.66186295476364954,Suit|Suit::4|Suit/4-5.tif|001845
1846,Suit/4-6.tif,Suit,Suit::4,0,0.19330247482464641,0.19187801514971931,0.88704150934271697,0.092620997742253797,0.54696342518265584,False,0,0.14108695652173914,0.37326086956521737,0.53326086956521734,0.28369565217391307,0.43906176819998349,Suit|Suit::4|Suit/4-6.tif|001846
1847,Suit/4-7.tif,Suit,Suit::4,0,0.1660162212537768,0.25753970393642017,0.91828652504905595,0.36789774424843791,0.53514590226529868,False,0,0.0071739130434782606,0.97499999999999998,0.75152173913043474,0.9906521739130435,0.87892280264291189,Suit|Suit::4|Suit/4-7.tif|001847
1848,Suit/4-8.tif,Suit,Suit::4,0,0.16879034516880889,0.28067798253826898,0.92154225791556676,0.25326577893393432,0.39962035914126443,False,0,0.01108695652173913,0.99673913043478257,0.77152173913043476,0.89543478260869569,0.8460960051350449,Suit|Suit::4|Suit/4-8.tif|001848
1849,Suit/4-9.tif,Suit,Suit::4,0,0.2366960506846762,0.1905975590286528,0.79402119984365993,0.054977014340445898,0.35150350686920395,False,0,0.5802173913043478,0.35978260869565215,0.11021739130434782,0.089782608695652175,0.58847645395716874,Suit|Suit::4|Suit/4-9.tif|001849
1850,Suit/5-1.tif,Suit,Suit::5,1,0.2174784403582285,0.2001943694505533,0.81359250373435166,0.0904025784824877,0.4965746258623423,True,0.043170963264672998,0.39413043478260867,0.47369565217391302,0.17630434782608695,0.27195652173913043,0.41071034412038593,Suit|Suit::5|Suit/5-1.tif|001850
1851,Suit/5-10.tif,Suit,Suit::5,1,0.2386611351872108,0.1661778551755643,0.7636613293187372,0.030403249877083899,0.50707414363381265,False,0,0.60152173913043483,0.12804347826086956,0.055434782608695651,0.019782608695652175,0.759542818414914,Suit|Suit::5|Suit/5-10.tif|001851
1852,Suit/5-2.tif,Suit,Suit::5,1,0.29475350117143062,0.13588460533521671,0.8125638298766914,0.21052709634567629,0.074166033550664978,True,0.043424027555993103,0.875,0.020217391304347826,0.17108695652173914,0.79630434782608694,0.75285882363002177,Suit|Suit::5|Suit/5-2.tif|001852
1853,Suit/5-3.tif,Suit,Suit::5,1,0.25345979246344291,0.19065831445999509,0.78652887023199158,0.11165776609809509,0.03634391007686355,False,0,0.69543478260869562,0.36108695652173911,0.090217391304347833,0.37586956521739129,0.49073591587577409,Suit|Suit::5|Suit/5-3.tif|001853
1854,Suit/5-4.tif,Suit,Suit::5,1,0.24092584328535879,0.1543485196195501,0.7980052100096936,0.090729791217138395,0.5363752561623677,False,0,0.62108695652173918,0.070217391304347829,0.12282608695652174,0.27326086956521739,0.62693375704917043,Suit|Suit::5|Suit/5-4.tif|001854
1855,Suit/5-5.tif,Suit,Suit::5,1,0.25245390462234568,0.16092720551500589,0.83863345199967287,0.0591223269391822,0.5066310750366203,False,0,0.69021739130434778,0.099347826086956526,0.2910869565217391,0.11152173913043478,0.62551166201716069,Suit|Suit::5|Suit/5-5.tif|001855
1856,Suit/5-6.tif,Suit,Suit::5,1,0.27319709963654631,0.12271401670503709,0.83452779823062495,0.15414589756371549,0.53122110674798395,False,0,0.79021739130434787,0.0071739130434782606,0.27065217391304347,0.57413043478260872,0.62064436909735166,Suit|Suit::5|Suit/5-6.tif|001856
1857,Suit/5-7.tif,Suit,Suit::5,1,0.23232942253330319,0.17880206653954539,0.79812332068730374,0.21341168041173789,0.55255812188182307,False,0,0.53934782608695653,0.23369565217391305,0.1241304347826087,0.80413043478260871,0.55338911130109547,Suit|Suit::5|Suit/5-7.tif|001857
1858,Suit/5-8.tif,Suit,Suit::5,1,0.25543755897879789,0.1788003589060963,0.83115083567640347,0.074916326079259493,0.42796981837170772,False,0,0.70499999999999996,0.23326086956521738,0.25282608695652176,0.19065217391304348,0.5195823173463997,Suit|Suit::5|Suit/5-8.tif|001858
1859,Suit/5-9.tif,Suit,Suit::5,1,0.21805097279371571,0.1999712974894528,0.74217147427297592,0.15215138143900789,0.44593902166490129,False,0,0.40195652173913043,0.46978260869565219,0.026739130434782609,0.56804347826086954,0.48901061334309792,Suit|Suit::5|Suit/5-9.tif|001859
1860,Suit/6-1.tif,Suit,Suit::6,2,0.26392381748479521,0.16050645587378459,0.86197538386278427,0.097733812243765095,0.35911005603018442,True,0.049267477314637403,0.74891304347826082,0.095869565217391303,0.39673913043478259,0.30282608695652175,0.52423226789223198,Suit|Suit::6|Suit/6-1.tif|001860
1861,Suit/6-10.tif,Suit,Suit::6,2,0.24028030709950429,0.1647970196317676,0.85246833282430523,0.1296272444071444,0.45199597467060337,False,0,0.61543478260869566,0.11847826086956521,0.35282608695652173,0.47456521739130436,0.42566549697140038,Suit|Suit::6|Suit/6-10.tif|001861
1862,Suit/6-2.tif,Suit,Suit::6,2,0.2112438145143288,0.17627026049219441,0.76586887509042789,0.031425866800049801,0.12527265575005864,True,0.045357780749386699,0.32413043478260872,0.21239130434782608,0.060217391304347827,0.023695652173913045,0.7307006503717417,Suit|Suit::6|Suit/6-2.tif|001862
1863,Suit/6-3.tif,Suit,Suit::6,2,0.22451105159216059,0.1653021063941319,0.83601890564504922,0.058436208771608801,0.035468037741742453,True,0.058675932819807097,0.46891304347826085,0.12195652173913044,0.27847826086956523,0.10804347826086956,0.58871475789432259,Suit|Suit::6|Suit/6-3.tif|001863
1864,Suit/6-4.tif,Suit,Suit::6,2,0.24028897943234279,0.164729302288007,0.85457183809181869,0.2611654959879266,0.42728369544415995,False,0,0.61586956521739133,0.11804347826086957,0.36543478260869566,0.90804347826086962,0.58645018418065131,Suit|Suit::6|Suit/6-4.tif|001864
1865,Suit/6-5.tif,Suit,Suit::6,2,0.24226788440792571,0.1829324201700305,0.90865075329499645,0.15459115008680199,0.41067647418955316,False,0,0.6293478260869565,0.27630434782608698,0.68021739130434777,0.57630434782608697,0.32414698292694732,Suit|Suit::6|Suit/6-5.tif|001865
1866,Suit/6-6.tif,Suit,Suit::6,2,0.26389060603942671,0.1734230592405594,0.88624331866995587,0.085764154717322794,0.45878102987997693,False,0,0.74804347826086959,0.18065217391304347,0.5267391304347826,0.24413043478260871,0.47926278452969906,Suit|Suit::6|Suit/6-6.tif|001866
1867,Suit/6-7.tif,Suit,Suit::6,2,0.22217562557157711,0.17302345862109139,0.87309315953702527,0.12820664124900141,0.53656302569157643,False,0,0.44673913043478258,0.17630434782608695,0.45369565217391306,0.46717391304347827,0.33292227332459201,Suit|Suit::6|Suit/6-7.tif|001867
1868,Suit/6-8.tif,Suit,Suit::6,2,0.22028609469581689,0.1865530773342505,0.84564326854818705,0.2416494936939525,0.31125358889315824,False,0,0.42282608695652174,0.31456521739130433,0.32065217391304346,0.87413043478260866,0.46095671858463844,Suit|Suit::6|Suit/6-8.tif|001868
1869,Suit/6-9.tif,Suit,Suit::6,2,0.22176058078697189,0.19657341668386619,0.79652424542596223,0.1107277268043438,0.23953739010113972,False,0,0.44108695652173913,0.42586956521739128,0.11630434782608695,0.37021739130434783,0.4159710892236903,Suit|Suit::6|Suit/6-9.tif|001869
1870,Suit/7-1.tif,Suit,Suit::7,1,0.1898075817894242,0.189706789363632,0.84423193215199843,0.28739899976979938,0.46266223385978839,True,0.058429127812420399,0.10760869565217392,0.34847826086956524,0.31282608695652175,0.94499999999999995,0.64030371456122859,Suit|Suit::7|Suit/7-1.tif|001870
1871,Suit/7-10.tif,Suit,Suit::7,1,0.2314250713205557,0.16438795246587151,0.7978474417428395,0.17156559803409219,0.62006858198542703,False,0,0.53021739130434786,0.11717391304347827,0.12152173913043478,0.65456521739130435,0.56089669634412564,Suit|Suit::7|Suit/7-10.tif|001871
1872,Suit/7-2.tif,Suit,Suit::7,1,0.25016182477728038,0.15050086055272971,0.81302892321736009,0.12063235008007921,0.039415360063716931,True,0.092951903983253106,0.67500000000000004,0.054565217391304349,0.17282608695652174,0.42021739130434782,0.58518815741957819,Suit|Suit::7|Suit/7-2.tif|001872
1873,Suit/7-3.tif,Suit,Suit::7,1,0.24136651269423631,0.1988288252489866,0.85636250241189438,0.054154289937799999,0.050632680979965539,False,0,0.6236956521739131,0.45630434782608698,0.37195652173913041,0.086304347826086952,0.4524921538970309,Suit|Suit::7|Suit/7-3.tif|001873
1874,Suit/7-4.tif,Suit,Suit::7,1,0.27462324635175661,0.16320764468486981,0.83791399003426537,0.1136842388308754,0.46895957028003254,False,0,0.79369565217391302,0.10934782608695652,0.28847826086956524,0.38847826086956522,0.5440999922002272,Suit|Suit::7|Suit/7-4.tif|001874
1875,Suit/7-5.tif,Suit,Suit::7,1,0.21553282515055269,0.1819058088551524,0.83615054768501229,0.0418814340212397,0.56707234513802607,False,0,0.36978260869565216,0.26760869565217393,0.27978260869565219,0.046739130434782609,0.57000298476981925,Suit|Suit::7|Suit/7-5.tif|001875
1876,Suit/7-6.tif,Suit,Suit::7,1,0.23241192780806399,0.1652444780566186,0.8158101050523866,0.088560799594849304,0.63020314664590105,False,0,0.54065217391304343,0.12152173913043478,0.18413043478260868,0.26282608695652177,0.548564891743617,Suit|Suit::7|Suit/7-6.tif|001876
1877,Suit/7-7.tif,Suit,Suit::7,1,0.19438230071351709,0.19451231883267389,0.84204634948275714,0.054338304282690902,0.56417155213941861,False,0,0.14978260869565219,0.40413043478260868,0.30456521739130432,0.087173913043478254,0.58349235387632636,Suit|Suit::7|Suit/7-7.tif|001877
1878,Suit/7-8.tif,Suit,Suit::7,1,0.19168204921520601,0.21283602029602661,0.84080459910958083,0.054411815806457001,0.31347010881222215,False,0,0.1267391304347826,0.65152173913043476,0.29804347826086958,0.08804347826086957,0.61055476957768851,Suit|Suit::7|Suit/7-8.tif|001878
1879,Suit/7-9.tif,Suit,Suit::7,1,0.21975086061365989,0.20667275780839289,0.81934498044511539,0.14148677808097329,0.4146891283980102,False,0,0.4176086956521739,0.56630434782608696,0.19586956521739129,0.52369565217391301,0.32286436605141872,Suit|Suit::7|Suit/7-9.tif|001879
1880,Suit/8-1.tif,Suit,Suit::8,2,0.20851311197733169,0.21564578226331771,0.85916835198691621,0.028499428014425801,0.42477834639474749,True,0.0197141828567928,0.2897826086956522,0.6928260869565217,0.38326086956521738,0.016304347826086956,0.57355275252097393,Suit|Suit::8|Suit/8-1.tif|001880
1881,Suit/8-10.tif,Suit,Suit::8,2,0.20457572607711269,0.19574460497474,0.79031697703464143,0.016627759611366501,0.34637859991909714,False,0,0.2484782608695652,0.41804347826086957,0.10021739130434783,0.0041304347826086954,0.68970487647628009,Suit|Suit::8|Suit/8-10.tif|001881
1882,Suit/8-2.tif,Suit,Suit::8,2,0.2275448480072832,0.1885050555045297,0.80921412686820648,0.13785400365928199,0.10668022673159894,False,0,0.50021739130434784,0.33543478260869564,0.16108695652173913,0.50673913043478258,0.37681457635386273,Suit|Suit::8|Suit/8-2.tif|001882
1883,Suit/8-3.tif,Suit,Suit::8,2,0.32424816601833167,0.147344937066587,0.82717215726842186,0.1187247057937571,0.044344647132802728,True,0.21374923450661051,0.93847826086956521,0.043695652173913045,0.23326086956521738,0.41499999999999998,0.69199104532160893,Suit|Suit::8|Suit/8-3.tif|001883
1884,Suit/8-4.tif,Suit,Suit::8,2,0.21775526966138881,0.1870437745315946,0.76159450734025158,0.076368236430122194,0.48570096437196741,False,0,0.39717391304347827,0.31978260869565217,0.053260869565217389,0.20021739130434782,0.5766255070887264,Suit|Suit::8|Suit/8-4.tif|001884
1885,Suit/8-5.tif,Suit,Suit::8,2,0.1873211360347205,0.21068540482580159,0.86523466508068192,0.043408943444820797,0.61712098354129208,False,0,0.088913043478260873,0.62108695652173918,0.41543478260869565,0.049782608695652174,0.62729698890344965,Suit|Suit::8|Suit/8-5.tif|001885
1886,Suit/8-6.tif,Suit,Suit::8,2,0.2442221788584292,0.14900796452332971,0.8078973852423591,0.054674424559032597,0.53078827114873528,False,0,0.63717391304347826,0.048478260869565221,0.1567391304347826,0.088478260869565215,0.71404952886941886,Suit|Suit::8|Suit/8-6.tif|001886
1887,Suit/8-7.tif,Suit,Suit::8,2,0.246180195305546,0.1716096473172242,0.84127606153903578,0.1546894345282874,0.49584130187174907,False,0,0.65195652173913043,0.16195652173913044,0.30021739130434782,0.57717391304347831,0.42805733411009822,Suit|Suit::8|Suit/8-7.tif|001887
1888,Suit/8-8.tif,Suit,Suit::8,2,0.2380652104663222,0.20209806142712539,0.80053192015663821,0.26860934279418192,0.47045498135162239,False,0,0.5945652173913043,0.505,0.13065217391304348,0.91847826086956519,0.56613554189420146,Suit|Suit::8|Suit/8-8.tif|001888
1889,Suit/8-9.tif,Suit,Suit::8,2,0.23352026938403059,0.1842075466465693,0.74054310221661379,0.048332671116705597,0.36397594295144298,False,0,0.55369565217391303,0.2910869565217391,0.025434782608695652,0.067608695652173909,0.67727562220339954,Suit|Suit::8|Suit/8-9.tif|001889
1890,Suit/9-1.tif,Suit,Suit::9,4,0.2111662724753911,0.25667154185269919,0.91195813689788519,0.1234494584767868,0.40495772097405669,True,0.0238455812493862,0.32326086956521738,0.97413043478260875,0.70760869565217388,0.43282608695652175,0.55104454857838714,Suit|Suit::9|Suit/9-1.tif|001890
1891,Suit/9-10.tif,Suit,Suit::9,4,0.17821987823482471,0.25773513029731437,0.90446148443074903,0.1762353067711861,0.47508601196030958,False,0,0.038043478260869568,0.97543478260869565,0.64847826086956517,0.67543478260869561,0.70161614675782957,Suit|Suit::9|Suit/9-10.tif|001891
1892,Suit/9-2.tif,Suit,Suit::9,4,0.21798501041212931,0.1692392272846493,0.85881590917567319,0.077989663522622502,0.16302411025767383,True,0.0120166382306392,0.40065217391304347,0.14499999999999999,0.37847826086956521,0.20760869565217391,0.48595802132253429,Suit|Suit::9|Suit/9-2.tif|001892
1893,Suit/9-3.tif,Suit,Suit::9,4,0.174379132721628,0.256012739270845,0.89459848739776249,0.40152148188098458,0.036084928249838555,True,0.073466355404254294,0.022391304347826088,0.97195652173913039,0.58456521739130429,0.99717391304347824,0.83975365457857443,Suit|Suit::9|Suit/9-3.tif|001893
1894,Suit/9-4.tif,Suit,Suit::9,4,0.22340544281327421,0.24183733065949889,0.93272376161700221,0.1404561027623491,0.4031702683521437,False,0,0.45978260869565218,0.92282608695652169,0.85499999999999998,0.52108695652173909,0.5539575778971173,Suit|Suit::9|Suit/9-4.tif|001894
1895,Suit/9-5.tif,Suit,Suit::9,4,0.19111729982416359,0.2830237178506651,0.94312188796239937,0.19206825386640769,0.44544800783792182,False,0,0.12021739130434783,0.99804347826086959,0.91543478260869571,0.73152173913043483,0.78642896080763425,Suit|Suit::9|Suit/9-5.tif|001895
1896,Suit/9-6.tif,Suit,Suit::9,4,0.22685925171848481,0.22957675481616699,0.92732899093233756,0.15472963418702981,0.59229938298293061,False,0,0.49195652173913046,0.82847826086956522,0.81760869565217387,0.57847826086956522,0.46367745943642114,Suit|Suit::9|Suit/9-6.tif|001896
1897,Suit/9-7.tif,Suit,Suit::9,4,0.19467960531144091,0.2140031929046039,0.92649861889112117,0.27585208630846642,0.41804258444577574,False,0,0.15282608695652175,0.66804347826086952,0.81152173913043479,0.92978260869565221,0.65614573165724599,Suit|Suit::9|Suit/9-7.tif|001897
1898,Suit/9-8.tif,Suit,Suit::9,4,0.23892260628992229,0.15518788122227581,0.92760710130144841,0.1034539100016641,0.36386144876955423,False,0,0.60413043478260875,0.074999999999999997,0.82021739130434779,0.32978260869565218,0.56831442480746019,Suit|Suit::9|Suit/9-8.tif|001898
1899,Suit/9-9.tif,Suit,Suit::9,4,0.18382549903925641,0.21713574185120421,0.92930986241700919,0.2565073030762906,0.45357421453384134,False,0,0.068043478260869567,0.70978260869565213,0.83065217391304347,0.90282608695652178,0.70865710751409661,Suit|Suit::9|Suit/9-9.tif|001899
1900,T-shirt/10_1.tif,T-shirt,T-shirt::10,1,0.24467569880427559,0.14529921176564589,0.76039190882108743,0.10230129991692791,0.51819691801262824,True,0.0230081841649145,0.64065217391304352,0.039347826086956521,0.050652173913043476,0.32543478260869563,0.68144694825732766,T-shirt|T-shirt::10|T-shirt/10_1.tif|001900
1901,T-shirt/10_10.tif,T-shirt,T-shirt::10,1,0.2258008169614899,0.16707984117754179,0.82429863718609475,0.090976441589700793,0.59418383616104187,False,0,0.47978260869565215,0.13500000000000001,0.21847826086956521,0.27456521739130435,0.5135261178596543,T-shirt|T-shirt::10|T-shirt/10_10.tif|001901
1902,T-shirt/10_2.tif,T-shirt,T-shirt::10,1,0.2494676124723017,0.11610493338782391,0.81489972546884293,0.16060940905486171,0.10266263103110229,True,0.030142040616511899,0.67065217391304344,0.0050000000000000001,0.18065217391304347,0.60586956521739133,0.6223652973351198,T-shirt|T-shirt::10|T-shirt/10_2.tif|001902
1903,T-shirt/10_3.tif,T-shirt,T-shirt::10,1,0.21464732513613261,0.20845759967860009,0.79534716731325605,0.088173541638836797,0.030071712708259146,True,0.067056332106030597,0.36108695652173911,0.59152173913043482,0.11456521739130435,0.2593478260869565,0.4838868698730508,T-shirt|T-shirt::10|T-shirt/10_3.tif|001903
1904,T-shirt/10_4.tif,T-shirt,T-shirt::10,1,0.23985190467850259,0.14478916753501081,0.82176806703694627,0.30686657405877937,0.55051945644488054,False,0,0.61152173913043473,0.03760869565217391,0.20543478260869566,0.96326086956521739,0.72637601640078153,T-shirt|T-shirt::10|T-shirt/10_4.tif|001904
1905,T-shirt/10_5.tif,T-shirt,T-shirt::10,1,0.2084197116305726,0.1823075695156377,0.79838564730204753,0.14943306856652519,0.60064014773144647,False,0,0.28847826086956524,0.27065217391304347,0.12543478260869564,0.55456521739130438,0.49052862962719307,T-shirt|T-shirt::10|T-shirt/10_5.tif|001905
1906,T-shirt/10_6.tif,T-shirt,T-shirt::10,1,0.21887629269869799,0.1904284317643673,0.79009826429281249,0.22740156033020101,0.65860591767872645,False,0,0.40760869565217389,0.35586956521739133,0.099347826086956526,0.8402173913043478,0.5527927036031679,T-shirt|T-shirt::10|T-shirt/10_6.tif|001906
1907,T-shirt/10_7.tif,T-shirt,T-shirt::10,1,0.21872572532525181,0.20367725176692469,0.81433824038374591,0.15853526911214419,0.64094959348375413,False,0,0.40717391304347827,0.53195652173913044,0.17804347826086955,0.59499999999999997,0.34974119515962437,T-shirt|T-shirt::10|T-shirt/10_7.tif|001907
1908,T-shirt/10_8.tif,T-shirt,T-shirt::10,1,0.20732726651154909,0.17062078898441621,0.84072659668859406,0.1120294989253437,0.53763390177156278,False,0,0.27543478260869564,0.15239130434782608,0.29717391304347829,0.37847826086956521,0.47662070536894363,T-shirt|T-shirt::10|T-shirt/10_8.tif|001908
1909,T-shirt/10_9.tif,T-shirt,T-shirt::10,1,0.24158000984408351,0.1618794416608805,0.79952476033067277,0.088810987308786199,0.47815612844871175,False,0,0.62586956521739134,0.10413043478260869,0.12891304347826088,0.26500000000000001,0.60455470340903694,T-shirt|T-shirt::10|T-shirt/10_9.tif|001909
1910,T-shirt/1_1.tif,T-shirt,T-shirt::1,2,0.17330422121776151,0.21576465432193609,0.90522145799207399,0.31717877158177699,0.45352837518486239,True,0.039903013234786198,0.021086956521739132,0.69499999999999995,0.65239130434782611,0.97065217391304348,0.71562509854218781,T-shirt|T-shirt::1|T-shirt/1_1.tif|001910
1911,T-shirt/1_10.tif,T-shirt,T-shirt::1,2,0.20558817550887989,0.20859570662809299,0.9090540091221192,0.27737082656537732,0.034599334643284796,True,0.077492134576742602,0.26065217391304346,0.59499999999999997,0.68413043478260871,0.93239130434782613,0.53589051021771128,T-shirt|T-shirt::1|T-shirt/1_10.tif|001911
1912,T-shirt/1_2.tif,T-shirt,T-shirt::1,2,0.199547497441974,0.19817910326370711,0.84500594223230274,0.030831169114963201,0.098485291252831564,True,0.096515598322512899,0.20021739130434782,0.44500000000000001,0.31804347826086954,0.021956521739130434,0.5954228374756243,T-shirt|T-shirt::1|T-shirt/1_2.tif|001912
1913,T-shirt/1_3.tif,T-shirt,T-shirt::1,2,0.22560668228804001,0.1814406258202636,0.85023691050685357,0.077738719484884602,0.045525955995627143,True,0.077560700813475103,0.47717391304347828,0.26239130434782609,0.34282608695652173,0.20673913043478262,0.40949297802870854,T-shirt|T-shirt::1|T-shirt/1_3.tif|001913
1914,T-shirt/1_4.tif,T-shirt,T-shirt::1,2,0.1895948706156588,0.2335609549162628,0.92178999329946476,0.3093765779745733,0.52547820443021021,False,0,0.10456521739130435,0.8619565217391304,0.77500000000000002,0.96586956521739131,0.76160399337327345,T-shirt|T-shirt::1|T-shirt/1_4.tif|001914
1915,T-shirt/1_5.tif,T-shirt,T-shirt::1,2,0.14857352343168909,0.27126294212783231,0.93990679101616059,0.30936317589576823,0.43817560455329374,True,0.069348642645750594,0.0002173913043478261,0.9906521739130435,0.90065217391304353,0.96543478260869564,0.93149015724455098,T-shirt|T-shirt::1|T-shirt/1_5.tif|001915
1916,T-shirt/1_6.tif,T-shirt,T-shirt::1,2,0.182124616893793,0.27461931642155529,0.94246855839227883,0.32818038006885009,0.21397368469220368,True,0.1072441187114067,0.056739130434782611,0.99369565217391309,0.91152173913043477,0.97804347826086957,0.91547326795916117,T-shirt|T-shirt::1|T-shirt/1_6.tif|001916
1917,T-shirt/1_7.tif,T-shirt,T-shirt::1,2,0.17890869490037209,0.25457073213966352,0.94509460489086483,0.27745180774793249,0.5234846386911185,False,0,0.041956521739130434,0.96934782608695658,0.92326086956521736,0.93282608695652169,0.89251296634002253,T-shirt|T-shirt::1|T-shirt/1_7.tif|001917
1918,T-shirt/1_8.tif,T-shirt,T-shirt::1,2,0.19328607951963311,0.22312430684796319,0.93157271601285419,0.14267603245753849,0.29032206025840945,False,0,0.14065217391304347,0.76891304347826084,0.84804347826086957,0.52934782608695652,0.56871842129661776,T-shirt|T-shirt::1|T-shirt/1_8.tif|001918
1919,T-shirt/1_9.tif,T-shirt,T-shirt::1,2,0.17610148326739999,0.26210069009069797,0.94357162379027237,0.246226327879288,0.37319591303285521,False,0,0.028913043478260871,0.98152173913043483,0.91717391304347828,0.88543478260869568,0.88112436762850543,T-shirt|T-shirt::1|T-shirt/1_9.tif|001919
1920,T-shirt/2_1.tif,T-shirt,T-shirt::2,4,0.19503645507316289,0.21018816479761829,0.88635382774002536,0.094964458169616101,0.465964498692017,True,0.028495599754328499,0.15630434782608696,0.61326086956521741,0.52847826086956518,0.29195652173913045,0.41838717246942037,T-shirt|T-shirt::2|T-shirt/2_1.tif|001920
1921,T-shirt/2_10.tif,T-shirt,T-shirt::2,4,0.21075451752014951,0.1759283310517713,0.84271738303933075,0.1745086042379293,0.62239154707863587,False,0,0.31804347826086954,0.20760869565217391,0.30630434782608695,0.66630434782608694,0.4286910221109877,T-shirt|T-shirt::2|T-shirt/2_10.tif|001921
1922,T-shirt/2_2.tif,T-shirt,T-shirt::2,4,0.2319741851137711,0.13853105023539891,0.80896115738230101,0.1187067426803565,0.10465447161658914,True,0.16278248296454351,0.53500000000000003,0.025000000000000001,0.15891304347826088,0.41456521739130436,0.59202146412833534,T-shirt|T-shirt::2|T-shirt/2_2.tif|001922
1923,T-shirt/2_3.tif,T-shirt,T-shirt::2,4,0.2194176662517075,0.18580457408026199,0.85908717060544182,0.088382395369574707,0.028282159690251829,True,0.038741911967275999,0.41413043478260869,0.30804347826086959,0.3815217391304348,0.26065217391304346,0.33991965024110893,T-shirt|T-shirt::2|T-shirt/2_3.tif|001923
1924,T-shirt/2_4.tif,T-shirt,T-shirt::2,4,0.21343212534844599,0.14291266066740191,0.82467192148665114,0.088998135421236801,0.47152784422049526,False,0,0.34586956521739132,0.035000000000000003,0.21978260869565217,0.2658695652173913,0.61099921260766232,T-shirt|T-shirt::2|T-shirt/2_4.tif|001924
1925,T-shirt/2_5.tif,T-shirt,T-shirt::2,4,0.1917938160228832,0.179497346076988,0.83747946038187837,0.0631043227494546,0.5085943763522609,False,0,0.12891304347826088,0.24152173913043479,0.28717391304347828,0.12891304347826088,0.62250864510664761,T-shirt|T-shirt::2|T-shirt/2_5.tif|001925
1926,T-shirt/2_6.tif,T-shirt,T-shirt::2,4,0.19407286517712199,0.23798567051173211,0.87311823571839009,0.17575147828043619,0.53524108477295118,False,0,0.14717391304347827,0.89760869565217394,0.45413043478260867,0.67282608695652169,0.56084917387940392,T-shirt|T-shirt::2|T-shirt/2_6.tif|001926
1927,T-shirt/2_7.tif,T-shirt,T-shirt::2,4,0.17524382654722401,0.22321603094336459,0.83179985830659153,0.098673645645737398,0.55869481826616596,False,0,0.026739130434782609,0.77065217391304353,0.25586956521739129,0.3084782608695652,0.62730271452638708,T-shirt|T-shirt::2|T-shirt/2_7.tif|001927
1928,T-shirt/2_8.tif,T-shirt,T-shirt::2,4,0.17235046321093661,0.27255801452216888,0.92517708772959162,0.28931093866034718,0.46125239906680482,False,0,0.018043478260869564,0.99152173913043473,0.80065217391304344,0.94760869565217387,0.87442608777801645,T-shirt|T-shirt::2|T-shirt/2_8.tif|001928
1929,T-shirt/2_9.tif,T-shirt,T-shirt::2,4,0.2146776859999126,0.2008826893210148,0.88780866155040172,0.030812668312775401,0.39280566448629461,False,0,0.36195652173913045,0.4841304347826087,0.53760869565217395,0.021521739130434783,0.49966359193358262,T-shirt|T-shirt::2|T-shirt/2_9.tif|001929
1930,T-shirt/3-10.tif,T-shirt,T-shirt::3,0,0.17471763283207559,0.23723543520268089,0.89043622042577375,0.33523064465372571,0.68870724559363106,False,0,0.023695652173913045,0.89413043478260867,0.55239130434782613,0.98065217391304349,0.78484138043209939,T-shirt|T-shirt::3|T-shirt/3-10.tif|001930
1931,T-shirt/3_1.tif,T-shirt,T-shirt::3,0,0.1987386133987768,0.2350898161536556,0.91351012514062957,0.11042834655485489,0.4735646844567209,True,0.0043885014571816003,0.19152173913043477,0.87673913043478258,0.72065217391304348,0.3684782608695652,0.55052389552708225,T-shirt|T-shirt::3|T-shirt/3_1.tif|001931
1932,T-shirt/3_2.tif,T-shirt,T-shirt::3,0,0.2282743606431536,0.17127256687418119,0.89572920426672753,0.053797580069275999,0.17128612772535112,True,0.0108312453156525,0.50543478260869568,0.15891304347826088,0.58934782608695657,0.08413043478260869,0.54525258190295045,T-shirt|T-shirt::3|T-shirt/3_2.tif|001932
1933,T-shirt/3_3.tif,T-shirt,T-shirt::3,0,0.19126884486820969,0.2416849322577023,0.91839126930470616,0.057310698500302903,0.053932146070239551,True,0.048478237180084802,0.12239130434782609,0.92195652173913045,0.75195652173913041,0.10195652173913043,0.7365842332708552,T-shirt|T-shirt::3|T-shirt/3_3.tif|001933
1934,T-shirt/3_4.tif,T-shirt,T-shirt::3,0,0.19778684333065061,0.25225077556326309,0.93100864622927237,0.14748323890539761,0.091112340832864458,False,0,0.18239130434782608,0.96326086956521739,0.84282608695652173,0.5454347826086956,0.65960591431006488,T-shirt|T-shirt::3|T-shirt/3_4.tif|001934
1935,T-shirt/3_5.tif,T-shirt,T-shirt::3,0,0.198310783314749,0.2396870306800668,0.94776475259415838,0.087475083569944295,0.4357279006817642,False,0,0.18760869565217392,0.91021739130434787,0.93630434782608696,0.25586956521739129,0.71821152057020998,T-shirt|T-shirt::3|T-shirt/3_5.tif|001935
1936,T-shirt/3_6.tif,T-shirt,T-shirt::3,0,0.1888263460796045,0.22398297432949679,0.94332414818457255,0.1697759085900617,0.5653076775287067,False,0,0.098478260869565223,0.77891304347826085,0.91586956521739127,0.64673913043478259,0.65840113949741408,T-shirt|T-shirt::3|T-shirt/3_6.tif|001936
1937,T-shirt/3_7.tif,T-shirt,T-shirt::3,0,0.18349500201954549,0.26029022727984108,0.95677226192702958,0.1773521859971042,0.50335415794735083,False,0,0.065000000000000002,0.97934782608695647,0.96630434782608698,0.67891304347826087,0.81758727992946256,T-shirt|T-shirt::3|T-shirt/3_7.tif|001937
1938,T-shirt/3_8.tif,T-shirt,T-shirt::3,0,0.19626242672193389,0.2240520155337975,0.95698694524558037,0.0668412842295701,0.45835213818772513,False,0,0.1658695652173913,0.77978260869565219,0.96760869565217389,0.14934782608695651,0.72906535708126352,T-shirt|T-shirt::3|T-shirt/3_8.tif|001938
1939,T-shirt/3_9.tif,T-shirt,T-shirt::3,0,0.18900595596528921,0.2626457230448338,0.93048826555587216,0.17827734882453999,0.54094026801862738,False,0,0.10021739130434783,0.98326086956521741,0.83978260869565213,0.68326086956521737,0.73648080066913713,T-shirt|T-shirt::3|T-shirt/3_9.tif|001939
1940,T-shirt/4_1.tif,T-shirt,T-shirt::4,3,0.19930969354554509,0.20333070727308719,0.72096050523481992,0.069102273449288001,0.46213533136750157,True,0.013139721490085099,0.19891304347826086,0.52630434782608693,0.0093478260869565219,0.15934782608695652,0.66942418051587982,T-shirt|T-shirt::4|T-shirt/4_1.tif|001940
1941,T-shirt/4_10.tif,T-shirt,T-shirt::4,3,0.2253864964244921,0.14741060405689749,0.731171281957535,0.0946735175255696,0.64691434474730958,False,0,0.47630434782608694,0.044565217391304347,0.015869565217391305,0.29065217391304349,0.69727406040373341,T-shirt|T-shirt::4|T-shirt/4_10.tif|001941
1942,T-shirt/4_2.tif,T-shirt,T-shirt::4,3,0.23400225929540841,0.17550142796463949,0.70128655380949334,0.10609296193635689,0.098620631323141361,True,0.045299546681842003,0.56065217391304345,0.2041304347826087,0.0023913043478260869,0.33934782608695652,0.60385513229080934,T-shirt|T-shirt::4|T-shirt/4_2.tif|001942
1943,T-shirt/4_3.tif,T-shirt,T-shirt::4,3,0.2078993063530932,0.19842850445229451,0.74347181089592929,0.099776149713990098,0.07106833228247722,True,0.056471425507037702,0.28152173913043477,0.44804347826086954,0.027608695652173915,0.31195652173913041,0.55582922266079626,T-shirt|T-shirt::4|T-shirt/4_3.tif|001943
1944,T-shirt/4_4.tif,T-shirt,T-shirt::4,3,0.1972328227036419,0.2111490458701818,0.82493986869018066,0.29256861014583407,0.52341588857975352,False,0,0.17543478260869566,0.63195652173913042,0.22152173913043477,0.94891304347826089,0.63389917680306762,T-shirt|T-shirt::4|T-shirt/4_4.tif|001944
1945,T-shirt/4_5.tif,T-shirt,T-shirt::4,3,0.18892383844117219,0.18411760663147081,0.75375866270006064,0.1174644713535338,0.56988101955624537,False,0,0.099347826086956526,0.28891304347826086,0.041956521739130434,0.40804347826086956,0.65064560057110432,T-shirt|T-shirt::4|T-shirt/4_5.tif|001945
1946,T-shirt/4_6.tif,T-shirt,T-shirt::4,3,0.20979001967802949,0.17673344731587709,0.77707292475246781,0.071054822003073503,0.65964187495011051,False,0,0.30760869565217391,0.21717391304347827,0.07847826086956522,0.16717391304347826,0.63675646064263247,T-shirt|T-shirt::4|T-shirt/4_6.tif|001946
1947,T-shirt/4_7.tif,T-shirt,T-shirt::4,3,0.19577481874818939,0.17617867904749979,0.74585527805853413,0.100281167362402,0.048059106308483979,False,0,0.16195652173913044,0.21108695652173914,0.031521739130434781,0.31586956521739129,0.67165470132143301,T-shirt|T-shirt::4|T-shirt/4_7.tif|001947
1948,T-shirt/4_8.tif,T-shirt,T-shirt::4,3,0.2396745884590501,0.14950538364202889,0.75456220807583585,0.071566176599627301,0.44624635367296234,False,0,0.61021739130434782,0.049782608695652174,0.043695652173913045,0.17152173913043478,0.72866672662316112,T-shirt|T-shirt::4|T-shirt/4_8.tif|001948
1949,T-shirt/4_9.tif,T-shirt,T-shirt::4,3,0.20411759856943551,0.2102622975099975,0.77212233343780212,0.041472602719102802,0.50493244937311488,False,0,0.24239130434782608,0.61456521739130432,0.068478260869565211,0.046304347826086958,0.68668638056626585,T-shirt|T-shirt::4|T-shirt/4_9.tif|001949
1950,T-shirt/5_1.tif,T-shirt,T-shirt::5,1,0.18984408330170049,0.18394558981572759,0.79128372157037952,0.15681299817102781,0.51601286132939239,True,0.023168784706623299,0.10847826086956522,0.28717391304347828,0.10195652173913043,0.58586956521739131,0.60365255596044676,T-shirt|T-shirt::5|T-shirt/5_1.tif|001950
1951,T-shirt/5_10.tif,T-shirt,T-shirt::5,1,0.21403519200714829,0.1878088650115152,0.74392336351918109,0.077503251021650899,0.55199165899456271,False,0,0.35108695652173916,0.32891304347826089,0.028478260869565217,0.20499999999999999,0.60066928644839135,T-shirt|T-shirt::5|T-shirt/5_10.tif|001951
1952,T-shirt/5_2.tif,T-shirt,T-shirt::5,1,0.19680199030334741,0.2192900393493413,0.75007090082852867,0.083668858987531,0.14399750457284999,True,0.023516320459578698,0.16978260869565218,0.72934782608695647,0.036304347826086956,0.2341304347826087,0.66883797320766469,T-shirt|T-shirt::5|T-shirt/5_2.tif|001952
1953,T-shirt/5_3.tif,T-shirt,T-shirt::5,1,0.2033681980891561,0.1855450691782701,0.74815361813175729,0.069133869261464101,0.037933564773579898,True,0.047362083190282803,0.23630434782608695,0.30152173913043478,0.033260869565217392,0.16021739130434784,0.66500124365618452,T-shirt|T-shirt::5|T-shirt/5_3.tif|001953
1954,T-shirt/5_4.tif,T-shirt,T-shirt::5,1,0.22932800040838819,0.18011916813218401,0.77747918357047052,0.19414579125062509,0.52433839002365923,False,0,0.51586956521739136,0.24804347826086956,0.07978260869565218,0.74456521739130432,0.54784006193355128,T-shirt|T-shirt::5|T-shirt/5_4.tif|001954
1955,T-shirt/5_5.tif,T-shirt,T-shirt::5,1,0.2141673087831758,0.197318767985737,0.72988638411174445,0.14357673277870661,0.43789621237469611,False,0,0.35369565217391302,0.43586956521739129,0.014999999999999999,0.53326086956521734,0.51171179417955326,T-shirt|T-shirt::5|T-shirt/5_5.tif|001955
1956,T-shirt/5_6.tif,T-shirt,T-shirt::5,1,0.19451989071887019,0.2120946206653547,0.73610047500419074,0.1245334700710921,0.51288268007183602,False,0,0.15108695652173912,0.64413043478260867,0.022391304347826088,0.44065217391304345,0.61167485215897599,T-shirt|T-shirt::5|T-shirt/5_6.tif|001956
1957,T-shirt/5_7.tif,T-shirt,T-shirt::5,1,0.20455348935267481,0.1808499910935806,0.75005608615714625,0.171204020052451,0.64466567850340617,False,0,0.24760869565217392,0.25413043478260872,0.035869565217391305,0.65326086956521734,0.60254391395313744,T-shirt|T-shirt::5|T-shirt/5_7.tif|001957
1958,T-shirt/5_8.tif,T-shirt,T-shirt::5,1,0.1977855384975554,0.19723901738214639,0.76514032636100082,0.13863350558385221,0.39387071718436945,False,0,0.18195652173913043,0.43456521739130433,0.058913043478260867,0.51065217391304352,0.54781797785578712,T-shirt|T-shirt::5|T-shirt/5_8.tif|001958
1959,T-shirt/5_9.tif,T-shirt,T-shirt::5,1,0.1856666391646529,0.2258585962156775,0.72629853731173877,0.12611533893450849,0.58304434402697236,False,0,0.079347826086956522,0.79804347826086952,0.011521739130434782,0.45195652173913042,0.71182677211324696,T-shirt|T-shirt::5|T-shirt/5_9.tif|001959
1960,T-shirt/6_1.tif,T-shirt,T-shirt::6,3,0.2297390392718541,0.18232205766641679,0.76576309851727475,0.035751299565465799,0.58911340863569261,True,0.0245192817816378,0.51891304347826084,0.27108695652173914,0.059782608695652176,0.031521739130434781,0.68265812615266541,T-shirt|T-shirt::6|T-shirt/6_1.tif|001960
1961,T-shirt/6_10.tif,T-shirt,T-shirt::6,3,0.17629855371446809,0.22116073652525389,0.83328592853780181,0.240430044991117,0.61134646106442991,False,0,0.029347826086956522,0.74630434782608701,0.26456521739130434,0.8706521739130435,0.68919654051335499,T-shirt|T-shirt::6|T-shirt/6_10.tif|001961
1962,T-shirt/6_2.tif,T-shirt,T-shirt::6,3,0.2257883564703517,0.18251444543546169,0.80505697185140312,0.030340652481080199,0.14401189803589687,True,0.027984224845779501,0.47934782608695653,0.27282608695652172,0.14673913043478262,0.01934782608695652,0.63863467906787574,T-shirt|T-shirt::6|T-shirt/6_2.tif|001962
1963,T-shirt/6_3.tif,T-shirt,T-shirt::6,3,0.21646431629120941,0.198829167528531,0.76760383546785493,0.040638282287795001,0.020483342875426636,True,0.1029828999184664,0.38239130434782609,0.45673913043478259,0.062391304347826089,0.044130434782608696,0.64422180895281311,T-shirt|T-shirt::6|T-shirt/6_3.tif|001963
1964,T-shirt/6_4.tif,T-shirt,T-shirt::6,3,0.21659330853750139,0.186898604096364,0.81454907185881398,0.3918444470699885,0.46835199581577286,False,0,0.38326086956521738,0.31804347826086954,0.17847826086956523,0.99456521739130432,0.62825725890342032,T-shirt|T-shirt::6|T-shirt/6_4.tif|001964
1965,T-shirt/6_5.tif,T-shirt,T-shirt::6,3,0.19742926628645729,0.17746533476081691,0.79935987455726087,0.13349442713138729,0.58694075509931753,False,0,0.17804347826086955,0.22239130434782609,0.12804347826086956,0.49108695652173912,0.56493688691780264,T-shirt|T-shirt::6|T-shirt/6_5.tif|001965
1966,T-shirt/6_6.tif,T-shirt,T-shirt::6,3,0.21347462934449599,0.1683922661977007,0.81265550083912741,0.072548547468777203,0.47879588247687299,False,0,0.34760869565217389,0.13978260869565218,0.17195652173913042,0.17543478260869566,0.60492543557755585,T-shirt|T-shirt::6|T-shirt/6_6.tif|001966
1967,T-shirt/6_7.tif,T-shirt,T-shirt::6,3,0.2163189100637451,0.18416486972459789,0.84506384202076468,0.076139900820384895,0.5229404900231458,False,0,0.37847826086956521,0.29021739130434782,0.31847826086956521,0.19891304347826086,0.42705944920689881,T-shirt|T-shirt::6|T-shirt/6_7.tif|001967
1968,T-shirt/6_8.tif,T-shirt,T-shirt::6,3,0.22745776404679871,0.18132692311856169,0.799082464088402,0.091860419657793096,0.51833092423229155,False,0,0.4984782608695652,0.26108695652173913,0.12717391304347825,0.27891304347826085,0.49493483560301527,T-shirt|T-shirt::6|T-shirt/6_8.tif|001968
1969,T-shirt/6_9.tif,T-shirt,T-shirt::6,3,0.2265882375099737,0.1907278992101023,0.80704270511129939,0.062812550400565603,0.23223924984410715,False,0,0.48760869565217391,0.36282608695652174,0.155,0.12586956521739132,0.52722747374707624,T-shirt|T-shirt::6|T-shirt/6_9.tif|001969
1970,T-shirt/7_1.tif,T-shirt,T-shirt::7,4,0.21678461077770039,0.1912210089934146,0.76748353926936441,0.063396783717299704,0.53312480302201681,True,0.040828626173092498,0.38673913043478259,0.36760869565217391,0.061956521739130438,0.13021739130434781,0.59914668369459456,T-shirt|T-shirt::7|T-shirt/7_1.tif|001970
1971,T-shirt/7_10.tif,T-shirt,T-shirt::7,4,0.24520626164377199,0.16223226043160749,0.8068128211630553,0.12604382485363341,0.71059512560252736,False,0,0.64543478260869569,0.10543478260869565,0.15413043478260868,0.45152173913043481,0.54663414153169276,T-shirt|T-shirt::7|T-shirt/7_10.tif|001971
1972,T-shirt/7_2.tif,T-shirt,T-shirt::7,4,0.21449886345393021,0.1891361649229984,0.72769157233973003,0.080512044988045997,0.12234855667250777,True,0.034743783491397499,0.35804347826086957,0.34152173913043476,0.012391304347826086,0.21934782608695652,0.6014938869433718,T-shirt|T-shirt::7|T-shirt/7_2.tif|001972
1973,T-shirt/7_3.tif,T-shirt,T-shirt::7,4,0.25146589649922702,0.15700336525139741,0.72738993719193135,0.1000715055928717,0.02386081036458032,True,0.157536563363948,0.68326086956521737,0.082391304347826086,0.011956521739130435,0.31456521739130433,0.69322006914991408,T-shirt|T-shirt::7|T-shirt/7_3.tif|001973
1974,T-shirt/7_4.tif,T-shirt,T-shirt::7,4,0.26264759914599728,0.18378274648357371,0.76952247747459046,0.23404341915475479,0.50179261442673606,False,0,0.7419565217391304,0.28586956521739132,0.065000000000000002,0.85586956521739133,0.64827690762536216,T-shirt|T-shirt::7|T-shirt/7_4.tif|001974
1975,T-shirt/7_5.tif,T-shirt,T-shirt::7,4,0.22063019868852679,0.21419075611578639,0.76271236051601887,0.16306852958535931,0.58664212973480345,False,0,0.4284782608695652,0.67065217391304344,0.054565217391304349,0.61586956521739133,0.49605990095029134,T-shirt|T-shirt::7|T-shirt/7_5.tif|001975
1976,T-shirt/7_6.tif,T-shirt,T-shirt::7,4,0.26162290650489189,0.15021691073297319,0.76052145843322649,0.111944771728787,0.64169542995377815,False,0,0.73673913043478256,0.052391304347826087,0.051086956521739134,0.37804347826086959,0.68760110100412097,T-shirt|T-shirt::7|T-shirt/7_6.tif|001976
1977,T-shirt/7_7.tif,T-shirt,T-shirt::7,4,0.23087059457913039,0.19885464602950731,0.76711222827097036,0.1238879518227107,0.24508836216640617,False,0,0.52717391304347827,0.45760869565217394,0.06152173913043478,0.43717391304347825,0.44580909220413106,T-shirt|T-shirt::7|T-shirt/7_7.tif|001977
1978,T-shirt/7_8.tif,T-shirt,T-shirt::7,4,0.218395012573602,0.2066937574425381,0.75046666641838489,0.16197015660045841,0.5570117927416538,False,0,0.40413043478260868,0.56673913043478263,0.03760869565217391,0.61239130434782607,0.48998225344970631,T-shirt|T-shirt::7|T-shirt/7_8.tif|001978
1979,T-shirt/7_9.tif,T-shirt,T-shirt::7,4,0.2205513753712664,0.21106879192991099,0.77245771014812381,0.071048586924235907,0.098030890999095344,True,0.020249121048549801,0.42717391304347824,0.63021739130434784,0.068913043478260869,0.16673913043478261,0.56494157149748603,T-shirt|T-shirt::7|T-shirt/7_9.tif|001979
1980,T-shirt/8_1.tif,T-shirt,T-shirt::8,0,0.1929151593246442,0.24230044124731859,0.87282881258216904,0.20021927652007729,0.44898647449469492,True,0.14066190427738001,0.13847826086956522,0.92543478260869561,0.4523913043478261,0.76195652173913042,0.61853094449717472,T-shirt|T-shirt::8|T-shirt/8_1.tif|001980
1981,T-shirt/8_10.tif,T-shirt,T-shirt::8,0,0.19429776146073091,0.24086389535815031,0.88483329586601256,0.2205331233966655,0.61714693640129625,False,0,0.14891304347826087,0.91804347826086952,0.51978260869565218,0.82369565217391305,0.63497450940903433,T-shirt|T-shirt::8|T-shirt/8_10.tif|001981
1982,T-shirt/8_2.tif,T-shirt,T-shirt::8,0,0.23748637022548699,0.16201177845616799,0.7509504632451105,0.10006575357366219,0.055277346236710656,True,0.083030962082942403,0.5889130434782609,0.10456521739130435,0.039347826086956521,0.31413043478260871,0.64111006637103152,T-shirt|T-shirt::8|T-shirt/8_2.tif|001982
1983,T-shirt/8_3.tif,T-shirt,T-shirt::8,0,0.19891459959129429,0.22604861054828951,0.8756237488837525,0.2052738843894886,0.026168162423793051,True,0.16419802726329,0.1932608695652174,0.80065217391304344,0.46934782608695652,0.78152173913043477,0.51446542078855562,T-shirt|T-shirt::8|T-shirt/8_3.tif|001983
1984,T-shirt/8_4.tif,T-shirt,T-shirt::8,0,0.22675693848003931,0.2474125761560193,0.90737629261265962,0.20118188966458461,0.59809946061825237,False,0,0.49021739130434783,0.94847826086956522,0.67065217391304344,0.76673913043478259,0.54909050080276722,T-shirt|T-shirt::8|T-shirt/8_4.tif|001984
1985,T-shirt/8_5.tif,T-shirt,T-shirt::8,0,0.22742827717075539,0.23200193752694639,0.91744536063612403,0.1602376067505385,0.52849864924082723,False,0,0.49760869565217392,0.85239130434782606,0.74760869565217392,0.60326086956521741,0.44289753110892571,T-shirt|T-shirt::8|T-shirt/8_5.tif|001985
1986,T-shirt/8_6.tif,T-shirt,T-shirt::8,0,0.18209126276909079,0.23449717895626959,0.85636972992847349,0.24223955773721309,0.60752403227089491,False,0,0.055869565217391302,0.87021739130434783,0.37239130434782608,0.87543478260869567,0.70110485315883631,T-shirt|T-shirt::8|T-shirt/8_6.tif|001986
1987,T-shirt/8_7.tif,T-shirt,T-shirt::8,0,0.21962110498240661,0.2145190030816643,0.8208333738813014,0.1122939779904701,0.52176254436459457,False,0,0.41630434782608694,0.67543478260869561,0.20152173913043478,0.38021739130434784,0.37579179168714272,T-shirt|T-shirt::8|T-shirt/8_7.tif|001987
1988,T-shirt/8_8.tif,T-shirt,T-shirt::8,0,0.2556449238924946,0.1942335976242712,0.89378509853667631,0.1387279477604052,0.53717566455914478,False,0,0.7058695652173913,0.4002173913043478,0.58065217391304347,0.51152173913043475,0.24285051062412241,T-shirt|T-shirt::8|T-shirt/8_8.tif|001988
1989,T-shirt/8_9.tif,T-shirt,T-shirt::8,0,0.23746428438458059,0.2111421238750337,0.92487769039719636,0.086615855139488301,0.10760017374549602,False,0,0.58847826086956523,0.63152173913043474,0.79630434782608694,0.24934782608695652,0.41922446176049205,T-shirt|T-shirt::8|T-shirt/8_9.tif|001989
1990,T-shirt/9_1.tif,T-shirt,T-shirt::9,2,0.24186734015584499,0.1411099200521142,0.72930644271843725,0.101000393035292,0.52912452757842776,True,0.042768770448551402,0.62760869565217392,0.031521739130434781,0.013260869565217392,0.31804347826086954,0.71118142341686108,T-shirt|T-shirt::9|T-shirt/9_1.tif|001990
1991,T-shirt/9_10.tif,T-shirt,T-shirt::9,2,0.23731144474711141,0.19071799047523871,0.76876442330788097,0.1343678603356675,0.67497789922215301,False,0,0.58543478260869564,0.36239130434782607,0.063695652173913042,0.49413043478260871,0.46543655950760465,T-shirt|T-shirt::9|T-shirt/9_10.tif|001991
1992,T-shirt/9_2.tif,T-shirt,T-shirt::9,2,0.23461256096335459,0.17083511460670839,0.77295532475785111,0.047079008527129998,0.16806282127361694,True,0.042988597010535999,0.56717391304347831,0.15413043478260868,0.070217391304347829,0.063260869565217398,0.70681839925642165,T-shirt|T-shirt::9|T-shirt/9_2.tif|001992
1993,T-shirt/9_3.tif,T-shirt,T-shirt::9,2,0.2100195784176036,0.20056860587770969,0.72952802088325897,0.065931541312506198,0.032157561117788114,True,0.2048045850398888,0.31065217391304351,0.4776086956521739,0.013695652173913043,0.14499999999999999,0.63156226016823469,T-shirt|T-shirt::9|T-shirt/9_3.tif|001993
1994,T-shirt/9_4.tif,T-shirt,T-shirt::9,2,0.24287861544209099,0.1946037971228024,0.80531864763564376,0.27653317184973059,0.22452286409872102,False,0,0.63108695652173918,0.40500000000000003,0.14760869565217391,0.93108695652173912,0.57984858854124177,T-shirt|T-shirt::9|T-shirt/9_4.tif|001994
1995,T-shirt/9_5.tif,T-shirt,T-shirt::9,2,0.232417742251951,0.1857948683142992,0.76504110801911551,0.15941450824839759,0.63542208027758051,False,0,0.5410869565217391,0.30717391304347824,0.058478260869565216,0.60021739130434781,0.49381677720769662,T-shirt|T-shirt::9|T-shirt/9_5.tif|001995
1996,T-shirt/9_6.tif,T-shirt,T-shirt::9,2,0.24858779883103349,0.1365854730155053,0.76466554136276121,0.075049107906257295,0.52042890743028269,False,0,0.66760869565217396,0.021521739130434783,0.057608695652173914,0.19195652173913044,0.74002362911234965,T-shirt|T-shirt::9|T-shirt/9_6.tif|001996
1997,T-shirt/9_7.tif,T-shirt,T-shirt::9,2,0.2389149089761248,0.16635378707998941,0.75691835972080912,0.13424633189824869,0.54693495823557514,False,0,0.60369565217391308,0.13195652173913044,0.045869565217391307,0.49326086956521736,0.59370755245742879,T-shirt|T-shirt::9|T-shirt/9_7.tif|001997
1998,T-shirt/9_8.tif,T-shirt,T-shirt::9,2,0.21360842241179301,0.2024832253990024,0.74819428315323233,0.1218052856519407,0.36246020954382735,False,0,0.34847826086956524,0.51152173913043475,0.033695652173913043,0.42717391304347824,0.49581747815563393,T-shirt|T-shirt::9|T-shirt/9_8.tif|001998
1999,T-shirt/9_9.tif,T-shirt,T-shirt::9,2,0.21598516113921079,0.20612512981755859,0.7511352821966728,0.13568994057303541,0.47511340890228987,False,0,0.37326086956521737,0.56195652173913047,0.040217391304347823,0.49978260869565216,0.48093815848540716,T-shirt|T-shirt::9|T-shirt/9_9.tif|001999
2000,Tunic/10_1.tif,Tunic,Tunic::10,1,0.22840128710353111,0.20181847159301561,0.82322393551274498,0.180469839373436,0.3000544614117816,True,0.087754895935219998,0.50630434782608691,0.49891304347826088,0.21239130434782608,0.69195652173913047,0.34584244148010884,Tunic|Tunic::10|Tunic/10_1.tif|002000
2001,Tunic/10_10.tif,Tunic,Tunic::10,1,0.20948125473103599,0.1994831446133925,0.8516670104282742,0.16388158244192,0.55761559530053817,False,0,0.30108695652173911,0.46108695652173914,0.35065217391304349,0.62021739130434783,0.27899393926651528,Tunic|Tunic::10|Tunic/10_10.tif|002001
2002,Tunic/10_2.tif,Tunic,Tunic::10,1,0.25235805103418718,0.18966502170466759,0.81869619118232717,0.13931949752625081,0.16369835764899687,True,0.024597211413898999,0.68891304347826088,0.34760869565217389,0.19369565217391305,0.51673913043478259,0.39116978362589327,Tunic|Tunic::10|Tunic/10_2.tif|002002
2003,Tunic/10_3.tif,Tunic,Tunic::10,1,0.1952237045010814,0.21192683542448831,0.84216874560620625,0.14265056680001381,0.057766795667951953,True,0.11142363447323721,0.15847826086956521,0.64195652173913043,0.30499999999999999,0.52891304347826085,0.41910585350973661,Tunic|Tunic::10|Tunic/10_3.tif|002003
2004,Tunic/10_4.tif,Tunic,Tunic::10,1,0.23638052378743649,0.20736972004917451,0.84560615130627725,0.064384403678672597,0.20066594931487192,False,0,0.57804347826086955,0.57499999999999996,0.32021739130434784,0.13630434782608697,0.41989534207785245,Tunic|Tunic::10|Tunic/10_4.tif|002004
2005,Tunic/10_5.tif,Tunic,Tunic::10,1,0.2045698140189591,0.2131178649935947,0.88966673961405618,0.21189755797269949,0.43082570260706282,False,0,0.24804347826086956,0.6567391304347826,0.54630434782608694,0.80108695652173911,0.42526073398734515,Tunic|Tunic::10|Tunic/10_5.tif|002005
2006,Tunic/10_6.tif,Tunic,Tunic::10,1,0.2374642517844818,0.1999781276061901,0.91165287044883481,0.1224930904324206,0.47727178226584976,False,0,0.58804347826086956,0.47021739130434781,0.70543478260869563,0.4284782608695652,0.23655330671693126,Tunic|Tunic::10|Tunic/10_6.tif|002006
2007,Tunic/10_7.tif,Tunic,Tunic::10,1,0.2277151238429744,0.19677061292309281,0.88039145401861996,0.1353331995537205,0.52194115458469237,False,0,0.50152173913043474,0.4306521739130435,0.495,0.49891304347826088,0.069552988055496312,Tunic|Tunic::10|Tunic/10_7.tif|002007
2008,Tunic/10_8.tif,Tunic,Tunic::10,1,0.2467918654460573,0.16623595102815619,0.87467258808252912,0.092224472020541501,0.35484569552058176,False,0,0.6567391304347826,0.12978260869565217,0.46543478260869564,0.28152173913043477,0.45886335281818519,Tunic|Tunic::10|Tunic/10_8.tif|002008
2009,Tunic/10_9.tif,Tunic,Tunic::10,1,0.21249863234655431,0.21727928515315739,0.82254653408256906,0.057574169333272501,0.26796228348171236,True,0.0255447269809536,0.33891304347826084,0.71108695652173914,0.20760869565217391,0.10369565217391305,0.55951454113287391,Tunic|Tunic::10|Tunic/10_9.tif|002009
2010,Tunic/1_1.tif,Tunic,Tunic::1,1,0.22174972091424189,0.1713963417244618,0.85395227308779242,0.14102130250459999,0.47534161968131794,True,0.019811147030630302,0.44065217391304345,0.16065217391304348,0.36195652173913045,0.52282608695652177,0.37182811037803043,Tunic|Tunic::1|Tunic/1_1.tif|002010
2011,Tunic/1_10.tif,Tunic,Tunic::1,1,0.205116581523062,0.21105848887528991,0.82725167717679382,0.1210925797343045,0.53464824414471313,False,0,0.25456521739130433,0.62978260869565217,0.23369565217391305,0.42239130434782607,0.39245747966618716,Tunic|Tunic::1|Tunic/1_10.tif|002011
2012,Tunic/1_2.tif,Tunic,Tunic::1,1,0.20979194510627289,0.17799769290164341,0.85676615178373872,0.029641553502163898,0.2585965954170667,True,0.020952856259138501,0.30804347826086959,0.22847826086956521,0.37326086956521737,0.018043478260869564,0.59909620019563381,Tunic|Tunic::1|Tunic/1_2.tif|002012
2013,Tunic/1_3.tif,Tunic,Tunic::1,1,0.2159980927635696,0.19555856882872211,0.85090130982474621,0.042600565590554001,0.028628543637272075,True,0.1793566909809815,0.37369565217391304,0.41543478260869565,0.34630434782608693,0.048913043478260872,0.50020581775247441,Tunic|Tunic::1|Tunic/1_3.tif|002013
2014,Tunic/1_4.tif,Tunic,Tunic::1,1,0.19781341935433461,0.20719051139282141,0.84102338051011449,0.070061961029765002,0.38775360851528751,False,0,0.18326086956521739,0.57282608695652171,0.29934782608695654,0.16239130434782609,0.50977273560477276,Tunic|Tunic::1|Tunic/1_4.tif|002014
2015,Tunic/1_5.tif,Tunic,Tunic::1,1,0.214061170770281,0.22561413535198899,0.77537080166271888,0.077006036167929295,0.098251400206132988,False,0,0.35152173913043477,0.7941304347826087,0.075434782608695655,0.20195652173913042,0.61452749765052828,Tunic|Tunic::1|Tunic/1_5.tif|002015
2016,Tunic/1_6.tif,Tunic,Tunic::1,1,0.19775228678620749,0.1844558782218762,0.77633133559998235,0.053969425210169703,0.10184281141629337,True,0.0221380828321927,0.18065217391304347,0.29326086956521741,0.077173913043478259,0.08543478260869565,0.70382549070139444,Tunic|Tunic::1|Tunic/1_6.tif|002016
2017,Tunic/1_7.tif,Tunic,Tunic::1,1,0.16986265882526699,0.23592193134757211,0.86966375870101542,0.29887860916229531,0.53801077550398679,False,0,0.012826086956521739,0.88543478260869568,0.43456521739130433,0.9545652173913044,0.77253455639974966,Tunic|Tunic::1|Tunic/1_7.tif|002017
2018,Tunic/1_8.tif,Tunic,Tunic::1,1,0.20741663431578519,0.2386227571731793,0.87547574391669081,0.15552794146193349,0.32675376247275534,False,0,0.2767391304347826,0.90282608695652178,0.46760869565217389,0.58152173913043481,0.46883820531173054,Tunic|Tunic::1|Tunic/1_8.tif|002018
2019,Tunic/1_9.tif,Tunic,Tunic::1,1,0.21459863789044531,0.16331968150842441,0.81995730668859279,0.066477939554925106,0.42641477899989111,False,0,0.36065217391304349,0.10978260869565218,0.19804347826086957,0.14847826086956523,0.62163711537649569,Tunic|Tunic::1|Tunic/1_9.tif|002019
2020,Tunic/2_1.tif,Tunic,Tunic::2,0,0.24326742267918661,0.17202918764484099,0.82332277481548777,0.043490126655880999,0.41982965833043479,False,0,0.63239130434782609,0.16673913043478261,0.21369565217391304,0.050652173913043476,0.64224131994405209,Tunic|Tunic::2|Tunic/2_1.tif|002020
2021,Tunic/2_10.tif,Tunic,Tunic::2,0,0.238936401407738,0.16501670615194619,0.82612808865738385,0.080812705246167099,0.091683251185550985,False,0,0.60456521739130431,0.12021739130434783,0.22760869565217393,0.22108695652173913,0.55421856975599604,Tunic|Tunic::2|Tunic/2_10.tif|002021
2022,Tunic/2_2.tif,Tunic,Tunic::2,0,0.25449376226942871,0.12625539204148081,0.81759988684869667,0.056036316856295801,0.19922494917028633,True,0.091036121980620499,0.70195652173913048,0.0080434782608695653,0.18978260869565217,0.095434782608695659,0.73669227018150507,Tunic|Tunic::2|Tunic/2_2.tif|002022
2023,Tunic/2_3.tif,Tunic,Tunic::2,0,0.20834720556576469,0.17371220949861579,0.79756460034115928,0.1489872960271337,0.10205913852145254,True,0.1002758318445662,0.2876086956521739,0.18282608695652175,0.11934782608695652,0.55152173913043478,0.54153478594235593,Tunic|Tunic::2|Tunic/2_3.tif|002023
2024,Tunic/2_4.tif,Tunic,Tunic::2,0,0.22434776830645031,0.1866789794190023,0.80634331047443286,0.20673300734287769,0.55035547811958296,False,0,0.4667391304347826,0.31586956521739129,0.15195652173913043,0.78586956521739126,0.48771505362759887,Tunic|Tunic::2|Tunic/2_4.tif|002024
2025,Tunic/2_5.tif,Tunic,Tunic::2,0,0.21065943910961951,0.1884360502751127,0.83686890901850952,0.1957513539300505,0.58260443152320951,False,0,0.31717391304347825,0.33413043478260868,0.28543478260869565,0.74760869565217392,0.41022724118954934,Tunic|Tunic::2|Tunic/2_5.tif|002025
2026,Tunic/2_6.tif,Tunic,Tunic::2,0,0.20784499427319941,0.1841284778288779,0.79796748318006272,0.19323589740661409,0.48232848690023744,False,0,0.28065217391304348,0.2897826086956522,0.12239130434782609,0.73934782608695648,0.54053725986333923,Tunic|Tunic::2|Tunic/2_6.tif|002026
2027,Tunic/2_7.tif,Tunic,Tunic::2,0,0.23719639228542219,0.1705783582104802,0.81502300811695139,0.033413117010556999,0.5815338033085945,False,0,0.58456521739130429,0.15195652173913043,0.18108695652173912,0.026739130434782609,0.673770672198305,Tunic|Tunic::2|Tunic/2_7.tif|002027
2028,Tunic/2_8.tif,Tunic,Tunic::2,0,0.21903185045107029,0.20093762455620931,0.8612474837081121,0.1170157498087952,0.44149889539984888,False,0,0.40847826086956524,0.48456521739130437,0.39326086956521739,0.40413043478260868,0.17087620299088527,Tunic|Tunic::2|Tunic/2_8.tif|002028
2029,Tunic/2_9.tif,Tunic,Tunic::2,0,0.21692668911549279,0.174090945435074,0.78682779622369048,0.067502731538263597,0.39551286885289816,False,0,0.38934782608695651,0.1867391304347826,0.091956521739130437,0.15152173913043479,0.63112031693041226,Tunic|Tunic::2|Tunic/2_9.tif|002029
2030,Tunic/3_1.tif,Tunic,Tunic::3,3,0.24913254353017181,0.1996941443030939,0.89210754449374119,0.069123356034446803,0.33987838612098797,True,0.087065024259846704,0.66891304347826086,0.46543478260869564,0.56673913043478263,0.15978260869565217,0.38720583077676352,Tunic|Tunic::3|Tunic/3_1.tif|002030
2031,Tunic/3_10.tif,Tunic,Tunic::3,3,0.2397869235067055,0.18788896073683439,0.87392189879598559,0.15825856383767639,0.40337671989396756,False,0,0.61108695652173917,0.32934782608695651,0.46108695652173914,0.59152173913043482,0.22661184888860245,Tunic|Tunic::3|Tunic/3_10.tif|002031
2032,Tunic/3_2.tif,Tunic,Tunic::3,3,0.3021958038474018,0.1373203711424047,0.87939235088027334,0.10486720268709369,0.17732931629867565,True,0.0629125346880825,0.89630434782608692,0.022826086956521739,0.48891304347826087,0.33543478260869564,0.64183853949030456,Tunic|Tunic::3|Tunic/3_2.tif|002032
2033,Tunic/3_3.tif,Tunic,Tunic::3,3,0.32748921944146758,0.15243638229511541,0.90575219771527282,0.20675678113138879,0.034491307698209517,True,0.0711995540163151,0.94586956521739129,0.0641304347826087,0.6567391304347826,0.78630434782608694,0.70378923099427715,Tunic|Tunic::3|Tunic/3_3.tif|002033
2034,Tunic/3_4.tif,Tunic,Tunic::3,3,0.27947221689990598,0.2221213188868279,0.92316961251766705,0.16135137315768289,0.31921675841603969,False,0,0.81717391304347831,0.75630434782608691,0.78326086956521734,0.60978260869565215,0.50850776909378037,Tunic|Tunic::3|Tunic/3_4.tif|002034
2035,Tunic/3_5.tif,Tunic,Tunic::3,3,0.2840288098685097,0.19657368155993349,0.84253222369599556,0.2349057651443355,0.044056153045310853,False,0,0.83499999999999996,0.42630434782608695,0.30586956521739128,0.85847826086956525,0.53277512927527981,Tunic|Tunic::3|Tunic/3_5.tif|002035
2036,Tunic/3_6.tif,Tunic,Tunic::3,3,0.25601178242038719,0.20808714002918091,0.86508664239593591,0.1111717756175801,0.44966099890618028,False,0,0.70804347826086955,0.58630434782608698,0.41413043478260869,0.37326086956521737,0.27233604005815276,Tunic|Tunic::3|Tunic/3_6.tif|002036
2037,Tunic/3_7.tif,Tunic,Tunic::3,3,0.2595387017236867,0.20063262204335219,0.88345339285867264,0.091021942020358196,0.44061362975905805,False,0,0.72543478260869565,0.47934782608695653,0.51326086956521744,0.27543478260869564,0.31914376230907904,Tunic|Tunic::3|Tunic/3_7.tif|002037
2038,Tunic/3_8.tif,Tunic,Tunic::3,3,0.34024862266733469,0.13038560540816849,0.87480854635987848,0.22130742748195281,0.15796679118739032,False,0,0.95804347826086955,0.011956521739130435,0.46586956521739131,0.8258695652173913,0.74521548881092448,Tunic|Tunic::3|Tunic/3_8.tif|002038
2039,Tunic/3_9.tif,Tunic,Tunic::3,3,0.24431556299847809,0.19979478937604589,0.82678271473498044,0.10837453386008999,0.31286311036557357,False,0,0.6380434782608696,0.46760869565217389,0.23108695652173913,0.35282608695652173,0.33775669367309802,Tunic|Tunic::3|Tunic/3_9.tif|002039
2040,Tunic/4_1.tif,Tunic,Tunic::4,2,0.22787301567671339,0.2002578439571075,0.84858335071251323,0.026210665795858599,0.42059860708746966,True,0.043118009481700303,0.50326086956521743,0.47499999999999998,0.33500000000000002,0.011521739130434782,0.51620891566542737,Tunic|Tunic::4|Tunic/4_1.tif|002040
2041,Tunic/4_10.tif,Tunic,Tunic::4,2,0.2507197940280233,0.17071405894324371,0.85606151050953372,0.064793198751371198,0.59574222484542516,False,0,0.67891304347826087,0.15369565217391304,0.37108695652173912,0.13847826086956522,0.5470403267517191,Tunic|Tunic::4|Tunic/4_10.tif|002041
2042,Tunic/4_2.tif,Tunic,Tunic::4,2,0.2213333477095164,0.2096736576782969,0.77154671985566037,0.087495746530008606,0.2724383743976756,True,0.042619175009200802,0.43673913043478263,0.60673913043478256,0.067173913043478264,0.25630434782608696,0.51197770656805386,Tunic|Tunic::4|Tunic/4_2.tif|002042
2043,Tunic/4_3.tif,Tunic,Tunic::4,2,0.2263825916867078,0.1945605057237072,0.77712228596612021,0.1177519196306233,0.037625260962687257,True,0.097793504250290902,0.48499999999999999,0.40456521739130435,0.078913043478260864,0.40934782608695652,0.44143497745361171,Tunic|Tunic::4|Tunic/4_3.tif|002043
2044,Tunic/4_4.tif,Tunic,Tunic::4,2,0.24184367960310291,0.1744085150200447,0.81480974637126113,0.049688842594959703,0.40566998996641246,False,0,0.62717391304347825,0.19152173913043477,0.18021739130434783,0.072391304347826091,0.62963652610808074,Tunic|Tunic::4|Tunic/4_4.tif|002044
2045,Tunic/4_5.tif,Tunic,Tunic::4,2,0.207483404426763,0.1734455847191452,0.84422584857628336,0.051004019831117499,0.51285056471881441,False,0,0.27717391304347827,0.18108695652173912,0.31239130434782608,0.076304347826086957,0.6050388604745236,Tunic|Tunic::4|Tunic/4_5.tif|002045
2046,Tunic/4_6.tif,Tunic,Tunic::4,2,0.22791573663927489,0.20653155198704021,0.82003593440280653,0.068690429553374996,0.64574426707391597,False,0,0.50369565217391299,0.56456521739130439,0.19847826086956522,0.15760869565217392,0.4607922412574072,Tunic|Tunic::4|Tunic/4_6.tif|002046
2047,Tunic/4_7.tif,Tunic,Tunic::4,2,0.20669593824421009,0.20345590561436561,0.84737875003390273,0.083424290341334195,0.49071846615795256,False,0,0.27108695652173914,0.52760869565217394,0.32891304347826089,0.23239130434782609,0.39249023201937627,Tunic|Tunic::4|Tunic/4_7.tif|002047
2048,Tunic/4_8.tif,Tunic,Tunic::4,2,0.27977795051796861,0.15492895102614851,0.83526849847967566,0.1268639264520198,0.30013821097241883,False,0,0.81891304347826088,0.073260869565217393,0.27543478260869564,0.45760869565217394,0.57968816987335126,Tunic|Tunic::4|Tunic/4_8.tif|002048
2049,Tunic/4_9.tif,Tunic,Tunic::4,2,0.25621367583611032,0.17633726625575549,0.76210167102803938,0.0453626485161212,0.41230946064105745,False,0,0.70978260869565213,0.21326086956521739,0.05369565217391304,0.056304347826086953,0.72269044166928842,Tunic|Tunic::4|Tunic/4_9.tif|002049
2050,Tunic/5_1.tif,Tunic,Tunic::5,0,0.21089368823588381,0.2208280692344553,0.89800392267127516,0.14927767099991329,0.4468714224004916,True,0.035505253168341397,0.32065217391304346,0.74326086956521742,0.60456521739130431,0.55413043478260871,0.32435394562358555,Tunic|Tunic::5|Tunic/5_1.tif|002050
2051,Tunic/5_10.tif,Tunic,Tunic::5,0,0.22119382321208619,0.20742833428847099,0.89398187328392942,0.1457119704789791,0.53497901162905959,False,0,0.43456521739130433,0.5758695652173913,0.58282608695652172,0.54065217391304343,0.13620081360149389,Tunic|Tunic::5|Tunic/5_10.tif|002051
2052,Tunic/5_2.tif,Tunic,Tunic::5,0,0.23427404944797089,0.2039534035476023,0.83968294623562678,0.086714995907011594,0.15720802240504506,True,0.033456736651324301,0.56499999999999995,0.53500000000000003,0.29499999999999998,0.25065217391304345,0.33113341476554603,Tunic|Tunic::5|Tunic/5_2.tif|002052
2053,Tunic/5_3.tif,Tunic,Tunic::5,0,0.245640222915017,0.18300359246183459,0.88661489827491879,0.064712216149763593,0.024634982887725809,True,0.169167660495604,0.64804347826086961,0.27717391304347827,0.53021739130434786,0.13717391304347826,0.45180105865010267,Tunic|Tunic::5|Tunic/5_3.tif|002053
2054,Tunic/5_4.tif,Tunic,Tunic::5,0,0.23717630629416581,0.19535737504016601,0.89771116452835831,0.2003689372880269,0.5763829073303095,False,0,0.58413043478260873,0.41152173913043477,0.60282608695652173,0.76239130434782609,0.30712983160116064,Tunic|Tunic::5|Tunic/5_4.tif|002054
2055,Tunic/5_5.tif,Tunic,Tunic::5,0,0.24441816009617051,0.24271985909835761,0.90123633785234103,0.1344599558516307,0.062174313564215211,False,0,0.63847826086956527,0.92717391304347829,0.62804347826086959,0.495,0.46698384666225695,Tunic|Tunic::5|Tunic/5_5.tif|002055
2056,Tunic/5_6.tif,Tunic,Tunic::5,0,0.20971379798463319,0.2176652503444296,0.92457291503869998,0.2708971467605879,0.45481582684334732,False,0,0.30499999999999999,0.71499999999999997,0.7941304347826087,0.92108695652173911,0.58998045528487419,Tunic|Tunic::5|Tunic/5_6.tif|002056
2057,Tunic/5_7.tif,Tunic,Tunic::5,0,0.25233745024822007,0.15601319427946231,0.89714691388320544,0.24429504638547331,0.52712707856733498,False,0,0.68804347826086953,0.07847826086956522,0.60021739130434781,0.88108695652173918,0.60688690892689645,Tunic|Tunic::5|Tunic/5_7.tif|002057
2058,Tunic/5_8.tif,Tunic,Tunic::5,0,0.30476673883333871,0.1836660547789887,0.90877146805824782,0.15008007541269769,0.35341248391586755,False,0,0.90195652173913043,0.28456521739130436,0.68152173913043479,0.55673913043478263,0.49411604064805348,Tunic|Tunic::5|Tunic/5_8.tif|002058
2059,Tunic/5_9.tif,Tunic,Tunic::5,0,0.21842708884166759,0.18404529702067701,0.832340769974663,0.045451746969053401,0.39684685033379591,False,0,0.40543478260869564,0.28847826086956524,0.25847826086956521,0.056739130434782611,0.55542504032977369,Tunic|Tunic::5|Tunic/5_9.tif|002059
2060,Tunic/6_1.tif,Tunic,Tunic::6,3,0.2817667851100048,0.17161307821276589,0.7953067378363381,0.1343531868439482,0.40042856164123031,True,0.053842354084289702,0.82630434782608697,0.16239130434782609,0.11413043478260869,0.49369565217391304,0.60777399167185575,Tunic|Tunic::6|Tunic/6_1.tif|002060
2061,Tunic/6_10.tif,Tunic,Tunic::6,3,0.21359292359314661,0.20209589577859419,0.87944651171616683,0.20175864073012639,0.50455008215395281,False,0,0.34804347826086957,0.50456521739130433,0.48934782608695654,0.76978260869565218,0.30985117471552337,Tunic|Tunic::6|Tunic/6_10.tif|002061
2062,Tunic/6_2.tif,Tunic,Tunic::6,3,0.2341305945077008,0.1755501835927806,0.73646713107329409,0.14888584296988711,0.06781301491634284,True,0.086111706741340097,0.5628260869565217,0.20543478260869566,0.023695652173913045,0.55108695652173911,0.56585465747287333,Tunic|Tunic::6|Tunic/6_2.tif|002062
2063,Tunic/6_3.tif,Tunic,Tunic::6,3,0.20470626773932901,0.19651751198362299,0.83053930479756466,0.092080813002829595,0.08626320832762302,True,0.0828445978364373,0.25021739130434784,0.42543478260869566,0.2484782608695652,0.28021739130434781,0.42369671180182933,Tunic|Tunic::6|Tunic/6_3.tif|002063
2064,Tunic/6_4.tif,Tunic,Tunic::6,3,0.27312844192018049,0.16795842850605611,0.8494353281553757,0.12878065048830439,0.52026159106860392,False,0,0.78891304347826086,0.13804347826086957,0.33934782608695652,0.47108695652173915,0.49104822104099261,Tunic|Tunic::6|Tunic/6_4.tif|002064
2065,Tunic/6_5.tif,Tunic,Tunic::6,3,0.23785166412796049,0.189211648275143,0.85361918988343077,0.057670726036236103,0.58169942144925801,False,0,0.59282608695652173,0.34282608695652173,0.35934782608695653,0.10413043478260869,0.45805683932556895,Tunic|Tunic::6|Tunic/6_5.tif|002065
2066,Tunic/6_6.tif,Tunic,Tunic::6,3,0.23276919157426301,0.19669254830137139,0.83916209408425468,0.11734001548360889,0.46546042150691741,False,0,0.54456521739130437,0.42891304347826087,0.29282608695652174,0.4067391304347826,0.24219420725208321,Tunic|Tunic::6|Tunic/6_6.tif|002066
2067,Tunic/6_7.tif,Tunic,Tunic::6,3,0.2444856864741588,0.20333852527155649,0.85678000369978435,0.104262313824975,0.56654859805069724,False,0,0.63978260869565218,0.5267391304347826,0.37413043478260871,0.33413043478260868,0.25221026724459827,Tunic|Tunic::6|Tunic/6_7.tif|002067
2068,Tunic/6_8.tif,Tunic,Tunic::6,3,0.28013793918567997,0.18517559410708201,0.88976554319315038,0.1242191781521135,0.30621338828925371,False,0,0.82065217391304346,0.29978260869565215,0.54804347826086952,0.43891304347826088,0.38593343010987075,Tunic|Tunic::6|Tunic/6_8.tif|002068
2069,Tunic/6_9.tif,Tunic,Tunic::6,3,0.25990454418749709,0.17514235740022521,0.83437686177490056,0.066017114061509896,0.41404749037505428,False,0,0.72847826086956524,0.19934782608695653,0.27021739130434785,0.14543478260869566,0.56666620334315165,Tunic|Tunic::6|Tunic/6_9.tif|002069
2070,Tunic/7_1.tif,Tunic,Tunic::7,4,0.28808558088966341,0.15195120375778071,0.91507755619815245,0.051540909729928898,0.53487072996028995,True,0.076410740001996602,0.85152173913043483,0.062391304347826089,0.73239130434782607,0.07847826086956522,0.739428967844588,Tunic|Tunic::7|Tunic/7_1.tif|002070
2071,Tunic/7_10.tif,Tunic,Tunic::7,4,0.23829405882580609,0.1830773150001937,0.87455191790995379,0.1215234843612483,0.5221514702740484,False,0,0.59760869565217389,0.27804347826086956,0.46456521739130435,0.42456521739130437,0.25639458897410156,Tunic|Tunic::7|Tunic/7_10.tif|002071
2072,Tunic/7_2.tif,Tunic,Tunic::7,4,0.23106125025015839,0.2210984874513745,0.93992310334805684,0.10742164092433309,0.22474179999194455,True,0.027545619312584198,0.52847826086956518,0.74586956521739134,0.90108695652173909,0.34847826086956524,0.49506811507440773,Tunic|Tunic::7|Tunic/7_2.tif|002072
2073,Tunic/7_3.tif,Tunic,Tunic::7,4,0.2091458028266345,0.20920813764356,0.86996672622378468,0.11143405237475321,0.027505042273300861,True,0.088713811291048605,0.29673913043478262,0.60021739130434781,0.43760869565217392,0.375,0.26622580918175487,Tunic|Tunic::7|Tunic/7_3.tif|002073
2074,Tunic/7_4.tif,Tunic,Tunic::7,4,0.24818656759716401,0.17292518435026219,0.85784958510010234,0.071907902077148395,0.491063681365983,False,0,0.66543478260869571,0.17543478260869566,0.37630434782608696,0.17282608695652174,0.50502933714781584,Tunic|Tunic::7|Tunic/7_4.tif|002074
2075,Tunic/7_5.tif,Tunic,Tunic::7,4,0.26356451431416938,0.1985833671618463,0.91882594215072644,0.107852042351772,0.43700469550381554,False,0,0.74586956521739134,0.45108695652173914,0.75543478260869568,0.35065217391304349,0.38780927044843411,Tunic|Tunic::7|Tunic/7_5.tif|002075
2076,Tunic/7_6.tif,Tunic,Tunic::7,4,0.23262504511313339,0.20570993628865639,0.89134042120029122,0.18801269971172899,0.53160997298018464,False,0,0.54326086956521735,0.5571739130434783,0.56065217391304345,0.7145652173913043,0.23421630575772837,Tunic|Tunic::7|Tunic/7_6.tif|002076
2077,Tunic/7_7.tif,Tunic,Tunic::7,4,0.24576527143998411,0.20248958793670119,0.90400254745675557,0.18509410885730179,0.46029950881920945,False,0,0.64891304347826084,0.51239130434782609,0.64630434782608692,0.7045652173913044,0.29254150013385644,Tunic|Tunic::7|Tunic/7_7.tif|002077
2078,Tunic/7_8.tif,Tunic,Tunic::7,4,0.24986222682797801,0.25371913356647979,0.93627617307716882,0.17259867332347401,0.27376983837234448,False,0,0.67239130434782612,0.96717391304347822,0.87804347826086959,0.65934782608695652,0.64519673587001014,Tunic|Tunic::7|Tunic/7_8.tif|002078
2079,Tunic/7_9.tif,Tunic,Tunic::7,4,0.2308500989380145,0.20284711413721951,0.87843875317502895,0.23987558320190591,0.42702912162329953,False,0,0.5267391304347826,0.51891304347826084,0.48499999999999999,0.86804347826086958,0.36980222579154126,Tunic|Tunic::7|Tunic/7_9.tif|002079
2080,Tunic/8_1.tif,Tunic,Tunic::8,2,0.24624907504149679,0.28214095616181162,0.92628873084012919,0.18102526019102749,0.43604811203840593,True,0.025592157932025,0.65282608695652178,0.99760869565217392,0.81065217391304345,0.69499999999999995,0.63678881899731876,Tunic|Tunic::8|Tunic/8_1.tif|002080
2081,Tunic/8_10.tif,Tunic,Tunic::8,2,0.2912320964761474,0.21443650984710241,0.93876126813918059,0.14198250309286639,0.42150154438768039,False,0,0.86108695652173917,0.6741304347826087,0.89326086956521744,0.5267391304347826,0.56220484800054149,Tunic|Tunic::8|Tunic/8_10.tif|002081
2082,Tunic/8_2.tif,Tunic,Tunic::8,2,0.39636060769358838,0.14725445553899111,0.83510947462516327,0.31113235143390672,0.12924384025379354,True,0.045083502811540797,0.99456521739130432,0.043260869565217394,0.27369565217391306,0.96630434782608698,0.84962273402383259,Tunic|Tunic::8|Tunic/8_2.tif|002082
2083,Tunic/8_3.tif,Tunic,Tunic::8,2,0.36838332085133318,0.1735376196248328,0.91150186778731124,0.26375249622155872,0.040896036304288952,True,0.060369300210748697,0.98239130434782607,0.18195652173913043,0.70413043478260873,0.91195652173913044,0.73839720664599529,Tunic|Tunic::8|Tunic/8_3.tif|002083
2084,Tunic/8_4.tif,Tunic,Tunic::8,2,0.29370325058308999,0.20545546599556641,0.92696505403351559,0.16191034369166649,0.39020820224932717,False,0,0.87021739130434783,0.55456521739130438,0.81543478260869562,0.61152173913043473,0.50197059689908996,Tunic|Tunic::8|Tunic/8_4.tif|002084
2085,Tunic/8_5.tif,Tunic,Tunic::8,2,0.27482081194500568,0.2287888490410612,0.93120451604275278,0.1122039162205109,0.42044228105584203,False,0,0.79456521739130437,0.82195652173913047,0.84630434782608699,0.3793478260869565,0.57000729607641021,Tunic|Tunic::8|Tunic/8_5.tif|002085
2086,Tunic/8_6.tif,Tunic,Tunic::8,2,0.29066871258545962,0.2217709729830952,0.91134497986188046,0.1600920168658849,0.3874197692489193,False,0,0.85804347826086957,0.75239130434782608,0.70326086956521738,0.60282608695652173,0.49374557019859655,Tunic|Tunic::8|Tunic/8_6.tif|002086
2087,Tunic/8_7.tif,Tunic,Tunic::8,2,0.32578730156957297,0.2389519496238304,0.95857842918193281,0.30641257706472502,0.43792020892981137,False,0,0.94239130434782614,0.90456521739130435,0.97282608695652173,0.96282608695652172,0.89283569404428853,Tunic|Tunic::8|Tunic/8_7.tif|002087
2088,Tunic/8_8.tif,Tunic,Tunic::8,2,0.40416377976152862,0.1476923298217134,0.93401435688591483,0.2125697217147845,0.23046077613582694,False,0,0.99673913043478257,0.045434782608695649,0.86239130434782607,0.80195652173913046,0.82212194901658009,Tunic|Tunic::8|Tunic/8_8.tif|002088
2089,Tunic/8_9.tif,Tunic,Tunic::8,2,0.37584358475219459,0.1405188316595101,0.93113569640492078,0.25285303114218499,0.17310134125600529,False,0,0.98760869565217391,0.028478260869565217,0.84499999999999997,0.89500000000000002,0.85740596600922026,Tunic|Tunic::8|Tunic/8_9.tif|002089
2090,Tunic/9_1.tif,Tunic,Tunic::9,4,0.2193431331307559,0.19296400609805869,0.83630329379404766,0.10362187321767501,0.39081513846683469,True,0.1324553922534645,0.41282608695652173,0.38760869565217393,0.28108695652173915,0.33108695652173914,0.31094313510724331,Tunic|Tunic::9|Tunic/9_1.tif|002090
2091,Tunic/9_10.tif,Tunic,Tunic::9,4,0.21196358894383441,0.19809961290428951,0.85340349294516749,0.1574953110609468,0.58047477718728102,False,0,0.3323913043478261,0.44413043478260872,0.35717391304347829,0.58717391304347821,0.24333652706987335,Tunic|Tunic::9|Tunic/9_10.tif|002091
2092,Tunic/9_2.tif,Tunic,Tunic::9,4,0.2122558117444403,0.1791522998657479,0.77510858419210305,0.1401042892552932,0.10501162816460108,True,0.069023606823467004,0.3367391304347826,0.23673913043478262,0.072826086956521735,0.51978260869565218,0.52804289652177672,Tunic|Tunic::9|Tunic/9_2.tif|002092
2093,Tunic/9_3.tif,Tunic,Tunic::9,4,0.26118527422987259,0.1870134249882402,0.86066931755228204,0.1639440700112369,0.035114914499555616,True,0.16146398971534071,0.73326086956521741,0.3193478260869565,0.39021739130434785,0.62108695652173918,0.33728343188118526,Tunic|Tunic::9|Tunic/9_3.tif|002093
2094,Tunic/9_4.tif,Tunic,Tunic::9,4,0.23844839496388379,0.19056069131549519,0.82979801767362871,0.030945550189385301,0.51864125890465052,False,0,0.59978260869565214,0.35891304347826086,0.245,0.022391304347826088,0.56832839491023812,Tunic|Tunic::9|Tunic/9_4.tif|002094
2095,Tunic/9_5.tif,Tunic,Tunic::9,4,0.23554290301020439,0.20671095864669861,0.8057569698872219,0.0805475477218075,0.13017159070963824,False,0,0.57413043478260872,0.56760869565217387,0.14891304347826087,0.21978260869565217,0.46027176159086541,Tunic|Tunic::9|Tunic/9_5.tif|002095
2096,Tunic/9_6.tif,Tunic,Tunic::9,4,0.22189546050741429,0.20589150280465629,0.85969159999836797,0.18897460375617889,0.55042901512053666,False,0,0.44413043478260872,0.55804347826086953,0.38630434782608697,0.71847826086956523,0.25913298802360457,Tunic|Tunic::9|Tunic/9_6.tif|002096
2097,Tunic/9_7.tif,Tunic,Tunic::9,4,0.26571105954601021,0.20838299294730339,0.88589179966378251,0.150495771509466,0.54239495425301609,False,0,0.75673913043478258,0.58934782608695657,0.52586956521739125,0.55934782608695655,0.27944483174440327,Tunic|Tunic::9|Tunic/9_7.tif|002097
2098,Tunic/9_8.tif,Tunic,Tunic::9,4,0.29899768496239898,0.18039950477808839,0.90330293551402763,0.1585539382585357,0.3004387777014571,False,0,0.88760869565217393,0.24978260869565216,0.64065217391304352,0.59543478260869565,0.4916706983483628,Tunic|Tunic::9|Tunic/9_8.tif|002098
2099,Tunic/9_9.tif,Tunic,Tunic::9,4,0.23751150412036889,0.179541199412073,0.86937346309766039,0.078087802689266295,0.3647764755412255,False,0,0.58978260869565213,0.24239130434782608,0.43326086956521737,0.20804347826086955,0.40511218078084649,Tunic|Tunic::9|Tunic/9_9.tif|002099
2100,Vest/10_1.tif,Vest,Vest::10,2,0.18306805307462259,0.2078691980773141,0.85291813694148888,0.14290832590542529,0.55296803186916876,True,0.042774891552683401,0.062391304347826089,0.58413043478260873,0.35456521739130437,0.52978260869565219,0.46969945746217834,Vest|Vest::10|Vest/10_1.tif|002100
2101,Vest/10_10.tif,Vest,Vest::10,2,0.19404860913362271,0.21209444784589901,0.82508503657278853,0.1706566477599063,0.63378542195864673,False,0,0.14673913043478262,0.643695652173913,0.22195652173913044,0.65065217391304353,0.49542500514990995,Vest|Vest::10|Vest/10_10.tif|002101
2102,Vest/10_2.tif,Vest,Vest::10,2,0.2526310438649117,0.1721941102881108,0.91054921903043462,0.10649389576941019,0.13087204439877642,True,0.058662448803541101,0.69108695652173913,0.16891304347826086,0.69804347826086954,0.34369565217391307,0.45802299741669178,Vest|Vest::10|Vest/10_2.tif|002102
2103,Vest/10_3.tif,Vest,Vest::10,2,0.20986615327073729,0.1752959824883194,0.84940712245712735,0.038907594071269098,0.023962245592001219,True,0.042589591650485002,0.30891304347826087,0.20108695652173914,0.33891304347826084,0.040217391304347823,0.60267096108456519,Vest|Vest::10|Vest/10_3.tif|002103
2104,Vest/10_4.tif,Vest,Vest::10,2,0.2465869361085648,0.1717359184812329,0.9074931293387074,0.11707390466970991,0.42861314903834996,False,0,0.65630434782608693,0.16369565217391305,0.67152173913043478,0.40500000000000003,0.41949537602981629,Vest|Vest::10|Vest/10_4.tif|002104
2105,Vest/10_5.tif,Vest,Vest::10,2,0.21029985874625989,0.2058999075032735,0.8759787657234005,0.056237816064049997,0.50715926848458437,False,0,0.31326086956521737,0.5584782608695652,0.47195652173913044,0.096739130434782605,0.44910686414853518,Vest|Vest::10|Vest/10_5.tif|002105
2106,Vest/10_6.tif,Vest,Vest::10,2,0.22044437303508349,0.20859350342018049,0.89218640606905542,0.084293176891958005,0.55356622072375183,False,0,0.42499999999999999,0.5945652173913043,0.56717391304347831,0.23804347826086958,0.29614377287983101,Vest|Vest::10|Vest/10_6.tif|002106
2107,Vest/10_7.tif,Vest,Vest::10,2,0.18785701766145191,0.20971593528897481,0.87356009576476068,0.10287513642325739,0.59476272954339715,False,0,0.093695652173913041,0.60717391304347823,0.45717391304347826,0.32630434782608697,0.45669872345733725,Vest|Vest::10|Vest/10_7.tif|002107
2108,Vest/10_8.tif,Vest,Vest::10,2,0.2103918300740176,0.22010320206141329,0.92887465130447477,0.25702397012690498,0.34430701112849837,False,0,0.31413043478260871,0.73717391304347823,0.82804347826086955,0.90326086956521734,0.60085839667465935,Vest|Vest::10|Vest/10_8.tif|002108
2109,Vest/10_9.tif,Vest,Vest::10,2,0.2257304566638875,0.1928641418824357,0.91103945854830237,0.072996400407368794,0.43991247522608801,False,0,0.47847826086956524,0.38500000000000001,0.70152173913043481,0.17891304347826087,0.39673168545724541,Vest|Vest::10|Vest/10_9.tif|002109
2110,Vest/1_1.tif,Vest,Vest::1,1,0.22859434664256029,0.1986840370909696,0.82970860473407915,0.059527841261681098,0.2502237164126716,True,0.024050932305088899,0.5080434782608696,0.45413043478260867,0.24413043478260871,0.11282608695652174,0.46641353743400427,Vest|Vest::1|Vest/1_1.tif|002110
2111,Vest/1_10.tif,Vest,Vest::1,1,0.203356198395162,0.2337940780714991,0.88397054028715305,0.15356866436986469,0.62818776668518816,False,0,0.23543478260869566,0.86369565217391309,0.51630434782608692,0.57195652173913047,0.45575525717466397,Vest|Vest::1|Vest/1_10.tif|002111
2112,Vest/1_2.tif,Vest,Vest::1,1,0.22796261249353961,0.20944724600369671,0.89877731945881878,0.063757751901085902,0.20071395812141768,True,0.0186300323003342,0.50413043478260866,0.60369565217391308,0.60934782608695648,0.13239130434782609,0.39731970623202478,Vest|Vest::1|Vest/1_2.tif|002112
2113,Vest/1_3.tif,Vest,Vest::1,1,0.21726757711251121,0.19031434841513881,0.86074266972518476,0.046404250663846902,0.43391422009089176,False,0,0.3923913043478261,0.35413043478260869,0.39108695652173914,0.060652173913043478,0.48759217053158793,Vest|Vest::1|Vest/1_3.tif|002113
2114,Vest/1_4.tif,Vest,Vest::1,1,0.2123615076201541,0.24020707355928211,0.89857462566435786,0.23408355591097951,0.47195521410586322,False,0,0.33760869565217394,0.91413043478260869,0.60847826086956525,0.856304347826087,0.58016831532071744,Vest|Vest::1|Vest/1_4.tif|002114
2115,Vest/1_5.tif,Vest,Vest::1,1,0.22688299576681331,0.20074971281971701,0.9149400413443598,0.042413761088159301,0.50251518804179918,False,0,0.49326086956521736,0.48152173913043478,0.73108695652173916,0.048043478260869563,0.50798891820668091,Vest|Vest::1|Vest/1_5.tif|002115
2116,Vest/1_6.tif,Vest,Vest::1,1,0.20155797365207331,0.23362064331513829,0.8981356992423003,0.26070708070789872,0.20155062584440586,True,0.099474618364118098,0.2232608695652174,0.86282608695652174,0.60499999999999998,0.90717391304347827,0.62051826012867595,Vest|Vest::1|Vest/1_6.tif|002116
2117,Vest/1_7.tif,Vest,Vest::1,1,0.21783769512374759,0.18995732597867621,0.87580354054422016,0.20480177110872549,0.57076573591478597,False,0,0.39804347826086955,0.35021739130434781,0.47152173913043477,0.77891304347826085,0.33381650551954123,Vest|Vest::1|Vest/1_7.tif|002117
2118,Vest/1_8.tif,Vest,Vest::1,1,0.23302279080549559,0.20999391610332041,0.90572452527085257,0.13491774629752329,0.50207021844582755,False,0,0.54586956521739127,0.60978260869565215,0.65630434782608693,0.49673913043478263,0.19646353505145661,Vest|Vest::1|Vest/1_8.tif|002118
2119,Vest/1_9.tif,Vest,Vest::1,1,0.20623289140259729,0.1968465196040706,0.84874276393441561,0.072049982170493604,0.45365779018387109,False,0,0.26630434782608697,0.43282608695652175,0.33630434782608698,0.1741304347826087,0.43830723529754523,Vest|Vest::1|Vest/1_9.tif|002119
2120,Vest/2_1.tif,Vest,Vest::2,0,0.21003943707233499,0.1858327921632757,0.85225046828214202,0.1238149124191161,0.51775353309770045,True,0.058232288679119497,0.31108695652173912,0.3084782608695652,0.35195652173913045,0.43630434782608696,0.31359643192677156,Vest|Vest::2|Vest/2_1.tif|002120
2121,Vest/2_10.tif,Vest,Vest::2,0,0.175728446399497,0.1877578824115487,0.83551748716463026,0.14008162831850821,0.48613709646956688,False,0,0.028043478260869566,0.32847826086956522,0.27717391304347827,0.51934782608695651,0.54971671687249402,Vest|Vest::2|Vest/2_10.tif|002121
2122,Vest/2_2.tif,Vest,Vest::2,0,0.21828766503784269,0.21462992175310139,0.84157694083132173,0.1495529708698729,0.13928993626792574,True,0.046627827222544403,0.40369565217391307,0.67673913043478262,0.30152173913043478,0.55500000000000005,0.28797546366810178,Vest|Vest::2|Vest/2_2.tif|002122
2123,Vest/2_3.tif,Vest,Vest::2,0,0.20711501305802091,0.19551962685775759,0.88133309289784612,0.067612066713073696,0.065968797159909887,True,0.061596047632585499,0.27413043478260868,0.41413043478260869,0.50326086956521743,0.15195652173913043,0.42371634232392186,Vest|Vest::2|Vest/2_3.tif|002123
2124,Vest/2_4.tif,Vest,Vest::2,0,0.1848920479461422,0.20783616335850491,0.83298536553780778,0.2934256807700022,0.45339963242745207,False,0,0.075434782608695655,0.58369565217391306,0.26282608695652177,0.95108695652173914,0.66857422428907842,Vest|Vest::2|Vest/2_4.tif|002124
2125,Vest/2_5.tif,Vest,Vest::2,0,0.19257684708452091,0.19984109732412841,0.86652356403353759,0.0564298545303525,0.51204084832329144,False,0,0.13543478260869565,0.46804347826086956,0.42021739130434782,0.097608695652173907,0.54973906853912147,Vest|Vest::2|Vest/2_5.tif|002125
2126,Vest/2_6.tif,Vest,Vest::2,0,0.21220702927115079,0.1983504818999185,0.84385707001198662,0.058905564011491003,0.64621719251494114,False,0,0.33586956521739131,0.44673913043478258,0.31108695652173912,0.11065217391304348,0.46589203419207492,Vest|Vest::2|Vest/2_6.tif|002126
2127,Vest/2_7.tif,Vest,Vest::2,0,0.2142630991324459,0.16692596939642959,0.83513253086236383,0.063166367776783097,0.49326670049257548,False,0,0.35499999999999998,0.13413043478260869,0.27413043478260868,0.12934782608695652,0.58590582286773829,Vest|Vest::2|Vest/2_7.tif|002127
2128,Vest/2_8.tif,Vest,Vest::2,0,0.18961847655002179,0.20248350864758299,0.91236907984155102,0.1124585292173112,0.33296444505626022,False,0,0.105,0.51195652173913042,0.71108695652173914,0.38065217391304346,0.46364810494316844,Vest|Vest::2|Vest/2_8.tif|002128
2129,Vest/2_9.tif,Vest,Vest::2,0,0.214496597756244,0.1943989614941033,0.85248314006889059,0.057831119092528097,0.43225560378326061,False,0,0.3576086956521739,0.40195652173913043,0.35326086956521741,0.10543478260869565,0.45508448705615995,Vest|Vest::2|Vest/2_9.tif|002129
2130,Vest/3_1.tif,Vest,Vest::3,1,0.21923360878305739,0.2158301549399278,0.8465074444316959,0.096436337160498001,0.42826699706359134,True,0.0199622861871394,0.41108695652173916,0.69586956521739129,0.32326086956521738,0.29717391304347829,0.34444964458677357,Vest|Vest::3|Vest/3_1.tif|002130
2131,Vest/3_10.tif,Vest,Vest::3,1,0.2000948756317569,0.21939242877441589,0.86448727299883488,0.2052147571561059,0.62768500066323374,False,0,0.20804347826086955,0.73065217391304349,0.41021739130434781,0.78065217391304342,0.47462152865534657,Vest|Vest::3|Vest/3_10.tif|002131
2132,Vest/3_2.tif,Vest,Vest::3,1,0.23067362848263839,0.19788591463788929,0.80694389094026864,0.064173305233631003,0.085685074530181815,True,0.024812491696318498,0.52543478260869569,0.44326086956521737,0.15456521739130435,0.13456521739130434,0.50668927999813496,Vest|Vest::3|Vest/3_2.tif|002132
2133,Vest/3_3.tif,Vest,Vest::3,1,0.2022012830411164,0.22155661267871299,0.85707179786388554,0.25649710462221109,0.055316824709418788,True,0.192130735014926,0.22630434782608697,0.75152173913043474,0.37543478260869567,0.90239130434782611,0.56178977426844445,Vest|Vest::3|Vest/3_3.tif|002133
2134,Vest/3_4.tif,Vest,Vest::3,1,0.2141822483863427,0.17152033086908269,0.86302881382556973,0.18600286391299031,0.40322398014027794,False,0,0.35413043478260869,0.16152173913043477,0.40369565217391307,0.70847826086956522,0.43426164440738102,Vest|Vest::3|Vest/3_4.tif|002134
2135,Vest/3_5.tif,Vest,Vest::3,1,0.21919953834964501,0.18117014462908729,0.88163802266437308,0.23552188464426779,0.49397284389150276,False,0,0.41021739130434781,0.25804347826086954,0.50586956521739135,0.85978260869565215,0.44281130580867611,Vest|Vest::3|Vest/3_5.tif|002135
2136,Vest/3_6.tif,Vest,Vest::3,1,0.23733124887971591,0.1742155330385107,0.84339365363824537,0.096680744057060605,0.56963807141340617,False,0,0.58586956521739131,0.18891304347826088,0.30934782608695655,0.29934782608695654,0.42515670412494005,Vest|Vest::3|Vest/3_6.tif|002136
2137,Vest/3_7.tif,Vest,Vest::3,1,0.20297302729149619,0.2127634500018758,0.87343697171353651,0.15914391491485921,0.48624511102144724,False,0,0.23152173913043478,0.65065217391304353,0.45630434782608698,0.59847826086956524,0.3261654977876568,Vest|Vest::3|Vest/3_7.tif|002137
2138,Vest/3_8.tif,Vest,Vest::3,1,0.2343312413904679,0.18502301342009039,0.87606370355088869,0.1143918934453486,0.38855947947786507,False,0,0.56543478260869562,0.29934782608695654,0.47282608695652173,0.3923913043478261,0.23845556944876378,Vest|Vest::3|Vest/3_8.tif|002138
2139,Vest/3_9.tif,Vest,Vest::3,1,0.2831193855186227,0.16778528495786371,0.90468959376686697,0.13256030002428321,0.34678214260164286,False,0,0.83195652173913048,0.13717391304347826,0.65021739130434786,0.48717391304347823,0.51436142434889409,Vest|Vest::3|Vest/3_9.tif|002139
2140,Vest/4_1.tif,Vest,Vest::4,4,0.20733909227700451,0.20463853750258601,0.91471092875769844,0.1112341726967455,0.41999942619924779,True,0.048697374151048002,0.27586956521739131,0.54326086956521735,0.72978260869565215,0.37413043478260871,0.34748978307048722,Vest|Vest::4|Vest/4_1.tif|002140
2141,Vest/4_10.tif,Vest,Vest::4,4,0.20956141790989169,0.19702553730540909,0.85484750429082135,0.18849672518898711,0.6267578168234158,False,0,0.30195652173913046,0.43326086956521737,0.36586956521739128,0.71586956521739131,0.32903795151163284,Vest|Vest::4|Vest/4_10.tif|002141
2142,Vest/4_2.tif,Vest,Vest::4,4,0.19001378090118271,0.21669338075309061,0.87289804572508078,0.1032630832420796,0.23320106866790236,True,0.041110903483014702,0.11021739130434782,0.70499999999999996,0.45282608695652171,0.32891304347826089,0.47481744576762652,Vest|Vest::4|Vest/4_2.tif|002142
2143,Vest/4_3.tif,Vest,Vest::4,4,0.18577967446275381,0.20270506515000361,0.87640906307570265,0.055215991110372203,0.037277065525573971,True,0.040550586445361102,0.081086956521739126,0.51586956521739136,0.47630434782608694,0.091956521739130437,0.58549205389961023,Vest|Vest::4|Vest/4_3.tif|002143
2144,Vest/4_4.tif,Vest,Vest::4,4,0.20935360299845901,0.1871012259751787,0.88893622386853943,0.036377323218450497,0.33401671148768214,False,0,0.29934782608695654,0.32021739130434784,0.54326086956521735,0.033260869565217392,0.54064775963653078,Vest|Vest::4|Vest/4_4.tif|002144
2145,Vest/4_5.tif,Vest,Vest::4,4,0.22352977742048991,0.19771499902198569,0.87712595364993295,0.12690458712399719,0.53447024165856116,False,0,0.46152173913043476,0.44065217391304345,0.47847826086956524,0.45847826086956522,0.084793756234809656,Vest|Vest::4|Vest/4_5.tif|002145
2146,Vest/4_6.tif,Vest,Vest::4,4,0.2382948148117329,0.1771358231495769,0.89588753872147486,0.097993694855237304,0.63295265941350176,False,0,0.59804347826086957,0.21891304347826088,0.59152173913043482,0.30413043478260871,0.36791781156673148,Vest|Vest::4|Vest/4_6.tif|002146
2147,Vest/4_7.tif,Vest,Vest::4,4,0.20014198733372851,0.19960158535868999,0.88372415641026758,0.1232483787120415,0.50272281086576509,False,0,0.20934782608695651,0.46282608695652172,0.51543478260869569,0.43239130434782608,0.30111418806377777,Vest|Vest::4|Vest/4_7.tif|002147
2148,Vest/4_8.tif,Vest,Vest::4,4,0.23133447158365239,0.17768086379889639,0.89323208282489175,0.1065295050122201,0.39488231114231837,False,0,0.52978260869565219,0.22456521739130436,0.57717391304347831,0.34413043478260869,0.32711230100214622,Vest|Vest::4|Vest/4_8.tif|002148
2149,Vest/4_9.tif,Vest,Vest::4,4,0.2149203998532771,0.22566361863366319,0.91716639597097716,0.1744973254288881,0.30560248822670377,False,0,0.3641304347826087,0.79456521739130437,0.74586956521739134,0.66586956521739127,0.43953812327799829,Vest|Vest::4|Vest/4_9.tif|002149
2150,Vest/5_1.tif,Vest,Vest::5,3,0.2421130877501767,0.15762479546121669,0.80908622103972272,0.071661720813901,0.43592196243943221,True,0.069175221398244696,0.62891304347826082,0.085000000000000006,0.16021739130434784,0.1723913043478261,0.64157871802123334,Vest|Vest::5|Vest/5_1.tif|002150
2151,Vest/5_10.tif,Vest,Vest::5,3,0.2351708739053314,0.1774028458643131,0.83802378301000147,0.15708421003544221,0.52907878991518908,False,0,0.5715217391304348,0.22195652173913044,0.2897826086956522,0.58630434782608698,0.36614659227164209,Vest|Vest::5|Vest/5_10.tif|002151
2152,Vest/5_2.tif,Vest,Vest::5,3,0.2231629520416834,0.19286299227126849,0.73470579150724857,0.10865366350122301,0.11195539390647868,True,0.048683180886548598,0.45804347826086955,0.38456521739130434,0.021521739130434783,0.35586956521739133,0.51458776424216557,Vest|Vest::5|Vest/5_2.tif|002152
2153,Vest/5_3.tif,Vest,Vest::5,3,0.2226592508146259,0.1666806635406477,0.84495995793581313,0.063595049736984294,0.0322964321489696,True,0.11468246605981749,0.45195652173913042,0.13282608695652173,0.31760869565217392,0.13108695652173913,0.55361383632741412,Vest|Vest::5|Vest/5_3.tif|002153
2154,Vest/5_4.tif,Vest,Vest::5,3,0.26588336694901421,0.18761637039208581,0.8723940086401375,0.22695740609544049,0.51446603978853389,False,0,0.7580434782608696,0.32673913043478259,0.45021739130434785,0.83804347826086956,0.4619063399854072,Vest|Vest::5|Vest/5_4.tif|002154
2155,Vest/5_5.tif,Vest,Vest::5,3,0.1875263988015933,0.19758432993461389,0.86437112328210541,0.21421731799412569,0.57247735193375648,False,0,0.091086956521739135,0.43847826086956521,0.4097826086956522,0.8084782608695652,0.52372971715872751,Vest|Vest::5|Vest/5_5.tif|002155
2156,Vest/5_6.tif,Vest,Vest::5,3,0.22205955479821671,0.19482065401990251,0.81622091095279181,0.17683482129737679,0.60091612534444994,False,0,0.44586956521739129,0.40717391304347827,0.18630434782608696,0.67804347826086953,0.37636581770062399,Vest|Vest::5|Vest/5_6.tif|002156
2157,Vest/5_7.tif,Vest,Vest::5,3,0.20508172074666459,0.20100892347157581,0.81767792024781627,0.20053556143933071,0.49456241930628092,False,0,0.25369565217391304,0.48586956521739133,0.19065217391304348,0.76326086956521744,0.47525557744664071,Vest|Vest::5|Vest/5_7.tif|002157
2158,Vest/5_8.tif,Vest,Vest::5,3,0.23733425861171159,0.1756489272513061,0.81054319843731626,0.064401467106552895,0.51705418507725243,False,0,0.58630434782608698,0.2058695652173913,0.16543478260869565,0.13673913043478261,0.5812516642251111,Vest|Vest::5|Vest/5_8.tif|002158
2159,Vest/5_9.tif,Vest,Vest::5,3,0.26597013034262779,0.1847208052215549,0.78212497969728645,0.074031072939833104,0.54900798288768626,False,0,0.75847826086956527,0.29586956521739133,0.086304347826086952,0.18586956521739131,0.61506281665452833,Vest|Vest::5|Vest/5_9.tif|002159
2160,Vest/6_1.tif,Vest,Vest::6,3,0.2840569829241712,0.16055988025149651,0.90729165412381396,0.14865772758322379,0.4715998642360667,True,0.0431102974592288,0.83586956521739131,0.096739130434782605,0.6697826086956522,0.54934782608695654,0.55379512088571548,Vest|Vest::6|Vest/6_1.tif|002160
2161,Vest/6_10.tif,Vest,Vest::6,3,0.20929797972312689,0.17392064213448341,0.82531001752043387,0.082037585519352502,0.67369541780937348,False,0,0.29891304347826086,0.18543478260869564,0.22369565217391305,0.22760869565217393,0.53844995625176129,Vest|Vest::6|Vest/6_10.tif|002161
2162,Vest/6_2.tif,Vest,Vest::6,3,0.17323641352433869,0.212004716708521,0.82126958409546336,0.217086378018778,0.15522587889974548,True,0.074981743829075603,0.020217391304347826,0.64326086956521744,0.20282608695652174,0.81413043478260871,0.6615929964907965,Vest|Vest::6|Vest/6_2.tif|002162
2163,Vest/6_3.tif,Vest,Vest::6,3,0.18401282100764321,0.2178347931611069,0.84888769673858189,0.1255402093419038,0.0377892270909993,True,0.1083103620577362,0.070217391304347829,0.71586956521739131,0.33760869565217394,0.44673913043478258,0.51041200600986747,Vest|Vest::6|Vest/6_3.tif|002163
2164,Vest/6_4.tif,Vest,Vest::6,3,0.22189944374628509,0.1876743012355746,0.85768001571363628,0.33986864593635879,0.61174300010575711,False,0,0.44456521739130433,0.32717391304347826,0.37586956521739129,0.98326086956521741,0.53093436915293601,Vest|Vest::6|Vest/6_4.tif|002164
2165,Vest/6_5.tif,Vest,Vest::6,3,0.19116210919265231,0.19934968654752111,0.87088529478036181,0.27176125312920291,0.56568011726512402,False,0,0.12108695652173913,0.45978260869565218,0.44282608695652176,0.92326086956521736,0.57237326380526599,Vest|Vest::6|Vest/6_5.tif|002165
2166,Vest/6_6.tif,Vest,Vest::6,3,0.17121790172116541,0.2161342065094205,0.82687494897906488,0.23455770481491151,0.61894745115945193,False,0,0.016739130434782607,0.69891304347826089,0.23239130434782609,0.8576086956521739,0.68746335183296969,Vest|Vest::6|Vest/6_6.tif|002166
2167,Vest/6_7.tif,Vest,Vest::6,3,0.1970898129443279,0.17385768285078351,0.89346085700907996,0.1021994452258539,0.49896162967587887,False,0,0.17369565217391306,0.185,0.57847826086956522,0.32456521739130434,0.49258068150129458,Vest|Vest::6|Vest/6_7.tif|002167
2168,Vest/6_8.tif,Vest,Vest::6,3,0.19149046262670699,0.2135957718619966,0.86973998066451685,0.29894076265034503,0.44315170030125711,False,0,0.1241304347826087,0.66369565217391302,0.43543478260869567,0.95499999999999996,0.61584727318884813,Vest|Vest::6|Vest/6_8.tif|002168
2169,Vest/6_9.tif,Vest,Vest::6,3,0.20662210700366629,0.16932778496497569,0.83433706781392425,0.13107302799527981,0.30645731165686951,False,0,0.27065217391304347,0.14673913043478262,0.26978260869565218,0.47891304347826086,0.48045642288465173,Vest|Vest::6|Vest/6_9.tif|002169
2170,Vest/7_1.tif,Vest,Vest::7,0,0.2322524012325535,0.221284057955176,0.90104782067546918,0.14690216294201469,0.40325713914339673,True,0.1158705962745611,0.53847826086956518,0.74760869565217392,0.62586956521739134,0.54282608695652179,0.28366858108387666,Vest|Vest::7|Vest/7_1.tif|002170
2171,Vest/7_10.tif,Vest,Vest::7,0,0.20085715452129929,0.221430591432908,0.92971890390144041,0.25572564360231148,0.54572906296298207,False,0,0.21760869565217392,0.74934782608695649,0.83413043478260873,0.90108695652173909,0.64376477170271151,Vest|Vest::7|Vest/7_10.tif|002171
2172,Vest/7_2.tif,Vest,Vest::7,0,0.23267059017816061,0.1911675019581574,0.77341759066295857,0.067929654893278096,0.10602289329702652,True,0.019079431728477699,0.54369565217391302,0.36673913043478262,0.070652173913043473,0.15413043478260868,0.56888758229147895,Vest|Vest::7|Vest/7_2.tif|002172
2173,Vest/7_3.tif,Vest,Vest::7,0,0.1893391050968484,0.24823192997319479,0.93819578239636903,0.15847658095261871,0.032851174226817825,True,0.075274740233040593,0.10326086956521739,0.95108695652173914,0.88847826086956527,0.5945652173913043,0.72162269883277608,Vest|Vest::7|Vest/7_3.tif|002173
2174,Vest/7_4.tif,Vest,Vest::7,0,0.2107847292138682,0.21196520985396741,0.85792884137800773,0.17340665187304249,0.40345525364180312,False,0,0.3193478260869565,0.64282608695652177,0.37673913043478263,0.66152173913043477,0.30711075076023336,Vest|Vest::7|Vest/7_4.tif|002174
2175,Vest/7_5.tif,Vest,Vest::7,0,0.2227970593719876,0.17624302158488189,0.8963138309898282,0.1335964701102956,0.54535830707931132,False,0,0.45282608695652171,0.21152173913043479,0.59543478260869565,0.49239130434782608,0.30758864583605644,Vest|Vest::7|Vest/7_5.tif|002175
2176,Vest/7_6.tif,Vest,Vest::7,0,0.23128540101188,0.20040810280326041,0.89639262793186403,0.092019804974382405,0.5778100073718917,False,0,0.52934782608695652,0.47630434782608694,0.59630434782608699,0.27934782608695652,0.24368973735210361,Vest|Vest::7|Vest/7_6.tif|002176
2177,Vest/7_7.tif,Vest,Vest::7,0,0.21149573828252369,0.18882618754654559,0.87032339372671697,0.18877977272139471,0.48898313569535073,False,0,0.32891304347826089,0.33934782608695652,0.43978260869565217,0.71717391304347822,0.3253774890753437,Vest|Vest::7|Vest/7_7.tif|002177
2178,Vest/7_8.tif,Vest,Vest::7,0,0.2211695973198152,0.20205311746459659,0.88208069427015012,0.099343956149788706,0.45360669511428853,False,0,0.43369565217391304,0.50369565217391299,0.5080434782608696,0.31021739130434783,0.20122639114065874,Vest|Vest::7|Vest/7_8.tif|002178
2179,Vest/7_9.tif,Vest,Vest::7,0,0.25444067162423201,0.15983094984540669,0.8516095410923743,0.1029561459537059,0.14592164852220024,True,0.063573982268956303,0.70152173913043481,0.092391304347826081,0.35021739130434781,0.32760869565217393,0.50883145716026756,Vest|Vest::7|Vest/7_9.tif|002179
2180,Vest/8_1.tif,Vest,Vest::8,2,0.2245072963658872,0.19976253619686329,0.83382757012700803,0.063725583169505301,0.49225964665319605,True,0.028441825191176901,0.46847826086956523,0.4667391304347826,0.2658695652173913,0.13195652173913044,0.43860342892400433,Vest|Vest::8|Vest/8_1.tif|002180
2181,Vest/8_10.tif,Vest,Vest::8,2,0.26227914509035338,0.21104864515331331,0.85425395301137419,0.1086929728535312,0.60309895931035162,False,0,0.73978260869565216,0.6293478260869565,0.3641304347826087,0.35673913043478261,0.33646808919607663,Vest|Vest::8|Vest/8_10.tif|002181
2182,Vest/8_2.tif,Vest,Vest::8,2,0.2460779716203719,0.187604951034611,0.85232610443395651,0.14350517236137819,0.14300832282369269,True,0.047056141020223201,0.65065217391304353,0.32630434782608697,0.35239130434782606,0.53282608695652178,0.27519472397896755,Vest|Vest::8|Vest/8_2.tif|002182
2183,Vest/8_3.tif,Vest,Vest::8,2,0.29470285704655191,0.1107558642478951,0.88160639120568363,0.166690438119212,0.045900600018808357,True,0.082393742909839904,0.87456521739130433,0.0032608695652173911,0.505,0.63369565217391299,0.6363555556406395,Vest|Vest::8|Vest/8_3.tif|002183
2184,Vest/8_4.tif,Vest,Vest::8,2,0.28004213312923482,0.128411770536905,0.87029722681076105,0.1358167005170916,0.52682330614179551,False,0,0.82021739130434779,0.0093478260869565219,0.43891304347826088,0.50065217391304351,0.58907620478785172,Vest|Vest::8|Vest/8_4.tif|002184
2185,Vest/8_5.tif,Vest,Vest::8,2,0.26632785100556811,0.10830711870592601,0.88514059875139262,0.1153164113819722,0.029261745716064214,False,0,0.76021739130434784,0.0023913043478260869,0.52195652173913043,0.39717391304347827,0.57129921908888426,Vest|Vest::8|Vest/8_5.tif|002185
2186,Vest/8_6.tif,Vest,Vest::8,2,0.26390592216749797,0.17317829869783649,0.83900019216080279,0.070702838771496496,0.58720265293606988,False,0,0.74847826086956526,0.17804347826086955,0.29195652173913045,0.16456521739130434,0.56674159036173333,Vest|Vest::8|Vest/8_6.tif|002186
2187,Vest/8_7.tif,Vest,Vest::8,2,0.25957259292366591,0.14735333016290711,0.88092702627100006,0.091154373413283807,0.49276112216633156,False,0,0.72586956521739132,0.044130434782608696,0.49978260869565216,0.27586956521739131,0.55593940320668689,Vest|Vest::8|Vest/8_7.tif|002187
2188,Vest/8_8.tif,Vest,Vest::8,2,0.26646514860046661,0.14107285421936289,0.87009791075703202,0.13258534841710279,0.29601924713535055,False,0,0.76108695652173908,0.03108695652173913,0.43804347826086959,0.48760869565217391,0.54040539987983249,Vest|Vest::8|Vest/8_8.tif|002188
2189,Vest/8_9.tif,Vest,Vest::8,2,0.29450774807068558,0.081305513623429193,0.88011185504225398,0.067769406937071702,0.33900116582202544,False,0,0.8736956521739131,0.0002173913043478261,0.49369565217391304,0.15239130434782608,0.71435470636290743,Vest|Vest::8|Vest/8_9.tif|002189
2190,Vest/9_1.tif,Vest,Vest::9,4,0.2272433157411744,0.19682374628342461,0.82671267989029773,0.084939226713169502,0.50045498970279212,True,0.0253081332510946,0.49586956521739128,0.43152173913043479,0.23065217391304349,0.24108695652173914,0.37985595717871634,Vest|Vest::9|Vest/9_1.tif|002190
2191,Vest/9_10.tif,Vest,Vest::9,4,0.23312550338552721,0.1613602073779308,0.87196908874597845,0.064926895337733895,0.027580145153250579,True,0.049762675042837497,0.54717391304347829,0.10152173913043479,0.44847826086956522,0.14021739130434782,0.54139478902215177,Vest|Vest::9|Vest/9_10.tif|002191
2192,Vest/9_2.tif,Vest,Vest::9,4,0.2142536248708545,0.1920077594869366,0.82517870609891331,0.1126545322506064,0.18965542663626833,True,0.0310191874761774,0.35456521739130437,0.37543478260869567,0.2232608695652174,0.38195652173913042,0.35663227342727338,Vest|Vest::9|Vest/9_2.tif|002192
2193,Vest/9_3.tif,Vest,Vest::9,4,0.19335575019509671,0.20351227407198649,0.84776081655670266,0.1261824863664904,0.030694041942457284,True,0.10878138043976909,0.14152173913043478,0.52891304347826085,0.32978260869565218,0.45326086956521738,0.40062592803699182,Vest|Vest::9|Vest/9_3.tif|002193
2194,Vest/9_4.tif,Vest,Vest::9,4,0.23239934845981891,0.1826349087607812,0.85597257524984482,0.2892290882330118,0.53375517727930921,False,0,0.5397826086956522,0.27413043478260868,0.3706521739130435,0.94673913043478264,0.51856188369487011,Vest|Vest::9|Vest/9_4.tif|002194
2195,Vest/9_5.tif,Vest,Vest::9,4,0.22667182311642331,0.17238694994195169,0.83516649655075414,0.034470789004201502,0.59274120829221988,False,0,0.48978260869565216,0.17152173913043478,0.27456521739130435,0.028913043478260871,0.61704629061659966,Vest|Vest::9|Vest/9_5.tif|002195
2196,Vest/9_6.tif,Vest,Vest::9,4,0.22663231232396369,0.19139758768765919,0.851094038244677,0.045241883624181599,0.61010952601134416,False,0,0.48934782608695654,0.36934782608695654,0.34804347826086957,0.055434782608695651,0.48776272548290361,Vest|Vest::9|Vest/9_6.tif|002196
2197,Vest/9_7.tif,Vest,Vest::9,4,0.20568820281909761,0.2150550168823098,0.82773624906515308,0.26317917277149377,0.62561924925245971,False,0,0.26239130434782609,0.68500000000000005,0.23673913043478262,0.9110869565217391,0.57356923166786766,Vest|Vest::9|Vest/9_7.tif|002197
2198,Vest/9_8.tif,Vest,Vest::9,4,0.24948009428393669,0.13323916846149769,0.80908540600434153,0.096654424789347798,0.32711730426226265,False,0,0.67108695652173911,0.016739130434782607,0.15978260869565217,0.29891304347826086,0.64729873487742351,Vest|Vest::9|Vest/9_8.tif|002198
2199,Vest/9_9.tif,Vest,Vest::9,4,0.21133437817343889,0.17201647358919739,0.83696051002465743,0.17686105693873691,0.4241830761976223,False,0,0.32630434782608697,0.16630434782608697,0.28630434782608694,0.6784782608695652,0.46802060769260229,Vest|Vest::9|Vest/9_9.tif|002199
2200,Wide-Leg/1-1.tif,Wide-Leg,Wide-Leg::1,4,0.16661906397014159,0.26222229326268748,0.83303986506183803,0.1111400927164877,0.21243817969291179,False,0,0.0080434782608695653,0.98282608695652174,0.26326086956521738,0.37239130434782608,0.73991326830411441,Wide-Leg|Wide-Leg::1|Wide-Leg/1-1.tif|002200
2201,Wide-Leg/1-10.tif,Wide-Leg,Wide-Leg::1,4,0.16032061958979199,0.2365051498702449,0.89269750449956742,0.2419322715301272,0.025410179109476294,False,0,0.0028260869565217392,0.89021739130434785,0.57021739130434779,0.87456521739130433,0.7380251326400189,Wide-Leg|Wide-Leg::1|Wide-Leg/1-10.tif|002201
2202,Wide-Leg/1-2.tif,Wide-Leg,Wide-Leg::1,4,0.20185518514923309,0.2070963856208414,0.89642674443179893,0.16056584137337659,0.0097577110459504679,False,0,0.22413043478260869,0.57108695652173913,0.59673913043478266,0.60499999999999998,0.3186547218511504,Wide-Leg|Wide-Leg::1|Wide-Leg/1-2.tif|002202
2203,Wide-Leg/1-3.tif,Wide-Leg,Wide-Leg::1,4,0.15761278070906609,0.23926236957155639,0.87073525914081074,0.2216562267393922,0.10668218099468763,False,0,0.0010869565217391304,0.90847826086956518,0.44195652173913041,0.82847826086956522,0.72597226378717783,Wide-Leg|Wide-Leg::1|Wide-Leg/1-3.tif|002203
2204,Wide-Leg/1-4.tif,Wide-Leg,Wide-Leg::1,4,0.18982741687616009,0.22927750416953749,0.91219095424319818,0.20150939575435101,0.38603729053578317,False,0,0.10804347826086956,0.82673913043478264,0.70847826086956522,0.76934782608695651,0.61351431194723016,Wide-Leg|Wide-Leg::1|Wide-Leg/1-4.tif|002204
2205,Wide-Leg/1-5.tif,Wide-Leg,Wide-Leg::1,4,0.16322733826240121,0.24431218696085491,0.91027337992214397,0.20256806740394431,0.10193993678769919,False,0,0.0041304347826086954,0.93586956521739129,0.69413043478260872,0.77152173913043476,0.73978347110555465,Wide-Leg|Wide-Leg::1|Wide-Leg/1-5.tif|002205
2206,Wide-Leg/1-6.tif,Wide-Leg,Wide-Leg::1,4,0.18577838024620619,0.231689449636997,0.89148146875105938,0.073705029823117801,0.017840025739992549,False,0,0.080652173913043482,0.84891304347826091,0.56152173913043479,0.185,0.63293193594473685,Wide-Leg|Wide-Leg::1|Wide-Leg/1-6.tif|002206
2207,Wide-Leg/1-7.tif,Wide-Leg,Wide-Leg::1,4,0.18336733388039539,0.2357667361677194,0.93264052214763615,0.22139417189018959,0.08518018604400357,False,0,0.063260869565217398,0.88369565217391299,0.85456521739130431,0.82673913043478264,0.75527370819532391,Wide-Leg|Wide-Leg::1|Wide-Leg/1-7.tif|002207
2208,Wide-Leg/1-8.tif,Wide-Leg,Wide-Leg::1,4,0.1744424028391181,0.2282354087829756,0.91527733335355144,0.080053205582629405,0.036459555430508606,False,0,0.022826086956521739,0.81673913043478263,0.73369565217391308,0.21717391304347827,0.68016385771807641,Wide-Leg|Wide-Leg::1|Wide-Leg/1-8.tif|002208
2209,Wide-Leg/1-9.tif,Wide-Leg,Wide-Leg::1,4,0.17854008968722279,0.21492274151187629,0.87707731899300956,0.064053167425484003,0.034451027385128064,False,0,0.039782608695652172,0.68239130434782613,0.47804347826086957,0.13413043478260869,0.61596206276030052,Wide-Leg|Wide-Leg::1|Wide-Leg/1-9.tif|002209
2210,Wide-Leg/10-1.tif,Wide-Leg,Wide-Leg::10,2,0.19265583124357791,0.21215794898857609,0.76768916670810894,0.19620457581795619,0.023514141296301472,False,0,0.1358695652173913,0.64500000000000002,0.06282608695652174,0.74847826086956526,0.63755662486204479,Wide-Leg|Wide-Leg::10|Wide-Leg/10-1.tif|002210
2211,Wide-Leg/10-10.tif,Wide-Leg,Wide-Leg::10,2,0.1826304243306093,0.24035107495063779,0.8719365222781662,0.20128050139020229,0.33864697291489254,False,0,0.06152173913043478,0.91586956521739127,0.44804347826086954,0.76804347826086961,0.66314211668292833,Wide-Leg|Wide-Leg::10|Wide-Leg/10-10.tif|002211
2212,Wide-Leg/10-2.tif,Wide-Leg,Wide-Leg::10,2,0.19403704689283841,0.23582821269803461,0.84825174447470209,0.2691593564389505,0.2290747870615516,False,0,0.14630434782608695,0.88500000000000001,0.33282608695652172,0.92021739130434788,0.69127084961224106,Wide-Leg|Wide-Leg::10|Wide-Leg/10-2.tif|002212
2213,Wide-Leg/10-3.tif,Wide-Leg,Wide-Leg::10,2,0.1934914394514122,0.24529927400420121,0.85074940118310383,0.2803711540886098,0.026947672645873832,False,0,0.14282608695652174,0.93934782608695655,0.34543478260869565,0.93586956521739129,0.73107619353672271,Wide-Leg|Wide-Leg::10|Wide-Leg/10-3.tif|002213
2214,Wide-Leg/10-4.tif,Wide-Leg,Wide-Leg::10,2,0.18590349492446751,0.22495873189776719,0.81460261534921041,0.1189387524276752,0.16587829537429488,False,0,0.082391304347826086,0.78891304347826086,0.17891304347826087,0.41586956521739132,0.60666509136531455,Wide-Leg|Wide-Leg::10|Wide-Leg/10-4.tif|002214
2215,Wide-Leg/10-5.tif,Wide-Leg,Wide-Leg::10,2,0.20079415784598409,0.1816354681217211,0.81478599851823563,0.060541759037485099,0.023322370102836221,False,0,0.21630434782608696,0.26413043478260867,0.17978260869565219,0.11673913043478261,0.62092330177878774,Wide-Leg|Wide-Leg::10|Wide-Leg/10-5.tif|002215
2216,Wide-Leg/10-6.tif,Wide-Leg,Wide-Leg::10,2,0.17520779850521959,0.23777319127831781,0.79518320680104027,0.079149101010532505,0.18403018872640409,False,0,0.026304347826086958,0.89717391304347827,0.11369565217391304,0.21108695652173914,0.78411509610002228,Wide-Leg|Wide-Leg::10|Wide-Leg/10-6.tif|002216
2217,Wide-Leg/10-7.tif,Wide-Leg,Wide-Leg::10,2,0.19140309821042581,0.21435063172530991,0.81148761906351241,0.1540239400301984,0.044642319673782405,False,0,0.1232608695652174,0.67369565217391303,0.16891304347826086,0.57369565217391305,0.53586581707834613,Wide-Leg|Wide-Leg::10|Wide-Leg/10-7.tif|002217
2218,Wide-Leg/10-8.tif,Wide-Leg,Wide-Leg::10,2,0.181427252690053,0.23966702615611099,0.86784894728815176,0.22167112086251911,0.02060007368148542,False,0,0.051956521739130436,0.9097826086956522,0.42630434782608695,0.82891304347826089,0.69446352252726928,Wide-Leg|Wide-Leg::10|Wide-Leg/10-8.tif|002218
2219,Wide-Leg/10-9.tif,Wide-Leg,Wide-Leg::10,2,0.21439690409356679,0.17444337527262091,0.79242227074226412,0.077142492565723003,0.022344487495636556,False,0,0.35586956521739133,0.19195652173913044,0.10673913043478261,0.20282608695652174,0.59885792376359381,Wide-Leg|Wide-Leg::10|Wide-Leg/10-9.tif|002219
2220,Wide-Leg/2-1.tif,Wide-Leg,Wide-Leg::2,3,0.1764093459260071,0.2383050666269701,0.81070475342389159,0.1131621020943343,0.017348467112349053,False,0,0.03108695652173913,0.90108695652173909,0.1658695652173913,0.38543478260869563,0.71099825985711718,Wide-Leg|Wide-Leg::2|Wide-Leg/2-1.tif|002220
2221,Wide-Leg/2-10.tif,Wide-Leg,Wide-Leg::2,3,0.169828334687562,0.2023795883115628,0.85103172456214216,0.10768506159609841,0.31357634617035524,False,0,0.011956521739130435,0.50978260869565217,0.34717391304347828,0.34891304347826085,0.53335280761546988,Wide-Leg|Wide-Leg::2|Wide-Leg/2-10.tif|002221
2222,Wide-Leg/2-2.tif,Wide-Leg,Wide-Leg::2,3,0.17004263263294389,0.2406112687142595,0.80068530755877798,0.20593973087735321,0.047226796235627644,False,0,0.013695652173913043,0.91673913043478261,0.13152173913043477,0.78369565217391302,0.7914688075634666,Wide-Leg|Wide-Leg::2|Wide-Leg/2-2.tif|002222
2223,Wide-Leg/2-3.tif,Wide-Leg,Wide-Leg::2,3,0.16550679275208269,0.24389935702378779,0.8256932542490899,0.2655029796520203,0.21852086945000315,False,0,0.0063043478260869567,0.93326086956521737,0.22543478260869565,0.91369565217391302,0.82339573067909888,Wide-Leg|Wide-Leg::2|Wide-Leg/2-3.tif|002223
2224,Wide-Leg/2-4.tif,Wide-Leg,Wide-Leg::2,3,0.18744719049559891,0.23897284077165459,0.80332399535708265,0.1908905069451057,0.45011197616140475,False,0,0.090652173913043477,0.9054347826086957,0.14065217391304347,0.7276086956521739,0.71615611714275196,Wide-Leg|Wide-Leg::2|Wide-Leg/2-4.tif|002224
2225,Wide-Leg/2-5.tif,Wide-Leg,Wide-Leg::2,3,0.17121344993732199,0.23072254522853991,0.84979323815777308,0.2115545569006147,0.14522106483601493,False,0,0.016304347826086956,0.83978260869565213,0.34108695652173915,0.79847826086956519,0.68099657319491225,Wide-Leg|Wide-Leg::2|Wide-Leg/2-5.tif|002225
2226,Wide-Leg/2-6.tif,Wide-Leg,Wide-Leg::2,3,0.18916525537940199,0.18646139211511811,0.84471245564673048,0.078686097699467897,0.041362899961882693,False,0,0.10195652173913043,0.31326086956521737,0.31630434782608696,0.20978260869565218,0.55792503104328484,Wide-Leg|Wide-Leg::2|Wide-Leg/2-6.tif|002226
2227,Wide-Leg/2-7.tif,Wide-Leg,Wide-Leg::2,3,0.2061296515876444,0.21210501917418009,0.85330793343835087,0.0860676413011007,0.015788817662621191,False,0,0.26500000000000001,0.64456521739130435,0.35630434782608694,0.245,0.40224065251175356,Wide-Leg|Wide-Leg::2|Wide-Leg/2-7.tif|002227
2228,Wide-Leg/2-8.tif,Wide-Leg,Wide-Leg::2,3,0.1977184651819503,0.19250030973116569,0.81306654808513568,0.11284201136626661,0.18772743135142311,False,0,0.17978260869565219,0.38021739130434784,0.17326086956521738,0.38326086956521738,0.48710731360927501,Wide-Leg|Wide-Leg::2|Wide-Leg/2-8.tif|002228
2229,Wide-Leg/2-9.tif,Wide-Leg,Wide-Leg::2,3,0.19063427395464641,0.2154487660120403,0.83476080173393896,0.066944866461482996,0.014943859255390546,False,0,0.11673913043478261,0.68978260869565222,0.2723913043478261,0.15021739130434783,0.59754491411577859,Wide-Leg|Wide-Leg::2|Wide-Leg/2-9.tif|002229
2230,Wide-Leg/3-1.tif,Wide-Leg,Wide-Leg::3,1,0.1664067490562835,0.26641339791908308,0.89919823812628552,0.039510892016042798,0.22608200359754538,False,0,0.0076086956521739134,0.98760869565217391,0.61282608695652174,0.041521739130434783,0.83853650979600736,Wide-Leg|Wide-Leg::3|Wide-Leg/3-1.tif|002230
2231,Wide-Leg/3-10.tif,Wide-Leg,Wide-Leg::3,1,0.20296189459353911,0.19960205094450231,0.91292036893758977,0.1151039370161805,0.023524879612491056,False,0,0.23108695652173913,0.46326086956521739,0.71543478260869564,0.39456521739130435,0.36220522856419923,Wide-Leg|Wide-Leg::3|Wide-Leg/3-10.tif|002231
2232,Wide-Leg/3-2.tif,Wide-Leg,Wide-Leg::3,1,0.2163595890821336,0.17732528639743431,0.92947537461370955,0.077144046131119096,0.050876433435423696,False,0,0.3793478260869565,0.22065217391304348,0.83152173913043481,0.20369565217391306,0.53879039065870749,Wide-Leg|Wide-Leg::3|Wide-Leg/3-2.tif|002232
2233,Wide-Leg/3-3.tif,Wide-Leg,Wide-Leg::3,1,0.2125019924355917,0.1692692469483251,0.9167281323634926,0.079176778484845903,0.084198677491578722,False,0,0.33934782608695652,0.14630434782608695,0.74152173913043473,0.21195652173913043,0.54056593602531622,Wide-Leg|Wide-Leg::3|Wide-Leg/3-3.tif|002233
2234,Wide-Leg/3-4.tif,Wide-Leg,Wide-Leg::3,1,0.2038542162540605,0.1966217535828681,0.91252991788195759,0.070647729643433202,0.15150444283485098,False,0,0.23978260869565218,0.42673913043478262,0.71282608695652172,0.16413043478260869,0.48081550918750149,Wide-Leg|Wide-Leg::3|Wide-Leg/3-4.tif|002234
2235,Wide-Leg/3-5.tif,Wide-Leg,Wide-Leg::3,1,0.19969314472787819,0.22146864480387241,0.93219884589250179,0.025364148116295001,0.012978792381599269,False,0,0.20195652173913042,0.75065217391304351,0.85282608695652173,0.010652173913043479,0.71805568708440248,Wide-Leg|Wide-Leg::3|Wide-Leg/3-5.tif|002235
2236,Wide-Leg/3-6.tif,Wide-Leg,Wide-Leg::3,1,0.17098958436410461,0.24589662324320391,0.92448432087772003,0.24602953418872939,0.013236488292924564,False,0,0.014999999999999999,0.94239130434782614,0.79239130434782612,0.88456521739130434,0.81505714367031667,Wide-Leg|Wide-Leg::3|Wide-Leg/3-6.tif|002236
2237,Wide-Leg/3-7.tif,Wide-Leg,Wide-Leg::3,1,0.1584091067338895,0.24796420875379291,0.92609960079521925,0.1175576729433202,0.15627829118472547,False,0,0.0015217391304347826,0.95021739130434779,0.80891304347826087,0.40891304347826085,0.74491635642656795,Wide-Leg|Wide-Leg::3|Wide-Leg/3-7.tif|002237
2238,Wide-Leg/3-8.tif,Wide-Leg,Wide-Leg::3,1,0.22199132562728729,0.17738729205010281,0.91815234771026843,0.099166133588033903,0.16683396881073376,False,0,0.44500000000000001,0.22152173913043477,0.75065217391304351,0.30978260869565216,0.42377389020432066,Wide-Leg|Wide-Leg::3|Wide-Leg/3-8.tif|002238
2239,Wide-Leg/3-9.tif,Wide-Leg,Wide-Leg::3,1,0.18999642891991181,0.25089026821245658,0.91432852217216043,0.28577972538003088,0.019279387431257677,False,0,0.10978260869565218,0.96152173913043482,0.72804347826086957,0.94369565217391305,0.78367186238993003,Wide-Leg|Wide-Leg::3|Wide-Leg/3-9.tif|002239
2240,Wide-Leg/4-1.tif,Wide-Leg,Wide-Leg::4,4,0.18879505076248879,0.248543448875192,0.80762987425357002,0.1632871730026261,0.023615389608169779,False,0,0.098043478260869565,0.95239130434782604,0.15543478260869564,0.61717391304347824,0.70617409507286855,Wide-Leg|Wide-Leg::4|Wide-Leg/4-1.tif|002240
2241,Wide-Leg/4-10.tif,Wide-Leg,Wide-Leg::4,4,0.17639487186033359,0.2402619936974657,0.86291927881457642,0.20122761514075241,0.055211974945633457,False,0,0.030652173913043479,0.91500000000000004,0.40282608695652172,0.76760869565217393,0.68816390868556265,Wide-Leg|Wide-Leg::4|Wide-Leg/4-10.tif|002241
2242,Wide-Leg/4-2.tif,Wide-Leg,Wide-Leg::4,4,0.2194149139119482,0.1856181154607677,0.84388989559564698,0.24808758823781241,0.023360060948313,False,0,0.41369565217391302,0.30326086956521742,0.31152173913043479,0.88934782608695651,0.48298085924493467,Wide-Leg|Wide-Leg::4|Wide-Leg/4-2.tif|002242
2243,Wide-Leg/4-3.tif,Wide-Leg,Wide-Leg::4,4,0.1949630546894035,0.21076137911202611,0.91333619324744364,0.23071542089535041,0.12248335585000514,False,0,0.15543478260869564,0.62195652173913041,0.71804347826086956,0.84847826086956524,0.55007148530113692,Wide-Leg|Wide-Leg::4|Wide-Leg/4-3.tif|002243
2244,Wide-Leg/4-4.tif,Wide-Leg,Wide-Leg::4,4,0.23271065496392701,0.1986175997614536,0.87181098345016272,0.085473465176095997,0.22939665936515607,False,0,0.5441304347826087,0.45195652173913042,0.44717391304347825,0.24369565217391304,0.26970017659467427,Wide-Leg|Wide-Leg::4|Wide-Leg/4-4.tif|002244
2245,Wide-Leg/4-5.tif,Wide-Leg,Wide-Leg::4,4,0.18583528097340651,0.24916951477480981,0.88000006861825497,0.15594313210835389,0.18774648721953047,False,0,0.081521739130434784,0.9558695652173913,0.49239130434782608,0.58326086956521739,0.62444485742312972,Wide-Leg|Wide-Leg::4|Wide-Leg/4-5.tif|002245
2246,Wide-Leg/4-6.tif,Wide-Leg,Wide-Leg::4,4,0.2002871859625123,0.21482639336795689,0.83115599404247487,0.27280701319121831,0.06673618489560329,False,0,0.21195652173913043,0.68021739130434777,0.25326086956521737,0.92586956521739128,0.59807394071580067,Wide-Leg|Wide-Leg::4|Wide-Leg/4-6.tif|002246
2247,Wide-Leg/4-7.tif,Wide-Leg,Wide-Leg::4,4,0.2218279291745737,0.21955180797451551,0.91081136346937519,0.1744097566453669,0.019626343459984597,False,0,0.44239130434782609,0.73152173913043483,0.70021739130434779,0.66543478260869571,0.35267087855709134,Wide-Leg|Wide-Leg::4|Wide-Leg/4-7.tif|002247
2248,Wide-Leg/4-8.tif,Wide-Leg,Wide-Leg::4,4,0.21796266266090411,0.21658609102439019,0.90108028780552862,0.077606921253099898,0.14653664377689557,False,0,0.39934782608695651,0.70282608695652171,0.6263043478260869,0.20543478260869566,0.39241653538055149,Wide-Leg|Wide-Leg::4|Wide-Leg/4-8.tif|002248
2249,Wide-Leg/4-9.tif,Wide-Leg,Wide-Leg::4,4,0.2112443562719151,0.2097622262806661,0.87362298503676938,0.025017321574858399,0.023512866850695313,False,0,0.32456521739130434,0.6076086956521739,0.45760869565217394,0.0093478260869565219,0.53375422506883075,Wide-Leg|Wide-Leg::4|Wide-Leg/4-9.tif|002249
2250,Wide-Leg/5-1.tif,Wide-Leg,Wide-Leg::5,2,0.1819208112598896,0.24875328957313861,0.934776372950478,0.048123240467828697,0.015459382667776467,False,0,0.054565217391304349,0.95369565217391306,0.86717391304347824,0.067173913043478264,0.85229513334813922,Wide-Leg|Wide-Leg::5|Wide-Leg/5-1.tif|002250
2251,Wide-Leg/5-10.tif,Wide-Leg,Wide-Leg::5,2,0.20825467897589839,0.19056817245748309,0.88094770293593005,0.057811444725254298,0.02296303126293231,False,0,0.28543478260869565,0.35934782608695653,0.50021739130434784,0.105,0.47100564094246467,Wide-Leg|Wide-Leg::5|Wide-Leg/5-10.tif|002251
2252,Wide-Leg/5-2.tif,Wide-Leg,Wide-Leg::5,2,0.2401362765466693,0.19087887310300911,0.93779614691728685,0.15888712804938621,0.0059372965321423665,False,0,0.61456521739130432,0.36369565217391303,0.88717391304347826,0.59630434782608699,0.43690071025785543,Wide-Leg|Wide-Leg::5|Wide-Leg/5-2.tif|002252
2253,Wide-Leg/5-3.tif,Wide-Leg,Wide-Leg::5,2,0.17277123259643731,0.25635906575700279,0.92510136641876217,0.19942913416636809,0.023588176421319718,False,0,0.018913043478260869,0.9732608695652174,0.79978260869565221,0.76021739130434784,0.78294521750285051,Wide-Leg|Wide-Leg::5|Wide-Leg/5-3.tif|002253
2254,Wide-Leg/5-4.tif,Wide-Leg,Wide-Leg::5,2,0.1777630452503437,0.22507843058379451,0.90292887220151519,0.1312249996384727,0.364695022912365,False,0,0.036739130434782608,0.7897826086956522,0.63847826086956527,0.47978260869565215,0.56406521362107709,Wide-Leg|Wide-Leg::5|Wide-Leg/5-4.tif|002254
2255,Wide-Leg/5-5.tif,Wide-Leg,Wide-Leg::5,2,0.18205526747472489,0.23358744494197409,0.9144193791371068,0.061926415305429403,0.01410027166322303,False,0,0.055434782608695651,0.86239130434782607,0.72847826086956524,0.12239130434782609,0.72371011648533257,Wide-Leg|Wide-Leg::5|Wide-Leg/5-5.tif|002255
2256,Wide-Leg/5-6.tif,Wide-Leg,Wide-Leg::5,2,0.21682428000083631,0.18104486291022109,0.91949431033753315,0.057132620968964001,0.015695468234266374,False,0,0.38717391304347826,0.25673913043478264,0.75978260869565217,0.10065217391304347,0.54669119852128834,Wide-Leg|Wide-Leg::5|Wide-Leg/5-6.tif|002256
2257,Wide-Leg/5-7.tif,Wide-Leg,Wide-Leg::5,2,0.20644312445898319,0.23497807137241769,0.9464458145465956,0.16568822258172461,0.011529589618885727,False,0,0.26934782608695651,0.875,0.93021739130434777,0.62847826086956526,0.62882357830125868,Wide-Leg|Wide-Leg::5|Wide-Leg/5-7.tif|002257
2258,Wide-Leg/5-8.tif,Wide-Leg,Wide-Leg::5,2,0.20132158471672509,0.24373710170327251,0.94843790556915597,0.057544538639830098,0.099509235744730584,False,0,0.22108695652173913,0.93152173913043479,0.93804347826086953,0.10282608695652173,0.78334711540517621,Wide-Leg|Wide-Leg::5|Wide-Leg/5-8.tif|002258
2259,Wide-Leg/5-9.tif,Wide-Leg,Wide-Leg::5,2,0.1836418290950074,0.23165855092333579,0.91411833518578323,0.30115660756651369,0.025780283987275499,False,0,0.066304347826086962,0.84804347826086957,0.72586956521739132,0.95717391304347821,0.75448739468162052,Wide-Leg|Wide-Leg::5|Wide-Leg/5-9.tif|002259
2260,Wide-Leg/6-1.tif,Wide-Leg,Wide-Leg::6,0,0.21202674560602161,0.21078909443310079,0.81016547032581521,0.1473107738213536,0.23481916805317982,False,0,0.33326086956521739,0.6236956521739131,0.16413043478260869,0.54456521739130437,0.39736252393164961,Wide-Leg|Wide-Leg::6|Wide-Leg/6-1.tif|002260
2261,Wide-Leg/6-10.tif,Wide-Leg,Wide-Leg::6,0,0.1626755865918299,0.23534812128950899,0.85419024718752035,0.24711073457729099,0.024544175768196119,False,0,0.0036956521739130435,0.88021739130434784,0.36369565217391303,0.8880434782608696,0.74835812722148609,Wide-Leg|Wide-Leg::6|Wide-Leg/6-10.tif|002261
2262,Wide-Leg/6-2.tif,Wide-Leg,Wide-Leg::6,0,0.23378458384511519,0.13408436114057301,0.815334371425949,0.081467464816103397,0.13562800027199395,False,0,0.55804347826086953,0.018478260869565218,0.18326086956521739,0.22456521739130436,0.6414204758526969,Wide-Leg|Wide-Leg::6|Wide-Leg/6-2.tif|002262
2263,Wide-Leg/6-3.tif,Wide-Leg,Wide-Leg::6,0,0.19628127040769811,0.2077909156040359,0.75748883476950157,0.23777122536661019,0.014764668415707893,False,0,0.16630434782608697,0.58282608695652172,0.046304347826086958,0.86413043478260865,0.67575414708071635,Wide-Leg|Wide-Leg::6|Wide-Leg/6-3.tif|002263
2264,Wide-Leg/6-4.tif,Wide-Leg,Wide-Leg::6,0,0.1977568023234669,0.21297907688467441,0.87769036010866042,0.035117006483680498,0.38285592340672137,False,0,0.18108695652173912,0.65326086956521734,0.48152173913043478,0.030217391304347824,0.58841445342386822,Wide-Leg|Wide-Leg::6|Wide-Leg/6-4.tif|002264
2265,Wide-Leg/6-5.tif,Wide-Leg,Wide-Leg::6,0,0.1968453800324925,0.19845908252197261,0.84315067329072113,0.1385831318901016,0.020154289206881004,False,0,0.17065217391304346,0.4493478260869565,0.30804347826086959,0.51021739130434784,0.38469121980306853,Wide-Leg|Wide-Leg::6|Wide-Leg/6-5.tif|002265
2266,Wide-Leg/6-6.tif,Wide-Leg,Wide-Leg::6,0,0.17543947838094379,0.23471222398694239,0.81399491157740778,0.11909257825432321,0.11604000639928846,False,0,0.027608695652173915,0.87195652173913041,0.17673913043478262,0.41630434782608694,0.68775558919763768,Wide-Leg|Wide-Leg::6|Wide-Leg/6-6.tif|002266
2267,Wide-Leg/6-7.tif,Wide-Leg,Wide-Leg::6,0,0.2053367091413025,0.21286308558258329,0.80547951779672855,0.056165641937136399,0.20802336554307632,False,0,0.25760869565217392,0.65195652173913043,0.14804347826086955,0.095869565217391303,0.60748590965946081,Wide-Leg|Wide-Leg::6|Wide-Leg/6-7.tif|002267
2268,Wide-Leg/6-8.tif,Wide-Leg,Wide-Leg::6,0,0.18365083494329471,0.21732577699208069,0.91520824753057317,0.11428793448328919,0.027614209687924829,False,0,0.066739130434782606,0.71152173913043482,0.73326086956521741,0.39195652173913043,0.54638855559592425,Wide-Leg|Wide-Leg::6|Wide-Leg/6-8.tif|002268
2269,Wide-Leg/6-9.tif,Wide-Leg,Wide-Leg::6,0,0.20415083694491221,0.18151640437341571,0.79238060802163623,0.1040810568691716,0.10140677110157514,False,0,0.24326086956521739,0.26326086956521738,0.10630434782608696,0.3323913043478261,0.55231271791829228,Wide-Leg|Wide-Leg::6|Wide-Leg/6-9.tif|002269
2270,Wide-Leg/7-1.tif,Wide-Leg,Wide-Leg::7,3,0.19218446357456029,0.24921091321479419,0.93630804832259318,0.1216813640730087,0.031817607281344418,False,0,0.13239130434782609,0.95630434782608698,0.87847826086956526,0.42586956521739128,0.70149192887444722,Wide-Leg|Wide-Leg::7|Wide-Leg/7-1.tif|002270
2271,Wide-Leg/7-10.tif,Wide-Leg,Wide-Leg::7,3,0.19503060530365821,0.1984227352370676,0.90754841284519838,0.0874180229074491,0.017987021412886106,False,0,0.15586956521739131,0.44760869565217393,0.67282608695652169,0.255,0.45941752387957191,Wide-Leg|Wide-Leg::7|Wide-Leg/7-10.tif|002271
2272,Wide-Leg/7-2.tif,Wide-Leg,Wide-Leg::7,3,0.28237179520116251,0.18869459461742391,0.96427834435569437,0.13919915186071419,0.12997124054101361,False,0,0.82760869565217388,0.33804347826086956,0.98978260869565216,0.51586956521739136,0.61130697630704611,Wide-Leg|Wide-Leg::7|Wide-Leg/7-2.tif|002272
2273,Wide-Leg/7-3.tif,Wide-Leg,Wide-Leg::7,3,0.20824848935566939,0.22924341682082089,0.91602157656683081,0.049484874871101703,0.13270934104762622,False,0,0.28456521739130436,0.8258695652173913,0.73978260869565216,0.071521739130434789,0.62744915217356612,Wide-Leg|Wide-Leg::7|Wide-Leg/7-3.tif|002273
2274,Wide-Leg/7-4.tif,Wide-Leg,Wide-Leg::7,3,0.19426095073489261,0.2284276023351666,0.92868103006719616,0.061690502193896199,0.32751261812965349,False,0,0.14847826086956523,0.81804347826086954,0.82630434782608697,0.12108695652173913,0.68903469366478487,Wide-Leg|Wide-Leg::7|Wide-Leg/7-4.tif|002274
2275,Wide-Leg/7-5.tif,Wide-Leg,Wide-Leg::7,3,0.19005608107647831,0.22058120432210029,0.92814491100120955,0.1699526076421809,0.014155587525675917,False,0,0.11065217391304348,0.74239130434782608,0.82369565217391305,0.64760869565217394,0.58044162184539316,Wide-Leg|Wide-Leg::7|Wide-Leg/7-5.tif|002275
2276,Wide-Leg/7-6.tif,Wide-Leg,Wide-Leg::7,3,0.22990875159698171,0.20170867266885981,0.92262587541837382,0.056187788827289302,0.074974169908428645,False,0,0.52021739130434785,0.49630434782608696,0.78021739130434786,0.096304347826086961,0.49184791016093443,Wide-Leg|Wide-Leg::7|Wide-Leg/7-6.tif|002276
2277,Wide-Leg/7-7.tif,Wide-Leg,Wide-Leg::7,3,0.1911325805270131,0.2272667487874919,0.95134247409490957,0.17748574626113919,0.023212656790689512,False,0,0.12065217391304348,0.80978260869565222,0.94891304347826089,0.67934782608695654,0.68815594245360945,Wide-Leg|Wide-Leg::7|Wide-Leg/7-7.tif|002277
2278,Wide-Leg/7-8.tif,Wide-Leg,Wide-Leg::7,3,0.25063747713932949,0.1684076832669221,0.93782572557473842,0.0683755995783486,0.071934953416897485,False,0,0.6784782608695652,0.14065217391304347,0.88760869565217393,0.15543478260869564,0.65570651948683767,Wide-Leg|Wide-Leg::7|Wide-Leg/7-8.tif|002278
2279,Wide-Leg/7-9.tif,Wide-Leg,Wide-Leg::7,3,0.18212544417510529,0.24559753874027099,0.91528401879099619,0.095056527047011896,0.16206385583840921,False,0,0.057173913043478262,0.94021739130434778,0.73413043478260864,0.29239130434782606,0.69843018684613034,Wide-Leg|Wide-Leg::7|Wide-Leg/7-9.tif|002279
2280,Wide-Leg/8-1.tif,Wide-Leg,Wide-Leg::8,0,0.20895227199115449,0.23800999886221649,0.82785854571774176,0.1288801491647929,0.19903012384256824,False,0,0.2941304347826087,0.89891304347826084,0.23717391304347826,0.47152173913043477,0.52096300969158904,Wide-Leg|Wide-Leg::8|Wide-Leg/8-1.tif|002280
2281,Wide-Leg/8-10.tif,Wide-Leg,Wide-Leg::8,0,0.18001942927062209,0.23008112243105391,0.82681189264937416,0.1680469552380415,0.020196014580247446,False,0,0.046739130434782609,0.83195652173913048,0.23152173913043478,0.64065217391304352,0.63836052414773437,Wide-Leg|Wide-Leg::8|Wide-Leg/8-10.tif|002281
2282,Wide-Leg/8-2.tif,Wide-Leg,Wide-Leg::8,0,0.2474915604516256,0.1512260283846795,0.82726532966720168,0.0135246970424723,0.020781320165916606,False,0,0.6610869565217391,0.058043478260869565,0.2341304347826087,0.00065217391304347831,0.7357373524538775,Wide-Leg|Wide-Leg::8|Wide-Leg/8-2.tif|002282
2283,Wide-Leg/8-3.tif,Wide-Leg,Wide-Leg::8,0,0.1693269929740927,0.23120724011930111,0.86219013130774191,0.20820968720550179,0.15209671782243384,False,0,0.011521739130434782,0.84369565217391307,0.39934782608695651,0.7910869565217391,0.67201204530567515,Wide-Leg|Wide-Leg::8|Wide-Leg/8-3.tif|002283
2284,Wide-Leg/8-4.tif,Wide-Leg,Wide-Leg::8,0,0.17156340115174201,0.2269468940166316,0.84883078693983249,0.17999509627060109,0.10791367917157768,False,0,0.017173913043478262,0.8071739130434783,0.33717391304347827,0.68978260869565222,0.6245050970625371,Wide-Leg|Wide-Leg::8|Wide-Leg/8-4.tif|002284
2285,Wide-Leg/8-5.tif,Wide-Leg,Wide-Leg::8,0,0.19950328884316951,0.19284581658734909,0.86729895459306006,0.057916035658899197,0.025721369664778337,False,0,0.19978260869565218,0.38326086956521738,0.42369565217391303,0.10673913043478261,0.51403790876219679,Wide-Leg|Wide-Leg::8|Wide-Leg/8-5.tif|002285
2286,Wide-Leg/8-6.tif,Wide-Leg,Wide-Leg::8,0,0.17861305171669839,0.24950589976925491,0.8465684429034116,0.23338190922493121,0.034412779428794837,False,0,0.040652173913043481,0.9589130434782609,0.32456521739130434,0.85413043478260875,0.760123236451546,Wide-Leg|Wide-Leg::8|Wide-Leg/8-6.tif|002286
2287,Wide-Leg/8-7.tif,Wide-Leg,Wide-Leg::8,0,0.19903299214732489,0.18697929323736659,0.82740338575713923,0.111749676250846,0.029042777537530373,False,0,0.19586956521739129,0.31891304347826088,0.23499999999999999,0.37630434782608696,0.45914422739493799,Wide-Leg|Wide-Leg::8|Wide-Leg/8-7.tif|002287
2288,Wide-Leg/8-8.tif,Wide-Leg,Wide-Leg::8,0,0.17838712418998851,0.2075846120818429,0.91045611212965916,0.117470746326859,0.025580939325609897,False,0,0.03891304347826087,0.57847826086956522,0.69630434782608697,0.40847826086956524,0.51543345313675204,Wide-Leg|Wide-Leg::8|Wide-Leg/8-8.tif|002288
2289,Wide-Leg/8-9.tif,Wide-Leg,Wide-Leg::8,0,0.18931571475535669,0.24846088058677801,0.88357810566356898,0.090474892369135695,0.022675185605112169,False,0,0.10239130434782609,0.95195652173913048,0.51456521739130434,0.2723913043478261,0.64371984301782725,Wide-Leg|Wide-Leg::8|Wide-Leg/8-9.tif|002289
2290,Wide-Leg/9-1.tif,Wide-Leg,Wide-Leg::9,1,0.19013504193788841,0.2346392955128393,0.75585052163753996,0.12169919888595571,0.033464257741590675,False,0,0.11108695652173912,0.87152173913043474,0.044565217391304347,0.42630434782608695,0.70861389232302996,Wide-Leg|Wide-Leg::9|Wide-Leg/9-1.tif|002290
2291,Wide-Leg/9-10.tif,Wide-Leg,Wide-Leg::9,1,0.176871484258394,0.20134022613558389,0.88183449307909301,0.093645497070612899,0.026942714178056049,False,0,0.032826086956521741,0.49195652173913046,0.50673913043478258,0.28630434782608694,0.51383597597671138,Wide-Leg|Wide-Leg::9|Wide-Leg/9-10.tif|002291
2292,Wide-Leg/9-2.tif,Wide-Leg,Wide-Leg::9,1,0.22416251209041041,0.1759646129456327,0.8795453928966428,0.1418347450446549,0.029398536586712543,False,0,0.46413043478260868,0.20847826086956522,0.4906521739130435,0.52543478260869569,0.29496755773037403,Wide-Leg|Wide-Leg::9|Wide-Leg/9-2.tif|002292
2293,Wide-Leg/9-3.tif,Wide-Leg,Wide-Leg::9,1,0.178639260747703,0.23572108482422249,0.86296046412467675,0.27830336173089198,0.018543087507913558,False,0,0.041086956521739132,0.88239130434782609,0.40326086956521739,0.93369565217391304,0.74449625196312819,Wide-Leg|Wide-Leg::9|Wide-Leg/9-3.tif|002293
2294,Wide-Leg/9-4.tif,Wide-Leg,Wide-Leg::9,1,0.1910990169629134,0.20605135802868529,0.7946732801392361,0.073397593191048396,0.4316454548347668,False,0,0.11934782608695652,0.56065217391304345,0.11108695652173912,0.18326086956521739,0.63257552580005005,Wide-Leg|Wide-Leg::9|Wide-Leg/9-4.tif|002294
2295,Wide-Leg/9-5.tif,Wide-Leg,Wide-Leg::9,1,0.19494756530417409,0.21503264664713129,0.81853555656296095,0.092282315227811607,0.073993846538161989,False,0,0.15413043478260868,0.68413043478260871,0.19195652173913044,0.28282608695652173,0.54367735483701252,Wide-Leg|Wide-Leg::9|Wide-Leg/9-5.tif|002295
2296,Wide-Leg/9-6.tif,Wide-Leg,Wide-Leg::9,1,0.17635500949869409,0.2456457586128056,0.84002271392634509,0.19352572637860049,0.025393148199507332,False,0,0.030217391304347824,0.94108695652173913,0.29586956521739133,0.74239130434782608,0.71810596813734962,Wide-Leg|Wide-Leg::9|Wide-Leg/9-6.tif|002296
2297,Wide-Leg/9-7.tif,Wide-Leg,Wide-Leg::9,1,0.19281856603985459,0.21786884665483719,0.79909568765357697,0.14901182652234549,0.11417828933200391,False,0,0.1376086956521739,0.71673913043478266,0.12760869565217392,0.55195652173913046,0.56540080636098178,Wide-Leg|Wide-Leg::9|Wide-Leg/9-7.tif|002297
2298,Wide-Leg/9-8.tif,Wide-Leg,Wide-Leg::9,1,0.1814127208923477,0.24391294554508261,0.86319360683638102,0.2090334359500064,0.023693519081532166,False,0,0.051521739130434785,0.93369565217391304,0.40456521739130435,0.79239130434782612,0.69557540337258739,Wide-Leg|Wide-Leg::9|Wide-Leg/9-8.tif|002298
2299,Wide-Leg/9-9.tif,Wide-Leg,Wide-Leg::9,1,0.1875796107454413,0.2232949734905377,0.82387193539130232,0.0479039768731086,0.065911840424572987,False,0,0.091956521739130437,0.77108695652173909,0.21760869565217392,0.065869565217391304,0.71288267009603434,Wide-Leg|Wide-Leg::9|Wide-Leg/9-9.tif|002299
