row_index,category,relative_path,four_band_l1_s3_minus_s1,four_band_l1_nondecreasing,low_1_4_delta_s3_minus_s1,low_1_4_endpoint_direction_concordant,low_1_4_trajectory_monotone_in_predicted_direction,mid_5_12_delta_s3_minus_s1,mid_5_12_endpoint_direction_concordant,mid_5_12_trajectory_monotone_in_predicted_direction,highmid_13_24_delta_s3_minus_s1,highmid_13_24_endpoint_direction_concordant,highmid_13_24_trajectory_monotone_in_predicted_direction,high_25_36_delta_s3_minus_s1,high_25_36_endpoint_direction_concordant,high_25_36_trajectory_monotone_in_predicted_direction
0,A-Line,A-Line/1-1.tif,0.2482411069519177,False,0.096409564456594737,True,True,0.027710989019363974,,,-0.048094407703377695,True,False,-0.076026145772581294,True,False
1,A-Line,A-Line/1-10.tif,0.083965165010471576,False,0.041381447131684068,True,False,0.00060113537355160895,,,-0.018811837428794387,True,False,-0.023170745076441512,True,False
2,A-Line,A-Line/1-2.tif,0.23126159173802349,True,0.084140943321507705,True,True,0.031489852547504027,,,-0.045266116559552066,True,True,-0.070364679309459693,True,True
3,A-Line,A-Line/1-3.tif,0.16387852779975795,False,0.07259843392466217,True,False,0.0093408299752166801,,,-0.025326410779517305,True,True,-0.056612853120361795,True,False
4,A-Line,A-Line/1-4.tif,0.1880240230065274,True,0.073542934557517814,True,True,0.020469076945745901,,,-0.052056170906093879,True,True,-0.041955840597169808,True,False
5,A-Line,A-Line/1-5.tif,0.1869955194089106,False,0.062990768208942866,True,False,0.030506991495512226,,,-0.022262592492909794,True,False,-0.071235167211545714,True,False
6,A-Line,A-Line/1-6.tif,0.20158471770371844,False,0.070597832545565703,True,False,0.03019452630629349,,,-0.032856655087163317,True,False,-0.067935703764695918,True,False
7,A-Line,A-Line/1-7.tif,0.088990979740282222,False,0.044495489870141069,True,True,-0.00053421163675049232,,,-0.030521273779923669,True,False,-0.013440004453466992,True,False
8,A-Line,A-Line/1-8.tif,0.087813834505424015,False,0.035742864835059812,True,False,-0.0079377173061708217,,,0.0081640524176525009,False,False,-0.035969199946540881,True,False
9,A-Line,A-Line/1-9.tif,0.092302833037455123,False,0.046151416518727589,True,False,-0.0041678839432249259,,,-0.038028032755208718,True,False,-0.0039554998202938896,True,False
10,A-Line,A-Line/10-1.tif,0.084393958416471543,False,-0.0062348521128713918,False,False,-0.035962127095364282,,,0.022708733247033985,False,False,0.019488245961201883,False,False
11,A-Line,A-Line/10-10.tif,0.1118508337852365,False,0.055925416892618207,True,False,-0.00035365375342599759,,,-0.041256289555506198,True,False,-0.014315473583686095,True,False
12,A-Line,A-Line/10-2.tif,0.08051659432559613,False,0.038862412595995516,True,False,0.0013958845668025077,,,-0.0016002812743907135,True,False,-0.038658015888407393,True,False
13,A-Line,A-Line/10-3.tif,0.099419489470037092,False,0.042284153385340612,True,False,0.0074255913496779624,,,-0.042594811303729829,True,False,-0.0071149334312886892,True,False
14,A-Line,A-Line/10-4.tif,0.10158392518821421,False,0.024563373037268993,True,False,0.013745857602934897,,,0.012482731953903203,False,False,-0.050791962594107121,True,False
15,A-Line,A-Line/10-5.tif,0.22712264925007641,False,0.072176917465430701,True,False,0.041384407159607506,,,-0.038187805772185002,True,False,-0.075373518852853205,True,False
16,A-Line,A-Line/10-6.tif,0.23220359980990118,True,0.090349826541531092,True,True,0.025751973363419389,,,-0.046626717170287213,True,True,-0.06947508273466349,True,False
17,A-Line,A-Line/10-7.tif,0.14945787620703779,False,0.055450359012246792,True,False,0.019278579091272119,,,-0.05054902503486719,True,True,-0.024179913068651693,True,False
18,A-Line,A-Line/10-8.tif,0.15233478144453586,False,0.046807256338438907,True,False,0.026985529273332587,,,0.0023746051104964749,False,False,-0.076167390722267886,True,False
19,A-Line,A-Line/10-9.tif,0.1040551118060313,False,0.016606208160219293,True,False,-0.046160822262608925,,,0.035421347742796372,False,False,-0.0058667336404067127,True,False
20,A-Line,A-Line/2-1.tif,0.28690860740590196,True,0.059830465188493581,True,False,0.083623838514457316,,,-0.056335089203529087,True,False,-0.087119214499422004,True,True
21,A-Line,A-Line/2-10.tif,0.28602308195831139,True,0.10705414372209951,True,True,0.035957397257056101,,,-0.022783087806726221,True,False,-0.12022845317242958,True,True
22,A-Line,A-Line/2-2.tif,0.078629638835881477,False,0.029782689895110209,True,False,-0.036244760086285799,,,-0.0030700593316547731,True,False,0.0095321295228306957,False,False
23,A-Line,A-Line/2-3.tif,0.092251520285475813,True,0.027992654450907317,True,False,-0.022176256176311915,,,0.018133105691830576,False,False,-0.023949503966426006,True,False
24,A-Line,A-Line/2-4.tif,0.098003942980509989,False,0.039417433816897884,True,False,-0.0075182158848594027,,,0.0095845376733570964,False,False,-0.041483755605395606,True,False
25,A-Line,A-Line/2-5.tif,0.15599942949458631,True,0.04747018322466301,True,True,0.030529531522630105,,,-0.0066294888512603012,True,False,-0.071370225896032896,True,False
26,A-Line,A-Line/2-6.tif,0.29539480753193909,True,0.080524482255431434,True,True,0.067172921510538108,,,-0.049299778113781528,True,True,-0.098397625652188001,True,True
27,A-Line,A-Line/2-7.tif,0.063867541888225049,False,0.020618901305936993,True,False,-0.016066562239291982,,,0.011314869638175684,False,False,-0.01586720870482039,True,False
28,A-Line,A-Line/2-8.tif,0.10846778332521492,False,0.022788504178058333,True,False,0.03144538748454917,,,-0.032443834615167227,True,False,-0.021790057047440192,True,False
29,A-Line,A-Line/2-9.tif,0.072510618022343043,False,0.033184728283444986,True,False,-0.0056554087460893299,,,0.0030705807277265351,False,False,-0.030599900265082192,True,False
30,A-Line,A-Line/3-1.tif,0.13348949627155748,False,-0.061767776306450334,False,False,0.066018666859521125,,,0.0007260812762575064,False,False,-0.0049769718293285192,True,False
31,A-Line,A-Line/3-10.tif,0.034312324212259049,False,0.0023657368044430749,True,False,-0.017156162106129802,,,0.00069072861683477926,False,False,0.014099696684851393,False,False
32,A-Line,A-Line/3-2.tif,0.022579431226416063,False,0.0050780363780489057,True,False,-0.011289715613208073,,,0.0048192764570610946,False,False,0.0013924027780979897,False,False
33,A-Line,A-Line/3-3.tif,0.13197643519543339,False,0.049433063321048298,True,False,0.016555154276668482,,,-0.015631126356053515,True,False,-0.050357091241663099,True,False
34,A-Line,A-Line/3-4.tif,0.1434446367915059,False,0.027702494325738597,True,False,0.044019824070014424,,,-0.040214407768220606,True,False,-0.031507910627532276,True,False
35,A-Line,A-Line/3-5.tif,0.20891271852097776,True,0.033174522207849028,True,False,0.071281837052640018,,,-0.025436753181190513,True,False,-0.079019606079298199,True,True
36,A-Line,A-Line/3-6.tif,0.15237639169321585,False,0.046406082711278523,True,False,0.029782113135329413,,,-0.028640176032527331,True,False,-0.047548019814080578,True,False
37,A-Line,A-Line/3-7.tif,0.083174014239997512,False,0.0023217738219943052,True,False,-0.041587007119998909,,,0.034879467321935087,False,False,0.0043857659760692114,False,False
38,A-Line,A-Line/3-8.tif,0.18713658679483061,False,-0.011691444498439119,False,False,0.093568293397415292,,,-0.021555909332375306,True,False,-0.060320939566600895,True,False
39,A-Line,A-Line/3-9.tif,0.1034189713184171,False,0.042280476057558414,True,False,-3.325396995934593e-06,,,0.0094290096016500513,False,False,-0.051706160262212697,True,False
40,A-Line,A-Line/4-1.tif,0.10931652043208059,False,-0.0016941755473647846,False,False,0.0546582602160402,,,-0.022881361683559115,True,False,-0.030082722985116495,True,False
41,A-Line,A-Line/4-10.tif,0.2658776768214966,False,0.059789565042156212,True,False,0.073149273368592338,,,-0.04410235329757517,True,False,-0.088836485113172894,True,False
42,A-Line,A-Line/4-2.tif,0.22459221149772846,False,0.045917046943772077,True,False,0.06637905880509215,,,-0.026393154402687719,True,False,-0.085902951346176495,True,False
43,A-Line,A-Line/4-3.tif,0.086966405109223877,False,0.007005087029195084,True,False,0.0075985613088883075,,,0.028879554216528491,False,False,-0.043483202554611994,True,False
44,A-Line,A-Line/4-4.tif,0.067362959210513523,False,0.032917618361553685,True,False,4.0114579389294303e-05,,,-0.033681479605256748,True,False,0.00072374666431379575,False,False
45,A-Line,A-Line/4-5.tif,0.38054434051505115,True,0.094224384081241591,True,False,0.096047786176284011,,,-0.05394025320668272,True,False,-0.1363319170508428,True,False
46,A-Line,A-Line/4-6.tif,0.13662158749709288,False,0.044832875865319588,True,False,0.023477917883226895,,,-0.00042954788029109237,True,False,-0.067881245868255308,True,False
47,A-Line,A-Line/4-7.tif,0.13266894925477007,True,-0.054645112883133728,False,False,0.020442892195148055,,,-0.01168936174425117,True,False,0.045891582432237121,False,False
48,A-Line,A-Line/4-8.tif,0.26782090193695185,False,0.050157261356502891,True,False,0.0837531896119732,,,-0.048231218281011096,True,True,-0.08567923268746469,True,False
49,A-Line,A-Line/4-9.tif,0.048624094665142004,False,0.010007647442703771,True,False,-0.024312047332570919,,,0.0086843537733272136,False,False,0.0056200461165401006,False,False
50,A-Line,A-Line/5-1.tif,0.16595941302249173,False,-0.036591098456841498,False,False,0.08297970651124581,,,-0.0068465654747758009,True,False,-0.039542042579628622,True,False
51,A-Line,A-Line/5-10.tif,0.17617954766854238,True,0.058323637752067087,True,True,0.029766136082204131,,,-0.028912065675637755,True,False,-0.059177708158633407,True,True
52,A-Line,A-Line/5-2.tif,0.11254785969005091,False,-0.047500679020847425,False,False,0.0044548464885080241,,,-0.0087732508241780693,True,False,0.051819083356517387,False,False
53,A-Line,A-Line/5-3.tif,0.13499512826707663,True,0.056663748528054503,True,True,0.010833815605483799,,,-0.017438273309435537,True,False,-0.050059290824102792,True,True
54,A-Line,A-Line/5-4.tif,0.049902013935892359,False,-0.0026167138175323956,False,False,0.022823870913285027,,,-0.022334293150413631,True,False,0.002127136054661305,False,False
55,A-Line,A-Line/5-5.tif,0.13922807288816055,True,0.029045355510432497,True,False,0.040568680933647794,,,-0.051895960157033377,True,True,-0.017718076287046886,True,False
56,A-Line,A-Line/5-6.tif,0.14935914581107704,False,-0.0027075769919170378,False,False,0.074679572905538505,,,-0.01484170618190489,True,False,-0.057130289731716605,True,False
57,A-Line,A-Line/5-7.tif,0.14340106498446636,False,-0.028586373186781505,False,False,0.07170053249223296,,,-0.0022252465676231847,True,False,-0.0408889127378287,True,False
58,A-Line,A-Line/5-8.tif,0.095299910027465878,False,-0.04764995501373287,False,False,0.021804930457078542,,,0.001900952911731979,False,False,0.023944071644922488,False,False
59,A-Line,A-Line/5-9.tif,0.099166491134033335,False,0.023832377256907789,True,False,-0.0063828190838198795,,,0.025750868310108976,False,False,-0.043200426483196691,True,False
60,A-Line,A-Line/6-1.tif,0.082199028229477583,False,0.013794768116270201,True,False,0.022744901616874869,,,0.0045598443815936252,False,False,-0.041099514114738889,True,False
61,A-Line,A-Line/6-10.tif,0.19298029033572683,False,0.063740027838651292,True,False,0.032750117329212347,,,-0.015244633109667616,True,False,-0.081245512058195593,True,False
62,A-Line,A-Line/6-2.tif,0.11685643068407905,False,0.047886276327701899,True,False,0.010541939014337587,,,-0.0032109898500157774,True,False,-0.055217225492023791,True,False
63,A-Line,A-Line/6-3.tif,0.35940633980035852,True,0.11959460266792207,True,True,0.060108567232257215,,,-0.0370882768809494,True,False,-0.1426148930192298,True,True
64,A-Line,A-Line/6-4.tif,0.041526408737102005,False,0.014220643973695518,True,False,0.0058534079100263647,,,0.00068915248482892544,False,False,-0.020763204368551197,True,False
65,A-Line,A-Line/6-5.tif,0.3056783674868524,True,0.072821053805984415,True,True,0.080018129937441895,,,-0.060632996475212808,True,True,-0.092206187268213308,True,True
66,A-Line,A-Line/6-6.tif,0.11168192266624696,False,0.0278146708640791,True,False,0.028026290469044424,,,-0.014012994600822615,True,False,-0.041827966732300825,True,False
67,A-Line,A-Line/6-7.tif,0.10236903711084155,False,0.03830876125137439,True,False,0.012875757304046387,,,-0.0075797979058961906,True,False,-0.043604720649524586,True,False
68,A-Line,A-Line/6-8.tif,0.35602366592044166,True,0.085209200084369691,True,True,0.09280263287585111,,,-0.069158219501572082,True,True,-0.1088536134586488,True,True
69,A-Line,A-Line/6-9.tif,0.26342662940239697,False,0.077615480725801017,True,False,0.054097833975397414,,,-0.018711280065622726,True,False,-0.1130020346355758,True,False
70,A-Line,A-Line/7-1.tif,0.11646765406354828,False,0.045300301431879797,True,False,-0.038326045987729374,,,-0.019907781044044615,True,False,0.012933525599894496,False,False
71,A-Line,A-Line/7-10.tif,0.1454472181317327,False,0.072723609065866418,True,True,-0.0046446345730999927,,,-0.019427373515350788,True,False,-0.048651600977415499,True,False
72,A-Line,A-Line/7-2.tif,0.075286882562403956,False,0.0359849975723254,True,False,0.001658443708876578,,,-0.0084846739879665956,True,False,-0.029158767293235383,True,False
73,A-Line,A-Line/7-3.tif,0.10060379271573919,False,0.046656017741241701,True,False,0.0036458786166280177,,,-0.036340890642161172,True,False,-0.013961005715708297,True,False
74,A-Line,A-Line/7-4.tif,0.15840318467436923,False,0.056014961533398022,True,False,0.023186630803786523,,,-0.0097882675627369853,True,False,-0.069413324774447699,True,False
75,A-Line,A-Line/7-5.tif,0.057637837245556239,False,0.0288189186227783,True,False,-0.0059765462683004089,,,-0.003046131233225613,True,False,-0.019796241121251917,True,False
76,A-Line,A-Line/7-6.tif,0.16765357981128312,False,0.064977822402505186,True,False,0.018848967503136527,,,-0.007177917225187791,True,False,-0.076648872680453617,True,False
77,A-Line,A-Line/7-7.tif,0.06468058686258274,False,0.032340293431291384,True,False,-0.0095454959422298091,,,-0.020480155190291338,True,False,-0.0023146422987702087,True,False
78,A-Line,A-Line/7-8.tif,0.10717408322647745,False,0.023605521730030998,True,False,-0.026888951868704103,,,0.029981519883207741,False,False,-0.026698089744534609,True,False
79,A-Line,A-Line/7-9.tif,0.10053381214897572,False,0.039317348504055299,True,False,-0.03177591933978452,,,-0.018490986734703396,True,False,0.010949557570432505,False,False
80,A-Line,A-Line/8-1.tif,0.18123997913764311,False,0.043312380400722217,True,False,0.047307609168099285,,,-0.010672155370697212,True,False,-0.079947834198124401,True,False
81,A-Line,A-Line/8-10.tif,0.33895434745163622,True,0.080837814822690007,True,True,0.08863935890312824,,,-0.078205043196942992,True,True,-0.091272130528874992,True,False
82,A-Line,A-Line/8-2.tif,0.24358384033061486,True,0.068416285532812093,True,True,0.053375634632495395,,,-0.025486485974244466,True,True,-0.096305434191062897,True,False
83,A-Line,A-Line/8-3.tif,0.16378852275453795,False,0.053875145249000306,True,False,0.028019116128268684,,,-0.0013628322760255718,True,False,-0.08053142910124339,True,False
84,A-Line,A-Line/8-4.tif,0.13815879908557818,True,0.028307471510429699,True,False,0.040771928032359295,,,-0.054267484704287688,True,True,-0.0148119148385015,True,False
85,A-Line,A-Line/8-5.tif,0.120928381550505,False,0.021813738022729179,True,False,0.038650452752523212,,,-0.039588775427385814,True,True,-0.020875415347866799,True,False
86,A-Line,A-Line/8-6.tif,0.079499542566077747,False,0.033605345078257687,True,False,0.0061444262047812837,,,-0.0012246851461015784,True,False,-0.038525086136937198,True,False
87,A-Line,A-Line/8-7.tif,0.13329874033904238,True,0.029908484134186702,True,False,0.036740886035334597,,,-0.048417950154435369,True,True,-0.018231420015085709,True,False
88,A-Line,A-Line/8-8.tif,0.10372434966062449,False,-0.0016004994699735375,False,False,0.051862174830312247,,,-0.028960871161325813,True,False,-0.021300804199012896,True,False
89,A-Line,A-Line/8-9.tif,0.11460063820927768,False,0.041326194962165108,True,False,0.015974124142473789,,,-0.0080579542720520814,True,False,-0.049242364832586705,True,False
90,A-Line,A-Line/9-1.tif,0.075822572936756177,False,0.036679405071494892,True,False,0.0012318813968830722,,,-0.004329624076811589,True,False,-0.033581662391566625,True,False
91,A-Line,A-Line/9-10.tif,0.24044495275488398,True,0.089011644041412485,True,True,0.031210832336029504,,,-0.022772463217526573,True,False,-0.097450013159915416,True,True
92,A-Line,A-Line/9-2.tif,0.11084299881805321,False,0.025515058794176204,True,False,0.029906440614850371,,,-0.010379427015136833,True,False,-0.045042072393889798,True,False
93,A-Line,A-Line/9-3.tif,0.0071197677400287596,False,-0.00014912001960790122,False,False,-0.0034107638504063953,,,0.0032804844750857765,False,False,0.0002793993949286866,False,False
94,A-Line,A-Line/9-4.tif,0.25658631516946023,False,0.058585889399028618,True,False,0.069707268185701499,,,-0.066425557486009618,True,True,-0.061867600098720499,True,False
95,A-Line,A-Line/9-5.tif,0.10084715021639323,False,0.041243601118791495,True,True,0.0091799739894051768,,,-0.014997800497307978,True,False,-0.035425774610888583,True,False
96,A-Line,A-Line/9-6.tif,0.23477749204735282,True,0.07617813954473221,True,True,0.041210606478944201,,,-0.051052379999417002,True,True,-0.066336366024259408,True,False
97,A-Line,A-Line/9-7.tif,0.13402133572966177,False,0.029716534414350293,True,False,0.037294133450480771,,,-0.058088567569622301,True,True,-0.0089221002952084016,True,False
98,A-Line,A-Line/9-8.tif,0.30009381469389462,True,0.077763792434185075,True,True,0.07228311491276207,,,-0.063573838605646693,True,True,-0.086473068741300813,True,True
99,A-Line,A-Line/9-9.tif,0.24521734899061159,True,0.097869994825611789,True,True,0.024738679669693897,,,-0.041675181991491894,True,True,-0.080933492503814,True,True
100,Bermuda,Bermuda/1-1.tif,0.19250880931675404,False,0.072532244711914995,True,False,0.02372215994646204,,,-0.04234360929957881,True,False,-0.053910795358798197,True,False
101,Bermuda,Bermuda/1-10.tif,0.25743817092685706,True,0.080094452792471127,True,True,0.048624632670957402,,,-0.037479504102084504,True,True,-0.091239581361343997,True,True
102,Bermuda,Bermuda/1-2.tif,0.32082187333087686,True,0.10095453637298263,True,True,0.059456400292456024,,,-0.04130863444263061,True,True,-0.1191023022228076,True,True
103,Bermuda,Bermuda/1-3.tif,0.19021727184840456,False,0.069353263437868268,True,False,0.025755372486334027,,,-0.047078868790111972,True,False,-0.048029767134090295,True,False
104,Bermuda,Bermuda/1-4.tif,0.23827776817551491,True,0.080870168772612022,True,True,0.038268715315145307,,,-0.047146077366053085,True,True,-0.071992806721704494,True,False
105,Bermuda,Bermuda/1-5.tif,0.2106039505502566,True,0.06712154597628589,True,True,0.0381804292988423,,,-0.042510020073593002,True,False,-0.06279195520153541,True,False
106,Bermuda,Bermuda/1-6.tif,0.06717189464203005,False,0.030536488644159698,True,False,-0.011300093908067854,,,-0.022285853412947199,True,False,0.0030494586768552989,False,False
107,Bermuda,Bermuda/1-7.tif,0.22340745236001561,True,0.081951953889326135,True,True,0.029751772290681544,,,-0.059760164920920233,True,False,-0.051943561259087695,True,True
108,Bermuda,Bermuda/1-8.tif,0.2012330211980061,False,0.078950765900078407,True,False,0.021665744698924794,,,-0.044064319175740496,True,False,-0.056552191423262399,True,False
109,Bermuda,Bermuda/1-9.tif,0.18122984597724467,False,0.071298484457109373,True,True,0.019316438531512825,,,-0.044782064025572665,True,True,-0.045832858963049811,True,False
110,Bermuda,Bermuda/10-1.tif,0.23800836259468267,True,0.083915399624169607,True,True,0.035088781673171643,,,-0.032733587050496615,True,False,-0.086270594246844801,True,True
111,Bermuda,Bermuda/10-10.tif,0.089795393722395284,False,0.022293620597131109,True,False,0.022604076264066797,,,-0.0062854539720904046,True,False,-0.038612242889106974,True,False
112,Bermuda,Bermuda/10-2.tif,0.15580798854816807,False,0.047269723731474089,True,False,0.030634270542609865,,,-0.0037164237725708094,True,False,-0.074187570501513311,True,False
113,Bermuda,Bermuda/10-3.tif,0.16847408444592729,False,0.058671238785892088,True,False,0.025565803437071599,,,-0.042090648360475824,True,True,-0.04214639386248778,True,False
114,Bermuda,Bermuda/10-4.tif,0.13476655322983,False,0.046780324664915995,True,False,0.013026367140239914,,,0.0075765848097590904,False,False,-0.067383276614915,True,False
115,Bermuda,Bermuda/10-5.tif,0.075472520430608758,False,0.035085646168821927,True,False,0.0024134492094275428,,,-0.037736260215304296,True,False,0.00023716483705499281,False,False
116,Bermuda,Bermuda/10-6.tif,0.10030988638455351,False,0.045387224083949684,True,False,0.0047677191083271842,,,-0.031042783765016235,True,True,-0.019112159427260411,True,False
117,Bermuda,Bermuda/10-7.tif,0.20930814207384435,False,0.075507333358526912,True,True,0.029146737678395152,,,-0.043775903849892384,True,False,-0.060878167187029902,True,False
118,Bermuda,Bermuda/10-8.tif,0.33455854265509111,True,0.10587467040125853,True,True,0.061404600926287078,,,-0.05498756446775932,True,False,-0.11229170685978619,True,True
119,Bermuda,Bermuda/10-9.tif,0.13606379451133288,False,0.036260499769103199,True,False,0.031771397486563102,,,-0.011007508663383681,True,False,-0.057024388592282899,True,False
120,Bermuda,Bermuda/2-1.tif,0.075109546164069896,False,0.021580251813438006,True,False,-0.018399446959582677,,,-0.019155326122452299,True,False,0.015974521268596914,False,False
121,Bermuda,Bermuda/2-10.tif,0.083641641478189616,True,0.041820820739094711,True,True,-0.0048772020151721107,,,-0.036297736783976686,True,True,-0.00064588193994610799,True,False
122,Bermuda,Bermuda/2-2.tif,0.12378135028424853,True,0.046195772392299689,True,False,-0.023099838047645871,,,-0.03879083709447817,True,False,0.015694902749824796,False,False
123,Bermuda,Bermuda/2-3.tif,0.14087620967624614,False,0.058580814610369014,True,True,0.011857290227754114,,,-0.041851307589234832,True,True,-0.028586797248888185,True,False
124,Bermuda,Bermuda/2-4.tif,0.11260317206486969,False,0.01106504326693078,True,False,-0.048052065348543671,,,-0.0082495206838912316,True,False,0.045236542765504012,False,False
125,Bermuda,Bermuda/2-5.tif,0.16286778822680598,False,0.059695818872552403,True,False,0.021738075240850585,,,-0.032103338416572202,True,False,-0.049330555696830786,True,False
126,Bermuda,Bermuda/2-6.tif,0.1017085027885242,False,0.026764849747228592,True,False,-0.018065696192887504,,,-0.032788555201374525,True,False,0.024089401647033576,False,False
127,Bermuda,Bermuda/2-7.tif,0.11367935861483891,False,0.021335343991747108,True,False,-0.041086465293237395,,,-0.015753214014182004,True,False,0.035504335315672403,False,False
128,Bermuda,Bermuda/2-8.tif,0.31398191032856448,True,0.09741945230002283,True,True,0.05957150286425944,,,-0.036132378212150512,True,False,-0.12085857695213172,True,False
129,Bermuda,Bermuda/2-9.tif,0.1825358795249678,False,0.074992643367805395,True,True,0.016275296394678618,,,-0.052262006797072491,True,False,-0.0390059329654113,True,False
130,Bermuda,Bermuda/3-1.tif,0.21830936278168372,False,0.077348273523656919,True,False,0.031806407867184971,,,-0.024792488442543337,True,False,-0.084362192948298498,True,False
131,Bermuda,Bermuda/3-10.tif,0.37308399053757413,False,0.11538465801564671,True,True,0.07115733725314044,,,-0.051237308879866383,True,True,-0.13530468638892063,True,False
132,Bermuda,Bermuda/3-2.tif,0.10361712676148996,False,0.049905617546150804,True,False,0.0019029458345940498,,,-0.032282415027324096,True,False,-0.019526148353421008,True,False
133,Bermuda,Bermuda/3-3.tif,0.22725557676302588,False,0.082818663460746872,True,False,0.030809124920766096,,,-0.063788805241196511,True,True,-0.049838983140316401,True,False
134,Bermuda,Bermuda/3-4.tif,0.22543907071321154,False,0.069692788042026582,True,False,0.043026747314579228,,,-0.024199155244501724,True,False,-0.088520380112104002,True,False
135,Bermuda,Bermuda/3-5.tif,0.16470796595328879,True,0.059516611212536208,True,True,0.022837371764108272,,,-0.0347002704835912,True,True,-0.047653712493053113,True,False
136,Bermuda,Bermuda/3-6.tif,0.054647798211155563,False,0.027251013147983005,True,False,-0.015241580922299769,,,-0.012082318183277985,True,False,7.2885957594803763e-05,False,False
137,Bermuda,Bermuda/3-7.tif,0.15983857892130504,False,0.049528037542249825,True,False,0.030391251918402695,,,-0.0017714241906279238,True,False,-0.078147865270024597,True,False
138,Bermuda,Bermuda/3-8.tif,0.081879335312075224,False,0.036416891422322489,True,False,0.0029860391287114263,,,-0.040939667656037793,True,False,0.0015367371050035161,False,False
139,Bermuda,Bermuda/3-9.tif,0.10109400828012163,False,0.044674385600021516,True,False,0.0058726185400393982,,,-0.016010817202930905,True,False,-0.034536186937129815,True,False
140,Bermuda,Bermuda/4-1.tif,0.17549156525938087,True,0.059726653225461779,True,True,0.02801912940422846,,,-0.022217018548812806,True,True,-0.065528764080877822,True,True
141,Bermuda,Bermuda/4-10.tif,0.40970106977793097,True,0.12671799157907249,True,True,0.078132543309893054,,,-0.061984471793434415,True,True,-0.14286606309553099,True,True
142,Bermuda,Bermuda/4-2.tif,0.27895639493081176,True,0.10279743033297137,True,True,0.036680767132434455,,,-0.052602333925577921,True,False,-0.086875863539827999,True,False
143,Bermuda,Bermuda/4-3.tif,0.26234934561747336,False,0.098856566166808102,True,False,0.032318106641928412,,,-0.055768658635453411,True,True,-0.075406014173283409,True,False
144,Bermuda,Bermuda/4-4.tif,0.17487040660580605,False,0.054102051396955703,True,False,0.033333151905947322,,,-0.015290410382316821,True,False,-0.072144792920586204,True,False
145,Bermuda,Bermuda/4-5.tif,0.13040821783961859,False,0.05464677497171741,True,False,0.010557333948091885,,,-0.029040593329389797,True,False,-0.036163515590419498,True,False
146,Bermuda,Bermuda/4-6.tif,0.14244561542156431,False,0.062166398328539596,True,True,0.0090564093822425029,,,-0.030144323489365799,True,True,-0.041078484221416411,True,False
147,Bermuda,Bermuda/4-7.tif,0.21787334512591852,False,0.083936988310062521,True,False,0.024999684252896892,,,-0.051811921992684196,True,True,-0.057124750570274913,True,False
148,Bermuda,Bermuda/4-8.tif,0.21890045831869309,True,0.086754293916435909,True,True,0.022695935242910803,,,-0.048835158846428084,True,False,-0.060615070312918296,True,True
149,Bermuda,Bermuda/4-9.tif,0.17842932081848326,False,0.07010031444098852,True,True,0.019114345968253121,,,-0.049421896803462817,True,False,-0.039792763605778797,True,False
150,Bermuda,Bermuda/5-1.tif,0.17149707071796932,True,0.068508464177071765,True,True,0.017240071181912897,,,-0.052219606976784572,True,True,-0.033528928382200091,True,False
151,Bermuda,Bermuda/5-10.tif,0.10295368705448527,False,0.012902321882720502,True,False,-0.046541807236594956,,,-0.0049350362906476208,True,False,0.038574521644522186,False,False
152,Bermuda,Bermuda/5-2.tif,0.13283839767698924,False,0.01362932679503101,True,False,-0.045392751464805481,,,-0.02102644737368925,True,False,0.052789872043463498,False,False
153,Bermuda,Bermuda/5-3.tif,0.17190544661884716,False,0.075470074583811303,True,True,0.010482648725612165,,,-0.049302051046472672,True,False,-0.036650672262951017,True,False
154,Bermuda,Bermuda/5-4.tif,0.14704365718670326,True,0.067731811892421889,True,False,0.0057900167009294901,,,-0.034672708812861885,True,False,-0.038849119780489993,True,False
155,Bermuda,Bermuda/5-5.tif,0.167459294048799,False,0.0419701805133815,True,True,0.041759466511018029,,,-0.02833843574435968,True,False,-0.055391211280039793,True,False
156,Bermuda,Bermuda/5-6.tif,0.11013408117498338,False,0.044423005876433386,True,False,0.010644034711058403,,,-0.04559226264611399,True,False,-0.0094747779413776045,True,False
157,Bermuda,Bermuda/5-7.tif,0.092323333733319995,False,0.046161666866660123,True,False,-0.0012730256297894815,,,-0.026001852189280084,True,False,-0.018886789047590308,True,False
158,Bermuda,Bermuda/5-8.tif,0.30913645954482394,False,0.10178129502679781,True,True,0.052786934745613912,,,-0.043085771309106902,True,True,-0.1114824584633053,True,False
159,Bermuda,Bermuda/5-9.tif,0.36250157909297415,True,0.11969581172803309,True,True,0.061554977818453982,,,-0.050735428276472483,True,True,-0.13051536127001459,True,True
160,Bermuda,Bermuda/6-1.tif,0.17514406482608758,True,-0.080960503486075308,False,False,0.031442400687053618,,,-0.0066115289269685351,True,False,0.056129631725990115,False,False
161,Bermuda,Bermuda/6-10.tif,0.029271449899396174,False,-0.0072914159429589009,False,False,0.00062055303075997381,,,-0.0073443090067391026,True,False,0.014015171918938196,False,False
162,Bermuda,Bermuda/6-2.tif,0.20349180701222186,True,0.083636290323040541,True,True,0.018109613183070528,,,-0.032238850715645972,True,False,-0.069507052790464804,True,False
163,Bermuda,Bermuda/6-3.tif,0.237136948711302,True,0.084563106473968724,True,True,0.034005367881682291,,,-0.04917524781398358,True,False,-0.069393226541667408,True,True
164,Bermuda,Bermuda/6-4.tif,0.14227046958518641,True,0.059216188772085815,True,True,0.011919046020507418,,,-0.042784703570840188,True,True,-0.028350531221752989,True,False
165,Bermuda,Bermuda/6-5.tif,0.12616671078013417,True,0.045857134509241698,True,True,0.017226220880825482,,,-0.014247497307879387,True,False,-0.0488358580821876,True,True
166,Bermuda,Bermuda/6-6.tif,0.14915161857990342,False,0.033307264178818102,True,False,0.041268545111133315,,,-0.02901540302646749,True,False,-0.04556040626348451,True,False
167,Bermuda,Bermuda/6-7.tif,0.37329855831444864,True,0.1246251362723105,True,True,0.062024142884913758,,,-0.050807074776517164,True,False,-0.13584220438070721,True,True
168,Bermuda,Bermuda/6-8.tif,0.15199333658384734,False,0.056766776816759318,True,True,0.019229891475164518,,,-0.0019313235857577049,True,False,-0.074065344706165798,True,False
169,Bermuda,Bermuda/6-9.tif,0.15980231157619093,False,0.034810798850038405,True,False,0.045090356938057019,,,-0.06077162716395651,True,False,-0.019129528624138997,True,False
170,Bermuda,Bermuda/7-1.tif,0.082700074861319944,True,0.036272589178680037,True,True,-0.021927196838537222,,,-0.019422840592122681,True,False,0.0050774482519800046,False,False
171,Bermuda,Bermuda/7-10.tif,0.26740887728077323,True,0.089952338085555028,True,True,0.043752100554831586,,,-0.037288319668448033,True,True,-0.096416118971938608,True,True
172,Bermuda,Bermuda/7-2.tif,0.12375905524166156,True,0.055548382178157496,True,True,0.0063311454426733804,,,-0.009840690912847283,True,False,-0.052038836707983399,True,True
173,Bermuda,Bermuda/7-3.tif,0.13595166843191261,False,0.056059790763875683,True,True,0.011916043452080693,,,-0.016780520629174733,True,False,-0.051195313586781505,True,False
174,Bermuda,Bermuda/7-4.tif,0.20976099493742842,True,0.067467901141993691,True,True,0.037412596326720504,,,-0.013128946772523409,True,False,-0.091751550696190814,True,True
175,Bermuda,Bermuda/7-5.tif,0.089804253024045211,False,0.044902126512022522,True,False,-0.00069336724597357513,,,-0.0085022879325448164,True,False,-0.035706471333504297,True,True
176,Bermuda,Bermuda/7-6.tif,0.17400672270386713,False,0.068167402519951098,True,False,0.018835958831982469,,,-0.038129356301744355,True,False,-0.048874005050189212,True,False
177,Bermuda,Bermuda/7-7.tif,0.17274471063623617,True,0.065687682444152712,True,True,0.020684672873965193,,,-0.056884322062890985,True,True,-0.029488033255227281,True,False
178,Bermuda,Bermuda/7-8.tif,0.097878119207997161,False,0.042188346583892589,True,False,-0.023630842632066273,,,-0.025308216971932418,True,False,0.0067507130201058807,False,False
179,Bermuda,Bermuda/7-9.tif,0.28618169523502079,True,0.084355355829500295,True,True,0.058735491788009964,,,-0.014401362392110761,True,False,-0.1286894852253998,True,True
180,Bermuda,Bermuda/8-1.tif,0.072819890546160476,False,0.0044231177859214155,True,False,-0.023187591516636186,,,-0.013222353756443983,True,False,0.031986827487158892,False,False
181,Bermuda,Bermuda/8-10.tif,0.076312616011468659,True,0.038156308005734385,True,False,-0.00018900888713668795,,,-0.033092952947082699,True,False,-0.0048743461715148872,True,False
182,Bermuda,Bermuda/8-2.tif,0.18366916833378827,False,0.060051232119165326,True,False,0.031783352047728697,,,-0.032627325999408124,True,False,-0.059207258167486107,True,False
183,Bermuda,Bermuda/8-3.tif,0.068397242250027773,False,0.024820729953799692,True,False,0.009377891171214181,,,-0.0011232372367432908,True,False,-0.03307538388827061,True,False
184,Bermuda,Bermuda/8-4.tif,0.19566034759801715,False,0.064904922931301484,True,False,0.03292525086770709,,,-0.019646464812888786,True,False,-0.078183708986119801,True,False
185,Bermuda,Bermuda/8-5.tif,0.16601843601426164,True,0.066527876451641321,True,True,0.016481341555489581,,,-0.036905210344562428,True,True,-0.046104007662568308,True,False
186,Bermuda,Bermuda/8-6.tif,0.15510965623867026,False,0.065026374513228208,True,True,0.012528453606106826,,,-0.039419013425735117,True,False,-0.038135814693600112,True,False
187,Bermuda,Bermuda/8-7.tif,0.13584620516245494,False,0.042052351483211098,True,False,0.025870751098016398,,,-0.0037596360306543231,True,False,-0.064163466550573117,True,False
188,Bermuda,Bermuda/8-8.tif,0.10398412624934483,False,0.030389060582887928,True,False,-0.021450690895514546,,,-0.03054137222915787,True,False,0.021603002541784488,False,False
189,Bermuda,Bermuda/8-9.tif,0.12161126660518362,True,0.037798868946445408,True,False,0.023006764356146348,,,-0.0081690851412730692,True,False,-0.052636548161318797,True,True
190,Bermuda,Bermuda/9-1.tif,0.12122229971779938,True,0.036421982904928402,True,False,-0.020974343243188975,,,-0.039636806615710618,True,True,0.024189166953971386,False,False
191,Bermuda,Bermuda/9-10.tif,0.043674484474187814,False,0.0057674390510751017,True,False,-0.021837242237093824,,,0.0046085740320349067,False,False,0.011461229153983982,False,False
192,Bermuda,Bermuda/9-2.tif,0.10126447591990251,False,0.041317796445476201,True,False,0.0093144415144750248,,,-0.015290728945003884,True,False,-0.035341509014947398,True,False
193,Bermuda,Bermuda/9-3.tif,0.16876170974319632,False,0.059178736004547122,True,False,0.025202118867051093,,,-0.01426294778800441,True,False,-0.070117907083593695,True,False
194,Bermuda,Bermuda/9-4.tif,0.15117044337188137,True,0.043996815918989601,True,True,0.0315884057669511,,,-0.026067585942703975,True,False,-0.049517635743236699,True,False
195,Bermuda,Bermuda/9-5.tif,0.13355087518164346,False,0.050867700111773689,True,False,0.015907737479047945,,,-0.021827209506231238,True,False,-0.044948228084590591,True,False
196,Bermuda,Bermuda/9-6.tif,0.09750342141644841,False,0.045696182437542976,True,False,-0.018599227820358333,,,-0.030152482887865817,True,True,0.0030555282706812847,False,False
197,Bermuda,Bermuda/9-7.tif,0.29213524491302811,True,0.078995444973822576,True,True,0.067072177482691397,,,-0.017919123824774397,True,False,-0.12814849863173972,True,True
198,Bermuda,Bermuda/9-8.tif,0.068288445382817226,False,0.03414422269140871,True,False,-0.0096089124307262019,,,-0.017093174945512102,True,False,-0.0074421353151702119,True,False
199,Bermuda,Bermuda/9-9.tif,0.12916027428071447,False,0.043677032086828493,True,False,0.01386291743533391,,,0.0070401876181948597,False,False,-0.064580137140357208,True,False
200,Blouse,Blouse/1-1.tif,0.096242183577512908,True,0.04812109178875637,True,False,-0.0053335258784268369,,,-0.032677074634491904,True,False,-0.010110491275837796,True,False
201,Blouse,Blouse/1-10.tif,0.1762959249972485,False,0.067184973203442078,True,False,0.020962989295182144,,,-0.04634669173225997,True,False,-0.041801270766364307,True,False
202,Blouse,Blouse/1-2.tif,0.17394183657031134,True,0.064251639918493503,True,True,0.022719278366662043,,,-0.038921174616526,True,False,-0.048049743668629796,True,True
203,Blouse,Blouse/1-3.tif,0.1685945575537092,False,0.060459683637616418,True,True,0.023837595139238166,,,-0.0347020912288179,True,False,-0.049595187548036712,True,False
204,Blouse,Blouse/1-4.tif,0.16006262124408704,False,0.074070744482673812,True,False,0.0059605661393697384,,,-0.046837962337413108,True,False,-0.033193348284630386,True,False
205,Blouse,Blouse/1-5.tif,0.10096807231595714,False,0.047635529313593272,True,False,0.0028485068443852013,,,-0.035699664953292465,True,False,-0.014784371204686203,True,False
206,Blouse,Blouse/1-6.tif,0.11932924598015665,False,0.04947524433563652,True,False,0.010189378654441805,,,-0.041440252311456122,True,True,-0.018224370678622204,True,False
207,Blouse,Blouse/1-7.tif,0.12993752267175193,False,0.064968761335875869,True,True,-0.0010871827712689575,,,-0.04327672735377569,True,True,-0.020604851210831415,True,False
208,Blouse,Blouse/1-8.tif,0.35743033485326259,True,0.12541304224295091,True,True,0.053302125183680382,,,-0.064585455757709603,True,True,-0.11412971166892172,True,False
209,Blouse,Blouse/1-9.tif,0.15392241999642037,False,0.069936504281288892,True,False,0.0070247057169212646,,,-0.032950590429869198,True,False,-0.044010619568341014,True,False
210,Blouse,Blouse/10-1.tif,0.027433096654441408,False,0.0070180332850416915,True,False,0.0043393498132517361,,,0.0023591652289272624,False,False,-0.013716548327220718,True,False
211,Blouse,Blouse/10-10.tif,0.15961288351547223,True,0.065299674612101039,True,True,0.014506767145635202,,,-0.036827845747970572,True,True,-0.042978596009765418,True,False
212,Blouse,Blouse/10-2.tif,0.1837653953284118,False,0.063448121188710099,True,True,0.028434576475495688,,,-0.046978535096690005,True,False,-0.044904162567516004,True,False
213,Blouse,Blouse/10-3.tif,0.1023283864166652,True,0.024884916605041385,True,False,0.019198474396507015,,,0.007080802206784198,False,False,-0.051164193208332598,True,True
214,Blouse,Blouse/10-4.tif,0.21594059726792991,False,0.079660615217736014,True,True,0.02830968341622897,,,-0.023930799386606749,True,False,-0.084039499247358193,True,False
215,Blouse,Blouse/10-5.tif,0.091431997868681086,True,0.042491128191212812,True,True,-0.013634644418278552,,,0.0032248707431277168,False,False,-0.032081354516062005,True,False
216,Blouse,Blouse/10-6.tif,0.19632429780447727,True,0.0687918694488584,True,True,0.029370279453380166,,,-0.031865877128900405,True,False,-0.0662962717733383,True,False
217,Blouse,Blouse/10-7.tif,0.069350059018506577,False,0.034675029509253191,True,True,-0.000252733668586691,,,-0.019889302404309306,True,True,-0.014532993436357389,True,False
218,Blouse,Blouse/10-8.tif,0.058086568872862648,True,0.015601945052491795,True,False,-0.0028931480656456121,,,0.013441339383939321,False,False,-0.02615013637078592,True,False
219,Blouse,Blouse/10-9.tif,0.10282851207028229,True,0.038280106373166811,True,True,0.013134149661974404,,,-0.025575270770995473,True,False,-0.025838985264145603,True,False
220,Blouse,Blouse/2-1.tif,0.1314558782462163,False,0.059756614702215327,True,False,0.0059713244208928762,,,-0.0035773613900865198,True,False,-0.062150577733021586,True,False
221,Blouse,Blouse/2-10.tif,0.062379384899242218,False,0.0020085626388458011,True,False,-0.031189692449621109,,,0.019934932078872591,False,False,0.0092461977319027167,False,False
222,Blouse,Blouse/2-2.tif,0.10093551325416952,True,0.050180258405920386,True,False,0.00028749822116436174,,,-0.047882569058915164,True,True,-0.0025851875681696113,True,False
223,Blouse,Blouse/2-3.tif,0.13861421926610173,False,0.0085959361544259982,True,False,-0.034425449560867849,,,-0.034881660072183074,True,False,0.060711173478624814,False,False
224,Blouse,Blouse/2-4.tif,0.095944494489302867,False,0.017063338903769709,True,False,-0.022867779433767388,,,-0.025104467810883879,True,False,0.030908908340881891,False,False
225,Blouse,Blouse/2-5.tif,0.28804625593707278,True,0.077906060796330806,True,True,0.066117067172205612,,,-0.037756475301197773,True,False,-0.10626665266733859,True,True
226,Blouse,Blouse/2-6.tif,0.084435391113745345,False,0.034793946776719487,True,False,-0.018759589008465416,,,-0.023458106548407132,True,False,0.0074237487801533109,False,False
227,Blouse,Blouse/2-7.tif,0.079349134067591115,False,0.039674567033795488,True,False,-0.022193832702553762,,,-0.010267248739347756,True,False,-0.0072134855918941088,True,False
228,Blouse,Blouse/2-8.tif,0.07793085972028771,False,0.013536365436297076,True,False,-0.033235211548464372,,,0.025429064423846848,False,False,-0.0057302183116794136,True,False
229,Blouse,Blouse/2-9.tif,0.15181083289841218,True,0.07590541644920612,True,True,-0.0041553432109825983,,,-0.030589971880825184,True,False,-0.041160101357398296,True,False
230,Blouse,Blouse/3-1.tif,0.13641918005338316,True,0.045309426090271915,True,True,0.022900163936419637,,,-0.036322050716415921,True,False,-0.031887539310275687,True,False
231,Blouse,Blouse/3-10.tif,0.11938205998767271,True,0.056870341516611106,True,True,0.0028206884772252194,,,-0.025465128659285297,True,True,-0.034225901334551084,True,False
232,Blouse,Blouse/3-2.tif,0.13738986640734172,True,0.063013436405358975,True,True,0.0056814967983117026,,,-0.029170639012801758,True,True,-0.03952429419086928,True,True
233,Blouse,Blouse/3-3.tif,0.19376934897021725,True,0.073430595063319115,True,True,0.02345407942178962,,,-0.013665859359406007,True,False,-0.083218815125702505,True,True
234,Blouse,Blouse/3-4.tif,0.25197617025282537,True,0.089691453944218263,True,True,0.036296631182194561,,,-0.0017682380226685668,True,False,-0.12421984710374401,True,False
235,Blouse,Blouse/3-5.tif,0.33087130984223045,True,0.11487798643723671,True,True,0.050557668483878604,,,-0.059884987471002599,True,True,-0.10555066745011252,True,False
236,Blouse,Blouse/3-6.tif,0.34095311646731397,True,0.11364421868322447,True,True,0.056832339550432487,,,-0.050135126321691481,True,True,-0.12034143191196552,True,True
237,Blouse,Blouse/3-7.tif,0.17351712231485869,False,0.07698207585818842,True,False,0.0097764852992409668,,,-0.040909509731267502,True,False,-0.045849051426161802,True,False
238,Blouse,Blouse/3-8.tif,0.13476827189229024,False,0.053962324333839712,True,False,0.013421811612305379,,,-0.0058011016721309372,True,False,-0.061583034274014209,True,False
239,Blouse,Blouse/3-9.tif,0.15729281668207434,True,0.064722276063640005,True,True,0.013924132277397194,,,-0.0072043672802823422,True,False,-0.071442041060754802,True,True
240,Blouse,Blouse/4-1.tif,0.10358849338578299,False,-0.03010201742339691,False,False,-0.021692229269494601,,,0.013123340243904769,False,False,0.038670906448986714,False,False
241,Blouse,Blouse/4-10.tif,0.24338439518043625,False,0.061721404232206289,True,False,0.059970793358011809,,,-0.031111428071683322,True,False,-0.090580769518534818,True,True
242,Blouse,Blouse/4-2.tif,0.041153808307398815,False,0.012110175099612014,True,False,-0.010273507099841983,,,0.0084667290540872964,False,False,-0.010303397053857521,True,False
243,Blouse,Blouse/4-3.tif,0.30327471162640179,True,0.073986241543548381,True,True,0.077651114269652433,,,-0.059876994786524501,True,False,-0.091760361026676493,True,False
244,Blouse,Blouse/4-4.tif,0.098917987793855411,False,0.036103335776536905,True,False,-0.0048854864653544161,,,0.013355658120390801,False,False,-0.044573507431573289,True,False
245,Blouse,Blouse/4-5.tif,0.10858734505759957,False,0.032412565424484008,True,False,-0.018933710351596911,,,-0.035359962177202942,True,True,0.021881107104315706,False,False
246,Blouse,Blouse/4-6.tif,0.1395043580058492,False,0.013045945593057384,True,False,0.056706233409867302,,,-0.019217627784503616,True,False,-0.050534551218420903,True,False
247,Blouse,Blouse/4-7.tif,0.1216882737874902,False,0.017909875204539794,True,False,0.042934261689205389,,,-0.042703838869410815,True,True,-0.0181402980243342,True,False
248,Blouse,Blouse/4-8.tif,0.063221548980976372,False,0.0072092146053036044,True,False,-0.031610774490488214,,,0.012893949580985942,False,False,0.011507610304198612,False,False
249,Blouse,Blouse/4-9.tif,0.094418891662065685,False,-0.015946545708338089,False,False,0.018162084576024695,,,-0.031262900122694809,True,False,0.029047361255008092,False,False
250,Blouse,Blouse/5-1.tif,0.047375583007933902,False,-0.0075104347222871015,False,False,-0.016177356781679808,,,0.00050706428380759005,False,False,0.023180727220159403,False,False
251,Blouse,Blouse/5-10.tif,0.067919108607233242,False,0.022772274602088582,True,False,-0.0070510508285959728,,,-0.026908503475020606,True,False,0.01118727970152808,False,False
252,Blouse,Blouse/5-2.tif,0.18533511078701309,False,-0.020175983860319935,False,False,-0.072491571533186472,,,0.0078760424206720803,False,False,0.084791512972834618,False,False
253,Blouse,Blouse/5-3.tif,0.029226366396271353,False,0.0097586562566354118,True,False,-0.011575158061851665,,,-0.0030380251362838728,True,False,0.0048545269415004033,False,False
254,Blouse,Blouse/5-4.tif,0.075701402601638934,False,0.0046708656129021975,True,False,-0.037850701300819356,,,0.012054160783015078,False,False,0.021125674904902303,False,False
255,Blouse,Blouse/5-5.tif,0.077869124864810235,False,0.03893456243240509,True,False,-0.0031116822753025075,,,-0.018049914089427854,True,False,-0.017772966067674784,True,False
256,Blouse,Blouse/5-6.tif,0.21300730366109594,False,0.071275801073539258,True,False,0.035227850757008572,,,-0.034655123781477198,True,False,-0.071848528049070895,True,False
257,Blouse,Blouse/5-7.tif,0.14090582971044291,False,-0.0079257205585392121,False,False,-0.058829652396989396,,,-0.0036975418996927911,True,False,0.07045291485522151,False,False
258,Blouse,Blouse/5-8.tif,0.16269675321358243,False,0.058827641051444335,True,False,0.022520735555347005,,,-0.011043947587596886,True,False,-0.070304429019194203,True,False
259,Blouse,Blouse/5-9.tif,0.061191101747718246,False,0.030595550873859179,True,False,-0.0016390356244945781,,,-0.01064492169019049,True,False,-0.018311593559174,True,False
260,Blouse,Blouse/6-1.tif,0.053185211909706459,False,0.021826923355706712,True,False,0.0018042815396294154,,,-0.026592605954853188,True,False,0.0029614010595171436,False,False
261,Blouse,Blouse/6-10.tif,0.1487131372255231,False,0.07125096988944371,True,True,0.0031055987233177818,,,-0.047068829474806506,True,True,-0.027287739137955097,True,False
262,Blouse,Blouse/6-2.tif,0.21584559116386626,False,0.085654743926586119,True,False,0.022268051655346954,,,-0.010208651706937688,True,False,-0.097714143874995496,True,False
263,Blouse,Blouse/6-3.tif,0.29509610779480244,True,0.10025968321021841,True,False,0.047288370687182724,,,-0.022373097616327609,True,False,-0.12517495628107372,True,True
264,Blouse,Blouse/6-4.tif,0.16707226585920917,False,0.054552743644922297,True,False,0.028983389284682193,,,-0.031253650785470377,True,True,-0.052282482144134307,True,False
265,Blouse,Blouse/6-5.tif,0.10589117819598723,True,0.050214522751093921,True,True,-0.012167817084376698,,,-0.04077777201361682,True,False,0.0027310663468997909,False,False
266,Blouse,Blouse/6-6.tif,0.17611982596849096,False,0.082714100076449804,True,True,0.0053458129077956218,,,-0.051638276984774717,True,False,-0.036421635999470819,True,False
267,Blouse,Blouse/6-7.tif,0.21871900206877679,True,0.083057796093082836,True,True,0.026301704941305515,,,-0.034525750424366813,True,False,-0.074833750610021621,True,False
268,Blouse,Blouse/6-8.tif,0.27602508931055447,False,0.09311012878150049,True,True,0.044902415873776691,,,-0.044610384967837868,True,False,-0.093402159687439396,True,False
269,Blouse,Blouse/6-9.tif,0.29537934796160226,True,0.093474749881497815,True,True,0.054214924099303397,,,-0.012202017876451365,True,False,-0.13548765610434971,True,True
270,Blouse,Blouse/7-1.tif,0.03847739232010125,False,-0.0010030544115751105,False,False,-0.010759496766289178,,,-0.0074761449821861836,True,False,0.019238696160050778,False,False
271,Blouse,Blouse/7-10.tif,0.11944688091059044,False,0.059723440455295207,True,True,-0.0074974731450233034,,,-0.038503392379282242,True,True,-0.013722574930989689,True,False
272,Blouse,Blouse/7-2.tif,0.18023110679915993,True,0.083153841464969708,True,True,0.0069617119346100931,,,-0.050578790987324651,True,True,-0.039536762412255483,True,False
273,Blouse,Blouse/7-3.tif,0.23115637507994227,True,0.090705318977748695,True,True,0.024872868562222483,,,-0.042196107130333504,True,False,-0.07338208040963759,True,True
274,Blouse,Blouse/7-4.tif,0.13784459614277633,True,0.025007959160920495,True,False,-0.03589060337572042,,,-0.033031694695667912,True,False,0.043914338910467504,False,False
275,Blouse,Blouse/7-5.tif,0.17561814709345139,False,0.084336622232568298,True,False,0.0034724513141572988,,,-0.053214896692442004,True,False,-0.034594176854283787,True,False
276,Blouse,Blouse/7-6.tif,0.17790035944604016,True,0.055541649939746529,True,True,0.033408529783273522,,,-0.021599093627453714,True,False,-0.067351086095566406,True,False
277,Blouse,Blouse/7-7.tif,0.1322339383682179,False,0.063943564611798009,True,False,0.0021734045723110218,,,-0.015632181712175786,True,False,-0.050484787471933093,True,False
278,Blouse,Blouse/7-8.tif,0.15678839582530646,False,0.076512028431457185,True,False,0.0018821694811960166,,,-0.045659824371316576,True,True,-0.032734373541336681,True,False
279,Blouse,Blouse/7-9.tif,0.038093782484232175,False,0.0030232988480345946,True,False,-0.019046891242116115,,,0.0099290993665748783,False,False,0.0060944930275065867,False,False
280,Blouse,Blouse/8-1.tif,0.1481250313970261,True,0.069819104568003804,True,True,0.0042434111305093558,,,-0.038782038428775922,True,False,-0.035280477269737015,True,False
281,Blouse,Blouse/8-10.tif,0.10896692013398646,True,0.037638063905037017,True,True,0.01582932615993965,,,0.0010160700020164781,False,False,-0.054483460066993311,True,False
282,Blouse,Blouse/8-2.tif,0.099193040313990288,False,0.048950925804733203,True,False,-0.0063284396114619001,,,0.0006455943522618024,False,False,-0.043268080545533383,True,False
283,Blouse,Blouse/8-3.tif,0.40777025745772461,True,0.1335645585078836,True,True,0.070320570220978817,,,-0.054422032733987796,True,True,-0.1494630959948744,True,True
284,Blouse,Blouse/8-4.tif,0.21354745799955119,False,0.08288830241779091,True,True,0.023885426581984781,,,-0.046083244603949719,True,False,-0.060690484395825778,True,False
285,Blouse,Blouse/8-5.tif,0.22382745815781963,True,0.079335620633242232,True,True,0.032578108445667497,,,-0.044511178329894513,True,True,-0.067402550749015397,True,False
286,Blouse,Blouse/8-6.tif,0.15639926676088914,True,0.061550545085125002,True,True,0.016649088295319636,,,-0.040354450836082301,True,False,-0.037845182544362199,True,False
287,Blouse,Blouse/8-7.tif,0.20767756365506959,True,0.076811005648470071,True,True,0.027027776179064655,,,-0.039894491988592573,True,True,-0.063944289838942292,True,False
288,Blouse,Blouse/8-8.tif,0.20533957765450217,True,0.072110396237793334,True,True,0.030559392589457612,,,-0.048445511071376818,True,False,-0.054224277755874406,True,False
289,Blouse,Blouse/8-9.tif,0.19233723610915524,True,0.065608090409406433,True,True,0.030560527645171087,,,-0.040395777761014606,True,True,-0.055772840293563108,True,True
290,Blouse,Blouse/9-1.tif,0.20463189552160402,False,0.075388626068988995,True,True,0.026927321691813,,,-0.043705566083587305,True,False,-0.058610381677214718,True,True
291,Blouse,Blouse/9-10.tif,0.12908603587485962,True,0.064369959904314294,True,True,0.00017305803311562507,,,-0.029403088603287997,True,False,-0.035139929334141701,True,False
292,Blouse,Blouse/9-2.tif,0.21892012119663101,True,0.076761786707588126,True,True,0.032698273890727381,,,-0.032341797134825601,True,True,-0.077118263463489906,True,True
293,Blouse,Blouse/9-3.tif,0.2544708707050698,False,0.075989524132401287,True,False,0.051245911220133777,,,-0.0099452957473328829,True,False,-0.11729013960520188,True,False
294,Blouse,Blouse/9-4.tif,0.26793318693146373,False,0.08372487075932078,True,False,0.05024172270641114,,,-0.023193669265971995,True,False,-0.11077292419975979,True,False
295,Blouse,Blouse/9-5.tif,0.12584959101304152,True,0.053272394831666181,True,True,0.0096524006748546221,,,-0.029771579271793025,True,False,-0.033153216234727695,True,False
296,Blouse,Blouse/9-6.tif,0.30939889898049344,True,0.078341742284395222,True,True,0.076357707205851333,,,-0.038879460703421909,True,True,-0.11581998878682501,True,False
297,Blouse,Blouse/9-7.tif,0.20599238390470345,True,0.073719193554117185,True,True,0.029276998398234388,,,-0.046560384827427581,True,True,-0.056435807124924298,True,False
298,Blouse,Blouse/9-8.tif,0.16493782748946181,False,0.059850985757875591,True,False,0.022617927986855524,,,-0.031101377956342602,True,False,-0.051367535788388097,True,False
299,Blouse,Blouse/9-9.tif,0.099565942828755027,False,0.036102558253206102,True,False,0.01368041316117119,,,-0.0081895316826671172,True,False,-0.041593439731710619,True,False
300,Cardigan,Cardigan/1-1.tif,0.1146005218217756,False,-0.031037644382713114,False,False,0.039673493210608313,,,-0.026262616528174576,True,False,0.0176267677002796,False,False
301,Cardigan,Cardigan/1-10.tif,0.11798751034557278,True,0.031073457951811795,True,True,0.027920297220974388,,,-0.012369259797278986,True,False,-0.046624495375507613,True,True
302,Cardigan,Cardigan/1-2.tif,0.1854991127502105,True,0.041472349995867713,True,False,0.051277206379237605,,,-0.055308195960482087,True,True,-0.037441360414623093,True,False
303,Cardigan,Cardigan/1-3.tif,0.16799526158693354,True,0.063595414055341887,True,True,0.020402216738124701,,,-0.0055878391110918413,True,False,-0.078409791682375107,True,True
304,Cardigan,Cardigan/1-4.tif,0.092046950869789368,True,0.004189974303729499,True,False,0.041833501131165185,,,-0.027755962175449789,True,True,-0.018267513259444895,True,False
305,Cardigan,Cardigan/1-5.tif,0.13272262910606891,True,0.02345732520768809,True,False,0.042903989345346505,,,-0.034905870733709099,True,True,-0.031455443819325218,True,True
306,Cardigan,Cardigan/1-6.tif,0.17294063228314979,True,0.070426046273037612,True,True,0.016044269868537409,,,-0.011091679768551965,True,False,-0.075378636373022806,True,True
307,Cardigan,Cardigan/1-7.tif,0.30190649071794551,True,0.084720476047997484,True,True,0.066232769310974993,,,-0.067565824229493809,True,True,-0.083387421129479194,True,True
308,Cardigan,Cardigan/1-8.tif,0.10667588879756157,True,0.0017020722683808998,True,False,0.051635872130399996,,,-0.024434781795976579,True,False,-0.028903162602804094,True,False
309,Cardigan,Cardigan/1-9.tif,0.10109670380440058,False,0.00039912189148888499,True,False,0.050149230010711421,,,-0.025501179123067985,True,True,-0.025047172779132293,True,False
310,Cardigan,Cardigan/10-1.tif,0.12294179568980106,True,0.042048078515351417,True,True,0.019422819329549201,,,-0.01234781245498634,True,False,-0.049123085389914098,True,True
311,Cardigan,Cardigan/10-10.tif,0.058190924544921196,False,0.01643515130946277,True,True,-0.028880392827820289,,,-0.00021506944464033673,True,False,0.012660310962997801,False,False
312,Cardigan,Cardigan/10-2.tif,0.077763816481769277,False,0.031951968377651407,True,False,0.0026477242183309824,,,0.0042822156449022764,False,False,-0.038881908240884611,True,False
313,Cardigan,Cardigan/10-3.tif,0.24779643868844925,True,0.08875637542914569,True,True,0.035141843915079185,,,-0.027272909797977085,True,False,-0.096625309546247304,True,True
314,Cardigan,Cardigan/10-4.tif,0.078174402351856243,True,0.039087201175927899,True,True,-0.0012827805049921981,,,-0.012152178111545731,True,False,-0.025652242559390415,True,False
315,Cardigan,Cardigan/10-5.tif,0.18260447304326433,True,0.057508821148176903,True,True,0.033793415373455316,,,-0.005709561744133701,True,False,-0.085592674777498406,True,True
316,Cardigan,Cardigan/10-6.tif,0.093213230313784479,True,0.036461149583948277,True,True,0.0088267493911193817,,,-0.046606615156892212,True,True,0.0013187161818246085,False,False
317,Cardigan,Cardigan/10-7.tif,0.27377371605316209,True,0.088980693525807175,True,True,0.047906164500773896,,,-0.046258365290679504,True,True,-0.090628492735901497,True,True
318,Cardigan,Cardigan/10-8.tif,0.19474070250266101,True,0.066353036344894895,True,True,0.031017314906435667,,,-0.017490152237743029,True,False,-0.079880199013587422,True,False
319,Cardigan,Cardigan/10-9.tif,0.21970425654122894,True,0.089445487494197895,True,True,0.020406640776416574,,,-0.047351769949553063,True,True,-0.062500358321061406,True,False
320,Cardigan,Cardigan/2-1.tif,0.19328069861157499,True,0.054171392816275393,True,True,0.042468956489511989,,,-0.023171114317736996,True,False,-0.073469234988050608,True,True
321,Cardigan,Cardigan/2-10.tif,0.1879873796465773,True,0.07164439688982821,True,True,0.022349292933460385,,,-0.021317813052051826,True,False,-0.07267587677123688,True,True
322,Cardigan,Cardigan/2-2.tif,0.046817641008053162,False,0.022453671003882486,True,False,0.00095514950014419231,,,-0.0039879103606887956,True,False,-0.019420910143337689,True,False
323,Cardigan,Cardigan/2-3.tif,0.27366522664644044,True,0.064328756134917314,True,True,0.072503857188302767,,,-0.057316724425829912,True,True,-0.079515888897390419,True,True
324,Cardigan,Cardigan/2-4.tif,0.24822615937450143,True,0.085120223893058788,True,True,0.038992855794191872,,,-0.018010756675659489,True,False,-0.1061023230115913,True,True
325,Cardigan,Cardigan/2-5.tif,0.26802271313614523,True,0.097551711027339227,True,True,0.036459645540733387,,,-0.054977496857836317,True,True,-0.079033859710236298,True,True
326,Cardigan,Cardigan/2-6.tif,0.12761661068749849,True,0.063808305343749094,True,True,-0.0012526265483147059,,,-0.03096421253859899,True,True,-0.031591466256835704,True,True
327,Cardigan,Cardigan/2-7.tif,0.21162495595690797,True,0.079220483163494892,True,True,0.026591994814958886,,,-0.027494344246168201,True,False,-0.078318133732285994,True,True
328,Cardigan,Cardigan/2-8.tif,0.22919065282797746,True,0.063517578411272202,True,True,0.051077748002716361,,,-0.026845103589173802,True,False,-0.087750222824815094,True,True
329,Cardigan,Cardigan/2-9.tif,0.077498591965395769,False,0.036796774559018613,True,False,-0.0012244054069697752,,,0.0019525214236794652,False,False,-0.037524890575727915,True,False
330,Cardigan,Cardigan/3-1.tif,0.082022969848711547,True,0.035111696721239399,True,True,0.0058997882031163185,,,-0.004190560359670914,True,False,-0.036820924564684915,True,False
331,Cardigan,Cardigan/3-10.tif,0.18121553788151246,True,0.066042196575982981,True,True,0.024565572364773192,,,-0.018758331460094979,True,False,-0.071849437480661305,True,True
332,Cardigan,Cardigan/3-2.tif,0.056995724043322482,False,-0.0042268012064173022,False,False,-0.02427106081524405,,,0.0075968616985911397,False,False,0.02090100032306999,False,False
333,Cardigan,Cardigan/3-3.tif,0.15988462366886652,True,0.055028353343238079,True,True,0.024913958491194987,,,-0.027408314683724844,True,False,-0.052533997150708611,True,True
334,Cardigan,Cardigan/3-4.tif,0.072633297434162802,False,-0.010732187104934315,False,False,-0.025584461612147003,,,0.019220616328357087,False,False,0.017096032388724397,False,False
335,Cardigan,Cardigan/3-5.tif,0.11508585212400368,True,0.056124584495654994,True,True,0.0014183415663469034,,,-0.031308028919556585,True,True,-0.026234897142445202,True,False
336,Cardigan,Cardigan/3-6.tif,0.2904405350134861,True,0.06796776729498949,True,True,0.077252500211753616,,,-0.053954423764354664,True,True,-0.091265843742388317,True,True
337,Cardigan,Cardigan/3-7.tif,0.17385259117778321,True,0.041417498290110488,True,False,0.045508797298781101,,,-0.03424549121082171,True,True,-0.052680804378069906,True,False
338,Cardigan,Cardigan/3-8.tif,0.058651894902171597,False,0.024706737999060008,True,False,0.0046192094520255966,,,-0.0025224007928227876,True,False,-0.026803546658263205,True,False
339,Cardigan,Cardigan/3-9.tif,0.08708620801586256,False,0.040993512100413326,True,False,0.0025495919075179119,,,-0.0079509325033165212,True,False,-0.0355921715046148,True,False
340,Cardigan,Cardigan/4-1.tif,0.16109600490944279,True,0.054536889064334904,True,False,0.026011113390386698,,,-0.0083034006265870763,True,False,-0.072244601828134108,True,True
341,Cardigan,Cardigan/4-10.tif,0.035769482044225642,False,0.011542852092827405,True,False,-0.013104041079304296,,,0.0063418889292854441,False,False,-0.0047806999428084973,True,False
342,Cardigan,Cardigan/4-2.tif,0.26195119697788583,False,0.060350567885343598,True,False,0.070625030603599481,,,-0.055534509352122563,True,True,-0.075441089136820183,True,False
343,Cardigan,Cardigan/4-3.tif,0.12956758964083753,True,0.051821328798315608,True,True,0.012962466022103214,,,-0.024331427751633605,True,False,-0.040452367068785106,True,False
344,Cardigan,Cardigan/4-4.tif,0.15619154964812484,True,0.073183951247392187,True,True,0.00491182357667036,,,-0.021026659068236697,True,False,-0.0570691157558256,True,True
345,Cardigan,Cardigan/4-5.tif,0.13470123506349385,True,0.059252840490305714,True,True,0.008097777041441101,,,-0.054110430790522218,True,True,-0.013240186741224819,True,False
346,Cardigan,Cardigan/4-6.tif,0.087985668503468922,True,0.04315710289396929,True,True,0.00083573135776515706,,,-0.01695758727416119,True,False,-0.027035246977573285,True,False
347,Cardigan,Cardigan/4-7.tif,0.23217172376289988,True,0.070349167544502877,True,True,0.045736694336947104,,,-0.021381541256042802,True,False,-0.094704320625407096,True,True
348,Cardigan,Cardigan/4-8.tif,0.33268011309279116,True,0.069414733531400402,True,True,0.096925323014995235,,,-0.057051817312870318,True,True,-0.10928823923352521,True,True
349,Cardigan,Cardigan/4-9.tif,0.08408524720093416,False,0.032295026704402402,True,True,0.0085811313322052274,,,0.0011664655638596311,False,False,-0.0420426236004669,True,False
350,Cardigan,Cardigan/5-1.tif,0.08215825466087312,True,-0.019279062376881706,False,False,-0.021800064953554799,,,0.025280772142367403,False,False,0.015798355188069213,False,False
351,Cardigan,Cardigan/5-10.tif,0.19385479883690776,True,0.055145319352119526,True,True,0.041782080066334326,,,-0.039166628727001218,True,True,-0.05776077069145269,True,True
352,Cardigan,Cardigan/5-2.tif,0.20025728525276146,True,0.050302895309398687,True,True,0.049825747316982083,,,-0.042984598544536179,True,True,-0.057144044081844508,True,True
353,Cardigan,Cardigan/5-3.tif,0.089469557581849934,True,0.041535456483356104,True,False,-0.0030361074709926439,,,-0.041698671319932379,True,True,0.0031993223075688082,False,False
354,Cardigan,Cardigan/5-4.tif,0.045727873460150725,False,0.0043340266172696151,True,False,0.018529910112805914,,,-0.0061131320160902058,True,True,-0.01675080471398499,True,False
355,Cardigan,Cardigan/5-5.tif,0.16038284259919339,True,0.043459423125605301,True,True,0.036731998173991476,,,-0.05144272298729291,True,True,-0.0287486983123037,True,True
356,Cardigan,Cardigan/5-6.tif,0.072805164978728493,True,0.021528217961016866,True,False,0.014874364528347506,,,-0.034870888039533809,True,True,-0.001531694449830312,True,False
357,Cardigan,Cardigan/5-7.tif,0.17538812004425269,True,-0.016800134018659818,False,False,0.087694060022126319,,,-0.031413275624592452,True,True,-0.039480650378874105,True,False
358,Cardigan,Cardigan/5-8.tif,0.087920402521381474,True,0.033193869227463202,True,True,0.010766332033227632,,,-7.0033179013939684e-05,True,False,-0.0438901680816767,True,False
359,Cardigan,Cardigan/5-9.tif,0.1277437628817425,False,0.0085576915923245012,True,False,0.046399651854234003,,,0.0089145379943126879,False,False,-0.063871881440871303,True,False
360,Cardigan,Cardigan/6-1.tif,0.25915400151253448,True,0.088361598885722592,True,True,0.041215401870544899,,,-0.024942584076571905,True,False,-0.10463441667969509,True,True
361,Cardigan,Cardigan/6-10.tif,0.2140494207474101,True,0.075567234933569982,True,True,0.031457475440134997,,,-0.030251887308855807,True,True,-0.07677282306484931,True,False
362,Cardigan,Cardigan/6-2.tif,0.24504927102833263,False,0.068283731407904225,True,False,0.054240904106261978,,,-0.045322091044242341,True,True,-0.077202544469924084,True,False
363,Cardigan,Cardigan/6-3.tif,0.22392690496730966,True,0.085010809149121486,True,True,0.026952643334533399,,,-0.0097312433358334727,True,False,-0.10223220914782132,True,True
364,Cardigan,Cardigan/6-4.tif,0.10972617950482003,False,0.036965704901496421,True,True,0.017897384850913578,,,-0.035467442855099729,True,False,-0.019395646897310298,True,False
365,Cardigan,Cardigan/6-5.tif,0.20388357675689536,False,0.045137865269400806,True,False,0.056803923109046806,,,-0.007163134606777255,True,False,-0.094778653771670496,True,False
366,Cardigan,Cardigan/6-6.tif,0.13786048827813491,True,0.046113328939482695,True,True,0.022816915199584786,,,-0.011873519251707321,True,False,-0.057056724887360105,True,True
367,Cardigan,Cardigan/6-7.tif,0.22818577711048177,True,0.0746963889067285,True,True,0.039396499648512606,,,-0.020317928961965492,True,False,-0.09377495959327517,True,True
368,Cardigan,Cardigan/6-8.tif,0.11175482973189255,False,0.014115864132588918,True,False,-0.0075340979373575978,,,0.041761550733357522,False,False,-0.048343316928588509,True,False
369,Cardigan,Cardigan/6-9.tif,0.24637430201068525,True,0.082358101810563439,True,True,0.040829049194779199,,,-0.048332472546354921,True,True,-0.074854678458987689,True,True
370,Cardigan,Cardigan/7-1.tif,0.21396224237121445,False,0.068554473702827384,True,True,0.038426647482779908,,,-0.030102502962996047,True,False,-0.076878618222611106,True,True
371,Cardigan,Cardigan/7-10.tif,0.081542142655855826,True,0.040771071327927788,True,True,-0.00311343437121403,,,-0.028075583879017207,True,True,-0.0095820530776968005,True,False
372,Cardigan,Cardigan/7-2.tif,0.28242150579559905,True,0.10081361504837968,True,True,0.040397137849419618,,,-0.050906795344885819,True,True,-0.090303957552913913,True,True
373,Cardigan,Cardigan/7-3.tif,0.086477459945517837,False,0.043238729972758905,True,False,-0.013352629862507626,,,-0.0048336731581247183,True,False,-0.025052426952126589,True,False
374,Cardigan,Cardigan/7-4.tif,0.18673242690586037,True,0.076825265720232599,True,True,0.016540947732697653,,,-0.049812858061386606,True,True,-0.043553355391543508,True,False
375,Cardigan,Cardigan/7-5.tif,0.17018191410765701,True,0.074078886182599585,True,True,0.011012070871228907,,,-0.041245514020877616,True,True,-0.043845443032950904,True,True
376,Cardigan,Cardigan/7-6.tif,0.071632861135553311,True,0.006573044503206199,True,False,-0.026317016928309067,,,0.029243386064570442,False,False,-0.0094994136394676021,True,False
377,Cardigan,Cardigan/7-7.tif,0.11653057566050848,True,0.058265287830254309,True,True,-0.0020729608340683825,,,-0.039793062867859386,True,True,-0.016399264128326402,True,False
378,Cardigan,Cardigan/7-8.tif,0.098886762392216304,False,0.026261620668591196,True,False,-0.018326611879456611,,,-0.031116769316651582,True,False,0.023181760527516915,False,False
379,Cardigan,Cardigan/7-9.tif,0.10856069632700091,False,0.011124367130082802,True,False,-0.039654294853508576,,,-0.014626053309991616,True,False,0.043155981033417917,False,False
380,Cardigan,Cardigan/8-1.tif,0.16106108136142885,True,0.080530540680714607,True,True,-0.011362865405259659,,,-0.048536292727968472,True,True,-0.020631382547486116,True,False
381,Cardigan,Cardigan/8-10.tif,0.094275285464352987,True,0.033878736043383761,True,False,-0.013035314326859004,,,-0.034102328405317517,True,True,0.013258906688792704,False,False
382,Cardigan,Cardigan/8-2.tif,0.13156959743241639,True,0.039477171853871618,True,True,0.026307626862336619,,,-0.0086321836812646713,True,True,-0.057152615034943482,True,False
383,Cardigan,Cardigan/8-3.tif,0.18794292316150696,True,0.06425994002067989,True,True,0.029711521560073451,,,-0.042028933475173114,True,True,-0.051942528105580504,True,True
384,Cardigan,Cardigan/8-4.tif,0.2995349142387842,True,0.083649965127248732,True,True,0.066117491992143229,,,-0.060807829910812211,True,True,-0.08895962720858,True,True
385,Cardigan,Cardigan/8-5.tif,0.2244148820726965,True,0.10265297039313659,True,True,0.0095544706432116322,,,-0.062627920103818568,True,True,-0.049579520932529708,True,True
386,Cardigan,Cardigan/8-6.tif,0.035515619095554146,False,-0.016290039016826408,False,False,-0.0014677705309507627,,,0.013783944413853777,False,False,0.003973865133923199,False,False
387,Cardigan,Cardigan/8-7.tif,0.26090806804768385,True,0.11582045212646291,True,True,0.0146335818973789,,,-0.053521998680481075,True,True,-0.076932035343360988,True,True
388,Cardigan,Cardigan/8-8.tif,0.051400911989616604,False,-0.014385069790858074,False,False,0.020243742799787245,,,-0.011315386203950173,True,False,0.0054567131950211123,False,False
389,Cardigan,Cardigan/8-9.tif,0.19402976260404681,True,0.051147495674209009,True,True,0.045867385627814394,,,-0.049732580768579698,True,True,-0.047282300533443705,True,True
390,Cardigan,Cardigan/9-1.tif,0.047202908659166987,False,-0.011347217459838077,False,False,-0.012254236869745139,,,0.015830590652626486,False,False,0.0077708636769572847,False,False
391,Cardigan,Cardigan/9-10.tif,0.072840443185247433,False,-0.035128720592612794,False,False,0.028715286002352736,,,0.0077049355902709948,False,False,-0.0012915010000109084,True,False
392,Cardigan,Cardigan/9-2.tif,0.079518968099437648,False,-0.0010125075885515922,False,False,-0.022798772238768639,,,0.039759484049718741,False,False,-0.015948204222398676,True,False
393,Cardigan,Cardigan/9-3.tif,0.027188635407516232,False,-0.0061834913813166859,False,False,-0.0072126766202960657,,,-0.00019814970214548921,True,False,0.013594317703757991,False,False
394,Cardigan,Cardigan/9-4.tif,0.12180095445162328,False,-0.0074974251414262061,False,False,0.060900477225811489,,,-0.013314612166586581,True,False,-0.040088439917799007,True,False
395,Cardigan,Cardigan/9-5.tif,0.061747404478466411,False,0.030873702239233192,True,False,-0.0014995628271303185,,,-0.011526518567737398,True,False,-0.017847620844365503,True,False
396,Cardigan,Cardigan/9-6.tif,0.065567137320092311,False,0.0027321208049250201,True,False,-0.013552264400034875,,,0.030051447855121122,False,False,-0.019231304260011295,True,False
397,Cardigan,Cardigan/9-7.tif,0.071066410685777348,False,0.01013238699073471,True,False,-0.0063147670997152905,,,0.025400818352154242,False,False,-0.029218438243173106,True,False
398,Cardigan,Cardigan/9-8.tif,0.23018523680152519,False,-0.080594585212662911,False,False,-0.034498033188099575,,,0.071093322410789805,False,False,0.043999295989972903,False,False
399,Cardigan,Cardigan/9-9.tif,0.086567103623811717,False,-0.009816484378911805,False,False,-5.2112536179205193e-05,,,0.043283551811906018,False,False,-0.033414954896814689,True,False
400,Circle,Circle/10_1.tif,0.078683484198801446,False,0.039341742099400778,True,False,-0.0019610092278142255,,,-0.035364084839215826,True,True,-0.002016648032370616,True,False
401,Circle,Circle/10_10.tif,0.029245739230774837,False,0.0076589777285756,True,False,-0.014622869615387557,,,0.0061750858539347808,False,False,0.00078880603287689866,False,False
402,Circle,Circle/10_2.tif,0.082332448717924084,True,0.02899000455881931,True,False,0.0044624683261297871,,,0.0077137514740129864,False,False,-0.041166224358962,True,False
403,Circle,Circle/10_3.tif,0.26382779268486106,True,0.088519859945419166,True,True,0.043394036397011393,,,-0.027983220195927305,True,True,-0.10393067614650318,True,True
404,Circle,Circle/10_4.tif,0.0793262085184544,False,0.036452308266818501,True,False,-0.0044422251239158994,,,0.0032107959924088103,False,False,-0.035220879135311189,True,False
405,Circle,Circle/10_5.tif,0.053520120856301173,False,0.010893477719607997,True,False,-0.024498408533097815,,,0.015866582708542465,False,False,-0.0022616518950528963,True,False
406,Circle,Circle/10_6.tif,0.20817461501845355,False,0.072220257023687923,True,True,0.03186705048553895,,,-0.023779577226214987,True,False,-0.080307730283011691,True,True
407,Circle,Circle/10_7.tif,0.13529821400652475,True,0.067649107003262599,True,True,-0.0076030376412257739,,,-0.035316669393510386,True,True,-0.024729399968525995,True,False
408,Circle,Circle/10_8.tif,0.10726844520881987,False,-0.0038636974726871665,False,False,-0.043831693919628711,,,0.053634222604409892,False,False,-0.0059388312120940978,True,False
409,Circle,Circle/10_9.tif,0.071752060314521804,False,0.030298427479931,True,False,-0.027549358269554514,,,-0.0083266718877063051,True,False,0.0055776026773299847,False,False
410,Circle,Circle/1_1.tif,0.15101704223170645,True,0.061406725962336983,True,True,0.014101795153516117,,,-0.027992278846571628,True,True,-0.047516242269281722,True,False
411,Circle,Circle/1_10.tif,0.10577420836942023,True,0.052887104184710099,True,False,-0.012054831973850599,,,-0.032847961816696525,True,True,-0.0079843103941630023,True,False
412,Circle,Circle/1_2.tif,0.23559235496330241,False,0.01320422979081487,True,False,0.1045919476908363,,,-0.020691105756383832,True,False,-0.097105071725267417,True,True
413,Circle,Circle/1_3.tif,0.1809725420957739,True,0.077443793524691912,True,True,0.013042477523195095,,,-0.043430807288253492,True,True,-0.047055463759633404,True,False
414,Circle,Circle/1_4.tif,0.17372526162169769,False,0.060367843826732021,True,True,0.02649478698411678,,,-0.018298713588095483,True,False,-0.068563917222753401,True,False
415,Circle,Circle/1_5.tif,0.15335531457223375,True,-0.050409953380083583,False,False,-0.026267703906033169,,,0.019423785624888501,False,False,0.0572538716612285,False,False
416,Circle,Circle/1_6.tif,0.21850631854252189,False,0.060195555976237103,True,False,0.042435130392835307,,,0.0066224729021884809,False,False,-0.10925315927126102,True,False
417,Circle,Circle/1_7.tif,0.058360471956491605,False,-0.00040406879853649436,False,False,-0.028776167179709156,,,0.019083757865919371,False,False,0.010096478112326585,False,False
418,Circle,Circle/1_8.tif,0.084665964017752088,True,0.039863238973767118,True,False,-0.0023745497813503769,,,0.0024697430351091065,False,False,-0.039958432227525487,True,False
419,Circle,Circle/1_9.tif,0.090766390152675319,False,-0.0096353029070045393,False,False,0.039493280214551507,,,0.005889914861786083,False,False,-0.03574789216933319,True,False
420,Circle,Circle/2_1.tif,0.11984965136985812,True,0.029128325833029434,True,False,-0.014820959276660384,,,-0.0451038664082688,True,True,0.0307964998518995,False,False
421,Circle,Circle/2_10.tif,0.061777431010102135,False,0.011198723748112788,True,False,-0.021985204945955572,,,-0.0089035105590953845,True,False,0.019689991756938391,False,False
422,Circle,Circle/2_2.tif,0.11020685287577239,False,-0.038863538143221771,False,False,0.010769598645898715,,,-0.016239888294664412,True,False,0.044333827791987496,False,False
423,Circle,Circle/2_3.tif,0.062235663878342201,False,0.031117831939171198,True,False,-0.0093181299493758085,,,-1.4906172459194789e-05,True,False,-0.021784795817336,True,False
424,Circle,Circle/2_4.tif,0.090763078251023338,False,0.016854360965406101,True,False,-0.044736970437957213,,,-0.0006445686875543033,True,False,0.028527178160105721,False,False
425,Circle,Circle/2_5.tif,0.16011831648109007,False,0.056288932273529407,True,False,0.023770225967015446,,,-0.028987395592963927,True,False,-0.051071762647581287,True,False
426,Circle,Circle/2_6.tif,0.13599335742632418,True,0.054203291141393412,True,False,-0.024603117657577223,,,-0.04339356105558495,True,True,0.013793387571768595,False,False
427,Circle,Circle/2_7.tif,0.12937801661304002,True,0.023489471191223105,True,False,-0.026223832718211104,,,-0.03846517558830892,True,False,0.041199537115296891,False,False
428,Circle,Circle/2_8.tif,0.12954183368251476,False,-0.024062734027519517,False,False,-0.040708182813737837,,,0.035385337918061699,False,False,0.02938557892319571,False,False
429,Circle,Circle/2_9.tif,0.18045054187071508,False,0.082754768829476993,True,False,0.0074705021058806831,,,-0.015316322536086779,True,False,-0.07490894839927062,True,False
430,Circle,Circle/3_1.tif,0.24966081821798064,True,0.089445324433845008,True,True,0.03538508467514534,,,-0.041531358030610588,True,True,-0.083299051078379691,True,True
431,Circle,Circle/3_10.tif,0.1157772428253169,True,0.034792023982918613,True,True,0.021190468635717608,,,0.0019061287940221883,False,False,-0.057888621412658492,True,True
432,Circle,Circle/3_2.tif,0.18213007389812935,False,-0.0069415138005849975,False,False,-0.070629243092803884,,,-0.013494280055675878,True,False,0.091065036949064607,False,False
433,Circle,Circle/3_3.tif,0.10864882226881134,True,0.054324411134405726,True,True,-0.0023629947635053217,,,-0.039274584813098701,True,True,-0.012686831557801592,True,False
434,Circle,Circle/3_4.tif,0.27100045501785613,False,0.096327764893541085,True,False,0.039172462615387094,,,-0.023169294663843654,True,False,-0.1123309328450843,True,False
435,Circle,Circle/3_5.tif,0.04343402116488837,False,0.016123685452521491,True,False,0.0041766060889757983,,,0.0014167190409469788,False,False,-0.021717010582444102,True,False
436,Circle,Circle/3_6.tif,0.18664989076621008,True,0.074944938771038166,True,True,0.018380006612067068,,,-0.023637342815060358,True,True,-0.069687602568044502,True,True
437,Circle,Circle/3_7.tif,0.15707055127486469,True,0.075439935208678477,True,True,0.0030953404287537012,,,-0.01584289735696659,True,False,-0.062692378280465907,True,False
438,Circle,Circle/3_8.tif,0.063681220744650879,False,0.0011375720914899856,True,False,-0.031840610372325495,,,0.025064305099646911,False,False,0.0056387331811884878,False,False
439,Circle,Circle/3_9.tif,0.10332465732014018,False,-0.035367346957988516,False,False,-0.016294981702081546,,,0.033095534510596714,False,False,0.018566794149473403,False,False
440,Circle,Circle/4_1.tif,0.1085674568795412,False,0.029086866773287923,True,False,-0.029089105620414279,,,-0.025194622819356194,True,True,0.0251968616664828,False,False
441,Circle,Circle/4_10.tif,0.10511810238576841,True,0.052559051192884287,True,True,-0.0070188752690935052,,,-0.032403764835567339,True,True,-0.013136411088223277,True,False
442,Circle,Circle/4_2.tif,0.10183174490796995,False,-0.0081707374605800021,False,False,-0.042745134993404932,,,0.0334513654263634,False,False,0.017464507027621617,False,False
443,Circle,Circle/4_3.tif,0.34532786438993368,True,0.11505035526219362,True,True,0.057613576932773414,,,-0.046551616391985462,True,True,-0.12611231580298121,True,True
444,Circle,Circle/4_4.tif,0.11934503069458752,True,0.058065814027077667,True,True,0.0016067013202160085,,,-0.045488005941103832,True,True,-0.01418450940619001,True,False
445,Circle,Circle/4_5.tif,0.061609150710680904,False,0.030804575355340591,True,False,-0.0064622073452269557,,,-0.017040101847376865,True,False,-0.0073022661627364926,True,False
446,Circle,Circle/4_6.tif,0.08329554285736071,False,-0.0082257920350735092,False,False,-0.033421979393606804,,,0.020337166130795392,False,False,0.021310605297885005,False,False
447,Circle,Circle/4_7.tif,0.25306814495977847,True,0.087755753964333688,True,True,0.038778318515555632,,,-0.0479679338446517,True,True,-0.078566138635237426,True,True
448,Circle,Circle/4_8.tif,0.12092666678826974,False,0.016338390692134497,True,False,-0.026626523742244446,,,-0.033836809651890509,True,False,0.044124942702000292,False,False
449,Circle,Circle/4_9.tif,0.18704271468395076,True,0.068614713896787222,True,True,0.024906643445188115,,,-0.040252183319340912,True,True,-0.053269174022634508,True,False
450,Circle,Circle/5_1.tif,0.066464320526292031,False,0.025968738917243911,True,False,-0.012006535898889614,,,0.0072634213459022989,False,False,-0.021225624364256207,True,False
451,Circle,Circle/5_10.tif,0.036316381708616202,False,-0.0080843661653375032,False,False,-0.0097998536446080586,,,0.018158190854308032,False,False,-0.00027397104436260866,True,False
452,Circle,Circle/5_2.tif,0.19354133242357302,True,0.00070652269549270619,True,False,0.096064143516293887,,,-0.026954898011930212,True,False,-0.069815768199856215,True,False
453,Circle,Circle/5_3.tif,0.11063783249399917,True,0.0407387092454366,True,False,-0.034329783548385784,,,0.014580207001562984,False,False,-0.020989132698613799,True,False
454,Circle,Circle/5_4.tif,0.027776427171129714,False,-0.0051458389669211957,False,False,-0.00095379721885491264,,,0.01388821358556469,False,False,-0.0077885773997889152,True,False
455,Circle,Circle/5_5.tif,0.14784161835939499,False,0.028924202032147378,True,False,0.044996607147550105,,,-0.0087792425478147029,True,False,-0.065141566631882808,True,False
456,Circle,Circle/5_6.tif,0.22592502696186165,True,0.091734974482960502,True,True,0.021227538997970252,,,-0.037705000584037196,True,True,-0.075257512896893697,True,True
457,Circle,Circle/5_7.tif,0.13746531017575406,True,0.059250663279227289,True,True,0.0094819918086495592,,,-0.00040372062742871639,True,False,-0.068328934460448493,True,True
458,Circle,Circle/5_8.tif,0.090442148081876506,False,0.030721734007115004,True,True,0.0094113460502032731,,,0.0050879939836199206,False,False,-0.045221074040938308,True,False
459,Circle,Circle/5_9.tif,0.090090140493207321,False,0.0029366178245714136,True,False,-0.045045070246603591,,,0.031560180555682327,False,False,0.01054827186634999,False,False
460,Circle,Circle/6_1.tif,0.087540678726558435,False,0.037727610901636593,True,False,0.0060427284616424992,,,-0.019874229023391143,True,False,-0.023896110339888199,True,False
461,Circle,Circle/6_10.tif,0.27616336913674727,True,0.10226734548234828,True,True,0.035814339086025715,,,-0.041523160904381406,True,True,-0.096558523663991883,True,True
462,Circle,Circle/6_2.tif,0.20066266902893476,True,0.080622886802329624,True,True,0.0197084477121377,,,-0.038994028681296145,True,True,-0.061337305833171291,True,False
463,Circle,Circle/6_3.tif,0.17230573455123835,True,0.06333938996836469,True,True,0.022813477307254471,,,-0.025252319207344998,True,True,-0.060900548068274191,True,True
464,Circle,Circle/6_4.tif,0.12192924705098282,True,0.039655070654750713,True,True,0.0213095528707406,,,-0.012364525632507506,True,False,-0.048600097892984001,True,True
465,Circle,Circle/6_5.tif,0.26983709690049129,True,0.080731297224182708,True,True,0.054187251226062882,,,-0.035923061381713195,True,True,-0.098995487068532506,True,True
466,Circle,Circle/6_6.tif,0.22678192259791341,True,0.080282047513665383,True,True,0.033108913785291516,,,-0.037250042514635706,True,True,-0.076140918784320805,True,True
467,Circle,Circle/6_7.tif,0.38253716710964047,True,0.08960268452218792,True,True,0.10166589903263229,,,-0.070131837781367612,True,True,-0.12113674577345269,True,True
468,Circle,Circle/6_8.tif,0.026866670788821156,False,0.012291872748315891,True,False,0.0011414626460947708,,,-0.0055867699782733982,True,False,-0.0078465654161370968,True,False
469,Circle,Circle/6_9.tif,0.21552855425264983,True,0.081221615883074971,True,True,0.026542661243249777,,,-0.050300793066415883,True,True,-0.057463484059909198,True,False
470,Circle,Circle/7_1.tif,0.21395515836920934,False,0.049172198676937923,True,False,0.057805380507666815,,,-0.034027067842411718,True,False,-0.072950511342192881,True,False
471,Circle,Circle/7_10.tif,0.27544667631713848,True,0.10118107246183938,True,True,0.036542265696729803,,,-0.042335169614062362,True,True,-0.095388168544506907,True,True
472,Circle,Circle/7_2.tif,0.059747747688137454,False,-0.01459877383334271,False,False,-0.015275100010726184,,,0.025910796144386572,False,False,0.0039630776996819883,False,False
473,Circle,Circle/7_3.tif,0.098085453102790793,False,0.009895333537295492,True,False,-0.049042726551395299,,,0.034391601777591208,False,False,0.004755791236508794,False,False
474,Circle,Circle/7_4.tif,0.077695372825940218,False,-0.020671182870552585,False,False,-0.01817650354241751,,,0.0034395397437184116,False,False,0.035408146669251711,False,False
475,Circle,Circle/7_5.tif,0.11992113056445131,False,-0.022326900798350979,False,False,0.027740335389259463,,,-0.037633664483874674,True,False,0.03222022989296619,False,False
476,Circle,Circle/7_6.tif,0.20717046491297769,True,0.044688807250155699,True,False,0.058896425206333203,,,-0.041278658642869392,True,True,-0.062306573813619398,True,True
477,Circle,Circle/7_7.tif,0.1737639771413749,True,0.041798246876348311,True,True,0.045083741694339208,,,-0.04050476317886198,True,True,-0.0463772253918254,True,True
478,Circle,Circle/7_8.tif,0.15189493741703383,True,0.037745795688490902,True,True,0.038201673020026028,,,-0.04821482451397241,True,True,-0.027732644194544492,True,False
479,Circle,Circle/7_9.tif,0.32882646338270988,True,0.055441925289144101,True,False,0.10897130640221087,,,-0.04358726873134991,True,True,-0.12082596296000502,True,True
480,Circle,Circle/8_1.tif,0.062553660184791637,False,0.031238723349252012,True,False,-0.015148564099853601,,,3.8106743143806465e-05,False,False,-0.016128265992542218,True,False
481,Circle,Circle/8_10.tif,0.23218512981737374,True,0.030550781436700092,True,False,0.085541783471986654,,,-0.036049555357989094,True,False,-0.080043009550697902,True,True
482,Circle,Circle/8_2.tif,0.19692593091346614,True,-0.045845505677078402,False,False,0.098462965456732998,,,-0.00021939444931234897,True,False,-0.052398065330342386,True,False
483,Circle,Circle/8_3.tif,0.26340908913792954,False,0.06887016370210533,True,False,0.062834380866859496,,,-0.0388906086554828,True,False,-0.092813935913481901,True,False
484,Circle,Circle/8_4.tif,0.089034440851245622,False,-0.015545507472661091,False,False,0.034536555446409822,,,-0.028971712952961692,True,False,0.0099806649792130164,False,False
485,Circle,Circle/8_5.tif,0.096764941246598402,False,0.0021865189506398153,True,False,0.046195951672659386,,,-0.033773455019915799,True,True,-0.014609015603383402,True,False
486,Circle,Circle/8_6.tif,0.29827642089427575,True,0.045840075643368866,True,False,0.10329813480376909,,,-0.041581814192788003,True,False,-0.10755639625434982,True,True
487,Circle,Circle/8_7.tif,0.098439266384780649,False,-0.018875670669477401,False,False,0.0492196331923902,,,-0.025316777441585836,True,False,-0.0050271850813272123,True,False
488,Circle,Circle/8_8.tif,0.30678462317233124,True,0.066730417832667116,True,True,0.086661893753498587,,,-0.065020358465976313,True,True,-0.088371953120189195,True,True
489,Circle,Circle/8_9.tif,0.078741999545464514,False,0.017736963801941397,True,False,-0.011913267856277832,,,0.021634035970790777,False,False,-0.027457731916454509,True,False
490,Circle,Circle/9_1.tif,0.0606811082106474,False,0.0041885606584637913,True,False,-0.030340554105323714,,,0.010167736209112488,False,False,0.015984257237747407,False,False
491,Circle,Circle/9_10.tif,0.052753763111719781,True,0.020308913394571082,True,False,-0.0041966011248319446,,,0.0060679681612887393,False,False,-0.022180280431028015,True,False
492,Circle,Circle/9_2.tif,0.2719387855503218,True,0.065746593760678013,True,True,0.070222799014482917,,,-0.050096499761158486,True,True,-0.085872893014002402,True,True
493,Circle,Circle/9_3.tif,0.080878833787919824,True,0.040439416893960023,True,True,-0.00020574449840432552,,,-0.0027775408085380926,True,False,-0.037456131587017383,True,False
494,Circle,Circle/9_4.tif,0.22971965171997477,True,0.046450152148678703,True,True,0.068409673711308683,,,-0.013764517783640406,True,False,-0.10109530807634699,True,True
495,Circle,Circle/9_5.tif,0.1028066685056292,True,0.040339030773341888,True,True,0.011064303479472681,,,-0.0054349048105776232,True,False,-0.045968429442237002,True,True
496,Circle,Circle/9_6.tif,0.13556560563653391,True,0.059216460518978775,True,True,0.0085663422992881544,,,-0.028595862820464779,True,False,-0.039186939997802206,True,False
497,Circle,Circle/9_7.tif,0.21231968597558812,True,0.077771802940495377,True,True,0.028388040047298779,,,-0.032630862528938764,True,False,-0.073528980458855198,True,False
498,Circle,Circle/9_8.tif,0.20774072373693489,True,0.053194366904147389,True,True,0.050675994964320181,,,-0.027178846279450608,True,True,-0.076691515589016712,True,True
499,Circle,Circle/9_9.tif,0.13106344257612457,False,0.060042254277564794,True,True,0.0054894670104973509,,,-0.034218015839964921,True,False,-0.031313705448097501,True,False
500,Dress,Dress/1-3.tif,0.32592082242718312,True,0.12115247831807463,True,True,0.041807932895517014,,,-0.037033519607893334,True,False,-0.12592689160569812,True,True
501,Dress,Dress/1-5.tif,0.49737764409652219,True,0.24868882204826098,True,True,-0.047499583176527305,,,-0.081160067169062905,True,True,-0.12002917170267099,True,True
502,Dress,Dress/10_1.tif,0.3029293928762799,True,0.15146469643813992,True,True,-0.0060911730911532014,,,-0.064167393050578392,True,True,-0.081206130296408399,True,True
503,Dress,Dress/10_10.tif,0.13879363235028988,True,0.059600434490884258,True,False,0.0097963816842607243,,,-0.0032819953766674015,True,False,-0.066114820798477497,True,True
504,Dress,Dress/10_2.tif,0.32296540039866961,True,0.16148270019933475,True,True,-0.017492113739607601,,,-0.085016404286892222,True,True,-0.05897418217283501,True,True
505,Dress,Dress/10_4.tif,0.33971473729971985,True,0.1698573686498599,True,True,-0.0064697390244569108,,,-0.083053275813808086,True,True,-0.080334353811594983,True,True
506,Dress,Dress/10_5.tif,0.28596512468837954,True,0.11120359701034799,True,True,0.031778965333841586,,,-0.079573465569095891,True,True,-0.063409096775094098,True,True
507,Dress,Dress/10_6.tif,0.19732908677855321,False,0.087282010318896319,True,False,0.011382533070380285,,,-0.048939502349412106,True,False,-0.049725041039864498,True,False
508,Dress,Dress/10_7.tif,0.32778423209042912,True,0.16389211604521453,True,True,-0.014165009373626192,,,-0.094176317626998796,True,True,-0.055550789044589599,True,True
509,Dress,Dress/10_8.tif,0.40354985379400804,True,0.20177492689700399,True,True,-0.026493854045866988,,,-0.093618377546292098,True,True,-0.081662695304845004,True,True
510,Dress,Dress/10_9.tif,0.056170479844983787,False,-0.0084613189755995966,False,False,0.025191238058573484,,,-0.019623920946892498,True,False,0.002894001863918208,False,False
511,Dress,Dress/1_1.tif,0.45451582701525362,True,0.22725791350762686,True,True,-0.035097524402754404,,,-0.092595967655972,True,True,-0.099564421448900306,True,True
512,Dress,Dress/1_10.tif,0.37233673046672544,True,0.18616836523336269,True,True,-0.018167432695067293,,,-0.067490314913904809,True,True,-0.10051061762439062,True,True
513,Dress,Dress/1_2.tif,0.1656681756039981,False,0.082834087801999023,True,False,-0.019673886423223902,,,-0.034367211923273189,True,False,-0.028792989455501988,True,False
514,Dress,Dress/1_3.tif,0.33050611750666892,True,0.16525305875333426,True,True,-0.019181914599638111,,,-0.071917330696246201,True,True,-0.074153813457450285,True,True
515,Dress,Dress/1_4.tif,0.37025347396844044,True,0.18512673698422033,True,True,-0.039802970416054295,,,-0.061967461753243497,True,True,-0.083356304814922316,True,True
516,Dress,Dress/1_6.tif,0.26259540135537629,True,0.1312977006776882,True,True,-0.0018541912034708008,,,-0.040198115878320867,True,True,-0.089245393595896408,True,True
517,Dress,Dress/1_7.tif,0.50035480894549278,True,0.25017740447274628,True,True,-0.011719346648504381,,,-0.1104462634441474,True,True,-0.12801179438009469,True,True
518,Dress,Dress/1_8.tif,0.083186884967795249,False,0.041593442483897625,True,False,-0.018773593528610327,,,-0.017877344491401798,True,False,-0.0049425044638854998,True,False
519,Dress,Dress/1_9.tif,0.19393247780010431,False,0.091283869687248054,True,True,0.0056823692128041836,,,-0.044959429926604066,True,False,-0.052006808973448004,True,False
520,Dress,Dress/2_1.tif,0.32170764880802444,True,0.1608538244040123,True,True,-0.011990059270303832,,,-0.060677009482236588,True,False,-0.088186755651471702,True,False
521,Dress,Dress/2_10.tif,0.19682790700440742,True,0.098413953502203777,True,True,-0.037661703534767221,,,-0.040359975898316913,True,True,-0.020392274069119504,True,False
522,Dress,Dress/2_2.tif,0.092991879519386519,False,0.029990554439477513,True,False,0.01650538532021581,,,-0.017693348146463811,True,False,-0.028802591613229386,True,False
523,Dress,Dress/2_3.tif,0.13133763971914889,False,0.065668819859574457,True,False,-0.04032376584845071,,,-0.012833442445292415,True,False,-0.012511611565831304,True,False
524,Dress,Dress/2_4.tif,0.10376376925026032,False,0.051881884625130215,True,False,-0.0055587150674796248,,,-0.019919960599315278,True,False,-0.0264032089583352,True,False
525,Dress,Dress/2_5.tif,0.38913582175326378,True,0.19456791087663183,True,True,-0.031833453950599805,,,-0.088587350554391514,True,True,-0.074147106371640598,True,True
526,Dress,Dress/2_6.tif,0.22574420303086842,True,0.11265912545376561,True,True,0.00021297606166859051,,,-0.063759775239863814,True,True,-0.049112326275570412,True,False
527,Dress,Dress/2_7.tif,0.10470978279717477,False,0.0081332177707645892,True,False,0.031566948341301693,,,0.012654725286521201,False,False,-0.052354891398587289,True,False
528,Dress,Dress/2_8.tif,0.064132825431421819,False,-0.01224386489098539,False,False,0.029022970575534435,,,0.0030434421401765999,False,False,-0.019822547824725395,True,False
529,Dress,Dress/2_9.tif,0.16668127817762782,False,-0.065551878382264034,False,False,-0.017788760706549889,,,0.012610272139675693,False,False,0.070730366949138201,False,False
530,Dress,Dress/3_1.tif,0.12253044593338802,False,0.061265222966694066,True,False,-0.0078784844723704395,,,-0.030531676241693118,True,False,-0.022855062252630398,True,False
531,Dress,Dress/3_10.tif,0.12379694909458178,False,0.050054031247822511,True,False,0.011844443299468377,,,-0.029237291590870684,True,False,-0.032661182956420204,True,False
532,Dress,Dress/3_2.tif,0.12982008282688628,False,-0.013843536416586311,False,False,0.064910041413443281,,,-0.0042308060896595889,True,False,-0.046835698907197104,True,False
533,Dress,Dress/3_3.tif,0.37023704347602965,True,0.07263856299180621,True,False,0.11247995874620839,,,-0.066572242925560438,True,False,-0.11854627881245461,True,True
534,Dress,Dress/3_4.tif,0.064189354311448343,False,0.014906886445564371,True,False,0.0171877907101598,,,-0.027207647026127879,True,False,-0.0048870301295962926,True,False
535,Dress,Dress/3_5.tif,0.19308405054804378,False,0.035115479637866098,True,False,0.061426545636155599,,,-0.05043844145783638,True,False,-0.046103583816185706,True,False
536,Dress,Dress/3_6.tif,0.1167526969824903,False,0.058376348491245067,True,False,-0.0030832622587338432,,,-0.045579920269842089,True,False,-0.0097131659626693012,True,False
537,Dress,Dress/3_7.tif,0.13094625920544081,False,0.0047508307457940768,True,False,0.060722298856926316,,,-0.063203519841301015,True,False,-0.0022696097614194055,True,False
538,Dress,Dress/3_8.tif,0.18939915879841562,False,0.0552395002845667,True,False,0.039460079114641111,,,-0.025196676762257397,True,False,-0.0695029026369504,True,False
539,Dress,Dress/3_9.tif,0.17443727855322963,False,-0.057634529193252126,False,False,0.035482103524196396,,,-0.029584110083362591,True,False,0.051736535752418517,False,False
540,Dress,Dress/4_1.tif,0.22705161468432031,True,0.11352580734216011,True,True,-0.030270914607256394,,,-0.026346658897353992,True,True,-0.05690823383754981,True,False
541,Dress,Dress/4_10.tif,0.45986798268156648,True,0.22993399134078318,True,True,-0.048070754887346606,,,-0.087323096274804612,True,True,-0.094540140178632104,True,True
542,Dress,Dress/4_2.tif,0.28388341716548604,True,0.14194170858274302,True,True,-0.0199049611879831,,,-0.057574785760969388,True,True,-0.064461961633790504,True,True
543,Dress,Dress/4_3.tif,0.25733703409383368,True,0.12866851704691684,True,True,-0.053287800498443116,,,-0.036089756396222722,True,True,-0.039290960152251003,True,False
544,Dress,Dress/4_4.tif,0.19844162232748197,True,0.099220811163741096,True,True,-0.035839352449237277,,,-0.03767313846417869,True,True,-0.025708320250324906,True,False
545,Dress,Dress/4_5.tif,0.33030415289391735,True,0.16515207644695848,True,True,-0.046534028395255667,,,-0.056969181919278494,True,True,-0.061648866132424693,True,True
546,Dress,Dress/4_6.tif,0.20908754545899563,True,0.10454377272949777,True,True,-0.040829363147290687,,,-0.031307275474410784,True,True,-0.032407134107796387,True,False
547,Dress,Dress/4_7.tif,0.26407570373492051,False,0.1320378518674602,True,False,-0.018236960357005616,,,-0.046959559496185993,True,False,-0.066841332014268701,True,False
548,Dress,Dress/4_8.tif,0.18091892893605863,True,0.067077000772650469,True,True,0.023382463695378664,,,-0.043226367601789994,True,True,-0.047233096866239499,True,False
549,Dress,Dress/4_9.tif,0.11980952986718849,False,-0.059904764933594312,False,False,0.0059404636328346805,,,0.030487688703189686,False,False,0.023476612597569807,False,False
550,Dress,Dress/5_1.tif,0.28537515403477509,False,0.069779009368432621,True,True,0.072908567648954981,,,-0.036188909667897007,True,True,-0.10649866734949051,True,False
551,Dress,Dress/5_10.tif,0.095622836904240338,False,0.024942156283957212,True,False,0.016122944603384093,,,0.0067463175647787255,False,False,-0.047811418452120308,True,False
552,Dress,Dress/5_2.tif,0.17410560647525972,False,-0.025495802426565461,False,False,-0.061557000811064355,,,0.050200837838721091,False,False,0.036851965398908809,False,False
553,Dress,Dress/5_3.tif,0.13508472264043495,True,0.042988044001031983,True,True,0.024554317319185504,,,-0.0059624928992174642,True,False,-0.061579868420999995,True,True
554,Dress,Dress/5_4.tif,0.19278238534378372,True,0.070097435905862315,True,True,0.026293756766029686,,,-0.045225575609150415,True,True,-0.051165617062741309,True,True
555,Dress,Dress/5_5.tif,0.20661793515001953,True,0.054884188921870219,True,True,0.0484247786531396,,,-0.0389520821878096,True,True,-0.064356885387200108,True,True
556,Dress,Dress/5_6.tif,0.27589772258765088,True,0.077865376937703984,True,True,0.060083484356121375,,,-0.06190369758574879,True,True,-0.076045163708076707,True,True
557,Dress,Dress/5_7.tif,0.23521778908286434,True,0.064956000905798006,True,True,0.052652893635634024,,,-0.035732586714739389,True,True,-0.081876307826692904,True,True
558,Dress,Dress/5_8.tif,0.2430099367143797,False,0.0177383434891904,True,False,0.10376662486799926,,,-0.03495515729453072,True,False,-0.086549811062659313,True,False
559,Dress,Dress/5_9.tif,0.089539070878025345,False,-0.022469607481014731,False,False,0.018282497502561612,,,0.026487037936451019,False,False,-0.022299927957997984,True,False
560,Dress,Dress/6_1.tif,0.22625062327440551,True,0.10379482543387622,True,True,0.0093304862033264935,,,-0.056789322844024714,True,True,-0.056335988793178082,True,True
561,Dress,Dress/6_10.tif,0.21332715882297143,False,0.10666357941148552,True,False,-0.010668614682276589,,,-0.040095789027575518,True,False,-0.055899175701633802,True,False
562,Dress,Dress/6_2.tif,0.23370673662710265,False,0.079801847558803818,True,False,0.037051520754747602,,,-0.058992881021984217,True,True,-0.057860487291567009,True,False
563,Dress,Dress/6_3.tif,0.12250200203212597,False,0.061251001016063067,True,False,-0.0039069103870275901,,,-0.0296056185729556,True,False,-0.02773847205607971,True,False
564,Dress,Dress/6_4.tif,0.18545296591441018,False,0.064177192508462599,True,False,0.028549290448742604,,,-0.009296880157958598,True,False,-0.083429602799246397,True,True
565,Dress,Dress/6_5.tif,0.51411222745318708,True,0.25705611372659348,True,True,-0.020088095717391286,,,-0.12667055582339068,True,True,-0.1102974621858116,True,True
566,Dress,Dress/6_6.tif,0.39358487701510447,True,0.12339703135290891,True,True,0.073395407154643322,,,-0.07758459122209671,True,True,-0.1192078472854555,True,True
567,Dress,Dress/6_7.tif,0.23091333852484597,True,0.094371748754778717,True,True,0.021084920507644211,,,-0.056360463055166232,True,True,-0.059096206207256807,True,True
568,Dress,Dress/6_8.tif,0.18819240030980089,False,0.094096200154900334,True,False,-0.018392864906064899,,,-0.025338946858659867,True,False,-0.05036438839017579,True,False
569,Dress,Dress/6_9.tif,0.13737926146365778,False,0.034869722215020604,True,False,0.033819908516808495,,,-0.041044489412858876,True,True,-0.027645141318969807,True,False
570,Dress,Dress/7_1.tif,0.39888891427687367,False,0.13599606965815142,True,False,0.063448387480285612,,,-0.080604384813609403,True,False,-0.11884007232482721,True,False
571,Dress,Dress/7_10.tif,0.42647647215478446,True,0.1075605123015615,True,False,0.10567772377583079,,,-0.075751238843394131,True,False,-0.13748699723399802,True,True
572,Dress,Dress/7_2.tif,0.13361519197569519,True,0.064168682899923002,True,False,0.0026389130879247991,,,-0.010897972912752379,True,False,-0.055909623075095005,True,True
573,Dress,Dress/7_3.tif,0.16256121221504877,False,0.056654181739535625,True,False,0.024626424367989092,,,-0.037806102848012557,True,False,-0.043474503259511493,True,False
574,Dress,Dress/7_4.tif,0.28631186930552965,False,0.071889074600449465,True,False,0.071266860052315306,,,-0.1015635886169797,True,False,-0.041592346035785183,True,False
575,Dress,Dress/7_5.tif,0.57048290004703717,True,0.20630329372862338,True,True,0.078938156294895284,,,-0.16205411728157501,True,True,-0.1231873327419435,True,True
576,Dress,Dress/7_6.tif,0.36635041531909079,True,0.090808018538654334,True,False,0.092367189120891202,,,-0.087998244594222064,True,False,-0.095176963065323181,True,True
577,Dress,Dress/7_7.tif,0.26100059438993467,False,0.084446293916761783,True,False,0.046054003278205496,,,-0.044691937649911084,True,False,-0.085808359545056306,True,False
578,Dress,Dress/7_8.tif,0.45289113507992174,True,0.19782988706140342,True,True,0.02861568047855742,,,-0.1362595709594526,True,True,-0.090185996580508299,True,True
579,Dress,Dress/7_9.tif,0.26422178554332665,False,0.049504333347277496,True,False,0.082606559424385884,,,-0.046087348741906287,True,False,-0.08602354402975701,True,False
580,Dress,Dress/8_1.tif,0.47999088766624837,True,0.21677425041269327,True,True,0.023221193420430997,,,-0.13017302164643302,True,True,-0.1098224221866911,True,True
581,Dress,Dress/8_10.tif,0.46953586060340813,True,0.23476793030170418,True,True,-0.029643105255985402,,,-0.1084684025254003,True,True,-0.09665642252031828,True,True
582,Dress,Dress/8_2.tif,0.18059069100790737,False,0.090295345503953739,True,True,-0.0065272994600719114,,,-0.047609521687045825,True,True,-0.036158524356835892,True,False
583,Dress,Dress/8_3.tif,0.1705085127703167,False,0.076930657446599493,True,True,0.0083235989385589126,,,-0.050178725468386587,True,False,-0.035075530916771708,True,False
584,Dress,Dress/8_4.tif,0.43873018879335668,True,0.21494314483610022,True,True,0.0044219495605782033,,,-0.10057317814766631,True,True,-0.118791916249012,True,False
585,Dress,Dress/8_5.tif,0.32784138917472361,True,0.15851302917593699,True,True,0.0054076654114246225,,,-0.070742849399172802,True,True,-0.093177845188189196,True,False
586,Dress,Dress/8_6.tif,0.48092049391678227,True,0.20433974093368884,True,True,0.036120506024702403,,,-0.1024447328584154,True,True,-0.13801551409997559,True,True
587,Dress,Dress/8_7.tif,0.2867825356867818,True,0.1240205704743087,True,True,0.019370697369082313,,,-0.071347655907358087,True,False,-0.072043611936032703,True,True
588,Dress,Dress/8_8.tif,0.3094122287737559,True,0.15470611438687804,True,True,-0.0010218286324046033,,,-0.08509702645030609,True,True,-0.068587259304167189,True,True
589,Dress,Dress/8_9.tif,0.11318399339403301,False,0.033108739068648807,True,False,0.02348325762836781,,,-0.02196231803464091,True,False,-0.034629678662375485,True,False
590,Dress,Dress/9_1.tif,0.15834875370923154,False,0.079174376854615702,True,False,-0.012170090319329724,,,-0.011569838627630308,True,False,-0.055434447907655809,True,False
591,Dress,Dress/9_10.tif,0.36332343300402659,True,0.18166171650201329,True,True,-0.0065203952292880452,,,-0.062901550211317603,True,True,-0.11223977106140762,True,True
592,Dress,Dress/9_2.tif,0.51397473375314928,True,0.25698736687657459,True,True,-0.0090819974755491084,,,-0.11619456522901317,True,True,-0.13171080417201239,True,True
593,Dress,Dress/9_3.tif,0.24783982689026454,True,0.12290834154456742,True,True,0.0010115719005649171,,,-0.072890928066879412,True,True,-0.051028985378252789,True,True
594,Dress,Dress/9_4.tif,0.3159904869906125,True,0.15799524349530641,True,True,-0.0050246605351653151,,,-0.11314569586568771,True,True,-0.039824887094453087,True,False
595,Dress,Dress/9_5.tif,0.43289496512872394,True,0.21644748256436197,True,True,-0.015607135169969893,,,-0.092127513981124315,True,True,-0.10871283341326779,True,True
596,Dress,Dress/9_6.tif,0.39288654711013293,True,0.19644327355506647,True,True,-0.02623084441163212,,,-0.048257164450007412,True,True,-0.12195526469342691,True,True
597,Dress,Dress/9_7.tif,0.35877717320762853,True,0.1793885866038144,True,True,-0.046476077074880578,,,-0.092262998184619582,True,True,-0.040649511344313993,True,False
598,Dress,Dress/9_8.tif,0.25475968458286968,True,0.12737984229143501,True,True,-0.0092785577085399973,,,-0.063818062353973998,True,True,-0.05428322222892068,True,True
599,Dress,Dress/9_9.tif,0.46051977486839163,True,0.18817358790339481,True,True,0.042086299530801091,,,-0.072373931651706885,True,True,-0.15788595578248882,True,True
600,Flare,Flare/10_1.tif,0.25441012292606302,False,0.095644518214159091,True,True,0.031560543248872308,,,-0.03007170979389262,True,False,-0.097133351669139001,True,False
601,Flare,Flare/10_10.tif,0.15506038997793753,True,0.027566896972485017,True,True,0.049963298016483915,,,-0.03217289545379709,True,True,-0.045357299535171508,True,True
602,Flare,Flare/10_2.tif,0.25954023281259642,True,0.070524118208892594,True,True,0.059245998197405614,,,-0.043773309614659306,True,True,-0.085996806791638902,True,True
603,Flare,Flare/10_3.tif,0.1152808820725294,False,0.0059536980876411794,True,False,0.051686742948623493,,,-0.031586661761034113,True,False,-0.026053779275230615,True,False
604,Flare,Flare/10_4.tif,0.32093260588895367,True,0.062468732871304111,True,False,0.097997570073172779,,,-0.081670902946817364,True,True,-0.078795399997659402,True,False
605,Flare,Flare/10_5.tif,0.3819924376274928,True,0.1909962188137464,True,True,-0.010771483500114531,,,-0.073005231010623201,True,True,-0.10721950430300861,True,True
606,Flare,Flare/10_6.tif,0.23749486467722014,True,0.073285871453148854,True,True,0.045461560885461272,,,-0.060228973820144693,True,True,-0.058518458518465308,True,True
607,Flare,Flare/10_7.tif,0.099269169828544584,False,0.024021444707941791,True,False,0.01140598967168871,,,-0.049634584914272278,True,True,0.014207150534641805,False,False
608,Flare,Flare/10_8.tif,0.24051403670603047,False,0.050564846719913792,True,False,0.069692171633101374,,,-0.076931676818068312,True,False,-0.043325341534946993,True,False
609,Flare,Flare/10_9.tif,0.21730855145143413,True,0.0024811422299806374,True,False,0.10617313349573659,,,-0.018258801004359088,True,False,-0.090395474721357796,True,False
610,Flare,Flare/1_1.tif,0.40834174853891048,True,0.17856302756861764,True,True,0.0256078467008376,,,-0.1058614172167191,True,True,-0.09830945705273611,True,True
611,Flare,Flare/1_10.tif,0.4671276797519569,True,0.17343465238372052,True,True,0.060129187492257902,,,-0.13944157856589029,True,True,-0.09412226131008819,True,True
612,Flare,Flare/1_2.tif,0.28690619912408044,False,0.092228707628811135,True,False,0.051224391933228974,,,-0.07994518540847001,True,False,-0.063507914153570322,True,False
613,Flare,Flare/1_3.tif,0.054898125724208408,False,0.026249471105109945,True,False,-0.0034596226007220787,,,0.0011995917569941894,False,False,-0.023989440261382194,True,False
614,Flare,Flare/1_4.tif,0.39525242107705194,True,0.19762621053852608,True,True,-0.0027554789715426853,,,-0.087839981207858603,True,True,-0.1070307503591246,True,True
615,Flare,Flare/1_5.tif,0.19495152475361868,False,0.023500356398138411,True,False,0.073975405978671083,,,-0.048181341590607579,True,False,-0.049294420786201609,True,False
616,Flare,Flare/1_6.tif,0.25817992318264454,False,0.085216632965841532,True,False,0.043873328625480712,,,-0.057424112284195084,True,False,-0.071665849307127216,True,False
617,Flare,Flare/1_7.tif,0.36518621339916701,True,0.16669362640415358,True,False,0.015899480295429869,,,-0.061295076663175407,True,False,-0.12129803003640818,True,True
618,Flare,Flare/1_8.tif,0.11521973370889851,False,0.057114741622578569,True,False,0.00049512523187095203,,,-0.033255796703621693,True,False,-0.024354070150827301,True,False
619,Flare,Flare/1_9.tif,0.21822581215728459,False,0.011648809360668366,True,False,0.097464096717973903,,,-0.019950170648042415,True,False,-0.089162735430599896,True,False
620,Flare,Flare/2_1.tif,0.19930098355065579,False,0.029991151908639491,True,False,0.069659339866688513,,,-0.016661471560436597,True,False,-0.082989020214891185,True,False
621,Flare,Flare/2_10.tif,0.3715059767646241,True,0.15114445500498558,True,True,0.034608533377326417,,,-0.10403447552807599,True,True,-0.081718512854236092,True,True
622,Flare,Flare/2_2.tif,0.076312315588706603,False,0.00075755180827852264,True,False,0.037398605986074807,,,-0.013935081985265385,True,False,-0.024221075809087889,True,False
623,Flare,Flare/2_3.tif,0.067285484284557967,False,0.020719058561885662,True,False,0.012923683580393197,,,-0.015213654009108901,True,False,-0.018429088133170207,True,False
624,Flare,Flare/2_4.tif,0.13474705990105304,False,0.030525894981946633,True,False,0.036847634968579901,,,-0.0023158653414910024,True,False,-0.065057664609035504,True,True
625,Flare,Flare/2_5.tif,0.13012258942701002,False,0.04351069646240685,True,False,0.02155059825109798,,,-0.013235679286376811,True,False,-0.05182561542712838,True,False
626,Flare,Flare/2_6.tif,0.4672790631295336,True,0.1799427457956278,True,False,0.05369678576913911,,,-0.11364359437171578,True,False,-0.11999593719305091,True,True
627,Flare,Flare/2_7.tif,0.2823882319440193,False,0.081710503174512172,True,False,0.059483612797497393,,,-0.0337473994551723,True,False,-0.10744671651683742,True,False
628,Flare,Flare/2_8.tif,0.1138033880461472,False,0.02018165108016301,True,False,0.036720042942910591,,,-0.021569571179654384,True,False,-0.035332122843419217,True,False
629,Flare,Flare/2_9.tif,0.31371266986169732,True,0.041384015878561831,True,False,0.11547231905228708,,,-0.058450111552200895,True,True,-0.098406223378647489,True,True
630,Flare,Flare/3_1.tif,0.030565827706314164,False,-0.012040936830548965,False,False,0.009955674184515817,,,0.0053272396686411816,False,False,-0.0032419770226082001,True,False
631,Flare,Flare/3_10.tif,0.35194554118802357,True,0.14358587581224846,True,True,0.032386894781763403,,,-0.10146286387542908,True,True,-0.074509906718582597,True,False
632,Flare,Flare/3_2.tif,0.16540379085387805,False,0.018493543380617761,True,False,0.064208352046321221,,,-0.040324879254455159,True,False,-0.042377016172483906,True,False
633,Flare,Flare/3_3.tif,0.13854667206998669,False,0.024955502220105008,True,False,0.03194590829561661,,,0.012371925519271687,False,False,-0.069273336034993388,True,False
634,Flare,Flare/3_4.tif,0.10701589847996831,False,0.01035831728540243,True,False,0.028899378361131212,,,0.014250253593450668,False,False,-0.053507949239984004,True,False
635,Flare,Flare/3_5.tif,0.24530140134531198,False,0.12265070067265588,True,False,-0.020431313037235582,,,-0.037967223941133804,True,False,-0.064252163694286712,True,False
636,Flare,Flare/3_6.tif,0.15713892805312232,False,0.064157261931308496,True,False,0.014412202095252707,,,-0.060511410147752021,True,True,-0.018058053878809099,True,False
637,Flare,Flare/3_7.tif,0.1720121783163025,False,0.086006089158151222,True,False,-0.010910484127482328,,,-0.026537177638360443,True,False,-0.048558427392308506,True,False
638,Flare,Flare/3_8.tif,0.072850966884396989,False,0.022904815927718869,True,False,0.0064140890295260045,,,-0.036425483442198509,True,False,0.0071065784849536073,False,False
639,Flare,Flare/3_9.tif,0.11520270454920584,False,0.050747717746312815,True,False,0.0068536345282901034,,,-0.03089495312685453,True,False,-0.026706399147748389,True,False
640,Flare,Flare/4_1.tif,0.31663334779554964,True,0.1279610334965558,True,True,0.030355640401218908,,,-0.055590653139620722,True,True,-0.10272602075815418,True,True
641,Flare,Flare/4_10.tif,0.25564580800110492,True,0.12782290400055252,True,True,-0.0028071994622785867,,,-0.067657028349109388,True,True,-0.057358676189164404,True,False
642,Flare,Flare/4_2.tif,0.15581709111920294,True,0.077908545559601305,True,True,-0.0071732552140174599,,,-0.038444130580567198,True,True,-0.032291159765016994,True,False
643,Flare,Flare/4_3.tif,0.26766090263478981,True,0.093281927152699895,True,True,0.040548524164694788,,,-0.036901313374990918,True,True,-0.096929137942404195,True,False
644,Flare,Flare/4_4.tif,0.18510800051903548,True,0.062520634575719103,True,False,0.03003336568379858,,,-0.017266927951195388,True,False,-0.075287072308322406,True,True
645,Flare,Flare/4_5.tif,0.31326931000157709,True,0.15663465500078838,True,True,-0.038862861426335688,,,-0.03840168426016799,True,False,-0.079370109314285009,True,True
646,Flare,Flare/4_6.tif,0.14132824377621422,False,0.070664121888107112,True,False,-0.0045179060510700808,,,-0.020765530412142741,True,False,-0.04538068542489429,True,False
647,Flare,Flare/4_7.tif,0.1445341730563261,False,0.046663253246802316,True,False,0.025603833281360788,,,-0.0092833829439168958,True,False,-0.062983703584246098,True,False
648,Flare,Flare/4_8.tif,0.15572795923029484,False,0.067446168478811297,True,False,0.010417811136335997,,,-0.038135335978435048,True,False,-0.039728643636712496,True,False
649,Flare,Flare/4_9.tif,0.32191340615257841,True,0.13404145673953649,True,True,0.026915246336752741,,,-0.04192124173177969,True,False,-0.1190354613445095,True,True
650,Flare,Flare/5_1.tif,0.22904727339107595,True,0.10370156956461607,True,True,0.010822067130921875,,,-0.0460948487944777,True,True,-0.068428787901060301,True,True
651,Flare,Flare/5_10.tif,0.13709132737056048,True,0.068545663685280117,True,True,-0.0085998026611012746,,,-0.05093447267981327,True,True,-0.0090113883443658227,True,False
652,Flare,Flare/5_2.tif,0.17755608767958792,False,0.03217423265532221,True,False,0.05660381118447172,,,-0.011789702046263589,True,False,-0.07698834179353041,True,False
653,Flare,Flare/5_3.tif,0.073223312472277535,False,0.021633226452897392,True,False,0.01497842978324132,,,-0.033046181059666419,True,False,-0.0035654751764724046,True,False
654,Flare,Flare/5_4.tif,0.23137244365208415,True,0.11568622182604199,True,True,-0.0012818763471705852,,,-0.049651625280144995,True,True,-0.06475272019872659,True,True
655,Flare,Flare/5_5.tif,0.25991085906593558,True,0.12995542953296779,True,True,-0.0065488810670833453,,,-0.052830330141821008,True,True,-0.070576218324063411,True,True
656,Flare,Flare/5_6.tif,0.20603422564365739,True,0.10301711282182879,True,True,-0.0073204724848252023,,,-0.038314623078474996,True,True,-0.057382017258528401,True,True
657,Flare,Flare/5_7.tif,0.34019854084967432,True,0.10597185057724248,True,True,0.064127419847594735,,,-0.058921818830192207,True,True,-0.1111774515946449,True,True
658,Flare,Flare/5_8.tif,0.20056221928358059,True,0.095708873383583914,True,True,0.004572236258206408,,,-0.044137633083395578,True,True,-0.056143476558394689,True,True
659,Flare,Flare/5_9.tif,0.28595506585821318,True,0.063407003941331086,True,False,0.079570528987775502,,,-0.035188460069539573,True,True,-0.10778907285956701,True,True
660,Flare,Flare/6_1.tif,0.10000883545854178,False,0.023664337573507582,True,False,0.026340080155763279,,,-0.044301322525932607,True,True,-0.0057030952033383098,True,False
661,Flare,Flare/6_10.tif,0.079583422981003016,False,0.0019707778585817959,True,False,-0.0082079901064132654,,,-0.031583721384088159,True,False,0.037820933631919795,False,False
662,Flare,Flare/6_2.tif,0.043102298921271931,False,0.0090210862585626272,True,False,-0.010410105576367179,,,-0.011141043884268814,True,False,0.01253006320207331,False,False
663,Flare,Flare/6_3.tif,0.23048359811083161,False,0.10815800398313871,True,True,0.0070837950722771048,,,-0.045633665494307668,True,True,-0.069608133561108121,True,False
664,Flare,Flare/6_4.tif,0.2379744529110914,True,0.062900287215232803,True,True,0.056086939240312994,,,-0.050270473842278091,True,True,-0.068716752613267512,True,False
665,Flare,Flare/6_5.tif,0.21713326620592727,True,0.094247389813115812,True,True,0.014319243289847905,,,-0.014234136365647271,True,False,-0.094332496737316293,True,True
666,Flare,Flare/6_6.tif,0.27410969136590829,True,0.08315599949337818,True,True,0.053898846189575911,,,-0.06152251798576841,True,True,-0.075532327697185792,True,True
667,Flare,Flare/6_7.tif,0.21934317618803267,True,0.10439039494519978,True,True,0.005281193148816421,,,-0.057863131379714577,True,True,-0.051808456714301898,True,False
668,Flare,Flare/6_8.tif,0.11502004185611517,False,0.042048267110560589,True,False,0.015461753817497093,,,-0.016094642810292381,True,False,-0.041415378117765106,True,False
669,Flare,Flare/6_9.tif,0.09888535936208806,True,-0.010351365591369205,False,False,0.049442679681043988,,,-0.03377823121598858,True,False,-0.0053130828736862867,True,False
670,Flare,Flare/7-2.tif,0.13252733180107532,False,0.066263665900537616,True,False,-0.0066326079159453044,,,-0.014017985359734586,True,False,-0.045613072624857809,True,False
671,Flare,Flare/7_1.tif,0.13617344182889746,False,0.045235484972960815,True,False,0.022851235941488079,,,-0.029432040344839761,True,False,-0.038654680569608801,True,False
672,Flare,Flare/7_10.tif,0.19807127098210667,False,0.099035635491053264,True,False,-0.0044716726665794959,,,-0.018558607653681392,True,False,-0.076005355170792516,True,True
673,Flare,Flare/7_3.tif,0.37083169098735702,True,0.18541584549367851,True,True,-0.009527903237987384,,,-0.077960116664203521,True,True,-0.097927825591487605,True,True
674,Flare,Flare/7_4.tif,0.19653265444652415,False,0.098266327223262062,True,True,-0.001988787128410302,,,-0.028014402408239686,True,False,-0.068263137686612102,True,True
675,Flare,Flare/7_5.tif,0.23781476483290429,False,0.11890738241645221,True,False,-0.0065708254516324838,,,-0.012688523951858988,True,False,-0.099648033012960602,True,False
676,Flare,Flare/7_6.tif,0.14256959710619077,False,0.060335125280383928,True,False,0.010949673272711291,,,-0.042141280819036953,True,False,-0.029143517734058599,True,False
677,Flare,Flare/7_7.tif,0.17895056020910685,False,0.086393225543429486,True,False,0.0030820545611240091,,,-0.021844582475008867,True,False,-0.067630697629544489,True,False
678,Flare,Flare/7_8.tif,0.31819317766284022,True,0.1426280744203352,True,True,0.016468514411084906,,,-0.06146351954698881,True,False,-0.097633069284431301,True,True
679,Flare,Flare/7_9.tif,0.24470698090965884,True,0.10962320146067667,True,True,0.012730288994152683,,,-0.062318737475022701,True,True,-0.060034752979806788,True,True
680,Flare,Flare/8_1.tif,0.22703038493333291,True,0.1135151924666663,True,True,-0.018959101806565515,,,-0.031757704877394793,True,False,-0.062798385782706301,True,True
681,Flare,Flare/8_10.tif,0.17872211445452579,False,0.060296146018893992,True,False,0.029064911208368793,,,-0.017788379264685517,True,False,-0.071572677962577505,True,False
682,Flare,Flare/8_2.tif,0.1899294774268464,False,0.029637163078556572,True,False,0.065327575634866519,,,-0.0039191262128474014,True,False,-0.091045612500575912,True,True
683,Flare,Flare/8_3.tif,0.11713720490001719,False,0.049884505286248992,True,False,-0.0082549770260947064,,,0.0086840971637596742,False,False,-0.050313625423913821,True,False
684,Flare,Flare/8_4.tif,0.1471557342310113,True,0.073577867115505402,True,True,-0.0069905876779171039,,,-0.039433287041036713,True,False,-0.027153992396552085,True,False
685,Flare,Flare/8_5.tif,0.28086524367793775,True,0.13705074000757461,True,True,0.0033818818313943178,,,-0.052031646072214999,True,True,-0.088400975766753806,True,True
686,Flare,Flare/8_6.tif,0.51311496817420177,True,0.25655748408710094,True,True,-0.016067134066731298,,,-0.11132798739661931,True,True,-0.1291623626237503,True,True
687,Flare,Flare/8_7.tif,0.26728178526685897,True,0.13364089263342949,True,True,-0.046465442753595682,,,-0.056161364154257626,True,True,-0.031014085725576207,True,False
688,Flare,Flare/8_8.tif,0.38442767398003153,True,0.19221383699001576,True,True,-0.011813985082912509,,,-0.077585894721776683,True,True,-0.1028139571853266,True,True
689,Flare,Flare/8_9.tif,0.062429559787869487,False,-0.0031891641508489943,False,False,0.020274055445124284,,,-0.028025615743085819,True,False,0.010940724448810391,False,False
690,Flare,Flare/9-7.tif,0.12187350343749637,True,0.030430148544952296,True,False,0.030506603173795999,,,-0.027846950202357779,True,False,-0.033089801516390294,True,True
691,Flare,Flare/9_1.tif,0.26817906877706654,True,0.027781257629338613,True,False,0.1063082767591946,,,-0.061547889493502095,True,True,-0.072541644895031204,True,True
692,Flare,Flare/9_10.tif,0.2295600647633867,False,0.10896715580616329,True,True,0.0058128765755302014,,,-0.044547035501572907,True,False,-0.070232996880120302,True,False
693,Flare,Flare/9_2.tif,0.41579489738719544,True,0.1101807715820578,True,False,0.097716677111539779,,,-0.066848071204058501,True,True,-0.14104937748953938,True,True
694,Flare,Flare/9_3.tif,0.25860834256776938,True,0.091727976049847004,True,True,0.037576195234037713,,,-0.034760548269620578,True,True,-0.094543623014264097,True,True
695,Flare,Flare/9_4.tif,0.25980613115273954,True,0.052552073633031604,True,False,0.077350991943337999,,,-0.049731009213252325,True,True,-0.080172056363117611,True,True
696,Flare,Flare/9_5.tif,0.31680887339690289,False,0.11406367162733666,True,False,0.044340765071114924,,,-0.055551008592531426,True,False,-0.10285342810591988,True,False
697,Flare,Flare/9_6.tif,0.20417772014068949,True,0.012475719397395169,True,False,0.089613140672949509,,,-0.04962609148492611,True,True,-0.052462768585418706,True,False
698,Flare,Flare/9_8.tif,0.3275687024686752,False,0.055460428309807797,True,False,0.1083239229245298,,,-0.05358222668461779,True,False,-0.1102021245497198,True,False
699,Flare,Flare/9_9.tif,0.2770085724815855,True,-0.13850428624079278,False,False,0.11181680140589262,,,0.00077100156246573404,False,False,0.025916483272434399,False,False
700,Harem,Harem/1-1.tif,0.3813182760367001,True,0.098534020703173186,True,True,0.092125117315176808,,,-0.056441545804545412,True,True,-0.13421759221380469,True,True
701,Harem,Harem/1-10.tif,0.19165850330438627,True,0.027182735071535902,True,False,0.068646516580657346,,,-0.065368641263449434,True,True,-0.030460610388743592,True,False
702,Harem,Harem/1-2.tif,0.20935734852895488,True,0.077403668269481668,True,True,0.027275005994995716,,,-0.054320193342893092,True,True,-0.050358480921584403,True,True
703,Harem,Harem/1-3.tif,0.47434378090614809,True,0.13113561387116632,True,True,0.10603627658190756,,,-0.088288899987194192,True,True,-0.14888299046587999,True,True
704,Harem,Harem/1-4.tif,0.30812947483774811,True,0.099743904583724508,True,True,0.054320832835149491,,,-0.055794808715880273,True,True,-0.098269928702993808,True,True
705,Harem,Harem/1-5.tif,0.26706903822372852,True,0.12657565093084028,True,True,0.006958868181024036,,,-0.056362383945944394,True,True,-0.077172135165919808,True,True
706,Harem,Harem/1-6.tif,0.24420673229265261,True,0.092082432302742712,True,True,0.030020933843583508,,,-0.053775206940609499,True,True,-0.068328159205716887,True,True
707,Harem,Harem/1-7.tif,0.33636270851055583,True,0.088524339396176127,True,False,0.079657014859101594,,,-0.065355182731405032,True,True,-0.10282617152387308,True,True
708,Harem,Harem/1-8.tif,0.18628330428076992,False,0.039746484105858404,True,True,0.053395168034526597,,,-0.058681873322977723,True,True,-0.034459778817407194,True,False
709,Harem,Harem/1-9.tif,0.3609634184154763,True,0.18048170920773821,True,True,-0.01908286737452608,,,-0.070447963707805206,True,True,-0.090950878125406795,True,False
710,Harem,Harem/10-1.tif,0.24092347467009761,False,0.060119530705211394,True,False,0.060342206629837414,,,-0.034575250938627011,True,False,-0.085886486396421796,True,False
711,Harem,Harem/10-10.tif,0.38657337570394634,True,0.079517902712177208,True,True,0.1137687851397961,,,-0.065793924259476166,True,True,-0.12749276359249681,True,True
712,Harem,Harem/10-2.tif,0.098816491456634292,False,-0.022280289029367295,False,False,0.033029373933491202,,,-0.027127956698949907,True,False,0.016378871794825889,False,False
713,Harem,Harem/10-3.tif,0.18181522313500262,True,0.038072187815090697,True,True,0.052835423752410349,,,-0.028679162207904368,True,True,-0.062228449359597204,True,False
714,Harem,Harem/10-4.tif,0.13187375450808292,False,-0.0064573182854387179,False,False,0.065936877254041404,,,-0.046391679811956993,True,False,-0.013087879156645804,True,False
715,Harem,Harem/10-5.tif,0.24300511236834818,False,0.069971888624869416,True,False,0.051530667559304688,,,-0.071254240581325401,True,False,-0.050248315602848675,True,False
716,Harem,Harem/10-6.tif,0.12824724522977121,True,0.043568308159088992,True,False,-0.018362121823015387,,,-0.045761500791870219,True,True,0.020555314455796614,False,False
717,Harem,Harem/10-7.tif,0.055010554687616536,False,-0.0018501103542725994,False,False,0.02750527734380831,,,-0.024060808120505317,True,False,-0.0015943588690303101,True,False
718,Harem,Harem/10-8.tif,0.11092613409082827,False,0.011643187296730306,True,False,0.043819879748683677,,,-0.021543885116868278,True,False,-0.033919181928546011,True,False
719,Harem,Harem/10-9.tif,0.21190918962963701,False,0.0073233302922112165,True,False,0.098631264522607287,,,-0.041811414912055811,True,False,-0.064143179902762693,True,False
720,Harem,Harem/2-1.tif,0.20112308885075053,True,0.06058096970568902,True,True,0.039980574719686413,,,-0.054963073860617301,True,True,-0.045598470564757798,True,True
721,Harem,Harem/2-10.tif,0.12777213105532295,True,0.050136472194562576,True,True,0.013749593333098775,,,-0.027348836306787305,True,True,-0.036537229220874295,True,False
722,Harem,Harem/2-2.tif,0.094521072452281391,False,-0.027170343870595803,False,False,-0.00094021602178978592,,,-0.019149976333755092,True,False,0.047260536226140709,False,False
723,Harem,Harem/2-3.tif,0.20991274688334519,True,0.050575065042775119,True,True,0.054381308398897377,,,-0.049192146045956286,True,True,-0.055764227395716404,True,True
724,Harem,Harem/2-4.tif,0.18759338101176495,True,0.085885949055797634,True,True,0.0079107414500848017,,,-0.036042432662665408,True,True,-0.057754257843217111,True,True
725,Harem,Harem/2-5.tif,0.32493010108614845,True,0.1624650505430742,True,True,-0.027460451113070883,,,-0.056203074294519179,True,True,-0.078801525135484191,True,True
726,Harem,Harem/2-7.tif,0.2400044807705857,True,0.10106308178147289,True,True,0.018939158603820117,,,-0.064740501145988116,True,True,-0.05526173923930458,True,True
727,Harem,Harem/2-8.tif,0.34120445804663047,True,0.1495504144720799,True,True,0.021051814551235226,,,-0.032539529801738826,True,False,-0.13806269922157649,True,True
728,Harem,Harem/2-9.tif,0.34918995324752072,True,0.17459497662376042,True,True,-0.022939295349961475,,,-0.05856418939992622,True,True,-0.093091491873872598,True,True
729,Harem,Harem/3-1.tif,0.050464548662993075,False,0.017325199218113596,True,False,-0.021056159496383064,,,0.0079070751133830108,False,False,-0.0041761148351134036,True,False
730,Harem,Harem/3-10.tif,0.02646282125695501,False,0.0052155086580084054,True,False,0.0080159019704691969,,,-0.002607064754799493,True,False,-0.010624345873677915,True,False
731,Harem,Harem/3-2.tif,0.19084994687635082,False,0.053812173934354834,True,False,0.041612799503820574,,,-0.043644815893489813,True,True,-0.051780157544685596,True,False
732,Harem,Harem/3-3.tif,0.064899688236115916,False,0.020077123361843308,True,False,-0.02681548159356717,,,-0.0056343625244906215,True,False,0.012372720756214817,False,False
733,Harem,Harem/3-4.tif,0.060340943031999966,False,0.0080557888526303079,True,False,-0.02065666728105886,,,0.022114682663369689,False,False,-0.0095138042349411089,True,False
734,Harem,Harem/3-5.tif,0.27534082738549914,True,0.099376559496108102,True,True,0.038293854196641497,,,-0.063119087148923364,True,True,-0.074551326543826194,True,False
735,Harem,Harem/3-6.tif,0.17252472937599572,True,0.0390631297478648,True,True,0.047199234940133117,,,-0.05470051706565679,True,True,-0.031561847622341016,True,True
736,Harem,Harem/3-7.tif,0.12446048020101359,False,0.04408487986942361,True,False,0.018145360231083152,,,-0.017531558825569837,True,False,-0.044698681274936994,True,False
737,Harem,Harem/3-8.tif,0.16016464507041059,True,0.075469106795135299,True,True,0.0046132157400701757,,,-0.046409961213955825,True,True,-0.033672361321249289,True,False
738,Harem,Harem/3-9.tif,0.21130525406098061,True,0.064895871749295675,True,True,0.040756755281194601,,,-0.057738527021565011,True,True,-0.047914100008925306,True,True
739,Harem,Harem/4-1.tif,0.23848999296800916,True,0.1192449964840045,True,True,-0.042687642307694784,,,-0.051288806573890178,True,True,-0.025268547602419714,True,True
740,Harem,Harem/4-10.tif,0.1215573202339183,True,0.060778660116959093,True,True,-0.022518217527571022,,,-0.020117074619974196,True,False,-0.018143367969413987,True,False
741,Harem,Harem/4-2.tif,0.19617652130442664,True,0.088564255174161777,True,True,0.0095240054780514893,,,-0.038276077199179498,True,False,-0.059812183453033893,True,False
742,Harem,Harem/4-3.tif,0.11535038525208957,False,0.057675192626044924,True,False,-0.011965752881218594,,,-0.021691527087797757,True,False,-0.024017912657028295,True,False
743,Harem,Harem/4-4.tif,0.11069489334854812,False,0.055347446674274103,True,False,-0.017840476821965434,,,-0.024490700684498684,True,False,-0.013016269167809902,True,False
744,Harem,Harem/4-5.tif,0.29532407839268293,True,0.14766203919634158,True,True,-0.023740227355029841,,,-0.056018168109566502,True,True,-0.067903643731745011,True,True
745,Harem,Harem/4-6.tif,0.23715662260300696,True,0.11857831130150365,True,True,-0.026058333799474587,,,-0.058417179055394119,True,True,-0.034102798446634608,True,False
746,Harem,Harem/4-7.tif,0.056303705729692788,False,0.021739956371101099,True,False,0.0064118964937454059,,,-0.021008489775815098,True,False,-0.007143363089031185,True,False
747,Harem,Harem/4-8.tif,0.34952009817473684,True,0.17476004908736842,True,True,-0.019141112194003912,,,-0.072139253848793689,True,True,-0.08347968304457079,True,True
748,Harem,Harem/4-9.tif,0.25794694725373568,True,0.12176387096195562,True,True,0.0072096026649121625,,,-0.066152601084888518,True,True,-0.062820872541979406,True,True
749,Harem,Harem/5-1.tif,0.48427026714105476,True,0.24213513357052735,True,True,-0.04007345288986297,,,-0.10274457269772438,True,True,-0.099317107982940092,True,True
750,Harem,Harem/5-10.tif,0.36199035650859102,True,0.17390698236537508,True,True,0.0070881958889204011,,,-0.073101878969393824,True,True,-0.10789329928490171,True,True
751,Harem,Harem/5-2.tif,0.12699023590118302,False,0.045361074722259032,True,False,0.018134043228332286,,,-0.006858463426623107,True,False,-0.056636654523968599,True,False
752,Harem,Harem/5-3.tif,0.27340689357821796,True,0.12439290928235391,True,True,0.012310537506754926,,,-0.065857554476020708,True,True,-0.07084589231308841,True,True
753,Harem,Harem/5-5.tif,0.26833263478177199,True,0.134166317390886,True,True,-0.040616799585321994,,,-0.036141320668306998,True,False,-0.057408197137257005,True,True
754,Harem,Harem/5-6.tif,0.38861083266090291,True,0.19430541633045148,True,True,-0.028281407813334519,,,-0.072892624393895572,True,True,-0.093131384123221306,True,True
755,Harem,Harem/5-7.tif,0.3609494286806354,True,0.1804747143403177,True,True,-0.026545288445674831,,,-0.057876075517654002,True,True,-0.096053350376988894,True,True
756,Harem,Harem/5-8.tif,0.34781092466651314,True,0.1739054623332566,True,True,-0.013378897974700599,,,-0.083611149521739175,True,True,-0.076915414836816798,True,True
757,Harem,Harem/5-9.tif,0.27472879550961843,True,0.13736439775480935,True,True,-0.044166547301978776,,,-0.020479276944366603,True,False,-0.072718573508463696,True,True
758,Harem,Harem/5_6.tif,0.39723416626246655,True,0.1928133216269631,True,True,0.0058037615042703106,,,-0.085626063766827604,True,True,-0.1129910193644055,True,True
759,Harem,Harem/6-1.tif,0.058646586601565798,False,0.019368871696087309,True,False,0.0099544216046956735,,,-0.015361034937038109,True,False,-0.013962258363744706,True,False
760,Harem,Harem/6-10.tif,0.080921380575245366,False,-0.018318697959480712,False,False,0.04046069028762278,,,-0.010728482596454481,True,False,-0.011413509731687393,True,False
761,Harem,Harem/6-2.tif,0.17447519073547499,False,0.051363472052818493,True,False,0.035874123314919126,,,-0.0091912926053883959,True,False,-0.078046302762348974,True,False
762,Harem,Harem/6-3.tif,0.17590603690527382,False,0.043533232883228634,True,False,0.044419785569408288,,,-0.04828707699142229,True,False,-0.039665941461214604,True,False
763,Harem,Harem/6-4.tif,0.22106483659832107,False,0.025525058026290959,True,False,0.085007360272869592,,,-0.050075887403997738,True,True,-0.060456530895162786,True,False
764,Harem,Harem/6-5.tif,0.06434311833247644,False,-0.0050119607429979229,False,False,0.00711868971249352,,,0.025052869453744686,False,False,-0.027159598423240311,True,False
765,Harem,Harem/6-6.tif,0.29200648943030338,False,0.065749909014924585,True,False,0.08025333570022708,,,-0.042374301282557425,True,False,-0.10362894343259429,True,False
766,Harem,Harem/6-7.tif,0.037721660838885507,False,-0.0042351104112424987,False,False,0.0079307419177366278,,,-0.014625720008200283,True,False,0.010930088501706098,False,False
767,Harem,Harem/6-8.tif,0.060455551745284442,False,-0.029255969860720987,False,False,0.025935164402662969,,,-0.00097180601192120575,True,False,0.0042926114699792794,False,False
768,Harem,Harem/6-9.tif,0.13276381475587601,False,0.05315300988835131,True,False,0.013228897489586666,,,-0.010301410221073726,True,False,-0.056080497156864292,True,False
769,Harem,Harem/6_6.tif,0.32533533623971506,False,0.1064369455542,True,False,0.056230722565657421,,,-0.06068899996241392,True,True,-0.10197866815744371,True,False
770,Harem,Harem/7-1.tif,0.21191669736748439,True,0.1059583486837421,True,True,-0.026746034041215783,,,-0.021474101801200102,True,False,-0.057738212841326408,True,False
771,Harem,Harem/7-10.tif,0.30238185303357223,True,0.11962785135534193,True,True,0.031563075161444465,,,-0.042791251926235174,True,True,-0.10839967459055069,True,False
772,Harem,Harem/7-2.tif,0.28772538623802357,True,0.12697858998434131,True,True,0.016884103134670592,,,-0.067468886049866283,True,True,-0.076393807069145392,True,True
773,Harem,Harem/7-3.tif,0.35190088307190764,True,0.17595044153595391,True,True,-0.017444603922413537,,,-0.06783070374753461,True,True,-0.090675133866005619,True,True
774,Harem,Harem/7-4.tif,0.36803800198477887,True,0.163218869254456,True,True,0.02080013173793327,,,-0.073126982700227494,True,True,-0.1108920182921621,True,True
775,Harem,Harem/7-5.tif,0.31789043816681256,True,0.15894521908340631,True,True,-0.00046040052636420192,,,-0.057453522851393879,True,True,-0.10103129570564819,True,True
776,Harem,Harem/7-6.tif,0.2940690118756944,True,0.11314505805042341,True,True,0.033889447887423818,,,-0.049531494753199679,True,False,-0.097503011184647492,True,True
777,Harem,Harem/7-7.tif,0.31757521005238565,True,0.12102162457144638,True,True,0.037765980454746439,,,-0.039110090297969607,True,True,-0.1196775147282232,True,True
778,Harem,Harem/7-8.tif,0.16880446693185178,False,0.080959269402099132,True,False,0.0034429640638267145,,,-0.023153699863459609,True,False,-0.061248533602466321,True,False
779,Harem,Harem/7-9.tif,0.31696321401115729,True,0.15848160700557856,True,True,-0.03684002987510307,,,-0.062194812929911414,True,True,-0.059446764200564203,True,True
780,Harem,Harem/8-1.tif,0.1751322351495089,False,0.0075505557494519038,True,False,0.080015561825302506,,,-0.02260953932503329,True,False,-0.064956578249721203,True,False
781,Harem,Harem/8-10.tif,0.12589481451682163,True,0.0063959694502454256,True,False,0.056551437808165406,,,-0.047799083350764493,True,True,-0.015148323907646311,True,False
782,Harem,Harem/8-2.tif,0.10315457566382938,True,0.0041350165411228046,True,False,0.047442271290791982,,,-0.020914396126104184,True,False,-0.030662891705810408,True,False
783,Harem,Harem/8-3.tif,0.31568586852101937,True,0.036038773160944393,True,False,0.1218041610995651,,,-0.043710958304836178,True,True,-0.11413197595567369,True,False
784,Harem,Harem/8-4.tif,0.1414761292881058,True,0.021971633881122998,True,False,0.048766430762930024,,,-0.044954875590948684,True,True,-0.025783189053104089,True,False
785,Harem,Harem/8-5.tif,0.3046342830883878,True,0.13025816874351198,True,True,0.02205897280068192,,,-0.053026138037569587,True,True,-0.099291003506624315,True,True
786,Harem,Harem/8-7.tif,0.15889915652428815,True,0.027385386442017601,True,False,0.052064191820126449,,,-0.040303194047341728,True,True,-0.039146384214802377,True,True
787,Harem,Harem/8-8.tif,0.20754913880099263,True,0.084393552057165727,True,True,0.019381017343330587,,,-0.032216914640869121,True,True,-0.071557654759627193,True,False
788,Harem,Harem/8-9.tif,0.036352105502526766,False,0.010014698563912683,True,False,-0.0020056695821045745,,,-0.016170383169158808,True,False,0.0081613541873507001,False,False
789,Harem,Harem/8_6.tif,0.16855566977216471,True,-0.015393232161759474,False,False,0.084277834886082315,,,-0.008373122391599902,True,False,-0.060511480332723022,True,False
790,Harem,Harem/9-1.tif,0.12279498217149257,True,0.050254245183955409,True,True,0.011143245901790888,,,-0.042383712580184973,True,True,-0.019013778505561296,True,False
791,Harem,Harem/9-10.tif,0.15738230232211056,True,0.070422472487342985,True,True,0.0082686786737122819,,,-0.034925600950877989,True,False,-0.043765550210177306,True,True
792,Harem,Harem/9-2.tif,0.27728877443812744,True,0.047733142224872516,True,False,0.090911244994191176,,,-0.048235526959162139,True,True,-0.090408860259901594,True,False
793,Harem,Harem/9-3.tif,0.19788833600613723,True,0.076175897042201485,True,True,0.022768270960867032,,,-0.047020266286542128,True,True,-0.051923901716526583,True,False
794,Harem,Harem/9-4.tif,0.1222776347685762,True,0.053885709382995306,True,True,0.0072531080012927518,,,-0.044451766738466736,True,True,-0.016687050645821405,True,False
795,Harem,Harem/9-5.tif,0.1074538967025363,False,0.042731599868281706,True,True,0.010995348482986389,,,-0.029272482178307302,True,False,-0.024454466172960904,True,False
796,Harem,Harem/9-6.tif,0.18334225366874052,True,0.091671126834370287,True,True,-0.0025872689072322652,,,-0.032394168372410548,True,True,-0.056689689554727418,True,True
797,Harem,Harem/9-7.tif,0.34133322089606832,True,0.15803398707397087,True,True,0.012632623374063068,,,-0.067878374495067395,True,True,-0.102788235952967,True,True
798,Harem,Harem/9-8.tif,0.12460237490630674,True,0.050973977423023953,True,False,0.011327210030129375,,,-0.023087278131396022,True,False,-0.03921390932175739,True,True
799,Harem,Harem/9-9.tif,0.10413598582130426,False,0.005242382592607675,True,False,0.046825610318044497,,,-0.03131616896319217,True,False,-0.020751823947459919,True,False
800,Hoodie,Hoodie/1-1.tif,0.086141916456487333,True,0.031012509179231706,True,False,-0.027215262888502012,,,0.012058449049012099,False,False,-0.015855695339741516,True,False
801,Hoodie,Hoodie/1-10.tif,0.058464362921698376,False,0.011840385713618728,True,False,-0.022711744170349046,,,0.017391795747230598,False,False,-0.006520437290500003,True,False
802,Hoodie,Hoodie/1-2.tif,0.07645534114439953,False,-0.016963794124192411,False,False,0.022972732768485105,,,-0.021263876448007424,True,False,0.015254937803714591,False,False
803,Hoodie,Hoodie/1-3.tif,0.11205531359302373,False,0.052046358814054672,True,True,-0.027050271985427476,,,0.003981297982457277,False,False,-0.028977384811084306,True,False
804,Hoodie,Hoodie/1-4.tif,0.13919836820797904,True,0.03880223496222901,True,True,0.030796949141760621,,,-0.027846744664753009,True,True,-0.0417524394392364,True,True
805,Hoodie,Hoodie/1-5.tif,0.15470978024307752,True,0.049919795893303115,True,True,0.027435094228235812,,,-0.0322986461523459,True,False,-0.045056243969192694,True,False
806,Hoodie,Hoodie/1-6.tif,0.06496199908809791,False,0.001742000205039701,True,False,-0.032480999544048872,,,0.016791723864939434,False,False,0.013947275474069903,False,False
807,Hoodie,Hoodie/1-7.tif,0.11925062437802561,True,0.051679478816446189,True,True,0.0079458333725665464,,,-0.011646190734580786,True,False,-0.047979121454432089,True,True
808,Hoodie,Hoodie/1-8.tif,0.16644227682571344,False,0.043562762853234294,True,False,0.039658375559622483,,,-0.050946547633246381,True,True,-0.032274590779610285,True,False
809,Hoodie,Hoodie/1-9.tif,0.16958120429856896,True,0.073777419145218293,True,True,0.011013183004066174,,,-0.052960820389596291,True,True,-0.031829781759688203,True,False
810,Hoodie,Hoodie/10-1.tif,0.045892253283902423,False,0.012300658359385042,True,False,0.0034514341711411878,,,-0.022946126641951198,True,True,0.0071940341114249962,False,False
811,Hoodie,Hoodie/10-10.tif,0.22813804021921547,True,0.067897291651158098,True,True,0.046171728458449579,,,-0.042645353756202792,True,True,-0.07142366635340501,True,True
812,Hoodie,Hoodie/10-2.tif,0.25528440392218693,True,0.036157901520947777,True,False,0.091484300440145716,,,-0.026280193860871826,True,False,-0.10136200810022161,True,False
813,Hoodie,Hoodie/10-3.tif,0.13820358569401853,True,0.039609053634365288,True,True,0.029492739212643837,,,-0.003585181326571818,True,False,-0.065516611520437584,True,True
814,Hoodie,Hoodie/10-4.tif,0.15043323192041586,False,-0.010740810752668195,False,False,0.075216615960207622,,,-0.01685548664698544,True,False,-0.047620318560554598,True,False
815,Hoodie,Hoodie/10-5.tif,0.20114207869039558,True,0.05582275032173098,True,False,0.044748289023466781,,,-0.048391892499745792,True,True,-0.052179146845452024,True,True
816,Hoodie,Hoodie/10-7.tif,0.057491186987963516,False,0.027776219668909891,True,False,0.00096937382507189529,,,-0.019122622361679636,True,False,-0.0096229711323020939,True,False
817,Hoodie,Hoodie/10-8.tif,0.22109263423144421,True,0.060384688797490871,True,True,0.050161628318231233,,,-0.040983356531372084,True,True,-0.069562960584350006,True,True
818,Hoodie,Hoodie/10-9.tif,0.15233721443574291,True,0.03894981186339122,True,False,0.037218795354480416,,,-0.047354000305311172,True,True,-0.028814606912560103,True,False
819,Hoodie,Hoodie/10_6.tif,0.18959537740192642,True,0.058646254200563824,True,True,0.036151434500399704,,,-0.035808510523529208,True,True,-0.058989178177433682,True,True
820,Hoodie,Hoodie/2-1.tif,0.047819820111780931,False,0.017855435728290209,True,False,-0.0027451553434058029,,,-0.021164754712484635,True,False,0.0060544743276002844,False,False
821,Hoodie,Hoodie/2-10.tif,0.042924862815108461,False,0.010798603245477684,True,False,-0.017053117573951615,,,-0.0044093138336026572,True,False,0.010663828162076505,False,False
822,Hoodie,Hoodie/2-2.tif,0.10675411899324738,False,0.014169868549177206,True,False,0.039207190947446402,,,-0.018142758015198296,True,False,-0.035234301481425478,True,False
823,Hoodie,Hoodie/2-3.tif,0.10420515410405834,False,0.0341481378448307,True,False,0.012871534694883113,,,0.0050829045123155225,False,False,-0.052102577052029003,True,False
824,Hoodie,Hoodie/2-4.tif,0.044728691912153257,True,-0.0046303505319635063,False,False,0.0055185245263004723,,,-0.01773399542411308,True,False,0.016845821429776198,False,False
825,Hoodie,Hoodie/2-5.tif,0.085705240658219856,False,0.018495082649023303,True,False,-0.0097155243411544134,,,0.024357537680086749,False,False,-0.033137095987955389,True,False
826,Hoodie,Hoodie/2-7.tif,0.087376912986845634,False,0.0038752959035877887,True,False,-0.043688456493422956,,,0.022620424697615271,False,False,0.017192735892219618,False,False
827,Hoodie,Hoodie/2-8.tif,0.095592410322013516,False,0.0061838100632671811,True,False,-0.047052682353709074,,,0.041612395097739452,False,False,-0.0007435228072978084,True,False
828,Hoodie,Hoodie/2-9.tif,0.24277678460953217,True,0.090374484403267674,True,True,0.031013907901498272,,,-0.046999095290828907,True,True,-0.074389297013937317,True,False
829,Hoodie,Hoodie/2_6.tif,0.22884671734168352,True,0.038523020580845418,True,False,0.075900338089996244,,,-0.020036091222543462,True,False,-0.094387267448298395,True,True
830,Hoodie,Hoodie/3-1.tif,0.16428297265151737,True,0.075207002800556283,True,True,0.0069344835252024839,,,-0.024177414832969091,True,False,-0.05796407149278951,True,False
831,Hoodie,Hoodie/3-10.tif,0.12232747402122529,True,-0.0060577052449364011,False,False,-0.055106031765676355,,,0.030821748174010621,False,False,0.030341988836601913,False,False
832,Hoodie,Hoodie/3-2.tif,0.095055662841835503,False,0.029764762955616697,True,True,0.014940195617226093,,,0.0028228728480748089,False,False,-0.047527831420917904,True,False
833,Hoodie,Hoodie/3-3.tif,0.11749730261908678,True,0.025505282203823393,True,False,-0.058748651309543376,,,0.029927103424914725,False,False,0.0033162656808052859,False,False
834,Hoodie,Hoodie/3-4.tif,0.21484436148558833,False,0.039779854327633202,True,True,0.067642326415160825,,,-0.016150997761422314,True,False,-0.091271182981372004,True,False
835,Hoodie,Hoodie/3-5.tif,0.054764481041764235,False,0.0092124770910317066,True,False,-0.024269035093647751,,,0.018169763429850272,False,False,-0.0031132054272345056,True,False
836,Hoodie,Hoodie/3-7.tif,0.1955482268255819,False,0.083029733529033367,True,False,0.014744379883757541,,,-0.018111692576342486,True,False,-0.079662420836448505,True,False
837,Hoodie,Hoodie/3-8.tif,0.26588002405058098,True,0.071579312403267203,True,True,0.061360699622023118,,,-0.029147264910159509,True,True,-0.10379274711513112,True,True
838,Hoodie,Hoodie/3-9.tif,0.10670195889592959,False,-0.00011464794913951248,False,False,-0.038750679045052083,,,-0.014485652453773201,True,False,0.053350979447964797,False,False
839,Hoodie,Hoodie/3_6.tif,0.12592793344786657,False,0.043390237224168793,True,True,0.019573729499764547,,,-0.041694904511348635,True,True,-0.021269062212584594,True,False
840,Hoodie,Hoodie/4-1.tif,0.24249868032723013,True,0.083632377979483224,True,True,0.037616962184131797,,,-0.013329555461110698,True,False,-0.10791978470250441,True,True
841,Hoodie,Hoodie/4-10.tif,0.14971584122077675,True,0.043021430223446289,True,True,0.031836490386941863,,,-0.019185873081973503,True,False,-0.055672047528415092,True,False
842,Hoodie,Hoodie/4-2.tif,0.14066811315104394,False,-0.070334056575521997,False,False,0.019335107909009441,,,0.0048518901628850919,False,False,0.046147058503627408,False,False
843,Hoodie,Hoodie/4-3.tif,0.12643228214816793,False,0.06321614107408402,True,False,-0.011174106505428716,,,-0.01963413786829149,True,False,-0.032407896700363703,True,False
844,Hoodie,Hoodie/4-4.tif,0.095594423508915061,True,0.032197214681815411,True,True,0.015599997072642091,,,-0.010551462460878069,True,False,-0.037245749293579489,True,True
845,Hoodie,Hoodie/4-5.tif,0.093515370490045949,True,0.035497107954812146,True,False,0.011260577290210683,,,-0.0037320747798043064,True,False,-0.043025610465218814,True,True
846,Hoodie,Hoodie/4-6.tif,0.1169685944165062,True,0.03627956309360611,True,False,0.022204734114646907,,,-2.4056406253081253e-05,True,False,-0.058460240802000102,True,True
847,Hoodie,Hoodie/4-7.tif,0.20064525882296846,True,0.053609273052092815,True,True,0.046713356359391417,,,-0.020872486108406918,True,False,-0.079450143303077314,True,True
848,Hoodie,Hoodie/4-8.tif,0.2098158324105153,False,0.03967487615384499,True,False,0.065233040051412672,,,-0.036089564781220024,True,False,-0.06881835142403761,True,True
849,Hoodie,Hoodie/4-9.tif,0.19949946120607723,False,0.06583747613458199,True,True,0.033912254468456637,,,-0.013365685855492693,True,False,-0.086384044747545907,True,False
850,Hoodie,Hoodie/5-1.tif,0.2103593321976793,True,0.042885712978494112,True,False,0.062293953120345691,,,-0.026753844511789387,True,False,-0.07842582158705011,True,True
851,Hoodie,Hoodie/5-10.tif,0.16330751529389351,True,0.038632038112839689,True,False,0.043021719534107106,,,-0.036827365905938214,True,True,-0.044826391741008498,True,False
852,Hoodie,Hoodie/5-2.tif,0.07630285737488024,False,-0.023850739792051101,False,False,-0.014300688895389158,,,0.0056207226651150966,False,False,0.032530706022324885,False,False
853,Hoodie,Hoodie/5-3.tif,0.099230461649506635,False,0.0097252120103276107,True,False,-0.035952979034796828,,,0.039890018814425499,False,False,-0.013662251789956698,True,False
854,Hoodie,Hoodie/5-4.tif,0.32805897253121297,True,0.077369429493879316,True,True,0.086660056771727112,,,-0.047835844970038621,True,True,-0.1161936412955679,True,False
855,Hoodie,Hoodie/5-5.tif,0.30631871105482539,False,0.084810035236569797,True,True,0.068349320290843008,,,-0.052621974029841506,True,False,-0.10053738149757109,True,True
856,Hoodie,Hoodie/5-7.tif,0.29974494443450495,False,0.055193095099498712,True,True,0.094679377117753705,,,-0.039556087320229,True,False,-0.1103163848970235,True,False
857,Hoodie,Hoodie/5-8.tif,0.1787053263421744,False,-0.0085016874442453982,False,False,0.08935266317108731,,,-0.013173113258484581,True,False,-0.067677862468357108,True,False
858,Hoodie,Hoodie/5-9.tif,0.1199290753511017,False,-0.018816342478063908,False,False,-0.022910383488447095,,,0.059964537675550794,False,False,-0.018237811709039903,True,False
859,Hoodie,Hoodie/5_6.tif,0.22713765325025947,True,0.062727715947418966,True,False,0.050841110677710744,,,-0.033592048059131768,True,False,-0.079976778565997997,True,True
860,Hoodie,Hoodie/6-1.tif,0.24556678400670698,True,0.08227708333147371,True,True,0.040506308671879987,,,-0.054736842566769278,True,True,-0.068046549436584003,True,True
861,Hoodie,Hoodie/6-10.tif,0.20266970821795777,True,0.069643166492788677,True,True,0.0316916876161904,,,-0.034435946248148996,True,False,-0.066898907860829693,True,True
862,Hoodie,Hoodie/6-2.tif,0.22371213448276644,True,0.080880273501009126,True,True,0.030975793740374236,,,-0.030727090592743894,True,False,-0.081128976648639203,True,False
863,Hoodie,Hoodie/6-3.tif,0.10583259603965564,True,0.052916298019827779,True,False,-0.0036387029056773601,,,-0.035456781333101206,True,False,-0.013820813781049296,True,False
864,Hoodie,Hoodie/6-4.tif,0.096795317326251379,False,0.034907039328877676,True,False,0.013490619334248111,,,-0.01685083603701909,True,False,-0.031546822626106502,True,False
865,Hoodie,Hoodie/6-5.tif,0.087768227794093989,False,0.030330968668881603,True,False,-0.019315403725856106,,,-0.024568710171190777,True,False,0.013553145228165503,False,False
866,Hoodie,Hoodie/6-7.tif,0.1214236991109921,True,0.037330225970741981,True,False,-0.022357506869954302,,,-0.038354342685541831,True,False,0.023381623584753986,False,False
867,Hoodie,Hoodie/6-8.tif,0.27318876921705482,True,0.087725882307020969,True,True,0.048868502301506467,,,-0.035545071985977894,True,False,-0.10104931262254951,True,True
868,Hoodie,Hoodie/6-9.tif,0.13848667577326654,True,0.05589092879262611,True,True,0.013352409094007311,,,-0.039856376389327514,True,True,-0.029386961497305603,True,False
869,Hoodie,Hoodie/6_6.tif,0.047209735311626366,False,0.019141791800800806,True,False,-0.019371241566066899,,,-0.0042336260897463673,True,False,0.004463075855012294,False,False
870,Hoodie,Hoodie/7-1.tif,0.18640200118943812,True,0.070028238816911864,True,True,0.023172761777807194,,,-0.053131043405041462,True,True,-0.040069957189677596,True,True
871,Hoodie,Hoodie/7-10.tif,0.14660978534953431,True,0.067820586608578676,True,True,0.0054843060661884935,,,-0.032941794267492663,True,True,-0.040363098407274478,True,False
872,Hoodie,Hoodie/7-2.tif,0.21657382990579493,True,0.081420258699767628,True,True,0.026866656253129784,,,-0.024841202835205134,True,False,-0.083445712117692389,True,False
873,Hoodie,Hoodie/7-3.tif,0.15894729002539421,False,0.055141254482462876,True,False,0.024332390530234227,,,-0.059211430790681585,True,True,-0.020262214222015518,True,False
874,Hoodie,Hoodie/7-4.tif,0.20433523035037074,True,0.068475929472673502,True,True,0.033691685702511853,,,-0.037643902458722567,True,True,-0.064523712716462817,True,True
875,Hoodie,Hoodie/7-5.tif,0.31968319079134017,True,0.0947008268563172,True,True,0.065140768539352856,,,-0.050713561768998799,True,True,-0.1091280336266713,True,True
876,Hoodie,Hoodie/7-7.tif,0.34623909513790868,True,0.114913525631513,True,True,0.058206021937441288,,,-0.059104919228569808,True,True,-0.11401462834038459,True,True
877,Hoodie,Hoodie/7-8.tif,0.16345829668097586,True,0.060302097606946797,True,True,0.021427050733541286,,,-0.038331505540294769,True,True,-0.043397642800193009,True,False
878,Hoodie,Hoodie/7-9.tif,0.36162419054632822,True,0.11092142557164189,True,True,0.069890669701522246,,,-0.042153970606709112,True,False,-0.138658124666455,True,True
879,Hoodie,Hoodie/7_6.tif,0.079386427297113482,False,0.039693213648556908,True,False,-0.007585216970955988,,,-0.010879630879700286,True,False,-0.0212283657979003,True,False
880,Hoodie,Hoodie/8-1.tif,0.15151248461405109,True,0.063272333158297778,True,True,0.012483909148727712,,,-0.01468218056453241,True,False,-0.061074061742493191,True,True
881,Hoodie,Hoodie/8-10.tif,0.099068428130756697,False,-0.012634442250081701,False,False,0.04953421406537839,,,-0.019337671797186595,True,False,-0.017562100018110011,True,False
882,Hoodie,Hoodie/8-2.tif,0.089907220616191608,False,0.0026296235551086233,True,False,-0.044953610308095804,,,0.029390006778056088,False,False,0.012933979974931092,False,False
883,Hoodie,Hoodie/8-3.tif,0.086127677237619521,False,0.037416410112541043,True,False,0.0056474285062688145,,,-0.027781166179909583,True,False,-0.01528267243890008,True,False
884,Hoodie,Hoodie/8-4.tif,0.14184818498686708,True,0.053731710677292377,True,True,0.0171923818161413,,,-0.019809969100586688,True,True,-0.051114123392846711,True,True
885,Hoodie,Hoodie/8-6.tif,0.049419750242040705,False,0.021587123767120103,True,False,-0.0054055462834514123,,,0.0031227513539003882,False,False,-0.019304328837568802,True,False
886,Hoodie,Hoodie/8-7.tif,0.11784210416804355,False,0.007824984743442509,True,False,0.029620425823393748,,,0.021475641517185395,False,False,-0.058921052084021902,True,False
887,Hoodie,Hoodie/8-8.tif,0.083396116233975165,False,0.027805547864803326,True,False,0.0060704845471486468,,,0.0078220257050354847,False,False,-0.041698058116987707,True,False
888,Hoodie,Hoodie/8-9.tif,0.079641457398159338,False,0.03982072869907971,True,False,-0.013686758821818412,,,-0.0044462972590114114,True,False,-0.021687672618249804,True,False
889,Hoodie,Hoodie/8_6.tif,0.079305926479838251,False,-0.020118221205046583,False,False,-0.0086588514586395937,,,0.039652963239919181,False,False,-0.010875890576232894,True,False
890,Hoodie,Hoodie/9-1.tif,0.10166360963922189,False,0.050831804819610887,True,False,-0.0012706005541129883,,,-0.024660318361014399,True,False,-0.024900885904483611,True,False
891,Hoodie,Hoodie/9-10.tif,0.044356807900391509,False,0.022178403950195713,True,False,-0.0094178847138174926,,,-0.010284315674966016,True,False,-0.0024762035614122879,True,False
892,Hoodie,Hoodie/9-2.tif,0.35279565760844189,True,0.088257362874527706,True,True,0.088140465929693268,,,-0.061597424994761091,True,True,-0.1148004038094598,True,True
893,Hoodie,Hoodie/9-3.tif,0.14667335448935537,False,0.043323273329554102,True,True,0.030013403915123693,,,-0.034691465986986775,True,False,-0.038645211257690812,True,False
894,Hoodie,Hoodie/9-4.tif,0.21929185730921982,True,0.056309306147620003,True,True,0.05333662250698995,,,-0.042035949172165576,True,True,-0.067609979482444293,True,True
895,Hoodie,Hoodie/9-5.tif,0.10417301134708781,True,0.023063597283664111,True,False,-0.052086505673544004,,,0.0167909112561479,False,False,0.012231997133731798,False,False
896,Hoodie,Hoodie/9-7.tif,0.10150605148800415,True,0.048378409202579686,True,True,0.002374616541422403,,,-0.013779381672503976,True,False,-0.036973644071498085,True,True
897,Hoodie,Hoodie/9-8.tif,0.1558752178146055,True,0.061422045493424504,True,True,0.01651556341387822,,,-0.0090925309675001786,True,False,-0.068845077939802601,True,True
898,Hoodie,Hoodie/9-9.tif,0.052171661594420299,False,0.026085830797209997,True,False,-0.0122696519386436,,,-0.0023742301109448971,True,False,-0.011441948747621805,True,False
899,Hoodie,Hoodie/9_6.tif,0.13860470511617332,True,0.066584945047935107,True,True,0.0027174075101515371,,,-0.019539917970223475,True,False,-0.049762434587863197,True,True
900,Jacket,Jacket/1-1.tif,0.12757271062980707,True,0.048206718160397205,True,True,0.015579637154506387,,,-0.0124314911580099,True,False,-0.051354864156893582,True,False
901,Jacket,Jacket/1-10.tif,0.17081347760058024,False,0.063988301953392279,True,True,0.021418436846897759,,,-0.011480801142313979,True,False,-0.073925937657976212,True,False
902,Jacket,Jacket/1-2.tif,0.21598098498120671,True,0.070556844193660817,True,True,0.037433648296942623,,,-0.032578904716227264,True,True,-0.07541158777437601,True,True
903,Jacket,Jacket/1-3.tif,0.084992757975207056,False,0.0023541590582283056,True,False,-0.016014056037483126,,,-0.026482322950120318,True,False,0.040142219929375306,False,False
904,Jacket,Jacket/1-4.tif,0.083553824102455571,True,0.039439218170854995,True,True,0.0023376938803728597,,,-0.010000388587458109,True,False,-0.031776523463769607,True,True
905,Jacket,Jacket/1-5.tif,0.15364077369186255,True,0.061420161053650668,True,True,0.015400225792280786,,,-0.030361060278745383,True,False,-0.04645932656718571,True,True
906,Jacket,Jacket/1-6.tif,0.082623169378424233,False,0.00050793359831990958,True,False,-0.00043698301593680933,,,-0.040874601673275529,True,True,0.040803651090891985,False,False
907,Jacket,Jacket/1-7.tif,0.11357495232572665,True,0.05678747616286331,True,True,-0.00078044021865480984,,,-0.044936780406488519,True,True,-0.011070255537720008,True,False
908,Jacket,Jacket/1-8.tif,0.17396186813753323,True,0.060583791242485585,True,True,0.026397142826281139,,,-0.035676924731529308,True,True,-0.051304009337237194,True,True
909,Jacket,Jacket/1-9.tif,0.28932265127661805,True,0.097651106609250915,True,True,0.047010219029058165,,,-0.045327623121616784,True,True,-0.099333702516692199,True,True
910,Jacket,Jacket/10-1.tif,0.10916655032689845,False,0.054583275163449296,True,True,-0.0082932036535637299,,,-0.024310880420194914,True,False,-0.021979191089690514,True,False
911,Jacket,Jacket/10-10.tif,0.055183772766317252,False,0.027591886383158515,True,False,-0.01078667180202858,,,-0.012099562254297647,True,False,-0.0047056523268325101,True,False
912,Jacket,Jacket/10-2.tif,0.35854109041145565,True,0.074236777686388589,True,False,0.10503376751933902,,,-0.074044041140762989,True,True,-0.105226504064965,True,True
913,Jacket,Jacket/10-3.tif,0.11410418910541481,False,0.0493553068863547,True,False,0.007696787666352678,,,-0.012613626399156919,True,False,-0.044438468153550514,True,False
914,Jacket,Jacket/10-4.tif,0.080307689289979806,False,-0.0017055996913689087,False,False,-0.038448244953620758,,,0.014748324419945336,False,False,0.025405520225044803,False,False
915,Jacket,Jacket/10-5.tif,0.086440146733912093,False,0.042788199498955098,True,False,0.0004318738680008094,,,-0.011465841802586085,True,False,-0.0317542315643701,True,False
916,Jacket,Jacket/10-6.tif,0.21920708399621255,True,0.066549014947355378,True,True,0.043054527050750802,,,-0.053185868743883591,True,True,-0.056417673254222783,True,True
917,Jacket,Jacket/10-7.tif,0.10243611583330728,False,0.031222308162467877,True,False,0.019995749754185776,,,-0.030356106959336021,True,False,-0.020861950957317604,True,False
918,Jacket,Jacket/10-8.tif,0.2146100574215804,False,-0.030848554021177116,False,False,-0.076456474689613252,,,0.063239840315652635,False,False,0.0440651883951374,False,False
919,Jacket,Jacket/10-9.tif,0.14596317127676797,False,0.05130907232014148,True,False,0.021672513318242714,,,-0.0065413120279568804,True,False,-0.066440273610426898,True,False
920,Jacket,Jacket/2-1.tif,0.064415753399947956,False,0.031502641540405413,True,True,-0.0042171756469693289,,,0.00070523515956849581,False,False,-0.027990701053004718,True,False
921,Jacket,Jacket/2-10.tif,0.092343512363714769,False,0.046171756181857371,True,False,-0.0068667813561781865,,,-0.031929739848909705,True,False,-0.0073752349767695069,True,False
922,Jacket,Jacket/2-2.tif,0.10394060819720369,True,0.05192592276411459,True,True,-0.026289838934252796,,,-0.025680465164348909,True,True,4.4381334487392232e-05,False,False
923,Jacket,Jacket/2-3.tif,0.22139299472016427,True,0.08511936144180493,True,True,0.025577135918277205,,,-0.045380245114385737,True,True,-0.065316252245696399,True,True
924,Jacket,Jacket/2-4.tif,0.14190017753240416,True,0.050722528511586013,True,True,0.020227560254616139,,,-0.010539540919833001,True,False,-0.060410547846369012,True,True
925,Jacket,Jacket/2-5.tif,0.14803067423021604,True,0.061572855881282113,True,False,0.012442481233825908,,,-0.029270374057516313,True,False,-0.044744963057591694,True,True
926,Jacket,Jacket/2-6.tif,0.10283345385465342,False,0.049888318138949228,True,False,0.001528408788377511,,,-0.030173129801999599,True,False,-0.021243597125327085,True,False
927,Jacket,Jacket/2-7.tif,0.15786646211635838,True,0.061305078439645999,True,False,0.017628152618533288,,,-0.023612275187877702,True,False,-0.055320955870301391,True,True
928,Jacket,Jacket/2-8.tif,0.099733046869829145,True,0.049866523434914711,True,True,-0.0067234315574579151,,,-0.027582752408627703,True,False,-0.015560339468828815,True,False
929,Jacket,Jacket/2-9.tif,0.22841743447694587,True,0.093615419191446475,True,True,0.020593298047026476,,,-0.040930394606366521,True,True,-0.073278322632106402,True,True
930,Jacket,Jacket/3-1.tif,0.065480507660802406,True,0.02735792555978922,True,True,-0.0037485601503844945,,,0.0053823282706121911,False,False,-0.0289916936800165,True,True
931,Jacket,Jacket/3-10.tif,0.086684590612043144,False,0.0077882227065043108,True,False,-0.026484263359841109,,,-0.016858031946180629,True,False,0.035554072599517095,False,False
932,Jacket,Jacket/3-2.tif,0.090712866557029065,False,0.03893333732591181,True,False,0.0064230959526027642,,,-0.0053059423182016952,True,False,-0.040050490960312796,True,False
933,Jacket,Jacket/3-3.tif,0.12512768491347712,True,0.048844939157354716,True,True,0.013718903299383911,,,-0.0041485068791717872,True,False,-0.058415335577566702,True,False
934,Jacket,Jacket/3-4.tif,0.11272101121553085,True,0.022092806919901592,True,False,-0.024532911825014048,,,-0.031827593782751518,True,True,0.034267698687863696,False,False
935,Jacket,Jacket/3-5.tif,0.24995186333506667,True,0.082999230379252387,True,True,0.041976701288280793,,,-0.043316703111765886,True,True,-0.081659228555767599,True,True
936,Jacket,Jacket/3-6.tif,0.19497876119908075,True,0.056844831826801195,True,True,0.040644548772739153,,,-0.027819992544309391,True,True,-0.069669388055231013,True,False
937,Jacket,Jacket/3-7.tif,0.20095229046344318,True,0.065926816205479077,True,True,0.034549329026242304,,,-0.021036494051606403,True,True,-0.079439651180115395,True,True
938,Jacket,Jacket/3-8.tif,0.13152017197220833,True,0.055832403750274123,True,True,0.0099276822358301264,,,-0.038657747146227384,True,False,-0.0271023388398767,True,False
939,Jacket,Jacket/3-9.tif,0.18537135815660086,True,0.077257401302717882,True,True,0.015428277775582588,,,-0.044521934673710489,True,True,-0.048163744404589898,True,False
940,Jacket,Jacket/4-1.tif,0.094585443880108755,True,0.047292721940054433,True,True,-0.00041617617976502652,,,-0.026021223263875903,True,True,-0.020855322496413392,True,False
941,Jacket,Jacket/4-10.tif,0.18248089403810652,True,0.064380500976877419,True,True,0.026859946042175897,,,-0.016653356592575497,True,False,-0.074587090426477695,True,True
942,Jacket,Jacket/4-2.tif,0.18722421588616639,True,0.04747613867416331,True,True,0.046135969268919996,,,-0.02547823155103518,True,False,-0.06813387639204789,True,True
943,Jacket,Jacket/4-3.tif,0.26651750443278271,False,0.092163456319678899,True,False,0.041095295896712514,,,-0.039605915620427395,True,False,-0.093652836595963906,True,False
944,Jacket,Jacket/4-4.tif,0.11839949830779811,True,0.024122494533824396,True,False,-0.027117613275835339,,,-0.0320821358780638,True,True,0.035077254620074577,False,False
945,Jacket,Jacket/4-5.tif,0.14692402843306407,False,0.06908875325365002,True,False,0.0043732609628822083,,,-0.02446232248956276,True,False,-0.048999691726969094,True,False
946,Jacket,Jacket/4-6.tif,0.12563453535982352,True,0.052046712326624306,True,True,0.010770555353287303,,,-0.038589011089294023,True,True,-0.024228256590617891,True,False
947,Jacket,Jacket/4-7.tif,0.13079719447895782,False,0.041476516893203891,True,False,0.023922080346274965,,,-0.0098254483080855715,True,False,-0.055573148931393396,True,True
948,Jacket,Jacket/4-8.tif,0.13404795852994145,True,0.059773155799474426,True,True,0.0072508234654962145,,,-0.030104229732050514,True,False,-0.036919749532920293,True,False
949,Jacket,Jacket/4-9.tif,0.13235225136571169,True,0.054547345966933808,True,False,0.011628779715922188,,,-0.034664406054863983,True,True,-0.031511719627991708,True,False
950,Jacket,Jacket/5-1.tif,0.12499183136551693,False,0.038262830736590703,True,False,0.024233084946167716,,,-0.015226871595664299,True,False,-0.047269044087094217,True,False
951,Jacket,Jacket/5-10.tif,0.27605787293929107,True,0.071085244744679504,True,True,0.066943691724966004,,,-0.044064263132827797,True,True,-0.093964673336817794,True,True
952,Jacket,Jacket/5-2.tif,0.13375279483308419,True,0.045771461569011379,True,True,0.021104935847530815,,,-0.006809050500898417,True,False,-0.060067346915643582,True,True
953,Jacket,Jacket/5-3.tif,0.14732350645705039,True,0.029718056943877913,True,False,-0.032893023761761286,,,-0.040768729466763798,True,True,0.043943696284647393,False,False
954,Jacket,Jacket/5-4.tif,0.17393769546026694,True,0.047797579087832998,True,True,0.039171268642300694,,,-0.036473605629444572,True,True,-0.050495242100688689,True,True
955,Jacket,Jacket/5-5.tif,0.2061271325151417,True,0.058398906019452607,True,True,0.044664660238117992,,,-0.030340994564275303,True,True,-0.072722571693295796,True,True
956,Jacket,Jacket/5-6.tif,0.10552474606752427,False,0.037659016245842974,True,False,0.015103356787919187,,,-0.010897735346620196,True,False,-0.041864637687141909,True,True
957,Jacket,Jacket/5-7.tif,0.23696671442644507,True,0.063567605818750483,True,True,0.054915751394472134,,,-0.047763671879202163,True,True,-0.070719685334020288,True,False
958,Jacket,Jacket/5-8.tif,0.16841876912545725,False,0.036590093790889705,True,True,0.047619290771838907,,,-0.035823233758007333,True,False,-0.048386150804721306,True,False
959,Jacket,Jacket/5-9.tif,0.12841374721885596,False,0.050046079034255814,True,False,0.01416079457517222,,,-0.0039562070334782096,True,False,-0.060250666575949699,True,False
960,Jacket,Jacket/6-1.tif,0.11021837376901333,True,0.047215266520676619,True,False,0.0078939203638299094,,,-0.038067860452573432,True,True,-0.017041326431933373,True,False
961,Jacket,Jacket/6-10.tif,0.21762035398806528,False,0.074720786712735382,True,True,0.034089390281297205,,,-0.025106331567918694,True,False,-0.08370384542611399,True,False
962,Jacket,Jacket/6-2.tif,0.16395686610022583,False,0.049195552820314681,True,False,0.032782880229798139,,,-0.030119737001564506,True,False,-0.051858696048548508,True,False
963,Jacket,Jacket/6-3.tif,0.22294737308996154,True,0.070486235442258516,True,True,0.040987451102722117,,,-0.029684746790699129,True,False,-0.081788939754281781,True,True
964,Jacket,Jacket/6-4.tif,0.11749417995068953,True,0.042690824348609074,True,True,0.016056265626735566,,,-0.0130133578210474,True,False,-0.045733732154297491,True,False
965,Jacket,Jacket/6-5.tif,0.22202450024170839,True,0.077049555913073525,True,True,0.033962694207780586,,,-0.038546437283274282,True,True,-0.072465812837579996,True,True
966,Jacket,Jacket/6-6.tif,0.12844127419499604,True,0.041179339286183086,True,True,0.023041297811314976,,,-0.018313395554040879,True,True,-0.0459072415434571,True,True
967,Jacket,Jacket/6-7.tif,0.19910012221596238,True,0.070655666365097375,True,True,0.0288943947428838,,,-0.044830860508981385,True,True,-0.054719200598999818,True,True
968,Jacket,Jacket/6-8.tif,0.176289075784652,True,0.066973834113139008,True,True,0.021170703779187228,,,-0.038215705194565075,True,True,-0.049928832697760689,True,True
969,Jacket,Jacket/6-9.tif,0.13869913920768284,True,0.061933300813660497,True,True,0.0074162687901808688,,,-0.042964325831204686,True,True,-0.026385243772636791,True,False
970,Jacket,Jacket/7-1.tif,0.10317232756210537,False,0.045207012707165511,True,False,0.0063791510738870905,,,-0.017499428397611871,True,False,-0.034086735383440897,True,False
971,Jacket,Jacket/7-10.tif,0.14091758091568615,True,0.063630388877389227,True,True,0.0068284015804539466,,,-0.041810490485967577,True,True,-0.028648299971875402,True,False
972,Jacket,Jacket/7-2.tif,0.2571794985605344,True,0.075134089888757277,True,True,0.053455659391510091,,,-0.022674874958194535,True,False,-0.1059148743220725,True,True
973,Jacket,Jacket/7-3.tif,0.27009430520543609,True,0.082930434913135315,True,True,0.052116717689582648,,,-0.0090149394757425005,True,False,-0.1260322131269756,True,True
974,Jacket,Jacket/7-4.tif,0.085315487415574293,True,0.024133652364417196,True,False,-0.024426204210417635,,,-0.018231539497369664,True,False,0.018524091343369797,False,False
975,Jacket,Jacket/7-5.tif,0.10317963782039019,False,0.051589818910195095,True,False,-0.0013973925067830018,,,-0.028861399976250091,True,False,-0.021331026427162003,True,False
976,Jacket,Jacket/7-6.tif,0.29423724387550526,True,0.096246090131875767,True,True,0.050872531805876919,,,-0.041982241938638087,True,True,-0.1051363799991145,True,True
977,Jacket,Jacket/7-7.tif,0.13882540001922897,False,0.030905534892011088,True,False,-0.039330571078282583,,,-0.030082128931331886,True,False,0.038507165117603409,False,False
978,Jacket,Jacket/7-8.tif,0.22720149746238485,True,0.085828794097461608,True,True,0.027771954633730778,,,-0.035815067066579581,True,True,-0.077785681664612888,True,True
979,Jacket,Jacket/7-9.tif,0.11694606561138185,True,0.050216516397666333,True,True,0.0082565164080247166,,,-0.027015459913685619,True,True,-0.031457572892005181,True,True
980,Jacket,Jacket/8-1.tif,0.10554637220652352,True,0.046781101922241303,True,True,0.0059920841810205405,,,-0.0061492928529406909,True,False,-0.046623893250320986,True,True
981,Jacket,Jacket/8-10.tif,0.10558706470041185,True,0.050900559318650285,True,True,0.0018929730315555005,,,-0.0017188951626334603,True,False,-0.051074637187572602,True,False
982,Jacket,Jacket/8-2.tif,0.12736508355698181,True,0.046859228772220179,True,False,0.016823313006270602,,,-0.008589459581777148,True,False,-0.055093082196713883,True,False
983,Jacket,Jacket/8-3.tif,0.244874642015109,True,0.071583012562221993,True,True,0.050854308445332508,,,-0.036798814226640497,True,False,-0.085638506780913989,True,False
984,Jacket,Jacket/8-4.tif,0.18681956992477125,True,0.066345683225515789,True,True,0.027064101736869683,,,-0.012607114322822577,True,False,-0.080802670639563201,True,True
985,Jacket,Jacket/8-5.tif,0.082939541203058159,False,0.038739438830156403,True,False,0.0027303317713727737,,,-0.014936631942722378,True,False,-0.026533138658806604,True,False
986,Jacket,Jacket/8-6.tif,0.14586658724774693,False,0.035725754961151296,True,False,0.03720753866272225,,,-0.03369074302004238,True,False,-0.039242550603831,True,False
987,Jacket,Jacket/8-7.tif,0.12664311593318242,True,0.063321557966591419,True,True,-0.0041741607712182938,,,-0.030684054371277525,True,False,-0.028463342824095184,True,False
988,Jacket,Jacket/8-8.tif,0.13452847432979526,False,0.034756414406100389,True,True,-0.0075528012807329903,,,0.032507822758797295,False,False,-0.059711435884164582,True,False
989,Jacket,Jacket/8-9.tif,0.14931886033714811,False,0.06070567283550532,True,True,0.013953757333068695,,,-0.025704571072484278,True,False,-0.04895485909608982,True,True
990,Jacket,Jacket/9-1.tif,0.095539359248754757,False,0.043449545937649769,True,False,0.0043201336867275675,,,-0.023873928527063409,True,False,-0.023895751097314011,True,False
991,Jacket,Jacket/9-10.tif,0.13790172707061751,False,0.05123356128587242,True,False,0.017717302249436517,,,-0.036729530599909299,True,True,-0.032221332935399277,True,False
992,Jacket,Jacket/9-2.tif,0.083471735127100155,False,0.032626084027993218,True,False,0.0091097835355569146,,,-0.021281525156107012,True,False,-0.02045434240744301,True,False
993,Jacket,Jacket/9-3.tif,0.19115018676997397,True,0.046078695901752204,True,True,0.0494963974832347,,,-0.049587976651600696,True,False,-0.045987116733386388,True,True
994,Jacket,Jacket/9-4.tif,0.12536909388177375,False,-0.019613244830656906,False,False,-0.043071302110230025,,,0.032049339729324999,False,False,0.030635207211561821,False,False
995,Jacket,Jacket/9-5.tif,0.12422401700018032,True,0.0090610089013077044,True,False,-0.027964219052396377,,,-0.034147789447694032,True,False,0.053050999598782206,False,False
996,Jacket,Jacket/9-6.tif,0.10345863501968569,True,0.0040494487017374015,True,False,-0.029377718391502994,,,-0.022351599118339893,True,False,0.047679868808105402,False,False
997,Jacket,Jacket/9-7.tif,0.099900676896136575,False,-0.0080712812393707867,False,False,-0.027560080162879586,,,-0.014318977045817805,True,False,0.049950338448068399,False,False
998,Jacket,Jacket/9-8.tif,0.33883450600810605,True,0.10482327905262798,True,True,0.064593973951425021,,,-0.036464162927300814,True,False,-0.13295309007675221,True,True
999,Jacket,Jacket/9-9.tif,0.23355907247676191,True,0.077227041517569095,True,True,0.039552494720811904,,,-0.044426595079916614,True,True,-0.072352941158464301,True,True
1000,Jumpsuit,Jumpsuit/1-10.tif,0.34549752514889087,True,0.17274876257444538,True,True,-0.028548601017388403,,,-0.093258412506879024,True,True,-0.050941749050178092,True,True
1001,Jumpsuit,Jumpsuit/10-10.tif,0.44671732623801053,True,0.2233586631190054,True,True,-0.006991397542003619,,,-0.10683963119055598,True,True,-0.1095276343864455,True,True
1002,Jumpsuit,Jumpsuit/10-3.tif,0.31696142476441969,True,0.14558708714172997,True,True,0.012893625240479711,,,-0.056488026914179423,True,True,-0.10199268546803061,True,True
1003,Jumpsuit,Jumpsuit/10-4.tif,0.28679544629867371,True,0.14339772314933691,True,True,-0.03590414593754282,,,-0.074712371181067716,True,True,-0.03278120603072629,True,False
1004,Jumpsuit,Jumpsuit/10-5.tif,0.45579487359219967,True,0.19380737199210732,True,True,0.034090064803992515,,,-0.074989836652121111,True,True,-0.15290760014397869,True,True
1005,Jumpsuit,Jumpsuit/10-6.tif,0.32054157468933825,False,0.10563616878278648,True,False,0.05463461856188262,,,-0.088869585091605474,True,True,-0.071401202253063692,True,False
1006,Jumpsuit,Jumpsuit/10_1.tif,0.30786106802526358,True,0.15393053401263176,True,True,-0.0090535863757060242,,,-0.053191158544164924,True,True,-0.0916857890927609,True,True
1007,Jumpsuit,Jumpsuit/10_2.tif,0.31080594664279848,True,0.098817012644753566,True,True,0.056585960676645508,,,-0.088663414699166609,True,True,-0.066739558622232797,True,False
1008,Jumpsuit,Jumpsuit/10_7.tif,0.43199597825465824,True,0.21599798912732898,True,True,-0.031846506988364415,,,-0.083061152877525302,True,True,-0.10109032926143952,True,True
1009,Jumpsuit,Jumpsuit/10_8.tif,0.18754345026789182,False,0.065303922928294511,True,False,0.015919680817449905,,,0.0125481213882013,False,False,-0.093771725133946104,True,False
1010,Jumpsuit,Jumpsuit/10_9.tif,0.17577975300066129,False,0.022185641097858699,True,False,0.065704235402471972,,,-0.012951530193252014,True,False,-0.074938346307078602,True,False
1011,Jumpsuit,Jumpsuit/1_1.tif,0.35800311790769013,True,0.17900155895384501,True,True,-0.023317518240398016,,,-0.083049469327964004,True,True,-0.072634571385483113,True,True
1012,Jumpsuit,Jumpsuit/1_2.tif,0.30333815130312014,True,0.15166907565156007,True,True,-0.006295554056496705,,,-0.089734221335454084,True,True,-0.055639300259609281,True,True
1013,Jumpsuit,Jumpsuit/1_3.tif,0.38505320794340009,True,0.19252660397170013,True,True,-0.012751423147922603,,,-0.10025022725772348,True,True,-0.07952495356605388,True,True
1014,Jumpsuit,Jumpsuit/1_4.tif,0.42916563231346616,True,0.21458281615673297,True,True,-0.014321873297674786,,,-0.1082833835392441,True,True,-0.0919775593198143,True,True
1015,Jumpsuit,Jumpsuit/1_5.tif,0.31030971932156959,True,0.15515485966078468,True,True,-0.0037950985839199092,,,-0.033631174911088996,True,True,-0.11772858616577597,True,True
1016,Jumpsuit,Jumpsuit/1_6.tif,0.39541974428542848,True,0.19770987214271424,True,True,-0.010689167093060892,,,-0.1035259453694827,True,True,-0.083494759680170588,True,True
1017,Jumpsuit,Jumpsuit/1_7.tif,0.43990417397157711,True,0.21544313093971118,True,True,0.0045089560460773725,,,-0.12129247362626971,True,True,-0.098659613359518811,True,True
1018,Jumpsuit,Jumpsuit/1_8.tif,0.52426861303869088,True,0.26213430651934549,True,True,-0.038744482265643115,,,-0.10805320830440057,True,True,-0.11533661594930171,True,True
1019,Jumpsuit,Jumpsuit/1_9.tif,0.26801033341451053,True,0.13400516670725532,True,True,-0.010440724511940391,,,-0.042137815506324394,True,True,-0.081426626688990394,True,True
1020,Jumpsuit,Jumpsuit/2_1.tif,0.35833121646011312,True,0.1204873068051725,True,False,0.058678301424884088,,,-0.051682342037607992,True,True,-0.12748326619244851,True,True
1021,Jumpsuit,Jumpsuit/2_10.tif,0.4978640239549128,True,0.2489320119774564,True,True,-0.027730731240667522,,,-0.12475691075363543,True,True,-0.096444369983153505,True,True
1022,Jumpsuit,Jumpsuit/2_2.tif,0.33791957934822514,True,0.16895978967411257,True,True,-0.011527244892173799,,,-0.03673538640120419,True,False,-0.1206971583807346,True,True
1023,Jumpsuit,Jumpsuit/2_3.tif,0.34377679591116639,True,0.15917421478033456,True,True,0.0127141831752485,,,-0.12482667613385207,True,True,-0.047061721821731295,True,True
1024,Jumpsuit,Jumpsuit/2_5.tif,0.43139321354136517,True,0.20450632524732087,True,True,0.011190281523361795,,,-0.061584247459375074,True,True,-0.1541123593113074,True,True
1025,Jumpsuit,Jumpsuit/2_6.tif,0.51254155801695733,True,0.23589209135574635,True,True,0.020378687652732402,,,-0.14183170806266909,True,True,-0.1144390709458095,True,True
1026,Jumpsuit,Jumpsuit/2_7.tif,0.54611004503365412,True,0.27305502251682717,True,True,-0.021732336225531612,,,-0.13815764287384838,True,True,-0.1131650434174469,True,True
1027,Jumpsuit,Jumpsuit/2_8.tif,0.46729689320711398,True,0.20988857243230757,True,True,0.023759874171249501,,,-0.12244392074188912,True,True,-0.11120452586166779,True,False
1028,Jumpsuit,Jumpsuit/2_9.tif,0.21070200295233479,True,0.070965362631361162,True,False,0.03438563884480611,,,-0.020404054904224922,True,False,-0.0849469465719426,True,True
1029,Jumpsuit,Jumpsuit/3_1.tif,0.21494092349334151,False,0.064217308611717705,True,False,0.041532595138649125,,,0.0017205579963040785,False,False,-0.1074704617466706,True,False
1030,Jumpsuit,Jumpsuit/3_10.tif,0.38076828037305804,True,0.1623549347254894,True,True,0.028029205461039791,,,-0.049927904324356287,True,False,-0.14045623586217257,True,True
1031,Jumpsuit,Jumpsuit/3_2.tif,0.26664728180425024,False,0.023729760080034135,True,False,0.092415938301598305,,,0.017177942520492512,False,False,-0.13332364090212528,True,False
1032,Jumpsuit,Jumpsuit/3_3.tif,0.073731402760219875,False,-0.019867073156129178,False,False,0.0093126404175019051,,,0.027553060962608095,False,False,-0.016998628223980697,True,False
1033,Jumpsuit,Jumpsuit/3_4.tif,0.1641015905009372,False,0.033024499335377711,True,False,0.049026295915091,,,-0.021523872101782804,True,False,-0.060526923148685699,True,False
1034,Jumpsuit,Jumpsuit/3_5.tif,0.33313554969729797,True,0.11215718339320402,True,True,0.054410591455444884,,,-0.027331791151412904,True,False,-0.13923598369723619,True,True
1035,Jumpsuit,Jumpsuit/3_6.tif,0.29013984683320604,False,0.14506992341660302,True,False,-0.0083626278098836992,,,-0.02320384236023551,True,False,-0.11350345324648381,True,True
1036,Jumpsuit,Jumpsuit/3_7.tif,0.031919155166176078,False,-0.0025147904082201689,False,False,-0.010519616946193106,,,0.015959577583087997,False,False,-0.002925170228674806,True,False
1037,Jumpsuit,Jumpsuit/3_8.tif,0.066449344776603608,False,0.010997844475686913,True,False,0.022226827912614905,,,-0.019922048261611008,True,False,-0.013302624126690782,True,False
1038,Jumpsuit,Jumpsuit/3_9.tif,0.25686260920063392,True,-0.090418579148726752,False,False,0.083305693748797066,,,0.045125610851519893,False,False,-0.038012725451590207,True,False
1039,Jumpsuit,Jumpsuit/4_1.tif,0.070417792149745556,False,0.021825563191662178,True,False,0.0087036943378879794,,,-0.035208896074872709,True,False,0.0046796385453226896,False,False
1040,Jumpsuit,Jumpsuit/4_10.tif,0.23028129413042486,False,0.084268525881415812,True,True,0.03087212118379648,,,-0.054806660868035761,True,False,-0.060333986197176809,True,False
1041,Jumpsuit,Jumpsuit/4_2.tif,0.33623369930918756,False,0.1156788306186417,True,False,0.052438019035951883,,,-0.096350459610743677,True,False,-0.071766390043850298,True,False
1042,Jumpsuit,Jumpsuit/4_3.tif,0.303653753956868,True,0.14315524001452928,True,True,0.0086716369639046054,,,-0.095810496741786683,True,True,-0.056016380236647401,True,False
1043,Jumpsuit,Jumpsuit/4_4.tif,0.28676313346916527,False,0.10647630114007561,True,True,0.036905265594507103,,,-0.081998831377813802,True,False,-0.06138273535676872,True,False
1044,Jumpsuit,Jumpsuit/4_5.tif,0.40402570001125315,False,0.11713733617367272,True,False,0.084875513831953797,,,-0.037042299367269438,True,False,-0.16497055063835719,True,True
1045,Jumpsuit,Jumpsuit/4_6.tif,0.41028803702271288,True,0.14109176978577431,True,True,0.0640522487255821,,,-0.11915320897224402,True,True,-0.085990809539112409,True,False
1046,Jumpsuit,Jumpsuit/4_7.tif,0.37285121892060286,True,0.085564153847434044,True,False,0.10086145561286738,,,-0.023237736621367605,True,False,-0.16318787283893382,True,True
1047,Jumpsuit,Jumpsuit/4_8.tif,0.098488422000155895,False,0.036483262357261903,True,False,0.0127609486428161,,,-0.026206730293960201,True,False,-0.023037480706117691,True,True
1048,Jumpsuit,Jumpsuit/4_9.tif,0.20741231072256455,False,0.04890406655277546,True,False,0.054802088808506899,,,-0.021090834073959203,True,False,-0.08261532128732299,True,False
1049,Jumpsuit,Jumpsuit/5_1.tif,0.2352204554553019,True,0.11231100668079139,True,True,0.0052992210468595924,,,-0.049841132267863936,True,False,-0.067769095459786988,True,True
1050,Jumpsuit,Jumpsuit/5_10.tif,0.38903715141647327,False,0.14093101296532617,True,True,0.053587562742910294,,,-0.093402996488529733,True,True,-0.1011155792197071,True,False
1051,Jumpsuit,Jumpsuit/5_2.tif,0.12077929321108354,True,-0.034278708315987227,False,False,0.028705809845607305,,,-0.026110938289554603,True,False,0.0316838367599344,False,False
1052,Jumpsuit,Jumpsuit/5_3.tif,0.16456368131068178,False,0.067056274832238694,True,False,0.015225565823102083,,,-0.04749220443205901,True,False,-0.034789636223281989,True,False
1053,Jumpsuit,Jumpsuit/5_4.tif,0.12357273704559152,False,0.037835598122984759,True,False,-0.0097441405629269673,,,-0.052042227959868792,True,False,0.023950770399811,False,False
1054,Jumpsuit,Jumpsuit/5_5.tif,0.3610530341418251,True,0.1638368545417378,True,True,0.016689662529174698,,,-0.014881102880947877,True,False,-0.1656454141899647,True,True
1055,Jumpsuit,Jumpsuit/5_6.tif,0.27933239091299167,False,0.097744218687288054,True,False,0.041921976769207892,,,-0.049687078237809712,True,False,-0.089979117218685983,True,False
1056,Jumpsuit,Jumpsuit/5_7.tif,0.35399445182534961,False,0.13001490865991761,True,True,0.0469823172527572,,,-0.10404127312628683,True,True,-0.072955952786388001,True,False
1057,Jumpsuit,Jumpsuit/5_8.tif,0.16105538996275856,False,0.04133951055252616,True,False,0.039188184428852996,,,-0.010938926590314701,True,False,-0.069588768391064704,True,False
1058,Jumpsuit,Jumpsuit/5_9.tif,0.1448254256103037,False,-0.045676866217986056,False,False,0.072412712805151935,,,-0.010146899943928894,True,False,-0.016588946643236818,True,False
1059,Jumpsuit,Jumpsuit/6_1.tif,0.16302092503119184,False,0.081510462515595988,True,False,-0.0010587642433148581,,,-0.045548396074571701,True,False,-0.034903302197709291,True,False
1060,Jumpsuit,Jumpsuit/6_10.tif,0.5148700294651245,True,0.25743501473256214,True,True,-0.0049330821309543083,,,-0.14630522842981089,True,True,-0.1061967041717972,True,False
1061,Jumpsuit,Jumpsuit/6_11.tif,0.31709497169415901,True,0.15854748584707942,True,True,-0.027095700049999727,,,-0.061146308223492624,True,False,-0.070305477573587211,True,False
1062,Jumpsuit,Jumpsuit/6_2.tif,0.41934161027350059,True,0.20967080513675035,True,True,-0.023201599266152506,,,-0.10907333630066632,True,True,-0.0773958695699314,True,False
1063,Jumpsuit,Jumpsuit/6_3.tif,0.45528320887952267,True,0.22764160443976134,True,True,-0.0037149467654681023,,,-0.14418334542375291,True,True,-0.079743312250540307,True,True
1064,Jumpsuit,Jumpsuit/6_4.tif,0.29394004165566823,True,0.14697002082783411,True,True,-0.0056154707482287958,,,-0.071796593079392318,True,True,-0.069557957000213,True,True
1065,Jumpsuit,Jumpsuit/6_5.tif,0.37130163998043009,True,0.1856508199902151,True,True,-0.0031378984402125887,,,-0.087546194190934484,True,True,-0.094966727359067915,True,False
1066,Jumpsuit,Jumpsuit/6_6.tif,0.4748298291700318,True,0.23741491458501573,True,True,-0.0522403960697988,,,-0.10239814656288371,True,True,-0.082776371952333588,True,True
1067,Jumpsuit,Jumpsuit/6_7.tif,0.43590589436010085,False,0.1897307894836516,True,False,0.028222157696398881,,,-0.080283153640322402,True,False,-0.137669793539728,True,True
1068,Jumpsuit,Jumpsuit/6_8.tif,0.25608472521169362,True,0.12804236260584667,True,True,-0.0024809321716843247,,,-0.059238274936662921,True,True,-0.066323155497499703,True,False
1069,Jumpsuit,Jumpsuit/6_9.tif,0.13085078134516362,True,0.060502406791583807,True,False,-0.048136282339983794,,,-0.017289108332597919,True,False,0.0049229838809980997,False,False
1070,Jumpsuit,Jumpsuit/7_1.tif,0.26609925917133426,True,0.1330496295856671,True,True,-0.018251802774565284,,,-0.056983370119222998,True,True,-0.057814456691878902,True,True
1071,Jumpsuit,Jumpsuit/7_10.tif,0.38202457617861296,True,0.19101228808930631,True,True,-0.05203788602844428,,,-0.091944643318057184,True,True,-0.047029758742805211,True,True
1072,Jumpsuit,Jumpsuit/7_2.tif,0.32704427508081668,True,0.16352213754040834,True,True,-0.038948684696982094,,,-0.040127911879082018,True,True,-0.084445540964344201,True,True
1073,Jumpsuit,Jumpsuit/7_3.tif,0.48307568039155252,True,0.24153784019577618,True,True,-0.037017820098871418,,,-0.098843369384975122,True,True,-0.10567665071192979,True,True
1074,Jumpsuit,Jumpsuit/7_4.tif,0.32630359667633324,True,0.1631517983381667,True,True,-0.025763965541737405,,,-0.066333251066739179,True,True,-0.071054581729689897,True,True
1075,Jumpsuit,Jumpsuit/7_5.tif,0.30105599507702341,True,0.15052799753851159,True,True,-0.018144129948935689,,,-0.068662905033705424,True,True,-0.063720962555870703,True,True
1076,Jumpsuit,Jumpsuit/7_6.tif,0.4093430870059151,True,0.20467154350295758,True,True,-0.03719930732028609,,,-0.084673529762253619,True,True,-0.082798706420417811,True,True
1077,Jumpsuit,Jumpsuit/7_7.tif,0.34375901708037365,True,0.17187950854018677,True,True,-0.021432685799062295,,,-0.073766615222071175,True,True,-0.076680207519053412,True,True
1078,Jumpsuit,Jumpsuit/7_8.tif,0.48564765971582879,True,0.24282382985791456,True,True,-0.036998964610792717,,,-0.096893110215435008,True,True,-0.10893175503168649,True,True
1079,Jumpsuit,Jumpsuit/7_9.tif,0.39740720661002982,True,0.19870360330501488,True,True,-0.0085692083131548025,,,-0.076001658776591874,True,True,-0.11413273621526823,True,True
1080,Jumpsuit,Jumpsuit/8-10.tif,0.32605220378930033,True,0.10347628214451049,True,False,0.059549819750139787,,,-0.10625283822186651,True,True,-0.056773263672783597,True,False
1081,Jumpsuit,Jumpsuit/8-3.tif,0.23021071508713092,False,-0.11510535754356549,False,False,0.047449982181681172,,,0.0023287909979763377,False,False,0.065326584363907925,False,False
1082,Jumpsuit,Jumpsuit/8-4.tif,0.090812951244226753,False,-0.035043028760640471,False,False,0.041195309414034598,,,-0.01036344686147278,True,False,0.0042111662080789036,False,False
1083,Jumpsuit,Jumpsuit/8-5.tif,0.40706423884015469,True,0.16191372701397322,True,True,0.04161839240610421,,,-0.15855931417620192,True,True,-0.0449728052438753,True,False
1084,Jumpsuit,Jumpsuit/8-6.tif,0.48748480058979288,False,0.1601181820567783,True,False,0.083624218238118109,,,-0.083369738133593579,True,False,-0.16037266216130291,True,True
1085,Jumpsuit,Jumpsuit/8_1.tif,0.12430482212761187,False,-0.035026986387701409,False,False,0.034266403539417012,,,0.027886007524388939,False,False,-0.027125424676104515,True,False
1086,Jumpsuit,Jumpsuit/8_2.tif,0.13104586350388125,False,-0.062017825624645417,False,False,-0.00350510612729521,,,0.012560079262910112,False,False,0.052962852489030515,False,False
1087,Jumpsuit,Jumpsuit/8_7.tif,0.12802517059410876,False,0.028821760124581319,True,False,0.0351908251724731,,,-0.047924156818928254,True,False,-0.016088428478126082,True,False
1088,Jumpsuit,Jumpsuit/8_8.tif,0.12179658479954872,False,-0.013843734677409014,False,False,0.060898292399774206,,,-0.01270264579072819,True,False,-0.034351911931637308,True,False
1089,Jumpsuit,Jumpsuit/8_9.tif,0.25742480004883417,True,-0.1231527516677276,False,False,0.095337099994282387,,,-0.0055596483566895949,True,False,0.033375300030134614,False,False
1090,Jumpsuit,Jumpsuit/9-10.tif,0.42161045044897477,True,0.2108052252244873,True,True,-0.030540882481116,,,-0.052282936350240117,True,False,-0.12798140639313133,True,True
1091,Jumpsuit,Jumpsuit/9-3.tif,0.39823614467662222,True,0.19911807233831108,True,True,-0.016734930934028003,,,-0.080402598558704713,True,True,-0.10198054284557839,True,True
1092,Jumpsuit,Jumpsuit/9-4.tif,0.48221579502879891,True,0.24110789751439943,True,True,-0.014875788997050415,,,-0.099067855814744504,True,True,-0.12716425270260451,True,True
1093,Jumpsuit,Jumpsuit/9-5.tif,0.51354065884847211,True,0.25677032942423617,True,True,-0.014371555499435612,,,-0.10258144463397301,True,True,-0.13981732929082741,True,True
1094,Jumpsuit,Jumpsuit/9-6.tif,0.45828870304990477,True,0.22914435152495244,True,True,-0.034128743663132011,,,-0.052078065707570509,True,True,-0.14293754215424978,True,True
1095,Jumpsuit,Jumpsuit/9_1.tif,0.35923303084803404,True,0.17961651542401708,True,True,-0.014449662370483313,,,-0.09048130786192049,True,True,-0.07468554519161319,True,True
1096,Jumpsuit,Jumpsuit/9_2.tif,0.24144200266646609,True,0.12072100133323299,True,True,-0.016306405582959899,,,-0.075163434678307606,True,True,-0.029251161071965612,True,False
1097,Jumpsuit,Jumpsuit/9_7.tif,0.46649273552859599,True,0.23324636776429802,True,True,-0.032658464218011385,,,-0.10436821298226809,True,True,-0.096219690564018509,True,True
1098,Jumpsuit,Jumpsuit/9_8.tif,0.34785774262462571,True,0.17392887131231288,True,True,-0.051067350446876686,,,-0.057011826860535797,True,True,-0.065849694004900303,True,True
1099,Jumpsuit,Jumpsuit/9_9.tif,0.40415922804860199,True,0.20207961402430108,True,True,-0.0084221943936788057,,,-0.096328280174971193,True,True,-0.097329139455650901,True,True
1100,Mermaid,Mermaid/10_1.tif,0.10139962522721238,False,0.00091604090931199367,True,False,0.049783771704294211,,,-0.012582600165024993,True,False,-0.038117212448581184,True,False
1101,Mermaid,Mermaid/10_10.tif,0.05234144434983673,False,-0.0016145750442291829,False,False,0.026170722174918504,,,-0.019068499125425853,True,False,-0.0054876480052631904,True,False
1102,Mermaid,Mermaid/10_2.tif,0.11207786618764062,False,0.033573558645571627,True,False,0.02246537444824892,,,-0.040062338622294663,True,True,-0.015976594471525413,True,False
1103,Mermaid,Mermaid/10_3.tif,0.10360486832539703,True,0.013653030246236486,True,False,0.038149403916461988,,,-0.036949481694179082,True,True,-0.014852952468519476,True,False
1104,Mermaid,Mermaid/10_4.tif,0.18301850730802482,True,0.0350146544217943,True,False,0.056494599232218223,,,-0.039079072686089511,True,True,-0.05243018096792279,True,False
1105,Mermaid,Mermaid/10_5.tif,0.066203392676839862,False,-0.013601194328948296,False,False,0.023760311959020397,,,-0.019500502009471676,True,False,0.0093413843793994922,False,False
1106,Mermaid,Mermaid/10_6.tif,0.3888963250533527,True,0.16979736128130812,True,True,0.024650801245368059,,,-0.082380985239202925,True,True,-0.11206717728747359,True,True
1107,Mermaid,Mermaid/10_7.tif,0.26948480311759371,False,0.071875972616571804,True,True,0.062866428942225216,,,-0.072687007277357302,True,True,-0.062055394281439413,True,False
1108,Mermaid,Mermaid/10_8.tif,0.20410748438560888,False,0.045718092144799716,True,False,0.056335650048004671,,,-0.039898039284834097,True,False,-0.062155702907970387,True,False
1109,Mermaid,Mermaid/10_9.tif,0.063026958291403951,False,-0.021266099212223083,False,False,0.026858134344145468,,,-0.010247379933478906,True,False,0.0046553448015564936,False,False
1110,Mermaid,Mermaid/1_1.tif,0.50229777548720689,True,0.22318079066725349,True,True,0.027968097076350118,,,-0.11665376854728218,True,True,-0.13449511919632112,True,True
1111,Mermaid,Mermaid/1_10.tif,0.2858494653261896,True,0.14292473266309486,True,True,-0.022772429002619221,,,-0.065896914506991894,True,True,-0.054255389153483602,True,False
1112,Mermaid,Mermaid/1_2.tif,0.17442748215635029,False,0.079635048630006477,True,False,0.0075786924481685003,,,-0.029065999292171296,True,False,-0.058147741786004001,True,False
1113,Mermaid,Mermaid/1_3.tif,0.29567981562421369,True,0.14783990781210693,True,True,-0.028820961178283172,,,-0.052596805401400298,True,True,-0.066422141232423293,True,True
1114,Mermaid,Mermaid/1_4.tif,0.21955969607770523,True,0.10977984803885255,True,True,-0.020421001132116173,,,-0.038944866954154195,True,True,-0.050413979952582316,True,False
1115,Mermaid,Mermaid/1_5.tif,0.1805871350396947,False,0.033491892337812801,True,False,0.056801675182034633,,,-0.034699190693484067,True,False,-0.055594376826363201,True,False
1116,Mermaid,Mermaid/1_6.tif,0.13304190289406131,False,0.066520951447030741,True,False,-0.0052958920400789922,,,-0.016075992289093566,True,False,-0.045149067117858016,True,True
1117,Mermaid,Mermaid/1_7.tif,0.40357801377540048,True,0.20178900688770041,True,True,-0.01687788150419961,,,-0.10219453360064382,True,True,-0.082716591782856591,True,False
1118,Mermaid,Mermaid/1_8.tif,0.34566773825070352,True,0.1728338691253517,True,True,-0.023587294957601812,,,-0.073044134176139697,True,True,-0.076202439991610291,True,True
1119,Mermaid,Mermaid/1_9.tif,0.21280836934591102,False,0.10008661687167691,True,False,0.0063175678012786229,,,-0.044907655987473177,True,False,-0.061496528685482305,True,False
1120,Mermaid,Mermaid/2_1.tif,0.31641564798401706,True,0.087676786672335999,True,True,0.070531037319672474,,,-0.063744887764886293,True,True,-0.094462936227122291,True,True
1121,Mermaid,Mermaid/2_10.tif,0.27350396686998829,True,0.072286632336093198,True,True,0.064465351098900781,,,-0.05326900692882991,True,False,-0.083482976506164402,True,True
1122,Mermaid,Mermaid/2_2.tif,0.24815406476223556,True,0.11664269891273504,True,True,0.0074343334683827922,,,-0.062271260270794521,True,True,-0.061805772110323204,True,True
1123,Mermaid,Mermaid/2_3.tif,0.33521041483145081,True,0.1353051370824464,True,True,0.032300070333279085,,,-0.071857263452048709,True,True,-0.095747943963676613,True,True
1124,Mermaid,Mermaid/2_4.tif,0.29307270582517198,True,0.1206006415945412,True,True,0.025935711318044785,,,-0.054523552448187268,True,True,-0.092012800464398706,True,True
1125,Mermaid,Mermaid/2_5.tif,0.29121347793872798,True,0.050739552145740718,True,False,0.094867186823623217,,,-0.053038597318631114,True,True,-0.092568141650732905,True,False
1126,Mermaid,Mermaid/2_6.tif,0.40794285828941546,True,0.20397142914470773,True,True,-0.031538088821050109,,,-0.088628859946814992,True,True,-0.083804480376842599,True,True
1127,Mermaid,Mermaid/2_7.tif,0.13497896847536159,True,0.059917683044844988,True,True,0.007571801192835681,,,-0.043408044810565538,True,True,-0.024081439427115381,True,False
1128,Mermaid,Mermaid/2_8.tif,0.23667128505987731,True,0.051721265534921568,True,True,0.066614376995017044,,,-0.05553943727938071,True,True,-0.062796205250557985,True,True
1129,Mermaid,Mermaid/2_9.tif,0.1823385942254169,True,0.073854909419150433,True,True,0.017314387693558086,,,-0.039109252761662383,True,False,-0.052060044351045998,True,True
1130,Mermaid,Mermaid/3_1.tif,0.26634178164297628,True,0.059233418198712973,True,False,0.073937472622775002,,,-0.048078730435542227,True,True,-0.085092160385946095,True,False
1131,Mermaid,Mermaid/3_10.tif,0.10759460792874462,False,0.032875208625523289,True,False,0.020922095338848923,,,-0.033348997447262108,True,True,-0.020448306517110298,True,False
1132,Mermaid,Mermaid/3_2.tif,0.32226233537072768,True,0.11421178178152283,True,True,0.046919385903841204,,,-0.070535553683790192,True,True,-0.090595614001573482,True,True
1133,Mermaid,Mermaid/3_3.tif,0.07907758023886699,True,-0.016672120600673995,False,False,0.038259360376545981,,,-0.022866669518759514,True,False,0.0012794297428875001,False,False
1134,Mermaid,Mermaid/3_4.tif,0.075584581406206275,False,0.017733477318707419,True,False,0.020058813384395635,,,-0.024297148523697631,True,False,-0.013495142179405589,True,False
1135,Mermaid,Mermaid/3_5.tif,0.2733521448683075,True,0.05319827186002879,True,False,0.083477800574125127,,,-0.036237277091876074,True,True,-0.10043879534227748,True,True
1136,Mermaid,Mermaid/3_6.tif,0.13185693120018163,False,0.065928465600090913,True,True,-0.013369231311414431,,,-0.041704668004918677,True,True,-0.010854566283757611,True,False
1137,Mermaid,Mermaid/3_7.tif,0.37799288966015698,True,0.11275498107216661,True,True,0.076241463757911798,,,-0.071880433982425801,True,True,-0.1171160108476528,True,True
1138,Mermaid,Mermaid/3_8.tif,0.38190050743192216,True,0.1543613766902944,True,True,0.036588877025666516,,,-0.077934350745522407,True,True,-0.11301590297043881,True,True
1139,Mermaid,Mermaid/3_9.tif,0.28223227932809791,True,0.0432896502330396,True,False,0.097826489431009078,,,-0.043516518260013098,True,False,-0.097599621404036108,True,False
1140,Mermaid,Mermaid/4_1.tif,0.29831941301862053,True,0.073602065798601402,True,False,0.075557640710709029,,,-0.0042451753708504236,True,False,-0.1449145311384597,True,True
1141,Mermaid,Mermaid/4_10.tif,0.1079282165139589,False,-0.014001681281528899,False,False,0.053964108256979504,,,-0.026741984374728994,True,False,-0.013220442600721499,True,False
1142,Mermaid,Mermaid/4_2.tif,0.11832156149529879,True,-0.049554628694698677,False,False,0.025309506327865328,,,-0.0096061520529506783,True,False,0.033851274419784111,False,False
1143,Mermaid,Mermaid/4_3.tif,0.090258984096546147,False,-0.032054055223781186,False,False,-0.0025996132277729678,,,-0.010475823596718781,True,False,0.045129492048273212,False,False
1144,Mermaid,Mermaid/4_4.tif,0.065219726679582452,False,0.015051204604875301,True,False,0.017558658734916133,,,-0.021139177852322,True,False,-0.011470685487469018,True,False
1145,Mermaid,Mermaid/4_5.tif,0.2794231300273311,True,0.09995692288852237,True,True,0.03975464212514318,,,-0.063030389213061283,True,True,-0.076681175800604295,True,True
1146,Mermaid,Mermaid/4_6.tif,0.24610723695680514,False,0.093529153442184376,True,False,0.029524465036218195,,,-0.062305993321481179,True,False,-0.060747625156921392,True,False
1147,Mermaid,Mermaid/4_7.tif,0.15856583413077471,False,0.0081001091169567996,True,False,0.042615027371336101,,,0.028567780577094609,False,False,-0.079282917065387204,True,False
1148,Mermaid,Mermaid/4_8.tif,0.34485680114894735,True,0.17242840057447392,True,True,-0.023691253967350279,,,-0.066741879436930385,True,True,-0.081995267170192815,True,True
1149,Mermaid,Mermaid/4_9.tif,0.2094005854369794,False,0.024630667418041707,True,False,0.080069625300447977,,,-0.025284533887033417,True,False,-0.079415758831456296,True,False
1150,Mermaid,Mermaid/5_1.tif,0.37468570565880532,False,0.12139886679109552,True,False,0.065943986038307117,,,-0.044481355685744489,True,False,-0.14286149714365823,True,False
1151,Mermaid,Mermaid/5_10.tif,0.14987175367730074,False,0.034627777489944223,True,False,0.040308099348705995,,,-0.015006532425754837,True,False,-0.059929344412895685,True,False
1152,Mermaid,Mermaid/5_2.tif,0.214678395839207,True,-0.0086110930881993786,False,False,0.1073391979196035,,,-0.030933126937775612,True,False,-0.067794977893628511,True,False
1153,Mermaid,Mermaid/5_3.tif,0.095204943975454231,False,-0.042476136331538406,False,False,0.028298664412156838,,,-0.0051263356561885853,True,False,0.019303807575570403,False,False
1154,Mermaid,Mermaid/5_4.tif,0.25951479025960617,False,0.11789408230101628,True,False,0.011863312828786665,,,-0.044019730979311916,True,False,-0.085737664150491305,True,True
1155,Mermaid,Mermaid/5_5.tif,0.22053638169169218,False,0.018244473479015894,True,False,0.092023717366830182,,,-0.041295378464542898,True,False,-0.068972812381303206,True,False
1156,Mermaid,Mermaid/5_6.tif,0.4036849295793668,True,0.1480449451062803,True,True,0.0537975196834031,,,-0.072615879589876614,True,True,-0.12922658519980679,True,True
1157,Mermaid,Mermaid/5_7.tif,0.20692180754295314,False,0.021036022619505768,True,False,0.082424881151970886,,,-0.040790421423258005,True,False,-0.062670482348218481,True,False
1158,Mermaid,Mermaid/5_8.tif,0.093891278001221518,False,0.046945639000610828,True,False,-0.023539873567534897,,,-0.0089613648707273785,True,False,-0.014444400562348414,True,False
1159,Mermaid,Mermaid/5_9.tif,0.15630383886781452,False,-0.052038789356745885,False,False,0.049163606417915229,,,-0.026113130077161317,True,False,0.028988313015992084,False,False
1160,Mermaid,Mermaid/6_1.tif,0.20704042538239381,True,0.098813271273208103,True,True,0.0047069414179887192,,,-0.036441340872024469,True,True,-0.067078871819172506,True,True
1161,Mermaid,Mermaid/6_10.tif,0.29552624806672323,True,0.097007607882359514,True,True,0.0507555161510021,,,-0.024203608974982915,True,False,-0.1235595150583787,True,True
1162,Mermaid,Mermaid/6_2.tif,0.20810350622306767,True,0.071985609066761297,True,True,0.032066144044772482,,,-0.051565628414784098,True,True,-0.052486124696749792,True,True
1163,Mermaid,Mermaid/6_3.tif,0.035224809761250753,False,-4.5805580818292224e-05,False,False,0.015952775509016415,,,-0.01756659929980714,True,False,0.0016596293716089061,False,False
1164,Mermaid,Mermaid/6_4.tif,0.2694924418167155,True,0.1325345350158782,True,True,0.0022116858924798311,,,-0.068789000571744585,True,True,-0.065957220336612887,True,True
1165,Mermaid,Mermaid/6_5.tif,0.1090123109043343,True,0.026383345736451291,True,False,0.028122809715716013,,,-0.050609047151938202,True,True,-0.0038971083002287965,True,False
1166,Mermaid,Mermaid/6_6.tif,0.080836277722352579,False,0.012524454256587325,True,False,0.027893684604589103,,,-0.017840902433850947,True,False,-0.022577236427325204,True,False
1167,Mermaid,Mermaid/6_7.tif,0.32025054622488408,True,0.12953295438139648,True,True,0.030592318731045509,,,-0.067703125425897376,True,True,-0.09242214768654472,True,True
1168,Mermaid,Mermaid/6_8.tif,0.18368950256061387,False,0.084844166539152388,True,True,0.007000584741154503,,,-0.031625500759628195,True,False,-0.06021925052067878,True,False
1169,Mermaid,Mermaid/6_9.tif,0.038002562223182962,False,-0.004858673212279091,False,False,-0.0028586175933048019,,,-0.011283990306007574,True,False,0.019001281111591495,False,False
1170,Mermaid,Mermaid/7_1.tif,0.22133581852970841,False,0.06151851898104882,True,False,0.049149390283805494,,,-0.055805109517064577,True,False,-0.054862799747789515,True,False
1171,Mermaid,Mermaid/7_10.tif,0.070936381121426362,False,0.014934878284747932,True,False,-0.0072117043330611197,,,-0.028256486227652006,True,False,0.020533312275965304,False,False
1172,Mermaid,Mermaid/7_2.tif,0.18762258315597979,True,0.093811291577989897,True,True,-0.0084689619131194105,,,-0.044677748173848592,True,True,-0.040664581491021895,True,False
1173,Mermaid,Mermaid/7_3.tif,0.1551822453759282,False,0.077591122687964087,True,False,-0.018227608738048018,,,-0.039863113250515003,True,False,-0.019500400699401094,True,False
1174,Mermaid,Mermaid/7_4.tif,0.28502751147981797,True,0.14251375573990901,True,True,-0.0020602636066512914,,,-0.041362694238740699,True,True,-0.099090797894516996,True,True
1175,Mermaid,Mermaid/7_5.tif,0.074465023774128447,False,0.037232511887064113,True,False,-0.014607173644040905,,,-0.015565759803288615,True,False,-0.0070595784397348149,True,False
1176,Mermaid,Mermaid/7_6.tif,0.054301133897334736,False,-7.1276969923483868e-05,False,False,0.014718737110550495,,,-0.027079289978743759,True,False,0.012431829838116998,False,False
1177,Mermaid,Mermaid/7_7.tif,0.083868160110838585,True,0.00046563294226797947,True,False,0.025024873856870411,,,-0.041934080055419404,True,True,0.016443573256280791,False,False
1178,Mermaid,Mermaid/7_8.tif,0.31819859499022218,True,0.1558650861505223,True,True,0.0032342113445886778,,,-0.071240223096174393,True,True,-0.087859074398936809,True,True
1179,Mermaid,Mermaid/7_9.tif,0.04929361713554356,False,-0.0060180457169092816,False,False,-0.0015822224808607621,,,-0.017046540370001501,True,False,0.024646808567772016,False,False
1180,Mermaid,Mermaid/8_1.tif,0.14025378639147446,False,0.062188150008593401,True,False,0.0079387431871438818,,,-0.033339588062544584,True,False,-0.036787305133192588,True,False
1181,Mermaid,Mermaid/8_10.tif,0.11786424886411087,True,0.01313830990067788,True,False,0.045793814531377597,,,-0.015248710055640102,True,False,-0.043683414376415292,True,False
1182,Mermaid,Mermaid/8_2.tif,0.30953540017190528,True,0.04320052521197526,True,False,0.11156717487397741,,,-0.038377903295448879,True,True,-0.11638979679050371,True,True
1183,Mermaid,Mermaid/8_3.tif,0.33574445567527045,True,0.070668563930416817,True,True,0.097203663907218296,,,-0.05283198157052213,True,True,-0.11504024626711321,True,True
1184,Mermaid,Mermaid/8_4.tif,0.097582454000015501,False,0.039120951204510701,True,False,0.0096702757954967855,,,-0.030331049172312025,True,False,-0.018460177827695989,True,False
1185,Mermaid,Mermaid/8_5.tif,0.20910838415238897,False,0.0073494399830687507,True,False,0.097204752093125707,,,-0.016517525036669894,True,False,-0.088036667039524619,True,False
1186,Mermaid,Mermaid/8_6.tif,0.22593683316648966,True,0.080950005216780613,True,True,0.032018411366464328,,,-0.057884639042954517,True,True,-0.055083777540290202,True,True
1187,Mermaid,Mermaid/8_7.tif,0.071935752834566102,False,-0.035967876417283051,False,False,0.027641071675687745,,,0.0020226852992683009,False,False,0.0063041194423270053,False,False
1188,Mermaid,Mermaid/8_8.tif,0.13992432264276899,False,0.056744111079184312,True,False,0.013218050242200075,,,-0.023072785431473813,True,False,-0.046889375889910795,True,False
1189,Mermaid,Mermaid/8_9.tif,0.11042533040318622,False,-0.036229484116709704,False,False,0.044653262171541031,,,-0.018983181084883283,True,False,0.010559403030052206,False,False
1190,Mermaid,Mermaid/9_1.tif,0.15816308758072439,False,0.029169110440464302,True,False,0.049912433349897894,,,-0.044599570616705109,True,False,-0.034481973173657088,True,False
1191,Mermaid,Mermaid/9_10.tif,0.081042741636065951,False,0.040521370818033198,True,False,-0.0018536977356751749,,,-0.012261813499791996,True,False,-0.026405859582565583,True,False
1192,Mermaid,Mermaid/9_2.tif,0.19586990818885178,False,-0.049778384610328213,False,False,0.097934954094425875,,,-0.0042304916077314791,True,False,-0.04392607787636621,True,False
1193,Mermaid,Mermaid/9_3.tif,0.04651726305013823,False,-0.012625763577936405,False,False,0.010079114481509444,,,-0.010632867947132696,True,False,0.013179517043559685,False,False
1194,Mermaid,Mermaid/9_4.tif,0.28867852730034971,True,0.020576153105888007,True,False,0.12376311054428701,,,-0.035801059063341106,True,False,-0.10853820458683359,True,False
1195,Mermaid,Mermaid/9_5.tif,0.29670192973063209,True,0.079918320205439597,True,False,0.068432644659876307,,,-0.070174943272057283,True,True,-0.078176021593258899,True,True
1196,Mermaid,Mermaid/9_6.tif,0.22187672909124548,False,0.040558248050777179,True,False,0.070380116494845602,,,-0.0348967946337157,True,False,-0.076041569911906998,True,False
1197,Mermaid,Mermaid/9_7.tif,0.22434878279450959,False,0.025529143362102213,True,False,0.086645248035152611,,,-0.040196361480869164,True,False,-0.071978029916385605,True,False
1198,Mermaid,Mermaid/9_8.tif,0.077013596325892081,False,0.021572671464113902,True,False,0.016934126698832097,,,-0.02857563127055468,True,False,-0.009931166892391402,True,False
1199,Mermaid,Mermaid/9_9.tif,0.20731718823005338,False,0.035825363294951396,True,False,0.06783323082007528,,,-0.04449394102748741,True,True,-0.059164653087539293,True,False
1200,Mini,Mini/10_1.tif,0.052446803612360093,False,0.023249933412649498,True,False,0.0029734683935307982,,,-0.02320422770635111,True,True,-0.0030191740998286865,True,False
1201,Mini,Mini/10_10.tif,0.096141695936954874,False,-0.012409884696118978,False,False,-0.031487252926272802,,,-0.0041737103460854907,True,False,0.048070847968477604,False,False
1202,Mini,Mini/10_2.tif,0.050705049193175838,False,0.016060486146737413,True,False,-0.022859348960240111,,,-0.0024931756363479329,True,False,0.0092920384498503816,False,False
1203,Mini,Mini/10_3.tif,0.085550066912607442,False,0.010805348906542889,True,False,0.031969684549761068,,,-0.029811550100519502,True,False,-0.012963483355783983,True,False
1204,Mini,Mini/10_4.tif,0.063771664256387667,False,0.031885832128194014,True,False,-0.0036368689568980761,,,-0.01681676554811018,True,False,-0.011432197623185397,True,False
1205,Mini,Mini/10_5.tif,0.24167830121624234,True,0.070421068646921881,True,True,0.050418081961199179,,,-0.029897400328997903,True,False,-0.090941750279123393,True,False
1206,Mini,Mini/10_6.tif,0.095116941790100218,False,0.040740158865961912,True,False,0.0068183120290882249,,,-0.021295248150698776,True,False,-0.026263222744351306,True,False
1207,Mini,Mini/10_7.tif,0.082027098102236157,True,0.019313117654563311,True,False,-0.018332786206949447,,,-0.022680762844168589,True,False,0.021700431396554809,False,False
1208,Mini,Mini/10_8.tif,0.044229990741520786,False,0.01064511827762929,True,False,-0.022114995370760171,,,0.001731777574577209,False,False,0.0097380995185541164,False,False
1209,Mini,Mini/10_9.tif,0.051470035497890088,False,0.025735017748945099,True,False,-0.0087228412364317998,,,-0.013373424894839586,True,False,-0.0036387516176736023,True,False
1210,Mini,Mini/1_1.tif,0.11601501566155523,True,0.047203782941976913,True,True,0.010803724888800825,,,-0.020506717729170093,True,False,-0.037500790101607395,True,False
1211,Mini,Mini/1_10.tif,0.26058018280771644,True,0.093450800243210008,True,True,0.036839291160648102,,,-0.048087631486482929,True,False,-0.082202459917375417,True,True
1212,Mini,Mini/1_2.tif,0.17946697872707632,True,0.060874097167304519,True,True,0.028859392196233513,,,-0.027438787793695185,True,False,-0.062294701569843097,True,False
1213,Mini,Mini/1_3.tif,0.081885274160946042,False,0.0051460755616732079,True,False,-0.040942637080473021,,,0.0095722384260344962,False,False,0.026224323092765317,False,False
1214,Mini,Mini/1_4.tif,0.080544269682481268,False,0.022300433157566885,True,False,-0.014048913990958811,,,-0.026223220850281781,True,True,0.017971701683673791,False,False
1215,Mini,Mini/1_5.tif,0.034541619123354877,False,0.013798153781246603,True,False,-0.017270809561677591,,,0.0034593022089270953,False,False,1.335357150358818e-05,False,False
1216,Mini,Mini/1_6.tif,0.13852838345724802,True,0.060519439040407713,True,True,0.0087447526882163951,,,-0.042089750597709114,True,True,-0.0271744411309148,True,False
1217,Mini,Mini/1_7.tif,0.19918598946003005,False,0.080588930975877215,True,False,0.019004063754137879,,,-0.028397234275717165,True,False,-0.071195760454297791,True,False
1218,Mini,Mini/1_8.tif,0.11216644057336778,False,0.047056371479523018,True,False,0.0090268488071609254,,,-0.002545465634504529,True,False,-0.053537754652179304,True,False
1219,Mini,Mini/1_9.tif,0.13867431206041547,True,0.051731434758285233,True,True,0.014606279843848657,,,0.0029994414280737902,False,False,-0.069337156030207792,True,True
1220,Mini,Mini/2_1.tif,0.19202533170899155,True,0.068523422633455594,True,True,0.027489243221040294,,,-0.017695712866901192,True,False,-0.078316952987594474,True,True
1221,Mini,Mini/2_10.tif,0.26919154710077042,False,0.087160826730750818,True,True,0.047434946819634283,,,-0.022143569682664621,True,False,-0.1124522038677207,True,False
1222,Mini,Mini/2_2.tif,0.16821520937789597,True,0.069455183100858603,True,True,0.014652421588089493,,,-0.034386283830891984,True,False,-0.04972132085805589,True,True
1223,Mini,Mini/2_3.tif,0.16566336850465319,False,0.070244442306243909,True,True,0.012587241946082461,,,-0.047230752463429115,True,True,-0.035600931788897699,True,False
1224,Mini,Mini/2_4.tif,0.27180989384264981,True,0.077320324157432008,True,True,0.05858462276389298,,,-0.023389597216927405,True,False,-0.1125153497043974,True,True
1225,Mini,Mini/2_5.tif,0.090563767832817443,False,0.037588393995854591,True,False,0.0076934899205541307,,,-0.015517012056507018,True,False,-0.029764871859901704,True,False
1226,Mini,Mini/2_6.tif,0.068233148440673491,False,0.025984047937128996,True,False,0.0081325262832077083,,,-0.01278403302661768,True,False,-0.021332541193719107,True,False
1227,Mini,Mini/2_7.tif,0.20330170409645926,False,0.076203595823259307,True,True,0.025447256224970294,,,-0.046236797645539451,True,False,-0.055414054402690205,True,False
1228,Mini,Mini/2_8.tif,0.11051746418545008,False,0.055258732092725221,True,False,-0.011862060229497873,,,-0.027203812235957581,True,False,-0.016192859627269407,True,False
1229,Mini,Mini/2_9.tif,0.13258450906071317,False,0.010605760282419996,True,False,-0.051741416034878973,,,-0.014550838495477503,True,False,0.055686494247936702,False,False
1230,Mini,Mini/3_1.tif,0.130059379535331,False,0.032596910605625806,True,False,0.013072824631564284,,,0.019359954530475509,False,False,-0.065029689767665405,True,False
1231,Mini,Mini/3_10.tif,0.17900584566581948,False,0.062083712913243383,True,False,0.027419209919666343,,,-0.03087813695952496,True,False,-0.058624785873384794,True,False
1232,Mini,Mini/3_2.tif,0.10326900105514238,False,0.05163450052757132,True,False,-0.0078860590544320153,,,-0.0075009676843922346,True,False,-0.036247473788746806,True,False
1233,Mini,Mini/3_3.tif,0.057297841318771858,False,0.017326201553858112,True,False,-0.021946136381357617,,,-0.0067027842780285063,True,False,0.011322719105527623,False,False
1234,Mini,Mini/3_4.tif,0.1271207835025201,False,0.049497730948362184,True,False,0.01406266080289803,,,-0.036209089010216078,True,False,-0.027351302741043804,True,False
1235,Mini,Mini/3_5.tif,0.2904574567562126,True,0.099120642850086427,True,True,0.046108085528019926,,,-0.036742161697845721,True,True,-0.10848656668026051,True,True
1236,Mini,Mini/3_6.tif,0.18017538966815005,False,0.071518119533701685,True,False,0.018569575300373398,,,-0.05294344723032457,True,True,-0.037144247603750402,True,False
1237,Mini,Mini/3_7.tif,0.13171698753110569,False,0.046648409257272594,True,False,0.019210084508280212,,,-0.015321729981067289,True,False,-0.0505367637844856,True,False
1238,Mini,Mini/3_8.tif,0.17061386354609581,True,0.046655853396291302,True,False,0.038651078376756687,,,-0.044026998073114415,True,True,-0.041279933699933408,True,False
1239,Mini,Mini/3_9.tif,0.041408900491937822,False,0.0082795144027650869,True,False,-0.020704450245968842,,,0.0058312168710047962,False,False,0.0065937189721990974,False,False
1240,Mini,Mini/4_1.tif,0.048462215281838833,False,0.0040191684405204986,True,False,0.020211939200398821,,,-0.020195744461092013,True,False,-0.0040353631798275003,True,False
1241,Mini,Mini/4_10.tif,0.035740309093612671,False,-0.017715793923520878,False,False,0.014451156895749995,,,0.0034189976510562992,False,False,-0.00015436062328549882,True,False
1242,Mini,Mini/4_2.tif,0.14101571219047845,True,-0.054941016836331291,False,False,0.033935943809517866,,,-0.015566839258907894,True,False,0.036571912285721403,False,False
1243,Mini,Mini/4_3.tif,0.058517548061372604,True,-0.0025184529098712938,False,False,0.011349060807846256,,,-0.026740321120815147,True,False,0.017909713222839907,False,False
1244,Mini,Mini/4_4.tif,0.12349946739044651,True,-0.016538585955097107,False,False,0.055201434255805981,,,0.0065482994394174265,False,False,-0.045211147740125995,True,False
1245,Mini,Mini/4_5.tif,0.17116504192552581,False,-0.026137799586736399,False,False,0.085582520962763142,,,-0.021214092381518279,True,False,-0.038230628994507992,True,False
1246,Mini,Mini/4_6.tif,0.096355047489755929,False,-0.022245829198796613,False,False,0.048177523744877881,,,-0.015968812164265433,True,False,-0.0099628823818160017,True,False
1247,Mini,Mini/4_7.tif,0.05595890542600776,False,-0.027979452713003894,False,False,0.019748050735309997,,,0.00022022547502625889,False,False,0.0080111765026676107,False,False
1248,Mini,Mini/4_8.tif,0.21498650207922726,True,0.036485446453398407,True,False,0.071007804586215195,,,-0.033184870716795378,True,True,-0.074308380322818293,True,False
1249,Mini,Mini/4_9.tif,0.031228810122937711,False,0.0084041660901570114,True,False,-0.0043562239463373342,,,0.0072102389713116777,False,False,-0.011258181115131688,True,False
1250,Mini,Mini/5_1.tif,0.16506994824992333,True,0.06794107508677702,True,True,0.014593899038184699,,,-0.017046952589807707,True,False,-0.065488021535153901,True,True
1251,Mini,Mini/5_10.tif,0.11622251602369046,True,0.013647752692026782,True,False,-0.041865180373897193,,,-0.016246077637947998,True,False,0.044463505319818492,False,False
1252,Mini,Mini/5_2.tif,0.18001239560771073,True,0.064699552810638605,True,True,0.025306644993216609,,,-0.031673116052521211,True,True,-0.058333081751334309,True,True
1253,Mini,Mini/5_3.tif,0.28509969874832819,True,0.098539308563400818,True,True,0.044010540810763388,,,-0.049839974119287866,True,True,-0.09270987525487609,True,True
1254,Mini,Mini/5_4.tif,0.24040103197542267,True,0.086704192221789794,True,True,0.033496323765921487,,,-0.045325220473285299,True,True,-0.074875295514426093,True,True
1255,Mini,Mini/5_5.tif,0.114062175688047,False,0.057031087844023415,True,False,-0.015313760266535081,,,-0.040517203298945398,True,False,-0.0012001242785431021,True,False
1256,Mini,Mini/5_6.tif,0.070867445156695685,True,0.035433722578347704,True,True,-0.0021862076879684,,,-0.007728177869936792,True,False,-0.025519337020442789,True,False
1257,Mini,Mini/5_7.tif,0.29833209845828018,True,0.10618578006654172,True,True,0.042980269162598395,,,-0.04937887100863908,True,True,-0.099787178220500997,True,False
1258,Mini,Mini/5_8.tif,0.089670353778112527,True,0.044835176889056305,True,False,-0.0010710334158394175,,,-0.037579625648015702,True,False,-0.0061845178252011024,True,False
1259,Mini,Mini/5_9.tif,0.16385222857918538,True,0.062729963230620578,True,True,0.019196151058972044,,,-0.042553950119059269,True,True,-0.039372164170533491,True,False
1260,Mini,Mini/6_1.tif,0.25604470601712176,True,0.085573406728704615,True,True,0.042448946279856237,,,-0.038087965749756092,True,True,-0.089934387258804815,True,True
1261,Mini,Mini/6_10.tif,0.27221889361759455,True,0.087200098468298237,True,True,0.048909348340499093,,,-0.04131672601873998,True,True,-0.094792720790057211,True,True
1262,Mini,Mini/6_2.tif,0.13199144873147581,False,0.06599572436573789,True,False,-0.0005559849461477806,,,-0.046755625411895624,True,True,-0.018684114007694513,True,False
1263,Mini,Mini/6_3.tif,0.087844159779309317,True,0.041100995077589908,True,False,0.0028210848120649445,,,-0.029942583302126957,True,False,-0.013979496587527507,True,False
1264,Mini,Mini/6_4.tif,0.17013786494532107,True,0.062533782783075309,True,True,0.022535149689585199,,,-0.037521649013518676,True,True,-0.047547283459141887,True,True
1265,Mini,Mini/6_5.tif,0.21871051458546834,True,0.073066803402956126,True,True,0.036288453889777916,,,-0.028919878317340997,True,True,-0.080435378975393296,True,True
1266,Mini,Mini/6_6.tif,0.2302978013704321,True,0.079263876258165583,True,True,0.035885024427050438,,,-0.034679144650039573,True,True,-0.080469756035176504,True,True
1267,Mini,Mini/6_7.tif,0.18900432507751835,True,0.075813570833399124,True,True,0.018688591705360136,,,-0.048860868763583393,True,True,-0.045641293775175701,True,False
1268,Mini,Mini/6_8.tif,0.085406520101765443,True,0.038680007288753482,True,False,-0.0086199203840925387,,,-0.034083339666790113,True,True,0.004023252762129309,False,False
1269,Mini,Mini/6_9.tif,0.13756543011845623,True,0.048767228016267594,True,False,0.020015487042960634,,,-0.017306150387377789,True,False,-0.051476564671850217,True,True
1270,Mini,Mini/7_1.tif,0.11688365578130711,False,-0.0084991111552374099,False,False,-0.04076575603909427,,,-0.0091769606963220118,True,False,0.058441827890653414,False,False
1271,Mini,Mini/7_10.tif,0.098800367382136239,True,0.049400183691068106,True,True,-0.0058516633299998122,,,-0.031164628411021411,True,True,-0.01238389195004691,True,False
1272,Mini,Mini/7_2.tif,0.081368872841315498,True,0.040684436420657694,True,False,-0.0076007160301398979,,,-0.022589920273835606,True,True,-0.0104938001166823,True,False
1273,Mini,Mini/7_3.tif,0.15314409601219903,True,0.06409625739687641,True,False,0.012475790609223214,,,-0.041148141977636998,True,True,-0.035423906028462404,True,False
1274,Mini,Mini/7_4.tif,0.16641655713247894,True,0.0673782593436274,True,True,0.015830019222612068,,,-0.039651190627029875,True,True,-0.043557087939209593,True,True
1275,Mini,Mini/7_5.tif,0.29422593782391088,True,0.10389180163843129,True,True,0.043221167273524097,,,-0.049935670516792569,True,True,-0.097177298395162912,True,True
1276,Mini,Mini/7_6.tif,0.033587257445422652,False,0.0099102831589886198,True,False,0.0068833455637226093,,,-0.0083181397823199332,True,False,-0.0084754889403914901,True,False
1277,Mini,Mini/7_7.tif,0.18636624287782691,True,0.068612150857401688,True,False,0.024570970581511808,,,-0.046478210463968606,True,True,-0.046704910974944808,True,True
1278,Mini,Mini/7_8.tif,0.10891630624046711,False,0.051839455035289167,True,True,-0.012892076881946768,,,-0.041566076238286787,True,True,0.0026186980849443875,False,False
1279,Mini,Mini/7_9.tif,0.20075864646422864,True,0.072452737065789863,True,True,0.027926586166324596,,,-0.02843778420385959,True,True,-0.071941539028254592,True,True
1280,Mini,Mini/8_1.tif,0.21675210017514002,False,0.083670412509468717,True,False,0.024705637578101292,,,-0.043234670550521714,True,False,-0.065141379537048294,True,False
1281,Mini,Mini/8_10.tif,0.03670631962537052,False,-0.0029992597112848129,False,False,0.016016617863295501,,,-0.015353900101400419,True,False,0.0023365419493897865,False,False
1282,Mini,Mini/8_2.tif,0.20159592733283077,True,0.0461623087604566,True,True,0.054635654905958675,,,-0.045051554526536586,True,True,-0.055746409139878911,True,False
1283,Mini,Mini/8_3.tif,0.051660181679960782,False,0.0089178417059793125,True,False,0.016912249134001078,,,-0.018258544390546888,True,False,-0.0075715464494335027,True,False
1284,Mini,Mini/8_4.tif,0.11085935731318874,False,0.034915617735064991,True,False,0.020514060921529353,,,-0.027141453529845316,True,False,-0.028288225126749084,True,False
1285,Mini,Mini/8_5.tif,0.14975950571024424,False,0.013204847228987515,True,False,0.061674905626134702,,,-0.02682809459819821,True,False,-0.048051658256923813,True,False
1286,Mini,Mini/8_6.tif,0.13048266150751037,True,0.048146097541056893,True,True,0.017095233212698402,,,-0.03951190623827977,True,True,-0.025729424515475302,True,False
1287,Mini,Mini/8_7.tif,0.21071468393590168,True,0.040180765099946586,True,False,0.065176576868004377,,,-0.042136856257290217,True,True,-0.063220485710660496,True,False
1288,Mini,Mini/8_8.tif,0.11383303524021968,False,-0.03748536829424659,False,False,0.039762751544656472,,,-0.019431149325863206,True,False,0.017153766075453408,False,False
1289,Mini,Mini/8_9.tif,0.080619661192795428,False,0.015793054548996599,True,False,0.02451677604740099,,,-0.027018496968920724,True,True,-0.013291333627477114,True,False
1290,Mini,Mini/9_1.tif,0.14222562717727247,False,-0.010574219393798795,False,False,0.068373172730321508,,,0.002739640858314768,False,False,-0.060538594194837397,True,False
1291,Mini,Mini/9_10.tif,0.1350914365005127,False,0.065704483095108013,True,False,0.0018412351551483908,,,-0.012366314435829584,True,False,-0.055179403814426708,True,False
1292,Mini,Mini/9_2.tif,0.075433882691650994,False,-0.0250586685615653,False,False,0.037716941345825483,,,-0.0059645643091364164,True,False,-0.0066937084751237941,True,False
1293,Mini,Mini/9_3.tif,0.026946014436856902,False,-0.011411229271284573,False,False,-0.0020617779471439057,,,0.0023985109739880217,False,False,0.011074496244440402,False,False
1294,Mini,Mini/9_4.tif,0.16514754053335104,True,0.082573770266675395,True,True,-0.0084763205477983994,,,-0.018149872565265429,True,False,-0.055947577153611816,True,True
1295,Mini,Mini/9_5.tif,0.061624861356282451,False,0.002766573728552435,True,False,-0.028788770928926899,,,-0.0020236597492143127,True,False,0.028045856949588804,False,False
1296,Mini,Mini/9_6.tif,0.088887805417716181,False,-0.0023160693430717139,False,False,0.034753977741583786,,,0.0096899249672742771,False,False,-0.042127833365786405,True,False
1297,Mini,Mini/9_7.tif,0.2932733640323163,False,0.1025900388606466,True,False,0.044046643155511767,,,-0.010928036991261492,True,False,-0.13570864502489641,True,True
1298,Mini,Mini/9_8.tif,0.19208527980803952,False,0.075798205326296719,True,False,0.020244434577723014,,,-0.005599653184191894,True,False,-0.090442986719827895,True,True
1299,Mini,Mini/9_9.tif,0.067591246955402723,False,-0.016399299749996488,False,False,-0.017396323727704721,,,0.014685356626729096,False,False,0.019110266850972418,False,False
1300,Pencil,Pencil/1-1.tif,0.35292213606472056,True,0.11881371256920017,True,False,0.057647355463160105,,,-0.098772982394616488,True,False,-0.077688085637743792,True,True
1301,Pencil,Pencil/1-10.tif,0.59345657912469063,True,0.23331636212712786,True,True,0.063411927435217508,,,-0.15413289222505472,True,True,-0.1425953973372906,True,True
1302,Pencil,Pencil/1-2.tif,0.53487369965821163,True,0.20619719098666983,True,True,0.061239658842436095,,,-0.1360324415354438,True,True,-0.1314044082936619,True,True
1303,Pencil,Pencil/1-3.tif,0.49858983870774676,False,0.22680910959325759,True,False,0.022485809760615816,,,-0.11589194387144772,True,False,-0.13340297548242561,True,True
1304,Pencil,Pencil/1-4.tif,0.30386964601321742,True,0.10998527482660148,True,True,0.041949548180007012,,,-0.061519838267360016,True,True,-0.090414984739248888,True,True
1305,Pencil,Pencil/1-5.tif,0.24994573804398332,False,0.050908848198943202,True,False,0.074064020823048415,,,-0.065701129661347307,True,False,-0.059271739360644393,True,False
1306,Pencil,Pencil/1-6.tif,0.55158668275351563,True,0.20396768789184155,True,True,0.071825653484916291,,,-0.15250200915611808,True,True,-0.1232913322206397,True,True
1307,Pencil,Pencil/1-7.tif,0.50000295832634378,True,0.23011522120138578,True,True,0.019886257961786197,,,-0.088557389440159284,True,True,-0.16144408972301258,True,True
1308,Pencil,Pencil/1-8.tif,0.33821810690164411,False,0.10270721179955344,True,False,0.066401841651268695,,,-0.10516019063047469,True,False,-0.063948862820347313,True,False
1309,Pencil,Pencil/1-9.tif,0.18641117893495165,False,0.093205589467475813,True,False,-0.00090564070778303973,,,-0.035301151632265493,True,False,-0.056998797127427309,True,False
1310,Pencil,Pencil/10-1.tif,0.31091757284357724,True,0.12079543377956126,True,False,0.034663352642227502,,,-0.10892637145723658,True,True,-0.046532414964551905,True,False
1311,Pencil,Pencil/10-10.tif,0.20080769751087674,False,0.078825642932188189,True,False,0.021578205823250096,,,-0.074417449401706137,True,False,-0.025986399353732315,True,False
1312,Pencil,Pencil/10-2.tif,0.35543328424702592,True,0.15850288543987823,True,True,0.019213756683634786,,,-0.10521910002716142,True,True,-0.072497542096351508,True,False
1313,Pencil,Pencil/10-3.tif,0.15786913933834668,False,0.048174387640958771,True,False,0.030760182028214789,,,-0.057036359385758018,True,False,-0.021898210283415098,True,False
1314,Pencil,Pencil/10-4.tif,0.39002968811785593,True,0.15149162151160478,True,True,0.043523222547323215,,,-0.11521938121222361,True,True,-0.079795462846704301,True,True
1315,Pencil,Pencil/10-5.tif,0.097162885027804846,False,0.031665340920923213,True,False,0.01691610159297921,,,-0.046312281870237337,True,False,-0.0022691606436650857,True,False
1316,Pencil,Pencil/10-6.tif,0.23968122335271283,False,0.084754138430190917,True,False,0.035086473246165512,,,-0.074099100863135897,True,False,-0.045741510813220504,True,False
1317,Pencil,Pencil/10-7.tif,0.31231199633991558,True,0.1089968241296857,True,True,0.047159174040271978,,,-0.087927169949886613,True,True,-0.068228828220071314,True,True
1318,Pencil,Pencil/10-8.tif,0.24569145125703193,True,0.077500716931168528,True,False,0.045345008697347616,,,-0.052647939169957803,True,True,-0.070197786458557981,True,True
1319,Pencil,Pencil/10-9.tif,0.26755947142306713,True,0.13377973571153351,True,True,-0.028005401839963029,,,-0.026893685818442092,True,True,-0.078880648053128499,True,False
1320,Pencil,Pencil/2-1.tif,0.36879417212288612,True,0.106204946997393,True,True,0.078192139064050203,,,-0.070285598896666496,True,True,-0.1141114871647764,True,True
1321,Pencil,Pencil/2-10.tif,0.091945109067394976,False,0.015594816261046002,True,False,0.030377738272651333,,,-0.026201377483166532,True,False,-0.019771177050531108,True,False
1322,Pencil,Pencil/2-2.tif,0.32842410704900038,False,0.061404103260640081,True,False,0.10280795026386019,,,-0.074229368262307222,True,False,-0.089982685262192899,True,False
1323,Pencil,Pencil/2-3.tif,0.20688828663208678,True,0.080112915653419187,True,True,0.02333122766262441,,,-0.044812937359826083,True,True,-0.058631205956217097,True,False
1324,Pencil,Pencil/2-4.tif,0.1140659867436967,False,0.047080973966651729,True,False,0.0099520194051966882,,,-0.018303922698049091,True,False,-0.038729070673799187,True,False
1325,Pencil,Pencil/2-5.tif,0.27484473631264994,False,0.13742236815632491,True,False,-0.00081060685164510704,,,-0.11091462221686713,True,True,-0.025697139087812806,True,False
1326,Pencil,Pencil/2-6.tif,0.29702017218248394,True,0.135619678593077,True,True,0.012890407498164946,,,-0.048868813085458984,True,True,-0.099641273005783015,True,True
1327,Pencil,Pencil/2-7.tif,0.065827008136181503,False,0.028526443308493188,True,False,0.0043870607595977162,,,-0.019927175544545095,True,False,-0.012986328523545504,True,False
1328,Pencil,Pencil/2-8.tif,0.20702796283798083,True,0.064258776801183887,True,True,0.039255204617806627,,,-0.052408781707186602,True,True,-0.051105199711803717,True,True
1329,Pencil,Pencil/2-9.tif,0.10387355456411562,False,0.049797149665069623,True,False,0.0021396276169882156,,,-0.048448537614830284,True,True,-0.0034882396672274996,True,False
1330,Pencil,Pencil/3-1.tif,0.30172321382457468,True,0.14768620017425887,True,True,0.0031754067380284079,,,-0.058413967769970099,True,False,-0.092447639142317295,True,True
1331,Pencil,Pencil/3-10.tif,0.32520221267707183,True,0.16260110633853603,True,True,-0.0041672766905629932,,,-0.069970855015716815,True,True,-0.088462974632255997,True,True
1332,Pencil,Pencil/3-2.tif,0.17238850446905463,False,0.086194252234527285,True,False,-0.024621461636434916,,,-0.045950049928030534,True,True,-0.015622740670061891,True,False
1333,Pencil,Pencil/3-3.tif,0.32067891534246445,True,0.149117679919157,True,True,0.011221777752075224,,,-0.072287533082335126,True,True,-0.088051924588897101,True,True
1334,Pencil,Pencil/3-4.tif,0.29024784104059659,True,0.12969735948290051,True,True,0.015426561037397701,,,-0.067869477216527779,True,True,-0.077254443303770598,True,True
1335,Pencil,Pencil/3-5.tif,0.17772148700963702,False,0.088860743504818512,True,True,-0.016040797022730202,,,-0.038012287713098614,True,True,-0.034807658768989697,True,False
1336,Pencil,Pencil/3-6.tif,0.18778133040452899,True,0.085774597420097798,True,True,-0.057218154724904491,,,-0.036672510477360198,True,True,0.0081160677821665028,False,False
1337,Pencil,Pencil/3-7.tif,0.15866015185097049,True,0.066629393296577161,True,False,-0.040088436433925512,,,-0.039241639491559815,True,True,0.012700682628908,False,False
1338,Pencil,Pencil/3-8.tif,0.30092870603064048,True,0.1504643530153203,True,True,-0.0428299610643669,,,-0.082734706855320111,True,True,-0.024899685095633201,True,False
1339,Pencil,Pencil/3-9.tif,0.29916458105834748,False,0.075506462160963711,True,False,0.074075828368210084,,,-0.064351058380808096,True,False,-0.085231232148365588,True,False
1340,Pencil,Pencil/4-1.tif,0.19088253945916411,False,0.079110539853465223,True,False,0.016330729876116806,,,-0.034220657501441987,True,False,-0.061220612228140098,True,False
1341,Pencil,Pencil/4-10.tif,0.1017515641937414,False,-0.0225969104846927,False,False,0.017348283132123304,,,0.03352749896474741,False,False,-0.028278871612177986,True,False
1342,Pencil,Pencil/4-2.tif,0.37306355812259451,True,0.1792147617916155,True,True,0.0073170172696817026,,,-0.087630473560858207,True,True,-0.098901305500439102,True,True
1343,Pencil,Pencil/4-3.tif,0.27893587764723965,False,0.11571992395651426,True,False,0.023748014867105705,,,-0.074830275632775584,True,True,-0.064637663190844102,True,False
1344,Pencil,Pencil/4-4.tif,0.30399476800849823,False,0.11599036779548783,True,False,0.036007016208761289,,,-0.062108714034229406,True,False,-0.089888669970019694,True,True
1345,Pencil,Pencil/4-5.tif,0.094734392074063589,False,0.047367196037031711,True,False,-0.021528489519928612,,,-0.020716615216849976,True,False,-0.0051220913002532897,True,False
1346,Pencil,Pencil/4-6.tif,0.074255967195705458,False,0.031713481347587669,True,False,0.0054145022502648799,,,-0.0032158604642920086,True,False,-0.033912123133560901,True,False
1347,Pencil,Pencil/4-7.tif,0.30945128737167604,False,0.12236604923013999,True,True,0.032359594455697999,,,-0.068421631213613304,True,True,-0.086304012472224717,True,False
1348,Pencil,Pencil/4-8.tif,0.1456716387504581,True,0.061646690507548729,True,True,0.011189128867680143,,,-0.038376792048740421,True,True,-0.034459027326488811,True,False
1349,Pencil,Pencil/4-9.tif,0.19252092639200435,False,0.032015437006479963,True,False,0.064245026189522214,,,-0.044452540023445092,True,False,-0.051807923172557099,True,False
1350,Pencil,Pencil/5-1.tif,0.35044352444117366,True,0.17522176222058669,True,True,-0.032417683186008711,,,-0.068927703053502432,True,True,-0.073876375981075798,True,True
1351,Pencil,Pencil/5-10.tif,0.24044056414968512,True,0.11406868426437258,True,True,0.006151597810469922,,,-0.038326535774856618,True,False,-0.081893746299985998,True,True
1352,Pencil,Pencil/5-2.tif,0.29999384949517138,True,0.14999692474758561,True,True,-0.027632264843428483,,,-0.066280346009662205,True,True,-0.056084313894495114,True,True
1353,Pencil,Pencil/5-3.tif,0.19798023352895139,True,0.098990116764475777,True,True,-0.030254966253850102,,,-0.026982919287593221,True,False,-0.041752231223032288,True,True
1354,Pencil,Pencil/5-4.tif,0.3168274987623429,True,0.15841374938117159,True,True,-0.025310642982616316,,,-0.064714276420409084,True,True,-0.06838882997814591,True,True
1355,Pencil,Pencil/5-5.tif,0.31201240152099918,True,0.15600620076049962,True,True,-0.027804762041215791,,,-0.070425046342173586,True,True,-0.057776392377110186,True,False
1356,Pencil,Pencil/5-6.tif,0.46377946380110502,True,0.23188973190055251,True,True,-0.030822440812854096,,,-0.073161088239461602,True,True,-0.12790620284823678,True,True
1357,Pencil,Pencil/5-7.tif,0.32471874341341644,True,0.16235937170670842,True,True,-0.010858906710427774,,,-0.066435498121914183,True,True,-0.085064966874366085,True,True
1358,Pencil,Pencil/5-8.tif,0.36865418954317519,True,0.18432709477158768,True,True,-0.014005431920178002,,,-0.075016907297423663,True,True,-0.095304755553985904,True,True
1359,Pencil,Pencil/5-9.tif,0.46639286597053686,True,0.2331964329852684,True,True,-0.026625576052627803,,,-0.10325210638503809,True,True,-0.10331875054760251,True,True
1360,Pencil,Pencil/6-1.tif,0.26795739601304558,True,0.13165095586749881,True,True,0.0023277421390239805,,,-0.02576306065308398,True,False,-0.10821563735343881,True,True
1361,Pencil,Pencil/6-10.tif,0.073109495337689401,False,0.027618784247199102,True,False,0.0089359634216455985,,,-0.012423317211671003,True,False,-0.024131430457173697,True,False
1362,Pencil,Pencil/6-2.tif,0.31721968907741505,True,0.1444235379798092,True,True,0.014186306558898132,,,-0.071410343519154901,True,True,-0.087199501019552803,True,True
1363,Pencil,Pencil/6-3.tif,0.15066409066222769,False,-0.024838587170844972,False,False,0.041503429786766521,,,0.033828615544347407,False,False,-0.050493458160268789,True,False
1364,Pencil,Pencil/6-4.tif,0.35771594490994246,True,0.082751567012823019,True,True,0.096106405442148157,,,-0.054838431796333686,True,True,-0.12401954065863759,True,True
1365,Pencil,Pencil/6-5.tif,0.36186501961633077,True,0.18093250980816541,True,True,-0.0026212641820319016,,,-0.076155808401120295,True,True,-0.10215543722501319,True,True
1366,Pencil,Pencil/6-6.tif,0.44274487060809958,True,0.207847061484493,True,True,0.013525373819556707,,,-0.0976862699412131,True,True,-0.12368616536283679,True,True
1367,Pencil,Pencil/6-7.tif,0.50348753116072387,True,0.21994234860366149,True,True,0.031801416976700303,,,-0.085331290566929896,True,True,-0.16641247501343209,True,True
1368,Pencil,Pencil/6-8.tif,0.16199578545900742,False,0.073333607896697822,True,True,0.00766428483280579,,,-0.015904114005349801,True,False,-0.065093778724154006,True,True
1369,Pencil,Pencil/6-9.tif,0.34772314652727004,True,0.17386157326363497,True,True,-0.030918919317209692,,,-0.073323913887381492,True,True,-0.069618740059043893,True,True
1370,Pencil,Pencil/7-1.tif,0.19501111477921326,True,0.067375678102601116,True,False,0.030129879287005668,,,-0.056741824342876584,True,True,-0.040763733046729894,True,False
1371,Pencil,Pencil/7-10.tif,0.28865006249685299,True,0.096686138663379217,True,False,0.047638892585047277,,,-0.038091841862630094,True,False,-0.10623318938579639,True,False
1372,Pencil,Pencil/7-2.tif,0.21364519034057869,False,0.086279913998266872,True,False,0.020542681172022403,,,-0.051072409780607703,True,False,-0.055750185389681711,True,False
1373,Pencil,Pencil/7-3.tif,0.18813862745331594,False,0.074670755584865134,True,False,0.01939855814179281,,,-0.032848183841092005,True,False,-0.061221129885565995,True,False
1374,Pencil,Pencil/7-4.tif,0.35756160281437466,False,0.15153099587263946,True,False,0.027249805534547894,,,-0.054158726153602399,True,False,-0.12462207525358489,True,True
1375,Pencil,Pencil/7-5.tif,0.27206104082177651,False,0.083642111142535114,True,False,0.052388409268352976,,,-0.024582158845134594,True,False,-0.11144836156575381,True,False
1376,Pencil,Pencil/7-6.tif,0.2063328256496616,True,0.094435454481045705,True,True,0.0087309583437850669,,,-0.029172981512199714,True,False,-0.0739934313126311,True,True
1377,Pencil,Pencil/7-7.tif,0.12624343942008412,False,0.025600674501437104,True,False,0.03752104520860472,,,-0.029386421395764306,True,False,-0.033735298314277989,True,False
1378,Pencil,Pencil/7-8.tif,0.069654060067650375,False,0.027481704015612951,True,True,-0.0046073122699322178,,,-0.030219717763893011,True,False,0.0073453260182121949,False,False
1379,Pencil,Pencil/7-9.tif,0.14013008164671534,False,0.068926335354786511,True,False,0.0011387054685711995,,,-0.023364656142067119,True,False,-0.046700384681290508,True,False
1380,Pencil,Pencil/8-1.tif,0.37880768992217612,True,0.17701657876502991,True,True,0.012387266196058178,,,-0.10367903359564931,True,True,-0.085724811365438705,True,True
1381,Pencil,Pencil/8-10.tif,0.32774096844398193,False,0.16387048422199108,True,False,-0.041917595701107202,,,-0.023716696529048092,True,False,-0.098236191991835586,True,False
1382,Pencil,Pencil/8-2.tif,0.24838241871444999,True,0.12419120935722508,True,True,-0.011881579569079592,,,-0.048202537192042816,True,True,-0.064107092596102505,True,False
1383,Pencil,Pencil/8-3.tif,0.46074351425832577,True,0.23037175712916286,True,True,-0.009717688175147482,,,-0.1113661889742858,True,True,-0.10928787997972961,True,True
1384,Pencil,Pencil/8-4.tif,0.43245193535177223,True,0.21622596767588614,True,True,-0.0026618198715843144,,,-0.086435535048417167,True,True,-0.12712861275588461,True,True
1385,Pencil,Pencil/8-5.tif,0.33127214781926573,True,0.15799450440210061,True,True,0.0076415695075323087,,,-0.076028427502110113,True,True,-0.089607646407522681,True,True
1386,Pencil,Pencil/8-6.tif,0.22233214356199013,True,0.11116607178099491,True,True,-0.026035411295438987,,,-0.036778463157228214,True,False,-0.048352197328328017,True,False
1387,Pencil,Pencil/8-7.tif,0.35319244671754657,False,0.17659622335877323,True,True,-0.0019390922626298934,,,-0.072360054726486517,True,False,-0.10229707636965692,True,False
1388,Pencil,Pencil/8-8.tif,0.25080649467557831,True,0.10609166042923251,True,True,0.019311586908556694,,,-0.068280694296111777,True,True,-0.057122553041677321,True,True
1389,Pencil,Pencil/8-9.tif,0.37278479064558351,True,0.18639239532279173,True,True,-0.022386535367155708,,,-0.090802752593642982,True,True,-0.073203107361993092,True,True
1390,Pencil,Pencil/9-1.tif,0.31886764933313727,True,0.15943382466656864,True,True,-0.016099835747523161,,,-0.06192300242228499,True,True,-0.081410986496760485,True,True
1391,Pencil,Pencil/9-10.tif,0.31826642820556772,True,0.15913321410278397,True,True,-0.019043949846360875,,,-0.061351719636396379,True,True,-0.078737544620026509,True,True
1392,Pencil,Pencil/9-2.tif,0.30537183817073976,True,0.15268591908536999,True,True,-0.042319390347716868,,,-0.060366231317268815,True,True,-0.050000297420384088,True,True
1393,Pencil,Pencil/9-3.tif,0.27045930813818275,True,0.13522965406909149,True,True,-0.0055929672617353043,,,-0.069265318618432686,True,True,-0.060371368188923302,True,False
1394,Pencil,Pencil/9-4.tif,0.38101983863360145,True,0.19050991931680061,True,True,-0.0056947889700332821,,,-0.079076922468950511,True,True,-0.1057382078778171,True,True
1395,Pencil,Pencil/9-5.tif,0.3183474277403161,True,0.15917371387015811,True,True,-0.028257143299305787,,,-0.071133624185612893,True,True,-0.059782946385239316,True,True
1396,Pencil,Pencil/9-6.tif,0.19135313215497435,False,0.091084992672191112,True,False,-0.044982691359213733,,,0.0045915734052959789,False,False,-0.05069387471827351,True,False
1397,Pencil,Pencil/9-7.tif,0.480804808934571,True,0.24040240446728561,True,True,-0.028631870084629307,,,-0.10028413090593899,True,True,-0.11148640347671711,True,True
1398,Pencil,Pencil/9-8.tif,0.10512680312467063,True,0.051224583147476355,True,False,0.0013388184148588889,,,-0.0039763883698255842,True,False,-0.048587013192509798,True,True
1399,Pencil,Pencil/9-9.tif,0.29735760487486462,True,0.14867880243743242,True,True,-0.041967327230489987,,,-0.045827263230113491,True,False,-0.060884211976828695,True,False
1400,Sarong,Sarong/10_1.tif,0.14781625879266047,False,0.030365932526979111,True,False,0.04354219686935118,,,-0.041416391664357871,True,False,-0.032491737731972309,True,False
1401,Sarong,Sarong/10_10.tif,0.48261090509078852,True,0.1961096120863523,True,True,0.045195840459041903,,,-0.1085802456567278,True,True,-0.13272520688866651,True,True
1402,Sarong,Sarong/10_2.tif,0.40639808115381326,True,0.17210646418432873,True,True,0.031092576392578009,,,-0.061769302162233419,True,False,-0.1414297384146731,True,True
1403,Sarong,Sarong/10_3.tif,0.45369384007533825,True,0.22684692003766926,True,True,-0.014640460836646413,,,-0.11942967595987727,True,True,-0.0927767832411453,True,True
1404,Sarong,Sarong/10_4.tif,0.24757667649299545,True,0.12171889697700028,True,True,0.002069441269497263,,,-0.047208867887329198,True,True,-0.076579470359168705,True,False
1405,Sarong,Sarong/10_5.tif,0.3517044616563465,True,0.15311742462177741,True,True,0.022734806206395813,,,-0.0511582324277218,True,False,-0.12469399840045148,True,True
1406,Sarong,Sarong/10_6.tif,0.49196957747801012,False,0.18300949517776016,True,False,0.062975293561244983,,,-0.12270667410852309,True,False,-0.12327811463048188,True,False
1407,Sarong,Sarong/10_7.tif,0.44618424534749951,True,0.18395235422066308,True,True,0.039139768453086671,,,-0.11557795633932849,True,True,-0.1075141663344213,True,True
1408,Sarong,Sarong/10_8.tif,0.30754456338122899,True,0.13927074758742508,True,True,0.014501534103189301,,,-0.075226307842817614,True,True,-0.07854597384779699,True,True
1409,Sarong,Sarong/10_9.tif,0.26701258572626169,False,0.13350629286313082,True,False,-0.015270185742611714,,,-0.02415555528496488,True,False,-0.094080551835554291,True,True
1410,Sarong,Sarong/1_1.tif,0.11866295063507459,False,0.033169416410275876,True,False,0.026162058907261504,,,-0.022125643563500108,True,False,-0.037205831754037105,True,False
1411,Sarong,Sarong/1_10.tif,0.43712989837952837,True,0.1855253932822189,True,True,0.033039555907545287,,,-0.086687218284246692,True,True,-0.13187773090551752,True,True
1412,Sarong,Sarong/1_2.tif,0.20286685897328049,False,0.032372398697924909,True,False,0.069061030788715172,,,-0.025904713956055314,True,False,-0.075528715530585114,True,False
1413,Sarong,Sarong/1_3.tif,0.24609814676303401,False,0.12304907338151699,True,False,-0.0044595133020103039,,,-0.040511619883023209,True,True,-0.078077940196483508,True,False
1414,Sarong,Sarong/1_4.tif,0.43353448154099694,True,0.17856905251856331,True,True,0.038198188251935217,,,-0.089449294251561284,True,True,-0.12731794651893713,True,False
1415,Sarong,Sarong/1_5.tif,0.45298017302939109,True,0.17569384643892244,True,True,0.050796240075773103,,,-0.059451078137296387,True,True,-0.16703900837739918,True,True
1416,Sarong,Sarong/1_6.tif,0.48438796248170507,True,0.20309072930023203,True,True,0.039103251940620615,,,-0.085150826673019986,True,True,-0.15704315456783241,True,True
1417,Sarong,Sarong/1_78.tif,0.37053893204597971,False,0.1190921111952763,True,False,0.066177354827713614,,,-0.043700938631370506,True,False,-0.14156852739161929,True,True
1418,Sarong,Sarong/1_8.tif,0.2565094930261691,False,0.10290587841749482,True,False,0.02534886809558981,,,-0.014774253675306409,True,False,-0.11348049283777809,True,False
1419,Sarong,Sarong/1_9.tif,0.42604854128007552,True,0.16663054959285872,True,True,0.046393721047179176,,,-0.080184270880221287,True,True,-0.13283999975981631,True,True
1420,Sarong,Sarong/2_1.tif,0.20050939093158737,True,0.085863951973711994,True,True,0.014390743492081665,,,-0.018944540881832533,True,False,-0.081310154583961181,True,True
1421,Sarong,Sarong/2_10.tif,0.31390630517065654,True,0.11916272675671591,True,True,0.037790425828612417,,,-0.050090360455572275,True,True,-0.10686279212975591,True,True
1422,Sarong,Sarong/2_2.tif,0.20804829031842881,True,0.092633968821920709,True,True,0.011390176337293778,,,-0.049736783013751618,True,True,-0.054287362145462703,True,True
1423,Sarong,Sarong/2_3.tif,0.33300766729425729,True,0.14332934455916096,True,True,0.023174489087967598,,,-0.040822010079115012,True,False,-0.12568182356801372,True,True
1424,Sarong,Sarong/2_4.tif,0.17578679766514158,False,0.067450144326620665,True,False,0.020443254505950109,,,-0.0037469947141151871,True,False,-0.084146404118455614,True,True
1425,Sarong,Sarong/2_5.tif,0.22446947551888802,True,0.094446530407534424,True,True,0.017788207351909613,,,-0.035685872596780882,True,True,-0.076548865162663099,True,True
1426,Sarong,Sarong/2_6.tif,0.33467057824605717,True,0.12481329333377061,True,True,0.042521995789257916,,,-0.046151367825903927,True,True,-0.12118392129712471,True,True
1427,Sarong,Sarong/2_7.tif,0.23058457509572836,True,0.1113471189327751,True,True,0.0039451686150890897,,,-0.04365053981457187,True,True,-0.071641747733292294,True,True
1428,Sarong,Sarong/2_8.tif,0.27943475837157467,False,0.1187098229546717,True,False,0.021007556231115387,,,-0.069166779075997387,True,False,-0.07055060010979021,True,False
1429,Sarong,Sarong/2_9.tif,0.2483359678503155,True,0.090055009758697874,True,True,0.034112974166459781,,,-0.033681477044537333,True,False,-0.090486506880620515,True,True
1430,Sarong,Sarong/3_1.tif,0.21765148858132993,False,0.10852598664156782,True,False,0.00029975764909700997,,,-0.039455599059162905,True,False,-0.0693701452315022,True,False
1431,Sarong,Sarong/3_10.tif,0.29360808139665445,True,0.1468040406983272,True,True,-0.017323297358052159,,,-0.056212370497826791,True,True,-0.073268372842448304,True,True
1432,Sarong,Sarong/3_2.tif,0.2931081625318413,True,0.14655408126592059,True,True,-0.0092983415829301919,,,-0.048981991240071299,True,True,-0.0882737484429192,True,True
1433,Sarong,Sarong/3_3.tif,0.40965992175088151,True,0.20482996087544075,True,True,-0.040502055201690784,,,-0.081720492097777986,True,True,-0.082607413575971983,True,True
1434,Sarong,Sarong/3_4.tif,0.33688159547588403,True,0.15645874406571364,True,True,0.011982053672228515,,,-0.084006226046888094,True,True,-0.084434571691053811,True,True
1435,Sarong,Sarong/3_5.tif,0.22108417058535118,True,0.10611595861781747,True,True,0.0044261266748580885,,,-0.075222874720974414,True,False,-0.035319210571701204,True,False
1436,Sarong,Sarong/3_6.tif,0.33088669484787225,True,0.16544334742393618,True,True,-0.031613169260379492,,,-0.060466500072803797,True,True,-0.073363678090752782,True,True
1437,Sarong,Sarong/3_7.tif,0.35016102440277286,True,0.17508051220138648,True,True,-0.0052392200986858817,,,-0.062192849513672183,True,True,-0.1076484425890283,True,True
1438,Sarong,Sarong/3_8.tif,0.23652976019520655,True,0.11826488009760322,True,True,-0.031949802285195117,,,-0.055696491292520328,True,True,-0.030618586519887886,True,False
1439,Sarong,Sarong/3_9.tif,0.35481804664988281,True,0.16915057232490477,True,True,0.0082584510000364986,,,-0.074779853392690498,True,True,-0.102629169932251,True,True
1440,Sarong,Sarong/4_1.tif,0.27989069605414879,False,0.052431097981583685,True,False,0.087514250045490571,,,-0.017400145452921623,True,False,-0.1225452025741529,True,False
1441,Sarong,Sarong/4_10.tif,0.2262344481947805,False,0.11311722409739028,True,False,-0.0020707591100609379,,,-0.044712643754501291,True,False,-0.066333821232827994,True,False
1442,Sarong,Sarong/4_2.tif,0.12617298163264087,False,0.063086490816320451,True,False,-0.026955566644891127,,,-0.0068029934368346034,True,False,-0.029327930734594693,True,False
1443,Sarong,Sarong/4_3.tif,0.18209887340885103,True,0.091049436704425279,True,True,-0.0092871550489637134,,,-0.040348354936533326,True,True,-0.041413926718928712,True,True
1444,Sarong,Sarong/4_4.tif,0.46726198080463205,True,0.23363099040231611,True,True,-0.013271755433551025,,,-0.10211101309333789,True,True,-0.118248221875427,True,True
1445,Sarong,Sarong/4_5.tif,0.23644076680861448,True,0.11822038340430729,True,True,-0.0098803329903188186,,,-0.058501853212263366,True,True,-0.049838197201724985,True,False
1446,Sarong,Sarong/4_6.tif,0.42642339205050717,True,0.1863460232884091,True,True,0.026865672736844509,,,-0.06976341275233558,True,True,-0.143448283272918,True,True
1447,Sarong,Sarong/4_7.tif,0.4050813073107854,True,0.2025406536553927,True,True,-0.017964101724522175,,,-0.10476934068867783,True,True,-0.079807211242192699,True,True
1448,Sarong,Sarong/4_8.tif,0.31757807458028209,True,0.13976876381176789,True,True,0.019020273478373206,,,-0.085281076746645812,True,True,-0.073507960543495204,True,False
1449,Sarong,Sarong/4_9.tif,0.4161866202956041,True,0.18679116960377135,True,True,0.021302140544030873,,,-0.068544275068517596,True,True,-0.13954903507928429,True,True
1450,Sarong,Sarong/5+8.tif,0.37910961925940667,True,0.15528290869432565,True,True,0.034271900935377714,,,-0.088843801896716784,True,True,-0.10071100773298651,True,True
1451,Sarong,Sarong/5_1.tif,0.40970297566579172,True,0.18723658339208954,True,True,0.017614904440806434,,,-0.076662695714929202,True,True,-0.12818879211796652,True,True
1452,Sarong,Sarong/5_10.tif,0.33721557961905768,True,0.14784139597031348,True,True,0.020766393839215191,,,-0.091316019521496317,True,True,-0.077291770288032705,True,True
1453,Sarong,Sarong/5_2.tif,0.30574030211622161,True,0.15287015105811069,True,True,-0.034818696206702915,,,-0.053300965423283692,True,True,-0.064750489428124308,True,True
1454,Sarong,Sarong/5_3.tif,0.32103921532520169,True,0.14421091110766149,True,True,0.016308696554939606,,,-0.087882670437841509,True,True,-0.072636937224759099,True,True
1455,Sarong,Sarong/5_4.tif,0.47818050169219289,True,0.23909025084609636,True,True,-0.048693929191280017,,,-0.11344669247472372,True,True,-0.076949629180092807,True,True
1456,Sarong,Sarong/5_5.tif,0.36116930707048051,True,0.17147070693033789,True,True,0.0091139466049025009,,,-0.074169637213243211,True,True,-0.1064150163219969,True,True
1457,Sarong,Sarong/5_6.tif,0.32468646191056327,True,0.15798322297770101,True,True,0.0043600079775806821,,,-0.091189445970170813,True,True,-0.071153784985110796,True,True
1458,Sarong,Sarong/5_7.tif,0.2764263908789204,True,0.13821319543946009,True,True,-0.056177251607816198,,,-0.075143928360840884,True,True,-0.0068920154708032033,True,False
1459,Sarong,Sarong/5_9.tif,0.29933573475539565,True,0.14966786737769783,True,True,-0.027317710575468612,,,-0.0638834100346653,True,True,-0.058466746767563901,True,False
1460,Sarong,Sarong/6_1.tif,0.26584326808165293,False,0.039191881117268318,True,False,0.093729752923558063,,,-0.054524363159026423,True,False,-0.07839727088180011,True,False
1461,Sarong,Sarong/6_10.tif,0.31895420859799911,False,0.041847416951903305,True,False,0.11762968734709617,,,-0.03070119754277173,True,False,-0.12877590675622791,True,True
1462,Sarong,Sarong/6_2.tif,0.067788356527171689,False,0.0014305333342293225,True,False,0.032463644929356494,,,-0.027836580112852671,True,False,-0.0060575981507332011,True,False
1463,Sarong,Sarong/6_3.tif,0.036584932013484533,False,0.010480366828200499,True,False,0.0078120991785418092,,,-0.0072210018347874105,True,False,-0.011071464171954815,True,False
1464,Sarong,Sarong/6_4.tif,0.26696064072057724,True,0.030456959043063059,True,False,0.10302336131722539,,,-0.044566500308145324,True,False,-0.088913820052143488,True,False
1465,Sarong,Sarong/6_5.tif,0.31590952201112404,True,0.061471313218971202,True,False,0.096483447786591015,,,-0.032808078310009314,True,False,-0.12514668269555251,True,True
1466,Sarong,Sarong/6_6.tif,0.22063412715462449,False,0.021879372112745599,True,False,0.088437691464566592,,,-0.0097234137104184049,True,False,-0.10059364986689391,True,False
1467,Sarong,Sarong/6_7.tif,0.095701909965575149,True,-0.019105126932110111,False,False,0.032829369039257095,,,-0.028745828050677658,True,False,0.015021585943530286,False,False
1468,Sarong,Sarong/6_8.tif,0.19402157817984347,False,0.029890843846504228,True,False,0.067119945243417356,,,-0.03267559799277589,True,False,-0.064335191097145999,True,False
1469,Sarong,Sarong/6_9.tif,0.13768091835832524,False,-0.024090514645671079,False,False,0.06884045917916265,,,-0.016245177145287892,True,False,-0.028504767388203622,True,False
1470,Sarong,Sarong/7_1.tif,0.38326147263862326,True,0.17011664379883207,True,True,0.021514092520479394,,,-0.063127137179214504,True,True,-0.12850359914009729,True,True
1471,Sarong,Sarong/7_10.tif,0.33839376873460403,False,0.16112509365777761,True,False,0.0080717907095244068,,,-0.063742705437605379,True,True,-0.10545417892969661,True,False
1472,Sarong,Sarong/7_2.tif,0.18106237294601679,False,0.013616162494337281,True,False,0.067154093826566896,,,0.0097609301521041913,False,False,-0.09053118647300841,True,False
1473,Sarong,Sarong/7_3.tif,0.45025580798407072,True,0.2020676958903746,True,True,0.023060208101660679,,,-0.088996571901709287,True,True,-0.13613133209032613,True,True
1474,Sarong,Sarong/7_4.tif,0.50414334013050277,True,0.20165754506559841,True,True,0.050414124999652921,,,-0.085851557016493191,True,True,-0.16622011304875828,True,True
1475,Sarong,Sarong/7_5.tif,0.54101379276428974,True,0.2367085683301812,True,True,0.033798328051963811,,,-0.1237156098437697,True,True,-0.146791286538375,True,True
1476,Sarong,Sarong/7_6.tif,0.17577293662662685,True,0.087886468313313482,True,True,-0.018946731791049498,,,-0.042544901329960472,True,True,-0.026394835192303401,True,False
1477,Sarong,Sarong/7_7.tif,0.53523139281887955,True,0.2054894081325444,True,True,0.062126288276895203,,,-0.11606587114857181,True,True,-0.1515498252608681,True,True
1478,Sarong,Sarong/7_8.tif,0.46029300363457953,True,0.20834456461689033,True,True,0.021801937200399496,,,-0.095131286508504914,True,True,-0.1350152153087848,True,True
1479,Sarong,Sarong/7_9.tif,0.32070755058743905,True,0.1557113556050978,True,True,0.0046424196886218072,,,-0.068709473334602866,True,True,-0.091644301959116603,True,True
1480,Sarong,Sarong/8_1.tif,0.27234352132438067,True,0.13617176066219022,True,True,-0.026564457283476534,,,-0.045042228262810791,True,True,-0.064565075115903106,True,True
1481,Sarong,Sarong/8_10.tif,0.35574985927319669,True,0.17787492963659829,True,True,-0.0090887208908750905,,,-0.069527559552631901,True,True,-0.099258649193091408,True,False
1482,Sarong,Sarong/8_2.tif,0.18662123650837345,False,0.093310618254186684,True,True,-0.012829861766277983,,,-0.047403909278995987,True,False,-0.033076847208912796,True,False
1483,Sarong,Sarong/8_3.tif,0.20538518369558323,True,0.10269259184779145,True,True,-0.019410150783128299,,,-0.06268933475784727,True,False,-0.020593106306816211,True,False
1484,Sarong,Sarong/8_4.tif,0.25526656862766195,True,0.12763328431383103,True,True,-0.013229496368134308,,,-0.050582246202404202,True,True,-0.063821541743292381,True,True
1485,Sarong,Sarong/8_5.tif,0.37350238639001021,True,0.18216395247529399,True,True,0.0045872407197111997,,,-0.061317523141858565,True,True,-0.12543367005314643,True,True
1486,Sarong,Sarong/8_6.tif,0.33134118813424418,True,0.16567059406712209,True,True,-0.023496114103551097,,,-0.080517054465647275,True,True,-0.061657425497923718,True,False
1487,Sarong,Sarong/8_7.tif,0.23270856472741272,True,0.11635428236370626,True,True,-0.024368533170939066,,,-0.039508336223218782,True,False,-0.052477412969548609,True,True
1488,Sarong,Sarong/8_8.tif,0.33231064559551116,True,0.14043616614629545,True,True,0.025719156651460101,,,-0.0433384132973266,True,True,-0.12281690950042899,True,True
1489,Sarong,Sarong/8_9.tif,0.24834179289126979,True,0.12417089644563489,True,True,-0.014765519717621578,,,-0.062502519561519421,True,True,-0.046902857166493894,True,True
1490,Sarong,Sarong/9_1.tif,0.3880800292011416,True,0.19404001460057069,True,True,-0.021725735396868118,,,-0.081242088575237292,True,True,-0.091072190628465499,True,False
1491,Sarong,Sarong/9_10.tif,0.34217473151805178,True,0.171087365759026,True,True,-0.031721580629849283,,,-0.083868717580664831,True,True,-0.055497067548511692,True,True
1492,Sarong,Sarong/9_2.tif,0.069841280430633174,False,-0.03492064021531649,False,False,0.0071937860993933622,,,0.0029179196435561161,False,False,0.024808934472367206,False,False
1493,Sarong,Sarong/9_3.tif,0.29879521318598828,False,0.13391084438350437,True,False,0.015486762209489718,,,-0.061239376308568488,True,False,-0.088158230284425695,True,False
1494,Sarong,Sarong/9_4.tif,0.27976398730197832,True,0.13988199365098919,True,True,-0.01401178693489441,,,-0.075447609678014699,True,True,-0.050422597038080011,True,True
1495,Sarong,Sarong/9_5.tif,0.32971791574002851,True,0.16485895787001431,True,True,-0.047192976406457782,,,-0.0673958857428682,True,True,-0.050270095720688204,True,True
1496,Sarong,Sarong/9_6.tif,0.25857577773254797,False,0.12928788886627385,True,False,-0.012391994675543527,,,-0.045492026510807498,True,False,-0.0714038676799231,True,True
1497,Sarong,Sarong/9_7.tif,0.30774176557193028,True,0.15387088278596517,True,True,-0.048847541398237798,,,-0.050122428209765618,True,False,-0.054900913177961697,True,True
1498,Sarong,Sarong/9_8.tif,0.24267147577123138,False,0.12133573788561558,True,False,-0.029498051510271683,,,-0.052333834385363126,True,True,-0.039503851989980993,True,False
1499,Sarong,Sarong/9_9.tif,0.26194318939248351,True,0.13097159469624181,True,True,-0.042646937690127923,,,-0.031813346318283281,True,True,-0.056511310687830496,True,True
1500,Shirt,Shirt/10_1.tif,0.21359186228199256,True,0.069357559674998293,True,True,0.037438371465998099,,,-0.029281854170116584,True,True,-0.0775140769708796,True,True
1501,Shirt,Shirt/10_10.tif,0.13559169270903934,True,0.054259455665394307,True,True,0.013536390689125433,,,-0.025073943956675393,True,False,-0.042721902397844208,True,False
1502,Shirt,Shirt/10_2.tif,0.2306116832452684,True,0.068673586912548074,True,True,0.046632254710086224,,,-0.054291536719580397,True,False,-0.061014304903053707,True,False
1503,Shirt,Shirt/10_3.tif,0.23745357122830665,True,0.083117348241244615,True,True,0.035609437372908781,,,-0.025651828482590955,True,False,-0.093074957131562303,True,True
1504,Shirt,Shirt/10_4.tif,0.16757177675285637,True,0.069391692030869673,True,True,0.014394196345558385,,,-0.029199574957227803,True,True,-0.054586313419200505,True,False
1505,Shirt,Shirt/10_5.tif,0.17755036491620238,True,0.066588744917694509,True,True,0.022186437540406723,,,-0.043488718972520934,True,True,-0.045286463485580214,True,True
1506,Shirt,Shirt/10_6.tif,0.21245312419934609,False,0.072101670389671607,True,True,0.034124891710001382,,,-0.035270022456735495,True,True,-0.070956539642937605,True,False
1507,Shirt,Shirt/10_7.tif,0.17994256279142495,True,0.067199663793772596,True,True,0.022771617601939964,,,-0.043853185863021116,True,True,-0.046118095532691278,True,True
1508,Shirt,Shirt/10_8.tif,0.19091642420430766,True,0.070486322346944186,True,True,0.024971889755209586,,,-0.02985092684538429,True,False,-0.065607285256769593,True,True
1509,Shirt,Shirt/10_9.tif,0.19340150700377351,False,0.058854123091015398,True,False,0.037846630410871329,,,-0.009174695356517909,True,False,-0.087526058145368874,True,False
1510,Shirt,Shirt/1_1.tif,0.15262221321692263,False,-0.010725038352665611,False,False,-0.055063856168867609,,,-0.010522212086928107,True,False,0.076311106608461299,False,False
1511,Shirt,Shirt/1_10.tif,0.089502845072955112,True,0.044751422536477709,True,True,-0.0011695233995960841,,,-0.024642797333611799,True,True,-0.01893910180326952,True,False
1512,Shirt,Shirt/1_2.tif,0.093909909357177163,True,0.040249594010615536,True,False,-0.011985245626601582,,,-0.03496970905198693,True,True,0.0067053606679731148,False,False
1513,Shirt,Shirt/1_3.tif,0.12836739537944308,True,0.064183697689721486,True,True,-0.010328992260261072,,,-0.037415223904208317,True,True,-0.016439481525252209,True,False
1514,Shirt,Shirt/1_4.tif,0.11248509462920606,True,0.045704072966187115,True,True,0.010538474348415594,,,-0.029529601378765147,True,True,-0.0267129459358382,True,False
1515,Shirt,Shirt/1_5.tif,0.11271378627063167,True,0.056356893135316,True,True,-0.0040449796686330974,,,-0.033217901950613471,True,False,-0.019094011516069098,True,False
1516,Shirt,Shirt/1_6.tif,0.22562952058265801,True,0.073310695396738595,True,True,0.039504064894590518,,,-0.030721819437615205,True,True,-0.082092940853713686,True,True
1517,Shirt,Shirt/1_7.tif,0.089869842806787725,False,0.036457434159429813,True,False,0.0084774872439642435,,,-0.035632188607354787,True,False,-0.0093027327960388817,True,False
1518,Shirt,Shirt/1_8.tif,0.10961590152230141,True,0.054807950761150831,True,True,-0.00060435478097481399,,,-0.029482629025077089,True,True,-0.024720966955098678,True,False
1519,Shirt,Shirt/1_9.tif,0.14379061531934001,True,0.069905416506174378,True,True,0.0019898911534958486,,,-0.029869263616202291,True,True,-0.042026044043467492,True,True
1520,Shirt,Shirt/2_1.tif,0.14243083068181978,True,0.05819949758853929,True,True,0.013015917752370709,,,-0.021724974999957569,True,False,-0.049490440340952208,True,True
1521,Shirt,Shirt/2_10.tif,0.11161230112251064,True,0.0487415408947309,True,False,0.0070646096665244462,,,-0.037034959818594393,True,True,-0.018771190742660898,True,False
1522,Shirt,Shirt/2_2.tif,0.15789508840281694,True,0.078947544201408287,True,False,-0.0044030211623893312,,,-0.026118496030205107,True,False,-0.04842602700881421,True,False
1523,Shirt,Shirt/2_3.tif,0.18428667044187982,True,0.075771945721925804,True,True,0.016371389499014233,,,-0.046249489582290582,True,True,-0.045893845638649206,True,False
1524,Shirt,Shirt/2_4.tif,0.13649086328289753,True,0.013355411395174016,True,False,-0.049533329438097462,,,-0.018712102203351233,True,False,0.054890020246274818,False,False
1525,Shirt,Shirt/2_5.tif,0.23233616191230372,False,0.071092281299146715,True,True,0.045075799657005311,,,-0.023243665120581181,True,True,-0.092924415835570498,True,False
1526,Shirt,Shirt/2_6.tif,0.1002832502699148,True,0.050141625134957402,True,True,-0.00016539982291430277,,,-0.026835687625585691,True,False,-0.023140537686457407,True,False
1527,Shirt,Shirt/2_7.tif,0.12124564115782849,True,0.041274193956231997,True,True,0.019348626622682108,,,-0.04226064121596268,True,True,-0.018362179362951703,True,False
1528,Shirt,Shirt/2_8.tif,0.21572223075019087,True,0.088109439513739979,True,True,0.0197516758613554,,,-0.043230698890985797,True,True,-0.064630416484109693,True,False
1529,Shirt,Shirt/2_9.tif,0.15609171024481527,True,0.070182561132958676,True,True,0.0078632939894490161,,,-0.049979956864765085,True,True,-0.028065898257642496,True,False
1530,Shirt,Shirt/3-10.tif,0.23175988671928222,True,0.081653812511156026,True,True,0.034226130848485192,,,-0.029043774023684688,True,True,-0.086836169335956295,True,False
1531,Shirt,Shirt/3_1.tif,0.1798968913234324,True,0.068318141261866,True,True,0.021630304399850198,,,-0.038577812361373975,True,True,-0.051370633300342222,True,True
1532,Shirt,Shirt/3_2.tif,0.1300545847828975,True,0.065027292391448721,True,True,-0.0016677730494379928,,,-0.037099088703514804,True,False,-0.026260430638495993,True,False
1533,Shirt,Shirt/3_3.tif,0.059423503184826698,False,0.0059726845032485876,True,False,-0.029346924513598605,,,-0.00036482707881468901,True,False,0.023739067089164817,False,False
1534,Shirt,Shirt/3_4.tif,0.078198120056701764,True,0.03792646189094151,True,False,0.0011725981374092753,,,-0.00508284736259218,True,False,-0.034016212665758799,True,False
1535,Shirt,Shirt/3_5.tif,0.070871909528465088,False,0.035435954764232697,True,False,-0.0046408121244616019,,,-0.02293124778689809,True,False,-0.0078638948528726993,True,False
1536,Shirt,Shirt/3_6.tif,0.14956109514157173,False,0.057280733744817292,True,True,0.017499813825968435,,,-0.062987528445752783,True,True,-0.011793019125033222,True,False
1537,Shirt,Shirt/3_7.tif,0.076508331791610568,False,0.038254165895805214,True,False,-0.0017529043940276434,,,-0.024770437119324917,True,False,-0.011730824382452792,True,False
1538,Shirt,Shirt/3_8.tif,0.12523119763352261,True,0.05525697364212101,True,True,0.0073586251746403097,,,-0.027918546117921883,True,False,-0.034697052698839409,True,False
1539,Shirt,Shirt/3_9.tif,0.16046712909296693,True,0.056037929948372006,True,False,0.024195634598111415,,,-0.0072355738512188128,True,False,-0.072997990695264692,True,True
1540,Shirt,Shirt/4_1.tif,0.31358753409328755,False,0.040741973013639576,True,False,0.1160517940330042,,,-0.051200795900172708,True,True,-0.10559297114647109,True,False
1541,Shirt,Shirt/4_10.tif,0.1126909602301375,True,0.046535646408534109,True,True,0.0098098337065344876,,,-0.035362909829273786,True,False,-0.020982570285795116,True,False
1542,Shirt,Shirt/4_2.tif,0.054509265382473054,False,0.026643941043983099,True,False,0.00061069164725346958,,,-0.0091885019047677763,True,False,-0.018066130786468709,True,False
1543,Shirt,Shirt/4_3.tif,0.14995112396044183,False,0.059211347781179174,True,True,0.015764214199041671,,,-0.037692706263642184,True,True,-0.0372828557165788,True,False
1544,Shirt,Shirt/4_4.tif,0.12810516851497236,True,-0.036137904725100201,False,False,-0.027914679532386077,,,0.024759707382084994,False,False,0.039292876875401089,False,False
1545,Shirt,Shirt/4_5.tif,0.061751585878922766,False,0.030875792939461383,True,True,-0.00045759196761779863,,,-0.020999468422652989,True,False,-0.0094187325491905949,True,False
1546,Shirt,Shirt/4_6.tif,0.069194817420458493,True,0.014479304851838098,True,False,-0.032378736195722513,,,0.02011810385839119,False,False,-0.0022186725145066921,True,False
1547,Shirt,Shirt/4_7.tif,0.056755309969499651,False,0.028377654984749812,True,True,-0.0016218856834760986,,,-0.017151054419536738,True,True,-0.0096047148817370032,True,False
1548,Shirt,Shirt/4_8.tif,0.086715786420424879,False,0.0091699156935972082,True,False,0.034187977516615176,,,-0.0019104468946041786,True,False,-0.041447446315608316,True,False
1549,Shirt,Shirt/4_9.tif,0.10861396815243926,True,0.044859363437692701,True,False,-0.013870554203125163,,,-0.040436429873094482,True,True,0.0094476206385269157,False,False
1550,Shirt,Shirt/5_1.tif,0.21890927066017207,True,0.062419353370929298,True,True,0.047035281959156683,,,-0.044847864716940189,True,True,-0.064606770613145903,True,False
1551,Shirt,Shirt/5_10.tif,0.14047110539437999,True,0.048014227995812203,True,True,0.017749128628746114,,,0.0044721960726317733,False,False,-0.070235552697189896,True,True
1552,Shirt,Shirt/5_2.tif,0.086695541074193111,False,0.0186008755204429,True,False,0.024746895016653503,,,-0.019484024162443908,True,False,-0.0238637463746528,True,False
1553,Shirt,Shirt/5_3.tif,0.14511691691180581,False,0.0018275181540881036,True,False,-0.046311868930006328,,,-0.026246589525896591,True,True,0.070730940301814788,False,False
1554,Shirt,Shirt/5_4.tif,0.055646525455274792,False,-0.025101083533292795,False,False,-0.0027221791943445872,,,0.014775488470357895,False,False,0.013047774257279515,False,False
1555,Shirt,Shirt/5_5.tif,0.22081047347598218,True,0.061933838547514913,True,True,0.048471398190476189,,,-0.027918300257488177,True,False,-0.082486936480502898,True,True
1556,Shirt,Shirt/5_6.tif,0.12685411617454814,False,0.038643091651517192,True,False,0.017765303375898656,,,0.007018663059858099,False,False,-0.063427058087274196,True,False
1557,Shirt,Shirt/5_7.tif,0.23474143377731738,True,0.062937584915259276,True,True,0.054433131973399496,,,-0.030634298250346081,True,False,-0.086736418638312524,True,True
1558,Shirt,Shirt/5_8.tif,0.11565539625168,False,0.01829620809981311,True,False,0.0010665719275536056,,,0.0384649180984733,False,False,-0.057827698125839988,True,False
1559,Shirt,Shirt/5_9.tif,0.1946278208132578,False,-0.018473193931630605,False,False,-0.067062417390438001,,,-0.011778299084560295,True,False,0.097313910406628901,False,False
1560,Shirt,Shirt/6_1.tif,0.23449098362227752,True,0.059671752342146389,True,False,0.057573739468992302,,,-0.021132500076584015,True,False,-0.096112991734554815,True,True
1561,Shirt,Shirt/6_10.tif,0.32029572197471656,True,0.082894398912379208,True,True,0.077253462074979184,,,-0.058837809578600297,True,True,-0.1013100514087579,True,True
1562,Shirt,Shirt/6_2.tif,0.06589442461713918,False,0.031328451830525877,True,False,0.0016187604780436571,,,-0.010169500065877857,True,False,-0.022777712242691789,True,False
1563,Shirt,Shirt/6_3.tif,0.36310172201517399,True,0.11354330436677168,True,True,0.068007556640815314,,,-0.018345779967976872,True,False,-0.16320508103961009,True,True
1564,Shirt,Shirt/6_4.tif,0.19508768812152918,True,0.074038271462148225,True,True,0.023505572598616353,,,-0.028066960092421323,True,False,-0.069476883968343284,True,True
1565,Shirt,Shirt/6_5.tif,0.080091502358632299,False,0.013934857037779497,True,False,0.0261108941415365,,,-0.017200320160320304,True,False,-0.022845431018995999,True,False
1566,Shirt,Shirt/6_6.tif,0.11458862383602761,True,0.025210146958090596,True,True,0.032084164959923278,,,-0.029445059861998524,True,True,-0.027849252056015211,True,False
1567,Shirt,Shirt/6_7.tif,0.086194304714096087,False,0.015171492697239386,True,False,0.027925659659808588,,,-0.018475507431922111,True,True,-0.024621644925126002,True,False
1568,Shirt,Shirt/6_8.tif,0.076562753175020037,False,-0.0024580303711188023,False,False,-0.035823346216391161,,,0.02280625085030269,False,False,0.015475125737207385,False,False
1569,Shirt,Shirt/6_9.tif,0.06791888920297276,False,-0.0013885586089853186,False,False,-0.03257088599250102,,,0.015348247373950907,False,False,0.018611197227535514,False,False
1570,Shirt,Shirt/7_1.tif,0.25726476501677431,True,0.075849558400624573,True,True,0.052782824107762416,,,-0.03047370792791293,True,False,-0.098158674580474392,True,True
1571,Shirt,Shirt/7_10.tif,0.19571234509374827,False,0.077493297756754814,True,True,0.020362874790119445,,,-0.041456607586480426,True,True,-0.056399564960393583,True,False
1572,Shirt,Shirt/7_2.tif,0.097341733479039683,True,0.040376776934180791,True,True,0.0082940898053389112,,,-0.015928636582200395,True,False,-0.032742230157319585,True,False
1573,Shirt,Shirt/7_3.tif,0.13444207136541106,False,0.057458537677274407,True,False,0.0097624980054311639,,,-0.034607535587850596,True,True,-0.032613500094854891,True,False
1574,Shirt,Shirt/7_4.tif,0.14313654954501512,True,0.04667842311275211,True,True,0.02488985165975538,,,-0.00057379898163539833,True,False,-0.07099447579087223,True,True
1575,Shirt,Shirt/7_5.tif,0.20208001113861948,True,0.040316556329416581,True,False,0.060723449239893257,,,-0.036294814683121623,True,True,-0.06474519088618802,True,True
1576,Shirt,Shirt/7_6.tif,0.049671226147966929,False,0.02071219460594298,True,False,-0.0094843139380312858,,,0.0041234184680404851,False,False,-0.015351299135952179,True,False
1577,Shirt,Shirt/7_7.tif,0.21536891099301517,True,0.044252205257752003,True,True,0.063432250238755539,,,-0.039954554394005332,True,True,-0.067729901102502293,True,True
1578,Shirt,Shirt/7_8.tif,0.16009015732447396,False,0.043008139768067416,True,False,0.031902461019203743,,,0.0051344778749659037,False,False,-0.080045078662236896,True,False
1579,Shirt,Shirt/7_9.tif,0.13579357945831147,False,0.057069596256640709,True,False,0.010827193472515095,,,-0.019251364837255369,True,False,-0.048645424891900296,True,False
1580,Shirt,Shirt/8_1.tif,0.20531482980306201,True,0.071045059690126422,True,True,0.031612355211404652,,,-0.031832821432360436,True,True,-0.070824593469170499,True,True
1581,Shirt,Shirt/8_10.tif,0.045124277910385341,False,0.011210177158656298,True,False,-0.013245603646478199,,,-0.0093165353087144576,True,False,0.011351961796536386,False,False
1582,Shirt,Shirt/8_2.tif,0.19268037015306025,True,0.03898025128900387,True,True,0.057359933787526185,,,-0.033822807107634995,True,False,-0.062517377968895199,True,True
1583,Shirt,Shirt/8_3.tif,0.24017736204877072,False,0.09277930525586589,True,False,0.027309375768519384,,,-0.045125589566278212,True,True,-0.074963091458107214,True,False
1584,Shirt,Shirt/8_4.tif,0.075146589416141191,False,0.035858286032497994,True,False,0.0017150086755725047,,,-0.0073801753708599982,True,False,-0.030193119337210694,True,False
1585,Shirt,Shirt/8_5.tif,0.17803555902190946,True,0.0406548021234516,True,True,0.048362977387502948,,,-0.046608782421783596,True,True,-0.042408997089171313,True,True
1586,Shirt,Shirt/8_6.tif,0.039048016514947465,False,-0.0090540917914547214,False,False,-0.010469916466019025,,,0.0085633425206266267,False,False,0.010960665736847092,False,False
1587,Shirt,Shirt/8_7.tif,0.17291925311463835,True,0.039996184391576317,True,True,0.046463442165742663,,,-0.048234846280139188,True,True,-0.038224780277180181,True,True
1588,Shirt,Shirt/8_8.tif,0.18663805762543839,True,0.049073481359246995,True,True,0.044245547453472089,,,-0.0186749679134251,True,False,-0.074644060899294193,True,True
1589,Shirt,Shirt/8_9.tif,0.10659135652374641,False,0.037897615735308587,True,True,0.015398062526564726,,,-0.0015771447826949947,True,False,-0.051718533479178097,True,False
1590,Shirt,Shirt/9_1.tif,0.15418886713064778,False,0.037551915810160014,True,False,-0.057701193595822153,,,-0.019393239969501819,True,False,0.039542517755163792,False,False
1591,Shirt,Shirt/9_10.tif,0.31529219660445629,True,0.099400427729252727,True,True,0.058245670572975472,,,-0.043674105405992314,True,True,-0.11397199289623579,True,True
1592,Shirt,Shirt/9_2.tif,0.10299344769970836,False,0.051496723849853987,True,False,-0.018489998109369354,,,-0.014073303529544112,True,False,-0.018933422210940909,True,False
1593,Shirt,Shirt/9_3.tif,0.10703746450015239,True,0.052159133265166302,True,True,0.0013595989849098933,,,-0.032004628320207895,True,False,-0.0215141039298683,True,True
1594,Shirt,Shirt/9_4.tif,0.15610254655752093,True,0.057642720918597401,True,True,0.020408552360163146,,,-0.040719933602991781,True,True,-0.037331339675768599,True,True
1595,Shirt,Shirt/9_5.tif,0.19749598682545549,True,0.07090455744489968,True,True,0.027843435967828123,,,-0.026501965351139023,True,False,-0.072246028061588682,True,True
1596,Shirt,Shirt/9_6.tif,0.067654298980973832,True,0.030813721673045413,True,True,0.0030134278174414053,,,-0.011353029361366729,True,True,-0.022474120129120284,True,False
1597,Shirt,Shirt/9_7.tif,0.19300255696564964,True,0.069052738350975279,True,True,0.027448540131849553,,,-0.023154861124164594,True,False,-0.07334641735866021,True,True
1598,Shirt,Shirt/9_8.tif,0.11187301625452656,False,0.055936508127263196,True,False,-0.0012739484814506263,,,-0.031109161722703615,True,False,-0.023553397923109121,True,False
1599,Shirt,Shirt/9_9.tif,0.11374677694251217,True,0.056873388471256114,True,True,-0.012340589347792086,,,-0.042089080930457379,True,False,-0.0024437181930065943,True,False
1600,Skinny,Skinny/1-1.tif,0.22227100117998805,True,0.11113550058999408,True,True,-0.0053501101453755084,,,-0.023864652419003762,True,False,-0.081920738025614698,True,True
1601,Skinny,Skinny/1-10.tif,0.13069638326858976,True,0.055703050980769914,True,False,-0.012140104311694433,,,0.0096451406535250084,False,False,-0.053208087322600406,True,False
1602,Skinny,Skinny/1-2.tif,0.37085559602070761,True,0.15405811705103148,True,True,0.031369680959322133,,,-0.038403337443159685,True,False,-0.14702446056719431,True,True
1603,Skinny,Skinny/1-3.tif,0.19711792516690391,True,0.098558962583451926,True,True,-0.024192553901991903,,,-0.011481166586336466,True,False,-0.062885242095123611,True,True
1604,Skinny,Skinny/1-4.tif,0.47949864143762777,True,0.239749320718814,True,True,-0.010339350093748895,,,-0.1158606552879094,True,True,-0.11354931533715548,True,True
1605,Skinny,Skinny/1-5.tif,0.51220249184834832,True,0.2561012459241741,True,True,-0.030524025923543613,,,-0.13976509796694039,True,True,-0.085812122033690305,True,True
1606,Skinny,Skinny/1-6.tif,0.38656289462766813,True,0.19328144731383406,True,True,-0.018649499080966803,,,-0.051575100431769605,True,True,-0.12305684780109769,True,True
1607,Skinny,Skinny/1-7.tif,0.20655804391331542,False,0.083976595827327527,True,False,0.019302426129330197,,,-0.0086217357890837898,True,False,-0.094657286167573906,True,False
1608,Skinny,Skinny/1-8.tif,0.3080390302493145,True,0.15401951512465717,True,True,-0.01237338098274382,,,-0.041119863708364013,True,True,-0.1005262704335495,True,True
1609,Skinny,Skinny/1-9.tif,0.39748428570166489,True,0.19874214285083242,True,True,-0.042837836392830675,,,-0.092158157824611897,True,True,-0.063746148633389899,True,True
1610,Skinny,Skinny/10-1.tif,0.48480231419170022,True,0.24240115709585008,True,True,-0.0063593995718410901,,,-0.11652384983247913,True,True,-0.11951790769152991,True,True
1611,Skinny,Skinny/10-10.tif,0.22504740040817656,True,0.1088114069137287,True,True,0.0037122932903595474,,,-0.02282363532671447,True,True,-0.089700064877373836,True,True
1612,Skinny,Skinny/10-2.tif,0.1405482762474673,False,0.059264948729979006,True,False,-0.026341332619123609,,,0.011009189393754698,False,False,-0.043932805504609984,True,False
1613,Skinny,Skinny/10-3.tif,0.37607421777206407,True,0.13401462543209747,True,True,0.0540224834539344,,,-0.069658858558737713,True,True,-0.11837825032729449,True,True
1614,Skinny,Skinny/10-4.tif,0.17038066877275349,False,0.076144875873974671,True,False,0.0090454585124019882,,,-0.008032790576101817,True,False,-0.077157543810275009,True,True
1615,Skinny,Skinny/10-5.tif,0.27789108331452733,True,0.1389455416572638,True,True,-0.026032857031368817,,,-0.025822944382751817,True,True,-0.087089740243142894,True,True
1616,Skinny,Skinny/10-6.tif,0.3750653303865602,True,0.17983764501835653,True,True,0.0076950201749236835,,,-0.083413481441369508,True,True,-0.10411918375191051,True,True
1617,Skinny,Skinny/10-7.tif,0.41696732771498762,False,0.1548602408593196,True,False,0.053623422998174325,,,-0.058427455630134711,True,False,-0.15005620822735899,True,True
1618,Skinny,Skinny/10-8.tif,0.37078074807502714,True,0.16284456640968831,True,True,0.022545807627825293,,,-0.080701506520137078,True,True,-0.10468886751737651,True,True
1619,Skinny,Skinny/10-9.tif,0.41533565826218516,True,0.17156065216690852,True,True,0.036107176964183918,,,-0.067534581158466611,True,True,-0.14013324797262611,True,True
1620,Skinny,Skinny/2-1.tif,0.079768248387617952,False,0.036519861642769075,True,True,-0.0013124386665095966,,,0.0033642625510398871,False,False,-0.038571685527299393,True,False
1621,Skinny,Skinny/2-10.tif,0.39121467444026037,True,0.1809979083206783,True,True,0.014609428899451993,,,-0.1005961831147365,True,True,-0.095011154105393597,True,True
1622,Skinny,Skinny/2-2.tif,0.19115029951373955,False,0.095575149756869787,True,False,-0.016947663554422621,,,-0.033679043571344047,True,False,-0.044948442631103092,True,False
1623,Skinny,Skinny/2-3.tif,0.32191273048114744,True,0.14719263533421612,True,True,0.013763729906357602,,,-0.0816542031642494,True,True,-0.079302162076324317,True,True
1624,Skinny,Skinny/2-4.tif,0.076860662314006345,False,0.021725926326105899,True,False,0.016704404830897135,,,-0.00037582950530401504,True,False,-0.038054501651699296,True,False
1625,Skinny,Skinny/2-5.tif,0.34858949227400626,True,0.13250502571996209,True,True,0.041789720417041099,,,-0.015927457710002701,True,False,-0.15836728842700037,True,True
1626,Skinny,Skinny/2-6.tif,0.32231284978936775,True,0.16054548637713772,True,True,0.00061093851754628892,,,-0.055525362489142915,True,False,-0.10563106240554081,True,True
1627,Skinny,Skinny/2-7.tif,0.49742940544859254,True,0.24871470272429624,True,True,-0.013407907335796193,,,-0.1147367462967763,True,True,-0.12057004909172381,True,True
1628,Skinny,Skinny/2-8.tif,0.44871524754549336,True,0.22435762377274671,True,True,-0.015382797988615499,,,-0.11620164510337777,True,True,-0.092773180680753395,True,True
1629,Skinny,Skinny/2-9.tif,0.39448802957352069,True,0.17884268653265839,True,True,0.018401328254101873,,,-0.049601799908051497,True,True,-0.14764221487870893,True,True
1630,Skinny,Skinny/3-1.tif,0.16124202374999438,False,0.063561140232299307,True,False,-0.0096397045285225857,,,0.017059871642697982,False,False,-0.070981307346474509,True,False
1631,Skinny,Skinny/3-10.tif,0.041387941236623482,False,0.0085465001323161705,True,False,-0.0015309032515397059,,,0.012147470485995404,False,False,-0.019163067366772202,True,False
1632,Skinny,Skinny/3-2.tif,0.34508034983094271,True,0.1725401749154713,True,True,-0.012890247870091104,,,-0.052038347669945612,True,True,-0.1076115793754347,True,True
1633,Skinny,Skinny/3-3.tif,0.17208406625250072,True,0.086042033126250361,True,True,-0.034136069777173261,,,-0.019803354915261501,True,False,-0.032102608433815599,True,True
1634,Skinny,Skinny/3-4.tif,0.31778711705959822,True,0.13566777255813511,True,True,0.023225785971663998,,,-0.051459563863881008,True,True,-0.1074339946659181,True,True
1635,Skinny,Skinny/3-5.tif,0.24349112700424508,True,0.12174556350212257,True,True,-0.00030451211010010248,,,-0.029447398295077309,True,False,-0.091993653096945099,True,True
1636,Skinny,Skinny/3-6.tif,0.20397478661634758,True,0.10198739330817358,True,True,-0.014213167660697301,,,-0.0028291238435168009,True,False,-0.084945101803959894,True,True
1637,Skinny,Skinny/3-7.tif,0.5078441046609754,True,0.25392205233048781,True,True,-0.0016707312899308935,,,-0.094897344304470388,True,True,-0.15735397673608631,True,True
1638,Skinny,Skinny/3-8.tif,0.29958137135382751,True,0.14979068567691356,True,True,-0.036929215053842807,,,-0.079674061763804316,True,True,-0.033187408859266812,True,False
1639,Skinny,Skinny/3-9.tif,0.31675010829154704,False,0.15837505414577335,True,False,-0.0237301070496862,,,-0.061154200438632206,True,True,-0.073490746657455294,True,False
1640,Skinny,Skinny/4-1.tif,0.3829516611711965,True,0.19147583058559842,True,True,-0.035503255472254108,,,-0.079364798805999531,True,True,-0.076607776307344416,True,True
1641,Skinny,Skinny/4-10.tif,0.43829242002008667,True,0.2191462100100432,True,True,-0.024991980651218215,,,-0.087964202150533216,True,True,-0.106190027208292,True,True
1642,Skinny,Skinny/4-2.tif,0.22164739185046406,False,0.11082369592523211,True,False,-0.010494152107245414,,,-0.031373705093054816,True,False,-0.068955838724931703,True,False
1643,Skinny,Skinny/4-3.tif,0.36589025588441715,True,0.18294512794220841,True,True,-0.039805158531890206,,,-0.086105682423070928,True,True,-0.057034286987247593,True,False
1644,Skinny,Skinny/4-4.tif,0.29622493255719451,False,0.14811246627859717,True,True,-0.006569741827877118,,,-0.055908336888781718,True,False,-0.085634387561938502,True,False
1645,Skinny,Skinny/4-5.tif,0.47832238791567255,True,0.23916119395783611,True,True,-0.026966889564247115,,,-0.10470507225366421,True,True,-0.1074892321399251,True,False
1646,Skinny,Skinny/4-6.tif,0.32154542173193723,True,0.16077271086596862,True,True,-0.038600692512391094,,,-0.077984468842735577,True,True,-0.044187549510841889,True,False
1647,Skinny,Skinny/4-7.tif,0.32852679671472818,True,0.16426339835736387,True,True,-0.054291946334817431,,,-0.076348385170400213,True,False,-0.033623066852146694,True,False
1648,Skinny,Skinny/4-8.tif,0.47613460385279316,True,0.23806730192639675,True,True,-0.084270731770477697,,,-0.096301188570007162,True,True,-0.057495381585911609,True,False
1649,Skinny,Skinny/4-9.tif,0.41424494345254825,True,0.2071224717262744,True,True,-0.016231333242488599,,,-0.095013912689868585,True,True,-0.095877225793916693,True,False
1650,Skinny,Skinny/5-1.tif,0.29706103907031761,True,0.14853051953515892,True,True,-0.043847850955563594,,,-0.048813232756624109,True,True,-0.055869435822970992,True,True
1651,Skinny,Skinny/5-10.tif,0.38026402453727204,True,0.19013201226863602,True,True,-0.0055283300201142971,,,-0.10800010083182093,True,True,-0.076603581416700789,True,True
1652,Skinny,Skinny/5-2.tif,0.47860247610387152,True,0.23930123805193559,True,True,-0.050752867980274008,,,-0.097596046158862193,True,True,-0.090952323912799699,True,True
1653,Skinny,Skinny/5-3.tif,0.57273200862675444,True,0.28636600431337716,True,True,-0.013689834474954615,,,-0.1451537061230431,True,True,-0.12752246371537959,True,True
1654,Skinny,Skinny/5-4.tif,0.35304137646126954,True,0.17652068823063483,True,True,-0.064549124375504807,,,-0.069551056002319117,True,True,-0.042420507852810804,True,True
1655,Skinny,Skinny/5-5.tif,0.44161427532124953,True,0.22080713766062482,True,True,-0.039743821120915818,,,-0.096548619797175161,True,True,-0.084514696742533701,True,True
1656,Skinny,Skinny/5-6.tif,0.42176945488358131,True,0.21088472744179082,True,True,-0.035536432534287787,,,-0.080941511375032499,True,True,-0.094406783532470201,True,True
1657,Skinny,Skinny/5-7.tif,0.32414927896151469,True,0.15482510904595514,True,True,0.0072495304348022815,,,-0.096227218362463618,True,True,-0.065847421118293697,True,False
1658,Skinny,Skinny/5-8.tif,0.15498602787917082,False,0.077493013939585298,True,False,-0.052244979801366803,,,-0.0090060473488804138,True,False,-0.016241986789338303,True,False
1659,Skinny,Skinny/5-9.tif,0.4254965327737405,True,0.21274826638687017,True,True,-0.0035890291975806954,,,-0.15060366327014721,True,True,-0.058555573919142401,True,False
1660,Skinny,Skinny/6-1.tif,0.27756729909587807,True,0.12979051010384868,True,True,0.0089931394440904144,,,-0.056858687561859411,True,True,-0.081924961986079597,True,True
1661,Skinny,Skinny/6-10.tif,0.34759953372774255,True,0.17379976686387133,True,True,-0.0017405258759440045,,,-0.050280364378491677,True,False,-0.12177887660943551,True,False
1662,Skinny,Skinny/6-2.tif,0.41922827204318081,True,0.20611676879715529,True,True,0.0034973672244351939,,,-0.099430029003348991,True,True,-0.1101841070182413,True,True
1663,Skinny,Skinny/6-3.tif,0.3384413234728888,True,0.1692206617364444,True,True,-0.0049496586890858119,,,-0.053905231240086088,True,True,-0.1103657718072725,True,True
1664,Skinny,Skinny/6-4.tif,0.38968222286115911,True,0.19484111143057958,True,True,-0.0096227689018389961,,,-0.072682393774078785,True,True,-0.11253594875466172,True,True
1665,Skinny,Skinny/6-5.tif,0.41969372380284353,True,0.16491937129423517,True,True,0.044927490607186593,,,-0.083399064979464088,True,True,-0.12644779692195768,True,True
1666,Skinny,Skinny/6-6.tif,0.43528158283994711,True,0.21764079141997358,True,True,-0.0099005652573025127,,,-0.090991585988891593,True,True,-0.11674864017377937,True,True
1667,Skinny,Skinny/6-7.tif,0.38376564982570655,True,0.19188282491285341,True,True,-0.019008799012214694,,,-0.073807878052636583,True,True,-0.099066147848001884,True,True
1668,Skinny,Skinny/6-8.tif,0.44556852063935659,True,0.2227842603196783,True,True,-0.021991474469150701,,,-0.095113372852860589,True,True,-0.105679412997667,True,True
1669,Skinny,Skinny/6-9.tif,0.38123242168111593,True,0.19061621084055802,True,True,-0.00074199680791500744,,,-0.085020326155186982,True,True,-0.10485388787745591,True,True
1670,Skinny,Skinny/7-1.tif,0.15578112710991454,True,0.077890563554957215,True,False,-0.0095649336545252095,,,-0.038301780346960218,True,False,-0.030023849553471899,True,False
1671,Skinny,Skinny/7-10.tif,0.32363048452313026,True,0.15007692854402815,True,True,0.011738313717537002,,,-0.034439938401740394,True,False,-0.12737530385982473,True,True
1672,Skinny,Skinny/7-2.tif,0.13506258287678494,True,0.067531291438392482,True,True,-0.023161664986328323,,,-0.016252343996756513,True,False,-0.028117282455307618,True,False
1673,Skinny,Skinny/7-3.tif,0.39881540408626065,True,0.17683118836977912,True,True,0.022576513673351117,,,-0.082427948487247521,True,True,-0.1169797535558829,True,True
1674,Skinny,Skinny/7-4.tif,0.15508380647442965,False,0.071315190835543607,True,False,0.0062267124016712194,,,-0.028007010133701105,True,False,-0.049534893103513722,True,True
1675,Skinny,Skinny/7-5.tif,0.41031917162680809,True,0.2051595858134041,True,True,-0.013727972484711998,,,-0.097888982573135275,True,True,-0.093542630755556716,True,True
1676,Skinny,Skinny/7-6.tif,0.39238744110477997,True,0.19619372055239009,True,True,-0.019824160126609397,,,-0.076174468563819098,True,True,-0.10019509186196141,True,True
1677,Skinny,Skinny/7-7.tif,0.36167000361274826,True,0.1665961818400121,True,True,0.014238819966361893,,,-0.078631144981006595,True,True,-0.10220385682536769,True,True
1678,Skinny,Skinny/7-8.tif,0.47475230469272844,True,0.20227813950758095,True,True,0.035098012838783138,,,-0.092968416166419765,True,True,-0.1444077361799446,True,True
1679,Skinny,Skinny/7-9.tif,0.29629458054796765,True,0.14814729027398368,True,True,-0.024239996660945895,,,-0.051742442609494788,True,True,-0.072164851003543307,True,True
1680,Skinny,Skinny/8-1.tif,0.38391838364607533,True,0.19195919182303772,True,True,-0.021615205455218195,,,-0.07487375651578429,True,True,-0.095470229852035099,True,True
1681,Skinny,Skinny/8-10.tif,0.39842177762400122,True,0.14775028396020634,True,True,0.051460604851794212,,,-0.02818640131865649,True,False,-0.1710244874933442,True,True
1682,Skinny,Skinny/8-2.tif,0.096343595271262072,False,0.048171797635631064,True,False,-0.025071671177128996,,,-0.0076957833976527001,True,False,-0.015404343060849313,True,False
1683,Skinny,Skinny/8-3.tif,0.29989649106155258,True,0.13403560762385597,True,True,0.015912637906920407,,,-0.056892093558933016,True,True,-0.093056151971843207,True,True
1684,Skinny,Skinny/8-4.tif,0.26271059270217068,True,0.13135529635108534,True,True,-0.016922331605884522,,,-0.053673057088069687,True,True,-0.060759907657131101,True,True
1685,Skinny,Skinny/8-5.tif,0.25684668138973482,False,0.10704186412462621,True,False,0.021381476570241309,,,-0.017034448550843073,True,False,-0.11138889214402423,True,True
1686,Skinny,Skinny/8-6.tif,0.31339284668116452,True,0.11590606329166503,True,True,0.040790360048917396,,,-0.026521419089655995,True,False,-0.1301750042509261,True,True
1687,Skinny,Skinny/8-7.tif,0.26398902909386657,True,0.068769247303960224,True,False,0.063225267242973116,,,-0.0067917353843452988,True,False,-0.1252027791625879,True,True
1688,Skinny,Skinny/8-8.tif,0.38581042214478151,True,0.1263587804437788,True,False,0.066546430628612041,,,-0.032867688779926602,True,False,-0.16003752229246407,True,True
1689,Skinny,Skinny/8-9.tif,0.18837725610926181,False,0.070238744803358344,True,False,0.023949883251272591,,,-0.050266312573867572,True,False,-0.043922315480763308,True,False
1690,Skinny,Skinny/9-1.tif,0.44196050178535679,True,0.22098025089267836,True,True,-0.01067725048041851,,,-0.12126989466932503,True,True,-0.089033105742934882,True,True
1691,Skinny,Skinny/9-10.tif,0.47207406994268286,True,0.21979869654094447,True,True,0.016238338430397015,,,-0.10297263862705497,True,True,-0.13306439634428641,True,True
1692,Skinny,Skinny/9-2.tif,0.24875164548542655,True,0.12437582274271336,True,True,-0.0029408547066075985,,,-0.029441824785151394,True,False,-0.091993143250954201,True,False
1693,Skinny,Skinny/9-3.tif,0.51542528771687712,True,0.25771264385843867,True,True,-0.029160552216815905,,,-0.13489244042090451,True,True,-0.093659651220718093,True,True
1694,Skinny,Skinny/9-4.tif,0.33144128208076173,True,0.16572064104038078,True,True,-0.014222501067626181,,,-0.07026719459160749,True,True,-0.081230945381147307,True,True
1695,Skinny,Skinny/9-5.tif,0.37454424308842771,True,0.18727212154421377,True,True,-0.0091720054839513065,,,-0.080558375143812866,True,True,-0.09754174091644971,True,True
1696,Skinny,Skinny/9-6.tif,0.42520139899917581,True,0.18256899498770171,True,True,0.030031704511886165,,,-0.074941586078185518,True,True,-0.13765911342140241,True,True
1697,Skinny,Skinny/9-7.tif,0.37914523485763729,True,0.1895726174288187,True,True,-0.0099653296669248159,,,-0.081900196012570897,True,True,-0.097707091749322905,True,True
1698,Skinny,Skinny/9-8.tif,0.45587883391568323,True,0.20277586774281747,True,True,0.025163549215023923,,,-0.10460178569265952,True,True,-0.12333763126518231,True,True
1699,Skinny,Skinny/9-9.tif,0.23182492017522904,True,0.11186875187676126,True,True,0.0040437082108529809,,,-0.046879382528150493,True,True,-0.069033077559464306,True,True
1700,Straight,Straight/1-1.tif,0.29960820041166414,False,0.1084897093293859,True,False,0.041314390876446005,,,-0.037291030190950231,True,False,-0.11251307001488201,True,False
1701,Straight,Straight/1-10.tif,0.33670316873491135,False,0.088060151579054502,True,False,0.080291432788401368,,,-0.088459974099257488,True,False,-0.079891610268197993,True,False
1702,Straight,Straight/1-2.tif,0.26664210877144312,True,-0.022584044684311633,False,False,0.13332105438572139,,,-0.025763894188617076,True,True,-0.084973115512793004,True,False
1703,Straight,Straight/1-3.tif,0.23428463571672062,False,0.058304212444645009,True,False,0.058838105413715397,,,-0.032572963972934604,True,False,-0.084569353885425608,True,False
1704,Straight,Straight/1-4.tif,0.18744564632924723,True,0.071990319699590022,True,False,0.021732503465033609,,,-0.0077769437583194989,True,False,-0.085945879406304104,True,True
1705,Straight,Straight/1-5.tif,0.31860683917201155,True,0.14480292926475002,True,True,0.014500490321255805,,,-0.068680317669115615,True,False,-0.090623101916890089,True,True
1706,Straight,Straight/1-6.tif,0.39235802169615308,True,0.16479536017244034,True,True,0.031383650675636393,,,-0.047699340105248594,True,True,-0.14847967074282778,True,True
1707,Straight,Straight/1-7.tif,0.21623587247192561,True,0.048146086155338386,True,False,0.059971850080624473,,,-0.0033083849644573449,True,False,-0.1048095512715054,True,True
1708,Straight,Straight/1-8.tif,0.21102337501454702,False,0.027261748808748099,True,False,0.078249938698525312,,,-0.0078064388027787035,True,False,-0.097705248704494901,True,False
1709,Straight,Straight/1-9.tif,0.21413771406782112,False,0.10648385465764559,True,False,0.00058500237626499252,,,-0.060173457679858905,True,False,-0.046895399354051612,True,False
1710,Straight,Straight/10-1.tif,0.16010963212522622,True,0.066876481308069891,True,False,0.013178334754543386,,,-0.018189414048142949,True,False,-0.061865402014469995,True,False
1711,Straight,Straight/10-10.tif,0.27331353216145449,True,0.1366567660807273,True,True,-0.010061080936904693,,,-0.048587484097923794,True,True,-0.078008201045898701,True,True
1712,Straight,Straight/10-2.tif,0.23980613526363925,False,0.08127098937744176,True,False,0.0386320782543777,,,-0.068874359501861104,True,False,-0.051028708129958689,True,False
1713,Straight,Straight/10-3.tif,0.35830560139077383,True,0.161313663386073,True,True,0.017839137309313802,,,-0.093354044516022222,True,True,-0.085798756179364805,True,False
1714,Straight,Straight/10-4.tif,0.26673986716450038,True,0.13330067128521667,True,True,6.9262297033412246e-05,,,-0.062702117362178317,True,True,-0.070667816220071983,True,False
1715,Straight,Straight/10-5.tif,0.40892152514388369,True,0.19737256378224133,True,True,0.0070881987897004894,,,-0.078330957579433091,True,True,-0.12612980499250881,True,True
1716,Straight,Straight/10-6.tif,0.22397090247023452,True,0.1119854512351173,True,True,-0.0021990525007525019,,,-0.056298211895531303,True,True,-0.053488186838833413,True,True
1717,Straight,Straight/10-7.tif,0.48536568833598542,True,0.24268284416799274,True,True,-0.030887701180070615,,,-0.093271698457537605,True,True,-0.11852344453038451,True,True
1718,Straight,Straight/10-8.tif,0.32534487645025284,True,0.15087367581460243,True,True,0.011798762410523911,,,-0.062667473967919107,True,True,-0.1000049642572074,True,True
1719,Straight,Straight/10-9.tif,0.28131311819945071,True,0.1406565590997253,True,True,-0.020003786043100602,,,-0.051881798178308902,True,True,-0.068770974878315905,True,True
1720,Straight,Straight/2-1.tif,0.21799308348288457,True,0.1089965417414423,True,True,-0.011552430964813065,,,-0.029204583157424191,True,False,-0.068239527619205015,True,True
1721,Straight,Straight/2-10.tif,0.20878463755909218,False,0.080963705188385776,True,True,0.023428613591160274,,,-0.045501672469901444,True,False,-0.05889064630964469,True,False
1722,Straight,Straight/2-2.tif,0.064023005548010659,False,0.0056073546225617887,True,False,0.017564894283158577,,,0.0088392538682849908,False,False,-0.032011502774005302,True,False
1723,Straight,Straight/2-3.tif,0.27684710065476181,True,0.11442835610728552,True,True,0.023995194220095412,,,-0.11085810466625506,True,True,-0.027565445661125815,True,False
1724,Straight,Straight/2-4.tif,0.074221663138367394,False,0.024740551326576432,True,False,0.01237028024260739,,,-0.029210296262490665,True,False,-0.0079005353066929074,True,False
1725,Straight,Straight/2-5.tif,0.24479965916037374,False,0.12168096886400553,True,False,0.00071886071618129654,,,-0.085722996797809509,True,True,-0.036676832782377405,True,False
1726,Straight,Straight/2-6.tif,0.27211467884202412,True,0.11661123287598543,True,True,0.019446106545026404,,,-0.071561254737560198,True,True,-0.06449608468345211,True,True
1727,Straight,Straight/2-7.tif,0.41105325571373308,False,0.15362235857870249,True,False,0.051904269278163995,,,-0.045720168905931002,True,False,-0.15980645895093559,True,True
1728,Straight,Straight/2-8.tif,0.28072567411686289,False,0.06672203010213551,True,False,0.073640806956295907,,,-0.025820849044607297,True,False,-0.1145419880138242,True,False
1729,Straight,Straight/2-9.tif,0.12109145723462031,False,0.00091484720882933912,True,False,0.052087731858042691,,,0.007543149550438194,False,False,-0.060545728617310085,True,False
1730,Straight,Straight/3-1.tif,0.1172642529332598,False,0.037150777694813619,True,False,0.0214813487718164,,,-0.018445939171579689,True,False,-0.040186187295050094,True,False
1731,Straight,Straight/3-10.tif,0.35949899192092971,True,0.14560980988912461,True,True,0.034139686071340131,,,-0.058248556399740692,True,True,-0.1215009395607243,True,True
1732,Straight,Straight/3-2.tif,0.12778097090283222,False,0.063890485451416179,True,False,-0.0029922582434744882,,,-0.045660289826550571,True,False,-0.015237937381390981,True,False
1733,Straight,Straight/3-3.tif,0.16745365668221063,False,0.036889890322026719,True,False,0.046836938019078594,,,-0.058226894907109916,True,False,-0.025499933433995398,True,False
1734,Straight,Straight/3-4.tif,0.2701839070979144,True,0.13262430657035937,True,True,0.0024676469785978039,,,-0.036193559175032364,True,True,-0.098898394373924892,True,True
1735,Straight,Straight/3-5.tif,0.35511231953589029,True,0.1536192519479882,True,True,0.023936907819957082,,,-0.044757837156248897,True,True,-0.13279832261169608,True,True
1736,Straight,Straight/3-6.tif,0.22611351468081928,True,0.094407325015466975,True,True,0.018649432324942705,,,-0.061021529698761179,True,True,-0.052035227641648418,True,True
1737,Straight,Straight/3-7.tif,0.35194471805876026,True,0.1730699391868685,True,True,0.0029024198425117997,,,-0.070421674053550265,True,True,-0.1055506849758297,True,True
1738,Straight,Straight/3-8.tif,0.21882911510443628,False,0.09030631708249437,True,True,0.019108240469723814,,,-0.036215209958175593,True,False,-0.073199347594042508,True,False
1739,Straight,Straight/3-9.tif,0.1987791270186966,False,0.08601741048714151,True,False,0.01337215302220679,,,-0.043091072533574803,True,False,-0.056298490975773496,True,False
1740,Straight,Straight/4-1.tif,0.092202845354755952,True,0.00084564662258868051,True,False,0.045255776054789087,,,-0.03951403111416199,True,True,-0.0065873915632161939,True,False
1741,Straight,Straight/4-10.tif,0.2333637624683369,True,0.098745309070556286,True,True,0.017936572163611997,,,-0.052795013712144623,True,True,-0.063886867522023993,True,False
1742,Straight,Straight/4-2.tif,0.094904529584810188,False,0.022070774593426101,True,False,0.01217914929364719,,,0.0132023409053319,False,False,-0.047452264792404997,True,False
1743,Straight,Straight/4-3.tif,0.31115291725389627,True,0.15557645862694819,True,True,-0.0030032082345012867,,,-0.071033616345568318,True,True,-0.081539634046878501,True,True
1744,Straight,Straight/4-4.tif,0.34653995999501896,True,0.17326997999750951,True,True,-0.004665955968834623,,,-0.070318978781495706,True,True,-0.098285045247179098,True,True
1745,Straight,Straight/4-5.tif,0.30056839855172268,True,0.15028419927586134,True,True,-0.011294137535015208,,,-0.068429989916731715,True,True,-0.07056007182411439,True,False
1746,Straight,Straight/4-6.tif,0.37003596911871062,True,0.18501798455935528,True,True,-0.030589749033577085,,,-0.090191682317587396,True,True,-0.064236553208190911,True,True
1747,Straight,Straight/4-7.tif,0.12885378042629572,True,0.043814278202067986,True,True,0.020612612011079834,,,-0.022070954907788709,True,False,-0.042355935305359194,True,True
1748,Straight,Straight/4-8.tif,0.30536437606960853,False,0.15268218803480432,True,False,-0.012512049761143201,,,-0.06307934485824862,True,True,-0.077090793415412417,True,False
1749,Straight,Straight/4-9.tif,0.20830302034323744,True,0.10415151017161869,True,True,-0.035947328335368178,,,-0.033999239018588284,True,True,-0.034204942817662287,True,False
1750,Straight,Straight/5-1.tif,0.42931285982280531,True,0.21465642991140277,True,True,-0.039349785646727614,,,-0.095482430452106609,True,True,-0.079824213812568295,True,True
1751,Straight,Straight/5-10.tif,0.28182870077464972,True,0.12909794802871208,True,True,0.01181640235861281,,,-0.069163032952669873,True,True,-0.071751317434654988,True,True
1752,Straight,Straight/5-2.tif,0.33409521201210546,True,0.15861199733715736,True,True,0.0084356086688952003,,,-0.077908024914042584,True,True,-0.089139581092010312,True,True
1753,Straight,Straight/5-3.tif,0.3465920743778288,True,0.17329603718891451,True,True,-0.01932434638284361,,,-0.068509606065767281,True,True,-0.085462084740303396,True,False
1754,Straight,Straight/5-4.tif,0.52443220995052298,True,0.26221610497526143,True,True,-0.014216003383724501,,,-0.12258761848888158,True,True,-0.12541248310265551,True,True
1755,Straight,Straight/5-5.tif,0.26937860363294397,True,0.13344285633618769,True,True,0.0012464454802844083,,,-0.036591473028225296,True,True,-0.098097828788246577,True,True
1756,Straight,Straight/5-6.tif,0.36188037229506159,True,0.18094018614753071,True,True,-0.0033597331924092033,,,-0.089415743923785984,True,True,-0.08816470903133572,True,True
1757,Straight,Straight/5-7.tif,0.32033481330818137,True,0.16016740665409079,True,True,-0.010085256745702903,,,-0.062675489334797108,True,True,-0.087406660573590589,True,True
1758,Straight,Straight/5-8.tif,0.10753934395179698,False,0.053769671975898492,True,False,-0.021342755008579295,,,-0.015956075104002709,True,False,-0.016470841863316488,True,False
1759,Straight,Straight/5-9.tif,0.46045286375870409,True,0.2302264318793521,True,True,-0.022561255096730015,,,-0.10525674660205883,True,True,-0.10240843018056309,True,True
1760,Straight,Straight/6-1.tif,0.22102769958813498,True,0.032709104869591193,True,True,0.077804744924476199,,,-0.045562063206425196,True,True,-0.064951786587642391,True,True
1761,Straight,Straight/6-10.tif,0.31682476613492594,True,0.14532399739281482,True,True,0.013088385674648262,,,-0.050046753600247684,True,True,-0.1083656294672152,True,False
1762,Straight,Straight/6-2.tif,0.10441390609189366,False,0.041748530012768986,True,False,0.010458423033177733,,,-0.045461458464639032,True,False,-0.0067454945813079092,True,False
1763,Straight,Straight/6-3.tif,0.097363538837237529,False,0.014311585121773496,True,False,-0.035150464610608168,,,-0.013531304808010569,True,False,0.034370184296845296,False,False
1764,Straight,Straight/6-4.tif,0.26461059452479457,True,0.13230529726239737,True,True,-0.00024094749947189964,,,-0.068320150891534898,True,True,-0.063744198871390406,True,True
1765,Straight,Straight/6-5.tif,0.35458088881741112,True,0.1673782703752435,True,True,0.0099121740334618957,,,-0.083993661871342107,True,True,-0.093296782537363593,True,True
1766,Straight,Straight/6-6.tif,0.316446719352109,True,0.12302259773072538,True,True,0.035200761945329201,,,-0.089011380535491791,True,True,-0.069211979140562624,True,True
1767,Straight,Straight/6-7.tif,0.068113286946189872,False,0.024064513172201402,True,False,0.0052791886700794821,,,-0.034056643473094894,True,False,0.0047129416308140937,False,False
1768,Straight,Straight/6-8.tif,0.29554045484382063,False,0.088202254447671324,True,False,0.059567972974238992,,,-0.022056395226419001,True,False,-0.12571383219549129,True,False
1769,Straight,Straight/6-9.tif,0.46019913769085125,True,0.23009956884542571,True,True,-0.015883312653124898,,,-0.10583794853242928,True,True,-0.1083783076598714,True,True
1770,Straight,Straight/7-1.tif,0.31822144293301846,True,0.15751444284031318,True,True,0.0015962786261959905,,,-0.090754317192766693,True,True,-0.068356404273742594,True,False
1771,Straight,Straight/7-10.tif,0.35846458641905599,True,0.16956021318088341,True,True,0.0096720800286444752,,,-0.068627291856194012,True,True,-0.11060500135333412,True,True
1772,Straight,Straight/7-2.tif,0.14125959126095455,False,0.07062979563047711,True,False,-0.0063043021222643214,,,-0.027374088867304219,True,False,-0.036951404640908903,True,False
1773,Straight,Straight/7-3.tif,0.40097620797929501,True,0.19751029803619041,True,True,0.0029778059534570078,,,-0.10225463186455166,True,True,-0.098233472125095908,True,True
1774,Straight,Straight/7-4.tif,0.35518165671048135,True,0.15929795366126517,True,True,0.018292874693975392,,,-0.076832440767917204,True,True,-0.10075838758732358,True,True
1775,Straight,Straight/7-5.tif,0.20328061473502007,True,0.10164030736750998,True,True,-0.0089116481317559892,,,-0.017481373993932403,True,False,-0.075247285241821699,True,True
1776,Straight,Straight/7-6.tif,0.27846466751352322,True,0.13923233375676172,True,True,-0.031576420319309906,,,-0.050545827849200697,True,True,-0.057110085588250897,True,True
1777,Straight,Straight/7-7.tif,0.13431795649090794,False,0.041680166879181302,True,False,0.025478811366272724,,,-0.046559520015687722,True,True,-0.020599458229766193,True,False
1778,Straight,Straight/7-8.tif,0.47416049351382922,True,0.23708024675691447,True,True,-0.055119477681103313,,,-0.096297722370983718,True,True,-0.085663046704827703,True,True
1779,Straight,Straight/7-9.tif,0.23793870074761994,True,0.096432540418005724,True,True,0.02253680995580401,,,-0.057893771321896603,True,False,-0.061075579051913603,True,True
1780,Straight,Straight/8-1.tif,0.19327937340413615,True,0.088324921885767682,True,True,0.0083147648163002796,,,-0.037320134099153079,True,True,-0.059319552602915104,True,True
1781,Straight,Straight/8-10.tif,0.24590369166849513,True,0.098412370353361728,True,True,0.024539475480885808,,,-0.022330388625741604,True,False,-0.100621457208506,True,True
1782,Straight,Straight/8-2.tif,0.1261991552937099,False,0.059538041620327165,True,False,0.0035615360265275897,,,-0.028677209537974424,True,False,-0.034422368108880719,True,False
1783,Straight,Straight/8-3.tif,0.23102680611423565,True,0.11551340305711791,True,True,-0.019648730461056585,,,-0.010800213991476432,True,False,-0.085064458604584725,True,True
1784,Straight,Straight/8-4.tif,0.12949754196529514,True,0.057993899818709505,True,True,-0.004582411026134936,,,0.0067548711639381087,False,False,-0.060166359956512594,True,True
1785,Straight,Straight/8-5.tif,0.16688734269066205,True,0.063820836601598291,True,False,0.01759709590910527,,,0.0020257388346275884,False,False,-0.0834436713453309,True,True
1786,Straight,Straight/8-6.tif,0.43840753081724992,True,0.21920376540862488,True,True,-0.026107042550213594,,,-0.10204130618788701,True,True,-0.091055416670524414,True,True
1787,Straight,Straight/8-7.tif,0.1073354842775143,False,0.031646694879235715,True,False,0.022021047259521309,,,-0.0069144877673219529,True,False,-0.046753254371435321,True,False
1788,Straight,Straight/8-8.tif,0.34649896461751617,True,0.11275195178190101,True,True,0.060497530526857107,,,-0.05730947772490208,True,True,-0.11594000458385599,True,True
1789,Straight,Straight/8-9.tif,0.2061711697105699,False,0.10308558485528491,True,False,-0.0074833648749199899,,,-0.063965477406912413,True,True,-0.031636742573452586,True,False
1790,Straight,Straight/9-1.tif,0.14844621955712331,True,0.074223109778561502,True,True,-0.0085976672387357012,,,-0.028552641688192104,True,True,-0.037072800851634002,True,True
1791,Straight,Straight/9-10.tif,0.42210020114940061,True,0.19111805726829442,True,True,0.019932043306405883,,,-0.1232165134113512,True,True,-0.087833587163349103,True,True
1792,Straight,Straight/9-2.tif,0.31000250428714049,True,0.1203018517102567,True,True,0.03469940043331371,,,-0.070410848476397891,True,True,-0.084590403667172201,True,True
1793,Straight,Straight/9-3.tif,0.12258077074423765,False,0.039442383292730643,True,False,0.019575042173373414,,,0.0022729599060148098,False,False,-0.061290385372118783,True,False
1794,Straight,Straight/9-4.tif,0.13529310006695969,False,0.04720641579921836,True,False,0.020440134234261609,,,-0.011126178448964713,True,False,-0.056520371584515006,True,False
1795,Straight,Straight/9-5.tif,0.33537735489565679,True,0.15482500421615192,True,True,0.012863673231676503,,,-0.052003515269378991,True,True,-0.11568516217844939,True,True
1796,Straight,Straight/9-6.tif,0.3023711624057096,True,0.1511855812028548,True,True,-0.011151962364965601,,,-0.054395724587703698,True,True,-0.08563789425018549,True,True
1797,Straight,Straight/9-7.tif,0.36234088563953959,True,0.18117044281976979,True,True,-0.026000102058011315,,,-0.12075985776883308,True,True,-0.034410482992925387,True,False
1798,Straight,Straight/9-8.tif,0.39856085335325692,True,0.14609854922453791,True,True,0.053181877452090381,,,-0.086691056959405516,True,True,-0.1125893697172231,True,True
1799,Straight,Straight/9-9.tif,0.086317903627175535,False,-0.01100419355128629,False,False,0.04315895181358792,,,-0.020612949925490814,True,False,-0.011541808336810511,True,False
1800,Suit,Suit/1-1.tif,0.12455118387234496,True,0.041685590444678011,True,True,0.020590001491494425,,,-0.016699842969136902,True,False,-0.045575748967035618,True,True
1801,Suit,Suit/1-10.tif,0.14586712250785339,False,0.052638527957001691,True,True,0.020295033296925002,,,-0.0022683594504606108,True,False,-0.070665201803466082,True,False
1802,Suit,Suit/1-2.tif,0.118562338948208,True,0.049713036318352832,True,True,0.0095681331557510574,,,-0.044973919223166126,True,True,-0.014307250250937986,True,False
1803,Suit,Suit/1-3.tif,0.34519447344325455,True,0.1054296253215585,True,True,0.067167611400068772,,,-0.031632218890147168,True,False,-0.14096501783148011,True,True
1804,Suit,Suit/1-4.tif,0.17281898137311802,True,0.055031074122300905,True,True,0.031378416564258105,,,-0.0027361230423778027,True,False,-0.083673367644181207,True,True
1805,Suit,Suit/1-5.tif,0.086630438612645994,False,0.035134107596038494,True,True,0.0081811117102844055,,,-0.0013701292233391782,True,False,-0.041945090082983916,True,False
1806,Suit,Suit/1-6.tif,0.25422991231864567,True,0.079115965842496111,True,True,0.047998990316826695,,,-0.015797265458420418,True,True,-0.11131769070090242,True,True
1807,Suit,Suit/1-7.tif,0.16671335424532249,True,0.052030699121854818,True,False,0.031325978000806276,,,-0.0086281197492882877,True,False,-0.074728557373373111,True,True
1808,Suit,Suit/1-8.tif,0.24209086934527271,True,0.071458646830905526,True,True,0.049586787841730706,,,-0.03968536295411057,True,True,-0.081360071718525911,True,True
1809,Suit,Suit/1-9.tif,0.32316922549435539,True,0.099119590982559902,True,True,0.062465021764617823,,,-0.051188648127352077,True,True,-0.11039596461982559,True,True
1810,Suit,Suit/10-1.tif,0.061168591437672143,False,-0.0052687772067525063,False,False,-0.0042154142545978157,,,-0.021100104257485819,True,True,0.030584295718836002,False,False
1811,Suit,Suit/10-10.tif,0.077016004417764711,False,0.010249992325830404,True,False,0.022839802148913291,,,0.0054182077341387025,False,False,-0.038508002208882314,True,False
1812,Suit,Suit/10-2.tif,0.26804349001164107,False,0.062953288635137522,True,False,0.071068456370682875,,,-0.044059088760535686,True,True,-0.089962656245284989,True,False
1813,Suit,Suit/10-3.tif,0.16742511193693305,True,-0.083712555968466523,False,False,0.020485748160829209,,,0.017407070255356621,False,False,0.045819737552280693,False,False
1814,Suit,Suit/10-4.tif,0.067654035850327837,False,-0.0076263612679332571,False,False,0.014598544897972965,,,-0.026200656657230703,True,False,0.019228473027190912,False,False
1815,Suit,Suit/10-5.tif,0.020737108666619819,False,0.0060746825393668824,True,False,0.0042938717939429161,,,-0.0011837758884362115,True,False,-0.009184778444873809,True,False
1816,Suit,Suit/10-6.tif,0.14214061545119988,False,0.04516267016573805,True,False,0.025907637559861862,,,-0.033871155071514281,True,False,-0.037199152654085688,True,False
1817,Suit,Suit/10-7.tif,0.073110952275348889,False,0.028654504394872271,True,True,-0.014557315427877915,,,-0.021998160709796516,True,False,0.0079009717428021875,False,False
1818,Suit,Suit/10-8.tif,0.10332757373363621,False,-0.051663786866818218,False,False,0.0085102029614639307,,,0.0034602381605277899,False,False,0.039693345744826275,False,False
1819,Suit,Suit/10-9.tif,0.05801892787464033,False,-0.010265922915508485,False,False,0.027646813703074036,,,-0.0187435410218115,True,False,0.0013626502342463098,False,False
1820,Suit,Suit/2-1.tif,0.3156871639697727,True,0.10519105704747977,True,True,0.052652524937406575,,,-0.035956018234580028,True,True,-0.12188756375030632,True,False
1821,Suit,Suit/2-10.tif,0.13462380746759608,True,0.031813915311356106,True,True,0.035497988422441895,,,-0.010325430989934381,True,False,-0.056986472743863703,True,True
1822,Suit,Suit/2-2.tif,0.16571736127804829,False,0.078207188187322807,True,True,0.0046514924517011003,,,-0.023822426618683779,True,False,-0.059036254020340601,True,False
1823,Suit,Suit/2-3.tif,0.31215397392421318,True,0.10514269099533091,True,True,0.050934295966775733,,,-0.056010343232424431,True,True,-0.1000666437296821,True,True
1824,Suit,Suit/2-4.tif,0.14536150452074023,False,0.060409423531007894,True,False,0.012271328729362208,,,-0.038993898949735817,True,True,-0.033686853310634313,True,False
1825,Suit,Suit/2-5.tif,0.22367705048754558,True,0.06673996470290558,True,True,0.045098560540867194,,,-0.042166423659731389,True,True,-0.069672101584041413,True,True
1826,Suit,Suit/2-6.tif,0.13004553804357513,True,0.065022769021787497,True,True,-0.0022913455964382878,,,-0.037224288317063037,True,True,-0.025507135108286311,True,False
1827,Suit,Suit/2-7.tif,0.14666370253079586,True,0.055718156640839983,True,True,0.017613694624558085,,,-0.025155741061635595,True,True,-0.048176110203762196,True,False
1828,Suit,Suit/2-8.tif,0.17025288308235217,True,0.064824406147502178,True,True,0.020302035393673812,,,-0.044330409078391086,True,True,-0.040796032462785098,True,False
1829,Suit,Suit/2-9.tif,0.11578208283905733,False,-0.0061663956231181039,False,False,-0.051724645796410507,,,0.030254177000776927,False,False,0.027636864418751794,False,False
1830,Suit,Suit/3-1.tif,0.074870650389360666,True,0.0057657448277657064,True,False,0.031669580366914696,,,-0.034845696943637372,True,True,-0.0025896282510428914,True,False
1831,Suit,Suit/3-10.tif,0.24795803240958181,True,0.0614518711987741,True,True,0.062527145006016804,,,-0.043781296232024591,True,True,-0.080197719972766313,True,True
1832,Suit,Suit/3-2.tif,0.10504365617068701,False,0.025666607923121615,True,False,0.026855220162221805,,,-0.017484589054784394,True,False,-0.035037239030559192,True,True
1833,Suit,Suit/3-3.tif,0.20790070488978524,True,0.068712675055528694,True,True,0.035237677389363897,,,-0.031687920215201948,True,False,-0.072262432229690698,True,True
1834,Suit,Suit/3-4.tif,0.094696721198819028,False,0.032317504332716018,True,True,0.015030856266693482,,,-0.0093601697880876245,True,False,-0.037988190811321904,True,False
1835,Suit,Suit/3-5.tif,0.17552305461162654,True,0.033550419437358814,True,False,0.0542111078684544,,,-0.021565567011794212,True,False,-0.066195960294019113,True,True
1836,Suit,Suit/3-6.tif,0.17201751311028093,False,0.04665988269650112,True,False,0.039348873858639499,,,-0.02257946352129081,True,False,-0.063429293033849504,True,False
1837,Suit,Suit/3-7.tif,0.27731849812347142,False,0.067491510099907392,True,True,0.071167738961828209,,,-0.065423609539135202,True,True,-0.073235639522600621,True,False
1838,Suit,Suit/3-8.tif,0.21730306978289729,True,0.073995816583570073,True,True,0.034655718307878614,,,-0.033417862964197687,True,True,-0.075233671927250917,True,True
1839,Suit,Suit/3-9.tif,0.12925007304752942,False,0.044361200117331301,True,False,0.020263836406433311,,,-0.013575040852319809,True,False,-0.051049995671444998,True,False
1840,Suit,Suit/4-1.tif,0.32937913203565339,True,0.10444113023066381,True,True,0.060248435787162991,,,-0.049257753104836793,True,True,-0.1154318129129898,True,True
1841,Suit,Suit/4-10.tif,0.17712823153352902,True,0.048975533296096802,True,True,0.039588582470667599,,,-0.024941798327022424,True,False,-0.063622317439742199,True,True
1842,Suit,Suit/4-2.tif,0.074407245754569362,False,0.00014381839885241332,True,False,-0.037203622877284848,,,0.021666647274381501,False,False,0.0153931572040506,False,False
1843,Suit,Suit/4-3.tif,0.28566621214025989,True,0.092873675435148711,True,True,0.049959430634981261,,,-0.046290027823648716,True,True,-0.096543078246481201,True,True
1844,Suit,Suit/4-4.tif,0.085131955652478442,True,0.030931523916358894,True,True,0.0095391571487177251,,,0.0020952967611624351,False,False,-0.042565977826239387,True,True
1845,Suit,Suit/4-5.tif,0.14610148605133821,True,0.027119971536043702,True,True,0.045930771489625322,,,-0.03807633116039949,True,True,-0.0349744118652697,True,False
1846,Suit,Suit/4-6.tif,0.059822342919313654,False,0.029911171459656882,True,False,-0.0028325966429010863,,,-0.014949524146643189,True,False,-0.012129050670112496,True,False
1847,Suit,Suit/4-7.tif,0.31868744141984873,True,0.085023521876251784,True,True,0.074320198833672579,,,-0.0358878992377058,True,True,-0.12345582147221856,True,True
1848,Suit,Suit/4-8.tif,0.17485945361632496,True,0.050172949322591698,True,True,0.037256777485570713,,,-0.004392548558038778,True,False,-0.083037178250123772,True,True
1849,Suit,Suit/4-9.tif,0.11279719261402751,True,0.049096483417673031,True,True,0.0073021128893405729,,,-0.018860416466512986,True,False,-0.037538179840500924,True,False
1850,Suit,Suit/5-1.tif,0.33744856248364874,True,0.073175334656100099,True,True,0.095548946585724548,,,-0.056882921151732768,True,True,-0.1118413600900913,True,True
1851,Suit,Suit/5-10.tif,0.12605679128572628,False,0.023360595750879981,True,False,0.039667799891983102,,,-0.016747493826428705,True,False,-0.046280901816434503,True,False
1852,Suit,Suit/5-2.tif,0.15779021894192841,False,-0.078895109470964314,False,False,0.026812335456613712,,,0.00058873886635180117,False,False,0.051494035147998579,False,False
1853,Suit,Suit/5-3.tif,0.16180787806188723,False,-0.0097414306653762217,False,False,0.080903939030943728,,,-0.0064236829226885783,True,False,-0.064738825442878706,True,False
1854,Suit,Suit/5-4.tif,0.095355075101780234,True,-0.018442810589393621,False,False,0.0085849666367479038,,,-0.029234726961496593,True,False,0.039092570914142116,False,False
1855,Suit,Suit/5-5.tif,0.082580152129944268,False,-0.012387619966482522,False,False,-0.0062398667323340651,,,-0.022662589366155561,True,False,0.04129007606497212,False,False
1856,Suit,Suit/5-6.tif,0.11557370077131755,False,-0.022761736587958992,False,False,-0.0039261212286098579,,,-0.031098992569089906,True,True,0.057786850385658797,False,False
1857,Suit,Suit/5-7.tif,0.054488643429246586,False,0.0013754941424937994,True,False,0.02090525318022618,,,-0.02724432171462321,True,True,0.004963574391903397,False,False
1858,Suit,Suit/5-8.tif,0.16314606238210025,False,0.0047373828610393076,True,False,0.076835648330010831,,,-0.040626272198073909,True,True,-0.040946758992976201,True,False
1859,Suit,Suit/5-9.tif,0.22335109562011685,True,0.073683764512789185,True,True,0.03799178329726921,,,-0.025948200995559945,True,True,-0.085727346814498506,True,True
1860,Suit,Suit/6-1.tif,0.1294621715540209,False,0.014731387631527482,True,False,0.049999698145482774,,,-0.046377143455448439,True,False,-0.018353942321562206,True,False
1861,Suit,Suit/6-10.tif,0.2074285102139663,False,0.066301107840767787,True,False,0.037413147266215196,,,-0.036715112489214108,True,False,-0.066999142617769208,True,True
1862,Suit,Suit/6-2.tif,0.23636555348077332,True,0.074587859827504904,True,True,0.043594916912881698,,,-0.034021648369902818,True,False,-0.084161128370483909,True,True
1863,Suit,Suit/6-3.tif,0.18872942848823654,True,0.054501062942509171,True,True,0.039863651301608904,,,-0.033415270780320472,True,False,-0.060949443463798006,True,True
1864,Suit,Suit/6-4.tif,0.076005430018114301,False,-0.017328874026786678,False,False,0.014849054682812279,,,-0.020673840982270542,True,False,0.023153660326244802,False,False
1865,Suit,Suit/6-5.tif,0.14453123703385878,False,0.061303274701480198,True,False,0.010962343815449083,,,-0.061673854752874402,True,False,-0.010591763764055101,True,False
1866,Suit,Suit/6-6.tif,0.064977634145987173,False,0.016292934912342683,True,False,0.0047484597941420126,,,-0.032488817072993476,True,False,0.011447422366509002,False,False
1867,Suit,Suit/6-7.tif,0.22852113772186128,True,0.069047823604054814,True,True,0.045212745256875797,,,-0.055833902295422788,True,True,-0.058426666565507893,True,False
1868,Suit,Suit/6-8.tif,0.067602732934175874,False,0.019943581993868614,True,False,0.01385778447321917,,,-0.002722243160424298,True,False,-0.031079123306663792,True,False
1869,Suit,Suit/6-9.tif,0.11628254663889023,True,0.034344028532128507,True,True,0.023797244787316707,,,-0.008520852413737845,True,False,-0.049620420905707174,True,True
1870,Suit,Suit/7-1.tif,0.16594463008181232,True,0.053834551457903501,True,True,0.029137763583002629,,,-0.056253423215590376,True,True,-0.02671889182531581,True,False
1871,Suit,Suit/7-10.tif,0.17362714017056785,True,0.051028873582120021,True,True,0.035784696503163793,,,-0.027440740899011218,True,True,-0.059372829186272819,True,True
1872,Suit,Suit/7-2.tif,0.12692541368462823,True,0.043308275864219037,True,True,0.020154430978095217,,,-0.014318040878309957,True,False,-0.049144665964004006,True,True
1873,Suit,Suit/7-3.tif,0.08718618861720967,False,0.023069601747021662,True,False,0.012746996771845986,,,0.0077764957897372144,False,False,-0.043593094308604807,True,False
1874,Suit,Suit/7-4.tif,0.20648554635912914,True,0.040738149072124863,True,False,0.062504624107439677,,,-0.034067931392136291,True,False,-0.069174841787428318,True,True
1875,Suit,Suit/7-5.tif,0.16200088012642411,True,0.056893725134309708,True,True,0.024106714928902206,,,-0.043952107890386394,True,True,-0.037048332172825799,True,True
1876,Suit,Suit/7-6.tif,0.025118607719109454,False,-0.0085871430995158871,False,False,-0.0039721607600389786,,,0.0049425441933695913,False,False,0.0076167596661849968,False,False
1877,Suit,Suit/7-7.tif,0.10921751824266954,True,0.04834492175115801,True,True,0.0062638373701767169,,,-0.031847221277601118,True,True,-0.022761537843733692,True,False
1878,Suit,Suit/7-8.tif,0.34213126340122124,True,0.078552223782595493,True,True,0.0925134079180151,,,-0.053039527238321726,True,True,-0.11802610446228891,True,True
1879,Suit,Suit/7-9.tif,0.21622311536341776,True,0.075449330131602599,True,True,0.032662227550106282,,,-0.021446564027216786,True,False,-0.086664993654492095,True,True
1880,Suit,Suit/8-1.tif,0.30801461947414527,True,0.075314540067196595,True,True,0.078692769669875984,,,-0.054545015654503065,True,True,-0.099462294082569611,True,True
1881,Suit,Suit/8-10.tif,0.077755882724648284,True,0.018090658902579715,True,False,0.020787282459744372,,,-0.036288417057813105,True,True,-0.0025895243045110927,True,False
1882,Suit,Suit/8-2.tif,0.12434773721161932,True,0.02011413004499471,True,False,0.042059738560815019,,,-0.041086029366807497,True,True,-0.021087839239002093,True,False
1883,Suit,Suit/8-3.tif,0.13265239667680062,False,-0.066049048471801153,False,False,0.014943732140475896,,,-0.00027714986659915786,True,False,0.051382466197924415,False,False
1884,Suit,Suit/8-4.tif,0.087938312413893716,True,-0.016192949651286315,False,False,0.021189190115492196,,,-0.027776206555660599,True,True,0.022779966091454606,False,False
1885,Suit,Suit/8-5.tif,0.22918638019800297,True,0.070722541425878915,True,True,0.043870648673122459,,,-0.053434394691395104,True,True,-0.061158795407606492,True,True
1886,Suit,Suit/8-6.tif,0.18091134365112557,True,0.04192061074315781,True,True,0.048535061082405073,,,-0.046107945430830188,True,True,-0.044347726394732501,True,False
1887,Suit,Suit/8-7.tif,0.084593982660701728,False,0.013696835155662307,True,False,-0.015836611048413995,,,-0.026460380281936813,True,False,0.028600156174688612,False,False
1888,Suit,Suit/8-8.tif,0.10748819682720387,False,0.014106028820755595,True,False,0.039638069592846492,,,-0.039920413654736808,True,True,-0.013823684758864974,True,False
1889,Suit,Suit/8-9.tif,0.063042761680178999,True,-0.011911660609172703,False,False,0.020400605492221613,,,-0.019609720230916672,True,False,0.011120775347868012,False,False
1890,Suit,Suit/9-1.tif,0.1324026313128053,False,0.048101806335809516,True,False,0.018099509320593121,,,-0.011795536323678579,True,False,-0.054405779332724086,True,False
1891,Suit,Suit/9-10.tif,0.074365749429568584,False,0.022555031952803395,True,False,0.0078660239289298772,,,0.0067618188330510476,False,False,-0.037182874714784264,True,False
1892,Suit,Suit/9-2.tif,0.14329908447948941,False,0.040510666475034207,True,False,-0.056748417477397284,,,0.031138875764710527,False,False,-0.014901124762347395,True,False
1893,Suit,Suit/9-3.tif,0.16083079853858792,True,0.042319029264534902,True,False,0.038096370004759128,,,-0.017662655190503695,True,False,-0.062752744078790196,True,True
1894,Suit,Suit/9-4.tif,0.071456954663102312,False,0.028746032964328289,True,False,-0.0040347328562225226,,,0.0069824443672228953,False,False,-0.031693744475328606,True,False
1895,Suit,Suit/9-5.tif,0.13144313725809345,False,0.019025914963450213,True,False,0.0090871498357761871,,,0.03760850382982045,False,False,-0.065721568629046601,True,False
1896,Suit,Suit/9-6.tif,0.12451452818609546,False,0.028735888147597199,True,False,0.033521375945450599,,,-0.035744693719125364,True,False,-0.026512570373922295,True,False
1897,Suit,Suit/9-7.tif,0.2155120490386595,True,0.079049430565300116,True,True,0.02870659395402958,,,-0.027496326448056607,True,True,-0.0802596980712732,True,True
1898,Suit,Suit/9-8.tif,0.12841473532676184,True,0.015565721077853534,True,False,-0.054359685273201508,,,-0.009847682390179413,True,False,0.048641646585527387,False,False
1899,Suit,Suit/9-9.tif,0.31527485122370535,True,0.10213502152910317,True,True,0.055502404082749479,,,-0.038787580621919893,True,True,-0.1188498449899328,True,True
1900,T-shirt,T-shirt/10_1.tif,0.10107481894558457,False,0.0017149821635311091,True,False,-0.04454667165869769,,,-0.0059907378140946488,True,False,0.048822427309261118,False,False
1901,T-shirt,T-shirt/10_10.tif,0.096450038644947417,False,0.031191871367150514,True,False,-0.026047600538524396,,,-0.022177418783949299,True,False,0.017033147955323208,False,False
1902,T-shirt,T-shirt/10_2.tif,0.1364736737479087,False,0.030446092978337613,True,False,-0.029553524337592785,,,-0.038683312536361508,True,False,0.037790743895616791,False,False
1903,T-shirt,T-shirt/10_3.tif,0.39832746869976587,True,0.13287054540723031,True,True,0.066293188942652792,,,-0.059326176635231126,True,True,-0.1398375577146517,True,True
1904,T-shirt,T-shirt/10_4.tif,0.14834664802656225,True,0.029524789044046817,True,False,-0.043379172559628532,,,-0.030794151453652607,True,True,0.044648534969234294,False,False
1905,T-shirt,T-shirt/10_5.tif,0.11465072468219997,False,0.040140112171259096,True,False,-0.015212244577051337,,,-0.042113117764048635,True,True,0.017185250169840904,False,False
1906,T-shirt,T-shirt/10_6.tif,0.11165540978555361,True,0.036262710849570279,True,True,-0.026018774560570779,,,-0.029808930332205941,True,True,0.019564994043206607,False,False
1907,T-shirt,T-shirt/10_7.tif,0.074191571400936074,True,0.03709578570046812,True,False,-0.0077394637562865909,,,-0.020626699215884059,True,True,-0.0087296227282973038,True,False
1908,T-shirt,T-shirt/10_8.tif,0.093466431190801669,False,0.016252226320935592,True,False,-0.04673321559540089,,,0.016022987627678509,False,False,0.014458001646786678,False,False
1909,T-shirt,T-shirt/10_9.tif,0.099589311251566309,False,0.026844048497557393,True,False,-0.010622783349859999,,,-0.039171872275923225,True,True,0.022950607128225692,False,False
1910,T-shirt,T-shirt/1_1.tif,0.19551388831646926,False,0.076616258366417778,True,True,0.021140685791816993,,,-0.033435080928856498,True,True,-0.064321863229377996,True,False
1911,T-shirt,T-shirt/1_10.tif,0.30942962969625987,True,0.091988301638658593,True,True,0.062726513209471257,,,-0.044599845102638702,True,False,-0.11011496974549129,True,True
1912,T-shirt,T-shirt/1_2.tif,0.33695558043195195,True,0.085156010706673418,True,True,0.083321779509302696,,,-0.045660213077166917,True,True,-0.12281757713880891,True,True
1913,T-shirt,T-shirt/1_3.tif,0.16321977078391597,True,0.065663348431700602,True,True,0.015946536960257329,,,-0.033409822896151242,True,True,-0.0482000624958068,True,False
1914,T-shirt,T-shirt/1_4.tif,0.16927827734565221,True,0.073056679980579714,True,True,0.0115824586922465,,,-0.04188866074013059,True,True,-0.042750477932695402,True,False
1915,T-shirt,T-shirt/1_5.tif,0.26015142809692804,True,0.063564424037678896,True,True,0.066511290010785096,,,-0.02706296216470544,True,False,-0.10301275188375861,True,True
1916,T-shirt,T-shirt/1_6.tif,0.39863120734860713,True,0.071391858792474616,True,True,0.127923744881829,,,-0.047936386239991302,True,True,-0.15137921743431221,True,True
1917,T-shirt,T-shirt/1_7.tif,0.14491388984190798,True,0.046995592296323024,True,True,0.023258051736456287,,,0.0022033008881748306,False,False,-0.072456944920953836,True,True
1918,T-shirt,T-shirt/1_8.tif,0.28482557460011393,False,0.048106485142422384,True,False,0.09430630215763447,,,-0.027929552722585738,True,False,-0.11448323457747131,True,False
1919,T-shirt,T-shirt/1_9.tif,0.26518801484973731,True,0.091343497087473108,True,True,0.041250510337395602,,,-0.061141264593143896,True,True,-0.071452742831724675,True,True
1920,T-shirt,T-shirt/2_1.tif,0.13724286022422,False,0.063735944264145111,True,True,0.0048854858479647767,,,-0.045511578233650707,True,True,-0.023109851878459403,True,False
1921,T-shirt,T-shirt/2_10.tif,0.079063877672532867,False,0.02108078915939629,True,False,-0.025296171767589803,,,-0.014235767068676686,True,False,0.018451149676870088,False,False
1922,T-shirt,T-shirt/2_2.tif,0.064641926092985885,False,0.032320963046492901,True,False,-0.020849005031714052,,,-0.0040758125956579239,True,False,-0.0073961454191210085,True,False
1923,T-shirt,T-shirt/2_3.tif,0.11050026573849833,False,0.048604363486327518,True,False,-0.007739533016807687,,,-0.047510599852441326,True,False,0.0066457693829218012,False,False
1924,T-shirt,T-shirt/2_4.tif,0.1204167893163838,False,0.038120258216312181,True,False,-0.027114649490593001,,,-0.033093745167598942,True,False,0.02208813644187968,False,False
1925,T-shirt,T-shirt/2_5.tif,0.16866100566287559,True,0.070053643378058084,True,True,0.014276859453379698,,,-0.028023498649550005,True,True,-0.056307004181887804,True,False
1926,T-shirt,T-shirt/2_6.tif,0.25129188878823128,True,0.093392112054449611,True,True,0.032253832339665889,,,-0.043063937342616876,True,True,-0.082582007051498901,True,True
1927,T-shirt,T-shirt/2_7.tif,0.25350774479806937,True,0.083725761785385683,True,True,0.043028110613649084,,,-0.023815159924245377,True,False,-0.1029387124747892,True,True
1928,T-shirt,T-shirt/2_8.tif,0.17051536956603527,False,0.066867916991657589,True,True,0.01838976779136009,,,-0.021153545140033869,True,False,-0.064104139642983726,True,False
1929,T-shirt,T-shirt/2_9.tif,0.091671153391337162,True,0.045835576695668678,True,True,-0.0044872780700970227,,,-0.030277889178963957,True,True,-0.011070409446607504,True,False
1930,T-shirt,T-shirt/3-10.tif,0.11527466638746384,True,0.036337603880665509,True,True,0.02129972931306634,,,-0.025600770456405686,True,False,-0.032036562737326302,True,False
1931,T-shirt,T-shirt/3_1.tif,0.1214891899958134,False,0.049633985570500389,True,False,0.011110609427406215,,,-0.0210801694915978,True,False,-0.039664425506308998,True,False
1932,T-shirt,T-shirt/3_2.tif,0.12896698377208241,False,0.03186112115289319,True,False,0.032622370733148109,,,-0.035524703679026104,True,False,-0.028958788207015002,True,False
1933,T-shirt,T-shirt/3_3.tif,0.25891430993279679,True,0.090716824214529201,True,True,0.036594218108959076,,,0.0021461126429103139,False,False,-0.1294571549663982,True,True
1934,T-shirt,T-shirt/3_4.tif,0.17668629889953844,True,0.049037339903171301,True,True,0.030595481768794286,,,0.0087103277778036725,False,False,-0.088343149449769176,True,True
1935,T-shirt,T-shirt/3_5.tif,0.18794107794585785,False,0.040184903125426497,True,False,0.046212792698639371,,,0.0075728431488630843,False,False,-0.093970538972928896,True,False
1936,T-shirt,T-shirt/3_6.tif,0.1905372878676877,True,0.062337014978312816,True,True,0.032931628955530978,,,-0.021432913539289,True,False,-0.073835730394554905,True,True
1937,T-shirt,T-shirt/3_7.tif,0.1939802790788839,False,0.040785201103841207,True,False,0.038946576744778028,,,0.017258361690822788,False,False,-0.096990139539441883,True,False
1938,T-shirt,T-shirt/3_8.tif,0.081389155784299283,False,0.014711776941694787,True,False,0.024500141842117462,,,0.0014826591083373364,False,False,-0.040694577892149697,True,False
1939,T-shirt,T-shirt/3_9.tif,0.24117593569316159,True,0.073241769164056697,True,True,0.047346198682524099,,,-0.022685132411666808,True,False,-0.097902835434913987,True,True
1940,T-shirt,T-shirt/4_1.tif,0.14364759664154095,True,0.063765440222019076,True,True,0.0080583580987514947,,,-0.025766800878543383,True,True,-0.046056997442226993,True,False
1941,T-shirt,T-shirt/4_10.tif,0.10969852369530109,True,0.033438820513802314,True,False,-0.014276945341791913,,,-0.040572316505858741,True,True,0.021410441333848118,False,False
1942,T-shirt,T-shirt/4_2.tif,0.30437610799459336,True,0.096759390069236784,True,True,0.055428663928059896,,,-0.053997654298717696,True,False,-0.098190399698578998,True,True
1943,T-shirt,T-shirt/4_3.tif,0.10778445260354214,True,0.053892226301770901,True,True,-0.0095872745318935082,,,-0.034999368847947632,True,True,-0.0093055829219300945,True,False
1944,T-shirt,T-shirt/4_4.tif,0.08905858706558209,False,0.039635989876945998,True,False,0.0048933036558450049,,,-0.017144603434048999,True,False,-0.027384690098742087,True,False
1945,T-shirt,T-shirt/4_5.tif,0.070940565916517512,False,0.023195168415729495,True,False,-0.012619611162732691,,,-0.022850671795526023,True,False,0.012275114542529303,False,False
1946,T-shirt,T-shirt/4_6.tif,0.085167078252454675,True,0.025315616183337414,True,False,-0.011901706789386624,,,-0.030681832336840742,True,False,0.017267922942889896,False,False
1947,T-shirt,T-shirt/4_7.tif,0.10584951450589494,True,0.051951825882014191,True,True,-0.0038731577331873046,,,-0.049051599519760125,True,True,0.00097293137093332205,False,False
1948,T-shirt,T-shirt/4_8.tif,0.11470443292014199,False,0.022186762494289025,True,False,-0.037883068673573383,,,-0.019469147786497665,True,False,0.035165453965781912,False,False
1949,T-shirt,T-shirt/4_9.tif,0.30983998258346579,True,0.10269669288100669,True,True,0.052223298410726426,,,-0.059197609799132384,True,True,-0.095722381492600303,True,True
1950,T-shirt,T-shirt/5_1.tif,0.14023937062695127,False,0.030789212313429293,True,False,0.039330473000046384,,,-0.069052011068880592,True,True,-0.0010676742445950016,True,False
1951,T-shirt,T-shirt/5_10.tif,0.17729287119581053,True,0.065766080946936617,True,True,0.022880354650968604,,,-0.023818055167193708,True,True,-0.064828380430711596,True,True
1952,T-shirt,T-shirt/5_2.tif,0.16338567268080573,True,0.069139649467928915,True,True,0.01255318687247392,,,-0.046292325824278502,True,True,-0.035400510516124389,True,False
1953,T-shirt,T-shirt/5_3.tif,0.066456254616662769,False,0.019127368158250002,True,False,-0.026965042590747557,,,0.014100759150081521,False,False,-0.006263084717583689,True,False
1954,T-shirt,T-shirt/5_4.tif,0.33230508009502102,True,0.11356682016676101,True,True,0.052585719880749504,,,-0.050467714719541423,True,True,-0.11568482532796909,True,True
1955,T-shirt,T-shirt/5_5.tif,0.25571416417700771,True,0.090218264013634086,True,True,0.037638818074869795,,,-0.023584356844092325,True,False,-0.10427272524441149,True,True
1956,T-shirt,T-shirt/5_6.tif,0.12421097452718188,True,0.057074711715982773,True,True,0.0050307755476082239,,,-0.040123543151458996,True,True,-0.02198194411213189,True,False
1957,T-shirt,T-shirt/5_7.tif,0.29609152971507208,True,0.098701736921368216,True,True,0.0493440279361676,,,-0.049921571274689658,True,True,-0.098124193582846589,True,True
1958,T-shirt,T-shirt/5_8.tif,0.096799984576307035,False,0.039657480560771396,True,False,-0.0090902668053704505,,,0.0087425117273821074,False,False,-0.039309725482783081,True,False
1959,T-shirt,T-shirt/5_9.tif,0.22994245252936832,True,0.08713873127020591,True,True,0.027832494994478096,,,-0.037645776731473402,True,True,-0.07732544953321091,True,True
1960,T-shirt,T-shirt/6_1.tif,0.04787058028349947,False,0.01844627868054341,True,False,-0.014405009760948606,,,0.00548901146120645,False,False,-0.0095302803808010039,True,False
1961,T-shirt,T-shirt/6_10.tif,0.14387465766373683,False,0.07193732883186818,True,False,-0.0032688070473684272,,,-0.030909979177061619,True,False,-0.037758542607438605,True,False
1962,T-shirt,T-shirt/6_2.tif,0.04603149049908023,False,0.012865654426876316,True,False,-0.023015745249540087,,,0.003432041837865718,False,False,0.0067180489847981084,False,False
1963,T-shirt,T-shirt/6_3.tif,0.19264560735686648,False,0.071534162933058282,True,False,0.02478864074537479,,,-0.028520673609333413,True,False,-0.067802130069099992,True,False
1964,T-shirt,T-shirt/6_4.tif,0.11999556511219214,False,0.059997782556096085,True,False,-0.0077633071234875506,,,-0.036729118920405202,True,False,-0.015505356512203305,True,False
1965,T-shirt,T-shirt/6_5.tif,0.15259528288866481,False,0.035334161209841397,True,False,-0.044591463067943815,,,-0.031706178376388505,True,False,0.04096348023449109,False,False
1966,T-shirt,T-shirt/6_6.tif,0.11757029219927081,True,0.046867911368056597,True,False,-0.024884663829580045,,,-0.033900482270055488,True,True,0.011917234731578685,False,False
1967,T-shirt,T-shirt/6_7.tif,0.12183842381965607,False,0.032012470524371894,True,False,-0.032527602146415369,,,-0.028391609763412595,True,False,0.028906741385456208,False,False
1968,T-shirt,T-shirt/6_8.tif,0.2382413436349386,True,0.083218552920652028,True,True,0.035902118896817381,,,-0.042884876178296893,True,True,-0.076235795639172307,True,False
1969,T-shirt,T-shirt/6_9.tif,0.084949403538125856,False,0.042474701769062984,True,False,-0.011864766147778261,,,-0.019788974291374606,True,False,-0.010820961329910006,True,False
1970,T-shirt,T-shirt/7_1.tif,0.064917780385116447,False,0.032458890192558182,True,False,-0.0071400501461341692,,,-0.012848461230187291,True,False,-0.012470378816236805,True,False
1971,T-shirt,T-shirt/7_10.tif,0.1196153255057717,True,0.059807662752886015,True,False,-0.012770882311457288,,,-0.0263516118755453,True,True,-0.020685168565883094,True,False
1972,T-shirt,T-shirt/7_2.tif,0.094639454510311694,True,0.047319727255155875,True,False,-0.020934081695510198,,,-0.024793650311012605,True,False,-0.0015919952486330158,True,False
1973,T-shirt,T-shirt/7_3.tif,0.039946474039111751,False,0.012234702287885091,True,False,-0.017307211046177107,,,-0.0026660259733786718,True,False,0.0077385347316708819,False,False
1974,T-shirt,T-shirt/7_4.tif,0.15728304095691648,False,0.07319075085566612,True,False,0.0054507696227922842,,,-0.042838433827516675,True,True,-0.035803086650941396,True,False
1975,T-shirt,T-shirt/7_5.tif,0.18406519401783542,True,0.072750111325785571,True,True,0.0192824856831319,,,-0.027750844288228438,True,True,-0.064281752720689506,True,True
1976,T-shirt,T-shirt/7_6.tif,0.11733871715532804,False,0.018640030705533606,True,False,-0.038029360602336915,,,-0.020639997975327229,True,False,0.040029327872130288,False,False
1977,T-shirt,T-shirt/7_7.tif,0.10734776368191296,False,0.044253977293475272,True,False,0.009419904547481317,,,-0.011183545549457663,True,False,-0.042490336291498704,True,False
1978,T-shirt,T-shirt/7_8.tif,0.087630855388289797,False,0.041315158251929829,True,False,0.0025002694422150973,,,-0.0057612036624686835,True,False,-0.038054224031676187,True,False
1979,T-shirt,T-shirt/7_9.tif,0.20872911929787397,True,0.064905039715344615,True,True,0.039459519933592369,,,-0.017774888130192679,True,False,-0.086589671518744291,True,True
1980,T-shirt,T-shirt/8_1.tif,0.066339622848475333,False,0.033169811424237805,True,False,-0.001092522221247505,,,-0.0079057768424831143,True,False,-0.024171512360506908,True,False
1981,T-shirt,T-shirt/8_10.tif,0.1876910137379596,True,0.06459812592274089,True,True,0.02924738094623891,,,-0.042490237916635587,True,True,-0.051355268952344213,True,True
1982,T-shirt,T-shirt/8_2.tif,0.18321874587132764,True,0.042096277283521416,True,False,0.049513095652142403,,,-0.032547417340929308,True,False,-0.059061955594734511,True,False
1983,T-shirt,T-shirt/8_3.tif,0.15824201361808002,True,0.056709642598922388,True,True,0.022411364210117468,,,-0.0082346469861262483,True,False,-0.070886359822913914,True,True
1984,T-shirt,T-shirt/8_4.tif,0.21696123064628445,True,0.076083949481968505,True,True,0.032396665841173733,,,-0.041867701526298096,True,True,-0.066612913796844114,True,True
1985,T-shirt,T-shirt/8_5.tif,0.17316257409202812,True,0.070952536219318213,True,True,0.015628750826695903,,,-0.03887574081214018,True,True,-0.047705546233873825,True,True
1986,T-shirt,T-shirt/8_6.tif,0.22038624018007505,True,0.083916648319203091,True,True,0.026276471770834475,,,-0.046369625574666784,True,True,-0.063823494515370699,True,False
1987,T-shirt,T-shirt/8_7.tif,0.12776046228773527,True,0.063880231143867594,True,True,-0.0050596870632690916,,,-0.015296224608027292,True,False,-0.043524319472571293,True,False
1988,T-shirt,T-shirt/8_8.tif,0.14303248996530199,False,0.056848829091964981,True,False,0.014667415890686097,,,-0.048539805920213314,True,True,-0.022976439062437598,True,False
1989,T-shirt,T-shirt/8_9.tif,0.25828738437560295,True,0.081293265402044512,True,True,0.047850426785757016,,,-0.022397366161803822,True,False,-0.1067463260259976,True,True
1990,T-shirt,T-shirt/9_1.tif,0.13291333066629402,False,-0.010965110317173482,False,False,-0.055491555015973526,,,0.02012964767398201,False,False,0.046327017659164998,False,False
1991,T-shirt,T-shirt/9_10.tif,0.1244924756450794,True,0.051691249321336785,True,True,0.010554988501203011,,,-0.023313005523247776,True,True,-0.038933232299291826,True,True
1992,T-shirt,T-shirt/9_2.tif,0.096516998615989086,False,0.027714512117463508,True,False,-0.010143510475223216,,,0.020543987190531077,False,False,-0.038114988832771285,True,False
1993,T-shirt,T-shirt/9_3.tif,0.24850830815080779,True,0.093856289751715172,True,True,0.030397864323688628,,,-0.020205617577523705,True,False,-0.10404853649788029,True,True
1994,T-shirt,T-shirt/9_4.tif,0.089499956496531696,False,0.04474997824826582,True,False,-0.0052761230347518895,,,-0.018426744092738589,True,False,-0.021047111120775397,True,False
1995,T-shirt,T-shirt/9_5.tif,0.16224046504301393,True,0.061996253041500027,True,True,0.019123979480007103,,,-0.022423813558257399,True,True,-0.058696418963249397,True,True
1996,T-shirt,T-shirt/9_6.tif,0.13139228861462765,True,-0.0028522670271316775,False,False,-0.037641076681924512,,,-0.025202800598257469,True,False,0.065696144307313992,False,False
1997,T-shirt,T-shirt/9_7.tif,0.096822117737092206,False,0.048411058868546103,True,True,-0.0052887052952899638,,,-0.013724921407374524,True,False,-0.029397432165881615,True,False
1998,T-shirt,T-shirt/9_8.tif,0.10840349382905298,False,0.043059628566484764,True,False,-0.014848000595051924,,,0.011142118348041685,False,False,-0.039353746319474608,True,False
1999,T-shirt,T-shirt/9_9.tif,0.14400613098204007,True,0.055484543613288584,True,True,0.016518521877731396,,,-0.029424420690392389,True,False,-0.042578644800627702,True,False
2000,Tunic,Tunic/10_1.tif,0.17345376022394637,False,0.042770653154945465,True,False,0.043956226957027611,,,-0.034803415983067992,True,True,-0.051923464128905306,True,False
2001,Tunic,Tunic/10_10.tif,0.241522464080241,True,0.062983719204738192,True,True,0.057777512835382183,,,-0.051212112936328213,True,True,-0.069549119103792412,True,True
2002,Tunic,Tunic/10_2.tif,0.22625856034292857,False,0.026331453207922073,True,False,0.086797826963542213,,,-0.040969041512715881,True,True,-0.072160238658748391,True,False
2003,Tunic,Tunic/10_3.tif,0.24543556430717331,True,0.066547431729151896,True,True,0.05617035042443469,,,-0.055942092050894704,True,True,-0.06677569010269202,True,True
2004,Tunic,Tunic/10_4.tif,0.33829749798559605,True,0.10244933821829602,True,True,0.066699410774502033,,,-0.066290854998034998,True,True,-0.102857893994763,True,True
2005,Tunic,Tunic/10_5.tif,0.266300328028241,True,0.13022136950908278,True,True,0.0029287945050376907,,,-0.070833398863121538,True,True,-0.062316765150998987,True,True
2006,Tunic,Tunic/10_6.tif,0.34225759764435515,True,0.1711287988221776,True,True,-0.030370232622224991,,,-0.061314267961982222,True,True,-0.079444298237970307,True,True
2007,Tunic,Tunic/10_7.tif,0.29502561340670219,True,0.14082475194104407,True,True,0.0066880547623069941,,,-0.07572132686392824,True,True,-0.071791479839422911,True,True
2008,Tunic,Tunic/10_8.tif,0.13200567157455256,False,0.022166797426360074,True,False,0.043836038360916318,,,-0.028890183210654785,True,False,-0.037112652576621386,True,False
2009,Tunic,Tunic/10_9.tif,0.099625979788558694,True,0.023851488755982891,True,False,-0.017537488446659366,,,0.025961501138296539,False,False,-0.032275501447619898,True,False
2010,Tunic,Tunic/1_1.tif,0.10511830695886551,True,0.0031707180021525172,True,False,-0.052559153479432796,,,0.040887152106203389,False,False,0.0085012833710768065,False,False
2011,Tunic,Tunic/1_10.tif,0.27563117684548277,False,0.069978504276439313,True,False,0.067837084146302129,,,-0.047844321904577131,True,True,-0.089971266518164214,True,False
2012,Tunic,Tunic/1_2.tif,0.16117889748090608,False,0.028942260996850183,True,False,0.051647187743602885,,,-0.03097998398258231,True,False,-0.049609464757870703,True,False
2013,Tunic,Tunic/1_3.tif,0.088649608345471337,False,0.0012127383165660144,True,False,0.043112065856169723,,,-0.036493428363951891,True,False,-0.0078313758087837082,True,False
2014,Tunic,Tunic/1_4.tif,0.19688631448766944,True,0.050873467458187188,True,False,0.047569689785647629,,,-0.049226908283861115,True,True,-0.049216248959973508,True,True
2015,Tunic,Tunic/1_5.tif,0.12447472331355994,True,0.039844367170225686,True,True,0.022392994486554296,,,-0.03435585991956408,True,True,-0.027881501737215875,True,False
2016,Tunic,Tunic/1_6.tif,0.18648967756476365,False,0.069636340901010368,True,True,0.023608497881371482,,,-0.023013316118905502,True,False,-0.070231522663476306,True,True
2017,Tunic,Tunic/1_7.tif,0.38307509659477973,True,0.11091542969105192,True,True,0.080622118606337889,,,-0.073453524091754319,True,True,-0.11808402420563562,True,True
2018,Tunic,Tunic/1_8.tif,0.16067087506696742,True,0.06527745040724528,True,True,0.015057987126238348,,,-0.041830115177179994,True,True,-0.038505322356303801,True,False
2019,Tunic,Tunic/1_9.tif,0.21722423984368186,True,0.063245506121075989,True,True,0.045366613800765065,,,-0.038839658232504098,True,True,-0.069772461689336707,True,True
2020,Tunic,Tunic/2_1.tif,0.063327754659623064,False,-0.018471940375195811,False,False,0.023940239830811894,,,-0.013191936954615735,True,False,0.0077236374989996248,False,False
2021,Tunic,Tunic/2_10.tif,0.17303047734998145,False,0.05187392192605686,True,False,0.034641316748933892,,,-0.031878321557896994,True,False,-0.054636917117093703,True,False
2022,Tunic,Tunic/2_2.tif,0.094268045548231261,False,0.0030342463063374736,True,False,0.010719755272445119,,,-0.047134022774115575,True,True,0.033380021195333093,False,False
2023,Tunic,Tunic/2_3.tif,0.28515845763083852,True,0.10471900305834841,True,True,0.037860225757070931,,,-0.052560584467955085,True,True,-0.090018644347464094,True,False
2024,Tunic,Tunic/2_4.tif,0.12131959679428816,True,0.046302447335267782,True,True,0.014357351061876411,,,-0.017256852438189973,True,False,-0.043402945958953998,True,True
2025,Tunic,Tunic/2_5.tif,0.25280219367573148,False,0.07505303058874499,True,False,0.051348066249120694,,,-0.037959821547848299,True,False,-0.08844127529001751,True,True
2026,Tunic,Tunic/2_6.tif,0.1184991088952588,True,0.059249554447629471,True,False,-0.0022890835823776157,,,-0.037176791998212111,True,False,-0.019783678867039606,True,False
2027,Tunic,Tunic/2_7.tif,0.076373695413579135,True,0.037617402501733066,True,True,-0.012117183704112744,,,0.00056944520505652907,False,False,-0.026069664002676796,True,False
2028,Tunic,Tunic/2_8.tif,0.12159462229207121,True,0.010415594897004304,True,False,0.050381716249031316,,,-0.039356250189392095,True,True,-0.021441060956643498,True,False
2029,Tunic,Tunic/2_9.tif,0.21377967204346343,True,0.091947745422134908,True,True,0.014942090599596836,,,-0.035343675920747775,True,True,-0.071546160100983913,True,False
2030,Tunic,Tunic/3_1.tif,0.2037573867998736,True,0.10187869339993691,True,True,-0.033935547195796889,,,-0.032493687681053096,True,True,-0.035449458523086702,True,True
2031,Tunic,Tunic/3_10.tif,0.21390450752243403,True,0.10695225376121692,True,True,-0.033882557667416879,,,-0.038192480498123321,True,True,-0.034877215595676914,True,False
2032,Tunic,Tunic/3_2.tif,0.19792539179937213,True,0.09007471533598882,True,False,-0.064387803447021691,,,-0.034574892452664402,True,False,0.0088879805636972176,False,False
2033,Tunic,Tunic/3_3.tif,0.47331119178298142,True,0.2366555958914906,True,True,-0.033252696890448297,,,-0.10718029621963551,True,True,-0.096222602781407013,True,True
2034,Tunic,Tunic/3_4.tif,0.34301639587601157,True,0.16807995666023479,True,True,0.0034282412777710825,,,-0.073666185934127881,True,True,-0.097842012003877807,True,True
2035,Tunic,Tunic/3_5.tif,0.23840427389260063,True,0.11920213694630022,True,True,-0.021597224290628908,,,-0.042733169577343105,True,True,-0.0548717430783284,True,True
2036,Tunic,Tunic/3_6.tif,0.26439760480600882,True,0.113974361206089,True,True,0.01822444119691552,,,-0.024135205709873014,True,False,-0.10806359669313131,True,True
2037,Tunic,Tunic/3_7.tif,0.39545903165205931,True,0.19772951582602971,True,True,-0.038210920248642921,,,-0.092477847158140503,True,True,-0.067040748419246204,True,True
2038,Tunic,Tunic/3_8.tif,0.14277416140304255,False,0.071387080701521444,True,False,-0.018363109239868891,,,-0.049288657728094709,True,False,-0.0037353137335575104,True,False
2039,Tunic,Tunic/3_9.tif,0.12851481078163091,True,0.054150161209708114,True,True,0.0101072441811072,,,-0.040629941657632673,True,True,-0.023627463733182918,True,False
2040,Tunic,Tunic/4_1.tif,0.26204618655501727,True,0.055582175688273033,True,True,0.075440917589235712,,,-0.026470183482094928,True,False,-0.1045529097954136,True,True
2041,Tunic,Tunic/4_10.tif,0.095109155914184396,False,0.011442927750334009,True,False,0.036111650206758161,,,-0.024848467872969515,True,False,-0.02270611008412271,True,False
2042,Tunic,Tunic/4_2.tif,0.099936816482970786,True,0.0098469049637638917,True,False,0.04012150327772146,,,-0.033186689522901325,True,False,-0.01678171871858411,True,False
2043,Tunic,Tunic/4_3.tif,0.040680821997548133,False,0.020340410998774011,True,False,-0.0040330629987020972,,,-0.013459946900092112,True,False,-0.0028474010999799126,True,False
2044,Tunic,Tunic/4_4.tif,0.071983916259329261,False,-0.013390171725640804,False,False,0.028033299859341776,,,-0.022601786404023771,True,True,0.0079586582703229103,False,False
2045,Tunic,Tunic/4_5.tif,0.072111212458533608,False,0.014096456282269493,True,False,0.011781345066847304,,,-0.036055606229266901,True,True,0.01017780488014991,False,False
2046,Tunic,Tunic/4_6.tif,0.28622838289907043,True,0.055805496179405889,True,False,0.087308695270129022,,,-0.036457250202145214,True,True,-0.10665694124739031,True,False
2047,Tunic,Tunic/4_7.tif,0.18785646356942376,True,0.047789217424195923,True,True,0.046139014360516095,,,-0.044324319389368538,True,True,-0.049603912395343203,True,False
2048,Tunic,Tunic/4_8.tif,0.12398580672468226,True,-0.053128253371608009,False,False,0.026331576312691229,,,-0.0088646499907329146,True,False,0.03566132704965011,False,False
2049,Tunic,Tunic/4_9.tif,0.092949632243475189,False,-0.033534266652217315,False,False,-0.011827842876302064,,,0.046474816121737511,False,False,-0.0011127065932182989,True,False
2050,Tunic,Tunic/5_1.tif,0.10554899571651247,False,0.0015149341726685972,True,False,0.05125956368558765,,,-0.025985279985272114,True,False,-0.026789217872984106,True,False
2051,Tunic,Tunic/5_10.tif,0.19707729791317735,True,0.050481243308369728,True,True,0.04805740564821892,,,-0.050134830252612089,True,True,-0.048403818703976614,True,False
2052,Tunic,Tunic/5_2.tif,0.080539465722895387,False,-0.012284805555911105,False,False,0.040269732861447805,,,-0.012870855551381677,True,False,-0.015114071754154801,True,False
2053,Tunic,Tunic/5_3.tif,0.23518618202202451,True,0.025905519569599827,True,False,0.091687571441412596,,,-0.025198546646832409,True,False,-0.092394544364179695,True,False
2054,Tunic,Tunic/5_4.tif,0.21551891184233249,False,0.024524878096119473,True,False,0.083234577825046674,,,-0.050772569583446336,True,False,-0.056986886337720005,True,False
2055,Tunic,Tunic/5_5.tif,0.37546512647620367,True,0.073359464587035683,True,True,0.1143730986510661,,,-0.0605011847612347,True,True,-0.12723137847686722,True,True
2056,Tunic,Tunic/5_6.tif,0.16097931633106552,False,0.06560670320785239,True,False,0.014882954957680217,,,-0.046594210335925812,True,False,-0.0338954478296071,True,False
2057,Tunic,Tunic/5_7.tif,0.29026536706337158,True,0.069114335674326566,True,True,0.076018347857359225,,,-0.075081671697207669,True,True,-0.070051011834478108,True,True
2058,Tunic,Tunic/5_8.tif,0.19648165780889565,True,0.0015167440629167972,True,False,0.096724084841531111,,,-0.016153407932444019,True,False,-0.082087420972003708,True,False
2059,Tunic,Tunic/5_9.tif,0.078574754722631035,True,0.026267072465592123,True,False,-0.013804620825036695,,,0.013020304895723422,False,False,-0.025482756536278794,True,False
2060,Tunic,Tunic/6_1.tif,0.078237834115643251,False,-0.024053061312161506,False,False,0.039068490922470944,,,-0.015065855745660189,True,False,5.0426135350611911e-05,False,False
2061,Tunic,Tunic/6_10.tif,0.22965173172912623,True,0.098608100148416283,True,True,0.016217765716146748,,,-0.057304561848326496,True,True,-0.057521304016236702,True,True
2062,Tunic,Tunic/6_2.tif,0.052571035699165658,False,0.020220555599383405,True,False,0.0015003672735215967,,,0.0045645949766780491,False,False,-0.026285517849582607,True,False
2063,Tunic,Tunic/6_3.tif,0.12178024532975787,True,0.027437477466585813,True,False,0.033452645198293218,,,-0.035941131743917831,True,True,-0.024948990920961006,True,False
2064,Tunic,Tunic/6_4.tif,0.26256431786007373,True,0.080735959514175226,True,True,0.050546199415861526,,,-0.058817223707840288,True,True,-0.072464935222196714,True,True
2065,Tunic,Tunic/6_5.tif,0.13447594352368158,True,0.035641813982712822,True,False,0.031596157779127942,,,-0.039150615060468213,True,True,-0.028087356701372607,True,True
2066,Tunic,Tunic/6_6.tif,0.13999839940852932,True,0.039873499966146225,True,True,0.030125699738118406,,,-0.036018906130369399,True,True,-0.033980293573895287,True,False
2067,Tunic,Tunic/6_7.tif,0.15781444243993781,True,0.037839725271629099,True,False,0.041067495948339916,,,-0.029045238536896889,True,False,-0.049861982683071904,True,True
2068,Tunic,Tunic/6_8.tif,0.010182510115373911,False,0.0012101727414003394,True,False,-0.005091255057686872,,,0.00076126294801370786,False,False,0.0031198193682729913,False,False
2069,Tunic,Tunic/6_9.tif,0.1170394630159588,False,-0.016182231450640489,False,False,0.058519731507979511,,,-0.015564244939636707,True,False,-0.026773255117702094,True,False
2070,Tunic,Tunic/7_1.tif,0.072715064114127592,False,-0.0054346114497414999,False,False,-0.030922920607322213,,,0.0082100963290094864,False,False,0.028147435728054393,False,False
2071,Tunic,Tunic/7_10.tif,0.080005545869583861,True,0.030602740517474331,True,False,0.00086690304815195685,,,-0.040002772934791986,True,True,0.0085331293691655874,False,False
2072,Tunic,Tunic/7_2.tif,0.1091953397991911,False,0.027728751933924711,True,False,0.026868917965670813,,,-0.031396590579733902,True,False,-0.023201079319861678,True,False
2073,Tunic,Tunic/7_3.tif,0.10614732036373764,False,0.020672545046268309,True,False,0.0324011151356004,,,-0.032480626810400232,True,False,-0.0205930333714687,True,False
2074,Tunic,Tunic/7_4.tif,0.085763317794250393,False,-0.016419061038743216,False,False,0.042881658897125197,,,-0.017381873068091802,True,False,-0.0090807247902901789,True,False
2075,Tunic,Tunic/7_5.tif,0.049989527619241497,False,0.02499476380962079,True,False,-0.0029171906782798906,,,-0.02052235002766653,True,True,-0.0015552231036742858,True,False
2076,Tunic,Tunic/7_6.tif,0.14035384181676386,False,0.0075872300163404016,True,False,0.062589690892041583,,,-0.034722727967527789,True,True,-0.035454192940854085,True,False
2077,Tunic,Tunic/7_7.tif,0.11193481753606951,False,0.039867951943918289,True,False,0.01609945682411662,,,-0.03734177013893869,True,True,-0.018625638629095914,True,False
2078,Tunic,Tunic/7_8.tif,0.14533890109615852,False,0.0397919338203572,True,False,0.025856355060505043,,,0.0070211616672170851,False,False,-0.07266945054807919,True,False
2079,Tunic,Tunic/7_9.tif,0.12364904803373356,False,0.00058922472197700526,True,False,0.061235299294889689,,,-0.024749924097097753,True,False,-0.037074599919769108,True,False
2080,Tunic,Tunic/8_1.tif,0.33547075966412931,False,0.11256044588814823,True,False,0.05517493394391651,,,-0.0088087424587439955,True,False,-0.15892663737332061,True,False
2081,Tunic,Tunic/8_10.tif,0.41261280081999374,True,0.1843012138581695,True,True,0.02200518655182751,,,-0.087974336555349003,True,False,-0.11833206385464771,True,True
2082,Tunic,Tunic/8_2.tif,0.092215981205777953,False,-0.018772266310276065,False,False,-0.027335724292612801,,,0.036659520734239198,False,False,0.0094484698686498891,False,False
2083,Tunic,Tunic/8_3.tif,0.2103651055037376,False,0.08826674935606782,True,False,0.01691580339580101,,,-0.033812322798611794,True,False,-0.071370229953256994,True,False
2084,Tunic,Tunic/8_4.tif,0.34830368735987832,True,0.1741518436799393,True,True,-0.023831413069738128,,,-0.051719366841520981,True,False,-0.098601063768679914,True,True
2085,Tunic,Tunic/8_5.tif,0.3786231198756228,True,0.18931155993781168,True,True,-0.028319238930000407,,,-0.058494724599642278,True,True,-0.1024975964081685,True,True
2086,Tunic,Tunic/8_6.tif,0.27885139445277507,True,0.13942569722638759,True,True,-0.0018787597985721605,,,-0.034025529103260399,True,False,-0.10352140832455489,True,True
2087,Tunic,Tunic/8_7.tif,0.38977158127253425,True,0.19488579063626704,True,True,-0.032069761752299197,,,-0.029833298150213405,True,False,-0.13298273073375461,True,True
2088,Tunic,Tunic/8_8.tif,0.10042314131353361,False,-0.037163327366685039,False,False,-0.0083877869554185858,,,0.050211570656766791,False,False,-0.0046604563346631933,True,False
2089,Tunic,Tunic/8_9.tif,0.19737099088361482,True,-0.09868549544180738,False,False,0.0023226396084228274,,,0.039892277637652601,False,False,0.056470578195732007,False,False
2090,Tunic,Tunic/9_1.tif,0.23496682164250382,True,0.060611372201728603,True,True,0.056872038619523391,,,-0.054458232741544627,True,True,-0.0630251780797072,True,False
2091,Tunic,Tunic/9_10.tif,0.22667211992179384,True,0.084525653198793099,True,True,0.028810406762103835,,,-0.059078049490593504,True,True,-0.054258010470303403,True,True
2092,Tunic,Tunic/9_2.tif,0.088618762480590613,True,0.017386858760571694,True,False,0.026922522479723709,,,-0.035745743241205413,True,True,-0.0085636379990897959,True,False
2093,Tunic,Tunic/9_3.tif,0.04517058569063423,False,-0.003141574671790659,False,False,0.013126099098804078,,,-0.019443718173526275,True,False,0.009459193746513217,False,False
2094,Tunic,Tunic/9_4.tif,0.23839649338756461,True,0.050252160943078716,True,True,0.06894608575070349,,,-0.051913592624347304,True,True,-0.067284654069435096,True,True
2095,Tunic,Tunic/9_5.tif,0.066888781255961594,True,0.018524389046884387,True,False,0.0123192051311663,,,-0.033444390627980825,True,True,0.0026007964499300817,False,False
2096,Tunic,Tunic/9_6.tif,0.14788168850433273,True,0.064955126722827411,True,True,0.0089857175293389102,,,-0.046724392024602601,True,True,-0.027216452227563803,True,False
2097,Tunic,Tunic/9_7.tif,0.22562645338036147,True,0.091472544187382099,True,True,0.021340682502798469,,,-0.022194626783123672,True,False,-0.090618599907057215,True,True
2098,Tunic,Tunic/9_8.tif,0.02959427773949061,False,-0.0022940947963206448,False,False,0.014797138869745097,,,-0.0026149213648850866,True,False,-0.0098881227085397816,True,False
2099,Tunic,Tunic/9_9.tif,0.11558735778473936,True,0.0498687300146122,True,True,0.007924948877757465,,,-0.049840769190225398,True,True,-0.0079529097021442952,True,False
2100,Vest,Vest/10_1.tif,0.20024869391352695,True,0.065527169812832797,True,True,0.034597177143930791,,,-0.053403142347874466,True,True,-0.0467212046088889,True,True
2101,Vest,Vest/10_10.tif,0.1550891610163749,True,0.041111458825320885,True,True,0.036433121682866387,,,-0.058097513215039615,True,True,-0.019447067293148018,True,False
2102,Vest,Vest/10_2.tif,0.2508868740070328,True,0.12544343700351662,True,True,-0.0032813220435664037,,,-0.062580057132504974,True,True,-0.059582057827444801,True,True
2103,Vest,Vest/10_3.tif,0.10820186161725823,False,0.02716700461018462,True,False,0.026933926198444591,,,-0.032986654342226918,True,False,-0.021114276466402099,True,False
2104,Vest,Vest/10_4.tif,0.18255116310859024,True,0.049382889190616008,True,False,0.041892692363679096,,,-0.053647875615290136,True,True,-0.037627705939004996,True,False
2105,Vest,Vest/10_5.tif,0.15402630687948538,True,0.071593018553725907,True,True,0.0054201348860169474,,,-0.046826053690977615,True,True,-0.030187099748764906,True,False
2106,Vest,Vest/10_6.tif,0.21459090748477214,True,0.088504025942296116,True,True,0.01879142780008991,,,-0.06391221915770412,True,True,-0.04338323458468199,True,False
2107,Vest,Vest/10_7.tif,0.206033600842773,True,0.078451592625424171,True,True,0.024565207795962329,,,-0.056353050416043687,True,True,-0.046663750005342813,True,True
2108,Vest,Vest/10_8.tif,0.23649954460304826,False,0.071663160002597676,True,True,0.046586612298926466,,,-0.056912771129657425,True,True,-0.06133700117186669,True,False
2109,Vest,Vest/10_9.tif,0.3081469036892695,True,0.094213668409426216,True,True,0.059859783435208591,,,-0.069523400070196278,True,True,-0.084550051774438417,True,True
2110,Vest,Vest/1_1.tif,0.20120101343612898,False,0.053364519798268006,True,True,0.047235986919796469,,,-0.04844789340635039,True,True,-0.052152613311714113,True,False
2111,Vest,Vest/1_10.tif,0.20369175842193857,True,0.055411481459980372,True,True,0.046434397750988787,,,-0.040903285536082717,True,True,-0.060942593674886691,True,True
2112,Vest,Vest/1_2.tif,0.24838303281286023,True,0.081472653663645811,True,True,0.042718862742784192,,,-0.05817006620365972,True,True,-0.066021450202770504,True,True
2113,Vest,Vest/1_3.tif,0.2443131661623687,True,0.068150355802074514,True,True,0.05400622727910992,,,-0.04921264596017938,True,True,-0.072943937121004901,True,True
2114,Vest,Vest/1_4.tif,0.22791826819859082,True,0.10728535400812,True,True,0.0066737800911756406,,,-0.039782579198890972,True,True,-0.074176554900404201,True,True
2115,Vest,Vest/1_5.tif,0.15823176692606894,True,0.0551983465926566,True,True,0.023917536870378009,,,-0.049583041272984518,True,True,-0.029532842190049813,True,False
2116,Vest,Vest/1_6.tif,0.21966280649084929,True,0.051630309855639961,True,False,0.058201093389784631,,,-0.059467548957389316,True,True,-0.050363854288035387,True,True
2117,Vest,Vest/1_7.tif,0.21011609331104317,False,0.080457743383685276,True,False,0.02460030327183621,,,-0.059551194805283286,True,False,-0.045506851850238395,True,False
2118,Vest,Vest/1_8.tif,0.31816560974224939,True,0.081680193615633723,True,True,0.077402611255491138,,,-0.060638858497912423,True,True,-0.098443946373212105,True,True
2119,Vest,Vest/1_9.tif,0.22115201938965323,True,0.061770263794103025,True,True,0.048805745900723729,,,-0.061597747608083286,True,True,-0.048978262086743191,True,False
2120,Vest,Vest/2_1.tif,0.22079439281983135,True,0.071948115940860285,True,True,0.038449080469055263,,,-0.060793609799726506,True,True,-0.049603586610189293,True,True
2121,Vest,Vest/2_10.tif,0.061023594046726165,False,0.030511797023362985,True,True,-0.015592359515344434,,,-0.010707115650579135,True,False,-0.0042123218574396104,True,False
2122,Vest,Vest/2_2.tif,0.2310866061922657,True,0.033248455480087591,True,False,0.082294847616044997,,,-0.026247791112128216,True,False,-0.089295511984004899,True,True
2123,Vest,Vest/2_3.tif,0.21095488189289885,True,0.059218835856415214,True,False,0.046258605090034266,,,-0.048818055813752592,True,True,-0.056659385132696777,True,True
2124,Vest,Vest/2_4.tif,0.17062979925349403,True,0.048045197121900612,True,True,0.037269702504846403,,,-0.049844113529582013,True,True,-0.035470786097165002,True,True
2125,Vest,Vest/2_5.tif,0.21693927484779824,True,0.050644532742277287,True,True,0.057825104681621942,,,-0.035593602820755688,True,True,-0.072876034603143319,True,True
2126,Vest,Vest/2_6.tif,0.038589966625300232,False,0.0022623106327384068,True,False,0.00594281206834818,,,-0.019294983312650338,True,False,0.011089860611563307,False,False
2127,Vest,Vest/2_7.tif,0.1367186209575576,False,0.049662923866102826,True,False,0.018696386612676086,,,-0.021663421929086102,True,False,-0.046695888549692602,True,False
2128,Vest,Vest/2_8.tif,0.21220595197502901,True,0.074675217454897219,True,True,0.031427758532617311,,,-0.045433027950874172,True,True,-0.060669948036640303,True,True
2129,Vest,Vest/2_9.tif,0.32113559044522588,True,0.089154785246332496,True,True,0.071413009976280584,,,-0.063971232158068381,True,True,-0.096596563064544408,True,True
2130,Vest,Vest/3_1.tif,0.1331267530079267,True,0.048316171356052706,True,True,0.018247205147910561,,,-0.039132414256221437,True,True,-0.027430962247741997,True,False
2131,Vest,Vest/3_10.tif,0.20793626606627572,True,0.076251068622636003,True,True,0.027717064410501813,,,-0.067605260340486584,True,True,-0.036362872692651316,True,False
2132,Vest,Vest/3_2.tif,0.23548470361357371,False,0.053451399179609727,True,False,0.0642909526271771,,,-0.039856801922431073,True,True,-0.077885549884355795,True,False
2133,Vest,Vest/3_3.tif,0.20060080923917695,True,0.043715098970277505,True,True,0.056585305649311024,,,-0.046747649490591403,True,True,-0.053552755128997015,True,True
2134,Vest,Vest/3_4.tif,0.092012305786071003,True,0.019288250444485705,True,False,0.026717902448549713,,,-0.037514128015402382,True,True,-0.008492024877633203,True,False
2135,Vest,Vest/3_5.tif,0.078339667663468671,False,0.036624378469573116,True,False,-0.003248050507695277,,,-0.035921783324038892,True,True,0.0025454553621613862,False,False
2136,Vest,Vest/3_6.tif,0.12375158101660089,False,0.038056435137503897,True,False,0.023819355370796602,,,-0.036581455577128996,True,True,-0.025294334931171392,True,False
2137,Vest,Vest/3_7.tif,0.15265230380244565,True,0.066356638147574531,True,True,0.0099695137536481848,,,-0.05006442128108643,True,True,-0.026261730620136509,True,True
2138,Vest,Vest/3_8.tif,0.09353903455166912,True,0.031713035626268871,True,False,0.0011487845925812201,,,-0.046769517275834616,True,True,0.013907697056984414,False,False
2139,Vest,Vest/3_9.tif,0.16877004032080695,False,0.072780826661283715,True,True,0.011604193499119786,,,-0.048909820711039637,True,True,-0.035475199449363809,True,False
2140,Vest,Vest/4_1.tif,0.23207437868880865,True,0.053696203132059778,True,True,0.062340986212344462,,,-0.055769235627805919,True,True,-0.060267953716598488,True,True
2141,Vest,Vest/4_10.tif,0.080223528772175506,False,0.019953615740950698,True,False,0.020158148645136931,,,-0.035375412549260576,True,True,-0.0047363518368273017,True,False
2142,Vest,Vest/4_2.tif,0.23944863420319806,True,0.091075342799847914,True,True,0.028648974301751173,,,-0.059978013712475187,True,True,-0.059746303389123789,True,True
2143,Vest,Vest/4_3.tif,0.15573295219263891,True,0.035093038608602495,True,False,0.042773437487717003,,,-0.054619970950435692,True,True,-0.023246505145883722,True,False
2144,Vest,Vest/4_4.tif,0.23913298827278662,True,0.076507981855429563,True,True,0.043058512280963579,,,-0.058874152733377566,True,True,-0.060692341403015909,True,True
2145,Vest,Vest/4_5.tif,0.22047243693762283,True,0.067513538656458094,True,True,0.042722679812353059,,,-0.050127459841570798,True,True,-0.060108758627240882,True,False
2146,Vest,Vest/4_6.tif,0.25123510011928457,True,0.080596929817639079,True,True,0.045020620242003206,,,-0.055683015851963585,True,True,-0.0699345342076787,True,True
2147,Vest,Vest/4_7.tif,0.31935671519362924,True,0.10521068735305117,True,True,0.054467670243763422,,,-0.068601139689593665,True,True,-0.091077217907220995,True,True
2148,Vest,Vest/4_8.tif,0.096210877181008209,False,-0.0056733008707212929,False,False,0.048105438590503979,,,-0.036792922293722635,True,False,-0.0056392154260603011,True,False
2149,Vest,Vest/4_9.tif,0.25154256765338068,True,0.10618511003354458,True,True,0.0195861737931457,,,-0.055400271090892378,True,True,-0.070371012735797989,True,True
2150,Vest,Vest/5_1.tif,0.10383635184068352,False,0.01720953823202831,True,False,0.034134212330243108,,,-0.051918175920341703,True,True,0.00057442535807039619,False,False
2151,Vest,Vest/5_10.tif,0.12827645481990921,False,0.019791379905751777,True,False,0.044346847504202924,,,-0.038500245345420403,True,True,-0.025637982064534104,True,False
2152,Vest,Vest/5_2.tif,0.082150638373960277,True,0.038615663188367899,True,False,0.0024596559986120869,,,-0.0042360765729348993,True,False,-0.036839242614045392,True,False
2153,Vest,Vest/5_3.tif,0.16647209930854434,True,0.049005915983401316,True,True,0.034230133670870799,,,-0.038884411124476936,True,True,-0.044351638529795304,True,True
2154,Vest,Vest/5_4.tif,0.14326099523395511,True,0.028801399781197778,True,False,0.042829097835779706,,,-0.038593330511715318,True,True,-0.033037167105262305,True,True
2155,Vest,Vest/5_5.tif,0.079440248406015906,True,0.039720124203008106,True,True,-0.0022079338843145058,,,-0.010828231809560107,True,False,-0.026683958509133188,True,True
2156,Vest,Vest/5_6.tif,0.14687619154770348,True,0.036106289015371718,True,True,0.037331806758480079,,,-0.042671390906929285,True,True,-0.030766704866922401,True,False
2157,Vest,Vest/5_7.tif,0.1799789506024829,True,0.04903811365013222,True,True,0.040951361651109186,,,-0.024942698830695775,True,True,-0.065046776470545714,True,True
2158,Vest,Vest/5_8.tif,0.09160258326470691,True,-0.024937977992990495,False,False,0.025839161119810106,,,-0.020863313639363001,True,False,0.019962130512543308,False,False
2159,Vest,Vest/5_9.tif,0.086617719630646323,False,-0.002092761262115661,False,False,0.043308859815323175,,,-0.032212863071237996,True,True,-0.0090032354819694904,True,False
2160,Vest,Vest/6_1.tif,0.11157255449263626,False,0.0004233317510110024,True,False,0.048281785474644234,,,-0.055786277246318128,True,False,0.0070811600206628911,False,False
2161,Vest,Vest/6_10.tif,0.18567825056732218,False,0.047082634286963437,True,False,0.045756490996697818,,,-0.028223022394478603,True,False,-0.064616102889182306,True,False
2162,Vest,Vest/6_2.tif,0.16448288407294975,True,0.049079514948643294,True,True,0.033161927087831555,,,-0.048267770687457495,True,True,-0.033973671349017409,True,False
2163,Vest,Vest/6_3.tif,0.21097574492624377,True,0.060868772360362783,True,True,0.044619100102759102,,,-0.054601531903774786,True,True,-0.050886340559347099,True,True
2164,Vest,Vest/6_4.tif,0.33470731669039533,True,0.098632180834567623,True,True,0.068721477510630014,,,-0.061195028907490207,True,True,-0.1061586294377075,True,True
2165,Vest,Vest/6_5.tif,0.2429357192676348,True,0.068165068005974105,True,True,0.053302791627843071,,,-0.064110800151357922,True,True,-0.057357059482459699,True,True
2166,Vest,Vest/6_6.tif,0.24484277579417718,True,0.06287368204475699,True,True,0.059547705852331601,,,-0.035076937820875898,True,True,-0.087344450076212693,True,True
2167,Vest,Vest/6_7.tif,0.21736516541119921,True,0.05421019162404403,True,False,0.054472391081555604,,,-0.067664568939862973,True,True,-0.041018013765736605,True,True
2168,Vest,Vest/6_8.tif,0.1919474328638813,True,0.058692498336369525,True,True,0.037281218095571,,,-0.014513486834142386,True,False,-0.081460229597798389,True,True
2169,Vest,Vest/6_9.tif,0.12884611340419005,True,0.03266199290314109,True,True,0.031761063798954103,,,-0.052046184958873282,True,True,-0.012376871743221579,True,False
2170,Vest,Vest/7_1.tif,0.21088547296667839,True,0.099020712743283473,True,True,0.0064220237400557378,,,-0.05195705722136279,True,True,-0.053485679261976393,True,False
2171,Vest,Vest/7_10.tif,0.33655508116183014,True,0.091936006417670302,True,True,0.07634153416324474,,,-0.064814368899252989,True,True,-0.10346317168166209,True,True
2172,Vest,Vest/7_2.tif,0.2718058308914707,True,0.06242939553247201,True,True,0.073473519913263285,,,-0.045877332958014994,True,True,-0.090025582487720399,True,True
2173,Vest,Vest/7_3.tif,0.37543789275436257,True,0.073124318502534785,True,False,0.11459462787464658,,,-0.068104559914556412,True,True,-0.11961438646262479,True,False
2174,Vest,Vest/7_4.tif,0.14191807110424531,True,0.032311567025887999,True,False,0.038647468526234408,,,-0.044110699066791104,True,True,-0.026848336485331803,True,False
2175,Vest,Vest/7_5.tif,0.2554075829409721,True,0.082645787787416408,True,True,0.045058003683069725,,,-0.055874400845105088,True,True,-0.071829390625380893,True,True
2176,Vest,Vest/7_6.tif,0.22712897959292366,True,0.081714183017281616,True,True,0.031850306779180326,,,-0.056831872255350302,True,True,-0.056732617541111419,True,True
2177,Vest,Vest/7_7.tif,0.22358699815617039,True,0.069853261985602905,True,True,0.04194023709248218,,,-0.065633408574628904,True,True,-0.046160090503456402,True,True
2178,Vest,Vest/7_8.tif,0.37488404024038585,True,0.12155514004454029,True,True,0.065886880075652687,,,-0.079997760832523496,True,True,-0.10744425928766939,True,True
2179,Vest,Vest/7_9.tif,0.23392866472332963,True,0.057291209757632466,True,True,0.059673122604032347,,,-0.058489224756534591,True,True,-0.058475107605130208,True,False
2180,Vest,Vest/8_1.tif,0.097710570107877759,False,0.0033810818996903858,True,False,0.045474203154248549,,,-0.0055341736633369165,True,False,-0.043321111390601907,True,False
2181,Vest,Vest/8_10.tif,0.10448919341525414,True,0.045964456426324629,True,False,-0.0010517836996422059,,,0.006280140281302693,False,False,-0.051192813007984617,True,True
2182,Vest,Vest/8_2.tif,0.13029766858764674,False,-0.028783625487988601,False,False,0.065148834293823343,,,-0.0038653118586653989,True,False,-0.032499896947169399,True,False
2183,Vest,Vest/8_3.tif,0.053267754954682653,False,0.016166747745085364,True,False,0.010467129732255998,,,-0.019174180532974983,True,False,-0.0074596969443663091,True,False
2184,Vest,Vest/8_4.tif,0.074490875869300727,False,0.037245437934650405,True,False,-0.01597559031053869,,,-0.011950177612401525,True,False,-0.0093196700117101072,True,False
2185,Vest,Vest/8_5.tif,0.11526604674004633,False,0.053901088380294782,True,False,0.0037319349897285137,,,-0.035809901136230726,True,False,-0.021823122233792305,True,False
2186,Vest,Vest/8_6.tif,0.069677673499235593,False,-0.017230162219640716,False,False,0.033765784552514611,,,0.0010730521971031859,False,False,-0.017608674529977081,True,False
2187,Vest,Vest/8_7.tif,0.069831617703540155,False,-0.0047289074159774791,False,False,0.01254608329988921,,,-0.030186901435792474,True,False,0.022369725551880992,False,False
2188,Vest,Vest/8_8.tif,0.11602717612067293,False,0.04343062794218161,True,True,-0.010300869022848824,,,-0.047712719037487666,True,True,0.014582960118154825,False,False
2189,Vest,Vest/8_9.tif,0.16251520856405344,False,-0.027535682676498918,False,False,-0.043080001561246195,,,-0.010641920044281605,True,False,0.081257604282026719,False,False
2190,Vest,Vest/9_1.tif,0.036552491969895212,False,0.0023636782088783115,True,False,0.0059256371768056093,,,-0.018276245984947703,True,True,0.0099869305992635882,False,False
2191,Vest,Vest/9_10.tif,0.22269387822980147,True,0.087503668153894071,True,True,0.023843270961006691,,,-0.060869743058678732,True,True,-0.050477196056221987,True,True
2192,Vest,Vest/9_2.tif,0.12341304283310081,False,0.032226883822669999,True,False,0.029479637593880448,,,-0.040806512984631282,True,True,-0.020900008431919082,True,False
2193,Vest,Vest/9_3.tif,0.2538237893642139,True,0.059538166666149417,True,True,0.06737372801595759,,,-0.059048892103468281,True,True,-0.067863002578638615,True,True
2194,Vest,Vest/9_4.tif,0.17625875237594241,False,0.066564408471118108,True,True,0.021564967716853123,,,-0.037392120294144876,True,True,-0.0507372558938263,True,False
2195,Vest,Vest/9_5.tif,0.094254037237722382,True,0.024813331675556605,True,False,0.014750623439074406,,,-0.047127018618861066,True,True,0.0075630635042303052,False,False
2196,Vest,Vest/9_6.tif,0.018048949423137062,False,0.0006980972723976131,True,False,0.0026840040146011157,,,-0.0090244747115685309,True,False,0.0056423734245698021,False,False
2197,Vest,Vest/9_7.tif,0.1724360015079747,True,0.041897581420968777,True,True,0.044320419333018612,,,-0.046425948424860919,True,True,-0.039792052329126387,True,False
2198,Vest,Vest/9_8.tif,0.10736050059299151,False,-0.0067065978664926085,False,False,-0.012559040068974903,,,-0.034414612361028302,True,False,0.053680250296495702,False,False
2199,Vest,Vest/9_9.tif,0.16228724102483136,True,0.044130698617692976,True,True,0.037012921894722495,,,-0.055596809032286976,True,True,-0.025546811480128911,True,False
2200,Wide-Leg,Wide-Leg/1-1.tif,0.058813635846843765,False,0.024008447157054913,True,False,-0.0021783404080115143,,,0.0053983707663669556,False,False,-0.027228477515410382,True,False
2201,Wide-Leg,Wide-Leg/1-10.tif,0.34823411118160164,True,0.08347097386103372,True,True,0.090646081729767292,,,-0.086840854101412568,True,True,-0.087276201489388111,True,False
2202,Wide-Leg,Wide-Leg/1-2.tif,0.18845647802463805,True,0.032158851566531005,True,False,0.062069387445788049,,,-0.057737581491735801,True,True,-0.036490657520583197,True,False
2203,Wide-Leg,Wide-Leg/1-3.tif,0.2486930497352503,True,0.063513700552366603,True,True,0.060832824315258716,,,-0.066324037724816792,True,True,-0.058022487142808193,True,True
2204,Wide-Leg,Wide-Leg/1-4.tif,0.15526935543198234,True,0.0289537684039958,True,False,0.048680909311995313,,,-0.04450105963444323,True,True,-0.033133618081547994,True,False
2205,Wide-Leg,Wide-Leg/1-5.tif,0.24186716930118821,True,0.062731917860602587,True,True,0.058201666789991391,,,-0.056647683430728429,True,True,-0.064285901219865799,True,True
2206,Wide-Leg,Wide-Leg/1-6.tif,0.22390284494445367,True,0.058133029753595022,True,True,0.053818392718631813,,,-0.05245570625567153,True,True,-0.059495716216555306,True,False
2207,Wide-Leg,Wide-Leg/1-7.tif,0.31849641168375442,True,0.072283950445624023,True,True,0.086964255396253187,,,-0.068283816711542489,True,True,-0.090964389130334694,True,True
2208,Wide-Leg,Wide-Leg/1-8.tif,0.36345981783118442,True,0.086926807345394819,True,True,0.09480310157019739,,,-0.063569943438485293,True,True,-0.1181599654771069,True,True
2209,Wide-Leg,Wide-Leg/1-9.tif,0.2003069412357433,False,0.073543276155470128,True,True,0.026610194462401371,,,-0.023857640851572826,True,False,-0.076295829766298978,True,False
2210,Wide-Leg,Wide-Leg/10-1.tif,0.10755643068988013,False,0.032340540582673105,True,False,0.021437674762266934,,,-0.0079930510858103876,True,False,-0.045785164259129707,True,False
2211,Wide-Leg,Wide-Leg/10-10.tif,0.30210947119319959,True,0.1099895921039484,True,True,0.04106514349265139,,,-0.0265538498353034,True,False,-0.12450088576129639,True,True
2212,Wide-Leg,Wide-Leg/10-2.tif,0.15980807266829683,False,0.051408570728784408,True,False,0.02849546560536409,,,-0.0066913689474675242,True,False,-0.073212667386680808,True,False
2213,Wide-Leg,Wide-Leg/10-3.tif,0.29519209604357965,True,0.1019089761193748,True,True,0.045687071902415111,,,-0.050183702478697606,True,True,-0.09741234554309211,True,False
2214,Wide-Leg,Wide-Leg/10-4.tif,0.10853742333172861,True,0.054268711665864305,True,False,-0.0073417409425662883,,,-0.036620912231139724,True,False,-0.010306058492158293,True,False
2215,Wide-Leg,Wide-Leg/10-5.tif,0.12668688647863233,True,0.063343443239316372,True,False,-0.018756674440408072,,,-0.03243550881062679,True,False,-0.012151259988281093,True,False
2216,Wide-Leg,Wide-Leg/10-6.tif,0.17545075912154179,True,0.071815644636548603,True,True,0.015909734924222207,,,-0.041978003181006973,True,False,-0.045747376379764004,True,False
2217,Wide-Leg,Wide-Leg/10-7.tif,0.16033397493858301,True,0.071288033432984316,True,False,0.008878954036307396,,,-0.063211122183726598,True,True,-0.016955865285564697,True,False
2218,Wide-Leg,Wide-Leg/10-8.tif,0.17694317365951856,True,0.077870892504115385,True,True,0.010600694325644033,,,-0.035137117430685039,True,False,-0.053334469399074103,True,False
2219,Wide-Leg,Wide-Leg/10-9.tif,0.080606938890387086,False,0.008830800176175102,True,False,-0.040303469445193585,,,0.0017655723070870155,False,False,0.029707096961931384,False,False
2220,Wide-Leg,Wide-Leg/2-1.tif,0.041775567592812923,False,-0.0074949784587058921,False,False,-0.013392805337700597,,,0.0057517478444983339,False,False,0.0151360359519081,False,False
2221,Wide-Leg,Wide-Leg/2-10.tif,0.20330078653739017,True,0.057488275438159098,True,True,0.044162117830535974,,,-0.040997064748698298,True,True,-0.060653328519996802,True,False
2222,Wide-Leg,Wide-Leg/2-2.tif,0.14774102207793449,True,0.05096183076474381,True,False,0.022908680274223603,,,-0.003278590226156286,True,False,-0.070591920812810793,True,True
2223,Wide-Leg,Wide-Leg/2-3.tif,0.23152000422330488,True,0.062959659121097522,True,True,0.052800342990554971,,,-0.059308940553550571,True,False,-0.056451061558101812,True,False
2224,Wide-Leg,Wide-Leg/2-4.tif,0.091112286168353374,False,0.039925330018362598,True,True,0.0056308130658139222,,,-0.00077318183444197164,True,False,-0.044782961249734882,True,True
2225,Wide-Leg,Wide-Leg/2-5.tif,0.23552055976947966,True,0.059804340174669512,True,True,0.057955939710070126,,,-0.055235047962320927,True,True,-0.0625252319224191,True,True
2226,Wide-Leg,Wide-Leg/2-6.tif,0.16124356050357541,False,0.056104135811050615,True,True,0.024517644440737119,,,-0.036103902320278769,True,False,-0.044517877931508909,True,False
2227,Wide-Leg,Wide-Leg/2-7.tif,0.20554764255765309,True,0.041603414031663705,True,False,0.061170407247162828,,,-0.038928483060473473,True,True,-0.063845338218353087,True,False
2228,Wide-Leg,Wide-Leg/2-8.tif,0.10828168282410969,False,0.041326204080925799,True,False,0.0027860816270826039,,,0.010028555704046205,False,False,-0.05414084141205508,True,False
2229,Wide-Leg,Wide-Leg/2-9.tif,0.21413981590972539,False,0.053596172195293806,True,False,0.053473735759568874,,,-0.033158850582107019,True,False,-0.07391105737275569,True,False
2230,Wide-Leg,Wide-Leg/3-1.tif,0.093772123632638066,False,0.033550572824779801,True,False,0.013335488991539302,,,-0.0094010046171524864,True,False,-0.037485057199166477,True,False
2231,Wide-Leg,Wide-Leg/3-10.tif,0.2942893653998605,True,0.10984514201812282,True,True,0.037299540681807519,,,-0.037900456217011158,True,True,-0.10924422648291901,True,True
2232,Wide-Leg,Wide-Leg/3-2.tif,0.10330155394057919,False,0.0096226444251573118,True,False,0.042028132545132268,,,-0.037811242458882399,True,False,-0.013839534511407209,True,False
2233,Wide-Leg,Wide-Leg/3-3.tif,0.12370957018855427,False,0.032406140738249517,True,False,0.029448644356027898,,,-0.035889535504194686,True,True,-0.025965249590082173,True,False
2234,Wide-Leg,Wide-Leg/3-4.tif,0.27454001841644299,True,0.065197035415142074,True,True,0.072072973793079087,,,-0.050435320038275916,True,True,-0.086834689169945897,True,True
2235,Wide-Leg,Wide-Leg/3-5.tif,0.14242499344125364,False,0.019928656324603305,True,False,0.051283840396023461,,,-0.024369664610457475,True,False,-0.046842832110169402,True,False
2236,Wide-Leg,Wide-Leg/3-6.tif,0.19758863513603347,True,0.035620300164271396,True,True,0.063174017403745453,,,-0.031386794263766116,True,True,-0.067407523304250511,True,True
2237,Wide-Leg,Wide-Leg/3-7.tif,0.25144357876011925,True,0.059379883501236908,True,True,0.066341905878822605,,,-0.060378303903491415,True,True,-0.065343485476568319,True,False
2238,Wide-Leg,Wide-Leg/3-8.tif,0.090306443885909721,False,-0.0012493234760729832,False,False,-0.043903898466881863,,,0.024130210227284399,False,False,0.021023011715670475,False,False
2239,Wide-Leg,Wide-Leg/3-9.tif,0.2584871583054546,False,0.080046334446655987,True,True,0.049197244706071286,,,-0.019051370326003403,True,False,-0.11019220882672393,True,True
2240,Wide-Leg,Wide-Leg/4-1.tif,0.025304348678879734,False,0.007994039489821303,True,False,0.0046581348496186337,,,-0.011715616667597184,True,False,-0.00093655767184261385,True,False
2241,Wide-Leg,Wide-Leg/4-10.tif,0.2386560638565445,True,0.064414870081350412,True,True,0.05491316184692191,,,-0.065974608809400093,True,True,-0.05335342311887209,True,False
2242,Wide-Leg,Wide-Leg/4-2.tif,0.093913964030483993,True,0.046490324157534596,True,False,0.00046665785770760859,,,-0.010305263287328392,True,False,-0.036651718727913396,True,False
2243,Wide-Leg,Wide-Leg/4-3.tif,0.15658549659701562,True,0.063971439563311194,True,True,0.014321308735196603,,,-0.010534241546536927,True,False,-0.067758506751970898,True,True
2244,Wide-Leg,Wide-Leg/4-4.tif,0.068012245911752062,False,0.0058711599912781853,True,False,0.028134962964597776,,,-0.014907204673222096,True,False,-0.019098918282654004,True,False
2245,Wide-Leg,Wide-Leg/4-5.tif,0.22139272382069805,True,0.048447873138108499,True,True,0.062248488772240596,,,-0.047119711826573568,True,True,-0.063576650083775388,True,True
2246,Wide-Leg,Wide-Leg/4-6.tif,0.13170739693068167,True,0.04956438793740689,True,True,0.016289310527933865,,,-0.017192096163991921,True,False,-0.048661602301349,True,True
2247,Wide-Leg,Wide-Leg/4-7.tif,0.31145895336774559,False,0.079294755358382901,True,False,0.076434721325489896,,,-0.059636281945108588,True,True,-0.096093194738764209,True,False
2248,Wide-Leg,Wide-Leg/4-8.tif,0.34204739034514153,True,0.08132768518233327,True,False,0.089696009990237524,,,-0.046134260903195112,True,False,-0.12488943426937561,True,True
2249,Wide-Leg,Wide-Leg/4-9.tif,0.18443916422205997,False,0.067893957816027778,True,True,0.024325624295002068,,,-0.046702895353573026,True,False,-0.045516686757457098,True,False
2250,Wide-Leg,Wide-Leg/5-1.tif,0.15663485788592976,False,0.051426153856362594,True,False,0.026891275086602301,,,-0.015771136762471771,True,False,-0.062546292180493096,True,False
2251,Wide-Leg,Wide-Leg/5-10.tif,0.052659543400564585,False,0.026329771700282306,True,False,-0.0066837850397489795,,,-0.0072686860051596192,True,False,-0.01237730065537368,True,False
2252,Wide-Leg,Wide-Leg/5-2.tif,0.27582475988850785,False,0.11981933459665878,True,True,0.018093045347595205,,,-0.070802981441565299,True,True,-0.0671093985026886,True,False
2253,Wide-Leg,Wide-Leg/5-3.tif,0.24487592514511278,True,0.047655067360064585,True,True,0.074782895212491707,,,-0.059453515160798914,True,True,-0.062984447411757571,True,True
2254,Wide-Leg,Wide-Leg/5-4.tif,0.254879759863054,True,0.075366377245292382,True,True,0.052073502686234618,,,-0.04448497198930268,True,True,-0.082954907942224293,True,True
2255,Wide-Leg,Wide-Leg/5-5.tif,0.289350073434124,True,0.070011213844309694,True,True,0.074663822872752417,,,-0.066719921690643863,True,False,-0.077955115026417998,True,True
2256,Wide-Leg,Wide-Leg/5-6.tif,0.13744773869571442,False,0.032203847009539294,True,False,0.036520022338317915,,,-0.039592666836865908,True,True,-0.0291312025109913,True,False
2257,Wide-Leg,Wide-Leg/5-7.tif,0.38790451790381986,True,0.0938378293992021,True,True,0.10011442955270788,,,-0.067935815934126287,True,True,-0.12601644301778359,True,True
2258,Wide-Leg,Wide-Leg/5-8.tif,0.28005888542291335,False,0.053596611117779108,True,False,0.086432831593677595,,,-0.038842466389050201,True,False,-0.10118697632240642,True,False
2259,Wide-Leg,Wide-Leg/5-9.tif,0.087407465453250843,False,0.040175017033615007,True,True,0.0035287156930103314,,,-0.025825970503841889,True,False,-0.017877762222783616,True,False
2260,Wide-Leg,Wide-Leg/6-1.tif,0.047437000678160229,False,0.004197822525570799,True,False,-0.023718500339080323,,,0.0047285649278483999,False,False,0.014792112885660708,False,False
2261,Wide-Leg,Wide-Leg/6-10.tif,0.15891235506055981,True,0.065731032130500799,True,True,0.013725145399778982,,,-0.020862716669251546,True,False,-0.058593460861028485,True,True
2262,Wide-Leg,Wide-Leg/6-2.tif,0.089205938210191099,False,-0.0038838381357677032,False,False,0.0141586257695131,,,-0.040719130969327916,True,False,0.03044434333558238,False,False
2263,Wide-Leg,Wide-Leg/6-3.tif,0.14865588127775523,True,0.069323429116617485,True,False,0.0050045115222600578,,,-0.043229256523692083,True,True,-0.031098684115185599,True,False
2264,Wide-Leg,Wide-Leg/6-4.tif,0.065788785906318786,False,0.01985233690956012,True,False,0.013042056043599204,,,-0.011536930097472364,True,False,-0.021357462855687098,True,False
2265,Wide-Leg,Wide-Leg/6-5.tif,0.095952513785155347,False,0.042310568813364702,True,False,-0.0086222970800458043,,,0.0056656880792130271,False,False,-0.039353959812531814,True,False
2266,Wide-Leg,Wide-Leg/6-6.tif,0.23958866820261693,True,0.057691195844111393,True,True,0.062103138257197266,,,-0.04945784058997077,True,False,-0.0703364935113375,True,False
2267,Wide-Leg,Wide-Leg/6-7.tif,0.085542957440797734,False,0.020241613031325684,True,False,0.0037685133256983305,,,0.018761352363374839,False,False,-0.042771478720398881,True,False
2268,Wide-Leg,Wide-Leg/6-8.tif,0.11673705681420055,True,0.047062518671676601,True,False,0.011306009735423728,,,-0.012167934980330308,True,False,-0.046200593426769909,True,False
2269,Wide-Leg,Wide-Leg/6-9.tif,0.15345750377175188,True,0.051945220176525475,True,True,0.021123976739396588,,,0.0036595549699536267,False,False,-0.076728751885876204,True,True
2270,Wide-Leg,Wide-Leg/7-1.tif,0.021451605392142331,False,0.0065500008514315089,True,False,0.0034071636998788124,,,0.00076863814476091363,False,False,-0.010725802696071096,True,False
2271,Wide-Leg,Wide-Leg/7-10.tif,0.11243091140826134,False,0.029332846910660404,True,False,0.026882608793470208,,,-0.044791401013754117,True,False,-0.011424054690376606,True,False
2272,Wide-Leg,Wide-Leg/7-2.tif,0.052599512448725627,False,-0.0078356648971348863,False,False,0.024436969737516578,,,-0.018464091327227872,True,False,0.0018627864868462907,False,False
2273,Wide-Leg,Wide-Leg/7-3.tif,0.1629404901426903,False,0.021255516408825781,True,False,0.060214728662519423,,,-0.036971095491474093,True,False,-0.044499149579871,True,False
2274,Wide-Leg,Wide-Leg/7-4.tif,0.1406868210528058,False,0.054416445495724497,True,True,0.01592696503067853,,,-0.04598340018295799,True,False,-0.024360010343444788,True,False
2275,Wide-Leg,Wide-Leg/7-5.tif,0.21639318217342449,False,0.056069598780441099,True,True,0.052126992306270992,,,-0.04433529375160189,True,True,-0.063861297335110506,True,False
2276,Wide-Leg,Wide-Leg/7-6.tif,0.068139825975137347,False,-0.0014860111749865068,False,False,0.034069912987568618,,,-0.0066714101310115237,True,False,-0.025912491681570698,True,False
2277,Wide-Leg,Wide-Leg/7-7.tif,0.22116802891921039,False,0.083309287582979397,True,True,0.027274726876625799,,,-0.064922306730600399,True,True,-0.045661707729004797,True,False
2278,Wide-Leg,Wide-Leg/7-8.tif,0.11645661706665036,True,-0.035878847361601379,False,False,0.036868252783400113,,,-0.022349461171723983,True,False,0.021360055749924889,False,False
2279,Wide-Leg,Wide-Leg/7-9.tif,0.17093601772587269,False,0.060178803713524409,True,True,0.024343214035384086,,,0.00094599111402771108,False,False,-0.085468008862936484,True,False
2280,Wide-Leg,Wide-Leg/8-1.tif,0.033281991154172519,False,0.0088541437652465138,True,False,0.0077868518118396346,,,-0.012214211416927967,True,False,-0.0044267841601584035,True,False
2281,Wide-Leg,Wide-Leg/8-10.tif,0.16765510901464079,True,0.048270461761436623,True,False,0.035557092745883756,,,-0.014602808887439311,True,False,-0.069224745619881095,True,False
2282,Wide-Leg,Wide-Leg/8-2.tif,0.16918357138890025,False,-0.036662481121982893,False,False,-0.047929304572467357,,,0.020608887833634792,False,False,0.063982897860815208,False,False
2283,Wide-Leg,Wide-Leg/8-3.tif,0.30364045209866891,False,0.078190943140785008,True,False,0.073629282908549532,,,-0.067385941789423476,True,True,-0.084434284259910897,True,False
2284,Wide-Leg,Wide-Leg/8-4.tif,0.17399706824002173,False,0.059713370784949399,True,False,0.02728516333506148,,,-0.022195340450021361,True,False,-0.064803193669989489,True,False
2285,Wide-Leg,Wide-Leg/8-5.tif,0.047727651789571335,False,0.023257546201613993,True,False,-0.0065239408997516679,,,0.00060627969317167407,False,False,-0.017339884995033999,True,False
2286,Wide-Leg,Wide-Leg/8-6.tif,0.1873003512625335,True,0.082980435519347306,True,True,0.010669740111919401,,,-0.038832615027244777,True,False,-0.054817560604022014,True,False
2287,Wide-Leg,Wide-Leg/8-7.tif,0.20966544145707983,False,0.084908381133966926,True,False,0.019924339594573015,,,-0.02606552944303081,True,False,-0.078767191285509089,True,False
2288,Wide-Leg,Wide-Leg/8-8.tif,0.26428912375715674,True,0.1044353022847416,True,True,0.027709259593836799,,,-0.047477975061896271,True,True,-0.084666586816682099,True,True
2289,Wide-Leg,Wide-Leg/8-9.tif,0.32806596236721375,True,0.11187291024722573,True,True,0.052160070936381198,,,-0.010342560060513928,True,False,-0.15369042112309289,True,True
2290,Wide-Leg,Wide-Leg/9-1.tif,0.064652826017845832,False,-0.017103497591501315,False,False,-0.015222915417421601,,,0.0027953090152357252,False,False,0.029531103993687191,False,False
2291,Wide-Leg,Wide-Leg/9-10.tif,0.072026521932108373,False,0.034794952144156593,True,False,0.0012183088218976068,,,-0.014219307291366778,True,False,-0.021793953674687394,True,False
2292,Wide-Leg,Wide-Leg/9-2.tif,0.18217434103787636,True,0.039473083036527107,True,True,0.051614087482411253,,,-0.059394276656714096,True,False,-0.031692893862223903,True,False
2293,Wide-Leg,Wide-Leg/9-3.tif,0.24939551549657404,False,0.093963547155076904,True,False,0.030734210593210021,,,-0.06371936863158742,True,False,-0.060978389116699699,True,False
2294,Wide-Leg,Wide-Leg/9-4.tif,0.083284543554038054,True,0.024209679726217792,True,False,0.017432592050801166,,,-0.016937042245439182,True,False,-0.024705229531579914,True,False
2295,Wide-Leg,Wide-Leg/9-5.tif,0.10380130636398144,False,0.036989470078347908,True,False,-0.016149979120914704,,,0.014911183103642922,False,False,-0.035750674061075904,True,False
2296,Wide-Leg,Wide-Leg/9-6.tif,0.35713592986361775,False,0.084996254998347731,True,True,0.093571709933460978,,,-0.062475763670255924,True,True,-0.11609220126155309,True,False
2297,Wide-Leg,Wide-Leg/9-7.tif,0.108641670117055,False,0.048851561535510624,True,False,0.0054692735230170708,,,-0.0066773237093755156,True,False,-0.04764351134915179,True,False
2298,Wide-Leg,Wide-Leg/9-8.tif,0.34266038091686579,True,0.082724437015016888,True,True,0.088605753443415869,,,-0.052341112376515314,True,True,-0.11898907808191769,True,True
2299,Wide-Leg,Wide-Leg/9-9.tif,0.26159411217049378,True,0.067858429768387823,True,True,0.062938626316859092,,,-0.039775804990264785,True,False,-0.091021251094982103,True,False
