calibration_index,row_index,category,garment_identity,relative_path,support_factor,low_1_4,mid_5_12,highmid_13_24,high_25_36
0,0,A-Line,A-Line::1,A-Line/1-1.tif,1,0.28506018967443253,0.28234373294573489,0.24380079905404614,0.18879527832578658
0,0,A-Line,A-Line::1,A-Line/1-1.tif,1.1000000000000001,0.28506018967443253,0.28234373294573489,0.24380079905404614,0.18879527832578658
0,0,A-Line,A-Line::1,A-Line/1-1.tif,1.25,0.28506018967443253,0.28234373294573489,0.24380079905404614,0.18879527832578658
0,0,A-Line,A-Line::1,A-Line/1-1.tif,1.5,0.28506018967443253,0.28234373294573489,0.24380079905404614,0.18879527832578658
0,0,A-Line,A-Line::1,A-Line/1-1.tif,2,0.28506018967443253,0.28234373294573489,0.24380079905404614,0.18879527832578658
0,0,A-Line,A-Line::1,A-Line/1-1.tif,2.5,0.28506018967443253,0.28234373294573489,0.24380079905404614,0.18879527832578658
0,0,A-Line,A-Line::1,A-Line/1-1.tif,3,0.28506018967443253,0.28234373294573489,0.24380079905404614,0.18879527832578658
1,10,A-Line,A-Line::10,A-Line/10-1.tif,1,0.21296143616468244,0.32048224004869658,0.26550546644324413,0.20105085734337685
1,10,A-Line,A-Line::10,A-Line/10-1.tif,1.1000000000000001,0.21296143616468244,0.32048224004869658,0.26550546644324413,0.20105085734337685
1,10,A-Line,A-Line::10,A-Line/10-1.tif,1.25,0.21296143616468244,0.32048224004869658,0.26550546644324413,0.20105085734337685
1,10,A-Line,A-Line::10,A-Line/10-1.tif,1.5,0.21296143616468244,0.32048224004869658,0.26550546644324413,0.20105085734337685
1,10,A-Line,A-Line::10,A-Line/10-1.tif,2,0.21296143616468244,0.32048224004869658,0.26550546644324413,0.20105085734337685
1,10,A-Line,A-Line::10,A-Line/10-1.tif,2.5,0.21296143616468244,0.32048224004869658,0.26550546644324413,0.20105085734337685
1,10,A-Line,A-Line::10,A-Line/10-1.tif,3,0.21296143616468244,0.32048224004869658,0.26550546644324413,0.20105085734337685
2,20,A-Line,A-Line::2,A-Line/2-1.tif,1,0.21674775744066413,0.3089905350503136,0.2785277935231471,0.19573391398587539
2,20,A-Line,A-Line::2,A-Line/2-1.tif,1.1000000000000001,0.21674775744066413,0.3089905350503136,0.2785277935231471,0.19573391398587539
2,20,A-Line,A-Line::2,A-Line/2-1.tif,1.25,0.21674775744066413,0.3089905350503136,0.2785277935231471,0.19573391398587539
2,20,A-Line,A-Line::2,A-Line/2-1.tif,1.5,0.21674775744066413,0.3089905350503136,0.2785277935231471,0.19573391398587539
2,20,A-Line,A-Line::2,A-Line/2-1.tif,2,0.21674775744066413,0.3089905350503136,0.2785277935231471,0.19573391398587539
2,20,A-Line,A-Line::2,A-Line/2-1.tif,2.5,0.21674775744066413,0.3089905350503136,0.2785277935231471,0.19573391398587539
2,20,A-Line,A-Line::2,A-Line/2-1.tif,3,0.21674775744066413,0.3089905350503136,0.2785277935231471,0.19573391398587539
3,30,A-Line,A-Line::3,A-Line/3-1.tif,1,0.28692112632838257,0.20256655958800085,0.25641313245367664,0.25409918162993983
3,30,A-Line,A-Line::3,A-Line/3-1.tif,1.1000000000000001,0.28692112632838257,0.20256655958800085,0.25641313245367664,0.25409918162993983
3,30,A-Line,A-Line::3,A-Line/3-1.tif,1.25,0.28692112632838257,0.20256655958800085,0.25641313245367664,0.25409918162993983
3,30,A-Line,A-Line::3,A-Line/3-1.tif,1.5,0.28692112632838257,0.20256655958800085,0.25641313245367664,0.25409918162993983
3,30,A-Line,A-Line::3,A-Line/3-1.tif,2,0.28692112632838257,0.20256655958800085,0.25641313245367664,0.25409918162993983
3,30,A-Line,A-Line::3,A-Line/3-1.tif,2.5,0.28692112632838257,0.20256655958800085,0.25641313245367664,0.25409918162993983
3,30,A-Line,A-Line::3,A-Line/3-1.tif,3,0.28692112632838257,0.20256655958800085,0.25641313245367664,0.25409918162993983
4,40,A-Line,A-Line::4,A-Line/4-1.tif,1,0.20344588283368006,0.27558676119739239,0.29469175922965402,0.2262755967392735
4,40,A-Line,A-Line::4,A-Line/4-1.tif,1.1000000000000001,0.20344588283368006,0.27558676119739239,0.29469175922965402,0.2262755967392735
4,40,A-Line,A-Line::4,A-Line/4-1.tif,1.25,0.20344588283368006,0.27558676119739239,0.29469175922965402,0.2262755967392735
4,40,A-Line,A-Line::4,A-Line/4-1.tif,1.5,0.20344588283368006,0.27558676119739239,0.29469175922965402,0.2262755967392735
4,40,A-Line,A-Line::4,A-Line/4-1.tif,2,0.20344588283368006,0.27558676119739239,0.29469175922965402,0.2262755967392735
4,40,A-Line,A-Line::4,A-Line/4-1.tif,2.5,0.20344588283368006,0.27558676119739239,0.29469175922965402,0.2262755967392735
4,40,A-Line,A-Line::4,A-Line/4-1.tif,3,0.20344588283368006,0.27558676119739239,0.29469175922965402,0.2262755967392735
5,50,A-Line,A-Line::5,A-Line/5-1.tif,1,0.30879366805116709,0.24588714559553776,0.22375784209143199,0.22156134426186294
5,50,A-Line,A-Line::5,A-Line/5-1.tif,1.1000000000000001,0.30879366805116709,0.24588714559553776,0.22375784209143199,0.22156134426186294
5,50,A-Line,A-Line::5,A-Line/5-1.tif,1.25,0.30879366805116709,0.24588714559553776,0.22375784209143199,0.22156134426186294
5,50,A-Line,A-Line::5,A-Line/5-1.tif,1.5,0.30879366805116709,0.24588714559553776,0.22375784209143199,0.22156134426186294
5,50,A-Line,A-Line::5,A-Line/5-1.tif,2,0.30879366805116709,0.24588714559553776,0.22375784209143199,0.22156134426186294
5,50,A-Line,A-Line::5,A-Line/5-1.tif,2.5,0.30879366805116709,0.24588714559553776,0.22375784209143199,0.22156134426186294
5,50,A-Line,A-Line::5,A-Line/5-1.tif,3,0.30879366805116709,0.24588714559553776,0.22375784209143199,0.22156134426186294
6,60,A-Line,A-Line::6,A-Line/6-1.tif,1,0.22087178656655562,0.24573632221026462,0.28393390951207903,0.24945798171110087
6,60,A-Line,A-Line::6,A-Line/6-1.tif,1.1000000000000001,0.22087178656655562,0.24573632221026462,0.28393390951207903,0.24945798171110087
6,60,A-Line,A-Line::6,A-Line/6-1.tif,1.25,0.22087178656655562,0.24573632221026462,0.28393390951207903,0.24945798171110087
6,60,A-Line,A-Line::6,A-Line/6-1.tif,1.5,0.22087178656655562,0.24573632221026462,0.28393390951207903,0.24945798171110087
6,60,A-Line,A-Line::6,A-Line/6-1.tif,2,0.22087178656655562,0.24573632221026462,0.28393390951207903,0.24945798171110087
6,60,A-Line,A-Line::6,A-Line/6-1.tif,2.5,0.22087178656655562,0.24573632221026462,0.28393390951207903,0.24945798171110087
6,60,A-Line,A-Line::6,A-Line/6-1.tif,3,0.22087178656655562,0.24573632221026462,0.28393390951207903,0.24945798171110087
7,70,A-Line,A-Line::7,A-Line/7-1.tif,1,0.23340789143305252,0.30073520802071124,0.26235578639581508,0.20350111415042108
7,70,A-Line,A-Line::7,A-Line/7-1.tif,1.1000000000000001,0.23340789143305252,0.30073520802071124,0.26235578639581508,0.20350111415042108
7,70,A-Line,A-Line::7,A-Line/7-1.tif,1.25,0.23340789143305252,0.30073520802071124,0.26235578639581508,0.20350111415042108
7,70,A-Line,A-Line::7,A-Line/7-1.tif,1.5,0.23340789143305252,0.30073520802071124,0.26235578639581508,0.20350111415042108
7,70,A-Line,A-Line::7,A-Line/7-1.tif,2,0.23340789143305252,0.30073520802071124,0.26235578639581508,0.20350111415042108
7,70,A-Line,A-Line::7,A-Line/7-1.tif,2.5,0.23340789143305252,0.30073520802071124,0.26235578639581508,0.20350111415042108
7,70,A-Line,A-Line::7,A-Line/7-1.tif,3,0.23340789143305252,0.30073520802071124,0.26235578639581508,0.20350111415042108
8,80,A-Line,A-Line::8,A-Line/8-1.tif,1,0.21101824420489165,0.32413466972481964,0.28453341730748921,0.18031366876279945
8,80,A-Line,A-Line::8,A-Line/8-1.tif,1.1000000000000001,0.21101824420489165,0.32413466972481964,0.28453341730748921,0.18031366876279945
8,80,A-Line,A-Line::8,A-Line/8-1.tif,1.25,0.21101824420489165,0.32413466972481964,0.28453341730748921,0.18031366876279945
8,80,A-Line,A-Line::8,A-Line/8-1.tif,1.5,0.21101824420489165,0.32413466972481964,0.28453341730748921,0.18031366876279945
8,80,A-Line,A-Line::8,A-Line/8-1.tif,2,0.21101824420489165,0.32413466972481964,0.28453341730748921,0.18031366876279945
8,80,A-Line,A-Line::8,A-Line/8-1.tif,2.5,0.21101824420489165,0.32413466972481964,0.28453341730748921,0.18031366876279945
8,80,A-Line,A-Line::8,A-Line/8-1.tif,3,0.21101824420489165,0.32413466972481964,0.28453341730748921,0.18031366876279945
9,90,A-Line,A-Line::9,A-Line/9-1.tif,1,0.27117593755666064,0.32582548609578449,0.26091684580227648,0.1420817305452784
9,90,A-Line,A-Line::9,A-Line/9-1.tif,1.1000000000000001,0.27117593755666064,0.32582548609578449,0.26091684580227648,0.1420817305452784
9,90,A-Line,A-Line::9,A-Line/9-1.tif,1.25,0.27117593755666064,0.32582548609578449,0.26091684580227648,0.1420817305452784
9,90,A-Line,A-Line::9,A-Line/9-1.tif,1.5,0.27117593755666064,0.32582548609578449,0.26091684580227648,0.1420817305452784
9,90,A-Line,A-Line::9,A-Line/9-1.tif,2,0.27117593755666064,0.32582548609578449,0.26091684580227648,0.1420817305452784
9,90,A-Line,A-Line::9,A-Line/9-1.tif,2.5,0.27117593755666064,0.32582548609578449,0.26091684580227648,0.1420817305452784
9,90,A-Line,A-Line::9,A-Line/9-1.tif,3,0.27117593755666064,0.32582548609578449,0.26091684580227648,0.1420817305452784
10,100,Bermuda,Bermuda::1,Bermuda/1-1.tif,1,0.23105801693529421,0.27861733932387167,0.26578390232123739,0.22454074141959676
10,100,Bermuda,Bermuda::1,Bermuda/1-1.tif,1.1000000000000001,0.23105801693529421,0.27861733932387167,0.26578390232123739,0.22454074141959676
10,100,Bermuda,Bermuda::1,Bermuda/1-1.tif,1.25,0.23105801693529421,0.27861733932387167,0.26578390232123739,0.22454074141959676
10,100,Bermuda,Bermuda::1,Bermuda/1-1.tif,1.5,0.23105801693529421,0.27861733932387167,0.26578390232123739,0.22454074141959676
10,100,Bermuda,Bermuda::1,Bermuda/1-1.tif,2,0.23105801693529421,0.27861733932387167,0.26578390232123739,0.22454074141959676
10,100,Bermuda,Bermuda::1,Bermuda/1-1.tif,2.5,0.23105801693529421,0.27861733932387167,0.26578390232123739,0.22454074141959676
10,100,Bermuda,Bermuda::1,Bermuda/1-1.tif,3,0.23105801693529421,0.27861733932387167,0.26578390232123739,0.22454074141959676
11,110,Bermuda,Bermuda::10,Bermuda/10-1.tif,1,0.2315203087511237,0.25396506569315913,0.30152617382864078,0.21298845172707645
11,110,Bermuda,Bermuda::10,Bermuda/10-1.tif,1.1000000000000001,0.2315203087511237,0.25396506569315913,0.30152617382864078,0.21298845172707645
11,110,Bermuda,Bermuda::10,Bermuda/10-1.tif,1.25,0.2315203087511237,0.25396506569315913,0.30152617382864078,0.21298845172707645
11,110,Bermuda,Bermuda::10,Bermuda/10-1.tif,1.5,0.2315203087511237,0.25396506569315913,0.30152617382864078,0.21298845172707645
11,110,Bermuda,Bermuda::10,Bermuda/10-1.tif,2,0.2315203087511237,0.25396506569315913,0.30152617382864078,0.21298845172707645
11,110,Bermuda,Bermuda::10,Bermuda/10-1.tif,2.5,0.2315203087511237,0.25396506569315913,0.30152617382864078,0.21298845172707645
11,110,Bermuda,Bermuda::10,Bermuda/10-1.tif,3,0.2315203087511237,0.25396506569315913,0.30152617382864078,0.21298845172707645
12,120,Bermuda,Bermuda::2,Bermuda/2-1.tif,1,0.25305635844936614,0.35961481568025538,0.26528435865543643,0.12204446721494207
12,120,Bermuda,Bermuda::2,Bermuda/2-1.tif,1.1000000000000001,0.25305635844936614,0.35961481568025538,0.26528435865543643,0.12204446721494207
12,120,Bermuda,Bermuda::2,Bermuda/2-1.tif,1.25,0.25305635844936614,0.35961481568025538,0.26528435865543643,0.12204446721494207
12,120,Bermuda,Bermuda::2,Bermuda/2-1.tif,1.5,0.25305635844936614,0.35961481568025538,0.26528435865543643,0.12204446721494207
12,120,Bermuda,Bermuda::2,Bermuda/2-1.tif,2,0.25305635844936614,0.35961481568025538,0.26528435865543643,0.12204446721494207
12,120,Bermuda,Bermuda::2,Bermuda/2-1.tif,2.5,0.25305635844936614,0.35961481568025538,0.26528435865543643,0.12204446721494207
12,120,Bermuda,Bermuda::2,Bermuda/2-1.tif,3,0.25305635844936614,0.35961481568025538,0.26528435865543643,0.12204446721494207
13,130,Bermuda,Bermuda::3,Bermuda/3-1.tif,1,0.17883800989621654,0.24835949787859735,0.30422407900365461,0.26857841322153142
13,130,Bermuda,Bermuda::3,Bermuda/3-1.tif,1.1000000000000001,0.17883800989621654,0.24835949787859735,0.30422407900365461,0.26857841322153142
13,130,Bermuda,Bermuda::3,Bermuda/3-1.tif,1.25,0.17883800989621654,0.24835949787859735,0.30422407900365461,0.26857841322153142
13,130,Bermuda,Bermuda::3,Bermuda/3-1.tif,1.5,0.17883800989621654,0.24835949787859735,0.30422407900365461,0.26857841322153142
13,130,Bermuda,Bermuda::3,Bermuda/3-1.tif,2,0.17883800989621654,0.24835949787859735,0.30422407900365461,0.26857841322153142
13,130,Bermuda,Bermuda::3,Bermuda/3-1.tif,2.5,0.17883800989621654,0.24835949787859735,0.30422407900365461,0.26857841322153142
13,130,Bermuda,Bermuda::3,Bermuda/3-1.tif,3,0.17883800989621654,0.24835949787859735,0.30422407900365461,0.26857841322153142
14,140,Bermuda,Bermuda::4,Bermuda/4-1.tif,1,0.19140719860715591,0.30970733753307517,0.31121198398977151,0.18767347986999738
14,140,Bermuda,Bermuda::4,Bermuda/4-1.tif,1.1000000000000001,0.19140719860715591,0.30970733753307517,0.31121198398977151,0.18767347986999738
14,140,Bermuda,Bermuda::4,Bermuda/4-1.tif,1.25,0.19140719860715591,0.30970733753307517,0.31121198398977151,0.18767347986999738
14,140,Bermuda,Bermuda::4,Bermuda/4-1.tif,1.5,0.19140719860715591,0.30970733753307517,0.31121198398977151,0.18767347986999738
14,140,Bermuda,Bermuda::4,Bermuda/4-1.tif,2,0.19140719860715591,0.30970733753307517,0.31121198398977151,0.18767347986999738
14,140,Bermuda,Bermuda::4,Bermuda/4-1.tif,2.5,0.19140719860715591,0.30970733753307517,0.31121198398977151,0.18767347986999738
14,140,Bermuda,Bermuda::4,Bermuda/4-1.tif,3,0.19140719860715591,0.30970733753307517,0.31121198398977151,0.18767347986999738
15,150,Bermuda,Bermuda::5,Bermuda/5-1.tif,1,0.22440848530401988,0.34103190228370811,0.283818664044654,0.15074094836761823
15,150,Bermuda,Bermuda::5,Bermuda/5-1.tif,1.1000000000000001,0.22440848530401988,0.34103190228370811,0.283818664044654,0.15074094836761823
15,150,Bermuda,Bermuda::5,Bermuda/5-1.tif,1.25,0.22440848530401988,0.34103190228370811,0.283818664044654,0.15074094836761823
15,150,Bermuda,Bermuda::5,Bermuda/5-1.tif,1.5,0.22440848530401988,0.34103190228370811,0.283818664044654,0.15074094836761823
15,150,Bermuda,Bermuda::5,Bermuda/5-1.tif,2,0.22440848530401988,0.34103190228370811,0.283818664044654,0.15074094836761823
15,150,Bermuda,Bermuda::5,Bermuda/5-1.tif,2.5,0.22440848530401988,0.34103190228370811,0.283818664044654,0.15074094836761823
15,150,Bermuda,Bermuda::5,Bermuda/5-1.tif,3,0.22440848530401988,0.34103190228370811,0.283818664044654,0.15074094836761823
16,160,Bermuda,Bermuda::6,Bermuda/6-1.tif,1,0.22985914421276918,0.27426982731474692,0.27112994912692756,0.22474107934555634
16,160,Bermuda,Bermuda::6,Bermuda/6-1.tif,1.1000000000000001,0.22985914421276918,0.27426982731474692,0.27112994912692756,0.22474107934555634
16,160,Bermuda,Bermuda::6,Bermuda/6-1.tif,1.25,0.22985914421276918,0.27426982731474692,0.27112994912692756,0.22474107934555634
16,160,Bermuda,Bermuda::6,Bermuda/6-1.tif,1.5,0.22985914421276918,0.27426982731474692,0.27112994912692756,0.22474107934555634
16,160,Bermuda,Bermuda::6,Bermuda/6-1.tif,2,0.22985914421276918,0.27426982731474692,0.27112994912692756,0.22474107934555634
16,160,Bermuda,Bermuda::6,Bermuda/6-1.tif,2.5,0.22985914421276918,0.27426982731474692,0.27112994912692756,0.22474107934555634
16,160,Bermuda,Bermuda::6,Bermuda/6-1.tif,3,0.22985914421276918,0.27426982731474692,0.27112994912692756,0.22474107934555634
17,170,Bermuda,Bermuda::7,Bermuda/7-1.tif,1,0.2394325588124753,0.28121824446313992,0.29950119801375474,0.17984799871063015
17,170,Bermuda,Bermuda::7,Bermuda/7-1.tif,1.1000000000000001,0.2394325588124753,0.28121824446313992,0.29950119801375474,0.17984799871063015
17,170,Bermuda,Bermuda::7,Bermuda/7-1.tif,1.25,0.2394325588124753,0.28121824446313992,0.29950119801375474,0.17984799871063015
17,170,Bermuda,Bermuda::7,Bermuda/7-1.tif,1.5,0.2394325588124753,0.28121824446313992,0.29950119801375474,0.17984799871063015
17,170,Bermuda,Bermuda::7,Bermuda/7-1.tif,2,0.2394325588124753,0.28121824446313992,0.29950119801375474,0.17984799871063015
17,170,Bermuda,Bermuda::7,Bermuda/7-1.tif,2.5,0.2394325588124753,0.28121824446313992,0.29950119801375474,0.17984799871063015
17,170,Bermuda,Bermuda::7,Bermuda/7-1.tif,3,0.2394325588124753,0.28121824446313992,0.29950119801375474,0.17984799871063015
18,180,Bermuda,Bermuda::8,Bermuda/8-1.tif,1,0.29140644812300487,0.3103931381658605,0.23191928395232872,0.16628112975880607
18,180,Bermuda,Bermuda::8,Bermuda/8-1.tif,1.1000000000000001,0.29140644812300487,0.3103931381658605,0.23191928395232872,0.16628112975880607
18,180,Bermuda,Bermuda::8,Bermuda/8-1.tif,1.25,0.29140644812300487,0.3103931381658605,0.23191928395232872,0.16628112975880607
18,180,Bermuda,Bermuda::8,Bermuda/8-1.tif,1.5,0.29140644812300487,0.3103931381658605,0.23191928395232872,0.16628112975880607
18,180,Bermuda,Bermuda::8,Bermuda/8-1.tif,2,0.29140644812300487,0.3103931381658605,0.23191928395232872,0.16628112975880607
18,180,Bermuda,Bermuda::8,Bermuda/8-1.tif,2.5,0.29140644812300487,0.3103931381658605,0.23191928395232872,0.16628112975880607
18,180,Bermuda,Bermuda::8,Bermuda/8-1.tif,3,0.29140644812300487,0.3103931381658605,0.23191928395232872,0.16628112975880607
19,190,Bermuda,Bermuda::9,Bermuda/9-1.tif,1,0.22012125112442235,0.31301994188865462,0.29805595958375136,0.16880284740317186
19,190,Bermuda,Bermuda::9,Bermuda/9-1.tif,1.1000000000000001,0.22012125112442235,0.31301994188865462,0.29805595958375136,0.16880284740317186
19,190,Bermuda,Bermuda::9,Bermuda/9-1.tif,1.25,0.22012125112442235,0.31301994188865462,0.29805595958375136,0.16880284740317186
19,190,Bermuda,Bermuda::9,Bermuda/9-1.tif,1.5,0.22012125112442235,0.31301994188865462,0.29805595958375136,0.16880284740317186
19,190,Bermuda,Bermuda::9,Bermuda/9-1.tif,2,0.22012125112442235,0.31301994188865462,0.29805595958375136,0.16880284740317186
19,190,Bermuda,Bermuda::9,Bermuda/9-1.tif,2.5,0.22012125112442235,0.31301994188865462,0.29805595958375136,0.16880284740317186
19,190,Bermuda,Bermuda::9,Bermuda/9-1.tif,3,0.22012125112442235,0.31301994188865462,0.29805595958375136,0.16880284740317186
20,200,Blouse,Blouse::1,Blouse/1-1.tif,1,0.21333233076733907,0.30803994517625188,0.28004979217190135,0.19857793188450767
20,200,Blouse,Blouse::1,Blouse/1-1.tif,1.1000000000000001,0.21333233076733907,0.30803994517625188,0.28004979217190135,0.19857793188450767
20,200,Blouse,Blouse::1,Blouse/1-1.tif,1.25,0.21333233076733907,0.30803994517625188,0.28004979217190135,0.19857793188450767
20,200,Blouse,Blouse::1,Blouse/1-1.tif,1.5,0.21333233076733907,0.30803994517625188,0.28004979217190135,0.19857793188450767
20,200,Blouse,Blouse::1,Blouse/1-1.tif,2,0.21333233076733907,0.30803994517625188,0.28004979217190135,0.19857793188450767
20,200,Blouse,Blouse::1,Blouse/1-1.tif,2.5,0.21333233076733907,0.30803994517625188,0.28004979217190135,0.19857793188450767
20,200,Blouse,Blouse::1,Blouse/1-1.tif,3,0.21333233076733907,0.30803994517625188,0.28004979217190135,0.19857793188450767
21,210,Blouse,Blouse::10,Blouse/10-1.tif,1,0.25385247521900522,0.34139513326029913,0.2382807940475844,0.16647159747311127
21,210,Blouse,Blouse::10,Blouse/10-1.tif,1.1000000000000001,0.25385247521900522,0.34139513326029913,0.2382807940475844,0.16647159747311127
21,210,Blouse,Blouse::10,Blouse/10-1.tif,1.25,0.25385247521900522,0.34139513326029913,0.2382807940475844,0.16647159747311127
21,210,Blouse,Blouse::10,Blouse/10-1.tif,1.5,0.25385247521900522,0.34139513326029913,0.2382807940475844,0.16647159747311127
21,210,Blouse,Blouse::10,Blouse/10-1.tif,2,0.25385247521900522,0.34139513326029913,0.2382807940475844,0.16647159747311127
21,210,Blouse,Blouse::10,Blouse/10-1.tif,2.5,0.25385247521900522,0.34139513326029913,0.2382807940475844,0.16647159747311127
21,210,Blouse,Blouse::10,Blouse/10-1.tif,3,0.25385247521900522,0.34139513326029913,0.2382807940475844,0.16647159747311127
22,220,Blouse,Blouse::2,Blouse/2-1.tif,1,0.26954087680424438,0.28899582574314953,0.24601873502268815,0.19544456242991787
22,220,Blouse,Blouse::2,Blouse/2-1.tif,1.1000000000000001,0.26954087680424438,0.28899582574314953,0.24601873502268815,0.19544456242991787
22,220,Blouse,Blouse::2,Blouse/2-1.tif,1.25,0.26954087680424438,0.28899582574314953,0.24601873502268815,0.19544456242991787
22,220,Blouse,Blouse::2,Blouse/2-1.tif,1.5,0.26954087680424438,0.28899582574314953,0.24601873502268815,0.19544456242991787
22,220,Blouse,Blouse::2,Blouse/2-1.tif,2,0.26954087680424438,0.28899582574314953,0.24601873502268815,0.19544456242991787
22,220,Blouse,Blouse::2,Blouse/2-1.tif,2.5,0.26954087680424438,0.28899582574314953,0.24601873502268815,0.19544456242991787
22,220,Blouse,Blouse::2,Blouse/2-1.tif,3,0.26954087680424438,0.28899582574314953,0.24601873502268815,0.19544456242991787
23,230,Blouse,Blouse::3,Blouse/3-1.tif,1,0.15799378872324948,0.28768093181325183,0.32351332101054953,0.23081195845294916
23,230,Blouse,Blouse::3,Blouse/3-1.tif,1.1000000000000001,0.15799378872324948,0.28768093181325183,0.32351332101054953,0.23081195845294916
23,230,Blouse,Blouse::3,Blouse/3-1.tif,1.25,0.15799378872324948,0.28768093181325183,0.32351332101054953,0.23081195845294916
23,230,Blouse,Blouse::3,Blouse/3-1.tif,1.5,0.15799378872324948,0.28768093181325183,0.32351332101054953,0.23081195845294916
23,230,Blouse,Blouse::3,Blouse/3-1.tif,2,0.15799378872324948,0.28768093181325183,0.32351332101054953,0.23081195845294916
23,230,Blouse,Blouse::3,Blouse/3-1.tif,2.5,0.15799378872324948,0.28768093181325183,0.32351332101054953,0.23081195845294916
23,230,Blouse,Blouse::3,Blouse/3-1.tif,3,0.15799378872324948,0.28768093181325183,0.32351332101054953,0.23081195845294916
24,240,Blouse,Blouse::4,Blouse/4-1.tif,1,0.22732809427920914,0.28698527732663409,0.27793432044268424,0.20775230795147245
24,240,Blouse,Blouse::4,Blouse/4-1.tif,1.1000000000000001,0.22732809427920914,0.28698527732663409,0.27793432044268424,0.20775230795147245
24,240,Blouse,Blouse::4,Blouse/4-1.tif,1.25,0.22732809427920914,0.28698527732663409,0.27793432044268424,0.20775230795147245
24,240,Blouse,Blouse::4,Blouse/4-1.tif,1.5,0.22732809427920914,0.28698527732663409,0.27793432044268424,0.20775230795147245
24,240,Blouse,Blouse::4,Blouse/4-1.tif,2,0.22732809427920914,0.28698527732663409,0.27793432044268424,0.20775230795147245
24,240,Blouse,Blouse::4,Blouse/4-1.tif,2.5,0.22732809427920914,0.28698527732663409,0.27793432044268424,0.20775230795147245
24,240,Blouse,Blouse::4,Blouse/4-1.tif,3,0.22732809427920914,0.28698527732663409,0.27793432044268424,0.20775230795147245
25,250,Blouse,Blouse::5,Blouse/5-1.tif,1,0.24131219770500029,0.33242939201314264,0.25048205637167698,0.17577635391018018
25,250,Blouse,Blouse::5,Blouse/5-1.tif,1.1000000000000001,0.24131219770500029,0.33242939201314264,0.25048205637167698,0.17577635391018018
25,250,Blouse,Blouse::5,Blouse/5-1.tif,1.25,0.24131219770500029,0.33242939201314264,0.25048205637167698,0.17577635391018018
25,250,Blouse,Blouse::5,Blouse/5-1.tif,1.5,0.24131219770500029,0.33242939201314264,0.25048205637167698,0.17577635391018018
25,250,Blouse,Blouse::5,Blouse/5-1.tif,2,0.24131219770500029,0.33242939201314264,0.25048205637167698,0.17577635391018018
25,250,Blouse,Blouse::5,Blouse/5-1.tif,2.5,0.24131219770500029,0.33242939201314264,0.25048205637167698,0.17577635391018018
25,250,Blouse,Blouse::5,Blouse/5-1.tif,3,0.24131219770500029,0.33242939201314264,0.25048205637167698,0.17577635391018018
26,260,Blouse,Blouse::6,Blouse/6-1.tif,1,0.26897524743077289,0.26995338949904174,0.25000662828078313,0.21106473478940235
26,260,Blouse,Blouse::6,Blouse/6-1.tif,1.1000000000000001,0.26897524743077289,0.26995338949904174,0.25000662828078313,0.21106473478940235
26,260,Blouse,Blouse::6,Blouse/6-1.tif,1.25,0.26897524743077289,0.26995338949904174,0.25000662828078313,0.21106473478940235
26,260,Blouse,Blouse::6,Blouse/6-1.tif,1.5,0.26897524743077289,0.26995338949904174,0.25000662828078313,0.21106473478940235
26,260,Blouse,Blouse::6,Blouse/6-1.tif,2,0.26897524743077289,0.26995338949904174,0.25000662828078313,0.21106473478940235
26,260,Blouse,Blouse::6,Blouse/6-1.tif,2.5,0.26897524743077289,0.26995338949904174,0.25000662828078313,0.21106473478940235
26,260,Blouse,Blouse::6,Blouse/6-1.tif,3,0.26897524743077289,0.26995338949904174,0.25000662828078313,0.21106473478940235
27,270,Blouse,Blouse::7,Blouse/7-1.tif,1,0.20134228138601992,0.32555341669588517,0.29634998073897489,0.17675432117912007
27,270,Blouse,Blouse::7,Blouse/7-1.tif,1.1000000000000001,0.20134228138601992,0.32555341669588517,0.29634998073897489,0.17675432117912007
27,270,Blouse,Blouse::7,Blouse/7-1.tif,1.25,0.20134228138601992,0.32555341669588517,0.29634998073897489,0.17675432117912007
27,270,Blouse,Blouse::7,Blouse/7-1.tif,1.5,0.20134228138601992,0.32555341669588517,0.29634998073897489,0.17675432117912007
27,270,Blouse,Blouse::7,Blouse/7-1.tif,2,0.20134228138601992,0.32555341669588517,0.29634998073897489,0.17675432117912007
27,270,Blouse,Blouse::7,Blouse/7-1.tif,2.5,0.20134228138601992,0.32555341669588517,0.29634998073897489,0.17675432117912007
27,270,Blouse,Blouse::7,Blouse/7-1.tif,3,0.20134228138601992,0.32555341669588517,0.29634998073897489,0.17675432117912007
28,280,Blouse,Blouse::8,Blouse/8-1.tif,1,0.18966749965749968,0.30864238966121094,0.29301454345551459,0.20867556722577482
28,280,Blouse,Blouse::8,Blouse/8-1.tif,1.1000000000000001,0.18966749965749968,0.30864238966121094,0.29301454345551459,0.20867556722577482
28,280,Blouse,Blouse::8,Blouse/8-1.tif,1.25,0.18966749965749968,0.30864238966121094,0.29301454345551459,0.20867556722577482
28,280,Blouse,Blouse::8,Blouse/8-1.tif,1.5,0.18966749965749968,0.30864238966121094,0.29301454345551459,0.20867556722577482
28,280,Blouse,Blouse::8,Blouse/8-1.tif,2,0.18966749965749968,0.30864238966121094,0.29301454345551459,0.20867556722577482
28,280,Blouse,Blouse::8,Blouse/8-1.tif,2.5,0.18966749965749968,0.30864238966121094,0.29301454345551459,0.20867556722577482
28,280,Blouse,Blouse::8,Blouse/8-1.tif,3,0.18966749965749968,0.30864238966121094,0.29301454345551459,0.20867556722577482
29,290,Blouse,Blouse::9,Blouse/9-1.tif,1,0.21586275840443075,0.29961445104638207,0.27913892165852228,0.20538386889066509
29,290,Blouse,Blouse::9,Blouse/9-1.tif,1.1000000000000001,0.21586275840443075,0.29961445104638207,0.27913892165852228,0.20538386889066509
29,290,Blouse,Blouse::9,Blouse/9-1.tif,1.25,0.21586275840443075,0.29961445104638207,0.27913892165852228,0.20538386889066509
29,290,Blouse,Blouse::9,Blouse/9-1.tif,1.5,0.21586275840443075,0.29961445104638207,0.27913892165852228,0.20538386889066509
29,290,Blouse,Blouse::9,Blouse/9-1.tif,2,0.21586275840443075,0.29961445104638207,0.27913892165852228,0.20538386889066509
29,290,Blouse,Blouse::9,Blouse/9-1.tif,2.5,0.21586275840443075,0.29961445104638207,0.27913892165852228,0.20538386889066509
29,290,Blouse,Blouse::9,Blouse/9-1.tif,3,0.21586275840443075,0.29961445104638207,0.27913892165852228,0.20538386889066509
30,300,Cardigan,Cardigan::1,Cardigan/1-1.tif,1,0.17835162204621707,0.26347962785207496,0.31198025235373461,0.2461884977479733
30,300,Cardigan,Cardigan::1,Cardigan/1-1.tif,1.1000000000000001,0.17835162204621707,0.26347962785207496,0.31198025235373461,0.2461884977479733
30,300,Cardigan,Cardigan::1,Cardigan/1-1.tif,1.25,0.17835162204621707,0.26347962785207496,0.31198025235373461,0.2461884977479733
30,300,Cardigan,Cardigan::1,Cardigan/1-1.tif,1.5,0.17835162204621707,0.26347962785207496,0.31198025235373461,0.2461884977479733
30,300,Cardigan,Cardigan::1,Cardigan/1-1.tif,2,0.17835162204621707,0.26347962785207496,0.31198025235373461,0.2461884977479733
30,300,Cardigan,Cardigan::1,Cardigan/1-1.tif,2.5,0.17835162204621707,0.26347962785207496,0.31198025235373461,0.2461884977479733
30,300,Cardigan,Cardigan::1,Cardigan/1-1.tif,3,0.17835162204621707,0.26347962785207496,0.31198025235373461,0.2461884977479733
31,310,Cardigan,Cardigan::10,Cardigan/10-1.tif,1,0.24176264069320458,0.34828244186922452,0.26562729117290995,0.14432762626466086
31,310,Cardigan,Cardigan::10,Cardigan/10-1.tif,1.1000000000000001,0.24176264069320458,0.34828244186922452,0.26562729117290995,0.14432762626466086
31,310,Cardigan,Cardigan::10,Cardigan/10-1.tif,1.25,0.24176264069320458,0.34828244186922452,0.26562729117290995,0.14432762626466086
31,310,Cardigan,Cardigan::10,Cardigan/10-1.tif,1.5,0.24176264069320458,0.34828244186922452,0.26562729117290995,0.14432762626466086
31,310,Cardigan,Cardigan::10,Cardigan/10-1.tif,2,0.24176264069320458,0.34828244186922452,0.26562729117290995,0.14432762626466086
31,310,Cardigan,Cardigan::10,Cardigan/10-1.tif,2.5,0.24176264069320458,0.34828244186922452,0.26562729117290995,0.14432762626466086
31,310,Cardigan,Cardigan::10,Cardigan/10-1.tif,3,0.24176264069320458,0.34828244186922452,0.26562729117290995,0.14432762626466086
32,320,Cardigan,Cardigan::2,Cardigan/2-1.tif,1,0.182223469439215,0.31249711484428461,0.29233839392277011,0.2129410217937304
32,320,Cardigan,Cardigan::2,Cardigan/2-1.tif,1.1000000000000001,0.182223469439215,0.31249711484428461,0.29233839392277011,0.2129410217937304
32,320,Cardigan,Cardigan::2,Cardigan/2-1.tif,1.25,0.182223469439215,0.31249711484428461,0.29233839392277011,0.2129410217937304
32,320,Cardigan,Cardigan::2,Cardigan/2-1.tif,1.5,0.182223469439215,0.31249711484428461,0.29233839392277011,0.2129410217937304
32,320,Cardigan,Cardigan::2,Cardigan/2-1.tif,2,0.182223469439215,0.31249711484428461,0.29233839392277011,0.2129410217937304
32,320,Cardigan,Cardigan::2,Cardigan/2-1.tif,2.5,0.182223469439215,0.31249711484428461,0.29233839392277011,0.2129410217937304
32,320,Cardigan,Cardigan::2,Cardigan/2-1.tif,3,0.182223469439215,0.31249711484428461,0.29233839392277011,0.2129410217937304
33,330,Cardigan,Cardigan::3,Cardigan/3-1.tif,1,0.28224297952449223,0.32683644381283244,0.25650270098658295,0.13441787567609204
33,330,Cardigan,Cardigan::3,Cardigan/3-1.tif,1.1000000000000001,0.28224297952449223,0.32683644381283244,0.25650270098658295,0.13441787567609204
33,330,Cardigan,Cardigan::3,Cardigan/3-1.tif,1.25,0.28224297952449223,0.32683644381283244,0.25650270098658295,0.13441787567609204
33,330,Cardigan,Cardigan::3,Cardigan/3-1.tif,1.5,0.28224297952449223,0.32683644381283244,0.25650270098658295,0.13441787567609204
33,330,Cardigan,Cardigan::3,Cardigan/3-1.tif,2,0.28224297952449223,0.32683644381283244,0.25650270098658295,0.13441787567609204
33,330,Cardigan,Cardigan::3,Cardigan/3-1.tif,2.5,0.28224297952449223,0.32683644381283244,0.25650270098658295,0.13441787567609204
33,330,Cardigan,Cardigan::3,Cardigan/3-1.tif,3,0.28224297952449223,0.32683644381283244,0.25650270098658295,0.13441787567609204
34,340,Cardigan,Cardigan::4,Cardigan/4-1.tif,1,0.18466703614928578,0.27224539744319642,0.32650703853752699,0.21658052786999099
34,340,Cardigan,Cardigan::4,Cardigan/4-1.tif,1.1000000000000001,0.18466703614928578,0.27224539744319642,0.32650703853752699,0.21658052786999099
34,340,Cardigan,Cardigan::4,Cardigan/4-1.tif,1.25,0.18466703614928578,0.27224539744319642,0.32650703853752699,0.21658052786999099
34,340,Cardigan,Cardigan::4,Cardigan/4-1.tif,1.5,0.18466703614928578,0.27224539744319642,0.32650703853752699,0.21658052786999099
34,340,Cardigan,Cardigan::4,Cardigan/4-1.tif,2,0.18466703614928578,0.27224539744319642,0.32650703853752699,0.21658052786999099
34,340,Cardigan,Cardigan::4,Cardigan/4-1.tif,2.5,0.18466703614928578,0.27224539744319642,0.32650703853752699,0.21658052786999099
34,340,Cardigan,Cardigan::4,Cardigan/4-1.tif,3,0.18466703614928578,0.27224539744319642,0.32650703853752699,0.21658052786999099
35,350,Cardigan,Cardigan::5,Cardigan/5-1.tif,1,0.25961261730760588,0.23970341419050603,0.28032416236007018,0.22035980614181774
35,350,Cardigan,Cardigan::5,Cardigan/5-1.tif,1.1000000000000001,0.25961261730760588,0.23970341419050603,0.28032416236007018,0.22035980614181774
35,350,Cardigan,Cardigan::5,Cardigan/5-1.tif,1.25,0.25961261730760588,0.23970341419050603,0.28032416236007018,0.22035980614181774
35,350,Cardigan,Cardigan::5,Cardigan/5-1.tif,1.5,0.25961261730760588,0.23970341419050603,0.28032416236007018,0.22035980614181774
35,350,Cardigan,Cardigan::5,Cardigan/5-1.tif,2,0.25961261730760588,0.23970341419050603,0.28032416236007018,0.22035980614181774
35,350,Cardigan,Cardigan::5,Cardigan/5-1.tif,2.5,0.25961261730760588,0.23970341419050603,0.28032416236007018,0.22035980614181774
35,350,Cardigan,Cardigan::5,Cardigan/5-1.tif,3,0.25961261730760588,0.23970341419050603,0.28032416236007018,0.22035980614181774
36,360,Cardigan,Cardigan::6,Cardigan/6-1.tif,1,0.21826233059154881,0.26915439688602499,0.28248916269937063,0.23009410982305573
36,360,Cardigan,Cardigan::6,Cardigan/6-1.tif,1.1000000000000001,0.21826233059154881,0.26915439688602499,0.28248916269937063,0.23009410982305573
36,360,Cardigan,Cardigan::6,Cardigan/6-1.tif,1.25,0.21826233059154881,0.26915439688602499,0.28248916269937063,0.23009410982305573
36,360,Cardigan,Cardigan::6,Cardigan/6-1.tif,1.5,0.21826233059154881,0.26915439688602499,0.28248916269937063,0.23009410982305573
36,360,Cardigan,Cardigan::6,Cardigan/6-1.tif,2,0.21826233059154881,0.26915439688602499,0.28248916269937063,0.23009410982305573
36,360,Cardigan,Cardigan::6,Cardigan/6-1.tif,2.5,0.21826233059154881,0.26915439688602499,0.28248916269937063,0.23009410982305573
36,360,Cardigan,Cardigan::6,Cardigan/6-1.tif,3,0.21826233059154881,0.26915439688602499,0.28248916269937063,0.23009410982305573
37,370,Cardigan,Cardigan::7,Cardigan/7-1.tif,1,0.16829778549816701,0.25657966878202038,0.31697871644954234,0.25814382927027024
37,370,Cardigan,Cardigan::7,Cardigan/7-1.tif,1.1000000000000001,0.16829778549816701,0.25657966878202038,0.31697871644954234,0.25814382927027024
37,370,Cardigan,Cardigan::7,Cardigan/7-1.tif,1.25,0.16829778549816701,0.25657966878202038,0.31697871644954234,0.25814382927027024
37,370,Cardigan,Cardigan::7,Cardigan/7-1.tif,1.5,0.16829778549816701,0.25657966878202038,0.31697871644954234,0.25814382927027024
37,370,Cardigan,Cardigan::7,Cardigan/7-1.tif,2,0.16829778549816701,0.25657966878202038,0.31697871644954234,0.25814382927027024
37,370,Cardigan,Cardigan::7,Cardigan/7-1.tif,2.5,0.16829778549816701,0.25657966878202038,0.31697871644954234,0.25814382927027024
37,370,Cardigan,Cardigan::7,Cardigan/7-1.tif,3,0.16829778549816701,0.25657966878202038,0.31697871644954234,0.25814382927027024
38,380,Cardigan,Cardigan::8,Cardigan/8-1.tif,1,0.21916415669793496,0.32492533197523521,0.29327866595739133,0.16263184536943845
38,380,Cardigan,Cardigan::8,Cardigan/8-1.tif,1.1000000000000001,0.21916415669793496,0.32492533197523521,0.29327866595739133,0.16263184536943845
38,380,Cardigan,Cardigan::8,Cardigan/8-1.tif,1.25,0.21916415669793496,0.32492533197523521,0.29327866595739133,0.16263184536943845
38,380,Cardigan,Cardigan::8,Cardigan/8-1.tif,1.5,0.21916415669793496,0.32492533197523521,0.29327866595739133,0.16263184536943845
38,380,Cardigan,Cardigan::8,Cardigan/8-1.tif,2,0.21916415669793496,0.32492533197523521,0.29327866595739133,0.16263184536943845
38,380,Cardigan,Cardigan::8,Cardigan/8-1.tif,2.5,0.21916415669793496,0.32492533197523521,0.29327866595739133,0.16263184536943845
38,380,Cardigan,Cardigan::8,Cardigan/8-1.tif,3,0.21916415669793496,0.32492533197523521,0.29327866595739133,0.16263184536943845
39,390,Cardigan,Cardigan::9,Cardigan/9-1.tif,1,0.25346172655301413,0.22449472400558301,0.27887480136204684,0.24316874807935598
39,390,Cardigan,Cardigan::9,Cardigan/9-1.tif,1.1000000000000001,0.25346172655301413,0.22449472400558301,0.27887480136204684,0.24316874807935598
39,390,Cardigan,Cardigan::9,Cardigan/9-1.tif,1.25,0.25346172655301413,0.22449472400558301,0.27887480136204684,0.24316874807935598
39,390,Cardigan,Cardigan::9,Cardigan/9-1.tif,1.5,0.25346172655301413,0.22449472400558301,0.27887480136204684,0.24316874807935598
39,390,Cardigan,Cardigan::9,Cardigan/9-1.tif,2,0.25346172655301413,0.22449472400558301,0.27887480136204684,0.24316874807935598
39,390,Cardigan,Cardigan::9,Cardigan/9-1.tif,2.5,0.25346172655301413,0.22449472400558301,0.27887480136204684,0.24316874807935598
39,390,Cardigan,Cardigan::9,Cardigan/9-1.tif,3,0.25346172655301413,0.22449472400558301,0.27887480136204684,0.24316874807935598
40,410,Circle,Circle::1,Circle/1_1.tif,1,0.20366472992275664,0.26060960071020361,0.31337172342508374,0.22235394594195609
40,410,Circle,Circle::1,Circle/1_1.tif,1.1000000000000001,0.20366472992275664,0.26060960071020361,0.31337172342508374,0.22235394594195609
40,410,Circle,Circle::1,Circle/1_1.tif,1.25,0.20366472992275664,0.26060960071020361,0.31337172342508374,0.22235394594195609
40,410,Circle,Circle::1,Circle/1_1.tif,1.5,0.20366472992275664,0.26060960071020361,0.31337172342508374,0.22235394594195609
40,410,Circle,Circle::1,Circle/1_1.tif,2,0.20366472992275664,0.26060960071020361,0.31337172342508374,0.22235394594195609
40,410,Circle,Circle::1,Circle/1_1.tif,2.5,0.20366472992275664,0.26060960071020361,0.31337172342508374,0.22235394594195609
40,410,Circle,Circle::1,Circle/1_1.tif,3,0.20366472992275664,0.26060960071020361,0.31337172342508374,0.22235394594195609
41,400,Circle,Circle::10,Circle/10_1.tif,1,0.26279552230441572,0.277594680426828,0.2463097921272733,0.21330000514148303
41,400,Circle,Circle::10,Circle/10_1.tif,1.1000000000000001,0.26279552230441572,0.277594680426828,0.2463097921272733,0.21330000514148303
41,400,Circle,Circle::10,Circle/10_1.tif,1.25,0.26279552230441572,0.277594680426828,0.2463097921272733,0.21330000514148303
41,400,Circle,Circle::10,Circle/10_1.tif,1.5,0.26279552230441572,0.277594680426828,0.2463097921272733,0.21330000514148303
41,400,Circle,Circle::10,Circle/10_1.tif,2,0.26279552230441572,0.277594680426828,0.2463097921272733,0.21330000514148303
41,400,Circle,Circle::10,Circle/10_1.tif,2.5,0.26279552230441572,0.277594680426828,0.2463097921272733,0.21330000514148303
41,400,Circle,Circle::10,Circle/10_1.tif,3,0.26279552230441572,0.277594680426828,0.2463097921272733,0.21330000514148303
42,420,Circle,Circle::2,Circle/2_1.tif,1,0.28924096576774394,0.31063032794531475,0.28609861140747939,0.11403009487946175
42,420,Circle,Circle::2,Circle/2_1.tif,1.1000000000000001,0.28924096576774394,0.31063032794531475,0.28609861140747939,0.11403009487946175
42,420,Circle,Circle::2,Circle/2_1.tif,1.25,0.28924096576774394,0.31063032794531475,0.28609861140747939,0.11403009487946175
42,420,Circle,Circle::2,Circle/2_1.tif,1.5,0.28924096576774394,0.31063032794531475,0.28609861140747939,0.11403009487946175
42,420,Circle,Circle::2,Circle/2_1.tif,2,0.28924096576774394,0.31063032794531475,0.28609861140747939,0.11403009487946175
42,420,Circle,Circle::2,Circle/2_1.tif,2.5,0.28924096576774394,0.31063032794531475,0.28609861140747939,0.11403009487946175
42,420,Circle,Circle::2,Circle/2_1.tif,3,0.28924096576774394,0.31063032794531475,0.28609861140747939,0.11403009487946175
43,430,Circle,Circle::3,Circle/3_1.tif,1,0.19959851639152607,0.28529586282960923,0.30163592042362347,0.21346970035524124
43,430,Circle,Circle::3,Circle/3_1.tif,1.1000000000000001,0.19959851639152607,0.28529586282960923,0.30163592042362347,0.21346970035524124
43,430,Circle,Circle::3,Circle/3_1.tif,1.25,0.19959851639152607,0.28529586282960923,0.30163592042362347,0.21346970035524124
43,430,Circle,Circle::3,Circle/3_1.tif,1.5,0.19959851639152607,0.28529586282960923,0.30163592042362347,0.21346970035524124
43,430,Circle,Circle::3,Circle/3_1.tif,2,0.19959851639152607,0.28529586282960923,0.30163592042362347,0.21346970035524124
43,430,Circle,Circle::3,Circle/3_1.tif,2.5,0.19959851639152607,0.28529586282960923,0.30163592042362347,0.21346970035524124
43,430,Circle,Circle::3,Circle/3_1.tif,3,0.19959851639152607,0.28529586282960923,0.30163592042362347,0.21346970035524124
44,440,Circle,Circle::4,Circle/4_1.tif,1,0.21610726960713389,0.31222424013653355,0.2971093091630661,0.17455918109326643
44,440,Circle,Circle::4,Circle/4_1.tif,1.1000000000000001,0.21610726960713389,0.31222424013653355,0.2971093091630661,0.17455918109326643
44,440,Circle,Circle::4,Circle/4_1.tif,1.25,0.21610726960713389,0.31222424013653355,0.2971093091630661,0.17455918109326643
44,440,Circle,Circle::4,Circle/4_1.tif,1.5,0.21610726960713389,0.31222424013653355,0.2971093091630661,0.17455918109326643
44,440,Circle,Circle::4,Circle/4_1.tif,2,0.21610726960713389,0.31222424013653355,0.2971093091630661,0.17455918109326643
44,440,Circle,Circle::4,Circle/4_1.tif,2.5,0.21610726960713389,0.31222424013653355,0.2971093091630661,0.17455918109326643
44,440,Circle,Circle::4,Circle/4_1.tif,3,0.21610726960713389,0.31222424013653355,0.2971093091630661,0.17455918109326643
45,450,Circle,Circle::5,Circle/5_1.tif,1,0.18549658983371325,0.26805706211185165,0.30369734378916463,0.24274900426527046
45,450,Circle,Circle::5,Circle/5_1.tif,1.1000000000000001,0.18549658983371325,0.26805706211185165,0.30369734378916463,0.24274900426527046
45,450,Circle,Circle::5,Circle/5_1.tif,1.25,0.18549658983371325,0.26805706211185165,0.30369734378916463,0.24274900426527046
45,450,Circle,Circle::5,Circle/5_1.tif,1.5,0.18549658983371325,0.26805706211185165,0.30369734378916463,0.24274900426527046
45,450,Circle,Circle::5,Circle/5_1.tif,2,0.18549658983371325,0.26805706211185165,0.30369734378916463,0.24274900426527046
45,450,Circle,Circle::5,Circle/5_1.tif,2.5,0.18549658983371325,0.26805706211185165,0.30369734378916463,0.24274900426527046
45,450,Circle,Circle::5,Circle/5_1.tif,3,0.18549658983371325,0.26805706211185165,0.30369734378916463,0.24274900426527046
46,460,Circle,Circle::6,Circle/6_1.tif,1,0.21746104517738965,0.32253290274185886,0.29371962920362599,0.16628642287712583
46,460,Circle,Circle::6,Circle/6_1.tif,1.1000000000000001,0.21746104517738965,0.32253290274185886,0.29371962920362599,0.16628642287712583
46,460,Circle,Circle::6,Circle/6_1.tif,1.25,0.21746104517738965,0.32253290274185886,0.29371962920362599,0.16628642287712583
46,460,Circle,Circle::6,Circle/6_1.tif,1.5,0.21746104517738965,0.32253290274185886,0.29371962920362599,0.16628642287712583
46,460,Circle,Circle::6,Circle/6_1.tif,2,0.21746104517738965,0.32253290274185886,0.29371962920362599,0.16628642287712583
46,460,Circle,Circle::6,Circle/6_1.tif,2.5,0.21746104517738965,0.32253290274185886,0.29371962920362599,0.16628642287712583
46,460,Circle,Circle::6,Circle/6_1.tif,3,0.21746104517738965,0.32253290274185886,0.29371962920362599,0.16628642287712583
47,470,Circle,Circle::7,Circle/7_1.tif,1,0.24717566167467414,0.29545014712747486,0.27309302419608711,0.18428116700176395
47,470,Circle,Circle::7,Circle/7_1.tif,1.1000000000000001,0.24717566167467414,0.29545014712747486,0.27309302419608711,0.18428116700176395
47,470,Circle,Circle::7,Circle/7_1.tif,1.25,0.24717566167467414,0.29545014712747486,0.27309302419608711,0.18428116700176395
47,470,Circle,Circle::7,Circle/7_1.tif,1.5,0.24717566167467414,0.29545014712747486,0.27309302419608711,0.18428116700176395
47,470,Circle,Circle::7,Circle/7_1.tif,2,0.24717566167467414,0.29545014712747486,0.27309302419608711,0.18428116700176395
47,470,Circle,Circle::7,Circle/7_1.tif,2.5,0.24717566167467414,0.29545014712747486,0.27309302419608711,0.18428116700176395
47,470,Circle,Circle::7,Circle/7_1.tif,3,0.24717566167467414,0.29545014712747486,0.27309302419608711,0.18428116700176395
48,480,Circle,Circle::8,Circle/8_1.tif,1,0.19893191016249762,0.26675325512297254,0.28121154857193786,0.25310328614259192
48,480,Circle,Circle::8,Circle/8_1.tif,1.1000000000000001,0.19893191016249762,0.26675325512297254,0.28121154857193786,0.25310328614259192
48,480,Circle,Circle::8,Circle/8_1.tif,1.25,0.19893191016249762,0.26675325512297254,0.28121154857193786,0.25310328614259192
48,480,Circle,Circle::8,Circle/8_1.tif,1.5,0.19893191016249762,0.26675325512297254,0.28121154857193786,0.25310328614259192
48,480,Circle,Circle::8,Circle/8_1.tif,2,0.19893191016249762,0.26675325512297254,0.28121154857193786,0.25310328614259192
48,480,Circle,Circle::8,Circle/8_1.tif,2.5,0.19893191016249762,0.26675325512297254,0.28121154857193786,0.25310328614259192
48,480,Circle,Circle::8,Circle/8_1.tif,3,0.19893191016249762,0.26675325512297254,0.28121154857193786,0.25310328614259192
49,490,Circle,Circle::9,Circle/9_1.tif,1,0.16952573353377759,0.24919877533256451,0.31635342435394742,0.2649220667797102
49,490,Circle,Circle::9,Circle/9_1.tif,1.1000000000000001,0.16952573353377759,0.24919877533256451,0.31635342435394742,0.2649220667797102
49,490,Circle,Circle::9,Circle/9_1.tif,1.25,0.16952573353377759,0.24919877533256451,0.31635342435394742,0.2649220667797102
49,490,Circle,Circle::9,Circle/9_1.tif,1.5,0.16952573353377759,0.24919877533256451,0.31635342435394742,0.2649220667797102
49,490,Circle,Circle::9,Circle/9_1.tif,2,0.16952573353377759,0.24919877533256451,0.31635342435394742,0.2649220667797102
49,490,Circle,Circle::9,Circle/9_1.tif,2.5,0.16952573353377759,0.24919877533256451,0.31635342435394742,0.2649220667797102
49,490,Circle,Circle::9,Circle/9_1.tif,3,0.16952573353377759,0.24919877533256451,0.31635342435394742,0.2649220667797102
50,500,Dress,Dress::1,Dress/1-3.tif,1,0.25674697325023432,0.18794537675541487,0.30717888921950354,0.24812876077484725
50,500,Dress,Dress::1,Dress/1-3.tif,1.1000000000000001,0.25674697325023432,0.18794537675541487,0.30717888921950354,0.24812876077484725
50,500,Dress,Dress::1,Dress/1-3.tif,1.25,0.25674697325023432,0.18794537675541487,0.30717888921950354,0.24812876077484725
50,500,Dress,Dress::1,Dress/1-3.tif,1.5,0.25674697325023432,0.18794537675541487,0.30717888921950354,0.24812876077484725
50,500,Dress,Dress::1,Dress/1-3.tif,2,0.25674697325023432,0.18794537675541487,0.30717888921950354,0.24812876077484725
50,500,Dress,Dress::1,Dress/1-3.tif,2.5,0.25674697325023432,0.18794537675541487,0.30717888921950354,0.24812876077484725
50,500,Dress,Dress::1,Dress/1-3.tif,3,0.25674697325023432,0.18794537675541487,0.30717888921950354,0.24812876077484725
51,502,Dress,Dress::10,Dress/10_1.tif,1,0.3397389294674672,0.20472548480466646,0.22744913694003607,0.22808644878783041
51,502,Dress,Dress::10,Dress/10_1.tif,1.1000000000000001,0.3397389294674672,0.20472548480466646,0.22744913694003607,0.22808644878783041
51,502,Dress,Dress::10,Dress/10_1.tif,1.25,0.3397389294674672,0.20472548480466646,0.22744913694003607,0.22808644878783041
51,502,Dress,Dress::10,Dress/10_1.tif,1.5,0.3397389294674672,0.20472548480466646,0.22744913694003607,0.22808644878783041
51,502,Dress,Dress::10,Dress/10_1.tif,2,0.3397389294674672,0.20472548480466646,0.22744913694003607,0.22808644878783041
51,502,Dress,Dress::10,Dress/10_1.tif,2.5,0.3397389294674672,0.20472548480466646,0.22744913694003607,0.22808644878783041
51,502,Dress,Dress::10,Dress/10_1.tif,3,0.3397389294674672,0.20472548480466646,0.22744913694003607,0.22808644878783041
52,520,Dress,Dress::2,Dress/2_1.tif,1,0.31415356721053422,0.2759115654982181,0.24001973169520202,0.16991513559604554
52,520,Dress,Dress::2,Dress/2_1.tif,1.1000000000000001,0.31415356721053422,0.2759115654982181,0.24001973169520202,0.16991513559604554
52,520,Dress,Dress::2,Dress/2_1.tif,1.25,0.31415356721053422,0.2759115654982181,0.24001973169520202,0.16991513559604554
52,520,Dress,Dress::2,Dress/2_1.tif,1.5,0.31415356721053422,0.2759115654982181,0.24001973169520202,0.16991513559604554
52,520,Dress,Dress::2,Dress/2_1.tif,2,0.31415356721053422,0.2759115654982181,0.24001973169520202,0.16991513559604554
52,520,Dress,Dress::2,Dress/2_1.tif,2.5,0.31415356721053422,0.2759115654982181,0.24001973169520202,0.16991513559604554
52,520,Dress,Dress::2,Dress/2_1.tif,3,0.31415356721053422,0.2759115654982181,0.24001973169520202,0.16991513559604554
53,530,Dress,Dress::3,Dress/3_1.tif,1,0.17798926235759929,0.28164068569657252,0.30784418660768242,0.23252586533814573
53,530,Dress,Dress::3,Dress/3_1.tif,1.1000000000000001,0.17798926235759929,0.28164068569657252,0.30784418660768242,0.23252586533814573
53,530,Dress,Dress::3,Dress/3_1.tif,1.25,0.17798926235759929,0.28164068569657252,0.30784418660768242,0.23252586533814573
53,530,Dress,Dress::3,Dress/3_1.tif,1.5,0.17798926235759929,0.28164068569657252,0.30784418660768242,0.23252586533814573
53,530,Dress,Dress::3,Dress/3_1.tif,2,0.17798926235759929,0.28164068569657252,0.30784418660768242,0.23252586533814573
53,530,Dress,Dress::3,Dress/3_1.tif,2.5,0.17798926235759929,0.28164068569657252,0.30784418660768242,0.23252586533814573
53,530,Dress,Dress::3,Dress/3_1.tif,3,0.17798926235759929,0.28164068569657252,0.30784418660768242,0.23252586533814573
54,540,Dress,Dress::4,Dress/4_1.tif,1,0.28843402899833465,0.3044893737240027,0.20524477648720979,0.20183182079045284
54,540,Dress,Dress::4,Dress/4_1.tif,1.1000000000000001,0.28843402899833465,0.3044893737240027,0.20524477648720979,0.20183182079045284
54,540,Dress,Dress::4,Dress/4_1.tif,1.25,0.28843402899833465,0.3044893737240027,0.20524477648720979,0.20183182079045284
54,540,Dress,Dress::4,Dress/4_1.tif,1.5,0.28843402899833465,0.3044893737240027,0.20524477648720979,0.20183182079045284
54,540,Dress,Dress::4,Dress/4_1.tif,2,0.28843402899833465,0.3044893737240027,0.20524477648720979,0.20183182079045284
54,540,Dress,Dress::4,Dress/4_1.tif,2.5,0.28843402899833465,0.3044893737240027,0.20524477648720979,0.20183182079045284
54,540,Dress,Dress::4,Dress/4_1.tif,3,0.28843402899833465,0.3044893737240027,0.20524477648720979,0.20183182079045284
55,550,Dress,Dress::5,Dress/5_1.tif,1,0.1972829308381035,0.28377218688890743,0.29312494462284999,0.22581993765013905
55,550,Dress,Dress::5,Dress/5_1.tif,1.1000000000000001,0.1972829308381035,0.28377218688890743,0.29312494462284999,0.22581993765013905
55,550,Dress,Dress::5,Dress/5_1.tif,1.25,0.1972829308381035,0.28377218688890743,0.29312494462284999,0.22581993765013905
55,550,Dress,Dress::5,Dress/5_1.tif,1.5,0.1972829308381035,0.28377218688890743,0.29312494462284999,0.22581993765013905
55,550,Dress,Dress::5,Dress/5_1.tif,2,0.1972829308381035,0.28377218688890743,0.29312494462284999,0.22581993765013905
55,550,Dress,Dress::5,Dress/5_1.tif,2.5,0.1972829308381035,0.28377218688890743,0.29312494462284999,0.22581993765013905
55,550,Dress,Dress::5,Dress/5_1.tif,3,0.1972829308381035,0.28377218688890743,0.29312494462284999,0.22581993765013905
56,560,Dress,Dress::6,Dress/6_1.tif,1,0.27538762816737755,0.28057086595979797,0.27102195640530985,0.17301954946751474
56,560,Dress,Dress::6,Dress/6_1.tif,1.1000000000000001,0.27538762816737755,0.28057086595979797,0.27102195640530985,0.17301954946751474
56,560,Dress,Dress::6,Dress/6_1.tif,1.25,0.27538762816737755,0.28057086595979797,0.27102195640530985,0.17301954946751474
56,560,Dress,Dress::6,Dress/6_1.tif,1.5,0.27538762816737755,0.28057086595979797,0.27102195640530985,0.17301954946751474
56,560,Dress,Dress::6,Dress/6_1.tif,2,0.27538762816737755,0.28057086595979797,0.27102195640530985,0.17301954946751474
56,560,Dress,Dress::6,Dress/6_1.tif,2.5,0.27538762816737755,0.28057086595979797,0.27102195640530985,0.17301954946751474
56,560,Dress,Dress::6,Dress/6_1.tif,3,0.27538762816737755,0.28057086595979797,0.27102195640530985,0.17301954946751474
57,570,Dress,Dress::7,Dress/7_1.tif,1,0.19447862292179766,0.16672829490565258,0.32565235846572205,0.31314072370682799
57,570,Dress,Dress::7,Dress/7_1.tif,1.1000000000000001,0.19447862292179766,0.16672829490565258,0.32565235846572205,0.31314072370682799
57,570,Dress,Dress::7,Dress/7_1.tif,1.25,0.19447862292179766,0.16672829490565258,0.32565235846572205,0.31314072370682799
57,570,Dress,Dress::7,Dress/7_1.tif,1.5,0.19447862292179766,0.16672829490565258,0.32565235846572205,0.31314072370682799
57,570,Dress,Dress::7,Dress/7_1.tif,2,0.19447862292179766,0.16672829490565258,0.32565235846572205,0.31314072370682799
57,570,Dress,Dress::7,Dress/7_1.tif,2.5,0.19447862292179766,0.16672829490565258,0.32565235846572205,0.31314072370682799
57,570,Dress,Dress::7,Dress/7_1.tif,3,0.19447862292179766,0.16672829490565258,0.32565235846572205,0.31314072370682799
58,580,Dress,Dress::8,Dress/8_1.tif,1,0.22167389453067873,0.17051924258198234,0.35972451217848384,0.24808235070885529
58,580,Dress,Dress::8,Dress/8_1.tif,1.1000000000000001,0.22167389453067873,0.17051924258198234,0.35972451217848384,0.24808235070885529
58,580,Dress,Dress::8,Dress/8_1.tif,1.25,0.22167389453067873,0.17051924258198234,0.35972451217848384,0.24808235070885529
58,580,Dress,Dress::8,Dress/8_1.tif,1.5,0.22167389453067873,0.17051924258198234,0.35972451217848384,0.24808235070885529
58,580,Dress,Dress::8,Dress/8_1.tif,2,0.22167389453067873,0.17051924258198234,0.35972451217848384,0.24808235070885529
58,580,Dress,Dress::8,Dress/8_1.tif,2.5,0.22167389453067873,0.17051924258198234,0.35972451217848384,0.24808235070885529
58,580,Dress,Dress::8,Dress/8_1.tif,3,0.22167389453067873,0.17051924258198234,0.35972451217848384,0.24808235070885529
59,590,Dress,Dress::9,Dress/9_1.tif,1,0.28630415083910726,0.23536453265922652,0.23059203246523688,0.24773928403642942
59,590,Dress,Dress::9,Dress/9_1.tif,1.1000000000000001,0.28630415083910726,0.23536453265922652,0.23059203246523688,0.24773928403642942
59,590,Dress,Dress::9,Dress/9_1.tif,1.25,0.28630415083910726,0.23536453265922652,0.23059203246523688,0.24773928403642942
59,590,Dress,Dress::9,Dress/9_1.tif,1.5,0.28630415083910726,0.23536453265922652,0.23059203246523688,0.24773928403642942
59,590,Dress,Dress::9,Dress/9_1.tif,2,0.28630415083910726,0.23536453265922652,0.23059203246523688,0.24773928403642942
59,590,Dress,Dress::9,Dress/9_1.tif,2.5,0.28630415083910726,0.23536453265922652,0.23059203246523688,0.24773928403642942
59,590,Dress,Dress::9,Dress/9_1.tif,3,0.28630415083910726,0.23536453265922652,0.23059203246523688,0.24773928403642942
60,610,Flare,Flare::1,Flare/1_1.tif,1,0.2969307600929243,0.20956939927528784,0.31113431247293527,0.18236552815885246
60,610,Flare,Flare::1,Flare/1_1.tif,1.1000000000000001,0.2969307600929243,0.20956939927528784,0.31113431247293527,0.18236552815885246
60,610,Flare,Flare::1,Flare/1_1.tif,1.25,0.2969307600929243,0.20956939927528784,0.31113431247293527,0.18236552815885246
60,610,Flare,Flare::1,Flare/1_1.tif,1.5,0.2969307600929243,0.20956939927528784,0.31113431247293527,0.18236552815885246
60,610,Flare,Flare::1,Flare/1_1.tif,2,0.2969307600929243,0.20956939927528784,0.31113431247293527,0.18236552815885246
60,610,Flare,Flare::1,Flare/1_1.tif,2.5,0.2969307600929243,0.20956939927528784,0.31113431247293527,0.18236552815885246
60,610,Flare,Flare::1,Flare/1_1.tif,3,0.2969307600929243,0.20956939927528784,0.31113431247293527,0.18236552815885246
61,600,Flare,Flare::10,Flare/10_1.tif,1,0.19656949687459821,0.31117084192003563,0.28848976852428793,0.20376989268107815
61,600,Flare,Flare::10,Flare/10_1.tif,1.1000000000000001,0.19656949687459821,0.31117084192003563,0.28848976852428793,0.20376989268107815
61,600,Flare,Flare::10,Flare/10_1.tif,1.25,0.19656949687459821,0.31117084192003563,0.28848976852428793,0.20376989268107815
61,600,Flare,Flare::10,Flare/10_1.tif,1.5,0.19656949687459821,0.31117084192003563,0.28848976852428793,0.20376989268107815
61,600,Flare,Flare::10,Flare/10_1.tif,2,0.19656949687459821,0.31117084192003563,0.28848976852428793,0.20376989268107815
61,600,Flare,Flare::10,Flare/10_1.tif,2.5,0.19656949687459821,0.31117084192003563,0.28848976852428793,0.20376989268107815
61,600,Flare,Flare::10,Flare/10_1.tif,3,0.19656949687459821,0.31117084192003563,0.28848976852428793,0.20376989268107815
62,620,Flare,Flare::2,Flare/2_1.tif,1,0.33172301755026801,0.19061842921987221,0.22626434367971554,0.2513942095501443
62,620,Flare,Flare::2,Flare/2_1.tif,1.1000000000000001,0.33172301755026801,0.19061842921987221,0.22626434367971554,0.2513942095501443
62,620,Flare,Flare::2,Flare/2_1.tif,1.25,0.33172301755026801,0.19061842921987221,0.22626434367971554,0.2513942095501443
62,620,Flare,Flare::2,Flare/2_1.tif,1.5,0.33172301755026801,0.19061842921987221,0.22626434367971554,0.2513942095501443
62,620,Flare,Flare::2,Flare/2_1.tif,2,0.33172301755026801,0.19061842921987221,0.22626434367971554,0.2513942095501443
62,620,Flare,Flare::2,Flare/2_1.tif,2.5,0.33172301755026801,0.19061842921987221,0.22626434367971554,0.2513942095501443
62,620,Flare,Flare::2,Flare/2_1.tif,3,0.33172301755026801,0.19061842921987221,0.22626434367971554,0.2513942095501443
63,630,Flare,Flare::3,Flare/3_1.tif,1,0.25040789286370502,0.24516346015370444,0.27725661759462855,0.22717202938796185
63,630,Flare,Flare::3,Flare/3_1.tif,1.1000000000000001,0.25040789286370502,0.24516346015370444,0.27725661759462855,0.22717202938796185
63,630,Flare,Flare::3,Flare/3_1.tif,1.25,0.25040789286370502,0.24516346015370444,0.27725661759462855,0.22717202938796185
63,630,Flare,Flare::3,Flare/3_1.tif,1.5,0.25040789286370502,0.24516346015370444,0.27725661759462855,0.22717202938796185
63,630,Flare,Flare::3,Flare/3_1.tif,2,0.25040789286370502,0.24516346015370444,0.27725661759462855,0.22717202938796185
63,630,Flare,Flare::3,Flare/3_1.tif,2.5,0.25040789286370502,0.24516346015370444,0.27725661759462855,0.22717202938796185
63,630,Flare,Flare::3,Flare/3_1.tif,3,0.25040789286370502,0.24516346015370444,0.27725661759462855,0.22717202938796185
64,640,Flare,Flare::4,Flare/4_1.tif,1,0.26610966112354834,0.19702545347699152,0.30285352291883594,0.23401136248062429
64,640,Flare,Flare::4,Flare/4_1.tif,1.1000000000000001,0.26610966112354834,0.19702545347699152,0.30285352291883594,0.23401136248062429
64,640,Flare,Flare::4,Flare/4_1.tif,1.25,0.26610966112354834,0.19702545347699152,0.30285352291883594,0.23401136248062429
64,640,Flare,Flare::4,Flare/4_1.tif,1.5,0.26610966112354834,0.19702545347699152,0.30285352291883594,0.23401136248062429
64,640,Flare,Flare::4,Flare/4_1.tif,2,0.26610966112354834,0.19702545347699152,0.30285352291883594,0.23401136248062429
64,640,Flare,Flare::4,Flare/4_1.tif,2.5,0.26610966112354834,0.19702545347699152,0.30285352291883594,0.23401136248062429
64,640,Flare,Flare::4,Flare/4_1.tif,3,0.26610966112354834,0.19702545347699152,0.30285352291883594,0.23401136248062429
65,650,Flare,Flare::5,Flare/5_1.tif,1,0.2660854211012752,0.24222244001504137,0.29180817851666768,0.19988396036701589
65,650,Flare,Flare::5,Flare/5_1.tif,1.1000000000000001,0.2660854211012752,0.24222244001504137,0.29180817851666768,0.19988396036701589
65,650,Flare,Flare::5,Flare/5_1.tif,1.25,0.2660854211012752,0.24222244001504137,0.29180817851666768,0.19988396036701589
65,650,Flare,Flare::5,Flare/5_1.tif,1.5,0.2660854211012752,0.24222244001504137,0.29180817851666768,0.19988396036701589
65,650,Flare,Flare::5,Flare/5_1.tif,2,0.2660854211012752,0.24222244001504137,0.29180817851666768,0.19988396036701589
65,650,Flare,Flare::5,Flare/5_1.tif,2.5,0.2660854211012752,0.24222244001504137,0.29180817851666768,0.19988396036701589
65,650,Flare,Flare::5,Flare/5_1.tif,3,0.2660854211012752,0.24222244001504137,0.29180817851666768,0.19988396036701589
66,660,Flare,Flare::6,Flare/6_1.tif,1,0.19952806654774613,0.26418738815973936,0.29654908347105002,0.23973546182146446
66,660,Flare,Flare::6,Flare/6_1.tif,1.1000000000000001,0.19952806654774613,0.26418738815973936,0.29654908347105002,0.23973546182146446
66,660,Flare,Flare::6,Flare/6_1.tif,1.25,0.19952806654774613,0.26418738815973936,0.29654908347105002,0.23973546182146446
66,660,Flare,Flare::6,Flare/6_1.tif,1.5,0.19952806654774613,0.26418738815973936,0.29654908347105002,0.23973546182146446
66,660,Flare,Flare::6,Flare/6_1.tif,2,0.19952806654774613,0.26418738815973936,0.29654908347105002,0.23973546182146446
66,660,Flare,Flare::6,Flare/6_1.tif,2.5,0.19952806654774613,0.26418738815973936,0.29654908347105002,0.23973546182146446
66,660,Flare,Flare::6,Flare/6_1.tif,3,0.19952806654774613,0.26418738815973936,0.29654908347105002,0.23973546182146446
67,670,Flare,Flare::7,Flare/7-2.tif,1,0.28107369413425903,0.19631546061585484,0.29621531203159313,0.22639553321829303
67,670,Flare,Flare::7,Flare/7-2.tif,1.1000000000000001,0.28107369413425903,0.19631546061585484,0.29621531203159313,0.22639553321829303
67,670,Flare,Flare::7,Flare/7-2.tif,1.25,0.28107369413425903,0.19631546061585484,0.29621531203159313,0.22639553321829303
67,670,Flare,Flare::7,Flare/7-2.tif,1.5,0.28107369413425903,0.19631546061585484,0.29621531203159313,0.22639553321829303
67,670,Flare,Flare::7,Flare/7-2.tif,2,0.28107369413425903,0.19631546061585484,0.29621531203159313,0.22639553321829303
67,670,Flare,Flare::7,Flare/7-2.tif,2.5,0.28107369413425903,0.19631546061585484,0.29621531203159313,0.22639553321829303
67,670,Flare,Flare::7,Flare/7-2.tif,3,0.28107369413425903,0.19631546061585484,0.29621531203159313,0.22639553321829303
68,680,Flare,Flare::8,Flare/8_1.tif,1,0.27558253026136925,0.21972487249872999,0.24938795941613265,0.25530463782376811
68,680,Flare,Flare::8,Flare/8_1.tif,1.1000000000000001,0.27558253026136925,0.21972487249872999,0.24938795941613265,0.25530463782376811
68,680,Flare,Flare::8,Flare/8_1.tif,1.25,0.27558253026136925,0.21972487249872999,0.24938795941613265,0.25530463782376811
68,680,Flare,Flare::8,Flare/8_1.tif,1.5,0.27558253026136925,0.21972487249872999,0.24938795941613265,0.25530463782376811
68,680,Flare,Flare::8,Flare/8_1.tif,2,0.27558253026136925,0.21972487249872999,0.24938795941613265,0.25530463782376811
68,680,Flare,Flare::8,Flare/8_1.tif,2.5,0.27558253026136925,0.21972487249872999,0.24938795941613265,0.25530463782376811
68,680,Flare,Flare::8,Flare/8_1.tif,3,0.27558253026136925,0.21972487249872999,0.24938795941613265,0.25530463782376811
69,690,Flare,Flare::9,Flare/9-7.tif,1,0.17174102001389671,0.27568759939557697,0.29986817945200606,0.25270320113852018
69,690,Flare,Flare::9,Flare/9-7.tif,1.1000000000000001,0.17174102001389671,0.27568759939557697,0.29986817945200606,0.25270320113852018
69,690,Flare,Flare::9,Flare/9-7.tif,1.25,0.17174102001389671,0.27568759939557697,0.29986817945200606,0.25270320113852018
69,690,Flare,Flare::9,Flare/9-7.tif,1.5,0.17174102001389671,0.27568759939557697,0.29986817945200606,0.25270320113852018
69,690,Flare,Flare::9,Flare/9-7.tif,2,0.17174102001389671,0.27568759939557697,0.29986817945200606,0.25270320113852018
69,690,Flare,Flare::9,Flare/9-7.tif,2.5,0.17174102001389671,0.27568759939557697,0.29986817945200606,0.25270320113852018
69,690,Flare,Flare::9,Flare/9-7.tif,3,0.17174102001389671,0.27568759939557697,0.29986817945200606,0.25270320113852018
70,700,Harem,Harem::1,Harem/1-1.tif,1,0.19694474426573677,0.29845646441633478,0.23066258138072346,0.27393620993720491
70,700,Harem,Harem::1,Harem/1-1.tif,1.1000000000000001,0.19694474426573677,0.29845646441633478,0.23066258138072346,0.27393620993720491
70,700,Harem,Harem::1,Harem/1-1.tif,1.25,0.19694474426573677,0.29845646441633478,0.23066258138072346,0.27393620993720491
70,700,Harem,Harem::1,Harem/1-1.tif,1.5,0.19694474426573677,0.29845646441633478,0.23066258138072346,0.27393620993720491
70,700,Harem,Harem::1,Harem/1-1.tif,2,0.19694474426573677,0.29845646441633478,0.23066258138072346,0.27393620993720491
70,700,Harem,Harem::1,Harem/1-1.tif,2.5,0.19694474426573677,0.29845646441633478,0.23066258138072346,0.27393620993720491
70,700,Harem,Harem::1,Harem/1-1.tif,3,0.19694474426573677,0.29845646441633478,0.23066258138072346,0.27393620993720491
71,710,Harem,Harem::10,Harem/10-1.tif,1,0.20428089058702131,0.31897126030560674,0.2780046426095692,0.19874320649780275
71,710,Harem,Harem::10,Harem/10-1.tif,1.1000000000000001,0.20428089058702131,0.31897126030560674,0.2780046426095692,0.19874320649780275
71,710,Harem,Harem::10,Harem/10-1.tif,1.25,0.20428089058702131,0.31897126030560674,0.2780046426095692,0.19874320649780275
71,710,Harem,Harem::10,Harem/10-1.tif,1.5,0.20428089058702131,0.31897126030560674,0.2780046426095692,0.19874320649780275
71,710,Harem,Harem::10,Harem/10-1.tif,2,0.20428089058702131,0.31897126030560674,0.2780046426095692,0.19874320649780275
71,710,Harem,Harem::10,Harem/10-1.tif,2.5,0.20428089058702131,0.31897126030560674,0.2780046426095692,0.19874320649780275
71,710,Harem,Harem::10,Harem/10-1.tif,3,0.20428089058702131,0.31897126030560674,0.2780046426095692,0.19874320649780275
72,720,Harem,Harem::2,Harem/2-1.tif,1,0.20473148247883038,0.33027772976714981,0.26388638505782491,0.20110440269619487
72,720,Harem,Harem::2,Harem/2-1.tif,1.1000000000000001,0.20473148247883038,0.33027772976714981,0.26388638505782491,0.20110440269619487
72,720,Harem,Harem::2,Harem/2-1.tif,1.25,0.20473148247883038,0.33027772976714981,0.26388638505782491,0.20110440269619487
72,720,Harem,Harem::2,Harem/2-1.tif,1.5,0.20473148247883038,0.33027772976714981,0.26388638505782491,0.20110440269619487
72,720,Harem,Harem::2,Harem/2-1.tif,2,0.20473148247883038,0.33027772976714981,0.26388638505782491,0.20110440269619487
72,720,Harem,Harem::2,Harem/2-1.tif,2.5,0.20473148247883038,0.33027772976714981,0.26388638505782491,0.20110440269619487
72,720,Harem,Harem::2,Harem/2-1.tif,3,0.20473148247883038,0.33027772976714981,0.26388638505782491,0.20110440269619487
73,729,Harem,Harem::3,Harem/3-1.tif,1,0.19315281417332306,0.33371268939978105,0.27193330767897128,0.20120118874792461
73,729,Harem,Harem::3,Harem/3-1.tif,1.1000000000000001,0.19315281417332306,0.33371268939978105,0.27193330767897128,0.20120118874792461
73,729,Harem,Harem::3,Harem/3-1.tif,1.25,0.19315281417332306,0.33371268939978105,0.27193330767897128,0.20120118874792461
73,729,Harem,Harem::3,Harem/3-1.tif,1.5,0.19315281417332306,0.33371268939978105,0.27193330767897128,0.20120118874792461
73,729,Harem,Harem::3,Harem/3-1.tif,2,0.19315281417332306,0.33371268939978105,0.27193330767897128,0.20120118874792461
73,729,Harem,Harem::3,Harem/3-1.tif,2.5,0.19315281417332306,0.33371268939978105,0.27193330767897128,0.20120118874792461
73,729,Harem,Harem::3,Harem/3-1.tif,3,0.19315281417332306,0.33371268939978105,0.27193330767897128,0.20120118874792461
74,739,Harem,Harem::4,Harem/4-1.tif,1,0.24184300686563526,0.36362637884051624,0.27648532050880537,0.11804529378504307
74,739,Harem,Harem::4,Harem/4-1.tif,1.1000000000000001,0.24184300686563526,0.36362637884051624,0.27648532050880537,0.11804529378504307
74,739,Harem,Harem::4,Harem/4-1.tif,1.25,0.24184300686563526,0.36362637884051624,0.27648532050880537,0.11804529378504307
74,739,Harem,Harem::4,Harem/4-1.tif,1.5,0.24184300686563526,0.36362637884051624,0.27648532050880537,0.11804529378504307
74,739,Harem,Harem::4,Harem/4-1.tif,2,0.24184300686563526,0.36362637884051624,0.27648532050880537,0.11804529378504307
74,739,Harem,Harem::4,Harem/4-1.tif,2.5,0.24184300686563526,0.36362637884051624,0.27648532050880537,0.11804529378504307
74,739,Harem,Harem::4,Harem/4-1.tif,3,0.24184300686563526,0.36362637884051624,0.27648532050880537,0.11804529378504307
75,749,Harem,Harem::5,Harem/5-1.tif,1,0.23201834629122073,0.26297141008935448,0.30632303308787329,0.19868721053155186
75,749,Harem,Harem::5,Harem/5-1.tif,1.1000000000000001,0.23201834629122073,0.26297141008935448,0.30632303308787329,0.19868721053155186
75,749,Harem,Harem::5,Harem/5-1.tif,1.25,0.23201834629122073,0.26297141008935448,0.30632303308787329,0.19868721053155186
75,749,Harem,Harem::5,Harem/5-1.tif,1.5,0.23201834629122073,0.26297141008935448,0.30632303308787329,0.19868721053155186
75,749,Harem,Harem::5,Harem/5-1.tif,2,0.23201834629122073,0.26297141008935448,0.30632303308787329,0.19868721053155186
75,749,Harem,Harem::5,Harem/5-1.tif,2.5,0.23201834629122073,0.26297141008935448,0.30632303308787329,0.19868721053155186
75,749,Harem,Harem::5,Harem/5-1.tif,3,0.23201834629122073,0.26297141008935448,0.30632303308787329,0.19868721053155186
76,759,Harem,Harem::6,Harem/6-1.tif,1,0.24441587076214219,0.29277472715243325,0.27507504738861943,0.18773435469680511
76,759,Harem,Harem::6,Harem/6-1.tif,1.1000000000000001,0.24441587076214219,0.29277472715243325,0.27507504738861943,0.18773435469680511
76,759,Harem,Harem::6,Harem/6-1.tif,1.25,0.24441587076214219,0.29277472715243325,0.27507504738861943,0.18773435469680511
76,759,Harem,Harem::6,Harem/6-1.tif,1.5,0.24441587076214219,0.29277472715243325,0.27507504738861943,0.18773435469680511
76,759,Harem,Harem::6,Harem/6-1.tif,2,0.24441587076214219,0.29277472715243325,0.27507504738861943,0.18773435469680511
76,759,Harem,Harem::6,Harem/6-1.tif,2.5,0.24441587076214219,0.29277472715243325,0.27507504738861943,0.18773435469680511
76,759,Harem,Harem::6,Harem/6-1.tif,3,0.24441587076214219,0.29277472715243325,0.27507504738861943,0.18773435469680511
77,770,Harem,Harem::7,Harem/7-1.tif,1,0.29758074793340128,0.28742411636014914,0.21762661344060411,0.19736852226584539
77,770,Harem,Harem::7,Harem/7-1.tif,1.1000000000000001,0.29758074793340128,0.28742411636014914,0.21762661344060411,0.19736852226584539
77,770,Harem,Harem::7,Harem/7-1.tif,1.25,0.29758074793340128,0.28742411636014914,0.21762661344060411,0.19736852226584539
77,770,Harem,Harem::7,Harem/7-1.tif,1.5,0.29758074793340128,0.28742411636014914,0.21762661344060411,0.19736852226584539
77,770,Harem,Harem::7,Harem/7-1.tif,2,0.29758074793340128,0.28742411636014914,0.21762661344060411,0.19736852226584539
77,770,Harem,Harem::7,Harem/7-1.tif,2.5,0.29758074793340128,0.28742411636014914,0.21762661344060411,0.19736852226584539
77,770,Harem,Harem::7,Harem/7-1.tif,3,0.29758074793340128,0.28742411636014914,0.21762661344060411,0.19736852226584539
78,780,Harem,Harem::8,Harem/8-1.tif,1,0.22128498902178018,0.25347407073093864,0.29124091193673302,0.23400002831054822
78,780,Harem,Harem::8,Harem/8-1.tif,1.1000000000000001,0.22128498902178018,0.25347407073093864,0.29124091193673302,0.23400002831054822
78,780,Harem,Harem::8,Harem/8-1.tif,1.25,0.22128498902178018,0.25347407073093864,0.29124091193673302,0.23400002831054822
78,780,Harem,Harem::8,Harem/8-1.tif,1.5,0.22128498902178018,0.25347407073093864,0.29124091193673302,0.23400002831054822
78,780,Harem,Harem::8,Harem/8-1.tif,2,0.22128498902178018,0.25347407073093864,0.29124091193673302,0.23400002831054822
78,780,Harem,Harem::8,Harem/8-1.tif,2.5,0.22128498902178018,0.25347407073093864,0.29124091193673302,0.23400002831054822
78,780,Harem,Harem::8,Harem/8-1.tif,3,0.22128498902178018,0.25347407073093864,0.29124091193673302,0.23400002831054822
79,790,Harem,Harem::9,Harem/9-1.tif,1,0.2071332736027959,0.26589011625315967,0.30944050790180389,0.21753610224224065
79,790,Harem,Harem::9,Harem/9-1.tif,1.1000000000000001,0.2071332736027959,0.26589011625315967,0.30944050790180389,0.21753610224224065
79,790,Harem,Harem::9,Harem/9-1.tif,1.25,0.2071332736027959,0.26589011625315967,0.30944050790180389,0.21753610224224065
79,790,Harem,Harem::9,Harem/9-1.tif,1.5,0.2071332736027959,0.26589011625315967,0.30944050790180389,0.21753610224224065
79,790,Harem,Harem::9,Harem/9-1.tif,2,0.2071332736027959,0.26589011625315967,0.30944050790180389,0.21753610224224065
79,790,Harem,Harem::9,Harem/9-1.tif,2.5,0.2071332736027959,0.26589011625315967,0.30944050790180389,0.21753610224224065
79,790,Harem,Harem::9,Harem/9-1.tif,3,0.2071332736027959,0.26589011625315967,0.30944050790180389,0.21753610224224065
80,800,Hoodie,Hoodie::1,Hoodie/1-1.tif,1,0.21077629687311411,0.29747622318336564,0.27490450419792367,0.21684297574559672
80,800,Hoodie,Hoodie::1,Hoodie/1-1.tif,1.1000000000000001,0.21077629687311411,0.29747622318336564,0.27490450419792367,0.21684297574559672
80,800,Hoodie,Hoodie::1,Hoodie/1-1.tif,1.25,0.21077629687311411,0.29747622318336564,0.27490450419792367,0.21684297574559672
80,800,Hoodie,Hoodie::1,Hoodie/1-1.tif,1.5,0.21077629687311411,0.29747622318336564,0.27490450419792367,0.21684297574559672
80,800,Hoodie,Hoodie::1,Hoodie/1-1.tif,2,0.21077629687311411,0.29747622318336564,0.27490450419792367,0.21684297574559672
80,800,Hoodie,Hoodie::1,Hoodie/1-1.tif,2.5,0.21077629687311411,0.29747622318336564,0.27490450419792367,0.21684297574559672
80,800,Hoodie,Hoodie::1,Hoodie/1-1.tif,3,0.21077629687311411,0.29747622318336564,0.27490450419792367,0.21684297574559672
81,810,Hoodie,Hoodie::10,Hoodie/10-1.tif,1,0.26025859715817107,0.32769885341464711,0.2598175472067577,0.15222500222042401
81,810,Hoodie,Hoodie::10,Hoodie/10-1.tif,1.1000000000000001,0.26025859715817107,0.32769885341464711,0.2598175472067577,0.15222500222042401
81,810,Hoodie,Hoodie::10,Hoodie/10-1.tif,1.25,0.26025859715817107,0.32769885341464711,0.2598175472067577,0.15222500222042401
81,810,Hoodie,Hoodie::10,Hoodie/10-1.tif,1.5,0.26025859715817107,0.32769885341464711,0.2598175472067577,0.15222500222042401
81,810,Hoodie,Hoodie::10,Hoodie/10-1.tif,2,0.26025859715817107,0.32769885341464711,0.2598175472067577,0.15222500222042401
81,810,Hoodie,Hoodie::10,Hoodie/10-1.tif,2.5,0.26025859715817107,0.32769885341464711,0.2598175472067577,0.15222500222042401
81,810,Hoodie,Hoodie::10,Hoodie/10-1.tif,3,0.26025859715817107,0.32769885341464711,0.2598175472067577,0.15222500222042401
82,820,Hoodie,Hoodie::2,Hoodie/2-1.tif,1,0.21726292172182907,0.33073259200464283,0.28859347396940621,0.16341101230412192
82,820,Hoodie,Hoodie::2,Hoodie/2-1.tif,1.1000000000000001,0.21726292172182907,0.33073259200464283,0.28859347396940621,0.16341101230412192
82,820,Hoodie,Hoodie::2,Hoodie/2-1.tif,1.25,0.21726292172182907,0.33073259200464283,0.28859347396940621,0.16341101230412192
82,820,Hoodie,Hoodie::2,Hoodie/2-1.tif,1.5,0.21726292172182907,0.33073259200464283,0.28859347396940621,0.16341101230412192
82,820,Hoodie,Hoodie::2,Hoodie/2-1.tif,2,0.21726292172182907,0.33073259200464283,0.28859347396940621,0.16341101230412192
82,820,Hoodie,Hoodie::2,Hoodie/2-1.tif,2.5,0.21726292172182907,0.33073259200464283,0.28859347396940621,0.16341101230412192
82,820,Hoodie,Hoodie::2,Hoodie/2-1.tif,3,0.21726292172182907,0.33073259200464283,0.28859347396940621,0.16341101230412192
83,830,Hoodie,Hoodie::3,Hoodie/3-1.tif,1,0.2175203877556818,0.33939424982172811,0.28415659397508652,0.15892876844750356
83,830,Hoodie,Hoodie::3,Hoodie/3-1.tif,1.1000000000000001,0.2175203877556818,0.33939424982172811,0.28415659397508652,0.15892876844750356
83,830,Hoodie,Hoodie::3,Hoodie/3-1.tif,1.25,0.2175203877556818,0.33939424982172811,0.28415659397508652,0.15892876844750356
83,830,Hoodie,Hoodie::3,Hoodie/3-1.tif,1.5,0.2175203877556818,0.33939424982172811,0.28415659397508652,0.15892876844750356
83,830,Hoodie,Hoodie::3,Hoodie/3-1.tif,2,0.2175203877556818,0.33939424982172811,0.28415659397508652,0.15892876844750356
83,830,Hoodie,Hoodie::3,Hoodie/3-1.tif,2.5,0.2175203877556818,0.33939424982172811,0.28415659397508652,0.15892876844750356
83,830,Hoodie,Hoodie::3,Hoodie/3-1.tif,3,0.2175203877556818,0.33939424982172811,0.28415659397508652,0.15892876844750356
84,840,Hoodie,Hoodie::4,Hoodie/4-1.tif,1,0.18551429961981769,0.28474825268508203,0.29409756025839612,0.23563988743670405
84,840,Hoodie,Hoodie::4,Hoodie/4-1.tif,1.1000000000000001,0.18551429961981769,0.28474825268508203,0.29409756025839612,0.23563988743670405
84,840,Hoodie,Hoodie::4,Hoodie/4-1.tif,1.25,0.18551429961981769,0.28474825268508203,0.29409756025839612,0.23563988743670405
84,840,Hoodie,Hoodie::4,Hoodie/4-1.tif,1.5,0.18551429961981769,0.28474825268508203,0.29409756025839612,0.23563988743670405
84,840,Hoodie,Hoodie::4,Hoodie/4-1.tif,2,0.18551429961981769,0.28474825268508203,0.29409756025839612,0.23563988743670405
84,840,Hoodie,Hoodie::4,Hoodie/4-1.tif,2.5,0.18551429961981769,0.28474825268508203,0.29409756025839612,0.23563988743670405
84,840,Hoodie,Hoodie::4,Hoodie/4-1.tif,3,0.18551429961981769,0.28474825268508203,0.29409756025839612,0.23563988743670405
85,850,Hoodie,Hoodie::5,Hoodie/5-1.tif,1,0.19637520933860114,0.2839959099455116,0.27467418841166868,0.24495469230421851
85,850,Hoodie,Hoodie::5,Hoodie/5-1.tif,1.1000000000000001,0.19637520933860114,0.2839959099455116,0.27467418841166868,0.24495469230421851
85,850,Hoodie,Hoodie::5,Hoodie/5-1.tif,1.25,0.19637520933860114,0.2839959099455116,0.27467418841166868,0.24495469230421851
85,850,Hoodie,Hoodie::5,Hoodie/5-1.tif,1.5,0.19637520933860114,0.2839959099455116,0.27467418841166868,0.24495469230421851
85,850,Hoodie,Hoodie::5,Hoodie/5-1.tif,2,0.19637520933860114,0.2839959099455116,0.27467418841166868,0.24495469230421851
85,850,Hoodie,Hoodie::5,Hoodie/5-1.tif,2.5,0.19637520933860114,0.2839959099455116,0.27467418841166868,0.24495469230421851
85,850,Hoodie,Hoodie::5,Hoodie/5-1.tif,3,0.19637520933860114,0.2839959099455116,0.27467418841166868,0.24495469230421851
86,860,Hoodie,Hoodie::6,Hoodie/6-1.tif,1,0.21716410354550547,0.29916882018525748,0.28838348961213178,0.1952835866571053
86,860,Hoodie,Hoodie::6,Hoodie/6-1.tif,1.1000000000000001,0.21716410354550547,0.29916882018525748,0.28838348961213178,0.1952835866571053
86,860,Hoodie,Hoodie::6,Hoodie/6-1.tif,1.25,0.21716410354550547,0.29916882018525748,0.28838348961213178,0.1952835866571053
86,860,Hoodie,Hoodie::6,Hoodie/6-1.tif,1.5,0.21716410354550547,0.29916882018525748,0.28838348961213178,0.1952835866571053
86,860,Hoodie,Hoodie::6,Hoodie/6-1.tif,2,0.21716410354550547,0.29916882018525748,0.28838348961213178,0.1952835866571053
86,860,Hoodie,Hoodie::6,Hoodie/6-1.tif,2.5,0.21716410354550547,0.29916882018525748,0.28838348961213178,0.1952835866571053
86,860,Hoodie,Hoodie::6,Hoodie/6-1.tif,3,0.21716410354550547,0.29916882018525748,0.28838348961213178,0.1952835866571053
87,870,Hoodie,Hoodie::7,Hoodie/7-1.tif,1,0.207441804820473,0.23764549047414568,0.29877580977762819,0.2561368949277531
87,870,Hoodie,Hoodie::7,Hoodie/7-1.tif,1.1000000000000001,0.207441804820473,0.23764549047414568,0.29877580977762819,0.2561368949277531
87,870,Hoodie,Hoodie::7,Hoodie/7-1.tif,1.25,0.207441804820473,0.23764549047414568,0.29877580977762819,0.2561368949277531
87,870,Hoodie,Hoodie::7,Hoodie/7-1.tif,1.5,0.207441804820473,0.23764549047414568,0.29877580977762819,0.2561368949277531
87,870,Hoodie,Hoodie::7,Hoodie/7-1.tif,2,0.207441804820473,0.23764549047414568,0.29877580977762819,0.2561368949277531
87,870,Hoodie,Hoodie::7,Hoodie/7-1.tif,2.5,0.207441804820473,0.23764549047414568,0.29877580977762819,0.2561368949277531
87,870,Hoodie,Hoodie::7,Hoodie/7-1.tif,3,0.207441804820473,0.23764549047414568,0.29877580977762819,0.2561368949277531
88,880,Hoodie,Hoodie::8,Hoodie/8-1.tif,1,0.25420443798840214,0.33897581443451935,0.24212221596354369,0.16469753161353468
88,880,Hoodie,Hoodie::8,Hoodie/8-1.tif,1.1000000000000001,0.25420443798840214,0.33897581443451935,0.24212221596354369,0.16469753161353468
88,880,Hoodie,Hoodie::8,Hoodie/8-1.tif,1.25,0.25420443798840214,0.33897581443451935,0.24212221596354369,0.16469753161353468
88,880,Hoodie,Hoodie::8,Hoodie/8-1.tif,1.5,0.25420443798840214,0.33897581443451935,0.24212221596354369,0.16469753161353468
88,880,Hoodie,Hoodie::8,Hoodie/8-1.tif,2,0.25420443798840214,0.33897581443451935,0.24212221596354369,0.16469753161353468
88,880,Hoodie,Hoodie::8,Hoodie/8-1.tif,2.5,0.25420443798840214,0.33897581443451935,0.24212221596354369,0.16469753161353468
88,880,Hoodie,Hoodie::8,Hoodie/8-1.tif,3,0.25420443798840214,0.33897581443451935,0.24212221596354369,0.16469753161353468
89,890,Hoodie,Hoodie::9,Hoodie/9-1.tif,1,0.15406320702698142,0.25612406775348345,0.31574495762176413,0.27406776759777113
89,890,Hoodie,Hoodie::9,Hoodie/9-1.tif,1.1000000000000001,0.15406320702698142,0.25612406775348345,0.31574495762176413,0.27406776759777113
89,890,Hoodie,Hoodie::9,Hoodie/9-1.tif,1.25,0.15406320702698142,0.25612406775348345,0.31574495762176413,0.27406776759777113
89,890,Hoodie,Hoodie::9,Hoodie/9-1.tif,1.5,0.15406320702698142,0.25612406775348345,0.31574495762176413,0.27406776759777113
89,890,Hoodie,Hoodie::9,Hoodie/9-1.tif,2,0.15406320702698142,0.25612406775348345,0.31574495762176413,0.27406776759777113
89,890,Hoodie,Hoodie::9,Hoodie/9-1.tif,2.5,0.15406320702698142,0.25612406775348345,0.31574495762176413,0.27406776759777113
89,890,Hoodie,Hoodie::9,Hoodie/9-1.tif,3,0.15406320702698142,0.25612406775348345,0.31574495762176413,0.27406776759777113
90,900,Jacket,Jacket::1,Jacket/1-1.tif,1,0.21368593048467852,0.27793221516137179,0.30146140191019194,0.20692045244375781
90,900,Jacket,Jacket::1,Jacket/1-1.tif,1.1000000000000001,0.21368593048467852,0.27793221516137179,0.30146140191019194,0.20692045244375781
90,900,Jacket,Jacket::1,Jacket/1-1.tif,1.25,0.21368593048467852,0.27793221516137179,0.30146140191019194,0.20692045244375781
90,900,Jacket,Jacket::1,Jacket/1-1.tif,1.5,0.21368593048467852,0.27793221516137179,0.30146140191019194,0.20692045244375781
90,900,Jacket,Jacket::1,Jacket/1-1.tif,2,0.21368593048467852,0.27793221516137179,0.30146140191019194,0.20692045244375781
90,900,Jacket,Jacket::1,Jacket/1-1.tif,2.5,0.21368593048467852,0.27793221516137179,0.30146140191019194,0.20692045244375781
90,900,Jacket,Jacket::1,Jacket/1-1.tif,3,0.21368593048467852,0.27793221516137179,0.30146140191019194,0.20692045244375781
91,910,Jacket,Jacket::10,Jacket/10-1.tif,1,0.24260596252663907,0.32959968088993696,0.27168941153894127,0.15610494504448258
91,910,Jacket,Jacket::10,Jacket/10-1.tif,1.1000000000000001,0.24260596252663907,0.32959968088993696,0.27168941153894127,0.15610494504448258
91,910,Jacket,Jacket::10,Jacket/10-1.tif,1.25,0.24260596252663907,0.32959968088993696,0.27168941153894127,0.15610494504448258
91,910,Jacket,Jacket::10,Jacket/10-1.tif,1.5,0.24260596252663907,0.32959968088993696,0.27168941153894127,0.15610494504448258
91,910,Jacket,Jacket::10,Jacket/10-1.tif,2,0.24260596252663907,0.32959968088993696,0.27168941153894127,0.15610494504448258
91,910,Jacket,Jacket::10,Jacket/10-1.tif,2.5,0.24260596252663907,0.32959968088993696,0.27168941153894127,0.15610494504448258
91,910,Jacket,Jacket::10,Jacket/10-1.tif,3,0.24260596252663907,0.32959968088993696,0.27168941153894127,0.15610494504448258
92,920,Jacket,Jacket::2,Jacket/2-1.tif,1,0.21600629030139953,0.30817388705148219,0.24249290188376821,0.23332692076335002
92,920,Jacket,Jacket::2,Jacket/2-1.tif,1.1000000000000001,0.21600629030139953,0.30817388705148219,0.24249290188376821,0.23332692076335002
92,920,Jacket,Jacket::2,Jacket/2-1.tif,1.25,0.21600629030139953,0.30817388705148219,0.24249290188376821,0.23332692076335002
92,920,Jacket,Jacket::2,Jacket/2-1.tif,1.5,0.21600629030139953,0.30817388705148219,0.24249290188376821,0.23332692076335002
92,920,Jacket,Jacket::2,Jacket/2-1.tif,2,0.21600629030139953,0.30817388705148219,0.24249290188376821,0.23332692076335002
92,920,Jacket,Jacket::2,Jacket/2-1.tif,2.5,0.21600629030139953,0.30817388705148219,0.24249290188376821,0.23332692076335002
92,920,Jacket,Jacket::2,Jacket/2-1.tif,3,0.21600629030139953,0.30817388705148219,0.24249290188376821,0.23332692076335002
93,930,Jacket,Jacket::3,Jacket/3-1.tif,1,0.27617924184869758,0.31008812222407989,0.23266378132338228,0.18106885460384028
93,930,Jacket,Jacket::3,Jacket/3-1.tif,1.1000000000000001,0.27617924184869758,0.31008812222407989,0.23266378132338228,0.18106885460384028
93,930,Jacket,Jacket::3,Jacket/3-1.tif,1.25,0.27617924184869758,0.31008812222407989,0.23266378132338228,0.18106885460384028
93,930,Jacket,Jacket::3,Jacket/3-1.tif,1.5,0.27617924184869758,0.31008812222407989,0.23266378132338228,0.18106885460384028
93,930,Jacket,Jacket::3,Jacket/3-1.tif,2,0.27617924184869758,0.31008812222407989,0.23266378132338228,0.18106885460384028
93,930,Jacket,Jacket::3,Jacket/3-1.tif,2.5,0.27617924184869758,0.31008812222407989,0.23266378132338228,0.18106885460384028
93,930,Jacket,Jacket::3,Jacket/3-1.tif,3,0.27617924184869758,0.31008812222407989,0.23266378132338228,0.18106885460384028
94,940,Jacket,Jacket::4,Jacket/4-1.tif,1,0.24042174812096101,0.32049459725243068,0.29809383596001382,0.14098981866659438
94,940,Jacket,Jacket::4,Jacket/4-1.tif,1.1000000000000001,0.24042174812096101,0.32049459725243068,0.29809383596001382,0.14098981866659438
94,940,Jacket,Jacket::4,Jacket/4-1.tif,1.25,0.24042174812096101,0.32049459725243068,0.29809383596001382,0.14098981866659438
94,940,Jacket,Jacket::4,Jacket/4-1.tif,1.5,0.24042174812096101,0.32049459725243068,0.29809383596001382,0.14098981866659438
94,940,Jacket,Jacket::4,Jacket/4-1.tif,2,0.24042174812096101,0.32049459725243068,0.29809383596001382,0.14098981866659438
94,940,Jacket,Jacket::4,Jacket/4-1.tif,2.5,0.24042174812096101,0.32049459725243068,0.29809383596001382,0.14098981866659438
94,940,Jacket,Jacket::4,Jacket/4-1.tif,3,0.24042174812096101,0.32049459725243068,0.29809383596001382,0.14098981866659438
95,950,Jacket,Jacket::5,Jacket/5-1.tif,1,0.29103795605683924,0.37521076732465247,0.21116255333589456,0.12258872328261385
95,950,Jacket,Jacket::5,Jacket/5-1.tif,1.1000000000000001,0.29103795605683924,0.37521076732465247,0.21116255333589456,0.12258872328261385
95,950,Jacket,Jacket::5,Jacket/5-1.tif,1.25,0.29103795605683924,0.37521076732465247,0.21116255333589456,0.12258872328261385
95,950,Jacket,Jacket::5,Jacket/5-1.tif,1.5,0.29103795605683924,0.37521076732465247,0.21116255333589456,0.12258872328261385
95,950,Jacket,Jacket::5,Jacket/5-1.tif,2,0.29103795605683924,0.37521076732465247,0.21116255333589456,0.12258872328261385
95,950,Jacket,Jacket::5,Jacket/5-1.tif,2.5,0.29103795605683924,0.37521076732465247,0.21116255333589456,0.12258872328261385
95,950,Jacket,Jacket::5,Jacket/5-1.tif,3,0.29103795605683924,0.37521076732465247,0.21116255333589456,0.12258872328261385
96,960,Jacket,Jacket::6,Jacket/6-1.tif,1,0.30438341003909636,0.32797600633872293,0.24241178107414896,0.12522880254803181
96,960,Jacket,Jacket::6,Jacket/6-1.tif,1.1000000000000001,0.30438341003909636,0.32797600633872293,0.24241178107414896,0.12522880254803181
96,960,Jacket,Jacket::6,Jacket/6-1.tif,1.25,0.30438341003909636,0.32797600633872293,0.24241178107414896,0.12522880254803181
96,960,Jacket,Jacket::6,Jacket/6-1.tif,1.5,0.30438341003909636,0.32797600633872293,0.24241178107414896,0.12522880254803181
96,960,Jacket,Jacket::6,Jacket/6-1.tif,2,0.30438341003909636,0.32797600633872293,0.24241178107414896,0.12522880254803181
96,960,Jacket,Jacket::6,Jacket/6-1.tif,2.5,0.30438341003909636,0.32797600633872293,0.24241178107414896,0.12522880254803181
96,960,Jacket,Jacket::6,Jacket/6-1.tif,3,0.30438341003909636,0.32797600633872293,0.24241178107414896,0.12522880254803181
97,970,Jacket,Jacket::7,Jacket/7-1.tif,1,0.23973207883379893,0.29159373345355405,0.29672614858829538,0.17194803912435169
97,970,Jacket,Jacket::7,Jacket/7-1.tif,1.1000000000000001,0.23973207883379893,0.29159373345355405,0.29672614858829538,0.17194803912435169
97,970,Jacket,Jacket::7,Jacket/7-1.tif,1.25,0.23973207883379893,0.29159373345355405,0.29672614858829538,0.17194803912435169
97,970,Jacket,Jacket::7,Jacket/7-1.tif,1.5,0.23973207883379893,0.29159373345355405,0.29672614858829538,0.17194803912435169
97,970,Jacket,Jacket::7,Jacket/7-1.tif,2,0.23973207883379893,0.29159373345355405,0.29672614858829538,0.17194803912435169
97,970,Jacket,Jacket::7,Jacket/7-1.tif,2.5,0.23973207883379893,0.29159373345355405,0.29672614858829538,0.17194803912435169
97,970,Jacket,Jacket::7,Jacket/7-1.tif,3,0.23973207883379893,0.29159373345355405,0.29672614858829538,0.17194803912435169
98,980,Jacket,Jacket::8,Jacket/8-1.tif,1,0.20839059747378144,0.32446141761133834,0.28480385489077181,0.18234413002410826
98,980,Jacket,Jacket::8,Jacket/8-1.tif,1.1000000000000001,0.20839059747378144,0.32446141761133834,0.28480385489077181,0.18234413002410826
98,980,Jacket,Jacket::8,Jacket/8-1.tif,1.25,0.20839059747378144,0.32446141761133834,0.28480385489077181,0.18234413002410826
98,980,Jacket,Jacket::8,Jacket/8-1.tif,1.5,0.20839059747378144,0.32446141761133834,0.28480385489077181,0.18234413002410826
98,980,Jacket,Jacket::8,Jacket/8-1.tif,2,0.20839059747378144,0.32446141761133834,0.28480385489077181,0.18234413002410826
98,980,Jacket,Jacket::8,Jacket/8-1.tif,2.5,0.20839059747378144,0.32446141761133834,0.28480385489077181,0.18234413002410826
98,980,Jacket,Jacket::8,Jacket/8-1.tif,3,0.20839059747378144,0.32446141761133834,0.28480385489077181,0.18234413002410826
99,990,Jacket,Jacket::9,Jacket/9-1.tif,1,0.23227460148068424,0.31544730662768783,0.25470150833732824,0.19757658355429977
99,990,Jacket,Jacket::9,Jacket/9-1.tif,1.1000000000000001,0.23227460148068424,0.31544730662768783,0.25470150833732824,0.19757658355429977
99,990,Jacket,Jacket::9,Jacket/9-1.tif,1.25,0.23227460148068424,0.31544730662768783,0.25470150833732824,0.19757658355429977
99,990,Jacket,Jacket::9,Jacket/9-1.tif,1.5,0.23227460148068424,0.31544730662768783,0.25470150833732824,0.19757658355429977
99,990,Jacket,Jacket::9,Jacket/9-1.tif,2,0.23227460148068424,0.31544730662768783,0.25470150833732824,0.19757658355429977
99,990,Jacket,Jacket::9,Jacket/9-1.tif,2.5,0.23227460148068424,0.31544730662768783,0.25470150833732824,0.19757658355429977
99,990,Jacket,Jacket::9,Jacket/9-1.tif,3,0.23227460148068424,0.31544730662768783,0.25470150833732824,0.19757658355429977
100,1000,Jumpsuit,Jumpsuit::1,Jumpsuit/1-10.tif,1,0.31548454812130289,0.26517030200296104,0.28360965175625841,0.13573549811947794
100,1000,Jumpsuit,Jumpsuit::1,Jumpsuit/1-10.tif,1.1000000000000001,0.31548454812130289,0.26517030200296104,0.28360965175625841,0.13573549811947794
100,1000,Jumpsuit,Jumpsuit::1,Jumpsuit/1-10.tif,1.25,0.31548454812130289,0.26517030200296104,0.28360965175625841,0.13573549811947794
100,1000,Jumpsuit,Jumpsuit::1,Jumpsuit/1-10.tif,1.5,0.31548454812130289,0.26517030200296104,0.28360965175625841,0.13573549811947794
100,1000,Jumpsuit,Jumpsuit::1,Jumpsuit/1-10.tif,2,0.31548454812130289,0.26517030200296104,0.28360965175625841,0.13573549811947794
100,1000,Jumpsuit,Jumpsuit::1,Jumpsuit/1-10.tif,2.5,0.31548454812130289,0.26517030200296104,0.28360965175625841,0.13573549811947794
100,1000,Jumpsuit,Jumpsuit::1,Jumpsuit/1-10.tif,3,0.31548454812130289,0.26517030200296104,0.28360965175625841,0.13573549811947794
101,1001,Jumpsuit,Jumpsuit::10,Jumpsuit/10-10.tif,1,0.22831522760753148,0.22597391471216458,0.34237294726789447,0.20333791041240959
101,1001,Jumpsuit,Jumpsuit::10,Jumpsuit/10-10.tif,1.1000000000000001,0.22831522760753148,0.22597391471216458,0.34237294726789447,0.20333791041240959
101,1001,Jumpsuit,Jumpsuit::10,Jumpsuit/10-10.tif,1.25,0.22831522760753148,0.22597391471216458,0.34237294726789447,0.20333791041240959
101,1001,Jumpsuit,Jumpsuit::10,Jumpsuit/10-10.tif,1.5,0.22831522760753148,0.22597391471216458,0.34237294726789447,0.20333791041240959
101,1001,Jumpsuit,Jumpsuit::10,Jumpsuit/10-10.tif,2,0.22831522760753148,0.22597391471216458,0.34237294726789447,0.20333791041240959
101,1001,Jumpsuit,Jumpsuit::10,Jumpsuit/10-10.tif,2.5,0.22831522760753148,0.22597391471216458,0.34237294726789447,0.20333791041240959
101,1001,Jumpsuit,Jumpsuit::10,Jumpsuit/10-10.tif,3,0.22831522760753148,0.22597391471216458,0.34237294726789447,0.20333791041240959
102,1020,Jumpsuit,Jumpsuit::2,Jumpsuit/2_1.tif,1,0.29957534822181964,0.15174300547830558,0.23557566238721936,0.31310598391265548
102,1020,Jumpsuit,Jumpsuit::2,Jumpsuit/2_1.tif,1.1000000000000001,0.29957534822181964,0.15174300547830558,0.23557566238721936,0.31310598391265548
102,1020,Jumpsuit,Jumpsuit::2,Jumpsuit/2_1.tif,1.25,0.29957534822181964,0.15174300547830558,0.23557566238721936,0.31310598391265548
102,1020,Jumpsuit,Jumpsuit::2,Jumpsuit/2_1.tif,1.5,0.29957534822181964,0.15174300547830558,0.23557566238721936,0.31310598391265548
102,1020,Jumpsuit,Jumpsuit::2,Jumpsuit/2_1.tif,2,0.29957534822181964,0.15174300547830558,0.23557566238721936,0.31310598391265548
102,1020,Jumpsuit,Jumpsuit::2,Jumpsuit/2_1.tif,2.5,0.29957534822181964,0.15174300547830558,0.23557566238721936,0.31310598391265548
102,1020,Jumpsuit,Jumpsuit::2,Jumpsuit/2_1.tif,3,0.29957534822181964,0.15174300547830558,0.23557566238721936,0.31310598391265548
103,1029,Jumpsuit,Jumpsuit::3,Jumpsuit/3_1.tif,1,0.34235804310386264,0.14736173203688663,0.19846867419886952,0.31181155066038119
103,1029,Jumpsuit,Jumpsuit::3,Jumpsuit/3_1.tif,1.1000000000000001,0.34235804310386264,0.14736173203688663,0.19846867419886952,0.31181155066038119
103,1029,Jumpsuit,Jumpsuit::3,Jumpsuit/3_1.tif,1.25,0.34235804310386264,0.14736173203688663,0.19846867419886952,0.31181155066038119
103,1029,Jumpsuit,Jumpsuit::3,Jumpsuit/3_1.tif,1.5,0.34235804310386264,0.14736173203688663,0.19846867419886952,0.31181155066038119
103,1029,Jumpsuit,Jumpsuit::3,Jumpsuit/3_1.tif,2,0.34235804310386264,0.14736173203688663,0.19846867419886952,0.31181155066038119
103,1029,Jumpsuit,Jumpsuit::3,Jumpsuit/3_1.tif,2.5,0.34235804310386264,0.14736173203688663,0.19846867419886952,0.31181155066038119
103,1029,Jumpsuit,Jumpsuit::3,Jumpsuit/3_1.tif,3,0.34235804310386264,0.14736173203688663,0.19846867419886952,0.31181155066038119
104,1039,Jumpsuit,Jumpsuit::4,Jumpsuit/4_1.tif,1,0.26230002418748782,0.24026929773706518,0.30353274403922231,0.19389793403622463
104,1039,Jumpsuit,Jumpsuit::4,Jumpsuit/4_1.tif,1.1000000000000001,0.26230002418748782,0.24026929773706518,0.30353274403922231,0.19389793403622463
104,1039,Jumpsuit,Jumpsuit::4,Jumpsuit/4_1.tif,1.25,0.26230002418748782,0.24026929773706518,0.30353274403922231,0.19389793403622463
104,1039,Jumpsuit,Jumpsuit::4,Jumpsuit/4_1.tif,1.5,0.26230002418748782,0.24026929773706518,0.30353274403922231,0.19389793403622463
104,1039,Jumpsuit,Jumpsuit::4,Jumpsuit/4_1.tif,2,0.26230002418748782,0.24026929773706518,0.30353274403922231,0.19389793403622463
104,1039,Jumpsuit,Jumpsuit::4,Jumpsuit/4_1.tif,2.5,0.26230002418748782,0.24026929773706518,0.30353274403922231,0.19389793403622463
104,1039,Jumpsuit,Jumpsuit::4,Jumpsuit/4_1.tif,3,0.26230002418748782,0.24026929773706518,0.30353274403922231,0.19389793403622463
105,1049,Jumpsuit,Jumpsuit::5,Jumpsuit/5_1.tif,1,0.23219597044895274,0.2537939421506375,0.30238205304586113,0.21162803435454861
105,1049,Jumpsuit,Jumpsuit::5,Jumpsuit/5_1.tif,1.1000000000000001,0.23219597044895274,0.2537939421506375,0.30238205304586113,0.21162803435454861
105,1049,Jumpsuit,Jumpsuit::5,Jumpsuit/5_1.tif,1.25,0.23219597044895274,0.2537939421506375,0.30238205304586113,0.21162803435454861
105,1049,Jumpsuit,Jumpsuit::5,Jumpsuit/5_1.tif,1.5,0.23219597044895274,0.2537939421506375,0.30238205304586113,0.21162803435454861
105,1049,Jumpsuit,Jumpsuit::5,Jumpsuit/5_1.tif,2,0.23219597044895274,0.2537939421506375,0.30238205304586113,0.21162803435454861
105,1049,Jumpsuit,Jumpsuit::5,Jumpsuit/5_1.tif,2.5,0.23219597044895274,0.2537939421506375,0.30238205304586113,0.21162803435454861
105,1049,Jumpsuit,Jumpsuit::5,Jumpsuit/5_1.tif,3,0.23219597044895274,0.2537939421506375,0.30238205304586113,0.21162803435454861
106,1059,Jumpsuit,Jumpsuit::6,Jumpsuit/6_1.tif,1,0.19572400956826466,0.2243275983680266,0.32087327496836526,0.25907511709534348
106,1059,Jumpsuit,Jumpsuit::6,Jumpsuit/6_1.tif,1.1000000000000001,0.19572400956826466,0.2243275983680266,0.32087327496836526,0.25907511709534348
106,1059,Jumpsuit,Jumpsuit::6,Jumpsuit/6_1.tif,1.25,0.19572400956826466,0.2243275983680266,0.32087327496836526,0.25907511709534348
106,1059,Jumpsuit,Jumpsuit::6,Jumpsuit/6_1.tif,1.5,0.19572400956826466,0.2243275983680266,0.32087327496836526,0.25907511709534348
106,1059,Jumpsuit,Jumpsuit::6,Jumpsuit/6_1.tif,2,0.19572400956826466,0.2243275983680266,0.32087327496836526,0.25907511709534348
106,1059,Jumpsuit,Jumpsuit::6,Jumpsuit/6_1.tif,2.5,0.19572400956826466,0.2243275983680266,0.32087327496836526,0.25907511709534348
106,1059,Jumpsuit,Jumpsuit::6,Jumpsuit/6_1.tif,3,0.19572400956826466,0.2243275983680266,0.32087327496836526,0.25907511709534348
107,1070,Jumpsuit,Jumpsuit::7,Jumpsuit/7_1.tif,1,0.21461503435329976,0.23982866051281665,0.3194362800213863,0.22612002511249726
107,1070,Jumpsuit,Jumpsuit::7,Jumpsuit/7_1.tif,1.1000000000000001,0.21461503435329976,0.23982866051281665,0.3194362800213863,0.22612002511249726
107,1070,Jumpsuit,Jumpsuit::7,Jumpsuit/7_1.tif,1.25,0.21461503435329976,0.23982866051281665,0.3194362800213863,0.22612002511249726
107,1070,Jumpsuit,Jumpsuit::7,Jumpsuit/7_1.tif,1.5,0.21461503435329976,0.23982866051281665,0.3194362800213863,0.22612002511249726
107,1070,Jumpsuit,Jumpsuit::7,Jumpsuit/7_1.tif,2,0.21461503435329976,0.23982866051281665,0.3194362800213863,0.22612002511249726
107,1070,Jumpsuit,Jumpsuit::7,Jumpsuit/7_1.tif,2.5,0.21461503435329976,0.23982866051281665,0.3194362800213863,0.22612002511249726
107,1070,Jumpsuit,Jumpsuit::7,Jumpsuit/7_1.tif,3,0.21461503435329976,0.23982866051281665,0.3194362800213863,0.22612002511249726
108,1080,Jumpsuit,Jumpsuit::8,Jumpsuit/8-10.tif,1,0.26363447370226895,0.15794604786271921,0.36491784436163804,0.21350163407337372
108,1080,Jumpsuit,Jumpsuit::8,Jumpsuit/8-10.tif,1.1000000000000001,0.26363447370226895,0.15794604786271921,0.36491784436163804,0.21350163407337372
108,1080,Jumpsuit,Jumpsuit::8,Jumpsuit/8-10.tif,1.25,0.26363447370226895,0.15794604786271921,0.36491784436163804,0.21350163407337372
108,1080,Jumpsuit,Jumpsuit::8,Jumpsuit/8-10.tif,1.5,0.26363447370226895,0.15794604786271921,0.36491784436163804,0.21350163407337372
108,1080,Jumpsuit,Jumpsuit::8,Jumpsuit/8-10.tif,2,0.26363447370226895,0.15794604786271921,0.36491784436163804,0.21350163407337372
108,1080,Jumpsuit,Jumpsuit::8,Jumpsuit/8-10.tif,2.5,0.26363447370226895,0.15794604786271921,0.36491784436163804,0.21350163407337372
108,1080,Jumpsuit,Jumpsuit::8,Jumpsuit/8-10.tif,3,0.26363447370226895,0.15794604786271921,0.36491784436163804,0.21350163407337372
109,1090,Jumpsuit,Jumpsuit::9,Jumpsuit/9-10.tif,1,0.33402412296616069,0.19085608321465614,0.23964687978678176,0.23547291403240123
109,1090,Jumpsuit,Jumpsuit::9,Jumpsuit/9-10.tif,1.1000000000000001,0.33402412296616069,0.19085608321465614,0.23964687978678176,0.23547291403240123
109,1090,Jumpsuit,Jumpsuit::9,Jumpsuit/9-10.tif,1.25,0.33402412296616069,0.19085608321465614,0.23964687978678176,0.23547291403240123
109,1090,Jumpsuit,Jumpsuit::9,Jumpsuit/9-10.tif,1.5,0.33402412296616069,0.19085608321465614,0.23964687978678176,0.23547291403240123
109,1090,Jumpsuit,Jumpsuit::9,Jumpsuit/9-10.tif,2,0.33402412296616069,0.19085608321465614,0.23964687978678176,0.23547291403240123
109,1090,Jumpsuit,Jumpsuit::9,Jumpsuit/9-10.tif,2.5,0.33402412296616069,0.19085608321465614,0.23964687978678176,0.23547291403240123
109,1090,Jumpsuit,Jumpsuit::9,Jumpsuit/9-10.tif,3,0.33402412296616069,0.19085608321465614,0.23964687978678176,0.23547291403240123
110,1110,Mermaid,Mermaid::1,Mermaid/1_1.tif,1,0.21633815237012372,0.22332423747431429,0.3074822309269814,0.25285537922858059
110,1110,Mermaid,Mermaid::1,Mermaid/1_1.tif,1.1000000000000001,0.21633815237012372,0.22332423747431429,0.3074822309269814,0.25285537922858059
110,1110,Mermaid,Mermaid::1,Mermaid/1_1.tif,1.25,0.21633815237012372,0.22332423747431429,0.3074822309269814,0.25285537922858059
110,1110,Mermaid,Mermaid::1,Mermaid/1_1.tif,1.5,0.21633815237012372,0.22332423747431429,0.3074822309269814,0.25285537922858059
110,1110,Mermaid,Mermaid::1,Mermaid/1_1.tif,2,0.21633815237012372,0.22332423747431429,0.3074822309269814,0.25285537922858059
110,1110,Mermaid,Mermaid::1,Mermaid/1_1.tif,2.5,0.21633815237012372,0.22332423747431429,0.3074822309269814,0.25285537922858059
110,1110,Mermaid,Mermaid::1,Mermaid/1_1.tif,3,0.21633815237012372,0.22332423747431429,0.3074822309269814,0.25285537922858059
111,1100,Mermaid,Mermaid::10,Mermaid/10_1.tif,1,0.21943885072854213,0.25785869734035666,0.29189371373413125,0.23080873819696987
111,1100,Mermaid,Mermaid::10,Mermaid/10_1.tif,1.1000000000000001,0.21943885072854213,0.25785869734035666,0.29189371373413125,0.23080873819696987
111,1100,Mermaid,Mermaid::10,Mermaid/10_1.tif,1.25,0.21943885072854213,0.25785869734035666,0.29189371373413125,0.23080873819696987
111,1100,Mermaid,Mermaid::10,Mermaid/10_1.tif,1.5,0.21943885072854213,0.25785869734035666,0.29189371373413125,0.23080873819696987
111,1100,Mermaid,Mermaid::10,Mermaid/10_1.tif,2,0.21943885072854213,0.25785869734035666,0.29189371373413125,0.23080873819696987
111,1100,Mermaid,Mermaid::10,Mermaid/10_1.tif,2.5,0.21943885072854213,0.25785869734035666,0.29189371373413125,0.23080873819696987
111,1100,Mermaid,Mermaid::10,Mermaid/10_1.tif,3,0.21943885072854213,0.25785869734035666,0.29189371373413125,0.23080873819696987
112,1120,Mermaid,Mermaid::2,Mermaid/2_1.tif,1,0.25963891743724266,0.30187665375250211,0.26826910109643337,0.17021532771382181
112,1120,Mermaid,Mermaid::2,Mermaid/2_1.tif,1.1000000000000001,0.25963891743724266,0.30187665375250211,0.26826910109643337,0.17021532771382181
112,1120,Mermaid,Mermaid::2,Mermaid/2_1.tif,1.25,0.25963891743724266,0.30187665375250211,0.26826910109643337,0.17021532771382181
112,1120,Mermaid,Mermaid::2,Mermaid/2_1.tif,1.5,0.25963891743724266,0.30187665375250211,0.26826910109643337,0.17021532771382181
112,1120,Mermaid,Mermaid::2,Mermaid/2_1.tif,2,0.25963891743724266,0.30187665375250211,0.26826910109643337,0.17021532771382181
112,1120,Mermaid,Mermaid::2,Mermaid/2_1.tif,2.5,0.25963891743724266,0.30187665375250211,0.26826910109643337,0.17021532771382181
112,1120,Mermaid,Mermaid::2,Mermaid/2_1.tif,3,0.25963891743724266,0.30187665375250211,0.26826910109643337,0.17021532771382181
113,1130,Mermaid,Mermaid::3,Mermaid/3_1.tif,1,0.25907687891797732,0.24757370361716435,0.28360557740622577,0.20974384005863239
113,1130,Mermaid,Mermaid::3,Mermaid/3_1.tif,1.1000000000000001,0.25907687891797732,0.24757370361716435,0.28360557740622577,0.20974384005863239
113,1130,Mermaid,Mermaid::3,Mermaid/3_1.tif,1.25,0.25907687891797732,0.24757370361716435,0.28360557740622577,0.20974384005863239
113,1130,Mermaid,Mermaid::3,Mermaid/3_1.tif,1.5,0.25907687891797732,0.24757370361716435,0.28360557740622577,0.20974384005863239
113,1130,Mermaid,Mermaid::3,Mermaid/3_1.tif,2,0.25907687891797732,0.24757370361716435,0.28360557740622577,0.20974384005863239
113,1130,Mermaid,Mermaid::3,Mermaid/3_1.tif,2.5,0.25907687891797732,0.24757370361716435,0.28360557740622577,0.20974384005863239
113,1130,Mermaid,Mermaid::3,Mermaid/3_1.tif,3,0.25907687891797732,0.24757370361716435,0.28360557740622577,0.20974384005863239
114,1140,Mermaid,Mermaid::4,Mermaid/4_1.tif,1,0.33621836676962286,0.15644157376638165,0.18395696984683815,0.3233830896171575
114,1140,Mermaid,Mermaid::4,Mermaid/4_1.tif,1.1000000000000001,0.33621836676962286,0.15644157376638165,0.18395696984683815,0.3233830896171575
114,1140,Mermaid,Mermaid::4,Mermaid/4_1.tif,1.25,0.33621836676962286,0.15644157376638165,0.18395696984683815,0.3233830896171575
114,1140,Mermaid,Mermaid::4,Mermaid/4_1.tif,1.5,0.33621836676962286,0.15644157376638165,0.18395696984683815,0.3233830896171575
114,1140,Mermaid,Mermaid::4,Mermaid/4_1.tif,2,0.33621836676962286,0.15644157376638165,0.18395696984683815,0.3233830896171575
114,1140,Mermaid,Mermaid::4,Mermaid/4_1.tif,2.5,0.33621836676962286,0.15644157376638165,0.18395696984683815,0.3233830896171575
114,1140,Mermaid,Mermaid::4,Mermaid/4_1.tif,3,0.33621836676962286,0.15644157376638165,0.18395696984683815,0.3233830896171575
115,1150,Mermaid,Mermaid::5,Mermaid/5_1.tif,1,0.15908642969472681,0.23139012995975522,0.3122931148022966,0.2972303255432211
115,1150,Mermaid,Mermaid::5,Mermaid/5_1.tif,1.1000000000000001,0.15908642969472681,0.23139012995975522,0.3122931148022966,0.2972303255432211
115,1150,Mermaid,Mermaid::5,Mermaid/5_1.tif,1.25,0.15908642969472681,0.23139012995975522,0.3122931148022966,0.2972303255432211
115,1150,Mermaid,Mermaid::5,Mermaid/5_1.tif,1.5,0.15908642969472681,0.23139012995975522,0.3122931148022966,0.2972303255432211
115,1150,Mermaid,Mermaid::5,Mermaid/5_1.tif,2,0.15908642969472681,0.23139012995975522,0.3122931148022966,0.2972303255432211
115,1150,Mermaid,Mermaid::5,Mermaid/5_1.tif,2.5,0.15908642969472681,0.23139012995975522,0.3122931148022966,0.2972303255432211
115,1150,Mermaid,Mermaid::5,Mermaid/5_1.tif,3,0.15908642969472681,0.23139012995975522,0.3122931148022966,0.2972303255432211
116,1160,Mermaid,Mermaid::6,Mermaid/6_1.tif,1,0.30132802837590927,0.27005405753777767,0.25342539887183158,0.17519251521448131
116,1160,Mermaid,Mermaid::6,Mermaid/6_1.tif,1.1000000000000001,0.30132802837590927,0.27005405753777767,0.25342539887183158,0.17519251521448131
116,1160,Mermaid,Mermaid::6,Mermaid/6_1.tif,1.25,0.30132802837590927,0.27005405753777767,0.25342539887183158,0.17519251521448131
116,1160,Mermaid,Mermaid::6,Mermaid/6_1.tif,1.5,0.30132802837590927,0.27005405753777767,0.25342539887183158,0.17519251521448131
116,1160,Mermaid,Mermaid::6,Mermaid/6_1.tif,2,0.30132802837590927,0.27005405753777767,0.25342539887183158,0.17519251521448131
116,1160,Mermaid,Mermaid::6,Mermaid/6_1.tif,2.5,0.30132802837590927,0.27005405753777767,0.25342539887183158,0.17519251521448131
116,1160,Mermaid,Mermaid::6,Mermaid/6_1.tif,3,0.30132802837590927,0.27005405753777767,0.25342539887183158,0.17519251521448131
117,1170,Mermaid,Mermaid::7,Mermaid/7_1.tif,1,0.30629846738745081,0.250628586811179,0.30226341151797431,0.14080953428339563
117,1170,Mermaid,Mermaid::7,Mermaid/7_1.tif,1.1000000000000001,0.30629846738745081,0.250628586811179,0.30226341151797431,0.14080953428339563
117,1170,Mermaid,Mermaid::7,Mermaid/7_1.tif,1.25,0.30629846738745081,0.250628586811179,0.30226341151797431,0.14080953428339563
117,1170,Mermaid,Mermaid::7,Mermaid/7_1.tif,1.5,0.30629846738745081,0.250628586811179,0.30226341151797431,0.14080953428339563
117,1170,Mermaid,Mermaid::7,Mermaid/7_1.tif,2,0.30629846738745081,0.250628586811179,0.30226341151797431,0.14080953428339563
117,1170,Mermaid,Mermaid::7,Mermaid/7_1.tif,2.5,0.30629846738745081,0.250628586811179,0.30226341151797431,0.14080953428339563
117,1170,Mermaid,Mermaid::7,Mermaid/7_1.tif,3,0.30629846738745081,0.250628586811179,0.30226341151797431,0.14080953428339563
118,1180,Mermaid,Mermaid::8,Mermaid/8_1.tif,1,0.3082032644357568,0.25697460274358597,0.23497354245590929,0.19984859036474781
118,1180,Mermaid,Mermaid::8,Mermaid/8_1.tif,1.1000000000000001,0.3082032644357568,0.25697460274358597,0.23497354245590929,0.19984859036474781
118,1180,Mermaid,Mermaid::8,Mermaid/8_1.tif,1.25,0.3082032644357568,0.25697460274358597,0.23497354245590929,0.19984859036474781
118,1180,Mermaid,Mermaid::8,Mermaid/8_1.tif,1.5,0.3082032644357568,0.25697460274358597,0.23497354245590929,0.19984859036474781
118,1180,Mermaid,Mermaid::8,Mermaid/8_1.tif,2,0.3082032644357568,0.25697460274358597,0.23497354245590929,0.19984859036474781
118,1180,Mermaid,Mermaid::8,Mermaid/8_1.tif,2.5,0.3082032644357568,0.25697460274358597,0.23497354245590929,0.19984859036474781
118,1180,Mermaid,Mermaid::8,Mermaid/8_1.tif,3,0.3082032644357568,0.25697460274358597,0.23497354245590929,0.19984859036474781
119,1190,Mermaid,Mermaid::9,Mermaid/9_1.tif,1,0.20789907923463702,0.23178882653424634,0.31286086036162969,0.24745123386948706
119,1190,Mermaid,Mermaid::9,Mermaid/9_1.tif,1.1000000000000001,0.20789907923463702,0.23178882653424634,0.31286086036162969,0.24745123386948706
119,1190,Mermaid,Mermaid::9,Mermaid/9_1.tif,1.25,0.20789907923463702,0.23178882653424634,0.31286086036162969,0.24745123386948706
119,1190,Mermaid,Mermaid::9,Mermaid/9_1.tif,1.5,0.20789907923463702,0.23178882653424634,0.31286086036162969,0.24745123386948706
119,1190,Mermaid,Mermaid::9,Mermaid/9_1.tif,2,0.20789907923463702,0.23178882653424634,0.31286086036162969,0.24745123386948706
119,1190,Mermaid,Mermaid::9,Mermaid/9_1.tif,2.5,0.20789907923463702,0.23178882653424634,0.31286086036162969,0.24745123386948706
119,1190,Mermaid,Mermaid::9,Mermaid/9_1.tif,3,0.20789907923463702,0.23178882653424634,0.31286086036162969,0.24745123386948706
120,1210,Mini,Mini::1,Mini/1_1.tif,1,0.23546528360830352,0.27484709883443614,0.28531950273204931,0.20436811482521114
120,1210,Mini,Mini::1,Mini/1_1.tif,1.1000000000000001,0.23546528360830352,0.27484709883443614,0.28531950273204931,0.20436811482521114
120,1210,Mini,Mini::1,Mini/1_1.tif,1.25,0.23546528360830352,0.27484709883443614,0.28531950273204931,0.20436811482521114
120,1210,Mini,Mini::1,Mini/1_1.tif,1.5,0.23546528360830352,0.27484709883443614,0.28531950273204931,0.20436811482521114
120,1210,Mini,Mini::1,Mini/1_1.tif,2,0.23546528360830352,0.27484709883443614,0.28531950273204931,0.20436811482521114
120,1210,Mini,Mini::1,Mini/1_1.tif,2.5,0.23546528360830352,0.27484709883443614,0.28531950273204931,0.20436811482521114
120,1210,Mini,Mini::1,Mini/1_1.tif,3,0.23546528360830352,0.27484709883443614,0.28531950273204931,0.20436811482521114
121,1200,Mini,Mini::10,Mini/10_1.tif,1,0.26038087427706574,0.24648055865298074,0.29786741128075483,0.19527115578919887
121,1200,Mini,Mini::10,Mini/10_1.tif,1.1000000000000001,0.26038087427706574,0.24648055865298074,0.29786741128075483,0.19527115578919887
121,1200,Mini,Mini::10,Mini/10_1.tif,1.25,0.26038087427706574,0.24648055865298074,0.29786741128075483,0.19527115578919887
121,1200,Mini,Mini::10,Mini/10_1.tif,1.5,0.26038087427706574,0.24648055865298074,0.29786741128075483,0.19527115578919887
121,1200,Mini,Mini::10,Mini/10_1.tif,2,0.26038087427706574,0.24648055865298074,0.29786741128075483,0.19527115578919887
121,1200,Mini,Mini::10,Mini/10_1.tif,2.5,0.26038087427706574,0.24648055865298074,0.29786741128075483,0.19527115578919887
121,1200,Mini,Mini::10,Mini/10_1.tif,3,0.26038087427706574,0.24648055865298074,0.29786741128075483,0.19527115578919887
122,1220,Mini,Mini::2,Mini/2_1.tif,1,0.22098978272207834,0.26032222506846586,0.28657887248746766,0.23210911972198792
122,1220,Mini,Mini::2,Mini/2_1.tif,1.1000000000000001,0.22098978272207834,0.26032222506846586,0.28657887248746766,0.23210911972198792
122,1220,Mini,Mini::2,Mini/2_1.tif,1.25,0.22098978272207834,0.26032222506846586,0.28657887248746766,0.23210911972198792
122,1220,Mini,Mini::2,Mini/2_1.tif,1.5,0.22098978272207834,0.26032222506846586,0.28657887248746766,0.23210911972198792
122,1220,Mini,Mini::2,Mini/2_1.tif,2,0.22098978272207834,0.26032222506846586,0.28657887248746766,0.23210911972198792
122,1220,Mini,Mini::2,Mini/2_1.tif,2.5,0.22098978272207834,0.26032222506846586,0.28657887248746766,0.23210911972198792
122,1220,Mini,Mini::2,Mini/2_1.tif,3,0.22098978272207834,0.26032222506846586,0.28657887248746766,0.23210911972198792
123,1230,Mini,Mini::3,Mini/3_1.tif,1,0.21157318654375706,0.25776007907467441,0.27867336270120124,0.25199337168036728
123,1230,Mini,Mini::3,Mini/3_1.tif,1.1000000000000001,0.21157318654375706,0.25776007907467441,0.27867336270120124,0.25199337168036728
123,1230,Mini,Mini::3,Mini/3_1.tif,1.25,0.21157318654375706,0.25776007907467441,0.27867336270120124,0.25199337168036728
123,1230,Mini,Mini::3,Mini/3_1.tif,1.5,0.21157318654375706,0.25776007907467441,0.27867336270120124,0.25199337168036728
123,1230,Mini,Mini::3,Mini/3_1.tif,2,0.21157318654375706,0.25776007907467441,0.27867336270120124,0.25199337168036728
123,1230,Mini,Mini::3,Mini/3_1.tif,2.5,0.21157318654375706,0.25776007907467441,0.27867336270120124,0.25199337168036728
123,1230,Mini,Mini::3,Mini/3_1.tif,3,0.21157318654375706,0.25776007907467441,0.27867336270120124,0.25199337168036728
124,1240,Mini,Mini::4,Mini/4_1.tif,1,0.20252318742475692,0.26605165358927446,0.31767493779173095,0.21375022119423789
124,1240,Mini,Mini::4,Mini/4_1.tif,1.1000000000000001,0.20252318742475692,0.26605165358927446,0.31767493779173095,0.21375022119423789
124,1240,Mini,Mini::4,Mini/4_1.tif,1.25,0.20252318742475692,0.26605165358927446,0.31767493779173095,0.21375022119423789
124,1240,Mini,Mini::4,Mini/4_1.tif,1.5,0.20252318742475692,0.26605165358927446,0.31767493779173095,0.21375022119423789
124,1240,Mini,Mini::4,Mini/4_1.tif,2,0.20252318742475692,0.26605165358927446,0.31767493779173095,0.21375022119423789
124,1240,Mini,Mini::4,Mini/4_1.tif,2.5,0.20252318742475692,0.26605165358927446,0.31767493779173095,0.21375022119423789
124,1240,Mini,Mini::4,Mini/4_1.tif,3,0.20252318742475692,0.26605165358927446,0.31767493779173095,0.21375022119423789
125,1250,Mini,Mini::5,Mini/5_1.tif,1,0.19719994542587249,0.33085340158400489,0.30604080045327925,0.16590585253684334
125,1250,Mini,Mini::5,Mini/5_1.tif,1.1000000000000001,0.19719994542587249,0.33085340158400489,0.30604080045327925,0.16590585253684334
125,1250,Mini,Mini::5,Mini/5_1.tif,1.25,0.19719994542587249,0.33085340158400489,0.30604080045327925,0.16590585253684334
125,1250,Mini,Mini::5,Mini/5_1.tif,1.5,0.19719994542587249,0.33085340158400489,0.30604080045327925,0.16590585253684334
125,1250,Mini,Mini::5,Mini/5_1.tif,2,0.19719994542587249,0.33085340158400489,0.30604080045327925,0.16590585253684334
125,1250,Mini,Mini::5,Mini/5_1.tif,2.5,0.19719994542587249,0.33085340158400489,0.30604080045327925,0.16590585253684334
125,1250,Mini,Mini::5,Mini/5_1.tif,3,0.19719994542587249,0.33085340158400489,0.30604080045327925,0.16590585253684334
126,1260,Mini,Mini::6,Mini/6_1.tif,1,0.21054921199479676,0.31263432865494528,0.28591497022826884,0.19090148912198915
126,1260,Mini,Mini::6,Mini/6_1.tif,1.1000000000000001,0.21054921199479676,0.31263432865494528,0.28591497022826884,0.19090148912198915
126,1260,Mini,Mini::6,Mini/6_1.tif,1.25,0.21054921199479676,0.31263432865494528,0.28591497022826884,0.19090148912198915
126,1260,Mini,Mini::6,Mini/6_1.tif,1.5,0.21054921199479676,0.31263432865494528,0.28591497022826884,0.19090148912198915
126,1260,Mini,Mini::6,Mini/6_1.tif,2,0.21054921199479676,0.31263432865494528,0.28591497022826884,0.19090148912198915
126,1260,Mini,Mini::6,Mini/6_1.tif,2.5,0.21054921199479676,0.31263432865494528,0.28591497022826884,0.19090148912198915
126,1260,Mini,Mini::6,Mini/6_1.tif,3,0.21054921199479676,0.31263432865494528,0.28591497022826884,0.19090148912198915
127,1270,Mini,Mini::7,Mini/7_1.tif,1,0.17716003247091966,0.26191058685441448,0.31458339626756127,0.24634598440710467
127,1270,Mini,Mini::7,Mini/7_1.tif,1.1000000000000001,0.17716003247091966,0.26191058685441448,0.31458339626756127,0.24634598440710467
127,1270,Mini,Mini::7,Mini/7_1.tif,1.25,0.17716003247091966,0.26191058685441448,0.31458339626756127,0.24634598440710467
127,1270,Mini,Mini::7,Mini/7_1.tif,1.5,0.17716003247091966,0.26191058685441448,0.31458339626756127,0.24634598440710467
127,1270,Mini,Mini::7,Mini/7_1.tif,2,0.17716003247091966,0.26191058685441448,0.31458339626756127,0.24634598440710467
127,1270,Mini,Mini::7,Mini/7_1.tif,2.5,0.17716003247091966,0.26191058685441448,0.31458339626756127,0.24634598440710467
127,1270,Mini,Mini::7,Mini/7_1.tif,3,0.17716003247091966,0.26191058685441448,0.31458339626756127,0.24634598440710467
128,1280,Mini,Mini::8,Mini/8_1.tif,1,0.18898476404619652,0.2831030131076287,0.30906619944731462,0.2188460233988602
128,1280,Mini,Mini::8,Mini/8_1.tif,1.1000000000000001,0.18898476404619652,0.2831030131076287,0.30906619944731462,0.2188460233988602
128,1280,Mini,Mini::8,Mini/8_1.tif,1.25,0.18898476404619652,0.2831030131076287,0.30906619944731462,0.2188460233988602
128,1280,Mini,Mini::8,Mini/8_1.tif,1.5,0.18898476404619652,0.2831030131076287,0.30906619944731462,0.2188460233988602
128,1280,Mini,Mini::8,Mini/8_1.tif,2,0.18898476404619652,0.2831030131076287,0.30906619944731462,0.2188460233988602
128,1280,Mini,Mini::8,Mini/8_1.tif,2.5,0.18898476404619652,0.2831030131076287,0.30906619944731462,0.2188460233988602
128,1280,Mini,Mini::8,Mini/8_1.tif,3,0.18898476404619652,0.2831030131076287,0.30906619944731462,0.2188460233988602
129,1290,Mini,Mini::9,Mini/9_1.tif,1,0.25603521043575372,0.29831074699861182,0.23758379220535225,0.20807025036028193
129,1290,Mini,Mini::9,Mini/9_1.tif,1.1000000000000001,0.25603521043575372,0.29831074699861182,0.23758379220535225,0.20807025036028193
129,1290,Mini,Mini::9,Mini/9_1.tif,1.25,0.25603521043575372,0.29831074699861182,0.23758379220535225,0.20807025036028193
129,1290,Mini,Mini::9,Mini/9_1.tif,1.5,0.25603521043575372,0.29831074699861182,0.23758379220535225,0.20807025036028193
129,1290,Mini,Mini::9,Mini/9_1.tif,2,0.25603521043575372,0.29831074699861182,0.23758379220535225,0.20807025036028193
129,1290,Mini,Mini::9,Mini/9_1.tif,2.5,0.25603521043575372,0.29831074699861182,0.23758379220535225,0.20807025036028193
129,1290,Mini,Mini::9,Mini/9_1.tif,3,0.25603521043575372,0.29831074699861182,0.23758379220535225,0.20807025036028193
130,1300,Pencil,Pencil::1,Pencil/1-1.tif,1,0.24417286039962804,0.15073959788890301,0.35863675771793768,0.24645078399353129
130,1300,Pencil,Pencil::1,Pencil/1-1.tif,1.1000000000000001,0.24417286039962804,0.15073959788890301,0.35863675771793768,0.24645078399353129
130,1300,Pencil,Pencil::1,Pencil/1-1.tif,1.25,0.24417286039962804,0.15073959788890301,0.35863675771793768,0.24645078399353129
130,1300,Pencil,Pencil::1,Pencil/1-1.tif,1.5,0.24417286039962804,0.15073959788890301,0.35863675771793768,0.24645078399353129
130,1300,Pencil,Pencil::1,Pencil/1-1.tif,2,0.24417286039962804,0.15073959788890301,0.35863675771793768,0.24645078399353129
130,1300,Pencil,Pencil::1,Pencil/1-1.tif,2.5,0.24417286039962804,0.15073959788890301,0.35863675771793768,0.24645078399353129
130,1300,Pencil,Pencil::1,Pencil/1-1.tif,3,0.24417286039962804,0.15073959788890301,0.35863675771793768,0.24645078399353129
131,1310,Pencil,Pencil::10,Pencil/10-1.tif,1,0.27860569162798265,0.2416169408542358,0.34020943767745648,0.13956792984032509
131,1310,Pencil,Pencil::10,Pencil/10-1.tif,1.1000000000000001,0.27860569162798265,0.2416169408542358,0.34020943767745648,0.13956792984032509
131,1310,Pencil,Pencil::10,Pencil/10-1.tif,1.25,0.27860569162798265,0.2416169408542358,0.34020943767745648,0.13956792984032509
131,1310,Pencil,Pencil::10,Pencil/10-1.tif,1.5,0.27860569162798265,0.2416169408542358,0.34020943767745648,0.13956792984032509
131,1310,Pencil,Pencil::10,Pencil/10-1.tif,2,0.27860569162798265,0.2416169408542358,0.34020943767745648,0.13956792984032509
131,1310,Pencil,Pencil::10,Pencil/10-1.tif,2.5,0.27860569162798265,0.2416169408542358,0.34020943767745648,0.13956792984032509
131,1310,Pencil,Pencil::10,Pencil/10-1.tif,3,0.27860569162798265,0.2416169408542358,0.34020943767745648,0.13956792984032509
132,1320,Pencil,Pencil::2,Pencil/2-1.tif,1,0.21723775266214987,0.29993446676722135,0.30301768374226867,0.17981009682836016
132,1320,Pencil,Pencil::2,Pencil/2-1.tif,1.1000000000000001,0.21723775266214987,0.29993446676722135,0.30301768374226867,0.17981009682836016
132,1320,Pencil,Pencil::2,Pencil/2-1.tif,1.25,0.21723775266214987,0.29993446676722135,0.30301768374226867,0.17981009682836016
132,1320,Pencil,Pencil::2,Pencil/2-1.tif,1.5,0.21723775266214987,0.29993446676722135,0.30301768374226867,0.17981009682836016
132,1320,Pencil,Pencil::2,Pencil/2-1.tif,2,0.21723775266214987,0.29993446676722135,0.30301768374226867,0.17981009682836016
132,1320,Pencil,Pencil::2,Pencil/2-1.tif,2.5,0.21723775266214987,0.29993446676722135,0.30301768374226867,0.17981009682836016
132,1320,Pencil,Pencil::2,Pencil/2-1.tif,3,0.21723775266214987,0.29993446676722135,0.30301768374226867,0.17981009682836016
133,1330,Pencil,Pencil::3,Pencil/3-1.tif,1,0.22558891560660149,0.27413612056956865,0.29311078715845912,0.2071641766653706
133,1330,Pencil,Pencil::3,Pencil/3-1.tif,1.1000000000000001,0.22558891560660149,0.27413612056956865,0.29311078715845912,0.2071641766653706
133,1330,Pencil,Pencil::3,Pencil/3-1.tif,1.25,0.22558891560660149,0.27413612056956865,0.29311078715845912,0.2071641766653706
133,1330,Pencil,Pencil::3,Pencil/3-1.tif,1.5,0.22558891560660149,0.27413612056956865,0.29311078715845912,0.2071641766653706
133,1330,Pencil,Pencil::3,Pencil/3-1.tif,2,0.22558891560660149,0.27413612056956865,0.29311078715845912,0.2071641766653706
133,1330,Pencil,Pencil::3,Pencil/3-1.tif,2.5,0.22558891560660149,0.27413612056956865,0.29311078715845912,0.2071641766653706
133,1330,Pencil,Pencil::3,Pencil/3-1.tif,3,0.22558891560660149,0.27413612056956865,0.29311078715845912,0.2071641766653706
134,1340,Pencil,Pencil::4,Pencil/4-1.tif,1,0.34695037309099036,0.21627964647798342,0.22570845167728784,0.21106152875373846
134,1340,Pencil,Pencil::4,Pencil/4-1.tif,1.1000000000000001,0.34695037309099036,0.21627964647798342,0.22570845167728784,0.21106152875373846
134,1340,Pencil,Pencil::4,Pencil/4-1.tif,1.25,0.34695037309099036,0.21627964647798342,0.22570845167728784,0.21106152875373846
134,1340,Pencil,Pencil::4,Pencil/4-1.tif,1.5,0.34695037309099036,0.21627964647798342,0.22570845167728784,0.21106152875373846
134,1340,Pencil,Pencil::4,Pencil/4-1.tif,2,0.34695037309099036,0.21627964647798342,0.22570845167728784,0.21106152875373846
134,1340,Pencil,Pencil::4,Pencil/4-1.tif,2.5,0.34695037309099036,0.21627964647798342,0.22570845167728784,0.21106152875373846
134,1340,Pencil,Pencil::4,Pencil/4-1.tif,3,0.34695037309099036,0.21627964647798342,0.22570845167728784,0.21106152875373846
135,1350,Pencil,Pencil::5,Pencil/5-1.tif,1,0.25448637930503082,0.29267768920042964,0.28067856627040644,0.17215736522413286
135,1350,Pencil,Pencil::5,Pencil/5-1.tif,1.1000000000000001,0.25448637930503082,0.29267768920042964,0.28067856627040644,0.17215736522413286
135,1350,Pencil,Pencil::5,Pencil/5-1.tif,1.25,0.25448637930503082,0.29267768920042964,0.28067856627040644,0.17215736522413286
135,1350,Pencil,Pencil::5,Pencil/5-1.tif,1.5,0.25448637930503082,0.29267768920042964,0.28067856627040644,0.17215736522413286
135,1350,Pencil,Pencil::5,Pencil/5-1.tif,2,0.25448637930503082,0.29267768920042964,0.28067856627040644,0.17215736522413286
135,1350,Pencil,Pencil::5,Pencil/5-1.tif,2.5,0.25448637930503082,0.29267768920042964,0.28067856627040644,0.17215736522413286
135,1350,Pencil,Pencil::5,Pencil/5-1.tif,3,0.25448637930503082,0.29267768920042964,0.28067856627040644,0.17215736522413286
136,1360,Pencil,Pencil::6,Pencil/6-1.tif,1,0.21257138807247422,0.26223802223621728,0.28266878397555922,0.24252180571574922
136,1360,Pencil,Pencil::6,Pencil/6-1.tif,1.1000000000000001,0.21257138807247422,0.26223802223621728,0.28266878397555922,0.24252180571574922
136,1360,Pencil,Pencil::6,Pencil/6-1.tif,1.25,0.21257138807247422,0.26223802223621728,0.28266878397555922,0.24252180571574922
136,1360,Pencil,Pencil::6,Pencil/6-1.tif,1.5,0.21257138807247422,0.26223802223621728,0.28266878397555922,0.24252180571574922
136,1360,Pencil,Pencil::6,Pencil/6-1.tif,2,0.21257138807247422,0.26223802223621728,0.28266878397555922,0.24252180571574922
136,1360,Pencil,Pencil::6,Pencil/6-1.tif,2.5,0.21257138807247422,0.26223802223621728,0.28266878397555922,0.24252180571574922
136,1360,Pencil,Pencil::6,Pencil/6-1.tif,3,0.21257138807247422,0.26223802223621728,0.28266878397555922,0.24252180571574922
137,1370,Pencil,Pencil::7,Pencil/7-1.tif,1,0.21580429333044263,0.25201129867325106,0.31937273759743096,0.21281167039887547
137,1370,Pencil,Pencil::7,Pencil/7-1.tif,1.1000000000000001,0.21580429333044263,0.25201129867325106,0.31937273759743096,0.21281167039887547
137,1370,Pencil,Pencil::7,Pencil/7-1.tif,1.25,0.21580429333044263,0.25201129867325106,0.31937273759743096,0.21281167039887547
137,1370,Pencil,Pencil::7,Pencil/7-1.tif,1.5,0.21580429333044263,0.25201129867325106,0.31937273759743096,0.21281167039887547
137,1370,Pencil,Pencil::7,Pencil/7-1.tif,2,0.21580429333044263,0.25201129867325106,0.31937273759743096,0.21281167039887547
137,1370,Pencil,Pencil::7,Pencil/7-1.tif,2.5,0.21580429333044263,0.25201129867325106,0.31937273759743096,0.21281167039887547
137,1370,Pencil,Pencil::7,Pencil/7-1.tif,3,0.21580429333044263,0.25201129867325106,0.31937273759743096,0.21281167039887547
138,1380,Pencil,Pencil::8,Pencil/8-1.tif,1,0.2415557951208121,0.26148860933701545,0.3005798342527109,0.1963757612894616
138,1380,Pencil,Pencil::8,Pencil/8-1.tif,1.1000000000000001,0.2415557951208121,0.26148860933701545,0.3005798342527109,0.1963757612894616
138,1380,Pencil,Pencil::8,Pencil/8-1.tif,1.25,0.2415557951208121,0.26148860933701545,0.3005798342527109,0.1963757612894616
138,1380,Pencil,Pencil::8,Pencil/8-1.tif,1.5,0.2415557951208121,0.26148860933701545,0.3005798342527109,0.1963757612894616
138,1380,Pencil,Pencil::8,Pencil/8-1.tif,2,0.2415557951208121,0.26148860933701545,0.3005798342527109,0.1963757612894616
138,1380,Pencil,Pencil::8,Pencil/8-1.tif,2.5,0.2415557951208121,0.26148860933701545,0.3005798342527109,0.1963757612894616
138,1380,Pencil,Pencil::8,Pencil/8-1.tif,3,0.2415557951208121,0.26148860933701545,0.3005798342527109,0.1963757612894616
139,1390,Pencil,Pencil::9,Pencil/9-1.tif,1,0.36742841221285766,0.2928354265979724,0.20803187051258304,0.1317042906765867
139,1390,Pencil,Pencil::9,Pencil/9-1.tif,1.1000000000000001,0.36742841221285766,0.2928354265979724,0.20803187051258304,0.1317042906765867
139,1390,Pencil,Pencil::9,Pencil/9-1.tif,1.25,0.36742841221285766,0.2928354265979724,0.20803187051258304,0.1317042906765867
139,1390,Pencil,Pencil::9,Pencil/9-1.tif,1.5,0.36742841221285766,0.2928354265979724,0.20803187051258304,0.1317042906765867
139,1390,Pencil,Pencil::9,Pencil/9-1.tif,2,0.36742841221285766,0.2928354265979724,0.20803187051258304,0.1317042906765867
139,1390,Pencil,Pencil::9,Pencil/9-1.tif,2.5,0.36742841221285766,0.2928354265979724,0.20803187051258304,0.1317042906765867
139,1390,Pencil,Pencil::9,Pencil/9-1.tif,3,0.36742841221285766,0.2928354265979724,0.20803187051258304,0.1317042906765867
140,1410,Sarong,Sarong::1,Sarong/1_1.tif,1,0.38608590050119262,0.19554439248094205,0.23619982001358225,0.18216988700428305
140,1410,Sarong,Sarong::1,Sarong/1_1.tif,1.1000000000000001,0.38608590050119262,0.19554439248094205,0.23619982001358225,0.18216988700428305
140,1410,Sarong,Sarong::1,Sarong/1_1.tif,1.25,0.38608590050119262,0.19554439248094205,0.23619982001358225,0.18216988700428305
140,1410,Sarong,Sarong::1,Sarong/1_1.tif,1.5,0.38608590050119262,0.19554439248094205,0.23619982001358225,0.18216988700428305
140,1410,Sarong,Sarong::1,Sarong/1_1.tif,2,0.38608590050119262,0.19554439248094205,0.23619982001358225,0.18216988700428305
140,1410,Sarong,Sarong::1,Sarong/1_1.tif,2.5,0.38608590050119262,0.19554439248094205,0.23619982001358225,0.18216988700428305
140,1410,Sarong,Sarong::1,Sarong/1_1.tif,3,0.38608590050119262,0.19554439248094205,0.23619982001358225,0.18216988700428305
141,1400,Sarong,Sarong::10,Sarong/10_1.tif,1,0.34488659773303154,0.16979480669073974,0.30651448903612127,0.17880410654010723
141,1400,Sarong,Sarong::10,Sarong/10_1.tif,1.1000000000000001,0.34488659773303154,0.16979480669073974,0.30651448903612127,0.17880410654010723
141,1400,Sarong,Sarong::10,Sarong/10_1.tif,1.25,0.34488659773303154,0.16979480669073974,0.30651448903612127,0.17880410654010723
141,1400,Sarong,Sarong::10,Sarong/10_1.tif,1.5,0.34488659773303154,0.16979480669073974,0.30651448903612127,0.17880410654010723
141,1400,Sarong,Sarong::10,Sarong/10_1.tif,2,0.34488659773303154,0.16979480669073974,0.30651448903612127,0.17880410654010723
141,1400,Sarong,Sarong::10,Sarong/10_1.tif,2.5,0.34488659773303154,0.16979480669073974,0.30651448903612127,0.17880410654010723
141,1400,Sarong,Sarong::10,Sarong/10_1.tif,3,0.34488659773303154,0.16979480669073974,0.30651448903612127,0.17880410654010723
142,1420,Sarong,Sarong::2,Sarong/2_1.tif,1,0.28041160545630839,0.21457708220282487,0.26981131554997717,0.23519999679088965
142,1420,Sarong,Sarong::2,Sarong/2_1.tif,1.1000000000000001,0.28041160545630839,0.21457708220282487,0.26981131554997717,0.23519999679088965
142,1420,Sarong,Sarong::2,Sarong/2_1.tif,1.25,0.28041160545630839,0.21457708220282487,0.26981131554997717,0.23519999679088965
142,1420,Sarong,Sarong::2,Sarong/2_1.tif,1.5,0.28041160545630839,0.21457708220282487,0.26981131554997717,0.23519999679088965
142,1420,Sarong,Sarong::2,Sarong/2_1.tif,2,0.28041160545630839,0.21457708220282487,0.26981131554997717,0.23519999679088965
142,1420,Sarong,Sarong::2,Sarong/2_1.tif,2.5,0.28041160545630839,0.21457708220282487,0.26981131554997717,0.23519999679088965
142,1420,Sarong,Sarong::2,Sarong/2_1.tif,3,0.28041160545630839,0.21457708220282487,0.26981131554997717,0.23519999679088965
143,1430,Sarong,Sarong::3,Sarong/3_1.tif,1,0.29978015630736576,0.25100563008962584,0.24689411010963319,0.2023201034933754
143,1430,Sarong,Sarong::3,Sarong/3_1.tif,1.1000000000000001,0.29978015630736576,0.25100563008962584,0.24689411010963319,0.2023201034933754
143,1430,Sarong,Sarong::3,Sarong/3_1.tif,1.25,0.29978015630736576,0.25100563008962584,0.24689411010963319,0.2023201034933754
143,1430,Sarong,Sarong::3,Sarong/3_1.tif,1.5,0.29978015630736576,0.25100563008962584,0.24689411010963319,0.2023201034933754
143,1430,Sarong,Sarong::3,Sarong/3_1.tif,2,0.29978015630736576,0.25100563008962584,0.24689411010963319,0.2023201034933754
143,1430,Sarong,Sarong::3,Sarong/3_1.tif,2.5,0.29978015630736576,0.25100563008962584,0.24689411010963319,0.2023201034933754
143,1430,Sarong,Sarong::3,Sarong/3_1.tif,3,0.29978015630736576,0.25100563008962584,0.24689411010963319,0.2023201034933754
144,1440,Sarong,Sarong::4,Sarong/4_1.tif,1,0.31046264785977251,0.21097855080650404,0.25140082529951319,0.2271579760342102
144,1440,Sarong,Sarong::4,Sarong/4_1.tif,1.1000000000000001,0.31046264785977251,0.21097855080650404,0.25140082529951319,0.2271579760342102
144,1440,Sarong,Sarong::4,Sarong/4_1.tif,1.25,0.31046264785977251,0.21097855080650404,0.25140082529951319,0.2271579760342102
144,1440,Sarong,Sarong::4,Sarong/4_1.tif,1.5,0.31046264785977251,0.21097855080650404,0.25140082529951319,0.2271579760342102
144,1440,Sarong,Sarong::4,Sarong/4_1.tif,2,0.31046264785977251,0.21097855080650404,0.25140082529951319,0.2271579760342102
144,1440,Sarong,Sarong::4,Sarong/4_1.tif,2.5,0.31046264785977251,0.21097855080650404,0.25140082529951319,0.2271579760342102
144,1440,Sarong,Sarong::4,Sarong/4_1.tif,3,0.31046264785977251,0.21097855080650404,0.25140082529951319,0.2271579760342102
145,1450,Sarong,Sarong::5,Sarong/5+8.tif,1,0.30868974453768466,0.16920851271134468,0.26557827339364776,0.25652346935732295
145,1450,Sarong,Sarong::5,Sarong/5+8.tif,1.1000000000000001,0.30868974453768466,0.16920851271134468,0.26557827339364776,0.25652346935732295
145,1450,Sarong,Sarong::5,Sarong/5+8.tif,1.25,0.30868974453768466,0.16920851271134468,0.26557827339364776,0.25652346935732295
145,1450,Sarong,Sarong::5,Sarong/5+8.tif,1.5,0.30868974453768466,0.16920851271134468,0.26557827339364776,0.25652346935732295
145,1450,Sarong,Sarong::5,Sarong/5+8.tif,2,0.30868974453768466,0.16920851271134468,0.26557827339364776,0.25652346935732295
145,1450,Sarong,Sarong::5,Sarong/5+8.tif,2.5,0.30868974453768466,0.16920851271134468,0.26557827339364776,0.25652346935732295
145,1450,Sarong,Sarong::5,Sarong/5+8.tif,3,0.30868974453768466,0.16920851271134468,0.26557827339364776,0.25652346935732295
146,1460,Sarong,Sarong::6,Sarong/6_1.tif,1,0.21965035452529169,0.2904761787177958,0.30149377586423809,0.18837969089267451
146,1460,Sarong,Sarong::6,Sarong/6_1.tif,1.1000000000000001,0.21965035452529169,0.2904761787177958,0.30149377586423809,0.18837969089267451
146,1460,Sarong,Sarong::6,Sarong/6_1.tif,1.25,0.21965035452529169,0.2904761787177958,0.30149377586423809,0.18837969089267451
146,1460,Sarong,Sarong::6,Sarong/6_1.tif,1.5,0.21965035452529169,0.2904761787177958,0.30149377586423809,0.18837969089267451
146,1460,Sarong,Sarong::6,Sarong/6_1.tif,2,0.21965035452529169,0.2904761787177958,0.30149377586423809,0.18837969089267451
146,1460,Sarong,Sarong::6,Sarong/6_1.tif,2.5,0.21965035452529169,0.2904761787177958,0.30149377586423809,0.18837969089267451
146,1460,Sarong,Sarong::6,Sarong/6_1.tif,3,0.21965035452529169,0.2904761787177958,0.30149377586423809,0.18837969089267451
147,1470,Sarong,Sarong::7,Sarong/7_1.tif,1,0.34883398317739645,0.22583388774427068,0.22334081347128359,0.20199131560704903
147,1470,Sarong,Sarong::7,Sarong/7_1.tif,1.1000000000000001,0.34883398317739645,0.22583388774427068,0.22334081347128359,0.20199131560704903
147,1470,Sarong,Sarong::7,Sarong/7_1.tif,1.25,0.34883398317739645,0.22583388774427068,0.22334081347128359,0.20199131560704903
147,1470,Sarong,Sarong::7,Sarong/7_1.tif,1.5,0.34883398317739645,0.22583388774427068,0.22334081347128359,0.20199131560704903
147,1470,Sarong,Sarong::7,Sarong/7_1.tif,2,0.34883398317739645,0.22583388774427068,0.22334081347128359,0.20199131560704903
147,1470,Sarong,Sarong::7,Sarong/7_1.tif,2.5,0.34883398317739645,0.22583388774427068,0.22334081347128359,0.20199131560704903
147,1470,Sarong,Sarong::7,Sarong/7_1.tif,3,0.34883398317739645,0.22583388774427068,0.22334081347128359,0.20199131560704903
148,1480,Sarong,Sarong::8,Sarong/8_1.tif,1,0.32240044860565942,0.26767599259495528,0.23835356143315059,0.17156999736623471
148,1480,Sarong,Sarong::8,Sarong/8_1.tif,1.1000000000000001,0.32240044860565942,0.26767599259495528,0.23835356143315059,0.17156999736623471
148,1480,Sarong,Sarong::8,Sarong/8_1.tif,1.25,0.32240044860565942,0.26767599259495528,0.23835356143315059,0.17156999736623471
148,1480,Sarong,Sarong::8,Sarong/8_1.tif,1.5,0.32240044860565942,0.26767599259495528,0.23835356143315059,0.17156999736623471
148,1480,Sarong,Sarong::8,Sarong/8_1.tif,2,0.32240044860565942,0.26767599259495528,0.23835356143315059,0.17156999736623471
148,1480,Sarong,Sarong::8,Sarong/8_1.tif,2.5,0.32240044860565942,0.26767599259495528,0.23835356143315059,0.17156999736623471
148,1480,Sarong,Sarong::8,Sarong/8_1.tif,3,0.32240044860565942,0.26767599259495528,0.23835356143315059,0.17156999736623471
149,1490,Sarong,Sarong::9,Sarong/9_1.tif,1,0.27743247003973476,0.28599408497163298,0.24330554049515082,0.19326790449348155
149,1490,Sarong,Sarong::9,Sarong/9_1.tif,1.1000000000000001,0.27743247003973476,0.28599408497163298,0.24330554049515082,0.19326790449348155
149,1490,Sarong,Sarong::9,Sarong/9_1.tif,1.25,0.27743247003973476,0.28599408497163298,0.24330554049515082,0.19326790449348155
149,1490,Sarong,Sarong::9,Sarong/9_1.tif,1.5,0.27743247003973476,0.28599408497163298,0.24330554049515082,0.19326790449348155
149,1490,Sarong,Sarong::9,Sarong/9_1.tif,2,0.27743247003973476,0.28599408497163298,0.24330554049515082,0.19326790449348155
149,1490,Sarong,Sarong::9,Sarong/9_1.tif,2.5,0.27743247003973476,0.28599408497163298,0.24330554049515082,0.19326790449348155
149,1490,Sarong,Sarong::9,Sarong/9_1.tif,3,0.27743247003973476,0.28599408497163298,0.24330554049515082,0.19326790449348155
150,1510,Shirt,Shirt::1,Shirt/1_1.tif,1,0.20674526784054389,0.29519303624098425,0.29655887693888627,0.20150281897958552
150,1510,Shirt,Shirt::1,Shirt/1_1.tif,1.1000000000000001,0.20674526784054389,0.29519303624098425,0.29655887693888627,0.20150281897958552
150,1510,Shirt,Shirt::1,Shirt/1_1.tif,1.25,0.20674526784054389,0.29519303624098425,0.29655887693888627,0.20150281897958552
150,1510,Shirt,Shirt::1,Shirt/1_1.tif,1.5,0.20674526784054389,0.29519303624098425,0.29655887693888627,0.20150281897958552
150,1510,Shirt,Shirt::1,Shirt/1_1.tif,2,0.20674526784054389,0.29519303624098425,0.29655887693888627,0.20150281897958552
150,1510,Shirt,Shirt::1,Shirt/1_1.tif,2.5,0.20674526784054389,0.29519303624098425,0.29655887693888627,0.20150281897958552
150,1510,Shirt,Shirt::1,Shirt/1_1.tif,3,0.20674526784054389,0.29519303624098425,0.29655887693888627,0.20150281897958552
151,1500,Shirt,Shirt::10,Shirt/10_1.tif,1,0.2600896722229758,0.31032525709732228,0.25562483809277797,0.17396023258692414
151,1500,Shirt,Shirt::10,Shirt/10_1.tif,1.1000000000000001,0.2600896722229758,0.31032525709732228,0.25562483809277797,0.17396023258692414
151,1500,Shirt,Shirt::10,Shirt/10_1.tif,1.25,0.2600896722229758,0.31032525709732228,0.25562483809277797,0.17396023258692414
151,1500,Shirt,Shirt::10,Shirt/10_1.tif,1.5,0.2600896722229758,0.31032525709732228,0.25562483809277797,0.17396023258692414
151,1500,Shirt,Shirt::10,Shirt/10_1.tif,2,0.2600896722229758,0.31032525709732228,0.25562483809277797,0.17396023258692414
151,1500,Shirt,Shirt::10,Shirt/10_1.tif,2.5,0.2600896722229758,0.31032525709732228,0.25562483809277797,0.17396023258692414
151,1500,Shirt,Shirt::10,Shirt/10_1.tif,3,0.2600896722229758,0.31032525709732228,0.25562483809277797,0.17396023258692414
152,1520,Shirt,Shirt::2,Shirt/2_1.tif,1,0.16763232950438664,0.30523119455644887,0.32341450431660679,0.20372197162255781
152,1520,Shirt,Shirt::2,Shirt/2_1.tif,1.1000000000000001,0.16763232950438664,0.30523119455644887,0.32341450431660679,0.20372197162255781
152,1520,Shirt,Shirt::2,Shirt/2_1.tif,1.25,0.16763232950438664,0.30523119455644887,0.32341450431660679,0.20372197162255781
152,1520,Shirt,Shirt::2,Shirt/2_1.tif,1.5,0.16763232950438664,0.30523119455644887,0.32341450431660679,0.20372197162255781
152,1520,Shirt,Shirt::2,Shirt/2_1.tif,2,0.16763232950438664,0.30523119455644887,0.32341450431660679,0.20372197162255781
152,1520,Shirt,Shirt::2,Shirt/2_1.tif,2.5,0.16763232950438664,0.30523119455644887,0.32341450431660679,0.20372197162255781
152,1520,Shirt,Shirt::2,Shirt/2_1.tif,3,0.16763232950438664,0.30523119455644887,0.32341450431660679,0.20372197162255781
153,1530,Shirt,Shirt::3,Shirt/3-10.tif,1,0.18956278534922802,0.29264494116538459,0.2933359954202413,0.2244562780651459
153,1530,Shirt,Shirt::3,Shirt/3-10.tif,1.1000000000000001,0.18956278534922802,0.29264494116538459,0.2933359954202413,0.2244562780651459
153,1530,Shirt,Shirt::3,Shirt/3-10.tif,1.25,0.18956278534922802,0.29264494116538459,0.2933359954202413,0.2244562780651459
153,1530,Shirt,Shirt::3,Shirt/3-10.tif,1.5,0.18956278534922802,0.29264494116538459,0.2933359954202413,0.2244562780651459
153,1530,Shirt,Shirt::3,Shirt/3-10.tif,2,0.18956278534922802,0.29264494116538459,0.2933359954202413,0.2244562780651459
153,1530,Shirt,Shirt::3,Shirt/3-10.tif,2.5,0.18956278534922802,0.29264494116538459,0.2933359954202413,0.2244562780651459
153,1530,Shirt,Shirt::3,Shirt/3-10.tif,3,0.18956278534922802,0.29264494116538459,0.2933359954202413,0.2244562780651459
154,1540,Shirt,Shirt::4,Shirt/4_1.tif,1,0.24465794476671279,0.27786978767177511,0.2972210297918611,0.18025123776965099
154,1540,Shirt,Shirt::4,Shirt/4_1.tif,1.1000000000000001,0.24465794476671279,0.27786978767177511,0.2972210297918611,0.18025123776965099
154,1540,Shirt,Shirt::4,Shirt/4_1.tif,1.25,0.24465794476671279,0.27786978767177511,0.2972210297918611,0.18025123776965099
154,1540,Shirt,Shirt::4,Shirt/4_1.tif,1.5,0.24465794476671279,0.27786978767177511,0.2972210297918611,0.18025123776965099
154,1540,Shirt,Shirt::4,Shirt/4_1.tif,2,0.24465794476671279,0.27786978767177511,0.2972210297918611,0.18025123776965099
154,1540,Shirt,Shirt::4,Shirt/4_1.tif,2.5,0.24465794476671279,0.27786978767177511,0.2972210297918611,0.18025123776965099
154,1540,Shirt,Shirt::4,Shirt/4_1.tif,3,0.24465794476671279,0.27786978767177511,0.2972210297918611,0.18025123776965099
155,1550,Shirt,Shirt::5,Shirt/5_1.tif,1,0.24161270243927213,0.31474391450546663,0.25306713884684984,0.19057624420841121
155,1550,Shirt,Shirt::5,Shirt/5_1.tif,1.1000000000000001,0.24161270243927213,0.31474391450546663,0.25306713884684984,0.19057624420841121
155,1550,Shirt,Shirt::5,Shirt/5_1.tif,1.25,0.24161270243927213,0.31474391450546663,0.25306713884684984,0.19057624420841121
155,1550,Shirt,Shirt::5,Shirt/5_1.tif,1.5,0.24161270243927213,0.31474391450546663,0.25306713884684984,0.19057624420841121
155,1550,Shirt,Shirt::5,Shirt/5_1.tif,2,0.24161270243927213,0.31474391450546663,0.25306713884684984,0.19057624420841121
155,1550,Shirt,Shirt::5,Shirt/5_1.tif,2.5,0.24161270243927213,0.31474391450546663,0.25306713884684984,0.19057624420841121
155,1550,Shirt,Shirt::5,Shirt/5_1.tif,3,0.24161270243927213,0.31474391450546663,0.25306713884684984,0.19057624420841121
156,1560,Shirt,Shirt::6,Shirt/6_1.tif,1,0.19265523732252129,0.26597371043825546,0.28884243308065044,0.25252861915857266
156,1560,Shirt,Shirt::6,Shirt/6_1.tif,1.1000000000000001,0.19265523732252129,0.26597371043825546,0.28884243308065044,0.25252861915857266
156,1560,Shirt,Shirt::6,Shirt/6_1.tif,1.25,0.19265523732252129,0.26597371043825546,0.28884243308065044,0.25252861915857266
156,1560,Shirt,Shirt::6,Shirt/6_1.tif,1.5,0.19265523732252129,0.26597371043825546,0.28884243308065044,0.25252861915857266
156,1560,Shirt,Shirt::6,Shirt/6_1.tif,2,0.19265523732252129,0.26597371043825546,0.28884243308065044,0.25252861915857266
156,1560,Shirt,Shirt::6,Shirt/6_1.tif,2.5,0.19265523732252129,0.26597371043825546,0.28884243308065044,0.25252861915857266
156,1560,Shirt,Shirt::6,Shirt/6_1.tif,3,0.19265523732252129,0.26597371043825546,0.28884243308065044,0.25252861915857266
157,1570,Shirt,Shirt::7,Shirt/7_1.tif,1,0.21092527600816152,0.24795931197488152,0.30522802223638906,0.23588738978056789
157,1570,Shirt,Shirt::7,Shirt/7_1.tif,1.1000000000000001,0.21092527600816152,0.24795931197488152,0.30522802223638906,0.23588738978056789
157,1570,Shirt,Shirt::7,Shirt/7_1.tif,1.25,0.21092527600816152,0.24795931197488152,0.30522802223638906,0.23588738978056789
157,1570,Shirt,Shirt::7,Shirt/7_1.tif,1.5,0.21092527600816152,0.24795931197488152,0.30522802223638906,0.23588738978056789
157,1570,Shirt,Shirt::7,Shirt/7_1.tif,2,0.21092527600816152,0.24795931197488152,0.30522802223638906,0.23588738978056789
157,1570,Shirt,Shirt::7,Shirt/7_1.tif,2.5,0.21092527600816152,0.24795931197488152,0.30522802223638906,0.23588738978056789
157,1570,Shirt,Shirt::7,Shirt/7_1.tif,3,0.21092527600816152,0.24795931197488152,0.30522802223638906,0.23588738978056789
158,1580,Shirt,Shirt::8,Shirt/8_1.tif,1,0.25999550036583319,0.33316449838569479,0.26376731862221614,0.14307268262625575
158,1580,Shirt,Shirt::8,Shirt/8_1.tif,1.1000000000000001,0.25999550036583319,0.33316449838569479,0.26376731862221614,0.14307268262625575
158,1580,Shirt,Shirt::8,Shirt/8_1.tif,1.25,0.25999550036583319,0.33316449838569479,0.26376731862221614,0.14307268262625575
158,1580,Shirt,Shirt::8,Shirt/8_1.tif,1.5,0.25999550036583319,0.33316449838569479,0.26376731862221614,0.14307268262625575
158,1580,Shirt,Shirt::8,Shirt/8_1.tif,2,0.25999550036583319,0.33316449838569479,0.26376731862221614,0.14307268262625575
158,1580,Shirt,Shirt::8,Shirt/8_1.tif,2.5,0.25999550036583319,0.33316449838569479,0.26376731862221614,0.14307268262625575
158,1580,Shirt,Shirt::8,Shirt/8_1.tif,3,0.25999550036583319,0.33316449838569479,0.26376731862221614,0.14307268262625575
159,1590,Shirt,Shirt::9,Shirt/9_1.tif,1,0.23462946204641308,0.36817175318708256,0.26800958892782878,0.12918919583867555
159,1590,Shirt,Shirt::9,Shirt/9_1.tif,1.1000000000000001,0.23462946204641308,0.36817175318708256,0.26800958892782878,0.12918919583867555
159,1590,Shirt,Shirt::9,Shirt/9_1.tif,1.25,0.23462946204641308,0.36817175318708256,0.26800958892782878,0.12918919583867555
159,1590,Shirt,Shirt::9,Shirt/9_1.tif,1.5,0.23462946204641308,0.36817175318708256,0.26800958892782878,0.12918919583867555
159,1590,Shirt,Shirt::9,Shirt/9_1.tif,2,0.23462946204641308,0.36817175318708256,0.26800958892782878,0.12918919583867555
159,1590,Shirt,Shirt::9,Shirt/9_1.tif,2.5,0.23462946204641308,0.36817175318708256,0.26800958892782878,0.12918919583867555
159,1590,Shirt,Shirt::9,Shirt/9_1.tif,3,0.23462946204641308,0.36817175318708256,0.26800958892782878,0.12918919583867555
160,1600,Skinny,Skinny::1,Skinny/1-1.tif,1,0.17501828896825802,0.29645215378133077,0.28977012901711524,0.23875942823329591
160,1600,Skinny,Skinny::1,Skinny/1-1.tif,1.1000000000000001,0.17501828896825802,0.29645215378133077,0.28977012901711524,0.23875942823329591
160,1600,Skinny,Skinny::1,Skinny/1-1.tif,1.25,0.17501828896825802,0.29645215378133077,0.28977012901711524,0.23875942823329591
160,1600,Skinny,Skinny::1,Skinny/1-1.tif,1.5,0.17501828896825802,0.29645215378133077,0.28977012901711524,0.23875942823329591
160,1600,Skinny,Skinny::1,Skinny/1-1.tif,2,0.17501828896825802,0.29645215378133077,0.28977012901711524,0.23875942823329591
160,1600,Skinny,Skinny::1,Skinny/1-1.tif,2.5,0.17501828896825802,0.29645215378133077,0.28977012901711524,0.23875942823329591
160,1600,Skinny,Skinny::1,Skinny/1-1.tif,3,0.17501828896825802,0.29645215378133077,0.28977012901711524,0.23875942823329591
161,1610,Skinny,Skinny::10,Skinny/10-1.tif,1,0.22593268587483631,0.22279224624772978,0.31451183856678866,0.23676322931064525
161,1610,Skinny,Skinny::10,Skinny/10-1.tif,1.1000000000000001,0.22593268587483631,0.22279224624772978,0.31451183856678866,0.23676322931064525
161,1610,Skinny,Skinny::10,Skinny/10-1.tif,1.25,0.22593268587483631,0.22279224624772978,0.31451183856678866,0.23676322931064525
161,1610,Skinny,Skinny::10,Skinny/10-1.tif,1.5,0.22593268587483631,0.22279224624772978,0.31451183856678866,0.23676322931064525
161,1610,Skinny,Skinny::10,Skinny/10-1.tif,2,0.22593268587483631,0.22279224624772978,0.31451183856678866,0.23676322931064525
161,1610,Skinny,Skinny::10,Skinny/10-1.tif,2.5,0.22593268587483631,0.22279224624772978,0.31451183856678866,0.23676322931064525
161,1610,Skinny,Skinny::10,Skinny/10-1.tif,3,0.22593268587483631,0.22279224624772978,0.31451183856678866,0.23676322931064525
162,1620,Skinny,Skinny::2,Skinny/2-1.tif,1,0.21938588985787599,0.31027104796099941,0.23872665863488113,0.23161640354624327
162,1620,Skinny,Skinny::2,Skinny/2-1.tif,1.1000000000000001,0.21938588985787599,0.31027104796099941,0.23872665863488113,0.23161640354624327
162,1620,Skinny,Skinny::2,Skinny/2-1.tif,1.25,0.21938588985787599,0.31027104796099941,0.23872665863488113,0.23161640354624327
162,1620,Skinny,Skinny::2,Skinny/2-1.tif,1.5,0.21938588985787599,0.31027104796099941,0.23872665863488113,0.23161640354624327
162,1620,Skinny,Skinny::2,Skinny/2-1.tif,2,0.21938588985787599,0.31027104796099941,0.23872665863488113,0.23161640354624327
162,1620,Skinny,Skinny::2,Skinny/2-1.tif,2.5,0.21938588985787599,0.31027104796099941,0.23872665863488113,0.23161640354624327
162,1620,Skinny,Skinny::2,Skinny/2-1.tif,3,0.21938588985787599,0.31027104796099941,0.23872665863488113,0.23161640354624327
163,1630,Skinny,Skinny::3,Skinny/3-1.tif,1,0.23744245993184429,0.30770493251966968,0.22243881457017634,0.23241379297830969
163,1630,Skinny,Skinny::3,Skinny/3-1.tif,1.1000000000000001,0.23744245993184429,0.30770493251966968,0.22243881457017634,0.23241379297830969
163,1630,Skinny,Skinny::3,Skinny/3-1.tif,1.25,0.23744245993184429,0.30770493251966968,0.22243881457017634,0.23241379297830969
163,1630,Skinny,Skinny::3,Skinny/3-1.tif,1.5,0.23744245993184429,0.30770493251966968,0.22243881457017634,0.23241379297830969
163,1630,Skinny,Skinny::3,Skinny/3-1.tif,2,0.23744245993184429,0.30770493251966968,0.22243881457017634,0.23241379297830969
163,1630,Skinny,Skinny::3,Skinny/3-1.tif,2.5,0.23744245993184429,0.30770493251966968,0.22243881457017634,0.23241379297830969
163,1630,Skinny,Skinny::3,Skinny/3-1.tif,3,0.23744245993184429,0.30770493251966968,0.22243881457017634,0.23241379297830969
164,1640,Skinny,Skinny::4,Skinny/4-1.tif,1,0.28141355505977916,0.2489057123428996,0.27916607692490597,0.19051465567241541
164,1640,Skinny,Skinny::4,Skinny/4-1.tif,1.1000000000000001,0.28141355505977916,0.2489057123428996,0.27916607692490597,0.19051465567241541
164,1640,Skinny,Skinny::4,Skinny/4-1.tif,1.25,0.28141355505977916,0.2489057123428996,0.27916607692490597,0.19051465567241541
164,1640,Skinny,Skinny::4,Skinny/4-1.tif,1.5,0.28141355505977916,0.2489057123428996,0.27916607692490597,0.19051465567241541
164,1640,Skinny,Skinny::4,Skinny/4-1.tif,2,0.28141355505977916,0.2489057123428996,0.27916607692490597,0.19051465567241541
164,1640,Skinny,Skinny::4,Skinny/4-1.tif,2.5,0.28141355505977916,0.2489057123428996,0.27916607692490597,0.19051465567241541
164,1640,Skinny,Skinny::4,Skinny/4-1.tif,3,0.28141355505977916,0.2489057123428996,0.27916607692490597,0.19051465567241541
165,1650,Skinny,Skinny::5,Skinny/5-1.tif,1,0.27341175119710087,0.35272846162081767,0.23574980077992844,0.13810998640215291
165,1650,Skinny,Skinny::5,Skinny/5-1.tif,1.1000000000000001,0.27341175119710087,0.35272846162081767,0.23574980077992844,0.13810998640215291
165,1650,Skinny,Skinny::5,Skinny/5-1.tif,1.25,0.27341175119710087,0.35272846162081767,0.23574980077992844,0.13810998640215291
165,1650,Skinny,Skinny::5,Skinny/5-1.tif,1.5,0.27341175119710087,0.35272846162081767,0.23574980077992844,0.13810998640215291
165,1650,Skinny,Skinny::5,Skinny/5-1.tif,2,0.27341175119710087,0.35272846162081767,0.23574980077992844,0.13810998640215291
165,1650,Skinny,Skinny::5,Skinny/5-1.tif,2.5,0.27341175119710087,0.35272846162081767,0.23574980077992844,0.13810998640215291
165,1650,Skinny,Skinny::5,Skinny/5-1.tif,3,0.27341175119710087,0.35272846162081767,0.23574980077992844,0.13810998640215291
166,1660,Skinny,Skinny::6,Skinny/6-1.tif,1,0.20449135177905259,0.30460165336565004,0.28351412968338652,0.20739286517191111
166,1660,Skinny,Skinny::6,Skinny/6-1.tif,1.1000000000000001,0.20449135177905259,0.30460165336565004,0.28351412968338652,0.20739286517191111
166,1660,Skinny,Skinny::6,Skinny/6-1.tif,1.25,0.20449135177905259,0.30460165336565004,0.28351412968338652,0.20739286517191111
166,1660,Skinny,Skinny::6,Skinny/6-1.tif,1.5,0.20449135177905259,0.30460165336565004,0.28351412968338652,0.20739286517191111
166,1660,Skinny,Skinny::6,Skinny/6-1.tif,2,0.20449135177905259,0.30460165336565004,0.28351412968338652,0.20739286517191111
166,1660,Skinny,Skinny::6,Skinny/6-1.tif,2.5,0.20449135177905259,0.30460165336565004,0.28351412968338652,0.20739286517191111
166,1660,Skinny,Skinny::6,Skinny/6-1.tif,3,0.20449135177905259,0.30460165336565004,0.28351412968338652,0.20739286517191111
167,1670,Skinny,Skinny::7,Skinny/7-1.tif,1,0.22713903050634662,0.32712159658101886,0.2895693701827623,0.15617000272987216
167,1670,Skinny,Skinny::7,Skinny/7-1.tif,1.1000000000000001,0.22713903050634662,0.32712159658101886,0.2895693701827623,0.15617000272987216
167,1670,Skinny,Skinny::7,Skinny/7-1.tif,1.25,0.22713903050634662,0.32712159658101886,0.2895693701827623,0.15617000272987216
167,1670,Skinny,Skinny::7,Skinny/7-1.tif,1.5,0.22713903050634662,0.32712159658101886,0.2895693701827623,0.15617000272987216
167,1670,Skinny,Skinny::7,Skinny/7-1.tif,2,0.22713903050634662,0.32712159658101886,0.2895693701827623,0.15617000272987216
167,1670,Skinny,Skinny::7,Skinny/7-1.tif,2.5,0.22713903050634662,0.32712159658101886,0.2895693701827623,0.15617000272987216
167,1670,Skinny,Skinny::7,Skinny/7-1.tif,3,0.22713903050634662,0.32712159658101886,0.2895693701827623,0.15617000272987216
168,1680,Skinny,Skinny::8,Skinny/8-1.tif,1,0.2364607302043579,0.26929245024038639,0.29678056063517788,0.19746625892007805
168,1680,Skinny,Skinny::8,Skinny/8-1.tif,1.1000000000000001,0.2364607302043579,0.26929245024038639,0.29678056063517788,0.19746625892007805
168,1680,Skinny,Skinny::8,Skinny/8-1.tif,1.25,0.2364607302043579,0.26929245024038639,0.29678056063517788,0.19746625892007805
168,1680,Skinny,Skinny::8,Skinny/8-1.tif,1.5,0.2364607302043579,0.26929245024038639,0.29678056063517788,0.19746625892007805
168,1680,Skinny,Skinny::8,Skinny/8-1.tif,2,0.2364607302043579,0.26929245024038639,0.29678056063517788,0.19746625892007805
168,1680,Skinny,Skinny::8,Skinny/8-1.tif,2.5,0.2364607302043579,0.26929245024038639,0.29678056063517788,0.19746625892007805
168,1680,Skinny,Skinny::8,Skinny/8-1.tif,3,0.2364607302043579,0.26929245024038639,0.29678056063517788,0.19746625892007805
169,1690,Skinny,Skinny::9,Skinny/9-1.tif,1,0.26321687313224046,0.20534238744742603,0.33809714262921209,0.19334359679112145
169,1690,Skinny,Skinny::9,Skinny/9-1.tif,1.1000000000000001,0.26321687313224046,0.20534238744742603,0.33809714262921209,0.19334359679112145
169,1690,Skinny,Skinny::9,Skinny/9-1.tif,1.25,0.26321687313224046,0.20534238744742603,0.33809714262921209,0.19334359679112145
169,1690,Skinny,Skinny::9,Skinny/9-1.tif,1.5,0.26321687313224046,0.20534238744742603,0.33809714262921209,0.19334359679112145
169,1690,Skinny,Skinny::9,Skinny/9-1.tif,2,0.26321687313224046,0.20534238744742603,0.33809714262921209,0.19334359679112145
169,1690,Skinny,Skinny::9,Skinny/9-1.tif,2.5,0.26321687313224046,0.20534238744742603,0.33809714262921209,0.19334359679112145
169,1690,Skinny,Skinny::9,Skinny/9-1.tif,3,0.26321687313224046,0.20534238744742603,0.33809714262921209,0.19334359679112145
170,1700,Straight,Straight::1,Straight/1-1.tif,1,0.25930339503814226,0.26731523996855083,0.27332319266248656,0.20005817233082046
170,1700,Straight,Straight::1,Straight/1-1.tif,1.1000000000000001,0.25930339503814226,0.26731523996855083,0.27332319266248656,0.20005817233082046
170,1700,Straight,Straight::1,Straight/1-1.tif,1.25,0.25930339503814226,0.26731523996855083,0.27332319266248656,0.20005817233082046
170,1700,Straight,Straight::1,Straight/1-1.tif,1.5,0.25930339503814226,0.26731523996855083,0.27332319266248656,0.20005817233082046
170,1700,Straight,Straight::1,Straight/1-1.tif,2,0.25930339503814226,0.26731523996855083,0.27332319266248656,0.20005817233082046
170,1700,Straight,Straight::1,Straight/1-1.tif,2.5,0.25930339503814226,0.26731523996855083,0.27332319266248656,0.20005817233082046
170,1700,Straight,Straight::1,Straight/1-1.tif,3,0.25930339503814226,0.26731523996855083,0.27332319266248656,0.20005817233082046
171,1710,Straight,Straight::10,Straight/10-1.tif,1,0.27328443531338303,0.22361345729416759,0.25972925716808931,0.24337285022435989
171,1710,Straight,Straight::10,Straight/10-1.tif,1.1000000000000001,0.27328443531338303,0.22361345729416759,0.25972925716808931,0.24337285022435989
171,1710,Straight,Straight::10,Straight/10-1.tif,1.25,0.27328443531338303,0.22361345729416759,0.25972925716808931,0.24337285022435989
171,1710,Straight,Straight::10,Straight/10-1.tif,1.5,0.27328443531338303,0.22361345729416759,0.25972925716808931,0.24337285022435989
171,1710,Straight,Straight::10,Straight/10-1.tif,2,0.27328443531338303,0.22361345729416759,0.25972925716808931,0.24337285022435989
171,1710,Straight,Straight::10,Straight/10-1.tif,2.5,0.27328443531338303,0.22361345729416759,0.25972925716808931,0.24337285022435989
171,1710,Straight,Straight::10,Straight/10-1.tif,3,0.27328443531338303,0.22361345729416759,0.25972925716808931,0.24337285022435989
172,1720,Straight,Straight::2,Straight/2-1.tif,1,0.22713397599010857,0.2720203798205249,0.28470651818692122,0.21613912600244531
172,1720,Straight,Straight::2,Straight/2-1.tif,1.1000000000000001,0.22713397599010857,0.2720203798205249,0.28470651818692122,0.21613912600244531
172,1720,Straight,Straight::2,Straight/2-1.tif,1.25,0.22713397599010857,0.2720203798205249,0.28470651818692122,0.21613912600244531
172,1720,Straight,Straight::2,Straight/2-1.tif,1.5,0.22713397599010857,0.2720203798205249,0.28470651818692122,0.21613912600244531
172,1720,Straight,Straight::2,Straight/2-1.tif,2,0.22713397599010857,0.2720203798205249,0.28470651818692122,0.21613912600244531
172,1720,Straight,Straight::2,Straight/2-1.tif,2.5,0.22713397599010857,0.2720203798205249,0.28470651818692122,0.21613912600244531
172,1720,Straight,Straight::2,Straight/2-1.tif,3,0.22713397599010857,0.2720203798205249,0.28470651818692122,0.21613912600244531
173,1730,Straight,Straight::3,Straight/3-1.tif,1,0.25425432618902249,0.31466974558697164,0.23734414676340071,0.19373178146060496
173,1730,Straight,Straight::3,Straight/3-1.tif,1.1000000000000001,0.25425432618902249,0.31466974558697164,0.23734414676340071,0.19373178146060496
173,1730,Straight,Straight::3,Straight/3-1.tif,1.25,0.25425432618902249,0.31466974558697164,0.23734414676340071,0.19373178146060496
173,1730,Straight,Straight::3,Straight/3-1.tif,1.5,0.25425432618902249,0.31466974558697164,0.23734414676340071,0.19373178146060496
173,1730,Straight,Straight::3,Straight/3-1.tif,2,0.25425432618902249,0.31466974558697164,0.23734414676340071,0.19373178146060496
173,1730,Straight,Straight::3,Straight/3-1.tif,2.5,0.25425432618902249,0.31466974558697164,0.23734414676340071,0.19373178146060496
173,1730,Straight,Straight::3,Straight/3-1.tif,3,0.25425432618902249,0.31466974558697164,0.23734414676340071,0.19373178146060496
174,1740,Straight,Straight::4,Straight/4-1.tif,1,0.23730681631366585,0.26936261863470651,0.29432934480356993,0.19900122024805789
174,1740,Straight,Straight::4,Straight/4-1.tif,1.1000000000000001,0.23730681631366585,0.26936261863470651,0.29432934480356993,0.19900122024805789
174,1740,Straight,Straight::4,Straight/4-1.tif,1.25,0.23730681631366585,0.26936261863470651,0.29432934480356993,0.19900122024805789
174,1740,Straight,Straight::4,Straight/4-1.tif,1.5,0.23730681631366585,0.26936261863470651,0.29432934480356993,0.19900122024805789
174,1740,Straight,Straight::4,Straight/4-1.tif,2,0.23730681631366585,0.26936261863470651,0.29432934480356993,0.19900122024805789
174,1740,Straight,Straight::4,Straight/4-1.tif,2.5,0.23730681631366585,0.26936261863470651,0.29432934480356993,0.19900122024805789
174,1740,Straight,Straight::4,Straight/4-1.tif,3,0.23730681631366585,0.26936261863470651,0.29432934480356993,0.19900122024805789
175,1750,Straight,Straight::5,Straight/5-1.tif,1,0.22247724360318069,0.26482313674527619,0.29007869592478908,0.2226209237267541
175,1750,Straight,Straight::5,Straight/5-1.tif,1.1000000000000001,0.22247724360318069,0.26482313674527619,0.29007869592478908,0.2226209237267541
175,1750,Straight,Straight::5,Straight/5-1.tif,1.25,0.22247724360318069,0.26482313674527619,0.29007869592478908,0.2226209237267541
175,1750,Straight,Straight::5,Straight/5-1.tif,1.5,0.22247724360318069,0.26482313674527619,0.29007869592478908,0.2226209237267541
175,1750,Straight,Straight::5,Straight/5-1.tif,2,0.22247724360318069,0.26482313674527619,0.29007869592478908,0.2226209237267541
175,1750,Straight,Straight::5,Straight/5-1.tif,2.5,0.22247724360318069,0.26482313674527619,0.29007869592478908,0.2226209237267541
175,1750,Straight,Straight::5,Straight/5-1.tif,3,0.22247724360318069,0.26482313674527619,0.29007869592478908,0.2226209237267541
176,1760,Straight,Straight::6,Straight/6-1.tif,1,0.22395259719550997,0.27888269917296266,0.3088990766859806,0.18826562694554677
176,1760,Straight,Straight::6,Straight/6-1.tif,1.1000000000000001,0.22395259719550997,0.27888269917296266,0.3088990766859806,0.18826562694554677
176,1760,Straight,Straight::6,Straight/6-1.tif,1.25,0.22395259719550997,0.27888269917296266,0.3088990766859806,0.18826562694554677
176,1760,Straight,Straight::6,Straight/6-1.tif,1.5,0.22395259719550997,0.27888269917296266,0.3088990766859806,0.18826562694554677
176,1760,Straight,Straight::6,Straight/6-1.tif,2,0.22395259719550997,0.27888269917296266,0.3088990766859806,0.18826562694554677
176,1760,Straight,Straight::6,Straight/6-1.tif,2.5,0.22395259719550997,0.27888269917296266,0.3088990766859806,0.18826562694554677
176,1760,Straight,Straight::6,Straight/6-1.tif,3,0.22395259719550997,0.27888269917296266,0.3088990766859806,0.18826562694554677
177,1770,Straight,Straight::7,Straight/7-1.tif,1,0.25029506570421972,0.22852064280109563,0.29693178754442362,0.22425250395026117
177,1770,Straight,Straight::7,Straight/7-1.tif,1.1000000000000001,0.25029506570421972,0.22852064280109563,0.29693178754442362,0.22425250395026117
177,1770,Straight,Straight::7,Straight/7-1.tif,1.25,0.25029506570421972,0.22852064280109563,0.29693178754442362,0.22425250395026117
177,1770,Straight,Straight::7,Straight/7-1.tif,1.5,0.25029506570421972,0.22852064280109563,0.29693178754442362,0.22425250395026117
177,1770,Straight,Straight::7,Straight/7-1.tif,2,0.25029506570421972,0.22852064280109563,0.29693178754442362,0.22425250395026117
177,1770,Straight,Straight::7,Straight/7-1.tif,2.5,0.25029506570421972,0.22852064280109563,0.29693178754442362,0.22425250395026117
177,1770,Straight,Straight::7,Straight/7-1.tif,3,0.25029506570421972,0.22852064280109563,0.29693178754442362,0.22425250395026117
178,1780,Straight,Straight::8,Straight/8-1.tif,1,0.21670304103891347,0.31289494275255542,0.29805808579060827,0.1723439304179227
178,1780,Straight,Straight::8,Straight/8-1.tif,1.1000000000000001,0.21670304103891347,0.31289494275255542,0.29805808579060827,0.1723439304179227
178,1780,Straight,Straight::8,Straight/8-1.tif,1.25,0.21670304103891347,0.31289494275255542,0.29805808579060827,0.1723439304179227
178,1780,Straight,Straight::8,Straight/8-1.tif,1.5,0.21670304103891347,0.31289494275255542,0.29805808579060827,0.1723439304179227
178,1780,Straight,Straight::8,Straight/8-1.tif,2,0.21670304103891347,0.31289494275255542,0.29805808579060827,0.1723439304179227
178,1780,Straight,Straight::8,Straight/8-1.tif,2.5,0.21670304103891347,0.31289494275255542,0.29805808579060827,0.1723439304179227
178,1780,Straight,Straight::8,Straight/8-1.tif,3,0.21670304103891347,0.31289494275255542,0.29805808579060827,0.1723439304179227
179,1790,Straight,Straight::9,Straight/9-1.tif,1,0.26721131631283662,0.25466439182619771,0.26561872146556609,0.21250557039539947
179,1790,Straight,Straight::9,Straight/9-1.tif,1.1000000000000001,0.26721131631283662,0.25466439182619771,0.26561872146556609,0.21250557039539947
179,1790,Straight,Straight::9,Straight/9-1.tif,1.25,0.26721131631283662,0.25466439182619771,0.26561872146556609,0.21250557039539947
179,1790,Straight,Straight::9,Straight/9-1.tif,1.5,0.26721131631283662,0.25466439182619771,0.26561872146556609,0.21250557039539947
179,1790,Straight,Straight::9,Straight/9-1.tif,2,0.26721131631283662,0.25466439182619771,0.26561872146556609,0.21250557039539947
179,1790,Straight,Straight::9,Straight/9-1.tif,2.5,0.26721131631283662,0.25466439182619771,0.26561872146556609,0.21250557039539947
179,1790,Straight,Straight::9,Straight/9-1.tif,3,0.26721131631283662,0.25466439182619771,0.26561872146556609,0.21250557039539947
180,1800,Suit,Suit::1,Suit/1-1.tif,1,0.204002131115365,0.3089268587482234,0.30532050901473401,0.18175050112167759
180,1800,Suit,Suit::1,Suit/1-1.tif,1.1000000000000001,0.204002131115365,0.3089268587482234,0.30532050901473401,0.18175050112167759
180,1800,Suit,Suit::1,Suit/1-1.tif,1.25,0.204002131115365,0.3089268587482234,0.30532050901473401,0.18175050112167759
180,1800,Suit,Suit::1,Suit/1-1.tif,1.5,0.204002131115365,0.3089268587482234,0.30532050901473401,0.18175050112167759
180,1800,Suit,Suit::1,Suit/1-1.tif,2,0.204002131115365,0.3089268587482234,0.30532050901473401,0.18175050112167759
180,1800,Suit,Suit::1,Suit/1-1.tif,2.5,0.204002131115365,0.3089268587482234,0.30532050901473401,0.18175050112167759
180,1800,Suit,Suit::1,Suit/1-1.tif,3,0.204002131115365,0.3089268587482234,0.30532050901473401,0.18175050112167759
181,1810,Suit,Suit::10,Suit/10-1.tif,1,0.25382711256819129,0.30356749253725046,0.25146927650590534,0.1911361183886528
181,1810,Suit,Suit::10,Suit/10-1.tif,1.1000000000000001,0.25382711256819129,0.30356749253725046,0.25146927650590534,0.1911361183886528
181,1810,Suit,Suit::10,Suit/10-1.tif,1.25,0.25382711256819129,0.30356749253725046,0.25146927650590534,0.1911361183886528
181,1810,Suit,Suit::10,Suit/10-1.tif,1.5,0.25382711256819129,0.30356749253725046,0.25146927650590534,0.1911361183886528
181,1810,Suit,Suit::10,Suit/10-1.tif,2,0.25382711256819129,0.30356749253725046,0.25146927650590534,0.1911361183886528
181,1810,Suit,Suit::10,Suit/10-1.tif,2.5,0.25382711256819129,0.30356749253725046,0.25146927650590534,0.1911361183886528
181,1810,Suit,Suit::10,Suit/10-1.tif,3,0.25382711256819129,0.30356749253725046,0.25146927650590534,0.1911361183886528
182,1820,Suit,Suit::2,Suit/2-1.tif,1,0.21061154840116919,0.27119746145395135,0.26555754569471618,0.25263344445016339
182,1820,Suit,Suit::2,Suit/2-1.tif,1.1000000000000001,0.21061154840116919,0.27119746145395135,0.26555754569471618,0.25263344445016339
182,1820,Suit,Suit::2,Suit/2-1.tif,1.25,0.21061154840116919,0.27119746145395135,0.26555754569471618,0.25263344445016339
182,1820,Suit,Suit::2,Suit/2-1.tif,1.5,0.21061154840116919,0.27119746145395135,0.26555754569471618,0.25263344445016339
182,1820,Suit,Suit::2,Suit/2-1.tif,2,0.21061154840116919,0.27119746145395135,0.26555754569471618,0.25263344445016339
182,1820,Suit,Suit::2,Suit/2-1.tif,2.5,0.21061154840116919,0.27119746145395135,0.26555754569471618,0.25263344445016339
182,1820,Suit,Suit::2,Suit/2-1.tif,3,0.21061154840116919,0.27119746145395135,0.26555754569471618,0.25263344445016339
183,1830,Suit,Suit::3,Suit/3-1.tif,1,0.23590164644925382,0.25025911138957729,0.30578977259926921,0.20804946956189993
183,1830,Suit,Suit::3,Suit/3-1.tif,1.1000000000000001,0.23590164644925382,0.25025911138957729,0.30578977259926921,0.20804946956189993
183,1830,Suit,Suit::3,Suit/3-1.tif,1.25,0.23590164644925382,0.25025911138957729,0.30578977259926921,0.20804946956189993
183,1830,Suit,Suit::3,Suit/3-1.tif,1.5,0.23590164644925382,0.25025911138957729,0.30578977259926921,0.20804946956189993
183,1830,Suit,Suit::3,Suit/3-1.tif,2,0.23590164644925382,0.25025911138957729,0.30578977259926921,0.20804946956189993
183,1830,Suit,Suit::3,Suit/3-1.tif,2.5,0.23590164644925382,0.25025911138957729,0.30578977259926921,0.20804946956189993
183,1830,Suit,Suit::3,Suit/3-1.tif,3,0.23590164644925382,0.25025911138957729,0.30578977259926921,0.20804946956189993
184,1840,Suit,Suit::4,Suit/4-1.tif,1,0.22161219653223257,0.28032421057242091,0.27508076221948624,0.22298283067586028
184,1840,Suit,Suit::4,Suit/4-1.tif,1.1000000000000001,0.22161219653223257,0.28032421057242091,0.27508076221948624,0.22298283067586028
184,1840,Suit,Suit::4,Suit/4-1.tif,1.25,0.22161219653223257,0.28032421057242091,0.27508076221948624,0.22298283067586028
184,1840,Suit,Suit::4,Suit/4-1.tif,1.5,0.22161219653223257,0.28032421057242091,0.27508076221948624,0.22298283067586028
184,1840,Suit,Suit::4,Suit/4-1.tif,2,0.22161219653223257,0.28032421057242091,0.27508076221948624,0.22298283067586028
184,1840,Suit,Suit::4,Suit/4-1.tif,2.5,0.22161219653223257,0.28032421057242091,0.27508076221948624,0.22298283067586028
184,1840,Suit,Suit::4,Suit/4-1.tif,3,0.22161219653223257,0.28032421057242091,0.27508076221948624,0.22298283067586028
185,1850,Suit,Suit::5,Suit/5-1.tif,1,0.20018535305555316,0.29172961192098934,0.32249288672470494,0.18559214829875242
185,1850,Suit,Suit::5,Suit/5-1.tif,1.1000000000000001,0.20018535305555316,0.29172961192098934,0.32249288672470494,0.18559214829875242
185,1850,Suit,Suit::5,Suit/5-1.tif,1.25,0.20018535305555316,0.29172961192098934,0.32249288672470494,0.18559214829875242
185,1850,Suit,Suit::5,Suit/5-1.tif,1.5,0.20018535305555316,0.29172961192098934,0.32249288672470494,0.18559214829875242
185,1850,Suit,Suit::5,Suit/5-1.tif,2,0.20018535305555316,0.29172961192098934,0.32249288672470494,0.18559214829875242
185,1850,Suit,Suit::5,Suit/5-1.tif,2.5,0.20018535305555316,0.29172961192098934,0.32249288672470494,0.18559214829875242
185,1850,Suit,Suit::5,Suit/5-1.tif,3,0.20018535305555316,0.29172961192098934,0.32249288672470494,0.18559214829875242
186,1860,Suit,Suit::6,Suit/6-1.tif,1,0.20280200277328339,0.22136437030304074,0.33721832889367565,0.23861529803000037
186,1860,Suit,Suit::6,Suit/6-1.tif,1.1000000000000001,0.20280200277328339,0.22136437030304074,0.33721832889367565,0.23861529803000037
186,1860,Suit,Suit::6,Suit/6-1.tif,1.25,0.20280200277328339,0.22136437030304074,0.33721832889367565,0.23861529803000037
186,1860,Suit,Suit::6,Suit/6-1.tif,1.5,0.20280200277328339,0.22136437030304074,0.33721832889367565,0.23861529803000037
186,1860,Suit,Suit::6,Suit/6-1.tif,2,0.20280200277328339,0.22136437030304074,0.33721832889367565,0.23861529803000037
186,1860,Suit,Suit::6,Suit/6-1.tif,2.5,0.20280200277328339,0.22136437030304074,0.33721832889367565,0.23861529803000037
186,1860,Suit,Suit::6,Suit/6-1.tif,3,0.20280200277328339,0.22136437030304074,0.33721832889367565,0.23861529803000037
187,1870,Suit,Suit::7,Suit/7-1.tif,1,0.18286085946532429,0.32067779968246629,0.2887960875161843,0.20766525333602498
187,1870,Suit,Suit::7,Suit/7-1.tif,1.1000000000000001,0.18286085946532429,0.32067779968246629,0.2887960875161843,0.20766525333602498
187,1870,Suit,Suit::7,Suit/7-1.tif,1.25,0.18286085946532429,0.32067779968246629,0.2887960875161843,0.20766525333602498
187,1870,Suit,Suit::7,Suit/7-1.tif,1.5,0.18286085946532429,0.32067779968246629,0.2887960875161843,0.20766525333602498
187,1870,Suit,Suit::7,Suit/7-1.tif,2,0.18286085946532429,0.32067779968246629,0.2887960875161843,0.20766525333602498
187,1870,Suit,Suit::7,Suit/7-1.tif,2.5,0.18286085946532429,0.32067779968246629,0.2887960875161843,0.20766525333602498
187,1870,Suit,Suit::7,Suit/7-1.tif,3,0.18286085946532429,0.32067779968246629,0.2887960875161843,0.20766525333602498
188,1880,Suit,Suit::8,Suit/8-1.tif,1,0.22451572884849952,0.27915661039309836,0.29180716861517181,0.20452049214323023
188,1880,Suit,Suit::8,Suit/8-1.tif,1.1000000000000001,0.22451572884849952,0.27915661039309836,0.29180716861517181,0.20452049214323023
188,1880,Suit,Suit::8,Suit/8-1.tif,1.25,0.22451572884849952,0.27915661039309836,0.29180716861517181,0.20452049214323023
188,1880,Suit,Suit::8,Suit/8-1.tif,1.5,0.22451572884849952,0.27915661039309836,0.29180716861517181,0.20452049214323023
188,1880,Suit,Suit::8,Suit/8-1.tif,2,0.22451572884849952,0.27915661039309836,0.29180716861517181,0.20452049214323023
188,1880,Suit,Suit::8,Suit/8-1.tif,2.5,0.22451572884849952,0.27915661039309836,0.29180716861517181,0.20452049214323023
188,1880,Suit,Suit::8,Suit/8-1.tif,3,0.22451572884849952,0.27915661039309836,0.29180716861517181,0.20452049214323023
189,1890,Suit,Suit::9,Suit/9-1.tif,1,0.20400676285540797,0.24040339151013734,0.25793360978765223,0.29765623584680234
189,1890,Suit,Suit::9,Suit/9-1.tif,1.1000000000000001,0.20400676285540797,0.24040339151013734,0.25793360978765223,0.29765623584680234
189,1890,Suit,Suit::9,Suit/9-1.tif,1.25,0.20400676285540797,0.24040339151013734,0.25793360978765223,0.29765623584680234
189,1890,Suit,Suit::9,Suit/9-1.tif,1.5,0.20400676285540797,0.24040339151013734,0.25793360978765223,0.29765623584680234
189,1890,Suit,Suit::9,Suit/9-1.tif,2,0.20400676285540797,0.24040339151013734,0.25793360978765223,0.29765623584680234
189,1890,Suit,Suit::9,Suit/9-1.tif,2.5,0.20400676285540797,0.24040339151013734,0.25793360978765223,0.29765623584680234
189,1890,Suit,Suit::9,Suit/9-1.tif,3,0.20400676285540797,0.24040339151013734,0.25793360978765223,0.29765623584680234
190,1910,T-shirt,T-shirt::1,T-shirt/1_1.tif,1,0.16657693108810642,0.28334066732029001,0.32120537404459321,0.22887702754701034
190,1910,T-shirt,T-shirt::1,T-shirt/1_1.tif,1.1000000000000001,0.16657693108810642,0.28334066732029001,0.32120537404459321,0.22887702754701034
190,1910,T-shirt,T-shirt::1,T-shirt/1_1.tif,1.25,0.16657693108810642,0.28334066732029001,0.32120537404459321,0.22887702754701034
190,1910,T-shirt,T-shirt::1,T-shirt/1_1.tif,1.5,0.16657693108810642,0.28334066732029001,0.32120537404459321,0.22887702754701034
190,1910,T-shirt,T-shirt::1,T-shirt/1_1.tif,2,0.16657693108810642,0.28334066732029001,0.32120537404459321,0.22887702754701034
190,1910,T-shirt,T-shirt::1,T-shirt/1_1.tif,2.5,0.16657693108810642,0.28334066732029001,0.32120537404459321,0.22887702754701034
190,1910,T-shirt,T-shirt::1,T-shirt/1_1.tif,3,0.16657693108810642,0.28334066732029001,0.32120537404459321,0.22887702754701034
191,1900,T-shirt,T-shirt::10,T-shirt/10_1.tif,1,0.1526443735350376,0.27614252800712735,0.3111134849436607,0.26009961351417449
191,1900,T-shirt,T-shirt::10,T-shirt/10_1.tif,1.1000000000000001,0.1526443735350376,0.27614252800712735,0.3111134849436607,0.26009961351417449
191,1900,T-shirt,T-shirt::10,T-shirt/10_1.tif,1.25,0.1526443735350376,0.27614252800712735,0.3111134849436607,0.26009961351417449
191,1900,T-shirt,T-shirt::10,T-shirt/10_1.tif,1.5,0.1526443735350376,0.27614252800712735,0.3111134849436607,0.26009961351417449
191,1900,T-shirt,T-shirt::10,T-shirt/10_1.tif,2,0.1526443735350376,0.27614252800712735,0.3111134849436607,0.26009961351417449
191,1900,T-shirt,T-shirt::10,T-shirt/10_1.tif,2.5,0.1526443735350376,0.27614252800712735,0.3111134849436607,0.26009961351417449
191,1900,T-shirt,T-shirt::10,T-shirt/10_1.tif,3,0.1526443735350376,0.27614252800712735,0.3111134849436607,0.26009961351417449
192,1920,T-shirt,T-shirt::2,T-shirt/2_1.tif,1,0.20405926055716805,0.2939239300568699,0.29344111137825296,0.20857569800770898
192,1920,T-shirt,T-shirt::2,T-shirt/2_1.tif,1.1000000000000001,0.20405926055716805,0.2939239300568699,0.29344111137825296,0.20857569800770898
192,1920,T-shirt,T-shirt::2,T-shirt/2_1.tif,1.25,0.20405926055716805,0.2939239300568699,0.29344111137825296,0.20857569800770898
192,1920,T-shirt,T-shirt::2,T-shirt/2_1.tif,1.5,0.20405926055716805,0.2939239300568699,0.29344111137825296,0.20857569800770898
192,1920,T-shirt,T-shirt::2,T-shirt/2_1.tif,2,0.20405926055716805,0.2939239300568699,0.29344111137825296,0.20857569800770898
192,1920,T-shirt,T-shirt::2,T-shirt/2_1.tif,2.5,0.20405926055716805,0.2939239300568699,0.29344111137825296,0.20857569800770898
192,1920,T-shirt,T-shirt::2,T-shirt/2_1.tif,3,0.20405926055716805,0.2939239300568699,0.29344111137825296,0.20857569800770898
193,1930,T-shirt,T-shirt::3,T-shirt/3-10.tif,1,0.20817537792958488,0.29729468575642792,0.29177198928726977,0.20275794702671746
193,1930,T-shirt,T-shirt::3,T-shirt/3-10.tif,1.1000000000000001,0.20817537792958488,0.29729468575642792,0.29177198928726977,0.20275794702671746
193,1930,T-shirt,T-shirt::3,T-shirt/3-10.tif,1.25,0.20817537792958488,0.29729468575642792,0.29177198928726977,0.20275794702671746
193,1930,T-shirt,T-shirt::3,T-shirt/3-10.tif,1.5,0.20817537792958488,0.29729468575642792,0.29177198928726977,0.20275794702671746
193,1930,T-shirt,T-shirt::3,T-shirt/3-10.tif,2,0.20817537792958488,0.29729468575642792,0.29177198928726977,0.20275794702671746
193,1930,T-shirt,T-shirt::3,T-shirt/3-10.tif,2.5,0.20817537792958488,0.29729468575642792,0.29177198928726977,0.20275794702671746
193,1930,T-shirt,T-shirt::3,T-shirt/3-10.tif,3,0.20817537792958488,0.29729468575642792,0.29177198928726977,0.20275794702671746
194,1940,T-shirt,T-shirt::4,T-shirt/4_1.tif,1,0.20011669850503344,0.32125879859842954,0.2978248202459165,0.18079968265062074
194,1940,T-shirt,T-shirt::4,T-shirt/4_1.tif,1.1000000000000001,0.20011669850503344,0.32125879859842954,0.2978248202459165,0.18079968265062074
194,1940,T-shirt,T-shirt::4,T-shirt/4_1.tif,1.25,0.20011669850503344,0.32125879859842954,0.2978248202459165,0.18079968265062074
194,1940,T-shirt,T-shirt::4,T-shirt/4_1.tif,1.5,0.20011669850503344,0.32125879859842954,0.2978248202459165,0.18079968265062074
194,1940,T-shirt,T-shirt::4,T-shirt/4_1.tif,2,0.20011669850503344,0.32125879859842954,0.2978248202459165,0.18079968265062074
194,1940,T-shirt,T-shirt::4,T-shirt/4_1.tif,2.5,0.20011669850503344,0.32125879859842954,0.2978248202459165,0.18079968265062074
194,1940,T-shirt,T-shirt::4,T-shirt/4_1.tif,3,0.20011669850503344,0.32125879859842954,0.2978248202459165,0.18079968265062074
195,1950,T-shirt,T-shirt::5,T-shirt/5_1.tif,1,0.15839505155497374,0.30405385280609387,0.33082150581915865,0.2067295898197738
195,1950,T-shirt,T-shirt::5,T-shirt/5_1.tif,1.1000000000000001,0.15839505155497374,0.30405385280609387,0.33082150581915865,0.2067295898197738
195,1950,T-shirt,T-shirt::5,T-shirt/5_1.tif,1.25,0.15839505155497374,0.30405385280609387,0.33082150581915865,0.2067295898197738
195,1950,T-shirt,T-shirt::5,T-shirt/5_1.tif,1.5,0.15839505155497374,0.30405385280609387,0.33082150581915865,0.2067295898197738
195,1950,T-shirt,T-shirt::5,T-shirt/5_1.tif,2,0.15839505155497374,0.30405385280609387,0.33082150581915865,0.2067295898197738
195,1950,T-shirt,T-shirt::5,T-shirt/5_1.tif,2.5,0.15839505155497374,0.30405385280609387,0.33082150581915865,0.2067295898197738
195,1950,T-shirt,T-shirt::5,T-shirt/5_1.tif,3,0.15839505155497374,0.30405385280609387,0.33082150581915865,0.2067295898197738
196,1960,T-shirt,T-shirt::6,T-shirt/6_1.tif,1,0.20170671693313619,0.32094278773642182,0.27644222603791896,0.20090826929252348
196,1960,T-shirt,T-shirt::6,T-shirt/6_1.tif,1.1000000000000001,0.20170671693313619,0.32094278773642182,0.27644222603791896,0.20090826929252348
196,1960,T-shirt,T-shirt::6,T-shirt/6_1.tif,1.25,0.20170671693313619,0.32094278773642182,0.27644222603791896,0.20090826929252348
196,1960,T-shirt,T-shirt::6,T-shirt/6_1.tif,1.5,0.20170671693313619,0.32094278773642182,0.27644222603791896,0.20090826929252348
196,1960,T-shirt,T-shirt::6,T-shirt/6_1.tif,2,0.20170671693313619,0.32094278773642182,0.27644222603791896,0.20090826929252348
196,1960,T-shirt,T-shirt::6,T-shirt/6_1.tif,2.5,0.20170671693313619,0.32094278773642182,0.27644222603791896,0.20090826929252348
196,1960,T-shirt,T-shirt::6,T-shirt/6_1.tif,3,0.20170671693313619,0.32094278773642182,0.27644222603791896,0.20090826929252348
197,1970,T-shirt,T-shirt::7,T-shirt/7_1.tif,1,0.18833092014869598,0.321096336031158,0.2866705816007844,0.20390216221936194
197,1970,T-shirt,T-shirt::7,T-shirt/7_1.tif,1.1000000000000001,0.18833092014869598,0.321096336031158,0.2866705816007844,0.20390216221936194
197,1970,T-shirt,T-shirt::7,T-shirt/7_1.tif,1.25,0.18833092014869598,0.321096336031158,0.2866705816007844,0.20390216221936194
197,1970,T-shirt,T-shirt::7,T-shirt/7_1.tif,1.5,0.18833092014869598,0.321096336031158,0.2866705816007844,0.20390216221936194
197,1970,T-shirt,T-shirt::7,T-shirt/7_1.tif,2,0.18833092014869598,0.321096336031158,0.2866705816007844,0.20390216221936194
197,1970,T-shirt,T-shirt::7,T-shirt/7_1.tif,2.5,0.18833092014869598,0.321096336031158,0.2866705816007844,0.20390216221936194
197,1970,T-shirt,T-shirt::7,T-shirt/7_1.tif,3,0.18833092014869598,0.321096336031158,0.2866705816007844,0.20390216221936194
198,1980,T-shirt,T-shirt::8,T-shirt/8_1.tif,1,0.21569829789989836,0.30247256248206922,0.26747897999597897,0.2143501596220537
198,1980,T-shirt,T-shirt::8,T-shirt/8_1.tif,1.1000000000000001,0.21569829789989836,0.30247256248206922,0.26747897999597897,0.2143501596220537
198,1980,T-shirt,T-shirt::8,T-shirt/8_1.tif,1.25,0.21569829789989836,0.30247256248206922,0.26747897999597897,0.2143501596220537
198,1980,T-shirt,T-shirt::8,T-shirt/8_1.tif,1.5,0.21569829789989836,0.30247256248206922,0.26747897999597897,0.2143501596220537
198,1980,T-shirt,T-shirt::8,T-shirt/8_1.tif,2,0.21569829789989836,0.30247256248206922,0.26747897999597897,0.2143501596220537
198,1980,T-shirt,T-shirt::8,T-shirt/8_1.tif,2.5,0.21569829789989836,0.30247256248206922,0.26747897999597897,0.2143501596220537
198,1980,T-shirt,T-shirt::8,T-shirt/8_1.tif,3,0.21569829789989836,0.30247256248206922,0.26747897999597897,0.2143501596220537
199,1990,T-shirt,T-shirt::9,T-shirt/9_1.tif,1,0.21873823323698985,0.3307746329735724,0.26948351377403268,0.18100362001540493
199,1990,T-shirt,T-shirt::9,T-shirt/9_1.tif,1.1000000000000001,0.21873823323698985,0.3307746329735724,0.26948351377403268,0.18100362001540493
199,1990,T-shirt,T-shirt::9,T-shirt/9_1.tif,1.25,0.21873823323698985,0.3307746329735724,0.26948351377403268,0.18100362001540493
199,1990,T-shirt,T-shirt::9,T-shirt/9_1.tif,1.5,0.21873823323698985,0.3307746329735724,0.26948351377403268,0.18100362001540493
199,1990,T-shirt,T-shirt::9,T-shirt/9_1.tif,2,0.21873823323698985,0.3307746329735724,0.26948351377403268,0.18100362001540493
199,1990,T-shirt,T-shirt::9,T-shirt/9_1.tif,2.5,0.21873823323698985,0.3307746329735724,0.26948351377403268,0.18100362001540493
199,1990,T-shirt,T-shirt::9,T-shirt/9_1.tif,3,0.21873823323698985,0.3307746329735724,0.26948351377403268,0.18100362001540493
200,2010,Tunic,Tunic::1,Tunic/1_1.tif,1,0.19004269333421939,0.29615366236699464,0.27169441684478884,0.24210922745399707
200,2010,Tunic,Tunic::1,Tunic/1_1.tif,1.1000000000000001,0.19004269333421939,0.29615366236699464,0.27169441684478884,0.24210922745399707
200,2010,Tunic,Tunic::1,Tunic/1_1.tif,1.25,0.19004269333421939,0.29615366236699464,0.27169441684478884,0.24210922745399707
200,2010,Tunic,Tunic::1,Tunic/1_1.tif,1.5,0.19004269333421939,0.29615366236699464,0.27169441684478884,0.24210922745399707
200,2010,Tunic,Tunic::1,Tunic/1_1.tif,2,0.19004269333421939,0.29615366236699464,0.27169441684478884,0.24210922745399707
200,2010,Tunic,Tunic::1,Tunic/1_1.tif,2.5,0.19004269333421939,0.29615366236699464,0.27169441684478884,0.24210922745399707
200,2010,Tunic,Tunic::1,Tunic/1_1.tif,3,0.19004269333421939,0.29615366236699464,0.27169441684478884,0.24210922745399707
201,2000,Tunic,Tunic::10,Tunic/10_1.tif,1,0.20514931447190418,0.26661524510632428,0.28717542895160647,0.24106001147016518
201,2000,Tunic,Tunic::10,Tunic/10_1.tif,1.1000000000000001,0.20514931447190418,0.26661524510632428,0.28717542895160647,0.24106001147016518
201,2000,Tunic,Tunic::10,Tunic/10_1.tif,1.25,0.20514931447190418,0.26661524510632428,0.28717542895160647,0.24106001147016518
201,2000,Tunic,Tunic::10,Tunic/10_1.tif,1.5,0.20514931447190418,0.26661524510632428,0.28717542895160647,0.24106001147016518
201,2000,Tunic,Tunic::10,Tunic/10_1.tif,2,0.20514931447190418,0.26661524510632428,0.28717542895160647,0.24106001147016518
201,2000,Tunic,Tunic::10,Tunic/10_1.tif,2.5,0.20514931447190418,0.26661524510632428,0.28717542895160647,0.24106001147016518
201,2000,Tunic,Tunic::10,Tunic/10_1.tif,3,0.20514931447190418,0.26661524510632428,0.28717542895160647,0.24106001147016518
202,2020,Tunic,Tunic::2,Tunic/2_1.tif,1,0.2450116332602538,0.27125963977995377,0.26038009678929869,0.2233486301704935
202,2020,Tunic,Tunic::2,Tunic/2_1.tif,1.1000000000000001,0.2450116332602538,0.27125963977995377,0.26038009678929869,0.2233486301704935
202,2020,Tunic,Tunic::2,Tunic/2_1.tif,1.25,0.2450116332602538,0.27125963977995377,0.26038009678929869,0.2233486301704935
202,2020,Tunic,Tunic::2,Tunic/2_1.tif,1.5,0.2450116332602538,0.27125963977995377,0.26038009678929869,0.2233486301704935
202,2020,Tunic,Tunic::2,Tunic/2_1.tif,2,0.2450116332602538,0.27125963977995377,0.26038009678929869,0.2233486301704935
202,2020,Tunic,Tunic::2,Tunic/2_1.tif,2.5,0.2450116332602538,0.27125963977995377,0.26038009678929869,0.2233486301704935
202,2020,Tunic,Tunic::2,Tunic/2_1.tif,3,0.2450116332602538,0.27125963977995377,0.26038009678929869,0.2233486301704935
203,2030,Tunic,Tunic::3,Tunic/3_1.tif,1,0.2633853028020493,0.29621531018524527,0.28238773953798257,0.15801164747472307
203,2030,Tunic,Tunic::3,Tunic/3_1.tif,1.1000000000000001,0.2633853028020493,0.29621531018524527,0.28238773953798257,0.15801164747472307
203,2030,Tunic,Tunic::3,Tunic/3_1.tif,1.25,0.2633853028020493,0.29621531018524527,0.28238773953798257,0.15801164747472307
203,2030,Tunic,Tunic::3,Tunic/3_1.tif,1.5,0.2633853028020493,0.29621531018524527,0.28238773953798257,0.15801164747472307
203,2030,Tunic,Tunic::3,Tunic/3_1.tif,2,0.2633853028020493,0.29621531018524527,0.28238773953798257,0.15801164747472307
203,2030,Tunic,Tunic::3,Tunic/3_1.tif,2.5,0.2633853028020493,0.29621531018524527,0.28238773953798257,0.15801164747472307
203,2030,Tunic,Tunic::3,Tunic/3_1.tif,3,0.2633853028020493,0.29621531018524527,0.28238773953798257,0.15801164747472307
204,2040,Tunic,Tunic::4,Tunic/4_1.tif,1,0.31297615634528342,0.27603784832438838,0.23463787992262705,0.17634811540770101
204,2040,Tunic,Tunic::4,Tunic/4_1.tif,1.1000000000000001,0.31297615634528342,0.27603784832438838,0.23463787992262705,0.17634811540770101
204,2040,Tunic,Tunic::4,Tunic/4_1.tif,1.25,0.31297615634528342,0.27603784832438838,0.23463787992262705,0.17634811540770101
204,2040,Tunic,Tunic::4,Tunic/4_1.tif,1.5,0.31297615634528342,0.27603784832438838,0.23463787992262705,0.17634811540770101
204,2040,Tunic,Tunic::4,Tunic/4_1.tif,2,0.31297615634528342,0.27603784832438838,0.23463787992262705,0.17634811540770101
204,2040,Tunic,Tunic::4,Tunic/4_1.tif,2.5,0.31297615634528342,0.27603784832438838,0.23463787992262705,0.17634811540770101
204,2040,Tunic,Tunic::4,Tunic/4_1.tif,3,0.31297615634528342,0.27603784832438838,0.23463787992262705,0.17634811540770101
205,2050,Tunic,Tunic::5,Tunic/5_1.tif,1,0.21088412591043398,0.26270862535286182,0.30407992876974455,0.2223273199669597
205,2050,Tunic,Tunic::5,Tunic/5_1.tif,1.1000000000000001,0.21088412591043398,0.26270862535286182,0.30407992876974455,0.2223273199669597
205,2050,Tunic,Tunic::5,Tunic/5_1.tif,1.25,0.21088412591043398,0.26270862535286182,0.30407992876974455,0.2223273199669597
205,2050,Tunic,Tunic::5,Tunic/5_1.tif,1.5,0.21088412591043398,0.26270862535286182,0.30407992876974455,0.2223273199669597
205,2050,Tunic,Tunic::5,Tunic/5_1.tif,2,0.21088412591043398,0.26270862535286182,0.30407992876974455,0.2223273199669597
205,2050,Tunic,Tunic::5,Tunic/5_1.tif,2.5,0.21088412591043398,0.26270862535286182,0.30407992876974455,0.2223273199669597
205,2050,Tunic,Tunic::5,Tunic/5_1.tif,3,0.21088412591043398,0.26270862535286182,0.30407992876974455,0.2223273199669597
206,2060,Tunic,Tunic::6,Tunic/6_1.tif,1,0.34380840993323147,0.20983122940404175,0.26923995363117798,0.17712040703154877
206,2060,Tunic,Tunic::6,Tunic/6_1.tif,1.1000000000000001,0.34380840993323147,0.20983122940404175,0.26923995363117798,0.17712040703154877
206,2060,Tunic,Tunic::6,Tunic/6_1.tif,1.25,0.34380840993323147,0.20983122940404175,0.26923995363117798,0.17712040703154877
206,2060,Tunic,Tunic::6,Tunic/6_1.tif,1.5,0.34380840993323147,0.20983122940404175,0.26923995363117798,0.17712040703154877
206,2060,Tunic,Tunic::6,Tunic/6_1.tif,2,0.34380840993323147,0.20983122940404175,0.26923995363117798,0.17712040703154877
206,2060,Tunic,Tunic::6,Tunic/6_1.tif,2.5,0.34380840993323147,0.20983122940404175,0.26923995363117798,0.17712040703154877
206,2060,Tunic,Tunic::6,Tunic/6_1.tif,3,0.34380840993323147,0.20983122940404175,0.26923995363117798,0.17712040703154877
207,2070,Tunic,Tunic::7,Tunic/7_1.tif,1,0.32569987155583913,0.35278043255755337,0.21064973069086371,0.11086996519574384
207,2070,Tunic,Tunic::7,Tunic/7_1.tif,1.1000000000000001,0.32569987155583913,0.35278043255755337,0.21064973069086371,0.11086996519574384
207,2070,Tunic,Tunic::7,Tunic/7_1.tif,1.25,0.32569987155583913,0.35278043255755337,0.21064973069086371,0.11086996519574384
207,2070,Tunic,Tunic::7,Tunic/7_1.tif,1.5,0.32569987155583913,0.35278043255755337,0.21064973069086371,0.11086996519574384
207,2070,Tunic,Tunic::7,Tunic/7_1.tif,2,0.32569987155583913,0.35278043255755337,0.21064973069086371,0.11086996519574384
207,2070,Tunic,Tunic::7,Tunic/7_1.tif,2.5,0.32569987155583913,0.35278043255755337,0.21064973069086371,0.11086996519574384
207,2070,Tunic,Tunic::7,Tunic/7_1.tif,3,0.32569987155583913,0.35278043255755337,0.21064973069086371,0.11086996519574384
208,2080,Tunic,Tunic::8,Tunic/8_1.tif,1,0.21864789285185193,0.24373373478778515,0.22591492277555369,0.311703449584809
208,2080,Tunic,Tunic::8,Tunic/8_1.tif,1.1000000000000001,0.21864789285185193,0.24373373478778515,0.22591492277555369,0.311703449584809
208,2080,Tunic,Tunic::8,Tunic/8_1.tif,1.25,0.21864789285185193,0.24373373478778515,0.22591492277555369,0.311703449584809
208,2080,Tunic,Tunic::8,Tunic/8_1.tif,1.5,0.21864789285185193,0.24373373478778515,0.22591492277555369,0.311703449584809
208,2080,Tunic,Tunic::8,Tunic/8_1.tif,2,0.21864789285185193,0.24373373478778515,0.22591492277555369,0.311703449584809
208,2080,Tunic,Tunic::8,Tunic/8_1.tif,2.5,0.21864789285185193,0.24373373478778515,0.22591492277555369,0.311703449584809
208,2080,Tunic,Tunic::8,Tunic/8_1.tif,3,0.21864789285185193,0.24373373478778515,0.22591492277555369,0.311703449584809
209,2090,Tunic,Tunic::9,Tunic/9_1.tif,1,0.2687939558952635,0.32187694710978243,0.25058008587506236,0.15874901111989165
209,2090,Tunic,Tunic::9,Tunic/9_1.tif,1.1000000000000001,0.2687939558952635,0.32187694710978243,0.25058008587506236,0.15874901111989165
209,2090,Tunic,Tunic::9,Tunic/9_1.tif,1.25,0.2687939558952635,0.32187694710978243,0.25058008587506236,0.15874901111989165
209,2090,Tunic,Tunic::9,Tunic/9_1.tif,1.5,0.2687939558952635,0.32187694710978243,0.25058008587506236,0.15874901111989165
209,2090,Tunic,Tunic::9,Tunic/9_1.tif,2,0.2687939558952635,0.32187694710978243,0.25058008587506236,0.15874901111989165
209,2090,Tunic,Tunic::9,Tunic/9_1.tif,2.5,0.2687939558952635,0.32187694710978243,0.25058008587506236,0.15874901111989165
209,2090,Tunic,Tunic::9,Tunic/9_1.tif,3,0.2687939558952635,0.32187694710978243,0.25058008587506236,0.15874901111989165
210,2110,Vest,Vest::1,Vest/1_1.tif,1,0.27544487779590082,0.25735696374424205,0.2939656261294587,0.17323253233039843
210,2110,Vest,Vest::1,Vest/1_1.tif,1.1000000000000001,0.27544487779590082,0.25735696374424205,0.2939656261294587,0.17323253233039843
210,2110,Vest,Vest::1,Vest/1_1.tif,1.25,0.27544487779590082,0.25735696374424205,0.2939656261294587,0.17323253233039843
210,2110,Vest,Vest::1,Vest/1_1.tif,1.5,0.27544487779590082,0.25735696374424205,0.2939656261294587,0.17323253233039843
210,2110,Vest,Vest::1,Vest/1_1.tif,2,0.27544487779590082,0.25735696374424205,0.2939656261294587,0.17323253233039843
210,2110,Vest,Vest::1,Vest/1_1.tif,2.5,0.27544487779590082,0.25735696374424205,0.2939656261294587,0.17323253233039843
210,2110,Vest,Vest::1,Vest/1_1.tif,3,0.27544487779590082,0.25735696374424205,0.2939656261294587,0.17323253233039843
211,2100,Vest,Vest::10,Vest/10_1.tif,1,0.22928750275641915,0.31534070286466281,0.28937731953896523,0.16599447483995294
211,2100,Vest,Vest::10,Vest/10_1.tif,1.1000000000000001,0.22928750275641915,0.31534070286466281,0.28937731953896523,0.16599447483995294
211,2100,Vest,Vest::10,Vest/10_1.tif,1.25,0.22928750275641915,0.31534070286466281,0.28937731953896523,0.16599447483995294
211,2100,Vest,Vest::10,Vest/10_1.tif,1.5,0.22928750275641915,0.31534070286466281,0.28937731953896523,0.16599447483995294
211,2100,Vest,Vest::10,Vest/10_1.tif,2,0.22928750275641915,0.31534070286466281,0.28937731953896523,0.16599447483995294
211,2100,Vest,Vest::10,Vest/10_1.tif,2.5,0.22928750275641915,0.31534070286466281,0.28937731953896523,0.16599447483995294
211,2100,Vest,Vest::10,Vest/10_1.tif,3,0.22928750275641915,0.31534070286466281,0.28937731953896523,0.16599447483995294
212,2120,Vest,Vest::2,Vest/2_1.tif,1,0.26951732447109139,0.25697862550082085,0.28052992289671408,0.19297412713137369
212,2120,Vest,Vest::2,Vest/2_1.tif,1.1000000000000001,0.26951732447109139,0.25697862550082085,0.28052992289671408,0.19297412713137369
212,2120,Vest,Vest::2,Vest/2_1.tif,1.25,0.26951732447109139,0.25697862550082085,0.28052992289671408,0.19297412713137369
212,2120,Vest,Vest::2,Vest/2_1.tif,1.5,0.26951732447109139,0.25697862550082085,0.28052992289671408,0.19297412713137369
212,2120,Vest,Vest::2,Vest/2_1.tif,2,0.26951732447109139,0.25697862550082085,0.28052992289671408,0.19297412713137369
212,2120,Vest,Vest::2,Vest/2_1.tif,2.5,0.26951732447109139,0.25697862550082085,0.28052992289671408,0.19297412713137369
212,2120,Vest,Vest::2,Vest/2_1.tif,3,0.26951732447109139,0.25697862550082085,0.28052992289671408,0.19297412713137369
213,2130,Vest,Vest::3,Vest/3_1.tif,1,0.25791180225066246,0.2621414127277098,0.27592475665594735,0.20402202836568023
213,2130,Vest,Vest::3,Vest/3_1.tif,1.1000000000000001,0.25791180225066246,0.2621414127277098,0.27592475665594735,0.20402202836568023
213,2130,Vest,Vest::3,Vest/3_1.tif,1.25,0.25791180225066246,0.2621414127277098,0.27592475665594735,0.20402202836568023
213,2130,Vest,Vest::3,Vest/3_1.tif,1.5,0.25791180225066246,0.2621414127277098,0.27592475665594735,0.20402202836568023
213,2130,Vest,Vest::3,Vest/3_1.tif,2,0.25791180225066246,0.2621414127277098,0.27592475665594735,0.20402202836568023
213,2130,Vest,Vest::3,Vest/3_1.tif,2.5,0.25791180225066246,0.2621414127277098,0.27592475665594735,0.20402202836568023
213,2130,Vest,Vest::3,Vest/3_1.tif,3,0.25791180225066246,0.2621414127277098,0.27592475665594735,0.20402202836568023
214,2140,Vest,Vest::4,Vest/4_1.tif,1,0.20829348782653734,0.27991473601108202,0.30043974910419152,0.21135202705818895
214,2140,Vest,Vest::4,Vest/4_1.tif,1.1000000000000001,0.20829348782653734,0.27991473601108202,0.30043974910419152,0.21135202705818895
214,2140,Vest,Vest::4,Vest/4_1.tif,1.25,0.20829348782653734,0.27991473601108202,0.30043974910419152,0.21135202705818895
214,2140,Vest,Vest::4,Vest/4_1.tif,1.5,0.20829348782653734,0.27991473601108202,0.30043974910419152,0.21135202705818895
214,2140,Vest,Vest::4,Vest/4_1.tif,2,0.20829348782653734,0.27991473601108202,0.30043974910419152,0.21135202705818895
214,2140,Vest,Vest::4,Vest/4_1.tif,2.5,0.20829348782653734,0.27991473601108202,0.30043974910419152,0.21135202705818895
214,2140,Vest,Vest::4,Vest/4_1.tif,3,0.20829348782653734,0.27991473601108202,0.30043974910419152,0.21135202705818895
215,2150,Vest,Vest::5,Vest/5_1.tif,1,0.27226039004882785,0.24312385621638571,0.30455658880158887,0.18005916493319749
215,2150,Vest,Vest::5,Vest/5_1.tif,1.1000000000000001,0.27226039004882785,0.24312385621638571,0.30455658880158887,0.18005916493319749
215,2150,Vest,Vest::5,Vest/5_1.tif,1.25,0.27226039004882785,0.24312385621638571,0.30455658880158887,0.18005916493319749
215,2150,Vest,Vest::5,Vest/5_1.tif,1.5,0.27226039004882785,0.24312385621638571,0.30455658880158887,0.18005916493319749
215,2150,Vest,Vest::5,Vest/5_1.tif,2,0.27226039004882785,0.24312385621638571,0.30455658880158887,0.18005916493319749
215,2150,Vest,Vest::5,Vest/5_1.tif,2.5,0.27226039004882785,0.24312385621638571,0.30455658880158887,0.18005916493319749
215,2150,Vest,Vest::5,Vest/5_1.tif,3,0.27226039004882785,0.24312385621638571,0.30455658880158887,0.18005916493319749
216,2160,Vest,Vest::6,Vest/6_1.tif,1,0.34075203729572823,0.18977859397801344,0.3025985586875955,0.16687081003866286
216,2160,Vest,Vest::6,Vest/6_1.tif,1.1000000000000001,0.34075203729572823,0.18977859397801344,0.3025985586875955,0.16687081003866286
216,2160,Vest,Vest::6,Vest/6_1.tif,1.25,0.34075203729572823,0.18977859397801344,0.3025985586875955,0.16687081003866286
216,2160,Vest,Vest::6,Vest/6_1.tif,1.5,0.34075203729572823,0.18977859397801344,0.3025985586875955,0.16687081003866286
216,2160,Vest,Vest::6,Vest/6_1.tif,2,0.34075203729572823,0.18977859397801344,0.3025985586875955,0.16687081003866286
216,2160,Vest,Vest::6,Vest/6_1.tif,2.5,0.34075203729572823,0.18977859397801344,0.3025985586875955,0.16687081003866286
216,2160,Vest,Vest::6,Vest/6_1.tif,3,0.34075203729572823,0.18977859397801344,0.3025985586875955,0.16687081003866286
217,2170,Vest,Vest::7,Vest/7_1.tif,1,0.2116141453440466,0.25409079317177319,0.28512188831190671,0.24917317317227347
217,2170,Vest,Vest::7,Vest/7_1.tif,1.1000000000000001,0.2116141453440466,0.25409079317177319,0.28512188831190671,0.24917317317227347
217,2170,Vest,Vest::7,Vest/7_1.tif,1.25,0.2116141453440466,0.25409079317177319,0.28512188831190671,0.24917317317227347
217,2170,Vest,Vest::7,Vest/7_1.tif,1.5,0.2116141453440466,0.25409079317177319,0.28512188831190671,0.24917317317227347
217,2170,Vest,Vest::7,Vest/7_1.tif,2,0.2116141453440466,0.25409079317177319,0.28512188831190671,0.24917317317227347
217,2170,Vest,Vest::7,Vest/7_1.tif,2.5,0.2116141453440466,0.25409079317177319,0.28512188831190671,0.24917317317227347
217,2170,Vest,Vest::7,Vest/7_1.tif,3,0.2116141453440466,0.25409079317177319,0.28512188831190671,0.24917317317227347
218,2180,Vest,Vest::8,Vest/8_1.tif,1,0.21712473881415609,0.31063141581050646,0.24250456871623677,0.22973927665910071
218,2180,Vest,Vest::8,Vest/8_1.tif,1.1000000000000001,0.21712473881415609,0.31063141581050646,0.24250456871623677,0.22973927665910071
218,2180,Vest,Vest::8,Vest/8_1.tif,1.25,0.21712473881415609,0.31063141581050646,0.24250456871623677,0.22973927665910071
218,2180,Vest,Vest::8,Vest/8_1.tif,1.5,0.21712473881415609,0.31063141581050646,0.24250456871623677,0.22973927665910071
218,2180,Vest,Vest::8,Vest/8_1.tif,2,0.21712473881415609,0.31063141581050646,0.24250456871623677,0.22973927665910071
218,2180,Vest,Vest::8,Vest/8_1.tif,2.5,0.21712473881415609,0.31063141581050646,0.24250456871623677,0.22973927665910071
218,2180,Vest,Vest::8,Vest/8_1.tif,3,0.21712473881415609,0.31063141581050646,0.24250456871623677,0.22973927665910071
219,2190,Vest,Vest::9,Vest/9_1.tif,1,0.29904043731050678,0.285708314458195,0.26836205445687078,0.14688919377442733
219,2190,Vest,Vest::9,Vest/9_1.tif,1.1000000000000001,0.29904043731050678,0.285708314458195,0.26836205445687078,0.14688919377442733
219,2190,Vest,Vest::9,Vest/9_1.tif,1.25,0.29904043731050678,0.285708314458195,0.26836205445687078,0.14688919377442733
219,2190,Vest,Vest::9,Vest/9_1.tif,1.5,0.29904043731050678,0.285708314458195,0.26836205445687078,0.14688919377442733
219,2190,Vest,Vest::9,Vest/9_1.tif,2,0.29904043731050678,0.285708314458195,0.26836205445687078,0.14688919377442733
219,2190,Vest,Vest::9,Vest/9_1.tif,2.5,0.29904043731050678,0.285708314458195,0.26836205445687078,0.14688919377442733
219,2190,Vest,Vest::9,Vest/9_1.tif,3,0.29904043731050678,0.285708314458195,0.26836205445687078,0.14688919377442733
220,2200,Wide-Leg,Wide-Leg::1,Wide-Leg/1-1.tif,1,0.19112454492480213,0.30911556301101445,0.29604194869724237,0.20371794336694093
220,2200,Wide-Leg,Wide-Leg::1,Wide-Leg/1-1.tif,1.1000000000000001,0.19112454492480213,0.30911556301101445,0.29604194869724237,0.20371794336694093
220,2200,Wide-Leg,Wide-Leg::1,Wide-Leg/1-1.tif,1.25,0.19112454492480213,0.30911556301101445,0.29604194869724237,0.20371794336694093
220,2200,Wide-Leg,Wide-Leg::1,Wide-Leg/1-1.tif,1.5,0.19112454492480213,0.30911556301101445,0.29604194869724237,0.20371794336694093
220,2200,Wide-Leg,Wide-Leg::1,Wide-Leg/1-1.tif,2,0.19112454492480213,0.30911556301101445,0.29604194869724237,0.20371794336694093
220,2200,Wide-Leg,Wide-Leg::1,Wide-Leg/1-1.tif,2.5,0.19112454492480213,0.30911556301101445,0.29604194869724237,0.20371794336694093
220,2200,Wide-Leg,Wide-Leg::1,Wide-Leg/1-1.tif,3,0.19112454492480213,0.30911556301101445,0.29604194869724237,0.20371794336694093
221,2210,Wide-Leg,Wide-Leg::10,Wide-Leg/10-1.tif,1,0.2008900042153052,0.31832723039353822,0.29765785549372109,0.18312490989743557
221,2210,Wide-Leg,Wide-Leg::10,Wide-Leg/10-1.tif,1.1000000000000001,0.2008900042153052,0.31832723039353822,0.29765785549372109,0.18312490989743557
221,2210,Wide-Leg,Wide-Leg::10,Wide-Leg/10-1.tif,1.25,0.2008900042153052,0.31832723039353822,0.29765785549372109,0.18312490989743557
221,2210,Wide-Leg,Wide-Leg::10,Wide-Leg/10-1.tif,1.5,0.2008900042153052,0.31832723039353822,0.29765785549372109,0.18312490989743557
221,2210,Wide-Leg,Wide-Leg::10,Wide-Leg/10-1.tif,2,0.2008900042153052,0.31832723039353822,0.29765785549372109,0.18312490989743557
221,2210,Wide-Leg,Wide-Leg::10,Wide-Leg/10-1.tif,2.5,0.2008900042153052,0.31832723039353822,0.29765785549372109,0.18312490989743557
221,2210,Wide-Leg,Wide-Leg::10,Wide-Leg/10-1.tif,3,0.2008900042153052,0.31832723039353822,0.29765785549372109,0.18312490989743557
222,2220,Wide-Leg,Wide-Leg::2,Wide-Leg/2-1.tif,1,0.23028598800896255,0.29706388989328275,0.27467618917916009,0.19797393291859436
222,2220,Wide-Leg,Wide-Leg::2,Wide-Leg/2-1.tif,1.1000000000000001,0.23028598800896255,0.29706388989328275,0.27467618917916009,0.19797393291859436
222,2220,Wide-Leg,Wide-Leg::2,Wide-Leg/2-1.tif,1.25,0.23028598800896255,0.29706388989328275,0.27467618917916009,0.19797393291859436
222,2220,Wide-Leg,Wide-Leg::2,Wide-Leg/2-1.tif,1.5,0.23028598800896255,0.29706388989328275,0.27467618917916009,0.19797393291859436
222,2220,Wide-Leg,Wide-Leg::2,Wide-Leg/2-1.tif,2,0.23028598800896255,0.29706388989328275,0.27467618917916009,0.19797393291859436
222,2220,Wide-Leg,Wide-Leg::2,Wide-Leg/2-1.tif,2.5,0.23028598800896255,0.29706388989328275,0.27467618917916009,0.19797393291859436
222,2220,Wide-Leg,Wide-Leg::2,Wide-Leg/2-1.tif,3,0.23028598800896255,0.29706388989328275,0.27467618917916009,0.19797393291859436
223,2230,Wide-Leg,Wide-Leg::3,Wide-Leg/3-1.tif,1,0.1908639493058101,0.30285617838459716,0.29051506820640433,0.21576480410318843
223,2230,Wide-Leg,Wide-Leg::3,Wide-Leg/3-1.tif,1.1000000000000001,0.1908639493058101,0.30285617838459716,0.29051506820640433,0.21576480410318843
223,2230,Wide-Leg,Wide-Leg::3,Wide-Leg/3-1.tif,1.25,0.1908639493058101,0.30285617838459716,0.29051506820640433,0.21576480410318843
223,2230,Wide-Leg,Wide-Leg::3,Wide-Leg/3-1.tif,1.5,0.1908639493058101,0.30285617838459716,0.29051506820640433,0.21576480410318843
223,2230,Wide-Leg,Wide-Leg::3,Wide-Leg/3-1.tif,2,0.1908639493058101,0.30285617838459716,0.29051506820640433,0.21576480410318843
223,2230,Wide-Leg,Wide-Leg::3,Wide-Leg/3-1.tif,2.5,0.1908639493058101,0.30285617838459716,0.29051506820640433,0.21576480410318843
223,2230,Wide-Leg,Wide-Leg::3,Wide-Leg/3-1.tif,3,0.1908639493058101,0.30285617838459716,0.29051506820640433,0.21576480410318843
224,2240,Wide-Leg,Wide-Leg::4,Wide-Leg/4-1.tif,1,0.19115298672302236,0.28844784986961247,0.28102865418212186,0.23937050922524353
224,2240,Wide-Leg,Wide-Leg::4,Wide-Leg/4-1.tif,1.1000000000000001,0.19115298672302236,0.28844784986961247,0.28102865418212186,0.23937050922524353
224,2240,Wide-Leg,Wide-Leg::4,Wide-Leg/4-1.tif,1.25,0.19115298672302236,0.28844784986961247,0.28102865418212186,0.23937050922524353
224,2240,Wide-Leg,Wide-Leg::4,Wide-Leg/4-1.tif,1.5,0.19115298672302236,0.28844784986961247,0.28102865418212186,0.23937050922524353
224,2240,Wide-Leg,Wide-Leg::4,Wide-Leg/4-1.tif,2,0.19115298672302236,0.28844784986961247,0.28102865418212186,0.23937050922524353
224,2240,Wide-Leg,Wide-Leg::4,Wide-Leg/4-1.tif,2.5,0.19115298672302236,0.28844784986961247,0.28102865418212186,0.23937050922524353
224,2240,Wide-Leg,Wide-Leg::4,Wide-Leg/4-1.tif,3,0.19115298672302236,0.28844784986961247,0.28102865418212186,0.23937050922524353
225,2250,Wide-Leg,Wide-Leg::5,Wide-Leg/5-1.tif,1,0.20379147394759248,0.24442047468572461,0.33830664591617099,0.213481405450512
225,2250,Wide-Leg,Wide-Leg::5,Wide-Leg/5-1.tif,1.1000000000000001,0.20379147394759248,0.24442047468572461,0.33830664591617099,0.213481405450512
225,2250,Wide-Leg,Wide-Leg::5,Wide-Leg/5-1.tif,1.25,0.20379147394759248,0.24442047468572461,0.33830664591617099,0.213481405450512
225,2250,Wide-Leg,Wide-Leg::5,Wide-Leg/5-1.tif,1.5,0.20379147394759248,0.24442047468572461,0.33830664591617099,0.213481405450512
225,2250,Wide-Leg,Wide-Leg::5,Wide-Leg/5-1.tif,2,0.20379147394759248,0.24442047468572461,0.33830664591617099,0.213481405450512
225,2250,Wide-Leg,Wide-Leg::5,Wide-Leg/5-1.tif,2.5,0.20379147394759248,0.24442047468572461,0.33830664591617099,0.213481405450512
225,2250,Wide-Leg,Wide-Leg::5,Wide-Leg/5-1.tif,3,0.20379147394759248,0.24442047468572461,0.33830664591617099,0.213481405450512
226,2260,Wide-Leg,Wide-Leg::6,Wide-Leg/6-1.tif,1,0.21092983204738508,0.3148885196608226,0.28876304068736675,0.18541860760442561
226,2260,Wide-Leg,Wide-Leg::6,Wide-Leg/6-1.tif,1.1000000000000001,0.21092983204738508,0.3148885196608226,0.28876304068736675,0.18541860760442561
226,2260,Wide-Leg,Wide-Leg::6,Wide-Leg/6-1.tif,1.25,0.21092983204738508,0.3148885196608226,0.28876304068736675,0.18541860760442561
226,2260,Wide-Leg,Wide-Leg::6,Wide-Leg/6-1.tif,1.5,0.21092983204738508,0.3148885196608226,0.28876304068736675,0.18541860760442561
226,2260,Wide-Leg,Wide-Leg::6,Wide-Leg/6-1.tif,2,0.21092983204738508,0.3148885196608226,0.28876304068736675,0.18541860760442561
226,2260,Wide-Leg,Wide-Leg::6,Wide-Leg/6-1.tif,2.5,0.21092983204738508,0.3148885196608226,0.28876304068736675,0.18541860760442561
226,2260,Wide-Leg,Wide-Leg::6,Wide-Leg/6-1.tif,3,0.21092983204738508,0.3148885196608226,0.28876304068736675,0.18541860760442561
227,2270,Wide-Leg,Wide-Leg::7,Wide-Leg/7-1.tif,1,0.24193144358330557,0.30919469577606551,0.26205117789839666,0.18682268274223215
227,2270,Wide-Leg,Wide-Leg::7,Wide-Leg/7-1.tif,1.1000000000000001,0.24193144358330557,0.30919469577606551,0.26205117789839666,0.18682268274223215
227,2270,Wide-Leg,Wide-Leg::7,Wide-Leg/7-1.tif,1.25,0.24193144358330557,0.30919469577606551,0.26205117789839666,0.18682268274223215
227,2270,Wide-Leg,Wide-Leg::7,Wide-Leg/7-1.tif,1.5,0.24193144358330557,0.30919469577606551,0.26205117789839666,0.18682268274223215
227,2270,Wide-Leg,Wide-Leg::7,Wide-Leg/7-1.tif,2,0.24193144358330557,0.30919469577606551,0.26205117789839666,0.18682268274223215
227,2270,Wide-Leg,Wide-Leg::7,Wide-Leg/7-1.tif,2.5,0.24193144358330557,0.30919469577606551,0.26205117789839666,0.18682268274223215
227,2270,Wide-Leg,Wide-Leg::7,Wide-Leg/7-1.tif,3,0.24193144358330557,0.30919469577606551,0.26205117789839666,0.18682268274223215
228,2280,Wide-Leg,Wide-Leg::8,Wide-Leg/8-1.tif,1,0.25425572413948605,0.2742330812819862,0.27861504883384342,0.19289614574468414
228,2280,Wide-Leg,Wide-Leg::8,Wide-Leg/8-1.tif,1.1000000000000001,0.25425572413948605,0.2742330812819862,0.27861504883384342,0.19289614574468414
228,2280,Wide-Leg,Wide-Leg::8,Wide-Leg/8-1.tif,1.25,0.25425572413948605,0.2742330812819862,0.27861504883384342,0.19289614574468414
228,2280,Wide-Leg,Wide-Leg::8,Wide-Leg/8-1.tif,1.5,0.25425572413948605,0.2742330812819862,0.27861504883384342,0.19289614574468414
228,2280,Wide-Leg,Wide-Leg::8,Wide-Leg/8-1.tif,2,0.25425572413948605,0.2742330812819862,0.27861504883384342,0.19289614574468414
228,2280,Wide-Leg,Wide-Leg::8,Wide-Leg/8-1.tif,2.5,0.25425572413948605,0.2742330812819862,0.27861504883384342,0.19289614574468414
228,2280,Wide-Leg,Wide-Leg::8,Wide-Leg/8-1.tif,3,0.25425572413948605,0.2742330812819862,0.27861504883384342,0.19289614574468414
229,2290,Wide-Leg,Wide-Leg::9,Wide-Leg/9-1.tif,1,0.22468614990213409,0.28657339387492337,0.29275524984020984,0.19598520638273273
229,2290,Wide-Leg,Wide-Leg::9,Wide-Leg/9-1.tif,1.1000000000000001,0.22468614990213409,0.28657339387492337,0.29275524984020984,0.19598520638273273
229,2290,Wide-Leg,Wide-Leg::9,Wide-Leg/9-1.tif,1.25,0.22468614990213409,0.28657339387492337,0.29275524984020984,0.19598520638273273
229,2290,Wide-Leg,Wide-Leg::9,Wide-Leg/9-1.tif,1.5,0.22468614990213409,0.28657339387492337,0.29275524984020984,0.19598520638273273
229,2290,Wide-Leg,Wide-Leg::9,Wide-Leg/9-1.tif,2,0.22468614990213409,0.28657339387492337,0.29275524984020984,0.19598520638273273
229,2290,Wide-Leg,Wide-Leg::9,Wide-Leg/9-1.tif,2.5,0.22468614990213409,0.28657339387492337,0.29275524984020984,0.19598520638273273
229,2290,Wide-Leg,Wide-Leg::9,Wide-Leg/9-1.tif,3,0.22468614990213409,0.28657339387492337,0.29275524984020984,0.19598520638273273
