bootstrap,hog_macro_f1,hog_ra14_macro_f1,delta_macro_f1,hog_balanced_accuracy,hog_ra14_balanced_accuracy,delta_balanced_accuracy
1,0.6339678476287867,0.6352028328708199,0.0012349852420332486,0.6514528980958062,0.6530885088618517,0.0016356107660454589
2,0.6289120526797664,0.6315879583412287,0.0026759056614623633,0.6392903111381374,0.6408793380532513,0.001589026915113867
3,0.6257981443084313,0.626514274314778,0.000716130006346738,0.6347676185241392,0.6355215867781076,0.0007539682539683401
4,0.6425675448147786,0.6439894730860719,0.0014219282712932824,0.654041592784843,0.6558186804314959,0.001777087646652964
5,0.6430718873297504,0.6446888145705921,0.0016169272408417257,0.6586138854854346,0.6602182231767287,0.0016043376912940888
6,0.6494347236830541,0.6520020023617267,0.0025672786786725688,0.6610438515107091,0.6634833805806729,0.0024395290699638084
7,0.6457371788064471,0.6446383237665291,-0.001098855039918023,0.6547307777921239,0.6540074069600573,-0.0007233708320665277
8,0.6353749803949292,0.6399863065200634,0.004611326125134152,0.6394175007478743,0.6442363413275844,0.00481884057971016
9,0.6376789920309472,0.6380454791728798,0.0003664871419325477,0.6548008015408453,0.6549388277658281,0.00013802622498282346
10,0.6239968029212765,0.6235759302443163,-0.00042087267696011565,0.6419593928419853,0.6416250713663595,-0.0003343214756258428
11,0.6319207479656066,0.6326049444969696,0.0006841965313629794,0.637372100125862,0.6380427941661211,0.0006706940402591011
12,0.6318171435400949,0.6321145078354986,0.00029736429540372367,0.6494275876848886,0.6499037781610791,0.0004761904761905189
13,0.640819945918973,0.6385837163951632,-0.002236229523809752,0.6408645943428553,0.6389683746205485,-0.0018962197223068022
14,0.6361427733536823,0.6366853317793251,0.0005425584256427696,0.648411074851721,0.6489229663418735,0.0005118914901525162
15,0.6328495428573832,0.6342233854776465,0.0013738426202632992,0.6465334901663901,0.6476345630065934,0.001101072840203332
16,0.6214873516856645,0.6199637609788521,-0.0015235907068124055,0.6392177151494632,0.6376185248660624,-0.001599190283400831
17,0.6515184696086296,0.6523939763826432,0.0008755067740136013,0.6671451670895135,0.6675441883581,0.0003990212685864858
18,0.6171420825802449,0.6222677360129368,0.00512565343269189,0.6298250664562874,0.6347664053106697,0.0049413388543823045
19,0.6099301696690739,0.6102175121207428,0.00028734245166894823,0.6251505489271988,0.6257100371125452,0.0005594881853464573
20,0.6342234102831915,0.6372191763368807,0.0029957660536892305,0.6395328671425883,0.6432673391922776,0.0037344720496893524
21,0.6238309964582424,0.6256127229204866,0.0017817264622442819,0.6371523650105895,0.6396723769679417,0.002520011957352186
22,0.6541141072256557,0.6534609569520595,-0.000653150273596137,0.6617551693063202,0.6617216038379721,-3.3565468348095706e-05
23,0.6524733150444512,0.6509214925640507,-0.0015518224804004221,0.6619000939444972,0.6605479678097624,-0.001352126134734788
24,0.6554240921520929,0.6564492361306928,0.001025143978599985,0.6643729404458718,0.6649231149090897,0.0005501744632179228
25,0.6210610989889254,0.6205504479802846,-0.0005106510086407834,0.6403405065227117,0.6395912919691493,-0.0007492145535623607
26,0.6360760420500273,0.6375347059819724,0.0014586639319450478,0.6430261318100919,0.6443667115202368,0.0013405797101448957
27,0.6459282178185608,0.645219688870717,-0.0007085289478437895,0.6564774061222561,0.6560636780486814,-0.0004137280735747595
28,0.6325692281721814,0.6373077129159354,0.004738484743753935,0.6431779349376369,0.6483374770153375,0.005159542077700641
29,0.6739962382801777,0.672440254120534,-0.001555984159643753,0.6827406792080705,0.6821195611956481,-0.0006211180124223725
30,0.6408756229958494,0.6432851619993255,0.002409539003476069,0.6435254893231236,0.6456111452131273,0.002085655890003757
31,0.6446795965961257,0.6458481342575118,0.0011685376613860265,0.6555441840767928,0.6562481178242049,0.0007039337474120666
32,0.6530984746921485,0.6540494428355869,0.0009509681434383133,0.6602453159230651,0.6616320813315697,0.0013867654085045755
33,0.6264603551101956,0.6286425611383598,0.002182206028164213,0.648316251525351,0.6501647880414066,0.0018485365160556544
34,0.6321387373929042,0.6320515208160143,-8.721657688981477e-05,0.6374664707598962,0.6378680015962097,0.00040153083631355724
35,0.6370437524823648,0.6374823606636474,0.00043860818128260703,0.6461372191118715,0.6462136644057079,7.644529383643572e-05
36,0.6316884040902762,0.6326469339476868,0.0009585298574106282,0.6455994665840237,0.6466340689000906,0.0010346023160668905
37,0.6515291644131087,0.6498088268927656,-0.0017203375203430626,0.6591677142385161,0.6571730784395323,-0.001994635798983735
38,0.6358625620610525,0.6376894843100843,0.0018269222490318038,0.650194221805475,0.6517826163606214,0.0015883945551463663
39,0.6242813981947877,0.6258573684469765,0.0015759702521888075,0.6352649632771223,0.6370633822494545,0.0017984189723321276
40,0.6429802349880138,0.6433795276052655,0.00039929261725168974,0.6555333008492221,0.6563754176695997,0.000842116820377603
41,0.6140757095167736,0.6137666684699683,-0.00030904104680529176,0.6263169382478845,0.6262396654212511,-7.727282663338997e-05
42,0.6162710338566266,0.6182131713425356,0.0019421374859089902,0.6351873101472645,0.6370318424265793,0.0018445322793148033
43,0.6700924665684255,0.6717311834607671,0.0016387168923416295,0.6810039203455232,0.6825289532835996,0.001525032938076487
44,0.621772273292286,0.6206093501503003,-0.0011629231419857389,0.6307832988267772,0.6294014198362025,-0.0013818789905747364
45,0.6333587002575435,0.633916206279734,0.0005575060221905126,0.6478212638530312,0.6480829828104023,0.0002617189573711487
46,0.6425323641503248,0.645039714230481,0.0025073500801562343,0.655959814732196,0.6592500148702222,0.003290200138026167
47,0.668534302446702,0.6688601958397388,0.0003258933930367913,0.6713724478351853,0.6718880554160103,0.0005156075808249172
48,0.6488433409034137,0.6519100966942799,0.003066755790866238,0.6673146903923232,0.6701174431950759,0.0028027528027527726
49,0.6341948120277136,0.6363360121210364,0.002141200093322859,0.6469198952151621,0.6490774840031857,0.0021575887880235234
50,0.6291496656523133,0.6315176796409855,0.0023680139886721463,0.6439396497528033,0.6466242598287176,0.002684610075914362
51,0.6444258535754357,0.6449605955885268,0.0005347420130911162,0.6553798030693979,0.6553649025110192,-1.490055837871651e-05
52,0.6511194510220565,0.6491872629375388,-0.001932188084517672,0.6707458205684749,0.6689007815495229,-0.0018450390189519439
53,0.6557526388260443,0.6589755649842111,0.0032229261581667723,0.6713025567986934,0.6751171661024331,0.003814609303739669
54,0.633530087951613,0.635582278917288,0.0020521909656749937,0.6470487845487846,0.6492672906803342,0.0022185061315496135
55,0.6776080836397689,0.6793535906694202,0.001745507029651372,0.6831687348523612,0.684393186728987,0.0012244518766257872
56,0.5955907885481376,0.5961316329489239,0.0005408444007862778,0.6258511849324715,0.625951519380632,0.00010033444816048842
57,0.6541848376436651,0.6565243635849759,0.002339525941310816,0.6685167179183878,0.670473239657518,0.0019565217391301903
58,0.6429692805186594,0.6437950626622552,0.0008257821435957435,0.6483780195984242,0.6490826410639152,0.0007046214654909955
59,0.615927069299379,0.6156164277897068,-0.00031064150967219373,0.6257717409719697,0.6251816788601685,-0.0005900621118012372
60,0.6139816390698563,0.6149262997690026,0.000944660699146338,0.6471137839616102,0.6483476105215236,0.0012338265599133313
61,0.6459221184935523,0.6464359773289573,0.0005138588354050011,0.6572867743935519,0.6575165566885516,0.00022978229499970304
62,0.6321409408305643,0.6313807960714357,-0.000760144759128556,0.6382145439912064,0.6373845044655146,-0.000830039525691717
63,0.6324465304100457,0.6316482999822653,-0.0007982304277803776,0.6457475616171269,0.6444449391188521,-0.0013026224982747303
64,0.6375248503379123,0.6412091510195682,0.0036843006816559276,0.6509233245240056,0.6540565198311139,0.0031331953071083163
65,0.62023692969248,0.620633757437524,0.00039682774504401497,0.6385931158213767,0.6387208383404035,0.0001277225190268183
66,0.6354016641191932,0.6369156028532154,0.0015139387340221688,0.6515687627635852,0.6531519863033305,0.001583223539745271
67,0.6410032051486302,0.6432061153241363,0.002202910175506112,0.6609942937848837,0.6630957430602461,0.002101449275362377
68,0.6394703785764009,0.6373087442657861,-0.0021616343106147795,0.6595226064480721,0.6570555445244886,-0.002467061923583591
69,0.6324545397670892,0.6371689037850061,0.004714364017916917,0.6394391108481432,0.6446533651928322,0.005214254344689029
70,0.6702978678224301,0.670561423340504,0.000263555518073888,0.6745001229155108,0.6744811443095756,-1.8978605935138226e-05
71,0.6212221341085175,0.6228330391804039,0.001610905071886437,0.6312163574482416,0.633105591402693,0.001889233954451397
72,0.6664964660622473,0.667789534031813,0.001293067969565631,0.6710286601370777,0.6717187912619914,0.0006901311249136732
73,0.634542370978079,0.6357462731451171,0.00120390216703814,0.6515399939445966,0.653231737835829,0.001691743891232389
74,0.6451540687849224,0.6469937301460676,0.0018396613611452173,0.6596626172818703,0.6619514395706926,0.002288822288822323
75,0.6209532442271818,0.6209808627160939,2.7618488912084516e-05,0.6286203456196897,0.628906802555763,0.00028645693607332046
76,0.6301811003195589,0.6347939977603732,0.004612897440814279,0.6385731516166299,0.6428980658328485,0.004324914216218612
77,0.6515381945503017,0.6521530265236712,0.000614831973369534,0.6640699001301428,0.664773363333606,0.0007034632034632615
78,0.6206284676461779,0.6232445100138052,0.002616042367627358,0.6331326970746343,0.6363556094279815,0.0032229123533472626
79,0.6345553062970659,0.635103250437405,0.0005479441403390961,0.6497782639226489,0.6514023694278286,0.0016241055051796627
80,0.6476642362995674,0.6465647170993415,-0.0010995192002258847,0.6553543868140141,0.6538135122296612,-0.0015408745843529248
81,0.6263972037382226,0.6261514785334897,-0.00024572520473287174,0.6410257294227124,0.6411138779891218,8.814856640937396e-05
82,0.6442775043885155,0.6452560705187242,0.0009785661302087467,0.6614345885784751,0.6628885693802821,0.00145398080180692
83,0.6516782934632984,0.6538574459003301,0.002179152437031706,0.6661847951277547,0.6685212026815537,0.002336407553798936
84,0.6463379259018261,0.6463081475295447,-2.977837228146374e-05,0.6557042671149476,0.6559960043632066,0.0002917372482590386
85,0.6420633169607088,0.6431339063532345,0.0010705893925256893,0.6521365470278514,0.6530167296471645,0.0008801826193131079
86,0.6355578722411006,0.6341704946314833,-0.0013873776096172685,0.6508182096335943,0.6497243518006058,-0.0010938578329884319
87,0.6489262142141713,0.6486189807925011,-0.0003072334216701611,0.6580474827510815,0.6581978215427248,0.00015033879164327857
88,0.6232008513155521,0.6248218066608625,0.0016209553453103709,0.6361420203952204,0.6375320072199897,0.0013899868247693181
89,0.652690347780374,0.6531944141704558,0.0005040663900817144,0.6665396285122305,0.6670078800674385,0.0004682515552080213
90,0.6478757468950755,0.6490498962766647,0.0011741493815891069,0.6663309526532502,0.6674955489265422,0.0011645962732920179
91,0.625679142861437,0.6234617612843677,-0.0022173815770692995,0.640821656623681,0.6384496928386736,-0.0023719637850073694
92,0.6289397711956664,0.6325299770938686,0.0035902058982022478,0.6534738157715495,0.6571507547745756,0.003676939003026125
93,0.6517470297921567,0.654124046432392,0.0023770166402352633,0.6558916628643275,0.6584728316954964,0.0025811688311688785
94,0.6254647761728257,0.6242931330081667,-0.0011716431646590086,0.6363443673117828,0.6352046502513496,-0.001139717060433143
95,0.6174628402752466,0.6201010347357351,0.002638194460488519,0.6280658833919703,0.6303847239716805,0.002318840579710213
96,0.6172935094235221,0.6162407326081185,-0.001052776815403611,0.6344799799330739,0.6336337066411485,-0.0008462732919254368
97,0.6539689182446204,0.6560210516356503,0.002052133391029831,0.6599605806216897,0.6621704601141779,0.002209879492488187
98,0.6529609163942985,0.6536044548121123,0.0006435384178137271,0.6628364153736159,0.663966818786628,0.001130403413012071
99,0.6215130184720077,0.6201901687768989,-0.0013228496951087632,0.6353972926915692,0.6341412540442262,-0.0012560386473430274
100,0.6523244079700908,0.6499334369450064,-0.002390971025084454,0.6595004090521157,0.6573661302874022,-0.002134278764713504
101,0.6145995035133687,0.6160483577192764,0.0014488542059076792,0.6295807015146865,0.6309755783059827,0.00139487679129624
102,0.6356293143276688,0.6373865713965158,0.0017572570688469957,0.6477440598407103,0.6494748773323973,0.00173081749168702
103,0.6198796556450992,0.6199897930556204,0.00011013741052123827,0.6310074208739662,0.6306356473385772,-0.00037177353538897506
104,0.6181039495074946,0.618324844662981,0.00022089515548640026,0.6333568440011266,0.6338571890666891,0.000500345065562513
105,0.6260311327400093,0.6287603450853301,0.002729212345320753,0.6385014612073818,0.6407085777623245,0.0022071165549426564
106,0.6513707133238598,0.6508884762376058,-0.0004822370862539449,0.6600940789139547,0.6594781368849693,-0.0006159420289854056
107,0.663345057382806,0.6646706725019433,0.0013256151191373133,0.6699704401878314,0.6713230971926624,0.0013526570048310038
108,0.6415006930046845,0.6420833226548974,0.0005826296502129402,0.657401777845202,0.6583176252827886,0.0009158474375865477
109,0.6337172713861035,0.6343857278523882,0.0006684564662847725,0.6493174229305213,0.6490786218765029,-0.00023880105401841156
110,0.6448368102150042,0.6447755121890996,-6.129802590459921e-05,0.6537549254749553,0.6523901911754384,-0.0013647342995168898
111,0.6456323766301316,0.6484474037351872,0.0028150271050555453,0.6548897531040387,0.6579903240306967,0.0031005709266579418
112,0.6547412699728143,0.6548770417897677,0.00013577181695334506,0.6619056547317418,0.6623322933105541,0.0004266385788123106
113,0.6541010683762919,0.6545391125830681,0.00043804420677617806,0.6613090831062952,0.6610916918019474,-0.00021739130434783593
114,0.6297761337288451,0.6328670705739085,0.003090936845063341,0.6535855510748009,0.6574935754176079,0.003908024342807015
115,0.6197228464672421,0.6221390442142992,0.002416197747057147,0.6350475029573933,0.6367579664069873,0.001710463449594024
116,0.6361880761166084,0.637252008959683,0.0010639328430745998,0.6432001663127549,0.6442406958315452,0.0010405295187903008
117,0.6460818335071528,0.6465324269171449,0.00045059340999209496,0.6648591127924509,0.6655009347386206,0.000641821946169685
118,0.6221083547575624,0.6200540108968656,-0.0020543438606968056,0.633983106265715,0.6319058115797247,-0.002077294685990272
119,0.6469755594642179,0.647193386335276,0.00021782687105809106,0.6660388871340251,0.6662402196179662,0.0002013324839410524
120,0.6428443545461129,0.6454960811316163,0.002651726585503389,0.6592537258138281,0.6612522828123851,0.0019985569985569995
121,0.665540135205441,0.6680252833262221,0.0024851481207811554,0.6725845566527051,0.6754626688786435,0.0028781122259383674
122,0.6251239570281499,0.6284043657009315,0.003280408672781565,0.6417053914595797,0.6448696426673092,0.0031642512077294516
123,0.6385796599685714,0.6370108818016531,-0.00156877816691825,0.651569039597102,0.6500445737248101,-0.0015244658722919358
124,0.6434417202177485,0.6460328398585649,0.002591119640816375,0.6544679053845867,0.6577002406821394,0.0032323352975527353
125,0.6465615231411174,0.6473445996921247,0.000783076551007289,0.6581426720029542,0.6584317307702738,0.00028905876731966096
126,0.6334510416700534,0.6347783308295086,0.001327289159455236,0.6422862877892078,0.6436633648184588,0.0013770770292509393
127,0.6575756936408667,0.6580708715575928,0.0004951779167261527,0.670124111267807,0.6712343981332427,0.0011102868654356834
128,0.6474537524101927,0.6483438808253704,0.0008901284151777711,0.670053960530846,0.6701712828220814,0.00011732229123539994
129,0.6237376504914903,0.6217855758557179,-0.001952074635772405,0.6458667982932124,0.6436395569355363,-0.0022272413576760464
130,0.6586440492853299,0.6586477041782818,3.6548929518431805e-06,0.6710224710726863,0.6715450885518256,0.0005226174791392868
131,0.6258646421468029,0.6235496031207431,-0.002315039026059784,0.6346998265806277,0.6324051405902895,-0.002294685990338219
132,0.6327930428528962,0.6349352795085308,0.0021422366556346217,0.6426448560090942,0.6448187690525725,0.0021739130434783593
133,0.6312338336016307,0.6307847413914441,-0.0004490922101865191,0.6489951962025076,0.6489940198426355,-1.1763598720682111e-06
134,0.6390842748552833,0.6413274902736893,0.002243215418405997,0.6421477436424832,0.6443397726279905,0.0021920289855072994
135,0.6305341963931769,0.6314014344748514,0.0008672380816745484,0.6490245164826981,0.649770014945588,0.0007454984628898487
136,0.6335298911417826,0.6329880884005588,-0.0005418027412238402,0.6431746274574393,0.6420450686104892,-0.0011295588469500961
137,0.6550576143506512,0.6554967332120367,0.00043911886138547906,0.6661878583193152,0.666477713391779,0.00028985507246381825
138,0.6560336807624744,0.6590948228186376,0.0030611420561632574,0.6668027968763263,0.6697506255466614,0.002947828670335162
139,0.6608193144445397,0.6614237507503965,0.0006044363058568258,0.6669080872635125,0.6680364516527464,0.0011283643892339157
140,0.6652976096282913,0.666063159867359,0.0007655502390676583,0.6733423157083799,0.6739116738864337,0.0005693581780538137
141,0.6438469361911979,0.6439608264889941,0.00011389029779618198,0.6598745872965349,0.6595735839520533,-0.0003010033444815763
142,0.652466616775957,0.6565206995546928,0.004054082778735868,0.6626877546955512,0.6658370640691169,0.003149309373565723
143,0.6549537663224649,0.653635065385623,-0.0013187009368419433,0.6654413444432429,0.6639368585909309,-0.0015044858523119986
144,0.6420013920179564,0.6439244433832093,0.001923051365252948,0.6568163322039695,0.659324693407983,0.002508361204013543
145,0.6217762181075857,0.6223015740559841,0.0005253559483984205,0.6372706688289986,0.6376022454649232,0.00033157663592453535
146,0.6474803047742962,0.6468468735537332,-0.0006334312205630299,0.6617791680707281,0.6607543233502312,-0.0010248447204969091
147,0.638113029115565,0.6392307334480316,0.001117704332466607,0.6497642067367131,0.6502319274218251,0.00046772068511202747
148,0.6274985625226198,0.6273722505000568,-0.0001263120225629688,0.6436296545727848,0.6434251851291848,-0.000204469443599975
149,0.6473137594508349,0.6454790234312192,-0.0018347360196157014,0.6568728555685076,0.6546201445114487,-0.0022527110570589315
150,0.6227684811158933,0.624170258437733,0.001401777321839659,0.6324419365871935,0.6338567717520287,0.0014148351648352042
151,0.636307280939571,0.6339024123484724,-0.0024048685910985634,0.6382316338246591,0.6359574949200855,-0.0022741389045736193
152,0.6373662281427452,0.6373644121342918,-1.8160084533924703e-06,0.6509846600543533,0.6516336487468201,0.0006489886924667676
153,0.6502097562139759,0.6518978741232282,0.0016881179092522736,0.6689640988936142,0.6698986956977762,0.000934596804161969
154,0.620392921819561,0.6247574173079365,0.004364495488375586,0.629542330792331,0.6339152042956393,0.004372873503308283
155,0.6363748057090624,0.6353564118793427,-0.0010183938297196882,0.6558162194903062,0.6551274999972387,-0.00068871949306748
156,0.6487938428808158,0.6503989478278822,0.0016051049470664491,0.6644203267604802,0.6659674475850947,0.0015471208246145007
157,0.642890033142441,0.646306446938185,0.0034164137957439777,0.6575877497545953,0.6609814695613586,0.0033937198067632846
158,0.6289196554129449,0.6316028509525958,0.0026831955396509066,0.6367306123827862,0.6396297904993556,0.0028991781165694785
159,0.6322904983700466,0.6329493556934228,0.0006588573233762274,0.6521195875416543,0.6528203843294076,0.000700796787753255
160,0.6361585384975801,0.6366362898599565,0.0004777513623763774,0.6535925414605807,0.6538894064313588,0.00029686497077818785
161,0.6310474008202483,0.6358493468703597,0.004801946050111305,0.6460386727318407,0.6506766675872269,0.004637994855386185
162,0.6245460246999232,0.6266034491843999,0.0020574244844767664,0.6435548774060397,0.6461202830149234,0.002565405608883742
163,0.6116242837538253,0.6130819547695505,0.0014576710157252482,0.622502376850203,0.624255153059501,0.0017527762092979238
164,0.6347718001606761,0.6360233831320553,0.0012515829713791726,0.6529558679347808,0.6544856063123453,0.001529738377564538
165,0.6281526650783945,0.6279070494408692,-0.00024561563752534266,0.6401538571777772,0.6397533000764528,-0.0004005571013243614
166,0.6708807900964991,0.6678558154381586,-0.003024974658340507,0.6789248496601437,0.6762568654704204,-0.0026679841897232492
167,0.6286291460983562,0.6272180019659489,-0.0014111441324072826,0.6324989056866097,0.6310770787213044,-0.0014218269653053506
168,0.6372008035538094,0.6399513747196381,0.0027505711658287746,0.6496225370406461,0.6523403988889427,0.0027178618482965877
169,0.6521528579024403,0.6501042193493867,-0.0020486385530535944,0.6683114590723287,0.6658871080610211,-0.0024243510113075573
170,0.6442951231528454,0.643567894345802,-0.0007272288070434563,0.6459063434390938,0.6448459907483062,-0.001060352690787636
171,0.6456924599218624,0.6494241320351836,0.0037316721133211495,0.6650312457839086,0.6689371225158723,0.003905876731963742
172,0.6459589170071516,0.6496266868297893,0.003667769822637723,0.6630037084498968,0.6665958409550727,0.0035921325051759823
173,0.6698836234971715,0.6703619649008455,0.0004783414036740874,0.6752155794687813,0.6759373938862479,0.0007218144174665486
174,0.5880518526166904,0.5878487766835062,-0.00020307593318413808,0.6166345589619248,0.616199776353229,-0.0004347826086957829
175,0.6320443138567285,0.6330789971956818,0.0010346833389532906,0.6504134211199427,0.6509672513476861,0.0005538302277433571
176,0.66155396058269,0.6638946948799465,0.0023407342972564527,0.669339404682569,0.6711957005606041,0.0018562958780350414
177,0.6156301737222921,0.6183928520346439,0.002762678312351774,0.6315648869745859,0.6341240548598407,0.0025591678852547872
178,0.6506807660032936,0.6505868241853807,-9.394181791289036e-05,0.662551780349735,0.6623500532618187,-0.00020172708791632576
179,0.6598449126296437,0.6587428632454188,-0.001102049384224979,0.675310294787039,0.6744760324310374,-0.0008342623560015916
180,0.6140036630204371,0.6170130744561326,0.0030094114356955526,0.6290072195470132,0.631876596546825,0.0028693769998118235
181,0.6327424897906163,0.634363815937653,0.0016213261470366946,0.6549898749254364,0.6565822137460361,0.0015923388205997258
182,0.6115416959945218,0.6109495641050277,-0.0005921318894941408,0.6446753773848907,0.6448896388267735,0.000214261441882857
183,0.6446779181021728,0.6460712484248805,0.0013933303227077198,0.6551982328425653,0.6569547734034537,0.0017565405608883644
184,0.6393097670730442,0.6399002049741874,0.0005904379011432148,0.6507694777617957,0.6520597092694185,0.0012902315076227522
185,0.6135139927870984,0.6129989522597139,-0.0005150405273844916,0.6215562759794051,0.6211214933707095,-0.00043478260869556085
186,0.61491885843762,0.6159473836853703,0.0010285252477503226,0.6398413565894413,0.6413772120383403,0.001535855448899004
187,0.6532818181819258,0.6550391251440102,0.0017573069620844262,0.6650689015091189,0.6664792906368994,0.0014103891277804648
188,0.6471431598720755,0.6486474575087161,0.0015042976366406169,0.6604702767454729,0.6623102881123385,0.0018400113668656237
189,0.615948036585144,0.6152591931264596,-0.0006888434586843628,0.6363586720462903,0.6352760288440819,-0.001082643202208411
190,0.6379143245429105,0.6391422003476247,0.0012278758047141736,0.6505721290532963,0.6518559666990266,0.001283837645730257
191,0.6376537202515214,0.6373412915046511,-0.0003124287468703191,0.6483294395403395,0.6482899138486399,-3.952569169962672e-05
192,0.6436247507954828,0.6451218627623283,0.0014971119668455435,0.6524229457269513,0.6534474284905645,0.0010244827636132214
193,0.6281059032556368,0.6296371447789625,0.0015312415233257326,0.6468192564916055,0.6480737749200369,0.0012545184284313837
194,0.6311162023706344,0.6311536163515082,3.741398087386827e-05,0.6533306088052798,0.653930552340006,0.0005999435347261439
195,0.6738340376403162,0.6724999920064823,-0.0013340456338339912,0.6747518698301616,0.6728873213351783,-0.001864548494983298
196,0.6414822029964558,0.640278258504175,-0.001203944492280784,0.6591906168568572,0.6577711795167038,-0.0014194373401533733
197,0.6298529582555318,0.6315394161280846,0.0016864578725528379,0.647788512552126,0.6495738347178829,0.0017853221657568863
198,0.643170152579463,0.6434662584139307,0.0002961058344677081,0.6697450870755057,0.6702857782683709,0.0005406911928651503
199,0.6007248787835824,0.6025686344493414,0.001843755665759006,0.6203396134009523,0.6221704282240945,0.0018308148231421795
200,0.6327141742901741,0.63196461414314,-0.0007495601470340896,0.6424846726596911,0.6416881020805119,-0.0007965705791792566
201,0.6393114438640947,0.6389409020788274,-0.00037054178526729764,0.6538039130196532,0.6538159903143391,1.207729468588603e-05
202,0.6502545537817155,0.6501206435136406,-0.00013391026807485495,0.6578250658205601,0.657873374999304,4.830917874387719e-05
203,0.6186945981321044,0.6204893992339279,0.0017948011018235066,0.6309448978540133,0.633255268642645,0.0023103707886317215
204,0.6456327965757697,0.6464471256305866,0.0008143290548169313,0.6575397566149952,0.6583073947739376,0.0007676381589424297
205,0.6430791576173585,0.6459974310138298,0.002918273396471327,0.653601169362039,0.6570055548316418,0.0034043854696027553
206,0.6507547350818094,0.6506036624729044,-0.00015107260890501184,0.662504513107768,0.6623181777040413,-0.00018633540372670065
207,0.6359199006636503,0.63501139471316,-0.0009085059504903015,0.6498319031448242,0.6489990403554396,-0.0008328627893845475
208,0.6514773810454086,0.6528154126258159,0.0013380315804072396,0.6613347168909024,0.6627078479551091,0.0013731310642066674
209,0.6333661286857477,0.6328085316575986,-0.0005575970281490594,0.6461789095067361,0.6456475085405525,-0.0005314009661835373
210,0.6310433793050689,0.631403546784299,0.00036016747923006687,0.6408354710081053,0.6416256711461316,0.0007902001380262202
211,0.6194688568114091,0.6232056588457234,0.003736802034314368,0.6247284454933838,0.6287180006242433,0.003989555130859523
212,0.641770243269865,0.6416410496141987,-0.00012919365566632646,0.6500249880776402,0.6495276231237535,-0.0004973649538867475
213,0.6319581388317655,0.6346289668106281,0.0026708279788625333,0.6527474104232415,0.6565651868497137,0.003817776426472186
214,0.6293055527853704,0.6301947509606055,0.0008891981752351397,0.6461037371038608,0.6466834472487885,0.0005797101449276365
215,0.6529651140565268,0.6512585621675548,-0.0017065518889719522,0.6612703526586436,0.6600783079883381,-0.0011920446703055365
216,0.6222534082257822,0.6255675118534907,0.0033141036277084535,0.6410003886076311,0.6452857764224307,0.0042853878147995905
217,0.6642018108068816,0.6630168802042758,-0.001184930602605716,0.6745953636714506,0.6731982402634575,-0.0013971234079930284
218,0.6458080947709401,0.6468778570041117,0.0010697622331715673,0.6539536200043924,0.6551218237812918,0.0011682037768994125
219,0.6168931517337006,0.6185762322767646,0.0016830805430639861,0.628318840682393,0.6305924366516411,0.0022735959692481433
220,0.6406262655430212,0.6479214636170479,0.0072951980740267874,0.6548639605068997,0.6621322960361048,0.007268335529205139
221,0.6276770882903994,0.6325522298823153,0.0048751415919159324,0.6392823359719818,0.6440934910005282,0.004811155028546343
222,0.6597309175809555,0.6614240798904657,0.001693162309510221,0.6713201324367333,0.6726900427196869,0.0013699102829536347
223,0.6447284404951422,0.6450239131616547,0.0002954726665125307,0.6544028630048863,0.6541613171111664,-0.00024154589371983004
224,0.6144378323919595,0.6157234752691452,0.0012856428771856887,0.6280449287164741,0.6297489252030793,0.0017039964866052415
225,0.6219640727256188,0.6228560793833434,0.0008920066577245978,0.6347247390218999,0.6350889400382748,0.00036420101637490987
226,0.6245338722024306,0.626996350221923,0.002462478019492398,0.6358422858456511,0.6381589305536001,0.0023166447079490116
227,0.6599407249074349,0.6599138092380984,-2.6915669336546877e-05,0.6742194848115188,0.6743281804636927,0.00010869565217386246
228,0.6283248223116606,0.6260551354431821,-0.0022696868684785043,0.6407167832167833,0.63813537911364,-0.0025814041031432255
229,0.6451109384036668,0.6443360900230363,-0.0007748483806305773,0.6645849133141908,0.6637580107481577,-0.0008269025660331275
230,0.643514874786076,0.6432199208651702,-0.0002949539209058383,0.655782349257579,0.6552559674268492,-0.0005263818307297274
231,0.6284406701125791,0.627881494136223,-0.0005591759763561299,0.6364379752873465,0.6360135446455245,-0.0004244306418219601
232,0.6303438689128107,0.6277547779509156,-0.0025890909618950797,0.6430757279094875,0.6402225665780653,-0.002853161331422216
233,0.6278687063798148,0.6303592650925183,0.002490558712703428,0.6439764086214614,0.646072681913387,0.002096273291925521
234,0.6507295677680125,0.6521904653943771,0.0014608976263645879,0.6713017359021647,0.6721967104927914,0.000894974590626707
235,0.616429804998052,0.6167893000720819,0.0003594950740298808,0.6251158091695175,0.6256028221565305,0.00048701298701303575
236,0.6281411439379339,0.6284086240930601,0.0002674801551262318,0.6404137059363701,0.640365396757626,-4.8309178744099235e-05
237,0.636315915034408,0.6378970064601485,0.0015810914257404773,0.6616452141283882,0.6636382014360208,0.001992987307632643
238,0.6572956256897178,0.6587281148128074,0.0014324891230895753,0.6617864849403707,0.6634220957064162,0.0016356107660454589
239,0.6383691160989585,0.6385809752300676,0.00021185913110910448,0.6585532467804359,0.6584218564316543,-0.0001313903487816237
240,0.6738535218912908,0.6757244930290768,0.0018709711377860039,0.6858967145957285,0.687810103139552,0.001913388543823502
241,0.6556672345738394,0.6567169707727986,0.0010497361989592058,0.6678267439150498,0.6688925862852401,0.0010658423701902509
242,0.6291505151597071,0.6305165498214363,0.001366034661729243,0.6537133710115076,0.6553438057941162,0.001630434782608603
243,0.6452680948152538,0.6456132672705243,0.00034517245527043716,0.6618520846031563,0.6627497859356403,0.0008977013324840133
244,0.6596406835249972,0.660270661655295,0.0006299781302978591,0.672222916945394,0.6730598577823349,0.0008369408369408582
245,0.6681673596830847,0.6666150101464777,-0.0015523495366069895,0.6816808310472926,0.6795946442871929,-0.002086186760099751
246,0.6332835611407964,0.6354347032701649,0.0021511421293685107,0.6497717817974735,0.6517748873875356,0.0020031055900621153
247,0.629199024135994,0.6302702729497256,0.0010712488137315512,0.6485222279402246,0.6492951748001281,0.0007729468599034783
248,0.6172019402063893,0.619030319076005,0.0018283788696157321,0.6271335591092625,0.6285451817293249,0.001411622620062447
249,0.6441324338380491,0.6455455955904796,0.0014131617524305584,0.6579073797718501,0.659320423250111,0.001413043478260878
250,0.6503034175659108,0.6489995314860402,-0.001303886079870642,0.6617524410640353,0.660616469547629,-0.00113597151640632
251,0.6346616191398181,0.635935101948651,0.001273482808832882,0.6544556639929003,0.6567468993276139,0.0022912353347135372
252,0.6674769834786025,0.6695851635432635,0.0021081800646609583,0.6847814302626525,0.6864066709639802,0.001625240701327746
253,0.6250264932160755,0.6252419290365764,0.0002154358205008755,0.6461127730788295,0.6462300953700648,0.00011732229123528892
254,0.6374586402593387,0.6395316756088443,0.0020730353495055365,0.6518143915149658,0.6533337658604271,0.001519374345461344
255,0.6327147009360262,0.6334358413176769,0.00072114038165072,0.639409664911294,0.6400185970419653,0.0006089321306712581
256,0.6331678502669825,0.6359874196526338,0.0028195693856513104,0.6505214982516773,0.6528836608120495,0.0023621625603722496
257,0.6290641857607373,0.6302635973328836,0.0011994115721463139,0.6622660793312967,0.6631663867533433,0.000900307422046609
258,0.6511967893646624,0.6502833975120712,-0.0009133918525912055,0.6686237536854446,0.6678169397264567,-0.0008068139589878509
259,0.6271596897096979,0.6279867165436047,0.0008270268339067854,0.6344974081295937,0.6351012728638932,0.0006038647342995196
260,0.6073578731697118,0.6105575937179397,0.0031997205482279245,0.6171865860727049,0.6215739378513612,0.004387351778656234
261,0.655181794453099,0.6548727921767324,-0.0003090022763665434,0.6662850376580353,0.6652142485437679,-0.0010707891142673898
262,0.6757209819768386,0.6777434634040721,0.0020224814272334912,0.6821582282451848,0.6838907710646841,0.0017325428194993053
263,0.6462857895163964,0.6460683978739598,-0.00021739164243661513,0.6753018138440133,0.6749989283237365,-0.0003028855202767966
264,0.6383980025341176,0.6416740034275368,0.003276000893419173,0.6472285292131819,0.6498228913727615,0.002594362159579644
265,0.6406743776652966,0.6408942449362454,0.00021986727094880365,0.649268424811903,0.6499689079036904,0.000700483091787385
266,0.6280004283900229,0.6259875123031534,-0.0020129160868694873,0.6397890699808858,0.637872073933455,-0.0019169960474307857
267,0.618481008943427,0.6189444972166808,0.00046348827325382036,0.6280858258880364,0.6284061577301074,0.00032033184207103105
268,0.6540576610562343,0.6516630038036556,-0.0023946572525787024,0.6664496118042091,0.6632974378911656,-0.0031521739130435655
269,0.6370642120466249,0.6387732336696234,0.0017090216229984634,0.6456543377471896,0.6473838883897837,0.0017295506425940577
270,0.6268699301625801,0.6274683250790342,0.0005983949164540814,0.6471302653389122,0.6480271221053343,0.0008968567664221494
271,0.6140791410184446,0.6142052599036134,0.00012611888516878,0.6237979532544751,0.6237320771016422,-6.587615283282222e-05
272,0.6312823204534279,0.6328496499729479,0.0015673295195199888,0.6364298277205886,0.6380749579526755,0.0016451302320869
273,0.6339904910755042,0.6346818167240479,0.0006913256485436836,0.6587986452308703,0.6583931931949835,-0.0004054520358868219
274,0.6322148745927667,0.6336057504405971,0.001390875847830375,0.642116476656571,0.6435936226989345,0.0014771460423634863
275,0.637240482824969,0.6369381110028656,-0.00030237182210346436,0.6465887732198005,0.6463713819154526,-0.00021739130434783593
276,0.6438298327305889,0.6439751999920511,0.0001453672614621926,0.652016552966472,0.652314371090377,0.00029781812390505813
277,0.6405036452792239,0.6409067362864576,0.0004030910072336802,0.6560510322596185,0.6561336308204779,8.259856085945927e-05
278,0.6377526135883099,0.6364794523781169,-0.0012731612101930523,0.6598854604484318,0.6579388847166898,-0.0019465757317419508
279,0.628128455443489,0.6292757147805849,0.0011472593370958073,0.6342009851492001,0.6353274673626388,0.0011264822134386954
280,0.6669704043410194,0.6673743600609633,0.0004039557199438937,0.6789895636269856,0.6795022996832,0.0005127360562143801
281,0.6388175915190631,0.6385860198421164,-0.0002315716769467624,0.6530336895986751,0.6528426487554604,-0.00019104084321475145
282,0.6394471224194708,0.6410725609270814,0.0016254385076106548,0.6501979362240968,0.6519792949619774,0.001781358737880545
283,0.6482393601722357,0.6468441803795614,-0.0013951797926743392,0.6575445605644091,0.6564948976669204,-0.0010496628974887567
284,0.6428341811650151,0.6415942054195135,-0.0012399757455016092,0.6497779545788152,0.6484269221216444,-0.00135103245717072
285,0.6301385012567037,0.6299552343912085,-0.00018326686549519078,0.6509498288659448,0.6508522814857887,-9.754738015610442e-05
286,0.6314067367946068,0.6302487102714336,-0.0011580265231732056,0.6447172999936646,0.6441221790021241,-0.0005951209915404654
287,0.6394318461661228,0.6398093108954186,0.00037746472929578445,0.6437465397631639,0.6441097627862334,0.0003632230230695699
288,0.6487053956579435,0.6497788568040125,0.001073461146068988,0.6572141038630401,0.6583446641240353,0.001130560260995117
289,0.6220102055114328,0.6238689719867413,0.001858766475308471,0.6378779671445405,0.6397620251155551,0.0018840579710146521
290,0.6284742491047232,0.6319073438942296,0.0034330947895064856,0.637128670397383,0.6397187614657349,0.002590091068351952
291,0.6174906474912706,0.618095931236559,0.0006052837452884541,0.6399228925599645,0.6399608980327526,3.8005472788094075e-05
292,0.6145356186168209,0.616450901226398,0.0019152826095770736,0.6280264815806579,0.6295104686081233,0.0014839870274654388
293,0.6629280062589106,0.6618506098302539,-0.001077396428656674,0.6751000894715451,0.6744545031737849,-0.0006455862977602367
294,0.6680863749693832,0.6693052170071554,0.0012188420377722275,0.6885829289949613,0.6898622776656144,0.0012793486706530466
295,0.639543329214975,0.6419381738922756,0.002394844677300556,0.6562191883031709,0.658446272812864,0.0022270845096931113
296,0.6363853148548753,0.6371125101812407,0.0007271953263654485,0.6500621929063958,0.6507484028317362,0.0006862099253404086
297,0.6318249912252581,0.6310181603539334,-0.0008068308713247152,0.6395418729624225,0.6381892159575915,-0.0013526570048310038
298,0.6179011677896159,0.619341287838014,0.001440120048398108,0.6306829456831519,0.6321624806409478,0.0014795349577959582
299,0.6328934696243792,0.6334789161835686,0.000585446559189351,0.6471913779661663,0.6472560777591269,6.469979296053197e-05
300,0.634874118834427,0.6343934774206749,-0.00048064141375214753,0.6465061355815345,0.6461904005918865,-0.00031573498964798663
301,0.6561514963275081,0.6581643365148441,0.0020128401873359403,0.6613299679201764,0.6630758747555973,0.0017459068354208629
302,0.652018056827486,0.6526435055627728,0.0006254487352868043,0.6603224988207826,0.6611525383464743,0.000830039525691606
303,0.6402748211505833,0.6409477512317038,0.0006729300811204597,0.6454099054461373,0.6461586977166688,0.0007487922705314842
304,0.6513522046692991,0.6541555778591394,0.0028033731898402525,0.6591736045582612,0.6615258054974188,0.002352200939157556
305,0.6506422364073489,0.6537433646562479,0.0031011282488990766,0.6572885108073606,0.6594101512442184,0.002121640436857808
306,0.6419010614236855,0.6430065463863948,0.0011054849627092356,0.6528217303118489,0.6524523533120371,-0.00036937699981176575
307,0.6229014731904693,0.6257789351772068,0.0028774619867375506,0.6446350425550869,0.6476943624622328,0.0030593199071459187
308,0.6564574706500865,0.6544949092537733,-0.001962561396313234,0.6699591591982896,0.6678166760775456,-0.0021424831207440542
309,0.6339412416127235,0.6370203631542254,0.003079121541501917,0.6379394062054221,0.6404830883686694,0.002543682163247296
310,0.6461716940132041,0.6445932652611508,-0.0015784287520532736,0.6538780726062855,0.6523272381750163,-0.0015508344312692435
311,0.6417728941753945,0.6420360551592489,0.00026316098385437137,0.663763567607744,0.6634291156371365,-0.00033445197060755216
312,0.6429605636253722,0.6450635731777552,0.0021030095523829617,0.6549268527226061,0.6572061676106166,0.002279314888010475
313,0.5948236968309367,0.6016915763648913,0.006867879533954624,0.6137246720280257,0.6202897012017506,0.006565029173724923
314,0.6210508971311383,0.6200489454753199,-0.0010019516558184005,0.6328500144548738,0.632019974929182,-0.000830039525691717
315,0.6204369168325741,0.6198913548675188,-0.0005455619650552856,0.6431986023103687,0.6426693972159462,-0.0005292050944225579
316,0.6491694557349671,0.6516672521721724,0.0024977964372052686,0.6621486850811589,0.6650277263297654,0.0028790412486064954
317,0.6016582789017285,0.6041935704084876,0.0025352915067591297,0.6149422836454691,0.6170457236836918,0.0021034400382227147
318,0.6229662794613923,0.624607315964377,0.0016410365029847496,0.6271547988530339,0.6286946116971945,0.001539812844160604
319,0.6480985475810302,0.6482392585452855,0.00014071096425527507,0.6570117322291235,0.6569703243616286,-4.140786749484704e-05
320,0.6453540709229604,0.6444651361731853,-0.0008889347497750277,0.6547550962854337,0.6546128230996823,-0.00014227318575144032
321,0.6334923305095547,0.6363665885184905,0.002874258008935815,0.6506617016030699,0.653672712331472,0.0030110107284020415
322,0.6358817547287632,0.6372622064480984,0.0013804517193352073,0.648796615433444,0.6501271086117634,0.0013304931783193474
323,0.6165302315870315,0.617352297271852,0.0008220656848205721,0.6242804711003229,0.6254916512245464,0.0012111801242234987
324,0.6395216520247933,0.6406935778246776,0.0011719257998843435,0.6545488873779312,0.6558791151212023,0.001330227743271184
325,0.6701206437459512,0.6727604941792584,0.002639850433307278,0.6864842542836801,0.690112510085849,0.003628255802168856
326,0.6343101413051296,0.6366624705193213,0.0023523292141917063,0.6564644245060287,0.6593796976386932,0.0029152731326644865
327,0.6410296242674673,0.6411796089747722,0.00014998470730487323,0.6457738946620671,0.6460082014181131,0.00023430675604596551
328,0.6041415537185167,0.6071706672600198,0.003029113541503037,0.6159066699220153,0.6206781303456496,0.0047714604236342995
329,0.6415581966524951,0.6449102585632782,0.0033520619107830774,0.6493412715492504,0.6523336776938304,0.002992406144580073
330,0.6369640069641128,0.6358680111248318,-0.0010959958392809943,0.6465880819541117,0.6454736770353591,-0.0011144049187525873
331,0.6375792675274689,0.6387908630832144,0.0012115955557455704,0.6510229780084866,0.6523339134498569,0.0013109354413702867
332,0.6558431205547489,0.6557552039179588,-8.791663679008632e-05,0.6648449798993278,0.6643701829571395,-0.0004747969421883269
333,0.6329921469186351,0.6316154081686595,-0.0013767387499756811,0.648311005189887,0.6471607424091896,-0.0011502627806974086
334,0.6202818948536081,0.6243357735794189,0.004053878725810867,0.6277685961381614,0.6314746002789481,0.0037060041407867006
335,0.6595487299640288,0.6587672999164019,-0.0007814300476268743,0.6693023120197034,0.6688676862589906,-0.00043462576071273684
336,0.659109745964685,0.6610470445192993,0.0019372985546143306,0.6660631005721073,0.667540753354108,0.001477652782000738
337,0.6176982197328253,0.6169381326616687,-0.000760087071156601,0.6358609752342563,0.6358972071183144,3.623188405810218e-05
338,0.6503079732129798,0.6543163228294574,0.004008349616477558,0.6602568362114676,0.6643114772226304,0.004054641011162818
339,0.6311813905594257,0.6269011496725642,-0.004280240886861519,0.6462429391555747,0.6421708518226179,-0.004072087332956831
340,0.6358063494531454,0.6335715526382473,-0.0022347968148981323,0.6433386691810604,0.6409247787236918,-0.002413890457368617
341,0.6608096660204229,0.660453551995574,-0.0003561140248489192,0.6612091098166885,0.6615630674532548,0.0003539576365663155
342,0.6465750093099133,0.644823915350599,-0.001751093959314276,0.657353706253962,0.6553289833213107,-0.002024722932651213
343,0.6555696536055912,0.6559106763395449,0.00034102273395375526,0.6647456324950223,0.6649664744549948,0.00022084195997251754
344,0.6738864480812782,0.6712675448139087,-0.0026189032673694657,0.6852001169988027,0.6826638851147447,-0.002536231884057938
345,0.641548734403933,0.6422873541563505,0.0007386197524175131,0.6583647565488997,0.6589588938693798,0.0005941373204800815
346,0.6613584308877914,0.6610802286425213,-0.0002782022452701982,0.66908878391597,0.6692292412846884,0.0001404573687183719
347,0.6362337353872242,0.6400451096849186,0.003811374297694403,0.6520354272750645,0.6546803548112964,0.0026449275362319113
348,0.6302640564637477,0.6350875914052019,0.004823534941454155,0.6409780924229055,0.6454221309078647,0.004444038484959223
349,0.6452579308539852,0.6472654452716197,0.0020075144176344706,0.6597427977474561,0.6618972013149031,0.0021544035674470052
350,0.6194715878108757,0.6230285282941281,0.003556940483252391,0.6267365541534339,0.6296768264415323,0.0029402722880984555
351,0.6314786646738197,0.6316656059396822,0.0001869412658624947,0.640054007573377,0.6400798874905612,2.5879917184168377e-05
352,0.6359703149608318,0.6356176869614029,-0.00035262799942892276,0.6413056419115394,0.6397683748307942,-0.0015372670807451971
353,0.6541382382324962,0.6539427558553629,-0.00019548237713329364,0.6609634330773245,0.6614982846991325,0.0005348516218079968
354,0.626240071092684,0.6275675725456626,0.0013275014529786633,0.6411389942091307,0.6420038539870339,0.0008648597779031819
355,0.6578440506959066,0.6586899591904506,0.0008459084945440232,0.671515141659971,0.6721184574263301,0.0006033157663591915
356,0.6584614023809549,0.660093574496658,0.001632172115703101,0.6752060457269551,0.6764807492842673,0.0012747035573121845
357,0.6721019702886276,0.6749807402625037,0.0028787699738760386,0.6718455285370653,0.6746600871668413,0.002814558629776087
358,0.6251548213586805,0.6232089146736149,-0.001945906685065557,0.6361925056482821,0.6338793485013654,-0.002313157146916711
359,0.6052605979379665,0.6052480405570512,-1.2557380915323435e-05,0.6256017625454965,0.6259152413372362,0.0003134787917397075
360,0.6082891044554048,0.6137049103571247,0.005415805901719861,0.6345410032394072,0.6410608601940468,0.006519856954639636
361,0.6415683342159128,0.6429572018455797,0.0013888676296669455,0.6632717067013908,0.6641920424043352,0.0009203357029443637
362,0.6454519886622893,0.6441802208897401,-0.001271767772549115,0.6565902448107951,0.6558554367762158,-0.0007348080345792596
363,0.6273903608417563,0.6296634429006894,0.0022730820589331735,0.6384205528770746,0.6409862721819243,0.002565719304849723
364,0.6145051303681816,0.6143719602774284,-0.00013317009075319852,0.6280431040688237,0.6280845119363184,4.140786749473602e-05
365,0.6565780820411744,0.6590751666305427,0.002497084589368259,0.6681002915163383,0.6704657159469801,0.002365424430641805
366,0.6355097552322068,0.6390636220223446,0.003553866790137805,0.6435246911378741,0.6469937944982819,0.0034691033604077326
367,0.6553831310605183,0.6561672435395416,0.0007841124790233245,0.660808471340508,0.661676154382104,0.0008676830415960124
368,0.615626282668322,0.6161523245206803,0.0005260418523582722,0.6274889586071446,0.6275994459458928,0.00011048733874818861
369,0.6199625018659699,0.6205903619365931,0.0006278600706232096,0.6327870808003078,0.6335519223100343,0.0007648415097265548
370,0.6448556700858663,0.6452590445231442,0.00040337443727789246,0.6518186516393288,0.6525467399761128,0.0007280883367839497
371,0.6235969562733488,0.6236333703957812,3.641412243238218e-05,0.63568857838234,0.6357198273266326,3.124894429251679e-05
372,0.637096747246722,0.6363856442289766,-0.0007111030177454625,0.651486574940326,0.6514201498195531,-6.642512077292828e-05
373,0.6425704496001866,0.6433431984051337,0.0007727488049470432,0.65130879185227,0.6517699249220988,0.00046113306982886737
374,0.6600035477262723,0.659900253545931,-0.00010329418034138449,0.6797414124291594,0.6783975389113729,-0.0013438735177865313
375,0.6635437997401622,0.6615691568661459,-0.0019746428740162747,0.6690888577071675,0.6674720686990743,-0.0016167890080932557
376,0.6139908441234232,0.6150042636327039,0.0010134195092806886,0.6316785438093112,0.6323291400161736,0.0006505962068623639
377,0.6471905086232701,0.6479332260072674,0.0007427173839973378,0.66237375602182,0.6626822156781058,0.00030845965628578664
378,0.665404420749395,0.6672293952777457,0.0018249745283507313,0.6806944390468417,0.6820590647592936,0.0013646257124518835
379,0.6039107353902002,0.6043599080539446,0.00044917266374433495,0.6156293072582983,0.6158188278826016,0.0001895206243032188
380,0.6245444651991785,0.6281809347508058,0.0036364695516273304,0.6323742703729917,0.6357869687856901,0.0034126984126984228
381,0.649926291141312,0.6473215882474673,-0.0026047028938446237,0.656928554109487,0.6543989098407124,-0.0025296442687746667
382,0.6472408306089817,0.6465947066874445,-0.0006461239215372894,0.6598375113834802,0.6589724163336027,-0.0008650950498775289
383,0.6477792983295405,0.6504910194885482,0.0027117211590076407,0.6570738147528136,0.6601658676274752,0.0030920528746616327
384,0.6577420604408185,0.6592482407738381,0.0015061803330196355,0.6598518856451481,0.6612530207419354,0.0014011350967872982
385,0.6341258075876065,0.6342780077694833,0.00015220018187678264,0.6483854430593561,0.6481799722017112,-0.00020547085764488493
386,0.6317699755402003,0.6314734079640615,-0.00029656757613882867,0.6493136644679506,0.6490565423630024,-0.0002571221049482153
387,0.6270155634953329,0.6288141920780455,0.0017986285827125137,0.6385425813174038,0.6398216766182382,0.0012790953008343653
388,0.645003974701332,0.6448077409247057,-0.0001962337766262534,0.6561304314565183,0.6559677197720676,-0.0001627116844507004
389,0.643134629469985,0.6446933229472901,0.0015586934773050842,0.6500142022440722,0.6514987804677808,0.0014845782237085103
390,0.6319484651361615,0.634672262441871,0.0027237973057094855,0.6477390871956089,0.6502647861343513,0.0025256989387424378
391,0.6087608827074168,0.6099854316660158,0.0012245489585990255,0.6352611750545275,0.6363857750921711,0.001124600037643586
392,0.6105342496446883,0.6130392711769668,0.0025050215322784952,0.6180251178767605,0.6202921986221022,0.002267080745341654
393,0.6317811143974565,0.6328712594787973,0.0010901450813407543,0.6498323950442222,0.6512155770795782,0.0013831820353560342
394,0.6329207133500764,0.6354587749341927,0.0025380615841162912,0.6512532237010914,0.6543588137632032,0.0031055900621117516
395,0.646920214122504,0.6462496875898723,-0.0006705265326316656,0.6575895971077992,0.6563639507734572,-0.0012256463343419677
396,0.6561301967105466,0.6604994013365247,0.004369204625978118,0.6621393314263909,0.6664944853659438,0.0043551539395528804
397,0.6203813115743932,0.6201973232868364,-0.0001839882875568355,0.6374956323149363,0.6371333134743566,-0.00036231884057968955
398,0.6379873350048159,0.6381962065390477,0.00020887153423188032,0.6547127557953677,0.6548103031755239,9.754738015621545e-05
399,0.6429359594311113,0.643823385159347,0.0008874257282357467,0.6494102319646639,0.6502365553996828,0.000826323435018983
400,0.5968250540316264,0.5958326852181395,-0.0009923688134869657,0.6108141537107092,0.6101257479136077,-0.000688405797101499
401,0.6479395539084724,0.6511038461142435,0.003164292205771191,0.6560649782228722,0.6597069883866215,0.0036420101637492097
402,0.6455440205968188,0.6463278653852723,0.0007838447884535027,0.6610096915624206,0.6614461994989285,0.00043650793650784614
403,0.631075508399715,0.6324090632225673,0.0013335548228522454,0.6372575547044282,0.6388649328335454,0.001607378129117154
404,0.654126762019467,0.6533771492749206,-0.0007496127445463241,0.6683913885043736,0.6679321376103402,-0.000459250894033425
405,0.6420429834968546,0.6434421628291495,0.001399179332294831,0.6577298305559175,0.6594210740949872,0.0016912435390696867
406,0.6347886848871276,0.6356962957161991,0.0009076108290715368,0.6412942139047709,0.6424483013632063,0.001154087458435371
407,0.6484359941023496,0.6503941884033787,0.0019581943010290592,0.6581548510150994,0.6606752098832843,0.002520358868184913
408,0.6354753464040782,0.6379320158368489,0.002456669432770675,0.6462115457588801,0.6486328442671351,0.00242129850825501
409,0.6447430124018388,0.6462067802857453,0.0014637678839064527,0.6580878903704991,0.6593848060152407,0.0012969156447416585
410,0.6344261986660248,0.6379585167406823,0.003532318074657481,0.6431489461093041,0.6467081958961753,0.003559249786871277
411,0.6171616702308054,0.6170207988738654,-0.00014087135693996444,0.6446302269172458,0.644946667722817,0.00031644080557113874
412,0.6496615504959199,0.6498471885250467,0.00018563802912685556,0.6615607406856908,0.6614816893022916,-7.905138339925344e-05
413,0.655310319457545,0.6554616313961065,0.0001513119385614381,0.6778635154608963,0.6787004562978372,0.0008369408369408582
414,0.5952665549977361,0.5956844847116008,0.00041792971386478417,0.6109698280280208,0.6112155605563621,0.00024573252834125814
415,0.6718851972605975,0.6727039496459374,0.0008187523853399048,0.6769268203514213,0.6778410872439491,0.0009142668925278263
416,0.6302667187520725,0.6313240087648817,0.0010572900128091867,0.6352473130734,0.6359788520658087,0.0007315389924087423
417,0.622127984738562,0.6235015447280348,0.0013735599894727502,0.6388236305496614,0.6398917653134483,0.0010681347637868654
418,0.6485808880091593,0.6490651036988676,0.00048421568970835605,0.6584347326384884,0.6590377528067259,0.0006030201682375447
419,0.6349313102183402,0.6341320830031778,-0.0007992272151623458,0.6385094239646493,0.6378210181675479,-0.0006884057971013879
420,0.6569083997982328,0.6587934285756375,0.001885028777404707,0.6716915143826688,0.6736768358245121,0.0019853214418432685
421,0.6503077830712634,0.6513462818929682,0.0010384988217048141,0.6615647878691356,0.6623222067787286,0.0007574189095929107
422,0.6785470251186223,0.6798023113849233,0.0012552862663010034,0.6870564241542328,0.6879342419885723,0.0008778178343394893
423,0.6205945015726172,0.6222542256849994,0.0016597241123822437,0.6344005985322545,0.6362095142542138,0.0018089157219592922
424,0.625631424749428,0.6259586646168115,0.00032723986738347755,0.6367906364603948,0.6373802280282472,0.0005895915678524322
425,0.6386919260023719,0.6394395873079253,0.000747661305553371,0.6487429837573769,0.6494121526106891,0.0006691688533121409
426,0.6622067772466981,0.6615004802862904,-0.000706296960407693,0.6738791873360928,0.672478221152518,-0.00140096618357477
427,0.6506678862024063,0.6504326552466861,-0.00023523095572020036,0.6680400977384237,0.6676998689135402,-0.0003402288248834928
428,0.6260006999060783,0.6307453682959728,0.004744668389894513,0.6418445425085312,0.6474042364377902,0.005559693929259035
429,0.6358260671551809,0.6396182906876954,0.003792223532514516,0.6411491491809695,0.6451718173340725,0.004022668153102926
430,0.6192893249237041,0.619328543112467,3.921818876284622e-05,0.6281834504078598,0.628086832050372,-9.66183574878654e-05
431,0.6233229538930769,0.6247405965974915,0.001417642704414579,0.6320232233819191,0.6341433375672506,0.002120114185331534
432,0.640271868980997,0.6447706135707635,0.004498744589766512,0.6538002141022387,0.6587777848406791,0.004977570738440407
433,0.6366469604594422,0.6403908760403445,0.0037439155809022573,0.648690340460935,0.6526022214188517,0.003911880957916725
434,0.6151142904421983,0.6155910295766336,0.0004767391344352445,0.6237682342795631,0.6243634723748013,0.0005952380952382041
435,0.6270175302554608,0.6288289960405257,0.0018114657850648586,0.6429593713126488,0.6450392841534313,0.0020799128407824607
436,0.6495599854640551,0.6504684976030021,0.0009085121389469375,0.6672860934536186,0.6677057540714888,0.00041966061787024334
437,0.6465359208739646,0.6465585990677544,2.2678193789760215e-05,0.6505047138729906,0.6509674154226486,0.0004627015496579956
438,0.6692426292594555,0.6700116509380658,0.0007690216786102599,0.679804202304744,0.6797755821610344,-2.8620143709634505e-05
439,0.6211720279729177,0.6225785800629686,0.0014065520900509165,0.632273129870384,0.6332682217350409,0.0009950918646569606
440,0.6214450826442435,0.6262444693474453,0.004799386703201791,0.6338576194155854,0.6370197985789087,0.0031621791633232865
441,0.6446834385952882,0.6436847524063442,-0.0009986861889440535,0.6543139528821456,0.6533060477438056,-0.0010079051383399262
442,0.6385052538424789,0.6383488094567863,-0.0001564443856926223,0.6612658816607759,0.6607954824947246,-0.00047039916605129406
443,0.6593637477045086,0.6593543811938897,-9.366510618891155e-06,0.6714424826381348,0.671415878807183,-2.6603830951765772e-05
444,0.6497195968540452,0.6491768241380845,-0.0005427727159607043,0.6635703327338489,0.6629556937496447,-0.0006146389842042188
445,0.6413095263282618,0.641879828400055,0.000570302071793205,0.6514547335164447,0.6520913794791775,0.0006366459627328291
446,0.626171616577316,0.6279813045917537,0.0018096880144377048,0.6416291568465481,0.6435219983046069,0.0018928414580587916
447,0.6438669874385626,0.6447571318128553,0.0008901443742926896,0.6662503318951984,0.6676392207840873,0.001388888888888884
448,0.6394735702066298,0.6385127868157006,-0.0009607833909291985,0.6467234917826875,0.6459867768068422,-0.0007367149758452651
449,0.6099209123062067,0.610824845193591,0.0009039328873843289,0.6218596457389679,0.6228508284692811,0.0009911827303131782
450,0.6599314776166214,0.6627297541803723,0.0027982765637508678,0.6665423452723223,0.6690236803623532,0.0024813350900309006
451,0.6420761952699287,0.6438584659998553,0.0017822707299266494,0.6533934192915886,0.6554327567657088,0.0020393374741202175
452,0.6449261506019558,0.646686717494802,0.0017605668928462048,0.6558061715849415,0.6576215301394304,0.0018153585544888884
453,0.622129547430336,0.6204052818945778,-0.0017242655357582182,0.6445469795163536,0.643001948460453,-0.0015450310559006475
454,0.6193310723435259,0.6206844503344199,0.001353377990893967,0.6360333356338659,0.6379062453328624,0.001872909698996561
455,0.6229345138113981,0.6234652056336822,0.0005306918222841572,0.6345373173118083,0.6346668737457125,0.000129556433904221
456,0.6624415851954926,0.6592305722888397,-0.0032110129066528215,0.6687863032933812,0.6656824385590817,-0.0031038647342994663
457,0.6229376945914904,0.6255539014295579,0.002616206838067514,0.638154438213289,0.6411496072954147,0.002995169082125715
458,0.6368313867660382,0.6388800042303402,0.0020486174643019606,0.6526554321490992,0.6540617588431497,0.001406326694050497
459,0.6317007951658464,0.6342158724035404,0.0025150772376939523,0.649454233551737,0.6519968592976876,0.002542625745950544
460,0.6412926059136016,0.6422764185885564,0.0009838126749548426,0.65197980492494,0.6533571473892389,0.0013773424642988807
461,0.6134892490920874,0.6154901713320119,0.0020009222399245408,0.6286100252404601,0.630599991795644,0.0019899665551839085
462,0.644169916014573,0.6435188398500129,-0.0006510761645600605,0.6508159646886071,0.6500309405340178,-0.0007850241545893644
463,0.667559614479808,0.6695218794803994,0.001962265000591379,0.6718719157942407,0.6740423781820943,0.0021704623878536777
464,0.6365247162347851,0.6389206817074574,0.00239596547267229,0.6483990361614724,0.6508031417177521,0.0024041055562796787
465,0.6313771349614464,0.6328290690060211,0.0014519340445746654,0.6415982423244906,0.6428818862168302,0.001283643892339592
466,0.6227705731843021,0.6223703361707331,-0.00040023701356894925,0.6265922468447939,0.6264157325378448,-0.00017651430694909376
467,0.6199168354805055,0.6221265708740222,0.002209735393516765,0.6322402782091653,0.6343925462309984,0.0021522680218331036
468,0.6293727802348468,0.6326388597802711,0.0032660795454243496,0.6378926072176155,0.6409327916708435,0.0030401844532279565
469,0.6354570377870331,0.6364103759494409,0.0009533381624078352,0.648638074508419,0.6496632329248817,0.0010251584164626681
470,0.6450378814890859,0.6444636704850139,-0.0005742110040720672,0.6655498203105356,0.6643822274152538,-0.0011675928952817882
471,0.6264967463869515,0.6301451307903886,0.003648384403437066,0.6364148354838336,0.6399651257732544,0.0035502902894207766
472,0.6452572467173965,0.649546564593814,0.004289317876417509,0.6527068698231374,0.656583041960179,0.0038761721370416113
473,0.6547977546049232,0.6556521252194135,0.0008543706144903407,0.664329600295222,0.6660377049924573,0.0017081046972352576
474,0.6546277054356434,0.6574718199597296,0.002844114524086172,0.6639084157858887,0.6660650755512441,0.0021566597653553954
475,0.6210881769320851,0.6208316194032569,-0.00025655752882813854,0.6405555955576423,0.6401647580632243,-0.0003908374944180393
476,0.6619722604877432,0.6661900121471761,0.0042177516594329445,0.6700540325425909,0.6744799689250488,0.004425936382457918
477,0.6323210963306345,0.6369935389673388,0.004672442636704299,0.6459899864924811,0.650275845560949,0.004285859068467901
478,0.6254590262913399,0.6261094211607855,0.0006503948694456252,0.6400816574729618,0.6410032479597696,0.0009215904868078439
479,0.6428662849073163,0.6434531250594959,0.0005868401521795796,0.6549650359875121,0.655813740423173,0.0008487044356608742
480,0.6259531828903521,0.6262175130491167,0.00026433015876459187,0.6459689796769518,0.6464719790929947,0.0005029994160429263
481,0.645344264101668,0.6466304746295272,0.0012862105278591551,0.6517812840145687,0.6527891891529086,0.0010079051383399262
482,0.6183613701296405,0.6188964236634235,0.0005350535337829143,0.6346348351847074,0.635003838162406,0.0003690029776985959
483,0.6369490349262658,0.6386609045689714,0.0017118696427056435,0.6470000639646653,0.6492102088922013,0.0022101449275360174
484,0.6256680486304366,0.6253060208536161,-0.0003620277768204838,0.6385270903613295,0.63798361210046,-0.0005434782608695343
485,0.6441610919771767,0.6450208633007132,0.000859771323536429,0.6585417471063775,0.659533653750458,0.0009919066440805535
486,0.6637184171751682,0.6623176761362513,-0.0014007410389169639,0.6671351750014322,0.6659352999972094,-0.0011998750042228057
487,0.6706459690410358,0.6711425679181869,0.0004965988771511443,0.6819842738864478,0.6819506299941083,-3.364389233950771e-05
488,0.6082788081999493,0.6086598336258316,0.0003810254258823642,0.6239168947764794,0.6247657560601233,0.0008488612836439202
489,0.6337560524148184,0.6369096547621129,0.0031536023472945596,0.6460900547456613,0.6487352718474,0.002645217101738706
490,0.6482182796383644,0.6480558808424424,-0.00016239879592205853,0.6622932681450867,0.6612427486163063,-0.0010505195287804359
491,0.6402917161714587,0.6399833413099385,-0.0003083748615202442,0.6482236155838641,0.6479541990100995,-0.0002694165737645582
492,0.631656531744253,0.6355598456265696,0.0039033138823166835,0.6376036459122356,0.6415358731053322,0.003932227193096605
493,0.6351718922563268,0.6388519196296579,0.003680027373331174,0.6584688128271966,0.6623162938485906,0.0038474810213939836
494,0.6292901803683112,0.6275394788769469,-0.0017507014913642482,0.640234475951486,0.6375137908394964,-0.0027206851119895292
495,0.6099285498732029,0.6119079587358456,0.0019794088626426953,0.6174325283980014,0.6192116731662767,0.0017791447682752315
496,0.6234628396875731,0.6250993684470746,0.0016365287595014877,0.6314341586772945,0.6332081093642887,0.0017739506869942634
497,0.63907740940559,0.6431105081254417,0.004033098719851691,0.656725956719888,0.6609926923996671,0.004266735679779088
498,0.6515125879424282,0.6532208908985301,0.0017083029561019147,0.6747172258766462,0.6777851724228536,0.003067946546207456
499,0.6260130532560939,0.6286333655835705,0.002620312327476615,0.6351049249131089,0.6370318506443826,0.001926925731273732
500,0.6184071567403807,0.6196882798197905,0.0012811230794097517,0.634696848550264,0.6362755234985041,0.0015786749482401552
501,0.6386255025368939,0.6436343325058415,0.005008829968947581,0.6404181462310008,0.644868164811454,0.004450018580453241
502,0.6383133039164308,0.6382004156012083,-0.00011288831522249243,0.6520183439748657,0.651431732518689,-0.0005866114561766667
503,0.6540985267359637,0.6557085789855932,0.0016100522496295122,0.6588519775130448,0.6601823621042989,0.001330384591254119
504,0.6421430899365932,0.643182806238023,0.0010397163014298494,0.6539891163594647,0.6541133399619492,0.00012422360248454112
505,0.6466943283942976,0.6467074651095054,1.313671520775106e-05,0.6556482737276407,0.6546455928336554,-0.0010026808939852527
506,0.6341216355431198,0.6351571988154169,0.0010355632722970354,0.6404772640838216,0.6417643586317856,0.0012870945479640516
507,0.6535368755275303,0.6551915192879906,0.001654643760460317,0.6673870674019126,0.6690951419360741,0.0017080745341615522
508,0.6489833922862043,0.6486527652258206,-0.0003306270603836703,0.6631389075805487,0.6626295299164395,-0.0005093776641091896
509,0.6407962597250101,0.6409917399296791,0.0001954802046689741,0.6577226412662244,0.6586042425025166,0.0008816012362922176
510,0.6315143455549301,0.6308242896053023,-0.000690055949627788,0.6398235564350798,0.6387506197099693,-0.0010729367251105515
511,0.6327964308428387,0.635319224786837,0.002522793943998347,0.6472439765406518,0.6490643982331963,0.0018204216925444827
512,0.6467972841776232,0.6484810179055421,0.001683733727918968,0.6564652452346835,0.6582322946104285,0.0017670493757450112
513,0.6408207537167494,0.6415193346451749,0.0006985809284254518,0.6494834470060065,0.6503347695964594,0.000851322590452952
514,0.6421940364603403,0.6426694949431875,0.0004754584828471353,0.6575287458983111,0.6580463442419964,0.0005175983436852549
515,0.6286044824849804,0.629293971332123,0.0006894888471425942,0.6456032246875255,0.6461434091407535,0.0005401844532280098
516,0.6571050564543129,0.6558737558933164,-0.0012313005609965177,0.6732772020331391,0.6721209669638607,-0.0011562350692784218
517,0.6463558840878515,0.6467962426239061,0.00044035853605461917,0.6582011133225966,0.6585612362914153,0.0003601229688187102
518,0.6331157349317885,0.6351683986136684,0.0020526636818798405,0.6527963339823953,0.6547612169255391,0.0019648829431437864
519,0.6513011932315779,0.6563761754926749,0.0050749822610970385,0.6609251550680947,0.6661563489949408,0.005231193926846123
520,0.6554305731234445,0.6537073448750516,-0.001723228248392994,0.6628534024959116,0.661259199597361,-0.0015942028985506118
521,0.6271009505332401,0.6253474369557182,-0.001753513577521959,0.6440865928399854,0.6427562565096491,-0.0013303363303363014
522,0.647034894290389,0.6462886750231913,-0.0007462192671976453,0.6532300951758995,0.6530127038715515,-0.00021739130434794696
523,0.6558996728703462,0.6575491814307061,0.0016495085603598358,0.6653108625853699,0.6671204177644902,0.0018095551791202924
524,0.6293206815681439,0.6289647133046784,-0.00035596826346551147,0.6463720925157598,0.6482170953390236,0.0018450028232638305
525,0.6575713605658531,0.6591501310603828,0.001578770494529702,0.6692573893852667,0.6712831896719365,0.0020258002866697655
526,0.637557823717437,0.6403861467404373,0.00282832302300029,0.6534066393730172,0.656105872507033,0.002699233134015766
527,0.6340319211410896,0.6335832321464155,-0.00044868899467409573,0.6572131728799369,0.6565792415938315,-0.0006339312861053381
528,0.621810643877514,0.6221590494567708,0.0003484055792568608,0.631497414742329,0.6326853029410868,0.0011878881987578138
529,0.6206009196548624,0.6219702564846015,0.001369336829739054,0.6281922538894057,0.6295500868776734,0.0013578329882677487
530,0.6240358362154819,0.6252009505093724,0.0011651142938905457,0.6488582372504499,0.6500248242866021,0.0011665870361522446
531,0.6684293568930679,0.6678470983379928,-0.0005822585550750992,0.6795495579991679,0.6793261099496329,-0.0002234480495350022
532,0.6198018658925369,0.6202849000262524,0.0004830341337154209,0.6371227612638996,0.6364333057918354,-0.0006894554720641155
533,0.6373413388060017,0.6391669336373472,0.0018255948313454784,0.6564682005575431,0.6573981522483643,0.000929951690821218
534,0.6744372052240499,0.6760394550318101,0.0016022498077601366,0.6862863682949688,0.6877920486049969,0.001505680310028068
535,0.6644915957183295,0.6692509605351329,0.004759364816803391,0.6733401053831897,0.6772838910661058,0.00394378568291609
536,0.6228157137047414,0.6241885203820885,0.0013728066773470715,0.6367301385298084,0.636928708076204,0.00019856954639563273
537,0.6113517489066111,0.6128400767017814,0.0014883277951702745,0.6310491396475378,0.6326536945129623,0.0016045548654244346
538,0.6171733026930915,0.6176327709865163,0.0004594682934248029,0.639164241555546,0.6389997200866766,-0.0001645214688693608
539,0.6336722776000558,0.6378885950362753,0.004216317436219419,0.6454499727325814,0.6504378954378954,0.004987922705314007
540,0.6205188244654195,0.6193355507866963,-0.0011832736787231735,0.6464100212052011,0.6449670499252733,-0.0014429712799277628
541,0.6163225204535676,0.621431013326882,0.005108492873314385,0.6246199101298148,0.6303543206468339,0.005734410517019173
542,0.6280544074115769,0.6299818563572672,0.0019274489456903021,0.6342987043123116,0.635753626202016,0.0014549218897044192
543,0.6358966321486162,0.6373762641760778,0.001479632027461597,0.6463008898664752,0.646945173119454,0.0006442832529788278
544,0.6287266694605907,0.6269281998596857,-0.0017984696009050172,0.6460851264169342,0.644486156165218,-0.0015989702517161808
545,0.6421837138453589,0.6422533200521808,6.960620682194829e-05,0.6537006164313989,0.6540508579772926,0.0003502415458936925
546,0.6182701735113257,0.6220367856844117,0.003766612173085937,0.6373256254783312,0.6413973991153222,0.004071773636991072
547,0.6201429009364849,0.6213456877979692,0.0012027868614842285,0.6258329220272733,0.6272047144860222,0.001371792458748966
548,0.6409255081642578,0.6417232148209137,0.0007977066566559055,0.6490346076139968,0.6501281517510191,0.0010935441370223398
549,0.649550688739757,0.649087527090008,-0.00046316164974891105,0.666692254109509,0.6666821675776834,-1.0086531825659328e-05
550,0.6410046736324869,0.6416433016182108,0.0006386279857238941,0.6514036208106521,0.6524148197566336,0.0010111989459815618
551,0.6780896731929815,0.6788673864836057,0.0007777132906241491,0.6899705336508766,0.6906086033106853,0.0006380696598087265
552,0.6340067073696779,0.6355135249999191,0.0015068176302411862,0.6497600022782976,0.6509115681037766,0.0011515658254790395
553,0.6366989920750424,0.6346509180516418,-0.002048074023400681,0.6422347652982665,0.6404878708883286,-0.0017468944099379158
554,0.6469227499916107,0.6482880215812835,0.0013652715896728118,0.6613304843947708,0.6623932863271379,0.0010628019323670745
555,0.6400238954976419,0.6388757839356755,-0.0011481115619664806,0.6609277588995444,0.6601612066112528,-0.0007665522882915887
556,0.6344962486715389,0.6333935741454576,-0.0011026745260812598,0.6445676723520198,0.643779040693823,-0.00078863165819687
557,0.6346260260048205,0.6385347516538252,0.003908725649004685,0.656267647276893,0.66023083988139,0.003963192604496957
558,0.6114306186883226,0.613894717413293,0.0024640987249704427,0.6146743594569682,0.6170725651160434,0.0023982056590751144
559,0.6548715083430539,0.6565211026643009,0.0016495943212470054,0.6767083145142707,0.6787573162371855,0.0020490017229147783
560,0.6343534122786902,0.6356324715416798,0.0012790592629895459,0.6506465673905444,0.6509874764814534,0.0003409090909090029
561,0.6362679024538881,0.6375153179585439,0.001247415504655791,0.6535334671928105,0.6546601183194618,0.0011266511266513346
562,0.6450413868464303,0.6474397036539885,0.0023983168075581984,0.6534510345269993,0.6552489829553825,0.0017979484283832114
563,0.650567462909026,0.6520197558227734,0.0014522929137473772,0.6550690669068829,0.6565117546539184,0.001442687747035487
564,0.6382057328499656,0.6373578127865909,-0.0008479200633747519,0.6516099127484395,0.6507598570070795,-0.0008500557413599896
565,0.647037682047924,0.6479718748991716,0.0009341928512476283,0.6554829203961315,0.6560701262236118,0.000587205827480286
566,0.6215030778599043,0.623309716636706,0.00180663877680165,0.6367957464807319,0.638984846099499,0.0021890996187671208
567,0.6258240735141207,0.6279774389401312,0.002153365426010523,0.6461048810944348,0.6483853585027894,0.0022804774083546864
568,0.6309713712787517,0.6313124912760762,0.0003411199973245571,0.6470944250292077,0.6475000339130774,0.0004056088838697569
569,0.638679479147653,0.6408201890693025,0.0021407099216494974,0.6549690240361933,0.6566295154345363,0.0016604913983430114
570,0.63337258918,0.6309958372758596,-0.0023767519041403284,0.640259547216069,0.63804391260913,-0.0022156346069390764
571,0.5938537801942526,0.5945532000800243,0.0006994198857717127,0.6089927646044442,0.6097760634312213,0.0007832988267770791
572,0.6361195307145701,0.6372366080666978,0.0011170773521277377,0.6541154172283377,0.6549454567540294,0.000830039525691717
573,0.6056252461581091,0.6040572149467847,-0.0015680312113244277,0.6444609361185457,0.6435725406265697,-0.0008883954919760573
574,0.636992782991709,0.6373202955470251,0.0003275125553160452,0.6465151594682812,0.6468527747515487,0.00033761528326747836
575,0.6195466875110504,0.6194170636068209,-0.0001296239042294367,0.6403975400512308,0.6399561698272517,-0.00044137022397916503
576,0.6498060230942764,0.6507749012888503,0.0009688781945739189,0.6701920472586931,0.6713307636148007,0.0011387163561076274
577,0.6746714898481013,0.6719104235176214,-0.0027610663304799,0.6869580518941133,0.6845231076113429,-0.002434944282770357
578,0.6226534607439599,0.6238978033497172,0.0012443426057573426,0.6353906104941729,0.6362619244601162,0.00087131396594331
579,0.670060061839137,0.6702856733205912,0.00022561148145416876,0.6778533645289995,0.6780880091114702,0.00023464458247068887
580,0.6230432616618776,0.6232139241086937,0.00017066244681607223,0.630538806849789,0.6304356008770179,-0.00010320597277113652
581,0.6343931348261622,0.6357401056033881,0.0013469707772258976,0.6439046484594346,0.6446689686802767,0.0007643202208420519
582,0.631785989567228,0.632721429406149,0.0009354398389209706,0.6499714071635471,0.6509148230154297,0.000943415851882623
583,0.6232012216002503,0.624077280071655,0.0008760584714047059,0.6418780170757392,0.6427470031621167,0.0008689860863775323
584,0.6644757503044839,0.6627201877144935,-0.0017555625899904337,0.6750416574272409,0.6736098169564988,-0.001431840470742074
585,0.6280135797595109,0.6279314051955263,-8.217456398462719e-05,0.635559502653375,0.635327397801705,-0.00023210485167002304
586,0.6465651564065449,0.6483283845023419,0.001763228095796987,0.6553638366001042,0.6566029356652902,0.0012390990651859335
587,0.6572016614458218,0.6578992065818239,0.0006975451360020646,0.6744664774359502,0.6751597937814404,0.0006933163454901914
588,0.6372446991952606,0.6359974029301725,-0.001247296265088127,0.646263704592509,0.6439719383876993,-0.002291766204809753
589,0.6217789528451706,0.6191788103442744,-0.002600142500896241,0.6335876206955241,0.6306522024397397,-0.002935418255784361
590,0.6237292784317718,0.6240558987307907,0.0003266202990188649,0.6382736789086902,0.6383804320589218,0.0001067531502315644
591,0.635421970880376,0.6352191419613158,-0.00020282891906020506,0.6455079891094415,0.6449524335538861,-0.0005555555555554204
592,0.659339697181892,0.6593978290327047,5.813185081271488e-05,0.6699543582880467,0.6702329987297306,0.00027864044168390834
593,0.6373739396569067,0.6392537106633435,0.00187977100643677,0.6643545524523785,0.6659832619071748,0.0016287094547963177
594,0.6376321672280241,0.6412692442401987,0.0036370770121746387,0.650813479177672,0.6543530555433353,0.003539576365663377
595,0.634111901731579,0.6353236214576888,0.0012117197261097834,0.6441858560290148,0.6456728231681559,0.0014869671391410932
596,0.6456265498480095,0.6473107747740311,0.0016842249260216047,0.656447427051647,0.6581257487299688,0.0016783216783217147
597,0.6399303028288817,0.6414726359913813,0.0015423331624995207,0.6519967973986173,0.6528487956419199,0.0008519982433026208
598,0.6456067322808954,0.6480090547460269,0.002402322465131501,0.657588634711948,0.6599404133680745,0.0023517786561265686
599,0.6245985743402417,0.6236651714659154,-0.0009334028743263056,0.6289744529561464,0.6280640107413563,-0.0009104422147900859
600,0.6200722897148693,0.6215158986121793,0.0014436088973099892,0.6292017242418213,0.6310091112282364,0.0018073869864151382
601,0.6482399601825876,0.6476281594339713,-0.0006118007486162202,0.666173311836893,0.6649385562543114,-0.0012347555825815704
602,0.6430700382709326,0.6453548872831716,0.002284849012239021,0.6551762675916644,0.6570863140669282,0.0019100464752638269
603,0.6316748276672278,0.6319567405306024,0.0002819128633745338,0.6397333343240058,0.639886623064251,0.00015328874024522765
604,0.6221495886505594,0.6207297567181375,-0.0014198319324219,0.6378376962682925,0.6364674722893728,-0.0013702239789196158
605,0.6318423824594711,0.6327460503705891,0.0009036679111179557,0.6447075000614876,0.6453202568698966,0.0006127568084089985
606,0.632399193466713,0.6311192738599745,-0.0012799196067385665,0.643599397043333,0.6421533907231848,-0.001446006320148241
607,0.6321379423196472,0.6319171469642718,-0.00022079535537533612,0.6452084771389731,0.6443728393468136,-0.0008356377921595604
608,0.6410356510841455,0.6431588249281286,0.002123173843983084,0.6563786026136578,0.6584726197076748,0.00209401709401702
609,0.6256687250837202,0.6282372163788963,0.002568491295176112,0.6369487025003405,0.6389739236559965,0.002025221155655954
610,0.6423355895255337,0.6427894691545276,0.0004538796289939029,0.6577145632914037,0.6587814432713271,0.0010668799799234963
611,0.6430404269974553,0.6439719408905602,0.0009315138931048628,0.6527099656196647,0.6541695929488571,0.00145962732919247
612,0.6344691780450465,0.6334991504095764,-0.0009700276354701609,0.6445633709819997,0.6432748165412712,-0.0012885544407285066
613,0.6321173219780931,0.6316284349453263,-0.0004888870327668382,0.6470890220890222,0.6467217927000535,-0.00036722938896871504
614,0.6398225700247483,0.6374439192491267,-0.0023786507756216047,0.6477020952162729,0.6455114597647679,-0.0021906354515049964
615,0.6509588667740546,0.651142711073935,0.00018384429988038686,0.6561222320426549,0.6560664906825656,-5.574136008923425e-05
616,0.6284092827596006,0.6293466343753484,0.0009373516157478168,0.6431421942300719,0.6441351203860415,0.0009929261559695757
617,0.6168928781151617,0.6159599576293128,-0.0009329204858489204,0.6307075013521419,0.6300297732831096,-0.000677728069032324
618,0.6632520847336059,0.6629946642461657,-0.000257420487440152,0.6702423013111418,0.6698958603125269,-0.0003464409986149164
619,0.6234139156670815,0.6243707209507956,0.0009568052837141128,0.63292580607798,0.6338730110469241,0.0009472049689440709
620,0.6286220287947062,0.6298001664292332,0.00117813763452701,0.632415458131553,0.6345893711750312,0.0021739130434782483
621,0.6518127651262692,0.6526120072641411,0.0007992421378719694,0.6580313690599112,0.6585845598304932,0.0005531907705820238
622,0.649892228314405,0.6500874264704178,0.00019519815601287682,0.6567840714579845,0.6564810411549541,-0.0003030303030303605
623,0.6299817108182775,0.6336293622127686,0.0036476513944910804,0.6405742622193527,0.6433975621078699,0.002823299888517261
624,0.6259043528619042,0.6263146582734193,0.00041030541151509947,0.643003870908805,0.6437946200147714,0.0007907491059664373
625,0.6915011632701237,0.6911931147723083,-0.0003080484978154052,0.6968314743192879,0.6963294039259132,-0.0005020703933746873
626,0.6341837659629135,0.6364861223084747,0.002302356345561196,0.6515577070048442,0.6536384688567731,0.0020807618519289584
627,0.6586138295743621,0.6582904891776968,-0.0003233403966652615,0.6637505248374813,0.6637505248374813,0.0
628,0.6567730267851206,0.6545945580208439,-0.002178468764276742,0.6714134037115403,0.6685705943469918,-0.002842809364548504
629,0.6263608649776975,0.6253605607979739,-0.0010003041797236323,0.6358456629762774,0.6351348279176162,-0.0007108350586612078
630,0.6486979653483349,0.6501379849003626,0.0014400195520276604,0.6804328872999515,0.6819063172516424,0.0014734299516908633
631,0.6272673290182562,0.6318891428516757,0.00462181383341953,0.6353733554381408,0.6392008195341471,0.0038274640960063167
632,0.6337474670337242,0.6347692439728697,0.0010217769391455134,0.6543206079005494,0.6555026142999472,0.0011820063993978058
633,0.635818617282264,0.6383867955223366,0.002568178240072605,0.6464630481863476,0.6485852013954573,0.0021221532091096895
634,0.648983387110107,0.6496135192654701,0.0006301321553631167,0.6666070117123811,0.6669966703629094,0.00038965865052831283
635,0.6272015123661692,0.6252215352325026,-0.0019799771336665994,0.6453143626237775,0.643680634033527,-0.0016337285902504606
636,0.6249697875513994,0.6257679400650032,0.0007981525136038226,0.6311458446232714,0.6315519517301459,0.00040610710687449814
637,0.6233743648252902,0.6224770812529016,-0.0008972835723886075,0.6467527372077423,0.6458727114364122,-0.0008800257713300619
638,0.6423761669749061,0.6458323526337548,0.003456185658848754,0.6603476696534468,0.6636326938080362,0.003285024154589422
639,0.6541821630533876,0.6529860675871292,-0.0011960954662584289,0.668330582665625,0.6675385486127213,-0.0007920340529036229
640,0.6310118409230858,0.633078017612098,0.0020661766890122113,0.6475993660651538,0.6501969134453097,0.00259754738015594
641,0.6432449279252733,0.643390995765711,0.0001460678404376914,0.6542440321223892,0.6547478278435762,0.0005037957211869726
642,0.6196757789191928,0.6181978551700817,-0.001477923749111043,0.6297382004851232,0.6277450245789038,-0.001993175906219391
643,0.6344782235970063,0.6313779931637368,-0.0031002304332695685,0.6432634939651553,0.6410688769879297,-0.002194616977225561
644,0.6426340073100963,0.6454042146049797,0.002770207294883309,0.6435320933005242,0.6462634199448943,0.0027313266443701467
645,0.627219910382076,0.6292788787462849,0.002058968364208824,0.6365956089042796,0.6386642769512083,0.0020686680469287344
646,0.6088997761651336,0.6128442575368741,0.003944481371740527,0.6201862550854359,0.6235939139042479,0.0034076588188119983
647,0.6544719756647828,0.6563354248174162,0.0018634491526334784,0.6701224708885164,0.671666639280511,0.0015441683919945604
648,0.6581624659591874,0.6588069590243435,0.0006444930651561265,0.6727123870312525,0.6736181841327017,0.0009057971014492239
649,0.6609447510990456,0.6598031127050178,-0.0011416383940278108,0.6693172213312879,0.6684322850115689,-0.0008849363197189763
650,0.6658379823504659,0.6639439739535862,-0.0018940083968796984,0.6699689020584736,0.6673490822647408,-0.002619819793732825
651,0.6360691325760482,0.635819977479003,-0.0002491550970452616,0.6451234121621858,0.6450685153681587,-5.489679402714831e-05
652,0.6329774501841934,0.6361503381583915,0.003172887974198124,0.6530609193996401,0.6558649830540874,0.0028040636544472974
653,0.6500869807011667,0.6511563008382415,0.0010693201370748362,0.6601535439225418,0.6610284419713529,0.0008748980488111346
654,0.6560457189352308,0.6575462046026879,0.0015004856674570854,0.6614843783022736,0.663168611943029,0.0016842336407554281
655,0.6451383329515032,0.6449061875047921,-0.00023214544671112947,0.6585991677557446,0.658019457610817,-0.0005797101449275255
656,0.6019932562324566,0.6026016688676217,0.0006084126351650898,0.6249943347998268,0.6245237425901041,-0.00047059220972267557
657,0.6404235435354455,0.6415293878720042,0.0011058443365586923,0.6470754092731823,0.6478557279882836,0.0007803187151013136
658,0.6316194195051752,0.6318560721376302,0.00023665263245498114,0.6364119824524517,0.6366312559325948,0.00021927348014316728
659,0.6457661748883098,0.6473357261187579,0.0015695512304481074,0.65712036755515,0.6587390387390386,0.001618671183888587
660,0.6383942536080339,0.6393990501357433,0.0010047965277093507,0.648553551154919,0.6490193896642358,0.00046583850931680715
661,0.6576205498810347,0.6607865041068937,0.003165954225858969,0.666353029686363,0.6694848917856164,0.003131862099253424
662,0.6307326570587268,0.6331577741448082,0.0024251170860813964,0.6389851288103633,0.6404487376652765,0.0014636088549132564
663,0.6445457040206402,0.645319269957242,0.0007735659366018277,0.6533936339795371,0.6543620134261772,0.0009683794466400775
664,0.6401749896035771,0.6439110656737383,0.0037360760701612428,0.6516349066048485,0.655554473113929,0.003919566509080541
665,0.6419412373653401,0.6434777588466168,0.001536521481276698,0.6528406161440238,0.6547334576020826,0.0018928414580587916
666,0.6328806287072283,0.6358799577553329,0.0029993290481046264,0.6410614442599127,0.6441094876226015,0.0030480433626887127
667,0.6253106037270836,0.6254558787110106,0.00014527498392702398,0.6353339368701955,0.6357264489474903,0.0003925120772948487
668,0.674258165973068,0.6762113659692113,0.0019531999961432955,0.6795606006938273,0.681191035476436,0.001630434782608714
669,0.6515272629677077,0.6504058915850116,-0.0011213713826960792,0.6648739986107263,0.6635696507846393,-0.0013043478260870156
670,0.6375933982800269,0.6400065465148683,0.0024131482348414,0.647332344194348,0.6497496853073412,0.0024173411129931877
671,0.6330897829800102,0.63398572350955,0.0008959405295397849,0.6507758445144837,0.6513574971613537,0.0005816526468700456
672,0.6670001939462322,0.6672744070344357,0.0002742130882035232,0.6721047984411157,0.6727414444038485,0.0006366459627328291
673,0.6186962451746829,0.6174880930366579,-0.0012081521380250537,0.6460794638206868,0.645037365822067,-0.001042097998619762
674,0.6269423763135723,0.6294497527081375,0.0025073763945652194,0.6350445703977462,0.6373114339689575,0.0022668635712113083
675,0.6427245585162334,0.6422176145044084,-0.0005069440118250501,0.6530188140455341,0.6529072951296674,-0.00011151891586669294
676,0.6462326513736146,0.6485719844313634,0.0023393330577488047,0.6528543788653539,0.6551337860168839,0.0022794071515299663
677,0.6265663999036898,0.6272214079368197,0.0006550080331299002,0.6392411019136821,0.6395341422067224,0.0002930402930403364
678,0.659089011583406,0.6594257640993125,0.0003367525159064799,0.6747590261401003,0.6747817045131623,2.2678373062023915e-05
679,0.6276867774197299,0.6280513392202994,0.00036456180056954057,0.6415399283402649,0.6419104816999488,0.000370553359683945
680,0.6602094306112094,0.6604481230984618,0.0002386924872523899,0.6715643579763357,0.6719870632903454,0.0004227053140096748
681,0.6261176392855249,0.6290190089042833,0.0029013696187584204,0.6533263586815468,0.6587004230230024,0.005374064341455598
682,0.6269363111514759,0.6283395044766644,0.0014031933251885675,0.6456055106600781,0.6476604529209701,0.0020549422608919787
683,0.6355593004350224,0.6356703081459218,0.00011100771089944672,0.6444135760914604,0.6441841074924266,-0.000229468599033833
684,0.6588578837651355,0.6597953919632085,0.0009375081980729227,0.6694843590732059,0.670451456056927,0.0009670969837211052
685,0.6174956413445735,0.6182814709266303,0.0007858295820568628,0.634358929570065,0.6353948320733589,0.001035902503293884
686,0.6290244043238207,0.6321872720457447,0.0031628677219239787,0.6436883449031786,0.646973369057768,0.003285024154589422
687,0.65524123662642,0.6577896258644627,0.002548389238042681,0.6714119387930774,0.673935502186206,0.002523563393128647
688,0.6142627271895378,0.6132407890528,-0.0010219381367377878,0.6222245457447536,0.6202266161381285,-0.0019979296066251484
689,0.6464261967117387,0.6459392236266464,-0.00048697308509237924,0.6574352843576495,0.6570651507969789,-0.00037013356067061576
690,0.6498473883667204,0.6500661853059755,0.0002187969392550837,0.6566930788017625,0.6563615667503019,-0.00033151205146064733
691,0.6392128225900536,0.6427253263720611,0.0035125037820075145,0.6593662448410903,0.6627246617864638,0.0033584169453735324
692,0.6407261575695442,0.6432798585146511,0.0025537009451068737,0.660323684189638,0.6630011275192553,0.0026774433296172795
693,0.6654937417687823,0.6665055479946915,0.0010118062259092397,0.6746430189122519,0.6761149286450311,0.0014719097327792197
694,0.664785056901832,0.6654754244089892,0.0006903675071572302,0.6728840735678288,0.6735258955139986,0.000641821946169796
695,0.6327933996269625,0.6335790463297627,0.0007856467028002356,0.6385312555331291,0.6393528252677423,0.0008215697346132256
696,0.6406622333397743,0.6417121618263512,0.0010499284865768121,0.6490004324778261,0.64995741028263,0.0009569778048038602
697,0.6710964961228219,0.6726952911487881,0.0015987950259662709,0.6762964209703339,0.6770089813568074,0.0007125603864734931
698,0.6547663047283703,0.6538683359616442,-0.0008979687667260983,0.6600420151516526,0.6591566565489028,-0.0008853586027498528
699,0.6505356108475424,0.6505396792470274,4.068399484968843e-06,0.6568299055250906,0.656704065181859,-0.00012584034323159798
700,0.6351229483681456,0.635781647459785,0.0006586990916394031,0.6425172291476641,0.6431455621673013,0.0006283330196372727
701,0.6124896763821583,0.6135279166435419,0.0010382402613835495,0.6301556023765403,0.6314042088425382,0.0012486064659978924
702,0.6587272662364503,0.6615541778982366,0.00282691166178628,0.6619751234840748,0.6646398500618449,0.00266472657777006
703,0.6233102735318422,0.6260788568117617,0.0027685832799194676,0.6382893431925266,0.6407415407534198,0.00245219756089321
704,0.6330541977796361,0.6362760217555311,0.0032218239758949885,0.6432112226410218,0.6449155328235929,0.0017043101825711116
705,0.6596242133730759,0.6616654479459075,0.002041234572831674,0.6696186459717195,0.6721994709438487,0.002580824972129192
706,0.6484864177224958,0.6502151012402376,0.0017286835177418025,0.6612277959619126,0.6626990300418424,0.001471234079929773
707,0.6354858857658242,0.6346011554525612,-0.0008847303132629714,0.6517911857291213,0.6513596969280673,-0.0004314888010540363
708,0.6355276712644238,0.6357302767648797,0.0002026055004559213,0.6444990841966267,0.6446440117328586,0.00014492753623185362
709,0.646708550300121,0.6480096774131053,0.0013011271129843571,0.6557865267851433,0.6568519830679908,0.0010654562828474878
710,0.644467211636349,0.6477954134273973,0.003328201791048313,0.6529006719511303,0.656714684026012,0.003814012074881634
711,0.6398152559319495,0.6380755868740874,-0.0017396690578621588,0.6452134339090861,0.6433759597890033,-0.0018374741200828382
712,0.6315061391503562,0.6378335467700961,0.006327407619739822,0.6406946245153763,0.6465077106193831,0.0058130861040067705
713,0.6198748271995448,0.6207386783097375,0.0008638511101927149,0.6265184640135234,0.6275677770193581,0.0010493130058346622
714,0.6541855299538434,0.6535959845098734,-0.000589545443969941,0.6632076175408548,0.6625787770718609,-0.0006288404689939187
715,0.6219643240918743,0.6219001871292563,-6.413696261797774e-05,0.6369615930617478,0.637446096481034,0.00048450341928618634
716,0.6201897508364485,0.6205065195900372,0.00031676875358876977,0.6271460096804071,0.6270646538381816,-8.135584222557224e-05
717,0.6203759299708566,0.6231614735445395,0.0027855435736829914,0.6270118971205928,0.6298808035764558,0.0028689064558630184
718,0.6372429875363029,0.6380444198889466,0.0008014323526436273,0.6550393501732642,0.6549670106060396,-7.233956722463297e-05
719,0.6193432785481174,0.620936827481411,0.0015935489332935537,0.6562141261146588,0.6577841744238375,0.0015700483091787287
720,0.6279358881362913,0.6303637749469676,0.002427886810676294,0.6480906606956802,0.650182934364041,0.0020922736683607335
721,0.6609974524755952,0.661385195661794,0.0003877431861988301,0.6643115526316128,0.6647364417521541,0.00042488912054128303
722,0.6437295778006125,0.6457865075799968,0.00205692977938432,0.6660364033970846,0.6672544848325572,0.00121808143547264
723,0.6398993400044103,0.640518811745279,0.0006194717408687378,0.6590479923445478,0.6596797277588918,0.0006317354143440257
724,0.6425956014525691,0.643221649721512,0.0006260482689428581,0.645000664195951,0.6453935080670559,0.000392843871104831
725,0.6476660039045301,0.6484533143083374,0.0007873104038073064,0.6585653256404492,0.6595556638047004,0.0009903381642512032
726,0.6232851676408042,0.6239779364609496,0.0006927688201453508,0.6319830929157746,0.6324837516773029,0.000500658761528272
727,0.6248962459797777,0.6260956440401735,0.0011993980603958176,0.6432873416195871,0.6442184242669169,0.0009310826473297729
728,0.6352606310112773,0.6332748861289922,-0.00198574488228509,0.6519490485279359,0.6497589361396138,-0.0021901123883221185
729,0.6205528781427683,0.6204734424881779,-7.943565459034296e-05,0.6387035082309666,0.6392659650977712,0.0005624568668046726
730,0.6345636050616589,0.6354270516284699,0.0008634465668110325,0.6461665044618454,0.6476795694020204,0.0015130649401750018
731,0.6285706893362569,0.6303218067230496,0.0017511173867926777,0.6354549617049617,0.6372158819441428,0.001760920239181063
732,0.6424917975785631,0.642720140445177,0.00022834286661388425,0.6541421008509827,0.6544978320762791,0.00035573122529641843
733,0.6435977706844961,0.6442441609377855,0.0006463902532893862,0.6566877735342536,0.6573770927401968,0.000689319205943284
734,0.6693991243025124,0.6699037763423908,0.0005046520398784837,0.672773394347503,0.673501796380253,0.0007284020327499308
735,0.6398608062978457,0.6408775796255077,0.001016773327662035,0.6504293641882655,0.6508831254028964,0.0004537612146309211
736,0.6370355155132885,0.6372807677455432,0.00024525223225468906,0.6478225134285731,0.6476545292388497,-0.00016798418972341356
737,0.6150605334597288,0.6157769251596591,0.0007163916999303188,0.6197198665503475,0.6207510817119974,0.0010312151616499454
738,0.6389978417741771,0.6361318350754674,-0.002866006698709622,0.6568823341477725,0.6531258841993722,-0.0037564499484002978
739,0.6449692415334728,0.6483451535233066,0.0033759119898337797,0.6518631609935958,0.6549549484332093,0.0030917874396135803
740,0.6204783682724513,0.6222746142507539,0.0017962459783026352,0.634310164473208,0.6374325855304117,0.003122421057203728
741,0.6402593696447239,0.639403623294877,-0.0008557463498468643,0.6542589972457301,0.6532928136708509,-0.0009661835748792091
742,0.6371544295730448,0.6375436365717739,0.0003892069987291302,0.6526421944421774,0.6536256312951795,0.000983436853002062
743,0.6570121769473372,0.6557868892707638,-0.0012252876765733722,0.6735859690624364,0.672673113801755,-0.0009128552606814111
744,0.6509638864374236,0.6516986966422877,0.0007348102048641003,0.6581768059006972,0.6587963554332902,0.0006195495325930223
745,0.6171776572591581,0.6202586041322445,0.0030809468730864653,0.6371495387004554,0.6392792320429634,0.00212969334250801
746,0.6474032990273809,0.6470992873650541,-0.00030401166232685295,0.6662456670121246,0.6666627318313634,0.00041706481923875494
747,0.6113724970546474,0.6118234708664475,0.0004509738118001483,0.6171939717832596,0.6175101773168565,0.00031620553359690273
748,0.6141912677024254,0.6139176325167007,-0.0002736351857246522,0.6503099668936213,0.6499787039536628,-0.00033126293995855427
749,0.6472393074342351,0.6509122641817643,0.00367295674752921,0.6539314900795536,0.6573902897340054,0.0034587996544517274
750,0.6361314541336455,0.6386625020011669,0.002531047867521452,0.6467724846736749,0.6485357696978294,0.0017632850241545706
751,0.647829360165425,0.6476888975030868,-0.00014046266233824767,0.6570418039517418,0.6564766203430799,-0.0005651836086619788
752,0.6054152565738155,0.6098312465333686,0.004415989959553168,0.6144742541950359,0.6179486662564047,0.0034744120613687812
753,0.6532669092364489,0.6566295075749923,0.0033625983385433544,0.6630069447460751,0.6662435028739377,0.00323655812786261
754,0.6349848816686097,0.6351167397629341,0.00013185809432447737,0.6448246680855376,0.6448971318536536,7.246376811598232e-05
755,0.6420793074809271,0.6428454722969744,0.0007661648160472989,0.6477407274775598,0.6479532564944366,0.00021252901687673909
756,0.6365387037068965,0.6369039602839016,0.00036525657700514635,0.647606136340848,0.6470525871619792,-0.0005535491788687397
757,0.6696334463941392,0.6704407692832571,0.0008073228891178896,0.6797156227175667,0.6803612090153269,0.0006455862977602367
758,0.6529585412039534,0.6530829678716732,0.00012442666771983468,0.6695307387154513,0.669462920060676,-6.781865477534232e-05
759,0.6519905138113682,0.6520126578042182,2.2143992850054417e-05,0.6777412628631375,0.6785481190504284,0.0008068561872909275
760,0.6482435039342994,0.6519536487390478,0.0037101448047484054,0.6507897362407631,0.6541789074560213,0.0033891712152581688
761,0.6304730257530491,0.628370467199989,-0.0021025585530600743,0.6421960164366637,0.6403357993590554,-0.001860217077608306
762,0.6674024653605994,0.6685780900996872,0.0011756247390877217,0.6789889373808027,0.6801680420925161,0.0011791047117134523
763,0.6525223919616775,0.6529549886225934,0.0004325966609158849,0.6611418348630624,0.661569716160509,0.0004278812974465307
764,0.6554514463425405,0.6568391129014851,0.0013876665589446224,0.6592860803864712,0.6604673990677898,0.001181318681318655
765,0.6316236040255945,0.6305650267574024,-0.0010585772681920291,0.647995467597718,0.6467803456920589,-0.001215121905659089
766,0.669579945102112,0.669357481650571,-0.00022246345154108838,0.6799113636902722,0.6796786012835966,-0.00023276240667557957
767,0.6364073008971555,0.634783994661112,-0.0016233062360434536,0.6410831709547788,0.639542984088505,-0.001540186866273885
768,0.6399766905416184,0.6437632299588909,0.003786539417272472,0.6495404879891833,0.6530682759159481,0.0035277879267647805
769,0.6462209454771255,0.6463671895809643,0.0001462441038387885,0.655386516610773,0.6555404409981069,0.00015392438733397018
770,0.6478468800346586,0.6489298390632555,0.001082959028596897,0.6603454773049798,0.6613944766148486,0.0010489993098687922
771,0.6598539624835448,0.6611050455683048,0.001251083084760074,0.667616848099659,0.6689782885915342,0.0013614404918751433
772,0.6176658639598452,0.6200445124871085,0.0023786485272632163,0.6339168738424629,0.6364452910064299,0.0025284171639670117
773,0.6540586721206961,0.6549734040792403,0.0009147319585441904,0.6624537298450341,0.6636890645586297,0.0012353347135956039
774,0.6345442775057576,0.6350090025326746,0.0004647250269169678,0.6581263066364437,0.6583072488826032,0.00018094224615949894
775,0.6489372899898311,0.6511713829042661,0.002234092914434993,0.6729009583854831,0.6749644504489752,0.0020634920634921006
776,0.6271664749363998,0.6301096329614415,0.0029431580250417477,0.6339733700147444,0.6367226135248575,0.0027492435101130752
777,0.6445493586706834,0.643449327792453,-0.001100030878230407,0.6605105864720049,0.6596564846204607,-0.00085410185154422
778,0.6555114268422103,0.6579421728224145,0.0024307459802042075,0.665148905452161,0.6676878821759203,0.0025389767237593563
779,0.6430716707607637,0.6416828724568705,-0.0013887983038931573,0.6566662600408038,0.6550962117316249,-0.0015700483091788398
780,0.6546839841752966,0.6560617185014689,0.0013777343261722752,0.6617782519412954,0.6635173823760782,0.0017391304347827985
781,0.6254112503856567,0.6286200285790461,0.0032087781933893833,0.6379644695291148,0.6419715433731452,0.004007073844030429
782,0.6421453921404007,0.6452107900038954,0.00306539786349469,0.6567647808614144,0.6599174253184067,0.0031526444569922596
783,0.6116909249201188,0.613275887931917,0.0015849630117982239,0.6234361378020798,0.6250373988598625,0.001601261057782688
784,0.6327540559553618,0.6350291516823994,0.002275095727037546,0.65180945918186,0.6543362801869419,0.0025268210050819473
785,0.6459513418555172,0.6460269810380478,7.563918253061797e-05,0.659151446005625,0.6593776207970172,0.00022617479139219743
786,0.643455110036415,0.6432941272628747,-0.00016098277354026358,0.6538319656149609,0.6533488738275213,-0.0004830917874396601
787,0.6158616284886864,0.6174589698315354,0.0015973413428489458,0.6250588010370619,0.6269753748014617,0.0019165737643997982
788,0.6684546717693627,0.670116597204412,0.001661925435049283,0.674101057433947,0.67535709608129,0.0012560386473430274
789,0.6279517804698717,0.6299753843884602,0.002023603918588579,0.6462157148762009,0.6473095219642535,0.001093807088052623
790,0.653072046325408,0.6525080768271108,-0.0005639694982972898,0.6636678946772113,0.6627118458950756,-0.0009560487821357322
791,0.6326020032637543,0.6342232002179068,0.0016211969541525262,0.6413800360376761,0.642628001627074,0.0012479655893978814
792,0.6569648459994212,0.6560737578169114,-0.0008910881825098249,0.6642504702026258,0.6633639654030776,-0.0008865047995482156
793,0.6549697915151032,0.6578923283921244,0.0029225368770212645,0.6650953961005228,0.6672181582488603,0.002122762148337509
794,0.6464151699708846,0.6459428975691123,-0.0004722724017722779,0.6674586369093459,0.6663354485035488,-0.0011231884057971708
795,0.6514150123602457,0.654746159303497,0.0033311469432513174,0.658854665655134,0.6621051832534777,0.0032505175983437162
796,0.6515632522794162,0.6505914883249578,-0.0009717639544584156,0.6661562383301514,0.6652229928316885,-0.0009332454984628535
797,0.6359018763212727,0.6388899940634226,0.0029881177421499094,0.6476988384941054,0.6503371784150539,0.002638339920948529
798,0.6401898094769448,0.6410675621440148,0.0008777526670700198,0.6541828855287934,0.6552419713704881,0.0010590858416946736
799,0.6497132951336303,0.651098018798385,0.0013847236647547279,0.6532205040555784,0.6547613786399313,0.0015408745843529248
800,0.6527415443682235,0.65476777594993,0.0020262315817064502,0.6619572294650826,0.6642829532581976,0.00232572379311502
801,0.6278314134518082,0.628480284664087,0.0006488712122788565,0.638641916530383,0.6394286660127847,0.0007867494824016497
802,0.613106007693079,0.613990121228465,0.0008841135353859775,0.630659347584456,0.6312894981954249,0.0006301506109689381
803,0.6466460748975349,0.6452462033617564,-0.0013998715357784741,0.6603526710192149,0.659120786961244,-0.0012318840579709223
804,0.6573653268236008,0.6617445104627306,0.004379183639129813,0.6638887961811007,0.667468911717738,0.003580115536637285
805,0.6465103334927793,0.6460347040270403,-0.00047562946573898035,0.6564821678721593,0.6556454502419633,-0.0008367176301959933
806,0.6504837624747667,0.6544409066596798,0.003957144184913108,0.6614489857968119,0.6654983301722432,0.004049344375431363
807,0.636268945330068,0.6339076617617443,-0.0023612835683236577,0.6515810276679843,0.6495652173913045,-0.0020158102766798525
808,0.6720348004951201,0.6726379799521405,0.0006031794570203752,0.6776365592785442,0.678278381224714,0.000641821946169796
809,0.6482584739468497,0.6483498388975695,9.136495071981887e-05,0.6547633521554385,0.6542995526698998,-0.0004637994855386518
810,0.6408909009071776,0.639360704704023,-0.0015301962031546434,0.6488982338565348,0.6473313225070146,-0.0015669113495201392
811,0.6381210248794744,0.6370311197373593,-0.001089905142115155,0.6487244951695079,0.6465951752141011,-0.002129319955406772
812,0.6554423683737102,0.6540150398041988,-0.0014273285695113325,0.6645899046920848,0.6634833421724788,-0.001106562519605947
813,0.650654021791805,0.6502274803021514,-0.00042654148965359795,0.6574597457097898,0.657018375485811,-0.00044137022397883197
814,0.6393202246540914,0.6419690185332457,0.0026487938791542875,0.6472552126463631,0.6494187737229676,0.0021635610766045366
815,0.6437537160404615,0.6449273206770998,0.0011736046366382924,0.6501390035085688,0.6510773164034035,0.000938312894834703
816,0.6070233466186981,0.6058923494825149,-0.0011309971361831428,0.6214524104882473,0.6204568963405592,-0.0009955141476880591
817,0.6110040561380755,0.6114599796518807,0.0004559235138051898,0.6204194231543328,0.6220306742221056,0.001611251067772712
818,0.6115449551629866,0.6124890538533326,0.0009440986903460624,0.6132541218300245,0.6142628413713527,0.0010087195413281957
819,0.6283017696064388,0.6285688049739248,0.00026703536748595713,0.641855206076017,0.6419570004169417,0.00010179434092472128
820,0.6556017754703671,0.6560220650152878,0.00042028954492068227,0.668894975409416,0.6691885465725523,0.00029357116313633025
821,0.6454190836046751,0.6473681939131363,0.0019491103084611217,0.6537373594784662,0.6563877766941009,0.0026504172156346373
822,0.6428759574208784,0.6447213673663673,0.001845409945488874,0.6589635125358545,0.6605043629897484,0.0015408504538938494
823,0.6542789740271912,0.6552381812605848,0.0009592072333935997,0.6709403862339106,0.6722842597516973,0.0013438735177866423
824,0.614749019636716,0.6158774430760758,0.0011284234393598158,0.646818981167467,0.6479024870335818,0.00108350586611472
825,0.6713209628971369,0.6750236510866897,0.003702688189552772,0.6840604464310008,0.6876018964558268,0.003541450024825976
826,0.6246151313393018,0.6226152624356319,-0.001999868903669877,0.6301964868131433,0.6273284611190307,-0.002868025694112597
827,0.6057332834625803,0.6041536211708141,-0.001579662291766204,0.6147729243381417,0.6137515905994166,-0.0010213337387250387
828,0.6270755843605758,0.6279191644720873,0.0008435801115115327,0.6405045372202304,0.6411468297103489,0.0006422924901184901
829,0.6320900469279352,0.6339060755581163,0.0018160286301810435,0.6473877668180626,0.649739702322172,0.0023519355041093926
830,0.643740879014951,0.6438706405307133,0.00012976151576227224,0.6561669203115059,0.6556683005737556,-0.0004986197377503387
831,0.6523029292124185,0.653965082532423,0.0016621533200045224,0.6759536157634092,0.6773208873097089,0.0013672715462996754
832,0.6313357026800307,0.6314449992832988,0.0001092966032680831,0.6325902708286238,0.6325949159419646,4.645113340751017e-06
833,0.6445163480967923,0.647664291515765,0.0031479434189727318,0.6463049404501262,0.6495347541147224,0.0032298136645961817
834,0.6138590034443628,0.616753479322862,0.0028944758784991143,0.6306350672835941,0.6334567986922821,0.002821731408688022
835,0.6730987538859244,0.6757384323819103,0.0026396784959858977,0.677994705921377,0.6807955101895726,0.0028008042681956224
836,0.6101269030808514,0.6109762601906656,0.0008493571098142638,0.6305063149055606,0.631613203186362,0.0011068882808014102
837,0.6367903104652295,0.6393045427943239,0.0025142323290944235,0.647029966694289,0.6500289001280051,0.0029989334337160445
838,0.6410200995312656,0.6444310009217533,0.0034109013904877195,0.654794207865296,0.6586122014658983,0.0038179936006023096
839,0.6390012775440008,0.6441149566658251,0.005113679121824255,0.6475534035444521,0.6518074466028431,0.004254043058390944
840,0.6156947506426692,0.6178202942241532,0.0021255435814839796,0.6250942700734899,0.6268222522362548,0.0017279821627648184
841,0.6412205365441985,0.6443997246567857,0.003179188112587217,0.6548097423276289,0.6581901300558427,0.0033803877282138073
842,0.6321349258244993,0.6328358179316959,0.0007008921071965935,0.6553304997265473,0.6557723404944751,0.00044184076792774807
843,0.6444318797286095,0.645498501625143,0.001066621896533504,0.6560423283532528,0.6576466660445469,0.0016043376912940888
844,0.64809381356743,0.6512294891712547,0.0031356756038246614,0.6664437629553909,0.6694408142133118,0.002997051257920935
845,0.632276133532839,0.6336797415346319,0.0014036080017929553,0.6415677375190936,0.6427323337923855,0.0011645962732919068
846,0.6418234211333095,0.6450699602034367,0.0032465390701271746,0.6527262140221596,0.6550436429700233,0.0023174289478636867
847,0.6375676213962381,0.6358837797876403,-0.0016838416085978025,0.6682393852823605,0.667412072498526,-0.0008273127838345218
848,0.6250218393507019,0.6258948893824199,0.0008730500317180034,0.6358966395777135,0.636840285303968,0.0009436457262544939
849,0.6524392014526493,0.6533346578795013,0.0008954564268519594,0.6711989225608151,0.6714922282889034,0.0002933057280882778
850,0.6418072779460245,0.6430645349687719,0.0012572570227473712,0.6587529461502801,0.6603438552411892,0.0015909090909090873
851,0.6270249342036589,0.6267197044337558,-0.0003052297699031037,0.6451921258279046,0.6446467284858322,-0.0005453973420724845
852,0.6382566727999887,0.6411353193871837,0.002878646587195055,0.6465504180109201,0.6494610460302437,0.0029106280193236245
853,0.6377478420497762,0.6358900003551693,-0.0018578416946068987,0.6547288830183566,0.6533555220797783,-0.0013733609385783163
854,0.6212318087418712,0.6222780926697254,0.001046283927854219,0.6322071984195302,0.6338728920609272,0.0016656936413970147
855,0.6653785327044621,0.6651612693825711,-0.0002172633218909814,0.6803575930454268,0.6801862728197587,-0.00017132022566801464
856,0.6315039011695491,0.6290635591167861,-0.0024403420527630004,0.6418107802803845,0.6390350692054407,-0.0027757110749437874
857,0.6248806612567678,0.6262700696328786,0.00138940837611079,0.64048036530787,0.6416328842864758,0.0011525189786057988
858,0.6276105302433426,0.6269212279961742,-0.0006893022471683441,0.640072366455536,0.6388818902650597,-0.0011904761904762973
859,0.6703401149250602,0.6714714441342394,0.0011313292091792437,0.6817213766916964,0.683114247106306,0.0013928704146095594
860,0.6554965435087745,0.6557365608905174,0.00024001738174284082,0.6647804809541541,0.6654223511612417,0.0006418702070876137
861,0.6323831310330725,0.6345119622292091,0.0021288311961366047,0.6519466805724194,0.6529806224759267,0.0010339419035072517
862,0.6348571439406624,0.6357378958350438,0.0008807518943814152,0.6563187529092824,0.6574052871479905,0.0010865342387080812
863,0.6313197593248802,0.6334240722419677,0.0021043129170875696,0.6416536886492796,0.645228826214187,0.003575137564907349
864,0.6521560160023006,0.6515549550761334,-0.0006010609261671851,0.6610235175452567,0.6605197218240697,-0.0005037957211869726
865,0.6190867051959238,0.6209872582071467,0.0019005530112229385,0.6406102585136584,0.6416656282646802,0.0010553697510218285
866,0.6821317883037311,0.6829015909977264,0.0007698026939952918,0.6869054269118207,0.6875824104852237,0.0006769835734030671
867,0.6224939278167149,0.6212843540339382,-0.0012095737827766406,0.6420572867063677,0.6409607021315223,-0.001096584574845405
868,0.6338101376149714,0.6326602048493845,-0.0011499327655869473,0.6475077025844288,0.646555321632048,-0.0009523809523808158
869,0.6434573252099937,0.6471114147011344,0.003654089491140766,0.650213877946559,0.6530954890890397,0.0028816111424806445
870,0.6513791286484837,0.6521731714578615,0.0007940428093777818,0.6517198872035463,0.6513018270028774,-0.0004180602006689238
871,0.6472138656286266,0.6469548395380101,-0.0002590260906164543,0.666050796587647,0.6660600868143285,9.290226681502034e-06
872,0.6353022554396653,0.6363433840577306,0.001041128618065268,0.6441220404327822,0.6457739754542823,0.0016519350215000728
873,0.6200251078517037,0.6190588342675367,-0.00096627358416701,0.6372571706710287,0.6358591845991295,-0.0013979860718992265
874,0.6365518312613235,0.6358407760603615,-0.0007110552009620408,0.6447704951932224,0.6442810329646297,-0.0004894622285926964
875,0.5989052378665366,0.6007523624642852,0.0018471245977486062,0.6206364054306855,0.6225647910547234,0.0019283856240378539
876,0.6549496712071429,0.6549928619479048,4.319074076197804e-05,0.6618067553320167,0.6622777698247704,0.00047101449275366303
877,0.6587062648535437,0.657636534255989,-0.0010697305975546634,0.6711205312867661,0.6694979509685336,-0.0016225803182324805
878,0.6521536637206208,0.6524638909524589,0.00031022723183815604,0.6623112562424157,0.6631721948207455,0.0008609385783298062
879,0.6253446801908021,0.6244116323694145,-0.0009330478213875892,0.6380098524663742,0.6366293247814987,-0.00138052768487551
880,0.6509689525427406,0.6503778100175298,-0.0005911425252107527,0.6648723395307246,0.6639692872689766,-0.0009030522617479164
881,0.6068293182095205,0.606732849411342,-9.646879817848397e-05,0.6206958547154782,0.6202225840248162,-0.00047327069066194216
882,0.644757681498508,0.6447978561603681,4.017466186012619e-05,0.6619700237800427,0.6610144576070852,-0.000955566172957445
883,0.656565806127083,0.659529638235259,0.0029638321081759678,0.6636850845410628,0.666999439268461,0.003314354727398161
884,0.6045991650831688,0.6071272289932959,0.002528063910127054,0.6168209995609181,0.6190031471235006,0.0021821475625825038
885,0.6463359868770612,0.6483058133170675,0.001969826440006317,0.6630676630133151,0.6656103558277472,0.0025426928144320904
886,0.6204241086626049,0.6215844268827876,0.001160318220182699,0.632218919887832,0.6336368256535639,0.001417905765731975
887,0.6357333827794023,0.6357191545892672,-1.4228190135079366e-05,0.64636005050647,0.6463169173111628,-4.3133195307243355e-05
888,0.6331755863970817,0.6335775976064852,0.00040201120940352997,0.6455387806474762,0.6462216967651749,0.000682916117698773
889,0.6069311347415646,0.6072008932751737,0.0002697585336091102,0.6167310577471258,0.6170151577051387,0.00028409995801292887
890,0.6241068493913019,0.6253204236895806,0.00121357429827873,0.6386485081516138,0.6401038221612756,0.0014553140096618122
891,0.6409139958690361,0.643747314184943,0.002833318315906941,0.6516449403358667,0.6542639879549144,0.002619047619047632
892,0.6814295054158945,0.6807633899437969,-0.0006661154720976059,0.6907075075664124,0.6899299155931683,-0.0007775919732441183
893,0.6456718028101173,0.6450851344356869,-0.0005866683744303325,0.657378130747696,0.6576726912596478,0.00029456051195175803
894,0.642894648011073,0.642320105656936,-0.0005745423541370087,0.6509365461310334,0.6500613343862562,-0.0008752117447771157
895,0.6454732917099718,0.6466839155661807,0.0012106238562088478,0.6593916763765535,0.6597694628412966,0.00037778646474306843
896,0.6557005307108851,0.6578700522916128,0.0021695215807276957,0.6891006899020901,0.6906926366027324,0.0015919467006423327
897,0.6071541933581249,0.6068584816483994,-0.0002957117097255324,0.6209624830237168,0.6206021549459975,-0.0003603280777193518
898,0.6260081897889826,0.6275464421136866,0.0015382523247039481,0.6318482386225042,0.6332096791143794,0.0013614404918752543
899,0.6483517610781423,0.6488679595383016,0.0005161984601592673,0.6653122695443873,0.6657811364262978,0.0004688668819105013
900,0.6494443705088982,0.6495980951679352,0.00015372465903695787,0.6622382900404272,0.6620747760182174,-0.0001635140222098208
901,0.639537785566509,0.6391818393199529,-0.00035594624655610474,0.661712203382684,0.6617127234575747,5.200748907085995e-07
902,0.6408073477278277,0.6404859968301407,-0.0003213508976869228,0.6524862796528235,0.6522637364954977,-0.0002225431573257275
903,0.6300654769517131,0.6317362970228232,0.0016708200711100796,0.6425884341805058,0.6443424289779788,0.0017539947974729575
904,0.6226399946487662,0.6252207015609814,0.002580706912215236,0.6392226093335629,0.6407124962582322,0.001489886924669337
905,0.6312996960753557,0.6312083242995284,-9.137177582729805e-05,0.6437889582710554,0.6435787337130049,-0.0002102245580505313
906,0.6501334504907514,0.6493099805002758,-0.000823469990475667,0.6589983120034272,0.6589242243973703,-7.408760605687181e-05
907,0.6323959999699833,0.6354005707663639,0.0030045707963806123,0.6397368947183367,0.6430256349635988,0.003288740245262045
908,0.669800662008394,0.6707045120836994,0.0009038500753053569,0.6733332733620457,0.6743281324387462,0.000994859076700494
909,0.6330347053548726,0.636488918876993,0.0034542135221203862,0.6402424783359449,0.6432658800549989,0.0030234017190539086
910,0.6391068235433061,0.6381468752571928,-0.0009599482861132325,0.648701668175537,0.6476704530138869,-0.0010312151616500564
911,0.6181858902686395,0.6195544450111995,0.0013685547425600353,0.6299278387500056,0.6310955538851121,0.0011677151351064952
912,0.6146558628198097,0.614002214151067,-0.0006536486687426235,0.6314745166895378,0.6307777496884229,-0.000696767001114873
913,0.6305329758139688,0.6296506294332351,-0.0008823463807337006,0.6459756094042484,0.6446729869059736,-0.0013026224982747303
914,0.6633401719528381,0.6622056844491965,-0.0011344875036416457,0.6783764369236701,0.6766645980379182,-0.0017118388857518818
915,0.6426772722630559,0.6441809464022176,0.001503674139161637,0.6515242867864351,0.653422818774481,0.001898531988045904
916,0.6229914295526445,0.6230115345066991,2.010495405457835e-05,0.6334640419966506,0.6334726686357119,8.626639061315444e-06
917,0.6372522112261944,0.6384821044589716,0.0012298932327772238,0.6509033201869806,0.6516710910634471,0.0007677708764665114
918,0.6394190320062666,0.6403548090750092,0.0009357770687425937,0.6456961357600646,0.6462278504222142,0.0005317146621496294
919,0.6318494668623796,0.6359813943185936,0.004131927456213935,0.6452177814855957,0.6486684853710822,0.003450703885486517
920,0.6528768816402597,0.6550609539390734,0.0021840722988136774,0.6603421847814215,0.6625589173242409,0.0022167325428193996
921,0.6383300172827014,0.6411198626859634,0.0027898454032619924,0.6554584751323882,0.6582709163143946,0.002812441182006409
922,0.6321802922248371,0.6354002272891115,0.0032199350642744262,0.6441056513201515,0.6473106553243883,0.0032050040042367334
923,0.6349759897232026,0.6389006943192564,0.003924704596053874,0.6444409384307084,0.6482178378597816,0.0037768994290732216
924,0.6355543020577167,0.6336771562118063,-0.0018771458459103663,0.6459749966225611,0.643790357590096,-0.00218463903246513
925,0.6311454042679883,0.6313010762802637,0.0001556720122753985,0.6406060080648555,0.6407616012639269,0.00015559319907143543
926,0.6101720689963859,0.6136862727895483,0.0035142037931624737,0.6260372614228233,0.6298709398217192,0.0038336783988958123
927,0.648819400910081,0.650895259359718,0.0020758584496370913,0.661325549153167,0.6621915068669508,0.0008659577137838381
928,0.6452377487682466,0.6465017244044295,0.001263975636182968,0.6562076682806497,0.6575585516967504,0.0013508834161006789
929,0.6502566274223696,0.6513484084643547,0.0010917810419851515,0.6558533495490017,0.6560391540826324,0.00018580453363070681
930,0.6503260765026937,0.6521900660647014,0.0018639895620077285,0.6622798702841468,0.6642812505463965,0.002001380262249719
931,0.6181634342083937,0.6191489675062328,0.0009855332978391251,0.6250579919735957,0.6267905347930951,0.0017325428194994164
932,0.6353158429045126,0.6353144412162139,-1.4016882986522816e-06,0.645650286597901,0.6452297288947346,-0.00042055770316640206
933,0.6491921574227375,0.6499070458610114,0.0007148884382739418,0.6590027605244996,0.6598108413325805,0.0008080808080809243
934,0.6507641208220005,0.6510603480145387,0.00029622719253818985,0.6673947875975529,0.6672845898243117,-0.00011019777324117186
935,0.6439134376448498,0.6434741894955276,-0.00043924814932216893,0.6569106738671956,0.6566259947781687,-0.00028467908902685135
936,0.6392212018699127,0.6405904257400835,0.0013692238701707993,0.6530845423402969,0.6549996562119325,0.0019151138716355653
937,0.6239017006526995,0.6214281777705204,-0.002473522882179058,0.6366456972978713,0.6339756861495992,-0.0026700111482721445
938,0.6456678692880006,0.6446922866160557,-0.0009755826719448635,0.6551453679171071,0.653888267529572,-0.001257100387535126
939,0.631311375803369,0.6326018188796887,0.0012904430763196473,0.6458855536538289,0.6477990387194879,0.0019134850656589153
940,0.6544178273338938,0.656255228942856,0.0018374016089622858,0.6695591833187742,0.670791723157452,0.0012325398386777708
941,0.6138432191084394,0.6127265734930961,-0.0011166456153433035,0.6247769238893729,0.6236899673676338,-0.0010869565217390686
942,0.660020948766418,0.6602285360934966,0.0002075873270785955,0.669283197839015,0.6695488983221068,0.00026570048309182415
943,0.6262536704583556,0.6272818569539809,0.001028186495625305,0.6322875861512225,0.633474346251026,0.0011867600998035632
944,0.6222262364655708,0.6220290162893362,-0.00019722017623469146,0.6312861807325468,0.6312137169644307,-7.246376811609334e-05
945,0.6302550603263836,0.6327277060549172,0.0024726457285336734,0.6393791005577663,0.6414443179490706,0.002065217391304386
946,0.6799342200504697,0.684761577465923,0.0048273574154533705,0.6869819371449807,0.691971054308011,0.004989117163030299
947,0.633443283230099,0.6357802145217013,0.0023369312916022844,0.6547508462676161,0.6569331205151078,0.0021822742474916224
948,0.6310261443545446,0.6313546700595274,0.0003285257049827628,0.6467361102780931,0.6471777941980378,0.000441683919944702
949,0.6600778980721017,0.6650432712140442,0.004965373141942453,0.6678689171805114,0.6728519775983544,0.0049830604178429105
950,0.6405073044612913,0.6432121722199586,0.0027048677586672953,0.6507583906851391,0.6536862719825857,0.0029278812974465884
951,0.6225873557153342,0.6263826956949474,0.0037953399796132326,0.6426543424761806,0.6457613718491946,0.003107029373013992
952,0.6160209462216543,0.6180745348608828,0.002053588639228554,0.6343030520204432,0.6359993629558847,0.0016963109354414252
953,0.6053073711760824,0.6069302498486027,0.0016228786725203115,0.6303540541584021,0.6321707157576723,0.0018166615992701862
954,0.6282735577700731,0.6286935607284874,0.00042000295841426727,0.6317507489108837,0.6321734542248933,0.0004227053140096748
955,0.6300336028180805,0.6330960775641568,0.003062474746076238,0.6369977311949493,0.6399096139981364,0.0029118828031871047
956,0.636440059887682,0.6371958375729166,0.0007557776852346043,0.6489555556691107,0.6495370394027683,0.0005814837336576284
957,0.6277522974012404,0.6274239727350528,-0.00032832466618759604,0.6297946810223024,0.6298671447904184,7.246376811598232e-05
958,0.6518118037645086,0.6526315085317743,0.0008197047672656721,0.6612432704414651,0.6618852492356178,0.00064197879415262
959,0.6381926204155272,0.638432327544903,0.00023970712937582128,0.6523397302663753,0.6524545912508015,0.00011486098442625714
960,0.6291664002836919,0.629773289902472,0.0006068896187801931,0.6396355531035745,0.6399319957913214,0.00029644268774697835
961,0.6279404206365103,0.6285997910521615,0.0006593704156511171,0.6398718560039878,0.6411762038300746,0.0013043478260867936
962,0.6469707201984705,0.6472046309958156,0.0002339107973451382,0.6742613693092916,0.674949775106393,0.0006884057971013879
963,0.6420750192052521,0.6427240256598906,0.000649006454638501,0.6562330180154742,0.6573751850272065,0.001142167011732309
964,0.6375079999694488,0.6383469369994752,0.0008389370300263543,0.6498562710872285,0.6504604495174938,0.0006041784302652786
965,0.6521439602213565,0.6534948264283106,0.0013508662069541266,0.6555156762485295,0.656952210728542,0.0014365344800125746
966,0.6176575762170886,0.6194349193453349,0.0017773431282462893,0.6305047830642738,0.631950764618951,0.0014459815546772337
967,0.632585480092645,0.6339327174514667,0.0013472373588216957,0.6454360164918377,0.6476720413365582,0.002236024844720519
968,0.6502776046403904,0.6532664680778422,0.0029888634374517498,0.6633718359832238,0.6666792893993729,0.003307453416149131
969,0.6666219988502348,0.6653907305424818,-0.0012312683077529973,0.6792617153242458,0.678068102174111,-0.0011936131501348868
970,0.6647962916525056,0.6642081207902897,-0.0005881708622159643,0.6823410014939252,0.6817431090482067,-0.0005978924457185064
971,0.6674362465428048,0.6688119488478839,0.0013757023050791073,0.675853033025493,0.6771297756065835,0.001276742581090451
972,0.6709168157096919,0.6718597487548156,0.0009429330451237172,0.6737931929968792,0.6749001476364426,0.00110695463956334
973,0.6441434749892221,0.6463932202583674,0.0022497452691453423,0.6538990370737285,0.6568465846951893,0.0029475476214607665
974,0.6477808352731962,0.649212258004935,0.0014314227317387962,0.6624874819288575,0.663669693437156,0.0011822115082984475
975,0.661307883286563,0.6602091297411968,-0.001098753545366149,0.6677664434929058,0.6668464214859273,-0.0009200220069784937
976,0.6606238963342045,0.6613149265557925,0.0006910302215880071,0.6767276322711104,0.6759324129976304,-0.0007952192734800301
977,0.6719121489174585,0.6717807789135926,-0.00013137000386598263,0.6937804203167276,0.6940790588762359,0.00029863855950829077
978,0.6393484360706438,0.6420022778476623,0.0026538417770184397,0.6506327151576434,0.6529838060956911,0.0023510909380476397
979,0.6605513555233912,0.6623911804672922,0.0018398249439010028,0.6685637347510022,0.6710224354705725,0.002458700719570328
980,0.628588842592719,0.63283840892585,0.004249566333131005,0.6423404912592513,0.6469320591116887,0.004591567852437417
981,0.6348197559930566,0.6360172257815875,0.0011974697885308583,0.6469559580241523,0.6477739202551579,0.0008179622310056089
982,0.6459208729064471,0.6504528874729586,0.004532014566511533,0.6626770339897968,0.6665305114302307,0.00385347744043385
983,0.6347454141588322,0.6337900913427125,-0.0009553228161197636,0.6485776043374485,0.6474578665872759,-0.0011197377501726002
984,0.6157802718375721,0.6174160617193646,0.001635789881792471,0.6392320244193809,0.6408944285114524,0.0016624040920715233
985,0.6264459978665485,0.6282501320139481,0.0018041341473995498,0.6328905226144409,0.6347401222901276,0.0018495996756866528
986,0.6224704411080809,0.6271910144551759,0.0047205733470949696,0.633846812089444,0.638815756188823,0.00496894409937898
987,0.6399715503637052,0.6412074721577595,0.0012359217940542955,0.6460282505624121,0.6465613768564079,0.0005331262939958226
988,0.6073737819667151,0.6067587557429792,-0.0006150262237358817,0.6340348540348539,0.6341176697698436,8.281573498969408e-05
989,0.6368834102752793,0.6376354357585573,0.0007520254832780182,0.6456364275805264,0.6457183299066742,8.190232614779802e-05
990,0.6357858169363573,0.6346837148618096,-0.0011021020745476395,0.6578824792269501,0.655539672843223,-0.0023428063837270807
991,0.6673999125827017,0.6672716228549673,-0.0001282897277343764,0.6757412745852787,0.675594107174684,-0.00014716741059461746
992,0.6381691347105609,0.6417159550277534,0.003546820317192445,0.6456788088190472,0.6484565865968249,0.002777777777777768
993,0.6288864948750493,0.63127766221683,0.0023911673417806867,0.6305186793684656,0.6328789278156706,0.002360248447204949
994,0.6486632516639004,0.6492691803134626,0.0006059286495622151,0.6656324092828991,0.666148016863724,0.0005156075808249172
995,0.6439701737831652,0.6461676124516784,0.0021974386685131853,0.6503544226824358,0.6523969453771326,0.0020425226946967356
996,0.6397917794740097,0.6384738355108583,-0.0013179439631513246,0.6521876952867115,0.6509282059837439,-0.001259489302967598
997,0.6147935374854331,0.618867422065871,0.004073884580437892,0.6292481787514559,0.6333969285523796,0.004148749800923723
998,0.6344648861839967,0.6347042584444621,0.00023937226046544247,0.6502055927799634,0.6505052689492048,0.00029967616924142515
999,0.6285917724132207,0.6290864232476909,0.0004946508344702005,0.6403085054926121,0.6410189345917879,0.0007104290991758466
1000,0.6422545831568176,0.6441618809934362,0.0019072978366185822,0.656285500815329,0.6581796935790869,0.001894192763757907
1001,0.6653443568132371,0.6662680037852952,0.0009236469720580454,0.6804325114204246,0.6808738816444033,0.00044137022397872094
1002,0.6331180605797978,0.6338536904079038,0.0007356298281060436,0.6427575405953744,0.6432022692114584,0.0004447286160840225
1003,0.6247995910767459,0.6287066051782076,0.00390701410146177,0.6344305382854423,0.6376245906099295,0.0031940523244872177
1004,0.6368195961693542,0.6372439403779319,0.00042434420857762056,0.6474057434482379,0.6487180543257662,0.0013123108775283665
1005,0.622403838552246,0.6231116968096871,0.0007078582574411296,0.6366200756313535,0.6372294300450557,0.0006093544137022455
1006,0.6312510368743285,0.6319216178018064,0.0006705809274779595,0.6401545924947458,0.640453231054254,0.00029863855950817975
1007,0.6588866329045087,0.658660325960691,-0.0002263069438176446,0.6676845201277279,0.6669324340495548,-0.0007520860781731198
1008,0.6294188716793393,0.6301205590001249,0.0007016873207855712,0.6434434622515582,0.6437973113010594,0.0003538490495011981
1009,0.6486085498490368,0.6475429045324133,-0.0010656453166235647,0.6560814639845173,0.6552631277313984,-0.0008183362531188898
1010,0.6498256531545963,0.650151326458724,0.0003256733041276938,0.6647196745411442,0.6648218006758789,0.00010212613473470356
1011,0.6209004251425461,0.6203040562337809,-0.0005963689087651325,0.6314957913902616,0.6301396837298061,-0.0013561076604554634
1012,0.6431648504147146,0.6462017199840424,0.0030368695693278047,0.661284802829386,0.665197846307647,0.003913043478261047
1013,0.6064044967377753,0.6072562781197748,0.0008517813819994835,0.6327668553197993,0.6336114213817566,0.0008445660619573747
1014,0.645187220320523,0.64370930057616,-0.0014779197443629544,0.6496338202859943,0.6480359012967709,-0.0015979189892233459
1015,0.6221230384216136,0.623569338403975,0.0014462999823613432,0.6427343768061807,0.6443075922380919,0.0015732154319111347
1016,0.6294191788011957,0.6333897233783656,0.003970544577169943,0.6525599653629789,0.6577100688826474,0.005150103519668492
1017,0.6540923730749203,0.6540591016271088,-3.327144781151148e-05,0.6664804560414908,0.6659214498303105,-0.000559006211180213
1018,0.6450410287053312,0.6476057706220255,0.002564741916694313,0.6528144722958931,0.6550674367227706,0.0022529644268775018
1019,0.6566297662173813,0.6583541273433127,0.0017243611259313285,0.6725919074970401,0.6746811226297335,0.002089215132693334
1020,0.6649772226336867,0.6641551400736645,-0.0008220825600222526,0.6713529870562399,0.670667766479715,-0.0006852205765248698
1021,0.626934055802273,0.6305967754982889,0.003662719696015837,0.6403615346006649,0.6438985350398394,0.003537000439174487
1022,0.6418027351281871,0.6445801282411974,0.0027773931130102847,0.6607776686376443,0.6631367226271331,0.0023590539894887685
1023,0.6285267741995392,0.6306107293883603,0.002083955188821096,0.6401258475021402,0.6417255400800937,0.0015996925779535598
1024,0.6373061805680207,0.6373226372376211,1.6456669600373175e-05,0.650709164593496,0.6507468563703181,3.7691776822113e-05
1025,0.6522707604820678,0.6553326899726727,0.003061929490604909,0.6704671230209105,0.6738252383355476,0.0033581153146371445
1026,0.6468218132188105,0.6460159612583759,-0.0008058519604345893,0.6641808599123081,0.6633196558989302,-0.0008612040133779697
1027,0.6545068861616583,0.6566723149533944,0.0021654287917360904,0.6643228436776493,0.6670002025506604,0.0026773588730111264
1028,0.644340032126947,0.6444482723437346,0.00010824021678756957,0.6608997016122451,0.661451806512176,0.0005521048999309608
1029,0.6526999415756201,0.6525400401416058,-0.0001599014340142313,0.6674622128904272,0.6679936138566107,0.0005314009661835373
1030,0.6588409736284898,0.6635987933354298,0.004757819706940003,0.6629604219673498,0.6683291595100004,0.005368737542650548
1031,0.6360110799083604,0.6361991265577334,0.0001880466493729971,0.648588798914886,0.6488243966504836,0.00023559773559767017
1032,0.6612000828476973,0.6605454424348499,-0.0006546404128473515,0.6775874935783595,0.6768035273538899,-0.0007839662244695234
1033,0.6564739902408769,0.6552665516939439,-0.0012074385469330595,0.6705007123627935,0.6694241078079282,-0.0010766045548653569
1034,0.6270282659426868,0.6283048529546619,0.0012765870119750833,0.6440892515892516,0.6456894931351453,0.0016002415458937769
1035,0.642673866863395,0.6468456301899748,0.004171763326579758,0.6602712547469579,0.6639076183833217,0.003636363636363771
1036,0.6394663992562366,0.6389965540894113,-0.0004698451668253556,0.6551293187152284,0.6545496085703008,-0.0005797101449276365
1037,0.6574313838153788,0.6566643362041618,-0.0007670476112170421,0.6734306729480243,0.6726986030855197,-0.0007320698625046251
1038,0.6269117410081355,0.6296266462785958,0.002714905270460255,0.6367496844977201,0.6392259521913791,0.002476267693659051
1039,0.6445235223685845,0.6459282182684228,0.0014046958998383818,0.6573949125164462,0.658498591446212,0.0011036789297658167
1040,0.6372636301725405,0.6385447323977995,0.001281102225259012,0.6503339947838624,0.6518330392176894,0.0014990444338269793
1041,0.6522225407288487,0.6514690397384378,-0.000753500990410827,0.6596594065457845,0.658867397258352,-0.0007920092874325046
1042,0.6600924997078227,0.659949520998238,-0.00014297870958468462,0.6695262828958481,0.6693535088100306,-0.00017277408581750642
1043,0.6431126833635324,0.6443058047554997,0.0011931213919672556,0.6542136333330142,0.6556748291420361,0.0014611958090219312
1044,0.6633550070952569,0.6629189630272713,-0.0004360440679855859,0.6776656892560783,0.6773582672095257,-0.00030742204655254124
1045,0.6284511841929732,0.6263241036599344,-0.002127080533038783,0.639224685996088,0.636094941344604,-0.0031297446514839677
1046,0.6550676369592016,0.6568550052683889,0.0017873683091873538,0.6590664883817319,0.6606646728060032,0.0015981844242712873
1047,0.6276957675236351,0.6292741431570897,0.0015783756334546428,0.6346068907350404,0.6364141535205641,0.0018072627855236778
1048,0.6231098460702063,0.6221308789693605,-0.0009789671008457734,0.628879398531805,0.6276845305978067,-0.001194867933998256
1049,0.634342686849718,0.6348621050641097,0.0005194182143917203,0.6512865882703031,0.6523796256676883,0.0010930373973851992
1050,0.6416080196563443,0.6427015376982592,0.0010935180419149315,0.6525721500721502,0.6540333458811721,0.0014611958090219312
1051,0.6230585048967092,0.6283036517461589,0.005245146849449656,0.6496590912118863,0.6549676111943192,0.00530851998243298
1052,0.6235794070162122,0.6248526486531681,0.0012732416369559685,0.6476534681229492,0.6490205068812923,0.0013670387583430976
1053,0.6575710172618572,0.6556858481306624,-0.0018851691311947416,0.6670307342557981,0.665209849826218,-0.0018208844295800608
1054,0.6249560275151534,0.6255261659718147,0.0005701384566612067,0.6468645894041564,0.6485297780802146,0.001665188676058249
1055,0.6253032053404971,0.6229632804030237,-0.00233992493747337,0.6422442753814568,0.6404837774253066,-0.0017604979561501866
1056,0.6358002521961635,0.6380546806078253,0.0022544284116617908,0.6437005317670667,0.6469165428091647,0.0032160110420980104
1057,0.6824051646288468,0.6830078620802358,0.0006026974513889671,0.7015038052837802,0.7019757608644315,0.0004719555806512732
1058,0.6608330428252213,0.6614181406681764,0.000585097842955129,0.6663465375600087,0.6674625592195086,0.0011160216594998662
1059,0.6440236422734955,0.6443560252121411,0.0003323829386455701,0.6509173012256969,0.651490737451307,0.0005734362256101244
1060,0.6445849068796501,0.644987465987175,0.00040255910752495794,0.6523353789156464,0.6527910223060723,0.0004556433904259194
1061,0.6348375914673453,0.6374564535567674,0.0026188620894220804,0.6457394537829321,0.6486897643419383,0.0029503105590061862
1062,0.6395391498488484,0.6421513469240692,0.002612197075220757,0.6472129621586143,0.6496307436524829,0.0024177814938685094
1063,0.6480618630463485,0.6498127028884528,0.0017508398421043347,0.6569202857010352,0.6586305078460398,0.001710222145004603
1064,0.6183249397214418,0.6199196560192637,0.0015947162978219298,0.6365944369575793,0.6368402961708298,0.00024585921325048776
1065,0.6714481733112507,0.6714038311580498,-4.434215320092694e-05,0.6787069641260858,0.6783375268001268,-0.0003694373259589545
1066,0.6492651179715686,0.6492046324057337,-6.0485565834933475e-05,0.6542836563022898,0.6540695588055836,-0.00021409749670620037
1067,0.6489968736066599,0.6471457374722394,-0.0018511361344205612,0.6756556489205073,0.6739751796313425,-0.0016804692891648765
1068,0.6473724488149739,0.6539410172626348,0.00656856844766085,0.657688513887363,0.6630343154288166,0.0053458015414535875
1069,0.6133960086565522,0.6148076454014826,0.001411636744930389,0.6256506486287394,0.6273380192291536,0.0016873706004141287
1070,0.6309368622858408,0.6312895732686419,0.0003527109828010966,0.6370937861711371,0.6371941206192977,0.00010033444816059944
1071,0.6520488774374701,0.6527236104583563,0.0006747330208861646,0.6538186385648267,0.6541447255213483,0.00032608695652158737
1072,0.6484456792817658,0.6507065277619625,0.0022608484801966977,0.6547396806092458,0.6565251294599121,0.001785448850666338
1073,0.6214660288417767,0.6212548145006543,-0.0002112143411223677,0.6300538465107336,0.6301668047375026,0.00011295822676904432
1074,0.6590919670714798,0.6601006502566237,0.0010086831851439104,0.6674147685855253,0.6685983434647523,0.001183574879227045
1075,0.6367464501259242,0.6377984735973136,0.0010520234713893295,0.6486927457618918,0.6492919653828506,0.0005992196209587686
1076,0.6262426237928963,0.6284682011955676,0.002225577402671264,0.6390778197853336,0.640767760279622,0.0016899404942883889
1077,0.6499576055721757,0.6486630236268521,-0.001294581945323614,0.6648133669141116,0.6633213806395167,-0.001491986274594903
1078,0.6495462651047629,0.6506643988419553,0.0011181337371923838,0.6612552947112532,0.6628319788966331,0.0015766841853799285
1079,0.6489517324577951,0.6486224500877659,-0.0003292823700292713,0.6641235753448029,0.6638864211946054,-0.00023715415019753827
1080,0.6551232617873212,0.6578916988506532,0.0027684370633320743,0.6606629595740388,0.6633474128019702,0.002684453227931427
1081,0.6546426707190323,0.6541794291084753,-0.000463241610556997,0.6609448185224099,0.6612969422440989,0.0003521237216889128
1082,0.6388423254942174,0.6402228820689423,0.0013805565747249116,0.6530538360315405,0.6541431151099502,0.0010892790784096107
1083,0.6457200886675634,0.6459756541777445,0.0002555655101811327,0.6600932462118176,0.6601346540793125,4.140786749484704e-05
1084,0.6470850549858135,0.6485298821245039,0.0014448271386904299,0.6554243490863969,0.6573455016053755,0.0019211525189786194
1085,0.629405128303194,0.6275137435780695,-0.001891384725124401,0.6414568525566701,0.6392396494699016,-0.0022172030867684267
1086,0.623439080410639,0.6218368581890482,-0.0016022222215907878,0.6417495944817261,0.6402278553512912,-0.0015217391304348515
1087,0.6163400490825782,0.6171739172041726,0.0008338681215943611,0.6304672729242226,0.631666001731647,0.0011987288074244429
1088,0.6415578650782321,0.6431117920461155,0.0015539269678833678,0.6439865466888033,0.6451209678232243,0.001134421134420971
1089,0.6539804439292078,0.6574941875311293,0.0035137436019214707,0.6623284137229487,0.6662427602459908,0.003914346523042123
1090,0.6185144496249901,0.6197776465156474,0.0012631968906572366,0.6325274798301114,0.6337650707416153,0.001237590911503883
1091,0.6361191902020138,0.6380858209380643,0.001966630736050523,0.6514122422551193,0.6530583618360215,0.0016461195809022167
1092,0.6190066688049911,0.6182164141747368,-0.0007902546302542834,0.6383814147483717,0.6374272069783072,-0.0009542077700644969
1093,0.6526190371328845,0.6550192113946901,0.00240017426180561,0.6597767262260015,0.6629420150434643,0.003165288817462808
1094,0.6319898439747554,0.6340120122567279,0.0020221682819724363,0.6433674422419833,0.6453237468069835,0.0019563045650001776
1095,0.6496696490099362,0.6517416511767282,0.002072002166792042,0.658837692864608,0.6606110644205883,0.0017733715559802299
1096,0.6604124348675239,0.6585447835517491,-0.001867651315774821,0.6659187636745182,0.6637213234335997,-0.0021974402409185023
1097,0.6384238131027008,0.6404983763532145,0.0020745632505136946,0.6491973264565724,0.6503755685043797,0.0011782420478073652
1098,0.6437252423594876,0.6462849999218419,0.00255975756235427,0.6535098427892484,0.6564196081446658,0.0029097653554174263
1099,0.6540088155026149,0.6538784903681927,-0.0001303251344222378,0.6650102449941273,0.66470818340202,-0.00030206159210732775
1100,0.6308074517859448,0.630242109293723,-0.000565342492221732,0.6332099874512418,0.6326958397631811,-0.0005141476880606843
1101,0.6248135821695009,0.6252172177581745,0.00040363558867362315,0.6427601852387973,0.6430780791947986,0.0003178939560013472
1102,0.6056687389664005,0.6050787450629702,-0.0005899939034302859,0.6193597744730408,0.6191292079381264,-0.00023056653491437817
1103,0.64264054758925,0.6464985885264757,0.0038580409372256375,0.6535158862876255,0.6577382943143812,0.004222408026755775
1104,0.6487594596136878,0.6520815711548673,0.003322111541179562,0.6547572130180825,0.6578420991464469,0.003084886128364328
1105,0.6452684045795839,0.646313047974792,0.0010446433952081557,0.660305660523052,0.6614285955590303,0.0011229350359783785
1106,0.6529082805245351,0.654589905875962,0.0016816253514269075,0.6637241645855738,0.6651648133088313,0.0014406487232574428
1107,0.6332385150674545,0.632199372154269,-0.00103914291318552,0.6513679784268019,0.6502044446034215,-0.0011635338233804138
1108,0.6346350824542611,0.634068272538644,-0.0005668099156171946,0.6507404424220281,0.6509650004726731,0.00022455805064502954
1109,0.6029256161208051,0.6032440663182228,0.00031845019741771896,0.6127868721219104,0.6131749693898031,0.00038809726789268417
1110,0.6325782510351793,0.6352718034126414,0.0026935523774621606,0.6435744304741943,0.6455723600808196,0.0019979296066253704
1111,0.6199333337565204,0.6204751124782909,0.000541778721770525,0.6305693553890648,0.6302509539837068,-0.0003184014053579931
1112,0.6113355706867251,0.6128927483767291,0.0015571776900040746,0.6201594842355711,0.6217295325447499,0.0015700483091788398
1113,0.6556268222887957,0.657952544830682,0.0023257225418863436,0.6674823752129123,0.6691114828202809,0.0016291076073685629
1114,0.6610475133608343,0.6627477596684592,0.0017002463076248864,0.6677052782975206,0.6694124394228403,0.0017071611253197672
1115,0.6460480760681708,0.6455625058087795,-0.00048557025939133247,0.6549163523795708,0.6546102816387175,-0.00030607074085331476
1116,0.6365433558681516,0.6363803566355625,-0.00016299923258911164,0.6430938486084331,0.6426395565237063,-0.00045429208472680394
1117,0.6294683604426369,0.6298967276344198,0.00042836719178296345,0.6454803577088272,0.64689346754585,0.001413109837022808
1118,0.632401645821138,0.6325990290185629,0.00019738319742490518,0.6576217646241854,0.6585931241825015,0.000971359558316065
1119,0.6187684114276094,0.6196708659713,0.000902454543690534,0.6308639297146079,0.6319574738516303,0.0010935441370223398
1120,0.6672361008199803,0.6673195206856861,8.341986570581383e-05,0.6671447230018313,0.667336922107074,0.00019219910524270745
1121,0.6481223421283834,0.6480687306227612,-5.3611505622219724e-05,0.6606090176459591,0.6601670682909663,-0.0004419493549928655
1122,0.6447146419737624,0.6457583923621865,0.0010437503884240806,0.6525674900047221,0.6539374002876759,0.0013699102829537457
1123,0.6284138180439773,0.6302601629391116,0.0018463448951342443,0.6369935515414238,0.6390804320522175,0.002086880510793754
1124,0.645515403318276,0.6482232406255407,0.00270783730726476,0.6532117243170521,0.655887707753905,0.0026759834368529356
1125,0.6548259994953132,0.6572763294481228,0.0024503299528095823,0.6612169588715981,0.6630537452736018,0.0018367864020036873
1126,0.6314813294299365,0.6327025323700946,0.0012212029401580393,0.6409566723297492,0.6428193205510929,0.0018626482213437434
1127,0.6516227221629145,0.6515432903200263,-7.943184288816685e-05,0.6636379834922913,0.6634431782974862,-0.00019480519480508107
1128,0.6332506079227289,0.6328624084201053,-0.0003881995026235874,0.6446733457799032,0.6436904397969971,-0.0009829059829060682
1129,0.6235028044172912,0.6285581473683883,0.005055342951097108,0.629794958093013,0.6348688334929754,0.005073875399962402
1130,0.645513937059889,0.6477798390927354,0.0022659020328463786,0.6550990957512697,0.6566146212885343,0.0015155255372646392
1131,0.6084151015642236,0.6108375932997522,0.0024224917355285536,0.6191833257053326,0.621405547927555,0.0022222222222223476
1132,0.6098586187869443,0.6115897603983479,0.0017311416114036415,0.6203468473168142,0.6216065842744916,0.0012597369576773376
1133,0.6326309659367376,0.6364958656087677,0.0038648996720300755,0.6440914334817925,0.6482432357857687,0.00415180230397616
1134,0.647117394018219,0.6474156473186037,0.00029825330038468767,0.6568145139884269,0.6568145139884269,0.0
1135,0.6590400889812011,0.6579941491629785,-0.001045939818222652,0.6698424611627644,0.6686347316941653,-0.0012077294685990392
1136,0.6194679485664372,0.6202519143958124,0.0007839658293752327,0.6276081779963768,0.6282882708503826,0.0006800928540058315
1137,0.6205812876417988,0.6228755345301495,0.0022942468883507816,0.627805560367111,0.6301201539860524,0.002314593618941374
1138,0.6399884280175433,0.6408074022052886,0.0008189741877453471,0.6547232292012486,0.6554324957800803,0.0007092665788317465
1139,0.6344580804762756,0.6349562824299949,0.0004982019537193016,0.6630358620374093,0.6619696094494175,-0.0010662525879917562
1140,0.6318827325675717,0.633617938414524,0.0017352058469523035,0.6386808505010435,0.6401387525024238,0.0014579020013802957
1141,0.6415487974147515,0.6422430079022842,0.0006942104875327093,0.6511182566392462,0.651208836349391,9.057971014481137e-05
1142,0.6442043833628186,0.6426546120468717,-0.0015497713159469129,0.6543762005318321,0.6530941492497808,-0.0012820512820512775
1143,0.6364549889570975,0.638140904685789,0.0016859157286914783,0.6482979253417698,0.6499445938906123,0.0016466685488425448
1144,0.6326892771825677,0.6303095423653818,-0.0023797348171858967,0.6486893538592856,0.6467147584064293,-0.001974595452856276
1145,0.6181783078876819,0.6200685720005152,0.0018902641128333286,0.6285852433739757,0.6302829659412634,0.0016977225672877294
1146,0.617736651814056,0.6179966635220149,0.00026001170795886264,0.6284529741365441,0.628530613888097,7.76397515528382e-05
1147,0.6283511250387777,0.6299184202234079,0.0015672951846302796,0.6411935944926704,0.6428624570310982,0.0016688625384277955
1148,0.6585256201071109,0.6584079732498173,-0.00011764685729365176,0.6722793759238772,0.6718936987990697,-0.00038567712480752636
1149,0.6362573641925311,0.6372215390307657,0.0009641748382346327,0.6459274059274059,0.6463380339467295,0.00041062801932356674
1150,0.6366172923470635,0.6371797481194119,0.0005624557723483692,0.6600722515620213,0.6610569062934791,0.0009846547314578125
1151,0.631411727649626,0.6311898554159354,-0.00022187223369063425,0.6380895592040857,0.637825210026693,-0.0002643491773927087
1152,0.6175547152227492,0.6190144718839319,0.0014597566611826984,0.6308227831053917,0.6317815344989258,0.0009587513935340741
1153,0.6304311657168128,0.6334958940505543,0.0030647283337414954,0.6358487741005313,0.6391206230245541,0.003271848924022769
1154,0.6403175976382515,0.6430816232137996,0.0027640255755481125,0.6480774504671638,0.6507611978791721,0.002683747412008275
1155,0.6667983265677713,0.6671874592905425,0.0003891327227711905,0.6689685673243542,0.6691914845037931,0.00022291717943889733
1156,0.62906165249322,0.6295284116208605,0.00046675912764049254,0.641426665620423,0.6419411270044497,0.0005144613840266654
1157,0.6296077035295642,0.630684616831715,0.0010769133021507615,0.6389502489759596,0.6395824066733347,0.0006321576973750132
1158,0.6426285698018601,0.6416258145930483,-0.0010027552088117675,0.6467306244480158,0.6459450694233303,-0.0007855550246854692
1159,0.6324906979808494,0.6301557092368378,-0.0023349887440116124,0.636292055869643,0.6340424938374722,-0.002249562032170749
1160,0.6298032709539398,0.6314185269690443,0.0016152560151044826,0.6451867633645127,0.6464724462806304,0.0012856829161176364
1161,0.6263512655529767,0.6264014585477472,5.019299477049266e-05,0.633200869730862,0.6335876651119364,0.0003867953810744451
1162,0.657724223623532,0.6596607811193878,0.0019365574958557508,0.6702202798776523,0.6723671668071479,0.002146886929495606
1163,0.6442275959988573,0.6469135278066459,0.002685931807788644,0.6564092078670632,0.6583398496890094,0.001930641821946133
1164,0.6642674504607838,0.664937520425713,0.000670069964929132,0.674222763461894,0.6750956224869269,0.0008728590250328683
1165,0.6270894862379623,0.6284537013742214,0.0013642151362590615,0.645891187911246,0.6471871745333196,0.0012959866220736416
1166,0.6362352181506523,0.6382809991642628,0.002045781013610526,0.6460541285337461,0.6480235902314688,0.0019694616977227186
1167,0.660595632750846,0.6618819619153123,0.00128632916446636,0.6663455023237633,0.6678016789973311,0.0014561766735677883
1168,0.6580521535934722,0.6588108528876229,0.0007586992941506221,0.6679287293337153,0.6685600424650284,0.0006313131313131493
1169,0.620934032781077,0.6198154772355258,-0.0011185555455511809,0.6390226159846749,0.6372206498348827,-0.0018019661497922224
1170,0.6244383384653284,0.6263418491577292,0.0019035106924008005,0.6338991769027246,0.6361852362540014,0.0022860593512767924
1171,0.6318575421251225,0.6332421495230306,0.001384607397908133,0.6459407425583755,0.6472695586698005,0.0013288161114249908
1172,0.6295242045542636,0.6305449698477318,0.0010207652934681732,0.6363556616425469,0.6374049746483815,0.0010493130058346622
1173,0.6146622051093609,0.6144838367167091,-0.00017836839265172877,0.6424799998248948,0.6421418355736871,-0.00033816425120769544
1174,0.6513547593572471,0.6508021932243374,-0.0005525661329096598,0.6612788547151416,0.6603528923569543,-0.0009259623581873155
1175,0.6335374388538125,0.6336960327307591,0.0001585938769466111,0.6476131276897488,0.6476407329347452,2.760524499645367e-05
1176,0.6502683255688357,0.6497138530438011,-0.0005544725250345994,0.6643188581564093,0.6639156623184309,-0.0004031958379784317
1177,0.6411919125791042,0.643388982591735,0.0021970700126308085,0.6461935256839649,0.6476755822747172,0.0014820565907522898
1178,0.631685219219484,0.6313455260499571,-0.0003396931695268668,0.6478524162065571,0.6469012900380396,-0.0009511261685174466
1179,0.5960228144017812,0.596127126116335,0.0001043117145538286,0.6095109562029125,0.6098035983433806,0.00029264214046809123
1180,0.6409795328451278,0.6414439157721415,0.0004643829270137845,0.6512537097885442,0.6510976339802944,-0.0001560758082498337
1181,0.642616726443051,0.644548876256334,0.0019321498132829351,0.6557873103774199,0.6576976705486496,0.001910360171229697
1182,0.6413635574574545,0.6427226621177407,0.0013591046602861034,0.6532956807157693,0.6545754516694533,0.001279770953684034
1183,0.6180281022585237,0.6206690617022816,0.002640959443757973,0.6376740898972952,0.6399715207273348,0.0022974308300395263
1184,0.6088727735400788,0.6101686816107246,0.0012959080706457238,0.6279706922352364,0.6290145155616683,0.0010438233264319363
1185,0.6174540495820579,0.618700627065449,0.001246577483391187,0.6299054502414395,0.6314202880606252,0.0015148378191857104
1186,0.6324698963313491,0.632863619810044,0.0003937234786949295,0.6573278139131041,0.6580591037940104,0.0007312898809063162
1187,0.6358524659838971,0.6350296911924148,-0.0008227747914822947,0.6484884090318872,0.6477715172280389,-0.000716891803848263
1188,0.6471677166060409,0.647060566467432,-0.00010715013860884692,0.6534487236141301,0.6534091979224305,-3.952569169962672e-05
1189,0.6504528749516468,0.6525177239535084,0.002064849001861546,0.6636829832138471,0.6656380933211311,0.001955110107283997
1190,0.6501774943492057,0.6516125695047777,0.0014350751555720631,0.6614360043516315,0.6633995842499941,0.0019635798983625996
1191,0.6184886020020813,0.6207169031195243,0.002228301117442988,0.6272146854755551,0.6291330931548323,0.001918407679277201
1192,0.6347513673628061,0.6351678512497094,0.0004164838869032961,0.646801767339651,0.647176098890453,0.00037433155080202063
1193,0.6364527078358831,0.6369260288777506,0.0004733210418674805,0.6449404057545378,0.6451058803765343,0.00016547462199645313
1194,0.648911067144831,0.6509760598074289,0.002064992662597853,0.6508587427065687,0.6521496016061235,0.0012908588995547143
1195,0.5931706245337761,0.5967223760349674,0.003551751501191247,0.6130745802932502,0.6167046700102966,0.0036300897170463697
1196,0.6252771641094368,0.6268613429389641,0.0015841788295273274,0.6423615211678557,0.644156960028512,0.001795438860656251
1197,0.6583241195806241,0.6600647283066128,0.0017406087259886904,0.6765338359499057,0.6776691016503887,0.0011352657004830569
1198,0.6253911114191698,0.6264286723807672,0.0010375609615973502,0.6415385151390165,0.6413487290796652,-0.00018978605935127124
1199,0.6464951760358353,0.6476857679149542,0.001190591879118963,0.6537389850543023,0.6542893043002735,0.0005503192459712647
1200,0.6474901344129246,0.648929249207109,0.0014391147941844595,0.6511731667733334,0.6526779180606934,0.001504751287360051
1201,0.631024445443359,0.6331085446205496,0.002084099177190546,0.6381347173252248,0.6399999535382871,0.0018652362130623379
1202,0.6675581116006244,0.6675385749840543,-1.953661657005945e-05,0.6769273210262913,0.6774342537071371,0.0005069326808457841
1203,0.6192782492785603,0.6205611405455435,0.0012828912669831105,0.6363830334450539,0.6372143760155269,0.0008313425704730149
1204,0.6249275136383312,0.6251057338708091,0.0001782202324779325,0.6414687126746192,0.6416978675776871,0.0002291549030678519
1205,0.6748017589520426,0.6786403947610022,0.0038386358089596007,0.6852205842793189,0.6896668626386407,0.004446278359321876
1206,0.62665545504618,0.6293686979859525,0.0027132429397724867,0.6396299030667028,0.6425451761993672,0.0029152731326644865
1207,0.651582779899249,0.6525602489762503,0.0009774690770013583,0.666796082514647,0.6669893192296227,0.0001932367149757308
1208,0.6427523068603568,0.6444349953815925,0.0016826885212357645,0.6502610420283969,0.6518756834256471,0.001614641397250205
1209,0.6225891844723207,0.6259139781602028,0.003324793687882077,0.6360662814635629,0.640070610467892,0.004004329004329121
1210,0.6516408609181403,0.6516830549519498,4.219403380945064e-05,0.6661957245732643,0.6663079794681278,0.00011225489486355045
1211,0.6456326576768657,0.6445263492265687,-0.0011063084502970222,0.6542172629219294,0.653379067301125,-0.0008381956208043384
1212,0.6649193636374227,0.6652261939721879,0.0003068303347651957,0.6803317489237611,0.6791890510419328,-0.001142697881828303
1213,0.6523273579672586,0.6542809888868741,0.0019536309196155344,0.6712348506198668,0.6731220455505398,0.0018871949306730196
1214,0.6179141586764588,0.6187623951899816,0.0008482365135227266,0.6227728233558272,0.623378883961888,0.000606060606060832
1215,0.649533209612683,0.652537774687397,0.0030045650747140273,0.6646996022960507,0.6679435805400288,0.0032439782439780407
1216,0.6299196287135872,0.6323408095413903,0.002421180827803071,0.6458643903747113,0.6485734204750456,0.0027090301003342976
1217,0.6603613895044731,0.6604704894986303,0.0001090999941572024,0.6750917735352852,0.6749384847950398,-0.00015328874024533867
1218,0.6613566684740356,0.6607333979264428,-0.0006232705475928135,0.6734962741363901,0.6730131823489505,-0.0004830917874396601
1219,0.6265604529362377,0.6286936396019037,0.002133186665665976,0.6450204658515488,0.647468862865163,0.002448397013614212
1220,0.6067830719559909,0.6097769269275979,0.0029938549716069796,0.6191448460758695,0.622181953895586,0.0030371078197164447
1221,0.657438204873179,0.6556279090203312,-0.0018102958528478652,0.6694014680971203,0.6678797289666855,-0.0015217391304348515
1222,0.6429385962847577,0.6452473719957784,0.0023087757110207274,0.6584813456552587,0.6606568271785663,0.0021754815233075986
1223,0.628021603717004,0.6299920558658908,0.001970452148886803,0.6317543446891274,0.6335042976347325,0.0017499529456050933
1224,0.6309051299340692,0.6302490887409914,-0.0006560411930778276,0.6379500511565729,0.6370558004797136,-0.0008942506768593317
1225,0.6072351976520154,0.6088673004350089,0.0016321027829935275,0.6145592424971743,0.6162886181939414,0.0017293756967671214
1226,0.626601242029707,0.6286724981764155,0.0020712561467084445,0.6376443317740492,0.6396130876558485,0.0019687558817992334
1227,0.6307494525830709,0.6304021872025429,-0.0003472653805279835,0.65059309656292,0.6498246035469846,-0.0007684930159354009
1228,0.6541129434008548,0.6551155626541163,0.0010026192532615052,0.6638862897672597,0.664743777689965,0.0008574879227052357
1229,0.6339922451248345,0.6387056609326673,0.004713415807832799,0.6478604328354626,0.6521441563583165,0.004283723522853888
1230,0.6379439674164289,0.6396187597269778,0.0016747923105489004,0.6494116994116994,0.6508865892561545,0.0014748898444550962
1231,0.6163648141861927,0.618266899832037,0.0019020856458442648,0.6315557992731905,0.6331109832196787,0.0015551839464882367
1232,0.5876587710295849,0.5886138396264995,0.0009550685969146322,0.6037397151439341,0.6042766057895205,0.0005368906455863742
1233,0.6296861195848115,0.6289530518478091,-0.0007330677370023242,0.6410292587951114,0.6390132796052191,-0.0020159791898922697
1234,0.6251438305855536,0.6270635303979339,0.0019196998123803821,0.6425070567397934,0.6449005569593804,0.0023935002195870636
1235,0.6488721561017282,0.6490750388717861,0.00020288277005786615,0.6610965245278012,0.6618750213932547,0.000778496865453504
1236,0.6247785898780414,0.6269136959692109,0.002135106091169514,0.639874618989709,0.6420206613531427,0.0021460423634337422
1237,0.6451621986728153,0.6442297693567703,-0.0009324293160449804,0.669853763529726,0.6688687581968946,-0.0009850053328314123
1238,0.6476092821996536,0.6496381781273226,0.002028895927668972,0.6543036764522221,0.6559308174271891,0.0016271409749669674
1239,0.6250110191269552,0.6282715379652825,0.003260518838327231,0.6428726984865092,0.6454670606460887,0.002594362159579533
1240,0.650741409371457,0.6511889833446768,0.00044757397321981696,0.6583658885943338,0.6588819184581896,0.0005160298638557936
1241,0.663060930171779,0.6633350304268437,0.00027410025506469093,0.6678763791998318,0.6682358265158008,0.00035944731596904145
1242,0.6376284646792625,0.6381685968013542,0.0005401321220916966,0.6477940839353884,0.6482806263784525,0.00048654244306411965
1243,0.6378803682369111,0.6381636978386912,0.00028332960178012456,0.6515985963749392,0.6513169939194239,-0.0002816024555153396
1244,0.6229425098864325,0.625477513530489,0.002535003644056455,0.6339473475484817,0.6362381002740171,0.002290752725535361
1245,0.6193156352506011,0.6200440693946342,0.0007284341440331188,0.6312673120088002,0.631614259747052,0.0003469477382518349
1246,0.6377603382428395,0.6396911458258249,0.001930807582985361,0.6522030634603773,0.6532197520857616,0.0010166886253842877
1247,0.6487434314880928,0.6505569843379179,0.0018135528498250952,0.6575621471858227,0.659263103234605,0.0017009560487822872
1248,0.6570675937032416,0.6603413751210867,0.0032737814178450675,0.6636088045539841,0.666697455033939,0.0030886504799548797
1249,0.6131021315538894,0.6118008133748937,-0.001301318178995703,0.6291279667918601,0.6251993953632887,-0.003928571428571392
1250,0.648109517723141,0.6473729070396036,-0.0007366106835373643,0.6521804692020187,0.651171622975781,-0.0010088462262376474
1251,0.6464702737704056,0.6465102886618905,4.001489148497406e-05,0.6509973003842743,0.6513854991420384,0.00038819875776407997
1252,0.6167424895720486,0.6173758481395034,0.0006333585674548337,0.6307542838004295,0.6318650812155747,0.0011107974151451927
1253,0.6386489130489048,0.6399927830070794,0.0013438699581745928,0.6473705776242008,0.6483333105434554,0.0009627329192546386
1254,0.6441129381218982,0.6445211686941404,0.000408230572242263,0.6549764870828371,0.6558822841842862,0.0009057971014491129
1255,0.6538578178700456,0.6563085637968044,0.0024507459267587572,0.6651699025612069,0.6678303580477494,0.002660455486542479
1256,0.6532587267351279,0.6526891899838072,-0.000569536751320654,0.6574424741902577,0.6569703617616234,-0.00047211242863431924
1257,0.6299370667001931,0.6282755058988754,-0.0016615608013177408,0.6446134133698073,0.6436127232386823,-0.001000690131124915
1258,0.6605272242740443,0.6659419015929088,0.005414677318864469,0.6694270015902458,0.6756071258138483,0.006180124223602479
1259,0.6409068461483262,0.6431126037157863,0.0022057575674601093,0.6529189125162717,0.6555828850172005,0.0026639725009288684
1260,0.6382183219479151,0.6395838563740739,0.001365534426158832,0.6457386688632861,0.6473295779541952,0.0015909090909090873
1261,0.6449450502898896,0.6482583282644248,0.003313277974535178,0.6545084117396268,0.6578624490067074,0.003354037267080612
1262,0.6343717029908629,0.6389974557414746,0.004625752750611722,0.6483896694035736,0.652624564942817,0.0042348955392433885
1263,0.6669164810004873,0.6658400346850727,-0.001076446315414592,0.672629248268855,0.6711799729065362,-0.0014492753623187582
1264,0.6509186314058971,0.6497797089908042,-0.0011389224150929467,0.6567145086237715,0.6557318680759134,-0.0009826405478580158
1265,0.631563211649344,0.6314700531160491,-9.315853329494583e-05,0.6407860577640861,0.640244968418649,-0.0005410893454371735
1266,0.6422419685960175,0.6427708010159993,0.0005288324199818062,0.6557036168390321,0.6559445069520449,0.00024089011301275942
1267,0.6293174915969479,0.6335801567268246,0.004262665129876608,0.6387874089918805,0.6423743655136197,0.0035869565217392374
1268,0.628104123387697,0.6295050635964546,0.001400940208757584,0.6517970501172082,0.6531258662286331,0.0013288161114248798
1269,0.6370871735799619,0.63338982965383,-0.0036973439261319685,0.6489597531167285,0.6454142647886314,-0.0035454883280970906
1270,0.6045785261290225,0.6048892324820314,0.0003107063530088938,0.6184428494211102,0.6184455037715907,2.6543504805243145e-06
1271,0.6241689981533441,0.6245344898920816,0.00036549173873745566,0.6305509226886492,0.6304182292950863,-0.00013269339356292154
1272,0.6449658775526774,0.6436921953964853,-0.0012736821561921685,0.6540876958544607,0.6528489104852406,-0.0012387853692200634
1273,0.641327166481579,0.6417538833868328,0.0004267169052538655,0.6478154168041091,0.6481692658536102,0.0003538490495010871
1274,0.6306727059146828,0.6322014688486818,0.0015287629339989506,0.6540988226151342,0.6555360206827668,0.0014371980676326501
1275,0.6405339197120103,0.6387950229604066,-0.001738896751603769,0.6558305331133338,0.6542428822693901,-0.0015876508439437442
1276,0.6445198762984675,0.643904604790157,-0.0006152715083105331,0.6490321063554046,0.6486335556307669,-0.00039855072463779173
1277,0.617318219368537,0.6173176695354049,-5.498331321351912e-07,0.6277706178023715,0.628422791715415,0.0006521739130435078
1278,0.6138897688038226,0.614108585520202,0.0002188167163793553,0.6231115635452699,0.623761215825357,0.0006496522800871762
1279,0.6559429799405905,0.6570843606591189,0.0011413807185284286,0.6619865849141062,0.6625033386917295,0.00051675377762328
1280,0.6415907996843986,0.6410809849461262,-0.000509814738272385,0.6562268866923876,0.6553095431663484,-0.0009173435260392271
1281,0.6094531702608356,0.6101499400716515,0.0006967698108159004,0.624541899324508,0.6251598803772717,0.000617981052763672
1282,0.6608560518033302,0.6633859967344354,0.0025299449311052546,0.6727407329424302,0.6750702299586279,0.002329497016197668
1283,0.669866160872011,0.6715163354262297,0.0016501745542186752,0.6818545705502228,0.6829349394566787,0.0010803689064559086
1284,0.6671327727410512,0.6664572072847821,-0.0006755654562691227,0.6733548457704452,0.672412816784938,-0.000942028985507215
1285,0.6765187784852831,0.679367630614574,0.0028488521292908686,0.6877964622485792,0.6901693468010975,0.002372884552518384
1286,0.6339553480120566,0.6390167348600988,0.005061386848042249,0.6431865384160464,0.6489718762666018,0.00578533785055535
1287,0.6613587050619468,0.660589059614647,-0.0007696454472998493,0.6674179122005208,0.6666794236359455,-0.000738488564575368
1288,0.643171244875308,0.642833099446613,-0.0003381454286949248,0.6504788769807512,0.6501591604653825,-0.0003197165153687731
1289,0.6163311560463871,0.6157814603807322,-0.0005496956656548813,0.622560869353737,0.6215110073799619,-0.0010498619737751014
1290,0.6448255001062665,0.6464127172502744,0.0015872171440078908,0.6723199204239423,0.674053078570144,0.0017331581462016743
1291,0.628517731430832,0.629117309849049,0.0005995784182170061,0.6356918224661641,0.6356555905821061,-3.623188405799116e-05
1292,0.6315199802565408,0.6309656896465679,-0.0005542906099729183,0.64447702872575,0.6439956856868622,-0.00048134303888780483
1293,0.6293769761853216,0.6299645843929274,0.0005876082076057276,0.6420451550770407,0.6428660974197222,0.0008209423426814855
1294,0.6349335565651285,0.6370491945164869,0.0021156379513583845,0.6443905905353825,0.6466337821264002,0.0022431915910177125
1295,0.6444983972355367,0.6450673980445061,0.0005690008089693777,0.6595947403727723,0.660026980393113,0.00043224002034070175
1296,0.647347249131944,0.6486226836785803,0.001275434546636367,0.6552639231235158,0.6567794323372347,0.001515509213718902
1297,0.6447642820110115,0.6439663348271175,-0.0007979471838940322,0.6569677666206185,0.6561804199093588,-0.0007873467112596844
1298,0.6304316823938015,0.632997427690203,0.0025657452964014116,0.6465835583880438,0.6486776599386672,0.002094101550623395
1299,0.6253222120443308,0.6264249893162599,0.0011027772719290896,0.6355246806333763,0.636402715641846,0.0008780350084697242
1300,0.6324486024694714,0.6347303779587555,0.002281775489284099,0.642508864043229,0.6442628581309826,0.0017539940877535631
1301,0.6395716121460634,0.6410997207722562,0.0015281086261927923,0.6590351787281289,0.660522411302318,0.0014872325741891457
1302,0.6277643571614537,0.6294957475554656,0.0017313903940118225,0.6346245207130082,0.6363680428913129,0.0017435221783046462
1303,0.6388750852108975,0.6407614075722343,0.0018863223613367897,0.6474987751318584,0.649189065517801,0.0016902903859425944
1304,0.6091568852608406,0.6136741157773414,0.004517230516500881,0.6218175676239062,0.6255520879345134,0.003734520310607281
1305,0.6360991015694587,0.6379513385662385,0.0018522369967798324,0.6474423543786108,0.6490331066215369,0.0015907522429261522
1306,0.638218937802883,0.6372981601229784,-0.0009207776799046163,0.6618082949033692,0.6609159083044609,-0.0008923865989083346
1307,0.6368367343046175,0.6397226747025576,0.002885940397940101,0.6554085790594742,0.6581878649909341,0.0027792859314598184
1308,0.6226291795791116,0.6231731155583659,0.0005439359792542842,0.6422259114025712,0.6437449237911489,0.0015190123885776563
1309,0.6550700339143158,0.6545328903146254,-0.0005371435996904816,0.6623425222803643,0.6616777565260845,-0.0006647657542797614
1310,0.641896930523788,0.6426220296387697,0.0007250991149816421,0.6544837167663254,0.6551230774056861,0.0006393606393606532
1311,0.672655466241146,0.6731406456163281,0.00048517937518210985,0.6817848592806037,0.6825388275345721,0.0007539682539683401
1312,0.6477171846345291,0.6479713093281123,0.0002541246935832131,0.6607835167504986,0.6603004249630591,-0.00048309178743954906
1313,0.6380107841155281,0.641559143060035,0.003548358944506891,0.6480402008271952,0.6511716708064913,0.003131469979296142
1314,0.6129404417697643,0.6147052609309391,0.0017648191611748798,0.6293331701666421,0.6305529769299271,0.0012198067632849252
1315,0.6414211708370728,0.643326570477123,0.0019053996400502093,0.6494277277344557,0.6513943842663297,0.0019666565318740004
1316,0.6532708488184167,0.6542696584100653,0.000998809591648664,0.668185311147832,0.6693480252453288,0.0011627140974967975
1317,0.6368287006593149,0.6370013589806323,0.00017265832131740932,0.6482893354332601,0.6486908662695735,0.0004015308363134462
1318,0.6475800580954355,0.6482338372808336,0.0006537791853981068,0.6589934040681625,0.6595594684385747,0.0005660643704121782
1319,0.6404057814541647,0.6396336469514798,-0.0007721345026848736,0.6628522442738476,0.6620635040285856,-0.0007887402452619874
1320,0.6193746877533034,0.6223803414628213,0.003005653709517886,0.6315593501297786,0.6349010446671253,0.0033416945373466733
1321,0.6388485233012828,0.6423362430066348,0.0034877197053519993,0.649746986555774,0.6530923971837934,0.0033454106280194074
1322,0.6454212979809967,0.6481512647009793,0.0027299667199826017,0.662768047727787,0.6655803320618103,0.0028122843340233628
1323,0.640409124600087,0.642514967857859,0.0021058432577719666,0.6590388358385966,0.6606692706212052,0.001630434782608603
1324,0.6216495225159874,0.6213051204839926,-0.0003444020319948171,0.643955013551309,0.6436071367903888,-0.00034787676092018494
1325,0.6519513072592025,0.6549062554743436,0.0029549482151410844,0.6601156530377178,0.6649311998097863,0.004815546772068524
1326,0.6418229548735254,0.6425326552338179,0.0007097003602924978,0.6513381026220317,0.6517450145506827,0.0004069119286509437
1327,0.6460734929250728,0.6485209945384466,0.0024475016133738148,0.6548598706865699,0.6575939843989446,0.0027341137123746417
1328,0.6561512917090203,0.658401465129095,0.002250173420074719,0.6626623436949524,0.6648864480929698,0.002224104398017457
1329,0.6497078375684152,0.6509199108629622,0.001212073294546978,0.6627326857062883,0.664302311732436,0.0015696260261477413
1330,0.6521662331672219,0.6549558427396667,0.0027896095724447845,0.6597735947404422,0.6618816316310879,0.002108036890645759
1331,0.6267387615730405,0.6288161302259303,0.002077368652889766,0.65046998333332,0.651672693666465,0.0012027103331450073
1332,0.6462649655604872,0.6450419707244052,-0.0012229948360820142,0.6543070630389473,0.6528499452774815,-0.0014571177614657316
1333,0.6553934751529059,0.6567855664566438,0.0013920913037378524,0.6753810078810077,0.6763806785002436,0.0009996706192358928
1334,0.6579437617896214,0.6584618477171655,0.0005180859275440985,0.6666391949080704,0.6670311580174247,0.00039196310935429857
1335,0.6530494578480017,0.6537862269928606,0.0007367691448588731,0.6609217078485854,0.661939385822785,0.0010176779741996045
1336,0.6186005205849969,0.619656434937978,0.0010559143529810244,0.6322906871457685,0.6330603401980303,0.0007696530522617318
1337,0.6408446915186622,0.6387933221721858,-0.002051369346476428,0.6509464731503712,0.6489523682214837,-0.001994104928887519
1338,0.6260994702933023,0.6286048041156398,0.00250533382233753,0.6417904793922895,0.6444302309450844,0.0026397515527949444
1339,0.6607594852935377,0.6610936450712227,0.000334159777685028,0.6745941335805675,0.67458638344494,-7.75013562748228e-06
1340,0.6227381588244423,0.6225322738357145,-0.00020588498872775585,0.6302403908925648,0.6297221048308004,-0.0005182860617644058
1341,0.6478885473674834,0.6484680347268038,0.0005794873593204519,0.6584048127451425,0.6588758272378962,0.00047101449275366303
1342,0.6127780674069399,0.6113075735506195,-0.0014704938563203651,0.6344160511494608,0.6330651194724422,-0.0013509316770186075
1343,0.6217290583987234,0.6268778953217244,0.0051488369230010544,0.6439670711734312,0.6483908116841284,0.0044237405106971606
1344,0.6287308048898901,0.630716971121509,0.0019861662316189577,0.6367782494572777,0.6382736381265793,0.001495388669301656
1345,0.6320733040712829,0.6326405486548625,0.0005672445835795958,0.654231223229792,0.654424146248802,0.00019292301900997177
1346,0.6493957571689268,0.6503684760043538,0.0009727188354269334,0.6620752226737369,0.6630501897356603,0.0009749670619234596
1347,0.646381065576895,0.6473324641112234,0.0009513985343283515,0.6548391547229256,0.6557190719071906,0.0008799171842649445
1348,0.6323399821665148,0.631704761077219,-0.0006352210892958121,0.6421914171887249,0.6415709265682343,-0.0006204906204905214
1349,0.6137849958630367,0.6182487712396014,0.004463775376564727,0.6201201847330328,0.6238993644904733,0.003779179757440576
1350,0.6430858815103728,0.6424270732031101,-0.000658808307262726,0.6517563558810935,0.6512528255949545,-0.0005035302861390312
1351,0.6682000724142538,0.6694353397160823,0.0012352673018284355,0.6773240303519806,0.6786328966064991,0.001308866254518426
1352,0.6439944011331425,0.6427308073720609,-0.0012635937610816494,0.6545583763356455,0.6532954363770535,-0.0012629399585920575
1353,0.6526342933737758,0.6544796160388333,0.0018453226650575472,0.6649002167034068,0.6670059285533643,0.002105711849957448
1354,0.6108692181564727,0.6094660469774026,-0.001403171179070073,0.6347365557148167,0.6338083293518076,-0.0009282263630090437
1355,0.6299578131595981,0.634398161916004,0.004440348756405865,0.638852233381219,0.6439655741467336,0.005113340765514618
1356,0.6656140843366158,0.6666850366571467,0.0010709523205308935,0.6708955416564111,0.6717080142080142,0.000812472551603105
1357,0.6691202516997159,0.6720979709783077,0.002977719278591806,0.6803885795534118,0.6833521618648202,0.0029635823114083637
1358,0.6199910770908097,0.6199237485716315,-6.732851917823357e-05,0.6315634176305734,0.6326299356536133,0.0010665180230398086
1359,0.6180021344347241,0.6210459714148643,0.003043836980140213,0.6230518346143649,0.6258895765825417,0.0028377419681768767
1360,0.6465731713396253,0.6465479833316188,-2.518800800654919e-05,0.6496663367890989,0.6500039339745222,0.0003375971854232551
1361,0.6416655390781341,0.6431829640603126,0.0015174249821785502,0.6639587844594808,0.6652148231068239,0.0012560386473431384
1362,0.6191098002877006,0.618416133159958,-0.0006936671277425477,0.6268756138775531,0.6265870135889529,-0.000288600288600227
1363,0.6518392499330803,0.6509556109208764,-0.0008836390122038962,0.6610258100387596,0.6600596264638804,-0.0009661835748792091
1364,0.6576328981185313,0.6601678754927324,0.002534977374201053,0.665634408161313,0.6680037537915282,0.0023693456302151805
1365,0.6158712205459479,0.6165897646918617,0.0007185441459137687,0.6303649043172264,0.6311124418038941,0.000747537486667782
1366,0.6050219716096624,0.6050214287201928,-5.428894696013487e-07,0.6195267270598884,0.6195577829605096,3.105590062113528e-05
1367,0.6535684317955682,0.6542856387694984,0.0007172069739301845,0.6738352629550044,0.6744772417491571,0.0006419787941527311
1368,0.6351808870936932,0.6364262439295771,0.001245356835883893,0.6487065947785624,0.6498297831843596,0.0011231884057971708
1369,0.620844479455606,0.621123629968088,0.0002791505124820626,0.6485169222571546,0.6483231365742387,-0.0001937856829159479
1370,0.6315489565345773,0.6322348194097023,0.000685862875124954,0.6456295791079486,0.646074182813422,0.0004446037054733898
1371,0.6379554912584592,0.6395565130226999,0.0016010217642407065,0.6441914438898516,0.6459544152180404,0.0017629713281888115
1372,0.6271303484966009,0.6268837135980576,-0.00024663489854326315,0.6514059124814874,0.6511179395848188,-0.00028797289666859793
1373,0.6617415366317837,0.6637203284175065,0.0019787917857228,0.6762349293083294,0.6777963509784467,0.0015614216701173023
1374,0.6323216203930215,0.6341594152788061,0.001837794885784616,0.6505952949910752,0.6519069500878963,0.0013116550968211849
1375,0.6286930331571187,0.6283307010626776,-0.0003623320944410313,0.6362287229678534,0.6358598165119904,-0.00036890645586296067
1376,0.6576633933373268,0.658505527766788,0.0008421344294611277,0.6693878123341773,0.6698018910091256,0.00041407867494824835
1377,0.6252146040989928,0.6264473075833663,0.001232703484373543,0.6383934483904259,0.6405516766356107,0.0021582282451848567
1378,0.6228953277600807,0.6237356792830889,0.0008403515230082093,0.639335695101572,0.6402195334854103,0.0008838383838383201
1379,0.6195239510148377,0.6205764938174632,0.0010525428026254557,0.651246395591308,0.6528697722146846,0.0016233766233765268
1380,0.6412349182963866,0.6448574144988807,0.0036224962024941076,0.6542356795195744,0.6575393685841332,0.0033036890645588013
1381,0.6537723370506303,0.6538510092972173,7.867224658697491e-05,0.6654292790280503,0.6665431349788628,0.0011138559508124812
1382,0.6024637500239745,0.6007444882084538,-0.001719261815520623,0.6267434890256447,0.6248439031043196,-0.0018995859213251087
1383,0.6387065177547886,0.6393732480548612,0.0006667303000725822,0.6507078098935037,0.6510459741447114,0.00033816425120769544
1384,0.6426067893921804,0.6421105001296585,-0.0004962892625218762,0.6509022197609154,0.6505278236256499,-0.0003743961352655756
1385,0.6519709132737541,0.6515074229753419,-0.0004634902984121947,0.658180143493983,0.6576386559959738,-0.0005414874980091966
1386,0.6463108027360421,0.6470129675332079,0.000702164797165783,0.6545347631217195,0.6552291653378611,0.0006944022161415875
1387,0.6518551778077933,0.6524085135713742,0.0005533357635808533,0.6581106664430462,0.6586403738320213,0.0005297073889751758
1388,0.6321042271929603,0.6344109123811272,0.0023066851881669015,0.6382757858405246,0.6413833666654967,0.0031075808249720893
1389,0.6427933033305201,0.6459656661590089,0.0031723628284887617,0.6626630222839269,0.6662572860764004,0.0035942637924735177
1390,0.6156035394889671,0.6179099714415947,0.0023064319526275856,0.6342099821571345,0.6364562021207459,0.0022462199636114066
1391,0.6432014500051021,0.642513258982546,-0.0006881910225561283,0.6630398644071412,0.6621373611133337,-0.0009025032938075883
1392,0.6057443970014359,0.6064678649222393,0.0007234679208033556,0.6323650171807577,0.632766861713037,0.00040184453227931627
1393,0.6576885320109155,0.6594675363672681,0.001779004356352587,0.6815135629918678,0.6830745787025001,0.0015610157106322742
1394,0.6250362370246068,0.6269038886787183,0.001867651654111513,0.639539762109975,0.6423165384737078,0.002776776363732858
1395,0.6380999025586523,0.6408884880204616,0.0027885854618092676,0.6502843484892817,0.6531001317398478,0.002815783250566084
1396,0.6484182118944528,0.649593974098142,0.0011757622036892013,0.657022810238923,0.6578695168145297,0.0008467065756067038
1397,0.6485171795005378,0.6483323869938797,-0.00018479250665803804,0.6563040431790432,0.6562105617812141,-9.348139782916487e-05
1398,0.647580704206631,0.6481302946433319,0.0005495904367008864,0.6508161807949719,0.6515781482960697,0.0007619675010978044
1399,0.654367779686095,0.6559060743815133,0.0015382946954182186,0.6587765736987354,0.6599425816038739,0.0011660079051384331
1400,0.6528667004252012,0.6519193256305528,-0.000947374794648459,0.6645001868007453,0.6639929404239338,-0.0005072463768115432
1401,0.6307068015440424,0.6288708997395533,-0.001835901804489004,0.6583321202018317,0.6568927986538146,-0.0014393215480171806
1402,0.6471415969628669,0.647937019827409,0.0007954228645421502,0.658038234265302,0.6591039794039372,0.0010657451386352212
1403,0.6493192020710786,0.650210793576874,0.0008915915057953194,0.6588561497930028,0.6593438866937832,0.0004877369007804111
1404,0.6630989427238237,0.6621980599476462,-0.0009008827761775029,0.6664086081723429,0.6652404043954434,-0.0011682037768995235
1405,0.67153534234032,0.6710814682493085,-0.0004538740910114969,0.6860802290844213,0.6847275720795905,-0.0013526570048308928
1406,0.6537382597799484,0.6539047458459489,0.0001664860660005596,0.6581577858184662,0.6585140898798744,0.0003563040614081858
1407,0.6507298626849317,0.6524384606262149,0.0017085979412831964,0.6657831223727961,0.6673281534286968,0.0015450310559006475
1408,0.635017361586579,0.6343868952016147,-0.0006304663849642234,0.6609789875891999,0.6606141350504343,-0.0003648525387656143
1409,0.6384124737928001,0.6398480498281335,0.0014355760353333968,0.6541769777739818,0.6562026694735865,0.002025691699604759
1410,0.6153524636937274,0.6152166781693184,-0.0001357855244090711,0.6319221638541421,0.6317971439465134,-0.0001250199076286984
1411,0.6644697205679945,0.6653978372304735,0.0009281166624790504,0.6810965284133692,0.6815431619162686,0.0004466335028994184
1412,0.6401950474010493,0.6419716818354276,0.0017766344343783658,0.6523561247913701,0.6536934106938734,0.0013372859025033712
1413,0.6344084005417825,0.635242448500233,0.0008340479584505456,0.6456564602341508,0.6465622573356002,0.0009057971014494459
1414,0.6599380118647851,0.660697368403879,0.0007593565390939805,0.6781619975752288,0.6786827811394905,0.0005207835642617731
1415,0.6489217441748023,0.6494768385230375,0.0005550943482351967,0.6621464277748791,0.6629556065188406,0.0008091787439614695
1416,0.6337144730357411,0.6370157809475182,0.003301307911777074,0.6442932261075629,0.6468242572427131,0.0025310311351501857
1417,0.6400927816737979,0.6427812563044121,0.0026884746306141682,0.6462476653781001,0.6487822805214108,0.00253461514331077
1418,0.6246750365596909,0.6251573783294476,0.00048234176975670007,0.6308576282127006,0.630872359857867,1.4731645166410345e-05
1419,0.646240457951957,0.6476824511149697,0.0014419931630127447,0.6534000384384017,0.6550583439010549,0.00165830546265322
1420,0.6356441705043302,0.6359789699779982,0.00033479947366799045,0.6497730030073614,0.6498946567159717,0.00012165370861028091
1421,0.6593813346628431,0.6619714120544973,0.0025900773916541775,0.6643424555375191,0.6666414041024523,0.0022989485649331787
1422,0.6391185915071441,0.6399451551655312,0.0008265636583870695,0.6554137213952316,0.6561383590763911,0.0007246376811594901
1423,0.6242317265514891,0.6252632656997088,0.00103153914821974,0.6448201657157566,0.6451546138762918,0.00033444816053518345
1424,0.6651641865008149,0.6681456995896651,0.002981513088850196,0.6741667846392003,0.676948785247288,0.0027820006080876425
1425,0.6395586492123349,0.6418434565680431,0.0022848073557082405,0.6501038283966671,0.6518472214060449,0.0017433930093777583
1426,0.6197938777142129,0.6214335578162801,0.0016396801020671647,0.6365024198480207,0.6377956194020897,0.0012931995540690355
1427,0.643129440913446,0.6459412614232075,0.0028118205097614757,0.6605297275664124,0.6627619699616981,0.002232242395285744
1428,0.6079065487468192,0.6084605953699694,0.0005540466231502839,0.6197083889726394,0.6203726401803689,0.0006642512077295049
1429,0.6479011042078432,0.6490513941862887,0.0011502899784454623,0.6560623114025727,0.6568165933525065,0.0007542819499338771
1430,0.6646595613572198,0.6668407381628176,0.0021811768055978176,0.6714864311532991,0.6737213942578273,0.002234963104528198
1431,0.6045734015714378,0.6069757774733747,0.002402375901936926,0.627768489368941,0.6301950965781569,0.0024266072092158364
1432,0.638943220339118,0.640922224659111,0.001979004319992983,0.6484084966145425,0.650118742890006,0.0017102462754635672
1433,0.6331384343026268,0.6341703633784173,0.0010319290757904165,0.6402466781225293,0.6404330135262561,0.00018633540372681168
1434,0.6267640333071193,0.6285424632034428,0.0017784298963234857,0.6372298836429271,0.6394226184443577,0.0021927348014305625
1435,0.637530840229873,0.63819362610319,0.0006627858733169179,0.6415953770513685,0.6420301596600642,0.00043478260869567187
1436,0.6452641795455303,0.6480979354387816,0.0028337558932512996,0.661901712134447,0.664960030627548,0.003058318493101009
1437,0.643039565175175,0.643780783563785,0.0007412183886099655,0.6561868331433549,0.6568570325092064,0.0006701993658514427
1438,0.6284719414640138,0.6326135980332971,0.004141656569283336,0.6432657394709618,0.6474775783567136,0.0042118388857518285
1439,0.6338282934030863,0.6344780464383655,0.0006497530352791436,0.6461348714954462,0.6470094558482914,0.0008745843528451536
1440,0.6524145779852534,0.6520380322833186,-0.000376545701934794,0.6733899316462383,0.6728907931036214,-0.0004991385426168504
1441,0.6524855387745079,0.6535819238203618,0.0010963850458539648,0.667481251959058,0.6695755344881231,0.0020942825290650724
1442,0.6154978552774288,0.6156237902818291,0.00012593500440027938,0.6277732818588347,0.6277939857925823,2.0703933747534542e-05
1443,0.6160701861892135,0.6161058092134614,3.562302424786612e-05,0.6372733197389949,0.6377772723081647,0.0005039525691697966
1444,0.6370232119190373,0.6375185193965367,0.0004953074774993738,0.6498691677955303,0.6497396113616262,-0.00012955643390410998
1445,0.6294925881017923,0.630696089482197,0.0012035013804047034,0.6448654340052561,0.6453055735758305,0.0004401395705744271
1446,0.6320229122927206,0.63142212560175,-0.0006007866909705228,0.6419495089692466,0.6415914527032619,-0.0003580562659847297
1447,0.6397153762084349,0.6420439057943864,0.002328529585951533,0.6523288973390631,0.654609183478045,0.002280286138981902
1448,0.6263520478985726,0.6250466768381073,-0.0013053710604652435,0.6432740126737403,0.6417160416592476,-0.0015579710144927317
1449,0.6626527890954306,0.6595698314679438,-0.003082957627486782,0.6717507375729184,0.6693232013410343,-0.0024275362318840754
1450,0.6325275262730028,0.6359655543478346,0.003438028074831845,0.6389624747233444,0.6419949736254085,0.003032498902064029
1451,0.6326594658515046,0.636346413988995,0.0036869481374904867,0.6538051174391342,0.6574784730690115,0.0036733556298773617
1452,0.6548591772725368,0.6575033911689754,0.002644213896438541,0.6630880798867943,0.6659384782806709,0.0028503983938765742
1453,0.6096076213796896,0.6115803395060443,0.001972718126354689,0.6232774739627276,0.6252871490702289,0.002009675107501274
1454,0.6753253061337592,0.680003771955879,0.004678465822119837,0.6828907153655821,0.6870264499589824,0.004135734593400331
1455,0.6297075044076416,0.632860730833782,0.0031532264261404652,0.6488148241713867,0.6509873436808628,0.0021725195094760563
1456,0.6389133297803011,0.6387888557434529,-0.00012447403684823222,0.658047485505134,0.6592143379763343,0.001166852471200297
1457,0.6392120670947716,0.6420971633323052,0.0028850962375335243,0.6509218443812018,0.6538480003508359,0.002926155969634081
1458,0.6093463819770479,0.6101176193728474,0.000771237395799429,0.6207720506953244,0.6214762981387024,0.0007042474433780477
1459,0.6717834261424926,0.6712705822732536,-0.0005128438692389992,0.6874068322981366,0.6865786749482402,-0.0008281573498963857
1460,0.6239224944184968,0.6240084476511555,8.595323265869759e-05,0.6333388657894587,0.6340547199835738,0.0007158541941150176
1461,0.6340929693478572,0.6346239056856575,0.0005309363378003251,0.6437119764293678,0.6444877948138817,0.0007758183845139044
1462,0.6239546878163083,0.62448634072963,0.0005316529133218006,0.6320166261980023,0.6325472549895007,0.0005306287914984553
1463,0.6324590337656195,0.6313368110026152,-0.0011222227630043324,0.6509499566766803,0.6505220846055856,-0.000427872071094737
1464,0.674038664330659,0.673396140232677,-0.0006425240979819336,0.6809465044916181,0.6809190560946045,-2.7448397013629666e-05
1465,0.6830128163330061,0.6834299534594999,0.00041713712649371626,0.6944694694891212,0.695068266827049,0.0005987973379277811
1466,0.6311038224697112,0.6289797112031245,-0.0021241112665867368,0.6402591632578845,0.6380523121379899,-0.002206851119894604
1467,0.5987198936403025,0.5996085185381603,0.0008886248978577926,0.6147589541394088,0.6157340780493153,0.0009751239099065057
1468,0.6415201553180233,0.6411669799859762,-0.0003531753320471509,0.6479046801842973,0.6475349291623723,-0.0003697510219249356
1469,0.6226233480284812,0.6247435885240338,0.0021202404955525944,0.6303303712845804,0.63202429259487,0.00169392131028967
1470,0.6647897496960922,0.6634899675980769,-0.0012997820980152897,0.6806074246837757,0.6796719833135516,-0.0009354413702240549
1471,0.6262644403617719,0.6283374875312967,0.002073047169524833,0.6621339314457921,0.6650330130405259,0.0028990815947337323
1472,0.6096589351791615,0.6154074193774557,0.0057484841982942125,0.6272421117529813,0.633239544272153,0.00599743251917173
1473,0.6322989919373656,0.6346392079340005,0.00234021599663492,0.6415441979387329,0.6433730454197543,0.0018288474810214117
1474,0.6231956556060985,0.6246228927374469,0.0014272371313484022,0.6373981133955559,0.6397963190546311,0.0023982056590752254
1475,0.6561029003185742,0.6576191423485398,0.0015162420299655865,0.6673579584784828,0.6685633472925673,0.001205388814084496
1476,0.6272405855594606,0.6272321680211518,-8.417538308824746e-06,0.6425032590313922,0.6422315199009572,-0.0002717391304349892
1477,0.6430790948950325,0.6430696630273143,-9.431867718179276e-06,0.6559577887605839,0.656219242282907,0.00026145352232309627
1478,0.6687192030381504,0.6682583602911109,-0.0004608427470395027,0.6788740105496454,0.6775059824424868,-0.0013680281071585254
1479,0.6511520477098965,0.6516822613003932,0.0005302135904966532,0.6627584224448413,0.6630851971194422,0.0003267746746009603
1480,0.6334482408670848,0.6329707409238393,-0.0004774999432455296,0.6452020452333262,0.6440142233933306,-0.001187821839995662
1481,0.6612019400843107,0.6618907166233756,0.0006887765390649614,0.6679482381214701,0.6685515719856735,0.0006033338642034147
1482,0.6447925871028908,0.6495418202300381,0.0047492331271473676,0.6555085059581189,0.6596389407407276,0.004130434782608661
1483,0.6516489596521117,0.6504357848868618,-0.001213174765249847,0.6640827650610258,0.6633642082555126,-0.0007185568055132485
1484,0.6465800624722232,0.6457959929266994,-0.0007840695455237912,0.6570011510228903,0.6563104407669625,-0.0006907102559277067
1485,0.6404197156537671,0.6406562002940422,0.00023648464027514748,0.655490505706916,0.6552662130913192,-0.00022429261559686609
1486,0.6635785978746839,0.6660201259268773,0.0024415280521934424,0.674208939762293,0.6768693952488354,0.002660455486542368
1487,0.648667614759636,0.6504765537730198,0.001808939013383859,0.6591419328439245,0.6610904553359253,0.001948522492000726
1488,0.6354040092584785,0.6364859195788217,0.0010819103203432157,0.6550941311966156,0.6551453118999703,5.1180703354636314e-05
1489,0.6549563034951443,0.6569449188866819,0.001988615391537607,0.6686459688329794,0.670361475548486,0.0017155067155065762
1490,0.6150967872249813,0.6160373658636908,0.0009405786387095549,0.6305782877497383,0.6314511467747712,0.0008728590250328683
1491,0.6334252662028003,0.6345069493230089,0.0010816831202086208,0.6419086393563659,0.6433244699026313,0.001415830546265373
1492,0.6372833190965388,0.6369506101023756,-0.0003327089941631556,0.6440081978080977,0.6439431662213269,-6.50315867708473e-05
1493,0.6437839165508142,0.643837522442574,5.360589175973374e-05,0.6581245788067919,0.6588873553132756,0.0007627765064837089
1494,0.6235928261250743,0.6234241741451809,-0.0001686519798933528,0.6314417416726065,0.6312433289741937,-0.00019841269841280873
1495,0.6205031914038508,0.6207196362145718,0.00021644481072102817,0.6350771681276544,0.6347289656055388,-0.00034820252211553715
1496,0.6282330712840914,0.6283324604527912,9.938916869978165e-05,0.6464042376290415,0.6465872792251266,0.0001830415960850651
1497,0.6498193246635694,0.652257216314288,0.0024378916507186155,0.6647498154019893,0.6669488120575077,0.0021989966555183704
1498,0.6622437203695399,0.6646608301217184,0.002417109752178459,0.671736972592315,0.6737886527961691,0.002051680203854045
1499,0.6402792015325162,0.64329919321272,0.0030199916802038373,0.652758889974301,0.6547061612310352,0.0019472712567342176
1500,0.5965562622573389,0.5962193331402017,-0.00033692911713723017,0.6251657236686764,0.6242547505837903,-0.0009109730848860798
1501,0.6467588060147454,0.6486858179275601,0.0019270119128146357,0.6525996743302798,0.6543646846822466,0.0017650103519668559
1502,0.6496631867649514,0.6512176558093228,0.0015544690443713982,0.660454870267509,0.6625618599672098,0.002106989699700801
1503,0.6553461123234868,0.6575553175637885,0.0022092052403016593,0.6639636085582272,0.6659137357257459,0.0019501271675186338
1504,0.6203869634495289,0.6208049459711498,0.00041798252162084104,0.6333744717960219,0.6338007846136392,0.00042631281761729145
1505,0.6778785782226386,0.6789512352664553,0.0010726570438166494,0.6890963547428077,0.6894865925243499,0.0003902377815421243
1506,0.6363707468959249,0.6356676448845985,-0.0007031020113263953,0.6446746480665145,0.64402249828393,-0.0006521497825845435
1507,0.6625440441440252,0.6641550292849964,0.0016109851409711329,0.6746267954486067,0.6755106941585923,0.0008838987099856199
1508,0.629511462677394,0.6314077661118535,0.0018963034344594565,0.6498873918686661,0.6526636011666145,0.0027762092979484176
1509,0.6500110523125724,0.6485950029958267,-0.00141604931674566,0.6613614157005666,0.6603745281919399,-0.0009868875086267437
1510,0.6476149767203989,0.648659233579647,0.0010442568592481383,0.6662411288626123,0.6668373357248039,0.0005962068621915284
1511,0.6584832543119078,0.6571394661790602,-0.0013437881328476342,0.6707054153249806,0.6685639698139698,-0.002141445511010809
1512,0.6332093709919117,0.6349708667801267,0.0017614957882150506,0.6434335758236589,0.6451330237187589,0.0016994478951000147
1513,0.6390193510681071,0.6418925822573284,0.002873231189221226,0.6552287895090432,0.6580374982768312,0.0028087087677880485
1514,0.650815016516246,0.6513776716011758,0.0005626550849298084,0.6621343476074933,0.6629659073520966,0.0008315597446032497
1515,0.6216023158376726,0.620997416121765,-0.000604899715907603,0.6401713786390352,0.6399467723274722,-0.00022460631156295818
1516,0.6493622952061984,0.6538242805091692,0.004461985302970817,0.655433596739787,0.6599582387644289,0.004524642024641978
1517,0.6340322750442319,0.6354355528594777,0.0014032778152458514,0.6370561716442724,0.6379293195998003,0.0008731479555278421
1518,0.5969034176818411,0.5989941393302922,0.0020907216484511437,0.6006117916627345,0.6025880762477148,0.0019762845849803368
1519,0.6409135985089585,0.6410225602599576,0.00010896175099917027,0.6463915884586328,0.6464594071134079,6.781865477512028e-05
1520,0.610104277510436,0.6118066442708127,0.0017023667603766057,0.6174164885364101,0.6194228879341138,0.002006399397703751
1521,0.6365079688803249,0.6378024701098173,0.001294501229492373,0.6485213231490993,0.6506952361925775,0.0021739130434782483
1522,0.6438817554694864,0.6436386612008361,-0.00024309426865032346,0.6580194541099033,0.6578108462925998,-0.00020860781730347444
1523,0.6601903441395344,0.660370603330254,0.0001802591907196227,0.6731238161265072,0.6736486294774074,0.0005248133509002662
1524,0.6158038522109317,0.6150071264068875,-0.0007967258040442182,0.6243376147911058,0.6232111325776671,-0.0011264822134386954
1525,0.6147558665304063,0.6142230260223549,-0.0005328405080513576,0.6289151927631751,0.6282861116993115,-0.0006290810638636124
1526,0.6585674783796971,0.6564401222215832,-0.00212735615811388,0.6691649604187522,0.6672633354736489,-0.001901624945103264
1527,0.6494784968789356,0.6501022870992386,0.000623790220303011,0.6656138617294224,0.6657639652490911,0.0001501035196687095
1528,0.6574551787015211,0.6585928062472216,0.0011376275457004592,0.6656870963648457,0.6670155987803047,0.0013285024154590097
1529,0.6281216733231652,0.6291159680115855,0.000994294688420383,0.6381941794985274,0.6392152598674338,0.0010210803689063574
1530,0.6276993906420838,0.6266240637263669,-0.0010753269157168788,0.6350827850685586,0.6337473813418506,-0.0013354037267080399
1531,0.6534637505914478,0.6569154164634178,0.003451665871969989,0.6595608918023841,0.6627290686547715,0.003168176852387461
1532,0.6364863709510956,0.6410268775587736,0.004540506607678019,0.6486115466331607,0.6526826928782199,0.004071146245059221
1533,0.6478853252287557,0.6480016700990515,0.00011634487029577034,0.6548816447578824,0.6553043500718921,0.00042270531400978584
1534,0.6343372424184609,0.6343485332475777,1.1290829116772372e-05,0.6407231318310579,0.6409234267052659,0.00020029487420802905
1535,0.6334654261882496,0.6340233020745151,0.0005578758862654354,0.6360760732224684,0.6364164936715845,0.0003404204491160856
1536,0.6158394039936614,0.6172283004023075,0.0013888964086460343,0.626677034742916,0.6279197248013956,0.0012426900584795453
1537,0.6242928806434729,0.6250133913642832,0.0007205107208103634,0.6396588125308272,0.6400987711229598,0.00043995859213252775
1538,0.6495572414573152,0.6492199666931797,-0.00033727476413547564,0.6622304344212916,0.6609552603200305,-0.0012751741012611006
1539,0.6437636456896145,0.6464431933393076,0.002679547649693026,0.653340195025139,0.6556853860659821,0.0023451910408431864
1540,0.6095620571025258,0.6100236980799079,0.0004616409773821051,0.6271473810551346,0.6267022464795653,-0.0004451345755692726
1541,0.6322782898114478,0.6350955493020568,0.0028172594906089587,0.6407879803901084,0.6432983323569822,0.0025103519668737695
1542,0.6191358372954702,0.6192487181757902,0.00011288088032002097,0.6301663993435767,0.6300835836085869,-8.28157349898051e-05
1543,0.6167243912475628,0.6185483385914147,0.0018239473438518283,0.6340486490372074,0.6351807777780318,0.0011321287408244674
1544,0.6254675516167031,0.6284968340100324,0.0030292823933293356,0.6427607724241412,0.6459099497151949,0.003149177291053684
1545,0.6484920937474746,0.647529912690175,-0.0009621810572996159,0.6603435814355669,0.6593347472745589,-0.0010088341610080542
1546,0.6524472208906793,0.652201165581364,-0.0002460553093153184,0.6658469103737379,0.665846910373738,1.1102230246251565e-16
1547,0.6398596716730445,0.6408026189972628,0.0009429473242182906,0.6510019449149885,0.6520336909467346,0.0010317460317460503
1548,0.6164393038698609,0.6172387584466663,0.000799454576805414,0.6286321166527007,0.6290584294703178,0.0004263128176170694
1549,0.6392841037217705,0.6394161042267307,0.00013200050496020577,0.6440171416474032,0.6440378455811505,2.0703933747312497e-05
1550,0.6524001733942771,0.6517144322745613,-0.0006857411197158658,0.6590961820736828,0.6583633073894015,-0.0007328746842812928
1551,0.6533103742312455,0.6542202158667778,0.0009098416355323158,0.6575162092695949,0.6584090664124521,0.0008928571428572507
1552,0.641951580659237,0.6411499709604669,-0.0008016096987700783,0.6640723739861671,0.6628615075579094,-0.0012108664282577397
1553,0.634450015348894,0.6344698243313642,1.9808982470226333e-05,0.6516550565268158,0.6512331631317766,-0.00042189339503917456
1554,0.6192960976300954,0.6215303881650917,0.0022342905349962416,0.627662808575135,0.6299750615395618,0.002312252964426831
1555,0.6064756590950858,0.6076144526666267,0.001138793571540897,0.6265787326259727,0.6278166553312868,0.0012379227053140873
1556,0.6060970260873255,0.6067788501535621,0.0006818240662366248,0.6134092513786823,0.6147237339975128,0.0013144826188304926
1557,0.6179330738447656,0.6194437001598224,0.0015106263150568289,0.6309517646060819,0.632542516849008,0.0015907522429260412
1558,0.6359886128090639,0.6357351733463198,-0.00025343946274414275,0.6486187657367799,0.6484101579194764,-0.00020860781730347444
1559,0.6494328042985796,0.6507497699544814,0.0013169656559017806,0.664063957731864,0.6649834006078288,0.0009194428759647932
1560,0.6485916609591935,0.6462282997685673,-0.0023633611906261898,0.6677576654651057,0.6660004190882941,-0.0017572463768116275
1561,0.6354310342448151,0.6367557159466383,0.0013246817018232049,0.6413864979819968,0.6422733647384287,0.0008868667564319033
1562,0.6101287807492445,0.6115999281623307,0.0014711474130861824,0.6206936680011974,0.6221495309787997,0.0014558629776022514
1563,0.6220566196115134,0.6240081836693785,0.0019515640578651183,0.6371031558476526,0.6390860280479161,0.001982872200263497
1564,0.6435846700972417,0.6440174858861752,0.0004328157889335049,0.6528422171109455,0.6533582469748014,0.0005160298638559047
1565,0.6400400074484469,0.6412401399901829,0.0012001325417360098,0.6522908613126005,0.65316135555266,0.0008704942400594717
1566,0.6556067563271601,0.6571151238273824,0.0015083675002222074,0.6714333806542061,0.6727242395537607,0.0012908588995546033
1567,0.663913037748081,0.6666633727438694,0.0027503349957884726,0.6735736521335476,0.6760167163157422,0.002443064182194643
1568,0.6215126868744449,0.623514541936009,0.0020018550615640285,0.6412847324353549,0.6430426846280897,0.0017579521927347797
1569,0.6341100756388033,0.6369558494167484,0.0028457737779451486,0.6381414009796504,0.6410608124860184,0.002919411506367986
1570,0.6159029560335286,0.6163911289398321,0.00048817290630343013,0.6311102871923623,0.6322403769094086,0.001130089717046312
1571,0.6580579732766924,0.6557998541648135,-0.002258119111878898,0.6914581387530526,0.6894395052126799,-0.002018633540372683
1572,0.5993087753717796,0.59978319790239,0.0004744225306103633,0.618956456203973,0.6195034937075323,0.0005470375035593333
1573,0.6236538004527951,0.6254273452236894,0.0017735447708943086,0.6470649107966462,0.648774867506603,0.0017099567099567725
1574,0.6381213494684826,0.6385593379009947,0.00043798843251208197,0.6455497627646891,0.6459822203326966,0.0004324575680074716
1575,0.638195972253525,0.6369011493128922,-0.0012948229406327671,0.6503688007480004,0.6491541699681522,-0.0012146307798481804
1576,0.6244376754243676,0.6254593318610518,0.0010216564366842817,0.6385824325338391,0.6383719425407404,-0.00021048999309869476
1577,0.630018963570824,0.6296471320182675,-0.0003718315525564897,0.6435052507878595,0.6428985710450241,-0.0006066797428353476
1578,0.635338591687029,0.6366280192715996,0.0012894275845706238,0.6502629318283624,0.6513559933562065,0.0010930615278441635
1579,0.6647250757156119,0.6645098265144432,-0.00021524920116866575,0.6752180416321611,0.6748082943745878,-0.0004097472575733674
1580,0.6275982675243794,0.63036060103459,0.0027623335102106017,0.6360418812199571,0.6385502424239705,0.0025083612040134318
1581,0.6404453409128122,0.64283153721543,0.0023861963026177158,0.6486870745239943,0.6512042114081389,0.0025171368841445663
1582,0.6276427832942011,0.6278412416483858,0.00019845835418474955,0.6395631180413789,0.6400825985608593,0.0005194805194803642
1583,0.6461976591893849,0.6457810966487356,-0.0004165625406492568,0.659856159028488,0.6592609209332501,-0.0005952380952379821
1584,0.6266307121780091,0.6270232485224218,0.00039253634441260843,0.6468950137239361,0.6465940103794547,-0.00030100334448135424
1585,0.651088058949018,0.6486782853858809,-0.0024097735631370965,0.6680150078679491,0.6648465338299097,-0.003168474038039437
1586,0.6225381865667362,0.6221402958374188,-0.0003978907293173961,0.6368906763476637,0.6358099497426404,-0.001080726605023341
1587,0.6453161428904374,0.6466357651412143,0.001319622250776975,0.6640501373296495,0.6657061475598286,0.001656010230179139
1588,0.6435234070571237,0.6421331260960769,-0.0013902809610468747,0.656280208573871,0.6553485315552375,-0.0009316770186335033
1589,0.6200716298137854,0.6200355340060455,-3.609580773988874e-05,0.6282831645524493,0.6280499798627428,-0.000233184689706456
1590,0.6300540869822915,0.6316960726604891,0.0016419856781976216,0.6474732936530222,0.649043341962201,0.0015700483091788398
1591,0.6589930291287259,0.6579519254332707,-0.0010411036954551811,0.6704921921572036,0.6698676234891565,-0.0006245686680470541
1592,0.6592213280104834,0.6601637390953674,0.0009424110848840206,0.6665689514224487,0.6683684683306611,0.0017995169082124507
1593,0.6099821486374384,0.6119661020237616,0.0019839533863231784,0.6285024653052355,0.6306940141655822,0.0021915488603467814
1594,0.6366785453112613,0.6369665937723336,0.00028804846107222115,0.641775420191043,0.6417051522946879,-7.026789635500297e-05
1595,0.639589967908561,0.6416585779179549,0.0020686100093938453,0.6495889957373074,0.6516738975504702,0.0020849018131627872
1596,0.6422034397263567,0.6432229378906904,0.0010194981643336654,0.6506984423917684,0.6516404713772755,0.000942028985507104
1597,0.6319495207826679,0.6321038336206867,0.0001543128380188108,0.6431186005921071,0.6432018222865821,8.322169447494421e-05
1598,0.6339494744865513,0.6387551928993739,0.004805718412822624,0.6464243625924504,0.6502101500987925,0.0037857875063420643
1599,0.6396988663163358,0.6412414315880953,0.001542565271759555,0.6425434384980698,0.644037572383508,0.0014941338854381758
1600,0.6313493735894589,0.6311441387048593,-0.00020523488459955885,0.6414965448930788,0.64084782163566,-0.0006487232574188262
1601,0.6443452226632784,0.6451668222874174,0.0008215996241389689,0.6582491311461066,0.6591170313618328,0.0008679002157261362
1602,0.6508450575549608,0.6522047239028401,0.001359666347879318,0.6579536359927625,0.6596351066959723,0.0016814707032097864
1603,0.6370939790543086,0.6376470111539604,0.0005530320996517402,0.659952139500254,0.6602116391651246,0.0002594996648705994
1604,0.6138860358054237,0.6158813059610666,0.0019952701556429364,0.6222048482918049,0.6241126023734719,0.0019077540816669902
1605,0.6450445482893631,0.6470594887066677,0.002014940417304656,0.6567520167348543,0.6582706189056303,0.00151860217077604
1606,0.6134524419857111,0.6147699827568428,0.0013175407711316645,0.6363071860247441,0.6372255912909754,0.0009184052662313258
1607,0.6288885550976306,0.630471006691266,0.0015824515936353478,0.6415857201389635,0.6427013677763503,0.0011156476373868074
1608,0.6376585762416609,0.6425508856295117,0.004892309387850791,0.6511956812739512,0.6564287573765926,0.005233076102641343
1609,0.6221019938487815,0.6224708264972948,0.00036883264851328423,0.6319004985780454,0.6325388939990494,0.0006383954210039677
1610,0.6046447507139987,0.6044533186664529,-0.00019143204754579202,0.618766293738799,0.6187343244293361,-3.1969309462920315e-05
1611,0.6339639264472667,0.6345340505694923,0.0005701241222255682,0.6427577233663028,0.643143098860374,0.0003853754940712495
1612,0.6330801713446738,0.6347100444658401,0.0016298731211663586,0.6401521767826116,0.6418398128180739,0.0016876360354622921
1613,0.6383486446559248,0.6375925044077071,-0.0007561402482176849,0.6569303384907412,0.6562781645776977,-0.0006521739130435078
1614,0.6545748622880044,0.6570476789970051,0.0024728167090006803,0.6706926402942326,0.6736096025590208,0.0029169622647882143
1615,0.6423219128651972,0.6441620107402645,0.0018400978750672259,0.6516694928451329,0.6533775673792944,0.0017080745341615522
1616,0.6074479878170834,0.6091720087529794,0.0017240209358959646,0.6250190287082871,0.6259450222941271,0.0009259935858400015
1617,0.6163349155177859,0.6170934953907351,0.0007585798729492499,0.6301011638415731,0.6307459055732714,0.0006447417316982618
1618,0.6417881278422503,0.6446152611886702,0.00282713334641993,0.6549358466235834,0.6574917859953795,0.002555939371796101
1619,0.6193435702826743,0.6210211918921452,0.0016776216094709362,0.6383972978524638,0.6395761468337703,0.0011788489813064906
1620,0.6294446760486846,0.6316011952757363,0.002156519227051734,0.6382395564947113,0.6405063718050049,0.0022668153102936017
1621,0.6367546403214706,0.6371494142500397,0.0003947739285691254,0.6489737860551464,0.6488254561242078,-0.00014832993093860658
1622,0.6270100938990452,0.6287465440645501,0.0017364501655049436,0.6465631055577045,0.6498234286389994,0.00326032308129498
1623,0.6333284259516626,0.6332843130345283,-4.41129171343535e-05,0.6520487409799005,0.6520388957526638,-9.845227236682241e-06
1624,0.6273782637709013,0.6274748851303278,9.6621359426452e-05,0.6441129702674274,0.6436247024965508,-0.000488267770876627
1625,0.6302507901553946,0.6316417344886902,0.0013909443332955629,0.6436326082278844,0.6451279968971858,0.001495388669301434
1626,0.6445786793025119,0.6457801108510642,0.0012014315485523452,0.6513296273226695,0.6527639538656916,0.001434326543022113
1627,0.6480106600556951,0.6457929248128285,-0.002217735242866614,0.6562902945533935,0.6545447454165402,-0.0017455491368533194
1628,0.6555341188165894,0.6557788072583817,0.00024468844179226235,0.6675381694179648,0.6676209851529544,8.281573498958306e-05
1629,0.6153917904185447,0.6170417844191989,0.0016499940006541314,0.6260773214577562,0.6279889846737672,0.0019116632160109948
1630,0.6299360543749571,0.6324273885857068,0.0024913342107496517,0.6446174359121555,0.6471203556976841,0.0025029197855286345
1631,0.6359372885969554,0.6370748223793716,0.0011375337824162113,0.6491796935750681,0.6506015205403733,0.0014218269653052396
1632,0.6197882953818585,0.6225168447499458,0.0027285493680873074,0.6277537831902541,0.6299609962670323,0.0022072130767781806
1633,0.6393756841135344,0.6416643479853733,0.002288663871838903,0.6678510314981073,0.6703295312592159,0.002478499761108588
1634,0.6180861032013047,0.6190900342077965,0.001003931006491765,0.6342279866471625,0.6348936977476562,0.0006657111004937377
1635,0.6437695255334409,0.6438358541299959,6.632859655497647e-05,0.6578748897570745,0.6590213700883375,0.0011464803312629668
1636,0.6391562394049014,0.6411547640347736,0.001998524629872156,0.6515638838837899,0.6540869405372814,0.0025230566534915067
1637,0.6572174434713132,0.6612558694194139,0.004038425948100777,0.6696323305791058,0.6737138238230029,0.004081493243897172
1638,0.6212112073061261,0.6236049763632887,0.002393769057162598,0.6302446030916763,0.6326773153069972,0.0024327122153209313
1639,0.6357322063918237,0.6365566541330329,0.0008244477412091555,0.6464759701091206,0.6476032968886212,0.0011273267795005593
1640,0.6241969153372999,0.62179845751501,-0.002398457822289979,0.630390684195032,0.6277216020694282,-0.0026690821256037944
1641,0.6196395590922398,0.6212538676870232,0.001614308594783398,0.6338279508130767,0.6349806025092066,0.0011526516961298805
1642,0.6385908124496451,0.6424164177986169,0.0038256053489718056,0.650217594427831,0.6529701558760446,0.002752561448213564
1643,0.6465620229493478,0.6492169469361033,0.0026549239867554864,0.6514714002999,0.6539159545379326,0.0024445542380325813
1644,0.645755608658256,0.6475372266371076,0.0017816179788515685,0.6546536764021745,0.6563296332955227,0.0016759568933482072
1645,0.6596137087837695,0.6589673939243268,-0.0006463148594426649,0.6635252415467364,0.6623789964874479,-0.0011462450592885087
1646,0.6376273656667802,0.6375244904524677,-0.00010287521431251445,0.6474069574633796,0.6474740884000758,6.713093669619141e-05
1647,0.6345429842391955,0.631747763035762,-0.002795221203433562,0.6475376768227351,0.6452337006057153,-0.002303976217019832
1648,0.6461440588926058,0.6491637808835478,0.003019721990941915,0.6577288817835639,0.6604166288191371,0.0026877470355731736
1649,0.644853471373169,0.6455143305181378,0.0006608591449688284,0.6550978941262945,0.6558810361050886,0.000783141978794144
1650,0.6435288373550712,0.6462387287542948,0.0027098913992236184,0.6582985503705155,0.6602471331886636,0.0019485828181480258
1651,0.6614020520941964,0.6643119524255601,0.002909900331363624,0.6738678777347729,0.6765374304043253,0.0026695526695524885
1652,0.6400124608306141,0.6370163210492067,-0.0029961397814074475,0.6572679988849365,0.6540534087010369,-0.0032145901838995794
1653,0.6257448270584197,0.625473726377096,-0.00027110068132374376,0.6396617587372265,0.63968920713424,2.7448397013518644e-05
1654,0.6469528470392089,0.6476370117733559,0.0006841647341470081,0.6659873678036824,0.6665725676280126,0.0005851998243302514
1655,0.6367252352004291,0.6373199822640254,0.0005947470635963015,0.6540465941209161,0.6551402703404505,0.0010936762195343785
1656,0.6057416893187335,0.6090017371435286,0.0032600478247950537,0.6231710400568216,0.6259451017439269,0.002774061687105367
1657,0.6509830556760001,0.6519701578466396,0.0009871021706394645,0.6589515416759744,0.6597558027743531,0.0008042610983787224
1658,0.6249676172485459,0.6252199267151315,0.0002523094665856096,0.6349709824134376,0.6355807591101709,0.000609776696733233
1659,0.615196667236856,0.616747232082786,0.0015505648459300803,0.6350677359433805,0.636606470014084,0.0015387340707034847
1660,0.6621624788650253,0.6633197004635302,0.0011572215985048429,0.6686270231083211,0.6696019901702447,0.0009749670619235706
1661,0.608998667987949,0.6128257836324437,0.003827115644494672,0.6266097627163318,0.6304339518122599,0.0038241890959280767
1662,0.6578957436701772,0.6598747277776268,0.001978984107449566,0.6660870578280622,0.6669833233982407,0.0008962655701785227
1663,0.6198074743929699,0.6208623934967651,0.0010549191037951822,0.6312753024482941,0.6317630393490744,0.0004877369007803001
1664,0.6156321911695588,0.6147479459348996,-0.0008842452346592422,0.6192936096905319,0.6183789687758912,-0.0009146409146407741
1665,0.6378240496399918,0.6391181566624153,0.0012941070224234963,0.6635714117966705,0.6651359101002993,0.001564498303628814
1666,0.6323867899294722,0.6323676895298179,-1.9100399654248257e-05,0.6390320008613043,0.6386326538315226,-0.000399347029781727
1667,0.6253168303532983,0.627115984541416,0.001799154188117713,0.6406283340173369,0.6423480876936123,0.001719753676275415
1668,0.6551543417010456,0.6567476142731377,0.0015932725720920748,0.6687920068706513,0.669937093667912,0.0011450867972606638
1669,0.6558646960588427,0.6558110344127093,-5.366164613340718e-05,0.6761127302546421,0.6759179250598368,-0.00019480519480530312
1670,0.6303068344118136,0.6293833142669002,-0.0009235201449133701,0.6442848367389086,0.6436118020441348,-0.0006730346947737553
1671,0.6204281075979319,0.6201214305919107,-0.000306677006021161,0.6429958628328193,0.6431557874492656,0.0001599246164463164
1672,0.6044054786878671,0.6074162951134154,0.003010816425548346,0.6260462154788772,0.6304380193272028,0.004391803848325604
1673,0.6432443892726439,0.645067420952923,0.0018230316802790858,0.6546247150892609,0.6563112893845308,0.0016865742952698604
1674,0.6463193631173421,0.6477705592703624,0.001451196153020362,0.6701460977538549,0.6711638843151198,0.001017786561264833
1675,0.624537670254381,0.6269506631730798,0.0024129929186987864,0.6333192506251514,0.6362741881996541,0.002954937574502714
1676,0.6340499313672355,0.6351356534950346,0.0010857221277991158,0.6528914464336459,0.6532839585109407,0.0003925120772947377
1677,0.6178380852751794,0.6185282413042783,0.0006901560290989428,0.6378107819674428,0.6386490560122385,0.0008382740447957504
1678,0.642664329634308,0.6421170756977479,-0.000547253936560077,0.6560144419803331,0.6556205424016509,-0.0003938995786821886
1679,0.6421816633688693,0.6465093925149499,0.0043277291460805944,0.6525076152952259,0.6563562907743361,0.003848675479110164
1680,0.6404208137008424,0.6411405931898981,0.0007197794890557718,0.6575017137536096,0.6584705516789693,0.0009688379253597335
1681,0.6365269542288886,0.638226929699235,0.0016999754703463932,0.6403528985569943,0.6421550818809169,0.0018021833239225682
1682,0.6478052951386831,0.6518226969102622,0.004017401771579054,0.6587515237415432,0.6619272525310826,0.0031757287895394226
1683,0.6460348266036763,0.6485352378726321,0.0025004112689558378,0.6526244384390888,0.6549990203788882,0.002374581939799447
1684,0.653352962687077,0.6535968559315873,0.00024389324451035144,0.6710840888074447,0.6710495822511992,-3.4506556245594844e-05
1685,0.6408452558347187,0.6433405880288546,0.002495332194135891,0.6586801521284782,0.6606650512872904,0.00198489915881217
1686,0.647061984686984,0.6473186163697688,0.00025663168278489135,0.6578603104129243,0.6580713312761189,0.0002110208631946886
1687,0.6206653252352275,0.6220460084038015,0.0013806831685739818,0.6302358450728017,0.6313952653626569,0.001159420289855162
1688,0.6026364291633246,0.6055162333770718,0.002879804213747228,0.6212402886782961,0.624506716765696,0.003266428087399964
1689,0.6540257438962983,0.65513752107887,0.001111777182571716,0.659759143550809,0.6615695432959916,0.0018103997451826004
1690,0.6565506212319058,0.6573295064308059,0.0007788851989001255,0.6713547877679068,0.6726828679003347,0.0013280801324279112
1691,0.6374141351505432,0.6374623873795188,4.825222897553161e-05,0.64464923929438,0.6446646103967075,1.537110232752159e-05
1692,0.6359734715041178,0.6369961300401521,0.0010226585360343377,0.6483818355004035,0.6497125337876236,0.0013306982872201
1693,0.6591177161064949,0.661381879862864,0.002264163756369064,0.6730733195755247,0.6747962946680651,0.0017229750925403797
1694,0.6314279739430387,0.633372429829237,0.001944455886198293,0.6355844887315278,0.6378661684045118,0.0022816796729839828
1695,0.6299440494371003,0.6309148271707783,0.000970777733678041,0.6374304072833485,0.6385503622076513,0.001119954924302724
1696,0.6131666843035333,0.614526805224112,0.001360120920578689,0.6269014843490338,0.6280246975203019,0.001123213171268067
1697,0.6529569903843963,0.6519933544635833,-0.0009636359208129441,0.674074907551676,0.6744009945081977,0.0003260869565216984
1698,0.6358411001108584,0.6366279622388378,0.0007868621279794041,0.6410154919885297,0.6420412777969242,0.0010257858083945193
1699,0.6500662732178324,0.6536336164878384,0.0035673432700059626,0.6588908197604563,0.6615025739482975,0.0026117541878412087
1700,0.6085894049301692,0.6096575291591276,0.0010681242289584114,0.6178883899972888,0.6193117854424234,0.0014233954451345898
1701,0.657252910984208,0.6563835982783616,-0.0008693127058464478,0.6704956396260746,0.6697019888324236,-0.0007936507936510129
1702,0.6299391618789562,0.6309846917799626,0.0010455299010064811,0.6470302901570352,0.6473526610228842,0.00032237086584907537
1703,0.6569754427512781,0.658320377218749,0.0013449344674709707,0.6674046733317832,0.6687111524451677,0.00130647911338444
1704,0.6107034241016366,0.6127618755856169,0.002058451483980317,0.6231558019422296,0.6258473133293931,0.0026915113871635032
1705,0.6405091676695862,0.6426543395140673,0.002145171844481042,0.6518951689782729,0.6538016562108472,0.00190648723257425
1706,0.6425832499167798,0.6467536832047704,0.004170433287990605,0.6500775601425699,0.652607397455016,0.0025298373124460483
1707,0.6557361359233853,0.6578621491257011,0.0021260132023157574,0.6624318158285954,0.6648123338612874,0.002380518032691903
1708,0.6712894074081153,0.6767222413855898,0.005432833977474516,0.6825670501217084,0.6871904460494522,0.004623395927743856
1709,0.629416198414188,0.63306994621952,0.0036537478053318972,0.6431723330064292,0.6466712978097418,0.0034989648033125764
1710,0.6236840115816041,0.6256607100146205,0.0019766984330163995,0.6334367187700701,0.6358913897030021,0.002454670932931946
1711,0.6389557291780946,0.6412758062866253,0.0023200771085306604,0.6463642723735891,0.6480150008721438,0.0016507284985547432
1712,0.6493679415688877,0.6500672667587029,0.000699325189815192,0.6623208100103953,0.6633360990691627,0.0010152890587673546
1713,0.6269594451137902,0.628958839742657,0.0019993946288667797,0.6340910348869123,0.636170477183746,0.0020794422968336557
1714,0.6382833173126751,0.6436106494332912,0.005327332120616091,0.6511651905559893,0.6571774391769335,0.006012248620944183
1715,0.6347082056288902,0.6320497267890367,-0.002658478839853484,0.6407680530801386,0.6372358365044437,-0.003532216575694913
1716,0.6401140726048219,0.6392777150339021,-0.0008363575709198212,0.6492348196243924,0.648242756132329,-0.0009920634920634885
1717,0.619898470605552,0.6203085345824747,0.00041006397692266994,0.6319725846017913,0.631274740246658,-0.0006978443551333147
1718,0.6392388332409292,0.6429418994031897,0.00370306616226046,0.6575377729873347,0.6607524085932748,0.0032146356059400416
1719,0.6458737867539357,0.646571924291977,0.0006981375380412658,0.663334799613572,0.664008473765507,0.0006736741519349776
1720,0.6226946667205481,0.625142621852433,0.0024479551318848936,0.638143266354773,0.6399812110188047,0.0018379446640316432
1721,0.650615185998338,0.6508903023119913,0.0002751163136532897,0.6602763645524106,0.6606332781701937,0.0003569136177831167
1722,0.5942889627219892,0.5949849027116073,0.000695939989618144,0.6127787997139906,0.6133914479353347,0.0006126482213441031
1723,0.6205727297254564,0.6227799082936609,0.0022071785682045153,0.638579678386853,0.6406865690807002,0.0021068906938471743
1724,0.6503551460659178,0.6481512900300079,-0.00220385603590989,0.6592070034825547,0.6571780179753083,-0.0020289855072463947
1725,0.6460613557536994,0.6453872759291844,-0.0006740798245149504,0.6664982217535301,0.6661593697842434,-0.00033885196928673533
1726,0.626150161427733,0.6304887876155484,0.004338626187815331,0.6418632442410349,0.6464767708110832,0.004613526570048321
1727,0.6431850215154377,0.6436582673469105,0.00047324583147279053,0.6581283977131558,0.6590756026821,0.0009472049689441819
1728,0.6299889339352797,0.6275633308374551,-0.00242560309782458,0.6439812048053316,0.6417747759684681,-0.0022064288368635054
1729,0.6092737178158757,0.6136755840193748,0.0044018662034991385,0.6347790331538898,0.6394555341890866,0.0046765010351967895
1730,0.6449119354129096,0.6464366363417907,0.0015247009288811286,0.654183637147582,0.6552847099877853,0.001101072840203332
1731,0.6526235034490327,0.6524681637253337,-0.00015533972369907723,0.6626802833487454,0.6625654826904664,-0.00011480065827895736
1732,0.632072164373337,0.6333347026416263,0.0012625382682892594,0.642851966873706,0.6440322479452916,0.0011802810715855205
1733,0.6488886078892641,0.6504833480499478,0.0015947401606837275,0.6565186328440477,0.6581357958742542,0.0016171630302065365
1734,0.6372868129055606,0.6372587937376885,-2.8019167872095352e-05,0.6557138485609731,0.6555360383064366,-0.00017781025453655896
1735,0.617581240144231,0.6190947055253383,0.001513465381107304,0.6309912907607923,0.6320164491772551,0.0010251584164627792
1736,0.6264401768427905,0.6307246589406647,0.004284482097874132,0.6375719169293339,0.6412189763916107,0.003647059462276836
1737,0.647073129878496,0.6458517806446342,-0.001221349233861746,0.660702180740544,0.6597121562722585,-0.0009900244682854442
1738,0.676882506257278,0.6803939933289422,0.0035114870716642654,0.6846650971107493,0.6872710479232218,0.0026059508124725017
1739,0.6494906394617681,0.6497741627399806,0.0002835232782124608,0.6603815749467923,0.6609165834165834,0.0005350084697911539
1740,0.6194984168587446,0.6211188073931962,0.0016203905344516212,0.6399138165133663,0.64251074856682,0.002596932053453682
1741,0.6455857762205796,0.647746533190784,0.0021607569702044582,0.6656026174211663,0.6673553936304643,0.0017527762092979238
1742,0.6077439034618267,0.6064195688489952,-0.0013243346128315459,0.615170848403847,0.6139222419378492,-0.0012486064659977814
1743,0.6481067058590546,0.6482893828891306,0.0001826770300760172,0.6526417020752099,0.6531028351450388,0.00046113306982886737
1744,0.6158696615708987,0.6190604924780679,0.0031908309071692065,0.6356680641150778,0.6383782397024912,0.002710175587413377
1745,0.6341782198064067,0.6342995339494655,0.00012131414305882604,0.6427843441691189,0.6433920939073035,0.0006077497381845598
1746,0.6554095036312416,0.655848958152724,0.0004394545214824186,0.6587560901399064,0.6590580225070563,0.0003019323671498153
1747,0.6369083416041671,0.638812674973287,0.0019043333691198816,0.6497023625824169,0.6509126800427342,0.0012103174603173006
1748,0.6287020003521582,0.6315012639222033,0.0027992635700451185,0.6496734452358272,0.6516849592416701,0.002011514005842985
1749,0.654982168434344,0.6567892952452151,0.0018071268108711402,0.6738274829035698,0.675418391994479,0.0015909090909091983
1750,0.6563340428613468,0.6581054443398003,0.0017714014784535603,0.6590872179865884,0.6611082042467051,0.0020209862601167083
1751,0.6531456096909993,0.652297010199048,-0.000848599491951374,0.6689062360397648,0.6676335715062307,-0.0012726645335341402
1752,0.6580581856950911,0.6598117874079862,0.0017536017128950698,0.6731785304067914,0.6749807921547052,0.0018022617479137581
1753,0.6244859013489179,0.6238158050133678,-0.0006700963355501521,0.636345076277814,0.6358940599028847,-0.0004510163749292806
1754,0.6246253464479624,0.6265404317028915,0.0019150852549291164,0.645427188514989,0.6462455730290256,0.0008183845140365964
1755,0.6533278721226522,0.6535925510546067,0.0002646789319544762,0.6611079787417199,0.6615605454986346,0.0004525667569147407
1756,0.620452745381878,0.6198931537755933,-0.000559591606284715,0.6384146189133402,0.6377055091824914,-0.0007091097308488115
1757,0.6231219756964262,0.6267033124727246,0.0035813367762983495,0.6321138730402194,0.6354384228865084,0.003324549846289049
1758,0.6237087617386603,0.6239048591972759,0.00019609745861559613,0.6321821931579262,0.6322650088929158,8.281573498958306e-05
1759,0.6365040899482353,0.6371766253020001,0.0006725353537648804,0.6617892855969398,0.660455764046027,-0.0013335215509128195
1760,0.6335716842879023,0.6343632537435123,0.0007915694556099862,0.6454531588926529,0.6462559852933054,0.0008028264006525454
1761,0.6419888041534453,0.6423963350366596,0.0004075308832143243,0.6592599424805082,0.65939133282929,0.00013139034878173472
1762,0.6228162800463202,0.6214062021132533,-0.001410077933066911,0.6550452073457027,0.6540514185258269,-0.0009937888198757738
1763,0.6419963927703443,0.6422016545464531,0.00020526177610880048,0.6525320289940517,0.6527973717785762,0.00026534278452450266
1764,0.645446961343113,0.6469670651317208,0.001520103788607785,0.6643347970352828,0.665531486818929,0.0011966897836462875
1765,0.5988932067668175,0.5978805829952266,-0.001012623771590837,0.6092118871466699,0.6080370957544872,-0.0011747913921826836
1766,0.6501135171185477,0.6513469520855407,0.001233434966993019,0.6604552107426342,0.6609900623644424,0.0005348516218081079
1767,0.6112491038894482,0.6131410832159646,0.001891979326516413,0.6328132955907556,0.6336466289240889,0.0008333333333332416
1768,0.6137455874229704,0.6174913447737749,0.0037457573508045128,0.6277292225474692,0.6313003253577024,0.0035711028102332065
1769,0.6579127469636735,0.6597678203526539,0.0018550733889803883,0.6672675880272363,0.6695081011373146,0.002240513110078335
1770,0.6338099129209939,0.6342282333849216,0.0004183204639277571,0.6467243823370304,0.6462620427442562,-0.0004623395927741969
1771,0.6426536966445267,0.6433048702619178,0.0006511736173911986,0.651755293166054,0.651738353583897,-1.693958215698288e-05
1772,0.6659871771652611,0.6662834497154302,0.0002962725501690633,0.6659065528388358,0.6661926918206269,0.0002861389817910842
1773,0.6397224669763208,0.6394372538626548,-0.0002852131136660274,0.6488236325509839,0.648624845830458,-0.00019878672052586754
1774,0.6395422243273096,0.6404036462426604,0.0008614219153508795,0.654537807016865,0.6552020582245945,0.0006642512077295049
1775,0.6391008181479537,0.6396494681580339,0.0005486500100801983,0.655954363430039,0.657163335617272,0.0012089721872330372
1776,0.6214616024925906,0.6205857519728606,-0.0008758505197300481,0.6406284186360289,0.6397841059438901,-0.0008443126921388044
1777,0.640945124061464,0.6421537890815839,0.001208665020119959,0.6597743364031298,0.6612363247072234,0.0014619883040936088
1778,0.6427724791035284,0.6457662891501517,0.0029938100466232465,0.6519444591786187,0.6549284799887264,0.002984020810107735
1779,0.632192643116886,0.6337406610718848,0.0015480179549987039,0.6456686255705872,0.6468280458604424,0.001159420289855162
1780,0.6242088037462211,0.6249668707592049,0.0007580670129837541,0.6293454389680228,0.6296849545249296,0.0003395155569068109
1781,0.6524562225297711,0.6510260564418762,-0.001430166087894924,0.6576005636875201,0.6557046938568677,-0.0018958698306523747
1782,0.6455305672375562,0.6489786561310945,0.0034480888935383147,0.6560534257409256,0.6591846966439356,0.0031312709030100194
1783,0.6444458391712471,0.6445593462972945,0.00011350712604740743,0.6557391400004151,0.6552077390342316,-0.0005314009661835373
1784,0.6419151456840014,0.644144145428155,0.0022289997441535814,0.6478691718909109,0.6498102380711076,0.0019410661801967377
1785,0.6542331458966799,0.6569418216575577,0.0027086757608777434,0.6618592070724363,0.6640952319171568,0.002236024844720519
1786,0.6263492723715381,0.6302688243640118,0.003919551992473624,0.6356291043832147,0.6390349014846639,0.0034057971014491706
1787,0.6450922582500636,0.6463154436143391,0.0012231853642755697,0.6558368443151052,0.6577938727938728,0.001957028478767553
1788,0.6529668943780957,0.6543723849010861,0.001405490522990327,0.6614588084820869,0.662733560300317,0.0012747518182301132
1789,0.6384316165708417,0.6416853040867855,0.003253687515943793,0.6516146816146816,0.6556602013123751,0.0040455196976935115
1790,0.6496642498646653,0.6520676401906109,0.002403390325945609,0.6648007443643058,0.6675169177901978,0.0027161734258920323
1791,0.6657393415003748,0.6664462414931388,0.0007068999927639652,0.675550144175175,0.6756599377632293,0.00010979358805429662
1792,0.6123051738808537,0.6106309447623502,-0.0016742291185034563,0.6323337078884813,0.6304617272121529,-0.001871980676328433
1793,0.6426240417888713,0.6425275237750568,-9.651801381449499e-05,0.6515543932099116,0.6507245105322028,-0.000829882677708782
1794,0.6466254361211787,0.6439767480953522,-0.0026486880258265177,0.667062763016806,0.6644407473513122,-0.0026220156654938043
1795,0.629255542005904,0.6279397123852853,-0.0013158296206186026,0.6377996470023086,0.6374131735723568,-0.0003864734299517947
1796,0.6290843644392489,0.6295637971305972,0.0004794326913483138,0.6361453039713909,0.6372667670493757,0.0011214630779847745
1797,0.654082244961876,0.6556954954094809,0.0016132504476049636,0.6617625929336398,0.6631394045278427,0.001376811594202887
1798,0.6481588174633736,0.6492157333875949,0.0010569159242213022,0.6551425033839372,0.6557890307695952,0.0006465273856579579
1799,0.6386479511702692,0.640320635845122,0.0016726846748528201,0.65078354540062,0.6535719405803195,0.002788395179699532
1800,0.666010966815888,0.6664201219533715,0.00040915513748351895,0.6753445254053195,0.6751870982913707,-0.00015742711394883813
1801,0.6565255545923369,0.6568758294788497,0.0003502748865128469,0.6655601386947565,0.6660589152804899,0.0004987765857333848
1802,0.6232520369081268,0.6222473142637119,-0.0010047226444148682,0.6396739424337506,0.6379831211777119,-0.0016908212560386993
1803,0.6525466834179179,0.6541532296016357,0.0016065461837178052,0.6588830667380474,0.660087345551022,0.0012042788129745796
1804,0.60375105511783,0.6064516362921468,0.0027005811743168184,0.6197809852857271,0.622117235991543,0.00233625070581589
1805,0.6342325524812786,0.6389419417964808,0.00470938931520215,0.6634790161004809,0.6669337497726058,0.003454733672124899
1806,0.6218359669462045,0.623445759609032,0.0016097926628275694,0.640596637661855,0.6422736562953953,0.001677018633540306
1807,0.6283808825119666,0.6290625508121456,0.0006816683001790169,0.6341134469395339,0.6347274464665769,0.0006139995270429965
1808,0.6278869522281809,0.628727166534459,0.0008402143062781198,0.6393595896856767,0.6405757889453543,0.0012161992596775306
1809,0.6378655295786462,0.635055044878841,-0.0028104846998051602,0.6500157303262035,0.6459270171070555,-0.004088713219148055
1810,0.6230373176720899,0.623704354255018,0.0006670365829281044,0.633593838873342,0.6337594703433213,0.00016563146997927713
1811,0.6289523759200094,0.627366092587972,-0.0015862833320373637,0.6379486462351632,0.6364964993482336,-0.0014521468869296283
1812,0.6452763623531534,0.6482009601067427,0.00292459775358922,0.6609453517145825,0.6637585771365035,0.002813225421921084
1813,0.641637330767117,0.6430966548438508,0.00145932407673377,0.655014474536826,0.6557739324701969,0.000759457933370844
1814,0.665020790556843,0.6671881307827937,0.0021673402259506647,0.6793120807221628,0.6821031302523428,0.0027910495301800564
1815,0.6640026482701055,0.6652506016052665,0.001247953335161034,0.6643071883017402,0.6652348837946532,0.0009276954929130499
1816,0.6508158834689844,0.6521940653849432,0.0013781819159587316,0.6564337715424672,0.6578751079838037,0.0014413364413364826
1817,0.6445234748539971,0.6471157563755772,0.0025922815215800865,0.6533900148577779,0.6558252366408259,0.0024352217830480027
1818,0.6294011479101124,0.6296486762704275,0.00024752836031516345,0.6404948097696758,0.6409979901641606,0.0005031803944848257
1819,0.64305213686333,0.643070020141188,1.7883277858010693e-05,0.6519522477132416,0.6519384450907433,-1.3802622498282346e-05
1820,0.6124663150838497,0.6128961837042981,0.0004298686204483593,0.6268882406461488,0.6275772255742641,0.0006889849281153104
1821,0.6411671268961335,0.6413585728216509,0.00019144592551734174,0.6497350644251086,0.6494019193093549,-0.0003331451157537746
1822,0.6430913250841348,0.6431978636894514,0.00010653860531661952,0.6505340514266126,0.6501895529299402,-0.0003444984966723963
1823,0.6307967568685315,0.6304466705991455,-0.0003500862693860407,0.6433833680561062,0.6424742771470153,-0.0009090909090908594
1824,0.6301196023847936,0.6332984894045587,0.0031788870197650976,0.6394269926874576,0.643111822350548,0.003684829663090361
1825,0.6388865301842452,0.6392563995355305,0.0003698693512852458,0.6503523389306148,0.6505738867065104,0.00022154777589555863
1826,0.6357703590485267,0.6354816520791181,-0.0002887069694086364,0.6463652713300373,0.6464165002943097,5.1228964272453936e-05
1827,0.645367864965735,0.6493711639526423,0.004003298986907322,0.6597279108004812,0.663325219289094,0.003597308488612838
1828,0.6413302486577428,0.6456259336521989,0.004295684994456095,0.649292794621178,0.6524141479055747,0.0031213532843967773
1829,0.6476416106600984,0.6478520379646272,0.0002104273045288041,0.6551084472195337,0.6550476384630727,-6.0808756460972724e-05
1830,0.6134918624238295,0.6130768246726382,-0.0004150377511912273,0.6194062975802889,0.6190588431023997,-0.0003474544778891975
1831,0.6214231010609045,0.6244461819271411,0.0030230808662365938,0.6340527999317264,0.6365890318157843,0.002536231884057938
1832,0.6386254996648397,0.6389218495987526,0.0002963499339129205,0.6479311015033017,0.6476277575043055,-0.00030334399899623055
1833,0.655198645721707,0.6552998468666097,0.00010120114490264065,0.6636312306927082,0.6638636794034177,0.00023244871070948747
1834,0.6725410534947883,0.6759981640237985,0.00345711052901021,0.6778116876297405,0.6808397947882824,0.0030281071585418484
1835,0.6395613509896357,0.6403740505332535,0.0008126995436177342,0.6457942355379291,0.6462114511725361,0.0004172156346069489
1836,0.6154047695685982,0.6175318312119242,0.0021270616433259892,0.6364481937619288,0.6384427209738474,0.0019945272119185065
1837,0.6238562967986775,0.6242575320938252,0.00040123529514768386,0.6317295902854908,0.6317316474071132,2.057121622378588e-06
1838,0.6258573371298151,0.6290515139155441,0.003194176785729086,0.6302571375902426,0.6327362647432828,0.002479127153040217
1839,0.6276385989425521,0.6297324641929541,0.002093865250402005,0.643642664203168,0.6455526255121063,0.0019099613089383904
1840,0.6038727529720426,0.6039673144325913,9.45614605487588e-05,0.6233925958665535,0.6236127742389058,0.00022017837235233095
1841,0.6121737711834699,0.61461948399615,0.002445712812680023,0.6254348550655258,0.6277348738872837,0.0023000188217578987
1842,0.62422806334225,0.6265066326444549,0.002278569302204936,0.6479442124035893,0.6505641226865432,0.00261991028295383
1843,0.632385829190114,0.6337870727403627,0.001401243550248732,0.648334041901817,0.6496610844245115,0.0013270425226945548
1844,0.6443310837792086,0.6410617680343695,-0.0032693157448390187,0.6518290940825404,0.6481639669391525,-0.0036651271433879584
1845,0.6322722087645984,0.6312020630158492,-0.001070145748749196,0.6417673443536913,0.6402697598126286,-0.0014975845410627464
1846,0.6528687817578537,0.6523384612001081,-0.0005303205577456005,0.672058106242889,0.6715606146040929,-0.0004974916387960882
1847,0.6277710775495267,0.6307823495855672,0.0030112720360405687,0.6333420433138234,0.636325291949246,0.002983248635422653
1848,0.6451423809948723,0.6480042109095061,0.0028618299146337955,0.6591116271308881,0.6622931316167404,0.0031815044858523045
1849,0.6370707960093412,0.6368164169171623,-0.00025437909217895793,0.6589824777892683,0.6587255607932209,-0.00025691699604746265
1850,0.6292546197238409,0.6273817281792298,-0.0018728915446111216,0.643779971094549,0.641902187042852,-0.001877784051697029
1851,0.6217031642914879,0.6233187945560659,0.0016156302645780052,0.630144561557605,0.6312432816780642,0.0010987201204591956
1852,0.6508390562947038,0.6505240304261555,-0.00031502586854836867,0.6596965062927447,0.659109894836568,-0.0005866114561766667
1853,0.6283872482217935,0.6281877748695189,-0.00019947335227454843,0.6408895088499007,0.6403097987049733,-0.0005797101449274145
1854,0.6484092868451186,0.6470556811334067,-0.001353605711711836,0.6539749218313424,0.6524531827009077,-0.0015217391304347405
1855,0.6426860917899532,0.6429817362925541,0.00029564450260088915,0.6559203775514123,0.6557890794661501,-0.00013129808526224362
1856,0.6526800868705359,0.6533044239448549,0.0006243370743189702,0.6668759364214695,0.6672926694468981,0.00041673302542866164
1857,0.6521121382901809,0.6526954502339004,0.0005833119437195222,0.6601784239646559,0.6613513150831991,0.00117289111854324
1858,0.6195745680836636,0.6199940039530655,0.00041943586940185185,0.631298304103425,0.6317577480411298,0.0004594439377048065
1859,0.64468012617077,0.6468350021612421,0.0021548759904721493,0.6581949641477856,0.6606094819970861,0.0024145178493005792
1860,0.612547941813832,0.6132595208273589,0.0007115790135269195,0.6293149750234226,0.6291766351024739,-0.00013833992094869352
1861,0.6551655462673229,0.656148033078886,0.0009824868115630991,0.6583712042068643,0.6594801194462145,0.0011089152393501944
1862,0.6200808069077227,0.6205100439397565,0.00042923703203379127,0.6384473656480942,0.6389461669992983,0.000498801351204059
1863,0.6458390194388061,0.6457521642575239,-8.685518128215275e-05,0.6518775132543247,0.6512136843296262,-0.0006638289246985174
1864,0.6430636071912602,0.6457479777756225,0.0026843705843623278,0.6629590802065227,0.6642962092610432,0.0013371290545204362
1865,0.620923867219626,0.6198279085544295,-0.001095958665196517,0.6305716709232647,0.6283097661613598,-0.0022619047619049093
1866,0.6266396981696196,0.6275840153599076,0.0009443171902879799,0.6353675518925077,0.6363690624592357,0.0010015105667280366
1867,0.6604314642172008,0.6609729136381631,0.0005414494209623477,0.6712535811226082,0.671355266876468,0.0001016857538597149
1868,0.6395998535446505,0.6412322296796952,0.001632376135044633,0.6453742742934414,0.6468307284672868,0.001456454173845434
1869,0.6510235055562444,0.6515205733555345,0.0004970677992900407,0.6643875568875569,0.6646968128489867,0.0003092559614298329
1870,0.6111388687056868,0.6111217268675417,-1.7141838145051658e-05,0.63936589128405,0.6403450655624568,0.0009791742784068802
1871,0.644297331011027,0.6427951240795182,-0.0015022069315088205,0.6477610851779649,0.6460098774484965,-0.0017512077294684625
1872,0.6357718400225061,0.6362939578264425,0.0005221178039364061,0.6525251076325426,0.6526098055433274,8.469791078480338e-05
1873,0.6513605510318871,0.6532657516056871,0.0019052005738000588,0.6646524479056231,0.6663593357889815,0.0017068878833584877
1874,0.6269124159278033,0.6290703887088778,0.0021579727810744354,0.6343947841861114,0.6371128813063824,0.0027180971202710458
1875,0.6368606847493222,0.6355627368729182,-0.0012979478764040264,0.6561803006020943,0.6548275772385014,-0.0013527233635929337
1876,0.6219718338991175,0.6227876891755764,0.0008158552764588878,0.6400765430992074,0.6401943721300798,0.00011782903087242946
1877,0.6592430540975125,0.6594525276372469,0.00020947353973443938,0.669722414105481,0.6693000828135844,-0.000422331291896505
1878,0.6435411526188741,0.6442148896719697,0.0006737370530955911,0.6514584902525676,0.6515000549680454,4.1564715477782066e-05
1879,0.6468667173851218,0.6468684028838901,1.68549876833346e-06,0.6543419304480685,0.6543362839206829,-5.64652738566096e-06
1880,0.6378926358255955,0.6394505620165816,0.0015579261909860476,0.6467844697869645,0.6485605198238841,0.0017760500369196075
1881,0.6376645376300845,0.6397678081694924,0.002103270539407953,0.6437560315501493,0.6458333262361394,0.002077294685990161
1882,0.6541010582687007,0.6551139905701712,0.0010129323014704816,0.6575698816725728,0.6580950087194389,0.0005251270468661362
1883,0.6294666481549875,0.6322422674795493,0.0027756193245617178,0.6431240849620297,0.6465836809216255,0.0034595959595958847
1884,0.6477371732171161,0.6453569689982916,-0.0023802042188244554,0.660791421812078,0.6583750338522117,-0.0024163879598662064
1885,0.6195301070221468,0.6208050819660159,0.0012749749438690783,0.6288487111125791,0.6300956525769119,0.0012469414643327958
1886,0.627173711367393,0.6307304424209081,0.003556731053515172,0.6424197457948244,0.6455211612875444,0.0031014154927200277
1887,0.6470405460528841,0.647768528657552,0.0007279826046678872,0.65323717817941,0.6535339345631229,0.0002967563837129594
1888,0.6389473896680226,0.6375375740623105,-0.0014098156057120725,0.6497864544875415,0.6486391114923723,-0.001147342995169165
1889,0.6460202651485901,0.647685460887815,0.0016651957392248562,0.6597344199818544,0.6614916663586662,0.0017572463768117386
1890,0.589152107724529,0.5904290120238254,0.0012769042992963886,0.6092116877155239,0.6098849275191985,0.000673239803674619
1891,0.639134853397069,0.6402508069369971,0.001115953539928105,0.6458229467530965,0.6466391836562899,0.0008162369031934347
1892,0.6523791036445049,0.6509813994836734,-0.0013977041608315144,0.6653907108346314,0.6646914825267077,-0.0006992283079236827
1893,0.6454248840266762,0.6471995431999259,0.0017746591732497041,0.663857535948725,0.6654282116498355,0.0015706757011104688
1894,0.651191662686326,0.6522950795337789,0.0011034168474528538,0.6557197246128176,0.6569950073011438,0.001275282688326218
1895,0.6535621148267883,0.657721611653806,0.004159496827017772,0.6610384101988299,0.663932400266733,0.0028939900679030295
1896,0.641924191896994,0.6425481288857265,0.0006239369887325319,0.656563227161664,0.6572834851645306,0.0007202580028665695
1897,0.6288772636696114,0.6304099302102882,0.0015326665406768525,0.6415042324824934,0.6425256265473657,0.0010213940648722275
1898,0.629315645508692,0.6291843125135433,-0.0001313329951486697,0.6444681028963494,0.6438159289833059,-0.0006521739130435078
1899,0.6365626440340969,0.6352952106971551,-0.0012674333369417923,0.6429110940683831,0.6414594659863202,-0.0014516280820628946
1900,0.6434162009106076,0.6441146303339272,0.0006984294233196575,0.6545763028700883,0.6549819117539579,0.0004056088838696459
1901,0.669294479032613,0.6713892595018176,0.002094780469204638,0.6794118819101923,0.6814529447121247,0.0020410628019323918
1902,0.60246040340582,0.602326447782653,-0.0001339556231669814,0.6186379487779967,0.619273246610091,0.0006352978320942615
1903,0.6298108090698074,0.6313007954559565,0.001489986386149167,0.6391201794826964,0.6405795413768408,0.0014593618941444175
1904,0.6195228779353263,0.6181205745539934,-0.0014023033813329588,0.6357903650344362,0.6351711291978092,-0.0006192358366270412
1905,0.6537825791164296,0.6541443048499263,0.00036172573349668724,0.6683822007063697,0.6683028356270045,-7.936507936512349e-05
1906,0.6245471534444101,0.6262554087101875,0.0017082552657773364,0.634299475427284,0.6360564865321213,0.0017570111048372805
1907,0.6429456249528657,0.646484706245285,0.0035390812924193105,0.6597321073661991,0.660793183970754,0.0010610766045549003
1908,0.6278992773274272,0.627060558481425,-0.0008387188460022843,0.6413646317450664,0.6407392004131134,-0.0006254313319530302
1909,0.6319798127909728,0.6307808830595468,-0.0011989297314259906,0.6489720183198445,0.6478479008913792,-0.0011241174284652988
1910,0.6369577826988346,0.6393109861007581,0.002353203401923465,0.6428399840025548,0.6447309432848184,0.0018909592822635712
1911,0.6368758709020579,0.6385365329532924,0.001660662051234496,0.6404159443933082,0.641695715346992,0.001279770953683812
1912,0.5977475933907392,0.5972583581411433,-0.0004892352495959873,0.611739530815253,0.6120656177717748,0.0003260869565218094
1913,0.6326706532550992,0.6340956580630148,0.0014250048079156308,0.6436359336224976,0.6455875568784686,0.00195162325597098
1914,0.6253668828034342,0.6273132885848595,0.0019464057814252422,0.6373150841802027,0.6389083580560854,0.0015932738758827059
1915,0.6368116013620929,0.6383509366394347,0.0015393352773417357,0.6461234963314358,0.6474519987468947,0.0013285024154588987
1916,0.6532537933811635,0.6555333968630764,0.0022796034819129174,0.6677604803646777,0.6701554604108866,0.002394980046208861
1917,0.6394148996767715,0.6435637806875955,0.0041488810108240015,0.6433928279825885,0.6476198811226851,0.004227053140096637
1918,0.63807753796921,0.6388832880880616,0.0008057501188516447,0.6447640553551645,0.6454635370329068,0.000699481677742364
1919,0.6503537382545984,0.6508951958204399,0.0005414575658414522,0.6570659607749847,0.6572127704870119,0.00014680971202718496
1920,0.6232862244818306,0.6237483511252988,0.0004621266434682303,0.6322589470063895,0.6326586921887433,0.0003997451823537501
1921,0.6004052596651526,0.601815627485854,0.0014103678207014747,0.6071259556993909,0.6088175008691968,0.0016915451698059636
1922,0.6402667164846437,0.6413524501751912,0.0010857336905474302,0.6616861465141597,0.6622329185826709,0.0005467720685111699
1923,0.64424394744844,0.6469856557063103,0.0027417082578702345,0.6607785954741514,0.6631661837313049,0.0023875882571534612
1924,0.6377673046359458,0.6363111253748095,-0.0014561792611362812,0.6579165469964255,0.6568648933360762,-0.0010516536603493165
1925,0.6480627871198708,0.6500139114944513,0.0019511243745805595,0.6526997302999914,0.6547133447049103,0.002013614404918873
1926,0.6290750924067547,0.6285026810805959,-0.0005724113261588171,0.6518862914699318,0.6494406392960188,-0.0024456521739130155
1927,0.6629496681963802,0.6631859682597956,0.00023630006341535115,0.6735540459129727,0.6732312527640927,-0.00032279314888006283
1928,0.602859913477028,0.6038832361803391,0.0010233227033110692,0.6118791060612606,0.6131385953642282,0.001259489302967598
1929,0.6305157567046863,0.6319094375985754,0.0013936808938891376,0.6389881820402832,0.640198971818848,0.0012107897785648136
1930,0.6431559135823683,0.6444055194473904,0.0012496058650220965,0.6537332320436269,0.6549288842175399,0.0011956521739130421
1931,0.6389918057266435,0.6425278413845671,0.0035360356579235974,0.6472328634821757,0.6504146575335349,0.0031817940513592102
1932,0.6274275443961557,0.6269535195899721,-0.00047402480618352616,0.6532366028201914,0.6522250901782439,-0.0010115126419474318
1933,0.6612524008190827,0.6607670948159647,-0.0004853060031179135,0.6654073105864471,0.664438460595858,-0.0009688499905891046
1934,0.6225409312948285,0.6234700683662829,0.0009291370714544778,0.6297482172284201,0.6312158438047423,0.0014676265763221563
1935,0.6355421729138616,0.6358689621773267,0.0003267892634650771,0.6459864062057933,0.6461936023912503,0.0002071961854570592
1936,0.629819227780549,0.6307913043819368,0.0009720766013877613,0.6424119281398625,0.643088256642278,0.0006763285024155019
1937,0.6023944684823175,0.6014962376790576,-0.0008982308032599029,0.6160583257322387,0.6153411202324246,-0.0007172054998141331
1938,0.6495983385473172,0.6539316327989284,0.004333294251611219,0.6607500409941313,0.6641613277749832,0.0034112867808518965
1939,0.6496546654896164,0.6493496360155225,-0.00030502947409383196,0.6624687763097578,0.6624791282766315,1.035196687371176e-05
1940,0.6455039547025478,0.6500734766446518,0.004569521942103916,0.6564690046270774,0.6613979663303359,0.0049289617032585165
1941,0.6294027980006032,0.6286769125599383,-0.0007258854406648751,0.6427690009500152,0.6416182917558279,-0.0011507091941873604
1942,0.632171325195877,0.6364708751124478,0.004299549916570777,0.6413929554565513,0.6458446631691285,0.004451707712577191
1943,0.6323743915679636,0.6345506347190037,0.002176243151040147,0.6436946962529762,0.6457907041098536,0.0020960078568774687
1944,0.6504227358749898,0.6543163981221133,0.0038936622471235083,0.679448345236774,0.6832443801197653,0.003796034882991295
1945,0.6421979839828206,0.6438150173340619,0.0016170333512413038,0.6463154888130562,0.6480536902251707,0.0017382014121144485
1946,0.6556647699475436,0.6587179405455988,0.0030531705980552104,0.6710342704145391,0.6749044943934587,0.0038702239789195625
1947,0.6164206205222807,0.6163251884252833,-9.543209699747202e-05,0.6354926481588885,0.63579787433368,0.00030522617479145087
1948,0.6081510463223758,0.6082191066177988,6.806029542294478e-05,0.6174439380819392,0.6178467513811718,0.00040281329923264053
1949,0.6486335006653284,0.647222673852171,-0.0014108268131574064,0.6535663970477831,0.652399448054747,-0.0011669489930360433
1950,0.6397600242943557,0.6408785985940073,0.0011185742996515646,0.6573078539026508,0.6577906802550423,0.0004828263523914966
1951,0.6238968248193837,0.6240312020384785,0.0001343772190948167,0.646673284002263,0.6464824000070312,-0.00019088399523181643
1952,0.6213854126007433,0.6200903073720043,-0.0012951052287389908,0.6313049096362002,0.6298559479698473,-0.0014489616663528881
1953,0.6468485234631133,0.6470509381921381,0.0002024147290248246,0.6577419526043555,0.6586451617140864,0.0009032091097308514
1954,0.6681317315144671,0.6668737079071068,-0.0012580236073603812,0.6813578694919681,0.68077439499545,-0.0005834744965180771
1955,0.6370570812610863,0.6380061370166912,0.0009490557556048884,0.6432677869634391,0.6443133356176834,0.0010455486542443326
1956,0.6243111639294241,0.6266482337591969,0.0023370698297727754,0.6354127879004964,0.6379885454762539,0.0025757575757575646
1957,0.6560988196552103,0.6551121438928393,-0.000986675762370992,0.668714679040766,0.6673047121960165,-0.0014099668447494773
1958,0.6326229790870576,0.6309932801241407,-0.0016296989629168701,0.6397655638169473,0.6379725741978707,-0.0017929896190765904
1959,0.6272141391800118,0.6327568798153443,0.005542740635332555,0.6457378925654943,0.6501993731139314,0.004461480548437091
1960,0.6177131434708232,0.6192052743250127,0.0014921308541895328,0.6265833864203428,0.6276663614163615,0.0010829749960186152
1961,0.633233430706122,0.6359566328222137,0.002723202116091672,0.6506726039941411,0.6525167139904249,0.0018441099962838159
1962,0.6481749088295999,0.6502647834937197,0.0020898746641198063,0.656762983647706,0.6587120732054913,0.0019490895577852774
1963,0.6359689873667567,0.6364514300853491,0.00048244271859243515,0.6524068089810641,0.6527388682261667,0.00033205924510260054
1964,0.6455666398680955,0.646279229242404,0.0007125893743085143,0.6516589647497956,0.6522851501585898,0.000626185408794222
1965,0.5938857153039726,0.5981560662684879,0.004270350964515335,0.6035011460440479,0.6075969339327422,0.004095787888694247
1966,0.6294242939508412,0.6322984604783433,0.0028741665275020534,0.6452025912743192,0.6480427462883874,0.002840155014068202
1967,0.6402695464452448,0.6427134575562192,0.002443911110974417,0.6510739407104339,0.6535969973639254,0.0025230566534915067
1968,0.6580084779565193,0.6616917053267669,0.0036832273702476215,0.6631868735129605,0.6663644929949278,0.0031776194819673753
1969,0.6534273124747062,0.6532805044546411,-0.000146808020065059,0.6629399388884843,0.6628618285929828,-7.811029550153226e-05
1970,0.6448585897669369,0.6427457272070413,-0.002112862559895623,0.6477690552966119,0.6457037293182425,-0.0020653259783693922
1971,0.6276056863773585,0.6305951311023243,0.002989444724965873,0.6390668025230315,0.6418292091984817,0.0027624066754502463
1972,0.6433860116791896,0.6441574694161687,0.0007714577369790643,0.6585331725863761,0.6594752015718833,0.000942028985507215
1973,0.6227301151075523,0.622605788068616,-0.00012432703893627828,0.6508030171831536,0.6509033516313142,0.00010033444816059944
1974,0.6650774707810422,0.6630658035954358,-0.002011667185606414,0.6751408383409121,0.6732930122539557,-0.001847826086956439
1975,0.640611278825043,0.6433281637340305,0.0027168849089874714,0.6514832341646123,0.6544618316540793,0.0029785974894670497
1976,0.6356237875203129,0.6376560300233365,0.0020322425030235847,0.64537556140817,0.6479851197242501,0.0026095583160801183
1977,0.6149612449804763,0.6141705462447165,-0.000790698735759876,0.625677337320124,0.6255291159762505,-0.00014822134387348918
1978,0.6218580170270727,0.6211155403885888,-0.0007424766384838133,0.6267413841552778,0.6262341377784663,-0.0005072463768115432
1979,0.638687650084005,0.6413223104739876,0.0026346603899826126,0.6556832323913185,0.65769456646787,0.0020113340765514076
1980,0.6302046745640056,0.6318897719421388,0.0016850973781331602,0.6536453589454535,0.6563581533973784,0.0027127944519248492
1981,0.6744357257900242,0.6761867080645582,0.0017509822745339632,0.6819845589041974,0.683079828369032,0.001095269464834625
1982,0.6282393160607446,0.6266974022574479,-0.0015419138032967128,0.6351084108639506,0.6341199796409656,-0.0009884312229850867
1983,0.6661100105640905,0.6704677721559168,0.004357761591826326,0.6776796595019643,0.6819438735487872,0.004264214046822867
1984,0.6561988803194939,0.6578434328471701,0.0016445525276761463,0.6622817029616828,0.6639681324741993,0.0016864295125165185
1985,0.6671787286616284,0.6669584400710946,-0.00022028859053380145,0.6808624517241059,0.6803715452165754,-0.0004909065075304753
1986,0.6216245171874365,0.6206116559166386,-0.0010128612707979157,0.6367382303022511,0.6358955645139331,-0.0008426657883179312
1987,0.63494720982074,0.6358952056515,0.0009479958307599956,0.6411192304347385,0.6417074103707445,0.0005881799360060169
1988,0.6631603361911307,0.6641404611700401,0.0009801249789094246,0.6729040494141981,0.674081253852272,0.0011772044380738977
1989,0.6376794143956588,0.6374176206357813,-0.0002617937598774489,0.6539241212581208,0.6527874439257914,-0.001136677332329472
1990,0.6517948507968253,0.650406127042916,-0.0013887237539093045,0.6610061902454022,0.6599019804455402,-0.0011042097998620326
1991,0.6304112968965839,0.6287690627367704,-0.0016422341598135715,0.6428044962606693,0.6411987650353728,-0.0016057312252965028
1992,0.6288376962435571,0.6273240853367298,-0.001513610906827334,0.6488277281424729,0.6464495990252133,-0.002378129117259653
1993,0.6355383801019187,0.6392064989597899,0.0036681188578712165,0.6485289125364682,0.6522198592708932,0.003690946734425049
1994,0.6146389996115976,0.6171856349578845,0.002546635346286852,0.6311510780737439,0.632741564881622,0.0015904868078780998
1995,0.6263040198888091,0.6274038840285718,0.0010998641397627074,0.6336944994700245,0.6348489971462613,0.0011544976762367654
1996,0.6578247159456639,0.6637094920407144,0.005884776095050448,0.6655003137440854,0.6718408934542305,0.006340579710145122
1997,0.6202883912612751,0.6224741515584643,0.0021857602971891987,0.6308305429813178,0.6331787141338368,0.002348171152518952
1998,0.6379009011549601,0.6390341075047071,0.0011332063497470068,0.6566098082082736,0.6581011308952486,0.0014913226869749385
1999,0.637529943191522,0.6376764187031854,0.0001464755116633576,0.6493634054732453,0.6492792866934745,-8.411877977088089e-05
2000,0.6147963410180143,0.6167494070486188,0.0019530660306045222,0.6353355429173336,0.6380700789127394,0.00273453599540574
2001,0.6436510756976022,0.6419128913062552,-0.0017381843913469863,0.6623327456351966,0.6608472383888199,-0.0014855072463767494
2002,0.6285865511208008,0.629854869977108,0.0012683188563072934,0.6387432048301614,0.6395958304653958,0.0008526256352343609
2003,0.6532057919082378,0.6556723329107084,0.002466541002470568,0.6685547381007739,0.6714024977579964,0.002847759657222504
2004,0.6604320032550618,0.6616727882920231,0.001240785036961345,0.6727974273322682,0.6747249045154998,0.0019274771832316073
2005,0.6436818102705041,0.6446348522893546,0.0009530420188504918,0.6538684623151257,0.6555351289817923,0.0016666666666665941
2006,0.6247009999413917,0.6248751304374717,0.00017413049607994946,0.6463898513442158,0.6465899893704409,0.00020013802622509402
2007,0.6129159754714955,0.6128105282524681,-0.00010544721902738807,0.6234229226300838,0.622984781629283,-0.0004381410008008624
2008,0.6622157372974493,0.6628413973106567,0.0006256600132074075,0.6710668217829343,0.6714616564168994,0.0003948346339650577
2009,0.6400035411760264,0.6390016979106443,-0.0010018432653821074,0.6483767033383402,0.6475554472996929,-0.0008212560386472445
2010,0.655856005437323,0.6557266543915268,-0.00012935104579625545,0.6712400810433096,0.671115857440825,-0.00012422360248454112
2011,0.6208195680861429,0.620333235077496,-0.00048633300864686646,0.6420467326769186,0.6420220291196063,-2.470355731232221e-05
2012,0.6447325111641944,0.6469059655421175,0.0021734543779231563,0.6503562702454151,0.6529973248429914,0.0026410545975763533
2013,0.6542661973454144,0.6569320323252584,0.002665834979844073,0.6672481714641482,0.669326564086019,0.002078392621870817
2014,0.6449354283912271,0.6435196021609276,-0.001415826230299455,0.6537312356936076,0.6518607149100434,-0.0018705207835642002
2015,0.6189073297381359,0.6182802656499174,-0.0006270640882184431,0.6363299297474232,0.6362967503664176,-3.317938100555473e-05
2016,0.6628196555657341,0.6617128962310954,-0.0011067593346386628,0.6722325838694124,0.6713009068507789,-0.0009316770186335033
2017,0.6490254997653851,0.6488507258163605,-0.0001747739490246536,0.6644008717583203,0.6641829737143351,-0.00021789804398519852
2018,0.6119587795626559,0.612243009452412,0.00028422988975607133,0.624959083717037,0.6254663300938487,0.0005072463768116542
2019,0.6502772952406167,0.6504007301752245,0.0001234349346077579,0.6608705530580531,0.6608387913415088,-3.176171654428739e-05
2020,0.6446022790836071,0.6434600058946134,-0.0011422731889937365,0.6528239841197142,0.6514432005810022,-0.0013807835387119605
2021,0.6328455719083532,0.6332523832806631,0.00040681137230991204,0.645476484293867,0.6462013874100745,0.0007249031162075426
2022,0.6329759836869578,0.6350829386080763,0.0021069549211184535,0.6409142030177835,0.6430660927591874,0.0021518897414039007
2023,0.6256514266402595,0.6268021802195192,0.0011507535792596446,0.636033274381573,0.6369545994333328,0.0009213250517597915
2024,0.6339758335898575,0.6350883646897504,0.001112531099892844,0.6411588110721297,0.6427124687670916,0.001553657694961963
2025,0.6330470335300578,0.6355866345677315,0.0025396010376737,0.6532805614697285,0.6550890094866164,0.0018084480168879535
2026,0.5825463448871967,0.5829100761394006,0.0003637312522039027,0.5970623008294029,0.5974180320546993,0.00035573122529641843
2027,0.6355587224498114,0.6367211936103027,0.0011624711604912852,0.6567880480830122,0.6576767487543216,0.000888700671309417
2028,0.6401044592526395,0.6412228692278901,0.0011184099752505894,0.649174328140327,0.650406212198298,0.0012318840579709223
2029,0.6418666678952041,0.6444041035953681,0.00253743570016407,0.6483408159047547,0.6508321385207574,0.0024913226160027113
2030,0.6291502558831888,0.6311503530623133,0.002000097179124416,0.6415712431217546,0.6419093566280266,0.00033811350627199754
2031,0.6372871664008032,0.6379668838246907,0.0006797174238875048,0.64987620559097,0.6507267922024262,0.0008505866114562055
2032,0.6388332171094361,0.6415466671260907,0.0027134500166545727,0.6514222555423966,0.6542224746469635,0.002800219104566848
2033,0.6282581615499427,0.628826419390038,0.0005682578400952876,0.6395292026813765,0.640086091444787,0.0005568887634105346
2034,0.6177916837612912,0.6242109883214891,0.006419304560197903,0.625605488177952,0.631717069833012,0.006111581655059983
2035,0.6356146193885018,0.6392600311467873,0.0036454117582854773,0.6454788849013477,0.6491112073955627,0.003632322494214968
2036,0.6434594643845261,0.6431916646675534,-0.0002677997169726609,0.6461847677558293,0.6461342627053241,-5.050505050518961e-05
2037,0.6453558394468333,0.6448951074406883,-0.00046073200614493715,0.6582276177928351,0.6577176265763222,-0.0005099912165129616
2038,0.637311233141289,0.6399929968487751,0.0026817637074860734,0.6500850550568492,0.6526081298081848,0.002523074751335619
2039,0.6259972764146394,0.6254533898482195,-0.0005438865664199044,0.6442996556260914,0.6434905968247052,-0.0008090588013861533
2040,0.6323248257286612,0.6339612039056158,0.0016363781769546115,0.6425384537110562,0.6446136249166622,0.0020751712056059635
2041,0.6360447935125171,0.6358161898856372,-0.00022860362687993074,0.6491925056599775,0.6484524968764906,-0.0007400087834869007
2042,0.6255342198128214,0.6270653378163301,0.0015311180035086913,0.6369427622776989,0.6381179759529124,0.00117521367521356
2043,0.6392996611890263,0.6387686518935258,-0.0005310092955004286,0.6603377359355619,0.6594467609685001,-0.0008909749670618083
2044,0.6213207037303127,0.6212240250888929,-9.667864141982285e-05,0.639268463137668,0.6393478282170332,7.936507936512349e-05
2045,0.6485875833533806,0.649228486861226,0.0006409035078454028,0.6549549457520472,0.6555151464209434,0.0005602006688962824
2046,0.653736749280831,0.6512087344915645,-0.002528014789266564,0.663217440608745,0.6599565710435276,-0.003260869565217428
2047,0.6716852675194883,0.6732319023594354,0.001546634839947103,0.6770030188288615,0.6784292375376889,0.0014262187088274203
2048,0.6274306014560767,0.629938859093254,0.0025082576371773246,0.6373798879595981,0.6396748393849844,0.0022949514253862713
2049,0.612292616746167,0.6141530965610504,0.0018604798148834645,0.6420097186058284,0.6444490184364328,0.0024392998306043134
2050,0.6248014755337088,0.6294926567160783,0.004691181182369553,0.6383207146601256,0.6425496499760175,0.0042289353158918574
2051,0.644121807689465,0.6429331657189721,-0.001188641970492954,0.6621041729865259,0.661714341164469,-0.00038983182205687417
2052,0.6341682409117965,0.6315667892199855,-0.0026014516918109187,0.6457218026311835,0.6434509575342514,-0.002270845096932095
2053,0.6494251682121013,0.6502566347103809,0.0008314664982795872,0.6595628224613008,0.6599397558433493,0.00037693338204847215
2054,0.6427024079112552,0.6422953256356834,-0.0004070822755718462,0.6531726862744891,0.6526929124251499,-0.0004797738493391712
2055,0.6272210683099775,0.6265769586143695,-0.0006441096956080195,0.6367268616258205,0.6360591597624665,-0.0006677018633539644
2056,0.6407212539921386,0.6429713005733091,0.0022500465811704506,0.6508092579965148,0.6530750193735294,0.002265761377014619
2057,0.6283371853971372,0.6278290341039576,-0.000508151293179604,0.6318349752182578,0.6317553129532408,-7.96622650169887e-05
2058,0.6472427681958169,0.6480434015921481,0.0008006333963311851,0.6573929643093852,0.6581654888862576,0.0007725245768723799
2059,0.6421642659857465,0.641181754809317,-0.0009825111764294459,0.6525514124267321,0.6517789964369247,-0.0007724159898073735
2060,0.6414569103713567,0.6438971745185041,0.002440264147147486,0.6599728819283822,0.6632616221736443,0.003288740245262045
2061,0.6317514093543515,0.6337468526946062,0.001995443340254699,0.6405707909814866,0.642565318193405,0.0019945272119183954
2062,0.6195486541284067,0.6192437993337241,-0.00030485479468256305,0.645523899251016,0.6443628320573402,-0.0011610671936758132
2063,0.6495778422168628,0.6489755083375468,-0.0006023338793159638,0.6556187702680305,0.6548038665726922,-0.0008149036953383204
2064,0.6131040431429673,0.6145744644680294,0.0014704213250621434,0.6293510281731169,0.6296764093137156,0.0003253811405986573
2065,0.6341293631691397,0.6359218515563984,0.0017924883872586506,0.6438776973239889,0.6444291010211727,0.000551403697183761
2066,0.6462264419562606,0.6482550078416577,0.0020285658853971267,0.6550591549245913,0.6581666271624984,0.003107472237907083
2067,0.6360406044811022,0.6383747317723815,0.002334127291279242,0.6504866378792284,0.652826182392686,0.0023395445134575255
2068,0.6434393628285989,0.6449447844909223,0.0015054216623233696,0.6576778617379571,0.6601722152105713,0.0024943534726142857
2069,0.645051699086368,0.645336890409349,0.0002851913229811043,0.667042408531265,0.6676562426936925,0.0006138341624275512
2070,0.649638367230757,0.6487919117146168,-0.0008464555161401544,0.6683298212670465,0.6672195547219973,-0.0011102665450491989
2071,0.6272296904804326,0.6279160705876135,0.0006863801071808062,0.6336263092519371,0.6344199600455879,0.0007936507936507908
2072,0.6540067509178019,0.6543547388799061,0.00034798796210422367,0.6632920478572654,0.664091031482336,0.0007989836250705817
2073,0.6333696800077747,0.6331349681620277,-0.00023471184574697102,0.642991475092247,0.6423543585855654,-0.0006371165066815232
2074,0.6496310465518671,0.6498207751720155,0.00018972862014843273,0.6647121258915587,0.6646810699909376,-3.105590062113528e-05
2075,0.6393297033341497,0.638625085718494,-0.0007046176156557671,0.6454705904162426,0.6451269364856321,-0.0003436539306104214
2076,0.6340293726488844,0.634615158159698,0.0005857855108136745,0.6475804340921872,0.6480493172976434,0.0004688832054561276
2077,0.6456821684347924,0.6477033937052369,0.00202122527044446,0.6531218949056873,0.6550542620554458,0.0019323671497585293
2078,0.6580319559390854,0.6600848800320527,0.002052924092967312,0.6723157973030096,0.6741942811380152,0.001878483835005551
2079,0.6418592442976209,0.6400355839009517,-0.0018236603966691467,0.6513573345851491,0.6497101773945136,-0.001647157190635462
2080,0.6200835928137828,0.6229227942007798,0.0028392013869970034,0.6326253104708116,0.6354213264304431,0.002796015959631526
2081,0.645945375228938,0.6440122045574557,-0.0019331706714823538,0.6643570286765631,0.6621034851186718,-0.0022535435578913132
2082,0.6267440002086344,0.6263345977635886,-0.00040940244504583667,0.6423817694790661,0.6418132076061563,-0.0005685618729097675
2083,0.6090046434359725,0.61209059250616,0.0030859490701875547,0.6224802854150681,0.6254366044583436,0.002956319043275535
2084,0.6183198176205592,0.6188575527321895,0.0005377351116302442,0.6314374679413549,0.6325328942541725,0.00109542631281756
2085,0.627043045145694,0.6303737042964318,0.0033306591507378247,0.6395032924118863,0.6433495813886103,0.0038462889767240105
2086,0.6210186602254403,0.6242031161231859,0.0031844558977456305,0.6292686088038585,0.6323144759801606,0.003045867176302064
2087,0.657738456347985,0.6583862817573456,0.0006478254093605917,0.6569717578748233,0.6580295406717366,0.0010577827969132647
2088,0.6322076779641714,0.6340179029062013,0.00181022494202987,0.650179139795508,0.6513569474950548,0.0011778076995467845
2089,0.6587638164416078,0.6609075674751549,0.0021437510335471366,0.66495649974245,0.6669446082522975,0.0019881085098475415
2090,0.6241954447086043,0.6232721007602259,-0.0009233439483784522,0.6296199023615159,0.6282327388004394,-0.0013871635610764876
2091,0.6089397542241507,0.6101178772524003,0.0011781230282496002,0.6188105252235687,0.620414862914863,0.0016043376912943108
2092,0.6513728196401347,0.6532844253307435,0.0019116056906087753,0.6696429618616808,0.6721959161537655,0.002552954292084686
2093,0.6197385266253849,0.6197869124513352,4.8385825950347794e-05,0.6324846512203216,0.6322793372106597,-0.0002053140096619499
2094,0.63819723022212,0.6413290513867209,0.0031318211646008676,0.6453700632428314,0.64796511312049,0.002595049877658573
2095,0.671972546913657,0.6723473797155879,0.00037483280193084667,0.6796376355796646,0.6800328924966607,0.00039525691699604515
2096,0.6123626290628333,0.6153002227759942,0.0029375937131608243,0.6429804527606298,0.6462970636859362,0.00331661092530644
2097,0.6254402124902741,0.6290826128868517,0.003642400396577594,0.6366098685536025,0.6415536204538761,0.00494375190027363
2098,0.6526944754829322,0.6518929018783962,-0.0008015736045360322,0.660161729897115,0.6592487298536801,-0.000913000043434864
2099,0.6575664353170366,0.65834779826124,0.0007813629442033898,0.667113834894508,0.668893070152004,0.0017792352574960146
2100,0.6148186963526188,0.614257348119591,-0.0005613482330277808,0.6265066388112632,0.6255748713034087,-0.0009317675078545085
2101,0.6357028512745068,0.6371987985149253,0.0014959472404185714,0.6474182453798853,0.6481578801412592,0.0007396347613738419
2102,0.6274958380736956,0.6309860718294666,0.003490233755771066,0.6463786075897877,0.6497931881782812,0.003414580588493532
2103,0.6184431653337471,0.6164873067005088,-0.0019558586332383276,0.6260056231375646,0.6234364531770902,-0.0025691699604744045
2104,0.6770112586508243,0.6770025529582492,-8.705692575161628e-06,0.6848437991971895,0.6845455829207124,-0.00029821627647708127
2105,0.633807794924056,0.6361216979901642,0.002313903066108125,0.6439961764243818,0.6458250239054032,0.0018288474810214117
2106,0.665545759103279,0.6670613897294765,0.0015156306261975283,0.6702362677408931,0.6719500249981286,0.0017137572572355486
2107,0.6259892925735657,0.6292259841984229,0.0032366916248571798,0.6387314001476405,0.6426072983330016,0.0038758981853610486
2108,0.640951853108843,0.6442699563830415,0.0033181032741985694,0.6493361239215995,0.6528023074964789,0.003466183574879489
2109,0.6480469715293191,0.650077488445662,0.002030516916342928,0.6650928100946459,0.6664279001253881,0.0013350900307421698
2110,0.6476375292514897,0.6468740278815197,-0.0007635013699699433,0.6508956080151732,0.6498829974373452,-0.001012610577827977
2111,0.6437588973308622,0.6466525324206336,0.0028936350897713625,0.6678901830605014,0.6703377958342012,0.002447612773699759
2112,0.646360845824065,0.6471823683412454,0.0008215225171804841,0.6586269165616992,0.6591672457976806,0.0005403292359813516
2113,0.6427515746428288,0.6459212592706709,0.003169684627842062,0.6468665780622304,0.6504702569919961,0.0036036789297657634
2114,0.6289941110525673,0.6298909121734187,0.0008968011208514426,0.645218539608463,0.6463850180575501,0.0011664784490871272
2115,0.639833117973343,0.6377232153453934,-0.0021099026279495225,0.6583784228701108,0.656657892760834,-0.0017205301092768632
2116,0.6606996739481654,0.6598927995173074,-0.0008068744308580289,0.6767879697739033,0.6760925540784877,-0.0006954156954156465
2117,0.6411666557307536,0.643335125436851,0.002168469706097409,0.6577788906177652,0.6603168478296355,0.002537957211870334
2118,0.6124603609982904,0.6146718459196157,0.0022114849213252796,0.6270124800206159,0.628820484817751,0.0018080047971350544
2119,0.6596046316947156,0.6602149923050437,0.0006103606103280423,0.6682683558998018,0.6692523236229,0.000983967723098167
2120,0.6401772933641794,0.6383101463621437,-0.0018671470020357184,0.6530754864032156,0.6511393549018668,-0.001936131501348748
2121,0.6508042229297698,0.6546796253208167,0.0038754023910468893,0.6581312721658429,0.6621749096877413,0.004043637521898402
2122,0.6315246350649228,0.6327880609082395,0.0012634258433166234,0.6435968677528778,0.6449067052583676,0.0013098375054897415
2123,0.6301050832810191,0.6301307485049479,2.5665223928772463e-05,0.6501497106207124,0.6496786961279589,-0.000471014492753441
2124,0.6278172974322417,0.628375294016941,0.0005579965846993495,0.639765811399692,0.6401086207642406,0.0003428093645485575
2125,0.6286550291099913,0.6275646880496165,-0.0010903410603747554,0.6434805346536979,0.6430951591596269,-0.00038537549407102745
2126,0.6435716869145974,0.6430060008902194,-0.0005656860243780093,0.657876930543171,0.6573541562160488,-0.0005227743271222218
2127,0.6486915492982388,0.6516013555002829,0.002909806202044063,0.6566880497467736,0.6593438480547459,0.002655798307972246
2128,0.6238209049241078,0.6251613785001837,0.0013404735760759179,0.6288944568970767,0.6303126763587744,0.001418219461697734
2129,0.6296559079266559,0.6319254105571297,0.002269502630473763,0.6461459886306794,0.6483895783742691,0.0022435897435897356
2130,0.6349314853926009,0.6344440759949215,-0.00048740939767943914,0.6378298748747754,0.6375883289810556,-0.00024154589371983004
2131,0.6389704131016429,0.6375163463565805,-0.0014540667450624323,0.6573854438698448,0.6559793017028331,-0.0014061421670116259
2132,0.6252611067492022,0.6251717345731261,-8.937217607607462e-05,0.6352719131289577,0.6355729164734393,0.0003010033444815763
2133,0.6494934504797074,0.6465248213379958,-0.0029686291417115873,0.6611907898864421,0.6582867494824018,-0.0029040404040402423
2134,0.668389886294052,0.673975367709605,0.005585481415552929,0.6759353856254203,0.6809273863782905,0.004992000752870207
2135,0.6384553341204197,0.6384730593151818,1.7725194762174823e-05,0.6539588277509543,0.6525677429903043,-0.0013910847606499743
2136,0.6262493347140069,0.6273713030136834,0.001121968299676479,0.6507693883932906,0.6525338980382349,0.0017645096449443454
2137,0.6526155919003798,0.6547424036400856,0.0021268117397058584,0.6683217009927142,0.6703143460288375,0.001992645036123397
2138,0.6147608268231256,0.6150278732465112,0.00026704642338559736,0.6242322066786581,0.6243837218301732,0.00015151515151512474
2139,0.6443836185805987,0.6435465123176733,-0.0008371062629253245,0.65057879221623,0.649619244517552,-0.0009595476986780094
2140,0.6545772971024786,0.6542913903784064,-0.000285906724072138,0.662331791145114,0.662065161639354,-0.00026662950575995215
2141,0.6457269039202824,0.6467678082474108,0.0010409043271283336,0.6524307675794816,0.6535901878693366,0.001159420289855051
2142,0.6226866601919442,0.6265698873016273,0.0038832271096831406,0.6349255223928081,0.6384208676272838,0.0034953452344756997
2143,0.6624755838034535,0.6608936734007543,-0.0015819104026991715,0.6688865716551139,0.6666486646345982,-0.002237907020515739
2144,0.6326538697377445,0.6319049184659423,-0.0007489512718021896,0.6430723884543823,0.6426553899939057,-0.00041699846047660305
2145,0.6256428113353127,0.6243631702013269,-0.0012796411339858205,0.6340538938240293,0.6326304983788947,-0.0014233954451345898
2146,0.6364864819865407,0.6352287734590623,-0.0012577085274784183,0.6834246671203192,0.6821209165230904,-0.0013037505972288699
2147,0.6412752899677481,0.6435641827868956,0.00228889281914757,0.6554986009696154,0.6586870067667169,0.0031884057971014457
2148,0.6447780638476038,0.6471684759383239,0.0023904120907201065,0.6592972594760097,0.661227454884466,0.0019301954084562922
2149,0.6466584099518693,0.6486063525883506,0.001947942636481348,0.6587957716618958,0.6608037878003468,0.0020080161384509188
2150,0.6291292911373819,0.6288326920632354,-0.00029659907414647524,0.6504081462629729,0.6503431146762023,-6.503158677062526e-05
2151,0.6702049478902766,0.6692994260215572,-0.0009055218687193944,0.6828530516178863,0.6820300702514268,-0.0008229813664595298
2152,0.6327458504899776,0.6336114240941928,0.0008655736042152418,0.6418424291193714,0.643313663199301,0.001471234079929551
2153,0.6450255915929115,0.6468046480887698,0.0017790564958583,0.6545792270738212,0.6569070079885587,0.0023277809147375095
2154,0.666547160935819,0.6636162703292675,-0.002930890606551495,0.6726077898548731,0.6696484303737745,-0.0029593594810986
2155,0.6566170310741611,0.6558751982156187,-0.0007418328585424572,0.670367350041263,0.6689780388693433,-0.0013893111719197604
2156,0.6464699277501014,0.6457431560813369,-0.0007267716687644477,0.6519117845461275,0.651424047645347,-0.0004877369007805221
2157,0.636450557819206,0.6379619270590752,0.0015113692398691647,0.661210340807918,0.6622731427402851,0.0010628019323671856
2158,0.659145573899452,0.6593653217765596,0.00021974787710754562,0.6625008359350559,0.6627906910075197,0.00028985507246381825
2159,0.6473338654301631,0.649510728890047,0.002176863459883882,0.6550397943301344,0.6571054340044695,0.0020656396743351513
2160,0.6395977988756657,0.6432811770625033,0.003683378186837616,0.6519219487414842,0.6552563679454686,0.0033344192039843623
2161,0.6337639931909771,0.6321645382273947,-0.0015994549635823807,0.6470695248353703,0.6450696044658847,-0.001999920369485597
2162,0.6515368085442479,0.6545348430372296,0.0029980344929817493,0.6618663263420297,0.6650170886232267,0.0031507622811970393
2163,0.6152719514153496,0.6154976954994144,0.00022574408406472735,0.6227714104072194,0.6233245855639751,0.0005531751567556809
2164,0.6422983490947506,0.6414863006739934,-0.0008120484207572165,0.6534811355484842,0.6523546533350455,-0.0011264822134386954
2165,0.6164240690569975,0.6153776549101105,-0.001046414146886998,0.6337586787116506,0.6319781404093731,-0.0017805383022775345
2166,0.6502802852752805,0.6523902506414264,0.0021099653661459383,0.66455255457813,0.667503926167609,0.0029513715894790016
2167,0.6683956218047209,0.6708564105732825,0.002460788768561595,0.6764103073363195,0.6782938344372377,0.0018835271009182142
2168,0.6453872902491127,0.6463878050738032,0.001000514824690546,0.6529573729573729,0.6537972939059895,0.0008399209486166237
2169,0.6463581651499881,0.6478768879564263,0.0015187228064381664,0.6544965317136419,0.6559166333511347,0.0014201016374928432
2170,0.6326166161395596,0.6354796702187572,0.0028630540791976244,0.6427353238266595,0.6454278667909417,0.0026925429642821186
2171,0.6322991482376807,0.633515108403206,0.001215960165525276,0.6460860021328495,0.6475610168879155,0.001475014755065951
2172,0.6399597891924497,0.6414219811643422,0.001462191971892568,0.6434461820944061,0.6451871947049839,0.0017410126105777968
2173,0.6265768823954604,0.6293722057291901,0.0027953233337296712,0.6281458076745497,0.6308055151168659,0.0026597074423161393
2174,0.6368355302048286,0.6361275108942988,-0.0007080193105298838,0.6421769764705578,0.6409151947739935,-0.0012617816965643236
2175,0.6600469567417736,0.6580421595301603,-0.002004797211613285,0.666771844340498,0.6647849423535959,-0.001986901986902101
2176,0.6455415026948923,0.6437978450446683,-0.0017436576502239953,0.6585086888298352,0.6564219711996392,-0.0020867176301959667
2177,0.6456806892925937,0.645909909234851,0.00022921994225733044,0.65886285343931,0.6588848121569209,2.1958717610903733e-05
2178,0.632693310111529,0.6324540068306772,-0.00023930328085175478,0.6527447398566215,0.6522374934798097,-0.0005072463768117652
2179,0.6612718171248689,0.664565310139154,0.003293493014285054,0.6682296934522679,0.6707557302174351,0.002526036765167161
2180,0.6118108504819498,0.6148801066327512,0.003069256150801336,0.62034696275683,0.6233438571667679,0.002996894409937889
2181,0.6406331824118646,0.6420505643169424,0.0014173819050777858,0.6441220209501736,0.6458059408949631,0.001683919944789558
2182,0.6461981456335635,0.6486646781141439,0.0024665324805803746,0.6515816031640704,0.6537143737751019,0.0021327706110314537
2183,0.6336109032525226,0.6356529592179081,0.0020420559653855364,0.6518415936530345,0.654545182334884,0.0027035886818495003
2184,0.6438031835157689,0.6408913844516494,-0.0029117990641195357,0.6616780610987927,0.6593816497806423,-0.002296411318150393
2185,0.6252517022811817,0.626917372970181,0.0016656706889993655,0.6359662439010264,0.637336467879946,0.0013702239789196158
2186,0.6449537857746254,0.6440736428021854,-0.0008801429724399901,0.664994103805985,0.6639730234370785,-0.0010210803689064685
2187,0.6613206016726714,0.662270848554658,0.0009502468819866383,0.6704304179318606,0.6710738083578598,0.0006433904259991463
2188,0.6232369159780384,0.6253835419173591,0.00214662593932069,0.6366554348951872,0.6390555227300576,0.0024000878348704457
2189,0.6445379494399462,0.6436914138625708,-0.0008465355773754624,0.6552226706574532,0.6538490442838267,-0.0013736263736264798
2190,0.6164467314588962,0.6168577430674298,0.00041101160853362906,0.6344269967634706,0.6344908012454337,6.38044819630812e-05
2191,0.6503870295019334,0.6551065661755928,0.00471953667365943,0.6596440687096863,0.6639858054043641,0.004341736694677856
2192,0.6528762125932533,0.6555413896607797,0.0026651770675263364,0.6610108930069487,0.6639737883099973,0.002962895303048607
2193,0.6196039296565174,0.6212333291335391,0.0016293994770216758,0.6278950630371208,0.6290313663473371,0.0011363033102163023
2194,0.6607154659236901,0.6608121694172922,9.67034936020239e-05,0.6667257161165032,0.6661100877834835,-0.0006156283330197576
2195,0.6342971682105347,0.6344856901404273,0.0001885219298926044,0.6420781506943362,0.6416879611737119,-0.0003901895206243067
2196,0.6561429000423016,0.6582695745700056,0.0021266745277039867,0.6713023846176022,0.673446044098218,0.0021436594806157894
2197,0.6276515191483532,0.6301395676933526,0.0024880485449993994,0.640842835868236,0.6427375595020901,0.001894723633854123
2198,0.6272058794934955,0.6295589536959652,0.0023530742024696627,0.6411795569254559,0.6431295996363681,0.0019500427109121476
2199,0.6555098473126904,0.6545102294774294,-0.0009996178352609242,0.675098371105366,0.6743193855981195,-0.0007789855072464213
2200,0.6372077460526242,0.6379375098882151,0.0007297638355908687,0.6582575503535107,0.6599915048048565,0.0017339544513457206
2201,0.6499863363550594,0.6519192280189304,0.0019328916638710059,0.6655737685616776,0.6673644597545427,0.0017906911928651237
2202,0.6031929264343335,0.6050737585362135,0.0018808321018799479,0.6240525235633931,0.6263095841356712,0.0022570605722780357
2203,0.6505783740497534,0.650882958243873,0.0003045841941196059,0.6638979319965458,0.6642498988702517,0.00035196687370586677
2204,0.6427049064303685,0.6459138223028922,0.003208915872523699,0.6607082048386396,0.6639797400666967,0.003271535228057121
2205,0.6489425250815444,0.6497952908961598,0.0008527658146154637,0.6711854033139678,0.6705812248837024,-0.0006041784302653896
2206,0.617807684256769,0.6163781989280341,-0.0014294853287348808,0.6272188576358829,0.6261042958691473,-0.0011145617667356333
2207,0.6463042694182074,0.6458045550306238,-0.0004997143875835608,0.6582476185687716,0.6577746133131576,-0.00047300525561400075
2208,0.635306375882994,0.6364656438525301,0.0011592679695361374,0.6515903183512767,0.6526327414013722,0.0010424230500954978
2209,0.664575684229735,0.6676309265424145,0.003055242312679507,0.6791866640432322,0.6821334998161549,0.0029468357729226513
2210,0.6232637971804847,0.6233573993087606,9.360212827580483e-05,0.6291836205118937,0.6297633306568212,0.0005797101449275255
2211,0.6206256216294507,0.6205667162697435,-5.890535970720645e-05,0.6412877976678182,0.6412416843608354,-4.611330698278682e-05
2212,0.6485565392981585,0.6487867533795039,0.00023021408134538124,0.6666201612397263,0.667023887947801,0.0004037267080746476
2213,0.6506731186845044,0.6527612765461169,0.0020881578616125385,0.6538831156765939,0.6557203846877759,0.0018372690111820855
2214,0.6457630550206472,0.6466018223598603,0.0008387673392130646,0.660680055013059,0.6613141129840735,0.0006340579710144567
2215,0.6215398454107036,0.622391314279336,0.0008514688686324101,0.6325425376350446,0.6333051325280744,0.0007625948930297666
2216,0.6588609088503042,0.6593787447595709,0.000517835909266684,0.6646447154043443,0.6647808594535318,0.00013614404918749212
2217,0.6209589853344025,0.6233815657145813,0.0024225803801787293,0.6302389860442194,0.6319972278024611,0.0017582417582417964
2218,0.6180255641115988,0.6208888029439832,0.002863238832384374,0.6268477563656085,0.6302380255167472,0.003390269151138714
2219,0.6515762133262603,0.6523508285705761,0.0007746152443158794,0.6617163451242114,0.6624979186231762,0.0007815734989647938
2220,0.6140978778315545,0.6179212130062084,0.0038233351746539412,0.620758987389422,0.6248276240667544,0.004068636677332371
2221,0.6323427218208586,0.6342754238310111,0.0019327020101524983,0.6434727680283229,0.6456555731459105,0.002182805117587616
2222,0.6482556634162239,0.6536446687392166,0.00538900532299269,0.6531799700754618,0.6589710328773942,0.005791062801932423
2223,0.6504746090060992,0.6536120454762344,0.003137436470135202,0.6602180186962796,0.663126921387791,0.002908902691511339
2224,0.6690377112598576,0.6703407569650315,0.001303045705173922,0.6750919680292526,0.6756876042770628,0.0005956362478101163
2225,0.6521097952235051,0.6543872080038132,0.00227741278030813,0.6747285015314903,0.6785273596781745,0.0037988581466841254
2226,0.6642954592368134,0.6643403274338305,4.486819701710054e-05,0.668066811788403,0.6678614977787413,-0.00020531400966172786
2227,0.6240012540340061,0.6242774047968188,0.00027615076281273243,0.6425196851436884,0.6434686154404449,0.0009489302967564672
2228,0.6164296667541237,0.6183813014632595,0.001951634709135841,0.6233556618764559,0.6250111320101869,0.0016554701337310185
2229,0.6016334061938542,0.6011393238613895,-0.0004940823324647292,0.630126418613013,0.6298848727192932,-0.00024154589371983004
2230,0.6663209036025044,0.6686837539966659,0.0023628503941615087,0.6703274053746189,0.6724310505217422,0.0021036451471233564
2231,0.6418975952712781,0.6437789567541499,0.0018813614828717684,0.6589172832022843,0.660323425369296,0.0014061421670117369
2232,0.6428763464895496,0.6461131966932753,0.003236850203725661,0.657484785404307,0.6604851304698693,0.0030003450655623487
2233,0.6312183845614094,0.6306355305502305,-0.0005828540111789682,0.6412762685124678,0.6400773225309131,-0.0011989459815546777
2234,0.6329624326910863,0.6348062245326413,0.0018437918415550314,0.6616642021758719,0.6640205414887329,0.0023563393128610555
2235,0.627607168237347,0.6260932000989774,-0.0015139681383695702,0.64091910504954,0.6384948626252974,-0.002424242424242551
2236,0.590369874286743,0.5916128513488592,0.0012429770621161795,0.613761384963431,0.6150450288557706,0.001283643892339592
2237,0.6457023302953103,0.6487591883896351,0.003056858094324766,0.6574591504049868,0.661318395025101,0.0038592446201142216
2238,0.648828326671708,0.647939077028316,-0.0008892496433919872,0.6530865102817361,0.6518263332606897,-0.0012601770210464158
2239,0.6117186243710231,0.6137081625032534,0.0019895381322303507,0.6303837274242828,0.6326266535802525,0.00224292615596966
2240,0.641091103238618,0.6384213703345456,-0.0026697329040723528,0.6657668894159872,0.6634759195163218,-0.002290969899665374
2241,0.6509098085087053,0.6525093697861156,0.001599561277410344,0.6608081673021926,0.6622991642279722,0.0014909969257795863
2242,0.6414785077158242,0.6434762728995019,0.00199776518367778,0.6518680297092628,0.6537907084797675,0.001922678770504671
2243,0.6480362250239137,0.6476730109349942,-0.0003632140889194835,0.6544903888382149,0.6540301847910543,-0.0004602040471605173
2244,0.6361191343377414,0.6381043095263361,0.0019851751885947566,0.6474180836517267,0.6498850369882451,0.0024669533365183627
2245,0.6711895859918098,0.6709117166036234,-0.0002778693881864136,0.6810117081336363,0.6802749931577909,-0.0007367149758453762
2246,0.6311773046993476,0.6295827605886412,-0.001594544110706475,0.6417948951691758,0.6403059372671743,-0.001488957902001431
2247,0.6281924562945658,0.6300396914314961,0.001847235136930303,0.6426163690617461,0.64408462303,0.0014682539682538964
2248,0.6198277410894666,0.6233985321229898,0.003570791033523202,0.6437445464022751,0.6471289337540536,0.003384387351778484
2249,0.6237761803467438,0.6232837253942597,-0.0004924549524840671,0.6372449703978323,0.6366457507768735,-0.0005992196209588796
2250,0.6437323806138091,0.6438747254378621,0.00014234482405295346,0.6538842022540879,0.6540965261620639,0.00021232390797598644
2251,0.6303897735377529,0.6299509519128035,-0.0004388216249494592,0.6406417012938752,0.6403518462214115,-0.00028985507246370723
2252,0.6426850318355402,0.643231097418864,0.0005460655833238182,0.6570256064989698,0.6575094945915536,0.0004838880925838174
2253,0.6289211223043573,0.6313313111929262,0.0024101888885689204,0.6446526753657955,0.6472390986043927,0.0025864232385971464
2254,0.6249973435943622,0.6272972481358078,0.0022999045414455743,0.6379561150252371,0.6403111874890052,0.002355072463768093
2255,0.6322007743609791,0.6298852670534146,-0.0023155073075644683,0.6565019498495317,0.6536033991248938,-0.0028985507246378495
2256,0.6489549989100973,0.6497676794296046,0.0008126805195072251,0.654844485948393,0.6555096903092494,0.0006652043608564862
2257,0.6454577046476481,0.6454360770014458,-2.1627646202282413e-05,0.6595817182711083,0.6597950315279,0.00021331325679163626
2258,0.6395745836398052,0.6415600879656025,0.0019855043257972493,0.6513929240989643,0.6531613851065559,0.0017684610075915375
2259,0.5996740886046527,0.6056926086943291,0.006018520089676405,0.6114780076609969,0.6180326848678481,0.006554677206851212
2260,0.6452587419399328,0.6448301218316462,-0.0004286201082865926,0.6535234466832752,0.6534490404132168,-7.44062700583914e-05
2261,0.6281741026776652,0.6287757723509003,0.0006016696732351612,0.6328963602940585,0.6329881163640755,9.17560700169906e-05
2262,0.6405744795528028,0.6401508156025898,-0.0004236639502129824,0.6565837786432046,0.6561006868557651,-0.00048309178743954906
2263,0.6431887332994429,0.6435071628852789,0.0003184295858359443,0.6589124131326427,0.6589218240116189,9.410878976212622e-06
2264,0.6575571778589536,0.6582925807708415,0.0007354029118878946,0.6661376077744364,0.6672301462390976,0.0010925384646611747
2265,0.6292314316440412,0.6291850815581934,-4.6350085847746136e-05,0.6440342479054167,0.6441507015001313,0.00011645359471457173
2266,0.6256931319219402,0.6247493286309459,-0.000943803290994305,0.6401807799014986,0.6388764320754116,-0.0013043478260870156
2267,0.6409110694724347,0.6413164475498153,0.0004053780773806137,0.6531369355282399,0.6535940146809712,0.00045707915273129895
2268,0.6399313803028015,0.6370942116538529,-0.0028371686489485626,0.6523553350037232,0.6501965034970657,-0.0021588315066575214
2269,0.6182705691160375,0.6195830150389864,0.0013124459229488794,0.6325982583924901,0.6338184874388061,0.0012202290463160237
2270,0.641477777326126,0.6428181338794107,0.0013403565532846828,0.6520623205949293,0.6533994979103676,0.0013371773154382538
2271,0.6522304579876245,0.6510894357592024,-0.0011410222284220506,0.6657194430294077,0.6644596882913922,-0.0012597547380154284
2272,0.6358128182777704,0.6341420552912284,-0.001670762986542007,0.6451772101559436,0.6435899085686421,-0.0015873015873015817
2273,0.6260779776582857,0.6257179814771295,-0.0003599961811561192,0.6349388702437523,0.633905398884194,-0.0010334713595583356
2274,0.6190772024720567,0.6211071270627857,0.0020299245907290375,0.6418513850308171,0.6438166902569918,0.001965305226174774
2275,0.6376613536124676,0.6411892994232568,0.0035279458107891903,0.6581282575166193,0.6612460817214,0.0031178242047806837
2276,0.6207095916486536,0.6225389931238277,0.001829401475174075,0.6390032420651116,0.6406341835873574,0.0016309415222457435
2277,0.6226253800339961,0.6243937250471522,0.0017683450131560363,0.6321521956304564,0.6331646493603015,0.001012453729845042
2278,0.6273805877255705,0.6285183572403852,0.0011377695148147016,0.6387579923510726,0.6397103733034536,0.0009523809523810378
2279,0.6335195187933853,0.6323888822780627,-0.001130636515322636,0.6418744391442602,0.6405459367288011,-0.0013285024154591207
2280,0.6178645571263562,0.6211990507737183,0.003334493647362047,0.6336745772343599,0.6374666909177779,0.003792113683417919
2281,0.6597356342697892,0.6610004025407967,0.0012647682710075214,0.6724592919158137,0.6738047821743475,0.0013454902585338102
2282,0.6341362472548838,0.6341389728989045,2.725644020706852e-06,0.6450916075254198,0.6443068488058785,-0.0007847587195413119
2283,0.618770201456896,0.620040823863998,0.0012706224071019623,0.6291231236765822,0.6304450384767578,0.0013219148001756276
2284,0.6298605744459761,0.6308016911885099,0.0009411167425338318,0.6433336784175792,0.6441725014303153,0.0008388230127361895
2285,0.6493136981366892,0.650112379977783,0.0007986818410938845,0.6572506257671026,0.6582340626201048,0.000983436853002173
2286,0.6238428110999485,0.6253238750176383,0.0014810639176897622,0.640236444566118,0.6411596517936732,0.0009232072275552339
2287,0.6439082581469384,0.6462166930965756,0.0023084349496371726,0.660300631261114,0.6640613150217978,0.003760683760683725
2288,0.6340340583854117,0.6337818069605453,-0.00025225142486640095,0.65023369626931,0.6501008460277642,-0.00013285024154585656
2289,0.6359681403226541,0.6364957109469546,0.0005275706243004219,0.6475063837098196,0.6484791548999822,0.0009727711901625913
2290,0.648147314754137,0.649965174100952,0.0018178593468149984,0.6500002184761335,0.6520706118508744,0.0020703933747409087
2291,0.659442176739656,0.6601109475440381,0.0006687708043821017,0.6667849352007199,0.6676784981595002,0.0008935629587802918
2292,0.6619437641292074,0.6642568782828406,0.0023131141536332223,0.674653244340405,0.6769984353812484,0.0023451910408434085
2293,0.654399863919041,0.6548418199946925,0.0004419560756514507,0.6627303629481416,0.662883760275452,0.00015339732731045608
2294,0.6247181142156333,0.6270779413905868,0.0023598271749535327,0.6366456448765294,0.6392986923121855,0.0026530474356560863
2295,0.6355403205481699,0.6362737553714802,0.0007334348233103416,0.6439677995228179,0.6447649009720934,0.0007971014492754724
2296,0.6602187936396362,0.6631478352994976,0.002929041659861409,0.6752244027811554,0.6786185448709496,0.003394142089794272
2297,0.6261899795456661,0.6295080313406415,0.003318051794975352,0.6422393049622489,0.6453419438057343,0.0031026388434853835
2298,0.6551811621446856,0.6533448780422798,-0.0018362841024057719,0.6637888348030537,0.6622200412777385,-0.0015687935253152485
2299,0.632746998308518,0.6318166543142943,-0.000930343994223648,0.6364517004734396,0.63533655957569,-0.0011151408977495558
2300,0.6301317957411896,0.6281165341580859,-0.0020152615831037224,0.6483570790723929,0.6464033444012669,-0.0019537346711260284
2301,0.6269024144623976,0.6291437459155682,0.002241331453170625,0.6448934335985375,0.647626087418148,0.00273265381961052
2302,0.6360569406771338,0.6368389653500477,0.0007820246729138836,0.6438127608854035,0.6451801339215743,0.0013673730361707381
2303,0.6366537187314614,0.6390013808399955,0.0023476621085340987,0.6427732759782799,0.6446840584325405,0.0019107824542605734
2304,0.6318284257039303,0.6333416445811104,0.0015132188771801447,0.6537622621197419,0.6551068193587668,0.001344557239024935
2305,0.6096819089601434,0.6104290602719095,0.0007471513117660589,0.6162114452678409,0.6167599909250822,0.0005485456572412728
2306,0.6784977386534886,0.6810870005383659,0.002589261884877292,0.6855287159809805,0.6883064937587583,0.002777777777777768
2307,0.6197245044746313,0.6200548302746818,0.000330325800050435,0.6291646626352587,0.627908865292505,-0.0012557973427537172
2308,0.6336475382755213,0.6329459615251275,-0.0007015767503938397,0.6479177430574946,0.6471568734922772,-0.0007608695652173703
2309,0.6323321712005644,0.6332385250914715,0.0009063538909070967,0.6405585411348246,0.6413917658810927,0.0008332247462681242
2310,0.6351929279976456,0.6383105814134935,0.0031176534158479097,0.6400848499380958,0.6430492768155661,0.0029644268774703386
2311,0.6417211260895488,0.6429959401115646,0.001274814022015791,0.6534702766994771,0.6549014361197669,0.0014311594202898181
2312,0.6390799771327716,0.6370685077304303,-0.002011469402341315,0.6482318443034981,0.6459151350110856,-0.0023167092924125665
2313,0.6469788638139362,0.6482901759856239,0.001311312171687673,0.653979460283808,0.6550719909415562,0.0010925306577481697
2314,0.6497510419332668,0.6471655300760212,-0.002585511857245648,0.653471804631225,0.6513309985773753,-0.0021408060538496976
2315,0.646915067209947,0.6484266114023756,0.0015115441924286044,0.6521445890633927,0.6540338230178442,0.001889233954451508
2316,0.6408736193968058,0.6409509222980584,7.73029012526294e-05,0.6477607749571767,0.647174163501,-0.0005866114561766667
2317,0.6236032068047053,0.6239745731192311,0.0003713663145258339,0.6369490752655053,0.6372596342717165,0.00031055900621124177
2318,0.6344443045350825,0.6360646819235569,0.0016203773884744255,0.6543163473796699,0.6562536250778173,0.0019372776981473327
2319,0.6512087360081104,0.6550395714823803,0.003830835474269989,0.6530705785724998,0.6573387741450432,0.004268195572543321
2320,0.6606100724373779,0.6611580130952384,0.0005479406578604573,0.6779588219187386,0.6789710584744533,0.0010122365557146962
2321,0.6152556781322562,0.6156535071270526,0.00039782899479634537,0.6276782746922205,0.6282117991387884,0.0005335244465679567
2322,0.6758426689553076,0.6763468313843478,0.000504162429040167,0.6844793068666114,0.6839459868192249,-0.0005333200473864874
2323,0.6066669553473609,0.6067422636484191,7.530830105817454e-05,0.6261882967975937,0.6266583822676791,0.000470085470085424
2324,0.6090513096018415,0.6090640843858137,1.2774783972213655e-05,0.6264531966314192,0.6261963882224368,-0.00025680840898234525
2325,0.6074186464014742,0.6102854174003501,0.0028667709988758894,0.6237181600024632,0.6260598838773679,0.002341723874904722
2326,0.6502314697762648,0.6502312658738284,-2.039024363797992e-07,0.6539086811621276,0.6533384784180118,-0.0005702027441157886
2327,0.651510510190088,0.6526668113876228,0.001156301197534848,0.665553234756132,0.6662383467455919,0.0006851119894598634
2328,0.636977468923524,0.6400262657750748,0.0030487968515507946,0.6427214352352525,0.6456946455997672,0.0029732103645147
2329,0.6221574414039648,0.6221656070166672,8.165612702448755e-06,0.6341475861667863,0.6347530193809152,0.0006054332141288699
2330,0.6255778473687605,0.6256853275387767,0.00010748017001616095,0.6333126057833207,0.6332862553221876,-2.635046113308448e-05
2331,0.6620472858186155,0.6632242079490163,0.0011769221304007704,0.6662577174859593,0.6669078523752247,0.0006501348892653525
2332,0.6466608655267977,0.6469405225075063,0.0002796569807086424,0.6547177622866268,0.65479621395715,7.845167052322743e-05
2333,0.6387122431170169,0.6406697881920392,0.0019575450750223267,0.6546100635075057,0.6564194497734138,0.0018093862659080973
2334,0.6458792635382333,0.6461245102243705,0.00024524668613712386,0.6568116635164822,0.6577117778948577,0.0009001143783754495
2335,0.6426904288685019,0.639144227351224,-0.0035462015172779138,0.6455324168041008,0.6418057087295667,-0.003726708074534124
2336,0.6436423346544798,0.6418594112235262,-0.0017829234309536535,0.6613730914628322,0.6586157521837537,-0.002757339279078508
2337,0.6336647667229136,0.63359142000316,-7.334671975356422e-05,0.6420951053154053,0.6416770451147363,-0.0004180602006689238
2338,0.6640914320144831,0.6636850376909205,-0.00040639432356259775,0.6732743989457545,0.6729019453124313,-0.0003724536333231665
2339,0.615125317363761,0.6136331901509042,-0.001492127212856742,0.6296090620767762,0.6283197716570511,-0.001289290419725142
2340,0.6417715796863025,0.6440866177019918,0.00231503801568933,0.6538313595702457,0.6565628852909018,0.0027315257206560473
2341,0.6262341996941838,0.6276879169414417,0.0014537172472578463,0.6481954261783199,0.6493724134422638,0.001176987263943885
2342,0.6337066480716969,0.6337627929050089,5.614483331206621e-05,0.6426917058502737,0.6419204843181824,-0.0007712215320913041
2343,0.6246293158970386,0.6258390490888627,0.0012097331918240473,0.6288710643483801,0.6300750777263066,0.0012040133779264162
2344,0.6192829802641328,0.6184227435783392,-0.0008602366857936028,0.626290000998239,0.6253470429900636,-0.000942958008175343
2345,0.685053688253315,0.6852692353311134,0.00021554707779836146,0.6937968622130113,0.6941948639697086,0.0003980017566973526
2346,0.6422257711617797,0.641358145045528,-0.0008676261162516852,0.6541436582740932,0.6531084615867225,-0.0010351966873706209
2347,0.6224785257014883,0.6238519934563245,0.0013734677548361551,0.630580151553028,0.6320665629818948,0.0014864114288667407
2348,0.6401465532201785,0.6411594668378982,0.0010129136177196019,0.6543750601119797,0.6542663644598058,-0.00010869565217386246
2349,0.6217847011447342,0.6234135505727219,0.0016288494279876886,0.638967848519013,0.6402232585044002,0.0012554099853872014
2350,0.6354706219468966,0.640639901315916,0.005169279369019342,0.6524443310312875,0.657985396246266,0.005541065214978436
2351,0.6480791579222615,0.6492598660645396,0.0011807081422781085,0.6556189822426866,0.6567219207483711,0.0011029385056845475
2352,0.6082176307754087,0.6108624923993562,0.002644861623947503,0.6291748041385723,0.6317605999852376,0.0025857958466652953
2353,0.6496013102685515,0.6496607712151881,5.94609466365581e-05,0.6545679557823486,0.6544318117331611,-0.00013614404918749212
2354,0.6490288452883286,0.6496227099983598,0.0005938647100312,0.6512710598580163,0.6525270502444416,0.0012559903864253208
2355,0.6398577410322294,0.6395710254694275,-0.00028671556280190913,0.6436626524038416,0.6433023243261221,-0.00036032807771946285
2356,0.6327718160477733,0.6341729241186445,0.0014011080708711265,0.6470352768680224,0.6482312427379014,0.0011959658698790232
2357,0.6349514570005427,0.6350289062200302,7.744921948749095e-05,0.6546390394395348,0.6540933049807569,-0.0005457344587779245
2358,0.6211859686399451,0.6197266755564753,-0.0014592930834698148,0.6354149353062396,0.6345490861795209,-0.0008658491267187207
2359,0.6676598132847925,0.6671986685735583,-0.0004611447112342626,0.6775810875194168,0.6767960633648274,-0.0007850241545893644
2360,0.664579707881149,0.6658512329988533,0.0012715251177043418,0.6707809765941092,0.6720577191751995,0.0012767425810903399
2361,0.6403573107120849,0.6428990043211249,0.0025416936090399966,0.6505686270323426,0.6531663734887848,0.0025977464564421737
2362,0.6692869230167328,0.6702696546789716,0.0009827316622388338,0.674009194849052,0.674623725246191,0.0006145303971389904
2363,0.6124143500461017,0.613541692785775,0.0011273427396732982,0.6251441555149996,0.6257591841351432,0.0006150286201436206
2364,0.6403926720846218,0.6423611768163332,0.0019685047317113957,0.6535688922247777,0.6545964310400404,0.0010275388152627407
2365,0.6231886056327882,0.6228442056422027,-0.00034439999058555326,0.6335025402152613,0.6328059137385836,-0.0006966264766776753
2366,0.632986442959429,0.6346707924597279,0.0016843495002989428,0.6467644606483419,0.6478153421340059,0.0010508814856640125
2367,0.6250158593124041,0.6235967291000203,-0.0014191302123838234,0.6405713142560147,0.6396787569695953,-0.0008925572864193487
2368,0.6126332337498525,0.6135223772823987,0.0008891435325462105,0.6342619943116825,0.6350590957609579,0.0007971014492753614
2369,0.591860356977387,0.5971959807524874,0.005335623775100329,0.6061713363492018,0.6109515199337333,0.004780183584531472
2370,0.6309938342602635,0.6300992864701083,-0.0008945477901551868,0.6524731681471453,0.651804271826075,-0.0006688963210702559
2371,0.6756024395101428,0.6769319300416615,0.0013294905315187622,0.6929065211613767,0.6937709103953311,0.0008643892339543768
2372,0.6521485041258916,0.6514212377521263,-0.0007272663737653007,0.6598976263532029,0.6587355879085558,-0.0011620384446471288
2373,0.6217024626312314,0.6202150549643245,-0.0014874076669069147,0.6282015053206557,0.6270428813359448,-0.0011586239847108937
2374,0.6175188129868378,0.6170007076960985,-0.0005181052907392569,0.6335677842129835,0.6334953204448677,-7.24637681158713e-05
2375,0.6217537810509188,0.6230635608859008,0.0013097798349819278,0.6446323317848727,0.645915758503082,0.0012834267182093573
2376,0.6320536037217399,0.6319899747429994,-6.362897874045981e-05,0.6553311507375067,0.6546970927664922,-0.0006340579710144567
2377,0.5993686205341419,0.6013481060972975,0.0019794855631556363,0.6150037452754844,0.6164948990492468,0.0014911537737624103
2378,0.6295087356291108,0.6323678441339543,0.0028591085048434994,0.6480166286041557,0.6514865282697074,0.003469899665551779
2379,0.6128185628540406,0.6163579346536328,0.0035393717995921836,0.6425161257990993,0.6465304327481889,0.004014306949089552
2380,0.6313813797147474,0.6356105020718131,0.00422912235706574,0.6445083294295434,0.6479689449010284,0.003460615471485018
2381,0.630827303768868,0.6322869526739298,0.0014596489050617834,0.6481408148543698,0.6497281164416714,0.0015873015873015817
2382,0.6489753591124976,0.6508850351774439,0.0019096760649462974,0.6601277296763663,0.6622437658141416,0.0021160361377752235
2383,0.6573538906174202,0.6561823906098608,-0.0011715000075593895,0.666096985799412,0.6650272825557958,-0.0010697032436162157
2384,0.6395138341777306,0.6385355606629167,-0.0009782735148138322,0.6487945448271536,0.6474989804881108,-0.0012955643390427651
2385,0.6138640937926686,0.6144017723889533,0.0005376785962847297,0.6261711738342173,0.6269524818981341,0.0007813080639168524
2386,0.6192499757929071,0.6168591371064521,-0.0023908386864549547,0.6443170358721225,0.642213861268948,-0.0021031746031745513
2387,0.6452230786280849,0.6463841199387346,0.0011610413106496464,0.6487787995848036,0.6496053884548707,0.0008265888700671464
2388,0.6278246540899205,0.6270821386116794,-0.0007425154782411125,0.6394923230753259,0.6387676853941664,-0.0007246376811594901
2389,0.6392557283949855,0.6376731036313327,-0.0015826247636527846,0.6485073691855355,0.6465870793304631,-0.0019202898550724212
2390,0.6587557992686399,0.6605908092004039,0.0018350099317639978,0.6678014425730596,0.6698853731352511,0.0020839305621914717
2391,0.624513562228925,0.6259114785464382,0.0013979163175132925,0.6370221139634895,0.6381948783971235,0.0011727644336340104
2392,0.6624542993852891,0.6639199914411869,0.0014656920558977493,0.6682492350681092,0.6694412797384147,0.0011920446703055365
2393,0.638619950665628,0.6377289120195769,-0.0008910386460511122,0.6443068879016084,0.6437616843129266,-0.0005452035886818196
2394,0.6290818412715969,0.6277147596408396,-0.001367081630757383,0.6413202170014785,0.6402906185805757,-0.0010295984209027775
2395,0.628197353379784,0.6284854353810821,0.0002880820012981511,0.6402506737743391,0.6406936124781475,0.0004429387038084043
2396,0.6240003689053217,0.6248728355959665,0.0008724666906447798,0.6372630521877587,0.6379628996324574,0.0006998474446987535
2397,0.6399432703619348,0.64010615272689,0.00016288236495520803,0.6439562132393554,0.644437109155034,0.00048089591567868073
2398,0.6392011586833657,0.6396203598603251,0.00041920117695937176,0.6567224955909683,0.657036505252804,0.00031400966183570134
2399,0.6340894265275847,0.6356494596994944,0.0015600331719096694,0.6449281043201457,0.6462588026073657,0.001330698287219989
2400,0.6305654146915012,0.6340984387206285,0.003533024029127363,0.6448784064346724,0.6487453366059505,0.003866930171278038
2401,0.6471060176900767,0.6483735557535087,0.0012675380634320499,0.6616794589259583,0.6627624339219769,0.0010829749960186152
2402,0.6319031965095541,0.6319712318822023,6.803537264821191e-05,0.6456596058931968,0.6463268219723122,0.0006672160791153514
2403,0.6520003726708243,0.6528867432879383,0.0008863706171139407,0.6580722853467825,0.6586385065651775,0.0005662212183950022
2404,0.6515330926833458,0.6554458905124302,0.00391279782908438,0.6598736291265379,0.6633517210828909,0.0034780919563529578
2405,0.6179654972368204,0.6190900144542347,0.0011245172174143558,0.6354819891353541,0.6370794858415464,0.0015974967061922474
2406,0.6371264645321948,0.6347571070136727,-0.002369357518522075,0.6560336549651715,0.6534370366076836,-0.002596618357487923
2407,0.6427822836516218,0.6419225112801311,-0.000859772371490708,0.6540212098462417,0.6531050607779187,-0.0009161490683229356
2408,0.6194084068031636,0.6213906676496893,0.001982260846525752,0.6362731936195649,0.6378737669592688,0.0016005733397038702
2409,0.6506513878814288,0.6510425339386868,0.000391146057257985,0.6572560032906695,0.6577624533623369,0.0005064500716673859
2410,0.6540723313137307,0.6568613451498916,0.002789013836160925,0.657310867821031,0.6602870582972215,0.0029761904761904656
2411,0.6371525343074711,0.6366715497784567,-0.00048098452901434996,0.6447840944457256,0.6441984844035937,-0.0005856100421318677
2412,0.6255118135275586,0.623323044541943,-0.0021887689856155967,0.6488055601585614,0.6465712606416532,-0.0022342995169082336
2413,0.645901363212264,0.647822166873091,0.0019208036608270307,0.6551990925985561,0.6570044128821373,0.0018053202835811577
2414,0.6283031175499655,0.6312325675021195,0.0029294499521540507,0.6413099914950615,0.6435456423176689,0.002235650822607349
2415,0.6121507701910804,0.6105435328926889,-0.0016072372983915173,0.6214957893565858,0.6205245312881411,-0.0009712580684446692
2416,0.6384370135374311,0.64167562218333,0.003238608645898866,0.6488010256674044,0.6522442491106277,0.003443223443223342
2417,0.6487001948185682,0.6512773638451544,0.0025771690265862235,0.6554157444243286,0.6578668862776444,0.0024511418533158524
2418,0.6307927986528186,0.6322175052718696,0.0014247066190510305,0.6460014502405805,0.6473765365069714,0.0013750862663908237
2419,0.6567763314307872,0.6598866823103154,0.0031103508795282675,0.6687991666185301,0.6724069839219996,0.003607817303469485
2420,0.6344912505946196,0.6358489370879268,0.001357686493307142,0.6442962917278029,0.6456141767413401,0.0013178850135372455
2421,0.6569796922835358,0.6602900542454548,0.0033103619619190283,0.6629994174090903,0.6659871543098707,0.002987736900780358
2422,0.6613704180717598,0.6624891881817677,0.0011187701100079384,0.6700860049773094,0.6714875201288245,0.001401515151515098
2423,0.6507190289040174,0.6490708602018788,-0.001648168702138686,0.6744394746447548,0.6726839535957556,-0.0017555210489992312
2424,0.6329217924535119,0.6373845480499292,0.004462755596417289,0.6500567308594214,0.6551171173328513,0.005060386473429879
2425,0.6537302067274756,0.6546457700728345,0.0009155633453589163,0.6620414850849634,0.6629445192488671,0.0009030341639036932
2426,0.6241487244366316,0.6243466489873634,0.00019792455073175397,0.651711424333722,0.6519426828450317,0.00023125851130967323
2427,0.6220277974580501,0.624118811531998,0.00209101407394785,0.6434623126397442,0.6455741138819803,0.0021118012422360888
2428,0.6609747731008695,0.6601226403921325,-0.0008521327087369635,0.6732537307355152,0.6722651178990764,-0.000988612836438807
2429,0.5923188246687323,0.5943442329499522,0.002025408281219887,0.6018055690202891,0.6036063286471357,0.0018007596268465598
2430,0.6354811050935274,0.6371315757057107,0.0016504706121832635,0.6486972583611446,0.6497701702460769,0.0010729118849323038
2431,0.6292500840679501,0.6298147216821561,0.0005646376142059983,0.6406047028067086,0.641406066830579,0.0008013640238704323
2432,0.6552457393555835,0.6549435151376927,-0.0003022242178908341,0.6662102294963771,0.6660132766907286,-0.00019695280564846485
2433,0.6639546207608731,0.6661370886613621,0.002182467900489038,0.6756349321845957,0.6776806400998688,0.0020457079152731428
2434,0.643776721226495,0.6453551482624366,0.0015784270359415764,0.6623011763347472,0.6635373229673133,0.0012361466325661041
2435,0.6078340357068747,0.6074079902833822,-0.00042604542349244934,0.6190419725202334,0.6192198381328816,0.00017786561264820921
2436,0.6713572183250146,0.6729524633098499,0.00159524498483532,0.6835688509195874,0.6856494394132193,0.0020805884936319075
2437,0.6625404808405357,0.6592577632193192,-0.0032827176212165687,0.6733054873295498,0.66913311380935,-0.004172373520199724
2438,0.6741743267417654,0.6750352059884343,0.0008608792466688886,0.6882298455893477,0.6890508844538649,0.0008210388645171207
2439,0.6572160776321234,0.6576636938945142,0.0004476162623907598,0.6708043473196926,0.6708144821124361,1.013479274347695e-05
2440,0.6328186303824374,0.6331909589301149,0.0003723285476775473,0.6467367481727458,0.6469833132019197,0.0002465650291738619
2441,0.6246070619473041,0.629093767301272,0.00448670535396789,0.6476241710410888,0.6516226846048199,0.003998513563731043
2442,0.6460488575453589,0.646564131822831,0.0005152742774721109,0.6491259954110691,0.6494755733693427,0.00034957795827361693
2443,0.6231900654215379,0.6230957496749641,-9.431574657381425e-05,0.6403427821106156,0.6393110360788695,-0.0010317460317460503
2444,0.6214802749854833,0.6232519596116192,0.001771684626135861,0.6267793517523088,0.6286622152656072,0.0018828635132983607
2445,0.6598731216427706,0.6585301203397197,-0.0013430013030508725,0.6708197660761935,0.6692011152126914,-0.0016186508635021024
2446,0.6337974867466086,0.6321539373249814,-0.001643549421627255,0.6373491896615437,0.6357998452861124,-0.0015493443754313052
2447,0.6555508217759694,0.6553133988805241,-0.00023742289544526063,0.6778715114246804,0.6784949942220763,0.0006234827973958801
2448,0.6456650996267566,0.6465730617993009,0.0009079621725442966,0.654736595414922,0.6558733210081694,0.0011367255932474007
2449,0.6349856236784656,0.634247004841058,-0.0007386188374075564,0.6483223133754487,0.6483196348945094,-2.678480939266592e-06
2450,0.6304103537781451,0.627734320492984,-0.0026760332851610835,0.6410143735628554,0.6385868373309714,-0.0024275362318839644
2451,0.6575133394641877,0.659492031930859,0.0019786924666713723,0.6613973039616028,0.6634676973363439,0.0020703933747411307
2452,0.6325332743776635,0.6329525643014173,0.00041928992375384055,0.6399462640050817,0.6400240606046175,7.779659953577323e-05
2453,0.6406777218309161,0.640049797070577,-0.0006279247603391269,0.6470229948787963,0.6467067893451995,-0.0003162055335967917
2454,0.6228987767718335,0.6251031912269864,0.0022044144551529588,0.6464215013750068,0.6485788325348953,0.002157331159888587
2455,0.6481195885179644,0.6473335082839956,-0.0007860802339687556,0.6643080910897545,0.6635555827285505,-0.0007525083612039962
2456,0.6513568332254759,0.6535918756742379,0.002235042448762048,0.6558625265754422,0.6573011845358393,0.001438657960397105
2457,0.6420459131643996,0.6422833942999686,0.00023748113556898431,0.6513807929413143,0.6518706611293923,0.0004898681880779465
2458,0.6154092220936651,0.6178707313959101,0.0024615093022449797,0.6264556624339233,0.6295540467151719,0.003098384281248645
2459,0.6315555167313913,0.6298544702539048,-0.0017010464774864786,0.6476016981134296,0.6460768589287439,-0.0015248391846857112
2460,0.6317488910729733,0.6302716289402303,-0.001477262132743018,0.6386293054771316,0.6369545309762702,-0.001674774500861398
2461,0.6277056231668569,0.629323939098213,0.0016183159313561957,0.6356805676087547,0.6370926820643474,0.00141211445559275
2462,0.6300401716639474,0.6306684338723363,0.0006282622083888523,0.6382751847566209,0.6396249219759236,0.0013497372193026491
2463,0.6185357469368803,0.6191708564997819,0.0006351095629015813,0.6249464427928126,0.6261409970308452,0.001194554238032608
2464,0.5914737419396008,0.5936646109949139,0.0021908690553130716,0.6212684946451873,0.6231717966571851,0.0019033020119978428
2465,0.6215492449356025,0.6259423525553695,0.004393107619766967,0.6349227975314933,0.6387247926378362,0.003801995106342937
2466,0.6283509547314953,0.6298085740565907,0.0014576193250954717,0.6342593552517332,0.6357139031193246,0.0014545478675914714
2467,0.6347457316733268,0.6361650997530026,0.001419368079675798,0.6414031379409902,0.6424840135870833,0.001080875646093049
2468,0.6239766350495207,0.6244853409340025,0.0005087058844818193,0.6386032265155102,0.6388033645417351,0.000200138026224983
2469,0.6067685788847682,0.6068012816758406,3.270279107236984e-05,0.6176247921396384,0.6179232738511636,0.0002984817115252447
2470,0.6572727327965111,0.6590521247742649,0.0017793919777537859,0.6702693433738466,0.6717790052095954,0.0015096618357488545
2471,0.6514608461410625,0.6524330289044012,0.0009721827633387692,0.6661343529640071,0.6668524030298831,0.000718050065875997
2472,0.6166098947899951,0.6175578395354571,0.0009479447454620038,0.6350871450807677,0.6350985867283649,1.1441647597254523e-05
2473,0.6216390455227692,0.6217474382763818,0.00010839275361262946,0.6348440251005091,0.6360067555215516,0.0011627304210425349
2474,0.6003231055976849,0.6051215575306137,0.004798451932928827,0.6157316437312751,0.620276157188832,0.004544513457556909
2475,0.6337602912485854,0.6349227007260406,0.001162409477455273,0.6460260684322625,0.6470126905058412,0.0009866220735786912
2476,0.604075966235107,0.6041209992789526,4.5033043845621457e-05,0.6173475146620927,0.617374613167452,2.709850535931313e-05
2477,0.6075302336217476,0.6075505668089057,2.0333187158105837e-05,0.6200210613493325,0.6200523344240839,3.127307475137009e-05
2478,0.6581577672261824,0.6579984960899808,-0.0001592711362015109,0.6690286064052389,0.6690137661730075,-1.4840232231416728e-05
2479,0.6586163063565152,0.6602437168810692,0.0016274105245539516,0.661625114265186,0.6642305161097182,0.0026054018445321736
2480,0.6285386040366627,0.6289335965350334,0.0003949924983707165,0.6362885805820588,0.6369181683855597,0.000629587803500864
2481,0.6556648946624664,0.6535351875988354,-0.0021297070636309146,0.6694310001239624,0.6666422429873792,-0.0027887571365832198
2482,0.620572278352535,0.6226194992424317,0.002047220889896617,0.6272360367552291,0.629193829788537,0.0019577930333078974
2483,0.6577136554548677,0.6565380887448358,-0.001175566710031939,0.6638374455842085,0.6625646845288388,-0.0012727610553697755
2484,0.6120278236638252,0.6129389645785343,0.0009111409147090077,0.6281425590526825,0.6288342586574257,0.0006916996047432455
2485,0.6368593481518687,0.6380494177065399,0.0011900695546711582,0.6440160926030492,0.6453722002635045,0.0013561076604553524
2486,0.6329983481726789,0.635506280677259,0.002507932504580146,0.6488686925627808,0.650776356155227,0.001907663592446207
2487,0.6331713946225407,0.6369843871448743,0.0038129925223335803,0.6514959174747595,0.6544914002528511,0.002995482778091585
2488,0.655463744004479,0.6546826598694558,-0.0007810841350232023,0.6665517022209265,0.6653204455548871,-0.0012312566660394042
2489,0.6454067777294831,0.6494878688922272,0.004081091162744133,0.6550764073313999,0.6591037929892205,0.00402738565782057
2490,0.6305424228426719,0.6314440089992971,0.0009015861566251671,0.6450657260847918,0.6456678654912792,0.0006021394064873453
2491,0.6509569063381073,0.6542406586115475,0.0032837522734401325,0.654089990210921,0.6571386444552275,0.003048654244306559
2492,0.6472189117302145,0.6480432166408499,0.0008243049106353428,0.675047049677843,0.6758708937082087,0.000823844030365728
2493,0.6101239218771487,0.6146372558142349,0.004513333937086195,0.6173954101912276,0.6218260520131738,0.004430641821946191
2494,0.6425497332331596,0.6425230555333125,-2.6677699847099667e-05,0.6558398069992274,0.6549961216990203,-0.0008436853002070643
2495,0.637395450445575,0.6403287450862902,0.002933294640715234,0.6508114934156438,0.6538396005741858,0.0030281071585419594
2496,0.6379141957955509,0.6386966490249883,0.0007824532294374853,0.6502566546894467,0.6510383850363943,0.0007817303469476178
2497,0.6326866450999659,0.6350574027096247,0.00237075760965888,0.6484633203375897,0.650953125218699,0.002489804881109281
2498,0.6495079617546434,0.6488383428706649,-0.00066961888397854,0.6549225601727877,0.6546778773194092,-0.0002446828533785306
2499,0.644738051951085,0.645809582822923,0.001071530871837978,0.6634042384643071,0.6643281515077853,0.000923913043478275
2500,0.6497546391089078,0.6494802122430697,-0.0002744268658381177,0.6599722157950296,0.6598258766269512,-0.00014633916807837988
2501,0.6516257530086093,0.651971687363033,0.0003459343544237603,0.6574301970233766,0.6575652431366839,0.00013504611330728
2502,0.6227062763454735,0.6224052980118442,-0.00030097833362929816,0.6360210489174832,0.6353721688120814,-0.0006488801054018722
2503,0.6397159569574804,0.640142385979857,0.000426429022376551,0.6447514897663977,0.6451713235557968,0.0004198337893990267
2504,0.6355034891402681,0.6351936825435998,-0.0003098065966683494,0.6481921489675103,0.6475857445024102,-0.0006064044651000744
2505,0.6525974271245167,0.6523845233000946,-0.0002129038244221837,0.6618307160834335,0.6610577692235301,-0.0007729468599033673
2506,0.6405824831315207,0.6407785165039612,0.00019603337244056274,0.654440928683073,0.6549699889947419,0.000529060311668883
2507,0.6490562222898157,0.64804074935045,-0.001015472939365769,0.6605847244968843,0.6590131077078761,-0.00157161678900819
2508,0.6493443658504837,0.6498729043290323,0.0005285384785486125,0.6614390011615677,0.6617334349886101,0.0002944338270424174
2509,0.6232903863681881,0.6251715313049443,0.0018811449367561739,0.631787551460721,0.6333343742031959,0.0015468227424749736
2510,0.6327824123489866,0.6342065059562499,0.0014240936072633659,0.6451032022703279,0.6469734576188442,0.0018702553485162587
2511,0.6360643251885234,0.6365699284319332,0.0005056032434097579,0.670664714073805,0.6711227030545213,0.0004579889807162507
2512,0.6113947080939477,0.6115790148178788,0.0001843067239311047,0.6288054717415982,0.6292501357732186,0.0004446640316204675
2513,0.6182286123706736,0.6205677905112382,0.002339178140564613,0.6297674461719646,0.6319954717695553,0.0022280255975907215
2514,0.6513965838215748,0.653704499831746,0.002307916010171218,0.6556616080862745,0.6574921808951082,0.001830572808833697
2515,0.6720143698720344,0.6730194799086431,0.0010051100366086363,0.6792294754881877,0.6803460762787015,0.0011166007905137887
2516,0.6529144753724355,0.6541960798594753,0.0012816044870397336,0.6669603594066362,0.6678562750851607,0.0008959156785244282
2517,0.6449430326365106,0.6450532528623353,0.00011022022582463098,0.651666441361621,0.6521885521011229,0.0005221107395019242
2518,0.6331628460945479,0.6363559064591693,0.003193060364621414,0.6412652752507825,0.644836703822211,0.0035714285714285587
2519,0.6087908457351957,0.61037296039411,0.0015821146589143353,0.6247505328417311,0.6262677233806608,0.0015171905389297358
2520,0.6575432389703489,0.6581329886301945,0.0005897496598455954,0.6601585505997271,0.660959102704627,0.000800552104899932
2521,0.62091659655819,0.6218706422755714,0.0009540457173814465,0.6367881588212353,0.6378760443656425,0.0010878855444071966
2522,0.6510165366805524,0.6484074207228587,-0.002609115957693642,0.6662729151582116,0.6638402029428907,-0.0024327122153209313
2523,0.6555902702608747,0.6550605907697252,-0.0005296794911494596,0.6645379675614302,0.6638446994768578,-0.0006932680845724848
2524,0.6390547754669436,0.6384867682243673,-0.0005680072425762184,0.6526250158858854,0.6507804836065705,-0.0018445322793149144
2525,0.6304989829135852,0.6344535043440656,0.003954521430480362,0.6410032448562858,0.64449062703932,0.0034873821830342377
2526,0.630903908414879,0.630770632472925,-0.00013327594195400305,0.6391823901484983,0.6390090851925848,-0.00017330495591350026
2527,0.6358286574686584,0.6386183182586445,0.0027896607899861037,0.6446842086020615,0.647314694058634,0.0026304854565724067
2528,0.6651767016319066,0.6648297166829826,-0.00034698494892393406,0.6800261453522324,0.6791183574879228,-0.0009077878643095616
2529,0.6652275059615355,0.663246256412645,-0.0019812495488904514,0.6751557273774281,0.6739395281177507,-0.0012161992596774196
2530,0.6492341028418819,0.6501269013255752,0.0008927984836932801,0.663421187684433,0.6648983337267965,0.0014771460423634863
2531,0.6446541472022701,0.6458180138667682,0.001163866664498081,0.6538142833726116,0.6540929901730577,0.0002787068004460602
2532,0.6480580979592829,0.6504537098584715,0.0023956118991885766,0.6654981702809264,0.6673181256878383,0.0018199554069119328
2533,0.6424807251794539,0.6413508347933087,-0.0011298903861451937,0.6586341924624572,0.6572107970173227,-0.0014233954451345898
2534,0.6461546812594275,0.6461701959407833,1.5514681355743853e-05,0.6531069834662874,0.6531552926450314,4.830917874398821e-05
2535,0.6158933850735362,0.6144511987905114,-0.0014421862830248378,0.6368712284291995,0.6360568254408835,-0.000814402988316032
2536,0.6374311956207229,0.6388876991398577,0.001456503519134733,0.6450468948391671,0.6459964525278552,0.0009495576886880963
2537,0.6550621991001273,0.6532599125943899,-0.0018022865057374382,0.6606587683478043,0.6595671667127244,-0.0010916016350799307
2538,0.6468455509578588,0.6461725027060343,-0.0006730482518244596,0.6580398415270542,0.6579959240918324,-4.3917435221807466e-05
2539,0.6173003348806919,0.621502428695876,0.004202093815184105,0.6289410725426157,0.6335493628030799,0.004608290260464276
2540,0.6295222428114912,0.6295269908760265,4.748064535320395e-06,0.6412098770794422,0.6407784365393061,-0.00043144054013610766
2541,0.6242298237881141,0.624729641116712,0.0004998173285979401,0.6290523694102538,0.629795104935598,0.000742735525344207
2542,0.6378823692404535,0.6363443701320105,-0.001537999108442989,0.6520504415069633,0.6489396754614146,-0.0031107660455487185
2543,0.6427833030771172,0.6433426643965044,0.0005593613193872748,0.6568606815889425,0.6577480309545526,0.0008873493656100795
2544,0.6041224166191457,0.6096941242341136,0.005571707614967947,0.6149801633382869,0.6207289556088182,0.005748792270531378
2545,0.6134087408659984,0.6161072084551501,0.0026984675891517096,0.6228030243726632,0.6255290423160725,0.00272601794340932
2546,0.6391353570211619,0.6376516149030403,-0.0014837421181215227,0.6499397462440941,0.6485109093804746,-0.0014288368636194981
2547,0.6389800537812029,0.6403870523562876,0.0014069985750846392,0.6524259839076773,0.6536843270138465,0.0012583431061692352
2548,0.6324265563248016,0.632991428936929,0.0005648726121273429,0.6489012262295674,0.6487119589750826,-0.00018926725448475956
2549,0.6411814770728917,0.6436865372529672,0.002505060180075458,0.6488230368665151,0.6513478671087366,0.0025248302422214985
2550,0.6492392421697408,0.650169200584771,0.0009299584150301854,0.6635319907932443,0.6638201522884996,0.0002881614952552347
2551,0.6393904410049326,0.6406785777659099,0.0012881367609772765,0.6616429006486552,0.663607892178864,0.001964991530208793
2552,0.6457608903140126,0.6491156779389974,0.0033547876249847564,0.6604938081306948,0.6635272481206567,0.0030334399899618614
2553,0.6525256587243554,0.6549140283302815,0.002388369605926033,0.6619170351991712,0.6636328737084881,0.0017158385093168915
2554,0.6432527363874326,0.6444398818772786,0.0011871454898459977,0.6612764521068528,0.6626158373592815,0.0013393852524287153
2555,0.6430282580517356,0.6417317088488405,-0.0012965492028951253,0.653081201805773,0.6519631893834127,-0.001118012422360315
2556,0.6606451982383111,0.6611686205254343,0.0005234222871232097,0.6706087405064387,0.6711268455897611,0.0005181050833223955
2557,0.677822341403025,0.6792373541051802,0.0014150127021551606,0.6862617315978964,0.6877274759984234,0.001465744400527047
2558,0.6327700566890406,0.6350759305863,0.0023058738972593362,0.6588711520542524,0.6612624564020785,0.0023913043478260843
2559,0.6129895548370692,0.6139686893989009,0.0009791345618317404,0.6320232091252723,0.6326371603913976,0.0006139512661252899
2560,0.6312159229153932,0.6297549254057585,-0.0014609975096346872,0.6404307084579838,0.6386289956780101,-0.001801712779973652
2561,0.6359162817901843,0.6367675021894346,0.0008512203992502299,0.6543818592284784,0.6548176106041275,0.00043575137564910715
2562,0.6381201861748209,0.6394368355740397,0.0013166493992188277,0.6448146607448286,0.6452428557382409,0.0004281949934122897
2563,0.6351100365599371,0.6367454238307081,0.0016353872707709494,0.6397743213911692,0.6412963259566521,0.001522004565482904
2564,0.6154808532287727,0.6157640239827663,0.00028317075399364455,0.6309115038441289,0.6314083982540668,0.0004968944099379424
2565,0.6392149298973233,0.6394474161712626,0.00023248627393923638,0.6483690608359972,0.6486983812740131,0.00032932043801592314
2566,0.6311924635954781,0.632845621111984,0.0016531575165058543,0.6474810940185047,0.6480829679899438,0.0006018739714390708
2567,0.6353341668788491,0.6383083893269734,0.0029742224481242863,0.6475817097556227,0.6504129726955814,0.002831262939958723
2568,0.6309235607550362,0.6317597896016814,0.0008362288466452483,0.6372745933615499,0.6382840187188014,0.0010094253572514589
2569,0.6469525060977463,0.6489187676632074,0.0019662615654610915,0.6562544251906002,0.6585243061337548,0.002269880943154612
2570,0.669151631159318,0.6721394270925825,0.002987795933264481,0.6734664352345305,0.676939206424693,0.003472771190162427
2571,0.6498438765489868,0.6532179799664986,0.0033741034175117646,0.6629439869593322,0.6670098124382012,0.004065825478869023
2572,0.623505391814563,0.6240119850978879,0.0005065932833249187,0.640202756181017,0.6408626940692158,0.0006599378881988471
2573,0.6401991349411285,0.6401079471160602,-9.118782506822853e-05,0.647622640978513,0.647909829635267,0.0002871886567540338
2574,0.6536915526158817,0.6555080423375429,0.001816489721661152,0.6645422518177128,0.6661229175288133,0.001580665711100493
2575,0.6396095763734476,0.6405305463095834,0.0009209699361357737,0.6497539059164346,0.6502884438422768,0.0005345379258422378
2576,0.6591172925013734,0.6608293386658886,0.0017120461645151464,0.6657749129311312,0.6678021731105654,0.0020272601794342204
2577,0.648769824542062,0.6517440250959412,0.0029742005538792027,0.6545841959972396,0.6573688750862665,0.002784679089026909
2578,0.6365566464653157,0.6393349281027116,0.0027782816373959074,0.6464388666562578,0.6488558940732853,0.0024170274170274286
2579,0.6389870380499235,0.6405350038707983,0.001547965820874797,0.652886312630233,0.6536438883878087,0.0007575757575757347
2580,0.6376024384071443,0.6368109038151077,-0.0007915345920365136,0.644827422869694,0.6448675276924075,4.0104822713549204e-05
2581,0.645781943002399,0.6474518065361802,0.0016698635337811796,0.6709368947543422,0.673237070424083,0.0023001756697408338
2582,0.625450146829807,0.6269046317305235,0.001454484900716424,0.6358849036237496,0.6370165618206253,0.0011316581968756623
2583,0.6279853626422781,0.6292332454544066,0.001247882812128509,0.646140249463318,0.6470549868997947,0.0009147374364766314
2584,0.6385150084590243,0.6418423862032077,0.0033273777441833463,0.6571182530983407,0.6612883704206319,0.0041701173222912225
2585,0.6059496492580025,0.6102520493225374,0.0043024000645348615,0.6263829530729005,0.6310007929624795,0.0046178398895789785
2586,0.6475093292684249,0.6461519259695947,-0.001357403298830162,0.6572831750066717,0.6568794482985973,-0.00040372670807431454
2587,0.6320829818327944,0.6346844625190843,0.0026014806862898476,0.6464499507258343,0.6505907374753168,0.0041407867494824835
2588,0.6317940870842851,0.6309769581240872,-0.0008171289601979215,0.6465883512622642,0.6472766002113829,0.000688248949118675
2589,0.6134507993089324,0.618112313917152,0.004661514608219619,0.6367931038803832,0.6413917660877411,0.004598662207357829
2590,0.6582282982005936,0.6595248883874028,0.0012965901868091656,0.6749451227493364,0.6751829525523836,0.00023782980304720702
2591,0.6305525189095932,0.6302617202078543,-0.00029079870173887024,0.6502360519664683,0.6499777836647217,-0.0002582683017465781
2592,0.6293140139216876,0.6296897339547027,0.0003757200330151145,0.6377300025944996,0.6377671635012258,3.716090672611916e-05
2593,0.6365998857681145,0.6381974075489656,0.0015975217808510411,0.6437746447879688,0.6450200660333901,0.0012454212454213742
2594,0.6614817330749572,0.6610109577663998,-0.0004707753085573252,0.6723787888474569,0.672181377563089,-0.0001974112843678988
2595,0.6288650653611455,0.6276505457249986,-0.001214519636146938,0.639996935978551,0.6390635336321051,-0.0009334023464458996
2596,0.6067393342072754,0.6067860755915716,4.6741384296167254e-05,0.6226591666361487,0.6225109452922751,-0.0001482213438736002
2597,0.6488700962691153,0.6489186325587606,4.853628964529566e-05,0.6552831379963436,0.6554959686439567,0.00021283064761301596
2598,0.6008697524050093,0.6013381565227768,0.0004684041177674958,0.6341020858855623,0.6340026804600698,-9.940542549247144e-05
2599,0.6187105198300894,0.6189915679112498,0.0002810480811603622,0.6332887876772709,0.6334220602018478,0.00013327252457684402
2600,0.6379731760389322,0.6370123362916125,-0.0009608397473197527,0.6453723729401831,0.6442201676575431,-0.0011522052826400397
2601,0.6336358332665064,0.6344542792107416,0.000818445944235191,0.6484405216936271,0.6488211917482104,0.0003806700545833097
2602,0.6534773138317047,0.654015425910579,0.000538112078874331,0.6604207622066435,0.6614053090607556,0.0009845468541120894
2603,0.6346060312556299,0.6343813382603279,-0.00022469299530192277,0.637238866266181,0.6365832416975128,-0.0006556245686681894
2604,0.6546934758359112,0.6547476421383301,5.416630241894538e-05,0.6632504320193905,0.6636244058716253,0.00037397385223481017
2605,0.6270710178701159,0.6277754487465433,0.0007044308764274643,0.6454112069668978,0.64627387087304,0.0008626639061422026
2606,0.6472989870659008,0.6481727503705337,0.0008737633046328463,0.6564211705922627,0.6579603198488031,0.0015391492565404175
2607,0.6353589350477883,0.6356191500984323,0.0002602150506439971,0.6490975603771557,0.6490580346854562,-3.95256916995157e-05
2608,0.649987154916145,0.6523212322799485,0.002334077363803533,0.660126690723444,0.6623853016777072,0.0022586109542631627
2609,0.6294280795382854,0.6303268344920688,0.0008987549537834427,0.6424715855987361,0.6435550914648505,0.001083505866114387
2610,0.6227352369351622,0.6235027213025744,0.0007674843674122522,0.6301069833106009,0.6307920953000609,0.0006851119894599744
2611,0.6545215077724313,0.6560941623140775,0.0015726545416461235,0.6709017473416593,0.6723510227039783,0.0014492753623189802
2612,0.6458710874222717,0.6469692555687739,0.0010981681465022097,0.6629656490561331,0.6638593688628963,0.0008937198067632268
2613,0.6266916342693705,0.6274278654542813,0.0007362311849108405,0.6449999638696658,0.6456060244757263,0.0006060606060604989
2614,0.6227029663186017,0.6234179369649491,0.0007149706463474015,0.6335076221171919,0.6337181121102906,0.00021048999309869476
2615,0.6390602993138341,0.6414297731316124,0.0023694738177783004,0.6570768553202402,0.6586642724797397,0.0015874171594995046
2616,0.6636280746895876,0.6658362416939472,0.0022081670043595514,0.6762043339179113,0.6785936475028771,0.0023893135849657465
2617,0.6444941742022964,0.6434484886584217,-0.0010456855438746304,0.6549856274863154,0.6536840244999297,-0.0013016029863857081
2618,0.6400171404722997,0.6418051979973832,0.0017880575250834863,0.6608415888690069,0.6630983176474747,0.0022567287784678314
2619,0.6546338766503318,0.6562176863644485,0.0015838097141167573,0.6622234089104609,0.6638676463155678,0.0016442374051068853
2620,0.6245258716768477,0.625434995862571,0.000909124185723309,0.6413017684070317,0.6416565782298048,0.0003548098227731389
2621,0.6307873961926969,0.6357632507292562,0.004975854536559354,0.6352396432439698,0.640289991446492,0.005050348202522259
2622,0.6463897201371226,0.6495582080783067,0.0031684879411840727,0.6587194454766919,0.6618837630431834,0.0031643175664914924
2623,0.6702417439892954,0.6694540284807848,-0.0007877155085105336,0.680037648994724,0.6790385273434285,-0.0009991216512954537
2624,0.6209647241658398,0.6232931049108587,0.002328380745018843,0.6268952367433329,0.6295398988445167,0.002644662101183748
2625,0.6341965929893897,0.6344595559816186,0.00026296299222894337,0.6445431873875286,0.6448817739217673,0.0003385865342386829
2626,0.6466853181397694,0.6464891446500619,-0.00019617348970746296,0.6617676861174582,0.6614415991609364,-0.0003260869565218094
2627,0.6363280740682503,0.6358063535842544,-0.0005217204839959022,0.63880911091056,0.6387091987454305,-9.991216512950096e-05
2628,0.6267324520202487,0.6279090673668879,0.0011766153466391538,0.6331093357886258,0.6344378382040847,0.0013285024154588987
2629,0.6505858518750189,0.6515335470566712,0.000947695181652275,0.6661387770976607,0.667340682609029,0.0012019055113683397
2630,0.6401554289599682,0.6409830352176735,0.0008276062577052823,0.6476565442004396,0.6488618123622295,0.0012052681617898964
2631,0.6218741203216631,0.626756813126115,0.00488269280445186,0.6366457821267892,0.641797080104174,0.005151297977384783
2632,0.645970040605887,0.6471257281399996,0.0011556875341125483,0.6554381586660162,0.6566230848509425,0.0011849261849262716
2633,0.6343387697608508,0.6308742440978269,-0.0034645256630239096,0.6469279724927243,0.6433306640041113,-0.003597308488612949
2634,0.648492945889545,0.6490617921077501,0.0005688462182050769,0.6640557343421198,0.6645455826580551,0.0004898483159352374
2635,0.6281431403477956,0.6289489568892048,0.00080581654140921,0.6465443700921362,0.6476944156987037,0.0011500456065675069
2636,0.640335516694383,0.6419063103194372,0.0015707936250541898,0.6531444883618797,0.6534363824581216,0.0002918940962419736
2637,0.6536243156862023,0.6554456035319074,0.0018212878457051218,0.6657775685982442,0.6677210840200205,0.0019435154217762873
2638,0.6570814034071754,0.6589888771563376,0.0019074737491622251,0.6614282944528691,0.6633650533461497,0.001936758893280599
2639,0.6432565838962551,0.6439544787131141,0.0006978948168590016,0.6557756913078766,0.6566183570961944,0.0008426657883178201
2640,0.6289873194355663,0.6261553901742762,-0.002831929261290056,0.6475258461688042,0.6451682762025386,-0.0023575699662655714
2641,0.6311594037767118,0.632355049349715,0.0011956455730032234,0.6370768861517092,0.6379257474353529,0.0008488612836436982
2642,0.6223966081437597,0.623323907844903,0.0009272997011432471,0.6310528907911929,0.6326077156196749,0.0015548248284820154
2643,0.6536591825628079,0.6554051757593421,0.0017459931965342346,0.6599990625162703,0.6616967850835579,0.0016977225672876184
2644,0.6565939276048453,0.6614168424729361,0.004822914868090833,0.6693772478103793,0.675564538780279,0.0061872909698996725
2645,0.6639251501275464,0.6643220413048817,0.0003968911773353234,0.6700420290421187,0.67051757987438,0.00047555083226125117
2646,0.6347841683610284,0.634790686048386,6.517687357598945e-06,0.6431296245926584,0.643277845936532,0.0001482213438736002
2647,0.6128421386767868,0.6130408621629637,0.0001987234861768883,0.630446867187034,0.6305014420299384,5.4574842904386855e-05
2648,0.6479901622707012,0.6496849957877892,0.0016948335170879902,0.6523040423544012,0.6535383153278047,0.0012342729734035052
2649,0.6201295121444147,0.6204744222684198,0.00034491012400506005,0.631457229364838,0.6319900902237857,0.0005328608589477701
2650,0.630304856954716,0.6279501728596308,-0.0023546840950852133,0.6438326819528865,0.6416553182537836,-0.002177363699102819
2651,0.6319216919208054,0.632903557702779,0.0009818657819735677,0.6398647771170524,0.6407584969238155,0.0008937198067631158
2652,0.6497645801357959,0.6525301369491557,0.002765556813359882,0.6655475228025769,0.6683943136928461,0.0028467908902691796
2653,0.6238871342660514,0.6241849431545642,0.0002978088885128294,0.6383518579578265,0.6388659573849694,0.0005140994271429777
2654,0.6520462983142244,0.6563121452733934,0.004265846959168984,0.6611628337993997,0.666534201562072,0.00537136776267233
2655,0.6253365086444104,0.6286964810970936,0.0033599724526832686,0.6449245453664169,0.647541602222604,0.002617056856187183
2656,0.6372776507991974,0.6374090852333654,0.00013143443416796519,0.6465068806267124,0.6467504776094397,0.00024359698272735653
2657,0.6051446090671034,0.6067422893787987,0.001597680311695271,0.6192903395269124,0.6209273619248044,0.0016370223978919851
2658,0.6204641962886229,0.6221826348259869,0.0017184385373639754,0.6297132173027313,0.6311383380756783,0.0014251207729469861
2659,0.6450585188567282,0.6450544884666991,-4.0303900290528105e-06,0.6539889565955752,0.6540251884796333,3.623188405810218e-05
2660,0.6468947849441908,0.6444038207975791,-0.0024909641466117627,0.6530470751810242,0.6503779930554204,-0.0026690821256037944
2661,0.6247789710223962,0.6262055204340596,0.0014265494116634247,0.6417184687293382,0.6431073576182272,0.001388888888888995
2662,0.6488144887347006,0.6491263628161228,0.0003118740814221921,0.6674286692461479,0.667083603683691,-0.0003450655624568366
2663,0.6565389388825765,0.6550457432648774,-0.0014931956176991168,0.6602253062143291,0.6584492561774093,-0.0017760500369197185
2664,0.6565977059843676,0.6582961505191159,0.0016984445347483224,0.6713656943470607,0.6726888639311,0.0013231695840392188
2665,0.6301920175830332,0.6282211858060623,-0.0019708317769708827,0.6429365597580169,0.6408265853334645,-0.0021099744245524077
2666,0.6509152364882336,0.6528314458853878,0.0019162093971542005,0.6596453427549837,0.6615916693752232,0.0019463266202395246
2667,0.647884677752277,0.6464797199949539,-0.0014049577573230776,0.6621185328673228,0.6601378565388203,-0.0019806763285025175
2668,0.627745681004228,0.6304231850000619,0.0026775039958338853,0.6401843334591479,0.6427855969299765,0.002601263470828563
2669,0.6275367623829136,0.6268563662031851,-0.0006803961797284819,0.6346845868534574,0.6338394899214039,-0.0008450969320534796
2670,0.6193724026841504,0.6213173661613415,0.0019449634771910862,0.637746897743768,0.6391994945927842,0.0014525968490162189
2671,0.6382319342847379,0.6367016072853648,-0.001530326999373055,0.6457178101852863,0.6441616972161298,-0.0015561129691564757
2672,0.6347389281686863,0.6331599042383045,-0.0015790239303817843,0.6499271343493328,0.6489883991714673,-0.0009387351778654685
2673,0.6505158357922864,0.6487150887955287,-0.0018007469967576961,0.6586069402137456,0.6566225477945704,-0.0019843924191751405
2674,0.62250515088629,0.6234856365656747,0.0009804856793846906,0.6455740954824352,0.646830134129778,0.0012560386473428053
2675,0.6572677737700459,0.6558412399564574,-0.001426533813588482,0.673686584605557,0.6721055569375728,-0.0015810276679841806
2676,0.6248990438492087,0.6256516539345927,0.0007526100853839646,0.6548479643876063,0.6555494368282093,0.0007014724406030348
2677,0.6379166440918677,0.6360919550319235,-0.0018246890599441512,0.6479364693777347,0.6455257158800247,-0.0024107534977100276
2678,0.6309114766156985,0.6300268930320356,-0.0008845835836628346,0.6413871568089757,0.6403594888247861,-0.0010276679841896286
2679,0.6267023735491737,0.6279837241672028,0.0012813506180291423,0.6381226053261626,0.6382794533090975,0.00015684798293491564
2680,0.6019162082448708,0.6022874132239864,0.00037120497911558026,0.6106566436931413,0.6107719269605987,0.00011528326745735562
2681,0.6338803686174809,0.6339232001055507,4.283148806982773e-05,0.6486132031539258,0.6483802838992673,-0.0002329192546585146
2682,0.6105752927463708,0.6131570549418072,0.0025817621954363768,0.6354962116598946,0.6390952454763196,0.0035990338164250124
2683,0.6127078031875974,0.6147358319900719,0.0020280288024744353,0.6277564723308906,0.6297969439365796,0.002040471605688987
2684,0.6278872217721032,0.6303886748877828,0.0025014531156796194,0.6385134618679575,0.6413306084894519,0.0028171466214943486
2685,0.6406810396086136,0.6405660147182672,-0.0001150248903463158,0.6529499894116961,0.6527688299914064,-0.00018115942028973375
2686,0.6202411972662693,0.6235624106259963,0.0033212133597270155,0.6305026850904012,0.632528219942023,0.002025534851621824
2687,0.6397368191973386,0.6409533742571714,0.001216555059832758,0.6551672662928993,0.6564574978005222,0.0012902315076228632
2688,0.6271625828882881,0.628166326768547,0.0010037438802589227,0.6346138735349884,0.635361821239458,0.0007479477044695093
2689,0.6474761499928195,0.6505194160068107,0.003043266013991186,0.6629996842874624,0.6661760127898779,0.0031763285024155596
2690,0.656746600338005,0.6575481959857662,0.0008015956477611663,0.667978604116546,0.6684585589443269,0.00047995482778095955
2691,0.6634596923145665,0.6634899727625421,3.0280447975594704e-05,0.6713380484250048,0.671616755225451,0.00027870680044617124
2692,0.6467044178716248,0.6482658509110165,0.001561433039391713,0.6511476644980481,0.6527011653450272,0.001553500846979139
2693,0.6396546045001189,0.6400304404262147,0.0003758359260958022,0.655112392550163,0.6550578094521016,-5.458309806138928e-05
2694,0.634955702630753,0.6385868778115091,0.0036311751807561743,0.641023469284339,0.6447859386989823,0.00376246941464331
2695,0.6285465181681882,0.6280753686731362,-0.00047114949505200343,0.6417602862805529,0.6413836158495346,-0.0003766704310183
2696,0.612511734062573,0.6119981912646034,-0.0005135427979695573,0.6263388809080944,0.6258606237290699,-0.0004782571790244994
2697,0.6362147089367874,0.6361528604867719,-6.184845001555583e-05,0.645630738731815,0.6447923699394821,-0.0008383687923328997
2698,0.6579859512513389,0.6587641918742725,0.0007782406229336347,0.6692228503319881,0.6700975915328165,0.0008747412008283106
2699,0.6051045966757272,0.6056912086395254,0.000586611963798167,0.6269071532741394,0.6272973427947637,0.0003901895206243067
2700,0.6493736788177077,0.6503079261441111,0.000934247326403459,0.6643908827673275,0.6650239694873707,0.0006330867200432522
2701,0.639598424903192,0.6399766011203101,0.0003781762171181091,0.6543944327761101,0.6547182635347234,0.00032383075861330823
2702,0.6153984921491011,0.6144670597745504,-0.0009314323745507336,0.6253453380600782,0.6240596551439606,-0.0012856829161176364
2703,0.6429225317350263,0.6453962567915645,0.0024737250565382007,0.6522875205140651,0.6538506675119947,0.0015631469979295876
2704,0.6029213361146011,0.6042435303437267,0.0013221942291256061,0.61848651747136,0.619756986133133,0.0012704686617730498
2705,0.652683752614037,0.6540443151326841,0.0013605625186471348,0.6591485326267935,0.660486325268934,0.0013377926421405117
2706,0.6418111396510835,0.6405621419507518,-0.001248997700331711,0.6545512380736842,0.6535936811378664,-0.0009575569358177827
2707,0.6366338794306567,0.6410465352517956,0.004412655821138811,0.6571810699390502,0.6604471154877045,0.003266045548654284
2708,0.6346150942971966,0.6356468063684756,0.0010317120712789452,0.6455633420561621,0.6469741293365145,0.001410787280352488
2709,0.6380845440319046,0.638850764563047,0.000766220531142392,0.6490469099067894,0.6497953884813549,0.0007484785745655032
2710,0.6155167452945937,0.615003508346236,-0.0005132369483576982,0.6308616580470128,0.6307004348308696,-0.00016122321614320256
2711,0.6359805309929675,0.6370564532055003,0.0010759222125328316,0.6491477898729139,0.6494355455954522,0.0002877557225383631
2712,0.6261019119667884,0.628406072724408,0.002304160757619522,0.644519086876911,0.6462749397197203,0.0017558528428093245
2713,0.6426994827187797,0.6431991150108811,0.0004996322921013707,0.6462224694006821,0.646405704750158,0.000183235349475952
2714,0.6516091788377413,0.653506510784472,0.001897331946730696,0.6654219472495081,0.6674173190274886,0.0019953717779804814
2715,0.6594476723484233,0.6607335601336598,0.001285887785236528,0.6712465817839076,0.6717976249436465,0.0005510431597388621
2716,0.6527025901814838,0.6580616733893899,0.0053590832079061235,0.6686330342443069,0.6733682627838833,0.004735228539576419
2717,0.6380962204288309,0.6389843706624689,0.0008881502336380853,0.6553101424762265,0.6564732788567542,0.001163136380527674
2718,0.6463216436175445,0.6448530856897942,-0.001468557927750358,0.6519884866557727,0.65030974269442,-0.0016787439613527022
2719,0.6642720814658979,0.6663790832017501,0.0021070017358522097,0.6711467864864603,0.6730938189226232,0.0019470324361628988
2720,0.6509942567826977,0.6515398629961997,0.0005456062135019701,0.6565749484311748,0.6571250143073276,0.0005500658761528054
2721,0.62258757592611,0.6247868108563795,0.0021992349302695224,0.6344893678771502,0.6371808792643138,0.0026915113871636143
2722,0.6358905406836132,0.6363780859817563,0.00048754529814309944,0.6443962771683843,0.6449326972700218,0.0005364201016374581
2723,0.6325915042483319,0.6328132438298778,0.0002217395815459211,0.6455349207698436,0.6441101136928626,-0.001424807076981005
2724,0.6350550665081937,0.6343499395173977,-0.0007051269907959457,0.6525295902375298,0.6516769646022954,-0.0008526256352343609
2725,0.6311726313344337,0.6329704331555047,0.0017978018210710323,0.6396059831921956,0.6416798272225614,0.0020738440303658123
2726,0.654834178166896,0.6568040441345814,0.001969865967685336,0.6597527653505916,0.6611929435299001,0.0014401781793085267
2727,0.622681816554572,0.6271569463926243,0.004475129838052316,0.6265607884086145,0.6311830984657072,0.004622310057092682
2728,0.6281333414814342,0.6311047503399083,0.002971408858474134,0.6438977101614693,0.6469381479845159,0.0030404378230465268
2729,0.6345243986928917,0.6383305099479365,0.0038061112550448195,0.6433551358002498,0.6469300150273031,0.0035748792270532403
2730,0.6331002230983237,0.6330077115299585,-9.251156836520558e-05,0.6511019089046726,0.6512147031862648,0.00011279428159227667
2731,0.615841412360815,0.6144295064168951,-0.0014119059439199333,0.6342936921395059,0.6330103867086034,-0.0012833054309024927
2732,0.6301422666732668,0.6299757072486819,-0.00016655942458487782,0.6392612002601861,0.639085108236268,-0.0001760920239181063
2733,0.6511325128677733,0.6514997731636459,0.0003672602958726401,0.660992359022403,0.6612322459470726,0.0002398869246695856
2734,0.6382246686246001,0.64193876904909,0.00371410042448983,0.6516886276772171,0.655060324181906,0.003371696504688826
2735,0.6513385010830252,0.6516007116799699,0.00026221059694475635,0.6587141720444218,0.6596717893063869,0.0009576172619650825
2736,0.6370082301117307,0.641143684216375,0.004135454104644332,0.6429165399817574,0.6468620992534035,0.003945559271646193
2737,0.658353805292992,0.6594931150883183,0.001139309795326282,0.6693291071031318,0.6706389446086213,0.0013098375054895195
2738,0.6342063083891378,0.6351007139443685,0.0008944055552306818,0.6466820671963831,0.647875945781566,0.0011938785851829392
2739,0.6373010734697221,0.6388629234562442,0.0015618499865220903,0.6417366724072916,0.643297937229426,0.0015612648221343672
2740,0.6412211167475179,0.6433091060862041,0.002087989338686147,0.6513550732533918,0.6532410134002016,0.0018859401468097614
2741,0.6096347372288513,0.6107935834702963,0.0011588462414450218,0.6191131630902478,0.6197799515447601,0.0006667884545122904
2742,0.6419474359011215,0.6417818893754592,-0.00016554652566225236,0.6724480711668053,0.6724434260534644,-4.645113340862039e-06
2743,0.6232350562878223,0.6241159592087561,0.0008809029209337904,0.6326784894099913,0.6337050594583006,0.0010265700483093054
2744,0.6405906621837011,0.641988605987109,0.0013979438034079639,0.6434521928767453,0.6454124789674662,0.001960286090720964
2745,0.6530393564552567,0.6522075493143914,-0.0008318071408652816,0.6603031395698267,0.6593361114288855,-0.0009670281409411841
2746,0.6289265099516083,0.6295050323811923,0.0005785224295840052,0.6511578780172864,0.6520938683554507,0.000935990338164272
2747,0.6515934862574081,0.6502919531985912,-0.0013015330588168617,0.6634446391604009,0.6627786626248592,-0.0006659765355416791
2748,0.6155864303018128,0.6160097522253348,0.00042332192352201314,0.6425162847692493,0.6425683100386658,5.202526941650021e-05
2749,0.6533251955322018,0.6552874319205719,0.00196223638837012,0.6655803596611559,0.6671058148822634,0.0015254552211074746
2750,0.6096573590890437,0.6085463095378322,-0.0011110495512115515,0.6216336993796948,0.6201541441015125,-0.0014795552781823318
2751,0.6268470624704178,0.6296057655796072,0.0027587031091894643,0.6395183777085214,0.6421901624455234,0.0026717847370020253
2752,0.6162716981420631,0.6183331639959018,0.0020614658538387065,0.6246446262734804,0.626770779106155,0.002126152832674588
2753,0.6178978616853621,0.616499512723838,-0.0013983489615241318,0.630699019870346,0.6292186886074062,-0.0014803312629398935
2754,0.6373450116091518,0.6380703689720073,0.0007253573628555054,0.64741684882774,0.648320655166329,0.0009038063385889972
2755,0.6195439304499629,0.6191957285146708,-0.0003482019352921695,0.6299814941518173,0.6301277247328304,0.00014623058101315145
2756,0.6505327251116777,0.6501224362126813,-0.00041028889899641374,0.6614495106342934,0.6603987859966122,-0.0010507246376811885
2757,0.6584359021720154,0.6595695626079148,0.001133660435899353,0.6710470533883458,0.6727487574813542,0.0017017040930084049
2758,0.646328459633665,0.647360847687866,0.0010323880542009167,0.653926870231218,0.6548099726360594,0.0008831024048414626
2759,0.6538907875014878,0.6560872727318607,0.0021964852303729687,0.6547796848576803,0.6568510193203191,0.002071334462638741
2760,0.6260095631252043,0.6269338964099395,0.0009243332847351793,0.6418013307710185,0.6437512648948656,0.0019499341238470302
2761,0.6315340567738003,0.6316913901489276,0.00015733337512735535,0.646666856161741,0.6472214983084548,0.0005546421467137463
2762,0.6127079504350678,0.6146230386356997,0.0019150882006319092,0.6333503448174055,0.6351089847282193,0.0017586399108138195
2763,0.6184903494689672,0.6214342888078181,0.002943939338850954,0.6323305113144433,0.6351489489154896,0.0028184376010462753
2764,0.6516160110341402,0.6508846734172099,-0.0007313376169303387,0.6583914750404392,0.657637506786471,-0.0007539682539681181
2765,0.6527154137835751,0.6529767772341846,0.0002613634506094531,0.6652903219855294,0.665340814970805,5.0492985275596425e-05
2766,0.6331374016738648,0.6361776786992731,0.0030402770254083222,0.6525110444148707,0.6553650985732729,0.0028540541584021195
2767,0.6578897936228926,0.6579589063133261,6.911269043352597e-05,0.6754346620083788,0.6758202064156622,0.00038554440728344463
2768,0.6325548188113812,0.63100557795598,-0.0015492408554012016,0.6329623248393134,0.631813256516332,-0.0011490683229813392
2769,0.624638011116851,0.6245440777028787,-9.393341397234689e-05,0.637142707392068,0.6372045147236962,6.180733162819418e-05
2770,0.6432872254038078,0.6432707650410839,-1.6460362723846877e-05,0.6538503314398456,0.6535016746973269,-0.0003486567425187159
2771,0.6231965361307682,0.6240357225313274,0.0008391864005592442,0.6296079403688098,0.6300743338786816,0.0004663935098717653
2772,0.6540843672626299,0.6547128339510564,0.0006284666884265322,0.6672631009197898,0.6666555200948178,-0.0006075808249720316
2773,0.6447907261518901,0.6457587339526981,0.0009680078008079684,0.6519248852138052,0.652754924739497,0.000830039525691828
2774,0.6388593025256337,0.6373483604558979,-0.0015109420697357878,0.6461577100224735,0.645028042588458,-0.0011296674340154356
2775,0.6189371930392032,0.6201211046130858,0.0011839115738825345,0.6405504645807288,0.6418223810700365,0.0012719164893076895
2776,0.6577917397610361,0.6578670703067676,7.533054573150011e-05,0.6619945082307914,0.6610341280312807,-0.0009603801995107242
2777,0.6433058527131734,0.6443619333630793,0.0010560806499059217,0.6532829138362735,0.654651255639398,0.0013683418031245065
2778,0.615886197639296,0.6170915355933946,0.0012053379540986064,0.62987033286344,0.6308949121488888,0.0010245792854488567
2779,0.650968397904718,0.6513427304282646,0.0003743325235465722,0.6532649572888488,0.6535065031825686,0.00024154589371983004
2780,0.6257758963338109,0.6283519286441644,0.0025760323103535265,0.6356968361987544,0.6382614852467795,0.002564649048025114
2781,0.6464055818425185,0.6484281121419906,0.0020225302994720806,0.6515291124792608,0.6529697612025184,0.0014406487232575538
2782,0.6248280040289597,0.6268147461595248,0.0019867421305651556,0.6306554845641417,0.6327522464978601,0.0020967619337184384
2783,0.6532621977038499,0.653306119841387,4.3922137537122374e-05,0.6709167601137325,0.6704302176706683,-0.00048654244306411965
2784,0.6258331079749851,0.6281149123935602,0.002281804418575062,0.6455039905770272,0.6484535048308893,0.002949514253862029
2785,0.6369673501298081,0.6377193185485354,0.0007519684187272668,0.6486056162662072,0.6490845696799432,0.0004789534137360496
2786,0.6573493112541476,0.6580130892682025,0.0006637780140548166,0.6641940793338308,0.6648061484241609,0.0006120690903300696
2787,0.6290579981129343,0.6305016028066784,0.0014436046937441604,0.6391076892879095,0.6405253778795111,0.001417688591601629
2788,0.6324804305928016,0.6332269657921978,0.0007465351993962699,0.6477062528959208,0.6485191477305546,0.0008128948346338705
2789,0.6682722732176143,0.6692602824075604,0.0009880091899461263,0.6840620240043416,0.6851692508212872,0.001107226816945639
2790,0.6206695042427737,0.6244710795905583,0.0038015753477845804,0.6336600004938676,0.6375208547575351,0.003860854263667446
2791,0.6487109157790354,0.6489659111329749,0.00025499535393946893,0.6640689503732982,0.6646584816150033,0.0005895312417051324
2792,0.6306036389746975,0.6294141671863285,-0.0011894717883690342,0.6460292585552843,0.6452425090728826,-0.0007867494824016497
2793,0.6649701657403853,0.6669535421595024,0.0019833764191171666,0.6767140996968363,0.67916406519028,0.0024499654934437842
2794,0.6169316805423537,0.6189962281996396,0.00206454765728592,0.629974597014239,0.6317620366277655,0.0017874396135265647
2795,0.6353630752705896,0.6359295947994676,0.0005665195288780955,0.6412941184649439,0.6416282287990542,0.00033411033411034907
2796,0.5952378425924765,0.5975822096902341,0.002344367097757649,0.6170615644286378,0.619575523899119,0.002513959470481164
2797,0.603961222393745,0.6069997604334669,0.003038538039721983,0.6217500267784031,0.6251605293193405,0.0034105025409374434
2798,0.6331351312385649,0.633574180139086,0.00043904890052104406,0.6467767966329346,0.6471563687516372,0.0003795721187025425
2799,0.645227762077521,0.644894036184729,-0.0003337258927920139,0.6470394475734408,0.646524769015284,-0.0005146785581567892
2800,0.6280203702841011,0.6286955044556671,0.0006751341715660608,0.6428451088553389,0.6435172808862066,0.0006721720308677792
2801,0.6216687235523967,0.6204971319393244,-0.0011715916130722315,0.6343665206134907,0.6330380181980318,-0.0013285024154588987
2802,0.6527477769174406,0.652375721691954,-0.0003720552254865561,0.6663524603604413,0.6657308114779229,-0.0006216488825183664
2803,0.6599420779621917,0.658091211214768,-0.0018508667474237406,0.6732851543705283,0.672123851904878,-0.0011613024656502713
2804,0.6423622595240723,0.6436615969821425,0.0012993374580702044,0.6512311004405867,0.652931718662944,0.0017006182223572308
2805,0.6237133969611789,0.6220910581411685,-0.0016223388200103939,0.6495853028508983,0.6489294128471822,-0.0006558900037161308
2806,0.6206316898672953,0.6208691486984386,0.00023745883114323352,0.6393515538745869,0.6394833061802523,0.0001317523056654224
2807,0.6315624738738304,0.6322490393869195,0.0006865655130890991,0.6386885496193221,0.6395403608515682,0.0008518112322460913
2808,0.6443639841475706,0.6466110176052994,0.0022470334577288087,0.644921646339992,0.6471159978821696,0.0021943515421775084
2809,0.6235831996649893,0.6233938953772887,-0.00018930428770058683,0.643029165972327,0.6429582224231225,-7.094354920444967e-05
2810,0.6442262482229437,0.6455365068995296,0.0013102586765858515,0.6576669369410959,0.6579493598322145,0.0002824228911185722
2811,0.659611267170078,0.6611167369661431,0.0015054697960651398,0.669621099156047,0.6712519562216864,0.0016308570656394794
2812,0.6555007437835499,0.6553094627079217,-0.00019128107562826901,0.6714156442366757,0.6708930267575365,-0.0005226174791391758
2813,0.6493332342511497,0.6504392148329755,0.0011059805818257606,0.6615203335818973,0.6630988999430724,0.0015785663611750378
2814,0.6537909540997737,0.6531129221276136,-0.000678031972160098,0.6623199301279981,0.6617807651866592,-0.0005391649413388766
2815,0.6564446145097116,0.6566948688718669,0.00025025436215531105,0.6657925248161023,0.665583603302833,-0.0002089215132693445
2816,0.6086040432513954,0.6100030346801824,0.0013989914287869665,0.61945684572021,0.6212684399231085,0.0018115942028985588
2817,0.6669713273936277,0.6675212597388238,0.0005499323451960692,0.678114596126468,0.6786580743873375,0.0005434782608695343
2818,0.6336095551179884,0.6361599615970194,0.002550406479030931,0.6439995023778089,0.6462752097622121,0.0022757073844031916
2819,0.6399846879153073,0.6405658480840034,0.0005811601686961376,0.6461566392544653,0.6474253524253525,0.0012687131708871702
2820,0.6572585415142072,0.6570727248647177,-0.00018581664948946752,0.6656195672755775,0.6657031793157112,8.361204013374035e-05
2821,0.6417765589774888,0.641550381314152,-0.00022617766333676848,0.6532911677496969,0.6533622198859664,7.105213626956708e-05
2822,0.6174985590050445,0.6175833000527312,8.474104768674273e-05,0.6313454114434789,0.6311954647717931,-0.00014994667168577447
2823,0.6412771128954894,0.6426596573245574,0.0013825444290680444,0.6471646127294738,0.6484241020324413,0.001259489302967487
2824,0.6182749861679034,0.6178258169784722,-0.0004491691894312755,0.6448539540715074,0.6445971456625249,-0.00025680840898245627
2825,0.5886160341780297,0.5919766651421737,0.0033606309641440735,0.6063893353023787,0.6098851631460327,0.003495827843653987
2826,0.6530237915897533,0.6538441235002391,0.0008203319104858053,0.6579751133608386,0.6590592828145733,0.0010841694537346847
2827,0.6544243088922613,0.6534453075996111,-0.0009790012926502722,0.6676415483320854,0.6665522667696581,-0.00108928156242738
2828,0.6552323722997194,0.6542995579983868,-0.0009328143013326295,0.6671050053236239,0.6663928672201815,-0.0007121381034423946
2829,0.6597554207638676,0.6603287382164197,0.000573317452552069,0.6660603159666948,0.6677272480684094,0.0016669321017146466
2830,0.647830905922541,0.6492259226426742,0.001395016720133202,0.65809365684046,0.6596425626093145,0.0015489057688545804
2831,0.6595048007233882,0.6604051798502398,0.0009003791268515915,0.6670891240596709,0.6680377406604616,0.0009486166007907082
2832,0.6341762546033353,0.6345634192804697,0.0003871646771343995,0.6454635977280905,0.6460070759889601,0.0005434782608696453
2833,0.6413713772956939,0.6417406000304889,0.000369222734795005,0.6586535642377964,0.6585776498140559,-7.59144237405529e-05
2834,0.6093996494486493,0.6133997897084068,0.004000140259757479,0.6304585679668835,0.6342370358757862,0.003778467908902683
2835,0.6170453773857726,0.6178063594366395,0.0007609820508669429,0.6342998547346373,0.6351672240802675,0.0008673693456301423
2836,0.6579161266398893,0.657554260787568,-0.0003618658523213414,0.6669005529533724,0.6667166486933812,-0.00018390425999115223
2837,0.6152929331532409,0.6141794476565222,-0.0011134854967186358,0.6300068691436977,0.6294931135755943,-0.0005137555681034023
2838,0.6278169362476402,0.6283544434082832,0.000537507160642936,0.6396780234269391,0.6406861216089502,0.0010080981820110857
2839,0.6609218034139265,0.6636906566609819,0.0027688532470554472,0.6695782740987345,0.6717255229851139,0.002147248886379405
2840,0.6587735183243626,0.6580469964585802,-0.0007265218657823702,0.681341697088903,0.6800062933621949,-0.0013354037267081509
2841,0.647218113694589,0.6487122418072654,0.0014941281126763517,0.6505078663525014,0.6517773577306886,0.0012694913781872152
2842,0.6092251813952965,0.6083934308297667,-0.0008317505655297541,0.6396483315632934,0.6374104245427776,-0.002237907020515739
2843,0.627271996143531,0.6308502864451534,0.0035782903016223777,0.6411296607920002,0.6453979883723482,0.004268327580348008
2844,0.6305720661183042,0.633953798752572,0.0033817326342677756,0.6407066834590006,0.6443344204563026,0.0036277369973020113
2845,0.6192675034317634,0.6219879062355089,0.0027204028037455252,0.646051628364483,0.649068611381466,0.0030169830169829437
2846,0.656704009910721,0.6600316442725782,0.0033276343618572346,0.6664826741488604,0.6694257697006517,0.002943095551791286
2847,0.6375882038825393,0.6354671812892326,-0.0021210225933067095,0.6596086899818898,0.6579120570953253,-0.0016966328865645197
2848,0.6376702820130367,0.6360737990865162,-0.0015964829265204816,0.6538711139670219,0.6522888797760921,-0.0015822341909298432
2849,0.6484995062914631,0.6480880553080354,-0.00041145098342776354,0.6554003356688778,0.6548341627114006,-0.0005661729574771845
2850,0.5992220131325179,0.6056736344131678,0.006451621280649911,0.6175117815841163,0.6231579168498168,0.005646135265700458
2851,0.6006175303676886,0.6000821408632244,-0.0005353895044641899,0.6133752935785072,0.61275428415315,-0.0006210094253571441
2852,0.6409669166957382,0.6416961685155754,0.0007292518198371845,0.6474521410522426,0.6481489080533576,0.000696767001114984
2853,0.6410620736886474,0.6396003311636648,-0.0014617425249826566,0.6452401199471943,0.6437328108311896,-0.001507309116004718
2854,0.646941053511033,0.6487223399616977,0.0017812864506646653,0.6584114981846553,0.6603386893509768,0.0019271911663215624
2855,0.6567626699275059,0.6570017427292135,0.00023907280170765155,0.6648810681417194,0.6652837572400606,0.00040268909834118016
2856,0.6463563577777913,0.6501889074163075,0.003832549638516203,0.6625513588820877,0.6658708895929228,0.003319530710835128
2857,0.6321932677110366,0.632034800201275,-0.00015846750976156176,0.6462452832836708,0.6457340553811386,-0.0005112279025322186
2858,0.6165866201518194,0.6193838566875182,0.002797236535698744,0.6227063026478862,0.6255008028336906,0.002794500185804405
2859,0.6314683477267454,0.6328964478975669,0.0014281001708215113,0.6424440311486181,0.6440287954891369,0.0015847643405187961
2860,0.652160708791517,0.6524832062659165,0.00032249747439949683,0.671193731058634,0.6719356220179162,0.000741890959282232
2861,0.6335547438964722,0.6323125411752666,-0.0012422027212055653,0.650674919728686,0.649067179642685,-0.0016077400860009528
2862,0.6391697985620489,0.6430728933968929,0.0039030948348439676,0.6408864313726795,0.6449876924304622,0.004101261057782635
2863,0.6694998871005922,0.6688775947887788,-0.0006222923118133217,0.6775890657907176,0.6770297941444895,-0.0005592716462281544
2864,0.6569055634579847,0.6591364333011778,0.002230869843193095,0.669687949525107,0.6716908982671862,0.0020029487420791803
2865,0.6111072327816983,0.6143964760648855,0.0032892432831871377,0.6217030928870991,0.6238586909122623,0.0021555980251631857
2866,0.6276487495578212,0.627549277642866,-9.947191495518481e-05,0.6573575536556607,0.6574610733243977,0.00010351966873700658
2867,0.6042102118372131,0.6048739853224897,0.0006637734852765753,0.6229519943148322,0.6236166678055927,0.0006646734907604923
2868,0.6660642030848847,0.6662012357774652,0.00013703269258047435,0.6736981572033427,0.6740048432708984,0.00030668606755568373
2869,0.6129725105249044,0.6158032272932993,0.0028307167683948586,0.624671220621656,0.62809342217685,0.0034222015551940155
2870,0.6378435111950418,0.6397766097984603,0.0019330986034185038,0.6460067731091688,0.6477788416203678,0.001772068511199043
2871,0.6190087487975113,0.6188453798121296,-0.00016336898538171774,0.6372198279341061,0.637746583786949,0.0005267558528428973
2872,0.6273605716722711,0.6285340350324763,0.0011734633602051847,0.6400398724664448,0.6410531104362046,0.0010132379697598282
2873,0.6593627695356251,0.658643009808061,-0.0007197597275641066,0.6675539024641537,0.6669785840627482,-0.0005753184014054558
2874,0.6404865637720405,0.6418027570024735,0.0013161932304329715,0.6476807872907617,0.6490334442955927,0.0013526570048310038
2875,0.6398029516961566,0.6398943517690716,9.14000729149711e-05,0.6587397054913093,0.6589542252710465,0.00021451977973718783
2876,0.6245427118907969,0.6223876458086712,-0.0021550660821256784,0.6338481771221564,0.6322717101109067,-0.0015764670112496937
2877,0.649353451896196,0.6503577370909445,0.0010042851947484888,0.666650205642589,0.6679996774268434,0.0013494717842543746
2878,0.6400103306166954,0.6415422021370891,0.0015318715203936906,0.6501752578123441,0.6513834940205804,0.0012082362082362907
2879,0.6091670776016948,0.6116285643597764,0.0024614867580816657,0.6190026619917924,0.6209341664776448,0.0019315044858523311
2880,0.5899556699145172,0.5917176799722419,0.0017620100577246944,0.622954319726285,0.6242257294759557,0.00127140974967066
2881,0.6164464098375738,0.6167211567059305,0.00027474686835671225,0.6461508912110303,0.6457336755764234,-0.0004172156346069489
2882,0.6250555457160086,0.6257143566377793,0.0006588109217706695,0.6344130659375179,0.6340326492527534,-0.0003804166847645174
2883,0.6487394875862852,0.6498295051582081,0.0010900175719229521,0.6750536509279419,0.675704726905105,0.0006510759771630736
2884,0.6363636078608903,0.6357083834859669,-0.0006552243749233799,0.6556914199753076,0.6550042086359223,-0.0006872113393852075
2885,0.6411560908258572,0.6439061628536288,0.002750072027771555,0.6471838153149537,0.6491237594288108,0.0019399441138571172
2886,0.6386653646651841,0.6385646382779597,-0.00010072638722435912,0.6573043743695917,0.6562898816159685,-0.0010144927536231974
2887,0.6568384132909759,0.6599837764885718,0.0031453631975958407,0.6701379947001503,0.6736731913875209,0.0035351966873705676
2888,0.6331223104826512,0.6344940333493272,0.0013717228666759729,0.6377670556948006,0.6387470901530957,0.000980034458295087
2889,0.6511626511888562,0.6525379182803474,0.0013752670914911613,0.6609368021182765,0.6622311116734557,0.001294309555179174
2890,0.62878794880992,0.6286300115756432,-0.00015793723427670603,0.6365510381523546,0.6363816423307849,-0.00016939582156971777
2891,0.644984312319735,0.646904939824676,0.0019206275049410415,0.6546545309648699,0.6564716148471712,0.0018170838823012847
2892,0.6137882459316779,0.6137905899986236,2.344066945658696e-06,0.6232512202993874,0.6238225692403015,0.0005713489409141514
2893,0.6315939622036161,0.631619757141927,2.5794938310896853e-05,0.6348405904032501,0.6344129418937602,-0.0004276485094899529
2894,0.6316229327932726,0.6341926310462604,0.0025696982529878065,0.653564286951802,0.6571940629728824,0.0036297760210803887
2895,0.6223698307442254,0.623802437450417,0.0014326067061916081,0.6315246344681144,0.6329098072663306,0.001385172798216261
2896,0.6104557440887247,0.6120922589366893,0.0016365148479645653,0.6245878156363458,0.6266840889282712,0.00209627329192541
2897,0.6125973684439383,0.6142350334051105,0.001637664961172236,0.6352580415811966,0.635068352043681,-0.000189689537515636
2898,0.620096635445015,0.6244090880654739,0.004312452620458873,0.6370132213029079,0.6415245795099183,0.004511358207010319
2899,0.6433547851710374,0.6447514981399622,0.0013967129689248514,0.6529305654641152,0.6539596727592072,0.00102910729509198
2900,0.6265396762986147,0.6286041290544431,0.0020644527558283388,0.6396679930375583,0.6417452877235487,0.002077294685990383
2901,0.6381299946458954,0.6376103139827058,-0.0005196806631895257,0.6465888878938465,0.6460129421005094,-0.0005759457933370848
2902,0.6403857188395731,0.6401570428288456,-0.0002286760107275132,0.6429394481023872,0.642877336301145,-6.211180124227056e-05
2903,0.6293879240222343,0.6325350424351924,0.0031471184129581165,0.6382742555585166,0.6410189022162067,0.002744646657690142
2904,0.6446353784226622,0.6457055826017442,0.0010702041790819905,0.6473178769110162,0.648865966502584,0.001548089591567825
2905,0.6468726127052016,0.6480677742406247,0.0011951615354230949,0.6544736460063596,0.6557185363816848,0.0012448903753251583
2906,0.6204853804154008,0.6200025458450282,-0.00048283457037257005,0.649227241789548,0.6486691766662653,-0.0005580651232827138
2907,0.6578055020866892,0.6600498654359068,0.0022443633492176263,0.6714224346141342,0.6735583904457422,0.002135955831607972
2908,0.6218531444799276,0.6231697771683853,0.0013166326884577195,0.6340861035296524,0.635794178063814,0.0017080745341615522
2909,0.6439880376608794,0.6468361570062154,0.00284811934533602,0.6517035028664407,0.6543772301053855,0.0026737272389447675
2910,0.6413796242663728,0.640119545762887,-0.001260078503485862,0.657202892305194,0.6557536169428753,-0.0014492753623187582
2911,0.6413827969352893,0.6428910508422384,0.0015082539069490863,0.6516603971650069,0.6532074534051578,0.0015470562401509458
2912,0.6617956639182289,0.6622510262182792,0.00045536230005038814,0.6728451074297899,0.6731006127939909,0.0002555053642010474
2913,0.6420333047091085,0.6410187785709667,-0.0010145261381417914,0.6640537673075853,0.6637723820261999,-0.0002813852813853268
2914,0.6251714474717393,0.6258040461284564,0.0006325986567171649,0.6445863670288222,0.6453110047099817,0.0007246376811594901
2915,0.6350867135103727,0.6366547298139423,0.0015680163035696193,0.6501748776940593,0.6512897048958431,0.0011148272017837968
2916,0.6356196969697714,0.6313676706470166,-0.004252026322754787,0.644515272545963,0.6404043791767576,-0.004110893369205337
2917,0.6587048915730249,0.657515839933128,-0.0011890516398969098,0.676604126600473,0.6754833874362555,-0.0011207391642175102
2918,0.6475696303450446,0.65033841271644,0.0027687823713954396,0.6557798743252706,0.6578181922875016,0.0020383179622309733
2919,0.6123196771057396,0.614156962152759,0.0018372850470192992,0.626938537579995,0.6284214749324976,0.0014829373525026002
2920,0.642646114951474,0.6437427215142473,0.001096606562773328,0.6572435052869835,0.6585547544243198,0.0013112491373362678
2921,0.6296240360232727,0.6319474295675271,0.0023233935442544817,0.6512858703178663,0.6538919779783218,0.0026061076604554367
2922,0.6491142759920219,0.6504147610986744,0.0013004851066524825,0.6606160072311636,0.6623810175831305,0.0017650103519668559
2923,0.6635347629987175,0.6640952726420888,0.0005605096433712875,0.672037688074045,0.672396025388904,0.0003583373148590141
2924,0.6132972323155144,0.6150096978626012,0.0017124655470868166,0.6362253388617455,0.6378135031129532,0.0015881642512076688
2925,0.6326436996788128,0.6342728102486952,0.0016291105698823527,0.6430867401444647,0.645139880241083,0.002053140096618389
2926,0.6411276896647387,0.6424062492872086,0.0012785596224699214,0.65284522268381,0.6534500164407776,0.0006047937569676476
2927,0.6791445394457132,0.6812927359949511,0.002148196549237924,0.6836438322124935,0.6852138805216722,0.0015700483091787287
2928,0.6579758185552146,0.6576464934805683,-0.0003293250746463361,0.6784991739339565,0.6778004161699813,-0.0006987577639752107
2929,0.6382305280895054,0.6345930517566234,-0.003637476332882028,0.6459086021015148,0.6425219163235246,-0.0033866857779901727
2930,0.6398115223303537,0.6417207847026213,0.0019092623722676283,0.6491117110737363,0.6511025221949823,0.0019908111212459945
2931,0.6440767556669496,0.6450968173190327,0.0010200616520831263,0.6590916927696503,0.659824957089871,0.0007332643202206945
2932,0.6749312848749353,0.6759091142521506,0.0009778293772153557,0.6786742293804672,0.679812788888592,0.0011385595081248034
2933,0.6431212553050686,0.6440519782045903,0.0009307228995216743,0.651574594659095,0.6523504570462106,0.0007758623871156889
2934,0.6392988209409005,0.6418642388138517,0.00256541787295117,0.6477697925442997,0.6502220986922581,0.0024523061479584385
2935,0.6857319627420735,0.6856667412895358,-6.52214525377337e-05,0.6932829793968409,0.6929404234021109,-0.0003425559947299872
2936,0.6263041045414425,0.6250298176570941,-0.0012742868843483857,0.6334176160582811,0.6322340809233392,-0.0011835351349418488
2937,0.6375033720635376,0.6366317104691357,-0.0008716615944018846,0.674030444354486,0.6725677656190802,-0.0014626787354058424
2938,0.6721036194688778,0.6747128474448456,0.002609227975967854,0.6774328846771303,0.6795299422089703,0.0020970575318400853
2939,0.6117741862865655,0.6136609933927621,0.0018868071061965974,0.6350527822173951,0.6362053011960009,0.0011525189786057988
2940,0.6490492871783071,0.6529049531125726,0.003855665934265451,0.6540922769862988,0.6574110596529075,0.0033187826666086773
2941,0.650120268637532,0.6533400563456384,0.003219787708106381,0.6733030210634108,0.6770384572668777,0.0037354362034669464
2942,0.6252918957374114,0.6266636536153136,0.0013717578779022244,0.6413350385974317,0.6427471686668509,0.001412130069419204
2943,0.6318758440837294,0.6326567267204116,0.0007808826366821897,0.6456600525078787,0.6464707997316692,0.0008107472237904867
2944,0.6641987012236626,0.6682151826442158,0.0040164814205531085,0.6733225625661753,0.6770351543222454,0.0037125917560700827
2945,0.6549503581914489,0.6557489551321691,0.0007985969407202642,0.6609959161374526,0.6621625514345226,0.0011666352970700622
2946,0.6103554392084269,0.6135111985152016,0.003155759306774697,0.6245005235925953,0.6283508761386001,0.0038503525460047427
2947,0.6336997971751144,0.6335528219256643,-0.00014697524945006535,0.6444574014443465,0.6445553065230699,9.790507872342591e-05
2948,0.6573642023332767,0.6586174927953915,0.0012532904621147534,0.6642468831115571,0.6652855304545523,0.0010386473429951915
2949,0.6464371802509017,0.6455855222090571,-0.0008516580418446162,0.6627216867326616,0.6614328668568851,-0.001288819875776559
2950,0.6460877230639198,0.6471424801092306,0.0010547570453107724,0.6625527377915399,0.6631701397132896,0.0006174019217497495
2951,0.629153138036903,0.631318384742125,0.0021652467052220015,0.6359247033160077,0.6377966236661889,0.0018719203501812443
2952,0.6273644446740101,0.6317940862827683,0.00442964160875825,0.645853030741431,0.6500631623972147,0.0042101316557837665
2953,0.6222571331998014,0.6239397513492257,0.0016826181494243864,0.6336634172490443,0.6361623193131638,0.0024989020641195125
2954,0.6383119022938126,0.6399769434468705,0.001665041153057878,0.6594543505000532,0.6608622179948774,0.0014078674948242442
2955,0.6341454122031532,0.6363652977589456,0.0022198855557923336,0.6504842076749473,0.6533376344414176,0.0028534267664702684
2956,0.6336285841114564,0.6361388103778236,0.0025102262663672104,0.6479481117694524,0.6508309776957965,0.0028828659263440137
2957,0.6507531249758608,0.6526891827407006,0.0019360577648398491,0.6631013381333075,0.6646813324498748,0.0015799943165673014
2958,0.6411563172539961,0.6418255507091176,0.0006692334551214874,0.6559109248239683,0.6571014010144445,0.0011904761904761862
2959,0.6217050066695691,0.6243080435792389,0.002603036909669787,0.637046804174863,0.6395105722908051,0.0024637681159420666
2960,0.6508802543612938,0.6514489694064153,0.0005687150451214595,0.662273715668822,0.6624773043506714,0.00020358868184944257
2961,0.6418128401849578,0.6422904690451543,0.00047762886019653283,0.6581990341842449,0.6581941158289429,-4.918355301919419e-06
2962,0.6506504379333875,0.6537923670667114,0.0031419291333238952,0.663168322007013,0.6664204080851863,0.0032520860781732885
2963,0.6503071325548043,0.6538554043107181,0.0035482717559137678,0.6587352522424069,0.6622313937820266,0.003496141539619635
2964,0.6508355749825284,0.6529587764279838,0.0021232014454554138,0.6589294634283057,0.6611639112765645,0.0022344478482587693
2965,0.6241033958180302,0.623710304488762,-0.00039309132926823587,0.6416051965363893,0.6411736232787291,-0.0004315732576601894
2966,0.6298637204912972,0.6304943067971441,0.0006305863058468919,0.6376281569225057,0.6384344158809386,0.0008062589584328927
2967,0.6043007396736527,0.6091240055907038,0.004823265917051067,0.6185224547809006,0.6235328067477743,0.005010351966873716
2968,0.6142004703151056,0.6153788339330777,0.001178363617972078,0.6227625193533697,0.6240617834595392,0.0012992641061695398
2969,0.6501196448516289,0.651034085187258,0.000914440335629152,0.6693464963555236,0.6701326667069114,0.0007861703513878382
2970,0.6205402583993708,0.6218531794419192,0.0013129210425484317,0.632627317269261,0.633131692121462,0.0005043748522010061
2971,0.6163499163901807,0.6174234685854058,0.0010735521952250915,0.6415242669788708,0.6424052217728692,0.0008809547939984119
2972,0.6434314129855099,0.644422791746863,0.0009913787613531344,0.650261166887625,0.6511790412837604,0.000917874396135332
2973,0.5980797478018232,0.6002037017164769,0.002123953914653698,0.6061866672753768,0.6075012765791168,0.0013146093037399442
2974,0.6531945036388589,0.6528270341126665,-0.0003674695261923766,0.6602042160737812,0.6601283016500408,-7.591442374044188e-05
2975,0.6197066717635383,0.6205781759612876,0.0008715041977492843,0.6378650750103416,0.6388724010176675,0.0010073260073258927
2976,0.6630327370420378,0.6613005849738197,-0.0017321520682180847,0.669037380635846,0.6679697696449614,-0.0010676109908845932
2977,0.6490498094774011,0.6493068516825495,0.0002570422051484389,0.6544921763326332,0.6547682287825988,0.0002760524499655359
2978,0.634574763968777,0.6361191717689395,0.0015444078001625172,0.6467135933220666,0.6473378965550655,0.0006243032329988907
2979,0.650959573544485,0.6531845466294157,0.002224973084930748,0.6574548721500966,0.6596598410941958,0.0022049689440992726
2980,0.6392186851138415,0.6373676044053859,-0.0018510807084556324,0.6547139994422603,0.6537714637171159,-0.0009425357251443556
2981,0.6391504672161012,0.6414128768680066,0.002262409651905384,0.6452068616240415,0.6473478365911035,0.0021409749670620037
2982,0.6375754672601665,0.6358828391422509,-0.0016926281179155955,0.647088701242268,0.6452339738440623,-0.001854727398205691
2983,0.6576021238717683,0.6591313738742499,0.001529250002481608,0.6660746861833818,0.6675330587287109,0.0014583725453291008
2984,0.6243448448846829,0.6255639489038987,0.0012191040192157665,0.6455629049041156,0.6475768330050002,0.002013928100884632
2985,0.6440868584931705,0.6443961778113966,0.0003093193182260867,0.6562086380671206,0.657340187676931,0.0011315496098104338
2986,0.6425452406702604,0.6422121618227208,-0.00033307884753963624,0.6458476051319202,0.6455009710896339,-0.0003466340422862979
2987,0.6177060773270104,0.6213754443473963,0.003669367020385894,0.6367493157971248,0.639938348986158,0.0031890331890331858
2988,0.6475556125723201,0.6476755539388629,0.0001199413665428084,0.6621303364891697,0.6619990547274532,-0.0001312817617165063
2989,0.6501236896131576,0.6513861668209914,0.0012624772078337898,0.6561531601223759,0.6572679873241597,0.0011148272017837968
2990,0.6302357428031939,0.6299033833145606,-0.0003323594886333048,0.6484849779027545,0.6471099398972818,-0.001375038005472673
2991,0.6221821849776765,0.6227473958007208,0.000565210823044282,0.6392116530186219,0.6396097211340814,0.0003980681154595045
2992,0.6566032101541701,0.658646678128113,0.0020434679739428363,0.6677112942106548,0.6685708211571383,0.000859526946483502
2993,0.6129304920723573,0.6143771533969806,0.001446661324623344,0.6259273094055703,0.6275459323285412,0.0016186229229708804
2994,0.6023414993617422,0.6019190518225462,-0.0004224475391959581,0.6157368876484623,0.6152354808427078,-0.0005014068057545007
2995,0.6504522003261474,0.6522291306460062,0.001776930319858816,0.6610896579949082,0.6625490681499704,0.0014594101550622351
2996,0.6423369235671476,0.6433866472480091,0.0010497236808615362,0.6544440546837259,0.6556699423226571,0.0012258876389311668
2997,0.6527797183428483,0.6530436564324436,0.00026393808959523923,0.6639198369429617,0.6641482076061151,0.00022837066315339882
2998,0.6450916861976208,0.6461489155258259,0.001057229328205067,0.6680383220594739,0.6686562548513197,0.0006179327918458544
2999,0.666698969033018,0.6661778146652086,-0.0005211543678093067,0.6794700473695842,0.6786861211508751,-0.0007839262187090412
3000,0.6299066807892286,0.6316815971929672,0.0017749164037386134,0.646940254319675,0.6484067829601167,0.0014665286404417222
3001,0.6753278037785858,0.6751114750185458,-0.00021632876003996326,0.6774260125657641,0.6773777033870201,-4.830917874398821e-05
3002,0.6448856767033202,0.6435942608515972,-0.001291415851722988,0.6586661505213799,0.6576577830942484,-0.0010083674271315068
3003,0.6601058227834014,0.6578680259430534,-0.002237796840347972,0.6649566902696409,0.6626533776402413,-0.0023033126293995343
3004,0.6098851187901931,0.6128527576842141,0.002967638894020963,0.6443657914971913,0.6469273603631082,0.0025615688659168523
3005,0.6140751530414581,0.6124086152641829,-0.0016665377772752121,0.6346283469873727,0.631927424721233,-0.002700922266139716
3006,0.6325391378040932,0.6337184330669728,0.0011792952628796316,0.6361902212491362,0.6373893240786738,0.0011991028295376127
3007,0.6446044216783954,0.643473990176496,-0.0011304315018993982,0.6525460963512333,0.651294545969248,-0.0012515503819853224
3008,0.6432120677939365,0.6456222105831826,0.002410142789246117,0.6595147160165047,0.6622890431386579,0.0027743271221531973
3009,0.6134019483790041,0.6166268122031118,0.0032248638241076932,0.626830944137046,0.6301677281260039,0.00333678398895787
3010,0.6454966329501254,0.6466569735280148,0.001160340577889385,0.6542211586727668,0.655271883310448,0.0010507246376811885
3011,0.6202900828313419,0.6223604496011376,0.002070366769795662,0.6308063474367822,0.6331148360496186,0.00230848861283639
3012,0.6597173463675446,0.6603604083618336,0.0006430619942889848,0.6690124070303098,0.6696595135469817,0.0006471065166718803
3013,0.6317639534240657,0.6321056729071005,0.00034171948303485244,0.6465882321011778,0.6467223491918166,0.00013411709063881894
3014,0.6294277355728899,0.6280969120294629,-0.001330823543426951,0.6472497314331305,0.645718659847711,-0.0015310715854194301
3015,0.6217488615506735,0.6192256325249506,-0.002523229025722995,0.6418852701717151,0.6385745229479245,-0.0033107472237906554
3016,0.6399192805217254,0.6423148490377583,0.002395568516032842,0.6519520108514675,0.6533859151114586,0.0014339042599911256
3017,0.6438947270228322,0.642901218078676,-0.000993508944156285,0.6609171903614098,0.6610931737982628,0.0001759834368529889
3018,0.6367855831687885,0.6377961466819818,0.0010105635131932855,0.6506485642003094,0.6521531164113834,0.0015045522110740395
3019,0.6700286139142636,0.6732293012748496,0.0032006873605859854,0.6762070124492486,0.6795666962437149,0.0033596837944662727
3020,0.672343490413029,0.6732207237735736,0.0008772333605445715,0.6849060904811255,0.6862188477721436,0.0013127572910180962
3021,0.6398736818561012,0.6402781873562493,0.00040450550014814457,0.6463217469156072,0.6466755959651084,0.0003538490495011981
3022,0.6634587609293916,0.6642727545158733,0.0008139935864817094,0.671457535639848,0.6724028584329969,0.0009453227931488506
3023,0.6180962015560432,0.6199357687290472,0.001839567173004042,0.628160252000739,0.6298932376851314,0.0017329856843923963
3024,0.6341262542065872,0.6338800322440205,-0.00024622196256673945,0.6438885822521772,0.6439753560921478,8.677383997068855e-05
3025,0.6455430529048056,0.6462629235670849,0.0007198706622792983,0.6535376011872271,0.6547536918598394,0.0012160906726123022
3026,0.6251000368089396,0.6266556670947577,0.001555630285818177,0.634686930006623,0.6361998856500136,0.001512955643390601
3027,0.6445775419375052,0.6437010368643289,-0.0008765050731762702,0.6539424065931008,0.6528650454773764,-0.001077361115724318
3028,0.6013961198426194,0.6050641113181452,0.003667991475525767,0.627505848001128,0.6304856942418439,0.0029798462407159
3029,0.6317743805409497,0.6359343725661296,0.004159992025179915,0.6443391575744517,0.6488105014479695,0.004471343873517775
3030,0.6087984968315009,0.613131471061915,0.004332974230414122,0.6285995193924631,0.6323591655434135,0.0037596461509504797
3031,0.6497257211737281,0.6515647218023943,0.0018390006286662652,0.6635250917213243,0.6652279902720492,0.0017028985507248073
3032,0.6292680862261565,0.6317198696206957,0.00245178339453922,0.6364204698285376,0.6389492695312502,0.002528799702712581
3033,0.6105232799296758,0.6079186902822508,-0.0026045896474250485,0.6291875465953917,0.627344896491872,-0.001842650103519694
3034,0.5979934637585077,0.5990584427381263,0.0010649789796185472,0.6184602294568246,0.6187098349238214,0.0002496054669968162
3035,0.6415124804609053,0.6424607279594968,0.0009482474985915701,0.6587161647243418,0.6601585387754114,0.001442374051069617
3036,0.6096811367888503,0.6105631901524974,0.0008820533636471062,0.6228864971192338,0.6233963453272917,0.0005098482080578837
3037,0.6438719151291048,0.6467651077681613,0.002893192639056519,0.6613082756309694,0.6648530123662432,0.003544736735273779
3038,0.6369599721815369,0.6356712472727731,-0.0012887249087637498,0.6463022229577762,0.6447019814118826,-0.0016002415458935548
3039,0.648114740450489,0.6518425560743276,0.003727815623838615,0.6591970002224167,0.6625219723517367,0.0033249721293200363
3040,0.6431111634746834,0.6425316821170227,-0.0005794813576607272,0.6577646507213288,0.6563697231850968,-0.001394927536232049
3041,0.6323784189499887,0.6354479252833584,0.003069506333369665,0.6446726220639265,0.6481122621340013,0.003439640070074801
3042,0.6540140943606313,0.6568497722324215,0.0028356778717901765,0.6583664923213768,0.6606773336539572,0.0023108413325804156
3043,0.6646070812490712,0.6658060361990003,0.0011989549499290542,0.6788831275127367,0.6797526927301281,0.0008695652173913437
3044,0.6009341528013544,0.6012609839787308,0.00032683117737641876,0.6060376609803362,0.6063933439447148,0.0003556829643786008
3045,0.6733520171622918,0.6759650373659136,0.002613020203621863,0.6847293889685194,0.6866562664388751,0.0019268774703556923
3046,0.6213664679300536,0.622444906846603,0.0010784389165494623,0.631986099163295,0.6330212958506656,0.0010351966873706209
3047,0.6493169933948917,0.6537518851495993,0.004434891754707571,0.6679856707728898,0.6725612401310678,0.004575569358177933
3048,0.6332175184847556,0.6321649845793168,-0.0010525339054388017,0.6463422394944134,0.645320845429541,-0.0010213940648723385
3049,0.6186448261388166,0.6172119966763457,-0.0014328294624708082,0.6269002184721603,0.6249399323814394,-0.001960286090720853
3050,0.6255183537058422,0.6268768670799034,0.001358513374061232,0.644158185659656,0.6454927930812199,0.0013346074215638826
3051,0.6401273636468628,0.6403901941133321,0.0002628304664692438,0.6555808207394095,0.6562960475415929,0.0007152268021833885
3052,0.6129792265852954,0.6163095068546484,0.003330280269353003,0.6215678152646956,0.624715597434217,0.003147782169521385
3053,0.623446757167301,0.6242803287235358,0.0008335715562347579,0.6414164350643842,0.6418013400145065,0.0003849049501223334
3054,0.6442080483319863,0.6468149847596887,0.0026069364277023777,0.6556930623424007,0.6578773273527528,0.002184265010352182
3055,0.6432780775669787,0.6481747102565204,0.004896632689541658,0.6667649442150915,0.6712015462603891,0.004436602045297611
3056,0.6263283415460901,0.6280542882855655,0.001725946739475459,0.6356005950571167,0.6371385498559411,0.001537954798824348
3057,0.6351951000135597,0.635820224813954,0.0006251248003942278,0.6448766503662375,0.6461321027853728,0.0012554524191352723
3058,0.6352638630090004,0.6357069087563529,0.000443045747352544,0.6413986737899782,0.6421750713055062,0.0007763975155280489
3059,0.6100857313425943,0.611205380857907,0.0011196495153127373,0.6214562394110404,0.6230172387981266,0.0015609993870862038
3060,0.6234285934443086,0.6218308211233732,-0.0015977723209353867,0.6465003185496935,0.6459453119620783,-0.0005550065876152033
3061,0.6543532935605096,0.6535166660368587,-0.0008366275236509901,0.6676449669352483,0.6661934957011685,-0.0014514712340798486
3062,0.6276623015555652,0.6286958367929715,0.0010335352374062357,0.6373445033227643,0.6390629298237994,0.001718426501035153
3063,0.6148428296825256,0.6178011581851541,0.00295832850262856,0.6151642302322271,0.6180608987810695,0.002896668548842407
3064,0.6307679566990025,0.630089163642238,-0.0006787930567645484,0.6471077820126022,0.6461761049939686,-0.0009316770186336143
3065,0.6571512179917145,0.6559959299130977,-0.0011552880786167563,0.6623453562989655,0.6619312776240173,-0.00041407867494824835
3066,0.620628578010044,0.6203453817678275,-0.0002831962422165102,0.6382487257895784,0.6375355742068616,-0.0007131515827167867
3067,0.6562927481987881,0.6582704969152072,0.001977748716419092,0.6705036108853302,0.6725325963925767,0.0020289855072465057
3068,0.6562209378317962,0.6566623534051628,0.0004414155733665215,0.6732444519963539,0.6740060593148667,0.0007616073185128247
3069,0.6155140092121675,0.6163276533466469,0.0008136441344793743,0.6215042696564437,0.6220894694807738,0.0005851998243301404
3070,0.6286239086056661,0.6289193801723902,0.0002954715667241592,0.6505818925243889,0.6509100185046889,0.00032812598029996476
3071,0.6384149117907787,0.6376296474328845,-0.0007852643578941665,0.6470686611334644,0.6462249758332576,-0.0008436853002068423
3072,0.6540687825056732,0.6520503739780338,-0.002018408527639459,0.6674891673132011,0.6645906165885634,-0.0028985507246376274
3073,0.6539658572532174,0.6562998739263539,0.0023340166731364853,0.676450288492339,0.6781790669602479,0.0017287784679088647
3074,0.646781886461018,0.6483102481345479,0.0015283616735298766,0.6605497387743765,0.6621735859417018,0.0016238471673253319
3075,0.6657308728423209,0.6669525358049687,0.001221662962647807,0.6782701364605631,0.6798466320473563,0.0015764955867931807
3076,0.6536423341065718,0.6546612760279831,0.001018941921411276,0.6744651483781919,0.6757030710835059,0.0012379227053139763
3077,0.6374755087551205,0.6391881569950385,0.0017126482399180132,0.6465002943226151,0.6478299702403918,0.0013296759177766626
3078,0.6355929930154837,0.6365680187501049,0.000975025734621271,0.6471839900063289,0.6474525620140312,0.0002685720077023612
3079,0.6186515910415903,0.6212923851448008,0.0026407941032104976,0.6358916493092819,0.6388574878185986,0.002965838509316754
3080,0.6501539203901928,0.651879210365066,0.001725289974873201,0.6616943761906873,0.6639080130496331,0.002213636858945822
3081,0.618510929806746,0.6199348902783027,0.0014239604715566845,0.6325434580205398,0.6339737547769235,0.001430296756383731
3082,0.6088224458646174,0.6085716697873635,-0.00025077607725387807,0.6170763012161351,0.6168955640788762,-0.00018073713725885732
3083,0.653737336687959,0.6546864827211475,0.0009491460331885193,0.6620347394953816,0.6637670289450623,0.001732289449680735
3084,0.6237159173443058,0.6273186963411039,0.0036027789967981727,0.6455863021939122,0.6490645630634774,0.003478260869565153
3085,0.6236583235159773,0.6256855877333655,0.0020272642173881916,0.6349574394240356,0.6372804183774494,0.0023229789534138234
3086,0.6850014611542202,0.684366473644451,-0.0006349875097692026,0.6966728028689999,0.6956259664102641,-0.0010468364587358225
3087,0.639115116897489,0.6393246961655688,0.00020957926807974037,0.6517974411947403,0.6515715800993139,-0.00022586109542632737
3088,0.6717399857372578,0.6694810343491726,-0.002258951388085184,0.6784824836998748,0.6760812979291239,-0.002401185770750991
3089,0.6293601385890342,0.6286485348547444,-0.0007116037342898007,0.6410049201332234,0.6404936922306912,-0.0005112279025322186
3090,0.6473121367280443,0.6475940829389278,0.00028194621088351024,0.6606093371905124,0.6605458137574237,-6.35234330886858e-05
3091,0.5995711771428537,0.6016055262598179,0.002034349116964207,0.6140861542022115,0.6166103087915836,0.002524154589372163
3092,0.6403681504393393,0.6410154703053684,0.0006473198660291724,0.6576317470487903,0.6590645256938451,0.0014327786450547553
3093,0.637514107687554,0.6410863640726356,0.003572256385081629,0.6496944721944721,0.6529188444405836,0.0032243722461114954
3094,0.6369393593384889,0.6392288973296125,0.0022895379911236358,0.6469332351759889,0.6492604369597124,0.002327201783723476
3095,0.638937281154651,0.6391320661617691,0.00019478500711811453,0.6445196314842959,0.6444721065454667,-4.752493882920206e-05
3096,0.6564994382179806,0.659365219629624,0.0028657814116433977,0.6609224091988068,0.6632396209725402,0.002317211773733341
3097,0.6423773050276392,0.642878030487826,0.0005007254601867572,0.6521230042969174,0.652405692623084,0.00028268832616662465
3098,0.659756910156374,0.6630814391345495,0.0033245289781754783,0.6679500451239583,0.6710994319689974,0.0031493868450390705
3099,0.6352371598809403,0.6358885698553977,0.0006514099744573398,0.6525644452405015,0.652828420395781,0.00026397515527953885
3100,0.647879287563609,0.6493089158161248,0.0014296282525158022,0.6580686562257154,0.6595260876831468,0.0014574314574313796
3101,0.607890428079531,0.6103409589181777,0.0024505308386467695,0.618001135507614,0.620768875014484,0.002767739506869926
3102,0.6479156531555306,0.645318871396246,-0.002596781759284572,0.6562436597219206,0.6537212304603608,-0.0025224292615597665
3103,0.6442513955729804,0.6479747787200271,0.003723383147046677,0.6576901985128124,0.6602971024784121,0.002606903965599705
3104,0.6358349793360067,0.6381813024608087,0.0023463231248019856,0.643153232521802,0.6456497818661775,0.002496549344375487
3105,0.6483107729840645,0.6542511661412945,0.005940393157230051,0.653515893739679,0.6579839619033993,0.004468068163720251
3106,0.6599722652218609,0.6626372034874408,0.002664938265579897,0.6707652545793179,0.6738473174439895,0.0030820628646716086
3107,0.6211263321171946,0.6225192363366265,0.0013929042194319452,0.6275684504854887,0.6289906997338249,0.001422249248336227
3108,0.653572627804124,0.6557396655778579,0.0021670377737339486,0.6578826563465412,0.6597673537747167,0.0018846974281755413
3109,0.6203686339849043,0.6254405473355087,0.005071913350604418,0.6275319362867011,0.6332592772889782,0.00572734100227712
3110,0.6611901101348762,0.662555797387648,0.0013656872527718633,0.6669349663449042,0.6686184640066627,0.0016834976617584596
3111,0.6306082650413538,0.6296359523451879,-0.0009723126961659334,0.6534713495380408,0.652787190701708,-0.0006841588363327711
3112,0.6324161013903707,0.6357016909853982,0.0032855895950274494,0.6394025057068535,0.6436537134363222,0.004251207729468631
3113,0.658619681190847,0.6581871405542996,-0.00043254063654740715,0.6774734147562508,0.676503515090699,-0.0009698996655518322
3114,0.6399582504337871,0.6383322094192219,-0.0016260410145652049,0.6513888934368114,0.6497412053760799,-0.001647688060731456
3115,0.6284732563020359,0.6309287428830291,0.0024554865809932602,0.6411678498666707,0.6432678875101867,0.0021000376435159618
3116,0.6404212295153693,0.644152820711673,0.0037315911963037296,0.6490720634817319,0.652919653090191,0.003847589608459101
3117,0.6398625235590171,0.6403225896951039,0.0004600661360868452,0.6536037767536047,0.6538846914910412,0.00028091473743652173
3118,0.6290152619362495,0.6308976619316629,0.0018823999954133974,0.6401273002359958,0.6416523331740723,0.001525032938076487
3119,0.6381748451346234,0.6367895127663916,-0.0013853323682317953,0.6429940819633473,0.6413429432469911,-0.0016511387163561375
3120,0.6283466497087358,0.6327548214870052,0.004408171778269465,0.6479835269445023,0.6520435852436911,0.004060058299188762
3121,0.6364193229219761,0.6394090930279153,0.002989770105939149,0.6446670255597955,0.6466804831167313,0.002013457556935827
3122,0.6418867447885405,0.6424545957959586,0.0005678510074181853,0.6531427175125978,0.6534311609532152,0.000288443440617403
3123,0.6490334703993073,0.6512999068927913,0.002266436493484014,0.6597649896268344,0.6615911706921459,0.0018261810653115162
3124,0.6178331453219726,0.6167858277227155,-0.001047317599257136,0.633990784987345,0.6329646372220666,-0.001026147765278318
3125,0.6217550194907886,0.6234873557727925,0.0017323362820038657,0.6402884553957178,0.6410328836017829,0.0007444282060651286
3126,0.6290314254644855,0.6291937986261821,0.00016237316169653848,0.639961999824142,0.6402643544743227,0.00030235465018069174
3127,0.6436850066317257,0.6427379270114103,-0.000947079620315372,0.6655501643588803,0.6642204994230773,-0.0013296649358029988
3128,0.6394524752493252,0.6403150523633225,0.0008625771139972871,0.659454563875032,0.6601653989336932,0.0007108350586612078
3129,0.6195260712362923,0.6243535430235648,0.004827471787272497,0.6373786784031124,0.6414884092519736,0.004109730848861237
3130,0.6626415675195081,0.6646516621594848,0.0020100946399767006,0.6713695366157003,0.6738453820263284,0.0024758454106280636
3131,0.6290116180809333,0.6287363846686721,-0.000275233412261211,0.6353493979008418,0.6342694995383347,-0.0010798983625071035
3132,0.6200075040868526,0.6195708416982092,-0.0004366623886433718,0.6270336940898867,0.6267889147146726,-0.0002447793752141658
3133,0.615321905887468,0.6168215658693239,0.001499659981855861,0.6267155151937761,0.6282457241152893,0.001530208921513232
3134,0.6354477462412902,0.6358009731421582,0.0003532269008680311,0.653000465851971,0.6535611973909633,0.0005607315389922762
3135,0.6383362664457192,0.6381909010979968,-0.00014536534772235932,0.6450543821104517,0.6451087299365388,5.434782608704225e-05
3136,0.6067448258320488,0.6089252614183064,0.0021804355862575786,0.6157883066440746,0.6179427102115216,0.0021544035674470052
3137,0.6187810062992721,0.6197545581744318,0.0009735518751596839,0.6311227060197048,0.6314916607364855,0.0003689547167807783
3138,0.6518753915242361,0.6544668194077939,0.0025914278835578175,0.6584559482136464,0.6612688599396016,0.002812911725955214
3139,0.6422025599307494,0.6439089508516975,0.0017063909209481531,0.6548045097682779,0.6568039595938145,0.001999449825536681
3140,0.6466767552936767,0.6476252844623785,0.000948529168701806,0.663181453139198,0.6640545612757333,0.0008731081365352944
3141,0.614081332888864,0.6149655486489223,0.0008842157600582601,0.630515933296719,0.6313265719334445,0.0008106386367255913
3142,0.6352429243684992,0.6347647161511987,-0.0004782082173004909,0.6477822356598936,0.6469474906947138,-0.0008347449651797678
3143,0.6432595674056747,0.6439330266660627,0.0006734592603879763,0.6643577437055698,0.6651341412210976,0.0007763975155278269
3144,0.6212589520709708,0.6219714997286784,0.0007125476577075629,0.6406898769665181,0.641303369753924,0.000613492787405856
3145,0.6189981514496099,0.6200432626905069,0.001045111240897012,0.6314563458305223,0.6325841793496602,0.0011278335191378108
3146,0.6033007656481341,0.6061363588819885,0.0028355932338544054,0.6206462847916547,0.6229688897229555,0.0023226049313007646
3147,0.621475968519271,0.6258179376833091,0.004341969164038062,0.6348037706021803,0.6394819462202536,0.004678175618073266
3148,0.6323688832920474,0.6313121960332395,-0.0010566872588079201,0.6362057536098458,0.6348047874262709,-0.001400966183574881
3149,0.6425182418607787,0.6432565151218516,0.000738273261072897,0.6582692731921345,0.6595977756075934,0.0013285024154588987
3150,0.6519522799961528,0.6520661065218001,0.00011382652564728701,0.6761069088865863,0.6769323877555437,0.0008254788689573411
3151,0.6304105522824158,0.6378372393751419,0.007426687092726092,0.6421238672765516,0.649708299042569,0.007584431766017419
3152,0.6423079735282687,0.6458342490075729,0.003526275479304175,0.6432843103055528,0.6469437305954079,0.0036594202898551087
3153,0.6245962480713013,0.6246567945653138,6.0546494012436725e-05,0.6303651505474859,0.6301111050760492,-0.00025404547143670353
3154,0.6569428400358244,0.656224037168727,-0.0007188028670973567,0.6721212038486393,0.6713142813025863,-0.0008069225460529683
3155,0.6200356370008434,0.621123065097304,0.0010874280964605632,0.6353179792989485,0.636621055830858,0.0013030765319095305
3156,0.6219735161567024,0.6229298990713765,0.0009563829146741476,0.6402180734789431,0.6413952779170171,0.0011772044380740088
3157,0.6294669811100226,0.628802478173288,-0.00066450293673459,0.6416523202670825,0.6406734440708151,-0.0009788761962674641
3158,0.6435539050921952,0.6457496277449711,0.0021957226527759,0.6488765964279295,0.6507498318881214,0.0018732354601919132
3159,0.6292329282766935,0.629246502757291,1.357448059746691e-05,0.6379434575086751,0.6377881780055693,-0.00015527950310578742
3160,0.6551361943511502,0.6555231247380215,0.0003869303868713203,0.6678430403196058,0.6675847720178594,-0.0002582683017464671
3161,0.6452197448454496,0.6451507774941713,-6.896735127837061e-05,0.6578900412876577,0.6573674238085185,-0.0005226174791391758
3162,0.6331619133554424,0.6327042432576807,-0.00045767009776165324,0.6459175365697104,0.6454012533360359,-0.0005162832336744749
3163,0.6694317681540236,0.6714536135058914,0.0020218453518677793,0.6803674856025368,0.6828554083078509,0.0024879227053140607
3164,0.6601517609040822,0.6577528732610574,-0.002398887643024872,0.6756748218703389,0.6735404345185603,-0.0021343873517786216
3165,0.6513890827499703,0.6514122940076623,2.321125769200183e-05,0.6652843290476664,0.6651672721914792,-0.00011705685618723649
3166,0.6284764633005266,0.6323647916069334,0.0038883283064067298,0.6342377415139564,0.6377863668017121,0.00354862528775568
3167,0.6298369519992119,0.6299740902427555,0.00013713824354366633,0.6432131256497503,0.643628588277489,0.00041546262773872744
3168,0.6300452074791049,0.630880034622799,0.0008348271436940946,0.635482873059796,0.6361471242675255,0.0006642512077295049
3169,0.6259594328053437,0.6264513913780121,0.0004919585726683717,0.6423417146521022,0.6433819304749266,0.0010402158228244307
3170,0.6517929344927571,0.6525092098332206,0.0007162753404634792,0.6651754206107289,0.6654497477328821,0.0002743271221532506
3171,0.653453746604767,0.6543273198908492,0.0008735732860822853,0.6616897638830522,0.6626299106927642,0.0009401468097119947
3172,0.647262778335936,0.6439541350416421,-0.0033086432942939226,0.6510054412558076,0.6481312924577457,-0.002874148798061915
3173,0.6561950976976931,0.6598023016623744,0.0036072039646812826,0.6627702211266403,0.6663999971477207,0.0036297760210803887
3174,0.6306866934175296,0.6313688194681124,0.0006821260505828208,0.6419087095527768,0.6429012804941968,0.0009925709414200234
3175,0.6367093376229329,0.6375889746603404,0.0008796370374074547,0.6490085557200517,0.6499402327386852,0.0009316770186335033
3176,0.6178545223709414,0.6207117083449208,0.002857185973979437,0.6272292806764107,0.6307839687419683,0.0035546880655575874
3177,0.6197871997377336,0.6217142584978792,0.0019270587601456501,0.6443116470216487,0.6458954979533257,0.001583850931677011
3178,0.6308421436541619,0.6307742937884712,-6.784986569075002e-05,0.6378274666540181,0.6376693638872196,-0.00015810276679850688
3179,0.6353497873093908,0.63290453365744,-0.0024452536519508072,0.645639687117049,0.6430705171565746,-0.0025691699604744045
3180,0.6466531958179328,0.6463336445181421,-0.00031955129979066577,0.6542122732340124,0.6536962433701564,-0.0005160298638560157
3181,0.6504715025126552,0.6525696102820859,0.002098107769430757,0.6574255213385649,0.6593806917719962,0.001955170433431297
3182,0.6620554072236918,0.6596212728994408,-0.0024341343242509916,0.6683874072546724,0.6655114426395773,-0.0028759646150950946
3183,0.6153667086837968,0.6149192952444427,-0.00044741343935417177,0.6383880632948243,0.6378264690919258,-0.0005615942028985854
3184,0.6069404407763578,0.6077733676879638,0.000832926911605969,0.6173771610291681,0.6182164080992336,0.0008392470700655519
3185,0.6470205769300144,0.6486596395434079,0.001639062613393527,0.6653197784323844,0.6673086520197237,0.001988873587339235
3186,0.6383165507354349,0.6389617199267028,0.0006451691912678914,0.6513799136205326,0.651303733761744,-7.617985878860534e-05
3187,0.6174371558173892,0.6170330157843531,-0.00040414003303612667,0.6275211744776962,0.6267760982978373,-0.0007450761798588612
3188,0.6480321421927062,0.6483864266927775,0.0003542845000712447,0.652908576930316,0.6529410927237014,3.251579338536814e-05
3189,0.6195249821305788,0.621994171246759,0.002469189116180215,0.64339795754118,0.6460200998915832,0.002622142350403145
3190,0.656583613127107,0.6590628633006791,0.0024792501735720895,0.6639411725200326,0.6666223319403226,0.0026811594202900135
3191,0.6375002434518444,0.6402595746074589,0.0027593311556144418,0.6574310014355575,0.6600577708014574,0.0026267693658998947
3192,0.6483221410856413,0.6520622318957067,0.003740090810065322,0.6635193799212566,0.6677909778885068,0.004271597967250185
3193,0.6203060489383665,0.6208681469364499,0.0005620979980833773,0.6317526142701737,0.6323888379498757,0.0006362236797019527
3194,0.6328404620777957,0.6346458530147384,0.0018053909369427634,0.6415015913225802,0.6428973815227184,0.0013957902001381362
3195,0.6556039559398085,0.6550462279247422,-0.0005577280150662611,0.668144320897682,0.6670421621868275,-0.0011021587108545061
3196,0.656755158587817,0.6563196954587769,-0.0004354631290400812,0.6710808919387814,0.6707442635203116,-0.00033662841846981983
3197,0.647031839678843,0.6475142399353604,0.00048240025651735685,0.6533683907595293,0.6540084873778869,0.0006400966183575107
3198,0.6326449422993846,0.6329193578496107,0.00027441555022611475,0.6449714408080098,0.6444050421597698,-0.0005663986482400407
3199,0.629161561291414,0.629882570822582,0.0007210095311680487,0.6343497397664064,0.6343723258759489,2.2586109542532817e-05
3200,0.650331773836982,0.6519423612157981,0.0016105873788160308,0.6588905306513706,0.6606746764572555,0.001784145805884929
3201,0.626694219116285,0.6259943680130284,-0.0006998511032565435,0.6330267311739644,0.6324071816413713,-0.0006195495325930223
3202,0.6466352891390436,0.6487742177831686,0.0021389286441250155,0.6561172659100404,0.6581809630824331,0.002063697172392742
3203,0.626709441116323,0.622419485880254,-0.00428995523606901,0.6400955999821784,0.6361287576457709,-0.003966842336407428
3204,0.63319934027501,0.6329526658681301,-0.0002466744068798654,0.6483823837605552,0.6479576876836852,-0.00042469607687001254
3205,0.6571740161480605,0.6591905905163058,0.0020165743682453163,0.6673356621530779,0.6698652581609348,0.002529596007856849
3206,0.6282799659953084,0.6287649341645161,0.0004849681692076224,0.6431771248075596,0.6426523597175772,-0.0005247650899824485
3207,0.6507463406478026,0.6502328139097157,-0.0005135267380869113,0.6588104829952656,0.6603382607730434,0.0015277777777777946
3208,0.6645961138987128,0.6684814571513013,0.0038853432525884912,0.6825581215622024,0.6865436288085792,0.003985507246376807
3209,0.6443612546802466,0.6469227113658033,0.002561456685556629,0.6508952946125869,0.6532688148121941,0.0023735201996072375
3210,0.6103414968614712,0.6113936165630505,0.0010521197015792572,0.6195094323834733,0.620520160785506,0.0010107284020326457
3211,0.650462768924052,0.6527934164726692,0.0023306475486172262,0.6649209593676787,0.6673613571341636,0.0024403977664848586
3212,0.6387713026880583,0.6404121542566711,0.0016408515686128222,0.6491563432753366,0.6511577235375864,0.00200138026224983
3213,0.6225176107842355,0.6229674582990264,0.0004498475147909353,0.6410282251139029,0.6412148742135956,0.00018664909969268173
3214,0.6432101811334272,0.6439633132304217,0.0007531320969944577,0.6616971430970208,0.6618009523312649,0.00010380923424413435
3215,0.6396970721122764,0.6393842912704762,-0.0003127808418001976,0.6525381938204002,0.6516514910091451,-0.0008867028112551356
3216,0.6229331860899603,0.6241941437832026,0.0012609576932423039,0.6449149513766805,0.6451867568658775,0.00027180548919691905
3217,0.6230539884656237,0.6252389161108683,0.002184927645244694,0.6345963709809197,0.6369842246731211,0.0023878536922014026
3218,0.6452096967863303,0.6448221195794555,-0.0003875772068748784,0.6497470403992143,0.6493712326321023,-0.0003758077671119908
3219,0.6358701431578521,0.6343812602538565,-0.0014888829039955143,0.6562123147304668,0.6545214934744283,-0.0016908212560384772
3220,0.646974011880897,0.6488907328419192,0.0019167209610222447,0.6506687047869102,0.6530358545453642,0.002367149758453979
3221,0.6563060609940133,0.6570254607980442,0.0007193998040309069,0.6623979090869769,0.6631288810136011,0.000730971926624191
3222,0.6642223061751605,0.6651264941966565,0.0009041880214959441,0.6744623383963902,0.6758968821135428,0.00143454371715257
3223,0.633626780430476,0.6316805560824411,-0.0019462243480349306,0.646602026490134,0.6442442996758855,-0.0023577268142485064
3224,0.6650491473359245,0.6643879628485463,-0.0006611844873781747,0.6719088561957642,0.6716190011233004,-0.00028985507246381825
3225,0.6420006844043319,0.641804640198906,-0.00019604420542584933,0.6553220865620379,0.6554402051584175,0.00011811859637955724
3226,0.6478071092090362,0.6487664485182801,0.0009593393092439673,0.6636802650829634,0.6638948608026743,0.0002145957197109416
3227,0.6430159385623908,0.644771625646262,0.0017556870838711935,0.6523429162153362,0.654211603084023,0.0018686868686867975
3228,0.6366966883873736,0.6375577608186683,0.0008610724312947404,0.6507642294105576,0.6512665971763524,0.00050236776579482
3229,0.6198779904059575,0.6227507090927364,0.0028727186867789634,0.6408718728435961,0.6441675807588692,0.003295707915273005
3230,0.6380910582226401,0.6389178710999339,0.0008268128772938033,0.6507024357772264,0.6510406000284341,0.00033816425120769544
3231,0.6234322628332852,0.6234642172956678,3.1954462382577375e-05,0.6385749121766079,0.6388984111414113,0.000323498964803437
3232,0.6489316677661655,0.6500461945159663,0.001114526749800837,0.6549563706644161,0.6555119262199718,0.0005555555555556424
3233,0.6293250436813793,0.6324699697143426,0.0031449260329632356,0.6368823046182704,0.6400380860349214,0.00315578141665096
3234,0.666877308346589,0.6695064209586745,0.002629112612085538,0.673842550239443,0.6757593894388908,0.0019168391994478506
3235,0.6423485723417248,0.6431355010615176,0.000786928719792801,0.6680109706069233,0.669174505140023,0.0011635345330996971
3236,0.6296744741003089,0.6300610808959066,0.0003866067955977659,0.6322195429191326,0.6326620756634557,0.0004425327443230431
3237,0.6328830722385613,0.6331605265710182,0.00027745433245685014,0.6512588092429852,0.6509256641272314,-0.0003331451157537746
3238,0.6473399163042212,0.6518033374760585,0.00446342117183729,0.6680916156299525,0.6707947820287711,0.002703166398818624
3239,0.6517806151017075,0.6522450771818677,0.00046446208016026613,0.6604115296454163,0.6611116990412379,0.000700169395821626
3240,0.6503997039741226,0.6504909720283891,9.126805426651341e-05,0.6513517851300015,0.6513004958395818,-5.12892904196427e-05
3241,0.6407663867148549,0.6416563200269311,0.0008899333120762076,0.6529429063828041,0.6535319067544131,0.0005890003716090275
3242,0.6483017456720703,0.6485921220007527,0.0002903763286823402,0.6552019554022486,0.6559046343657969,0.0007026789635483643
3243,0.6209532862734992,0.6216598654157689,0.000706579142269681,0.6400222311863997,0.6414417054319607,0.0014194742455609921
3244,0.6504061713934804,0.6512874045994369,0.0008812332059564554,0.6550690325222027,0.6551188015937108,4.976907150811005e-05
3245,0.6364397019014639,0.6356437086788099,-0.0007959932226540012,0.650733588176735,0.6493199957305339,-0.0014135924462010951
3246,0.6494713042143369,0.6477019778836023,-0.0017693263307345664,0.6556291059040419,0.6542334171937753,-0.0013956887102666293
3247,0.6527219585584763,0.6557074214846449,0.002985462926168636,0.6542866726912184,0.6571573527358116,0.0028706800445931213
3248,0.644530039298149,0.645626533224171,0.0010964939260219575,0.6531000807658611,0.6535485091490723,0.0004484283832111302
3249,0.6332401166708982,0.6328058139295654,-0.000434302741332826,0.6555248295576568,0.6545661015848623,-0.0009587279727945042
3250,0.658124069685329,0.6559246243200644,-0.0021994453652646184,0.6657979833657836,0.6637821730891037,-0.0020158102766798525
3251,0.6251915132286876,0.6252692628044894,7.774957580175546e-05,0.6410763604264992,0.642179508486169,0.0011031480596698229
3252,0.6533638522805897,0.6527512916319265,-0.0006125606486632185,0.674692110130005,0.6738866474767162,-0.0008054626532887355
3253,0.6760374600539636,0.6763021330360502,0.00026467298208665557,0.6886147317081857,0.6887314748684069,0.00011674316022125542
3254,0.6320225287801686,0.6320530840154339,3.055523526529491e-05,0.6455611084415432,0.6456332585136932,7.215007215000124e-05
3255,0.6518337726949207,0.6524220991706103,0.0005883264756896267,0.6602692510531646,0.6608255305224874,0.0005562794693227957
3256,0.6517891972122489,0.6523915127072307,0.0006023154949817977,0.6614804191667545,0.662084283901054,0.0006038647342995196
3257,0.6152368659866851,0.6159031755657761,0.0006663095790909734,0.6265765850548459,0.6269026720113677,0.0003260869565218094
3258,0.671107410569865,0.6713554837517349,0.00024807318186992333,0.6779648356167673,0.6777534829597626,-0.0002113526570047819
3259,0.6626597085815291,0.6647250937481597,0.0020653851666305734,0.6688249225511557,0.6711375222321764,0.0023125996810207106
3260,0.62893406544575,0.6294526458178032,0.0005185803720532123,0.6405259240217456,0.64082042420755,0.00029450018580445825
3261,0.6675415948511737,0.6698575421201929,0.0023159472690191807,0.6724139566794559,0.6747241706201048,0.0023102139406488975
3262,0.6482567630663038,0.6461835793444445,-0.002073183721859273,0.6675440102255432,0.6659949312851599,-0.0015490789403833638
3263,0.6393490223377616,0.6402402449163915,0.0008912225786299466,0.6456535108074964,0.646198762657096,0.0005452518495995262
3264,0.6576607807733675,0.6587565521580451,0.0010957713846775352,0.6709853995986181,0.672424636690029,0.0014392370914109165
3265,0.643288123670882,0.6443416447481833,0.0010535210773013892,0.6544186113687392,0.6553805323690234,0.0009619210002841383
3266,0.6332356084212448,0.6352219682371194,0.001986359815874583,0.6397469973163613,0.6422282841454742,0.002481286829112861
3267,0.6396685434350886,0.6412243874903258,0.0015558440552372321,0.6442212275852924,0.6458186995260137,0.00159747194072124
3268,0.6462043884122161,0.6459396725687584,-0.0002647158434576635,0.6550380646043582,0.6549836262890503,-5.4438315307936413e-05
3269,0.6262812880712335,0.6287027167132074,0.0024214286419739217,0.6566531094564072,0.6599063140523228,0.003253204595915604
3270,0.648128018069919,0.6503169175612636,0.002188899491344598,0.6609885345118832,0.6630919745501058,0.0021034400382226037
3271,0.6442695861506433,0.6450129309304596,0.0007433447798163018,0.6502019312505246,0.6506850230379643,0.0004830917874396601
3272,0.6545381283563909,0.6536666116392046,-0.000871516717186327,0.6643691481862838,0.6636412003739369,-0.000727947812346863
3273,0.6527331159194704,0.6526398848580017,-9.323106146863491e-05,0.6641781074130414,0.6640169642084199,-0.00016114320462146114
3274,0.6133469900679215,0.6125498664576279,-0.0007971236102936041,0.6398201732859881,0.639340532154173,-0.0004796411318150895
3275,0.6201836277921582,0.6198270562934988,-0.0003565714986594193,0.6263065890239803,0.6260709550926943,-0.00023563393128600563
3276,0.6282219493194211,0.6316248130895541,0.003402863770132991,0.6375352999952604,0.641798585019415,0.004263285024154628
3277,0.6585795003445132,0.6592036642650602,0.0006241639205469829,0.6707176096479912,0.6714473147255223,0.0007297050775311176
3278,0.6603035754334975,0.6612949440386537,0.000991368605156251,0.668286720341805,0.6688720046227414,0.0005852842809364045
3279,0.6037521071332249,0.6039163198372538,0.00016421270402888766,0.6245112532634056,0.6241756770039163,-0.000335576259489323
3280,0.6516883765242689,0.6518099380922461,0.00012156156797715756,0.6594803809328205,0.6600420656249399,0.0005616846921194796
3281,0.610863428104082,0.6114623122967285,0.0005988841926465316,0.6345583871500325,0.6351431646913318,0.000584777541299264
3282,0.6521269764392921,0.6541766526787091,0.0020496762394169865,0.6720887679746145,0.674045289713745,0.0019565217391305234
3283,0.6242699172314675,0.6247516180835055,0.00048170085203802504,0.6343073212756576,0.6354063550920828,0.0010990338164251767
3284,0.6378489527205151,0.6353107592637689,-0.0025381934567462183,0.6407421549422874,0.6379388712694385,-0.0028032836728488775
3285,0.6338398610086551,0.6371075856232443,0.0032677246145892402,0.641372372707814,0.6450799453284299,0.00370757262061594
3286,0.6681601921206822,0.668763675747274,0.0006034836265917942,0.6706456096191817,0.6711287014066214,0.0004830917874396601
3287,0.6426037566473455,0.6419725594691976,-0.0006311971781478576,0.652874194152019,0.6524256089208249,-0.00044858523119406524
3288,0.6337787686588812,0.6362454338365154,0.002466665177634275,0.6403816624319839,0.6439412635299482,0.003559601097964271
3289,0.6503042779956918,0.6496977929917778,-0.0006064850039140257,0.6626992062746357,0.6628416242431407,0.0001424179685050042
3290,0.6157819188161778,0.617791100652992,0.0020091818368142,0.6252582713415495,0.6272070291055247,0.001948757763975184
3291,0.6340047470936089,0.6315115170983453,-0.0024932299952635795,0.6445698818529864,0.6418473145652017,-0.0027225672877846385
3292,0.6678678202963804,0.6697584302178204,0.0018906099214400784,0.6767081397549253,0.6783782570772164,0.0016701173222911647
3293,0.631650904556086,0.6349911715961494,0.003340267040063405,0.6412290242680356,0.6441275749926733,0.0028985507246376274
3294,0.6433243768245528,0.6450727134795587,0.0017483366550059554,0.6582913903374262,0.6603359037949832,0.0020445134575569623
3295,0.6466446421578277,0.6472345121464042,0.0005898699885764636,0.6656526836894215,0.6670360828989077,0.001383399209486158
3296,0.6440203333046312,0.64714747323902,0.003127139934388845,0.6565542680262757,0.6594528187509133,0.0028985507246376274
3297,0.6403869578990298,0.6443661707393148,0.003979212840285018,0.6438506179810528,0.6481262939958592,0.004275676014806384
3298,0.6261936931382216,0.6288140021159246,0.0026203089777030453,0.6369083095259297,0.6394114791326798,0.002503169606750122
3299,0.6246505280577421,0.6279238124074356,0.0032732843496934283,0.6396204463340013,0.6432304595092319,0.0036100131752305753
3300,0.639766121546381,0.6419718171051736,0.0022056955587925753,0.6457222870387102,0.6475788320282474,0.0018565449895372454
3301,0.619173322157365,0.619268625029752,9.530287238701529e-05,0.6354628700940339,0.6354628700940339,0.0
3302,0.6121236229988319,0.6133349051958986,0.0012112821970666765,0.6294404017084346,0.6304817757932871,0.0010413740848524977
3303,0.6319030728448308,0.6340256569918894,0.0021225841470585705,0.64926907437777,0.6515206271728011,0.0022515527950310865
3304,0.6360692812345333,0.636729686470936,0.0006604052364026503,0.6481482878051505,0.6489728376514396,0.0008245498462891021
3305,0.6297032826425258,0.632849815530901,0.0031465328883751864,0.6376703917856055,0.6408760508608298,0.0032056590752242986
3306,0.6190128661667414,0.6198198465535458,0.000806980386804379,0.6250406087949557,0.6264255764842712,0.0013849676893155083
3307,0.6522243842311147,0.6516444713862432,-0.0005799128448715773,0.6622426645864804,0.6615121451059611,-0.0007305194805192761
3308,0.6282918280380632,0.6264031394347794,-0.001888688603283728,0.6502434653042857,0.6484849339805369,-0.0017585313237488132
3309,0.6236779907925056,0.623241364554322,-0.000436626238183635,0.63695922509876,0.6363641438515049,-0.0005950812472551581
3310,0.6233074214548014,0.6227081474260384,-0.0005992740287630305,0.6468507043271196,0.6463322433195281,-0.0005184610075914531
3311,0.6302237324690436,0.6304169656354063,0.00019323316636266075,0.6432372652566544,0.6436182248767444,0.0003809596200899934
3312,0.6405425654374626,0.6381910692491235,-0.002351496188339075,0.657561591024933,0.6553756006867687,-0.0021859903381642454
3313,0.6317176805000383,0.6362146348579859,0.0044969543579476134,0.6393347158728566,0.6432802751445028,0.003945559271646193
3314,0.6266727371566831,0.6284087178879009,0.0017359807312177233,0.6487473352902124,0.6506724874327559,0.001925152142543407
3315,0.6443507950675903,0.6453354765222775,0.0009846814546872196,0.665885823114084,0.6679027313266443,0.0020169082125603977
3316,0.6345253919001674,0.6334662764464458,-0.0010591154537216152,0.644913856274935,0.6438191865229763,-0.00109466975195871
3317,0.6591890917457535,0.6572974595036383,-0.0018916322421151932,0.6712190121557002,0.6693280528734367,-0.0018909592822635712
3318,0.639621785742584,0.6395134880010498,-0.00010829774153420235,0.6635800347924095,0.6631314495612155,-0.0004485852311939542
3319,0.6304461452780654,0.6318900958078209,0.0014439505297554334,0.648858968958899,0.6492454423888507,0.00038647342995168366
3320,0.646950693590313,0.6495215005766868,0.002570806986373797,0.6552172465215942,0.6575015805450587,0.002284334023464507
3321,0.6353048214787769,0.6355621499193324,0.0002573284405554821,0.6462692397980956,0.6461539565306385,-0.00011528326745713358
3322,0.6714731915166269,0.6723181704893058,0.0008449789726788781,0.6802386252173203,0.6809821811782674,0.0007435559609471065
3323,0.6567836159489918,0.6573453657174262,0.000561749768434372,0.6756575073794754,0.6758316086405332,0.00017410126105776857
3324,0.659513828201631,0.659123614306542,-0.0003902138950889755,0.6714256160519497,0.671039142621998,-0.00038647342995168366
3325,0.6196680450506682,0.6198930069491508,0.00022496189848264514,0.6316707962588424,0.6310663825566025,-0.0006044137022398477
3326,0.6527689596018035,0.6537778495778674,0.0010088899760639647,0.6691367900563766,0.669612980532567,0.0004761904761904079
3327,0.6004380271363547,0.6011564864976944,0.0007184593613396295,0.6232238223272999,0.6246688947314516,0.0014450724041517038
3328,0.6365288742702896,0.6376327470707333,0.0011038728004436615,0.6456508983148236,0.6466138966691263,0.000962998354302691
3329,0.6329627619260283,0.6327660959356564,-0.00019666599037193588,0.6386945096574008,0.6382864032710336,-0.0004081063863672352
3330,0.6232590993969132,0.6236451245819824,0.00038602518506924977,0.6348726329871401,0.6349904861484714,0.00011785316133128276
3331,0.6243906326634104,0.6257194034464852,0.0013287707830748063,0.6310085659252082,0.6329653530993866,0.001956787174178465
3332,0.6330300474257128,0.6355567684102652,0.002526720984552422,0.6438135918720627,0.6460859933835945,0.002272401511531852
3333,0.6397735378585158,0.638797996042694,-0.0009755418158217122,0.6499598297457085,0.6485312583171371,-0.0014285714285714457
3334,0.686995627879436,0.6892137169981739,0.002218089118737887,0.6939365300790729,0.6965819281592536,0.0026453980801807164
3335,0.6307029998822259,0.6319191422828523,0.0012161424006263966,0.6369586365837481,0.6389584483661686,0.0019998117824204797
3336,0.6366447585380917,0.6386928405417928,0.0020480820037011016,0.6505601889585265,0.6524087254745823,0.0018485365160557654
3337,0.6504461890601799,0.6516851844903097,0.0012389954301297301,0.6617244499440689,0.6629869917500889,0.0012625418060200344
3338,0.6268566845863206,0.6269967561118163,0.00014007152549566637,0.645810651012047,0.6453589288211944,-0.00045172219085265475
3339,0.6464444494758737,0.6486429861011642,0.0021985366252905703,0.6571993325971147,0.6589058869123646,0.0017065543152499085
3340,0.6276632134976758,0.6252424697237341,-0.002420743773941747,0.6312063766654087,0.628486632641317,-0.002719744024091697
3341,0.6728488960452378,0.674477651075027,0.0016287550297892084,0.6813970431115868,0.6821483449498451,0.0007513018382583336
3342,0.6253844287247107,0.6266590073317314,0.0012745786070207377,0.6334662671509202,0.6350016520558703,0.0015353849049500878
3343,0.6382392593893759,0.6372832022769653,-0.0009560571124105355,0.6519575653072055,0.6509913817323263,-0.0009661835748792091
3344,0.6354170682166066,0.6383613218931716,0.002944253676565034,0.6519856061201686,0.6549488566377669,0.0029632505175982704
3345,0.6112820930496353,0.6110178274464675,-0.00026426560316783476,0.6307590743137482,0.6304626316260012,-0.00029644268774697835
3346,0.6220556921379601,0.6226307116874046,0.0005750195494444998,0.6493392356435833,0.6499427082579255,0.0006034726143422375
3347,0.6408333338965757,0.6408900511335464,5.671723697064923e-05,0.6500407529051438,0.6505376473150817,0.0004968944099378314
3348,0.6488019124466983,0.6531048118019558,0.004302899355257517,0.6580544981087186,0.6624385560797331,0.004384057971014488
3349,0.612994303571256,0.6146167323736187,0.001622428802362741,0.6312509807962476,0.6334423039658318,0.0021913231695841473
3350,0.6253680212159424,0.6278240395291375,0.0024560183131950852,0.6349688162881757,0.637562140838022,0.0025933245498462876
3351,0.6336522256936956,0.6337435318580601,9.130616436447969e-05,0.6464877920198286,0.6466704113328828,0.00018261931305418866
3352,0.6354595588652446,0.6342834908373637,-0.0011760680278809499,0.6476393163090459,0.6464833165117418,-0.0011559997973040748
3353,0.6226149949229423,0.6249302186229287,0.0023152236999864906,0.6287176901058144,0.6304930524246548,0.0017753623188404566
3354,0.6484731404049705,0.6503910167864223,0.0019178763814517996,0.657837048384633,0.6603732802686909,0.002536231884057938
3355,0.6324782896862771,0.6321455454782648,-0.0003327442080122145,0.6478144784314861,0.6473388188253916,-0.00047565960609452507
3356,0.6355676350387691,0.6343337843808066,-0.0012338506579625541,0.6467759182636648,0.6458442412450313,-0.0009316770186335033
3357,0.6430479316134969,0.6451552996948275,0.0021073680813306073,0.6565585470650226,0.6591445480205887,0.002586000955566159
3358,0.6444835246047657,0.6467953229484603,0.00231179834369466,0.6607078957558497,0.662644908018949,0.0019370122630993913
3359,0.6378221980692126,0.6425682301886522,0.0047460321194395805,0.6451935929941045,0.6497542979895922,0.004560704995487663
3360,0.6122143821980539,0.6160218651829411,0.0038074829848872005,0.6320537697999858,0.6348806530616518,0.0028268832616659134
3361,0.6518732620304766,0.6517170278232587,-0.00015623420721788683,0.6665399688218088,0.6658310159389429,-0.0007089528828658764
3362,0.6702704324343604,0.6684674549832177,-0.0018029774511426622,0.6765592166158002,0.6741920668573461,-0.00236714975845409
3363,0.644628188921568,0.6439331325803447,-0.0006950563412233546,0.6549351003043352,0.65395683943477,-0.0009782608695652062
3364,0.6227634546217847,0.627056116046993,0.004292661425208233,0.6345223239268608,0.638706714415599,0.004184390488738199
3365,0.6523781668004593,0.6521234506168306,-0.0002547161836287115,0.6595446937877325,0.6591461430630947,-0.00039855072463779173
3366,0.6485869240921582,0.65154010156785,0.002953177475691793,0.6568874764617193,0.6597003881876745,0.002812911725955214
3367,0.6256008381833901,0.6254979483298211,-0.00010288985356898817,0.6438070563937713,0.6438659829744371,5.8926580665752404e-05
3368,0.629078945465812,0.6281209824625207,-0.0009579630032913178,0.6506996027732168,0.6505805551541692,-0.00011904761904757422
3369,0.6061399291206115,0.6055347395127444,-0.0006051896078671515,0.6290619850992707,0.6260936386097571,-0.002968346489513607
3370,0.6666234073919008,0.6682925596209541,0.0016691522290532834,0.6680490050308243,0.6698213993032186,0.0017723942723942843
3371,0.6301843440560174,0.6318893881210659,0.0017050440650484555,0.6437594290629566,0.6456406637702782,0.0018812347073215996
3372,0.648282627071533,0.652159172548323,0.003876545476790061,0.6571676188504307,0.6611531260968078,0.003985507246377029
3373,0.6482355135922743,0.6524550747689924,0.004219561176718178,0.6600293481986846,0.66437231199817,0.0043429637994854
3374,0.6405363652102827,0.6424387362008772,0.0019023709905945374,0.6466757440811605,0.6486671108379735,0.0019913667568129956
3375,0.6433511272981892,0.6426308420797232,-0.0007202852184660102,0.6591696211076414,0.6583000558902501,-0.0008695652173913437
3376,0.62234249171754,0.6216526853752038,-0.0006898063423361744,0.6395720811773908,0.6389403457630467,-0.0006317354143441367
3377,0.6266136833972714,0.6267470402371671,0.00013335683989568192,0.6406475104710275,0.6407032518311166,5.5741360089123226e-05
3378,0.6271879137765254,0.6248245162010556,-0.0023633975754697722,0.638407429929169,0.6361922176052612,-0.002215212323907756
3379,0.6638276599684776,0.6628292382803123,-0.0009984216881653296,0.6685956144178512,0.6675638683861053,-0.0010317460317459393
3380,0.6274193930653638,0.6264277084195552,-0.000991684645808566,0.6492278900791144,0.6485733911253828,-0.0006544989537315971
3381,0.6262399947865,0.6273289379668358,0.0010889431803356997,0.6342430807328506,0.6352745251338603,0.0010314444010096624
3382,0.6314961453822552,0.6314444352349547,-5.171014730043222e-05,0.640985748409022,0.6408379010872618,-0.00014784732176020832
3383,0.6362460730477096,0.637122415851145,0.0008763428034354037,0.6427784850355396,0.6432768695013152,0.0004983844657756586
3384,0.6284347981268444,0.6298510383992496,0.001416240272405167,0.6373638739105052,0.6381578263348924,0.0007939524243871787
3385,0.6426925241780305,0.6425531326124069,-0.00013939156562359223,0.6537729600853697,0.6532778971062914,-0.000495062979078309
3386,0.6466045468457837,0.6475034713326344,0.000898924486850694,0.6554575341550504,0.6566217081453114,0.0011641739902610304
3387,0.650389219655868,0.650545155429633,0.00015593577376493695,0.6640640760205978,0.6640640760205977,-1.1102230246251565e-16
3388,0.6624882335371934,0.6676504062513704,0.00516217271417696,0.6697991897681338,0.6756587167146172,0.0058595269464833954
3389,0.6228497785563889,0.6248222688325563,0.0019724902761674157,0.6304179472295414,0.6320921787950773,0.001674231565535922
3390,0.6441377669732643,0.6492950863615691,0.005157319388304771,0.6594664925673325,0.6651393704141233,0.005672877846790825
3391,0.6058906049722388,0.607852999419936,0.001962394447697191,0.6164745690556539,0.6188984977839302,0.0024239287282763478
3392,0.6386588825249725,0.6366160518664239,-0.0020428306585486,0.6477192614149135,0.6467417063612716,-0.000977555053641943
3393,0.6246085255809569,0.6243894324639933,-0.00021909311696366451,0.6355161511939724,0.6351742708520921,-0.00034188034188031846
3394,0.6575419116952755,0.6587027062764961,0.0011607945812205367,0.6654532354408361,0.665993419894064,0.0005401844532278988
3395,0.6035025470269729,0.605212595155544,0.0017100481285711178,0.6079304672604744,0.6096764990065061,0.0017460317460317176
3396,0.6300604615679535,0.6322002657830076,0.0021398042150541086,0.6426429003266848,0.6443232773523304,0.0016803770256456074
3397,0.6345334848604915,0.6337078638946871,-0.0008256209658044078,0.6464994018156183,0.6453407054395306,-0.0011586963760876756
3398,0.622786568377186,0.6237143499612926,0.0009277815841065573,0.624190708015076,0.6253018191261871,0.0011111111111110628
3399,0.6605215257383902,0.6619093741741353,0.0013878484357451315,0.6720066456635295,0.6734440005791452,0.0014373549156156962
3400,0.6253577697470987,0.6245554503632794,-0.0008023193838192499,0.6349640818119078,0.6339221889221889,-0.0010418928897188984
3401,0.6245826988803501,0.6246515309490881,6.883206873797842e-05,0.63900217845618,0.6397666555250049,0.0007644770688248759
3402,0.6391250170449382,0.6438175640104702,0.004692546965532007,0.6486219173883523,0.6528410869655782,0.004219169577225901
3403,0.5998897198549562,0.6013912532042082,0.00150153334925196,0.6365132131967673,0.6381212048782885,0.0016079916815211481
3404,0.6264413675054642,0.6283152921712885,0.0018739246658242559,0.6426917573481381,0.6437424819858193,0.0010507246376811885
3405,0.6440862022238484,0.6436424571073571,-0.0004437451164912565,0.6565854742238902,0.6570312400014638,0.00044576577757360347
3406,0.6429744147604373,0.6429026451623491,-7.176959808818939e-05,0.6495122845731143,0.649251458442723,-0.00026082613039124514
3407,0.6297126233441181,0.629463023624206,-0.00024959971991211916,0.6433375405498167,0.6429252716592869,-0.00041226889052980997
3408,0.6293507159292329,0.6308465187541868,0.0014958028249539845,0.6371726888564059,0.6384679671785383,0.0012952783221323871
3409,0.615348075858928,0.616409411191157,0.0010613353322289631,0.631247649473827,0.6323341837125352,0.0010865342387081922
3410,0.6353639483522409,0.635011729630982,-0.0003522187212589012,0.6653708624424738,0.6658090957067939,0.00043823326432013143
3411,0.641635451832031,0.6426385001498449,0.0010030483178139482,0.6563452067256417,0.6573988330510069,0.001053626325365209
3412,0.6076366831602986,0.6105397941824359,0.0029031110221372503,0.6285057048214943,0.6313903202061096,0.0028846153846153744
3413,0.6625681928131703,0.6604508001540195,-0.0021173926591507852,0.6671085773297167,0.664967288666689,-0.0021412886630277628
3414,0.6475736494072684,0.6513347250264837,0.0037610756192153483,0.6543075447446904,0.657686207145092,0.003378662400401522
3415,0.6553718019938163,0.6556897201114631,0.00031791811764680933,0.6747283131522261,0.6757704111508459,0.001042097998619762
3416,0.6206508858116638,0.6191069936130904,-0.0015438921985734266,0.6333514377517608,0.6317379606491533,-0.0016134771026075079
3417,0.6111271650189685,0.6083904012346129,-0.0027367637843556114,0.6252015375928419,0.6201707953881866,-0.00503074220465527
3418,0.6436657175486424,0.6443096188955372,0.0006439013468947374,0.6470378896465853,0.6475655262611785,0.0005276366145932077
3419,0.6540441337676832,0.6561107777356788,0.0020666439679956072,0.6610073684823352,0.6622976965117937,0.0012903280294584984
3420,0.6197703464053743,0.6186983640568595,-0.0010719823485147995,0.6474809266248237,0.6463501733201573,-0.0011307533046663876
3421,0.6465364352279562,0.6491026229664877,0.0025661877385314558,0.6513492425448947,0.6542849541762585,0.0029357116313638576
3422,0.6330978903894078,0.6346789588212501,0.0015810684318423585,0.639249621241834,0.6407444187148924,0.0014947974730583624
3423,0.6354348916605224,0.6364922092347682,0.0010573175742458751,0.6429834957009793,0.6438841168189918,0.000900621118012479
3424,0.6495476482839221,0.649246046245296,-0.0003016020386260587,0.664221756244898,0.6632363286290355,-0.0009854276158625108
3425,0.6451561556052695,0.646532948264669,0.001376792659399495,0.6534561052910353,0.6547362985277502,0.0012801932367149105
3426,0.6479554225832154,0.645617868137298,-0.0023375544459173225,0.6569074831600291,0.654477151343508,-0.0024303318165210808
3427,0.6373803081500079,0.6378562382199128,0.00047593006990487297,0.6549874156108172,0.6554452910686926,0.00045787545787545625
3428,0.6562856671172711,0.6549432272370231,-0.0013424398802479587,0.6722551833523839,0.6704207858658124,-0.0018343974865714374
3429,0.6310077558624241,0.6338145557894681,0.0028067999270440236,0.6330233049467582,0.6357463427784917,0.0027230378317335546
3430,0.61363683824941,0.614251269216464,0.0006144309670540471,0.6310560414097462,0.6318363782226918,0.0007803368129455368
3431,0.6534160791460913,0.6514035225927066,-0.0020125565533847256,0.6642121854259536,0.6619736630787356,-0.002238522347217997
3432,0.6292280197085931,0.6305169231153824,0.0012889034067893324,0.635776595956127,0.6365904198134291,0.0008138238573021095
3433,0.6464114595197991,0.6464745866880918,6.312716829270926e-05,0.6693866183266496,0.6695328971685806,0.00014627884193096907
3434,0.6301912400969492,0.6322630696642285,0.0020718295672793596,0.6447228768774803,0.6465511934884056,0.0018283166109253068
3435,0.6439801864028124,0.6445425643638059,0.0005623779609934543,0.6505934614148833,0.6516505202980292,0.0010570588831458894
3436,0.6445504671937506,0.6476903247951078,0.0031398576013571544,0.6562544450285062,0.6589418045572979,0.002687359528791733
3437,0.6549676068413445,0.6553532211533151,0.0003856143119705946,0.6621486783051104,0.6621900861726053,4.140786749495806e-05
3438,0.6393368853880775,0.6398347848057416,0.0004978994176640938,0.6432389789998485,0.6432631335892206,2.415458937210513e-05
3439,0.6082719373974278,0.6092487717277976,0.000976834330369769,0.6184685441379906,0.6197171506039885,0.0012486064659978924
3440,0.6912577874465891,0.6922065681197288,0.0009487806731397486,0.6980924991697206,0.6981097524478435,1.7253278122852933e-05
3441,0.6495625988429776,0.6474436996476047,-0.002118899195372892,0.6557566450786646,0.6537964072488615,-0.0019602378298031464
3442,0.6405592025680871,0.6418206827228091,0.00126148015472205,0.6488973465967703,0.6503261834603898,0.0014288368636194981
3443,0.6407492833149553,0.6455640550952312,0.004814771780275895,0.6494428679211288,0.6541012530142966,0.004658385093167738
3444,0.6677024517369518,0.6681626118955306,0.0004601601585788595,0.6721933531444401,0.6722084105508018,1.505740636176256e-05
3445,0.6288913815141258,0.6294712920583178,0.0005799105441919306,0.6487000197869764,0.6492054322489107,0.0005054124619342515
3446,0.6245023710061157,0.6263750787032712,0.001872707697155529,0.6361735270683703,0.6392504501452934,0.003076923076923088
3447,0.636400118046706,0.6358148805312417,-0.0005852375154643541,0.6473666393473697,0.6467571557647402,-0.0006094835826294664
3448,0.6066825828155271,0.60984409702553,0.0031615142100028804,0.6179294695604373,0.621115052093846,0.003185582533408726
3449,0.6448523798764995,0.646341449590486,0.001489069713986546,0.6502300451629776,0.6518214247978354,0.0015913796348578924
3450,0.6366199372981505,0.6382930233090369,0.0016730860108864487,0.6475919554664472,0.6490584841068889,0.0014665286404417222
3451,0.6532657038766864,0.6561233574801553,0.0028576536034689015,0.6565978319097412,0.6594815424021473,0.0028837104924060997
3452,0.6330843812345982,0.6356904461556699,0.002606064921071738,0.6421710656493265,0.6446905751253577,0.00251950947603119
3453,0.6655221797834636,0.6657189073598073,0.00019672757634370264,0.6748192025365938,0.6747401511531946,-7.905138339914242e-05
3454,0.6266148199096692,0.6278574155867206,0.001242595677051428,0.6338038953799824,0.6341431575670705,0.0003392621870881296
3455,0.6231683267643829,0.6242625603225964,0.0010942335582134755,0.646630930454278,0.6479104480381433,0.0012795175838653527
3456,0.6263563635727419,0.6276404830384243,0.0012841194656824095,0.638483846792222,0.6396915762608211,0.0012077294685990392
3457,0.6459685629487375,0.646011157178419,4.259422968144744e-05,0.6460358239686121,0.646259718431637,0.00022389446302484295
3458,0.6501160541156473,0.6533953068190531,0.0032792527034057883,0.6542879739962842,0.6574992795988943,0.0032113056026100706
3459,0.6235915244714814,0.6251839693857945,0.0015924449143130959,0.6380014433994675,0.6409031956682274,0.002901752268759883
3460,0.6611548416047162,0.6622726814296467,0.0011178398249305221,0.6672176865577487,0.6684955572377932,0.0012778706800444795
3461,0.6567119787854405,0.6570728939402349,0.0003609151547944167,0.6660217077608381,0.6668857832988269,0.0008640755379887288
3462,0.6738096505322406,0.6738051829746701,-4.467557570553282e-06,0.6939979783348263,0.6942120758315324,0.00021409749670608935
3463,0.6568604583149102,0.6583629416046064,0.0015024832896961549,0.6756113807672441,0.6771450928636161,0.0015337120963719864
3464,0.6310392724748519,0.6336597892936702,0.0026205168188182526,0.6538962412488574,0.656818789714884,0.0029225484660266865
3465,0.6675203534889806,0.6656763749579977,-0.0018439785309829482,0.6663857414377263,0.664076408258828,-0.002309333178898365
3466,0.6317905024722559,0.6337655434656992,0.0019750409934433666,0.6444918876399293,0.6461740822569064,0.0016821946169771618
3467,0.6723037117188042,0.6744038458519296,0.0021001341331253753,0.6890338160831605,0.6911570551629211,0.0021232390797606415
3468,0.6510304017379773,0.6512215696916437,0.0001911679536663602,0.6590666178188417,0.6594831095396813,0.00041649172083957353
3469,0.6409739122499868,0.6427269558315796,0.0017530435815927836,0.6553348362502645,0.6574428731409102,0.002108036890645759
3470,0.6165263439981722,0.6163091801827015,-0.00021716381547065566,0.6265603006724568,0.6266862743682245,0.00012597369576772266
3471,0.6233808291911588,0.6241286913639434,0.0007478621727846635,0.6350598605476413,0.6358602558045583,0.000800395256916997
3472,0.6477250045374978,0.6492738420118439,0.0015488374743460875,0.6568689487037477,0.6587943059551918,0.0019253572514441597
3473,0.6425185156698013,0.6421740978045394,-0.00034441786526195894,0.653324502719017,0.6530609981076863,-0.0002635046113307338
3474,0.6336444200460892,0.636491001743403,0.002846581697313777,0.6451013503165892,0.6476968707381966,0.002595520421607378
3475,0.6458180139524152,0.6465215245956034,0.0007035106431881877,0.6532152402868515,0.6542500707590222,0.001034830472170678
3476,0.6575711565950032,0.6589340871409837,0.0013629305459804675,0.6617994317045334,0.66320723887321,0.0014078071686766114
3477,0.6392367733867095,0.641063396027013,0.0018266226403035324,0.6504752092791429,0.6518589704455129,0.0013837611663699567
3478,0.6498605183845243,0.6468972603199752,-0.0029632580645491124,0.6620512306120557,0.6592805571252697,-0.002770673486786057
3479,0.6315383728936835,0.6324284635348544,0.0008900906411708487,0.6454157701751161,0.646241966925226,0.0008261967501098644
3480,0.6185329275506153,0.6183735173723541,-0.00015941017826115456,0.6365401627358149,0.6362802173671739,-0.0002599453686410458
3481,0.6270137115728209,0.6290374429294749,0.0020237313566540127,0.6490757215029719,0.6517999055315037,0.0027241840285318064
3482,0.6258390939919575,0.6259326168982858,9.352290632835825e-05,0.6350741890959284,0.6352116844508148,0.00013749535488638553
3483,0.6427845991048899,0.6456025397617761,0.00281794065688612,0.6577210726459505,0.6597259035638249,0.0020048309178744006
3484,0.6520446525586883,0.6562168963745046,0.004172243815816379,0.6588618813618814,0.6629198523763741,0.004057971014492678
3485,0.6483403366964982,0.646884886332874,-0.0014554503636241556,0.6643706914203809,0.6633665506336314,-0.0010041407867494856
3486,0.6309006592499703,0.6312167394998813,0.0003160802499110327,0.6502380785682613,0.6501613799046061,-7.669866365522804e-05
3487,0.6633576623292058,0.6637542076379368,0.0003965453087310111,0.6788025117820514,0.6791373822256175,0.0003348704435660599
3488,0.6591103326151798,0.6571999262257683,-0.0019104063894115342,0.6686557573242027,0.6671035414241606,-0.0015522159000420643
3489,0.6208150907470273,0.625096196388803,0.00428110564177564,0.6323766441031153,0.6364948447430551,0.004118200639939729
3490,0.60558571252887,0.6056101943365279,2.448180765790564e-05,0.6274418455176572,0.6270795266770776,-0.00036231884057968955
3491,0.6462658109545008,0.6452298894687061,-0.0010359214857946775,0.6599136732832385,0.6593780494867452,-0.0005356237964933008
3492,0.6452179459434063,0.6474173285167862,0.0021993825733799266,0.6654370975842727,0.6674763804100006,0.0020392828257278506
3493,0.6165790458213172,0.618329902237971,0.0017508564166538454,0.6278391776433692,0.6291190571841182,0.0012798795407490404
3494,0.6806866606989329,0.6788139864870889,-0.0018726742118440054,0.6945075014408965,0.6925472153501755,-0.001960286090720964
3495,0.6631973423938952,0.6637467541133085,0.0005494117194133619,0.6742911165200652,0.6743247604124049,3.364389233961873e-05
3496,0.6380684757630777,0.6374739099958239,-0.0005945657672538074,0.6538772888448492,0.6534368597087681,-0.0004404291360811108
3497,0.6305414102299466,0.6324692867378898,0.001927876507943238,0.6475493290454927,0.6491817545909617,0.0016324255454690517
3498,0.6218289869656658,0.6229950917557898,0.001166104790124023,0.6330967190320073,0.6347567980833907,0.001660079051383434
3499,0.666949180019992,0.666890567380396,-5.8612639596056226e-05,0.6774626090547979,0.6773832439754328,-7.936507936512349e-05
3500,0.6079079994469765,0.6085019367732647,0.0005939373262882075,0.6289030685735583,0.629301148754247,0.0003980801806887646
3501,0.6696702559211591,0.6681172049133542,-0.0015530510078048954,0.6784427249730132,0.6768295434685273,-0.001613181504485861
3502,0.6374311527424181,0.6347272354450646,-0.002703917297353531,0.650590728350149,0.6474385544371055,-0.0031521739130434545
3503,0.6613855003421399,0.6622851816643087,0.0008996813221687772,0.670253589237493,0.6706389647315641,0.00038537549407113847
3504,0.657455864259818,0.656074685703383,-0.0013811785564349366,0.6693610123181734,0.6681170509655164,-0.0012439613526569193
3505,0.6531607255687689,0.6527777113680283,-0.00038301420074060566,0.6634599453544844,0.6634891190793104,2.9173724826025982e-05
3506,0.627408554594086,0.6265421582256434,-0.0008663963684425458,0.6538642623613025,0.6526797584594072,-0.001184503901895284
3507,0.661229832405154,0.6624864396107085,0.0012566072055545385,0.6759086064944861,0.6773939448276507,0.0014853383331645542
3508,0.6488899751401309,0.6508470589822943,0.0019570838421634207,0.6584786038499287,0.6607904767596275,0.002311872909698809
3509,0.6480062406000802,0.6497399988971744,0.0017337582970942123,0.6598227808296458,0.6603465362504265,0.0005237554207806472
3510,0.6423729560957758,0.645107626221224,0.0027346701254481465,0.6579905376587614,0.6607258759919258,0.0027353383331644165
3511,0.6339302665147264,0.6363614190488203,0.0024311525340938722,0.6467212153684505,0.649115684354991,0.002394468986540499
3512,0.6560187228244765,0.6560569626551299,3.8239830653430396e-05,0.6599758317512991,0.6597189147552518,-0.00025691699604735163
3513,0.6646112883001136,0.6656953803115264,0.001084092011412796,0.6757426726485849,0.6769990249918937,0.0012563523433087864
3514,0.6402066634273369,0.6420518009483864,0.0018451375210495335,0.646551756685891,0.6482428916378956,0.0016911349520045693
3515,0.6206172267449879,0.6226253590311633,0.002008132286175468,0.6340773043769667,0.6362688532373136,0.0021915488603468924
3516,0.646964705043487,0.6480557090926528,0.0010910040491657336,0.6652463722116628,0.6658597262489299,0.0006133540372670332
3517,0.627024815628669,0.6259978015019401,-0.001027014126728898,0.6565118676435813,0.6556818281178896,-0.000830039525691717
3518,0.6689697130300928,0.6698243415862616,0.0008546285561688016,0.6740307218729518,0.6746468207499201,0.0006160988769683406
3519,0.6317107790965798,0.6275685947190736,-0.004142184377506242,0.6470984921374862,0.6434341311361685,-0.0036643610013176175
3520,0.6604462803042351,0.6596579001529673,-0.000788380151267809,0.6770435229275037,0.6767361008809513,-0.0003074220465524302
3521,0.6312590569541977,0.6346577013437895,0.0033986443895918095,0.6430641298274656,0.6463689168279049,0.0033047870004392355
3522,0.6561004521522229,0.6582632392287134,0.0021627870764905355,0.6661214460447197,0.6685990650440778,0.0024776189993581665
3523,0.641599866623473,0.6420626078039617,0.0004627411804887238,0.6529744446899456,0.653330175915242,0.00035573122529641843
3524,0.6432113728549365,0.6446823554012172,0.0014709825462807524,0.6507105492744462,0.6520348771205131,0.0013243278460669528
3525,0.6276630300341415,0.6277320062254403,6.897619129886401e-05,0.6402562952395047,0.6399944375319947,-0.0002618577075099715
3526,0.6217323403815663,0.6243981286199594,0.00266578823839303,0.6303864177124884,0.6327334100211175,0.0023469923086291145
3527,0.6298535496515992,0.6328373686912526,0.0029838190396533903,0.6435455503163761,0.6459697927406186,0.002424242424242551
3528,0.6266610597074999,0.6284087206595322,0.0017476609520323816,0.6368635857305718,0.6387236459601973,0.001860060229625482
3529,0.6097956799360578,0.6092518770508113,-0.0005438028852464694,0.6251883744275049,0.6238249914336869,-0.0013633829938179964
3530,0.657539173204636,0.656243160578925,-0.001296012625710996,0.673844350241487,0.6725920276848166,-0.0012523225566704044
3531,0.6149440717717443,0.613859015753288,-0.0010850560184562097,0.6315095649763314,0.6301236561991181,-0.0013859087772132295
3532,0.6488380390442048,0.6518614534196476,0.0030234143754428455,0.6588242839223232,0.6616455568522918,0.002821272929968588
3533,0.6427864554453105,0.6430565813460247,0.00027012590071417986,0.6524779766022678,0.6523537529997835,-0.00012422360248431907
3534,0.6047457563438925,0.6053316360581152,0.0005858797142227479,0.6150146332854334,0.6158401121543906,0.0008254788689572301
3535,0.6412122066945848,0.6430959837385952,0.0018837770440104373,0.649189535656023,0.6506198082819478,0.0014302726259247667
3536,0.654550154097913,0.657273000747989,0.0027228466500760495,0.6626702207084414,0.6652513111156189,0.0025810904071774665
3537,0.6168872415522574,0.6207255729588464,0.0038383314065890684,0.6298108683019169,0.6335394585522462,0.0037285902503293444
3538,0.6375162585191942,0.638445246096014,0.0009289875768198064,0.6504509225736848,0.6519979142293719,0.0015469916556871688
3539,0.622730756756067,0.6225351425196732,-0.00019561423639380404,0.6499662712185373,0.6495478309631406,-0.0004184402553967237
3540,0.6000487150970428,0.6001716087932955,0.00012289369625262392,0.6151695160463561,0.615181593341042,1.2077294685997053e-05
3541,0.601977600804692,0.6042297798922586,0.002252179087566586,0.6185666202939161,0.6204390232532755,0.0018724029593594205
3542,0.6621629956791822,0.6622037831055393,4.078742635704735e-05,0.6743839252534903,0.6741721080851515,-0.0002118171683388459
3543,0.6498099771382778,0.6511186902997965,0.0013087131615187042,0.6670534611487353,0.6692026706349014,0.002149209486166037
3544,0.6325128028867946,0.6324413504206777,-7.14524661168392e-05,0.6413131250724954,0.641044130781762,-0.0002689942907333487
3545,0.6561322308859989,0.6558767832546726,-0.0002554476313263443,0.6614387814821178,0.6605519629866037,-0.0008868184955140856
3546,0.6307686191333031,0.6300973773913499,-0.0006712417419532102,0.6414232339415682,0.6407477500052147,-0.000675483936353527
3547,0.6483969840562398,0.6463687006468802,-0.002028283409359566,0.6567341921776421,0.6552036695601628,-0.001530522617479213
3548,0.6486590746537158,0.6464799970623459,-0.0021790775913698157,0.664251776968696,0.6618619928397814,-0.0023897841289145516
3549,0.6611528005130931,0.6604544655257648,-0.0006983349873282974,0.6648966882137796,0.6645733883252624,-0.00032329988851720337
3550,0.6644875414182918,0.6662362530272555,0.0017487116089637267,0.6721003434964813,0.673854169380742,0.0017538258842607624
3551,0.6510348968322472,0.6520959725616258,0.0010610757293785245,0.660366108521748,0.6608303785512355,0.0004642700294874569
3552,0.6164048699947957,0.6210773325981015,0.0046724626033057826,0.6296264334498776,0.6341278137121273,0.004501380262249777
3553,0.6532659538193564,0.6556957228506379,0.002429769031281559,0.6741112838825452,0.6772479298452782,0.003136645962732998
3554,0.6551215749095401,0.6546220075646261,-0.0004995673449140758,0.6595916054924078,0.6590448334238966,-0.0005467720685111699
3555,0.6452286007279395,0.6456244936746753,0.00039589294673580966,0.6577239508814606,0.6585495986636302,0.0008256477821695363
3556,0.6349775699929406,0.6351041111944145,0.00012654120147381764,0.6492090034780625,0.6487543288545901,-0.0004546746234724841
3557,0.6626093223840044,0.6613345464170148,-0.0012747759669895498,0.6696027483906423,0.6682059567764594,-0.001396791614182824
3558,0.647929601976533,0.6503850167830564,0.002455414806523337,0.6604823820861035,0.6630916086083736,0.002609226522270025
3559,0.6247844792752824,0.6259290155560594,0.001144536280777042,0.6357925560754306,0.63771802191394,0.0019254658385093881
3560,0.6666257713921938,0.666549178261107,-7.659313108676624e-05,0.6819985215664907,0.6817300762436976,-0.0002684453227930206
3561,0.6394048653794029,0.6433688149574853,0.003963949578082437,0.6469970443893395,0.6509273411457231,0.003930296756383678
3562,0.6251062840468206,0.6277584451948949,0.002652161148074317,0.6312833335606934,0.6340510730675634,0.002767739506869926
3563,0.654804000858134,0.6542799762906013,-0.0005240245675326438,0.6633772183950577,0.6631057145365975,-0.0002715038584601981
3564,0.603991994826778,0.6072607336876884,0.003268738860910392,0.6269687978810158,0.6297736017727762,0.00280480389176041
3565,0.6347137836342426,0.6363985089724357,0.0016847253381930827,0.6388397080388428,0.6405587619318098,0.001719053892967004
3566,0.6412734121687482,0.6420475325989861,0.0007741204302378346,0.6536741969367285,0.6537712858381652,9.70889014367815e-05
3567,0.6218573407645916,0.6225224908354656,0.0006651500708739766,0.6408050827976571,0.6405927588896809,-0.00021232390797620848
3568,0.63374697582595,0.6358182834199672,0.002071307594017191,0.6448817612611245,0.6469728585696132,0.0020910973084886653
3569,0.6506432219935284,0.6494499106860508,-0.0011933113074775736,0.6688984575494955,0.6677316050782952,-0.001166852471200297
3570,0.6317889327378954,0.6333974901587408,0.0016085574208454245,0.643230141276133,0.6444415506397163,0.0012114093635833267
3571,0.642399960503071,0.6439086804338008,0.0015087199307297627,0.651359952882939,0.6527605450444006,0.0014005921614616001
3572,0.6336639230980096,0.6353675927036244,0.0017036696056148548,0.6446637088940202,0.6466164066651323,0.0019526977711120663
3573,0.6329561527698266,0.633989112728308,0.0010329599584814053,0.6459912718731478,0.6468569076358087,0.0008656357626609656
3574,0.6575156793368743,0.658788479948373,0.0012728006114987034,0.6633055605080613,0.6635791999121355,0.0002736394040742107
3575,0.6468617793248849,0.6482116906018202,0.0013499112769352895,0.654831099155047,0.6556759789129702,0.0008448797579232448
3576,0.617616831299642,0.6173688720136304,-0.00024795928601151207,0.6267713917063049,0.6268125643018254,4.117259552050001e-05
3577,0.6696365433490573,0.6692087086236197,-0.0004278347254376147,0.6774432374522955,0.6765707524493756,-0.0008724850029199205
3578,0.6441510916629537,0.6474543333499242,0.003303241686970493,0.6557523685464861,0.659153224936473,0.0034008563899868838
3579,0.6401634056065761,0.6435271866574019,0.003363781050825798,0.6481405628847041,0.651370123179482,0.0032295602947778335
3580,0.63810692027463,0.637706779540843,-0.0004001407337870244,0.6450807544423394,0.6450773037867148,-3.4506556245705866e-06
3581,0.6463277067220564,0.6473856430828847,0.0010579363608282932,0.6746419587169017,0.6755265813406548,0.0008846226237531063
3582,0.6478871970803113,0.6478270917620323,-6.0105318278935727e-05,0.6600843844361994,0.6597350719129739,-0.0003493125232255645
3583,0.6584407161355743,0.6595557807800357,0.0011150646444614276,0.6666318811019899,0.6674223949359819,0.0007905138339919793
3584,0.6359574039441892,0.6344387670164495,-0.0015186369277396805,0.6528513724335491,0.6507332007501601,-0.002118171683389014
3585,0.6368407298830386,0.6346309088036262,-0.0022098210794124773,0.6555918335713732,0.6536767196997377,-0.0019151138716354543
3586,0.6442539244909373,0.6424259369644212,-0.0018279875265161394,0.6539042807675919,0.6517994290975228,-0.00210485167006913
3587,0.6601417531466708,0.6594783644828109,-0.000663388663859843,0.672818352324592,0.6704198812304686,-0.002398471094123389
3588,0.6661818313443603,0.665951709171594,-0.00023012217276630054,0.6781053796266097,0.6783033700419915,0.00019799041538182127
3589,0.6281417769424412,0.6278616644911242,-0.0002801124513169828,0.6421041595069055,0.6420679276228474,-3.623188405810218e-05
3590,0.6081427241745223,0.6094049818484683,0.0012622576739459435,0.6243933537411798,0.6255379096683444,0.00114455592716467
3591,0.6395611927739739,0.6425930043013032,0.003031811527329231,0.6472188186209925,0.649606829161177,0.0023880105401844487
3592,0.648147369255109,0.6511096634138982,0.002962294158789236,0.660223195248659,0.6634675957756683,0.00324440052700925
3593,0.612545486590326,0.6124838749562008,-6.161163412521375e-05,0.6335873237028757,0.6340083036890731,0.0004209799861973895
3594,0.6081357628772313,0.6092275555200624,0.001091792642831102,0.6238850007876193,0.6253549800836856,0.0014699792960662927
3595,0.6216849138867067,0.6227705551858994,0.0010856412991927522,0.636220396257862,0.6372866488458537,0.0010662525879917562
3596,0.6662048449126935,0.6678921217645701,0.0016872768518766401,0.6763891827885075,0.6778494375096318,0.001460254721124321
3597,0.6783747062992819,0.6768395772524313,-0.001535129046850603,0.6911930010849521,0.6902018183546389,-0.0009911827303131782
3598,0.6366811643946676,0.6396945435193622,0.0030133791246945707,0.6466755818220846,0.6493501536270913,0.0026745718050066314
3599,0.6202237481779184,0.6186534940620123,-0.0015702541159060557,0.6462890583228112,0.6448479308004478,-0.0014411275223634723
3600,0.6497783898043192,0.6484968044811769,-0.0012815853231423757,0.6637200850815441,0.6632282098070601,-0.0004918752744840216
3601,0.62670906696424,0.6289222156937516,0.002213148729511616,0.6376612752188897,0.6399968382066268,0.002335562987737072
3602,0.6530624433335049,0.6530763392224167,1.3895888911763521e-05,0.6673487663446315,0.6674740204596554,0.0001252541150239539
3603,0.6505059873990785,0.6505407468642657,3.4759465187161886e-05,0.6594763853305201,0.6594308390893218,-4.554624119834649e-05
3604,0.6310536941338516,0.6342414012875343,0.0031877071536826618,0.6408489046792636,0.643345586741163,0.002496682061899458
3605,0.6433946818256906,0.6426018501626783,-0.00079283166301225,0.6521639894676534,0.6510183718002965,-0.0011456176673568796
3606,0.6380421583764438,0.6423514109898797,0.004309252613435843,0.6466405557865186,0.6508880474253146,0.004247491638796008
3607,0.6339695369391689,0.6359178033016428,0.001948266362473916,0.6402207296595066,0.6423504115717972,0.002129681912290571
3608,0.6368090071776344,0.6373178666807725,0.0005088595031380594,0.6469338421154465,0.6474837142382086,0.0005498721227621406
3609,0.6460587976105182,0.6465972338522966,0.0005384362417784061,0.6562748081984734,0.6568237761387458,0.0005489679402723713
3610,0.6426065875394364,0.6443723257288618,0.001765738189425381,0.6482547114323074,0.6501571206173252,0.0019024091850178282
3611,0.6341449490654526,0.6379279079499697,0.0037829588845170736,0.6411711239580091,0.6448860684338233,0.003714944475814219
3612,0.6515396297216741,0.6549830698216568,0.003443440099982653,0.656206413439615,0.6598853432055012,0.0036789297658861297
3613,0.6356365003896652,0.635374661318369,-0.00026183907129628814,0.6384805291327031,0.6384475910562868,-3.29380764163556e-05
3614,0.6169548559975133,0.6176565028516647,0.0007016468541514165,0.6252953265858059,0.6261165826244532,0.0008212560386473555
3615,0.6296505334720317,0.6332113221536355,0.0035607886816038103,0.645803652330098,0.6492353293487314,0.00343167701863345
3616,0.6540775732391915,0.6510628706704245,-0.0030147025687670137,0.6623319681985703,0.6594144388679973,-0.0029175293305729877
3617,0.6043314017640078,0.6044541930770816,0.0001227913130738001,0.6179896850904892,0.6176668919416092,-0.00032279314888006283
3618,0.6722886809630861,0.6740385450626372,0.001749864099551024,0.6833014482192963,0.6847248436644309,0.0014233954451345898
3619,0.6789266303554968,0.6809155317976693,0.0019889014421724527,0.6817882265768499,0.6836239753691205,0.0018357487922705529
3620,0.6338750661198888,0.6368880078566407,0.0030129417367519284,0.6453034058180847,0.6477274913943442,0.002424085576259505
3621,0.6153580109336023,0.6160372607619266,0.0006792498283242354,0.6354225019787964,0.6355831143133217,0.00016061233452535628
3622,0.6149292242031116,0.6191256099424547,0.004196385739343111,0.631473044650466,0.6370954657076697,0.005622421057203675
3623,0.6302985588176844,0.634507869609726,0.004209310792041676,0.6415405071534949,0.6453657803457757,0.003825273192280876
3624,0.6558485718321287,0.6589304294280668,0.0030818575959380423,0.6618960076176007,0.6651199533223647,0.0032239457047640308
3625,0.6460705229566431,0.6470466588197723,0.0009761358631291683,0.6616060432494826,0.6623493941015289,0.0007433508520463539
3626,0.635413374473613,0.635344244906388,-6.912956722504582e-05,0.6426726975119196,0.642937143211148,0.00026444569922845496
3627,0.6194557502613046,0.6205635595237391,0.0011078092624344782,0.6310859138645185,0.6323485883880626,0.0012626745235441161
3628,0.6413480091582899,0.6421291903897208,0.0007811812314308941,0.6537223746421236,0.6537223746421236,0.0
3629,0.6357045140880904,0.6364008923388083,0.0006963782507178884,0.6472968695320048,0.6479007342663042,0.0006038647342994086
3630,0.6434089147523525,0.6456072177988359,0.0021983030464833853,0.6521540019676665,0.6541679903946984,0.002013988427031932
3631,0.6291559832718882,0.631403970376643,0.0022479871047548228,0.6402919680715814,0.6421654086406742,0.001873440569092777
3632,0.6585487013313356,0.6616324993448187,0.00308379801348313,0.6705746135886052,0.6735430400896402,0.0029684265010350153
3633,0.6512277401732051,0.6518368834986517,0.0006091433254465928,0.6546054312259149,0.6553559488242586,0.0007505175983437695
3634,0.6574232201148276,0.6607813364558457,0.0033581163410181247,0.6609432880168411,0.6638857561767005,0.002942468159859435
3635,0.669328134744284,0.672355727989431,0.003027593245147009,0.6783448262341206,0.6817585622565523,0.003413736022431668
3636,0.6377389175185042,0.6388786127101936,0.0011396951916894382,0.6542800556930992,0.6550084094649314,0.0007283537718322242
3637,0.6264276820391848,0.6276955491908023,0.00126786715161753,0.6435636298309987,0.6452851932916925,0.0017215634606938535
3638,0.659790325763966,0.6594866016804978,-0.00030372408346823754,0.6669225528724582,0.6666884391600837,-0.00023411371237447298
3639,0.616288349386666,0.6188415965590897,0.002553247172423667,0.6266984523780039,0.6290581699551128,0.002359717577108844
3640,0.660776365814853,0.6602948735031247,-0.0004814923117283376,0.663592952497576,0.6625262776265531,-0.0010666748710228546
3641,0.6320630641624685,0.6317081527535199,-0.0003549114089486105,0.6374185343054674,0.6372903291772622,-0.00012820512820510555
3642,0.6248328604281935,0.6243110249385075,-0.0005218354896859845,0.6470866785944698,0.6465846082010952,-0.0005020703933745763
3643,0.6357868287024742,0.6372659110165507,0.001479082314076563,0.6471770800371708,0.64821274726849,0.001035667231319204
3644,0.6442879532096181,0.6443587531201291,7.079991051106571e-05,0.6506791009876655,0.6513036696557123,0.0006245686680468321
3645,0.6425862695377079,0.6413699352241795,-0.001216334313528411,0.6561849519151944,0.6545995325036882,-0.0015854194115062503
3646,0.625396947578983,0.6253553284653075,-4.161911367550619e-05,0.6359253498919756,0.6354758537359577,-0.00044949615601785897
3647,0.6016468505554768,0.603434764028271,0.001787913472794167,0.6108692195721694,0.6128247448652907,0.001955525293121263
3648,0.6428656448713567,0.6438519638433848,0.0009863189720281662,0.6521919919596426,0.6523698575722907,0.0001778656126480982
3649,0.619299247129665,0.6193447204878103,4.5473358145309284e-05,0.6422236127636676,0.6426486225365035,0.0004250097728358826
3650,0.6631306663671674,0.6638622880214924,0.0007316216543249432,0.6713359836332916,0.6722254408654599,0.000889457232168267
3651,0.6185621255175896,0.6213641790474989,0.002802053529909254,0.6379074086828297,0.6405005763846929,0.0025931677018632415
3652,0.6522254754015386,0.6525371335995312,0.00031165819799261474,0.6654240338829844,0.6654593523582006,3.5318475216206124e-05
3653,0.6638696128570448,0.6650488496034143,0.0011792367463694386,0.6750977936430554,0.6761479693127963,0.0010501756697408604
3654,0.635654214161599,0.6359583384019674,0.00030412424036840857,0.6453361252274296,0.6453292239161804,-6.901311249141173e-06
3655,0.6208805060172973,0.6199288317960925,-0.0009516742212047902,0.6312771953069776,0.6303196383711598,-0.0009575569358177827
3656,0.6499254131205627,0.64958863301793,-0.0003367801026327166,0.6591482782006864,0.6592103900019286,6.211180124215954e-05
3657,0.6235415362717893,0.6230740665901768,-0.0004674696816124868,0.6355539218743844,0.634780975014481,-0.0007729468599033673
3658,0.6307519706790068,0.6338341302422998,0.003082159563293052,0.6476957221522439,0.6507839020882499,0.0030881799360059636
3659,0.616164375928115,0.6180865891087602,0.001922213180645227,0.6238195750573123,0.6258067467375786,0.0019871716802662975
3660,0.6349231163237977,0.6381407266623109,0.0032176103385131993,0.6532194103186475,0.6581867859381969,0.004967375619549408
3661,0.6491373746494046,0.6513472647633075,0.0022098901139029348,0.6695788294873214,0.672188614820219,0.002609785332897574
3662,0.6455700039005837,0.6453305367679556,-0.0002394671326281239,0.6629980812337372,0.6626840715719013,-0.00031400966183581236
3663,0.6396832965299242,0.6406209898895289,0.0009376933596046966,0.6515025212307821,0.6530665308926179,0.0015640096618357857
3664,0.6401368570486785,0.6380831253348489,-0.0020537317138296096,0.6586075832010426,0.6567346735020457,-0.001872909698996894
3665,0.6406679294451318,0.6420670681883748,0.0013991387432429336,0.6605686286925676,0.6610416920517865,0.00047306335921892817
3666,0.6499540096947218,0.6536082823192395,0.0036542726245176738,0.6663938673475108,0.6703540021260599,0.003960134778549063
3667,0.6517155443078828,0.6488231170632942,-0.0028924272445886023,0.6589402767178716,0.656285596927642,-0.002654679790229597
3668,0.6278474237182872,0.6313981913599777,0.0035507676416904888,0.6367039468255847,0.640623577919129,0.003919631093544318
3669,0.6477282575232696,0.6466198429190999,-0.0011084146041696608,0.65923856806783,0.6577289062320812,-0.0015096618357487435
3670,0.6736492977014893,0.6718151313017104,-0.001834166399778847,0.6815049553269982,0.6799874787711585,-0.0015174765558396697
3671,0.6575274354226605,0.6597422984380519,0.0022148630153914217,0.662940544785946,0.6654109005171713,0.0024703557312253377
3672,0.6357892662851683,0.6352382476059357,-0.0005510186792325733,0.6520910527355721,0.6514723658668852,-0.0006186868686869351
3673,0.624171488362412,0.6238941989885227,-0.0002772893738892668,0.6319088751351397,0.6312014907321032,-0.0007073844030365262
3674,0.6340454883365806,0.633376435484739,-0.0006690528518416006,0.6384481843508307,0.6376465222448209,-0.0008016621060098483
3675,0.6444474154341266,0.6451146459039714,0.0006672304698447373,0.6526120410297904,0.6527621445494592,0.00015010351966882052
3676,0.6450320440135878,0.6471042189891972,0.0020721749756094088,0.6537571124527646,0.6555296877036008,0.0017725752508361836
3677,0.5984997253230294,0.5993184429336924,0.000818717610662989,0.6233324672088575,0.623444613516656,0.00011214630779854406
3678,0.6338541454547234,0.6340032821331675,0.00014913667844407286,0.6427304603389843,0.6430582726233184,0.0003278122843340947
3679,0.6511351603405294,0.6520132525471737,0.0008780922066442542,0.6590183578965416,0.6594109001369098,0.00039254224036822105
3680,0.6744550619792147,0.6763411213741622,0.0018860593949475701,0.6896280535152717,0.6910876808444643,0.001459627329192581
3681,0.6442340997399114,0.6424244065183796,-0.001809693221531794,0.6708348425118471,0.6697900901627469,-0.0010447523491001753
3682,0.6191314356744071,0.61737569356225,-0.0017557421121571215,0.6381616797866111,0.6370159052712713,-0.0011457745153398147
3683,0.6621821789809846,0.6635683492265543,0.00138617024556964,0.6728657213424141,0.6747049207903091,0.0018391994478950124
3684,0.6399275320538632,0.6402855678606921,0.0003580358068289158,0.6576030567449332,0.65787597223524,0.00027291549030672435
3685,0.6569908068873892,0.6560624022073932,-0.0009284046799959977,0.6666663553066476,0.666073705203128,-0.0005926501035196097
3686,0.6453587526012771,0.6477760948042237,0.0024173422029466485,0.6553514848964447,0.6578057129644835,0.002454228068038855
3687,0.6345526226928555,0.6363315435484925,0.0017789208556370228,0.6418147574221743,0.6433295952413599,0.0015148378191855993
3688,0.6337698031707619,0.6344699416346593,0.0007001384638973818,0.6458249959049192,0.6470989936463082,0.0012739977413890324
3689,0.6395265970583285,0.6408064166704559,0.0012798196121274197,0.6491853571717503,0.6505813042198713,0.0013959470481209602
3690,0.6281762829899502,0.6290359963847312,0.0008597133947809699,0.6424798006226511,0.6433438761606397,0.0008640755379886178
3691,0.6294811751371284,0.6308356836509087,0.0013545085137802726,0.6520419985275058,0.6533046247901321,0.0012626262626262985
3692,0.6609493258159682,0.6636247931850867,0.0026754673691185005,0.6679819987330435,0.6709055667109594,0.0029235679779158197
3693,0.6317684407805786,0.6297606766780084,-0.0020077641025701976,0.643436786905596,0.641289731062888,-0.0021470558427080233
3694,0.68600983817451,0.6901152548496063,0.0041054166750963406,0.6979664181046299,0.7019933332185014,0.004026915113871543
3695,0.6372009795363057,0.6401769700449108,0.0029759905086050864,0.6504435623819481,0.6534804530275344,0.003036890645586321
3696,0.6397353146442233,0.6403095016314051,0.0005741869871818128,0.6479080403824647,0.6483790548752185,0.00047101449275377405
3697,0.5793109786279139,0.5792152939988382,-9.568462907572073e-05,0.5939319464499908,0.593285105368367,-0.0006468410816238279
3698,0.6440275497503876,0.6441524278076257,0.0001248780572381536,0.6621966795969274,0.6631912647219472,0.00099458512501982
3699,0.6391031042797637,0.6412884128828694,0.002185308603105729,0.6478899240855762,0.6496509348139783,0.0017610107284020682
3700,0.6340532061711371,0.6337363414367979,-0.00031686473433922835,0.6478812190225234,0.6482622510339902,0.00038103201146677534
3701,0.6386038092428905,0.6396542103625883,0.0010504011196977858,0.6501842858144652,0.6513440198002861,0.001159733985820921
3702,0.6185529412169365,0.6199165695313905,0.001363628314454024,0.6296379844656906,0.631364327176688,0.001726342710997364
3703,0.6489956100617164,0.6489811199158456,-1.4490145870738047e-05,0.6565129944619547,0.6568502296904943,0.00033723522853967847
3704,0.6344365596423901,0.6334810103610602,-0.0009555492813299038,0.6493898356535203,0.6488412538005907,-0.0005485818529296083
3705,0.6606070592479945,0.6629138212618242,0.002306762013829733,0.6711491979146469,0.6733788523182144,0.0022296544035674826
3706,0.6466753344905937,0.6481738412229378,0.0014985067323440848,0.6590935275697035,0.6602651820022275,0.001171654432523983
3707,0.6464026493742011,0.6486189715603718,0.0022163221861707383,0.6519563327172023,0.6536498565846391,0.0016935238674368192
3708,0.6318752784071254,0.6317202578499888,-0.00015502055713667584,0.6322161128992003,0.6317985172098655,-0.0004175956893348598
3709,0.6376024990402128,0.6362768828945962,-0.0013256161456166593,0.6402015529330479,0.6387426495176226,-0.0014589034154253167
3710,0.6553396471458747,0.6540405437700711,-0.001299103375803523,0.6618482527365483,0.659971096076783,-0.0018771566597654
3711,0.6167285426080101,0.6179962109904397,0.001267668382429532,0.637764515150223,0.6392062783196749,0.0014417631694518818
3712,0.6402711722223571,0.6404466026558552,0.00017543043349810272,0.6646552956396993,0.66540565639006,0.0007503607503607235
3713,0.653848842404124,0.6538178906951333,-3.0951708990700766e-05,0.6619858273616726,0.6620466361181335,6.0808756460972724e-05
3714,0.6029209688219892,0.6056387467351912,0.0027177779132020463,0.6185527540486264,0.6211047793180431,0.002552025269416669
3715,0.6439639395980337,0.6453810000487974,0.0014170604507637297,0.650346637118804,0.6526736255384699,0.002326988419665832
3716,0.6358120161670304,0.6378699461811159,0.002057930014085496,0.6455027916049996,0.6483121561534945,0.002809364548494897
3717,0.649253275147867,0.6512245274617962,0.0019712523139291394,0.6615951030987263,0.6639674288406171,0.002372325741890835
3718,0.6370629759513661,0.6375199741122374,0.0004569981608713025,0.6440501699889869,0.6441648379297418,0.00011466794075487563
3719,0.6645100523665625,0.6652831132419457,0.0007730608753832025,0.6720336714626576,0.6726510251234894,0.0006173536608318209
3720,0.6460038674861722,0.6439822422175484,-0.0020216252686238168,0.6648002561190292,0.6628075024958406,-0.0019927536231885146
3721,0.654748192680847,0.6539721332418291,-0.0007760594390179287,0.6632700144248728,0.6629876397946721,-0.00028237463020064357
3722,0.6372466029420325,0.6373507643695266,0.0001041614274941427,0.6567777590456143,0.6570617262861033,0.00028396724048895816
3723,0.6395782253883108,0.640608832612906,0.001030607224595248,0.6552297692238017,0.6564858078711446,0.0012560386473429164
3724,0.6424011490532591,0.641967736710277,-0.00043341234298210907,0.6563148144126405,0.656306344621562,-8.46979107849144e-06
3725,0.6575381283538653,0.6587525060195597,0.0012143776656944327,0.6658152488469433,0.6668245656171297,0.0010093167701863415
3726,0.6303178807652113,0.6314038779548303,0.0010859971896189924,0.6444338712816975,0.6456211622515972,0.001187290969899668
3727,0.6692560379356528,0.6703073791088192,0.001051341173166409,0.6837541116413772,0.6851964856924472,0.00144237405106995
3728,0.6693998992231048,0.6723115673096098,0.0029116680865050037,0.6791478237251338,0.681530870487976,0.002383046762842178
3729,0.6562500514654968,0.6585848414984738,0.0023347900329770965,0.6585028957140958,0.6608898083183997,0.0023869126043039035
3730,0.6130431439326142,0.6127699065599773,-0.00027323737263684755,0.6194432584454023,0.6191645516449564,-0.0002787068004458382
3731,0.6755555127941925,0.6751221905613388,-0.000433322232853639,0.6813127199984907,0.6810545180555062,-0.00025820194298453725
3732,0.6651906995034769,0.665054343191798,-0.00013635631167885354,0.6764745941929867,0.6763094212017269,-0.0001651729912598432
3733,0.6528146720687892,0.6518425521231677,-0.000972119945621519,0.6663981434444572,0.6658252664160036,-0.0005728770284536555
3734,0.6226745889676648,0.6230766935214368,0.00040210455377198695,0.6313231722424796,0.632108039549086,0.0007848673066064293
3735,0.6554080328988143,0.6541429327852327,-0.0012651001135816076,0.677810353950961,0.6769390634057575,-0.000871290545203518
3736,0.6530597206127277,0.6510678789188529,-0.001991841693874785,0.6582712176579348,0.656718422626879,-0.0015527950310558758
3737,0.6406687449550074,0.6436768244544642,0.003008079499456806,0.64989324773529,0.6519749341648026,0.0020816864295125637
3738,0.6494559997082819,0.647502998626427,-0.0019530010818549215,0.6576112998375826,0.655509476540107,-0.002101823297475547
3739,0.5996107117250924,0.600311435004625,0.0007007232795326335,0.6146491866601913,0.6151386971497018,0.000489510489510514
3740,0.6272883933146423,0.6273902205108226,0.00010182719618034852,0.6356035429011859,0.6358902610139909,0.0002867181128050067
3741,0.6414962494098101,0.6437659348038736,0.00226968539406347,0.6503705341236105,0.6523632877467989,0.0019927536231884035
3742,0.6601443029418356,0.6579182686943151,-0.0022260342475204364,0.663488195166584,0.6608215683151745,-0.0026666268514095037
3743,0.6246292684602113,0.6251536337965384,0.0005243653363271594,0.6455245570462962,0.6462996997779608,0.0007751427316645687
3744,0.6407518435071006,0.6452155875353118,0.004463744028211258,0.64782869364299,0.6518562602792521,0.0040275666362621365
3745,0.6560610733007856,0.6588620446157236,0.002800971314938061,0.6683705063052889,0.670618107737673,0.0022476014323841165
3746,0.651362387572111,0.6522478563260198,0.0008854687539088246,0.666169589665638,0.6664414554809822,0.00027186581534421883
3747,0.6455944599329962,0.6502636713732216,0.004669211440225363,0.6654207668327353,0.6695149697312862,0.004094202898550892
3748,0.6485028858430936,0.6502381267940351,0.0017352409509415745,0.6602120940742167,0.6616484294779434,0.001436335403726785
3749,0.6163281076503163,0.6185036053016307,0.0021754976513144175,0.6276015771667947,0.6302309767527159,0.0026293995859212327
3750,0.6477479347561353,0.6524037477453908,0.004655812989255437,0.657413459460561,0.661764736203142,0.004351276742581067
3751,0.6293886157594095,0.6297515242663012,0.0003629085068916904,0.6441868799477495,0.6447891762022196,0.0006022962544701693
3752,0.6355373563117489,0.6350732057792324,-0.00046415053251647187,0.6538433333540337,0.653694401581061,-0.00014893177297270466
3753,0.6519860746662367,0.6528022503885829,0.0008161757223461574,0.6580386186978052,0.6585010065514973,0.00046238785369212554
3754,0.6180095321256693,0.6199475594101076,0.0019380272844382596,0.625186099934365,0.6270381609168608,0.0018520609824957956
3755,0.6389724292530076,0.6381841662376132,-0.0007882630153943637,0.6456556349752274,0.6448749748851044,-0.0007806600901230087
3756,0.6241273729682429,0.6239404066356976,-0.00018696633254533523,0.6427375600281695,0.6434332730960054,0.0006957130678358903
3757,0.6159300799158559,0.6194030163311419,0.00347293641528601,0.6413201572984183,0.6436873070568724,0.00236714975845409
3758,0.6086348055048275,0.6087910428420631,0.0001562373372355763,0.6275611267107432,0.6277192088956796,0.00015808218493640336
3759,0.6443818275335772,0.6450857540133326,0.0007039264797553679,0.6534196469086856,0.6540074045616607,0.0005877576529751405
3760,0.6525823553596909,0.6515081023307546,-0.0010742530289362673,0.6632171873170567,0.6623697859261771,-0.0008474013908795763
3761,0.6529504819200952,0.6521997933854454,-0.0007506885346497683,0.6757341010793696,0.6746580117807739,-0.001076089298595706
3762,0.6347861297134586,0.632858724585193,-0.0019274051282656135,0.6571036350697579,0.6554764940947908,-0.0016271409749670784
3763,0.6288635993446486,0.6293203255288479,0.00045672618419922983,0.6419630212221498,0.6423253400627296,0.00036231884057980057
3764,0.6502797738934898,0.6520725488091734,0.001792774915683637,0.6640055834483268,0.6661465584153888,0.0021409749670620037
3765,0.634843462335261,0.6379911326814133,0.003147670346152265,0.6581961973250066,0.6606065768006034,0.0024103794755968577
3766,0.6380868221484292,0.6366830790109125,-0.0014037431375166776,0.6538240918844597,0.6519124769293664,-0.0019116149550932882
3767,0.6207634408699937,0.6208787786152795,0.00011533774528582619,0.6269878627589032,0.6270206439873366,3.278122843342057e-05
3768,0.6119356628152323,0.6146743598454154,0.002738697030183146,0.6257334656238427,0.6285607470380805,0.0028272814142378255
3769,0.6270335601603264,0.6304896543669384,0.0034560942066119704,0.6423768452581711,0.645432388748497,0.003055543490325885
3770,0.6219035965797383,0.6201047970999414,-0.0017987994797968865,0.6361954773980187,0.6342631102482603,-0.0019323671497584183
3771,0.6381073506129201,0.6367943093137207,-0.0013130412991994023,0.6447214652263742,0.643689876042611,-0.0010315891837632263
3772,0.6343750743951271,0.6360982036166981,0.0017231292215710292,0.6469092502788154,0.6481928941711551,0.001283643892339703
3773,0.6224258021207475,0.6246688161644939,0.002243014043746383,0.6459793717703445,0.647696857183482,0.0017174854131375428
3774,0.6061715201512504,0.6109860229665568,0.004814502815306376,0.6172549731987504,0.6222877544271839,0.005032781228433425
3775,0.6433888425398737,0.6426392431768373,-0.0007495993630364239,0.6513604422715676,0.6503271277599922,-0.0010333145115754006
3776,0.6488740273052511,0.649897448854997,0.0010234215497458843,0.6625069952405952,0.6636284583185799,0.0011214630779846635
3777,0.6363492416266838,0.6368558705861226,0.0005066289594387596,0.6504333348648533,0.6505020825422967,6.87476774433593e-05
3778,0.6275756318272737,0.6277921314548986,0.00021649962762493313,0.6382088390529344,0.6381759251069768,-3.29139459575023e-05
3779,0.6370606804457445,0.6391090799271824,0.002048399481437868,0.646248355719055,0.6485790244819489,0.002330668762893895
3780,0.6130649051124917,0.6121031167791914,-0.0009617883333002952,0.6339413604809095,0.6330717952635182,-0.0008695652173913437
3781,0.6570986155029609,0.6568126205194316,-0.0002859949835293252,0.6722933892956775,0.6719254239277122,-0.0003679653679653505
3782,0.636019569549466,0.6382474532599802,0.002227883710514189,0.6479639423865591,0.6504653057574876,0.0025013633709285443
3783,0.653237219207093,0.6545896735016672,0.0013524542945742013,0.6692624947165399,0.6708564321800425,0.0015939374635026704
3784,0.6244166286906634,0.6234449190397259,-0.0009717096509375134,0.6410953638883695,0.6400633041606576,-0.0010320597277119203
3785,0.6358630679723418,0.6380940624646156,0.002230994492273819,0.6508460877890225,0.6532864976207368,0.0024404098317142298
3786,0.6534489074634982,0.6560181618492963,0.0025692543857981365,0.6661379705196441,0.6687867709945314,0.0026488004748873584
3787,0.6264613070023975,0.6298872701892162,0.003425963186818648,0.6366118408445773,0.6384316695665799,0.0018198287220025922
3788,0.6555949443264038,0.6557490254945737,0.00015408116816995054,0.6799269262653276,0.6788200777288115,-0.001106848536516103
3789,0.6567506627872675,0.6577313121242463,0.0009806493369788338,0.664879629137079,0.6656341282611433,0.000754499124064334
3790,0.6410053356314603,0.6411879546221847,0.00018261899072435916,0.6563233416391553,0.6563684655973226,4.5123958167359035e-05
3791,0.6320210204826885,0.6297979668586083,-0.0022230536240801513,0.6475826734455512,0.64590700611771,-0.0016756673278411904
3792,0.6740225030975041,0.6745743731949605,0.0005518700974563862,0.683981357383784,0.6843319126256437,0.0003505552418597846
3793,0.6305558884902619,0.6322197400792146,0.0016638515889526584,0.6455732249438013,0.6475896264167246,0.002016401472923257
3794,0.6336927211037938,0.636336242708494,0.002643521604700161,0.6451263367464465,0.6477437917552057,0.0026174550087592063
3795,0.6520957182262824,0.653362276579823,0.0012665583535406144,0.662344676774274,0.6631809902192831,0.0008363134450091181
3796,0.6228522481650984,0.622281091916796,-0.0005711562483023958,0.6471487168475324,0.6467455210095538,-0.00040319583797854275
3797,0.6399211218991124,0.6391638037804137,-0.0007573181186987243,0.6479156359750694,0.6480720134140557,0.0001563774389863326
3798,0.653950469839291,0.652499291903711,-0.001451177935579917,0.6673983021809109,0.6668047894134851,-0.0005935127674258078
3799,0.6505167218244186,0.6509771566137116,0.0004604347892930294,0.6586238989137538,0.6593772518410199,0.0007533529272660822
3800,0.6246201753308567,0.6286711904815923,0.004051015150735582,0.6380547879812145,0.642652412578839,0.004597624597624472
3801,0.6441601698530607,0.6434445041654068,-0.0007156656876539103,0.6628373479917413,0.6618987696618587,-0.0009385783298826444
3802,0.6444390862172702,0.6450742699693831,0.0006351837521129111,0.6608018230941969,0.6611330679363112,0.00033124484211433103
3803,0.6403636327304456,0.6416975886331273,0.001333955902681705,0.6472155496351573,0.6482992123492547,0.001083662714097433
3804,0.6235542188993393,0.6265614812166733,0.0030072623173340585,0.6269111775480422,0.6303705683987374,0.003459390850695243
3805,0.6387799296459733,0.6402595599474266,0.0014796303014532608,0.6524736725784371,0.6533878308838998,0.0009141583054627089
3806,0.6480359179492227,0.6495635628192976,0.0015276448700749512,0.6584237380976511,0.6596797767449941,0.0012560386473430274
3807,0.6388854514774326,0.6417087676608244,0.002823316183391822,0.6553299376961087,0.658178170381298,0.0028482326851893003
3808,0.6683447008686612,0.6694355820489899,0.00109088118032874,0.6787276370972023,0.6804110261718957,0.0016833890746934532
3809,0.5990384744880004,0.6004755644699025,0.0014370899819020622,0.6142926366679266,0.6164681966152256,0.0021755599472990106
3810,0.6219757502007792,0.622494975294612,0.0005192250938327314,0.6263300569304416,0.6269304710091166,0.000600414078674949
3811,0.6134740983514562,0.6147788390067624,0.0013047406553062801,0.62888397448007,0.630260363791242,0.0013763893111718994
3812,0.6133651248180098,0.6142331940538811,0.0008680692358713493,0.6301737769313304,0.6308915133012406,0.0007177363699102379
3813,0.6257068293813098,0.623127626040404,-0.002579203340905889,0.6406324662292219,0.6380303581923312,-0.002602108036890649
3814,0.6421767159873761,0.642941537642174,0.0007648216547978537,0.649528274130082,0.6497878937375278,0.0002596196074458046
3815,0.640374668770836,0.6418232438596888,0.001448575088852766,0.6542184256037354,0.6556199407552505,0.001401515151515098
3816,0.6568371410481815,0.6589857423075641,0.0021486012593826542,0.6627128342030674,0.6656772610805376,0.0029644268774702276
3817,0.6022463647756799,0.6046861995206054,0.0024398347449254842,0.6182962147220459,0.6209049103742198,0.00260869565217392
3818,0.6339230253683652,0.6342071813381598,0.00028415596979458613,0.6463800393533945,0.6461844800817483,-0.00019555927164616183
3819,0.6498645024679427,0.6536781974114081,0.0038136949434653955,0.6614495384858042,0.6648613742345966,0.0034118357487923356
3820,0.6412932630330286,0.6422124092316848,0.0009191461986561844,0.6495886731268528,0.649670077229996,8.140410314327884e-05
3821,0.617143062511701,0.6172033260502403,6.0263538539273576e-05,0.6280789807607351,0.628187676412909,0.00010869565217386246
3822,0.6509871862205073,0.6537275078398314,0.0027403216193240265,0.6593202866348646,0.6617986416132198,0.002478354978355135
3823,0.6732290614813359,0.6749231255482523,0.001694064066916412,0.6811130478585722,0.682768988536252,0.0016559406776798236
3824,0.6328791243452788,0.634944299695367,0.002065175350088211,0.6407961622047671,0.6423731118251951,0.001576949620427981
3825,0.6161899484014278,0.6170715185706449,0.000881570169217083,0.6450709495818192,0.6468971668428191,0.0018262172609998517
3826,0.5983062889501417,0.600748001521798,0.0024417125716562627,0.6194783265557389,0.6206258022684319,0.0011474757126930246
3827,0.6191966166375128,0.6213124555537113,0.002115838916198487,0.6249886298834405,0.6269936176492977,0.0020049877658572246
3828,0.6239775659882241,0.6247890126830501,0.0008114466948260235,0.6320231814970371,0.6326863716742936,0.0006631901772565785
3829,0.6231151334121796,0.6228270310941282,-0.00028810231805143083,0.6357138617486551,0.6367445303029531,0.0010306685542980087
3830,0.6298422315232256,0.6296785167685914,-0.00016371475463416996,0.6371563903085642,0.637282713260974,0.0001263229524097742
3831,0.6491117630888911,0.6498389822077301,0.0007272191188389954,0.665387854241707,0.6664028778654264,0.0010150236237194132
3832,0.6331394531661203,0.6342275081366378,0.0010880549705174491,0.6440234384856752,0.6446312847456953,0.000607846260020084
3833,0.6222420165418423,0.6235110376195397,0.0012690210776974409,0.6440845090704838,0.6444105960270056,0.0003260869565218094
3834,0.6197788922642973,0.6187624225972028,-0.001016469667094455,0.6334201838229971,0.6331182514558474,-0.0003019323671497043
3835,0.6409399051719722,0.6395534037110207,-0.0013865014609515391,0.6536727125559729,0.652187205309596,-0.0014855072463769714
3836,0.6293446457696715,0.6291451439231575,-0.00019950184651407188,0.6425771531828876,0.6415821095791482,-0.000995043603739365
3837,0.6382985378079241,0.6390633342284481,0.000764796420523961,0.6490798665670787,0.6503798709105614,0.0013000043434826525
3838,0.6305798282131593,0.6319480543489512,0.0013682261357919057,0.6432577457948212,0.6438629973954961,0.0006052516006749276
3839,0.6259775623591286,0.6282476979348802,0.0022701355757516195,0.6471414622558664,0.6488564381012771,0.0017149758454106934
3840,0.665971480467759,0.6668775663646208,0.000906085896861808,0.6789817631121978,0.6793908226516922,0.0004090595394943275
3841,0.6429007027701019,0.6444261132478161,0.0015254104777141508,0.6586473511884414,0.6594890457257883,0.0008416945373468376
3842,0.6235430604462268,0.6248946955879614,0.0013516351417346417,0.6341711986098084,0.6348080014205244,0.0006368028107159862
3843,0.6185410067847786,0.6177826718678103,-0.0007583349169683062,0.6272694682606755,0.626514637342801,-0.0007548309178745383
3844,0.6519938128370601,0.6526392573609544,0.0006454445238942563,0.6731256289888004,0.6739444954022958,0.0008188664134954893
3845,0.643493721492013,0.6444296484755693,0.0009359269835562678,0.6595113986946776,0.6597218886877764,0.00021048999309880578
3846,0.6169668652899635,0.6163722913518015,-0.0005945739381619797,0.6336929343774435,0.6332800501602113,-0.00041288421723217894
3847,0.6292453713569462,0.6296619114492298,0.00041654009228353495,0.6411383416989824,0.6412591146458424,0.00012077294685997053
3848,0.6253920321043561,0.6272217995946203,0.0018297674902642003,0.6418364908955632,0.6429805400830907,0.0011440491875275294
3849,0.6410651591785539,0.6424217322920485,0.0013565731134945747,0.6560099524047006,0.6571245141714364,0.0011145617667357444
3850,0.6424765181453228,0.6431442870751485,0.0006677689298256739,0.6674358401688854,0.6682946474599177,0.0008588072910323818
3851,0.6191758171094573,0.6214019285557351,0.002226111446277712,0.6462752838778559,0.6492444161948143,0.0029691323169583894
3852,0.6508778910861482,0.65306708022913,0.002189189142981718,0.6575480139044156,0.6598148292147092,0.0022668153102936017
3853,0.6211579600437274,0.6237557359635144,0.0025977759197870487,0.6348504111166366,0.6378223184363699,0.0029719073197332913
3854,0.6224911168388185,0.6236521342521487,0.0011610174133301898,0.6560237052796709,0.6569480225083361,0.0009243172286651502
3855,0.6490361790608355,0.6504620364778366,0.0014258574170010752,0.6582721686565906,0.6601635338983394,0.0018913652417488214
3856,0.659177592052686,0.6613313540837364,0.0021537620310504435,0.6691847369686434,0.6711691293878185,0.0019843924191750295
3857,0.6264712497680786,0.6272047577907184,0.0007335080226398283,0.644639062628193,0.6448892351609743,0.0002501725327812565
3858,0.632826360387932,0.6317635421173552,-0.0010628182705768596,0.6387923137063237,0.6376579890937382,-0.0011343246125855577
3859,0.6253558837390691,0.6248653086506026,-0.000490575088466505,0.636835754256048,0.636387169024854,-0.0004485852311939542
3860,0.638397545918907,0.6432177323959587,0.0048201864770517355,0.6478959044860239,0.6531895239100781,0.005293619424054263
3861,0.645578721438847,0.646200108918299,0.0006213874794520624,0.6533986073215322,0.6546482272668044,0.0012496199452721735
3862,0.6181902075069017,0.6193200936345703,0.0011298861276686223,0.6338207947874923,0.6349697062624908,0.0011489114749985152
3863,0.6370665712799848,0.6407161950900209,0.0036496238100360845,0.6636517154145004,0.6674198313565293,0.00376811594202886
3864,0.6118202872251385,0.6145614081164827,0.002741120891344262,0.6305332323744814,0.6331797283905426,0.0026464960160611506
3865,0.6102134653987963,0.6111369787863911,0.0009235133875947765,0.6178351867013762,0.6185777490551917,0.0007425623538155346
3866,0.6409075611381807,0.6387235461400784,-0.0021840149981022794,0.6512579397405911,0.6492548341505289,-0.0020031055900622263
3867,0.663337009545654,0.6670605198490817,0.0037235103034276573,0.6684325192751002,0.6730827482731553,0.004650228998055117
3868,0.6414560715600721,0.6422443292477612,0.0007882576876890868,0.6507480497105004,0.6518350062322394,0.0010869565217390686
3869,0.6384823541205141,0.6401703151008441,0.0016879609803299722,0.6480269476721444,0.6489802214515051,0.0009532737793607193
3870,0.632054578605328,0.633049202274991,0.000994623669662964,0.6426413465545059,0.6445026012418477,0.0018612546873417735
3871,0.6517995212674152,0.6526952463959274,0.0008957251285121037,0.6578856599043822,0.6586171807989466,0.000731520894564408
3872,0.6492862565350835,0.6516053170582924,0.002319060523208849,0.6613626251069042,0.6630774441043319,0.0017148189974276473
3873,0.6242591864180072,0.6260326688093321,0.0017734823913249098,0.6372753301376982,0.639477005274156,0.002201675136457748
3874,0.6276268405526015,0.6300057334067024,0.002378892854100867,0.6442101912094417,0.6465497357228992,0.0023395445134575255
3875,0.6256687661721532,0.6267063660229002,0.0010375998507470285,0.6410759735759736,0.6427445224184354,0.0016685488424618145
3876,0.643512966586312,0.6436544126590352,0.00014144607272326137,0.651838194873909,0.6514573679713431,-0.0003808269025659117
3877,0.6387560183842926,0.6418008987574936,0.003044880373200942,0.6504805511072008,0.6534228986147658,0.0029423475075649463
3878,0.6486471731847177,0.6473837467400513,-0.0012634264446663712,0.6588490471914309,0.6572840180177061,-0.0015650291737248079
3879,0.6442449967355562,0.6467477868798858,0.0025027901443295253,0.6623055496416153,0.6651733581615976,0.002867808519982362
3880,0.6259430871024818,0.6271164118169675,0.001173324714485724,0.6336674662321858,0.6348576287266962,0.0011901624945103162
3881,0.664482487912844,0.6653696868007078,0.000887198887863816,0.6707695615190333,0.6719327461604788,0.0011631846414454916
3882,0.6307987089165951,0.6321958096361784,0.0013971007195833218,0.6503199189431074,0.6515239323210339,0.0012040133779265272
3883,0.6268479374271962,0.6261746353622799,-0.0006733020649163368,0.6420841415584566,0.6417707961939603,-0.0003133453644963424
3884,0.6293551346648738,0.6287090277860259,-0.0006461068788479185,0.6364170806641014,0.6364533125481594,3.623188405799116e-05
3885,0.6503507492327067,0.6492155449004079,-0.0011352043322988559,0.6563847698869504,0.6554775611536546,-0.0009072087332957501
3886,0.6309118431862559,0.6324488298704152,0.0015369866841592472,0.6401974694125243,0.6413130687889934,0.0011155993764691008
3887,0.6589868849640304,0.6590861585149913,9.927355096095436e-05,0.6701677464183025,0.669891512989895,-0.00027623342840743526
3888,0.6370249694051254,0.6373515084690837,0.0003265390639582977,0.657850375059325,0.658650728087939,0.0008003530286140315
3889,0.6392541673178104,0.6424284667195185,0.0031742994017081028,0.655953856823422,0.6589815055032445,0.0030276486798225255
3890,0.6631947757445211,0.6624253322138528,-0.0007694435306683234,0.6723219646703267,0.6718376015887095,-0.00048436308161714514
3891,0.6153799496583584,0.6172212730144757,0.0018413233561173081,0.6358363661225745,0.636483255465116,0.0006468893425414235
3892,0.65799131815429,0.6577894364196534,-0.00020188173463664416,0.6722020129628825,0.6719299782343261,-0.000272034728556414
3893,0.6203679627328518,0.6215485906210552,0.0011806278882033894,0.6263171810976855,0.6273853158614724,0.0010681347637868654
3894,0.6190775483935306,0.6173808576442411,-0.0016966907492894645,0.6343134781529922,0.6333205519970226,-0.0009929261559695757
3895,0.6168998362791263,0.6144485098008436,-0.0024513264782826116,0.6295221934495062,0.6272176381014726,-0.0023045553480336434
3896,0.6499345116206666,0.654584723440062,0.0046502118193954,0.6619175795944764,0.6673504963509225,0.005432916756446082
3897,0.6350280553374511,0.6412379046745479,0.0062098493370967844,0.6574192859298528,0.6635078109314211,0.006088525001568312
3898,0.6227763523975856,0.623313875320829,0.0005375229232434942,0.6320283701805441,0.6326824986607594,0.000654128480215288
3899,0.6162394279280019,0.6165901463263141,0.00035071839831224416,0.638126957811023,0.6381617298023167,3.4771991293647275e-05
3900,0.6317713333244992,0.632444808713961,0.0006734753894618306,0.6415952776361713,0.6418633911651542,0.0002681135289829273
3901,0.636046762309584,0.637229906386932,0.0011831440773479862,0.6514445728671123,0.6513642943789053,-8.027848820701955e-05
3902,0.636293662853596,0.6397676962104467,0.003474033356850703,0.6541703329226959,0.6578295842993385,0.0036592513766425805
3903,0.6420121973117218,0.6434969335684706,0.001484736256748831,0.6477958351428619,0.6490019358054842,0.001206100662622278
3904,0.6372733562719705,0.6377265752698724,0.00045321899790196074,0.6458242613457739,0.6462952758385275,0.00047101449275366303
3905,0.6402639600813214,0.6391257297549875,-0.0011382303263338667,0.6582368476933695,0.6565358313184401,-0.001701016374929476
3906,0.6462243779529068,0.6478246670206402,0.0016002890677334625,0.6545230373491243,0.656348615787975,0.0018255784388506724
3907,0.6621709115894138,0.6619782196703351,-0.00019269191907866912,0.6706596690460506,0.6705516007858084,-0.00010806826024212235
3908,0.6116724878035937,0.6127053801604642,0.0010328923568704296,0.6284226674085177,0.6296197794751951,0.001197112066677386
3909,0.6518649810183688,0.6537705523516154,0.0019055713332466473,0.6686090970488775,0.6712488486016727,0.0026397515527951665
3910,0.6097568504685106,0.6089886833138825,-0.0007681671546281299,0.6268278304770732,0.6268511224025392,2.329192546590697e-05
3911,0.650452850308323,0.6500441386828395,-0.00040871162548350437,0.6575465102052488,0.6563689739733648,-0.001177536231883991
3912,0.6382792319501359,0.6384890095471876,0.00020977759705165244,0.6457094723674638,0.6459573525066482,0.00024788013918441987
3913,0.6096068183494487,0.6103492630776658,0.000742444728217051,0.6308063796107275,0.6316788163527294,0.0008724367420018808
3914,0.6318435829608312,0.6336054952250091,0.0017619122641778784,0.6523646208604285,0.6539755419086897,0.0016109210482612157
3915,0.6546587317671019,0.6558574151889107,0.0011986834218088438,0.6651334812542998,0.6660030464716912,0.0008695652173913437
3916,0.6327764296181068,0.632356688394998,-0.0004197412231087272,0.6487584984215854,0.6483914741415177,-0.00036702428006774035
3917,0.6474219562963995,0.6470190301999077,-0.0004029260964918402,0.6532410597627989,0.6526026884722537,-0.0006383712905452255
3918,0.6296271308210597,0.6307471754513878,0.0011200446303281097,0.6385441799209916,0.6393445751779085,0.000800395256916997
3919,0.6062203081216948,0.607947823643464,0.0017275155217691962,0.6107374377927739,0.6125079860850612,0.0017705482922872884
3920,0.6437441621450541,0.6452508505030163,0.0015066883579621937,0.6552835151680863,0.6566283659694588,0.001344850801372588
3921,0.6627252110688097,0.6628584894441307,0.00013327837532106646,0.6735539324873276,0.6735589998836995,5.0673963718494974e-06
3922,0.6374272541227424,0.63802867803894,0.0006014239161976631,0.6447757073844029,0.645674916870569,0.0008992094861660638
3923,0.6278469424380007,0.6284435522732066,0.0005966098352059301,0.6329873384070648,0.6331959462243684,0.00020860781730358546
3924,0.6302747610368822,0.6342551705845674,0.003980409547685193,0.6514725619047437,0.6547386074533978,0.003266045548654173
3925,0.6709455948450153,0.6702882723822244,-0.0006573224627908214,0.6759256463989431,0.6751181929827943,-0.0008074534161488511
3926,0.6344287689998837,0.6354323540161922,0.0010035850163085946,0.6431435278288135,0.6443669903566238,0.0012234625278103595
3927,0.6483195770900967,0.6470861969016665,-0.001233380188430222,0.6562962985343492,0.6547415127404329,-0.0015547857939163245
3928,0.6667113759990101,0.6666415438229325,-6.983217607758885e-05,0.6703049345109838,0.6698632023301212,-0.00044173218086263066
3929,0.6311704396172025,0.6290151942725519,-0.0021552453446506137,0.6410706961396996,0.638832849445331,-0.0022378466943685504
3930,0.6376160001746041,0.6382149997587457,0.0005989995841416684,0.6530017131556379,0.6533085078102586,0.0003067946546206901
3931,0.6486783448899284,0.6521809720529816,0.0035026271630532735,0.6609483521809107,0.6637003827590282,0.002752030578117459
3932,0.6357109965628539,0.6386527952884504,0.0029417987255965228,0.6408573580596066,0.6436439193244289,0.0027865612648222404
3933,0.6464192521007629,0.6459642302413929,-0.000455021859369964,0.6567592441396439,0.6557562978106105,-0.0010029463290334162
3934,0.6304619382449682,0.6286534789535854,-0.0018084592913828468,0.6541527195585067,0.6528869932416296,-0.0012657263168771582
3935,0.6177301768491169,0.6184772693924118,0.0007470925432948583,0.6311299328810925,0.6317479139338561,0.000617981052763561
3936,0.6645054509266827,0.6650034652832012,0.000498014356518528,0.6750265880087674,0.6755423041766574,0.0005157161678900346
3937,0.638154823439122,0.6357945310241483,-0.002360292414973708,0.6583904783230918,0.6563415851872421,-0.002048893135849772
3938,0.671284769253406,0.6721966389152482,0.0009118696618422018,0.6744110442211203,0.6757840914637328,0.0013730472426124463
3939,0.6309350086851857,0.6322536632582659,0.0013186545730802246,0.6456572835377183,0.6472068933481977,0.0015496098104793576
3940,0.6339631734961632,0.6341176628506389,0.00015448935447570644,0.6455722084104775,0.6465078669548316,0.0009356585443541787
3941,0.6585791580380631,0.6578872299427453,-0.0006919280953178175,0.6746202500782085,0.6742183572850113,-0.0004018927931971339
3942,0.6307944592223699,0.6331398288234334,0.002345369601063574,0.6382247374912128,0.6408125964921151,0.002587859000902304
3943,0.6349099962676643,0.6362506310286904,0.0013406347610260827,0.6472223730375903,0.6482242395285873,0.0010018664909969832
3944,0.6277721341211281,0.6294473308812345,0.0016751967601064122,0.6426105517644244,0.6444285164084761,0.001817964644051706
3945,0.6557382357153501,0.6542150996201153,-0.0015231360952348005,0.6628903243673063,0.6610065800922579,-0.001883744275048449
3946,0.6443251401663205,0.6440601331007455,-0.00026500706557497367,0.6501424587501764,0.6497318307308527,-0.00041062801932367776
3947,0.6422456000775911,0.6429696049512196,0.0007240048736284477,0.6540730622379085,0.6546515545043803,0.0005784922664717751
3948,0.6484471420810265,0.649104541028544,0.0006573989475174846,0.6597886356326255,0.6600693331959316,0.0002806975633061759
3949,0.6251024627639711,0.6268571833814507,0.0017547206174796104,0.6320147556748994,0.6339387616206443,0.0019240059457449332
3950,0.6389889396858315,0.6415953532047192,0.0026064135188876847,0.6622162781331022,0.6642070892543482,0.0019908111212459945
3951,0.6221431070629544,0.6217566841182522,-0.0003864229447021472,0.6308091566588645,0.6302809062912946,-0.0005282503675698713
3952,0.6401939705724342,0.6402331209276736,3.915035523938126e-05,0.6488429271079754,0.6491346643562345,0.0002917372482590386
3953,0.6183904137464481,0.6197450441794708,0.001354630433022752,0.64377899092302,0.645411681903537,0.0016326909805169931
3954,0.6418133340062863,0.645006058366885,0.0031927243605986977,0.6493664990572552,0.6525944305460564,0.0032279314888011834
3955,0.6301211326376686,0.6316771342302306,0.001556001592562084,0.6400489110424158,0.6414498772259908,0.001400966183574992
3956,0.6312485058431211,0.6320430025220893,0.0007944966789682484,0.6460065297021819,0.6474471784254392,0.0014406487232573317
3957,0.6585831452724618,0.6572083532052971,-0.0013747920671646208,0.6702917494437491,0.6684944284072978,-0.0017973210364513603
3958,0.6275557534517369,0.6283631988204547,0.0008074453687177963,0.6434893136380405,0.6440727881345584,0.0005834744965178551
3959,0.6672187932799101,0.6689803840384867,0.0017615907585766255,0.6757486040752801,0.6775394943444313,0.0017908902691511353
3960,0.6517964186084018,0.6528678069759605,0.0010713883675587121,0.655391997388137,0.6569757397327491,0.0015837423446121157
3961,0.6403806900771325,0.6399175130412619,-0.0004631770358706211,0.650847697363277,0.6503156328094734,-0.0005320645538036128
3962,0.6387519517557869,0.6406072729404909,0.0018553211847039952,0.6477818611763974,0.6493462260527828,0.001564364876385449
3963,0.6479256367112717,0.6488544477086364,0.0009288109973647485,0.6544707161267261,0.6554201772935787,0.0009494611668525721
3964,0.628772810315257,0.6292417852087832,0.00046897489352615285,0.6448456258489219,0.6445695733989564,-0.0002760524499655359
3965,0.6353745219101679,0.6347951875907123,-0.00057933431945556,0.6470487664914691,0.646379870170399,-0.0006688963210701449
3966,0.6326198484687325,0.6313564428944187,-0.001263405574313814,0.6455822126154608,0.6435118192407195,-0.0020703933747412417
3967,0.635535258425745,0.6353903568447681,-0.0001449015809769083,0.6454860848903449,0.6456543043520425,0.00016821946169764956
3968,0.6264505626431566,0.6273062037867614,0.0008556411436048128,0.6314578951819028,0.63241080700438,0.0009529118224772537
3969,0.6224937828990831,0.6256051199571823,0.003111337058099184,0.6301952871391829,0.6332007599272644,0.003005472788081498
3970,0.6121749697341167,0.6126052669293007,0.0004302971951840595,0.6256183619395764,0.6259077464680913,0.00028938452851490215
3971,0.61485069306744,0.6162842121421377,0.0014335190746976867,0.6288796827181051,0.6299666392398443,0.0010869565217391797
3972,0.640268964849625,0.6423851498096679,0.002116184960042844,0.6562630029519105,0.6572960761588968,0.0010330732069863124
3973,0.6463421214584474,0.6450568654000939,-0.001285256058353501,0.6609120360290806,0.6592990113725776,-0.001613024656502926
3974,0.6495766707080471,0.6538685706270994,0.004291899919052211,0.6573392567729432,0.6615723787234566,0.004233121950513397
3975,0.6424571447894121,0.6420539519537126,-0.00040319283569945075,0.6561032319705647,0.6553603610755873,-0.0007428708949774876
3976,0.6340079796725867,0.635862415829228,0.0018544361566412704,0.654984287615223,0.6573645842154683,0.002380296600245302
3977,0.6482525577115508,0.6508267369609191,0.0025741792493683135,0.6556923248675166,0.658558359798769,0.0028660349312523703
3978,0.6429752081853105,0.6452012127517829,0.0022260045664723727,0.6577775575779785,0.659541156298099,0.0017635987201204406
3979,0.6381028548509631,0.637519202185016,-0.0005836526659470653,0.6570832814937457,0.6568291877613911,-0.0002540937323546322
3980,0.6542292261437088,0.6541967542460931,-3.2471897615682366e-05,0.6645718461868166,0.6644422897529124,-0.000129556433904221
3981,0.6485368176650347,0.6485966338785066,5.981621347195265e-05,0.6565549414123406,0.6574961077339416,0.0009411663216010169
3982,0.6255372479936926,0.622815774856435,-0.0027214731372575685,0.648267483808198,0.6459661619416588,-0.0023013218665391966
3983,0.6354458853773588,0.6343476785793909,-0.0010982067979679044,0.6590602709923484,0.6584591510977501,-0.0006011198945983232
3984,0.6463615673505408,0.6465702571746544,0.00020868982411359482,0.6559786107612194,0.6560082550299942,2.964426877472004e-05
3985,0.6345180405538913,0.6347922501978606,0.00027420964396929204,0.6451600241892596,0.6455831517863001,0.00042312759704055125
3986,0.628408914027079,0.6309599898361539,0.0025510758090748764,0.6400449877666857,0.6430369716282349,0.0029919838615491967
3987,0.6503694115509286,0.6509975645930317,0.0006281530421030634,0.6624908527340146,0.6628202334981779,0.00032938076416322293
3988,0.6863019432026002,0.6853018356563191,-0.0010001075462811038,0.6966808395532559,0.6951307591988275,-0.0015500803544283848
3989,0.6460405657029081,0.6476550594600072,0.0016144937570991003,0.6572821011695692,0.6587727843993829,0.0014906832298137163
3990,0.6339808103146103,0.6368047137660318,0.0028239034514214723,0.6458519192618551,0.6491961027850668,0.0033441835232116413
3991,0.6659824838361101,0.6673809609880069,0.001398477151896782,0.6782325524716829,0.679659820855473,0.0014272683837901479
3992,0.6226205420726594,0.6209340573218735,-0.0016864847507859215,0.6368967897083585,0.6350950907679127,-0.001801698940445795
3993,0.6136634023231656,0.6138183052319078,0.00015490290874220491,0.6332133222195334,0.6334065589345093,0.00019323671497584183
3994,0.648317619541167,0.6487913004378754,0.0004736808967084061,0.658100227383393,0.6585523115311295,0.00045208414773645345
3995,0.6065072310458899,0.6060108563165418,-0.000496374729348048,0.6286277689080368,0.6289653841913043,0.00033761528326747836
3996,0.6600649444947003,0.6630579687036883,0.002993024208987949,0.6663246413139958,0.6692266426942581,0.002902001380262309
3997,0.6357234707585675,0.6372400841483541,0.0015166133897865919,0.6457498174678344,0.6475522059006577,0.0018023884328232098
3998,0.6286479193583804,0.6297988741231966,0.0011509547648161922,0.6352048823425634,0.6356086090506381,0.0004037267080746476
3999,0.6255624005823185,0.6241219921146052,-0.0014404084677133167,0.6412295573408767,0.6403028994576971,-0.0009266578831795824
4000,0.6154303924111799,0.6156969974048397,0.0002666049936598247,0.6303596675064065,0.6306262306534045,0.0002665631469980223
4001,0.6278072891551776,0.6285272818002945,0.000719992645116907,0.6378166507765796,0.6387935000142982,0.00097684923771868
4002,0.6279729579024308,0.6298169122113506,0.0018439543089198152,0.6364261914750055,0.6386242591078556,0.0021980676328501314
4003,0.61818214762026,0.6224179413752988,0.004235793755038797,0.6224656143859041,0.6265198934401832,0.004054279054279131
4004,0.631149118790121,0.6346125799243105,0.003463461134189494,0.6491320997842738,0.6525416612373135,0.0034095614530397222
4005,0.6343898055072688,0.634834656513932,0.0004448510066632494,0.6519377394377395,0.652003108850935,6.536941319557066e-05
4006,0.6475261499890895,0.6484975985475875,0.000971448558497956,0.652833084279808,0.6537322937659741,0.0008992094861660638
4007,0.6303659015037631,0.6326011944579635,0.0022352929542003297,0.6430958618170739,0.6446117645515121,0.0015159027344382459
4008,0.6488718015044523,0.6529276700220789,0.004055868517626515,0.6612402943754878,0.6647563073480226,0.0035160129725347877
4009,0.6354844189183472,0.6353165701615383,-0.0001678487568088638,0.6459777466029959,0.6454621390221709,-0.0005156075808250282
4010,0.6186695028147495,0.6195100822897939,0.0008405794750443452,0.62675085922164,0.6268083259095414,5.746668790140852e-05
4011,0.6332121639094052,0.6332310031995271,1.8839290121919205e-05,0.6375738928640564,0.6382855905866237,0.0007116977225672949
4012,0.6332416113582553,0.6332686547532578,2.7043395002479542e-05,0.6461686259331447,0.6453734790510414,-0.0007951468821033592
4013,0.6459511380400379,0.643932837410515,-0.0020183006295229067,0.6508106350397211,0.6489197541814489,-0.0018908808582722703
4014,0.6636008235667101,0.6654726958893149,0.0018718723226047729,0.6741824920389127,0.6767257820822027,0.002543290043290014
4015,0.6133911652568157,0.6155444320510681,0.0021532667942524286,0.6197352854185152,0.6214433599526766,0.0017080745341614412
4016,0.6551735004874686,0.6559651841875469,0.0007916837000783161,0.6719364094905788,0.6736444840247403,0.0017080745341615522
4017,0.641123081281471,0.6445599075261531,0.003436826244682112,0.6510068690580019,0.6539614507082357,0.0029545816502338784
4018,0.6305862895485916,0.6309910455926557,0.0004047560440640918,0.6527702085976983,0.6525231730245756,-0.000247035573122667
4019,0.6060226223066817,0.6049166993954669,-0.0011059229112148072,0.613638706500846,0.6125545370471113,-0.0010841694537346847
4020,0.6427593193472294,0.6426695654609114,-8.97538863180447e-05,0.6517213328018954,0.6513086657587936,-0.0004126670431017221
4021,0.6351585324226514,0.6346133085785982,-0.0005452238440531998,0.6584252763126639,0.6578466641036169,-0.0005786122090469803
4022,0.6507622734865,0.6541326474049702,0.003370373918470282,0.6567781832283422,0.660629645775457,0.00385146254711477
4023,0.6372164305982154,0.637356390979682,0.00013996038146657508,0.6648790128413168,0.6653169324096713,0.0004379195683544834
4024,0.6414595025314124,0.642778391368245,0.0013188888368326213,0.6606680329521614,0.6626544161341966,0.001986383182035256
4025,0.6578307923451188,0.658503764631314,0.0006729722861952281,0.671262572804731,0.6717510896871097,0.00048851688237872
4026,0.6639732461548905,0.6650673195894324,0.0010940734345419312,0.6789885429099023,0.6793837998268983,0.00039525691699604515
4027,0.6666907430911695,0.667143877501736,0.0004531344105664914,0.6844183031139552,0.685009776857603,0.0005914737436477635
4028,0.6326118810586415,0.6336497284232329,0.0010378473645913378,0.646028150180861,0.6473009112362308,0.0012727610553697755
4029,0.6320602726567871,0.6348325270128616,0.0027722543560745327,0.6468191782448417,0.6494451271751387,0.002625948930296995
4030,0.6300418871541266,0.6296437621189829,-0.0003981250351436927,0.6489351052582311,0.648662394876825,-0.0002727103814060827
4031,0.6401382639912603,0.6386980385182347,-0.0014402254730255803,0.6499791479164584,0.6484746620641465,-0.0015044858523118876
4032,0.6474962779438954,0.6474927453322564,-3.532611638989991e-06,0.6640044483522745,0.6636843336843337,-0.00032011466794079624
4033,0.6548065736529454,0.6542743317733757,-0.0005322418795696837,0.6633874948580831,0.662713488912338,-0.0006740059457451819
4034,0.6279572771633594,0.6285292061076331,0.0005719289442737141,0.6377463989935386,0.6377087554776342,-3.76435159044064e-05
4035,0.6534180951797094,0.6552245906679696,0.0018064954882601736,0.6726328655972926,0.6740049717520075,0.001372106154714836
4036,0.6320483961818608,0.6306362300505558,-0.001412166131305015,0.6471700298138918,0.6450866964805585,-0.002083333333333326
4037,0.6328804686018369,0.6378033793702973,0.004922910768460409,0.6436083723040245,0.6484121554773729,0.004803783173348397
4038,0.6359704201095,0.634938726265769,-0.0010316938437310297,0.6423989608728646,0.6413394527481392,-0.001059508124725439
4039,0.6431901309112229,0.6435524929056736,0.0003623619944507217,0.6561485352858296,0.6560351341941675,-0.0001134010916621353
4040,0.6402320879488858,0.6437396536698621,0.0035075657209763245,0.6566577373298403,0.660571094504067,0.003913357174226695
4041,0.6249883497184138,0.6241803877895518,-0.000807961928862011,0.6294382834845669,0.6285567978204725,-0.0008814856640944058
4042,0.6286750970779578,0.6326358828211395,0.003960785743181705,0.6347253726354204,0.63841443719405,0.0036890645586296067
4043,0.6452737879820123,0.6465302625578508,0.001256474575838551,0.6594678241492936,0.6603951371034608,0.0009273129541671477
4044,0.652179018030099,0.6538826479709581,0.0017036299408590416,0.6612937260654169,0.6629858322683928,0.0016921062029758849
4045,0.6497524392631283,0.6486760935826318,-0.0010763456804965266,0.6584819978556968,0.6575357062955945,-0.0009462915601022859
4046,0.6239384335943875,0.6238332979884094,-0.00010513560597813498,0.6410260016419437,0.640767467905149,-0.00025853373679463054
4047,0.6268125283280092,0.6274041929909234,0.0005916646629142708,0.633201597336021,0.6337088437128324,0.0005072463768114321
4048,0.6191034426786896,0.619193756304668,9.031362597844428e-05,0.6271305999900398,0.6272631847965375,0.0001325848064976931
4049,0.6557535085995593,0.6534738859374387,-0.0022796226621205617,0.6626994917033003,0.6607322862034861,-0.0019672054998142174
4050,0.6065807001488416,0.6085817784041708,0.002001078255329247,0.6137382850496133,0.6161183566688154,0.002380071619202173
4051,0.6464506246755712,0.644830116772128,-0.001620507903443258,0.6566628742712205,0.6550686713726698,-0.0015942028985507228
4052,0.6388740360952347,0.639398161446041,0.0005241253508062593,0.6510042901826789,0.6514219902007625,0.000417700018083611
4053,0.6362661098778133,0.6352901448594691,-0.0009759650183441826,0.6493910595462561,0.6479685931237897,-0.0014224664224663508
4054,0.6570655413170204,0.6578356260467436,0.000770084729723175,0.6641990858504982,0.6648785513125725,0.0006794654620742024
4055,0.6697693865165484,0.6684924029547783,-0.0012769835617700842,0.6866341577211142,0.6859615453093714,-0.0006726124117428789
4056,0.6286273224471298,0.6301277563465222,0.0015004338993923616,0.6349839025787449,0.6362953085640638,0.0013114059853188698
4057,0.6547312353101011,0.6555257408771847,0.0007945055670836032,0.6697699511591554,0.6705677722638818,0.0007978211047263706
4058,0.6515093218445144,0.6537932245629189,0.002283902718404507,0.6547537383758611,0.6569810581575288,0.0022273197816676804
4059,0.6647431894586212,0.6639319768437528,-0.000811212614868384,0.6768237091127116,0.6760402534379516,-0.0007834556747600141
4060,0.6171500324454829,0.6206326968518773,0.0034826644063943313,0.6334574559692253,0.6366650550623741,0.0032075990931488274
4061,0.632881606848196,0.6343953001288789,0.0015136932806828485,0.6366097517460042,0.637374071966846,0.0007643202208418298
4062,0.6677552552694344,0.6692435569873022,0.001488301717867846,0.6864120983507523,0.6879454924928422,0.0015333941420898611
4063,0.6218515410731661,0.6262095078572151,0.004357966784048983,0.635013609578827,0.638807545111893,0.0037939355330659508
4064,0.6254313418332369,0.6250388809771085,-0.0003924608561284293,0.6393616439393347,0.6387577792050351,-0.0006038647342996306
4065,0.6318932004764635,0.6337817438697827,0.0018885433933192308,0.6447137279051035,0.6453755057407944,0.0006617778356908799
4066,0.6418929082526198,0.6405980868121058,-0.0012948214405139602,0.6548976297851415,0.6537465706992999,-0.001151059085841677
4067,0.6622232653331632,0.6622966289979059,7.336366474264278e-05,0.6722146387565704,0.6721833656818189,-3.127307475148111e-05
4068,0.6218825308548142,0.6239378962223685,0.0020553653675543515,0.6380489462938312,0.6402510919742378,0.002202145680406553
4069,0.6415485419611929,0.640738894377772,-0.0008096475834209471,0.661997258393648,0.6611117085215252,-0.0008855498721227484
4070,0.648085940706517,0.6467184353767123,-0.0013675053298047857,0.6598894454872716,0.6585669817191557,-0.0013224637681158447
4071,0.6408697235961573,0.6412051934112278,0.00033546981507048823,0.6501498231805137,0.6505653134873083,0.00041549030679455257
4072,0.6595233398844078,0.6588176075043176,-0.000705732380090196,0.6774192033336055,0.6759569880126947,-0.0014622153209108424
4073,0.6290842534998121,0.6282861236782703,-0.0007981298215418153,0.6529821581419999,0.6518713124659368,-0.0011108456760631213
4074,0.6508386241001698,0.6502922166046584,-0.0005464074955113807,0.6602158327207179,0.6605549259945938,0.00033909327387582344
4075,0.6501861046607135,0.6500434682960219,-0.00014263636469158403,0.6632179699926807,0.6628488825583759,-0.000369087434304749
4076,0.6534797722780246,0.6519146780580285,-0.001565094219996066,0.6569453960994796,0.6557179822090222,-0.0012274138904573295
4077,0.625910905296698,0.6302769211907926,0.004366015894094577,0.639863042283509,0.645492159543061,0.005629117259552063
4078,0.6386076511300883,0.6402401817016071,0.0016325305715187977,0.6482476437700537,0.648292718757584,4.507498753025807e-05
4079,0.6357164022194212,0.6355697948139604,-0.00014660740546079687,0.643764284686892,0.6437922724706343,2.7987783742355887e-05
4080,0.6474059934639838,0.6470884282769107,-0.0003175651870730434,0.6582007486056932,0.6577460739822206,-0.00045467462347259513
4081,0.6201096603614932,0.6197637724701034,-0.0003458878913897845,0.6303811053586166,0.6299183434828113,-0.0004627618758052954
4082,0.6238296798397498,0.6253741848342004,0.0015445049944505795,0.6366899439974866,0.6376076856760978,0.0009177416786112502
4083,0.6644425752591069,0.6684000173278445,0.003957442068737604,0.677921355003381,0.6821356913916305,0.004214336388249529
4084,0.6478506823124612,0.6499970852622097,0.0021464029497484383,0.6618560671189758,0.6639678683612119,0.0021118012422360888
4085,0.6193431895676674,0.6189438303193503,-0.00039935924831713265,0.626438382441999,0.6258657581353593,-0.0005726243066397352
4086,0.6413680104894369,0.6446754026197348,0.003307392130297848,0.6650244768580008,0.6687503222686288,0.003725845410628037
4087,0.618210388819489,0.6185786656702764,0.0003682768507874412,0.629197360845806,0.630320715325938,0.0011233544801320106
4088,0.6295403207182381,0.6316081908506186,0.0020678701323805226,0.6410202769665684,0.6433329522140262,0.0023126752474578183
4089,0.6452492524345222,0.6487334627279802,0.0034842102934579122,0.6600098369679921,0.6641369779429591,0.004127140974967025
4090,0.651345737811427,0.6539736702815254,0.002627932470098404,0.6666934986964571,0.6698819044935586,0.0031884057971014457
4091,0.6291699457977974,0.6299471344249045,0.0007771886271070727,0.6391192641241792,0.6396853323046638,0.0005660681804846579
4092,0.6549509613212618,0.652816486874212,-0.002134474447049839,0.6627808758303594,0.6604171767275299,-0.0023636991028295196
4093,0.6099546838170593,0.6114038260693699,0.0014491422523106312,0.613054218108566,0.6139882478469437,0.0009340297383777507
4094,0.6194321720989487,0.6205868093781255,0.0011546372791767512,0.6302551820465965,0.6313621547840038,0.0011069727374073413
4095,0.648987281594861,0.6476064363392164,-0.001380845255644525,0.6666770713593049,0.665185982170006,-0.0014910891892988554
4096,0.6433003635311063,0.644625112277001,0.0013247487458947216,0.65064225039759,0.651715404296831,0.0010731538992408973
4097,0.6276538363243884,0.629242221612093,0.0015883852877045523,0.6385852817304591,0.6408420105089271,0.0022567287784679424
4098,0.6324346834535605,0.6321694917522735,-0.0002651917012869154,0.6397943636375766,0.639504508565113,-0.0002898550724635962
4099,0.6154605420932037,0.6128024246775832,-0.002658117415620498,0.6333439587787414,0.6304212534647318,-0.0029227053140096215
4100,0.6209925585187924,0.6224497982158136,0.001457239697021162,0.6315321426476238,0.6328623703908951,0.001330227743271295
4101,0.6772056123616723,0.6781387623216366,0.0009331499599642967,0.6836310592645735,0.6837966907345526,0.0001656314699791661
4102,0.6238850252594283,0.6282351363696957,0.004350111110267396,0.6356716299175589,0.6403885313735908,0.0047169014560318745
4103,0.6733790043198015,0.6753231105556285,0.001944106235827081,0.6831778063784281,0.6857741593008679,0.0025963529224398707
4104,0.6481889882173896,0.6500768689815146,0.0018878807641250495,0.6575179641472214,0.6605611287121251,0.003043164564903722
4105,0.6594465405946214,0.6550317513471373,-0.004414789247484063,0.6646559266252361,0.6604372346891528,-0.004218691936083263
4106,0.6380910297869716,0.6412596672170305,0.003168637430058907,0.6417604858909207,0.6448401960358483,0.003079710144927583
4107,0.6462748246308159,0.6473505735572632,0.0010757489264473508,0.6616490663085759,0.6634244286274166,0.0017753623188406786
4108,0.643360785265411,0.6444626428362481,0.0011018575708371392,0.6667718642541436,0.6679611459869037,0.0011892817327601168
4109,0.6489221437382472,0.649150095497373,0.00022795175912582177,0.6617899683560814,0.6620930469200295,0.0003030785639480671
4110,0.6593283626192732,0.6589331271706607,-0.0003952354486125298,0.6696663318872236,0.6693402449307019,-0.0003260869565216984
4111,0.6523310661886361,0.651477515458226,-0.0008535507304101575,0.6652510679087532,0.6643058537026694,-0.0009452142060838442
4112,0.6497505613493453,0.6510410837824973,0.001290522433151975,0.6600188848986299,0.6618408310684022,0.0018219461697722705
4113,0.6406871262640849,0.6404815418418586,-0.00020558442222629036,0.6639788274182683,0.6641177163071574,0.00013888888888913264
4114,0.6450974824559881,0.6453971129835334,0.0002996305275453359,0.6518446208895248,0.6522761096905787,0.0004314888010539253
4115,0.653965585262326,0.6556611389519159,0.001695553689589957,0.6633576300924011,0.6652494520385709,0.0018918219461697694
4116,0.6365417225214169,0.6399971408174635,0.003455418296046564,0.6415435071678772,0.6451431683762341,0.0035996612083568635
4117,0.6378611446364284,0.6388516378296938,0.0009904931932653849,0.6445499916103238,0.6455851882976943,0.0010351966873705098
4118,0.6379858132659413,0.6404714900112041,0.002485676745262788,0.6546171299509039,0.6567241533622752,0.002107023411371256
4119,0.6401593065997119,0.6418296541962174,0.0016703475965055281,0.6500981758247588,0.6513237859634124,0.0012256101386536322
4120,0.6278017362403776,0.628747788424625,0.0009460521842473701,0.634426993864334,0.6351660313968498,0.0007390375325158072
4121,0.622181759911784,0.6232741393030355,0.0010923793912515078,0.6329536526275656,0.6332481528133702,0.00029450018580456927
4122,0.6404728654392017,0.6408833412273868,0.000410475788185094,0.6558939719466198,0.6565127010436097,0.0006187290969899006
4123,0.6484506889745798,0.6485698610855389,0.0001191721109591315,0.6633586475253143,0.6632755663552765,-8.308117003774651e-05
4124,0.6221062979488327,0.6222776616338761,0.00017136368504344635,0.6377999536695189,0.637946763381546,0.00014680971202707394
4125,0.6263140570447349,0.6285692929887742,0.0022552359440393133,0.6401728408263906,0.642644970146346,0.0024721293199554406
4126,0.6419995304999409,0.6457165806672527,0.0037170501673118306,0.651658242633024,0.6550466296083673,0.0033883869753433826
4127,0.6758264275903716,0.6772291287452297,0.001402701154858077,0.6853336313785456,0.6864447424896568,0.0011111111111111738
4128,0.6345827222373864,0.6334450585483851,-0.001137663689001367,0.6457162544758452,0.6446368543363428,-0.0010794001395024733
4129,0.6304150092173701,0.6306598240722213,0.00024481485485117194,0.6426647123624667,0.6429160158517565,0.0002513034892898114
4130,0.645077196539127,0.6445053637618594,-0.000571832777267578,0.660687179889125,0.6607270192767905,3.983938766549677e-05
4131,0.6247840007627399,0.6258197038002588,0.0010357030375188758,0.6348486999394101,0.6357970993660702,0.0009483994266601403
4132,0.6438525431958837,0.6491542746020837,0.00530173140620005,0.6562098880938507,0.661321328585726,0.005111440491875285
4133,0.6194746623414776,0.6212666332442078,0.0017919709027302,0.6193329200907278,0.6211351396103385,0.0018022195196106816
4134,0.6435937535427735,0.6441184115206758,0.0005246579779023541,0.657911641498598,0.6584671970541536,0.0005555555555555314
4135,0.6459663729106431,0.6483696049380926,0.00240323202744952,0.6521383075730903,0.6549184983967593,0.002780190823668982
4136,0.6400590887659419,0.6423837065813497,0.0023246178154078256,0.6561273723099473,0.6571557159469866,0.0010283436370392973
4137,0.6261143902804462,0.6260275979796258,-8.679230082042633e-05,0.6366276718450632,0.6370290096377054,0.00040133779264217573
4138,0.6577163512092224,0.6586351490869494,0.0009187978777269734,0.663957279356424,0.6643823373901778,0.00042505803375381124
4139,0.6315443626030589,0.6326688882214385,0.0011245256183796126,0.6689206506054332,0.6701870412196499,0.0012663906142167392
4140,0.6305340359153745,0.6311687738371957,0.0006347379218212268,0.6437849613565414,0.6445146664340726,0.0007297050775312286
4141,0.6675859008704633,0.668250237154667,0.0006643362842037037,0.6791711296736174,0.6799745050422101,0.0008033753685927625
4142,0.6424964229644242,0.6412976720863537,-0.0011987508780705314,0.6512672994914529,0.6497266371131947,-0.0015406623782582285
4143,0.6352235602516636,0.634111875709277,-0.0011116845423866373,0.6479904559815318,0.6467585719235608,-0.0012318840579710333
4144,0.6644333063440205,0.6680234891790928,0.0035901828350722864,0.6683972662441329,0.6722049078778614,0.003807641633728487
4145,0.6213113528221829,0.6242192455602897,0.0029078927381068764,0.6285745978908432,0.6316041166812317,0.0030295187903884857
4146,0.6355571864838566,0.6374919620459405,0.0019347755620838791,0.6497644624418811,0.6515572348868274,0.0017927724449462445
4147,0.6087081936013351,0.6111451638898372,0.002436970288502094,0.6351618044034301,0.6371213200937642,0.001959515690334146
4148,0.6197116563823216,0.6220474131397965,0.0023357567574748828,0.6355508253505965,0.6378751556097093,0.002324330259112828
4149,0.6130565637276916,0.6168019492065046,0.0037453854788129792,0.6250912089741711,0.6282658121487743,0.0031746031746031633
4150,0.6137073165934591,0.6164426357767615,0.002735319183302387,0.6321036790145272,0.6346497923215101,0.0025461133069828445
4151,0.6139413538064363,0.616226758579919,0.002285404773482713,0.6216696785464236,0.6236946825279494,0.0020250039815257193
4152,0.6297741997610838,0.6322235038606635,0.0024493040995796633,0.6382628844585367,0.6402636373288548,0.00200075287031809
4153,0.6812831431081628,0.6817636594203556,0.0004805163121927025,0.6891371076181203,0.689954647566095,0.0008175399479747325
4154,0.642628026674454,0.6406546700918909,-0.001973356582563035,0.653167643312692,0.6514758930339851,-0.0016917502787068273
4155,0.6315529913456424,0.6297111931012243,-0.0018417982444181025,0.6437186305172359,0.6417753805305076,-0.001943249986728235
4156,0.62419093445157,0.6278660889373716,0.0036751544858015794,0.6358709429829748,0.6396657351473322,0.003794792164357408
4157,0.6297076684825426,0.629715212814727,7.54433218441708e-06,0.6391825287048801,0.6390816633866235,-0.00010086531825659328
4158,0.6307043971296614,0.6316594177188518,0.0009550205891903918,0.6416928894571692,0.6427970069935118,0.0011041175363426525
4159,0.65979629938919,0.6613624528246916,0.0015661534355015938,0.6738061136012895,0.6742142199876567,0.0004081063863672352
4160,0.6570646951301682,0.660138353040539,0.0030736579103708417,0.6646981762199153,0.667599550208246,0.00290137398833068
4161,0.61330672177047,0.6142892541255541,0.0009825323550841647,0.6240369737138648,0.6251702969124053,0.0011333231985405368
4162,0.6381009599013328,0.6379869175704623,-0.00011404233087042304,0.6468589817231912,0.6477598242736502,0.000900842550458969
4163,0.650006408933453,0.6519300783393301,0.001923669405877182,0.6521860506643116,0.6537828234567364,0.001596772792424872
4164,0.6244086891519093,0.6284518898679612,0.004043200716051909,0.6370284358543252,0.640613980744218,0.003585544889892822
4165,0.6470460748695124,0.6499237794985953,0.002877704629082878,0.6590862695833559,0.662248795463273,0.0031625258799170552
4166,0.6266376126981765,0.6243636109247307,-0.002274001773445833,0.6394620754190504,0.6370345391871663,-0.0024275362318840754
4167,0.6386223054285152,0.6389719820971124,0.0003496766685971986,0.659043358854018,0.6591177047979291,7.434594391109162e-05
4168,0.605457916846209,0.6062688075008364,0.0008108906546274719,0.6360011126884646,0.636282341121867,0.0002812284334023918
4169,0.6566699720567825,0.656111185634295,-0.0005587864224874117,0.6599911462198798,0.6595839688561805,-0.0004071773636992182
4170,0.6281237052001833,0.628034478065978,-8.922713420533857e-05,0.6377658481047228,0.6376242143761326,-0.00014163372859021806
4171,0.6464822435267534,0.6449591158746578,-0.0015231276520956127,0.6576381046489742,0.6562030360943405,-0.0014350685546337116
4172,0.6674848275196317,0.6680773747435268,0.0005925472238951235,0.6890100880452792,0.689651909991449,0.000641821946169796
4173,0.6630329109345774,0.6640194623959025,0.0009865514613250914,0.6726409783624097,0.6734056122792176,0.0007646339168079219
4174,0.6385630610717333,0.6417018322608511,0.0031387711891177617,0.650448465712545,0.6526016748222759,0.002153209109730936
4175,0.6359575877354843,0.6356919183777215,-0.00026566935776273226,0.6589129127524785,0.6584698172006873,-0.0004430955517912283
4176,0.6412919757582283,0.6437108705722807,0.0024188948140524413,0.656923426814731,0.6583862393645001,0.0014628125497690991
4177,0.6674520861861698,0.6663399689597143,-0.0011121172264555446,0.6746512677445025,0.6732070597785552,-0.0014442079659472418
4178,0.6350807718229027,0.6347712257642332,-0.0003095460586695076,0.647520468661773,0.647408714473932,-0.00011175418784103996
4179,0.6515853901304386,0.6500095432656644,-0.0015758468647741886,0.6599638580584873,0.6590560701941774,-0.0009077878643098947
4180,0.6546895786907055,0.6581563202110722,0.003466741520366634,0.661913753668479,0.6651950134714779,0.0032812598029988704
4181,0.6499605895033213,0.6486451479107099,-0.0013154415926113217,0.6645356967911317,0.6632884838591361,-0.0012472129319955894
4182,0.6368831969786847,0.638409348554021,0.0015261515753363097,0.6533549142005117,0.654260711301961,0.0009057971014492239
4183,0.6216328584635411,0.6211715830081488,-0.0004612754553923182,0.6420372571745571,0.6413121241839778,-0.0007251329905793025
4184,0.6226576449709996,0.625250023065264,0.0025923780942643804,0.6363293488219796,0.6387003473886305,0.002370998566650906
4185,0.6459591127759816,0.646922717528839,0.0009636047528573943,0.6638898028400411,0.6651069552528456,0.001217152412804512
4186,0.6496156912120654,0.6477726094020639,-0.001843081810001479,0.6573104492126232,0.6553868655499091,-0.0019235836627140568
4187,0.6581363675039941,0.656559913392665,-0.0015764541113291175,0.6700729502806801,0.6685822670508665,-0.0014906832298136052
4188,0.6565354150636573,0.6544069558371418,-0.0021284592265155,0.663920122490022,0.6624946880211092,-0.0014254344689127452
4189,0.637589898561492,0.6399129853652765,0.0023230868037845687,0.6424606380351425,0.6443664858105554,0.0019058477754129166
4190,0.6395614161604346,0.6418525113188221,0.002291095158387546,0.6499013925910317,0.6514455609830263,0.0015441683919945604
4191,0.6379231075977,0.6389859952354361,0.0010628876377360985,0.641876877224171,0.643351368916054,0.001474491691883073
4192,0.6468911254369146,0.6475753915389187,0.0006842661020041163,0.654765291135569,0.6557797838891922,0.0010144927536231974
4193,0.6303550052723509,0.6298632621116683,-0.0004917431606825673,0.6444647599366581,0.643396782020854,-0.0010679779158040414
4194,0.6329068727674686,0.6334361952931633,0.0005293225256947087,0.6363885389245525,0.6369924036588521,0.0006038647342996306
4195,0.641038071871567,0.644538751167473,0.0035006792959059174,0.6517942333868609,0.6551405730375486,0.0033463396506876464
4196,0.628599753394112,0.6287099681642194,0.00011021477010741965,0.637739102587975,0.6374148978072485,-0.00032420478072647807
4197,0.6377331292004527,0.6389189200080194,0.0011857908075667556,0.651643597264006,0.6517610522727653,0.00011745500875925963
4198,0.6482024176555543,0.650060502399416,0.001858084743861732,0.6528627585063009,0.6548490331012713,0.001986274594970361
4199,0.6466143028962694,0.6449536875522838,-0.0016606153439856497,0.6594676748151775,0.658172110476135,-0.001295564339042543
4200,0.6220794803704502,0.6232131839309726,0.0011337035605223367,0.634051920768841,0.6344925907612676,0.0004406699924266455
4201,0.6484128256337115,0.6483749644204656,-3.786121324589331e-05,0.6563728479040387,0.6569349066182715,0.0005620587142327604
4202,0.6266434894178434,0.6257163157000096,-0.0009271737178337958,0.6403907307805989,0.6391936669748396,-0.0011970638057593463
4203,0.6443069132687016,0.6410439100408265,-0.0032630032278750942,0.6520350869041449,0.6486603457033169,-0.0033747412008280353
4204,0.6126781301495419,0.6120380382973962,-0.0006400918521456411,0.624124094859389,0.6232066427462847,-0.0009174521131043445
4205,0.6546058009687313,0.6557006443895731,0.0010948434208417623,0.6620218624835698,0.6626326285291185,0.0006107660455487718
4206,0.6277626230735712,0.6323483571191565,0.004585734045585266,0.6373543548360867,0.6422916681621468,0.0049373133260600666
4207,0.6462091401144854,0.6485263256388157,0.0023171855243303563,0.6565641726102156,0.6590279407261577,0.0024637681159420666
4208,0.6462517620707466,0.6478882179374097,0.0016364558666630558,0.6619367576251147,0.6637449011723888,0.0018081435472740992
4209,0.644314966646974,0.646473680295701,0.0021587136487269953,0.6580210094528153,0.6601746245220312,0.002153615069215964
4210,0.6412293943373333,0.6456191632840584,0.004389768946725159,0.6551283655786878,0.6591418882878626,0.004013522709174766
4211,0.6490097055908123,0.6468574848234234,-0.002152220767388857,0.6565897241904275,0.6550957471529723,-0.0014939770374552408
4212,0.6553921143710832,0.655824538787078,0.000432424415994781,0.6781738629372901,0.6784408593679694,0.00026699643067928935
4213,0.6529283880866239,0.6536864514209533,0.000758063334329373,0.6617815639914442,0.661621108504902,-0.0001604554865421992
4214,0.6276003615803095,0.6288198283528733,0.001219466772563793,0.6441036284734473,0.6480212535638412,0.00391762509039395
4215,0.6406994011062163,0.6446195938117227,0.003920192705506476,0.6677311282778036,0.6717759240617296,0.004044795783926025
4216,0.623805481362681,0.6279246323390851,0.00411915097640414,0.642346550833102,0.6465547822152464,0.004208231382144434
4217,0.6681014185206113,0.6664319091550069,-0.0016695093656043936,0.6795641736831268,0.6780182799633202,-0.0015458937198066236
4218,0.6315693694702711,0.6306130447221026,-0.0009563247481685355,0.6467129282786037,0.6453157385118488,-0.0013971897667549582
4219,0.6630612323719813,0.6642634258812051,0.0012021935092237923,0.6675029801116757,0.668567977915804,0.001064997804128276
4220,0.6327376742663654,0.6321740622021285,-0.0005636120642369402,0.6502667769369784,0.6501130659137022,-0.0001537110232762151
4221,0.6749456698179649,0.677931977453815,0.0029863076358500606,0.6799483325371971,0.6832063788387217,0.0032580463015245975
4222,0.633421644051059,0.6353166161799967,0.0018949721289376331,0.6471052772571626,0.6491615543134397,0.0020562770562770893
4223,0.6266699485012613,0.6271897290896498,0.0005197805883884188,0.6241479944138915,0.6243291538341813,0.00018115942028984477
4224,0.655243143687877,0.6551195346606447,-0.0001236090272322965,0.6685660763565255,0.6680989830633451,-0.0004670932931803984
4225,0.6338720413630977,0.633528665058668,-0.00034337630442971,0.640442773281648,0.6401598195204333,-0.0002829537612146771
4226,0.6530716522100007,0.6554903019826009,0.002418649772600201,0.6644736847461699,0.6662217278369238,0.0017480430907539368
4227,0.6498201404039478,0.6523559044561794,0.0025357640522316593,0.6546452279933385,0.6572539236455125,0.002608695652174031
4228,0.6438046831875788,0.6434167090536382,-0.0003879741339405385,0.6453682317375943,0.6449438010957724,-0.0004244306418218491
4229,0.6354815605480832,0.6381900180808673,0.0027084575327840366,0.6481183568372139,0.6513669922597622,0.003248635422548385
4230,0.6437155580240971,0.646503856339561,0.0027882983154638996,0.6553971386068344,0.6577828688186517,0.0023857302118173163
4231,0.6448338188627321,0.6476447232479952,0.002810904385263102,0.6543547080888937,0.6568357294829587,0.0024810213940649195
4232,0.638359714475501,0.6373355866887647,-0.0010241277867363285,0.6448484603781602,0.6437511518895473,-0.0010973084886128914
4233,0.6167455994627972,0.6184456432620177,0.0017000437992205075,0.6360275252782381,0.6374276287979068,0.0014001035196686828
4234,0.6565149040432893,0.6589803896677308,0.002465485624441488,0.6650390793703107,0.6672287254730002,0.0021896461026894576
4235,0.6642313728330587,0.6634072495450968,-0.0008241232879618865,0.6750121999918831,0.674927972625047,-8.422736683610932e-05
4236,0.6103019886309964,0.6143866420698226,0.004084653438826247,0.6299911542070649,0.63429438720595,0.0043032329988851314
4237,0.6257187710975957,0.6272139554637337,0.001495184366138047,0.6393244543543045,0.6408127486686859,0.0014882943143813554
4238,0.6273956805954701,0.6256168163153301,-0.001778864280140069,0.647039574756966,0.6445683744596787,-0.0024712002972873126
4239,0.637453755807094,0.6389436945828152,0.0014899387757212335,0.6489974880192271,0.6503529682877509,0.0013554802685238343
4240,0.67844391632455,0.6796526221651993,0.001208705840649249,0.6897085283264975,0.6907471756694927,0.0010386473429951915
4241,0.6202424622185062,0.6198085365011593,-0.00043392571734690577,0.6342535540258032,0.6331578140170196,-0.0010957400087835412
4242,0.6265109610538101,0.625640242179933,-0.0008707188738771299,0.6352004039441873,0.6344274570842838,-0.0007729468599034783
4243,0.6498628231182599,0.6513862730728243,0.0015234499545643265,0.6732597848729682,0.6753081893670249,0.0020484044940566326
4244,0.6601715309506944,0.6594479091375886,-0.0007236218131058125,0.6681063419522656,0.6675619346687277,-0.0005444072835378844
4245,0.6437170247014051,0.6435243221510353,-0.00019270255036984985,0.6562477455517911,0.655736185855449,-0.0005115596963420899
4246,0.644730109321679,0.6465544390521937,0.0018243297305147177,0.6564823218280096,0.6591217596848388,0.0026394378568291854
4247,0.649738092277375,0.6482737276587103,-0.0014643646186647263,0.6759104812493559,0.6748517573645452,-0.0010587238848107638
4248,0.6204335918942473,0.6250580686715914,0.004624476777344122,0.6251101067534377,0.6295266805178374,0.004416573764399745
4249,0.6388356472515647,0.6406403658235681,0.001804718572003372,0.653682804866328,0.6567952962396888,0.0031124913733607817
4250,0.6477240971544417,0.6531846915104655,0.005460594356023862,0.661586252241934,0.6665155138016303,0.004929261559696307
4251,0.6482312826100098,0.647312347428784,-0.0009189351812258773,0.6739902390351608,0.6732149273902839,-0.0007753116448768749
4252,0.6382140625508145,0.6391212782021496,0.0009072156513351137,0.6501413383276129,0.6509867489556321,0.0008454106280192386
4253,0.6756025787277233,0.6769790627547304,0.0013764840270070744,0.6805395776273524,0.6827205488300627,0.0021809712027103245
4254,0.6218833605661597,0.6212801801315642,-0.0006031804345955072,0.6311572316527743,0.630403999377803,-0.0007532322749712606
4255,0.6492048851325901,0.6518805548981161,0.002675669765526023,0.6574226441842156,0.6594596005498164,0.0020369563656008616
4256,0.6445522905852799,0.6453810922776979,0.0008288016924180575,0.65504733908007,0.6556206787838444,0.0005733397037744892
4257,0.6511219352217096,0.6516223366854397,0.0005004014637300935,0.6564788955270838,0.656705070318476,0.00022617479139219743
4258,0.6431892895953222,0.6451473174991935,0.00195802790387134,0.6528761399595312,0.6546877341624296,0.0018115942028984477
4259,0.6230793672512818,0.6214739803384165,-0.0016053869128652698,0.6352868954433052,0.6332384004600277,-0.0020484949832775268
4260,0.6540928197144972,0.6563163979628213,0.0022235782483240873,0.6673207216610144,0.6692424714088511,0.001921749747836654
4261,0.6249610455958948,0.6260085266116392,0.001047481015744367,0.636513291882285,0.6370313125090011,0.0005180206267161314
4262,0.634010088410283,0.6346883988410942,0.0006783104308112353,0.6536802013746569,0.6543942216538946,0.0007140202792377259
4263,0.6285612998109263,0.6275839397253761,-0.0009773600855502718,0.6658722644933994,0.6657756461359114,-9.661835748797643e-05
4264,0.638120093977392,0.6408781076983986,0.0027580137210065914,0.6502041901055722,0.6528646455921147,0.002660455486542479
4265,0.6565973748087648,0.6591680379398817,0.002570663131116868,0.6636442162658556,0.666249304414422,0.0026050881485664146
4266,0.6389453849103294,0.641149395951549,0.002204011041219589,0.6575649173051883,0.6601652095250456,0.0026002922198573586
4267,0.6501175708417457,0.6497187710087335,-0.0003987998330121645,0.6694163880972365,0.6691277352894022,-0.0002886528078342998
4268,0.6641682559250401,0.6672015982516192,0.003033342326579036,0.667990223807245,0.6709477493734662,0.0029575255662211974
4269,0.6294013145019387,0.6306299594673319,0.0012286449653932108,0.6424695428341802,0.643814435863856,0.0013448930296757755
4270,0.6386762243528915,0.6393772094476143,0.000700985094722828,0.6473993929025305,0.6480691337896627,0.0006697408871322308
4271,0.6521952558426436,0.6524493287467577,0.0002540729041140555,0.6605370207544119,0.6607929966625619,0.0002559759081499635
4272,0.6475949002682555,0.6479014469041685,0.00030654663591300757,0.6797088484637891,0.6796053287950521,-0.00010351966873700658
4273,0.630463656553784,0.6321777795359493,0.0017141229821653337,0.6468558931736926,0.6485407421411502,0.001684848967457575
4274,0.6434782083616805,0.6477516372122696,0.004273428850589123,0.6573969378909418,0.6617171587329017,0.004320220841959932
4275,0.6544924145647941,0.6549846112090727,0.0004921966442785752,0.6703941809936314,0.6709933402884429,0.0005991592948115798
4276,0.6466496865923083,0.6475880139531034,0.0009383273607951326,0.660235209519097,0.6612149302814264,0.000979720762329439
4277,0.6415564913496006,0.6430819219171082,0.0015254305675076463,0.6463033319926214,0.6475022779741761,0.0011989459815547887
4278,0.6126920336217745,0.6175620587991024,0.00487002517732793,0.6298347649813038,0.6355048245324374,0.005670059551133644
4279,0.644755942628326,0.6459590208806621,0.0012030782523361205,0.6577086075023475,0.6594755000301097,0.0017668925277621872
4280,0.6562290853826999,0.6545539925261585,-0.001675092856541327,0.6708208824089182,0.6696476594965649,-0.0011732229123533333
4281,0.6284665957496359,0.6275670257689431,-0.0008995699806928492,0.6395634193307547,0.638677590184056,-0.0008858291466986579
4282,0.6578857309193126,0.6582636151073327,0.0003778841880200945,0.6843833647042203,0.6847815172762859,0.00039815257206554655
4283,0.6558625076956635,0.6581626185696132,0.0023001108739497678,0.6664147078692372,0.6688626825998206,0.0024479747305834465
4284,0.6361766149860311,0.6367234169116439,0.0005468019256128498,0.644948456761713,0.6451612874093263,0.00021283064761334902
4285,0.6495071565955969,0.6490742666169804,-0.0004328899786164575,0.6598489975062659,0.6592462307078469,-0.0006027667984189744
4286,0.6305247613752568,0.6356883670725985,0.005163605697341644,0.6528754481617746,0.6588764700867096,0.006001021924935013
4287,0.6580064202244962,0.6589483698064048,0.0009419495819086299,0.6632791860711362,0.6640010366842913,0.0007218506131551061
4288,0.655112797204415,0.6560866395709326,0.0009738423665176521,0.6573648501943643,0.6578895066972816,0.0005246565029173311
4289,0.6512577042575832,0.653972666828731,0.002714962571147783,0.6706344451045069,0.6727769885513982,0.002142543446891354
4290,0.6324602908479496,0.6343968369610457,0.001936546113096016,0.6415677958636481,0.643516004659683,0.001948208796034856
4291,0.6182414738266706,0.6196581948301101,0.0014167210034394806,0.6255070332162669,0.6270097937407665,0.0015027605244996023
4292,0.6445743556121112,0.6474492154137625,0.002874859801651364,0.6613253131049764,0.6630618119002988,0.0017364987953223388
4293,0.644811388892053,0.6454913565329436,0.0006799676408906219,0.6491633264016115,0.6498619273176036,0.0006986009159921647
4294,0.6222445060691215,0.6229950269300036,0.0007505208608821201,0.636783911861068,0.6377607610987868,0.000976849237718791
4295,0.6557076229661468,0.6584160831717368,0.002708460205590013,0.6674940360381266,0.669816954665393,0.0023229186272664126
4296,0.6348351504259805,0.63617078989399,0.0013356394680095196,0.6467745875347172,0.6477770029936544,0.0010024154589372003
4297,0.6573690724353084,0.6570511025744012,-0.0003179698609071524,0.6728593486825993,0.672112595435846,-0.0007467532467533289
4298,0.6602847053609328,0.6621981139616012,0.0019134086006684647,0.6672291962509354,0.6691167531384923,0.0018875568875569293
4299,0.6283386782754729,0.6292920062460027,0.000953327970529827,0.635333740730399,0.6355336050664192,0.0001998643360201502
4300,0.6482421717078752,0.6488856979944285,0.0006435262865532865,0.6618051282259322,0.6623817858678072,0.000576657641874978
4301,0.6376689172946987,0.6382435377496976,0.0005746204549988976,0.6574089042055793,0.6585420222952192,0.0011331180896398951
4302,0.6419839372649856,0.6428566184354458,0.0008726811704602433,0.6558508503665356,0.6567759397698858,0.0009250894033502322
4303,0.6326271427441007,0.6344617061640373,0.0018345634199365968,0.6337503598392195,0.6351632464694973,0.001412886630277832
4304,0.6313862250035406,0.6309619962073281,-0.0004242287962125113,0.6522015287784736,0.6522304533917971,2.8924613323488835e-05
4305,0.6357288803754887,0.6367204594886772,0.0009915791131884788,0.6467704318365943,0.6477838266543372,0.0010133948177428742
4306,0.614305725486671,0.6162289254669112,0.0019231999802402644,0.6260214322087954,0.6270359249624186,0.0010144927536231974
4307,0.6242031029275285,0.6293258985889221,0.00512279566139362,0.6523351410445715,0.6580563280701064,0.005721187025534924
4308,0.6662900710064117,0.6648409115946322,-0.001449159411779477,0.6717062417309945,0.6699705860822952,-0.0017356556486992636
4309,0.6160420754899838,0.6173949400908475,0.0013528646008637013,0.6214665608090707,0.622135988000237,0.0006694271911662497
4310,0.5935260851953987,0.5943534433426911,0.0008273581472924008,0.6072597870794749,0.6079965020553203,0.0007367149758453762
4311,0.6578824226842472,0.6582280084608572,0.0003455857766099246,0.6642004653246157,0.6653219284026006,0.0011214630779848855
4312,0.6683905776867817,0.6676936409148398,-0.0006969367719418251,0.6783779888767101,0.6780470396327174,-0.0003309492439926842
4313,0.6387991412929157,0.6390156428104384,0.00021650151752272695,0.6524117683310023,0.6529894394521518,0.0005776711211494812
4314,0.6337980057398136,0.6370850584596839,0.003287052719870287,0.6441874008547558,0.6472225179116119,0.003035117056856107
4315,0.6279923210364641,0.6302818671355443,0.002289546099080275,0.6334695928174188,0.6361605733344862,0.0026909805170673984
4316,0.641404932901762,0.6412835051283479,-0.00012142777341417332,0.6478276814246231,0.6478826264795682,5.4945054945076954e-05
4317,0.6206104464661467,0.6215780240673601,0.0009675776012133541,0.6300884759326123,0.6307406498456558,0.0006521739130435078
4318,0.6431015680354997,0.6408614719466569,-0.002240096088842791,0.6572324330791149,0.6546478920163131,-0.002584541062801815
4319,0.6399878240546465,0.6424409919599519,0.0024531679053053645,0.6439706179427149,0.646531004416145,0.002560386473430043
4320,0.6522677525369444,0.6556184927709545,0.0033507402340101633,0.6606889403633484,0.6642111789942826,0.00352223863093426
4321,0.6451803001425667,0.6472423526158507,0.0020620524732840595,0.6505411617858271,0.6529023555792459,0.0023611937934188143
4322,0.6416027590287027,0.64629119996929,0.004688440940587291,0.6488520923929915,0.6524062676862972,0.003554175293305706
4323,0.6399549597048668,0.6438218831784838,0.0038669234736169456,0.6446174149645447,0.6482979288240867,0.003680513859541934
4324,0.6293088325996649,0.6320925858535626,0.0027837532538977916,0.6480744678027287,0.6512015581037321,0.0031270903010034434
4325,0.6546822181197204,0.6522060016231346,-0.0024762164965858036,0.6635116936203893,0.6610134189482016,-0.0024982746721876614
4326,0.6269330558476179,0.6268080108199383,-0.00012504502767962666,0.6423062927410754,0.6418942048289875,-0.0004120879120879106
4327,0.6298054312463371,0.6325550266687111,0.0027495954223739627,0.6409671015212711,0.6437382434228479,0.00277114190157679
4328,0.6256873945040687,0.6271574345400749,0.0014700400360061483,0.632288413588822,0.6337250204602115,0.0014366068713894675
4329,0.599611988055359,0.599699722665402,8.773461004296657e-05,0.6326535929843862,0.6328407587597872,0.00018716577540101031
4330,0.6331117564673878,0.6363675334482835,0.0032557769808956305,0.6520409041419,0.6547756885390885,0.00273478439718855
4331,0.6361773127638571,0.6387666112268101,0.0025892984629529714,0.6431418133281488,0.6455265300606915,0.002384716732542702
4332,0.6397903830095011,0.6387689839017929,-0.0010213991077081541,0.6471586605626377,0.6469765721196797,-0.00018208844295797277
4333,0.6387435462820197,0.6398017133129295,0.0010581670309097735,0.6532304531217573,0.6536139464400333,0.00038349331827602917
4334,0.662787968265504,0.6632584204864274,0.00047045222092334527,0.6768647505488452,0.6771535159405854,0.00028876539174016447
4335,0.6611994100210618,0.6645974052023483,0.003397995181286584,0.6778066386210401,0.6814181049467006,0.0036114663256605617
4336,0.6622068337927502,0.6661212610403703,0.003914427247620034,0.6766269984627032,0.6803036720306812,0.0036766735679779616
4337,0.6403878013200207,0.6430338536106615,0.0026460522906407435,0.6494533954709375,0.6522767375877578,0.0028233421168203376
4338,0.6470097147590139,0.646404201293477,-0.0006055134655369443,0.6500399359095012,0.6496282702804441,-0.0004116656290570342
4339,0.6438751474242309,0.645275370360538,0.0014002229363070384,0.6545351891977321,0.6562276271945181,0.0016924379967859782
4340,0.6465750004546501,0.6476319856720005,0.0010569852173504257,0.6639206506054333,0.6651694742455612,0.0012488236401279051
4341,0.6454230027401348,0.646647973131496,0.0012249703913612686,0.6620889981920678,0.6637718805271241,0.0016828823350563127
4342,0.6101116766618885,0.6135443752330445,0.003432698571156023,0.613859636912147,0.6167581876367848,0.0028985507246378495
4343,0.6616118201727176,0.6616242166719671,1.2396499249556214e-05,0.6699611046339732,0.6704172969923394,0.0004561923583662475
4344,0.6377630020064347,0.6390704991821724,0.0013074971757377485,0.6459046294865471,0.6480966584720544,0.0021920289855072994
4345,0.6564908155452138,0.6571592655523765,0.0006684500071626465,0.6649866057118896,0.665795941303834,0.0008093355919444045
4346,0.6247666769973331,0.6284665297383437,0.0036998527410105897,0.6420200362253096,0.6445647932585576,0.0025447570332480796
4347,0.6420401267709395,0.6433546565702861,0.0013145297993466531,0.6575278283643972,0.6597109074336656,0.002183079069268401
4348,0.6205959803935935,0.6238471804353817,0.003251200041788138,0.6352170397575135,0.63829077761386,0.003073737856346459
4349,0.6574568377361688,0.6597816098924758,0.002324772156306998,0.665575083129431,0.6683837322807912,0.002808649151360143
4350,0.6409451021790398,0.6371708261010096,-0.0037742760780301587,0.6572521441890651,0.6536877737768687,-0.0035643704121963715
4351,0.610110720006168,0.6120320241577756,0.001921304151607628,0.6291268631198298,0.6298305977909557,0.000703734671125944
4352,0.6099809436242665,0.6106845021014846,0.0007035584772181469,0.6273322187900192,0.6282984023648985,0.0009661835748793202
4353,0.6316340319268141,0.6318269185238752,0.00019288659706107047,0.6381222023227814,0.6387366241328553,0.000614421810073873
4354,0.6352497647277356,0.6358377346138571,0.00058796988612142,0.646743818446717,0.6470387409155525,0.0002949224688354457
4355,0.6402182888907706,0.6430418280651427,0.0028235391743720584,0.6511171925351767,0.6544349375920523,0.003317745056875543
4356,0.6316007214431609,0.6319775070520349,0.00037678560887399737,0.6433116742932917,0.6431502131343881,-0.00016146115890358637
4357,0.6409246299388279,0.6403620191399295,-0.0005626107988984108,0.6530289154944318,0.6525164931341833,-0.0005124223602485101
4358,0.6337363988288134,0.6367519905224384,0.003015591693624975,0.6478925902026419,0.6502755333464546,0.0023829431438127102
4359,0.6369314591458527,0.6366500806162273,-0.0002813785296253979,0.6510873305438523,0.6497533384489905,-0.0013339920948617356
4360,0.6566797306604422,0.6569548423575889,0.0002751116971467793,0.6643816219055294,0.6642656509199932,-0.00011597098553617347
4361,0.6249532106781126,0.6295701228193775,0.004616912141264917,0.6428874245634693,0.6466400125551877,0.0037525879917184035
4362,0.633426786972828,0.6355159604337632,0.0020891734609352897,0.64841034726668,0.6513890593758269,0.002978712109146908
4363,0.6686511352098923,0.6688377613360418,0.0001866261261495028,0.6798048106353118,0.6804593095890435,0.0006544989537317081
4364,0.6352705112542967,0.6358840965144189,0.0006135852601222291,0.6413403345201428,0.6409028975609669,-0.00043743695917597414
4365,0.6351719389542929,0.6376874325323493,0.0025154935780563603,0.6402927873005408,0.6422493090396714,0.0019565217391305234
4366,0.6381705962858167,0.636831342677907,-0.0013392536079097628,0.6476845920795747,0.6456638506726441,-0.0020207414069306484
4367,0.6179736636750114,0.6216608778959876,0.003687214220976176,0.6376108597215402,0.6411807198131394,0.0035698600915992085
4368,0.6233499698954713,0.6252802644478127,0.001930294552341394,0.6393824093002557,0.6416636666902087,0.0022812573899529953
4369,0.6418383596153733,0.6451590504794542,0.003320690864080933,0.6490056762849686,0.6524924069456123,0.0034867306606436443
4370,0.6658759372878608,0.6663943279943834,0.0005183907065225979,0.6714361966535881,0.6716275511927687,0.0001913545391806215
4371,0.6159587874485447,0.6183031595570876,0.0023443721085428804,0.6347925035415305,0.6372451233854547,0.0024526198439241975
4372,0.6282455443777273,0.6292423252378849,0.0009967808601576422,0.6327900082550605,0.633678552078387,0.000888543823326482
4373,0.6470101262245638,0.649708842271069,0.0026987160465051785,0.6536052714061172,0.6560026324991305,0.0023973610930132505
4374,0.6291379223019042,0.6292107368594995,7.281455759522437e-05,0.6404746907208044,0.6406378126230569,0.00016312190225242773
4375,0.6309761082005163,0.6307829195063225,-0.00019318869419382434,0.652213069064943,0.651907038068375,-0.0003060309965680075
4376,0.6221006350635866,0.6241172059040637,0.0020165708404771276,0.6443076459444125,0.6464891238867599,0.002181477942347465
4377,0.601607315587688,0.6024413740652207,0.0008340584775327065,0.6120666416856687,0.612916697427029,0.0008500557413603227
4378,0.6564336474487305,0.6559957547221792,-0.0004378927265512589,0.6595550718975132,0.6598328496752908,0.00027777777777759916
4379,0.6406413437183018,0.6411536779060925,0.0005123341877906196,0.6479095327418836,0.6481686456096921,0.000259112867808553
4380,0.6227986512161773,0.6250429514095187,0.002244300193341431,0.6424271004971515,0.6443045708528827,0.00187747035573127
4381,0.6304226147904363,0.6299970502730978,-0.00042556451733843925,0.6464737577851792,0.6460458764877327,-0.0004278812974465307
4382,0.653218029860028,0.6515645687899947,-0.0016534610700332797,0.6665906714112889,0.6650486343065919,-0.001542037104697025
4383,0.6457358733857788,0.6477467098299036,0.0020108364441248083,0.6549579623499397,0.6570636741998971,0.002105711849957337
4384,0.635471257155427,0.6393629035375795,0.003891646382152558,0.6476614930962757,0.6515434806739154,0.0038819875776396895
4385,0.6329287425599092,0.6330414320590043,0.00011268949909515324,0.6446105638205321,0.6442811830563687,-0.00032938076416333395
4386,0.6236013924975778,0.6241976888458368,0.0005962963482589734,0.6450344164514713,0.6456735840471608,0.0006391675956894938
4387,0.594932310320565,0.5941176000435071,-0.0008147102770579284,0.613066417100944,0.6121081965775061,-0.0009582205234378582
4388,0.6326941548331476,0.6317420567475442,-0.0009520980856033701,0.6385161588612237,0.6374357899547679,-0.0010803689064557975
4389,0.6638472665206715,0.6671058269503467,0.0032585604296752058,0.6784920201991814,0.6813204506490951,0.0028284304499136548
4390,0.6089552282770647,0.6113002051166214,0.0023449768395567006,0.6206001605110658,0.6227671722432948,0.002167011732228996
4391,0.6213268092620401,0.6247665724192821,0.0034397631572420373,0.6255612108219168,0.6288929921857348,0.003331781363817954
4392,0.6321033066780471,0.6351436357529785,0.003040329074931347,0.6389009529288157,0.6411526625718298,0.0022517096430141326
4393,0.6244581403121837,0.6220274873848839,-0.0024306529272998256,0.6285126407475382,0.6268413289675308,-0.0016713117800074562
4394,0.6400751327102481,0.6395826709016652,-0.0004924618085828669,0.6479197345153125,0.6472758132192172,-0.0006439212960952512
4395,0.6510989175400915,0.6500765134908747,-0.0010224040492168296,0.656711392472262,0.6556908188429927,-0.001020573629269217
4396,0.6280268406138803,0.6281899441034309,0.00016310348955062004,0.6502206576399095,0.6508402855964941,0.0006196279565845453
4397,0.6202323426415105,0.6206759391412203,0.0004435964997098196,0.6357390480895916,0.636540854978355,0.0008018068887634122
4398,0.6475564834501939,0.6511097655695424,0.0035532821193484665,0.667207485406243,0.6699082870200882,0.0027008016138452273
4399,0.6676069885527411,0.6693299107585231,0.0017229222057819626,0.6849200689194295,0.6864513154506761,0.0015312465312465884
4400,0.6360729656637927,0.6380930534763831,0.002020087812590443,0.6450176860475139,0.6464767342456925,0.0014590481981786585
4401,0.6291050782658383,0.6308942822998034,0.0017892040339650972,0.6373947762659453,0.6390667757640317,0.001671999498086385
4402,0.615807921715123,0.6164195842937775,0.000611662578654526,0.6358256889149801,0.6366339386362734,0.0008082497212932305
4403,0.6287420116016065,0.6288388515805895,9.683997898302099e-05,0.6451507663569326,0.6453258363849437,0.00017507002801109284
4404,0.6525334146035487,0.6511775513596527,-0.0013558632438960272,0.6624033800389056,0.6612198715184406,-0.0011835085204650042
4405,0.6324831625757527,0.6350658932268852,0.00258273065113257,0.6537459649881001,0.6557778702808749,0.0020319052927747494
4406,0.6539648424766569,0.656431387152283,0.0024665446756261256,0.6634726197347441,0.6656672367119698,0.002194616977225672
4407,0.637970373793588,0.6394458274553979,0.0014754536618099001,0.6475049545509904,0.6490903739624968,0.0015854194115063613
4408,0.6273576497737239,0.6298203141923213,0.002462664418597438,0.6467678684414684,0.6491470954946086,0.0023792270531401982
4409,0.645361190488053,0.6475017333904203,0.002140542902367315,0.6581215101323797,0.660235036702428,0.002113526570048263
4410,0.6271301337277592,0.6286261313122385,0.0014959975844793805,0.6419890350484979,0.6436988349104718,0.0017097998619738375
4411,0.6329152278036221,0.6367820617229162,0.0038668339192940993,0.6449703287443669,0.6483554219120687,0.003385093167701858
4412,0.6426620087524507,0.6454951017697979,0.0028330930173471325,0.6551872877959835,0.6583051120007642,0.0031178242047807947
4413,0.6048382788103728,0.6053957115447258,0.0005574327343530472,0.627535183895542,0.6276931436538853,0.00015795975834331788
4414,0.6596007329994948,0.6617056907697394,0.002104957770244553,0.665146365364453,0.66719820241629,0.00205183705183698
4415,0.6458872312963663,0.6467067842516123,0.0008195529552460501,0.653635454085226,0.6544032249616926,0.0007677708764665114
4416,0.6458394218208996,0.6460649147358228,0.00022549291492324208,0.6577667320889826,0.658670333318671,0.0009036012296883555
4417,0.6211304777704001,0.6222271325079489,0.00109665473754883,0.6354385699136494,0.6361566199795254,0.000718050065875997
4418,0.6337010219679533,0.6345510334171464,0.0008500114491930555,0.6430592507151348,0.6434287363020117,0.00036948558687688315
4419,0.6517680193864399,0.6523728584968419,0.000604839110401989,0.6645516360718896,0.665240041868991,0.0006884057971013879
4420,0.6604469352721705,0.6619868466718255,0.0015399113996550362,0.6659131609056089,0.6671381436523308,0.0012249827467218921
4421,0.649399434588101,0.6510082420756936,0.0016088074875926228,0.6678583193019813,0.6695108696501838,0.0016525503482025528
4422,0.6356038186085766,0.6384683595806248,0.002864540972048135,0.6426127889339392,0.6453466535348114,0.0027338646008721046
4423,0.6436412022946782,0.6448814637194726,0.0012402614247943866,0.6568117935372643,0.6587319194471601,0.0019201259098958756
4424,0.6220984714212922,0.6240817450248989,0.0019832736036067278,0.6426008904723445,0.6440862650011974,0.0014853745288528897
4425,0.6081328427329836,0.609570436738571,0.001437594005587406,0.6383359756185844,0.6395872605655215,0.001251284946937159
4426,0.6357962166463247,0.6382666402348806,0.00247042358855587,0.6500400490856839,0.6520988428068817,0.0020587937211977714
4427,0.6410432734312034,0.6416763593353381,0.0006330859041346892,0.655863643670924,0.6558757209656099,1.207729468588603e-05
4428,0.6495329994064959,0.6479993251356798,-0.0015336742708160767,0.6576946640840782,0.6566427449886808,-0.001051919095397369
4429,0.6634445936545909,0.6636496452959585,0.00020505164136763732,0.6754833330575821,0.6755423259970097,5.899293942757122e-05
4430,0.6460628879902295,0.6492183350856069,0.003155447095377406,0.6533429900486847,0.6566414186732001,0.0032984286245154593
4431,0.6224936414678695,0.6244147484661215,0.0019211069982520979,0.6428971241437652,0.6430277181874028,0.00013059404363757743
4432,0.6477448506423545,0.6482860859982819,0.0005412353559273164,0.6555228968578455,0.6570132181307755,0.0014903212729300286
4433,0.6465681247388909,0.6472613184133317,0.0006931936744407619,0.6527417424476248,0.6538606036943633,0.001118861246738434
4434,0.6218277289976466,0.6240368944871736,0.0022091654895269874,0.6383009693290846,0.6408812875615768,0.0025803182324921625
4435,0.6619806426323559,0.6630622100513544,0.0010815674189984525,0.6765902199533912,0.6771973784953325,0.0006071585419412662
4436,0.61365117354862,0.6173394193819732,0.003688245833353254,0.6264753273033312,0.6314580740252083,0.0049827467218770405
4437,0.6369322726818646,0.6394309791341524,0.00249870645228778,0.654393581695372,0.6567806511476588,0.0023870694522868385
4438,0.6378258678739559,0.6368895298849798,-0.000936337988976077,0.672086280003501,0.6710338300380077,-0.0010524499654933628
4439,0.5877353218175224,0.5910071428138961,0.0032718209963736866,0.6128618414338398,0.6148874486768385,0.002025607242998717
4440,0.6370254272773895,0.6394033909560022,0.002377963678612649,0.6446964732266414,0.647030841756662,0.0023343685300206696
4441,0.6184049768371657,0.6211145996089341,0.0027096227717684496,0.6350778237233469,0.6387185791032327,0.0036407553798858405
4442,0.6253211568246604,0.6246317445280197,-0.0006894122966406568,0.6409803516507168,0.6393580868027486,-0.0016222648479681245
4443,0.6326608420951368,0.6344547396984306,0.001793897603293737,0.6372653772653774,0.6401369018760323,0.002871524610654985
4444,0.6428360985237813,0.6406650077114007,-0.0021710908123806494,0.6572836579345924,0.6553443894735849,-0.0019392684610075595
4445,0.6068779641307801,0.6075687645317198,0.0006908004009397173,0.6253460006737702,0.6263411734464367,0.000995172772666475
4446,0.651356697337924,0.6522459459745731,0.0008892486366490759,0.6568140001207388,0.6573812106879493,0.000567210567210541
4447,0.6351345532429893,0.636747823866046,0.0016132706230567173,0.6592551793191179,0.66057118215686,0.0013160028377420252
4448,0.6282466706809238,0.6303801735824159,0.002133502901492168,0.6364734780913271,0.6387846331198734,0.0023111550285462856
4449,0.6146671160627224,0.6190902574616318,0.004423141398909425,0.627446725900826,0.6314632890478239,0.004016563146997942
4450,0.621721034339352,0.6243356361928455,0.0026146018534934923,0.6343954723877997,0.6365340825698881,0.002138610182088385
4451,0.6266063155933724,0.6278003714047493,0.0011940558113768818,0.6360381251923085,0.6369190799863068,0.0008809547939983009
4452,0.6274855723976832,0.629087268419769,0.001601696022085819,0.6461591065938892,0.6478762783110608,0.0017171717171715617
4453,0.6257603461062984,0.6247520004979762,-0.001008345608322192,0.6485746693541106,0.6472840168334808,-0.0012906525206297648
4454,0.654347444999867,0.6542937923208914,-5.36526789756131e-05,0.664186600104821,0.6636870996053205,-0.0004995004995005381
4455,0.6420288225365453,0.6402021732003763,-0.0018266493361689395,0.6481772672112538,0.6465564001556041,-0.0016208670556496774
4456,0.6445690963965598,0.6475822937553711,0.003013197358811337,0.6556651663770913,0.659207529810759,0.003542363433667761
4457,0.629471626199696,0.6290976005676189,-0.0003740256320771129,0.6396671464829182,0.6387734266761549,-0.0008937198067633378
4458,0.6761422403145719,0.677730035034952,0.0015877947203800646,0.6836647762434954,0.6851172808289924,0.0014525045854969498
4459,0.6268075879265046,0.629679092136068,0.0028715042095633914,0.6461165459403803,0.6491806332006916,0.0030640872603113767
4460,0.6474056056891108,0.6473746815821521,-3.09241069587074e-05,0.6617509788613803,0.661334330292558,-0.00041664856882239754
4461,0.6358715037477604,0.6370037651501018,0.0011322614023414612,0.6479660903369632,0.6475590412457036,-0.00040704909125954813
4462,0.6371806708042169,0.6374614430962431,0.0002807722920261657,0.6433568953858809,0.6430155941750145,-0.000341301210866396
4463,0.6407503500653788,0.6428321226159469,0.002081772550568073,0.6549836929805875,0.656431375732618,0.0014476827520305546
4464,0.6753667121780947,0.6764921175749885,0.0011254053968937638,0.6835625907237162,0.6852977005982122,0.001735109874495988
4465,0.638821079624261,0.6384338116104354,-0.0003872680138256035,0.6459189382828785,0.6452357084692139,-0.0006832298136646431
4466,0.6300707530213078,0.6297001564446585,-0.0003705965766492847,0.6388520668173461,0.6382387127800789,-0.0006133540372671442
4467,0.6451368709644317,0.647126167272246,0.0019892963078143033,0.6534601198503465,0.655873705128382,0.0024135852780354794
4468,0.6462403826030956,0.646215082711241,-2.5299891854624335e-05,0.659465340162997,0.6589529178027486,-0.000512422360248399
4469,0.6644706309642818,0.6640272047720613,-0.0004434261922204863,0.6690283638876989,0.6688753285172723,-0.00015303537042665738
4470,0.637507160444545,0.6379039326210945,0.0003967721765494314,0.6523104701717414,0.6528615140411995,0.0005510438694581454
4471,0.6034480655310489,0.6067183240149899,0.0032702584839410243,0.6139032619869106,0.6170657878668275,0.0031625258799169442
4472,0.656218578237045,0.6561749160022966,-4.366223474838726e-05,0.6748099767616749,0.6755170957296636,0.0007071189679886958
4473,0.6319047274180725,0.631518328123834,-0.00038639929423844865,0.6485955480923908,0.6482494207897417,-0.00034612730264915736
4474,0.6279328387971859,0.6287859311926658,0.0008530923954799263,0.6450254976006361,0.6455637998780689,0.0005383022774327895
4475,0.6177202006363313,0.6192135694392734,0.0014933688029421521,0.635479380159714,0.6369249394313602,0.0014455592716462462
4476,0.6287824431546236,0.6297209304534709,0.0009384872988472681,0.641380556547906,0.6425550342441229,0.0011744776962168135
4477,0.6404991108100663,0.6408793017063578,0.00038019089629148795,0.653491244881453,0.654368257894016,0.0008770130125629327
4478,0.6628295203455737,0.6639670121187425,0.0011374917731687972,0.6713433962709324,0.6731419841564769,0.0017985878855444337
4479,0.6392373213436869,0.6434844009458629,0.004247079602175963,0.6575148902984089,0.6623025181295149,0.004787627831105978
4480,0.6440315239139036,0.6457362296189727,0.0017047057050690873,0.6523309007290701,0.6533730952495255,0.0010421945204553973
4481,0.6193718535424638,0.6192908796736329,-8.097386883088031e-05,0.631650461493374,0.631341627814975,-0.0003088336783989565
4482,0.6555039141385225,0.658019792125877,0.002515877987354531,0.6649765645195777,0.6673649973427931,0.002388432823215436
4483,0.6518783489261769,0.6490921401317664,-0.002786208794410494,0.6682068524837902,0.6657513369847965,-0.002455515498993699
4484,0.6176554849284337,0.6162211885461625,-0.0014342963822712163,0.633890451476943,0.6326099445442623,-0.0012805069326806695
4485,0.6463276219433669,0.6464300457469754,0.0001024238036084757,0.6520864656798162,0.6518276665079735,-0.000258799171842683
4486,0.6508737230756028,0.6496385704861782,-0.0012351525894245263,0.6594617890900021,0.6586620996490083,-0.0007996894409937338
4487,0.636767619211716,0.6378165868636928,0.0010489676519768176,0.6667783327376635,0.6677565936072287,0.0009782608695652062
4488,0.6592837661829788,0.659673338489547,0.00038957230656821995,0.6777853729920745,0.6779809744920239,0.0001956014999493494
4489,0.6364847227716524,0.6362197349344508,-0.00026498783720152463,0.6475045423421502,0.6472388418590583,-0.00026570048309182415
4490,0.6208095808450483,0.6207597050519811,-4.9875793067255536e-05,0.6340033230639639,0.6331234058796988,-0.0008799171842650555
4491,0.6383749741136121,0.6395187544270852,0.001143780313473064,0.6488691481247997,0.6492314669653794,0.00036231884057968955
4492,0.633908653206332,0.6410942522509074,0.007185599044575386,0.6499213785501412,0.6575559541194993,0.007634575569358093
4493,0.6254432374747576,0.6256905766228092,0.0002473391480516396,0.6377237469685982,0.6378185796721265,9.483270352828033e-05
4494,0.6535597906914444,0.6582496855860623,0.0046898948946179075,0.66283917248473,0.6674468836141804,0.004607711129450354
4495,0.6163681741805691,0.6204411363671303,0.004072962186561169,0.6310963994747345,0.6352716927804627,0.004175293305728189
4496,0.6066586591843978,0.6072781705282764,0.0006195113438786093,0.629001225196547,0.629613982004956,0.0006127568084089985
4497,0.6549351198618728,0.655436368705184,0.0005012488433111528,0.6648951184811616,0.6657671932662799,0.0008720747851183042
4498,0.6380859220597456,0.6412772087981745,0.0031912867384289445,0.6587413332617935,0.6608538215123893,0.0021124882505957343
4499,0.669667093966783,0.6708925515575561,0.0012254575907730825,0.6802803654927707,0.6815107474296744,0.0012303819369037239
4500,0.624284112494988,0.6253562589490194,0.0010721464540313086,0.6463990097829173,0.6481827333057715,0.0017837235228541637
4501,0.6354176127451185,0.6350519113500444,-0.00036570139507419164,0.6427437025826824,0.6424784424804658,-0.00026526010221661345
4502,0.6298056501756344,0.6332091640509044,0.003403513875270048,0.6417726818875122,0.6447349128932215,0.0029622310057092482
4503,0.6619137980439173,0.6609931285878637,-0.0009206694560535134,0.6784823588438281,0.6776309095684658,-0.0008514492753622926
4504,0.6373355391278357,0.6379789213275558,0.000643382199720155,0.6427148738856754,0.6439600296960485,0.0012451558103730997
4505,0.6320168600501938,0.632020902094263,4.042044069230144e-06,0.6430294457362205,0.6429910179804014,-3.842775581908153e-05
4506,0.6200546049588479,0.6206838742760757,0.000629269317227843,0.6340045059067678,0.6348331941267604,0.0008286882199926016
4507,0.6533157072462314,0.6539310151114183,0.0006153078651868205,0.6614832727332728,0.6623010781162956,0.0008178053830227849
4508,0.6309135381216795,0.6337124962761672,0.0027989581544877185,0.6539605174677081,0.6569087932612525,0.002948275793544397
4509,0.6389666940777514,0.639805988448648,0.0008392943708965817,0.6525212123457926,0.6531200096837204,0.0005987973379277811
4510,0.6505893730856034,0.6521540721931116,0.0015646991075082273,0.6655050174600483,0.667062988474541,0.0015579710144927317
4511,0.6257995337845944,0.6269077462252802,0.0011082124406858185,0.639815068503732,0.6408298749533212,0.0010148064495891784
4512,0.646830243283692,0.6477312013308342,0.0009009580471421863,0.6571975832190593,0.6576356596353966,0.00043807641633730743
4513,0.6540299603200959,0.6555060173066973,0.0014760569866014706,0.666524278511008,0.668361752631091,0.0018374741200829492
4514,0.6415850242008876,0.6415060699247989,-7.89542760887274e-05,0.6550224153713375,0.6548718413077199,-0.0001505740636176256
4515,0.6238766337594033,0.6240183678254351,0.00014173406603179561,0.6361810875069692,0.6357501476738555,-0.0004309398331137082
4516,0.657776543032443,0.6606823113141074,0.0029057682816643338,0.666253912291561,0.6694836173690921,0.0032297050775311753
4517,0.647847407070892,0.6489168223125654,0.001069415241673477,0.662350334586614,0.6631655519779183,0.0008152173913043015
4518,0.6304884852660627,0.6304037343236092,-8.475094245352643e-05,0.6460173892161706,0.6457218876163212,-0.0002955015998493682
4519,0.6483756583658178,0.6479809092678265,-0.0003947490979913093,0.6540887395432851,0.6541594779835886,7.0738440303586e-05
4520,0.6545927358419243,0.6550108005914275,0.000418064749503122,0.6627359506182122,0.6629222860219389,0.00018633540372670065
4521,0.6438663332915224,0.646404171001783,0.0025378377102606153,0.6573444593543095,0.6595630740729242,0.002218614718614731
4522,0.6190811637831725,0.6230503341738014,0.00396917039062894,0.625831495619808,0.6299791836805395,0.004147688060731514
4523,0.6329021514892232,0.6326313507923008,-0.00027080069692242414,0.649909022137283,0.6490256542973933,-0.0008833678398896261
4524,0.6624113624517488,0.6637869637542001,0.0013756013024512903,0.6775294429143651,0.6790834324031373,0.0015539894887721672
4525,0.6534730264676107,0.653186355276568,-0.0002866711910427533,0.6675302076282467,0.6673369709132708,-0.00019323671497584183
4526,0.6321428521195505,0.6323426299906229,0.00019977787107239298,0.6455536976573562,0.6454846845448649,-6.901311249130071e-05
4527,0.6374591988210531,0.6357029132770403,-0.0017562855440127478,0.6466985884603333,0.6444533095846197,-0.0022452788757136855
4528,0.6520302807421255,0.6493845437525252,-0.0026457369896003557,0.6637478987984798,0.661216529201893,-0.002531369596586841
4529,0.6446748836883904,0.6476911617484735,0.0030162780600830885,0.6618629882016844,0.6646909019758899,0.002827913774205437
4530,0.6423187045627945,0.6452224053784559,0.002903700815661381,0.653993315693555,0.656662240971176,0.0026689252776209704
4531,0.6290847760522169,0.6307400918899628,0.0016553158377459187,0.640797457392852,0.6422364730518167,0.0014390156589647596
4532,0.6410595413078989,0.6422512108591026,0.0011916695512037556,0.6501217140347576,0.6509267544050152,0.000805040370257637
4533,0.626829982889952,0.626207587817942,-0.0006223950720100069,0.6353662267803465,0.6341792012454949,-0.0011870255348516157
4534,0.6328889480493747,0.6336452151007006,0.0007562670513259206,0.6416292258483803,0.6426018281253305,0.0009726022769501741
4535,0.6381756304552374,0.6401893172422656,0.0020136867870281794,0.6568375152019519,0.6574158318128773,0.0005783166109254445
4536,0.6481535645130174,0.6472701429085452,-0.0008834216044721899,0.6722509349092842,0.6727765332098186,0.0005255983005343356
4537,0.6090463424576419,0.6104513960625111,0.0014050536048691997,0.6162119607105828,0.6174289804058634,0.0012170196952805412
4538,0.608970049249794,0.6118513112727821,0.002881262022988107,0.6169605461689865,0.6184559348382883,0.001495388669301767
4539,0.6132881925138204,0.6112959892498974,-0.0019922032639230203,0.6232988108408692,0.6217356638429397,-0.0015631469979295876
4540,0.6309697355098479,0.6336455054780983,0.0026757699682503633,0.6406770877354021,0.6439708953770358,0.0032938076416336726
4541,0.6472052060938447,0.647777074969281,0.0005718688754363654,0.6504186604035891,0.6508928601169192,0.00047419971333007016
4542,0.6434270727467555,0.6435179730391632,9.090029240776953e-05,0.6528679557547892,0.6525781006823254,-0.00028985507246381825
4543,0.6532129984012002,0.6506875620112264,-0.002525436389973823,0.6720483037882918,0.6691963369145859,-0.0028519668737059245
4544,0.625487381680242,0.6270855041503195,0.001598122470077512,0.6339016669100067,0.6356949181540589,0.001793251244052163
4545,0.6331464739118232,0.6319021397282085,-0.0012443341836146926,0.6417833171231629,0.6405097115017313,-0.0012736056214316394
4546,0.6462287740650537,0.64629846862805,6.969456299621424e-05,0.6532119632910948,0.65349334857248,0.0002813852813852158
4547,0.6439242837888325,0.6470557812495674,0.0031314974607349333,0.6571498849639072,0.6598622088718834,0.002712323907976155
4548,0.6240805699407792,0.6267045138677857,0.002623943927006489,0.6370098960445495,0.6401808917155452,0.0031709956709956577
4549,0.6503739567957904,0.6502726773477555,-0.00010127944803484112,0.6610728138233666,0.6609278862871346,-0.00014492753623196464
4550,0.6437601693404894,0.6447752288598135,0.001015059519324124,0.6532600887725112,0.6539608372993466,0.0007007485268354374
4551,0.6295903057523011,0.6310970193061779,0.0015067135538767706,0.6442644975797149,0.6461002463719855,0.0018357487922705529
4552,0.6371889641165488,0.6377081114703171,0.0005191473537683455,0.6472950309704683,0.6485034240266875,0.0012083930562192258
4553,0.6702463698266863,0.6699490577272524,-0.00029731209943384407,0.6830128873969454,0.6829585395708584,-5.434782608704225e-05
4554,0.6375125134593,0.6426682652044321,0.005155751745132053,0.6486820846166452,0.65429338153229,0.00561129691564477
4555,0.6394809969651386,0.6414499405129737,0.001968943547835056,0.6497817004188077,0.6522287461267228,0.0024470457079150965
4556,0.6545914083823788,0.6554942685868064,0.0009028602044275358,0.6624634775540078,0.6637350441516615,0.001271566597653706
4557,0.6249251093317395,0.6273507630644874,0.0024256537327479455,0.6359940117743145,0.6384450390079504,0.002451027233635883
4558,0.6491590878558003,0.6499381544649974,0.0007790666091970211,0.6696491085625731,0.6708999712264793,0.0012508626639061715
4559,0.6703376170502768,0.6730776341186943,0.002740017068417422,0.6864842870459138,0.6889699535533195,0.0024856665074056705
4560,0.6529269942300361,0.6530806411758681,0.00015364694583197558,0.666188719554157,0.6667517072910579,0.0005629877369008884
4561,0.6280390626052607,0.6279802174510857,-5.884515417498015e-05,0.6439032145986282,0.6437066840760107,-0.0001965305226174774
4562,0.6360239302725791,0.6363985826135681,0.00037465234098899014,0.6533172199891416,0.6540845927130361,0.0007673727238944883
4563,0.635479744419712,0.6379609337726945,0.0024811893529824713,0.6543857758467732,0.6572917587527562,0.0029059829059830955
4564,0.6558968151278941,0.6569793824277201,0.0010825672998260316,0.671385335678814,0.6717532286554027,0.0003678929765886796
4565,0.6454172451334498,0.6433810195332456,-0.0020362256002042223,0.6611775899612152,0.6593267234364357,-0.0018508665247795042
4566,0.6543763718003215,0.653474837153643,-0.0009015346466785257,0.6753355259819298,0.6753522483899566,1.672240802674807e-05
4567,0.6340242417008985,0.6344159096475694,0.0003916679466708928,0.6484968639430881,0.6481486614209727,-0.00034820252211542613
4568,0.6320193004241155,0.6310347448686564,-0.0009845555554590657,0.6610456739470117,0.66001094780359,-0.0010347261434217048
4569,0.6385092438194312,0.6400560079562055,0.0015467641367743479,0.6593249425491732,0.660426956477274,0.0011020139281008312
4570,0.6431064548664887,0.6445291259274911,0.0014226710610024673,0.6554552974093335,0.6566490426419804,0.0011937452326469256
4571,0.6163429098842584,0.6174159526543306,0.0010730427700721412,0.6334656650973012,0.6342144573678326,0.0007487922705313732
4572,0.6292915011509702,0.6291637984830614,-0.00012770266790884666,0.6544417177025872,0.6544746980073066,3.298030471943214e-05
4573,0.6261153925998078,0.6275547467163866,0.001439354116578806,0.6431663843175912,0.6436245252105146,0.00045814089292339766
4574,0.6358514738523438,0.6353487283786166,-0.0005027454737271952,0.652477896072622,0.6535815750023878,0.0011036789297658167
4575,0.6239402443864838,0.623288527617419,-0.0006517167690647252,0.6319816668873814,0.6314065173991885,-0.0005751494881929275
4576,0.6495828792618504,0.6505387875018046,0.000955908239954173,0.672228574197112,0.672046999590985,-0.0001815746061269996
4577,0.6465080985804595,0.6490630624438394,0.0025549638633798333,0.6587019689549553,0.6611426683521765,0.0024406993972212465
4578,0.6445056135293494,0.6438574642513784,-0.0006481492779710774,0.6656097543224423,0.665571531675524,-3.8222646918328884e-05
4579,0.6356350091737586,0.6343934667867026,-0.0012415423870559827,0.6465777279560813,0.6449213649953704,-0.001656362960710811
4580,0.6395234722738242,0.6413286413409803,0.0018051690671561094,0.6484107606849795,0.6494902850253735,0.0010795243403940447
4581,0.6551047722193337,0.6544673658334708,-0.0006374063858629597,0.6677241584786342,0.6672699267200546,-0.0004542317585796152
4582,0.6416385706602729,0.6413117722384007,-0.00032679842187210983,0.6549985638651962,0.6543774458527738,-0.0006211180124223725
4583,0.6557528685384679,0.6563646836596596,0.0006118151211916834,0.6644811560028951,0.6659548996505518,0.0014737436476566224
4584,0.6682769429969234,0.6671842351295317,-0.0010927078673916846,0.6758649391326651,0.6751073633750895,-0.0007575757575756237
4585,0.6590846491957525,0.6579778612430477,-0.001106787952704802,0.6697585427199129,0.6684300403044539,-0.0013285024154590097
4586,0.6325621910939453,0.636790744570426,0.0042285534764806565,0.6455512743032237,0.6487582846841471,0.003207010380923414
4587,0.6391777057435053,0.640767960478387,0.0015902547348817242,0.6430769053339385,0.6443018880806605,0.0012249827467220031
4588,0.644693965557603,0.6451314447442624,0.000437479186659373,0.6528822136104913,0.6532862540145317,0.00040404040404040664
4589,0.6342961506336807,0.6340423393441036,-0.0002538112895771327,0.651681269618148,0.6517622031773425,8.093355919447376e-05
4590,0.623283506052125,0.6236592604605018,0.00037575440837678276,0.6404855247185752,0.6408807816355713,0.00039525691699604515
4591,0.6479887744435181,0.648439085969775,0.00045031152625685245,0.6639186725223012,0.6644106262207765,0.0004919536984753226
4592,0.6259770777152613,0.625124546671784,-0.0008525310434773781,0.6370825489159785,0.6359936854529732,-0.0010888634630052962
4593,0.6301873323518915,0.6320016644030944,0.0018143320512028493,0.6411182899226379,0.6425518804866632,0.0014335905640253666
4594,0.6274116409588847,0.6277853458871341,0.0003737049282493965,0.6476753014622262,0.6479544305457029,0.0002791290834767146
4595,0.6267850659605391,0.6294513062975747,0.0026662403370356635,0.6377789363638079,0.6399755923648118,0.002196656001003938
4596,0.6239265792284094,0.6232764366342789,-0.0006501425941305428,0.6337691876700918,0.6330497259723693,-0.0007194616977225232
4597,0.6544192939468902,0.657582143791343,0.0031628498444528086,0.6619903872401713,0.664950633515635,0.0029602462754636516
4598,0.6656655593974022,0.6644204202452321,-0.0012451391521701716,0.6737681366252793,0.6729104918545912,-0.0008576447706881707
4599,0.6196321988568085,0.6202608233412394,0.0006286244844309063,0.6399054851320662,0.6407793129240525,0.0008738277919863036
4600,0.5984976832238447,0.6005011585851606,0.002003475361315954,0.6036576187605935,0.6060511793063281,0.0023935605457345854
4601,0.6507761877262367,0.6532056334758648,0.002429445749628112,0.6561920986671521,0.6589082955137838,0.0027161968466317132
4602,0.655893863811027,0.6564430418658249,0.0005491780547979275,0.6734956555744864,0.6733881543800286,-0.00010750119445779305
4603,0.6219457141279868,0.6209821484005459,-0.0009635657274409404,0.6383191370033476,0.6373357001503454,-0.0009834368530022841
4604,0.613949622732437,0.6154894224075911,0.0015397996751540521,0.6322930692495909,0.6336243165047513,0.0013312472551603172
4605,0.6356736927944935,0.6379751165053684,0.002301423710874939,0.6435300273625371,0.6465448301215853,0.0030148027590481963
4606,0.6484155046411624,0.6511616892248278,0.0027461845836653787,0.6579692367416075,0.6605874880555109,0.0026182513139034747
4607,0.6583166847160076,0.6618955846777902,0.0035788999617826223,0.6700026798006481,0.673002240626296,0.0029995608256478956
4608,0.6236293854571437,0.6246021832095746,0.0009727977524308651,0.639758583278852,0.6406039939068713,0.0008454106280192386
4609,0.6396071908172427,0.6391807207424877,-0.0004264700747550476,0.6490691856452727,0.648784036012297,-0.00028514963297576745
4610,0.624208958502921,0.6273561003297643,0.0031471418268432805,0.6312269004190078,0.6341680768895961,0.002941176470588336
4611,0.6442627224565616,0.645781420706917,0.0015186982503554436,0.6482026487241128,0.6495173967779911,0.001314748053878323
4612,0.6343385934119722,0.6359185573798556,0.001579963967883402,0.6456482082997934,0.6473694569999424,0.0017212487001490029
4613,0.6199195382328258,0.6202212618036353,0.0003017235708095978,0.6388611911689672,0.6389903253198406,0.00012913415087334457
4614,0.6361967600488694,0.6379052979027885,0.001708537853919112,0.6449557689476701,0.6458989742930492,0.0009432053453790612
4615,0.6398923816597616,0.6410700418278035,0.001177660168041883,0.6544312558911989,0.6549959086297646,0.0005646527385657629
4616,0.6188398654010612,0.618930650624579,9.07852235177975e-05,0.635689544688348,0.6354238442052563,-0.0002657004830917131
4617,0.6268420847109616,0.6290383900267689,0.0021963053158072787,0.6361196134061478,0.6378768597829594,0.0017572463768116275
4618,0.625963887761501,0.628258832848101,0.0022949450865999976,0.6359839779706535,0.6382286294544354,0.0022446514837818343
4619,0.6302396872292522,0.6312152444389458,0.0009755572096936671,0.6483357560410468,0.6493160559343902,0.0009802998933434726
4620,0.6278110270359465,0.6260896121686745,-0.0017214148672719531,0.6344604733965223,0.6329159309824146,-0.0015445424141077302
4621,0.6395792439284096,0.6403626482079465,0.0007834042795369367,0.6522071101153835,0.6527343727078636,0.0005272625924801488
4622,0.6610702643151063,0.6616823983598059,0.0006121340446996193,0.670105449060346,0.6708051358469893,0.0006996867866433387
4623,0.6534287711418784,0.6540329817828832,0.0006042106410047987,0.6668363136133612,0.6673487359736096,0.000512422360248399
4624,0.630724125668113,0.6305801972005026,-0.00014392846761035472,0.6421107636325026,0.6422145487362878,0.00010378510378517003
4625,0.6327675094103161,0.6310114408519368,-0.0017560685583792868,0.6399561890535425,0.6384655058237289,-0.0014906832298136052
4626,0.6446622035346019,0.6456731961279644,0.0010109925933624586,0.6543514514593215,0.6551167911920526,0.000765339732731074
4627,0.6591372537964311,0.6598601576339884,0.0007229038375573538,0.6691416057980121,0.6691804075759442,3.880177793214035e-05
4628,0.6492924486987922,0.6517852028251978,0.002492754126405594,0.6608949657146427,0.6638711561908331,0.0029761904761904656
4629,0.6503853151922013,0.6516717659302896,0.0012864507380883072,0.6562976290605574,0.6569845749648947,0.0006869459043372661
4630,0.6155021537653916,0.6149527920355353,-0.0005493617298563125,0.645527481400003,0.645035762973502,-0.0004917184265010865
4631,0.63571853328323,0.6335117308463437,-0.0022068024368863126,0.6527628721298234,0.6506519842964291,-0.0021108878333943037
4632,0.6250351219520469,0.6270368865576351,0.0020017646055882077,0.6347916228535241,0.6367205393476582,0.0019289164941340697
4633,0.630734811859128,0.6315322397326584,0.0007974278735303209,0.6452734788075734,0.6457528545043404,0.00047937569676703706
4634,0.6332756649864942,0.6359652827006052,0.0026896177141109145,0.6412894834633966,0.6440211479341914,0.002731664470794759
4635,0.6177725332111365,0.6174518363864827,-0.0003206968246537434,0.6289278397078909,0.6284958441671996,-0.00043199554069128787
4636,0.6662919687241031,0.6646682046113949,-0.0016237641127082592,0.6714803918280028,0.6704296671903215,-0.0010507246376812995
4637,0.6690419654217905,0.6694026424389411,0.0003606770171505902,0.6782433848540568,0.6781893688217798,-5.4016032276948955e-05
4638,0.6346507390109989,0.635245610574726,0.0005948715637270618,0.6575612446081776,0.6578387803716467,0.0002775357634691167
4639,0.6313797363156799,0.6356898390501248,0.004310102734444876,0.6425229253520741,0.6466617213386963,0.004138795986622146
4640,0.623199129850593,0.6246562758929313,0.0014571460423382643,0.6352289232496647,0.636091430307824,0.0008625070581592675
4641,0.6231005889485721,0.6212951757400981,-0.0018054132084740493,0.6385138981101713,0.6361257789829218,-0.002388119127249566
4642,0.6601121800986091,0.6593597877357794,-0.0007523923628296458,0.678935287546307,0.6783003669113864,-0.0006349206349206549
4643,0.6447321557984584,0.6458605587934614,0.0011284029950029417,0.6589816343077213,0.659550196180631,0.0005685618729097675
4644,0.6546765858289718,0.6541619947292903,-0.0005145910996815495,0.6732550034344608,0.6723742899450516,-0.0008807134894092128
4645,0.6296048794841801,0.6312540285078768,0.0016491490236967277,0.6486559390499205,0.6494201024227797,0.0007641633728592279
4646,0.6414933034155762,0.639077428806503,-0.002415874609073221,0.6618486577857798,0.6591278158258074,-0.0027208419599724643
4647,0.6432693642055295,0.6457368109240362,0.0024674467185067384,0.6549091281968494,0.6564624118696983,0.0015532836728489041
4648,0.6595528501137978,0.6618428705255726,0.002290020411774729,0.6726332506467056,0.6750487095839037,0.0024154589371980784
4649,0.6087627633432845,0.6078985802998021,-0.0008641830434823472,0.6275720185400134,0.6268567314116829,-0.0007152871283305773
4650,0.6441768365826991,0.6446612869571557,0.0004844503744566575,0.6495642763034066,0.6499869816174165,0.00042270531400989686
4651,0.6476671929572904,0.649355511231586,0.0016883182742956082,0.6585910425163919,0.6606150088881843,0.002023966371792363
4652,0.6743017472846489,0.6769351556505664,0.0026334083659175223,0.6756857143475978,0.677687758197468,0.0020020438498701276
4653,0.6333740201570722,0.6337242394329062,0.00035021927583400725,0.6546895111751977,0.6538928637595572,-0.0007966474156404502
4654,0.6392432237775937,0.6429185658901336,0.0036753421125399477,0.6522958121760112,0.6558500265038828,0.0035542143278716187
4655,0.6456119819959131,0.6466577539763833,0.0010457719804701782,0.65647928203977,0.6573609245518471,0.0008816425120771187
4656,0.6197311069168675,0.6213080903723645,0.0015769834554969497,0.6322384982167591,0.6339062628193063,0.0016677646025471393
4657,0.6371463404429113,0.6348940903619387,-0.0022522500809726287,0.6432899957437906,0.640702004025364,-0.0025879917184266077
4658,0.6665797635607045,0.6648364237377946,-0.0017433398229098618,0.671921957126434,0.6704118730076543,-0.001510084118779731
4659,0.6346420583232892,0.6344750704267491,-0.00016698789654012725,0.6446461973950915,0.644851668252736,0.00020547085764444084
4660,0.6667396965391373,0.6688843882382087,0.0021446916990713882,0.6745179623171509,0.6774665475483449,0.002948585231194012
4661,0.655748250786439,0.6548766145320307,-0.0008716362544082257,0.6655064180000242,0.6645954449151381,-0.0009109730848860798
4662,0.6633287954667775,0.6652574418264366,0.0019286463596591696,0.6746407210390978,0.6771500112657795,0.002509290226681671
4663,0.6416329305894292,0.6432049101946952,0.0015719796052660051,0.6482080684256802,0.649493751341798,0.0012856829161177474
4664,0.6276840705225487,0.6270258677026297,-0.0006582028199190182,0.6343239407345295,0.633887511222013,-0.00043642951251643414
4665,0.6494626417399826,0.6488933450231448,-0.0005692967168378082,0.6648436730589254,0.6642078897600985,-0.000635783298826964
4666,0.6287229141240409,0.6327440688957789,0.004021154771738034,0.6433282695011227,0.647722522591028,0.0043942530899053756
4667,0.6355248890398933,0.6374548267438631,0.001929937703969764,0.6501435030532982,0.6512601883004182,0.0011166852471200528
4668,0.6196163064322038,0.6215437546712393,0.0019274482390355674,0.6303794796096927,0.6319866224668355,0.001607142857142807
4669,0.6350201062411479,0.6361740220720675,0.0011539158309196162,0.6414982198264358,0.6426502079349456,0.001151988108509805
4670,0.6153160253824064,0.6188726527202018,0.0035566273377953816,0.6252984385011686,0.6284644150367104,0.003165976535541737
4671,0.6486596150110746,0.6502072225600275,0.0015476075489528895,0.6551580980140708,0.6570272916223948,0.001869193608324049
4672,0.6365326609593179,0.6377342162995638,0.0012015553402459078,0.6487718397048966,0.6500470138061577,0.0012751741012611006
4673,0.6453433107035174,0.6465685422369275,0.0012252315334101427,0.6637196423111658,0.6653687420037439,0.0016490996925780932
4674,0.6226565961999887,0.6248305868418291,0.0021739906418404287,0.631727714521916,0.6340879629691211,0.00236024844720506
4675,0.6376861501891761,0.6377173910076475,3.124081847138971e-05,0.6554320627296295,0.6555536319816335,0.0001215692520040168
4676,0.6624851413605659,0.6628839389275502,0.0003987975669842436,0.6774918612480499,0.6772350528390677,-0.0002568084089822342
4677,0.6489411403892148,0.6492740991925973,0.000332958803382466,0.6679317941465304,0.6677285191606466,-0.00020327498588379456
4678,0.6388885458167903,0.6415113517649863,0.002622805948195972,0.654061964256439,0.6540048595254212,-5.710473101783187e-05
4679,0.6260559466654232,0.6285676919930663,0.002511745327643089,0.6369050267716597,0.6395899505435398,0.002684923771880121
4680,0.6277618613117187,0.6280579034718748,0.00029604216015610696,0.6413941975898497,0.6419376758507193,0.0005434782608695343
4681,0.6585819414677517,0.6594573125412255,0.0008753710734737963,0.6627220287424442,0.6637606760854393,0.0010386473429950804
4682,0.6194032468412104,0.6194285615801981,2.5314738987702867e-05,0.6331746037855008,0.6334631075522654,0.0002885037667645918
4683,0.6184577086199908,0.6154467562648493,-0.003010952355141483,0.6236172139942708,0.6205492674480634,-0.003067946546207456
4684,0.6141343087505954,0.6156269036252663,0.001492594874670905,0.6317902114516513,0.6333015986152123,0.0015113871635610288
4685,0.6429668260771078,0.6428934633730661,-7.336270404167955e-05,0.6538095150018378,0.653567969108118,-0.00024154589371983004
4686,0.6426558833726336,0.6437085140165498,0.0010526306439162525,0.6536390087168781,0.6544844193448974,0.0008454106280193496
4687,0.6404168717658467,0.6428012896861901,0.0023844179203433846,0.6395031070139673,0.6429771053089375,0.003473998294970193
4688,0.644896008051165,0.648080546381108,0.003184538329943032,0.6510512983167598,0.6542811119813561,0.0032298136645962927
4689,0.6346457856990709,0.6371398649865011,0.002494079287430173,0.6495062772078496,0.6514511921962428,0.0019449149883932204
4690,0.6485626038076334,0.6492439877107866,0.0006813839031531987,0.6578792885858102,0.6580144613840266,0.0001351727982163986
4691,0.6230374155258829,0.627293990045389,0.004256574519506118,0.6392626576322228,0.6450019907628604,0.0057393331306375694
4692,0.6396131118263991,0.6403654254591976,0.0007523136327984847,0.6415867644670961,0.6416926730512655,0.00010590858416947846
4693,0.6242351074243203,0.6261878513944509,0.001952743970130566,0.6310249433714907,0.6323539525265869,0.0013290091550961503
4694,0.64960763665098,0.6477442582094336,-0.0018633784415463817,0.6586740099495928,0.6567778746838924,-0.0018961352657004271
4695,0.642488253636345,0.642145005595614,-0.00034324804073093684,0.6479813228367125,0.6478119994065196,-0.00016932343019293583
4696,0.6337291227562081,0.636386260619987,0.002657137863778969,0.6370545572084291,0.6391002651237023,0.002045707915273254
4697,0.6368241483585103,0.6360701460999777,-0.0007540022585326156,0.6483392447612316,0.6478897968661315,-0.00044944789510015237
4698,0.6367139529779883,0.639146769858339,0.0024328168803506856,0.658053188416391,0.659921537458653,0.001868349042261963
4699,0.6624622819242095,0.6654478332357209,0.0029855513115113474,0.6700106648470938,0.6733872882237172,0.0033766233766233666
4700,0.6318764730205859,0.6328991609497028,0.0010226879291168611,0.6416743476477287,0.6424752134485944,0.000800865800865691
4701,0.6515329311546816,0.652639493891974,0.0011065627372923714,0.6576914844476246,0.658664569333753,0.0009730848861283503
4702,0.6495109670534911,0.6472600808353153,-0.0022508862181758182,0.6620562884357103,0.6602106702857444,-0.0018456181499658664
4703,0.6633934202196616,0.6636432010550728,0.0002497808354111619,0.6668568206491544,0.6669841812112977,0.00012736056214324165
4704,0.6321249524665934,0.6338651387345299,0.0017401862679364832,0.6459988350360664,0.6479398288248863,0.0019409937888199558
4705,0.6487450509955908,0.6511444212332966,0.0023993702377058668,0.6569393284610676,0.6591791176573785,0.0022397891963108485
4706,0.6568918381576323,0.6568609234682424,-3.091468938987152e-05,0.6717404742404743,0.6723728853076679,0.0006324110671935834
4707,0.6194991414340629,0.6226860777733232,0.00318693633926026,0.6275345230665598,0.6298895955303278,0.002355072463767982
4708,0.6325401295831733,0.634526231979893,0.0019861023967197022,0.6529644577759811,0.6556468840453638,0.002682426269382643
4709,0.6333567757582808,0.6317689505709689,-0.0015878251873118199,0.6453602921178899,0.6434232798547906,-0.0019370122630992803
4710,0.6440670026538656,0.6455268393246125,0.0014598366707468946,0.6511717551079633,0.6523951693748558,0.0012234142668924308
4711,0.6630344886493749,0.6636755603319449,0.0006410716825699936,0.6747010291683927,0.6746564360803213,-4.4593088071365194e-05
4712,0.6500681492336324,0.6490281715180214,-0.0010399777156110401,0.6545634338356455,0.6537847801222092,-0.0007786537134363281
4713,0.6325693832736325,0.6354301126630798,0.0028607293894472585,0.6410941828525668,0.6445701211654614,0.003475938312894611
4714,0.6631905573391447,0.6636918196813215,0.0005012623421768447,0.6782303316363141,0.678292798652106,6.246701579193381e-05
4715,0.6563207179160129,0.6565368740814256,0.00021615616541270644,0.6621803415712683,0.6622132796476846,3.29380764163556e-05
4716,0.6259491216070482,0.6272264236023972,0.0012773019953490339,0.6400979773426225,0.6416043453707297,0.001506368028107219
4717,0.626205321875678,0.629628517854142,0.0034231959784639665,0.6448686543190428,0.6484058900301917,0.003537235711148834
4718,0.6507080021803704,0.6520967342375544,0.001388732057184039,0.6629547359761068,0.6637225068525732,0.0007677708764664004
4719,0.6068453558034131,0.6077362877602355,0.0008909319568223273,0.6174807207135836,0.618757463294674,0.0012767425810903399
4720,0.6638542659963946,0.6622510106254574,-0.0016032553709371955,0.674489101620939,0.6727810270867775,-0.0017080745341615522
4721,0.6334587165554267,0.6349893362073039,0.0015306196518771742,0.6430184308445177,0.6444677062068367,0.0014492753623189802
4722,0.6151238055031456,0.6142853218523389,-0.0008384836508067428,0.6430864476979187,0.6427190614609671,-0.00036738623695153905
4723,0.6510337404175661,0.6532962457071375,0.0022625052895713926,0.657707562400657,0.6599390989800198,0.002231536579362814
4724,0.6443059475032696,0.646116512696043,0.001810565192773339,0.6526386545951764,0.6544554247815118,0.0018167701863353036
4725,0.6633382207883954,0.6643572517043248,0.0010190309159293642,0.6666013019173412,0.6675312536081625,0.000929951690821218
4726,0.6680269944018099,0.6706255871673165,0.0025985927655065577,0.6742435657471889,0.6763351335996264,0.0020915678524374703
4727,0.6498653330145562,0.6514067966669365,0.0015414636523802816,0.6555602609950436,0.6570113099460926,0.0014510489510489721
4728,0.6710773808404994,0.6725406312146338,0.0014632503741344172,0.6796947703642637,0.6822048207004011,0.0025100503361373816
4729,0.6310941684498433,0.6312007269839006,0.00010655853405727722,0.6312609303730606,0.6315444632652892,0.00028353289222859956
4730,0.6336364067115362,0.6335306532629531,-0.00010575344858310132,0.6416184210749429,0.6417541428410994,0.00013572176615650466
4731,0.6680322472710721,0.6657392580520731,-0.0022929892189990086,0.677292206383248,0.6756088173085546,-0.0016833890746934532
4732,0.6469231642799046,0.6459569476007859,-0.0009662166791186699,0.6533374125093876,0.6521121160666997,-0.0012252964426878732
4733,0.6349442867516711,0.6341831477747586,-0.0007611389769125454,0.6489613827830686,0.6480302848954489,-0.0009310978876196918
4734,0.6349159911028885,0.6335604270136722,-0.0013555640892163323,0.6457442416340722,0.6440395694946175,-0.0017046721394546882
4735,0.6192733766587846,0.6197809629383019,0.0005075862795173025,0.6423153065320585,0.6428638220262262,0.0005485154941676784
4736,0.6204751018720966,0.6236310719592005,0.0031559700871038876,0.6309773728065448,0.635262556222163,0.004285183415618232
4737,0.6653032371897073,0.662018660449318,-0.003284576740389289,0.6726292264916889,0.669627156098314,-0.003002070393374856
4738,0.6385628570546976,0.6410654819206811,0.002502624865983516,0.6440050730927424,0.646631335719005,0.002626262626262643
4739,0.6392785733112851,0.6421390804883718,0.0028605071770866353,0.6476784353804078,0.6500807190870392,0.002402283706631425
4740,0.6426594140772687,0.6433503644317523,0.0006909503544836326,0.6480654709220316,0.6483484246832462,0.00028295376121456606
4741,0.6276830045856812,0.6301988268861531,0.0025158223004719815,0.6418182300790997,0.6428006051919095,0.0009823751128098523
4742,0.6387171977525014,0.6409041040462236,0.0021869062937222017,0.6446210114432621,0.6458119943733754,0.0011909829301133268
4743,0.6135967534878738,0.6154384552609156,0.0018417017730417706,0.624633111698329,0.6263593685332814,0.001726256834952422
4744,0.6078662380392444,0.6112730135944183,0.00340677555517388,0.6253690832633216,0.6281313838357245,0.002762300572402898
4745,0.6340664883460981,0.6357117417439933,0.001645253397895119,0.6624078602188528,0.663629263141023,0.0012214029221702116
4746,0.6429935785313488,0.6463189977128991,0.003325419181550382,0.6585960803919689,0.661479260014279,0.002883179622310106
4747,0.6378297004257509,0.6415431820833567,0.003713481657605766,0.6546555668330463,0.6579033697547622,0.003247802921715892
4748,0.6441240548385194,0.6470068800850256,0.002882825246506182,0.6581889929419701,0.6611462048122254,0.0029572118702553274
4749,0.6119489628395253,0.6124569759940731,0.0005080131545478483,0.6239295700604024,0.6241711159541221,0.00024154589371971902
4750,0.6536564732609044,0.6528159976559819,-0.0008404756049225082,0.6621314731920745,0.661245732050579,-0.000885741141495533
4751,0.6215578463591918,0.6214995271701177,-5.831918907406308e-05,0.6371520895535475,0.6367215695194467,-0.00043052003410082307
4752,0.6409512499993293,0.6410807781958189,0.00012952819648959224,0.6543223260888651,0.6548216335446942,0.0004993074558291566
4753,0.620092345604087,0.620094017265104,1.6716610170552926e-06,0.6469134577414629,0.6469824708539542,6.901311249130071e-05
4754,0.6329155054760828,0.6338228324619514,0.0009073269858685951,0.6380667981463315,0.6391106214727634,0.0010438233264319363
4755,0.6505362626790547,0.6516836177140266,0.0011473550349718753,0.6616890597325381,0.6630901827640959,0.001401123031557816
4756,0.648282018018467,0.6479279489579742,-0.00035406906049273434,0.6542520726419752,0.6541796088738592,-7.246376811598232e-05
4757,0.657632456915386,0.6597710298936511,0.002138572978265141,0.6653253147818365,0.6671604361821752,0.0018351214003387017
4758,0.6594136149541034,0.6611399536268491,0.001726338672745631,0.6645451167190296,0.6666911590824633,0.0021460423634337422
4759,0.6359367015858319,0.6381002876063371,0.0021635860205051483,0.6466587792785288,0.6478906633364998,0.0012318840579710333
4760,0.6218477915519778,0.6227249012888826,0.000877109736904802,0.634640193590083,0.6358110275870039,0.0011708339969209725
4761,0.6410129800848794,0.6425520569263294,0.0015390768414500489,0.6536133340473274,0.6549343861835968,0.0013210521362694294
4762,0.6428216438833625,0.6438362008727143,0.0010145569893518225,0.652684036164644,0.6543023936525667,0.001618357487922717
4763,0.6292135209328319,0.6320001558582762,0.002786634925444287,0.6425429002235382,0.6451032866969683,0.002560386473430043
4764,0.6387161642027598,0.6380647338945751,-0.0006514303081847084,0.6590692399388051,0.658481060002799,-0.0005881799360060169
4765,0.6609355636211453,0.6629687214076511,0.0020331577865058126,0.6674432300790997,0.669852396999136,0.002409166920036343
4766,0.6498178408060051,0.6485227885348201,-0.0012950522711849821,0.6625187835144956,0.6614208476339509,-0.0010979358805446315
4767,0.5995815244983168,0.6038978662393932,0.004316341741076424,0.6095083396617923,0.6137008862456433,0.004192546583851042
4768,0.6460616753729718,0.6474143952050324,0.0013527198320606448,0.6508937251077338,0.652685411682029,0.0017916865742951815
4769,0.6539800331340828,0.6540588910191554,7.885788507255853e-05,0.6710630012036133,0.6704563916296123,-0.0006066095740009381
4770,0.6292025438691367,0.6294459880513817,0.00024344418224508946,0.639353066137697,0.6397636941570208,0.0004106280193237888
4771,0.6320772008572202,0.6318158479881424,-0.0002613528690778022,0.6394350971928527,0.6393315775241157,-0.00010351966873700658
4772,0.6538840272957398,0.6539453722987512,6.134500301135937e-05,0.6603620051446137,0.660217077608382,-0.0001449275362317426
4773,0.641443730621477,0.6434358427526042,0.001992112131127266,0.6493531650498864,0.6514681515126989,0.002114986462812496
4774,0.6453755234242664,0.6461845885269402,0.0008090651026737561,0.6513537357496578,0.651981371208529,0.000627635458871123
4775,0.6508395224799957,0.6518229259266648,0.00098340344666914,0.665610760012934,0.6660205253683514,0.0004097653554174796
4776,0.6179332152120279,0.6154777459667302,-0.0024554692452977145,0.6374217882595038,0.6349033171029254,-0.002518471156578439
4777,0.6282722513540789,0.6266141759566096,-0.0016580753974693163,0.6360728899592898,0.6346029106632236,-0.0014699792960661817
4778,0.6322144398548418,0.6330611032903942,0.0008466634355523972,0.6537130676269851,0.6544490948847514,0.0007360272577663363
4779,0.6640038914812936,0.6623635322616697,-0.0016403592196239103,0.6859599845726538,0.6852224069329024,-0.0007375776397514633
4780,0.6367063709236974,0.6356194161698296,-0.0010869547538677748,0.65130095714175,0.6489733330749954,-0.0023276240667545745
4781,0.6594372661762707,0.6631828917408847,0.003745625564613997,0.6643772674405086,0.6679945559491014,0.0036172885085927753
4782,0.6305365687139155,0.6342918696591585,0.003755300945243012,0.6432861492300028,0.647329768654057,0.004043619424054179
4783,0.6065997071634022,0.6062885469156314,-0.0003111602477707809,0.6169043480930622,0.6167155996434441,-0.00018874844961802584
4784,0.6289155462729055,0.6310658984165135,0.0021503521436080364,0.6306185190903228,0.6328872165764117,0.002268697486088822
4785,0.6406719168984397,0.6424997345758406,0.0018278176774009225,0.65355778314669,0.6556959348500592,0.0021381517033691733
4786,0.651880495879723,0.6543842952137954,0.0025037993340724096,0.6642215384474133,0.6669242343022832,0.00270269585486993
4787,0.6603513439910659,0.660801812080516,0.00045046808945015115,0.6713120923739236,0.6725305797688818,0.001218487394958112
4788,0.641752079558091,0.642766272969973,0.001014193411882025,0.6465733504980102,0.6477381036192851,0.0011647531212748419
4789,0.6677877191215071,0.6691172799261382,0.0013295608046310914,0.6841386379185598,0.6854959400367313,0.0013573021181715328
4790,0.6433999854040657,0.6443792229505093,0.0009792375464435787,0.6575649833258528,0.6591189728146248,0.0015539894887720562
4791,0.6667448468553665,0.6691659796408713,0.0024211327855048204,0.681312022128027,0.6840101693913918,0.002698147263364814
4792,0.6259021737921369,0.6251166227686556,-0.0007855510234812124,0.6360234713122699,0.6352176949630152,-0.0008057763492547165
4793,0.6630798606772251,0.6657949014887768,0.0027150408115517166,0.6693424036281178,0.6711615989255739,0.001819195297456111
4794,0.6701309443408736,0.6704731549130827,0.00034221057220906737,0.6796818748248953,0.6803738881256043,0.0006920133007090046
4795,0.5926406709992468,0.5946504351934644,0.0020097641942176114,0.6020595956615237,0.6038064900714615,0.0017468944099378048
4796,0.6215693608226145,0.6231412384923897,0.001571877669775179,0.6408625437100958,0.642835456063443,0.001972912353347178
4797,0.6307098887547916,0.6297927552097101,-0.0009171335450814944,0.6382126327778501,0.6373635060591583,-0.0008491267186918616
4798,0.6409867490999833,0.6415641372337857,0.0005773881338023701,0.6483866127344389,0.6488469012382057,0.00046028850376678143
4799,0.6360206313608446,0.6409718312839727,0.004951199923128091,0.6407593251034162,0.6457800290371635,0.005020703933747317
4800,0.6150391967457045,0.6152911492475934,0.00025195250188891904,0.6282172163974298,0.6282301563560219,1.2939958592084189e-05
4801,0.6351208348040782,0.6376094100526846,0.0024885752486063506,0.6489601493949321,0.650785182993421,0.0018250335984889565
4802,0.6321717618046352,0.6356486286946962,0.0034768668900609923,0.6388112990289402,0.6419246984695708,0.0031133994406306043
4803,0.6481422302375957,0.6485700486158094,0.00042781837821370683,0.66222085438666,0.6622705148711031,4.966048444310367e-05
4804,0.6532816606288779,0.6533336349783634,5.1974349485450766e-05,0.6684872260897572,0.6682895976312592,-0.00019762845849802257
4805,0.6247331867260418,0.6234484253876463,-0.0012847613383955014,0.639268515301124,0.6378230042903956,-0.0014455110107284286
4806,0.6614856000232033,0.6626205343978789,0.0011349343746756002,0.6684057607911995,0.670721307563268,0.0023155467720684664
4807,0.6593902345580589,0.6616833120515153,0.002293077493456419,0.6688800789430975,0.671632821369753,0.0027527424266554634
4808,0.6262375837949244,0.6264511421789953,0.00021355838407088878,0.6459516240543488,0.6455651506243971,-0.00038647342995168366
4809,0.6165980558246098,0.6196134089769119,0.0030153531523020582,0.6285450689080019,0.6319903917011507,0.0034453227931487973
4810,0.6233457772406744,0.6253423903742125,0.00199661313353805,0.6389232815858683,0.6409499817967117,0.0020267002108433907
4811,0.623464735531785,0.6237068168502775,0.00024208131849245973,0.64320094746497,0.6433909989593695,0.0001900514943994347
4812,0.6341542269862318,0.635636236553543,0.0014820095673111489,0.6468088752679545,0.6477267496640898,0.000917874396135332
4813,0.6155007361417948,0.61643341733884,0.0009326811970452598,0.6338551061256703,0.6342153256163245,0.0003602194906542344
4814,0.6306210816537705,0.6304488098723733,-0.00017227178139722632,0.6510949031792046,0.6505890081080922,-0.0005058950711124277
4815,0.645780046192798,0.6449684264942924,-0.0008116196985056279,0.6532973561254416,0.6522844318516479,-0.001012924273793736
4816,0.614052203039584,0.6145397977462755,0.00048759470669157423,0.6324909603146249,0.6331653463150978,0.0006743860004728708
4817,0.6583872776799877,0.657480781506071,-0.0009064961739166932,0.6717875991512104,0.6710428366673175,-0.0007447624838929912
4818,0.6377305377685996,0.6372627083410487,-0.00046782942755085877,0.6516927840783676,0.6507565946639173,-0.0009361894144502836
4819,0.6424761176320619,0.6456224004230381,0.0031462827909761737,0.6508890838916669,0.6538478642417515,0.0029587803500845666
4820,0.6197101251222616,0.6215517741116706,0.0018416489894089727,0.6283388762018786,0.6303579802862,0.002019104084321488
4821,0.6382686369029363,0.6372894180801063,-0.0009792188228300303,0.6485255057806912,0.6477757844874916,-0.0007497212931996122
4822,0.6283230656448572,0.6281596348940941,-0.00016343075076308278,0.6417362359239663,0.6416949366435366,-4.1299280429729635e-05
4823,0.6337105266404032,0.637630729356102,0.003920202715698817,0.6498512885862396,0.6539757510802674,0.0041244624940277586
4824,0.6011660843484984,0.6028318010482673,0.0016657166997688932,0.6154091836220992,0.6169360987359709,0.0015269151138717074
4825,0.652573130848091,0.6539175931739797,0.0013444623258886956,0.6639773243723402,0.664842594368045,0.0008652699957047982
4826,0.6527139089677177,0.653835019545267,0.001121110577549267,0.6635583981236156,0.6653516773081991,0.0017932791845834961
4827,0.6360398109532541,0.640570459427573,0.0045306484743188324,0.6572538687788526,0.6613973098788154,0.004143441099962786
4828,0.6142243741388473,0.6129622223538371,-0.0012621517850102126,0.6310192641259492,0.6295429143887299,-0.001476349737219329
4829,0.6304993654226031,0.6292097780095963,-0.0012895874130067764,0.6374245490230145,0.6361597268886271,-0.0012648221343873889
4830,0.6291199705191163,0.6305867220453154,0.0014667515261991282,0.6434445572403409,0.6448288492768067,0.0013842920364658395
4831,0.652534563313676,0.6516878338136539,-0.0008467295000220698,0.6571511523210011,0.6560124359648934,-0.0011387163561076274
4832,0.6512573856821937,0.6479216690581535,-0.003335716624040197,0.6554264080254179,0.6525189893571297,-0.002907418668288142
4833,0.6653681701598305,0.662192382788263,-0.00317578737156754,0.6705397380397381,0.6675047295699471,-0.0030350084697909896
4834,0.6547417387732973,0.6555610036801067,0.0008192649068093916,0.6669694703465019,0.6679948941980127,0.0010254238515108316
4835,0.6646456807868253,0.6643060463205697,-0.00033963446625562277,0.6780930361114355,0.6778687434958386,-0.00022429261559686609
4836,0.6309741544009626,0.6315688302161989,0.0005946758152363119,0.6530200098986788,0.653841265937326,0.0008212560386472445
4837,0.6116743707369338,0.6128149330195889,0.0011405622826551332,0.6434917263633967,0.6450098579902239,0.001518131626827235
4838,0.6917754089063645,0.6941297994836051,0.002354390577240628,0.6958842847973281,0.6975774467078814,0.0016931619105532425
4839,0.6353156386285184,0.6384545559279513,0.0031389172994329417,0.6445652595085444,0.6470839726794315,0.0025187131708871435
4840,0.6306494426494712,0.6322455986781579,0.0015961560286866794,0.6403304640269734,0.6423330990730866,0.002002635046113199
4841,0.6303633247749817,0.6319740800906046,0.001610755315622936,0.6542021434093045,0.6552695904550123,0.0010674470457078256
4842,0.6480347849311364,0.6481289647687688,9.417983763237991e-05,0.6635756411601829,0.6630702769591664,-0.0005053642010164339
4843,0.6255122422951063,0.6282763244920144,0.0027640821969081575,0.6397088515078256,0.6423551303497568,0.002646278841931138
4844,0.6253354610063694,0.6260822935373919,0.0007468325310224788,0.6336241334067421,0.6339952357343662,0.00037110232762416206
4845,0.624346288377845,0.6227707260042245,-0.0015755623736205537,0.6307414174891953,0.6293005150412597,-0.0014409024479355992
4846,0.6430082811016175,0.6453346457545345,0.0023263646529170234,0.6592453012809517,0.6610208204477752,0.0017755191668235026
4847,0.6377373253005288,0.6371814918525455,-0.0005558334479833782,0.6519266723614549,0.6511916827134219,-0.0007349896480329798
4848,0.6263704136837085,0.6274488947027468,0.001078481019038291,0.6278799571133907,0.6293228620345565,0.0014429049211657219
4849,0.6230180339619052,0.6241699199114181,0.0011518859495128764,0.6520265697981507,0.6536848752608038,0.001658305462653109
4850,0.6269076244834038,0.6274339567789138,0.0005263322955100236,0.6390354556594333,0.6398744355201524,0.0008389798607191246
4851,0.6468802381714426,0.6462069009252727,-0.0006733372461699139,0.6521531017971618,0.6510194528374259,-0.001133648959735889
4852,0.6423096648905275,0.6448478697898189,0.002538204899291352,0.652542539274657,0.6553658632936333,0.0028233240189763364
4853,0.6419282656692101,0.6431007955617148,0.0011725298925047145,0.6554973712414006,0.6570376666947394,0.0015402954533387803
4854,0.6504571974895528,0.650828354554814,0.0003711570652612517,0.6592458620217114,0.6599375917895282,0.0006917297678167289
4855,0.6277357277757162,0.6287234787527056,0.0009877509769894433,0.6502444185235422,0.6520865377569659,0.0018421192334237002
4856,0.6374629649318411,0.6377844133090571,0.00032144837721603814,0.6522110940464689,0.6528874225488844,0.0006763285024155019
4857,0.6154336079858257,0.6186258805764441,0.0031922725906183835,0.6301131581345745,0.6330200700632255,0.0029069119286510015
4858,0.6331060807840454,0.6325683468940575,-0.0005377338899879014,0.6500364239581524,0.6493675276370822,-0.0006688963210702559
4859,0.6339621262025886,0.6356247507321535,0.0016626245295648934,0.6464444748238155,0.6483489712935294,0.0019044964697139122
4860,0.6126233595259635,0.6139384305068272,0.0013150709808636973,0.6259212581311487,0.6277471858266418,0.001825927695493057
4861,0.6419787753144814,0.6438936955499833,0.0019149202355018824,0.6564789816304254,0.6579572738695871,0.0014782922391617381
4862,0.6371202760474539,0.6369830164189928,-0.00013725962846111717,0.6529293072174788,0.652263330681937,-0.0006659765355417901
4863,0.6608498249855492,0.6623865761074028,0.0015367511218535856,0.6699268616281848,0.6708293649219925,0.0009025032938076993
4864,0.6560323805859726,0.6577395909131323,0.0017072103271597028,0.6650726296550366,0.6663813692246456,0.0013087395696090853
4865,0.647845962302189,0.6483955990027003,0.0005496367005112246,0.6544657704731937,0.6548771947976615,0.00041142432446783506
4866,0.636521168659913,0.6382181114573982,0.0016969427974851126,0.6482537013155071,0.6500960377230609,0.001842336407553824
4867,0.6329152052295558,0.6338395877905766,0.0009243825610207868,0.6407529290148792,0.641425432839557,0.0006725038246777615
4868,0.6478911998708635,0.6457730035687792,-0.0021181963020843186,0.6552463181799983,0.6528828845122169,-0.002363433667781467
4869,0.6561744914346156,0.658583374954998,0.0024088835203823766,0.6797284252549227,0.6821098481798239,0.0023814229249011776
4870,0.6308857660760162,0.6291948828863644,-0.0016908831896518262,0.6368350028795416,0.635647711909642,-0.001187290969899668
4871,0.6275790461205416,0.6300251375470214,0.0024460914264797795,0.6386405556284039,0.6408285548272726,0.0021879991988686953
4872,0.599026514397201,0.5989122255030588,-0.00011428889414222265,0.6215125025269952,0.6215187764463126,6.2739193174010666e-06
4873,0.6452622118751983,0.6489113697932753,0.003649157918077073,0.6636425920240439,0.6667959603948035,0.003153368370759635
4874,0.660988121379136,0.6635267873030984,0.0025386659239624576,0.6723761053659236,0.6752255023457554,0.0028493969798317753
4875,0.6383657959787511,0.6375205828293118,-0.0008452131494393056,0.6528850742661919,0.6512097396846788,-0.0016753345815131437
4876,0.6620864282014004,0.6630161804496596,0.0009297522482591969,0.6707165796234994,0.672014339834303,0.0012977602108036335
4877,0.6290918386321828,0.6296348127198326,0.0005429740876498057,0.6365184392901785,0.6369513397230788,0.0004329004329003405
4878,0.6509728236632913,0.6526941043386909,0.0017212806753995613,0.6558083343321862,0.6573008912211626,0.0014925568889764262
4879,0.6459986905767544,0.6478648511142241,0.0018661605374696855,0.6631457603125085,0.6642085622448757,0.0010628019323671856
4880,0.6582791137585142,0.6611104737740683,0.002831360015554063,0.6669616153786141,0.6698055830051904,0.002843967626576349
4881,0.6443242949373095,0.6469867717140605,0.0026624767767510216,0.662141078468805,0.6647099347333135,0.0025688562645085344
4882,0.6596123954630909,0.6603111377594305,0.000698742296339594,0.6772458817279855,0.6783854426501551,0.0011395609221696024
4883,0.6407088494425545,0.6411157146852018,0.00040686524264732515,0.6576252169276787,0.6579039237281247,0.0002787068004459492
4884,0.63485875182035,0.6357650057526046,0.0009062539322546304,0.6400065914503725,0.6412629437936814,0.0012563523433088974
4885,0.6304719226979218,0.6305881110570033,0.00011618835908144831,0.6551238923393493,0.6563907904029226,0.001266898063573274
4886,0.6264660679616086,0.6285998912430286,0.0021338232814199776,0.6379429472506699,0.6402178703951583,0.0022749231444884055
4887,0.6149900081467843,0.6174525385482957,0.0024625304015114535,0.6253783241682548,0.627844149405819,0.002465825237564223
4888,0.6254148206970137,0.6288247555601305,0.0034099348631168036,0.6341810445071314,0.637605084235519,0.0034240397283875623
4889,0.6580631614260594,0.6611543640120033,0.003091202585943975,0.6698630780878545,0.6731926953305151,0.0033296172426605652
4890,0.6187620458894698,0.6202907519834584,0.0015287060939885855,0.6351056189427805,0.6359485079378435,0.0008428889950630181
4891,0.6286327074774319,0.6275497808340703,-0.0010829266433616258,0.6426143659551588,0.6421407634706867,-0.00047360248447203546
4892,0.6762231901607073,0.676574315523773,0.0003511253630656963,0.6831533333968667,0.6828568907091197,-0.00029644268774697835
4893,0.6445007227706695,0.6465212262770755,0.002020503506406035,0.6527419113992003,0.6545776601914709,0.0018357487922705529
4894,0.6259108753124216,0.6270068978325921,0.001096022520170492,0.6395466067748677,0.6404334735312998,0.0008868667564320143
4895,0.6400092623517023,0.6425830844771621,0.002573822125459757,0.6655627592072605,0.6672454726291043,0.0016827134218437845
4896,0.6422973972571574,0.640560810374956,-0.001736586882201352,0.6530546444039252,0.6511899788052444,-0.0018646655986808147
4897,0.6329471120094291,0.6348841170949538,0.0019370050855247456,0.6426958781920975,0.6444453605937538,0.0017494824016562882
4898,0.6502474328623,0.6503217510354911,7.431817319103473e-05,0.6690094502761312,0.6695807992170455,0.0005713489409142625
4899,0.6350886215668659,0.6371685862442812,0.0020799646774153357,0.6391023977417088,0.641093739733051,0.0019913419913420993
4900,0.6380407887389322,0.6382919065295422,0.0002511177906099338,0.6458697332415592,0.6465405443855161,0.0006708111439569509
4901,0.6407674801447624,0.6438577468913206,0.0030902667465582123,0.6476356219560513,0.6505736983723885,0.002938076416337254
4902,0.6471998907454796,0.64894318322885,0.0017432924833704622,0.6634956905147971,0.6640874779544105,0.0005917874396134115
4903,0.634434152711843,0.6346562214949006,0.00022206878305763844,0.6542954218287041,0.6545540038264166,0.00025858199771244816
4904,0.6486915572397799,0.6490924710211483,0.00040091378136841715,0.6568663419493904,0.6566749874102098,-0.0001913545391806215
4905,0.6402283220967738,0.6428291306422508,0.0026008085454769514,0.6640583478578385,0.6658726446721352,0.0018142968142967897
4906,0.6169949817538383,0.6174694558362905,0.00047447408245226974,0.627679144993683,0.6286030580371612,0.0009239130434781639
4907,0.6026515784464739,0.6057697692331929,0.003118190786719044,0.6253682015227614,0.6271139195728272,0.0017457180500658476
4908,0.6259220963071509,0.6279614913498855,0.0020393950427346486,0.6359645988360921,0.6378033880661856,0.0018387892300935071
4909,0.6418498222667521,0.6424869364760398,0.0006371142092876925,0.6583564754547023,0.6582768751033629,-7.960035133947052e-05
4910,0.613712629000725,0.6149388964929139,0.0012262674921889039,0.6186421167071792,0.6198772945727916,0.0012351778656124468
4911,0.6403217091590729,0.6412820394059512,0.0009603302468782493,0.6514909198198383,0.6522870155967526,0.0007960957769143073
4912,0.6395751762479839,0.6379347807312006,-0.0016403955167832995,0.6582443820412177,0.6569002430883831,-0.0013441389528345837
4913,0.6451707880836559,0.6481967430008465,0.0030259549171905986,0.6547434928493656,0.6571717803005362,0.00242828745117063
4914,0.6374311637366883,0.6381566930868892,0.0007255293502008708,0.6501566662090755,0.6505707448840239,0.00041407867494835937
4915,0.6064630902187668,0.6072563356556644,0.0007932454368976272,0.6203578640391602,0.6212720223446228,0.0009141583054625979
4916,0.6399903241922023,0.6421017241345404,0.0021113999423381102,0.6473209487229384,0.6498562395190988,0.0025352907961603277
4917,0.6327714539933297,0.6361588186681055,0.00338736467477585,0.6515383479393333,0.6537506284124833,0.00221228047315003
4918,0.614747915201273,0.6158085094309016,0.0010605942296285642,0.6347566834073476,0.6362457825435055,0.001489099136157912
4919,0.603445830470702,0.6051735579340178,0.0017277274633158424,0.6186012008501293,0.6206094824236282,0.002008281573498971
4920,0.627287840545799,0.628212587541233,0.0009247469954339893,0.6410934156778145,0.6426573589808883,0.0015639433030737449
4921,0.6431413876548769,0.6430335582100181,-0.00010782944485887569,0.6528499306923637,0.6524425120240757,-0.00040741866828808426
4922,0.6308617170831443,0.6296309341176672,-0.001230782965477073,0.6399937653733282,0.6391246061154222,-0.0008691592579059826
4923,0.6336573766742959,0.6345864908380933,0.0009291141637973732,0.6523959853663268,0.6530793237670566,0.0006833384007297605
4924,0.665754075673942,0.6684004937504878,0.0026464180765458645,0.6763979350715972,0.6788002833626923,0.002402348291095091
4925,0.6259761293386286,0.6251595618342947,-0.0008165675043338982,0.6320409933850514,0.6311876438360496,-0.0008533495490017362
4926,0.6369396437922438,0.6380751214446273,0.001135477652383532,0.6532886351507634,0.6544893547210482,0.0012007195702847806
4927,0.6391088496584344,0.6412490238922726,0.0021401742338381657,0.6600268276990235,0.6625221825856827,0.0024953548866591957
4928,0.6366135773106754,0.6366318227251603,1.8245414484918676e-05,0.6526425444607089,0.652244157681248,-0.00039838677946091305
4929,0.6267623909870633,0.6288887493279539,0.0021263583408905884,0.631701293875207,0.6338885269320051,0.0021872330567981324
4930,0.6180343932451142,0.6195657986332983,0.0015314053881840817,0.6242376724277593,0.62578858528302,0.0015509128552606555
4931,0.649485837993994,0.6524299096949078,0.0029440717009138195,0.6553581605947335,0.6581687196009447,0.0028105590062111885
4932,0.6764944701303232,0.6763500720014283,-0.0001443981288948848,0.6881016130544308,0.6886190545501331,0.0005174414957022089
4933,0.6154074209520375,0.6165973275578264,0.0011899066057888819,0.6310279660663292,0.6324461855280269,0.001418219461697734
4934,0.6376456780131992,0.6399369233177719,0.0022912453045726977,0.6483621228016628,0.6506084996132571,0.0022463768115942306
4935,0.6752353144578841,0.6767549312767898,0.001519616818905667,0.6842188420220279,0.6856737639117324,0.0014549218897045302
4936,0.6589870702660524,0.6585276405361581,-0.00045942972989432285,0.6718728831611083,0.6710637044171469,-0.0008091787439613585
4937,0.6257426349878872,0.6300412903589895,0.0042986553711023,0.6517604817152902,0.6558024542355235,0.004041972520233306
4938,0.6545266235100987,0.6578442194667603,0.00331759595666159,0.6638142132112591,0.6676594983608921,0.0038452851496330043
4939,0.6133311232163617,0.615708348448446,0.002377225232084279,0.6295896983940462,0.6317325555369033,0.002142857142857113
4940,0.6662420680134509,0.6683510983781101,0.002109030364659259,0.6735665288784766,0.6758370602794427,0.0022705314009661137
4941,0.640766216552793,0.6397691747417078,-0.0009970418110851753,0.6487165974033603,0.6478553933899824,-0.0008612040133778587
4942,0.6414825990000963,0.6402169974329002,-0.0012656015671961285,0.6658569107612601,0.6643049783941103,-0.0015519323671497887
4943,0.6269055268039831,0.6289155190809701,0.0020099922769869494,0.6392808068432262,0.6410231224985853,0.0017423156553590946
4944,0.648450636192837,0.6476348685471957,-0.0008157676456413965,0.6565304502261025,0.6553816955990869,-0.0011487546270155802
4945,0.6288511458937267,0.6307458262165498,0.001894680322823139,0.6490507168936714,0.650146456902455,0.0010957400087835412
4946,0.6641456157815998,0.6633537893613992,-0.000791826420200592,0.6734033078261368,0.6729734357658298,-0.00042987206030697944
4947,0.6546452118041082,0.6530558703432655,-0.0015893414608426637,0.6782209780976787,0.6761606712547632,-0.0020603068429154714
4948,0.6420957717438595,0.6415325399148804,-0.000563231828979105,0.6524714912033752,0.6517929668291986,-0.0006785243741765923
4949,0.6523293419042518,0.6548455892979985,0.0025162473937466734,0.6627899260444017,0.6655093840515836,0.002719458007181874
4950,0.6597854339300622,0.6626995835140447,0.002914149583982506,0.6675953521817971,0.6702072330545475,0.0026118808727504383
4951,0.6113809360074315,0.6130506337642522,0.0016696977568206872,0.620133640736757,0.6216426631153447,0.0015090223785876322
4952,0.6230761532093596,0.6237917678270974,0.0007156146177378364,0.6309826197419433,0.6314018744003284,0.00041925465838510423
4953,0.6313500405416523,0.6327658995721965,0.0014158590305441976,0.6434721191895033,0.6453969906567089,0.0019248714672055467
4954,0.6481981399749833,0.6487887577433247,0.0005906177683413505,0.6562676495815714,0.6564430840504842,0.00017543446891288283
4955,0.6416249795422698,0.6423093290096438,0.0006843494673739459,0.6524353619980775,0.6531336492181038,0.0006982872200262946
4956,0.6224002362486651,0.6236730204165921,0.001272784167926977,0.6344965779460664,0.6359910255274706,0.001494447581404157
4957,0.6268116198033361,0.6275857411457223,0.0007741213423861915,0.6397406255644581,0.6409168009094314,0.0011761753449732737
4958,0.6229017041658729,0.6237313164676508,0.0008296123017779156,0.6347397212585574,0.6354746626456726,0.0007349413871152732
4959,0.6496840325090449,0.6471700207996516,-0.00251401170939336,0.6625443855766485,0.6608986882787773,-0.0016456972978712292
4960,0.6382254937518406,0.640385001870209,0.002159508118368403,0.660199081559577,0.6623643076378465,0.002165226078269522
4961,0.6506884818051253,0.6500400439009033,-0.0006484379042219768,0.6563353165889398,0.6556260500101079,-0.0007092665788319685
4962,0.6416151847760324,0.6435615793109356,0.0019463945349031953,0.6586561264822135,0.6607928786189656,0.002136752136752129
4963,0.6352688085466197,0.6358990689121615,0.0006302603655418126,0.6526569194004063,0.652955441379168,0.00029852197876167885
4964,0.5963221829453661,0.5961495696123028,-0.0001726133330632873,0.6179437880985191,0.6177885085954135,-0.0001552795031056764
4965,0.6594357453838186,0.6641031305709147,0.004667385187096196,0.6736303839315407,0.6785320402462404,0.004901656314699632
4966,0.630663035186124,0.6327156936251483,0.0020526584390243574,0.6402634469080594,0.6422096166803162,0.0019461697722568116
4967,0.6684438622306386,0.6674239105587123,-0.0010199516719262558,0.6792263457366431,0.6779615236022558,-0.0012648221343872779
4968,0.6355452738957864,0.637355022566988,0.0018097486712015387,0.649115022516557,0.6505791019154191,0.0014640793988621725
4969,0.6465952957045086,0.646216796348719,-0.0003784993557895966,0.6599313977626732,0.6591584509027697,-0.0007729468599034783
4970,0.6330378801403443,0.6311877983800802,-0.0018500817602641328,0.6469665008814285,0.645701172007404,-0.0012653288740245294
4971,0.6157494308627028,0.6158755388091751,0.00012610794647227586,0.6410613567545143,0.6418491679771081,0.0007878112225938594
4972,0.6656078288482788,0.6687237523800649,0.0031159235317860245,0.6789583963806415,0.6828237663272471,0.003865369946605579
4973,0.6409791107552469,0.6403460714929526,-0.0006330392622942993,0.6582725969682491,0.6582252168121733,-4.7380156075860214e-05
4974,0.6666227054101352,0.6676842145726172,0.0010615091624819328,0.6719384165001275,0.6731615170710542,0.0012231005709266718
4975,0.6579906084185754,0.6584393617824719,0.00044875336389649245,0.6651593977680934,0.6656402333576247,0.0004808355895312699
4976,0.6408065598174626,0.6424142738162438,0.001607713998781235,0.6579884780082409,0.6591311758900691,0.0011426978818281919
4977,0.6220426180079156,0.622279911122966,0.00023729311505038542,0.6304754441011436,0.6310288037849381,0.000553359683794441
4978,0.6357635430639336,0.6336638658074636,-0.0020996772564699784,0.6469826607964604,0.6453503257402123,-0.0016323350562480465
4979,0.6227339686171881,0.6243378978256418,0.0016039292084536472,0.6355547446938644,0.6367024936485187,0.001147748954654304
4980,0.6545850144950799,0.6577667191977931,0.003181704702713173,0.6673291614449148,0.6707247875579323,0.003395626113017469
4981,0.6632940057390596,0.6623965400543503,-0.0008974656847092755,0.6762258481543746,0.675456617385144,-0.0007692307692306333
4982,0.6450077436642419,0.6456706176248622,0.0006628739606203693,0.655610324834985,0.6564118180277826,0.0008014931927975422
4983,0.6391844213994555,0.6400608616307392,0.0008764402312836372,0.6445762508614171,0.6455369447568937,0.0009606938954765942
4984,0.6410192966794327,0.6429599957593053,0.0019406990798725987,0.6489415053545489,0.6512357208009382,0.0022942154463893027
4985,0.6183168098097905,0.6185483039081434,0.00023149409835288015,0.6316733224170293,0.6318869976307047,0.00021367521367532394
4986,0.6171644117174353,0.6190281429530815,0.0018637312356462044,0.6271561165733228,0.6294690451905994,0.0023129286172766106
4987,0.6242719244531315,0.6234131153604141,-0.0008588090927174052,0.6372375839784863,0.6364059759729652,-0.0008316080055210673
4988,0.602004917345906,0.6022319845810267,0.0002270672351206704,0.627581530730195,0.6277218312509304,0.00014030052073543686
4989,0.6075574616707725,0.6098217291031941,0.002264267432421585,0.6203841164399299,0.6221301481859616,0.0017460317460317176
4990,0.6130873443831849,0.6150328083585817,0.001945463975396744,0.6281225429424075,0.6297270978078321,0.0016045548654245456
4991,0.5986544687281764,0.6016711677478821,0.003016699019705693,0.6178426045216519,0.6211034740868692,0.003260869565217317
4992,0.6306867735222031,0.6326670749412024,0.0019803014189992973,0.6416002915631426,0.6436622151468052,0.0020619235836626393
4993,0.6294423300010068,0.6307265626471021,0.0012842326460953402,0.6401267548797691,0.6412128668354463,0.0010861119556772048
4994,0.625126174402429,0.627385187157462,0.0022590127550330408,0.6397035884278448,0.6412420499663062,0.0015384615384613776
4995,0.63965990129814,0.6418511025293021,0.002191201231162121,0.6561320442842182,0.6591548186113403,0.0030227743271220575
4996,0.6423723042626621,0.6475071050460598,0.005134800783397675,0.6569611360876789,0.6629877061359881,0.006026570048309199
4997,0.6256115171395864,0.628974064107355,0.0033625469677686093,0.6363753300249246,0.6402192035427113,0.0038438735177867
4998,0.6510825501369185,0.6488382499357728,-0.0022443002011457436,0.6620590616043285,0.65966536834107,-0.002393693263258445
4999,0.6299878607058871,0.6292583098165565,-0.0007295508893305769,0.6440014667974203,0.6431146483019061,-0.0008868184955141967
5000,0.6409167034485835,0.6432295238172187,0.0023128203686351156,0.6490481233330357,0.6510673360044223,0.0020192126713866054
