row_index,image_path_runtime,image_path_resolved,category,garment_id,fold_id
0,/content/drive/MyDrive/FashionAI/datasets/Clo-Sket/Clo-Sket/A-Line/1-1.tif,/content/drive/MyDrive/FashionAI/datasets/Clo-Sket/Clo-Sket/A-Line/1-1.tif,A-Line,A-Line__G01,0
1,/content/drive/MyDrive/FashionAI/datasets/Clo-Sket/Clo-Sket/A-Line/1-10.tif,/content/drive/MyDrive/FashionAI/datasets/Clo-Sket/Clo-Sket/A-Line/1-10.tif,A-Line,A-Line__G01,0
2,/content/drive/MyDrive/FashionAI/datasets/Clo-Sket/Clo-Sket/A-Line/1-2.tif,/content/drive/MyDrive/FashionAI/datasets/Clo-Sket/Clo-Sket/A-Line/1-2.tif,A-Line,A-Line__G01,0
3,/content/drive/MyDrive/FashionAI/datasets/Clo-Sket/Clo-Sket/A-Line/1-3.tif,/content/drive/MyDrive/FashionAI/datasets/Clo-Sket/Clo-Sket/A-Line/1-3.tif,A-Line,A-Line__G01,0
4,/content/drive/MyDrive/FashionAI/datasets/Clo-Sket/Clo-Sket/A-Line/1-4.tif,/content/drive/MyDrive/FashionAI/datasets/Clo-Sket/Clo-Sket/A-Line/1-4.tif,A-Line,A-Line__G01,0
5,/content/drive/MyDrive/FashionAI/datasets/Clo-Sket/Clo-Sket/A-Line/1-5.tif,/content/drive/MyDrive/FashionAI/datasets/Clo-Sket/Clo-Sket/A-Line/1-5.tif,A-Line,A-Line__G01,0
6,/content/drive/MyDrive/FashionAI/datasets/Clo-Sket/Clo-Sket/A-Line/1-6.tif,/content/drive/MyDrive/FashionAI/datasets/Clo-Sket/Clo-Sket/A-Line/1-6.tif,A-Line,A-Line__G01,0
7,/content/drive/MyDrive/FashionAI/datasets/Clo-Sket/Clo-Sket/A-Line/1-7.tif,/content/drive/MyDrive/FashionAI/datasets/Clo-Sket/Clo-Sket/A-Line/1-7.tif,A-Line,A-Line__G01,0
8,/content/drive/MyDrive/FashionAI/datasets/Clo-Sket/Clo-Sket/A-Line/1-8.tif,/content/drive/MyDrive/FashionAI/datasets/Clo-Sket/Clo-Sket/A-Line/1-8.tif,A-Line,A-Line__G01,0
9,/content/drive/MyDrive/FashionAI/datasets/Clo-Sket/Clo-Sket/A-Line/1-9.tif,/content/drive/MyDrive/FashionAI/datasets/Clo-Sket/Clo-Sket/A-Line/1-9.tif,A-Line,A-Line__G01,0
10,/content/drive/MyDrive/FashionAI/datasets/Clo-Sket/Clo-Sket/A-Line/10-1.tif,/content/drive/MyDrive/FashionAI/datasets/Clo-Sket/Clo-Sket/A-Line/10-1.tif,A-Line,A-Line__G10,4
11,/content/drive/MyDrive/FashionAI/datasets/Clo-Sket/Clo-Sket/A-Line/10-10.tif,/content/drive/MyDrive/FashionAI/datasets/Clo-Sket/Clo-Sket/A-Line/10-10.tif,A-Line,A-Line__G10,4
12,/content/drive/MyDrive/FashionAI/datasets/Clo-Sket/Clo-Sket/A-Line/10-2.tif,/content/drive/MyDrive/FashionAI/datasets/Clo-Sket/Clo-Sket/A-Line/10-2.tif,A-Line,A-Line__G10,4
13,/content/drive/MyDrive/FashionAI/datasets/Clo-Sket/Clo-Sket/A-Line/10-3.tif,/content/drive/MyDrive/FashionAI/datasets/Clo-Sket/Clo-Sket/A-Line/10-3.tif,A-Line,A-Line__G10,4
14,/content/drive/MyDrive/FashionAI/datasets/Clo-Sket/Clo-Sket/A-Line/10-4.tif,/content/drive/MyDrive/FashionAI/datasets/Clo-Sket/Clo-Sket/A-Line/10-4.tif,A-Line,A-Line__G10,4
15,/content/drive/MyDrive/FashionAI/datasets/Clo-Sket/Clo-Sket/A-Line/10-5.tif,/content/drive/MyDrive/FashionAI/datasets/Clo-Sket/Clo-Sket/A-Line/10-5.tif,A-Line,A-Line__G10,4
16,/content/drive/MyDrive/FashionAI/datasets/Clo-Sket/Clo-Sket/A-Line/10-6.tif,/content/drive/MyDrive/FashionAI/datasets/Clo-Sket/Clo-Sket/A-Line/10-6.tif,A-Line,A-Line__G10,4
17,/content/drive/MyDrive/FashionAI/datasets/Clo-Sket/Clo-Sket/A-Line/10-7.tif,/content/drive/MyDrive/FashionAI/datasets/Clo-Sket/Clo-Sket/A-Line/10-7.tif,A-Line,A-Line__G10,4
18,/content/drive/MyDrive/FashionAI/datasets/Clo-Sket/Clo-Sket/A-Line/10-8.tif,/content/drive/MyDrive/FashionAI/datasets/Clo-Sket/Clo-Sket/A-Line/10-8.tif,A-Line,A-Line__G10,4
19,/content/drive/MyDrive/FashionAI/datasets/Clo-Sket/Clo-Sket/A-Line/10-9.tif,/content/drive/MyDrive/FashionAI/datasets/Clo-Sket/Clo-Sket/A-Line/10-9.tif,A-Line,A-Line__G10,4
20,/content/drive/MyDrive/FashionAI/datasets/Clo-Sket/Clo-Sket/A-Line/2-1.tif,/content/drive/MyDrive/FashionAI/datasets/Clo-Sket/Clo-Sket/A-Line/2-1.tif,A-Line,A-Line__G02,0
21,/content/drive/MyDrive/FashionAI/datasets/Clo-Sket/Clo-Sket/A-Line/2-10.tif,/content/drive/MyDrive/FashionAI/datasets/Clo-Sket/Clo-Sket/A-Line/2-10.tif,A-Line,A-Line__G02,0
22,/content/drive/MyDrive/FashionAI/datasets/Clo-Sket/Clo-Sket/A-Line/2-2.tif,/content/drive/MyDrive/FashionAI/datasets/Clo-Sket/Clo-Sket/A-Line/2-2.tif,A-Line,A-Line__G02,0
23,/content/drive/MyDrive/FashionAI/datasets/Clo-Sket/Clo-Sket/A-Line/2-3.tif,/content/drive/MyDrive/FashionAI/datasets/Clo-Sket/Clo-Sket/A-Line/2-3.tif,A-Line,A-Line__G02,0
24,/content/drive/MyDrive/FashionAI/datasets/Clo-Sket/Clo-Sket/A-Line/2-4.tif,/content/drive/MyDrive/FashionAI/datasets/Clo-Sket/Clo-Sket/A-Line/2-4.tif,A-Line,A-Line__G02,0
25,/content/drive/MyDrive/FashionAI/datasets/Clo-Sket/Clo-Sket/A-Line/2-5.tif,/content/drive/MyDrive/FashionAI/datasets/Clo-Sket/Clo-Sket/A-Line/2-5.tif,A-Line,A-Line__G02,0
26,/content/drive/MyDrive/FashionAI/datasets/Clo-Sket/Clo-Sket/A-Line/2-6.tif,/content/drive/MyDrive/FashionAI/datasets/Clo-Sket/Clo-Sket/A-Line/2-6.tif,A-Line,A-Line__G02,0
27,/content/drive/MyDrive/FashionAI/datasets/Clo-Sket/Clo-Sket/A-Line/2-7.tif,/content/drive/MyDrive/FashionAI/datasets/Clo-Sket/Clo-Sket/A-Line/2-7.tif,A-Line,A-Line__G02,0
28,/content/drive/MyDrive/FashionAI/datasets/Clo-Sket/Clo-Sket/A-Line/2-8.tif,/content/drive/MyDrive/FashionAI/datasets/Clo-Sket/Clo-Sket/A-Line/2-8.tif,A-Line,A-Line__G02,0
29,/content/drive/MyDrive/FashionAI/datasets/Clo-Sket/Clo-Sket/A-Line/2-9.tif,/content/drive/MyDrive/FashionAI/datasets/Clo-Sket/Clo-Sket/A-Line/2-9.tif,A-Line,A-Line__G02,0
30,/content/drive/MyDrive/FashionAI/datasets/Clo-Sket/Clo-Sket/A-Line/3-1.tif,/content/drive/MyDrive/FashionAI/datasets/Clo-Sket/Clo-Sket/A-Line/3-1.tif,A-Line,A-Line__G03,1
31,/content/drive/MyDrive/FashionAI/datasets/Clo-Sket/Clo-Sket/A-Line/3-10.tif,/content/drive/MyDrive/FashionAI/datasets/Clo-Sket/Clo-Sket/A-Line/3-10.tif,A-Line,A-Line__G03,1
32,/content/drive/MyDrive/FashionAI/datasets/Clo-Sket/Clo-Sket/A-Line/3-2.tif,/content/drive/MyDrive/FashionAI/datasets/Clo-Sket/Clo-Sket/A-Line/3-2.tif,A-Line,A-Line__G03,1
33,/content/drive/MyDrive/FashionAI/datasets/Clo-Sket/Clo-Sket/A-Line/3-3.tif,/content/drive/MyDrive/FashionAI/datasets/Clo-Sket/Clo-Sket/A-Line/3-3.tif,A-Line,A-Line__G03,1
34,/content/drive/MyDrive/FashionAI/datasets/Clo-Sket/Clo-Sket/A-Line/3-4.tif,/content/drive/MyDrive/FashionAI/datasets/Clo-Sket/Clo-Sket/A-Line/3-4.tif,A-Line,A-Line__G03,1
35,/content/drive/MyDrive/FashionAI/datasets/Clo-Sket/Clo-Sket/A-Line/3-5.tif,/content/drive/MyDrive/FashionAI/datasets/Clo-Sket/Clo-Sket/A-Line/3-5.tif,A-Line,A-Line__G03,1
36,/content/drive/MyDrive/FashionAI/datasets/Clo-Sket/Clo-Sket/A-Line/3-6.tif,/content/drive/MyDrive/FashionAI/datasets/Clo-Sket/Clo-Sket/A-Line/3-6.tif,A-Line,A-Line__G03,1
37,/content/drive/MyDrive/FashionAI/datasets/Clo-Sket/Clo-Sket/A-Line/3-7.tif,/content/drive/MyDrive/FashionAI/datasets/Clo-Sket/Clo-Sket/A-Line/3-7.tif,A-Line,A-Line__G03,1
38,/content/drive/MyDrive/FashionAI/datasets/Clo-Sket/Clo-Sket/A-Line/3-8.tif,/content/drive/MyDrive/FashionAI/datasets/Clo-Sket/Clo-Sket/A-Line/3-8.tif,A-Line,A-Line__G03,1
39,/content/drive/MyDrive/FashionAI/datasets/Clo-Sket/Clo-Sket/A-Line/3-9.tif,/content/drive/MyDrive/FashionAI/datasets/Clo-Sket/Clo-Sket/A-Line/3-9.tif,A-Line,A-Line__G03,1
40,/content/drive/MyDrive/FashionAI/datasets/Clo-Sket/Clo-Sket/A-Line/4-1.tif,/content/drive/MyDrive/FashionAI/datasets/Clo-Sket/Clo-Sket/A-Line/4-1.tif,A-Line,A-Line__G04,1
41,/content/drive/MyDrive/FashionAI/datasets/Clo-Sket/Clo-Sket/A-Line/4-10.tif,/content/drive/MyDrive/FashionAI/datasets/Clo-Sket/Clo-Sket/A-Line/4-10.tif,A-Line,A-Line__G04,1
42,/content/drive/MyDrive/FashionAI/datasets/Clo-Sket/Clo-Sket/A-Line/4-2.tif,/content/drive/MyDrive/FashionAI/datasets/Clo-Sket/Clo-Sket/A-Line/4-2.tif,A-Line,A-Line__G04,1
43,/content/drive/MyDrive/FashionAI/datasets/Clo-Sket/Clo-Sket/A-Line/4-3.tif,/content/drive/MyDrive/FashionAI/datasets/Clo-Sket/Clo-Sket/A-Line/4-3.tif,A-Line,A-Line__G04,1
44,/content/drive/MyDrive/FashionAI/datasets/Clo-Sket/Clo-Sket/A-Line/4-4.tif,/content/drive/MyDrive/FashionAI/datasets/Clo-Sket/Clo-Sket/A-Line/4-4.tif,A-Line,A-Line__G04,1
45,/content/drive/MyDrive/FashionAI/datasets/Clo-Sket/Clo-Sket/A-Line/4-5.tif,/content/drive/MyDrive/FashionAI/datasets/Clo-Sket/Clo-Sket/A-Line/4-5.tif,A-Line,A-Line__G04,1
46,/content/drive/MyDrive/FashionAI/datasets/Clo-Sket/Clo-Sket/A-Line/4-6.tif,/content/drive/MyDrive/FashionAI/datasets/Clo-Sket/Clo-Sket/A-Line/4-6.tif,A-Line,A-Line__G04,1
47,/content/drive/MyDrive/FashionAI/datasets/Clo-Sket/Clo-Sket/A-Line/4-7.tif,/content/drive/MyDrive/FashionAI/datasets/Clo-Sket/Clo-Sket/A-Line/4-7.tif,A-Line,A-Line__G04,1
48,/content/drive/MyDrive/FashionAI/datasets/Clo-Sket/Clo-Sket/A-Line/4-8.tif,/content/drive/MyDrive/FashionAI/datasets/Clo-Sket/Clo-Sket/A-Line/4-8.tif,A-Line,A-Line__G04,1
49,/content/drive/MyDrive/FashionAI/datasets/Clo-Sket/Clo-Sket/A-Line/4-9.tif,/content/drive/MyDrive/FashionAI/datasets/Clo-Sket/Clo-Sket/A-Line/4-9.tif,A-Line,A-Line__G04,1
50,/content/drive/MyDrive/FashionAI/datasets/Clo-Sket/Clo-Sket/A-Line/5-1.tif,/content/drive/MyDrive/FashionAI/datasets/Clo-Sket/Clo-Sket/A-Line/5-1.tif,A-Line,A-Line__G05,2
51,/content/drive/MyDrive/FashionAI/datasets/Clo-Sket/Clo-Sket/A-Line/5-10.tif,/content/drive/MyDrive/FashionAI/datasets/Clo-Sket/Clo-Sket/A-Line/5-10.tif,A-Line,A-Line__G05,2
52,/content/drive/MyDrive/FashionAI/datasets/Clo-Sket/Clo-Sket/A-Line/5-2.tif,/content/drive/MyDrive/FashionAI/datasets/Clo-Sket/Clo-Sket/A-Line/5-2.tif,A-Line,A-Line__G05,2
53,/content/drive/MyDrive/FashionAI/datasets/Clo-Sket/Clo-Sket/A-Line/5-3.tif,/content/drive/MyDrive/FashionAI/datasets/Clo-Sket/Clo-Sket/A-Line/5-3.tif,A-Line,A-Line__G05,2
54,/content/drive/MyDrive/FashionAI/datasets/Clo-Sket/Clo-Sket/A-Line/5-4.tif,/content/drive/MyDrive/FashionAI/datasets/Clo-Sket/Clo-Sket/A-Line/5-4.tif,A-Line,A-Line__G05,2
55,/content/drive/MyDrive/FashionAI/datasets/Clo-Sket/Clo-Sket/A-Line/5-5.tif,/content/drive/MyDrive/FashionAI/datasets/Clo-Sket/Clo-Sket/A-Line/5-5.tif,A-Line,A-Line__G05,2
56,/content/drive/MyDrive/FashionAI/datasets/Clo-Sket/Clo-Sket/A-Line/5-6.tif,/content/drive/MyDrive/FashionAI/datasets/Clo-Sket/Clo-Sket/A-Line/5-6.tif,A-Line,A-Line__G05,2
57,/content/drive/MyDrive/FashionAI/datasets/Clo-Sket/Clo-Sket/A-Line/5-7.tif,/content/drive/MyDrive/FashionAI/datasets/Clo-Sket/Clo-Sket/A-Line/5-7.tif,A-Line,A-Line__G05,2
58,/content/drive/MyDrive/FashionAI/datasets/Clo-Sket/Clo-Sket/A-Line/5-8.tif,/content/drive/MyDrive/FashionAI/datasets/Clo-Sket/Clo-Sket/A-Line/5-8.tif,A-Line,A-Line__G05,2
59,/content/drive/MyDrive/FashionAI/datasets/Clo-Sket/Clo-Sket/A-Line/5-9.tif,/content/drive/MyDrive/FashionAI/datasets/Clo-Sket/Clo-Sket/A-Line/5-9.tif,A-Line,A-Line__G05,2
60,/content/drive/MyDrive/FashionAI/datasets/Clo-Sket/Clo-Sket/A-Line/6-1.tif,/content/drive/MyDrive/FashionAI/datasets/Clo-Sket/Clo-Sket/A-Line/6-1.tif,A-Line,A-Line__G06,2
61,/content/drive/MyDrive/FashionAI/datasets/Clo-Sket/Clo-Sket/A-Line/6-10.tif,/content/drive/MyDrive/FashionAI/datasets/Clo-Sket/Clo-Sket/A-Line/6-10.tif,A-Line,A-Line__G06,2
62,/content/drive/MyDrive/FashionAI/datasets/Clo-Sket/Clo-Sket/A-Line/6-2.tif,/content/drive/MyDrive/FashionAI/datasets/Clo-Sket/Clo-Sket/A-Line/6-2.tif,A-Line,A-Line__G06,2
63,/content/drive/MyDrive/FashionAI/datasets/Clo-Sket/Clo-Sket/A-Line/6-3.tif,/content/drive/MyDrive/FashionAI/datasets/Clo-Sket/Clo-Sket/A-Line/6-3.tif,A-Line,A-Line__G06,2
64,/content/drive/MyDrive/FashionAI/datasets/Clo-Sket/Clo-Sket/A-Line/6-4.tif,/content/drive/MyDrive/FashionAI/datasets/Clo-Sket/Clo-Sket/A-Line/6-4.tif,A-Line,A-Line__G06,2
65,/content/drive/MyDrive/FashionAI/datasets/Clo-Sket/Clo-Sket/A-Line/6-5.tif,/content/drive/MyDrive/FashionAI/datasets/Clo-Sket/Clo-Sket/A-Line/6-5.tif,A-Line,A-Line__G06,2
66,/content/drive/MyDrive/FashionAI/datasets/Clo-Sket/Clo-Sket/A-Line/6-6.tif,/content/drive/MyDrive/FashionAI/datasets/Clo-Sket/Clo-Sket/A-Line/6-6.tif,A-Line,A-Line__G06,2
67,/content/drive/MyDrive/FashionAI/datasets/Clo-Sket/Clo-Sket/A-Line/6-7.tif,/content/drive/MyDrive/FashionAI/datasets/Clo-Sket/Clo-Sket/A-Line/6-7.tif,A-Line,A-Line__G06,2
68,/content/drive/MyDrive/FashionAI/datasets/Clo-Sket/Clo-Sket/A-Line/6-8.tif,/content/drive/MyDrive/FashionAI/datasets/Clo-Sket/Clo-Sket/A-Line/6-8.tif,A-Line,A-Line__G06,2
69,/content/drive/MyDrive/FashionAI/datasets/Clo-Sket/Clo-Sket/A-Line/6-9.tif,/content/drive/MyDrive/FashionAI/datasets/Clo-Sket/Clo-Sket/A-Line/6-9.tif,A-Line,A-Line__G06,2
70,/content/drive/MyDrive/FashionAI/datasets/Clo-Sket/Clo-Sket/A-Line/7-1.tif,/content/drive/MyDrive/FashionAI/datasets/Clo-Sket/Clo-Sket/A-Line/7-1.tif,A-Line,A-Line__G07,3
71,/content/drive/MyDrive/FashionAI/datasets/Clo-Sket/Clo-Sket/A-Line/7-10.tif,/content/drive/MyDrive/FashionAI/datasets/Clo-Sket/Clo-Sket/A-Line/7-10.tif,A-Line,A-Line__G07,3
72,/content/drive/MyDrive/FashionAI/datasets/Clo-Sket/Clo-Sket/A-Line/7-2.tif,/content/drive/MyDrive/FashionAI/datasets/Clo-Sket/Clo-Sket/A-Line/7-2.tif,A-Line,A-Line__G07,3
73,/content/drive/MyDrive/FashionAI/datasets/Clo-Sket/Clo-Sket/A-Line/7-3.tif,/content/drive/MyDrive/FashionAI/datasets/Clo-Sket/Clo-Sket/A-Line/7-3.tif,A-Line,A-Line__G07,3
74,/content/drive/MyDrive/FashionAI/datasets/Clo-Sket/Clo-Sket/A-Line/7-4.tif,/content/drive/MyDrive/FashionAI/datasets/Clo-Sket/Clo-Sket/A-Line/7-4.tif,A-Line,A-Line__G07,3
75,/content/drive/MyDrive/FashionAI/datasets/Clo-Sket/Clo-Sket/A-Line/7-5.tif,/content/drive/MyDrive/FashionAI/datasets/Clo-Sket/Clo-Sket/A-Line/7-5.tif,A-Line,A-Line__G07,3
76,/content/drive/MyDrive/FashionAI/datasets/Clo-Sket/Clo-Sket/A-Line/7-6.tif,/content/drive/MyDrive/FashionAI/datasets/Clo-Sket/Clo-Sket/A-Line/7-6.tif,A-Line,A-Line__G07,3
77,/content/drive/MyDrive/FashionAI/datasets/Clo-Sket/Clo-Sket/A-Line/7-7.tif,/content/drive/MyDrive/FashionAI/datasets/Clo-Sket/Clo-Sket/A-Line/7-7.tif,A-Line,A-Line__G07,3
78,/content/drive/MyDrive/FashionAI/datasets/Clo-Sket/Clo-Sket/A-Line/7-8.tif,/content/drive/MyDrive/FashionAI/datasets/Clo-Sket/Clo-Sket/A-Line/7-8.tif,A-Line,A-Line__G07,3
79,/content/drive/MyDrive/FashionAI/datasets/Clo-Sket/Clo-Sket/A-Line/7-9.tif,/content/drive/MyDrive/FashionAI/datasets/Clo-Sket/Clo-Sket/A-Line/7-9.tif,A-Line,A-Line__G07,3
80,/content/drive/MyDrive/FashionAI/datasets/Clo-Sket/Clo-Sket/A-Line/8-1.tif,/content/drive/MyDrive/FashionAI/datasets/Clo-Sket/Clo-Sket/A-Line/8-1.tif,A-Line,A-Line__G08,3
81,/content/drive/MyDrive/FashionAI/datasets/Clo-Sket/Clo-Sket/A-Line/8-10.tif,/content/drive/MyDrive/FashionAI/datasets/Clo-Sket/Clo-Sket/A-Line/8-10.tif,A-Line,A-Line__G08,3
82,/content/drive/MyDrive/FashionAI/datasets/Clo-Sket/Clo-Sket/A-Line/8-2.tif,/content/drive/MyDrive/FashionAI/datasets/Clo-Sket/Clo-Sket/A-Line/8-2.tif,A-Line,A-Line__G08,3
83,/content/drive/MyDrive/FashionAI/datasets/Clo-Sket/Clo-Sket/A-Line/8-3.tif,/content/drive/MyDrive/FashionAI/datasets/Clo-Sket/Clo-Sket/A-Line/8-3.tif,A-Line,A-Line__G08,3
84,/content/drive/MyDrive/FashionAI/datasets/Clo-Sket/Clo-Sket/A-Line/8-4.tif,/content/drive/MyDrive/FashionAI/datasets/Clo-Sket/Clo-Sket/A-Line/8-4.tif,A-Line,A-Line__G08,3
85,/content/drive/MyDrive/FashionAI/datasets/Clo-Sket/Clo-Sket/A-Line/8-5.tif,/content/drive/MyDrive/FashionAI/datasets/Clo-Sket/Clo-Sket/A-Line/8-5.tif,A-Line,A-Line__G08,3
86,/content/drive/MyDrive/FashionAI/datasets/Clo-Sket/Clo-Sket/A-Line/8-6.tif,/content/drive/MyDrive/FashionAI/datasets/Clo-Sket/Clo-Sket/A-Line/8-6.tif,A-Line,A-Line__G08,3
87,/content/drive/MyDrive/FashionAI/datasets/Clo-Sket/Clo-Sket/A-Line/8-7.tif,/content/drive/MyDrive/FashionAI/datasets/Clo-Sket/Clo-Sket/A-Line/8-7.tif,A-Line,A-Line__G08,3
88,/content/drive/MyDrive/FashionAI/datasets/Clo-Sket/Clo-Sket/A-Line/8-8.tif,/content/drive/MyDrive/FashionAI/datasets/Clo-Sket/Clo-Sket/A-Line/8-8.tif,A-Line,A-Line__G08,3
89,/content/drive/MyDrive/FashionAI/datasets/Clo-Sket/Clo-Sket/A-Line/8-9.tif,/content/drive/MyDrive/FashionAI/datasets/Clo-Sket/Clo-Sket/A-Line/8-9.tif,A-Line,A-Line__G08,3
90,/content/drive/MyDrive/FashionAI/datasets/Clo-Sket/Clo-Sket/A-Line/9-1.tif,/content/drive/MyDrive/FashionAI/datasets/Clo-Sket/Clo-Sket/A-Line/9-1.tif,A-Line,A-Line__G09,4
91,/content/drive/MyDrive/FashionAI/datasets/Clo-Sket/Clo-Sket/A-Line/9-10.tif,/content/drive/MyDrive/FashionAI/datasets/Clo-Sket/Clo-Sket/A-Line/9-10.tif,A-Line,A-Line__G09,4
92,/content/drive/MyDrive/FashionAI/datasets/Clo-Sket/Clo-Sket/A-Line/9-2.tif,/content/drive/MyDrive/FashionAI/datasets/Clo-Sket/Clo-Sket/A-Line/9-2.tif,A-Line,A-Line__G09,4
93,/content/drive/MyDrive/FashionAI/datasets/Clo-Sket/Clo-Sket/A-Line/9-3.tif,/content/drive/MyDrive/FashionAI/datasets/Clo-Sket/Clo-Sket/A-Line/9-3.tif,A-Line,A-Line__G09,4
94,/content/drive/MyDrive/FashionAI/datasets/Clo-Sket/Clo-Sket/A-Line/9-4.tif,/content/drive/MyDrive/FashionAI/datasets/Clo-Sket/Clo-Sket/A-Line/9-4.tif,A-Line,A-Line__G09,4
95,/content/drive/MyDrive/FashionAI/datasets/Clo-Sket/Clo-Sket/A-Line/9-5.tif,/content/drive/MyDrive/FashionAI/datasets/Clo-Sket/Clo-Sket/A-Line/9-5.tif,A-Line,A-Line__G09,4
96,/content/drive/MyDrive/FashionAI/datasets/Clo-Sket/Clo-Sket/A-Line/9-6.tif,/content/drive/MyDrive/FashionAI/datasets/Clo-Sket/Clo-Sket/A-Line/9-6.tif,A-Line,A-Line__G09,4
97,/content/drive/MyDrive/FashionAI/datasets/Clo-Sket/Clo-Sket/A-Line/9-7.tif,/content/drive/MyDrive/FashionAI/datasets/Clo-Sket/Clo-Sket/A-Line/9-7.tif,A-Line,A-Line__G09,4
98,/content/drive/MyDrive/FashionAI/datasets/Clo-Sket/Clo-Sket/A-Line/9-8.tif,/content/drive/MyDrive/FashionAI/datasets/Clo-Sket/Clo-Sket/A-Line/9-8.tif,A-Line,A-Line__G09,4
99,/content/drive/MyDrive/FashionAI/datasets/Clo-Sket/Clo-Sket/A-Line/9-9.tif,/content/drive/MyDrive/FashionAI/datasets/Clo-Sket/Clo-Sket/A-Line/9-9.tif,A-Line,A-Line__G09,4
100,/content/drive/MyDrive/FashionAI/datasets/Clo-Sket/Clo-Sket/Bermuda/1-1.tif,/content/drive/MyDrive/FashionAI/datasets/Clo-Sket/Clo-Sket/Bermuda/1-1.tif,Bermuda,Bermuda__G01,0
101,/content/drive/MyDrive/FashionAI/datasets/Clo-Sket/Clo-Sket/Bermuda/1-10.tif,/content/drive/MyDrive/FashionAI/datasets/Clo-Sket/Clo-Sket/Bermuda/1-10.tif,Bermuda,Bermuda__G01,0
102,/content/drive/MyDrive/FashionAI/datasets/Clo-Sket/Clo-Sket/Bermuda/1-2.tif,/content/drive/MyDrive/FashionAI/datasets/Clo-Sket/Clo-Sket/Bermuda/1-2.tif,Bermuda,Bermuda__G01,0
103,/content/drive/MyDrive/FashionAI/datasets/Clo-Sket/Clo-Sket/Bermuda/1-3.tif,/content/drive/MyDrive/FashionAI/datasets/Clo-Sket/Clo-Sket/Bermuda/1-3.tif,Bermuda,Bermuda__G01,0
104,/content/drive/MyDrive/FashionAI/datasets/Clo-Sket/Clo-Sket/Bermuda/1-4.tif,/content/drive/MyDrive/FashionAI/datasets/Clo-Sket/Clo-Sket/Bermuda/1-4.tif,Bermuda,Bermuda__G01,0
105,/content/drive/MyDrive/FashionAI/datasets/Clo-Sket/Clo-Sket/Bermuda/1-5.tif,/content/drive/MyDrive/FashionAI/datasets/Clo-Sket/Clo-Sket/Bermuda/1-5.tif,Bermuda,Bermuda__G01,0
106,/content/drive/MyDrive/FashionAI/datasets/Clo-Sket/Clo-Sket/Bermuda/1-6.tif,/content/drive/MyDrive/FashionAI/datasets/Clo-Sket/Clo-Sket/Bermuda/1-6.tif,Bermuda,Bermuda__G01,0
107,/content/drive/MyDrive/FashionAI/datasets/Clo-Sket/Clo-Sket/Bermuda/1-7.tif,/content/drive/MyDrive/FashionAI/datasets/Clo-Sket/Clo-Sket/Bermuda/1-7.tif,Bermuda,Bermuda__G01,0
108,/content/drive/MyDrive/FashionAI/datasets/Clo-Sket/Clo-Sket/Bermuda/1-8.tif,/content/drive/MyDrive/FashionAI/datasets/Clo-Sket/Clo-Sket/Bermuda/1-8.tif,Bermuda,Bermuda__G01,0
109,/content/drive/MyDrive/FashionAI/datasets/Clo-Sket/Clo-Sket/Bermuda/1-9.tif,/content/drive/MyDrive/FashionAI/datasets/Clo-Sket/Clo-Sket/Bermuda/1-9.tif,Bermuda,Bermuda__G01,0
110,/content/drive/MyDrive/FashionAI/datasets/Clo-Sket/Clo-Sket/Bermuda/10-1.tif,/content/drive/MyDrive/FashionAI/datasets/Clo-Sket/Clo-Sket/Bermuda/10-1.tif,Bermuda,Bermuda__G10,4
111,/content/drive/MyDrive/FashionAI/datasets/Clo-Sket/Clo-Sket/Bermuda/10-10.tif,/content/drive/MyDrive/FashionAI/datasets/Clo-Sket/Clo-Sket/Bermuda/10-10.tif,Bermuda,Bermuda__G10,4
112,/content/drive/MyDrive/FashionAI/datasets/Clo-Sket/Clo-Sket/Bermuda/10-2.tif,/content/drive/MyDrive/FashionAI/datasets/Clo-Sket/Clo-Sket/Bermuda/10-2.tif,Bermuda,Bermuda__G10,4
113,/content/drive/MyDrive/FashionAI/datasets/Clo-Sket/Clo-Sket/Bermuda/10-3.tif,/content/drive/MyDrive/FashionAI/datasets/Clo-Sket/Clo-Sket/Bermuda/10-3.tif,Bermuda,Bermuda__G10,4
114,/content/drive/MyDrive/FashionAI/datasets/Clo-Sket/Clo-Sket/Bermuda/10-4.tif,/content/drive/MyDrive/FashionAI/datasets/Clo-Sket/Clo-Sket/Bermuda/10-4.tif,Bermuda,Bermuda__G10,4
115,/content/drive/MyDrive/FashionAI/datasets/Clo-Sket/Clo-Sket/Bermuda/10-5.tif,/content/drive/MyDrive/FashionAI/datasets/Clo-Sket/Clo-Sket/Bermuda/10-5.tif,Bermuda,Bermuda__G10,4
116,/content/drive/MyDrive/FashionAI/datasets/Clo-Sket/Clo-Sket/Bermuda/10-6.tif,/content/drive/MyDrive/FashionAI/datasets/Clo-Sket/Clo-Sket/Bermuda/10-6.tif,Bermuda,Bermuda__G10,4
117,/content/drive/MyDrive/FashionAI/datasets/Clo-Sket/Clo-Sket/Bermuda/10-7.tif,/content/drive/MyDrive/FashionAI/datasets/Clo-Sket/Clo-Sket/Bermuda/10-7.tif,Bermuda,Bermuda__G10,4
118,/content/drive/MyDrive/FashionAI/datasets/Clo-Sket/Clo-Sket/Bermuda/10-8.tif,/content/drive/MyDrive/FashionAI/datasets/Clo-Sket/Clo-Sket/Bermuda/10-8.tif,Bermuda,Bermuda__G10,4
119,/content/drive/MyDrive/FashionAI/datasets/Clo-Sket/Clo-Sket/Bermuda/10-9.tif,/content/drive/MyDrive/FashionAI/datasets/Clo-Sket/Clo-Sket/Bermuda/10-9.tif,Bermuda,Bermuda__G10,4
120,/content/drive/MyDrive/FashionAI/datasets/Clo-Sket/Clo-Sket/Bermuda/2-1.tif,/content/drive/MyDrive/FashionAI/datasets/Clo-Sket/Clo-Sket/Bermuda/2-1.tif,Bermuda,Bermuda__G02,0
121,/content/drive/MyDrive/FashionAI/datasets/Clo-Sket/Clo-Sket/Bermuda/2-10.tif,/content/drive/MyDrive/FashionAI/datasets/Clo-Sket/Clo-Sket/Bermuda/2-10.tif,Bermuda,Bermuda__G02,0
122,/content/drive/MyDrive/FashionAI/datasets/Clo-Sket/Clo-Sket/Bermuda/2-2.tif,/content/drive/MyDrive/FashionAI/datasets/Clo-Sket/Clo-Sket/Bermuda/2-2.tif,Bermuda,Bermuda__G02,0
123,/content/drive/MyDrive/FashionAI/datasets/Clo-Sket/Clo-Sket/Bermuda/2-3.tif,/content/drive/MyDrive/FashionAI/datasets/Clo-Sket/Clo-Sket/Bermuda/2-3.tif,Bermuda,Bermuda__G02,0
124,/content/drive/MyDrive/FashionAI/datasets/Clo-Sket/Clo-Sket/Bermuda/2-4.tif,/content/drive/MyDrive/FashionAI/datasets/Clo-Sket/Clo-Sket/Bermuda/2-4.tif,Bermuda,Bermuda__G02,0
125,/content/drive/MyDrive/FashionAI/datasets/Clo-Sket/Clo-Sket/Bermuda/2-5.tif,/content/drive/MyDrive/FashionAI/datasets/Clo-Sket/Clo-Sket/Bermuda/2-5.tif,Bermuda,Bermuda__G02,0
126,/content/drive/MyDrive/FashionAI/datasets/Clo-Sket/Clo-Sket/Bermuda/2-6.tif,/content/drive/MyDrive/FashionAI/datasets/Clo-Sket/Clo-Sket/Bermuda/2-6.tif,Bermuda,Bermuda__G02,0
127,/content/drive/MyDrive/FashionAI/datasets/Clo-Sket/Clo-Sket/Bermuda/2-7.tif,/content/drive/MyDrive/FashionAI/datasets/Clo-Sket/Clo-Sket/Bermuda/2-7.tif,Bermuda,Bermuda__G02,0
128,/content/drive/MyDrive/FashionAI/datasets/Clo-Sket/Clo-Sket/Bermuda/2-8.tif,/content/drive/MyDrive/FashionAI/datasets/Clo-Sket/Clo-Sket/Bermuda/2-8.tif,Bermuda,Bermuda__G02,0
129,/content/drive/MyDrive/FashionAI/datasets/Clo-Sket/Clo-Sket/Bermuda/2-9.tif,/content/drive/MyDrive/FashionAI/datasets/Clo-Sket/Clo-Sket/Bermuda/2-9.tif,Bermuda,Bermuda__G02,0
130,/content/drive/MyDrive/FashionAI/datasets/Clo-Sket/Clo-Sket/Bermuda/3-1.tif,/content/drive/MyDrive/FashionAI/datasets/Clo-Sket/Clo-Sket/Bermuda/3-1.tif,Bermuda,Bermuda__G03,1
131,/content/drive/MyDrive/FashionAI/datasets/Clo-Sket/Clo-Sket/Bermuda/3-10.tif,/content/drive/MyDrive/FashionAI/datasets/Clo-Sket/Clo-Sket/Bermuda/3-10.tif,Bermuda,Bermuda__G03,1
132,/content/drive/MyDrive/FashionAI/datasets/Clo-Sket/Clo-Sket/Bermuda/3-2.tif,/content/drive/MyDrive/FashionAI/datasets/Clo-Sket/Clo-Sket/Bermuda/3-2.tif,Bermuda,Bermuda__G03,1
133,/content/drive/MyDrive/FashionAI/datasets/Clo-Sket/Clo-Sket/Bermuda/3-3.tif,/content/drive/MyDrive/FashionAI/datasets/Clo-Sket/Clo-Sket/Bermuda/3-3.tif,Bermuda,Bermuda__G03,1
134,/content/drive/MyDrive/FashionAI/datasets/Clo-Sket/Clo-Sket/Bermuda/3-4.tif,/content/drive/MyDrive/FashionAI/datasets/Clo-Sket/Clo-Sket/Bermuda/3-4.tif,Bermuda,Bermuda__G03,1
135,/content/drive/MyDrive/FashionAI/datasets/Clo-Sket/Clo-Sket/Bermuda/3-5.tif,/content/drive/MyDrive/FashionAI/datasets/Clo-Sket/Clo-Sket/Bermuda/3-5.tif,Bermuda,Bermuda__G03,1
136,/content/drive/MyDrive/FashionAI/datasets/Clo-Sket/Clo-Sket/Bermuda/3-6.tif,/content/drive/MyDrive/FashionAI/datasets/Clo-Sket/Clo-Sket/Bermuda/3-6.tif,Bermuda,Bermuda__G03,1
137,/content/drive/MyDrive/FashionAI/datasets/Clo-Sket/Clo-Sket/Bermuda/3-7.tif,/content/drive/MyDrive/FashionAI/datasets/Clo-Sket/Clo-Sket/Bermuda/3-7.tif,Bermuda,Bermuda__G03,1
138,/content/drive/MyDrive/FashionAI/datasets/Clo-Sket/Clo-Sket/Bermuda/3-8.tif,/content/drive/MyDrive/FashionAI/datasets/Clo-Sket/Clo-Sket/Bermuda/3-8.tif,Bermuda,Bermuda__G03,1
139,/content/drive/MyDrive/FashionAI/datasets/Clo-Sket/Clo-Sket/Bermuda/3-9.tif,/content/drive/MyDrive/FashionAI/datasets/Clo-Sket/Clo-Sket/Bermuda/3-9.tif,Bermuda,Bermuda__G03,1
140,/content/drive/MyDrive/FashionAI/datasets/Clo-Sket/Clo-Sket/Bermuda/4-1.tif,/content/drive/MyDrive/FashionAI/datasets/Clo-Sket/Clo-Sket/Bermuda/4-1.tif,Bermuda,Bermuda__G04,1
141,/content/drive/MyDrive/FashionAI/datasets/Clo-Sket/Clo-Sket/Bermuda/4-10.tif,/content/drive/MyDrive/FashionAI/datasets/Clo-Sket/Clo-Sket/Bermuda/4-10.tif,Bermuda,Bermuda__G04,1
142,/content/drive/MyDrive/FashionAI/datasets/Clo-Sket/Clo-Sket/Bermuda/4-2.tif,/content/drive/MyDrive/FashionAI/datasets/Clo-Sket/Clo-Sket/Bermuda/4-2.tif,Bermuda,Bermuda__G04,1
143,/content/drive/MyDrive/FashionAI/datasets/Clo-Sket/Clo-Sket/Bermuda/4-3.tif,/content/drive/MyDrive/FashionAI/datasets/Clo-Sket/Clo-Sket/Bermuda/4-3.tif,Bermuda,Bermuda__G04,1
144,/content/drive/MyDrive/FashionAI/datasets/Clo-Sket/Clo-Sket/Bermuda/4-4.tif,/content/drive/MyDrive/FashionAI/datasets/Clo-Sket/Clo-Sket/Bermuda/4-4.tif,Bermuda,Bermuda__G04,1
145,/content/drive/MyDrive/FashionAI/datasets/Clo-Sket/Clo-Sket/Bermuda/4-5.tif,/content/drive/MyDrive/FashionAI/datasets/Clo-Sket/Clo-Sket/Bermuda/4-5.tif,Bermuda,Bermuda__G04,1
146,/content/drive/MyDrive/FashionAI/datasets/Clo-Sket/Clo-Sket/Bermuda/4-6.tif,/content/drive/MyDrive/FashionAI/datasets/Clo-Sket/Clo-Sket/Bermuda/4-6.tif,Bermuda,Bermuda__G04,1
147,/content/drive/MyDrive/FashionAI/datasets/Clo-Sket/Clo-Sket/Bermuda/4-7.tif,/content/drive/MyDrive/FashionAI/datasets/Clo-Sket/Clo-Sket/Bermuda/4-7.tif,Bermuda,Bermuda__G04,1
148,/content/drive/MyDrive/FashionAI/datasets/Clo-Sket/Clo-Sket/Bermuda/4-8.tif,/content/drive/MyDrive/FashionAI/datasets/Clo-Sket/Clo-Sket/Bermuda/4-8.tif,Bermuda,Bermuda__G04,1
149,/content/drive/MyDrive/FashionAI/datasets/Clo-Sket/Clo-Sket/Bermuda/4-9.tif,/content/drive/MyDrive/FashionAI/datasets/Clo-Sket/Clo-Sket/Bermuda/4-9.tif,Bermuda,Bermuda__G04,1
150,/content/drive/MyDrive/FashionAI/datasets/Clo-Sket/Clo-Sket/Bermuda/5-1.tif,/content/drive/MyDrive/FashionAI/datasets/Clo-Sket/Clo-Sket/Bermuda/5-1.tif,Bermuda,Bermuda__G05,2
151,/content/drive/MyDrive/FashionAI/datasets/Clo-Sket/Clo-Sket/Bermuda/5-10.tif,/content/drive/MyDrive/FashionAI/datasets/Clo-Sket/Clo-Sket/Bermuda/5-10.tif,Bermuda,Bermuda__G05,2
152,/content/drive/MyDrive/FashionAI/datasets/Clo-Sket/Clo-Sket/Bermuda/5-2.tif,/content/drive/MyDrive/FashionAI/datasets/Clo-Sket/Clo-Sket/Bermuda/5-2.tif,Bermuda,Bermuda__G05,2
153,/content/drive/MyDrive/FashionAI/datasets/Clo-Sket/Clo-Sket/Bermuda/5-3.tif,/content/drive/MyDrive/FashionAI/datasets/Clo-Sket/Clo-Sket/Bermuda/5-3.tif,Bermuda,Bermuda__G05,2
154,/content/drive/MyDrive/FashionAI/datasets/Clo-Sket/Clo-Sket/Bermuda/5-4.tif,/content/drive/MyDrive/FashionAI/datasets/Clo-Sket/Clo-Sket/Bermuda/5-4.tif,Bermuda,Bermuda__G05,2
155,/content/drive/MyDrive/FashionAI/datasets/Clo-Sket/Clo-Sket/Bermuda/5-5.tif,/content/drive/MyDrive/FashionAI/datasets/Clo-Sket/Clo-Sket/Bermuda/5-5.tif,Bermuda,Bermuda__G05,2
156,/content/drive/MyDrive/FashionAI/datasets/Clo-Sket/Clo-Sket/Bermuda/5-6.tif,/content/drive/MyDrive/FashionAI/datasets/Clo-Sket/Clo-Sket/Bermuda/5-6.tif,Bermuda,Bermuda__G05,2
157,/content/drive/MyDrive/FashionAI/datasets/Clo-Sket/Clo-Sket/Bermuda/5-7.tif,/content/drive/MyDrive/FashionAI/datasets/Clo-Sket/Clo-Sket/Bermuda/5-7.tif,Bermuda,Bermuda__G05,2
158,/content/drive/MyDrive/FashionAI/datasets/Clo-Sket/Clo-Sket/Bermuda/5-8.tif,/content/drive/MyDrive/FashionAI/datasets/Clo-Sket/Clo-Sket/Bermuda/5-8.tif,Bermuda,Bermuda__G05,2
159,/content/drive/MyDrive/FashionAI/datasets/Clo-Sket/Clo-Sket/Bermuda/5-9.tif,/content/drive/MyDrive/FashionAI/datasets/Clo-Sket/Clo-Sket/Bermuda/5-9.tif,Bermuda,Bermuda__G05,2
160,/content/drive/MyDrive/FashionAI/datasets/Clo-Sket/Clo-Sket/Bermuda/6-1.tif,/content/drive/MyDrive/FashionAI/datasets/Clo-Sket/Clo-Sket/Bermuda/6-1.tif,Bermuda,Bermuda__G06,2
161,/content/drive/MyDrive/FashionAI/datasets/Clo-Sket/Clo-Sket/Bermuda/6-10.tif,/content/drive/MyDrive/FashionAI/datasets/Clo-Sket/Clo-Sket/Bermuda/6-10.tif,Bermuda,Bermuda__G06,2
162,/content/drive/MyDrive/FashionAI/datasets/Clo-Sket/Clo-Sket/Bermuda/6-2.tif,/content/drive/MyDrive/FashionAI/datasets/Clo-Sket/Clo-Sket/Bermuda/6-2.tif,Bermuda,Bermuda__G06,2
163,/content/drive/MyDrive/FashionAI/datasets/Clo-Sket/Clo-Sket/Bermuda/6-3.tif,/content/drive/MyDrive/FashionAI/datasets/Clo-Sket/Clo-Sket/Bermuda/6-3.tif,Bermuda,Bermuda__G06,2
164,/content/drive/MyDrive/FashionAI/datasets/Clo-Sket/Clo-Sket/Bermuda/6-4.tif,/content/drive/MyDrive/FashionAI/datasets/Clo-Sket/Clo-Sket/Bermuda/6-4.tif,Bermuda,Bermuda__G06,2
165,/content/drive/MyDrive/FashionAI/datasets/Clo-Sket/Clo-Sket/Bermuda/6-5.tif,/content/drive/MyDrive/FashionAI/datasets/Clo-Sket/Clo-Sket/Bermuda/6-5.tif,Bermuda,Bermuda__G06,2
166,/content/drive/MyDrive/FashionAI/datasets/Clo-Sket/Clo-Sket/Bermuda/6-6.tif,/content/drive/MyDrive/FashionAI/datasets/Clo-Sket/Clo-Sket/Bermuda/6-6.tif,Bermuda,Bermuda__G06,2
167,/content/drive/MyDrive/FashionAI/datasets/Clo-Sket/Clo-Sket/Bermuda/6-7.tif,/content/drive/MyDrive/FashionAI/datasets/Clo-Sket/Clo-Sket/Bermuda/6-7.tif,Bermuda,Bermuda__G06,2
168,/content/drive/MyDrive/FashionAI/datasets/Clo-Sket/Clo-Sket/Bermuda/6-8.tif,/content/drive/MyDrive/FashionAI/datasets/Clo-Sket/Clo-Sket/Bermuda/6-8.tif,Bermuda,Bermuda__G06,2
169,/content/drive/MyDrive/FashionAI/datasets/Clo-Sket/Clo-Sket/Bermuda/6-9.tif,/content/drive/MyDrive/FashionAI/datasets/Clo-Sket/Clo-Sket/Bermuda/6-9.tif,Bermuda,Bermuda__G06,2
170,/content/drive/MyDrive/FashionAI/datasets/Clo-Sket/Clo-Sket/Bermuda/7-1.tif,/content/drive/MyDrive/FashionAI/datasets/Clo-Sket/Clo-Sket/Bermuda/7-1.tif,Bermuda,Bermuda__G07,3
171,/content/drive/MyDrive/FashionAI/datasets/Clo-Sket/Clo-Sket/Bermuda/7-10.tif,/content/drive/MyDrive/FashionAI/datasets/Clo-Sket/Clo-Sket/Bermuda/7-10.tif,Bermuda,Bermuda__G07,3
172,/content/drive/MyDrive/FashionAI/datasets/Clo-Sket/Clo-Sket/Bermuda/7-2.tif,/content/drive/MyDrive/FashionAI/datasets/Clo-Sket/Clo-Sket/Bermuda/7-2.tif,Bermuda,Bermuda__G07,3
173,/content/drive/MyDrive/FashionAI/datasets/Clo-Sket/Clo-Sket/Bermuda/7-3.tif,/content/drive/MyDrive/FashionAI/datasets/Clo-Sket/Clo-Sket/Bermuda/7-3.tif,Bermuda,Bermuda__G07,3
174,/content/drive/MyDrive/FashionAI/datasets/Clo-Sket/Clo-Sket/Bermuda/7-4.tif,/content/drive/MyDrive/FashionAI/datasets/Clo-Sket/Clo-Sket/Bermuda/7-4.tif,Bermuda,Bermuda__G07,3
175,/content/drive/MyDrive/FashionAI/datasets/Clo-Sket/Clo-Sket/Bermuda/7-5.tif,/content/drive/MyDrive/FashionAI/datasets/Clo-Sket/Clo-Sket/Bermuda/7-5.tif,Bermuda,Bermuda__G07,3
176,/content/drive/MyDrive/FashionAI/datasets/Clo-Sket/Clo-Sket/Bermuda/7-6.tif,/content/drive/MyDrive/FashionAI/datasets/Clo-Sket/Clo-Sket/Bermuda/7-6.tif,Bermuda,Bermuda__G07,3
177,/content/drive/MyDrive/FashionAI/datasets/Clo-Sket/Clo-Sket/Bermuda/7-7.tif,/content/drive/MyDrive/FashionAI/datasets/Clo-Sket/Clo-Sket/Bermuda/7-7.tif,Bermuda,Bermuda__G07,3
178,/content/drive/MyDrive/FashionAI/datasets/Clo-Sket/Clo-Sket/Bermuda/7-8.tif,/content/drive/MyDrive/FashionAI/datasets/Clo-Sket/Clo-Sket/Bermuda/7-8.tif,Bermuda,Bermuda__G07,3
179,/content/drive/MyDrive/FashionAI/datasets/Clo-Sket/Clo-Sket/Bermuda/7-9.tif,/content/drive/MyDrive/FashionAI/datasets/Clo-Sket/Clo-Sket/Bermuda/7-9.tif,Bermuda,Bermuda__G07,3
180,/content/drive/MyDrive/FashionAI/datasets/Clo-Sket/Clo-Sket/Bermuda/8-1.tif,/content/drive/MyDrive/FashionAI/datasets/Clo-Sket/Clo-Sket/Bermuda/8-1.tif,Bermuda,Bermuda__G08,3
181,/content/drive/MyDrive/FashionAI/datasets/Clo-Sket/Clo-Sket/Bermuda/8-10.tif,/content/drive/MyDrive/FashionAI/datasets/Clo-Sket/Clo-Sket/Bermuda/8-10.tif,Bermuda,Bermuda__G08,3
182,/content/drive/MyDrive/FashionAI/datasets/Clo-Sket/Clo-Sket/Bermuda/8-2.tif,/content/drive/MyDrive/FashionAI/datasets/Clo-Sket/Clo-Sket/Bermuda/8-2.tif,Bermuda,Bermuda__G08,3
183,/content/drive/MyDrive/FashionAI/datasets/Clo-Sket/Clo-Sket/Bermuda/8-3.tif,/content/drive/MyDrive/FashionAI/datasets/Clo-Sket/Clo-Sket/Bermuda/8-3.tif,Bermuda,Bermuda__G08,3
184,/content/drive/MyDrive/FashionAI/datasets/Clo-Sket/Clo-Sket/Bermuda/8-4.tif,/content/drive/MyDrive/FashionAI/datasets/Clo-Sket/Clo-Sket/Bermuda/8-4.tif,Bermuda,Bermuda__G08,3
185,/content/drive/MyDrive/FashionAI/datasets/Clo-Sket/Clo-Sket/Bermuda/8-5.tif,/content/drive/MyDrive/FashionAI/datasets/Clo-Sket/Clo-Sket/Bermuda/8-5.tif,Bermuda,Bermuda__G08,3
186,/content/drive/MyDrive/FashionAI/datasets/Clo-Sket/Clo-Sket/Bermuda/8-6.tif,/content/drive/MyDrive/FashionAI/datasets/Clo-Sket/Clo-Sket/Bermuda/8-6.tif,Bermuda,Bermuda__G08,3
187,/content/drive/MyDrive/FashionAI/datasets/Clo-Sket/Clo-Sket/Bermuda/8-7.tif,/content/drive/MyDrive/FashionAI/datasets/Clo-Sket/Clo-Sket/Bermuda/8-7.tif,Bermuda,Bermuda__G08,3
188,/content/drive/MyDrive/FashionAI/datasets/Clo-Sket/Clo-Sket/Bermuda/8-8.tif,/content/drive/MyDrive/FashionAI/datasets/Clo-Sket/Clo-Sket/Bermuda/8-8.tif,Bermuda,Bermuda__G08,3
189,/content/drive/MyDrive/FashionAI/datasets/Clo-Sket/Clo-Sket/Bermuda/8-9.tif,/content/drive/MyDrive/FashionAI/datasets/Clo-Sket/Clo-Sket/Bermuda/8-9.tif,Bermuda,Bermuda__G08,3
190,/content/drive/MyDrive/FashionAI/datasets/Clo-Sket/Clo-Sket/Bermuda/9-1.tif,/content/drive/MyDrive/FashionAI/datasets/Clo-Sket/Clo-Sket/Bermuda/9-1.tif,Bermuda,Bermuda__G09,4
191,/content/drive/MyDrive/FashionAI/datasets/Clo-Sket/Clo-Sket/Bermuda/9-10.tif,/content/drive/MyDrive/FashionAI/datasets/Clo-Sket/Clo-Sket/Bermuda/9-10.tif,Bermuda,Bermuda__G09,4
192,/content/drive/MyDrive/FashionAI/datasets/Clo-Sket/Clo-Sket/Bermuda/9-2.tif,/content/drive/MyDrive/FashionAI/datasets/Clo-Sket/Clo-Sket/Bermuda/9-2.tif,Bermuda,Bermuda__G09,4
193,/content/drive/MyDrive/FashionAI/datasets/Clo-Sket/Clo-Sket/Bermuda/9-3.tif,/content/drive/MyDrive/FashionAI/datasets/Clo-Sket/Clo-Sket/Bermuda/9-3.tif,Bermuda,Bermuda__G09,4
194,/content/drive/MyDrive/FashionAI/datasets/Clo-Sket/Clo-Sket/Bermuda/9-4.tif,/content/drive/MyDrive/FashionAI/datasets/Clo-Sket/Clo-Sket/Bermuda/9-4.tif,Bermuda,Bermuda__G09,4
195,/content/drive/MyDrive/FashionAI/datasets/Clo-Sket/Clo-Sket/Bermuda/9-5.tif,/content/drive/MyDrive/FashionAI/datasets/Clo-Sket/Clo-Sket/Bermuda/9-5.tif,Bermuda,Bermuda__G09,4
196,/content/drive/MyDrive/FashionAI/datasets/Clo-Sket/Clo-Sket/Bermuda/9-6.tif,/content/drive/MyDrive/FashionAI/datasets/Clo-Sket/Clo-Sket/Bermuda/9-6.tif,Bermuda,Bermuda__G09,4
197,/content/drive/MyDrive/FashionAI/datasets/Clo-Sket/Clo-Sket/Bermuda/9-7.tif,/content/drive/MyDrive/FashionAI/datasets/Clo-Sket/Clo-Sket/Bermuda/9-7.tif,Bermuda,Bermuda__G09,4
198,/content/drive/MyDrive/FashionAI/datasets/Clo-Sket/Clo-Sket/Bermuda/9-8.tif,/content/drive/MyDrive/FashionAI/datasets/Clo-Sket/Clo-Sket/Bermuda/9-8.tif,Bermuda,Bermuda__G09,4
199,/content/drive/MyDrive/FashionAI/datasets/Clo-Sket/Clo-Sket/Bermuda/9-9.tif,/content/drive/MyDrive/FashionAI/datasets/Clo-Sket/Clo-Sket/Bermuda/9-9.tif,Bermuda,Bermuda__G09,4
200,/content/drive/MyDrive/FashionAI/datasets/Clo-Sket/Clo-Sket/Blouse/1-1.tif,/content/drive/MyDrive/FashionAI/datasets/Clo-Sket/Clo-Sket/Blouse/1-1.tif,Blouse,Blouse__G01,0
201,/content/drive/MyDrive/FashionAI/datasets/Clo-Sket/Clo-Sket/Blouse/1-10.tif,/content/drive/MyDrive/FashionAI/datasets/Clo-Sket/Clo-Sket/Blouse/1-10.tif,Blouse,Blouse__G01,0
202,/content/drive/MyDrive/FashionAI/datasets/Clo-Sket/Clo-Sket/Blouse/1-2.tif,/content/drive/MyDrive/FashionAI/datasets/Clo-Sket/Clo-Sket/Blouse/1-2.tif,Blouse,Blouse__G01,0
203,/content/drive/MyDrive/FashionAI/datasets/Clo-Sket/Clo-Sket/Blouse/1-3.tif,/content/drive/MyDrive/FashionAI/datasets/Clo-Sket/Clo-Sket/Blouse/1-3.tif,Blouse,Blouse__G01,0
204,/content/drive/MyDrive/FashionAI/datasets/Clo-Sket/Clo-Sket/Blouse/1-4.tif,/content/drive/MyDrive/FashionAI/datasets/Clo-Sket/Clo-Sket/Blouse/1-4.tif,Blouse,Blouse__G01,0
205,/content/drive/MyDrive/FashionAI/datasets/Clo-Sket/Clo-Sket/Blouse/1-5.tif,/content/drive/MyDrive/FashionAI/datasets/Clo-Sket/Clo-Sket/Blouse/1-5.tif,Blouse,Blouse__G01,0
206,/content/drive/MyDrive/FashionAI/datasets/Clo-Sket/Clo-Sket/Blouse/1-6.tif,/content/drive/MyDrive/FashionAI/datasets/Clo-Sket/Clo-Sket/Blouse/1-6.tif,Blouse,Blouse__G01,0
207,/content/drive/MyDrive/FashionAI/datasets/Clo-Sket/Clo-Sket/Blouse/1-7.tif,/content/drive/MyDrive/FashionAI/datasets/Clo-Sket/Clo-Sket/Blouse/1-7.tif,Blouse,Blouse__G01,0
208,/content/drive/MyDrive/FashionAI/datasets/Clo-Sket/Clo-Sket/Blouse/1-8.tif,/content/drive/MyDrive/FashionAI/datasets/Clo-Sket/Clo-Sket/Blouse/1-8.tif,Blouse,Blouse__G01,0
209,/content/drive/MyDrive/FashionAI/datasets/Clo-Sket/Clo-Sket/Blouse/1-9.tif,/content/drive/MyDrive/FashionAI/datasets/Clo-Sket/Clo-Sket/Blouse/1-9.tif,Blouse,Blouse__G01,0
210,/content/drive/MyDrive/FashionAI/datasets/Clo-Sket/Clo-Sket/Blouse/10-1.tif,/content/drive/MyDrive/FashionAI/datasets/Clo-Sket/Clo-Sket/Blouse/10-1.tif,Blouse,Blouse__G10,4
211,/content/drive/MyDrive/FashionAI/datasets/Clo-Sket/Clo-Sket/Blouse/10-10.tif,/content/drive/MyDrive/FashionAI/datasets/Clo-Sket/Clo-Sket/Blouse/10-10.tif,Blouse,Blouse__G10,4
212,/content/drive/MyDrive/FashionAI/datasets/Clo-Sket/Clo-Sket/Blouse/10-2.tif,/content/drive/MyDrive/FashionAI/datasets/Clo-Sket/Clo-Sket/Blouse/10-2.tif,Blouse,Blouse__G10,4
213,/content/drive/MyDrive/FashionAI/datasets/Clo-Sket/Clo-Sket/Blouse/10-3.tif,/content/drive/MyDrive/FashionAI/datasets/Clo-Sket/Clo-Sket/Blouse/10-3.tif,Blouse,Blouse__G10,4
214,/content/drive/MyDrive/FashionAI/datasets/Clo-Sket/Clo-Sket/Blouse/10-4.tif,/content/drive/MyDrive/FashionAI/datasets/Clo-Sket/Clo-Sket/Blouse/10-4.tif,Blouse,Blouse__G10,4
215,/content/drive/MyDrive/FashionAI/datasets/Clo-Sket/Clo-Sket/Blouse/10-5.tif,/content/drive/MyDrive/FashionAI/datasets/Clo-Sket/Clo-Sket/Blouse/10-5.tif,Blouse,Blouse__G10,4
216,/content/drive/MyDrive/FashionAI/datasets/Clo-Sket/Clo-Sket/Blouse/10-6.tif,/content/drive/MyDrive/FashionAI/datasets/Clo-Sket/Clo-Sket/Blouse/10-6.tif,Blouse,Blouse__G10,4
217,/content/drive/MyDrive/FashionAI/datasets/Clo-Sket/Clo-Sket/Blouse/10-7.tif,/content/drive/MyDrive/FashionAI/datasets/Clo-Sket/Clo-Sket/Blouse/10-7.tif,Blouse,Blouse__G10,4
218,/content/drive/MyDrive/FashionAI/datasets/Clo-Sket/Clo-Sket/Blouse/10-8.tif,/content/drive/MyDrive/FashionAI/datasets/Clo-Sket/Clo-Sket/Blouse/10-8.tif,Blouse,Blouse__G10,4
219,/content/drive/MyDrive/FashionAI/datasets/Clo-Sket/Clo-Sket/Blouse/10-9.tif,/content/drive/MyDrive/FashionAI/datasets/Clo-Sket/Clo-Sket/Blouse/10-9.tif,Blouse,Blouse__G10,4
220,/content/drive/MyDrive/FashionAI/datasets/Clo-Sket/Clo-Sket/Blouse/2-1.tif,/content/drive/MyDrive/FashionAI/datasets/Clo-Sket/Clo-Sket/Blouse/2-1.tif,Blouse,Blouse__G02,0
221,/content/drive/MyDrive/FashionAI/datasets/Clo-Sket/Clo-Sket/Blouse/2-10.tif,/content/drive/MyDrive/FashionAI/datasets/Clo-Sket/Clo-Sket/Blouse/2-10.tif,Blouse,Blouse__G02,0
222,/content/drive/MyDrive/FashionAI/datasets/Clo-Sket/Clo-Sket/Blouse/2-2.tif,/content/drive/MyDrive/FashionAI/datasets/Clo-Sket/Clo-Sket/Blouse/2-2.tif,Blouse,Blouse__G02,0
223,/content/drive/MyDrive/FashionAI/datasets/Clo-Sket/Clo-Sket/Blouse/2-3.tif,/content/drive/MyDrive/FashionAI/datasets/Clo-Sket/Clo-Sket/Blouse/2-3.tif,Blouse,Blouse__G02,0
224,/content/drive/MyDrive/FashionAI/datasets/Clo-Sket/Clo-Sket/Blouse/2-4.tif,/content/drive/MyDrive/FashionAI/datasets/Clo-Sket/Clo-Sket/Blouse/2-4.tif,Blouse,Blouse__G02,0
225,/content/drive/MyDrive/FashionAI/datasets/Clo-Sket/Clo-Sket/Blouse/2-5.tif,/content/drive/MyDrive/FashionAI/datasets/Clo-Sket/Clo-Sket/Blouse/2-5.tif,Blouse,Blouse__G02,0
226,/content/drive/MyDrive/FashionAI/datasets/Clo-Sket/Clo-Sket/Blouse/2-6.tif,/content/drive/MyDrive/FashionAI/datasets/Clo-Sket/Clo-Sket/Blouse/2-6.tif,Blouse,Blouse__G02,0
227,/content/drive/MyDrive/FashionAI/datasets/Clo-Sket/Clo-Sket/Blouse/2-7.tif,/content/drive/MyDrive/FashionAI/datasets/Clo-Sket/Clo-Sket/Blouse/2-7.tif,Blouse,Blouse__G02,0
228,/content/drive/MyDrive/FashionAI/datasets/Clo-Sket/Clo-Sket/Blouse/2-8.tif,/content/drive/MyDrive/FashionAI/datasets/Clo-Sket/Clo-Sket/Blouse/2-8.tif,Blouse,Blouse__G02,0
229,/content/drive/MyDrive/FashionAI/datasets/Clo-Sket/Clo-Sket/Blouse/2-9.tif,/content/drive/MyDrive/FashionAI/datasets/Clo-Sket/Clo-Sket/Blouse/2-9.tif,Blouse,Blouse__G02,0
230,/content/drive/MyDrive/FashionAI/datasets/Clo-Sket/Clo-Sket/Blouse/3-1.tif,/content/drive/MyDrive/FashionAI/datasets/Clo-Sket/Clo-Sket/Blouse/3-1.tif,Blouse,Blouse__G03,1
231,/content/drive/MyDrive/FashionAI/datasets/Clo-Sket/Clo-Sket/Blouse/3-10.tif,/content/drive/MyDrive/FashionAI/datasets/Clo-Sket/Clo-Sket/Blouse/3-10.tif,Blouse,Blouse__G03,1
232,/content/drive/MyDrive/FashionAI/datasets/Clo-Sket/Clo-Sket/Blouse/3-2.tif,/content/drive/MyDrive/FashionAI/datasets/Clo-Sket/Clo-Sket/Blouse/3-2.tif,Blouse,Blouse__G03,1
233,/content/drive/MyDrive/FashionAI/datasets/Clo-Sket/Clo-Sket/Blouse/3-3.tif,/content/drive/MyDrive/FashionAI/datasets/Clo-Sket/Clo-Sket/Blouse/3-3.tif,Blouse,Blouse__G03,1
234,/content/drive/MyDrive/FashionAI/datasets/Clo-Sket/Clo-Sket/Blouse/3-4.tif,/content/drive/MyDrive/FashionAI/datasets/Clo-Sket/Clo-Sket/Blouse/3-4.tif,Blouse,Blouse__G03,1
235,/content/drive/MyDrive/FashionAI/datasets/Clo-Sket/Clo-Sket/Blouse/3-5.tif,/content/drive/MyDrive/FashionAI/datasets/Clo-Sket/Clo-Sket/Blouse/3-5.tif,Blouse,Blouse__G03,1
236,/content/drive/MyDrive/FashionAI/datasets/Clo-Sket/Clo-Sket/Blouse/3-6.tif,/content/drive/MyDrive/FashionAI/datasets/Clo-Sket/Clo-Sket/Blouse/3-6.tif,Blouse,Blouse__G03,1
237,/content/drive/MyDrive/FashionAI/datasets/Clo-Sket/Clo-Sket/Blouse/3-7.tif,/content/drive/MyDrive/FashionAI/datasets/Clo-Sket/Clo-Sket/Blouse/3-7.tif,Blouse,Blouse__G03,1
238,/content/drive/MyDrive/FashionAI/datasets/Clo-Sket/Clo-Sket/Blouse/3-8.tif,/content/drive/MyDrive/FashionAI/datasets/Clo-Sket/Clo-Sket/Blouse/3-8.tif,Blouse,Blouse__G03,1
239,/content/drive/MyDrive/FashionAI/datasets/Clo-Sket/Clo-Sket/Blouse/3-9.tif,/content/drive/MyDrive/FashionAI/datasets/Clo-Sket/Clo-Sket/Blouse/3-9.tif,Blouse,Blouse__G03,1
240,/content/drive/MyDrive/FashionAI/datasets/Clo-Sket/Clo-Sket/Blouse/4-1.tif,/content/drive/MyDrive/FashionAI/datasets/Clo-Sket/Clo-Sket/Blouse/4-1.tif,Blouse,Blouse__G04,1
241,/content/drive/MyDrive/FashionAI/datasets/Clo-Sket/Clo-Sket/Blouse/4-10.tif,/content/drive/MyDrive/FashionAI/datasets/Clo-Sket/Clo-Sket/Blouse/4-10.tif,Blouse,Blouse__G04,1
242,/content/drive/MyDrive/FashionAI/datasets/Clo-Sket/Clo-Sket/Blouse/4-2.tif,/content/drive/MyDrive/FashionAI/datasets/Clo-Sket/Clo-Sket/Blouse/4-2.tif,Blouse,Blouse__G04,1
243,/content/drive/MyDrive/FashionAI/datasets/Clo-Sket/Clo-Sket/Blouse/4-3.tif,/content/drive/MyDrive/FashionAI/datasets/Clo-Sket/Clo-Sket/Blouse/4-3.tif,Blouse,Blouse__G04,1
244,/content/drive/MyDrive/FashionAI/datasets/Clo-Sket/Clo-Sket/Blouse/4-4.tif,/content/drive/MyDrive/FashionAI/datasets/Clo-Sket/Clo-Sket/Blouse/4-4.tif,Blouse,Blouse__G04,1
245,/content/drive/MyDrive/FashionAI/datasets/Clo-Sket/Clo-Sket/Blouse/4-5.tif,/content/drive/MyDrive/FashionAI/datasets/Clo-Sket/Clo-Sket/Blouse/4-5.tif,Blouse,Blouse__G04,1
246,/content/drive/MyDrive/FashionAI/datasets/Clo-Sket/Clo-Sket/Blouse/4-6.tif,/content/drive/MyDrive/FashionAI/datasets/Clo-Sket/Clo-Sket/Blouse/4-6.tif,Blouse,Blouse__G04,1
247,/content/drive/MyDrive/FashionAI/datasets/Clo-Sket/Clo-Sket/Blouse/4-7.tif,/content/drive/MyDrive/FashionAI/datasets/Clo-Sket/Clo-Sket/Blouse/4-7.tif,Blouse,Blouse__G04,1
248,/content/drive/MyDrive/FashionAI/datasets/Clo-Sket/Clo-Sket/Blouse/4-8.tif,/content/drive/MyDrive/FashionAI/datasets/Clo-Sket/Clo-Sket/Blouse/4-8.tif,Blouse,Blouse__G04,1
249,/content/drive/MyDrive/FashionAI/datasets/Clo-Sket/Clo-Sket/Blouse/4-9.tif,/content/drive/MyDrive/FashionAI/datasets/Clo-Sket/Clo-Sket/Blouse/4-9.tif,Blouse,Blouse__G04,1
250,/content/drive/MyDrive/FashionAI/datasets/Clo-Sket/Clo-Sket/Blouse/5-1.tif,/content/drive/MyDrive/FashionAI/datasets/Clo-Sket/Clo-Sket/Blouse/5-1.tif,Blouse,Blouse__G05,2
251,/content/drive/MyDrive/FashionAI/datasets/Clo-Sket/Clo-Sket/Blouse/5-10.tif,/content/drive/MyDrive/FashionAI/datasets/Clo-Sket/Clo-Sket/Blouse/5-10.tif,Blouse,Blouse__G05,2
252,/content/drive/MyDrive/FashionAI/datasets/Clo-Sket/Clo-Sket/Blouse/5-2.tif,/content/drive/MyDrive/FashionAI/datasets/Clo-Sket/Clo-Sket/Blouse/5-2.tif,Blouse,Blouse__G05,2
253,/content/drive/MyDrive/FashionAI/datasets/Clo-Sket/Clo-Sket/Blouse/5-3.tif,/content/drive/MyDrive/FashionAI/datasets/Clo-Sket/Clo-Sket/Blouse/5-3.tif,Blouse,Blouse__G05,2
254,/content/drive/MyDrive/FashionAI/datasets/Clo-Sket/Clo-Sket/Blouse/5-4.tif,/content/drive/MyDrive/FashionAI/datasets/Clo-Sket/Clo-Sket/Blouse/5-4.tif,Blouse,Blouse__G05,2
255,/content/drive/MyDrive/FashionAI/datasets/Clo-Sket/Clo-Sket/Blouse/5-5.tif,/content/drive/MyDrive/FashionAI/datasets/Clo-Sket/Clo-Sket/Blouse/5-5.tif,Blouse,Blouse__G05,2
256,/content/drive/MyDrive/FashionAI/datasets/Clo-Sket/Clo-Sket/Blouse/5-6.tif,/content/drive/MyDrive/FashionAI/datasets/Clo-Sket/Clo-Sket/Blouse/5-6.tif,Blouse,Blouse__G05,2
257,/content/drive/MyDrive/FashionAI/datasets/Clo-Sket/Clo-Sket/Blouse/5-7.tif,/content/drive/MyDrive/FashionAI/datasets/Clo-Sket/Clo-Sket/Blouse/5-7.tif,Blouse,Blouse__G05,2
258,/content/drive/MyDrive/FashionAI/datasets/Clo-Sket/Clo-Sket/Blouse/5-8.tif,/content/drive/MyDrive/FashionAI/datasets/Clo-Sket/Clo-Sket/Blouse/5-8.tif,Blouse,Blouse__G05,2
259,/content/drive/MyDrive/FashionAI/datasets/Clo-Sket/Clo-Sket/Blouse/5-9.tif,/content/drive/MyDrive/FashionAI/datasets/Clo-Sket/Clo-Sket/Blouse/5-9.tif,Blouse,Blouse__G05,2
260,/content/drive/MyDrive/FashionAI/datasets/Clo-Sket/Clo-Sket/Blouse/6-1.tif,/content/drive/MyDrive/FashionAI/datasets/Clo-Sket/Clo-Sket/Blouse/6-1.tif,Blouse,Blouse__G06,2
261,/content/drive/MyDrive/FashionAI/datasets/Clo-Sket/Clo-Sket/Blouse/6-10.tif,/content/drive/MyDrive/FashionAI/datasets/Clo-Sket/Clo-Sket/Blouse/6-10.tif,Blouse,Blouse__G06,2
262,/content/drive/MyDrive/FashionAI/datasets/Clo-Sket/Clo-Sket/Blouse/6-2.tif,/content/drive/MyDrive/FashionAI/datasets/Clo-Sket/Clo-Sket/Blouse/6-2.tif,Blouse,Blouse__G06,2
263,/content/drive/MyDrive/FashionAI/datasets/Clo-Sket/Clo-Sket/Blouse/6-3.tif,/content/drive/MyDrive/FashionAI/datasets/Clo-Sket/Clo-Sket/Blouse/6-3.tif,Blouse,Blouse__G06,2
264,/content/drive/MyDrive/FashionAI/datasets/Clo-Sket/Clo-Sket/Blouse/6-4.tif,/content/drive/MyDrive/FashionAI/datasets/Clo-Sket/Clo-Sket/Blouse/6-4.tif,Blouse,Blouse__G06,2
265,/content/drive/MyDrive/FashionAI/datasets/Clo-Sket/Clo-Sket/Blouse/6-5.tif,/content/drive/MyDrive/FashionAI/datasets/Clo-Sket/Clo-Sket/Blouse/6-5.tif,Blouse,Blouse__G06,2
266,/content/drive/MyDrive/FashionAI/datasets/Clo-Sket/Clo-Sket/Blouse/6-6.tif,/content/drive/MyDrive/FashionAI/datasets/Clo-Sket/Clo-Sket/Blouse/6-6.tif,Blouse,Blouse__G06,2
267,/content/drive/MyDrive/FashionAI/datasets/Clo-Sket/Clo-Sket/Blouse/6-7.tif,/content/drive/MyDrive/FashionAI/datasets/Clo-Sket/Clo-Sket/Blouse/6-7.tif,Blouse,Blouse__G06,2
268,/content/drive/MyDrive/FashionAI/datasets/Clo-Sket/Clo-Sket/Blouse/6-8.tif,/content/drive/MyDrive/FashionAI/datasets/Clo-Sket/Clo-Sket/Blouse/6-8.tif,Blouse,Blouse__G06,2
269,/content/drive/MyDrive/FashionAI/datasets/Clo-Sket/Clo-Sket/Blouse/6-9.tif,/content/drive/MyDrive/FashionAI/datasets/Clo-Sket/Clo-Sket/Blouse/6-9.tif,Blouse,Blouse__G06,2
270,/content/drive/MyDrive/FashionAI/datasets/Clo-Sket/Clo-Sket/Blouse/7-1.tif,/content/drive/MyDrive/FashionAI/datasets/Clo-Sket/Clo-Sket/Blouse/7-1.tif,Blouse,Blouse__G07,3
271,/content/drive/MyDrive/FashionAI/datasets/Clo-Sket/Clo-Sket/Blouse/7-10.tif,/content/drive/MyDrive/FashionAI/datasets/Clo-Sket/Clo-Sket/Blouse/7-10.tif,Blouse,Blouse__G07,3
272,/content/drive/MyDrive/FashionAI/datasets/Clo-Sket/Clo-Sket/Blouse/7-2.tif,/content/drive/MyDrive/FashionAI/datasets/Clo-Sket/Clo-Sket/Blouse/7-2.tif,Blouse,Blouse__G07,3
273,/content/drive/MyDrive/FashionAI/datasets/Clo-Sket/Clo-Sket/Blouse/7-3.tif,/content/drive/MyDrive/FashionAI/datasets/Clo-Sket/Clo-Sket/Blouse/7-3.tif,Blouse,Blouse__G07,3
274,/content/drive/MyDrive/FashionAI/datasets/Clo-Sket/Clo-Sket/Blouse/7-4.tif,/content/drive/MyDrive/FashionAI/datasets/Clo-Sket/Clo-Sket/Blouse/7-4.tif,Blouse,Blouse__G07,3
275,/content/drive/MyDrive/FashionAI/datasets/Clo-Sket/Clo-Sket/Blouse/7-5.tif,/content/drive/MyDrive/FashionAI/datasets/Clo-Sket/Clo-Sket/Blouse/7-5.tif,Blouse,Blouse__G07,3
276,/content/drive/MyDrive/FashionAI/datasets/Clo-Sket/Clo-Sket/Blouse/7-6.tif,/content/drive/MyDrive/FashionAI/datasets/Clo-Sket/Clo-Sket/Blouse/7-6.tif,Blouse,Blouse__G07,3
277,/content/drive/MyDrive/FashionAI/datasets/Clo-Sket/Clo-Sket/Blouse/7-7.tif,/content/drive/MyDrive/FashionAI/datasets/Clo-Sket/Clo-Sket/Blouse/7-7.tif,Blouse,Blouse__G07,3
278,/content/drive/MyDrive/FashionAI/datasets/Clo-Sket/Clo-Sket/Blouse/7-8.tif,/content/drive/MyDrive/FashionAI/datasets/Clo-Sket/Clo-Sket/Blouse/7-8.tif,Blouse,Blouse__G07,3
279,/content/drive/MyDrive/FashionAI/datasets/Clo-Sket/Clo-Sket/Blouse/7-9.tif,/content/drive/MyDrive/FashionAI/datasets/Clo-Sket/Clo-Sket/Blouse/7-9.tif,Blouse,Blouse__G07,3
280,/content/drive/MyDrive/FashionAI/datasets/Clo-Sket/Clo-Sket/Blouse/8-1.tif,/content/drive/MyDrive/FashionAI/datasets/Clo-Sket/Clo-Sket/Blouse/8-1.tif,Blouse,Blouse__G08,3
281,/content/drive/MyDrive/FashionAI/datasets/Clo-Sket/Clo-Sket/Blouse/8-10.tif,/content/drive/MyDrive/FashionAI/datasets/Clo-Sket/Clo-Sket/Blouse/8-10.tif,Blouse,Blouse__G08,3
282,/content/drive/MyDrive/FashionAI/datasets/Clo-Sket/Clo-Sket/Blouse/8-2.tif,/content/drive/MyDrive/FashionAI/datasets/Clo-Sket/Clo-Sket/Blouse/8-2.tif,Blouse,Blouse__G08,3
283,/content/drive/MyDrive/FashionAI/datasets/Clo-Sket/Clo-Sket/Blouse/8-3.tif,/content/drive/MyDrive/FashionAI/datasets/Clo-Sket/Clo-Sket/Blouse/8-3.tif,Blouse,Blouse__G08,3
284,/content/drive/MyDrive/FashionAI/datasets/Clo-Sket/Clo-Sket/Blouse/8-4.tif,/content/drive/MyDrive/FashionAI/datasets/Clo-Sket/Clo-Sket/Blouse/8-4.tif,Blouse,Blouse__G08,3
285,/content/drive/MyDrive/FashionAI/datasets/Clo-Sket/Clo-Sket/Blouse/8-5.tif,/content/drive/MyDrive/FashionAI/datasets/Clo-Sket/Clo-Sket/Blouse/8-5.tif,Blouse,Blouse__G08,3
286,/content/drive/MyDrive/FashionAI/datasets/Clo-Sket/Clo-Sket/Blouse/8-6.tif,/content/drive/MyDrive/FashionAI/datasets/Clo-Sket/Clo-Sket/Blouse/8-6.tif,Blouse,Blouse__G08,3
287,/content/drive/MyDrive/FashionAI/datasets/Clo-Sket/Clo-Sket/Blouse/8-7.tif,/content/drive/MyDrive/FashionAI/datasets/Clo-Sket/Clo-Sket/Blouse/8-7.tif,Blouse,Blouse__G08,3
288,/content/drive/MyDrive/FashionAI/datasets/Clo-Sket/Clo-Sket/Blouse/8-8.tif,/content/drive/MyDrive/FashionAI/datasets/Clo-Sket/Clo-Sket/Blouse/8-8.tif,Blouse,Blouse__G08,3
289,/content/drive/MyDrive/FashionAI/datasets/Clo-Sket/Clo-Sket/Blouse/8-9.tif,/content/drive/MyDrive/FashionAI/datasets/Clo-Sket/Clo-Sket/Blouse/8-9.tif,Blouse,Blouse__G08,3
290,/content/drive/MyDrive/FashionAI/datasets/Clo-Sket/Clo-Sket/Blouse/9-1.tif,/content/drive/MyDrive/FashionAI/datasets/Clo-Sket/Clo-Sket/Blouse/9-1.tif,Blouse,Blouse__G09,4
291,/content/drive/MyDrive/FashionAI/datasets/Clo-Sket/Clo-Sket/Blouse/9-10.tif,/content/drive/MyDrive/FashionAI/datasets/Clo-Sket/Clo-Sket/Blouse/9-10.tif,Blouse,Blouse__G09,4
292,/content/drive/MyDrive/FashionAI/datasets/Clo-Sket/Clo-Sket/Blouse/9-2.tif,/content/drive/MyDrive/FashionAI/datasets/Clo-Sket/Clo-Sket/Blouse/9-2.tif,Blouse,Blouse__G09,4
293,/content/drive/MyDrive/FashionAI/datasets/Clo-Sket/Clo-Sket/Blouse/9-3.tif,/content/drive/MyDrive/FashionAI/datasets/Clo-Sket/Clo-Sket/Blouse/9-3.tif,Blouse,Blouse__G09,4
294,/content/drive/MyDrive/FashionAI/datasets/Clo-Sket/Clo-Sket/Blouse/9-4.tif,/content/drive/MyDrive/FashionAI/datasets/Clo-Sket/Clo-Sket/Blouse/9-4.tif,Blouse,Blouse__G09,4
295,/content/drive/MyDrive/FashionAI/datasets/Clo-Sket/Clo-Sket/Blouse/9-5.tif,/content/drive/MyDrive/FashionAI/datasets/Clo-Sket/Clo-Sket/Blouse/9-5.tif,Blouse,Blouse__G09,4
296,/content/drive/MyDrive/FashionAI/datasets/Clo-Sket/Clo-Sket/Blouse/9-6.tif,/content/drive/MyDrive/FashionAI/datasets/Clo-Sket/Clo-Sket/Blouse/9-6.tif,Blouse,Blouse__G09,4
297,/content/drive/MyDrive/FashionAI/datasets/Clo-Sket/Clo-Sket/Blouse/9-7.tif,/content/drive/MyDrive/FashionAI/datasets/Clo-Sket/Clo-Sket/Blouse/9-7.tif,Blouse,Blouse__G09,4
298,/content/drive/MyDrive/FashionAI/datasets/Clo-Sket/Clo-Sket/Blouse/9-8.tif,/content/drive/MyDrive/FashionAI/datasets/Clo-Sket/Clo-Sket/Blouse/9-8.tif,Blouse,Blouse__G09,4
299,/content/drive/MyDrive/FashionAI/datasets/Clo-Sket/Clo-Sket/Blouse/9-9.tif,/content/drive/MyDrive/FashionAI/datasets/Clo-Sket/Clo-Sket/Blouse/9-9.tif,Blouse,Blouse__G09,4
300,/content/drive/MyDrive/FashionAI/datasets/Clo-Sket/Clo-Sket/Cardigan/1-1.tif,/content/drive/MyDrive/FashionAI/datasets/Clo-Sket/Clo-Sket/Cardigan/1-1.tif,Cardigan,Cardigan__G01,0
301,/content/drive/MyDrive/FashionAI/datasets/Clo-Sket/Clo-Sket/Cardigan/1-10.tif,/content/drive/MyDrive/FashionAI/datasets/Clo-Sket/Clo-Sket/Cardigan/1-10.tif,Cardigan,Cardigan__G01,0
302,/content/drive/MyDrive/FashionAI/datasets/Clo-Sket/Clo-Sket/Cardigan/1-2.tif,/content/drive/MyDrive/FashionAI/datasets/Clo-Sket/Clo-Sket/Cardigan/1-2.tif,Cardigan,Cardigan__G01,0
303,/content/drive/MyDrive/FashionAI/datasets/Clo-Sket/Clo-Sket/Cardigan/1-3.tif,/content/drive/MyDrive/FashionAI/datasets/Clo-Sket/Clo-Sket/Cardigan/1-3.tif,Cardigan,Cardigan__G01,0
304,/content/drive/MyDrive/FashionAI/datasets/Clo-Sket/Clo-Sket/Cardigan/1-4.tif,/content/drive/MyDrive/FashionAI/datasets/Clo-Sket/Clo-Sket/Cardigan/1-4.tif,Cardigan,Cardigan__G01,0
305,/content/drive/MyDrive/FashionAI/datasets/Clo-Sket/Clo-Sket/Cardigan/1-5.tif,/content/drive/MyDrive/FashionAI/datasets/Clo-Sket/Clo-Sket/Cardigan/1-5.tif,Cardigan,Cardigan__G01,0
306,/content/drive/MyDrive/FashionAI/datasets/Clo-Sket/Clo-Sket/Cardigan/1-6.tif,/content/drive/MyDrive/FashionAI/datasets/Clo-Sket/Clo-Sket/Cardigan/1-6.tif,Cardigan,Cardigan__G01,0
307,/content/drive/MyDrive/FashionAI/datasets/Clo-Sket/Clo-Sket/Cardigan/1-7.tif,/content/drive/MyDrive/FashionAI/datasets/Clo-Sket/Clo-Sket/Cardigan/1-7.tif,Cardigan,Cardigan__G01,0
308,/content/drive/MyDrive/FashionAI/datasets/Clo-Sket/Clo-Sket/Cardigan/1-8.tif,/content/drive/MyDrive/FashionAI/datasets/Clo-Sket/Clo-Sket/Cardigan/1-8.tif,Cardigan,Cardigan__G01,0
309,/content/drive/MyDrive/FashionAI/datasets/Clo-Sket/Clo-Sket/Cardigan/1-9.tif,/content/drive/MyDrive/FashionAI/datasets/Clo-Sket/Clo-Sket/Cardigan/1-9.tif,Cardigan,Cardigan__G01,0
310,/content/drive/MyDrive/FashionAI/datasets/Clo-Sket/Clo-Sket/Cardigan/10-1.tif,/content/drive/MyDrive/FashionAI/datasets/Clo-Sket/Clo-Sket/Cardigan/10-1.tif,Cardigan,Cardigan__G10,4
311,/content/drive/MyDrive/FashionAI/datasets/Clo-Sket/Clo-Sket/Cardigan/10-10.tif,/content/drive/MyDrive/FashionAI/datasets/Clo-Sket/Clo-Sket/Cardigan/10-10.tif,Cardigan,Cardigan__G10,4
312,/content/drive/MyDrive/FashionAI/datasets/Clo-Sket/Clo-Sket/Cardigan/10-2.tif,/content/drive/MyDrive/FashionAI/datasets/Clo-Sket/Clo-Sket/Cardigan/10-2.tif,Cardigan,Cardigan__G10,4
313,/content/drive/MyDrive/FashionAI/datasets/Clo-Sket/Clo-Sket/Cardigan/10-3.tif,/content/drive/MyDrive/FashionAI/datasets/Clo-Sket/Clo-Sket/Cardigan/10-3.tif,Cardigan,Cardigan__G10,4
314,/content/drive/MyDrive/FashionAI/datasets/Clo-Sket/Clo-Sket/Cardigan/10-4.tif,/content/drive/MyDrive/FashionAI/datasets/Clo-Sket/Clo-Sket/Cardigan/10-4.tif,Cardigan,Cardigan__G10,4
315,/content/drive/MyDrive/FashionAI/datasets/Clo-Sket/Clo-Sket/Cardigan/10-5.tif,/content/drive/MyDrive/FashionAI/datasets/Clo-Sket/Clo-Sket/Cardigan/10-5.tif,Cardigan,Cardigan__G10,4
316,/content/drive/MyDrive/FashionAI/datasets/Clo-Sket/Clo-Sket/Cardigan/10-6.tif,/content/drive/MyDrive/FashionAI/datasets/Clo-Sket/Clo-Sket/Cardigan/10-6.tif,Cardigan,Cardigan__G10,4
317,/content/drive/MyDrive/FashionAI/datasets/Clo-Sket/Clo-Sket/Cardigan/10-7.tif,/content/drive/MyDrive/FashionAI/datasets/Clo-Sket/Clo-Sket/Cardigan/10-7.tif,Cardigan,Cardigan__G10,4
318,/content/drive/MyDrive/FashionAI/datasets/Clo-Sket/Clo-Sket/Cardigan/10-8.tif,/content/drive/MyDrive/FashionAI/datasets/Clo-Sket/Clo-Sket/Cardigan/10-8.tif,Cardigan,Cardigan__G10,4
319,/content/drive/MyDrive/FashionAI/datasets/Clo-Sket/Clo-Sket/Cardigan/10-9.tif,/content/drive/MyDrive/FashionAI/datasets/Clo-Sket/Clo-Sket/Cardigan/10-9.tif,Cardigan,Cardigan__G10,4
320,/content/drive/MyDrive/FashionAI/datasets/Clo-Sket/Clo-Sket/Cardigan/2-1.tif,/content/drive/MyDrive/FashionAI/datasets/Clo-Sket/Clo-Sket/Cardigan/2-1.tif,Cardigan,Cardigan__G02,0
321,/content/drive/MyDrive/FashionAI/datasets/Clo-Sket/Clo-Sket/Cardigan/2-10.tif,/content/drive/MyDrive/FashionAI/datasets/Clo-Sket/Clo-Sket/Cardigan/2-10.tif,Cardigan,Cardigan__G02,0
322,/content/drive/MyDrive/FashionAI/datasets/Clo-Sket/Clo-Sket/Cardigan/2-2.tif,/content/drive/MyDrive/FashionAI/datasets/Clo-Sket/Clo-Sket/Cardigan/2-2.tif,Cardigan,Cardigan__G02,0
323,/content/drive/MyDrive/FashionAI/datasets/Clo-Sket/Clo-Sket/Cardigan/2-3.tif,/content/drive/MyDrive/FashionAI/datasets/Clo-Sket/Clo-Sket/Cardigan/2-3.tif,Cardigan,Cardigan__G02,0
324,/content/drive/MyDrive/FashionAI/datasets/Clo-Sket/Clo-Sket/Cardigan/2-4.tif,/content/drive/MyDrive/FashionAI/datasets/Clo-Sket/Clo-Sket/Cardigan/2-4.tif,Cardigan,Cardigan__G02,0
325,/content/drive/MyDrive/FashionAI/datasets/Clo-Sket/Clo-Sket/Cardigan/2-5.tif,/content/drive/MyDrive/FashionAI/datasets/Clo-Sket/Clo-Sket/Cardigan/2-5.tif,Cardigan,Cardigan__G02,0
326,/content/drive/MyDrive/FashionAI/datasets/Clo-Sket/Clo-Sket/Cardigan/2-6.tif,/content/drive/MyDrive/FashionAI/datasets/Clo-Sket/Clo-Sket/Cardigan/2-6.tif,Cardigan,Cardigan__G02,0
327,/content/drive/MyDrive/FashionAI/datasets/Clo-Sket/Clo-Sket/Cardigan/2-7.tif,/content/drive/MyDrive/FashionAI/datasets/Clo-Sket/Clo-Sket/Cardigan/2-7.tif,Cardigan,Cardigan__G02,0
328,/content/drive/MyDrive/FashionAI/datasets/Clo-Sket/Clo-Sket/Cardigan/2-8.tif,/content/drive/MyDrive/FashionAI/datasets/Clo-Sket/Clo-Sket/Cardigan/2-8.tif,Cardigan,Cardigan__G02,0
329,/content/drive/MyDrive/FashionAI/datasets/Clo-Sket/Clo-Sket/Cardigan/2-9.tif,/content/drive/MyDrive/FashionAI/datasets/Clo-Sket/Clo-Sket/Cardigan/2-9.tif,Cardigan,Cardigan__G02,0
330,/content/drive/MyDrive/FashionAI/datasets/Clo-Sket/Clo-Sket/Cardigan/3-1.tif,/content/drive/MyDrive/FashionAI/datasets/Clo-Sket/Clo-Sket/Cardigan/3-1.tif,Cardigan,Cardigan__G03,1
331,/content/drive/MyDrive/FashionAI/datasets/Clo-Sket/Clo-Sket/Cardigan/3-10.tif,/content/drive/MyDrive/FashionAI/datasets/Clo-Sket/Clo-Sket/Cardigan/3-10.tif,Cardigan,Cardigan__G03,1
332,/content/drive/MyDrive/FashionAI/datasets/Clo-Sket/Clo-Sket/Cardigan/3-2.tif,/content/drive/MyDrive/FashionAI/datasets/Clo-Sket/Clo-Sket/Cardigan/3-2.tif,Cardigan,Cardigan__G03,1
333,/content/drive/MyDrive/FashionAI/datasets/Clo-Sket/Clo-Sket/Cardigan/3-3.tif,/content/drive/MyDrive/FashionAI/datasets/Clo-Sket/Clo-Sket/Cardigan/3-3.tif,Cardigan,Cardigan__G03,1
334,/content/drive/MyDrive/FashionAI/datasets/Clo-Sket/Clo-Sket/Cardigan/3-4.tif,/content/drive/MyDrive/FashionAI/datasets/Clo-Sket/Clo-Sket/Cardigan/3-4.tif,Cardigan,Cardigan__G03,1
335,/content/drive/MyDrive/FashionAI/datasets/Clo-Sket/Clo-Sket/Cardigan/3-5.tif,/content/drive/MyDrive/FashionAI/datasets/Clo-Sket/Clo-Sket/Cardigan/3-5.tif,Cardigan,Cardigan__G03,1
336,/content/drive/MyDrive/FashionAI/datasets/Clo-Sket/Clo-Sket/Cardigan/3-6.tif,/content/drive/MyDrive/FashionAI/datasets/Clo-Sket/Clo-Sket/Cardigan/3-6.tif,Cardigan,Cardigan__G03,1
337,/content/drive/MyDrive/FashionAI/datasets/Clo-Sket/Clo-Sket/Cardigan/3-7.tif,/content/drive/MyDrive/FashionAI/datasets/Clo-Sket/Clo-Sket/Cardigan/3-7.tif,Cardigan,Cardigan__G03,1
338,/content/drive/MyDrive/FashionAI/datasets/Clo-Sket/Clo-Sket/Cardigan/3-8.tif,/content/drive/MyDrive/FashionAI/datasets/Clo-Sket/Clo-Sket/Cardigan/3-8.tif,Cardigan,Cardigan__G03,1
339,/content/drive/MyDrive/FashionAI/datasets/Clo-Sket/Clo-Sket/Cardigan/3-9.tif,/content/drive/MyDrive/FashionAI/datasets/Clo-Sket/Clo-Sket/Cardigan/3-9.tif,Cardigan,Cardigan__G03,1
340,/content/drive/MyDrive/FashionAI/datasets/Clo-Sket/Clo-Sket/Cardigan/4-1.tif,/content/drive/MyDrive/FashionAI/datasets/Clo-Sket/Clo-Sket/Cardigan/4-1.tif,Cardigan,Cardigan__G04,1
341,/content/drive/MyDrive/FashionAI/datasets/Clo-Sket/Clo-Sket/Cardigan/4-10.tif,/content/drive/MyDrive/FashionAI/datasets/Clo-Sket/Clo-Sket/Cardigan/4-10.tif,Cardigan,Cardigan__G04,1
342,/content/drive/MyDrive/FashionAI/datasets/Clo-Sket/Clo-Sket/Cardigan/4-2.tif,/content/drive/MyDrive/FashionAI/datasets/Clo-Sket/Clo-Sket/Cardigan/4-2.tif,Cardigan,Cardigan__G04,1
343,/content/drive/MyDrive/FashionAI/datasets/Clo-Sket/Clo-Sket/Cardigan/4-3.tif,/content/drive/MyDrive/FashionAI/datasets/Clo-Sket/Clo-Sket/Cardigan/4-3.tif,Cardigan,Cardigan__G04,1
344,/content/drive/MyDrive/FashionAI/datasets/Clo-Sket/Clo-Sket/Cardigan/4-4.tif,/content/drive/MyDrive/FashionAI/datasets/Clo-Sket/Clo-Sket/Cardigan/4-4.tif,Cardigan,Cardigan__G04,1
345,/content/drive/MyDrive/FashionAI/datasets/Clo-Sket/Clo-Sket/Cardigan/4-5.tif,/content/drive/MyDrive/FashionAI/datasets/Clo-Sket/Clo-Sket/Cardigan/4-5.tif,Cardigan,Cardigan__G04,1
346,/content/drive/MyDrive/FashionAI/datasets/Clo-Sket/Clo-Sket/Cardigan/4-6.tif,/content/drive/MyDrive/FashionAI/datasets/Clo-Sket/Clo-Sket/Cardigan/4-6.tif,Cardigan,Cardigan__G04,1
347,/content/drive/MyDrive/FashionAI/datasets/Clo-Sket/Clo-Sket/Cardigan/4-7.tif,/content/drive/MyDrive/FashionAI/datasets/Clo-Sket/Clo-Sket/Cardigan/4-7.tif,Cardigan,Cardigan__G04,1
348,/content/drive/MyDrive/FashionAI/datasets/Clo-Sket/Clo-Sket/Cardigan/4-8.tif,/content/drive/MyDrive/FashionAI/datasets/Clo-Sket/Clo-Sket/Cardigan/4-8.tif,Cardigan,Cardigan__G04,1
349,/content/drive/MyDrive/FashionAI/datasets/Clo-Sket/Clo-Sket/Cardigan/4-9.tif,/content/drive/MyDrive/FashionAI/datasets/Clo-Sket/Clo-Sket/Cardigan/4-9.tif,Cardigan,Cardigan__G04,1
350,/content/drive/MyDrive/FashionAI/datasets/Clo-Sket/Clo-Sket/Cardigan/5-1.tif,/content/drive/MyDrive/FashionAI/datasets/Clo-Sket/Clo-Sket/Cardigan/5-1.tif,Cardigan,Cardigan__G05,2
351,/content/drive/MyDrive/FashionAI/datasets/Clo-Sket/Clo-Sket/Cardigan/5-10.tif,/content/drive/MyDrive/FashionAI/datasets/Clo-Sket/Clo-Sket/Cardigan/5-10.tif,Cardigan,Cardigan__G05,2
352,/content/drive/MyDrive/FashionAI/datasets/Clo-Sket/Clo-Sket/Cardigan/5-2.tif,/content/drive/MyDrive/FashionAI/datasets/Clo-Sket/Clo-Sket/Cardigan/5-2.tif,Cardigan,Cardigan__G05,2
353,/content/drive/MyDrive/FashionAI/datasets/Clo-Sket/Clo-Sket/Cardigan/5-3.tif,/content/drive/MyDrive/FashionAI/datasets/Clo-Sket/Clo-Sket/Cardigan/5-3.tif,Cardigan,Cardigan__G05,2
354,/content/drive/MyDrive/FashionAI/datasets/Clo-Sket/Clo-Sket/Cardigan/5-4.tif,/content/drive/MyDrive/FashionAI/datasets/Clo-Sket/Clo-Sket/Cardigan/5-4.tif,Cardigan,Cardigan__G05,2
355,/content/drive/MyDrive/FashionAI/datasets/Clo-Sket/Clo-Sket/Cardigan/5-5.tif,/content/drive/MyDrive/FashionAI/datasets/Clo-Sket/Clo-Sket/Cardigan/5-5.tif,Cardigan,Cardigan__G05,2
356,/content/drive/MyDrive/FashionAI/datasets/Clo-Sket/Clo-Sket/Cardigan/5-6.tif,/content/drive/MyDrive/FashionAI/datasets/Clo-Sket/Clo-Sket/Cardigan/5-6.tif,Cardigan,Cardigan__G05,2
357,/content/drive/MyDrive/FashionAI/datasets/Clo-Sket/Clo-Sket/Cardigan/5-7.tif,/content/drive/MyDrive/FashionAI/datasets/Clo-Sket/Clo-Sket/Cardigan/5-7.tif,Cardigan,Cardigan__G05,2
358,/content/drive/MyDrive/FashionAI/datasets/Clo-Sket/Clo-Sket/Cardigan/5-8.tif,/content/drive/MyDrive/FashionAI/datasets/Clo-Sket/Clo-Sket/Cardigan/5-8.tif,Cardigan,Cardigan__G05,2
359,/content/drive/MyDrive/FashionAI/datasets/Clo-Sket/Clo-Sket/Cardigan/5-9.tif,/content/drive/MyDrive/FashionAI/datasets/Clo-Sket/Clo-Sket/Cardigan/5-9.tif,Cardigan,Cardigan__G05,2
360,/content/drive/MyDrive/FashionAI/datasets/Clo-Sket/Clo-Sket/Cardigan/6-1.tif,/content/drive/MyDrive/FashionAI/datasets/Clo-Sket/Clo-Sket/Cardigan/6-1.tif,Cardigan,Cardigan__G06,2
361,/content/drive/MyDrive/FashionAI/datasets/Clo-Sket/Clo-Sket/Cardigan/6-10.tif,/content/drive/MyDrive/FashionAI/datasets/Clo-Sket/Clo-Sket/Cardigan/6-10.tif,Cardigan,Cardigan__G06,2
362,/content/drive/MyDrive/FashionAI/datasets/Clo-Sket/Clo-Sket/Cardigan/6-2.tif,/content/drive/MyDrive/FashionAI/datasets/Clo-Sket/Clo-Sket/Cardigan/6-2.tif,Cardigan,Cardigan__G06,2
363,/content/drive/MyDrive/FashionAI/datasets/Clo-Sket/Clo-Sket/Cardigan/6-3.tif,/content/drive/MyDrive/FashionAI/datasets/Clo-Sket/Clo-Sket/Cardigan/6-3.tif,Cardigan,Cardigan__G06,2
364,/content/drive/MyDrive/FashionAI/datasets/Clo-Sket/Clo-Sket/Cardigan/6-4.tif,/content/drive/MyDrive/FashionAI/datasets/Clo-Sket/Clo-Sket/Cardigan/6-4.tif,Cardigan,Cardigan__G06,2
365,/content/drive/MyDrive/FashionAI/datasets/Clo-Sket/Clo-Sket/Cardigan/6-5.tif,/content/drive/MyDrive/FashionAI/datasets/Clo-Sket/Clo-Sket/Cardigan/6-5.tif,Cardigan,Cardigan__G06,2
366,/content/drive/MyDrive/FashionAI/datasets/Clo-Sket/Clo-Sket/Cardigan/6-6.tif,/content/drive/MyDrive/FashionAI/datasets/Clo-Sket/Clo-Sket/Cardigan/6-6.tif,Cardigan,Cardigan__G06,2
367,/content/drive/MyDrive/FashionAI/datasets/Clo-Sket/Clo-Sket/Cardigan/6-7.tif,/content/drive/MyDrive/FashionAI/datasets/Clo-Sket/Clo-Sket/Cardigan/6-7.tif,Cardigan,Cardigan__G06,2
368,/content/drive/MyDrive/FashionAI/datasets/Clo-Sket/Clo-Sket/Cardigan/6-8.tif,/content/drive/MyDrive/FashionAI/datasets/Clo-Sket/Clo-Sket/Cardigan/6-8.tif,Cardigan,Cardigan__G06,2
369,/content/drive/MyDrive/FashionAI/datasets/Clo-Sket/Clo-Sket/Cardigan/6-9.tif,/content/drive/MyDrive/FashionAI/datasets/Clo-Sket/Clo-Sket/Cardigan/6-9.tif,Cardigan,Cardigan__G06,2
370,/content/drive/MyDrive/FashionAI/datasets/Clo-Sket/Clo-Sket/Cardigan/7-1.tif,/content/drive/MyDrive/FashionAI/datasets/Clo-Sket/Clo-Sket/Cardigan/7-1.tif,Cardigan,Cardigan__G07,3
371,/content/drive/MyDrive/FashionAI/datasets/Clo-Sket/Clo-Sket/Cardigan/7-10.tif,/content/drive/MyDrive/FashionAI/datasets/Clo-Sket/Clo-Sket/Cardigan/7-10.tif,Cardigan,Cardigan__G07,3
372,/content/drive/MyDrive/FashionAI/datasets/Clo-Sket/Clo-Sket/Cardigan/7-2.tif,/content/drive/MyDrive/FashionAI/datasets/Clo-Sket/Clo-Sket/Cardigan/7-2.tif,Cardigan,Cardigan__G07,3
373,/content/drive/MyDrive/FashionAI/datasets/Clo-Sket/Clo-Sket/Cardigan/7-3.tif,/content/drive/MyDrive/FashionAI/datasets/Clo-Sket/Clo-Sket/Cardigan/7-3.tif,Cardigan,Cardigan__G07,3
374,/content/drive/MyDrive/FashionAI/datasets/Clo-Sket/Clo-Sket/Cardigan/7-4.tif,/content/drive/MyDrive/FashionAI/datasets/Clo-Sket/Clo-Sket/Cardigan/7-4.tif,Cardigan,Cardigan__G07,3
375,/content/drive/MyDrive/FashionAI/datasets/Clo-Sket/Clo-Sket/Cardigan/7-5.tif,/content/drive/MyDrive/FashionAI/datasets/Clo-Sket/Clo-Sket/Cardigan/7-5.tif,Cardigan,Cardigan__G07,3
376,/content/drive/MyDrive/FashionAI/datasets/Clo-Sket/Clo-Sket/Cardigan/7-6.tif,/content/drive/MyDrive/FashionAI/datasets/Clo-Sket/Clo-Sket/Cardigan/7-6.tif,Cardigan,Cardigan__G07,3
377,/content/drive/MyDrive/FashionAI/datasets/Clo-Sket/Clo-Sket/Cardigan/7-7.tif,/content/drive/MyDrive/FashionAI/datasets/Clo-Sket/Clo-Sket/Cardigan/7-7.tif,Cardigan,Cardigan__G07,3
378,/content/drive/MyDrive/FashionAI/datasets/Clo-Sket/Clo-Sket/Cardigan/7-8.tif,/content/drive/MyDrive/FashionAI/datasets/Clo-Sket/Clo-Sket/Cardigan/7-8.tif,Cardigan,Cardigan__G07,3
379,/content/drive/MyDrive/FashionAI/datasets/Clo-Sket/Clo-Sket/Cardigan/7-9.tif,/content/drive/MyDrive/FashionAI/datasets/Clo-Sket/Clo-Sket/Cardigan/7-9.tif,Cardigan,Cardigan__G07,3
380,/content/drive/MyDrive/FashionAI/datasets/Clo-Sket/Clo-Sket/Cardigan/8-1.tif,/content/drive/MyDrive/FashionAI/datasets/Clo-Sket/Clo-Sket/Cardigan/8-1.tif,Cardigan,Cardigan__G08,3
381,/content/drive/MyDrive/FashionAI/datasets/Clo-Sket/Clo-Sket/Cardigan/8-10.tif,/content/drive/MyDrive/FashionAI/datasets/Clo-Sket/Clo-Sket/Cardigan/8-10.tif,Cardigan,Cardigan__G08,3
382,/content/drive/MyDrive/FashionAI/datasets/Clo-Sket/Clo-Sket/Cardigan/8-2.tif,/content/drive/MyDrive/FashionAI/datasets/Clo-Sket/Clo-Sket/Cardigan/8-2.tif,Cardigan,Cardigan__G08,3
383,/content/drive/MyDrive/FashionAI/datasets/Clo-Sket/Clo-Sket/Cardigan/8-3.tif,/content/drive/MyDrive/FashionAI/datasets/Clo-Sket/Clo-Sket/Cardigan/8-3.tif,Cardigan,Cardigan__G08,3
384,/content/drive/MyDrive/FashionAI/datasets/Clo-Sket/Clo-Sket/Cardigan/8-4.tif,/content/drive/MyDrive/FashionAI/datasets/Clo-Sket/Clo-Sket/Cardigan/8-4.tif,Cardigan,Cardigan__G08,3
385,/content/drive/MyDrive/FashionAI/datasets/Clo-Sket/Clo-Sket/Cardigan/8-5.tif,/content/drive/MyDrive/FashionAI/datasets/Clo-Sket/Clo-Sket/Cardigan/8-5.tif,Cardigan,Cardigan__G08,3
386,/content/drive/MyDrive/FashionAI/datasets/Clo-Sket/Clo-Sket/Cardigan/8-6.tif,/content/drive/MyDrive/FashionAI/datasets/Clo-Sket/Clo-Sket/Cardigan/8-6.tif,Cardigan,Cardigan__G08,3
387,/content/drive/MyDrive/FashionAI/datasets/Clo-Sket/Clo-Sket/Cardigan/8-7.tif,/content/drive/MyDrive/FashionAI/datasets/Clo-Sket/Clo-Sket/Cardigan/8-7.tif,Cardigan,Cardigan__G08,3
388,/content/drive/MyDrive/FashionAI/datasets/Clo-Sket/Clo-Sket/Cardigan/8-8.tif,/content/drive/MyDrive/FashionAI/datasets/Clo-Sket/Clo-Sket/Cardigan/8-8.tif,Cardigan,Cardigan__G08,3
389,/content/drive/MyDrive/FashionAI/datasets/Clo-Sket/Clo-Sket/Cardigan/8-9.tif,/content/drive/MyDrive/FashionAI/datasets/Clo-Sket/Clo-Sket/Cardigan/8-9.tif,Cardigan,Cardigan__G08,3
390,/content/drive/MyDrive/FashionAI/datasets/Clo-Sket/Clo-Sket/Cardigan/9-1.tif,/content/drive/MyDrive/FashionAI/datasets/Clo-Sket/Clo-Sket/Cardigan/9-1.tif,Cardigan,Cardigan__G09,4
391,/content/drive/MyDrive/FashionAI/datasets/Clo-Sket/Clo-Sket/Cardigan/9-10.tif,/content/drive/MyDrive/FashionAI/datasets/Clo-Sket/Clo-Sket/Cardigan/9-10.tif,Cardigan,Cardigan__G09,4
392,/content/drive/MyDrive/FashionAI/datasets/Clo-Sket/Clo-Sket/Cardigan/9-2.tif,/content/drive/MyDrive/FashionAI/datasets/Clo-Sket/Clo-Sket/Cardigan/9-2.tif,Cardigan,Cardigan__G09,4
393,/content/drive/MyDrive/FashionAI/datasets/Clo-Sket/Clo-Sket/Cardigan/9-3.tif,/content/drive/MyDrive/FashionAI/datasets/Clo-Sket/Clo-Sket/Cardigan/9-3.tif,Cardigan,Cardigan__G09,4
394,/content/drive/MyDrive/FashionAI/datasets/Clo-Sket/Clo-Sket/Cardigan/9-4.tif,/content/drive/MyDrive/FashionAI/datasets/Clo-Sket/Clo-Sket/Cardigan/9-4.tif,Cardigan,Cardigan__G09,4
395,/content/drive/MyDrive/FashionAI/datasets/Clo-Sket/Clo-Sket/Cardigan/9-5.tif,/content/drive/MyDrive/FashionAI/datasets/Clo-Sket/Clo-Sket/Cardigan/9-5.tif,Cardigan,Cardigan__G09,4
396,/content/drive/MyDrive/FashionAI/datasets/Clo-Sket/Clo-Sket/Cardigan/9-6.tif,/content/drive/MyDrive/FashionAI/datasets/Clo-Sket/Clo-Sket/Cardigan/9-6.tif,Cardigan,Cardigan__G09,4
397,/content/drive/MyDrive/FashionAI/datasets/Clo-Sket/Clo-Sket/Cardigan/9-7.tif,/content/drive/MyDrive/FashionAI/datasets/Clo-Sket/Clo-Sket/Cardigan/9-7.tif,Cardigan,Cardigan__G09,4
398,/content/drive/MyDrive/FashionAI/datasets/Clo-Sket/Clo-Sket/Cardigan/9-8.tif,/content/drive/MyDrive/FashionAI/datasets/Clo-Sket/Clo-Sket/Cardigan/9-8.tif,Cardigan,Cardigan__G09,4
399,/content/drive/MyDrive/FashionAI/datasets/Clo-Sket/Clo-Sket/Cardigan/9-9.tif,/content/drive/MyDrive/FashionAI/datasets/Clo-Sket/Clo-Sket/Cardigan/9-9.tif,Cardigan,Cardigan__G09,4
400,/content/drive/MyDrive/FashionAI/datasets/Clo-Sket/Clo-Sket/Circle/10_1.tif,/content/drive/MyDrive/FashionAI/datasets/Clo-Sket/Clo-Sket/Circle/10_1.tif,Circle,Circle__G10,4
401,/content/drive/MyDrive/FashionAI/datasets/Clo-Sket/Clo-Sket/Circle/10_10.tif,/content/drive/MyDrive/FashionAI/datasets/Clo-Sket/Clo-Sket/Circle/10_10.tif,Circle,Circle__G10,4
402,/content/drive/MyDrive/FashionAI/datasets/Clo-Sket/Clo-Sket/Circle/10_2.tif,/content/drive/MyDrive/FashionAI/datasets/Clo-Sket/Clo-Sket/Circle/10_2.tif,Circle,Circle__G10,4
403,/content/drive/MyDrive/FashionAI/datasets/Clo-Sket/Clo-Sket/Circle/10_3.tif,/content/drive/MyDrive/FashionAI/datasets/Clo-Sket/Clo-Sket/Circle/10_3.tif,Circle,Circle__G10,4
404,/content/drive/MyDrive/FashionAI/datasets/Clo-Sket/Clo-Sket/Circle/10_4.tif,/content/drive/MyDrive/FashionAI/datasets/Clo-Sket/Clo-Sket/Circle/10_4.tif,Circle,Circle__G10,4
405,/content/drive/MyDrive/FashionAI/datasets/Clo-Sket/Clo-Sket/Circle/10_5.tif,/content/drive/MyDrive/FashionAI/datasets/Clo-Sket/Clo-Sket/Circle/10_5.tif,Circle,Circle__G10,4
406,/content/drive/MyDrive/FashionAI/datasets/Clo-Sket/Clo-Sket/Circle/10_6.tif,/content/drive/MyDrive/FashionAI/datasets/Clo-Sket/Clo-Sket/Circle/10_6.tif,Circle,Circle__G10,4
407,/content/drive/MyDrive/FashionAI/datasets/Clo-Sket/Clo-Sket/Circle/10_7.tif,/content/drive/MyDrive/FashionAI/datasets/Clo-Sket/Clo-Sket/Circle/10_7.tif,Circle,Circle__G10,4
408,/content/drive/MyDrive/FashionAI/datasets/Clo-Sket/Clo-Sket/Circle/10_8.tif,/content/drive/MyDrive/FashionAI/datasets/Clo-Sket/Clo-Sket/Circle/10_8.tif,Circle,Circle__G10,4
409,/content/drive/MyDrive/FashionAI/datasets/Clo-Sket/Clo-Sket/Circle/10_9.tif,/content/drive/MyDrive/FashionAI/datasets/Clo-Sket/Clo-Sket/Circle/10_9.tif,Circle,Circle__G10,4
410,/content/drive/MyDrive/FashionAI/datasets/Clo-Sket/Clo-Sket/Circle/1_1.tif,/content/drive/MyDrive/FashionAI/datasets/Clo-Sket/Clo-Sket/Circle/1_1.tif,Circle,Circle__G01,0
411,/content/drive/MyDrive/FashionAI/datasets/Clo-Sket/Clo-Sket/Circle/1_10.tif,/content/drive/MyDrive/FashionAI/datasets/Clo-Sket/Clo-Sket/Circle/1_10.tif,Circle,Circle__G01,0
412,/content/drive/MyDrive/FashionAI/datasets/Clo-Sket/Clo-Sket/Circle/1_2.tif,/content/drive/MyDrive/FashionAI/datasets/Clo-Sket/Clo-Sket/Circle/1_2.tif,Circle,Circle__G01,0
413,/content/drive/MyDrive/FashionAI/datasets/Clo-Sket/Clo-Sket/Circle/1_3.tif,/content/drive/MyDrive/FashionAI/datasets/Clo-Sket/Clo-Sket/Circle/1_3.tif,Circle,Circle__G01,0
414,/content/drive/MyDrive/FashionAI/datasets/Clo-Sket/Clo-Sket/Circle/1_4.tif,/content/drive/MyDrive/FashionAI/datasets/Clo-Sket/Clo-Sket/Circle/1_4.tif,Circle,Circle__G01,0
415,/content/drive/MyDrive/FashionAI/datasets/Clo-Sket/Clo-Sket/Circle/1_5.tif,/content/drive/MyDrive/FashionAI/datasets/Clo-Sket/Clo-Sket/Circle/1_5.tif,Circle,Circle__G01,0
416,/content/drive/MyDrive/FashionAI/datasets/Clo-Sket/Clo-Sket/Circle/1_6.tif,/content/drive/MyDrive/FashionAI/datasets/Clo-Sket/Clo-Sket/Circle/1_6.tif,Circle,Circle__G01,0
417,/content/drive/MyDrive/FashionAI/datasets/Clo-Sket/Clo-Sket/Circle/1_7.tif,/content/drive/MyDrive/FashionAI/datasets/Clo-Sket/Clo-Sket/Circle/1_7.tif,Circle,Circle__G01,0
418,/content/drive/MyDrive/FashionAI/datasets/Clo-Sket/Clo-Sket/Circle/1_8.tif,/content/drive/MyDrive/FashionAI/datasets/Clo-Sket/Clo-Sket/Circle/1_8.tif,Circle,Circle__G01,0
419,/content/drive/MyDrive/FashionAI/datasets/Clo-Sket/Clo-Sket/Circle/1_9.tif,/content/drive/MyDrive/FashionAI/datasets/Clo-Sket/Clo-Sket/Circle/1_9.tif,Circle,Circle__G01,0
420,/content/drive/MyDrive/FashionAI/datasets/Clo-Sket/Clo-Sket/Circle/2_1.tif,/content/drive/MyDrive/FashionAI/datasets/Clo-Sket/Clo-Sket/Circle/2_1.tif,Circle,Circle__G02,0
421,/content/drive/MyDrive/FashionAI/datasets/Clo-Sket/Clo-Sket/Circle/2_10.tif,/content/drive/MyDrive/FashionAI/datasets/Clo-Sket/Clo-Sket/Circle/2_10.tif,Circle,Circle__G02,0
422,/content/drive/MyDrive/FashionAI/datasets/Clo-Sket/Clo-Sket/Circle/2_2.tif,/content/drive/MyDrive/FashionAI/datasets/Clo-Sket/Clo-Sket/Circle/2_2.tif,Circle,Circle__G02,0
423,/content/drive/MyDrive/FashionAI/datasets/Clo-Sket/Clo-Sket/Circle/2_3.tif,/content/drive/MyDrive/FashionAI/datasets/Clo-Sket/Clo-Sket/Circle/2_3.tif,Circle,Circle__G02,0
424,/content/drive/MyDrive/FashionAI/datasets/Clo-Sket/Clo-Sket/Circle/2_4.tif,/content/drive/MyDrive/FashionAI/datasets/Clo-Sket/Clo-Sket/Circle/2_4.tif,Circle,Circle__G02,0
425,/content/drive/MyDrive/FashionAI/datasets/Clo-Sket/Clo-Sket/Circle/2_5.tif,/content/drive/MyDrive/FashionAI/datasets/Clo-Sket/Clo-Sket/Circle/2_5.tif,Circle,Circle__G02,0
426,/content/drive/MyDrive/FashionAI/datasets/Clo-Sket/Clo-Sket/Circle/2_6.tif,/content/drive/MyDrive/FashionAI/datasets/Clo-Sket/Clo-Sket/Circle/2_6.tif,Circle,Circle__G02,0
427,/content/drive/MyDrive/FashionAI/datasets/Clo-Sket/Clo-Sket/Circle/2_7.tif,/content/drive/MyDrive/FashionAI/datasets/Clo-Sket/Clo-Sket/Circle/2_7.tif,Circle,Circle__G02,0
428,/content/drive/MyDrive/FashionAI/datasets/Clo-Sket/Clo-Sket/Circle/2_8.tif,/content/drive/MyDrive/FashionAI/datasets/Clo-Sket/Clo-Sket/Circle/2_8.tif,Circle,Circle__G02,0
429,/content/drive/MyDrive/FashionAI/datasets/Clo-Sket/Clo-Sket/Circle/2_9.tif,/content/drive/MyDrive/FashionAI/datasets/Clo-Sket/Clo-Sket/Circle/2_9.tif,Circle,Circle__G02,0
430,/content/drive/MyDrive/FashionAI/datasets/Clo-Sket/Clo-Sket/Circle/3_1.tif,/content/drive/MyDrive/FashionAI/datasets/Clo-Sket/Clo-Sket/Circle/3_1.tif,Circle,Circle__G03,1
431,/content/drive/MyDrive/FashionAI/datasets/Clo-Sket/Clo-Sket/Circle/3_10.tif,/content/drive/MyDrive/FashionAI/datasets/Clo-Sket/Clo-Sket/Circle/3_10.tif,Circle,Circle__G03,1
432,/content/drive/MyDrive/FashionAI/datasets/Clo-Sket/Clo-Sket/Circle/3_2.tif,/content/drive/MyDrive/FashionAI/datasets/Clo-Sket/Clo-Sket/Circle/3_2.tif,Circle,Circle__G03,1
433,/content/drive/MyDrive/FashionAI/datasets/Clo-Sket/Clo-Sket/Circle/3_3.tif,/content/drive/MyDrive/FashionAI/datasets/Clo-Sket/Clo-Sket/Circle/3_3.tif,Circle,Circle__G03,1
434,/content/drive/MyDrive/FashionAI/datasets/Clo-Sket/Clo-Sket/Circle/3_4.tif,/content/drive/MyDrive/FashionAI/datasets/Clo-Sket/Clo-Sket/Circle/3_4.tif,Circle,Circle__G03,1
435,/content/drive/MyDrive/FashionAI/datasets/Clo-Sket/Clo-Sket/Circle/3_5.tif,/content/drive/MyDrive/FashionAI/datasets/Clo-Sket/Clo-Sket/Circle/3_5.tif,Circle,Circle__G03,1
436,/content/drive/MyDrive/FashionAI/datasets/Clo-Sket/Clo-Sket/Circle/3_6.tif,/content/drive/MyDrive/FashionAI/datasets/Clo-Sket/Clo-Sket/Circle/3_6.tif,Circle,Circle__G03,1
437,/content/drive/MyDrive/FashionAI/datasets/Clo-Sket/Clo-Sket/Circle/3_7.tif,/content/drive/MyDrive/FashionAI/datasets/Clo-Sket/Clo-Sket/Circle/3_7.tif,Circle,Circle__G03,1
438,/content/drive/MyDrive/FashionAI/datasets/Clo-Sket/Clo-Sket/Circle/3_8.tif,/content/drive/MyDrive/FashionAI/datasets/Clo-Sket/Clo-Sket/Circle/3_8.tif,Circle,Circle__G03,1
439,/content/drive/MyDrive/FashionAI/datasets/Clo-Sket/Clo-Sket/Circle/3_9.tif,/content/drive/MyDrive/FashionAI/datasets/Clo-Sket/Clo-Sket/Circle/3_9.tif,Circle,Circle__G03,1
440,/content/drive/MyDrive/FashionAI/datasets/Clo-Sket/Clo-Sket/Circle/4_1.tif,/content/drive/MyDrive/FashionAI/datasets/Clo-Sket/Clo-Sket/Circle/4_1.tif,Circle,Circle__G04,1
441,/content/drive/MyDrive/FashionAI/datasets/Clo-Sket/Clo-Sket/Circle/4_10.tif,/content/drive/MyDrive/FashionAI/datasets/Clo-Sket/Clo-Sket/Circle/4_10.tif,Circle,Circle__G04,1
442,/content/drive/MyDrive/FashionAI/datasets/Clo-Sket/Clo-Sket/Circle/4_2.tif,/content/drive/MyDrive/FashionAI/datasets/Clo-Sket/Clo-Sket/Circle/4_2.tif,Circle,Circle__G04,1
443,/content/drive/MyDrive/FashionAI/datasets/Clo-Sket/Clo-Sket/Circle/4_3.tif,/content/drive/MyDrive/FashionAI/datasets/Clo-Sket/Clo-Sket/Circle/4_3.tif,Circle,Circle__G04,1
444,/content/drive/MyDrive/FashionAI/datasets/Clo-Sket/Clo-Sket/Circle/4_4.tif,/content/drive/MyDrive/FashionAI/datasets/Clo-Sket/Clo-Sket/Circle/4_4.tif,Circle,Circle__G04,1
445,/content/drive/MyDrive/FashionAI/datasets/Clo-Sket/Clo-Sket/Circle/4_5.tif,/content/drive/MyDrive/FashionAI/datasets/Clo-Sket/Clo-Sket/Circle/4_5.tif,Circle,Circle__G04,1
446,/content/drive/MyDrive/FashionAI/datasets/Clo-Sket/Clo-Sket/Circle/4_6.tif,/content/drive/MyDrive/FashionAI/datasets/Clo-Sket/Clo-Sket/Circle/4_6.tif,Circle,Circle__G04,1
447,/content/drive/MyDrive/FashionAI/datasets/Clo-Sket/Clo-Sket/Circle/4_7.tif,/content/drive/MyDrive/FashionAI/datasets/Clo-Sket/Clo-Sket/Circle/4_7.tif,Circle,Circle__G04,1
448,/content/drive/MyDrive/FashionAI/datasets/Clo-Sket/Clo-Sket/Circle/4_8.tif,/content/drive/MyDrive/FashionAI/datasets/Clo-Sket/Clo-Sket/Circle/4_8.tif,Circle,Circle__G04,1
449,/content/drive/MyDrive/FashionAI/datasets/Clo-Sket/Clo-Sket/Circle/4_9.tif,/content/drive/MyDrive/FashionAI/datasets/Clo-Sket/Clo-Sket/Circle/4_9.tif,Circle,Circle__G04,1
450,/content/drive/MyDrive/FashionAI/datasets/Clo-Sket/Clo-Sket/Circle/5_1.tif,/content/drive/MyDrive/FashionAI/datasets/Clo-Sket/Clo-Sket/Circle/5_1.tif,Circle,Circle__G05,2
451,/content/drive/MyDrive/FashionAI/datasets/Clo-Sket/Clo-Sket/Circle/5_10.tif,/content/drive/MyDrive/FashionAI/datasets/Clo-Sket/Clo-Sket/Circle/5_10.tif,Circle,Circle__G05,2
452,/content/drive/MyDrive/FashionAI/datasets/Clo-Sket/Clo-Sket/Circle/5_2.tif,/content/drive/MyDrive/FashionAI/datasets/Clo-Sket/Clo-Sket/Circle/5_2.tif,Circle,Circle__G05,2
453,/content/drive/MyDrive/FashionAI/datasets/Clo-Sket/Clo-Sket/Circle/5_3.tif,/content/drive/MyDrive/FashionAI/datasets/Clo-Sket/Clo-Sket/Circle/5_3.tif,Circle,Circle__G05,2
454,/content/drive/MyDrive/FashionAI/datasets/Clo-Sket/Clo-Sket/Circle/5_4.tif,/content/drive/MyDrive/FashionAI/datasets/Clo-Sket/Clo-Sket/Circle/5_4.tif,Circle,Circle__G05,2
455,/content/drive/MyDrive/FashionAI/datasets/Clo-Sket/Clo-Sket/Circle/5_5.tif,/content/drive/MyDrive/FashionAI/datasets/Clo-Sket/Clo-Sket/Circle/5_5.tif,Circle,Circle__G05,2
456,/content/drive/MyDrive/FashionAI/datasets/Clo-Sket/Clo-Sket/Circle/5_6.tif,/content/drive/MyDrive/FashionAI/datasets/Clo-Sket/Clo-Sket/Circle/5_6.tif,Circle,Circle__G05,2
457,/content/drive/MyDrive/FashionAI/datasets/Clo-Sket/Clo-Sket/Circle/5_7.tif,/content/drive/MyDrive/FashionAI/datasets/Clo-Sket/Clo-Sket/Circle/5_7.tif,Circle,Circle__G05,2
458,/content/drive/MyDrive/FashionAI/datasets/Clo-Sket/Clo-Sket/Circle/5_8.tif,/content/drive/MyDrive/FashionAI/datasets/Clo-Sket/Clo-Sket/Circle/5_8.tif,Circle,Circle__G05,2
459,/content/drive/MyDrive/FashionAI/datasets/Clo-Sket/Clo-Sket/Circle/5_9.tif,/content/drive/MyDrive/FashionAI/datasets/Clo-Sket/Clo-Sket/Circle/5_9.tif,Circle,Circle__G05,2
460,/content/drive/MyDrive/FashionAI/datasets/Clo-Sket/Clo-Sket/Circle/6_1.tif,/content/drive/MyDrive/FashionAI/datasets/Clo-Sket/Clo-Sket/Circle/6_1.tif,Circle,Circle__G06,2
461,/content/drive/MyDrive/FashionAI/datasets/Clo-Sket/Clo-Sket/Circle/6_10.tif,/content/drive/MyDrive/FashionAI/datasets/Clo-Sket/Clo-Sket/Circle/6_10.tif,Circle,Circle__G06,2
462,/content/drive/MyDrive/FashionAI/datasets/Clo-Sket/Clo-Sket/Circle/6_2.tif,/content/drive/MyDrive/FashionAI/datasets/Clo-Sket/Clo-Sket/Circle/6_2.tif,Circle,Circle__G06,2
463,/content/drive/MyDrive/FashionAI/datasets/Clo-Sket/Clo-Sket/Circle/6_3.tif,/content/drive/MyDrive/FashionAI/datasets/Clo-Sket/Clo-Sket/Circle/6_3.tif,Circle,Circle__G06,2
464,/content/drive/MyDrive/FashionAI/datasets/Clo-Sket/Clo-Sket/Circle/6_4.tif,/content/drive/MyDrive/FashionAI/datasets/Clo-Sket/Clo-Sket/Circle/6_4.tif,Circle,Circle__G06,2
465,/content/drive/MyDrive/FashionAI/datasets/Clo-Sket/Clo-Sket/Circle/6_5.tif,/content/drive/MyDrive/FashionAI/datasets/Clo-Sket/Clo-Sket/Circle/6_5.tif,Circle,Circle__G06,2
466,/content/drive/MyDrive/FashionAI/datasets/Clo-Sket/Clo-Sket/Circle/6_6.tif,/content/drive/MyDrive/FashionAI/datasets/Clo-Sket/Clo-Sket/Circle/6_6.tif,Circle,Circle__G06,2
467,/content/drive/MyDrive/FashionAI/datasets/Clo-Sket/Clo-Sket/Circle/6_7.tif,/content/drive/MyDrive/FashionAI/datasets/Clo-Sket/Clo-Sket/Circle/6_7.tif,Circle,Circle__G06,2
468,/content/drive/MyDrive/FashionAI/datasets/Clo-Sket/Clo-Sket/Circle/6_8.tif,/content/drive/MyDrive/FashionAI/datasets/Clo-Sket/Clo-Sket/Circle/6_8.tif,Circle,Circle__G06,2
469,/content/drive/MyDrive/FashionAI/datasets/Clo-Sket/Clo-Sket/Circle/6_9.tif,/content/drive/MyDrive/FashionAI/datasets/Clo-Sket/Clo-Sket/Circle/6_9.tif,Circle,Circle__G06,2
470,/content/drive/MyDrive/FashionAI/datasets/Clo-Sket/Clo-Sket/Circle/7_1.tif,/content/drive/MyDrive/FashionAI/datasets/Clo-Sket/Clo-Sket/Circle/7_1.tif,Circle,Circle__G07,3
471,/content/drive/MyDrive/FashionAI/datasets/Clo-Sket/Clo-Sket/Circle/7_10.tif,/content/drive/MyDrive/FashionAI/datasets/Clo-Sket/Clo-Sket/Circle/7_10.tif,Circle,Circle__G07,3
472,/content/drive/MyDrive/FashionAI/datasets/Clo-Sket/Clo-Sket/Circle/7_2.tif,/content/drive/MyDrive/FashionAI/datasets/Clo-Sket/Clo-Sket/Circle/7_2.tif,Circle,Circle__G07,3
473,/content/drive/MyDrive/FashionAI/datasets/Clo-Sket/Clo-Sket/Circle/7_3.tif,/content/drive/MyDrive/FashionAI/datasets/Clo-Sket/Clo-Sket/Circle/7_3.tif,Circle,Circle__G07,3
474,/content/drive/MyDrive/FashionAI/datasets/Clo-Sket/Clo-Sket/Circle/7_4.tif,/content/drive/MyDrive/FashionAI/datasets/Clo-Sket/Clo-Sket/Circle/7_4.tif,Circle,Circle__G07,3
475,/content/drive/MyDrive/FashionAI/datasets/Clo-Sket/Clo-Sket/Circle/7_5.tif,/content/drive/MyDrive/FashionAI/datasets/Clo-Sket/Clo-Sket/Circle/7_5.tif,Circle,Circle__G07,3
476,/content/drive/MyDrive/FashionAI/datasets/Clo-Sket/Clo-Sket/Circle/7_6.tif,/content/drive/MyDrive/FashionAI/datasets/Clo-Sket/Clo-Sket/Circle/7_6.tif,Circle,Circle__G07,3
477,/content/drive/MyDrive/FashionAI/datasets/Clo-Sket/Clo-Sket/Circle/7_7.tif,/content/drive/MyDrive/FashionAI/datasets/Clo-Sket/Clo-Sket/Circle/7_7.tif,Circle,Circle__G07,3
478,/content/drive/MyDrive/FashionAI/datasets/Clo-Sket/Clo-Sket/Circle/7_8.tif,/content/drive/MyDrive/FashionAI/datasets/Clo-Sket/Clo-Sket/Circle/7_8.tif,Circle,Circle__G07,3
479,/content/drive/MyDrive/FashionAI/datasets/Clo-Sket/Clo-Sket/Circle/7_9.tif,/content/drive/MyDrive/FashionAI/datasets/Clo-Sket/Clo-Sket/Circle/7_9.tif,Circle,Circle__G07,3
480,/content/drive/MyDrive/FashionAI/datasets/Clo-Sket/Clo-Sket/Circle/8_1.tif,/content/drive/MyDrive/FashionAI/datasets/Clo-Sket/Clo-Sket/Circle/8_1.tif,Circle,Circle__G08,3
481,/content/drive/MyDrive/FashionAI/datasets/Clo-Sket/Clo-Sket/Circle/8_10.tif,/content/drive/MyDrive/FashionAI/datasets/Clo-Sket/Clo-Sket/Circle/8_10.tif,Circle,Circle__G08,3
482,/content/drive/MyDrive/FashionAI/datasets/Clo-Sket/Clo-Sket/Circle/8_2.tif,/content/drive/MyDrive/FashionAI/datasets/Clo-Sket/Clo-Sket/Circle/8_2.tif,Circle,Circle__G08,3
483,/content/drive/MyDrive/FashionAI/datasets/Clo-Sket/Clo-Sket/Circle/8_3.tif,/content/drive/MyDrive/FashionAI/datasets/Clo-Sket/Clo-Sket/Circle/8_3.tif,Circle,Circle__G08,3
484,/content/drive/MyDrive/FashionAI/datasets/Clo-Sket/Clo-Sket/Circle/8_4.tif,/content/drive/MyDrive/FashionAI/datasets/Clo-Sket/Clo-Sket/Circle/8_4.tif,Circle,Circle__G08,3
485,/content/drive/MyDrive/FashionAI/datasets/Clo-Sket/Clo-Sket/Circle/8_5.tif,/content/drive/MyDrive/FashionAI/datasets/Clo-Sket/Clo-Sket/Circle/8_5.tif,Circle,Circle__G08,3
486,/content/drive/MyDrive/FashionAI/datasets/Clo-Sket/Clo-Sket/Circle/8_6.tif,/content/drive/MyDrive/FashionAI/datasets/Clo-Sket/Clo-Sket/Circle/8_6.tif,Circle,Circle__G08,3
487,/content/drive/MyDrive/FashionAI/datasets/Clo-Sket/Clo-Sket/Circle/8_7.tif,/content/drive/MyDrive/FashionAI/datasets/Clo-Sket/Clo-Sket/Circle/8_7.tif,Circle,Circle__G08,3
488,/content/drive/MyDrive/FashionAI/datasets/Clo-Sket/Clo-Sket/Circle/8_8.tif,/content/drive/MyDrive/FashionAI/datasets/Clo-Sket/Clo-Sket/Circle/8_8.tif,Circle,Circle__G08,3
489,/content/drive/MyDrive/FashionAI/datasets/Clo-Sket/Clo-Sket/Circle/8_9.tif,/content/drive/MyDrive/FashionAI/datasets/Clo-Sket/Clo-Sket/Circle/8_9.tif,Circle,Circle__G08,3
490,/content/drive/MyDrive/FashionAI/datasets/Clo-Sket/Clo-Sket/Circle/9_1.tif,/content/drive/MyDrive/FashionAI/datasets/Clo-Sket/Clo-Sket/Circle/9_1.tif,Circle,Circle__G09,4
491,/content/drive/MyDrive/FashionAI/datasets/Clo-Sket/Clo-Sket/Circle/9_10.tif,/content/drive/MyDrive/FashionAI/datasets/Clo-Sket/Clo-Sket/Circle/9_10.tif,Circle,Circle__G09,4
492,/content/drive/MyDrive/FashionAI/datasets/Clo-Sket/Clo-Sket/Circle/9_2.tif,/content/drive/MyDrive/FashionAI/datasets/Clo-Sket/Clo-Sket/Circle/9_2.tif,Circle,Circle__G09,4
493,/content/drive/MyDrive/FashionAI/datasets/Clo-Sket/Clo-Sket/Circle/9_3.tif,/content/drive/MyDrive/FashionAI/datasets/Clo-Sket/Clo-Sket/Circle/9_3.tif,Circle,Circle__G09,4
494,/content/drive/MyDrive/FashionAI/datasets/Clo-Sket/Clo-Sket/Circle/9_4.tif,/content/drive/MyDrive/FashionAI/datasets/Clo-Sket/Clo-Sket/Circle/9_4.tif,Circle,Circle__G09,4
495,/content/drive/MyDrive/FashionAI/datasets/Clo-Sket/Clo-Sket/Circle/9_5.tif,/content/drive/MyDrive/FashionAI/datasets/Clo-Sket/Clo-Sket/Circle/9_5.tif,Circle,Circle__G09,4
496,/content/drive/MyDrive/FashionAI/datasets/Clo-Sket/Clo-Sket/Circle/9_6.tif,/content/drive/MyDrive/FashionAI/datasets/Clo-Sket/Clo-Sket/Circle/9_6.tif,Circle,Circle__G09,4
497,/content/drive/MyDrive/FashionAI/datasets/Clo-Sket/Clo-Sket/Circle/9_7.tif,/content/drive/MyDrive/FashionAI/datasets/Clo-Sket/Clo-Sket/Circle/9_7.tif,Circle,Circle__G09,4
498,/content/drive/MyDrive/FashionAI/datasets/Clo-Sket/Clo-Sket/Circle/9_8.tif,/content/drive/MyDrive/FashionAI/datasets/Clo-Sket/Clo-Sket/Circle/9_8.tif,Circle,Circle__G09,4
499,/content/drive/MyDrive/FashionAI/datasets/Clo-Sket/Clo-Sket/Circle/9_9.tif,/content/drive/MyDrive/FashionAI/datasets/Clo-Sket/Clo-Sket/Circle/9_9.tif,Circle,Circle__G09,4
500,/content/drive/MyDrive/FashionAI/datasets/Clo-Sket/Clo-Sket/Dress/1-3.tif,/content/drive/MyDrive/FashionAI/datasets/Clo-Sket/Clo-Sket/Dress/1-3.tif,Dress,Dress__G01,0
501,/content/drive/MyDrive/FashionAI/datasets/Clo-Sket/Clo-Sket/Dress/1-5.tif,/content/drive/MyDrive/FashionAI/datasets/Clo-Sket/Clo-Sket/Dress/1-5.tif,Dress,Dress__G01,0
502,/content/drive/MyDrive/FashionAI/datasets/Clo-Sket/Clo-Sket/Dress/10_1.tif,/content/drive/MyDrive/FashionAI/datasets/Clo-Sket/Clo-Sket/Dress/10_1.tif,Dress,Dress__G10,4
503,/content/drive/MyDrive/FashionAI/datasets/Clo-Sket/Clo-Sket/Dress/10_10.tif,/content/drive/MyDrive/FashionAI/datasets/Clo-Sket/Clo-Sket/Dress/10_10.tif,Dress,Dress__G10,4
504,/content/drive/MyDrive/FashionAI/datasets/Clo-Sket/Clo-Sket/Dress/10_2.tif,/content/drive/MyDrive/FashionAI/datasets/Clo-Sket/Clo-Sket/Dress/10_2.tif,Dress,Dress__G10,4
505,/content/drive/MyDrive/FashionAI/datasets/Clo-Sket/Clo-Sket/Dress/10_4.tif,/content/drive/MyDrive/FashionAI/datasets/Clo-Sket/Clo-Sket/Dress/10_4.tif,Dress,Dress__G10,4
506,/content/drive/MyDrive/FashionAI/datasets/Clo-Sket/Clo-Sket/Dress/10_5.tif,/content/drive/MyDrive/FashionAI/datasets/Clo-Sket/Clo-Sket/Dress/10_5.tif,Dress,Dress__G10,4
507,/content/drive/MyDrive/FashionAI/datasets/Clo-Sket/Clo-Sket/Dress/10_6.tif,/content/drive/MyDrive/FashionAI/datasets/Clo-Sket/Clo-Sket/Dress/10_6.tif,Dress,Dress__G10,4
508,/content/drive/MyDrive/FashionAI/datasets/Clo-Sket/Clo-Sket/Dress/10_7.tif,/content/drive/MyDrive/FashionAI/datasets/Clo-Sket/Clo-Sket/Dress/10_7.tif,Dress,Dress__G10,4
509,/content/drive/MyDrive/FashionAI/datasets/Clo-Sket/Clo-Sket/Dress/10_8.tif,/content/drive/MyDrive/FashionAI/datasets/Clo-Sket/Clo-Sket/Dress/10_8.tif,Dress,Dress__G10,4
510,/content/drive/MyDrive/FashionAI/datasets/Clo-Sket/Clo-Sket/Dress/10_9.tif,/content/drive/MyDrive/FashionAI/datasets/Clo-Sket/Clo-Sket/Dress/10_9.tif,Dress,Dress__G10,4
511,/content/drive/MyDrive/FashionAI/datasets/Clo-Sket/Clo-Sket/Dress/1_1.tif,/content/drive/MyDrive/FashionAI/datasets/Clo-Sket/Clo-Sket/Dress/1_1.tif,Dress,Dress__G01,0
512,/content/drive/MyDrive/FashionAI/datasets/Clo-Sket/Clo-Sket/Dress/1_10.tif,/content/drive/MyDrive/FashionAI/datasets/Clo-Sket/Clo-Sket/Dress/1_10.tif,Dress,Dress__G01,0
513,/content/drive/MyDrive/FashionAI/datasets/Clo-Sket/Clo-Sket/Dress/1_2.tif,/content/drive/MyDrive/FashionAI/datasets/Clo-Sket/Clo-Sket/Dress/1_2.tif,Dress,Dress__G01,0
514,/content/drive/MyDrive/FashionAI/datasets/Clo-Sket/Clo-Sket/Dress/1_3.tif,/content/drive/MyDrive/FashionAI/datasets/Clo-Sket/Clo-Sket/Dress/1_3.tif,Dress,Dress__G01,0
515,/content/drive/MyDrive/FashionAI/datasets/Clo-Sket/Clo-Sket/Dress/1_4.tif,/content/drive/MyDrive/FashionAI/datasets/Clo-Sket/Clo-Sket/Dress/1_4.tif,Dress,Dress__G01,0
516,/content/drive/MyDrive/FashionAI/datasets/Clo-Sket/Clo-Sket/Dress/1_6.tif,/content/drive/MyDrive/FashionAI/datasets/Clo-Sket/Clo-Sket/Dress/1_6.tif,Dress,Dress__G01,0
517,/content/drive/MyDrive/FashionAI/datasets/Clo-Sket/Clo-Sket/Dress/1_7.tif,/content/drive/MyDrive/FashionAI/datasets/Clo-Sket/Clo-Sket/Dress/1_7.tif,Dress,Dress__G01,0
518,/content/drive/MyDrive/FashionAI/datasets/Clo-Sket/Clo-Sket/Dress/1_8.tif,/content/drive/MyDrive/FashionAI/datasets/Clo-Sket/Clo-Sket/Dress/1_8.tif,Dress,Dress__G01,0
519,/content/drive/MyDrive/FashionAI/datasets/Clo-Sket/Clo-Sket/Dress/1_9.tif,/content/drive/MyDrive/FashionAI/datasets/Clo-Sket/Clo-Sket/Dress/1_9.tif,Dress,Dress__G01,0
520,/content/drive/MyDrive/FashionAI/datasets/Clo-Sket/Clo-Sket/Dress/2_1.tif,/content/drive/MyDrive/FashionAI/datasets/Clo-Sket/Clo-Sket/Dress/2_1.tif,Dress,Dress__G02,0
521,/content/drive/MyDrive/FashionAI/datasets/Clo-Sket/Clo-Sket/Dress/2_10.tif,/content/drive/MyDrive/FashionAI/datasets/Clo-Sket/Clo-Sket/Dress/2_10.tif,Dress,Dress__G02,0
522,/content/drive/MyDrive/FashionAI/datasets/Clo-Sket/Clo-Sket/Dress/2_2.tif,/content/drive/MyDrive/FashionAI/datasets/Clo-Sket/Clo-Sket/Dress/2_2.tif,Dress,Dress__G02,0
523,/content/drive/MyDrive/FashionAI/datasets/Clo-Sket/Clo-Sket/Dress/2_3.tif,/content/drive/MyDrive/FashionAI/datasets/Clo-Sket/Clo-Sket/Dress/2_3.tif,Dress,Dress__G02,0
524,/content/drive/MyDrive/FashionAI/datasets/Clo-Sket/Clo-Sket/Dress/2_4.tif,/content/drive/MyDrive/FashionAI/datasets/Clo-Sket/Clo-Sket/Dress/2_4.tif,Dress,Dress__G02,0
525,/content/drive/MyDrive/FashionAI/datasets/Clo-Sket/Clo-Sket/Dress/2_5.tif,/content/drive/MyDrive/FashionAI/datasets/Clo-Sket/Clo-Sket/Dress/2_5.tif,Dress,Dress__G02,0
526,/content/drive/MyDrive/FashionAI/datasets/Clo-Sket/Clo-Sket/Dress/2_6.tif,/content/drive/MyDrive/FashionAI/datasets/Clo-Sket/Clo-Sket/Dress/2_6.tif,Dress,Dress__G02,0
527,/content/drive/MyDrive/FashionAI/datasets/Clo-Sket/Clo-Sket/Dress/2_7.tif,/content/drive/MyDrive/FashionAI/datasets/Clo-Sket/Clo-Sket/Dress/2_7.tif,Dress,Dress__G02,0
528,/content/drive/MyDrive/FashionAI/datasets/Clo-Sket/Clo-Sket/Dress/2_8.tif,/content/drive/MyDrive/FashionAI/datasets/Clo-Sket/Clo-Sket/Dress/2_8.tif,Dress,Dress__G02,0
529,/content/drive/MyDrive/FashionAI/datasets/Clo-Sket/Clo-Sket/Dress/2_9.tif,/content/drive/MyDrive/FashionAI/datasets/Clo-Sket/Clo-Sket/Dress/2_9.tif,Dress,Dress__G02,0
530,/content/drive/MyDrive/FashionAI/datasets/Clo-Sket/Clo-Sket/Dress/3_1.tif,/content/drive/MyDrive/FashionAI/datasets/Clo-Sket/Clo-Sket/Dress/3_1.tif,Dress,Dress__G03,1
531,/content/drive/MyDrive/FashionAI/datasets/Clo-Sket/Clo-Sket/Dress/3_10.tif,/content/drive/MyDrive/FashionAI/datasets/Clo-Sket/Clo-Sket/Dress/3_10.tif,Dress,Dress__G03,1
532,/content/drive/MyDrive/FashionAI/datasets/Clo-Sket/Clo-Sket/Dress/3_2.tif,/content/drive/MyDrive/FashionAI/datasets/Clo-Sket/Clo-Sket/Dress/3_2.tif,Dress,Dress__G03,1
533,/content/drive/MyDrive/FashionAI/datasets/Clo-Sket/Clo-Sket/Dress/3_3.tif,/content/drive/MyDrive/FashionAI/datasets/Clo-Sket/Clo-Sket/Dress/3_3.tif,Dress,Dress__G03,1
534,/content/drive/MyDrive/FashionAI/datasets/Clo-Sket/Clo-Sket/Dress/3_4.tif,/content/drive/MyDrive/FashionAI/datasets/Clo-Sket/Clo-Sket/Dress/3_4.tif,Dress,Dress__G03,1
535,/content/drive/MyDrive/FashionAI/datasets/Clo-Sket/Clo-Sket/Dress/3_5.tif,/content/drive/MyDrive/FashionAI/datasets/Clo-Sket/Clo-Sket/Dress/3_5.tif,Dress,Dress__G03,1
536,/content/drive/MyDrive/FashionAI/datasets/Clo-Sket/Clo-Sket/Dress/3_6.tif,/content/drive/MyDrive/FashionAI/datasets/Clo-Sket/Clo-Sket/Dress/3_6.tif,Dress,Dress__G03,1
537,/content/drive/MyDrive/FashionAI/datasets/Clo-Sket/Clo-Sket/Dress/3_7.tif,/content/drive/MyDrive/FashionAI/datasets/Clo-Sket/Clo-Sket/Dress/3_7.tif,Dress,Dress__G03,1
538,/content/drive/MyDrive/FashionAI/datasets/Clo-Sket/Clo-Sket/Dress/3_8.tif,/content/drive/MyDrive/FashionAI/datasets/Clo-Sket/Clo-Sket/Dress/3_8.tif,Dress,Dress__G03,1
539,/content/drive/MyDrive/FashionAI/datasets/Clo-Sket/Clo-Sket/Dress/3_9.tif,/content/drive/MyDrive/FashionAI/datasets/Clo-Sket/Clo-Sket/Dress/3_9.tif,Dress,Dress__G03,1
540,/content/drive/MyDrive/FashionAI/datasets/Clo-Sket/Clo-Sket/Dress/4_1.tif,/content/drive/MyDrive/FashionAI/datasets/Clo-Sket/Clo-Sket/Dress/4_1.tif,Dress,Dress__G04,1
541,/content/drive/MyDrive/FashionAI/datasets/Clo-Sket/Clo-Sket/Dress/4_10.tif,/content/drive/MyDrive/FashionAI/datasets/Clo-Sket/Clo-Sket/Dress/4_10.tif,Dress,Dress__G04,1
542,/content/drive/MyDrive/FashionAI/datasets/Clo-Sket/Clo-Sket/Dress/4_2.tif,/content/drive/MyDrive/FashionAI/datasets/Clo-Sket/Clo-Sket/Dress/4_2.tif,Dress,Dress__G04,1
543,/content/drive/MyDrive/FashionAI/datasets/Clo-Sket/Clo-Sket/Dress/4_3.tif,/content/drive/MyDrive/FashionAI/datasets/Clo-Sket/Clo-Sket/Dress/4_3.tif,Dress,Dress__G04,1
544,/content/drive/MyDrive/FashionAI/datasets/Clo-Sket/Clo-Sket/Dress/4_4.tif,/content/drive/MyDrive/FashionAI/datasets/Clo-Sket/Clo-Sket/Dress/4_4.tif,Dress,Dress__G04,1
545,/content/drive/MyDrive/FashionAI/datasets/Clo-Sket/Clo-Sket/Dress/4_5.tif,/content/drive/MyDrive/FashionAI/datasets/Clo-Sket/Clo-Sket/Dress/4_5.tif,Dress,Dress__G04,1
546,/content/drive/MyDrive/FashionAI/datasets/Clo-Sket/Clo-Sket/Dress/4_6.tif,/content/drive/MyDrive/FashionAI/datasets/Clo-Sket/Clo-Sket/Dress/4_6.tif,Dress,Dress__G04,1
547,/content/drive/MyDrive/FashionAI/datasets/Clo-Sket/Clo-Sket/Dress/4_7.tif,/content/drive/MyDrive/FashionAI/datasets/Clo-Sket/Clo-Sket/Dress/4_7.tif,Dress,Dress__G04,1
548,/content/drive/MyDrive/FashionAI/datasets/Clo-Sket/Clo-Sket/Dress/4_8.tif,/content/drive/MyDrive/FashionAI/datasets/Clo-Sket/Clo-Sket/Dress/4_8.tif,Dress,Dress__G04,1
549,/content/drive/MyDrive/FashionAI/datasets/Clo-Sket/Clo-Sket/Dress/4_9.tif,/content/drive/MyDrive/FashionAI/datasets/Clo-Sket/Clo-Sket/Dress/4_9.tif,Dress,Dress__G04,1
550,/content/drive/MyDrive/FashionAI/datasets/Clo-Sket/Clo-Sket/Dress/5_1.tif,/content/drive/MyDrive/FashionAI/datasets/Clo-Sket/Clo-Sket/Dress/5_1.tif,Dress,Dress__G05,2
551,/content/drive/MyDrive/FashionAI/datasets/Clo-Sket/Clo-Sket/Dress/5_10.tif,/content/drive/MyDrive/FashionAI/datasets/Clo-Sket/Clo-Sket/Dress/5_10.tif,Dress,Dress__G05,2
552,/content/drive/MyDrive/FashionAI/datasets/Clo-Sket/Clo-Sket/Dress/5_2.tif,/content/drive/MyDrive/FashionAI/datasets/Clo-Sket/Clo-Sket/Dress/5_2.tif,Dress,Dress__G05,2
553,/content/drive/MyDrive/FashionAI/datasets/Clo-Sket/Clo-Sket/Dress/5_3.tif,/content/drive/MyDrive/FashionAI/datasets/Clo-Sket/Clo-Sket/Dress/5_3.tif,Dress,Dress__G05,2
554,/content/drive/MyDrive/FashionAI/datasets/Clo-Sket/Clo-Sket/Dress/5_4.tif,/content/drive/MyDrive/FashionAI/datasets/Clo-Sket/Clo-Sket/Dress/5_4.tif,Dress,Dress__G05,2
555,/content/drive/MyDrive/FashionAI/datasets/Clo-Sket/Clo-Sket/Dress/5_5.tif,/content/drive/MyDrive/FashionAI/datasets/Clo-Sket/Clo-Sket/Dress/5_5.tif,Dress,Dress__G05,2
556,/content/drive/MyDrive/FashionAI/datasets/Clo-Sket/Clo-Sket/Dress/5_6.tif,/content/drive/MyDrive/FashionAI/datasets/Clo-Sket/Clo-Sket/Dress/5_6.tif,Dress,Dress__G05,2
557,/content/drive/MyDrive/FashionAI/datasets/Clo-Sket/Clo-Sket/Dress/5_7.tif,/content/drive/MyDrive/FashionAI/datasets/Clo-Sket/Clo-Sket/Dress/5_7.tif,Dress,Dress__G05,2
558,/content/drive/MyDrive/FashionAI/datasets/Clo-Sket/Clo-Sket/Dress/5_8.tif,/content/drive/MyDrive/FashionAI/datasets/Clo-Sket/Clo-Sket/Dress/5_8.tif,Dress,Dress__G05,2
559,/content/drive/MyDrive/FashionAI/datasets/Clo-Sket/Clo-Sket/Dress/5_9.tif,/content/drive/MyDrive/FashionAI/datasets/Clo-Sket/Clo-Sket/Dress/5_9.tif,Dress,Dress__G05,2
560,/content/drive/MyDrive/FashionAI/datasets/Clo-Sket/Clo-Sket/Dress/6_1.tif,/content/drive/MyDrive/FashionAI/datasets/Clo-Sket/Clo-Sket/Dress/6_1.tif,Dress,Dress__G06,2
561,/content/drive/MyDrive/FashionAI/datasets/Clo-Sket/Clo-Sket/Dress/6_10.tif,/content/drive/MyDrive/FashionAI/datasets/Clo-Sket/Clo-Sket/Dress/6_10.tif,Dress,Dress__G06,2
562,/content/drive/MyDrive/FashionAI/datasets/Clo-Sket/Clo-Sket/Dress/6_2.tif,/content/drive/MyDrive/FashionAI/datasets/Clo-Sket/Clo-Sket/Dress/6_2.tif,Dress,Dress__G06,2
563,/content/drive/MyDrive/FashionAI/datasets/Clo-Sket/Clo-Sket/Dress/6_3.tif,/content/drive/MyDrive/FashionAI/datasets/Clo-Sket/Clo-Sket/Dress/6_3.tif,Dress,Dress__G06,2
564,/content/drive/MyDrive/FashionAI/datasets/Clo-Sket/Clo-Sket/Dress/6_4.tif,/content/drive/MyDrive/FashionAI/datasets/Clo-Sket/Clo-Sket/Dress/6_4.tif,Dress,Dress__G06,2
565,/content/drive/MyDrive/FashionAI/datasets/Clo-Sket/Clo-Sket/Dress/6_5.tif,/content/drive/MyDrive/FashionAI/datasets/Clo-Sket/Clo-Sket/Dress/6_5.tif,Dress,Dress__G06,2
566,/content/drive/MyDrive/FashionAI/datasets/Clo-Sket/Clo-Sket/Dress/6_6.tif,/content/drive/MyDrive/FashionAI/datasets/Clo-Sket/Clo-Sket/Dress/6_6.tif,Dress,Dress__G06,2
567,/content/drive/MyDrive/FashionAI/datasets/Clo-Sket/Clo-Sket/Dress/6_7.tif,/content/drive/MyDrive/FashionAI/datasets/Clo-Sket/Clo-Sket/Dress/6_7.tif,Dress,Dress__G06,2
568,/content/drive/MyDrive/FashionAI/datasets/Clo-Sket/Clo-Sket/Dress/6_8.tif,/content/drive/MyDrive/FashionAI/datasets/Clo-Sket/Clo-Sket/Dress/6_8.tif,Dress,Dress__G06,2
569,/content/drive/MyDrive/FashionAI/datasets/Clo-Sket/Clo-Sket/Dress/6_9.tif,/content/drive/MyDrive/FashionAI/datasets/Clo-Sket/Clo-Sket/Dress/6_9.tif,Dress,Dress__G06,2
570,/content/drive/MyDrive/FashionAI/datasets/Clo-Sket/Clo-Sket/Dress/7_1.tif,/content/drive/MyDrive/FashionAI/datasets/Clo-Sket/Clo-Sket/Dress/7_1.tif,Dress,Dress__G07,3
571,/content/drive/MyDrive/FashionAI/datasets/Clo-Sket/Clo-Sket/Dress/7_10.tif,/content/drive/MyDrive/FashionAI/datasets/Clo-Sket/Clo-Sket/Dress/7_10.tif,Dress,Dress__G07,3
572,/content/drive/MyDrive/FashionAI/datasets/Clo-Sket/Clo-Sket/Dress/7_2.tif,/content/drive/MyDrive/FashionAI/datasets/Clo-Sket/Clo-Sket/Dress/7_2.tif,Dress,Dress__G07,3
573,/content/drive/MyDrive/FashionAI/datasets/Clo-Sket/Clo-Sket/Dress/7_3.tif,/content/drive/MyDrive/FashionAI/datasets/Clo-Sket/Clo-Sket/Dress/7_3.tif,Dress,Dress__G07,3
574,/content/drive/MyDrive/FashionAI/datasets/Clo-Sket/Clo-Sket/Dress/7_4.tif,/content/drive/MyDrive/FashionAI/datasets/Clo-Sket/Clo-Sket/Dress/7_4.tif,Dress,Dress__G07,3
575,/content/drive/MyDrive/FashionAI/datasets/Clo-Sket/Clo-Sket/Dress/7_5.tif,/content/drive/MyDrive/FashionAI/datasets/Clo-Sket/Clo-Sket/Dress/7_5.tif,Dress,Dress__G07,3
576,/content/drive/MyDrive/FashionAI/datasets/Clo-Sket/Clo-Sket/Dress/7_6.tif,/content/drive/MyDrive/FashionAI/datasets/Clo-Sket/Clo-Sket/Dress/7_6.tif,Dress,Dress__G07,3
577,/content/drive/MyDrive/FashionAI/datasets/Clo-Sket/Clo-Sket/Dress/7_7.tif,/content/drive/MyDrive/FashionAI/datasets/Clo-Sket/Clo-Sket/Dress/7_7.tif,Dress,Dress__G07,3
578,/content/drive/MyDrive/FashionAI/datasets/Clo-Sket/Clo-Sket/Dress/7_8.tif,/content/drive/MyDrive/FashionAI/datasets/Clo-Sket/Clo-Sket/Dress/7_8.tif,Dress,Dress__G07,3
579,/content/drive/MyDrive/FashionAI/datasets/Clo-Sket/Clo-Sket/Dress/7_9.tif,/content/drive/MyDrive/FashionAI/datasets/Clo-Sket/Clo-Sket/Dress/7_9.tif,Dress,Dress__G07,3
580,/content/drive/MyDrive/FashionAI/datasets/Clo-Sket/Clo-Sket/Dress/8_1.tif,/content/drive/MyDrive/FashionAI/datasets/Clo-Sket/Clo-Sket/Dress/8_1.tif,Dress,Dress__G08,3
581,/content/drive/MyDrive/FashionAI/datasets/Clo-Sket/Clo-Sket/Dress/8_10.tif,/content/drive/MyDrive/FashionAI/datasets/Clo-Sket/Clo-Sket/Dress/8_10.tif,Dress,Dress__G08,3
582,/content/drive/MyDrive/FashionAI/datasets/Clo-Sket/Clo-Sket/Dress/8_2.tif,/content/drive/MyDrive/FashionAI/datasets/Clo-Sket/Clo-Sket/Dress/8_2.tif,Dress,Dress__G08,3
583,/content/drive/MyDrive/FashionAI/datasets/Clo-Sket/Clo-Sket/Dress/8_3.tif,/content/drive/MyDrive/FashionAI/datasets/Clo-Sket/Clo-Sket/Dress/8_3.tif,Dress,Dress__G08,3
584,/content/drive/MyDrive/FashionAI/datasets/Clo-Sket/Clo-Sket/Dress/8_4.tif,/content/drive/MyDrive/FashionAI/datasets/Clo-Sket/Clo-Sket/Dress/8_4.tif,Dress,Dress__G08,3
585,/content/drive/MyDrive/FashionAI/datasets/Clo-Sket/Clo-Sket/Dress/8_5.tif,/content/drive/MyDrive/FashionAI/datasets/Clo-Sket/Clo-Sket/Dress/8_5.tif,Dress,Dress__G08,3
586,/content/drive/MyDrive/FashionAI/datasets/Clo-Sket/Clo-Sket/Dress/8_6.tif,/content/drive/MyDrive/FashionAI/datasets/Clo-Sket/Clo-Sket/Dress/8_6.tif,Dress,Dress__G08,3
587,/content/drive/MyDrive/FashionAI/datasets/Clo-Sket/Clo-Sket/Dress/8_7.tif,/content/drive/MyDrive/FashionAI/datasets/Clo-Sket/Clo-Sket/Dress/8_7.tif,Dress,Dress__G08,3
588,/content/drive/MyDrive/FashionAI/datasets/Clo-Sket/Clo-Sket/Dress/8_8.tif,/content/drive/MyDrive/FashionAI/datasets/Clo-Sket/Clo-Sket/Dress/8_8.tif,Dress,Dress__G08,3
589,/content/drive/MyDrive/FashionAI/datasets/Clo-Sket/Clo-Sket/Dress/8_9.tif,/content/drive/MyDrive/FashionAI/datasets/Clo-Sket/Clo-Sket/Dress/8_9.tif,Dress,Dress__G08,3
590,/content/drive/MyDrive/FashionAI/datasets/Clo-Sket/Clo-Sket/Dress/9_1.tif,/content/drive/MyDrive/FashionAI/datasets/Clo-Sket/Clo-Sket/Dress/9_1.tif,Dress,Dress__G09,4
591,/content/drive/MyDrive/FashionAI/datasets/Clo-Sket/Clo-Sket/Dress/9_10.tif,/content/drive/MyDrive/FashionAI/datasets/Clo-Sket/Clo-Sket/Dress/9_10.tif,Dress,Dress__G09,4
592,/content/drive/MyDrive/FashionAI/datasets/Clo-Sket/Clo-Sket/Dress/9_2.tif,/content/drive/MyDrive/FashionAI/datasets/Clo-Sket/Clo-Sket/Dress/9_2.tif,Dress,Dress__G09,4
593,/content/drive/MyDrive/FashionAI/datasets/Clo-Sket/Clo-Sket/Dress/9_3.tif,/content/drive/MyDrive/FashionAI/datasets/Clo-Sket/Clo-Sket/Dress/9_3.tif,Dress,Dress__G09,4
594,/content/drive/MyDrive/FashionAI/datasets/Clo-Sket/Clo-Sket/Dress/9_4.tif,/content/drive/MyDrive/FashionAI/datasets/Clo-Sket/Clo-Sket/Dress/9_4.tif,Dress,Dress__G09,4
595,/content/drive/MyDrive/FashionAI/datasets/Clo-Sket/Clo-Sket/Dress/9_5.tif,/content/drive/MyDrive/FashionAI/datasets/Clo-Sket/Clo-Sket/Dress/9_5.tif,Dress,Dress__G09,4
596,/content/drive/MyDrive/FashionAI/datasets/Clo-Sket/Clo-Sket/Dress/9_6.tif,/content/drive/MyDrive/FashionAI/datasets/Clo-Sket/Clo-Sket/Dress/9_6.tif,Dress,Dress__G09,4
597,/content/drive/MyDrive/FashionAI/datasets/Clo-Sket/Clo-Sket/Dress/9_7.tif,/content/drive/MyDrive/FashionAI/datasets/Clo-Sket/Clo-Sket/Dress/9_7.tif,Dress,Dress__G09,4
598,/content/drive/MyDrive/FashionAI/datasets/Clo-Sket/Clo-Sket/Dress/9_8.tif,/content/drive/MyDrive/FashionAI/datasets/Clo-Sket/Clo-Sket/Dress/9_8.tif,Dress,Dress__G09,4
599,/content/drive/MyDrive/FashionAI/datasets/Clo-Sket/Clo-Sket/Dress/9_9.tif,/content/drive/MyDrive/FashionAI/datasets/Clo-Sket/Clo-Sket/Dress/9_9.tif,Dress,Dress__G09,4
600,/content/drive/MyDrive/FashionAI/datasets/Clo-Sket/Clo-Sket/Flare/10_1.tif,/content/drive/MyDrive/FashionAI/datasets/Clo-Sket/Clo-Sket/Flare/10_1.tif,Flare,Flare__G10,4
601,/content/drive/MyDrive/FashionAI/datasets/Clo-Sket/Clo-Sket/Flare/10_10.tif,/content/drive/MyDrive/FashionAI/datasets/Clo-Sket/Clo-Sket/Flare/10_10.tif,Flare,Flare__G10,4
602,/content/drive/MyDrive/FashionAI/datasets/Clo-Sket/Clo-Sket/Flare/10_2.tif,/content/drive/MyDrive/FashionAI/datasets/Clo-Sket/Clo-Sket/Flare/10_2.tif,Flare,Flare__G10,4
603,/content/drive/MyDrive/FashionAI/datasets/Clo-Sket/Clo-Sket/Flare/10_3.tif,/content/drive/MyDrive/FashionAI/datasets/Clo-Sket/Clo-Sket/Flare/10_3.tif,Flare,Flare__G10,4
604,/content/drive/MyDrive/FashionAI/datasets/Clo-Sket/Clo-Sket/Flare/10_4.tif,/content/drive/MyDrive/FashionAI/datasets/Clo-Sket/Clo-Sket/Flare/10_4.tif,Flare,Flare__G10,4
605,/content/drive/MyDrive/FashionAI/datasets/Clo-Sket/Clo-Sket/Flare/10_5.tif,/content/drive/MyDrive/FashionAI/datasets/Clo-Sket/Clo-Sket/Flare/10_5.tif,Flare,Flare__G10,4
606,/content/drive/MyDrive/FashionAI/datasets/Clo-Sket/Clo-Sket/Flare/10_6.tif,/content/drive/MyDrive/FashionAI/datasets/Clo-Sket/Clo-Sket/Flare/10_6.tif,Flare,Flare__G10,4
607,/content/drive/MyDrive/FashionAI/datasets/Clo-Sket/Clo-Sket/Flare/10_7.tif,/content/drive/MyDrive/FashionAI/datasets/Clo-Sket/Clo-Sket/Flare/10_7.tif,Flare,Flare__G10,4
608,/content/drive/MyDrive/FashionAI/datasets/Clo-Sket/Clo-Sket/Flare/10_8.tif,/content/drive/MyDrive/FashionAI/datasets/Clo-Sket/Clo-Sket/Flare/10_8.tif,Flare,Flare__G10,4
609,/content/drive/MyDrive/FashionAI/datasets/Clo-Sket/Clo-Sket/Flare/10_9.tif,/content/drive/MyDrive/FashionAI/datasets/Clo-Sket/Clo-Sket/Flare/10_9.tif,Flare,Flare__G10,4
610,/content/drive/MyDrive/FashionAI/datasets/Clo-Sket/Clo-Sket/Flare/1_1.tif,/content/drive/MyDrive/FashionAI/datasets/Clo-Sket/Clo-Sket/Flare/1_1.tif,Flare,Flare__G01,0
611,/content/drive/MyDrive/FashionAI/datasets/Clo-Sket/Clo-Sket/Flare/1_10.tif,/content/drive/MyDrive/FashionAI/datasets/Clo-Sket/Clo-Sket/Flare/1_10.tif,Flare,Flare__G01,0
612,/content/drive/MyDrive/FashionAI/datasets/Clo-Sket/Clo-Sket/Flare/1_2.tif,/content/drive/MyDrive/FashionAI/datasets/Clo-Sket/Clo-Sket/Flare/1_2.tif,Flare,Flare__G01,0
613,/content/drive/MyDrive/FashionAI/datasets/Clo-Sket/Clo-Sket/Flare/1_3.tif,/content/drive/MyDrive/FashionAI/datasets/Clo-Sket/Clo-Sket/Flare/1_3.tif,Flare,Flare__G01,0
614,/content/drive/MyDrive/FashionAI/datasets/Clo-Sket/Clo-Sket/Flare/1_4.tif,/content/drive/MyDrive/FashionAI/datasets/Clo-Sket/Clo-Sket/Flare/1_4.tif,Flare,Flare__G01,0
615,/content/drive/MyDrive/FashionAI/datasets/Clo-Sket/Clo-Sket/Flare/1_5.tif,/content/drive/MyDrive/FashionAI/datasets/Clo-Sket/Clo-Sket/Flare/1_5.tif,Flare,Flare__G01,0
616,/content/drive/MyDrive/FashionAI/datasets/Clo-Sket/Clo-Sket/Flare/1_6.tif,/content/drive/MyDrive/FashionAI/datasets/Clo-Sket/Clo-Sket/Flare/1_6.tif,Flare,Flare__G01,0
617,/content/drive/MyDrive/FashionAI/datasets/Clo-Sket/Clo-Sket/Flare/1_7.tif,/content/drive/MyDrive/FashionAI/datasets/Clo-Sket/Clo-Sket/Flare/1_7.tif,Flare,Flare__G01,0
618,/content/drive/MyDrive/FashionAI/datasets/Clo-Sket/Clo-Sket/Flare/1_8.tif,/content/drive/MyDrive/FashionAI/datasets/Clo-Sket/Clo-Sket/Flare/1_8.tif,Flare,Flare__G01,0
619,/content/drive/MyDrive/FashionAI/datasets/Clo-Sket/Clo-Sket/Flare/1_9.tif,/content/drive/MyDrive/FashionAI/datasets/Clo-Sket/Clo-Sket/Flare/1_9.tif,Flare,Flare__G01,0
620,/content/drive/MyDrive/FashionAI/datasets/Clo-Sket/Clo-Sket/Flare/2_1.tif,/content/drive/MyDrive/FashionAI/datasets/Clo-Sket/Clo-Sket/Flare/2_1.tif,Flare,Flare__G02,0
621,/content/drive/MyDrive/FashionAI/datasets/Clo-Sket/Clo-Sket/Flare/2_10.tif,/content/drive/MyDrive/FashionAI/datasets/Clo-Sket/Clo-Sket/Flare/2_10.tif,Flare,Flare__G02,0
622,/content/drive/MyDrive/FashionAI/datasets/Clo-Sket/Clo-Sket/Flare/2_2.tif,/content/drive/MyDrive/FashionAI/datasets/Clo-Sket/Clo-Sket/Flare/2_2.tif,Flare,Flare__G02,0
623,/content/drive/MyDrive/FashionAI/datasets/Clo-Sket/Clo-Sket/Flare/2_3.tif,/content/drive/MyDrive/FashionAI/datasets/Clo-Sket/Clo-Sket/Flare/2_3.tif,Flare,Flare__G02,0
624,/content/drive/MyDrive/FashionAI/datasets/Clo-Sket/Clo-Sket/Flare/2_4.tif,/content/drive/MyDrive/FashionAI/datasets/Clo-Sket/Clo-Sket/Flare/2_4.tif,Flare,Flare__G02,0
625,/content/drive/MyDrive/FashionAI/datasets/Clo-Sket/Clo-Sket/Flare/2_5.tif,/content/drive/MyDrive/FashionAI/datasets/Clo-Sket/Clo-Sket/Flare/2_5.tif,Flare,Flare__G02,0
626,/content/drive/MyDrive/FashionAI/datasets/Clo-Sket/Clo-Sket/Flare/2_6.tif,/content/drive/MyDrive/FashionAI/datasets/Clo-Sket/Clo-Sket/Flare/2_6.tif,Flare,Flare__G02,0
627,/content/drive/MyDrive/FashionAI/datasets/Clo-Sket/Clo-Sket/Flare/2_7.tif,/content/drive/MyDrive/FashionAI/datasets/Clo-Sket/Clo-Sket/Flare/2_7.tif,Flare,Flare__G02,0
628,/content/drive/MyDrive/FashionAI/datasets/Clo-Sket/Clo-Sket/Flare/2_8.tif,/content/drive/MyDrive/FashionAI/datasets/Clo-Sket/Clo-Sket/Flare/2_8.tif,Flare,Flare__G02,0
629,/content/drive/MyDrive/FashionAI/datasets/Clo-Sket/Clo-Sket/Flare/2_9.tif,/content/drive/MyDrive/FashionAI/datasets/Clo-Sket/Clo-Sket/Flare/2_9.tif,Flare,Flare__G02,0
630,/content/drive/MyDrive/FashionAI/datasets/Clo-Sket/Clo-Sket/Flare/3_1.tif,/content/drive/MyDrive/FashionAI/datasets/Clo-Sket/Clo-Sket/Flare/3_1.tif,Flare,Flare__G03,1
631,/content/drive/MyDrive/FashionAI/datasets/Clo-Sket/Clo-Sket/Flare/3_10.tif,/content/drive/MyDrive/FashionAI/datasets/Clo-Sket/Clo-Sket/Flare/3_10.tif,Flare,Flare__G03,1
632,/content/drive/MyDrive/FashionAI/datasets/Clo-Sket/Clo-Sket/Flare/3_2.tif,/content/drive/MyDrive/FashionAI/datasets/Clo-Sket/Clo-Sket/Flare/3_2.tif,Flare,Flare__G03,1
633,/content/drive/MyDrive/FashionAI/datasets/Clo-Sket/Clo-Sket/Flare/3_3.tif,/content/drive/MyDrive/FashionAI/datasets/Clo-Sket/Clo-Sket/Flare/3_3.tif,Flare,Flare__G03,1
634,/content/drive/MyDrive/FashionAI/datasets/Clo-Sket/Clo-Sket/Flare/3_4.tif,/content/drive/MyDrive/FashionAI/datasets/Clo-Sket/Clo-Sket/Flare/3_4.tif,Flare,Flare__G03,1
635,/content/drive/MyDrive/FashionAI/datasets/Clo-Sket/Clo-Sket/Flare/3_5.tif,/content/drive/MyDrive/FashionAI/datasets/Clo-Sket/Clo-Sket/Flare/3_5.tif,Flare,Flare__G03,1
636,/content/drive/MyDrive/FashionAI/datasets/Clo-Sket/Clo-Sket/Flare/3_6.tif,/content/drive/MyDrive/FashionAI/datasets/Clo-Sket/Clo-Sket/Flare/3_6.tif,Flare,Flare__G03,1
637,/content/drive/MyDrive/FashionAI/datasets/Clo-Sket/Clo-Sket/Flare/3_7.tif,/content/drive/MyDrive/FashionAI/datasets/Clo-Sket/Clo-Sket/Flare/3_7.tif,Flare,Flare__G03,1
638,/content/drive/MyDrive/FashionAI/datasets/Clo-Sket/Clo-Sket/Flare/3_8.tif,/content/drive/MyDrive/FashionAI/datasets/Clo-Sket/Clo-Sket/Flare/3_8.tif,Flare,Flare__G03,1
639,/content/drive/MyDrive/FashionAI/datasets/Clo-Sket/Clo-Sket/Flare/3_9.tif,/content/drive/MyDrive/FashionAI/datasets/Clo-Sket/Clo-Sket/Flare/3_9.tif,Flare,Flare__G03,1
640,/content/drive/MyDrive/FashionAI/datasets/Clo-Sket/Clo-Sket/Flare/4_1.tif,/content/drive/MyDrive/FashionAI/datasets/Clo-Sket/Clo-Sket/Flare/4_1.tif,Flare,Flare__G04,1
641,/content/drive/MyDrive/FashionAI/datasets/Clo-Sket/Clo-Sket/Flare/4_10.tif,/content/drive/MyDrive/FashionAI/datasets/Clo-Sket/Clo-Sket/Flare/4_10.tif,Flare,Flare__G04,1
642,/content/drive/MyDrive/FashionAI/datasets/Clo-Sket/Clo-Sket/Flare/4_2.tif,/content/drive/MyDrive/FashionAI/datasets/Clo-Sket/Clo-Sket/Flare/4_2.tif,Flare,Flare__G04,1
643,/content/drive/MyDrive/FashionAI/datasets/Clo-Sket/Clo-Sket/Flare/4_3.tif,/content/drive/MyDrive/FashionAI/datasets/Clo-Sket/Clo-Sket/Flare/4_3.tif,Flare,Flare__G04,1
644,/content/drive/MyDrive/FashionAI/datasets/Clo-Sket/Clo-Sket/Flare/4_4.tif,/content/drive/MyDrive/FashionAI/datasets/Clo-Sket/Clo-Sket/Flare/4_4.tif,Flare,Flare__G04,1
645,/content/drive/MyDrive/FashionAI/datasets/Clo-Sket/Clo-Sket/Flare/4_5.tif,/content/drive/MyDrive/FashionAI/datasets/Clo-Sket/Clo-Sket/Flare/4_5.tif,Flare,Flare__G04,1
646,/content/drive/MyDrive/FashionAI/datasets/Clo-Sket/Clo-Sket/Flare/4_6.tif,/content/drive/MyDrive/FashionAI/datasets/Clo-Sket/Clo-Sket/Flare/4_6.tif,Flare,Flare__G04,1
647,/content/drive/MyDrive/FashionAI/datasets/Clo-Sket/Clo-Sket/Flare/4_7.tif,/content/drive/MyDrive/FashionAI/datasets/Clo-Sket/Clo-Sket/Flare/4_7.tif,Flare,Flare__G04,1
648,/content/drive/MyDrive/FashionAI/datasets/Clo-Sket/Clo-Sket/Flare/4_8.tif,/content/drive/MyDrive/FashionAI/datasets/Clo-Sket/Clo-Sket/Flare/4_8.tif,Flare,Flare__G04,1
649,/content/drive/MyDrive/FashionAI/datasets/Clo-Sket/Clo-Sket/Flare/4_9.tif,/content/drive/MyDrive/FashionAI/datasets/Clo-Sket/Clo-Sket/Flare/4_9.tif,Flare,Flare__G04,1
650,/content/drive/MyDrive/FashionAI/datasets/Clo-Sket/Clo-Sket/Flare/5_1.tif,/content/drive/MyDrive/FashionAI/datasets/Clo-Sket/Clo-Sket/Flare/5_1.tif,Flare,Flare__G05,2
651,/content/drive/MyDrive/FashionAI/datasets/Clo-Sket/Clo-Sket/Flare/5_10.tif,/content/drive/MyDrive/FashionAI/datasets/Clo-Sket/Clo-Sket/Flare/5_10.tif,Flare,Flare__G05,2
652,/content/drive/MyDrive/FashionAI/datasets/Clo-Sket/Clo-Sket/Flare/5_2.tif,/content/drive/MyDrive/FashionAI/datasets/Clo-Sket/Clo-Sket/Flare/5_2.tif,Flare,Flare__G05,2
653,/content/drive/MyDrive/FashionAI/datasets/Clo-Sket/Clo-Sket/Flare/5_3.tif,/content/drive/MyDrive/FashionAI/datasets/Clo-Sket/Clo-Sket/Flare/5_3.tif,Flare,Flare__G05,2
654,/content/drive/MyDrive/FashionAI/datasets/Clo-Sket/Clo-Sket/Flare/5_4.tif,/content/drive/MyDrive/FashionAI/datasets/Clo-Sket/Clo-Sket/Flare/5_4.tif,Flare,Flare__G05,2
655,/content/drive/MyDrive/FashionAI/datasets/Clo-Sket/Clo-Sket/Flare/5_5.tif,/content/drive/MyDrive/FashionAI/datasets/Clo-Sket/Clo-Sket/Flare/5_5.tif,Flare,Flare__G05,2
656,/content/drive/MyDrive/FashionAI/datasets/Clo-Sket/Clo-Sket/Flare/5_6.tif,/content/drive/MyDrive/FashionAI/datasets/Clo-Sket/Clo-Sket/Flare/5_6.tif,Flare,Flare__G05,2
657,/content/drive/MyDrive/FashionAI/datasets/Clo-Sket/Clo-Sket/Flare/5_7.tif,/content/drive/MyDrive/FashionAI/datasets/Clo-Sket/Clo-Sket/Flare/5_7.tif,Flare,Flare__G05,2
658,/content/drive/MyDrive/FashionAI/datasets/Clo-Sket/Clo-Sket/Flare/5_8.tif,/content/drive/MyDrive/FashionAI/datasets/Clo-Sket/Clo-Sket/Flare/5_8.tif,Flare,Flare__G05,2
659,/content/drive/MyDrive/FashionAI/datasets/Clo-Sket/Clo-Sket/Flare/5_9.tif,/content/drive/MyDrive/FashionAI/datasets/Clo-Sket/Clo-Sket/Flare/5_9.tif,Flare,Flare__G05,2
660,/content/drive/MyDrive/FashionAI/datasets/Clo-Sket/Clo-Sket/Flare/6_1.tif,/content/drive/MyDrive/FashionAI/datasets/Clo-Sket/Clo-Sket/Flare/6_1.tif,Flare,Flare__G06,2
661,/content/drive/MyDrive/FashionAI/datasets/Clo-Sket/Clo-Sket/Flare/6_10.tif,/content/drive/MyDrive/FashionAI/datasets/Clo-Sket/Clo-Sket/Flare/6_10.tif,Flare,Flare__G06,2
662,/content/drive/MyDrive/FashionAI/datasets/Clo-Sket/Clo-Sket/Flare/6_2.tif,/content/drive/MyDrive/FashionAI/datasets/Clo-Sket/Clo-Sket/Flare/6_2.tif,Flare,Flare__G06,2
663,/content/drive/MyDrive/FashionAI/datasets/Clo-Sket/Clo-Sket/Flare/6_3.tif,/content/drive/MyDrive/FashionAI/datasets/Clo-Sket/Clo-Sket/Flare/6_3.tif,Flare,Flare__G06,2
664,/content/drive/MyDrive/FashionAI/datasets/Clo-Sket/Clo-Sket/Flare/6_4.tif,/content/drive/MyDrive/FashionAI/datasets/Clo-Sket/Clo-Sket/Flare/6_4.tif,Flare,Flare__G06,2
665,/content/drive/MyDrive/FashionAI/datasets/Clo-Sket/Clo-Sket/Flare/6_5.tif,/content/drive/MyDrive/FashionAI/datasets/Clo-Sket/Clo-Sket/Flare/6_5.tif,Flare,Flare__G06,2
666,/content/drive/MyDrive/FashionAI/datasets/Clo-Sket/Clo-Sket/Flare/6_6.tif,/content/drive/MyDrive/FashionAI/datasets/Clo-Sket/Clo-Sket/Flare/6_6.tif,Flare,Flare__G06,2
667,/content/drive/MyDrive/FashionAI/datasets/Clo-Sket/Clo-Sket/Flare/6_7.tif,/content/drive/MyDrive/FashionAI/datasets/Clo-Sket/Clo-Sket/Flare/6_7.tif,Flare,Flare__G06,2
668,/content/drive/MyDrive/FashionAI/datasets/Clo-Sket/Clo-Sket/Flare/6_8.tif,/content/drive/MyDrive/FashionAI/datasets/Clo-Sket/Clo-Sket/Flare/6_8.tif,Flare,Flare__G06,2
669,/content/drive/MyDrive/FashionAI/datasets/Clo-Sket/Clo-Sket/Flare/6_9.tif,/content/drive/MyDrive/FashionAI/datasets/Clo-Sket/Clo-Sket/Flare/6_9.tif,Flare,Flare__G06,2
670,/content/drive/MyDrive/FashionAI/datasets/Clo-Sket/Clo-Sket/Flare/7-2.tif,/content/drive/MyDrive/FashionAI/datasets/Clo-Sket/Clo-Sket/Flare/7-2.tif,Flare,Flare__G07,3
671,/content/drive/MyDrive/FashionAI/datasets/Clo-Sket/Clo-Sket/Flare/7_1.tif,/content/drive/MyDrive/FashionAI/datasets/Clo-Sket/Clo-Sket/Flare/7_1.tif,Flare,Flare__G07,3
672,/content/drive/MyDrive/FashionAI/datasets/Clo-Sket/Clo-Sket/Flare/7_10.tif,/content/drive/MyDrive/FashionAI/datasets/Clo-Sket/Clo-Sket/Flare/7_10.tif,Flare,Flare__G07,3
673,/content/drive/MyDrive/FashionAI/datasets/Clo-Sket/Clo-Sket/Flare/7_3.tif,/content/drive/MyDrive/FashionAI/datasets/Clo-Sket/Clo-Sket/Flare/7_3.tif,Flare,Flare__G07,3
674,/content/drive/MyDrive/FashionAI/datasets/Clo-Sket/Clo-Sket/Flare/7_4.tif,/content/drive/MyDrive/FashionAI/datasets/Clo-Sket/Clo-Sket/Flare/7_4.tif,Flare,Flare__G07,3
675,/content/drive/MyDrive/FashionAI/datasets/Clo-Sket/Clo-Sket/Flare/7_5.tif,/content/drive/MyDrive/FashionAI/datasets/Clo-Sket/Clo-Sket/Flare/7_5.tif,Flare,Flare__G07,3
676,/content/drive/MyDrive/FashionAI/datasets/Clo-Sket/Clo-Sket/Flare/7_6.tif,/content/drive/MyDrive/FashionAI/datasets/Clo-Sket/Clo-Sket/Flare/7_6.tif,Flare,Flare__G07,3
677,/content/drive/MyDrive/FashionAI/datasets/Clo-Sket/Clo-Sket/Flare/7_7.tif,/content/drive/MyDrive/FashionAI/datasets/Clo-Sket/Clo-Sket/Flare/7_7.tif,Flare,Flare__G07,3
678,/content/drive/MyDrive/FashionAI/datasets/Clo-Sket/Clo-Sket/Flare/7_8.tif,/content/drive/MyDrive/FashionAI/datasets/Clo-Sket/Clo-Sket/Flare/7_8.tif,Flare,Flare__G07,3
679,/content/drive/MyDrive/FashionAI/datasets/Clo-Sket/Clo-Sket/Flare/7_9.tif,/content/drive/MyDrive/FashionAI/datasets/Clo-Sket/Clo-Sket/Flare/7_9.tif,Flare,Flare__G07,3
680,/content/drive/MyDrive/FashionAI/datasets/Clo-Sket/Clo-Sket/Flare/8_1.tif,/content/drive/MyDrive/FashionAI/datasets/Clo-Sket/Clo-Sket/Flare/8_1.tif,Flare,Flare__G08,3
681,/content/drive/MyDrive/FashionAI/datasets/Clo-Sket/Clo-Sket/Flare/8_10.tif,/content/drive/MyDrive/FashionAI/datasets/Clo-Sket/Clo-Sket/Flare/8_10.tif,Flare,Flare__G08,3
682,/content/drive/MyDrive/FashionAI/datasets/Clo-Sket/Clo-Sket/Flare/8_2.tif,/content/drive/MyDrive/FashionAI/datasets/Clo-Sket/Clo-Sket/Flare/8_2.tif,Flare,Flare__G08,3
683,/content/drive/MyDrive/FashionAI/datasets/Clo-Sket/Clo-Sket/Flare/8_3.tif,/content/drive/MyDrive/FashionAI/datasets/Clo-Sket/Clo-Sket/Flare/8_3.tif,Flare,Flare__G08,3
684,/content/drive/MyDrive/FashionAI/datasets/Clo-Sket/Clo-Sket/Flare/8_4.tif,/content/drive/MyDrive/FashionAI/datasets/Clo-Sket/Clo-Sket/Flare/8_4.tif,Flare,Flare__G08,3
685,/content/drive/MyDrive/FashionAI/datasets/Clo-Sket/Clo-Sket/Flare/8_5.tif,/content/drive/MyDrive/FashionAI/datasets/Clo-Sket/Clo-Sket/Flare/8_5.tif,Flare,Flare__G08,3
686,/content/drive/MyDrive/FashionAI/datasets/Clo-Sket/Clo-Sket/Flare/8_6.tif,/content/drive/MyDrive/FashionAI/datasets/Clo-Sket/Clo-Sket/Flare/8_6.tif,Flare,Flare__G08,3
687,/content/drive/MyDrive/FashionAI/datasets/Clo-Sket/Clo-Sket/Flare/8_7.tif,/content/drive/MyDrive/FashionAI/datasets/Clo-Sket/Clo-Sket/Flare/8_7.tif,Flare,Flare__G08,3
688,/content/drive/MyDrive/FashionAI/datasets/Clo-Sket/Clo-Sket/Flare/8_8.tif,/content/drive/MyDrive/FashionAI/datasets/Clo-Sket/Clo-Sket/Flare/8_8.tif,Flare,Flare__G08,3
689,/content/drive/MyDrive/FashionAI/datasets/Clo-Sket/Clo-Sket/Flare/8_9.tif,/content/drive/MyDrive/FashionAI/datasets/Clo-Sket/Clo-Sket/Flare/8_9.tif,Flare,Flare__G08,3
690,/content/drive/MyDrive/FashionAI/datasets/Clo-Sket/Clo-Sket/Flare/9-7.tif,/content/drive/MyDrive/FashionAI/datasets/Clo-Sket/Clo-Sket/Flare/9-7.tif,Flare,Flare__G09,4
691,/content/drive/MyDrive/FashionAI/datasets/Clo-Sket/Clo-Sket/Flare/9_1.tif,/content/drive/MyDrive/FashionAI/datasets/Clo-Sket/Clo-Sket/Flare/9_1.tif,Flare,Flare__G09,4
692,/content/drive/MyDrive/FashionAI/datasets/Clo-Sket/Clo-Sket/Flare/9_10.tif,/content/drive/MyDrive/FashionAI/datasets/Clo-Sket/Clo-Sket/Flare/9_10.tif,Flare,Flare__G09,4
693,/content/drive/MyDrive/FashionAI/datasets/Clo-Sket/Clo-Sket/Flare/9_2.tif,/content/drive/MyDrive/FashionAI/datasets/Clo-Sket/Clo-Sket/Flare/9_2.tif,Flare,Flare__G09,4
694,/content/drive/MyDrive/FashionAI/datasets/Clo-Sket/Clo-Sket/Flare/9_3.tif,/content/drive/MyDrive/FashionAI/datasets/Clo-Sket/Clo-Sket/Flare/9_3.tif,Flare,Flare__G09,4
695,/content/drive/MyDrive/FashionAI/datasets/Clo-Sket/Clo-Sket/Flare/9_4.tif,/content/drive/MyDrive/FashionAI/datasets/Clo-Sket/Clo-Sket/Flare/9_4.tif,Flare,Flare__G09,4
696,/content/drive/MyDrive/FashionAI/datasets/Clo-Sket/Clo-Sket/Flare/9_5.tif,/content/drive/MyDrive/FashionAI/datasets/Clo-Sket/Clo-Sket/Flare/9_5.tif,Flare,Flare__G09,4
697,/content/drive/MyDrive/FashionAI/datasets/Clo-Sket/Clo-Sket/Flare/9_6.tif,/content/drive/MyDrive/FashionAI/datasets/Clo-Sket/Clo-Sket/Flare/9_6.tif,Flare,Flare__G09,4
698,/content/drive/MyDrive/FashionAI/datasets/Clo-Sket/Clo-Sket/Flare/9_8.tif,/content/drive/MyDrive/FashionAI/datasets/Clo-Sket/Clo-Sket/Flare/9_8.tif,Flare,Flare__G09,4
699,/content/drive/MyDrive/FashionAI/datasets/Clo-Sket/Clo-Sket/Flare/9_9.tif,/content/drive/MyDrive/FashionAI/datasets/Clo-Sket/Clo-Sket/Flare/9_9.tif,Flare,Flare__G09,4
700,/content/drive/MyDrive/FashionAI/datasets/Clo-Sket/Clo-Sket/Harem/1-1.tif,/content/drive/MyDrive/FashionAI/datasets/Clo-Sket/Clo-Sket/Harem/1-1.tif,Harem,Harem__G01,0
701,/content/drive/MyDrive/FashionAI/datasets/Clo-Sket/Clo-Sket/Harem/1-10.tif,/content/drive/MyDrive/FashionAI/datasets/Clo-Sket/Clo-Sket/Harem/1-10.tif,Harem,Harem__G01,0
702,/content/drive/MyDrive/FashionAI/datasets/Clo-Sket/Clo-Sket/Harem/1-2.tif,/content/drive/MyDrive/FashionAI/datasets/Clo-Sket/Clo-Sket/Harem/1-2.tif,Harem,Harem__G01,0
703,/content/drive/MyDrive/FashionAI/datasets/Clo-Sket/Clo-Sket/Harem/1-3.tif,/content/drive/MyDrive/FashionAI/datasets/Clo-Sket/Clo-Sket/Harem/1-3.tif,Harem,Harem__G01,0
704,/content/drive/MyDrive/FashionAI/datasets/Clo-Sket/Clo-Sket/Harem/1-4.tif,/content/drive/MyDrive/FashionAI/datasets/Clo-Sket/Clo-Sket/Harem/1-4.tif,Harem,Harem__G01,0
705,/content/drive/MyDrive/FashionAI/datasets/Clo-Sket/Clo-Sket/Harem/1-5.tif,/content/drive/MyDrive/FashionAI/datasets/Clo-Sket/Clo-Sket/Harem/1-5.tif,Harem,Harem__G01,0
706,/content/drive/MyDrive/FashionAI/datasets/Clo-Sket/Clo-Sket/Harem/1-6.tif,/content/drive/MyDrive/FashionAI/datasets/Clo-Sket/Clo-Sket/Harem/1-6.tif,Harem,Harem__G01,0
707,/content/drive/MyDrive/FashionAI/datasets/Clo-Sket/Clo-Sket/Harem/1-7.tif,/content/drive/MyDrive/FashionAI/datasets/Clo-Sket/Clo-Sket/Harem/1-7.tif,Harem,Harem__G01,0
708,/content/drive/MyDrive/FashionAI/datasets/Clo-Sket/Clo-Sket/Harem/1-8.tif,/content/drive/MyDrive/FashionAI/datasets/Clo-Sket/Clo-Sket/Harem/1-8.tif,Harem,Harem__G01,0
709,/content/drive/MyDrive/FashionAI/datasets/Clo-Sket/Clo-Sket/Harem/1-9.tif,/content/drive/MyDrive/FashionAI/datasets/Clo-Sket/Clo-Sket/Harem/1-9.tif,Harem,Harem__G01,0
710,/content/drive/MyDrive/FashionAI/datasets/Clo-Sket/Clo-Sket/Harem/10-1.tif,/content/drive/MyDrive/FashionAI/datasets/Clo-Sket/Clo-Sket/Harem/10-1.tif,Harem,Harem__G10,4
711,/content/drive/MyDrive/FashionAI/datasets/Clo-Sket/Clo-Sket/Harem/10-10.tif,/content/drive/MyDrive/FashionAI/datasets/Clo-Sket/Clo-Sket/Harem/10-10.tif,Harem,Harem__G10,4
712,/content/drive/MyDrive/FashionAI/datasets/Clo-Sket/Clo-Sket/Harem/10-2.tif,/content/drive/MyDrive/FashionAI/datasets/Clo-Sket/Clo-Sket/Harem/10-2.tif,Harem,Harem__G10,4
713,/content/drive/MyDrive/FashionAI/datasets/Clo-Sket/Clo-Sket/Harem/10-3.tif,/content/drive/MyDrive/FashionAI/datasets/Clo-Sket/Clo-Sket/Harem/10-3.tif,Harem,Harem__G10,4
714,/content/drive/MyDrive/FashionAI/datasets/Clo-Sket/Clo-Sket/Harem/10-4.tif,/content/drive/MyDrive/FashionAI/datasets/Clo-Sket/Clo-Sket/Harem/10-4.tif,Harem,Harem__G10,4
715,/content/drive/MyDrive/FashionAI/datasets/Clo-Sket/Clo-Sket/Harem/10-5.tif,/content/drive/MyDrive/FashionAI/datasets/Clo-Sket/Clo-Sket/Harem/10-5.tif,Harem,Harem__G10,4
716,/content/drive/MyDrive/FashionAI/datasets/Clo-Sket/Clo-Sket/Harem/10-6.tif,/content/drive/MyDrive/FashionAI/datasets/Clo-Sket/Clo-Sket/Harem/10-6.tif,Harem,Harem__G10,4
717,/content/drive/MyDrive/FashionAI/datasets/Clo-Sket/Clo-Sket/Harem/10-7.tif,/content/drive/MyDrive/FashionAI/datasets/Clo-Sket/Clo-Sket/Harem/10-7.tif,Harem,Harem__G10,4
718,/content/drive/MyDrive/FashionAI/datasets/Clo-Sket/Clo-Sket/Harem/10-8.tif,/content/drive/MyDrive/FashionAI/datasets/Clo-Sket/Clo-Sket/Harem/10-8.tif,Harem,Harem__G10,4
719,/content/drive/MyDrive/FashionAI/datasets/Clo-Sket/Clo-Sket/Harem/10-9.tif,/content/drive/MyDrive/FashionAI/datasets/Clo-Sket/Clo-Sket/Harem/10-9.tif,Harem,Harem__G10,4
720,/content/drive/MyDrive/FashionAI/datasets/Clo-Sket/Clo-Sket/Harem/2-1.tif,/content/drive/MyDrive/FashionAI/datasets/Clo-Sket/Clo-Sket/Harem/2-1.tif,Harem,Harem__G02,0
721,/content/drive/MyDrive/FashionAI/datasets/Clo-Sket/Clo-Sket/Harem/2-10.tif,/content/drive/MyDrive/FashionAI/datasets/Clo-Sket/Clo-Sket/Harem/2-10.tif,Harem,Harem__G02,0
722,/content/drive/MyDrive/FashionAI/datasets/Clo-Sket/Clo-Sket/Harem/2-2.tif,/content/drive/MyDrive/FashionAI/datasets/Clo-Sket/Clo-Sket/Harem/2-2.tif,Harem,Harem__G02,0
723,/content/drive/MyDrive/FashionAI/datasets/Clo-Sket/Clo-Sket/Harem/2-3.tif,/content/drive/MyDrive/FashionAI/datasets/Clo-Sket/Clo-Sket/Harem/2-3.tif,Harem,Harem__G02,0
724,/content/drive/MyDrive/FashionAI/datasets/Clo-Sket/Clo-Sket/Harem/2-4.tif,/content/drive/MyDrive/FashionAI/datasets/Clo-Sket/Clo-Sket/Harem/2-4.tif,Harem,Harem__G02,0
725,/content/drive/MyDrive/FashionAI/datasets/Clo-Sket/Clo-Sket/Harem/2-5.tif,/content/drive/MyDrive/FashionAI/datasets/Clo-Sket/Clo-Sket/Harem/2-5.tif,Harem,Harem__G02,0
726,/content/drive/MyDrive/FashionAI/datasets/Clo-Sket/Clo-Sket/Harem/2-7.tif,/content/drive/MyDrive/FashionAI/datasets/Clo-Sket/Clo-Sket/Harem/2-7.tif,Harem,Harem__G02,0
727,/content/drive/MyDrive/FashionAI/datasets/Clo-Sket/Clo-Sket/Harem/2-8.tif,/content/drive/MyDrive/FashionAI/datasets/Clo-Sket/Clo-Sket/Harem/2-8.tif,Harem,Harem__G02,0
728,/content/drive/MyDrive/FashionAI/datasets/Clo-Sket/Clo-Sket/Harem/2-9.tif,/content/drive/MyDrive/FashionAI/datasets/Clo-Sket/Clo-Sket/Harem/2-9.tif,Harem,Harem__G02,0
729,/content/drive/MyDrive/FashionAI/datasets/Clo-Sket/Clo-Sket/Harem/3-1.tif,/content/drive/MyDrive/FashionAI/datasets/Clo-Sket/Clo-Sket/Harem/3-1.tif,Harem,Harem__G03,1
730,/content/drive/MyDrive/FashionAI/datasets/Clo-Sket/Clo-Sket/Harem/3-10.tif,/content/drive/MyDrive/FashionAI/datasets/Clo-Sket/Clo-Sket/Harem/3-10.tif,Harem,Harem__G03,1
731,/content/drive/MyDrive/FashionAI/datasets/Clo-Sket/Clo-Sket/Harem/3-2.tif,/content/drive/MyDrive/FashionAI/datasets/Clo-Sket/Clo-Sket/Harem/3-2.tif,Harem,Harem__G03,1
732,/content/drive/MyDrive/FashionAI/datasets/Clo-Sket/Clo-Sket/Harem/3-3.tif,/content/drive/MyDrive/FashionAI/datasets/Clo-Sket/Clo-Sket/Harem/3-3.tif,Harem,Harem__G03,1
733,/content/drive/MyDrive/FashionAI/datasets/Clo-Sket/Clo-Sket/Harem/3-4.tif,/content/drive/MyDrive/FashionAI/datasets/Clo-Sket/Clo-Sket/Harem/3-4.tif,Harem,Harem__G03,1
734,/content/drive/MyDrive/FashionAI/datasets/Clo-Sket/Clo-Sket/Harem/3-5.tif,/content/drive/MyDrive/FashionAI/datasets/Clo-Sket/Clo-Sket/Harem/3-5.tif,Harem,Harem__G03,1
735,/content/drive/MyDrive/FashionAI/datasets/Clo-Sket/Clo-Sket/Harem/3-6.tif,/content/drive/MyDrive/FashionAI/datasets/Clo-Sket/Clo-Sket/Harem/3-6.tif,Harem,Harem__G03,1
736,/content/drive/MyDrive/FashionAI/datasets/Clo-Sket/Clo-Sket/Harem/3-7.tif,/content/drive/MyDrive/FashionAI/datasets/Clo-Sket/Clo-Sket/Harem/3-7.tif,Harem,Harem__G03,1
737,/content/drive/MyDrive/FashionAI/datasets/Clo-Sket/Clo-Sket/Harem/3-8.tif,/content/drive/MyDrive/FashionAI/datasets/Clo-Sket/Clo-Sket/Harem/3-8.tif,Harem,Harem__G03,1
738,/content/drive/MyDrive/FashionAI/datasets/Clo-Sket/Clo-Sket/Harem/3-9.tif,/content/drive/MyDrive/FashionAI/datasets/Clo-Sket/Clo-Sket/Harem/3-9.tif,Harem,Harem__G03,1
739,/content/drive/MyDrive/FashionAI/datasets/Clo-Sket/Clo-Sket/Harem/4-1.tif,/content/drive/MyDrive/FashionAI/datasets/Clo-Sket/Clo-Sket/Harem/4-1.tif,Harem,Harem__G04,1
740,/content/drive/MyDrive/FashionAI/datasets/Clo-Sket/Clo-Sket/Harem/4-10.tif,/content/drive/MyDrive/FashionAI/datasets/Clo-Sket/Clo-Sket/Harem/4-10.tif,Harem,Harem__G04,1
741,/content/drive/MyDrive/FashionAI/datasets/Clo-Sket/Clo-Sket/Harem/4-2.tif,/content/drive/MyDrive/FashionAI/datasets/Clo-Sket/Clo-Sket/Harem/4-2.tif,Harem,Harem__G04,1
742,/content/drive/MyDrive/FashionAI/datasets/Clo-Sket/Clo-Sket/Harem/4-3.tif,/content/drive/MyDrive/FashionAI/datasets/Clo-Sket/Clo-Sket/Harem/4-3.tif,Harem,Harem__G04,1
743,/content/drive/MyDrive/FashionAI/datasets/Clo-Sket/Clo-Sket/Harem/4-4.tif,/content/drive/MyDrive/FashionAI/datasets/Clo-Sket/Clo-Sket/Harem/4-4.tif,Harem,Harem__G04,1
744,/content/drive/MyDrive/FashionAI/datasets/Clo-Sket/Clo-Sket/Harem/4-5.tif,/content/drive/MyDrive/FashionAI/datasets/Clo-Sket/Clo-Sket/Harem/4-5.tif,Harem,Harem__G04,1
745,/content/drive/MyDrive/FashionAI/datasets/Clo-Sket/Clo-Sket/Harem/4-6.tif,/content/drive/MyDrive/FashionAI/datasets/Clo-Sket/Clo-Sket/Harem/4-6.tif,Harem,Harem__G04,1
746,/content/drive/MyDrive/FashionAI/datasets/Clo-Sket/Clo-Sket/Harem/4-7.tif,/content/drive/MyDrive/FashionAI/datasets/Clo-Sket/Clo-Sket/Harem/4-7.tif,Harem,Harem__G04,1
747,/content/drive/MyDrive/FashionAI/datasets/Clo-Sket/Clo-Sket/Harem/4-8.tif,/content/drive/MyDrive/FashionAI/datasets/Clo-Sket/Clo-Sket/Harem/4-8.tif,Harem,Harem__G04,1
748,/content/drive/MyDrive/FashionAI/datasets/Clo-Sket/Clo-Sket/Harem/4-9.tif,/content/drive/MyDrive/FashionAI/datasets/Clo-Sket/Clo-Sket/Harem/4-9.tif,Harem,Harem__G04,1
749,/content/drive/MyDrive/FashionAI/datasets/Clo-Sket/Clo-Sket/Harem/5-1.tif,/content/drive/MyDrive/FashionAI/datasets/Clo-Sket/Clo-Sket/Harem/5-1.tif,Harem,Harem__G05,2
750,/content/drive/MyDrive/FashionAI/datasets/Clo-Sket/Clo-Sket/Harem/5-10.tif,/content/drive/MyDrive/FashionAI/datasets/Clo-Sket/Clo-Sket/Harem/5-10.tif,Harem,Harem__G05,2
751,/content/drive/MyDrive/FashionAI/datasets/Clo-Sket/Clo-Sket/Harem/5-2.tif,/content/drive/MyDrive/FashionAI/datasets/Clo-Sket/Clo-Sket/Harem/5-2.tif,Harem,Harem__G05,2
752,/content/drive/MyDrive/FashionAI/datasets/Clo-Sket/Clo-Sket/Harem/5-3.tif,/content/drive/MyDrive/FashionAI/datasets/Clo-Sket/Clo-Sket/Harem/5-3.tif,Harem,Harem__G05,2
753,/content/drive/MyDrive/FashionAI/datasets/Clo-Sket/Clo-Sket/Harem/5-5.tif,/content/drive/MyDrive/FashionAI/datasets/Clo-Sket/Clo-Sket/Harem/5-5.tif,Harem,Harem__G05,2
754,/content/drive/MyDrive/FashionAI/datasets/Clo-Sket/Clo-Sket/Harem/5-6.tif,/content/drive/MyDrive/FashionAI/datasets/Clo-Sket/Clo-Sket/Harem/5-6.tif,Harem,Harem__G05,2
755,/content/drive/MyDrive/FashionAI/datasets/Clo-Sket/Clo-Sket/Harem/5-7.tif,/content/drive/MyDrive/FashionAI/datasets/Clo-Sket/Clo-Sket/Harem/5-7.tif,Harem,Harem__G05,2
756,/content/drive/MyDrive/FashionAI/datasets/Clo-Sket/Clo-Sket/Harem/5-8.tif,/content/drive/MyDrive/FashionAI/datasets/Clo-Sket/Clo-Sket/Harem/5-8.tif,Harem,Harem__G05,2
757,/content/drive/MyDrive/FashionAI/datasets/Clo-Sket/Clo-Sket/Harem/5-9.tif,/content/drive/MyDrive/FashionAI/datasets/Clo-Sket/Clo-Sket/Harem/5-9.tif,Harem,Harem__G05,2
758,/content/drive/MyDrive/FashionAI/datasets/Clo-Sket/Clo-Sket/Harem/5_6.tif,/content/drive/MyDrive/FashionAI/datasets/Clo-Sket/Clo-Sket/Harem/5_6.tif,Harem,Harem__G05,2
759,/content/drive/MyDrive/FashionAI/datasets/Clo-Sket/Clo-Sket/Harem/6-1.tif,/content/drive/MyDrive/FashionAI/datasets/Clo-Sket/Clo-Sket/Harem/6-1.tif,Harem,Harem__G06,2
760,/content/drive/MyDrive/FashionAI/datasets/Clo-Sket/Clo-Sket/Harem/6-10.tif,/content/drive/MyDrive/FashionAI/datasets/Clo-Sket/Clo-Sket/Harem/6-10.tif,Harem,Harem__G06,2
761,/content/drive/MyDrive/FashionAI/datasets/Clo-Sket/Clo-Sket/Harem/6-2.tif,/content/drive/MyDrive/FashionAI/datasets/Clo-Sket/Clo-Sket/Harem/6-2.tif,Harem,Harem__G06,2
762,/content/drive/MyDrive/FashionAI/datasets/Clo-Sket/Clo-Sket/Harem/6-3.tif,/content/drive/MyDrive/FashionAI/datasets/Clo-Sket/Clo-Sket/Harem/6-3.tif,Harem,Harem__G06,2
763,/content/drive/MyDrive/FashionAI/datasets/Clo-Sket/Clo-Sket/Harem/6-4.tif,/content/drive/MyDrive/FashionAI/datasets/Clo-Sket/Clo-Sket/Harem/6-4.tif,Harem,Harem__G06,2
764,/content/drive/MyDrive/FashionAI/datasets/Clo-Sket/Clo-Sket/Harem/6-5.tif,/content/drive/MyDrive/FashionAI/datasets/Clo-Sket/Clo-Sket/Harem/6-5.tif,Harem,Harem__G06,2
765,/content/drive/MyDrive/FashionAI/datasets/Clo-Sket/Clo-Sket/Harem/6-6.tif,/content/drive/MyDrive/FashionAI/datasets/Clo-Sket/Clo-Sket/Harem/6-6.tif,Harem,Harem__G06,2
766,/content/drive/MyDrive/FashionAI/datasets/Clo-Sket/Clo-Sket/Harem/6-7.tif,/content/drive/MyDrive/FashionAI/datasets/Clo-Sket/Clo-Sket/Harem/6-7.tif,Harem,Harem__G06,2
767,/content/drive/MyDrive/FashionAI/datasets/Clo-Sket/Clo-Sket/Harem/6-8.tif,/content/drive/MyDrive/FashionAI/datasets/Clo-Sket/Clo-Sket/Harem/6-8.tif,Harem,Harem__G06,2
768,/content/drive/MyDrive/FashionAI/datasets/Clo-Sket/Clo-Sket/Harem/6-9.tif,/content/drive/MyDrive/FashionAI/datasets/Clo-Sket/Clo-Sket/Harem/6-9.tif,Harem,Harem__G06,2
769,/content/drive/MyDrive/FashionAI/datasets/Clo-Sket/Clo-Sket/Harem/6_6.tif,/content/drive/MyDrive/FashionAI/datasets/Clo-Sket/Clo-Sket/Harem/6_6.tif,Harem,Harem__G06,2
770,/content/drive/MyDrive/FashionAI/datasets/Clo-Sket/Clo-Sket/Harem/7-1.tif,/content/drive/MyDrive/FashionAI/datasets/Clo-Sket/Clo-Sket/Harem/7-1.tif,Harem,Harem__G07,3
771,/content/drive/MyDrive/FashionAI/datasets/Clo-Sket/Clo-Sket/Harem/7-10.tif,/content/drive/MyDrive/FashionAI/datasets/Clo-Sket/Clo-Sket/Harem/7-10.tif,Harem,Harem__G07,3
772,/content/drive/MyDrive/FashionAI/datasets/Clo-Sket/Clo-Sket/Harem/7-2.tif,/content/drive/MyDrive/FashionAI/datasets/Clo-Sket/Clo-Sket/Harem/7-2.tif,Harem,Harem__G07,3
773,/content/drive/MyDrive/FashionAI/datasets/Clo-Sket/Clo-Sket/Harem/7-3.tif,/content/drive/MyDrive/FashionAI/datasets/Clo-Sket/Clo-Sket/Harem/7-3.tif,Harem,Harem__G07,3
774,/content/drive/MyDrive/FashionAI/datasets/Clo-Sket/Clo-Sket/Harem/7-4.tif,/content/drive/MyDrive/FashionAI/datasets/Clo-Sket/Clo-Sket/Harem/7-4.tif,Harem,Harem__G07,3
775,/content/drive/MyDrive/FashionAI/datasets/Clo-Sket/Clo-Sket/Harem/7-5.tif,/content/drive/MyDrive/FashionAI/datasets/Clo-Sket/Clo-Sket/Harem/7-5.tif,Harem,Harem__G07,3
776,/content/drive/MyDrive/FashionAI/datasets/Clo-Sket/Clo-Sket/Harem/7-6.tif,/content/drive/MyDrive/FashionAI/datasets/Clo-Sket/Clo-Sket/Harem/7-6.tif,Harem,Harem__G07,3
777,/content/drive/MyDrive/FashionAI/datasets/Clo-Sket/Clo-Sket/Harem/7-7.tif,/content/drive/MyDrive/FashionAI/datasets/Clo-Sket/Clo-Sket/Harem/7-7.tif,Harem,Harem__G07,3
778,/content/drive/MyDrive/FashionAI/datasets/Clo-Sket/Clo-Sket/Harem/7-8.tif,/content/drive/MyDrive/FashionAI/datasets/Clo-Sket/Clo-Sket/Harem/7-8.tif,Harem,Harem__G07,3
779,/content/drive/MyDrive/FashionAI/datasets/Clo-Sket/Clo-Sket/Harem/7-9.tif,/content/drive/MyDrive/FashionAI/datasets/Clo-Sket/Clo-Sket/Harem/7-9.tif,Harem,Harem__G07,3
780,/content/drive/MyDrive/FashionAI/datasets/Clo-Sket/Clo-Sket/Harem/8-1.tif,/content/drive/MyDrive/FashionAI/datasets/Clo-Sket/Clo-Sket/Harem/8-1.tif,Harem,Harem__G08,3
781,/content/drive/MyDrive/FashionAI/datasets/Clo-Sket/Clo-Sket/Harem/8-10.tif,/content/drive/MyDrive/FashionAI/datasets/Clo-Sket/Clo-Sket/Harem/8-10.tif,Harem,Harem__G08,3
782,/content/drive/MyDrive/FashionAI/datasets/Clo-Sket/Clo-Sket/Harem/8-2.tif,/content/drive/MyDrive/FashionAI/datasets/Clo-Sket/Clo-Sket/Harem/8-2.tif,Harem,Harem__G08,3
783,/content/drive/MyDrive/FashionAI/datasets/Clo-Sket/Clo-Sket/Harem/8-3.tif,/content/drive/MyDrive/FashionAI/datasets/Clo-Sket/Clo-Sket/Harem/8-3.tif,Harem,Harem__G08,3
784,/content/drive/MyDrive/FashionAI/datasets/Clo-Sket/Clo-Sket/Harem/8-4.tif,/content/drive/MyDrive/FashionAI/datasets/Clo-Sket/Clo-Sket/Harem/8-4.tif,Harem,Harem__G08,3
785,/content/drive/MyDrive/FashionAI/datasets/Clo-Sket/Clo-Sket/Harem/8-5.tif,/content/drive/MyDrive/FashionAI/datasets/Clo-Sket/Clo-Sket/Harem/8-5.tif,Harem,Harem__G08,3
786,/content/drive/MyDrive/FashionAI/datasets/Clo-Sket/Clo-Sket/Harem/8-7.tif,/content/drive/MyDrive/FashionAI/datasets/Clo-Sket/Clo-Sket/Harem/8-7.tif,Harem,Harem__G08,3
787,/content/drive/MyDrive/FashionAI/datasets/Clo-Sket/Clo-Sket/Harem/8-8.tif,/content/drive/MyDrive/FashionAI/datasets/Clo-Sket/Clo-Sket/Harem/8-8.tif,Harem,Harem__G08,3
788,/content/drive/MyDrive/FashionAI/datasets/Clo-Sket/Clo-Sket/Harem/8-9.tif,/content/drive/MyDrive/FashionAI/datasets/Clo-Sket/Clo-Sket/Harem/8-9.tif,Harem,Harem__G08,3
789,/content/drive/MyDrive/FashionAI/datasets/Clo-Sket/Clo-Sket/Harem/8_6.tif,/content/drive/MyDrive/FashionAI/datasets/Clo-Sket/Clo-Sket/Harem/8_6.tif,Harem,Harem__G08,3
790,/content/drive/MyDrive/FashionAI/datasets/Clo-Sket/Clo-Sket/Harem/9-1.tif,/content/drive/MyDrive/FashionAI/datasets/Clo-Sket/Clo-Sket/Harem/9-1.tif,Harem,Harem__G09,4
791,/content/drive/MyDrive/FashionAI/datasets/Clo-Sket/Clo-Sket/Harem/9-10.tif,/content/drive/MyDrive/FashionAI/datasets/Clo-Sket/Clo-Sket/Harem/9-10.tif,Harem,Harem__G09,4
792,/content/drive/MyDrive/FashionAI/datasets/Clo-Sket/Clo-Sket/Harem/9-2.tif,/content/drive/MyDrive/FashionAI/datasets/Clo-Sket/Clo-Sket/Harem/9-2.tif,Harem,Harem__G09,4
793,/content/drive/MyDrive/FashionAI/datasets/Clo-Sket/Clo-Sket/Harem/9-3.tif,/content/drive/MyDrive/FashionAI/datasets/Clo-Sket/Clo-Sket/Harem/9-3.tif,Harem,Harem__G09,4
794,/content/drive/MyDrive/FashionAI/datasets/Clo-Sket/Clo-Sket/Harem/9-4.tif,/content/drive/MyDrive/FashionAI/datasets/Clo-Sket/Clo-Sket/Harem/9-4.tif,Harem,Harem__G09,4
795,/content/drive/MyDrive/FashionAI/datasets/Clo-Sket/Clo-Sket/Harem/9-5.tif,/content/drive/MyDrive/FashionAI/datasets/Clo-Sket/Clo-Sket/Harem/9-5.tif,Harem,Harem__G09,4
796,/content/drive/MyDrive/FashionAI/datasets/Clo-Sket/Clo-Sket/Harem/9-6.tif,/content/drive/MyDrive/FashionAI/datasets/Clo-Sket/Clo-Sket/Harem/9-6.tif,Harem,Harem__G09,4
797,/content/drive/MyDrive/FashionAI/datasets/Clo-Sket/Clo-Sket/Harem/9-7.tif,/content/drive/MyDrive/FashionAI/datasets/Clo-Sket/Clo-Sket/Harem/9-7.tif,Harem,Harem__G09,4
798,/content/drive/MyDrive/FashionAI/datasets/Clo-Sket/Clo-Sket/Harem/9-8.tif,/content/drive/MyDrive/FashionAI/datasets/Clo-Sket/Clo-Sket/Harem/9-8.tif,Harem,Harem__G09,4
799,/content/drive/MyDrive/FashionAI/datasets/Clo-Sket/Clo-Sket/Harem/9-9.tif,/content/drive/MyDrive/FashionAI/datasets/Clo-Sket/Clo-Sket/Harem/9-9.tif,Harem,Harem__G09,4
800,/content/drive/MyDrive/FashionAI/datasets/Clo-Sket/Clo-Sket/Hoodie/1-1.tif,/content/drive/MyDrive/FashionAI/datasets/Clo-Sket/Clo-Sket/Hoodie/1-1.tif,Hoodie,Hoodie__G01,0
801,/content/drive/MyDrive/FashionAI/datasets/Clo-Sket/Clo-Sket/Hoodie/1-10.tif,/content/drive/MyDrive/FashionAI/datasets/Clo-Sket/Clo-Sket/Hoodie/1-10.tif,Hoodie,Hoodie__G01,0
802,/content/drive/MyDrive/FashionAI/datasets/Clo-Sket/Clo-Sket/Hoodie/1-2.tif,/content/drive/MyDrive/FashionAI/datasets/Clo-Sket/Clo-Sket/Hoodie/1-2.tif,Hoodie,Hoodie__G01,0
803,/content/drive/MyDrive/FashionAI/datasets/Clo-Sket/Clo-Sket/Hoodie/1-3.tif,/content/drive/MyDrive/FashionAI/datasets/Clo-Sket/Clo-Sket/Hoodie/1-3.tif,Hoodie,Hoodie__G01,0
804,/content/drive/MyDrive/FashionAI/datasets/Clo-Sket/Clo-Sket/Hoodie/1-4.tif,/content/drive/MyDrive/FashionAI/datasets/Clo-Sket/Clo-Sket/Hoodie/1-4.tif,Hoodie,Hoodie__G01,0
805,/content/drive/MyDrive/FashionAI/datasets/Clo-Sket/Clo-Sket/Hoodie/1-5.tif,/content/drive/MyDrive/FashionAI/datasets/Clo-Sket/Clo-Sket/Hoodie/1-5.tif,Hoodie,Hoodie__G01,0
806,/content/drive/MyDrive/FashionAI/datasets/Clo-Sket/Clo-Sket/Hoodie/1-6.tif,/content/drive/MyDrive/FashionAI/datasets/Clo-Sket/Clo-Sket/Hoodie/1-6.tif,Hoodie,Hoodie__G01,0
807,/content/drive/MyDrive/FashionAI/datasets/Clo-Sket/Clo-Sket/Hoodie/1-7.tif,/content/drive/MyDrive/FashionAI/datasets/Clo-Sket/Clo-Sket/Hoodie/1-7.tif,Hoodie,Hoodie__G01,0
808,/content/drive/MyDrive/FashionAI/datasets/Clo-Sket/Clo-Sket/Hoodie/1-8.tif,/content/drive/MyDrive/FashionAI/datasets/Clo-Sket/Clo-Sket/Hoodie/1-8.tif,Hoodie,Hoodie__G01,0
809,/content/drive/MyDrive/FashionAI/datasets/Clo-Sket/Clo-Sket/Hoodie/1-9.tif,/content/drive/MyDrive/FashionAI/datasets/Clo-Sket/Clo-Sket/Hoodie/1-9.tif,Hoodie,Hoodie__G01,0
810,/content/drive/MyDrive/FashionAI/datasets/Clo-Sket/Clo-Sket/Hoodie/10-1.tif,/content/drive/MyDrive/FashionAI/datasets/Clo-Sket/Clo-Sket/Hoodie/10-1.tif,Hoodie,Hoodie__G10,4
811,/content/drive/MyDrive/FashionAI/datasets/Clo-Sket/Clo-Sket/Hoodie/10-10.tif,/content/drive/MyDrive/FashionAI/datasets/Clo-Sket/Clo-Sket/Hoodie/10-10.tif,Hoodie,Hoodie__G10,4
812,/content/drive/MyDrive/FashionAI/datasets/Clo-Sket/Clo-Sket/Hoodie/10-2.tif,/content/drive/MyDrive/FashionAI/datasets/Clo-Sket/Clo-Sket/Hoodie/10-2.tif,Hoodie,Hoodie__G10,4
813,/content/drive/MyDrive/FashionAI/datasets/Clo-Sket/Clo-Sket/Hoodie/10-3.tif,/content/drive/MyDrive/FashionAI/datasets/Clo-Sket/Clo-Sket/Hoodie/10-3.tif,Hoodie,Hoodie__G10,4
814,/content/drive/MyDrive/FashionAI/datasets/Clo-Sket/Clo-Sket/Hoodie/10-4.tif,/content/drive/MyDrive/FashionAI/datasets/Clo-Sket/Clo-Sket/Hoodie/10-4.tif,Hoodie,Hoodie__G10,4
815,/content/drive/MyDrive/FashionAI/datasets/Clo-Sket/Clo-Sket/Hoodie/10-5.tif,/content/drive/MyDrive/FashionAI/datasets/Clo-Sket/Clo-Sket/Hoodie/10-5.tif,Hoodie,Hoodie__G10,4
816,/content/drive/MyDrive/FashionAI/datasets/Clo-Sket/Clo-Sket/Hoodie/10-7.tif,/content/drive/MyDrive/FashionAI/datasets/Clo-Sket/Clo-Sket/Hoodie/10-7.tif,Hoodie,Hoodie__G10,4
817,/content/drive/MyDrive/FashionAI/datasets/Clo-Sket/Clo-Sket/Hoodie/10-8.tif,/content/drive/MyDrive/FashionAI/datasets/Clo-Sket/Clo-Sket/Hoodie/10-8.tif,Hoodie,Hoodie__G10,4
818,/content/drive/MyDrive/FashionAI/datasets/Clo-Sket/Clo-Sket/Hoodie/10-9.tif,/content/drive/MyDrive/FashionAI/datasets/Clo-Sket/Clo-Sket/Hoodie/10-9.tif,Hoodie,Hoodie__G10,4
819,/content/drive/MyDrive/FashionAI/datasets/Clo-Sket/Clo-Sket/Hoodie/10_6.tif,/content/drive/MyDrive/FashionAI/datasets/Clo-Sket/Clo-Sket/Hoodie/10_6.tif,Hoodie,Hoodie__G10,4
820,/content/drive/MyDrive/FashionAI/datasets/Clo-Sket/Clo-Sket/Hoodie/2-1.tif,/content/drive/MyDrive/FashionAI/datasets/Clo-Sket/Clo-Sket/Hoodie/2-1.tif,Hoodie,Hoodie__G02,0
821,/content/drive/MyDrive/FashionAI/datasets/Clo-Sket/Clo-Sket/Hoodie/2-10.tif,/content/drive/MyDrive/FashionAI/datasets/Clo-Sket/Clo-Sket/Hoodie/2-10.tif,Hoodie,Hoodie__G02,0
822,/content/drive/MyDrive/FashionAI/datasets/Clo-Sket/Clo-Sket/Hoodie/2-2.tif,/content/drive/MyDrive/FashionAI/datasets/Clo-Sket/Clo-Sket/Hoodie/2-2.tif,Hoodie,Hoodie__G02,0
823,/content/drive/MyDrive/FashionAI/datasets/Clo-Sket/Clo-Sket/Hoodie/2-3.tif,/content/drive/MyDrive/FashionAI/datasets/Clo-Sket/Clo-Sket/Hoodie/2-3.tif,Hoodie,Hoodie__G02,0
824,/content/drive/MyDrive/FashionAI/datasets/Clo-Sket/Clo-Sket/Hoodie/2-4.tif,/content/drive/MyDrive/FashionAI/datasets/Clo-Sket/Clo-Sket/Hoodie/2-4.tif,Hoodie,Hoodie__G02,0
825,/content/drive/MyDrive/FashionAI/datasets/Clo-Sket/Clo-Sket/Hoodie/2-5.tif,/content/drive/MyDrive/FashionAI/datasets/Clo-Sket/Clo-Sket/Hoodie/2-5.tif,Hoodie,Hoodie__G02,0
826,/content/drive/MyDrive/FashionAI/datasets/Clo-Sket/Clo-Sket/Hoodie/2-7.tif,/content/drive/MyDrive/FashionAI/datasets/Clo-Sket/Clo-Sket/Hoodie/2-7.tif,Hoodie,Hoodie__G02,0
827,/content/drive/MyDrive/FashionAI/datasets/Clo-Sket/Clo-Sket/Hoodie/2-8.tif,/content/drive/MyDrive/FashionAI/datasets/Clo-Sket/Clo-Sket/Hoodie/2-8.tif,Hoodie,Hoodie__G02,0
828,/content/drive/MyDrive/FashionAI/datasets/Clo-Sket/Clo-Sket/Hoodie/2-9.tif,/content/drive/MyDrive/FashionAI/datasets/Clo-Sket/Clo-Sket/Hoodie/2-9.tif,Hoodie,Hoodie__G02,0
829,/content/drive/MyDrive/FashionAI/datasets/Clo-Sket/Clo-Sket/Hoodie/2_6.tif,/content/drive/MyDrive/FashionAI/datasets/Clo-Sket/Clo-Sket/Hoodie/2_6.tif,Hoodie,Hoodie__G02,0
830,/content/drive/MyDrive/FashionAI/datasets/Clo-Sket/Clo-Sket/Hoodie/3-1.tif,/content/drive/MyDrive/FashionAI/datasets/Clo-Sket/Clo-Sket/Hoodie/3-1.tif,Hoodie,Hoodie__G03,1
831,/content/drive/MyDrive/FashionAI/datasets/Clo-Sket/Clo-Sket/Hoodie/3-10.tif,/content/drive/MyDrive/FashionAI/datasets/Clo-Sket/Clo-Sket/Hoodie/3-10.tif,Hoodie,Hoodie__G03,1
832,/content/drive/MyDrive/FashionAI/datasets/Clo-Sket/Clo-Sket/Hoodie/3-2.tif,/content/drive/MyDrive/FashionAI/datasets/Clo-Sket/Clo-Sket/Hoodie/3-2.tif,Hoodie,Hoodie__G03,1
833,/content/drive/MyDrive/FashionAI/datasets/Clo-Sket/Clo-Sket/Hoodie/3-3.tif,/content/drive/MyDrive/FashionAI/datasets/Clo-Sket/Clo-Sket/Hoodie/3-3.tif,Hoodie,Hoodie__G03,1
834,/content/drive/MyDrive/FashionAI/datasets/Clo-Sket/Clo-Sket/Hoodie/3-4.tif,/content/drive/MyDrive/FashionAI/datasets/Clo-Sket/Clo-Sket/Hoodie/3-4.tif,Hoodie,Hoodie__G03,1
835,/content/drive/MyDrive/FashionAI/datasets/Clo-Sket/Clo-Sket/Hoodie/3-5.tif,/content/drive/MyDrive/FashionAI/datasets/Clo-Sket/Clo-Sket/Hoodie/3-5.tif,Hoodie,Hoodie__G03,1
836,/content/drive/MyDrive/FashionAI/datasets/Clo-Sket/Clo-Sket/Hoodie/3-7.tif,/content/drive/MyDrive/FashionAI/datasets/Clo-Sket/Clo-Sket/Hoodie/3-7.tif,Hoodie,Hoodie__G03,1
837,/content/drive/MyDrive/FashionAI/datasets/Clo-Sket/Clo-Sket/Hoodie/3-8.tif,/content/drive/MyDrive/FashionAI/datasets/Clo-Sket/Clo-Sket/Hoodie/3-8.tif,Hoodie,Hoodie__G03,1
838,/content/drive/MyDrive/FashionAI/datasets/Clo-Sket/Clo-Sket/Hoodie/3-9.tif,/content/drive/MyDrive/FashionAI/datasets/Clo-Sket/Clo-Sket/Hoodie/3-9.tif,Hoodie,Hoodie__G03,1
839,/content/drive/MyDrive/FashionAI/datasets/Clo-Sket/Clo-Sket/Hoodie/3_6.tif,/content/drive/MyDrive/FashionAI/datasets/Clo-Sket/Clo-Sket/Hoodie/3_6.tif,Hoodie,Hoodie__G03,1
840,/content/drive/MyDrive/FashionAI/datasets/Clo-Sket/Clo-Sket/Hoodie/4-1.tif,/content/drive/MyDrive/FashionAI/datasets/Clo-Sket/Clo-Sket/Hoodie/4-1.tif,Hoodie,Hoodie__G04,1
841,/content/drive/MyDrive/FashionAI/datasets/Clo-Sket/Clo-Sket/Hoodie/4-10.tif,/content/drive/MyDrive/FashionAI/datasets/Clo-Sket/Clo-Sket/Hoodie/4-10.tif,Hoodie,Hoodie__G04,1
842,/content/drive/MyDrive/FashionAI/datasets/Clo-Sket/Clo-Sket/Hoodie/4-2.tif,/content/drive/MyDrive/FashionAI/datasets/Clo-Sket/Clo-Sket/Hoodie/4-2.tif,Hoodie,Hoodie__G04,1
843,/content/drive/MyDrive/FashionAI/datasets/Clo-Sket/Clo-Sket/Hoodie/4-3.tif,/content/drive/MyDrive/FashionAI/datasets/Clo-Sket/Clo-Sket/Hoodie/4-3.tif,Hoodie,Hoodie__G04,1
844,/content/drive/MyDrive/FashionAI/datasets/Clo-Sket/Clo-Sket/Hoodie/4-4.tif,/content/drive/MyDrive/FashionAI/datasets/Clo-Sket/Clo-Sket/Hoodie/4-4.tif,Hoodie,Hoodie__G04,1
845,/content/drive/MyDrive/FashionAI/datasets/Clo-Sket/Clo-Sket/Hoodie/4-5.tif,/content/drive/MyDrive/FashionAI/datasets/Clo-Sket/Clo-Sket/Hoodie/4-5.tif,Hoodie,Hoodie__G04,1
846,/content/drive/MyDrive/FashionAI/datasets/Clo-Sket/Clo-Sket/Hoodie/4-6.tif,/content/drive/MyDrive/FashionAI/datasets/Clo-Sket/Clo-Sket/Hoodie/4-6.tif,Hoodie,Hoodie__G04,1
847,/content/drive/MyDrive/FashionAI/datasets/Clo-Sket/Clo-Sket/Hoodie/4-7.tif,/content/drive/MyDrive/FashionAI/datasets/Clo-Sket/Clo-Sket/Hoodie/4-7.tif,Hoodie,Hoodie__G04,1
848,/content/drive/MyDrive/FashionAI/datasets/Clo-Sket/Clo-Sket/Hoodie/4-8.tif,/content/drive/MyDrive/FashionAI/datasets/Clo-Sket/Clo-Sket/Hoodie/4-8.tif,Hoodie,Hoodie__G04,1
849,/content/drive/MyDrive/FashionAI/datasets/Clo-Sket/Clo-Sket/Hoodie/4-9.tif,/content/drive/MyDrive/FashionAI/datasets/Clo-Sket/Clo-Sket/Hoodie/4-9.tif,Hoodie,Hoodie__G04,1
850,/content/drive/MyDrive/FashionAI/datasets/Clo-Sket/Clo-Sket/Hoodie/5-1.tif,/content/drive/MyDrive/FashionAI/datasets/Clo-Sket/Clo-Sket/Hoodie/5-1.tif,Hoodie,Hoodie__G05,2
851,/content/drive/MyDrive/FashionAI/datasets/Clo-Sket/Clo-Sket/Hoodie/5-10.tif,/content/drive/MyDrive/FashionAI/datasets/Clo-Sket/Clo-Sket/Hoodie/5-10.tif,Hoodie,Hoodie__G05,2
852,/content/drive/MyDrive/FashionAI/datasets/Clo-Sket/Clo-Sket/Hoodie/5-2.tif,/content/drive/MyDrive/FashionAI/datasets/Clo-Sket/Clo-Sket/Hoodie/5-2.tif,Hoodie,Hoodie__G05,2
853,/content/drive/MyDrive/FashionAI/datasets/Clo-Sket/Clo-Sket/Hoodie/5-3.tif,/content/drive/MyDrive/FashionAI/datasets/Clo-Sket/Clo-Sket/Hoodie/5-3.tif,Hoodie,Hoodie__G05,2
854,/content/drive/MyDrive/FashionAI/datasets/Clo-Sket/Clo-Sket/Hoodie/5-4.tif,/content/drive/MyDrive/FashionAI/datasets/Clo-Sket/Clo-Sket/Hoodie/5-4.tif,Hoodie,Hoodie__G05,2
855,/content/drive/MyDrive/FashionAI/datasets/Clo-Sket/Clo-Sket/Hoodie/5-5.tif,/content/drive/MyDrive/FashionAI/datasets/Clo-Sket/Clo-Sket/Hoodie/5-5.tif,Hoodie,Hoodie__G05,2
856,/content/drive/MyDrive/FashionAI/datasets/Clo-Sket/Clo-Sket/Hoodie/5-7.tif,/content/drive/MyDrive/FashionAI/datasets/Clo-Sket/Clo-Sket/Hoodie/5-7.tif,Hoodie,Hoodie__G05,2
857,/content/drive/MyDrive/FashionAI/datasets/Clo-Sket/Clo-Sket/Hoodie/5-8.tif,/content/drive/MyDrive/FashionAI/datasets/Clo-Sket/Clo-Sket/Hoodie/5-8.tif,Hoodie,Hoodie__G05,2
858,/content/drive/MyDrive/FashionAI/datasets/Clo-Sket/Clo-Sket/Hoodie/5-9.tif,/content/drive/MyDrive/FashionAI/datasets/Clo-Sket/Clo-Sket/Hoodie/5-9.tif,Hoodie,Hoodie__G05,2
859,/content/drive/MyDrive/FashionAI/datasets/Clo-Sket/Clo-Sket/Hoodie/5_6.tif,/content/drive/MyDrive/FashionAI/datasets/Clo-Sket/Clo-Sket/Hoodie/5_6.tif,Hoodie,Hoodie__G05,2
860,/content/drive/MyDrive/FashionAI/datasets/Clo-Sket/Clo-Sket/Hoodie/6-1.tif,/content/drive/MyDrive/FashionAI/datasets/Clo-Sket/Clo-Sket/Hoodie/6-1.tif,Hoodie,Hoodie__G06,2
861,/content/drive/MyDrive/FashionAI/datasets/Clo-Sket/Clo-Sket/Hoodie/6-10.tif,/content/drive/MyDrive/FashionAI/datasets/Clo-Sket/Clo-Sket/Hoodie/6-10.tif,Hoodie,Hoodie__G06,2
862,/content/drive/MyDrive/FashionAI/datasets/Clo-Sket/Clo-Sket/Hoodie/6-2.tif,/content/drive/MyDrive/FashionAI/datasets/Clo-Sket/Clo-Sket/Hoodie/6-2.tif,Hoodie,Hoodie__G06,2
863,/content/drive/MyDrive/FashionAI/datasets/Clo-Sket/Clo-Sket/Hoodie/6-3.tif,/content/drive/MyDrive/FashionAI/datasets/Clo-Sket/Clo-Sket/Hoodie/6-3.tif,Hoodie,Hoodie__G06,2
864,/content/drive/MyDrive/FashionAI/datasets/Clo-Sket/Clo-Sket/Hoodie/6-4.tif,/content/drive/MyDrive/FashionAI/datasets/Clo-Sket/Clo-Sket/Hoodie/6-4.tif,Hoodie,Hoodie__G06,2
865,/content/drive/MyDrive/FashionAI/datasets/Clo-Sket/Clo-Sket/Hoodie/6-5.tif,/content/drive/MyDrive/FashionAI/datasets/Clo-Sket/Clo-Sket/Hoodie/6-5.tif,Hoodie,Hoodie__G06,2
866,/content/drive/MyDrive/FashionAI/datasets/Clo-Sket/Clo-Sket/Hoodie/6-7.tif,/content/drive/MyDrive/FashionAI/datasets/Clo-Sket/Clo-Sket/Hoodie/6-7.tif,Hoodie,Hoodie__G06,2
867,/content/drive/MyDrive/FashionAI/datasets/Clo-Sket/Clo-Sket/Hoodie/6-8.tif,/content/drive/MyDrive/FashionAI/datasets/Clo-Sket/Clo-Sket/Hoodie/6-8.tif,Hoodie,Hoodie__G06,2
868,/content/drive/MyDrive/FashionAI/datasets/Clo-Sket/Clo-Sket/Hoodie/6-9.tif,/content/drive/MyDrive/FashionAI/datasets/Clo-Sket/Clo-Sket/Hoodie/6-9.tif,Hoodie,Hoodie__G06,2
869,/content/drive/MyDrive/FashionAI/datasets/Clo-Sket/Clo-Sket/Hoodie/6_6.tif,/content/drive/MyDrive/FashionAI/datasets/Clo-Sket/Clo-Sket/Hoodie/6_6.tif,Hoodie,Hoodie__G06,2
870,/content/drive/MyDrive/FashionAI/datasets/Clo-Sket/Clo-Sket/Hoodie/7-1.tif,/content/drive/MyDrive/FashionAI/datasets/Clo-Sket/Clo-Sket/Hoodie/7-1.tif,Hoodie,Hoodie__G07,3
871,/content/drive/MyDrive/FashionAI/datasets/Clo-Sket/Clo-Sket/Hoodie/7-10.tif,/content/drive/MyDrive/FashionAI/datasets/Clo-Sket/Clo-Sket/Hoodie/7-10.tif,Hoodie,Hoodie__G07,3
872,/content/drive/MyDrive/FashionAI/datasets/Clo-Sket/Clo-Sket/Hoodie/7-2.tif,/content/drive/MyDrive/FashionAI/datasets/Clo-Sket/Clo-Sket/Hoodie/7-2.tif,Hoodie,Hoodie__G07,3
873,/content/drive/MyDrive/FashionAI/datasets/Clo-Sket/Clo-Sket/Hoodie/7-3.tif,/content/drive/MyDrive/FashionAI/datasets/Clo-Sket/Clo-Sket/Hoodie/7-3.tif,Hoodie,Hoodie__G07,3
874,/content/drive/MyDrive/FashionAI/datasets/Clo-Sket/Clo-Sket/Hoodie/7-4.tif,/content/drive/MyDrive/FashionAI/datasets/Clo-Sket/Clo-Sket/Hoodie/7-4.tif,Hoodie,Hoodie__G07,3
875,/content/drive/MyDrive/FashionAI/datasets/Clo-Sket/Clo-Sket/Hoodie/7-5.tif,/content/drive/MyDrive/FashionAI/datasets/Clo-Sket/Clo-Sket/Hoodie/7-5.tif,Hoodie,Hoodie__G07,3
876,/content/drive/MyDrive/FashionAI/datasets/Clo-Sket/Clo-Sket/Hoodie/7-7.tif,/content/drive/MyDrive/FashionAI/datasets/Clo-Sket/Clo-Sket/Hoodie/7-7.tif,Hoodie,Hoodie__G07,3
877,/content/drive/MyDrive/FashionAI/datasets/Clo-Sket/Clo-Sket/Hoodie/7-8.tif,/content/drive/MyDrive/FashionAI/datasets/Clo-Sket/Clo-Sket/Hoodie/7-8.tif,Hoodie,Hoodie__G07,3
878,/content/drive/MyDrive/FashionAI/datasets/Clo-Sket/Clo-Sket/Hoodie/7-9.tif,/content/drive/MyDrive/FashionAI/datasets/Clo-Sket/Clo-Sket/Hoodie/7-9.tif,Hoodie,Hoodie__G07,3
879,/content/drive/MyDrive/FashionAI/datasets/Clo-Sket/Clo-Sket/Hoodie/7_6.tif,/content/drive/MyDrive/FashionAI/datasets/Clo-Sket/Clo-Sket/Hoodie/7_6.tif,Hoodie,Hoodie__G07,3
880,/content/drive/MyDrive/FashionAI/datasets/Clo-Sket/Clo-Sket/Hoodie/8-1.tif,/content/drive/MyDrive/FashionAI/datasets/Clo-Sket/Clo-Sket/Hoodie/8-1.tif,Hoodie,Hoodie__G08,3
881,/content/drive/MyDrive/FashionAI/datasets/Clo-Sket/Clo-Sket/Hoodie/8-10.tif,/content/drive/MyDrive/FashionAI/datasets/Clo-Sket/Clo-Sket/Hoodie/8-10.tif,Hoodie,Hoodie__G08,3
882,/content/drive/MyDrive/FashionAI/datasets/Clo-Sket/Clo-Sket/Hoodie/8-2.tif,/content/drive/MyDrive/FashionAI/datasets/Clo-Sket/Clo-Sket/Hoodie/8-2.tif,Hoodie,Hoodie__G08,3
883,/content/drive/MyDrive/FashionAI/datasets/Clo-Sket/Clo-Sket/Hoodie/8-3.tif,/content/drive/MyDrive/FashionAI/datasets/Clo-Sket/Clo-Sket/Hoodie/8-3.tif,Hoodie,Hoodie__G08,3
884,/content/drive/MyDrive/FashionAI/datasets/Clo-Sket/Clo-Sket/Hoodie/8-4.tif,/content/drive/MyDrive/FashionAI/datasets/Clo-Sket/Clo-Sket/Hoodie/8-4.tif,Hoodie,Hoodie__G08,3
885,/content/drive/MyDrive/FashionAI/datasets/Clo-Sket/Clo-Sket/Hoodie/8-6.tif,/content/drive/MyDrive/FashionAI/datasets/Clo-Sket/Clo-Sket/Hoodie/8-6.tif,Hoodie,Hoodie__G08,3
886,/content/drive/MyDrive/FashionAI/datasets/Clo-Sket/Clo-Sket/Hoodie/8-7.tif,/content/drive/MyDrive/FashionAI/datasets/Clo-Sket/Clo-Sket/Hoodie/8-7.tif,Hoodie,Hoodie__G08,3
887,/content/drive/MyDrive/FashionAI/datasets/Clo-Sket/Clo-Sket/Hoodie/8-8.tif,/content/drive/MyDrive/FashionAI/datasets/Clo-Sket/Clo-Sket/Hoodie/8-8.tif,Hoodie,Hoodie__G08,3
888,/content/drive/MyDrive/FashionAI/datasets/Clo-Sket/Clo-Sket/Hoodie/8-9.tif,/content/drive/MyDrive/FashionAI/datasets/Clo-Sket/Clo-Sket/Hoodie/8-9.tif,Hoodie,Hoodie__G08,3
889,/content/drive/MyDrive/FashionAI/datasets/Clo-Sket/Clo-Sket/Hoodie/8_6.tif,/content/drive/MyDrive/FashionAI/datasets/Clo-Sket/Clo-Sket/Hoodie/8_6.tif,Hoodie,Hoodie__G08,3
890,/content/drive/MyDrive/FashionAI/datasets/Clo-Sket/Clo-Sket/Hoodie/9-1.tif,/content/drive/MyDrive/FashionAI/datasets/Clo-Sket/Clo-Sket/Hoodie/9-1.tif,Hoodie,Hoodie__G09,4
891,/content/drive/MyDrive/FashionAI/datasets/Clo-Sket/Clo-Sket/Hoodie/9-10.tif,/content/drive/MyDrive/FashionAI/datasets/Clo-Sket/Clo-Sket/Hoodie/9-10.tif,Hoodie,Hoodie__G09,4
892,/content/drive/MyDrive/FashionAI/datasets/Clo-Sket/Clo-Sket/Hoodie/9-2.tif,/content/drive/MyDrive/FashionAI/datasets/Clo-Sket/Clo-Sket/Hoodie/9-2.tif,Hoodie,Hoodie__G09,4
893,/content/drive/MyDrive/FashionAI/datasets/Clo-Sket/Clo-Sket/Hoodie/9-3.tif,/content/drive/MyDrive/FashionAI/datasets/Clo-Sket/Clo-Sket/Hoodie/9-3.tif,Hoodie,Hoodie__G09,4
894,/content/drive/MyDrive/FashionAI/datasets/Clo-Sket/Clo-Sket/Hoodie/9-4.tif,/content/drive/MyDrive/FashionAI/datasets/Clo-Sket/Clo-Sket/Hoodie/9-4.tif,Hoodie,Hoodie__G09,4
895,/content/drive/MyDrive/FashionAI/datasets/Clo-Sket/Clo-Sket/Hoodie/9-5.tif,/content/drive/MyDrive/FashionAI/datasets/Clo-Sket/Clo-Sket/Hoodie/9-5.tif,Hoodie,Hoodie__G09,4
896,/content/drive/MyDrive/FashionAI/datasets/Clo-Sket/Clo-Sket/Hoodie/9-7.tif,/content/drive/MyDrive/FashionAI/datasets/Clo-Sket/Clo-Sket/Hoodie/9-7.tif,Hoodie,Hoodie__G09,4
897,/content/drive/MyDrive/FashionAI/datasets/Clo-Sket/Clo-Sket/Hoodie/9-8.tif,/content/drive/MyDrive/FashionAI/datasets/Clo-Sket/Clo-Sket/Hoodie/9-8.tif,Hoodie,Hoodie__G09,4
898,/content/drive/MyDrive/FashionAI/datasets/Clo-Sket/Clo-Sket/Hoodie/9-9.tif,/content/drive/MyDrive/FashionAI/datasets/Clo-Sket/Clo-Sket/Hoodie/9-9.tif,Hoodie,Hoodie__G09,4
899,/content/drive/MyDrive/FashionAI/datasets/Clo-Sket/Clo-Sket/Hoodie/9_6.tif,/content/drive/MyDrive/FashionAI/datasets/Clo-Sket/Clo-Sket/Hoodie/9_6.tif,Hoodie,Hoodie__G09,4
900,/content/drive/MyDrive/FashionAI/datasets/Clo-Sket/Clo-Sket/Jacket/1-1.tif,/content/drive/MyDrive/FashionAI/datasets/Clo-Sket/Clo-Sket/Jacket/1-1.tif,Jacket,Jacket__G01,0
901,/content/drive/MyDrive/FashionAI/datasets/Clo-Sket/Clo-Sket/Jacket/1-10.tif,/content/drive/MyDrive/FashionAI/datasets/Clo-Sket/Clo-Sket/Jacket/1-10.tif,Jacket,Jacket__G01,0
902,/content/drive/MyDrive/FashionAI/datasets/Clo-Sket/Clo-Sket/Jacket/1-2.tif,/content/drive/MyDrive/FashionAI/datasets/Clo-Sket/Clo-Sket/Jacket/1-2.tif,Jacket,Jacket__G01,0
903,/content/drive/MyDrive/FashionAI/datasets/Clo-Sket/Clo-Sket/Jacket/1-3.tif,/content/drive/MyDrive/FashionAI/datasets/Clo-Sket/Clo-Sket/Jacket/1-3.tif,Jacket,Jacket__G01,0
904,/content/drive/MyDrive/FashionAI/datasets/Clo-Sket/Clo-Sket/Jacket/1-4.tif,/content/drive/MyDrive/FashionAI/datasets/Clo-Sket/Clo-Sket/Jacket/1-4.tif,Jacket,Jacket__G01,0
905,/content/drive/MyDrive/FashionAI/datasets/Clo-Sket/Clo-Sket/Jacket/1-5.tif,/content/drive/MyDrive/FashionAI/datasets/Clo-Sket/Clo-Sket/Jacket/1-5.tif,Jacket,Jacket__G01,0
906,/content/drive/MyDrive/FashionAI/datasets/Clo-Sket/Clo-Sket/Jacket/1-6.tif,/content/drive/MyDrive/FashionAI/datasets/Clo-Sket/Clo-Sket/Jacket/1-6.tif,Jacket,Jacket__G01,0
907,/content/drive/MyDrive/FashionAI/datasets/Clo-Sket/Clo-Sket/Jacket/1-7.tif,/content/drive/MyDrive/FashionAI/datasets/Clo-Sket/Clo-Sket/Jacket/1-7.tif,Jacket,Jacket__G01,0
908,/content/drive/MyDrive/FashionAI/datasets/Clo-Sket/Clo-Sket/Jacket/1-8.tif,/content/drive/MyDrive/FashionAI/datasets/Clo-Sket/Clo-Sket/Jacket/1-8.tif,Jacket,Jacket__G01,0
909,/content/drive/MyDrive/FashionAI/datasets/Clo-Sket/Clo-Sket/Jacket/1-9.tif,/content/drive/MyDrive/FashionAI/datasets/Clo-Sket/Clo-Sket/Jacket/1-9.tif,Jacket,Jacket__G01,0
910,/content/drive/MyDrive/FashionAI/datasets/Clo-Sket/Clo-Sket/Jacket/10-1.tif,/content/drive/MyDrive/FashionAI/datasets/Clo-Sket/Clo-Sket/Jacket/10-1.tif,Jacket,Jacket__G10,4
911,/content/drive/MyDrive/FashionAI/datasets/Clo-Sket/Clo-Sket/Jacket/10-10.tif,/content/drive/MyDrive/FashionAI/datasets/Clo-Sket/Clo-Sket/Jacket/10-10.tif,Jacket,Jacket__G10,4
912,/content/drive/MyDrive/FashionAI/datasets/Clo-Sket/Clo-Sket/Jacket/10-2.tif,/content/drive/MyDrive/FashionAI/datasets/Clo-Sket/Clo-Sket/Jacket/10-2.tif,Jacket,Jacket__G10,4
913,/content/drive/MyDrive/FashionAI/datasets/Clo-Sket/Clo-Sket/Jacket/10-3.tif,/content/drive/MyDrive/FashionAI/datasets/Clo-Sket/Clo-Sket/Jacket/10-3.tif,Jacket,Jacket__G10,4
914,/content/drive/MyDrive/FashionAI/datasets/Clo-Sket/Clo-Sket/Jacket/10-4.tif,/content/drive/MyDrive/FashionAI/datasets/Clo-Sket/Clo-Sket/Jacket/10-4.tif,Jacket,Jacket__G10,4
915,/content/drive/MyDrive/FashionAI/datasets/Clo-Sket/Clo-Sket/Jacket/10-5.tif,/content/drive/MyDrive/FashionAI/datasets/Clo-Sket/Clo-Sket/Jacket/10-5.tif,Jacket,Jacket__G10,4
916,/content/drive/MyDrive/FashionAI/datasets/Clo-Sket/Clo-Sket/Jacket/10-6.tif,/content/drive/MyDrive/FashionAI/datasets/Clo-Sket/Clo-Sket/Jacket/10-6.tif,Jacket,Jacket__G10,4
917,/content/drive/MyDrive/FashionAI/datasets/Clo-Sket/Clo-Sket/Jacket/10-7.tif,/content/drive/MyDrive/FashionAI/datasets/Clo-Sket/Clo-Sket/Jacket/10-7.tif,Jacket,Jacket__G10,4
918,/content/drive/MyDrive/FashionAI/datasets/Clo-Sket/Clo-Sket/Jacket/10-8.tif,/content/drive/MyDrive/FashionAI/datasets/Clo-Sket/Clo-Sket/Jacket/10-8.tif,Jacket,Jacket__G10,4
919,/content/drive/MyDrive/FashionAI/datasets/Clo-Sket/Clo-Sket/Jacket/10-9.tif,/content/drive/MyDrive/FashionAI/datasets/Clo-Sket/Clo-Sket/Jacket/10-9.tif,Jacket,Jacket__G10,4
920,/content/drive/MyDrive/FashionAI/datasets/Clo-Sket/Clo-Sket/Jacket/2-1.tif,/content/drive/MyDrive/FashionAI/datasets/Clo-Sket/Clo-Sket/Jacket/2-1.tif,Jacket,Jacket__G02,0
921,/content/drive/MyDrive/FashionAI/datasets/Clo-Sket/Clo-Sket/Jacket/2-10.tif,/content/drive/MyDrive/FashionAI/datasets/Clo-Sket/Clo-Sket/Jacket/2-10.tif,Jacket,Jacket__G02,0
922,/content/drive/MyDrive/FashionAI/datasets/Clo-Sket/Clo-Sket/Jacket/2-2.tif,/content/drive/MyDrive/FashionAI/datasets/Clo-Sket/Clo-Sket/Jacket/2-2.tif,Jacket,Jacket__G02,0
923,/content/drive/MyDrive/FashionAI/datasets/Clo-Sket/Clo-Sket/Jacket/2-3.tif,/content/drive/MyDrive/FashionAI/datasets/Clo-Sket/Clo-Sket/Jacket/2-3.tif,Jacket,Jacket__G02,0
924,/content/drive/MyDrive/FashionAI/datasets/Clo-Sket/Clo-Sket/Jacket/2-4.tif,/content/drive/MyDrive/FashionAI/datasets/Clo-Sket/Clo-Sket/Jacket/2-4.tif,Jacket,Jacket__G02,0
925,/content/drive/MyDrive/FashionAI/datasets/Clo-Sket/Clo-Sket/Jacket/2-5.tif,/content/drive/MyDrive/FashionAI/datasets/Clo-Sket/Clo-Sket/Jacket/2-5.tif,Jacket,Jacket__G02,0
926,/content/drive/MyDrive/FashionAI/datasets/Clo-Sket/Clo-Sket/Jacket/2-6.tif,/content/drive/MyDrive/FashionAI/datasets/Clo-Sket/Clo-Sket/Jacket/2-6.tif,Jacket,Jacket__G02,0
927,/content/drive/MyDrive/FashionAI/datasets/Clo-Sket/Clo-Sket/Jacket/2-7.tif,/content/drive/MyDrive/FashionAI/datasets/Clo-Sket/Clo-Sket/Jacket/2-7.tif,Jacket,Jacket__G02,0
928,/content/drive/MyDrive/FashionAI/datasets/Clo-Sket/Clo-Sket/Jacket/2-8.tif,/content/drive/MyDrive/FashionAI/datasets/Clo-Sket/Clo-Sket/Jacket/2-8.tif,Jacket,Jacket__G02,0
929,/content/drive/MyDrive/FashionAI/datasets/Clo-Sket/Clo-Sket/Jacket/2-9.tif,/content/drive/MyDrive/FashionAI/datasets/Clo-Sket/Clo-Sket/Jacket/2-9.tif,Jacket,Jacket__G02,0
930,/content/drive/MyDrive/FashionAI/datasets/Clo-Sket/Clo-Sket/Jacket/3-1.tif,/content/drive/MyDrive/FashionAI/datasets/Clo-Sket/Clo-Sket/Jacket/3-1.tif,Jacket,Jacket__G03,1
931,/content/drive/MyDrive/FashionAI/datasets/Clo-Sket/Clo-Sket/Jacket/3-10.tif,/content/drive/MyDrive/FashionAI/datasets/Clo-Sket/Clo-Sket/Jacket/3-10.tif,Jacket,Jacket__G03,1
932,/content/drive/MyDrive/FashionAI/datasets/Clo-Sket/Clo-Sket/Jacket/3-2.tif,/content/drive/MyDrive/FashionAI/datasets/Clo-Sket/Clo-Sket/Jacket/3-2.tif,Jacket,Jacket__G03,1
933,/content/drive/MyDrive/FashionAI/datasets/Clo-Sket/Clo-Sket/Jacket/3-3.tif,/content/drive/MyDrive/FashionAI/datasets/Clo-Sket/Clo-Sket/Jacket/3-3.tif,Jacket,Jacket__G03,1
934,/content/drive/MyDrive/FashionAI/datasets/Clo-Sket/Clo-Sket/Jacket/3-4.tif,/content/drive/MyDrive/FashionAI/datasets/Clo-Sket/Clo-Sket/Jacket/3-4.tif,Jacket,Jacket__G03,1
935,/content/drive/MyDrive/FashionAI/datasets/Clo-Sket/Clo-Sket/Jacket/3-5.tif,/content/drive/MyDrive/FashionAI/datasets/Clo-Sket/Clo-Sket/Jacket/3-5.tif,Jacket,Jacket__G03,1
936,/content/drive/MyDrive/FashionAI/datasets/Clo-Sket/Clo-Sket/Jacket/3-6.tif,/content/drive/MyDrive/FashionAI/datasets/Clo-Sket/Clo-Sket/Jacket/3-6.tif,Jacket,Jacket__G03,1
937,/content/drive/MyDrive/FashionAI/datasets/Clo-Sket/Clo-Sket/Jacket/3-7.tif,/content/drive/MyDrive/FashionAI/datasets/Clo-Sket/Clo-Sket/Jacket/3-7.tif,Jacket,Jacket__G03,1
938,/content/drive/MyDrive/FashionAI/datasets/Clo-Sket/Clo-Sket/Jacket/3-8.tif,/content/drive/MyDrive/FashionAI/datasets/Clo-Sket/Clo-Sket/Jacket/3-8.tif,Jacket,Jacket__G03,1
939,/content/drive/MyDrive/FashionAI/datasets/Clo-Sket/Clo-Sket/Jacket/3-9.tif,/content/drive/MyDrive/FashionAI/datasets/Clo-Sket/Clo-Sket/Jacket/3-9.tif,Jacket,Jacket__G03,1
940,/content/drive/MyDrive/FashionAI/datasets/Clo-Sket/Clo-Sket/Jacket/4-1.tif,/content/drive/MyDrive/FashionAI/datasets/Clo-Sket/Clo-Sket/Jacket/4-1.tif,Jacket,Jacket__G04,1
941,/content/drive/MyDrive/FashionAI/datasets/Clo-Sket/Clo-Sket/Jacket/4-10.tif,/content/drive/MyDrive/FashionAI/datasets/Clo-Sket/Clo-Sket/Jacket/4-10.tif,Jacket,Jacket__G04,1
942,/content/drive/MyDrive/FashionAI/datasets/Clo-Sket/Clo-Sket/Jacket/4-2.tif,/content/drive/MyDrive/FashionAI/datasets/Clo-Sket/Clo-Sket/Jacket/4-2.tif,Jacket,Jacket__G04,1
943,/content/drive/MyDrive/FashionAI/datasets/Clo-Sket/Clo-Sket/Jacket/4-3.tif,/content/drive/MyDrive/FashionAI/datasets/Clo-Sket/Clo-Sket/Jacket/4-3.tif,Jacket,Jacket__G04,1
944,/content/drive/MyDrive/FashionAI/datasets/Clo-Sket/Clo-Sket/Jacket/4-4.tif,/content/drive/MyDrive/FashionAI/datasets/Clo-Sket/Clo-Sket/Jacket/4-4.tif,Jacket,Jacket__G04,1
945,/content/drive/MyDrive/FashionAI/datasets/Clo-Sket/Clo-Sket/Jacket/4-5.tif,/content/drive/MyDrive/FashionAI/datasets/Clo-Sket/Clo-Sket/Jacket/4-5.tif,Jacket,Jacket__G04,1
946,/content/drive/MyDrive/FashionAI/datasets/Clo-Sket/Clo-Sket/Jacket/4-6.tif,/content/drive/MyDrive/FashionAI/datasets/Clo-Sket/Clo-Sket/Jacket/4-6.tif,Jacket,Jacket__G04,1
947,/content/drive/MyDrive/FashionAI/datasets/Clo-Sket/Clo-Sket/Jacket/4-7.tif,/content/drive/MyDrive/FashionAI/datasets/Clo-Sket/Clo-Sket/Jacket/4-7.tif,Jacket,Jacket__G04,1
948,/content/drive/MyDrive/FashionAI/datasets/Clo-Sket/Clo-Sket/Jacket/4-8.tif,/content/drive/MyDrive/FashionAI/datasets/Clo-Sket/Clo-Sket/Jacket/4-8.tif,Jacket,Jacket__G04,1
949,/content/drive/MyDrive/FashionAI/datasets/Clo-Sket/Clo-Sket/Jacket/4-9.tif,/content/drive/MyDrive/FashionAI/datasets/Clo-Sket/Clo-Sket/Jacket/4-9.tif,Jacket,Jacket__G04,1
950,/content/drive/MyDrive/FashionAI/datasets/Clo-Sket/Clo-Sket/Jacket/5-1.tif,/content/drive/MyDrive/FashionAI/datasets/Clo-Sket/Clo-Sket/Jacket/5-1.tif,Jacket,Jacket__G05,2
951,/content/drive/MyDrive/FashionAI/datasets/Clo-Sket/Clo-Sket/Jacket/5-10.tif,/content/drive/MyDrive/FashionAI/datasets/Clo-Sket/Clo-Sket/Jacket/5-10.tif,Jacket,Jacket__G05,2
952,/content/drive/MyDrive/FashionAI/datasets/Clo-Sket/Clo-Sket/Jacket/5-2.tif,/content/drive/MyDrive/FashionAI/datasets/Clo-Sket/Clo-Sket/Jacket/5-2.tif,Jacket,Jacket__G05,2
953,/content/drive/MyDrive/FashionAI/datasets/Clo-Sket/Clo-Sket/Jacket/5-3.tif,/content/drive/MyDrive/FashionAI/datasets/Clo-Sket/Clo-Sket/Jacket/5-3.tif,Jacket,Jacket__G05,2
954,/content/drive/MyDrive/FashionAI/datasets/Clo-Sket/Clo-Sket/Jacket/5-4.tif,/content/drive/MyDrive/FashionAI/datasets/Clo-Sket/Clo-Sket/Jacket/5-4.tif,Jacket,Jacket__G05,2
955,/content/drive/MyDrive/FashionAI/datasets/Clo-Sket/Clo-Sket/Jacket/5-5.tif,/content/drive/MyDrive/FashionAI/datasets/Clo-Sket/Clo-Sket/Jacket/5-5.tif,Jacket,Jacket__G05,2
956,/content/drive/MyDrive/FashionAI/datasets/Clo-Sket/Clo-Sket/Jacket/5-6.tif,/content/drive/MyDrive/FashionAI/datasets/Clo-Sket/Clo-Sket/Jacket/5-6.tif,Jacket,Jacket__G05,2
957,/content/drive/MyDrive/FashionAI/datasets/Clo-Sket/Clo-Sket/Jacket/5-7.tif,/content/drive/MyDrive/FashionAI/datasets/Clo-Sket/Clo-Sket/Jacket/5-7.tif,Jacket,Jacket__G05,2
958,/content/drive/MyDrive/FashionAI/datasets/Clo-Sket/Clo-Sket/Jacket/5-8.tif,/content/drive/MyDrive/FashionAI/datasets/Clo-Sket/Clo-Sket/Jacket/5-8.tif,Jacket,Jacket__G05,2
959,/content/drive/MyDrive/FashionAI/datasets/Clo-Sket/Clo-Sket/Jacket/5-9.tif,/content/drive/MyDrive/FashionAI/datasets/Clo-Sket/Clo-Sket/Jacket/5-9.tif,Jacket,Jacket__G05,2
960,/content/drive/MyDrive/FashionAI/datasets/Clo-Sket/Clo-Sket/Jacket/6-1.tif,/content/drive/MyDrive/FashionAI/datasets/Clo-Sket/Clo-Sket/Jacket/6-1.tif,Jacket,Jacket__G06,2
961,/content/drive/MyDrive/FashionAI/datasets/Clo-Sket/Clo-Sket/Jacket/6-10.tif,/content/drive/MyDrive/FashionAI/datasets/Clo-Sket/Clo-Sket/Jacket/6-10.tif,Jacket,Jacket__G06,2
962,/content/drive/MyDrive/FashionAI/datasets/Clo-Sket/Clo-Sket/Jacket/6-2.tif,/content/drive/MyDrive/FashionAI/datasets/Clo-Sket/Clo-Sket/Jacket/6-2.tif,Jacket,Jacket__G06,2
963,/content/drive/MyDrive/FashionAI/datasets/Clo-Sket/Clo-Sket/Jacket/6-3.tif,/content/drive/MyDrive/FashionAI/datasets/Clo-Sket/Clo-Sket/Jacket/6-3.tif,Jacket,Jacket__G06,2
964,/content/drive/MyDrive/FashionAI/datasets/Clo-Sket/Clo-Sket/Jacket/6-4.tif,/content/drive/MyDrive/FashionAI/datasets/Clo-Sket/Clo-Sket/Jacket/6-4.tif,Jacket,Jacket__G06,2
965,/content/drive/MyDrive/FashionAI/datasets/Clo-Sket/Clo-Sket/Jacket/6-5.tif,/content/drive/MyDrive/FashionAI/datasets/Clo-Sket/Clo-Sket/Jacket/6-5.tif,Jacket,Jacket__G06,2
966,/content/drive/MyDrive/FashionAI/datasets/Clo-Sket/Clo-Sket/Jacket/6-6.tif,/content/drive/MyDrive/FashionAI/datasets/Clo-Sket/Clo-Sket/Jacket/6-6.tif,Jacket,Jacket__G06,2
967,/content/drive/MyDrive/FashionAI/datasets/Clo-Sket/Clo-Sket/Jacket/6-7.tif,/content/drive/MyDrive/FashionAI/datasets/Clo-Sket/Clo-Sket/Jacket/6-7.tif,Jacket,Jacket__G06,2
968,/content/drive/MyDrive/FashionAI/datasets/Clo-Sket/Clo-Sket/Jacket/6-8.tif,/content/drive/MyDrive/FashionAI/datasets/Clo-Sket/Clo-Sket/Jacket/6-8.tif,Jacket,Jacket__G06,2
969,/content/drive/MyDrive/FashionAI/datasets/Clo-Sket/Clo-Sket/Jacket/6-9.tif,/content/drive/MyDrive/FashionAI/datasets/Clo-Sket/Clo-Sket/Jacket/6-9.tif,Jacket,Jacket__G06,2
970,/content/drive/MyDrive/FashionAI/datasets/Clo-Sket/Clo-Sket/Jacket/7-1.tif,/content/drive/MyDrive/FashionAI/datasets/Clo-Sket/Clo-Sket/Jacket/7-1.tif,Jacket,Jacket__G07,3
971,/content/drive/MyDrive/FashionAI/datasets/Clo-Sket/Clo-Sket/Jacket/7-10.tif,/content/drive/MyDrive/FashionAI/datasets/Clo-Sket/Clo-Sket/Jacket/7-10.tif,Jacket,Jacket__G07,3
972,/content/drive/MyDrive/FashionAI/datasets/Clo-Sket/Clo-Sket/Jacket/7-2.tif,/content/drive/MyDrive/FashionAI/datasets/Clo-Sket/Clo-Sket/Jacket/7-2.tif,Jacket,Jacket__G07,3
973,/content/drive/MyDrive/FashionAI/datasets/Clo-Sket/Clo-Sket/Jacket/7-3.tif,/content/drive/MyDrive/FashionAI/datasets/Clo-Sket/Clo-Sket/Jacket/7-3.tif,Jacket,Jacket__G07,3
974,/content/drive/MyDrive/FashionAI/datasets/Clo-Sket/Clo-Sket/Jacket/7-4.tif,/content/drive/MyDrive/FashionAI/datasets/Clo-Sket/Clo-Sket/Jacket/7-4.tif,Jacket,Jacket__G07,3
975,/content/drive/MyDrive/FashionAI/datasets/Clo-Sket/Clo-Sket/Jacket/7-5.tif,/content/drive/MyDrive/FashionAI/datasets/Clo-Sket/Clo-Sket/Jacket/7-5.tif,Jacket,Jacket__G07,3
976,/content/drive/MyDrive/FashionAI/datasets/Clo-Sket/Clo-Sket/Jacket/7-6.tif,/content/drive/MyDrive/FashionAI/datasets/Clo-Sket/Clo-Sket/Jacket/7-6.tif,Jacket,Jacket__G07,3
977,/content/drive/MyDrive/FashionAI/datasets/Clo-Sket/Clo-Sket/Jacket/7-7.tif,/content/drive/MyDrive/FashionAI/datasets/Clo-Sket/Clo-Sket/Jacket/7-7.tif,Jacket,Jacket__G07,3
978,/content/drive/MyDrive/FashionAI/datasets/Clo-Sket/Clo-Sket/Jacket/7-8.tif,/content/drive/MyDrive/FashionAI/datasets/Clo-Sket/Clo-Sket/Jacket/7-8.tif,Jacket,Jacket__G07,3
979,/content/drive/MyDrive/FashionAI/datasets/Clo-Sket/Clo-Sket/Jacket/7-9.tif,/content/drive/MyDrive/FashionAI/datasets/Clo-Sket/Clo-Sket/Jacket/7-9.tif,Jacket,Jacket__G07,3
980,/content/drive/MyDrive/FashionAI/datasets/Clo-Sket/Clo-Sket/Jacket/8-1.tif,/content/drive/MyDrive/FashionAI/datasets/Clo-Sket/Clo-Sket/Jacket/8-1.tif,Jacket,Jacket__G08,3
981,/content/drive/MyDrive/FashionAI/datasets/Clo-Sket/Clo-Sket/Jacket/8-10.tif,/content/drive/MyDrive/FashionAI/datasets/Clo-Sket/Clo-Sket/Jacket/8-10.tif,Jacket,Jacket__G08,3
982,/content/drive/MyDrive/FashionAI/datasets/Clo-Sket/Clo-Sket/Jacket/8-2.tif,/content/drive/MyDrive/FashionAI/datasets/Clo-Sket/Clo-Sket/Jacket/8-2.tif,Jacket,Jacket__G08,3
983,/content/drive/MyDrive/FashionAI/datasets/Clo-Sket/Clo-Sket/Jacket/8-3.tif,/content/drive/MyDrive/FashionAI/datasets/Clo-Sket/Clo-Sket/Jacket/8-3.tif,Jacket,Jacket__G08,3
984,/content/drive/MyDrive/FashionAI/datasets/Clo-Sket/Clo-Sket/Jacket/8-4.tif,/content/drive/MyDrive/FashionAI/datasets/Clo-Sket/Clo-Sket/Jacket/8-4.tif,Jacket,Jacket__G08,3
985,/content/drive/MyDrive/FashionAI/datasets/Clo-Sket/Clo-Sket/Jacket/8-5.tif,/content/drive/MyDrive/FashionAI/datasets/Clo-Sket/Clo-Sket/Jacket/8-5.tif,Jacket,Jacket__G08,3
986,/content/drive/MyDrive/FashionAI/datasets/Clo-Sket/Clo-Sket/Jacket/8-6.tif,/content/drive/MyDrive/FashionAI/datasets/Clo-Sket/Clo-Sket/Jacket/8-6.tif,Jacket,Jacket__G08,3
987,/content/drive/MyDrive/FashionAI/datasets/Clo-Sket/Clo-Sket/Jacket/8-7.tif,/content/drive/MyDrive/FashionAI/datasets/Clo-Sket/Clo-Sket/Jacket/8-7.tif,Jacket,Jacket__G08,3
988,/content/drive/MyDrive/FashionAI/datasets/Clo-Sket/Clo-Sket/Jacket/8-8.tif,/content/drive/MyDrive/FashionAI/datasets/Clo-Sket/Clo-Sket/Jacket/8-8.tif,Jacket,Jacket__G08,3
989,/content/drive/MyDrive/FashionAI/datasets/Clo-Sket/Clo-Sket/Jacket/8-9.tif,/content/drive/MyDrive/FashionAI/datasets/Clo-Sket/Clo-Sket/Jacket/8-9.tif,Jacket,Jacket__G08,3
990,/content/drive/MyDrive/FashionAI/datasets/Clo-Sket/Clo-Sket/Jacket/9-1.tif,/content/drive/MyDrive/FashionAI/datasets/Clo-Sket/Clo-Sket/Jacket/9-1.tif,Jacket,Jacket__G09,4
991,/content/drive/MyDrive/FashionAI/datasets/Clo-Sket/Clo-Sket/Jacket/9-10.tif,/content/drive/MyDrive/FashionAI/datasets/Clo-Sket/Clo-Sket/Jacket/9-10.tif,Jacket,Jacket__G09,4
992,/content/drive/MyDrive/FashionAI/datasets/Clo-Sket/Clo-Sket/Jacket/9-2.tif,/content/drive/MyDrive/FashionAI/datasets/Clo-Sket/Clo-Sket/Jacket/9-2.tif,Jacket,Jacket__G09,4
993,/content/drive/MyDrive/FashionAI/datasets/Clo-Sket/Clo-Sket/Jacket/9-3.tif,/content/drive/MyDrive/FashionAI/datasets/Clo-Sket/Clo-Sket/Jacket/9-3.tif,Jacket,Jacket__G09,4
994,/content/drive/MyDrive/FashionAI/datasets/Clo-Sket/Clo-Sket/Jacket/9-4.tif,/content/drive/MyDrive/FashionAI/datasets/Clo-Sket/Clo-Sket/Jacket/9-4.tif,Jacket,Jacket__G09,4
995,/content/drive/MyDrive/FashionAI/datasets/Clo-Sket/Clo-Sket/Jacket/9-5.tif,/content/drive/MyDrive/FashionAI/datasets/Clo-Sket/Clo-Sket/Jacket/9-5.tif,Jacket,Jacket__G09,4
996,/content/drive/MyDrive/FashionAI/datasets/Clo-Sket/Clo-Sket/Jacket/9-6.tif,/content/drive/MyDrive/FashionAI/datasets/Clo-Sket/Clo-Sket/Jacket/9-6.tif,Jacket,Jacket__G09,4
997,/content/drive/MyDrive/FashionAI/datasets/Clo-Sket/Clo-Sket/Jacket/9-7.tif,/content/drive/MyDrive/FashionAI/datasets/Clo-Sket/Clo-Sket/Jacket/9-7.tif,Jacket,Jacket__G09,4
998,/content/drive/MyDrive/FashionAI/datasets/Clo-Sket/Clo-Sket/Jacket/9-8.tif,/content/drive/MyDrive/FashionAI/datasets/Clo-Sket/Clo-Sket/Jacket/9-8.tif,Jacket,Jacket__G09,4
999,/content/drive/MyDrive/FashionAI/datasets/Clo-Sket/Clo-Sket/Jacket/9-9.tif,/content/drive/MyDrive/FashionAI/datasets/Clo-Sket/Clo-Sket/Jacket/9-9.tif,Jacket,Jacket__G09,4
1000,/content/drive/MyDrive/FashionAI/datasets/Clo-Sket/Clo-Sket/Jumpsuit/1-10.tif,/content/drive/MyDrive/FashionAI/datasets/Clo-Sket/Clo-Sket/Jumpsuit/1-10.tif,Jumpsuit,Jumpsuit__G01,0
1001,/content/drive/MyDrive/FashionAI/datasets/Clo-Sket/Clo-Sket/Jumpsuit/10-10.tif,/content/drive/MyDrive/FashionAI/datasets/Clo-Sket/Clo-Sket/Jumpsuit/10-10.tif,Jumpsuit,Jumpsuit__G10,4
1002,/content/drive/MyDrive/FashionAI/datasets/Clo-Sket/Clo-Sket/Jumpsuit/10-3.tif,/content/drive/MyDrive/FashionAI/datasets/Clo-Sket/Clo-Sket/Jumpsuit/10-3.tif,Jumpsuit,Jumpsuit__G10,4
1003,/content/drive/MyDrive/FashionAI/datasets/Clo-Sket/Clo-Sket/Jumpsuit/10-4.tif,/content/drive/MyDrive/FashionAI/datasets/Clo-Sket/Clo-Sket/Jumpsuit/10-4.tif,Jumpsuit,Jumpsuit__G10,4
1004,/content/drive/MyDrive/FashionAI/datasets/Clo-Sket/Clo-Sket/Jumpsuit/10-5.tif,/content/drive/MyDrive/FashionAI/datasets/Clo-Sket/Clo-Sket/Jumpsuit/10-5.tif,Jumpsuit,Jumpsuit__G10,4
1005,/content/drive/MyDrive/FashionAI/datasets/Clo-Sket/Clo-Sket/Jumpsuit/10-6.tif,/content/drive/MyDrive/FashionAI/datasets/Clo-Sket/Clo-Sket/Jumpsuit/10-6.tif,Jumpsuit,Jumpsuit__G10,4
1006,/content/drive/MyDrive/FashionAI/datasets/Clo-Sket/Clo-Sket/Jumpsuit/10_1.tif,/content/drive/MyDrive/FashionAI/datasets/Clo-Sket/Clo-Sket/Jumpsuit/10_1.tif,Jumpsuit,Jumpsuit__G10,4
1007,/content/drive/MyDrive/FashionAI/datasets/Clo-Sket/Clo-Sket/Jumpsuit/10_2.tif,/content/drive/MyDrive/FashionAI/datasets/Clo-Sket/Clo-Sket/Jumpsuit/10_2.tif,Jumpsuit,Jumpsuit__G10,4
1008,/content/drive/MyDrive/FashionAI/datasets/Clo-Sket/Clo-Sket/Jumpsuit/10_7.tif,/content/drive/MyDrive/FashionAI/datasets/Clo-Sket/Clo-Sket/Jumpsuit/10_7.tif,Jumpsuit,Jumpsuit__G10,4
1009,/content/drive/MyDrive/FashionAI/datasets/Clo-Sket/Clo-Sket/Jumpsuit/10_8.tif,/content/drive/MyDrive/FashionAI/datasets/Clo-Sket/Clo-Sket/Jumpsuit/10_8.tif,Jumpsuit,Jumpsuit__G10,4
1010,/content/drive/MyDrive/FashionAI/datasets/Clo-Sket/Clo-Sket/Jumpsuit/10_9.tif,/content/drive/MyDrive/FashionAI/datasets/Clo-Sket/Clo-Sket/Jumpsuit/10_9.tif,Jumpsuit,Jumpsuit__G10,4
1011,/content/drive/MyDrive/FashionAI/datasets/Clo-Sket/Clo-Sket/Jumpsuit/1_1.tif,/content/drive/MyDrive/FashionAI/datasets/Clo-Sket/Clo-Sket/Jumpsuit/1_1.tif,Jumpsuit,Jumpsuit__G01,0
1012,/content/drive/MyDrive/FashionAI/datasets/Clo-Sket/Clo-Sket/Jumpsuit/1_2.tif,/content/drive/MyDrive/FashionAI/datasets/Clo-Sket/Clo-Sket/Jumpsuit/1_2.tif,Jumpsuit,Jumpsuit__G01,0
1013,/content/drive/MyDrive/FashionAI/datasets/Clo-Sket/Clo-Sket/Jumpsuit/1_3.tif,/content/drive/MyDrive/FashionAI/datasets/Clo-Sket/Clo-Sket/Jumpsuit/1_3.tif,Jumpsuit,Jumpsuit__G01,0
1014,/content/drive/MyDrive/FashionAI/datasets/Clo-Sket/Clo-Sket/Jumpsuit/1_4.tif,/content/drive/MyDrive/FashionAI/datasets/Clo-Sket/Clo-Sket/Jumpsuit/1_4.tif,Jumpsuit,Jumpsuit__G01,0
1015,/content/drive/MyDrive/FashionAI/datasets/Clo-Sket/Clo-Sket/Jumpsuit/1_5.tif,/content/drive/MyDrive/FashionAI/datasets/Clo-Sket/Clo-Sket/Jumpsuit/1_5.tif,Jumpsuit,Jumpsuit__G01,0
1016,/content/drive/MyDrive/FashionAI/datasets/Clo-Sket/Clo-Sket/Jumpsuit/1_6.tif,/content/drive/MyDrive/FashionAI/datasets/Clo-Sket/Clo-Sket/Jumpsuit/1_6.tif,Jumpsuit,Jumpsuit__G01,0
1017,/content/drive/MyDrive/FashionAI/datasets/Clo-Sket/Clo-Sket/Jumpsuit/1_7.tif,/content/drive/MyDrive/FashionAI/datasets/Clo-Sket/Clo-Sket/Jumpsuit/1_7.tif,Jumpsuit,Jumpsuit__G01,0
1018,/content/drive/MyDrive/FashionAI/datasets/Clo-Sket/Clo-Sket/Jumpsuit/1_8.tif,/content/drive/MyDrive/FashionAI/datasets/Clo-Sket/Clo-Sket/Jumpsuit/1_8.tif,Jumpsuit,Jumpsuit__G01,0
1019,/content/drive/MyDrive/FashionAI/datasets/Clo-Sket/Clo-Sket/Jumpsuit/1_9.tif,/content/drive/MyDrive/FashionAI/datasets/Clo-Sket/Clo-Sket/Jumpsuit/1_9.tif,Jumpsuit,Jumpsuit__G01,0
1020,/content/drive/MyDrive/FashionAI/datasets/Clo-Sket/Clo-Sket/Jumpsuit/2_1.tif,/content/drive/MyDrive/FashionAI/datasets/Clo-Sket/Clo-Sket/Jumpsuit/2_1.tif,Jumpsuit,Jumpsuit__G02,0
1021,/content/drive/MyDrive/FashionAI/datasets/Clo-Sket/Clo-Sket/Jumpsuit/2_10.tif,/content/drive/MyDrive/FashionAI/datasets/Clo-Sket/Clo-Sket/Jumpsuit/2_10.tif,Jumpsuit,Jumpsuit__G02,0
1022,/content/drive/MyDrive/FashionAI/datasets/Clo-Sket/Clo-Sket/Jumpsuit/2_2.tif,/content/drive/MyDrive/FashionAI/datasets/Clo-Sket/Clo-Sket/Jumpsuit/2_2.tif,Jumpsuit,Jumpsuit__G02,0
1023,/content/drive/MyDrive/FashionAI/datasets/Clo-Sket/Clo-Sket/Jumpsuit/2_3.tif,/content/drive/MyDrive/FashionAI/datasets/Clo-Sket/Clo-Sket/Jumpsuit/2_3.tif,Jumpsuit,Jumpsuit__G02,0
1024,/content/drive/MyDrive/FashionAI/datasets/Clo-Sket/Clo-Sket/Jumpsuit/2_5.tif,/content/drive/MyDrive/FashionAI/datasets/Clo-Sket/Clo-Sket/Jumpsuit/2_5.tif,Jumpsuit,Jumpsuit__G02,0
1025,/content/drive/MyDrive/FashionAI/datasets/Clo-Sket/Clo-Sket/Jumpsuit/2_6.tif,/content/drive/MyDrive/FashionAI/datasets/Clo-Sket/Clo-Sket/Jumpsuit/2_6.tif,Jumpsuit,Jumpsuit__G02,0
1026,/content/drive/MyDrive/FashionAI/datasets/Clo-Sket/Clo-Sket/Jumpsuit/2_7.tif,/content/drive/MyDrive/FashionAI/datasets/Clo-Sket/Clo-Sket/Jumpsuit/2_7.tif,Jumpsuit,Jumpsuit__G02,0
1027,/content/drive/MyDrive/FashionAI/datasets/Clo-Sket/Clo-Sket/Jumpsuit/2_8.tif,/content/drive/MyDrive/FashionAI/datasets/Clo-Sket/Clo-Sket/Jumpsuit/2_8.tif,Jumpsuit,Jumpsuit__G02,0
1028,/content/drive/MyDrive/FashionAI/datasets/Clo-Sket/Clo-Sket/Jumpsuit/2_9.tif,/content/drive/MyDrive/FashionAI/datasets/Clo-Sket/Clo-Sket/Jumpsuit/2_9.tif,Jumpsuit,Jumpsuit__G02,0
1029,/content/drive/MyDrive/FashionAI/datasets/Clo-Sket/Clo-Sket/Jumpsuit/3_1.tif,/content/drive/MyDrive/FashionAI/datasets/Clo-Sket/Clo-Sket/Jumpsuit/3_1.tif,Jumpsuit,Jumpsuit__G03,1
1030,/content/drive/MyDrive/FashionAI/datasets/Clo-Sket/Clo-Sket/Jumpsuit/3_10.tif,/content/drive/MyDrive/FashionAI/datasets/Clo-Sket/Clo-Sket/Jumpsuit/3_10.tif,Jumpsuit,Jumpsuit__G03,1
1031,/content/drive/MyDrive/FashionAI/datasets/Clo-Sket/Clo-Sket/Jumpsuit/3_2.tif,/content/drive/MyDrive/FashionAI/datasets/Clo-Sket/Clo-Sket/Jumpsuit/3_2.tif,Jumpsuit,Jumpsuit__G03,1
1032,/content/drive/MyDrive/FashionAI/datasets/Clo-Sket/Clo-Sket/Jumpsuit/3_3.tif,/content/drive/MyDrive/FashionAI/datasets/Clo-Sket/Clo-Sket/Jumpsuit/3_3.tif,Jumpsuit,Jumpsuit__G03,1
1033,/content/drive/MyDrive/FashionAI/datasets/Clo-Sket/Clo-Sket/Jumpsuit/3_4.tif,/content/drive/MyDrive/FashionAI/datasets/Clo-Sket/Clo-Sket/Jumpsuit/3_4.tif,Jumpsuit,Jumpsuit__G03,1
1034,/content/drive/MyDrive/FashionAI/datasets/Clo-Sket/Clo-Sket/Jumpsuit/3_5.tif,/content/drive/MyDrive/FashionAI/datasets/Clo-Sket/Clo-Sket/Jumpsuit/3_5.tif,Jumpsuit,Jumpsuit__G03,1
1035,/content/drive/MyDrive/FashionAI/datasets/Clo-Sket/Clo-Sket/Jumpsuit/3_6.tif,/content/drive/MyDrive/FashionAI/datasets/Clo-Sket/Clo-Sket/Jumpsuit/3_6.tif,Jumpsuit,Jumpsuit__G03,1
1036,/content/drive/MyDrive/FashionAI/datasets/Clo-Sket/Clo-Sket/Jumpsuit/3_7.tif,/content/drive/MyDrive/FashionAI/datasets/Clo-Sket/Clo-Sket/Jumpsuit/3_7.tif,Jumpsuit,Jumpsuit__G03,1
1037,/content/drive/MyDrive/FashionAI/datasets/Clo-Sket/Clo-Sket/Jumpsuit/3_8.tif,/content/drive/MyDrive/FashionAI/datasets/Clo-Sket/Clo-Sket/Jumpsuit/3_8.tif,Jumpsuit,Jumpsuit__G03,1
1038,/content/drive/MyDrive/FashionAI/datasets/Clo-Sket/Clo-Sket/Jumpsuit/3_9.tif,/content/drive/MyDrive/FashionAI/datasets/Clo-Sket/Clo-Sket/Jumpsuit/3_9.tif,Jumpsuit,Jumpsuit__G03,1
1039,/content/drive/MyDrive/FashionAI/datasets/Clo-Sket/Clo-Sket/Jumpsuit/4_1.tif,/content/drive/MyDrive/FashionAI/datasets/Clo-Sket/Clo-Sket/Jumpsuit/4_1.tif,Jumpsuit,Jumpsuit__G04,1
1040,/content/drive/MyDrive/FashionAI/datasets/Clo-Sket/Clo-Sket/Jumpsuit/4_10.tif,/content/drive/MyDrive/FashionAI/datasets/Clo-Sket/Clo-Sket/Jumpsuit/4_10.tif,Jumpsuit,Jumpsuit__G04,1
1041,/content/drive/MyDrive/FashionAI/datasets/Clo-Sket/Clo-Sket/Jumpsuit/4_2.tif,/content/drive/MyDrive/FashionAI/datasets/Clo-Sket/Clo-Sket/Jumpsuit/4_2.tif,Jumpsuit,Jumpsuit__G04,1
1042,/content/drive/MyDrive/FashionAI/datasets/Clo-Sket/Clo-Sket/Jumpsuit/4_3.tif,/content/drive/MyDrive/FashionAI/datasets/Clo-Sket/Clo-Sket/Jumpsuit/4_3.tif,Jumpsuit,Jumpsuit__G04,1
1043,/content/drive/MyDrive/FashionAI/datasets/Clo-Sket/Clo-Sket/Jumpsuit/4_4.tif,/content/drive/MyDrive/FashionAI/datasets/Clo-Sket/Clo-Sket/Jumpsuit/4_4.tif,Jumpsuit,Jumpsuit__G04,1
1044,/content/drive/MyDrive/FashionAI/datasets/Clo-Sket/Clo-Sket/Jumpsuit/4_5.tif,/content/drive/MyDrive/FashionAI/datasets/Clo-Sket/Clo-Sket/Jumpsuit/4_5.tif,Jumpsuit,Jumpsuit__G04,1
1045,/content/drive/MyDrive/FashionAI/datasets/Clo-Sket/Clo-Sket/Jumpsuit/4_6.tif,/content/drive/MyDrive/FashionAI/datasets/Clo-Sket/Clo-Sket/Jumpsuit/4_6.tif,Jumpsuit,Jumpsuit__G04,1
1046,/content/drive/MyDrive/FashionAI/datasets/Clo-Sket/Clo-Sket/Jumpsuit/4_7.tif,/content/drive/MyDrive/FashionAI/datasets/Clo-Sket/Clo-Sket/Jumpsuit/4_7.tif,Jumpsuit,Jumpsuit__G04,1
1047,/content/drive/MyDrive/FashionAI/datasets/Clo-Sket/Clo-Sket/Jumpsuit/4_8.tif,/content/drive/MyDrive/FashionAI/datasets/Clo-Sket/Clo-Sket/Jumpsuit/4_8.tif,Jumpsuit,Jumpsuit__G04,1
1048,/content/drive/MyDrive/FashionAI/datasets/Clo-Sket/Clo-Sket/Jumpsuit/4_9.tif,/content/drive/MyDrive/FashionAI/datasets/Clo-Sket/Clo-Sket/Jumpsuit/4_9.tif,Jumpsuit,Jumpsuit__G04,1
1049,/content/drive/MyDrive/FashionAI/datasets/Clo-Sket/Clo-Sket/Jumpsuit/5_1.tif,/content/drive/MyDrive/FashionAI/datasets/Clo-Sket/Clo-Sket/Jumpsuit/5_1.tif,Jumpsuit,Jumpsuit__G05,2
1050,/content/drive/MyDrive/FashionAI/datasets/Clo-Sket/Clo-Sket/Jumpsuit/5_10.tif,/content/drive/MyDrive/FashionAI/datasets/Clo-Sket/Clo-Sket/Jumpsuit/5_10.tif,Jumpsuit,Jumpsuit__G05,2
1051,/content/drive/MyDrive/FashionAI/datasets/Clo-Sket/Clo-Sket/Jumpsuit/5_2.tif,/content/drive/MyDrive/FashionAI/datasets/Clo-Sket/Clo-Sket/Jumpsuit/5_2.tif,Jumpsuit,Jumpsuit__G05,2
1052,/content/drive/MyDrive/FashionAI/datasets/Clo-Sket/Clo-Sket/Jumpsuit/5_3.tif,/content/drive/MyDrive/FashionAI/datasets/Clo-Sket/Clo-Sket/Jumpsuit/5_3.tif,Jumpsuit,Jumpsuit__G05,2
1053,/content/drive/MyDrive/FashionAI/datasets/Clo-Sket/Clo-Sket/Jumpsuit/5_4.tif,/content/drive/MyDrive/FashionAI/datasets/Clo-Sket/Clo-Sket/Jumpsuit/5_4.tif,Jumpsuit,Jumpsuit__G05,2
1054,/content/drive/MyDrive/FashionAI/datasets/Clo-Sket/Clo-Sket/Jumpsuit/5_5.tif,/content/drive/MyDrive/FashionAI/datasets/Clo-Sket/Clo-Sket/Jumpsuit/5_5.tif,Jumpsuit,Jumpsuit__G05,2
1055,/content/drive/MyDrive/FashionAI/datasets/Clo-Sket/Clo-Sket/Jumpsuit/5_6.tif,/content/drive/MyDrive/FashionAI/datasets/Clo-Sket/Clo-Sket/Jumpsuit/5_6.tif,Jumpsuit,Jumpsuit__G05,2
1056,/content/drive/MyDrive/FashionAI/datasets/Clo-Sket/Clo-Sket/Jumpsuit/5_7.tif,/content/drive/MyDrive/FashionAI/datasets/Clo-Sket/Clo-Sket/Jumpsuit/5_7.tif,Jumpsuit,Jumpsuit__G05,2
1057,/content/drive/MyDrive/FashionAI/datasets/Clo-Sket/Clo-Sket/Jumpsuit/5_8.tif,/content/drive/MyDrive/FashionAI/datasets/Clo-Sket/Clo-Sket/Jumpsuit/5_8.tif,Jumpsuit,Jumpsuit__G05,2
1058,/content/drive/MyDrive/FashionAI/datasets/Clo-Sket/Clo-Sket/Jumpsuit/5_9.tif,/content/drive/MyDrive/FashionAI/datasets/Clo-Sket/Clo-Sket/Jumpsuit/5_9.tif,Jumpsuit,Jumpsuit__G05,2
1059,/content/drive/MyDrive/FashionAI/datasets/Clo-Sket/Clo-Sket/Jumpsuit/6_1.tif,/content/drive/MyDrive/FashionAI/datasets/Clo-Sket/Clo-Sket/Jumpsuit/6_1.tif,Jumpsuit,Jumpsuit__G06,2
1060,/content/drive/MyDrive/FashionAI/datasets/Clo-Sket/Clo-Sket/Jumpsuit/6_10.tif,/content/drive/MyDrive/FashionAI/datasets/Clo-Sket/Clo-Sket/Jumpsuit/6_10.tif,Jumpsuit,Jumpsuit__G06,2
1061,/content/drive/MyDrive/FashionAI/datasets/Clo-Sket/Clo-Sket/Jumpsuit/6_11.tif,/content/drive/MyDrive/FashionAI/datasets/Clo-Sket/Clo-Sket/Jumpsuit/6_11.tif,Jumpsuit,Jumpsuit__G06,2
1062,/content/drive/MyDrive/FashionAI/datasets/Clo-Sket/Clo-Sket/Jumpsuit/6_2.tif,/content/drive/MyDrive/FashionAI/datasets/Clo-Sket/Clo-Sket/Jumpsuit/6_2.tif,Jumpsuit,Jumpsuit__G06,2
1063,/content/drive/MyDrive/FashionAI/datasets/Clo-Sket/Clo-Sket/Jumpsuit/6_3.tif,/content/drive/MyDrive/FashionAI/datasets/Clo-Sket/Clo-Sket/Jumpsuit/6_3.tif,Jumpsuit,Jumpsuit__G06,2
1064,/content/drive/MyDrive/FashionAI/datasets/Clo-Sket/Clo-Sket/Jumpsuit/6_4.tif,/content/drive/MyDrive/FashionAI/datasets/Clo-Sket/Clo-Sket/Jumpsuit/6_4.tif,Jumpsuit,Jumpsuit__G06,2
1065,/content/drive/MyDrive/FashionAI/datasets/Clo-Sket/Clo-Sket/Jumpsuit/6_5.tif,/content/drive/MyDrive/FashionAI/datasets/Clo-Sket/Clo-Sket/Jumpsuit/6_5.tif,Jumpsuit,Jumpsuit__G06,2
1066,/content/drive/MyDrive/FashionAI/datasets/Clo-Sket/Clo-Sket/Jumpsuit/6_6.tif,/content/drive/MyDrive/FashionAI/datasets/Clo-Sket/Clo-Sket/Jumpsuit/6_6.tif,Jumpsuit,Jumpsuit__G06,2
1067,/content/drive/MyDrive/FashionAI/datasets/Clo-Sket/Clo-Sket/Jumpsuit/6_7.tif,/content/drive/MyDrive/FashionAI/datasets/Clo-Sket/Clo-Sket/Jumpsuit/6_7.tif,Jumpsuit,Jumpsuit__G06,2
1068,/content/drive/MyDrive/FashionAI/datasets/Clo-Sket/Clo-Sket/Jumpsuit/6_8.tif,/content/drive/MyDrive/FashionAI/datasets/Clo-Sket/Clo-Sket/Jumpsuit/6_8.tif,Jumpsuit,Jumpsuit__G06,2
1069,/content/drive/MyDrive/FashionAI/datasets/Clo-Sket/Clo-Sket/Jumpsuit/6_9.tif,/content/drive/MyDrive/FashionAI/datasets/Clo-Sket/Clo-Sket/Jumpsuit/6_9.tif,Jumpsuit,Jumpsuit__G06,2
1070,/content/drive/MyDrive/FashionAI/datasets/Clo-Sket/Clo-Sket/Jumpsuit/7_1.tif,/content/drive/MyDrive/FashionAI/datasets/Clo-Sket/Clo-Sket/Jumpsuit/7_1.tif,Jumpsuit,Jumpsuit__G07,3
1071,/content/drive/MyDrive/FashionAI/datasets/Clo-Sket/Clo-Sket/Jumpsuit/7_10.tif,/content/drive/MyDrive/FashionAI/datasets/Clo-Sket/Clo-Sket/Jumpsuit/7_10.tif,Jumpsuit,Jumpsuit__G07,3
1072,/content/drive/MyDrive/FashionAI/datasets/Clo-Sket/Clo-Sket/Jumpsuit/7_2.tif,/content/drive/MyDrive/FashionAI/datasets/Clo-Sket/Clo-Sket/Jumpsuit/7_2.tif,Jumpsuit,Jumpsuit__G07,3
1073,/content/drive/MyDrive/FashionAI/datasets/Clo-Sket/Clo-Sket/Jumpsuit/7_3.tif,/content/drive/MyDrive/FashionAI/datasets/Clo-Sket/Clo-Sket/Jumpsuit/7_3.tif,Jumpsuit,Jumpsuit__G07,3
1074,/content/drive/MyDrive/FashionAI/datasets/Clo-Sket/Clo-Sket/Jumpsuit/7_4.tif,/content/drive/MyDrive/FashionAI/datasets/Clo-Sket/Clo-Sket/Jumpsuit/7_4.tif,Jumpsuit,Jumpsuit__G07,3
1075,/content/drive/MyDrive/FashionAI/datasets/Clo-Sket/Clo-Sket/Jumpsuit/7_5.tif,/content/drive/MyDrive/FashionAI/datasets/Clo-Sket/Clo-Sket/Jumpsuit/7_5.tif,Jumpsuit,Jumpsuit__G07,3
1076,/content/drive/MyDrive/FashionAI/datasets/Clo-Sket/Clo-Sket/Jumpsuit/7_6.tif,/content/drive/MyDrive/FashionAI/datasets/Clo-Sket/Clo-Sket/Jumpsuit/7_6.tif,Jumpsuit,Jumpsuit__G07,3
1077,/content/drive/MyDrive/FashionAI/datasets/Clo-Sket/Clo-Sket/Jumpsuit/7_7.tif,/content/drive/MyDrive/FashionAI/datasets/Clo-Sket/Clo-Sket/Jumpsuit/7_7.tif,Jumpsuit,Jumpsuit__G07,3
1078,/content/drive/MyDrive/FashionAI/datasets/Clo-Sket/Clo-Sket/Jumpsuit/7_8.tif,/content/drive/MyDrive/FashionAI/datasets/Clo-Sket/Clo-Sket/Jumpsuit/7_8.tif,Jumpsuit,Jumpsuit__G07,3
1079,/content/drive/MyDrive/FashionAI/datasets/Clo-Sket/Clo-Sket/Jumpsuit/7_9.tif,/content/drive/MyDrive/FashionAI/datasets/Clo-Sket/Clo-Sket/Jumpsuit/7_9.tif,Jumpsuit,Jumpsuit__G07,3
1080,/content/drive/MyDrive/FashionAI/datasets/Clo-Sket/Clo-Sket/Jumpsuit/8-10.tif,/content/drive/MyDrive/FashionAI/datasets/Clo-Sket/Clo-Sket/Jumpsuit/8-10.tif,Jumpsuit,Jumpsuit__G08,3
1081,/content/drive/MyDrive/FashionAI/datasets/Clo-Sket/Clo-Sket/Jumpsuit/8-3.tif,/content/drive/MyDrive/FashionAI/datasets/Clo-Sket/Clo-Sket/Jumpsuit/8-3.tif,Jumpsuit,Jumpsuit__G08,3
1082,/content/drive/MyDrive/FashionAI/datasets/Clo-Sket/Clo-Sket/Jumpsuit/8-4.tif,/content/drive/MyDrive/FashionAI/datasets/Clo-Sket/Clo-Sket/Jumpsuit/8-4.tif,Jumpsuit,Jumpsuit__G08,3
1083,/content/drive/MyDrive/FashionAI/datasets/Clo-Sket/Clo-Sket/Jumpsuit/8-5.tif,/content/drive/MyDrive/FashionAI/datasets/Clo-Sket/Clo-Sket/Jumpsuit/8-5.tif,Jumpsuit,Jumpsuit__G08,3
1084,/content/drive/MyDrive/FashionAI/datasets/Clo-Sket/Clo-Sket/Jumpsuit/8-6.tif,/content/drive/MyDrive/FashionAI/datasets/Clo-Sket/Clo-Sket/Jumpsuit/8-6.tif,Jumpsuit,Jumpsuit__G08,3
1085,/content/drive/MyDrive/FashionAI/datasets/Clo-Sket/Clo-Sket/Jumpsuit/8_1.tif,/content/drive/MyDrive/FashionAI/datasets/Clo-Sket/Clo-Sket/Jumpsuit/8_1.tif,Jumpsuit,Jumpsuit__G08,3
1086,/content/drive/MyDrive/FashionAI/datasets/Clo-Sket/Clo-Sket/Jumpsuit/8_2.tif,/content/drive/MyDrive/FashionAI/datasets/Clo-Sket/Clo-Sket/Jumpsuit/8_2.tif,Jumpsuit,Jumpsuit__G08,3
1087,/content/drive/MyDrive/FashionAI/datasets/Clo-Sket/Clo-Sket/Jumpsuit/8_7.tif,/content/drive/MyDrive/FashionAI/datasets/Clo-Sket/Clo-Sket/Jumpsuit/8_7.tif,Jumpsuit,Jumpsuit__G08,3
1088,/content/drive/MyDrive/FashionAI/datasets/Clo-Sket/Clo-Sket/Jumpsuit/8_8.tif,/content/drive/MyDrive/FashionAI/datasets/Clo-Sket/Clo-Sket/Jumpsuit/8_8.tif,Jumpsuit,Jumpsuit__G08,3
1089,/content/drive/MyDrive/FashionAI/datasets/Clo-Sket/Clo-Sket/Jumpsuit/8_9.tif,/content/drive/MyDrive/FashionAI/datasets/Clo-Sket/Clo-Sket/Jumpsuit/8_9.tif,Jumpsuit,Jumpsuit__G08,3
1090,/content/drive/MyDrive/FashionAI/datasets/Clo-Sket/Clo-Sket/Jumpsuit/9-10.tif,/content/drive/MyDrive/FashionAI/datasets/Clo-Sket/Clo-Sket/Jumpsuit/9-10.tif,Jumpsuit,Jumpsuit__G09,4
1091,/content/drive/MyDrive/FashionAI/datasets/Clo-Sket/Clo-Sket/Jumpsuit/9-3.tif,/content/drive/MyDrive/FashionAI/datasets/Clo-Sket/Clo-Sket/Jumpsuit/9-3.tif,Jumpsuit,Jumpsuit__G09,4
1092,/content/drive/MyDrive/FashionAI/datasets/Clo-Sket/Clo-Sket/Jumpsuit/9-4.tif,/content/drive/MyDrive/FashionAI/datasets/Clo-Sket/Clo-Sket/Jumpsuit/9-4.tif,Jumpsuit,Jumpsuit__G09,4
1093,/content/drive/MyDrive/FashionAI/datasets/Clo-Sket/Clo-Sket/Jumpsuit/9-5.tif,/content/drive/MyDrive/FashionAI/datasets/Clo-Sket/Clo-Sket/Jumpsuit/9-5.tif,Jumpsuit,Jumpsuit__G09,4
1094,/content/drive/MyDrive/FashionAI/datasets/Clo-Sket/Clo-Sket/Jumpsuit/9-6.tif,/content/drive/MyDrive/FashionAI/datasets/Clo-Sket/Clo-Sket/Jumpsuit/9-6.tif,Jumpsuit,Jumpsuit__G09,4
1095,/content/drive/MyDrive/FashionAI/datasets/Clo-Sket/Clo-Sket/Jumpsuit/9_1.tif,/content/drive/MyDrive/FashionAI/datasets/Clo-Sket/Clo-Sket/Jumpsuit/9_1.tif,Jumpsuit,Jumpsuit__G09,4
1096,/content/drive/MyDrive/FashionAI/datasets/Clo-Sket/Clo-Sket/Jumpsuit/9_2.tif,/content/drive/MyDrive/FashionAI/datasets/Clo-Sket/Clo-Sket/Jumpsuit/9_2.tif,Jumpsuit,Jumpsuit__G09,4
1097,/content/drive/MyDrive/FashionAI/datasets/Clo-Sket/Clo-Sket/Jumpsuit/9_7.tif,/content/drive/MyDrive/FashionAI/datasets/Clo-Sket/Clo-Sket/Jumpsuit/9_7.tif,Jumpsuit,Jumpsuit__G09,4
1098,/content/drive/MyDrive/FashionAI/datasets/Clo-Sket/Clo-Sket/Jumpsuit/9_8.tif,/content/drive/MyDrive/FashionAI/datasets/Clo-Sket/Clo-Sket/Jumpsuit/9_8.tif,Jumpsuit,Jumpsuit__G09,4
1099,/content/drive/MyDrive/FashionAI/datasets/Clo-Sket/Clo-Sket/Jumpsuit/9_9.tif,/content/drive/MyDrive/FashionAI/datasets/Clo-Sket/Clo-Sket/Jumpsuit/9_9.tif,Jumpsuit,Jumpsuit__G09,4
1100,/content/drive/MyDrive/FashionAI/datasets/Clo-Sket/Clo-Sket/Mermaid/10_1.tif,/content/drive/MyDrive/FashionAI/datasets/Clo-Sket/Clo-Sket/Mermaid/10_1.tif,Mermaid,Mermaid__G10,4
1101,/content/drive/MyDrive/FashionAI/datasets/Clo-Sket/Clo-Sket/Mermaid/10_10.tif,/content/drive/MyDrive/FashionAI/datasets/Clo-Sket/Clo-Sket/Mermaid/10_10.tif,Mermaid,Mermaid__G10,4
1102,/content/drive/MyDrive/FashionAI/datasets/Clo-Sket/Clo-Sket/Mermaid/10_2.tif,/content/drive/MyDrive/FashionAI/datasets/Clo-Sket/Clo-Sket/Mermaid/10_2.tif,Mermaid,Mermaid__G10,4
1103,/content/drive/MyDrive/FashionAI/datasets/Clo-Sket/Clo-Sket/Mermaid/10_3.tif,/content/drive/MyDrive/FashionAI/datasets/Clo-Sket/Clo-Sket/Mermaid/10_3.tif,Mermaid,Mermaid__G10,4
1104,/content/drive/MyDrive/FashionAI/datasets/Clo-Sket/Clo-Sket/Mermaid/10_4.tif,/content/drive/MyDrive/FashionAI/datasets/Clo-Sket/Clo-Sket/Mermaid/10_4.tif,Mermaid,Mermaid__G10,4
1105,/content/drive/MyDrive/FashionAI/datasets/Clo-Sket/Clo-Sket/Mermaid/10_5.tif,/content/drive/MyDrive/FashionAI/datasets/Clo-Sket/Clo-Sket/Mermaid/10_5.tif,Mermaid,Mermaid__G10,4
1106,/content/drive/MyDrive/FashionAI/datasets/Clo-Sket/Clo-Sket/Mermaid/10_6.tif,/content/drive/MyDrive/FashionAI/datasets/Clo-Sket/Clo-Sket/Mermaid/10_6.tif,Mermaid,Mermaid__G10,4
1107,/content/drive/MyDrive/FashionAI/datasets/Clo-Sket/Clo-Sket/Mermaid/10_7.tif,/content/drive/MyDrive/FashionAI/datasets/Clo-Sket/Clo-Sket/Mermaid/10_7.tif,Mermaid,Mermaid__G10,4
1108,/content/drive/MyDrive/FashionAI/datasets/Clo-Sket/Clo-Sket/Mermaid/10_8.tif,/content/drive/MyDrive/FashionAI/datasets/Clo-Sket/Clo-Sket/Mermaid/10_8.tif,Mermaid,Mermaid__G10,4
1109,/content/drive/MyDrive/FashionAI/datasets/Clo-Sket/Clo-Sket/Mermaid/10_9.tif,/content/drive/MyDrive/FashionAI/datasets/Clo-Sket/Clo-Sket/Mermaid/10_9.tif,Mermaid,Mermaid__G10,4
1110,/content/drive/MyDrive/FashionAI/datasets/Clo-Sket/Clo-Sket/Mermaid/1_1.tif,/content/drive/MyDrive/FashionAI/datasets/Clo-Sket/Clo-Sket/Mermaid/1_1.tif,Mermaid,Mermaid__G01,0
1111,/content/drive/MyDrive/FashionAI/datasets/Clo-Sket/Clo-Sket/Mermaid/1_10.tif,/content/drive/MyDrive/FashionAI/datasets/Clo-Sket/Clo-Sket/Mermaid/1_10.tif,Mermaid,Mermaid__G01,0
1112,/content/drive/MyDrive/FashionAI/datasets/Clo-Sket/Clo-Sket/Mermaid/1_2.tif,/content/drive/MyDrive/FashionAI/datasets/Clo-Sket/Clo-Sket/Mermaid/1_2.tif,Mermaid,Mermaid__G01,0
1113,/content/drive/MyDrive/FashionAI/datasets/Clo-Sket/Clo-Sket/Mermaid/1_3.tif,/content/drive/MyDrive/FashionAI/datasets/Clo-Sket/Clo-Sket/Mermaid/1_3.tif,Mermaid,Mermaid__G01,0
1114,/content/drive/MyDrive/FashionAI/datasets/Clo-Sket/Clo-Sket/Mermaid/1_4.tif,/content/drive/MyDrive/FashionAI/datasets/Clo-Sket/Clo-Sket/Mermaid/1_4.tif,Mermaid,Mermaid__G01,0
1115,/content/drive/MyDrive/FashionAI/datasets/Clo-Sket/Clo-Sket/Mermaid/1_5.tif,/content/drive/MyDrive/FashionAI/datasets/Clo-Sket/Clo-Sket/Mermaid/1_5.tif,Mermaid,Mermaid__G01,0
1116,/content/drive/MyDrive/FashionAI/datasets/Clo-Sket/Clo-Sket/Mermaid/1_6.tif,/content/drive/MyDrive/FashionAI/datasets/Clo-Sket/Clo-Sket/Mermaid/1_6.tif,Mermaid,Mermaid__G01,0
1117,/content/drive/MyDrive/FashionAI/datasets/Clo-Sket/Clo-Sket/Mermaid/1_7.tif,/content/drive/MyDrive/FashionAI/datasets/Clo-Sket/Clo-Sket/Mermaid/1_7.tif,Mermaid,Mermaid__G01,0
1118,/content/drive/MyDrive/FashionAI/datasets/Clo-Sket/Clo-Sket/Mermaid/1_8.tif,/content/drive/MyDrive/FashionAI/datasets/Clo-Sket/Clo-Sket/Mermaid/1_8.tif,Mermaid,Mermaid__G01,0
1119,/content/drive/MyDrive/FashionAI/datasets/Clo-Sket/Clo-Sket/Mermaid/1_9.tif,/content/drive/MyDrive/FashionAI/datasets/Clo-Sket/Clo-Sket/Mermaid/1_9.tif,Mermaid,Mermaid__G01,0
1120,/content/drive/MyDrive/FashionAI/datasets/Clo-Sket/Clo-Sket/Mermaid/2_1.tif,/content/drive/MyDrive/FashionAI/datasets/Clo-Sket/Clo-Sket/Mermaid/2_1.tif,Mermaid,Mermaid__G02,0
1121,/content/drive/MyDrive/FashionAI/datasets/Clo-Sket/Clo-Sket/Mermaid/2_10.tif,/content/drive/MyDrive/FashionAI/datasets/Clo-Sket/Clo-Sket/Mermaid/2_10.tif,Mermaid,Mermaid__G02,0
1122,/content/drive/MyDrive/FashionAI/datasets/Clo-Sket/Clo-Sket/Mermaid/2_2.tif,/content/drive/MyDrive/FashionAI/datasets/Clo-Sket/Clo-Sket/Mermaid/2_2.tif,Mermaid,Mermaid__G02,0
1123,/content/drive/MyDrive/FashionAI/datasets/Clo-Sket/Clo-Sket/Mermaid/2_3.tif,/content/drive/MyDrive/FashionAI/datasets/Clo-Sket/Clo-Sket/Mermaid/2_3.tif,Mermaid,Mermaid__G02,0
1124,/content/drive/MyDrive/FashionAI/datasets/Clo-Sket/Clo-Sket/Mermaid/2_4.tif,/content/drive/MyDrive/FashionAI/datasets/Clo-Sket/Clo-Sket/Mermaid/2_4.tif,Mermaid,Mermaid__G02,0
1125,/content/drive/MyDrive/FashionAI/datasets/Clo-Sket/Clo-Sket/Mermaid/2_5.tif,/content/drive/MyDrive/FashionAI/datasets/Clo-Sket/Clo-Sket/Mermaid/2_5.tif,Mermaid,Mermaid__G02,0
1126,/content/drive/MyDrive/FashionAI/datasets/Clo-Sket/Clo-Sket/Mermaid/2_6.tif,/content/drive/MyDrive/FashionAI/datasets/Clo-Sket/Clo-Sket/Mermaid/2_6.tif,Mermaid,Mermaid__G02,0
1127,/content/drive/MyDrive/FashionAI/datasets/Clo-Sket/Clo-Sket/Mermaid/2_7.tif,/content/drive/MyDrive/FashionAI/datasets/Clo-Sket/Clo-Sket/Mermaid/2_7.tif,Mermaid,Mermaid__G02,0
1128,/content/drive/MyDrive/FashionAI/datasets/Clo-Sket/Clo-Sket/Mermaid/2_8.tif,/content/drive/MyDrive/FashionAI/datasets/Clo-Sket/Clo-Sket/Mermaid/2_8.tif,Mermaid,Mermaid__G02,0
1129,/content/drive/MyDrive/FashionAI/datasets/Clo-Sket/Clo-Sket/Mermaid/2_9.tif,/content/drive/MyDrive/FashionAI/datasets/Clo-Sket/Clo-Sket/Mermaid/2_9.tif,Mermaid,Mermaid__G02,0
1130,/content/drive/MyDrive/FashionAI/datasets/Clo-Sket/Clo-Sket/Mermaid/3_1.tif,/content/drive/MyDrive/FashionAI/datasets/Clo-Sket/Clo-Sket/Mermaid/3_1.tif,Mermaid,Mermaid__G03,1
1131,/content/drive/MyDrive/FashionAI/datasets/Clo-Sket/Clo-Sket/Mermaid/3_10.tif,/content/drive/MyDrive/FashionAI/datasets/Clo-Sket/Clo-Sket/Mermaid/3_10.tif,Mermaid,Mermaid__G03,1
1132,/content/drive/MyDrive/FashionAI/datasets/Clo-Sket/Clo-Sket/Mermaid/3_2.tif,/content/drive/MyDrive/FashionAI/datasets/Clo-Sket/Clo-Sket/Mermaid/3_2.tif,Mermaid,Mermaid__G03,1
1133,/content/drive/MyDrive/FashionAI/datasets/Clo-Sket/Clo-Sket/Mermaid/3_3.tif,/content/drive/MyDrive/FashionAI/datasets/Clo-Sket/Clo-Sket/Mermaid/3_3.tif,Mermaid,Mermaid__G03,1
1134,/content/drive/MyDrive/FashionAI/datasets/Clo-Sket/Clo-Sket/Mermaid/3_4.tif,/content/drive/MyDrive/FashionAI/datasets/Clo-Sket/Clo-Sket/Mermaid/3_4.tif,Mermaid,Mermaid__G03,1
1135,/content/drive/MyDrive/FashionAI/datasets/Clo-Sket/Clo-Sket/Mermaid/3_5.tif,/content/drive/MyDrive/FashionAI/datasets/Clo-Sket/Clo-Sket/Mermaid/3_5.tif,Mermaid,Mermaid__G03,1
1136,/content/drive/MyDrive/FashionAI/datasets/Clo-Sket/Clo-Sket/Mermaid/3_6.tif,/content/drive/MyDrive/FashionAI/datasets/Clo-Sket/Clo-Sket/Mermaid/3_6.tif,Mermaid,Mermaid__G03,1
1137,/content/drive/MyDrive/FashionAI/datasets/Clo-Sket/Clo-Sket/Mermaid/3_7.tif,/content/drive/MyDrive/FashionAI/datasets/Clo-Sket/Clo-Sket/Mermaid/3_7.tif,Mermaid,Mermaid__G03,1
1138,/content/drive/MyDrive/FashionAI/datasets/Clo-Sket/Clo-Sket/Mermaid/3_8.tif,/content/drive/MyDrive/FashionAI/datasets/Clo-Sket/Clo-Sket/Mermaid/3_8.tif,Mermaid,Mermaid__G03,1
1139,/content/drive/MyDrive/FashionAI/datasets/Clo-Sket/Clo-Sket/Mermaid/3_9.tif,/content/drive/MyDrive/FashionAI/datasets/Clo-Sket/Clo-Sket/Mermaid/3_9.tif,Mermaid,Mermaid__G03,1
1140,/content/drive/MyDrive/FashionAI/datasets/Clo-Sket/Clo-Sket/Mermaid/4_1.tif,/content/drive/MyDrive/FashionAI/datasets/Clo-Sket/Clo-Sket/Mermaid/4_1.tif,Mermaid,Mermaid__G04,1
1141,/content/drive/MyDrive/FashionAI/datasets/Clo-Sket/Clo-Sket/Mermaid/4_10.tif,/content/drive/MyDrive/FashionAI/datasets/Clo-Sket/Clo-Sket/Mermaid/4_10.tif,Mermaid,Mermaid__G04,1
1142,/content/drive/MyDrive/FashionAI/datasets/Clo-Sket/Clo-Sket/Mermaid/4_2.tif,/content/drive/MyDrive/FashionAI/datasets/Clo-Sket/Clo-Sket/Mermaid/4_2.tif,Mermaid,Mermaid__G04,1
1143,/content/drive/MyDrive/FashionAI/datasets/Clo-Sket/Clo-Sket/Mermaid/4_3.tif,/content/drive/MyDrive/FashionAI/datasets/Clo-Sket/Clo-Sket/Mermaid/4_3.tif,Mermaid,Mermaid__G04,1
1144,/content/drive/MyDrive/FashionAI/datasets/Clo-Sket/Clo-Sket/Mermaid/4_4.tif,/content/drive/MyDrive/FashionAI/datasets/Clo-Sket/Clo-Sket/Mermaid/4_4.tif,Mermaid,Mermaid__G04,1
1145,/content/drive/MyDrive/FashionAI/datasets/Clo-Sket/Clo-Sket/Mermaid/4_5.tif,/content/drive/MyDrive/FashionAI/datasets/Clo-Sket/Clo-Sket/Mermaid/4_5.tif,Mermaid,Mermaid__G04,1
1146,/content/drive/MyDrive/FashionAI/datasets/Clo-Sket/Clo-Sket/Mermaid/4_6.tif,/content/drive/MyDrive/FashionAI/datasets/Clo-Sket/Clo-Sket/Mermaid/4_6.tif,Mermaid,Mermaid__G04,1
1147,/content/drive/MyDrive/FashionAI/datasets/Clo-Sket/Clo-Sket/Mermaid/4_7.tif,/content/drive/MyDrive/FashionAI/datasets/Clo-Sket/Clo-Sket/Mermaid/4_7.tif,Mermaid,Mermaid__G04,1
1148,/content/drive/MyDrive/FashionAI/datasets/Clo-Sket/Clo-Sket/Mermaid/4_8.tif,/content/drive/MyDrive/FashionAI/datasets/Clo-Sket/Clo-Sket/Mermaid/4_8.tif,Mermaid,Mermaid__G04,1
1149,/content/drive/MyDrive/FashionAI/datasets/Clo-Sket/Clo-Sket/Mermaid/4_9.tif,/content/drive/MyDrive/FashionAI/datasets/Clo-Sket/Clo-Sket/Mermaid/4_9.tif,Mermaid,Mermaid__G04,1
1150,/content/drive/MyDrive/FashionAI/datasets/Clo-Sket/Clo-Sket/Mermaid/5_1.tif,/content/drive/MyDrive/FashionAI/datasets/Clo-Sket/Clo-Sket/Mermaid/5_1.tif,Mermaid,Mermaid__G05,2
1151,/content/drive/MyDrive/FashionAI/datasets/Clo-Sket/Clo-Sket/Mermaid/5_10.tif,/content/drive/MyDrive/FashionAI/datasets/Clo-Sket/Clo-Sket/Mermaid/5_10.tif,Mermaid,Mermaid__G05,2
1152,/content/drive/MyDrive/FashionAI/datasets/Clo-Sket/Clo-Sket/Mermaid/5_2.tif,/content/drive/MyDrive/FashionAI/datasets/Clo-Sket/Clo-Sket/Mermaid/5_2.tif,Mermaid,Mermaid__G05,2
1153,/content/drive/MyDrive/FashionAI/datasets/Clo-Sket/Clo-Sket/Mermaid/5_3.tif,/content/drive/MyDrive/FashionAI/datasets/Clo-Sket/Clo-Sket/Mermaid/5_3.tif,Mermaid,Mermaid__G05,2
1154,/content/drive/MyDrive/FashionAI/datasets/Clo-Sket/Clo-Sket/Mermaid/5_4.tif,/content/drive/MyDrive/FashionAI/datasets/Clo-Sket/Clo-Sket/Mermaid/5_4.tif,Mermaid,Mermaid__G05,2
1155,/content/drive/MyDrive/FashionAI/datasets/Clo-Sket/Clo-Sket/Mermaid/5_5.tif,/content/drive/MyDrive/FashionAI/datasets/Clo-Sket/Clo-Sket/Mermaid/5_5.tif,Mermaid,Mermaid__G05,2
1156,/content/drive/MyDrive/FashionAI/datasets/Clo-Sket/Clo-Sket/Mermaid/5_6.tif,/content/drive/MyDrive/FashionAI/datasets/Clo-Sket/Clo-Sket/Mermaid/5_6.tif,Mermaid,Mermaid__G05,2
1157,/content/drive/MyDrive/FashionAI/datasets/Clo-Sket/Clo-Sket/Mermaid/5_7.tif,/content/drive/MyDrive/FashionAI/datasets/Clo-Sket/Clo-Sket/Mermaid/5_7.tif,Mermaid,Mermaid__G05,2
1158,/content/drive/MyDrive/FashionAI/datasets/Clo-Sket/Clo-Sket/Mermaid/5_8.tif,/content/drive/MyDrive/FashionAI/datasets/Clo-Sket/Clo-Sket/Mermaid/5_8.tif,Mermaid,Mermaid__G05,2
1159,/content/drive/MyDrive/FashionAI/datasets/Clo-Sket/Clo-Sket/Mermaid/5_9.tif,/content/drive/MyDrive/FashionAI/datasets/Clo-Sket/Clo-Sket/Mermaid/5_9.tif,Mermaid,Mermaid__G05,2
1160,/content/drive/MyDrive/FashionAI/datasets/Clo-Sket/Clo-Sket/Mermaid/6_1.tif,/content/drive/MyDrive/FashionAI/datasets/Clo-Sket/Clo-Sket/Mermaid/6_1.tif,Mermaid,Mermaid__G06,2
1161,/content/drive/MyDrive/FashionAI/datasets/Clo-Sket/Clo-Sket/Mermaid/6_10.tif,/content/drive/MyDrive/FashionAI/datasets/Clo-Sket/Clo-Sket/Mermaid/6_10.tif,Mermaid,Mermaid__G06,2
1162,/content/drive/MyDrive/FashionAI/datasets/Clo-Sket/Clo-Sket/Mermaid/6_2.tif,/content/drive/MyDrive/FashionAI/datasets/Clo-Sket/Clo-Sket/Mermaid/6_2.tif,Mermaid,Mermaid__G06,2
1163,/content/drive/MyDrive/FashionAI/datasets/Clo-Sket/Clo-Sket/Mermaid/6_3.tif,/content/drive/MyDrive/FashionAI/datasets/Clo-Sket/Clo-Sket/Mermaid/6_3.tif,Mermaid,Mermaid__G06,2
1164,/content/drive/MyDrive/FashionAI/datasets/Clo-Sket/Clo-Sket/Mermaid/6_4.tif,/content/drive/MyDrive/FashionAI/datasets/Clo-Sket/Clo-Sket/Mermaid/6_4.tif,Mermaid,Mermaid__G06,2
1165,/content/drive/MyDrive/FashionAI/datasets/Clo-Sket/Clo-Sket/Mermaid/6_5.tif,/content/drive/MyDrive/FashionAI/datasets/Clo-Sket/Clo-Sket/Mermaid/6_5.tif,Mermaid,Mermaid__G06,2
1166,/content/drive/MyDrive/FashionAI/datasets/Clo-Sket/Clo-Sket/Mermaid/6_6.tif,/content/drive/MyDrive/FashionAI/datasets/Clo-Sket/Clo-Sket/Mermaid/6_6.tif,Mermaid,Mermaid__G06,2
1167,/content/drive/MyDrive/FashionAI/datasets/Clo-Sket/Clo-Sket/Mermaid/6_7.tif,/content/drive/MyDrive/FashionAI/datasets/Clo-Sket/Clo-Sket/Mermaid/6_7.tif,Mermaid,Mermaid__G06,2
1168,/content/drive/MyDrive/FashionAI/datasets/Clo-Sket/Clo-Sket/Mermaid/6_8.tif,/content/drive/MyDrive/FashionAI/datasets/Clo-Sket/Clo-Sket/Mermaid/6_8.tif,Mermaid,Mermaid__G06,2
1169,/content/drive/MyDrive/FashionAI/datasets/Clo-Sket/Clo-Sket/Mermaid/6_9.tif,/content/drive/MyDrive/FashionAI/datasets/Clo-Sket/Clo-Sket/Mermaid/6_9.tif,Mermaid,Mermaid__G06,2
1170,/content/drive/MyDrive/FashionAI/datasets/Clo-Sket/Clo-Sket/Mermaid/7_1.tif,/content/drive/MyDrive/FashionAI/datasets/Clo-Sket/Clo-Sket/Mermaid/7_1.tif,Mermaid,Mermaid__G07,3
1171,/content/drive/MyDrive/FashionAI/datasets/Clo-Sket/Clo-Sket/Mermaid/7_10.tif,/content/drive/MyDrive/FashionAI/datasets/Clo-Sket/Clo-Sket/Mermaid/7_10.tif,Mermaid,Mermaid__G07,3
1172,/content/drive/MyDrive/FashionAI/datasets/Clo-Sket/Clo-Sket/Mermaid/7_2.tif,/content/drive/MyDrive/FashionAI/datasets/Clo-Sket/Clo-Sket/Mermaid/7_2.tif,Mermaid,Mermaid__G07,3
1173,/content/drive/MyDrive/FashionAI/datasets/Clo-Sket/Clo-Sket/Mermaid/7_3.tif,/content/drive/MyDrive/FashionAI/datasets/Clo-Sket/Clo-Sket/Mermaid/7_3.tif,Mermaid,Mermaid__G07,3
1174,/content/drive/MyDrive/FashionAI/datasets/Clo-Sket/Clo-Sket/Mermaid/7_4.tif,/content/drive/MyDrive/FashionAI/datasets/Clo-Sket/Clo-Sket/Mermaid/7_4.tif,Mermaid,Mermaid__G07,3
1175,/content/drive/MyDrive/FashionAI/datasets/Clo-Sket/Clo-Sket/Mermaid/7_5.tif,/content/drive/MyDrive/FashionAI/datasets/Clo-Sket/Clo-Sket/Mermaid/7_5.tif,Mermaid,Mermaid__G07,3
1176,/content/drive/MyDrive/FashionAI/datasets/Clo-Sket/Clo-Sket/Mermaid/7_6.tif,/content/drive/MyDrive/FashionAI/datasets/Clo-Sket/Clo-Sket/Mermaid/7_6.tif,Mermaid,Mermaid__G07,3
1177,/content/drive/MyDrive/FashionAI/datasets/Clo-Sket/Clo-Sket/Mermaid/7_7.tif,/content/drive/MyDrive/FashionAI/datasets/Clo-Sket/Clo-Sket/Mermaid/7_7.tif,Mermaid,Mermaid__G07,3
1178,/content/drive/MyDrive/FashionAI/datasets/Clo-Sket/Clo-Sket/Mermaid/7_8.tif,/content/drive/MyDrive/FashionAI/datasets/Clo-Sket/Clo-Sket/Mermaid/7_8.tif,Mermaid,Mermaid__G07,3
1179,/content/drive/MyDrive/FashionAI/datasets/Clo-Sket/Clo-Sket/Mermaid/7_9.tif,/content/drive/MyDrive/FashionAI/datasets/Clo-Sket/Clo-Sket/Mermaid/7_9.tif,Mermaid,Mermaid__G07,3
1180,/content/drive/MyDrive/FashionAI/datasets/Clo-Sket/Clo-Sket/Mermaid/8_1.tif,/content/drive/MyDrive/FashionAI/datasets/Clo-Sket/Clo-Sket/Mermaid/8_1.tif,Mermaid,Mermaid__G08,3
1181,/content/drive/MyDrive/FashionAI/datasets/Clo-Sket/Clo-Sket/Mermaid/8_10.tif,/content/drive/MyDrive/FashionAI/datasets/Clo-Sket/Clo-Sket/Mermaid/8_10.tif,Mermaid,Mermaid__G08,3
1182,/content/drive/MyDrive/FashionAI/datasets/Clo-Sket/Clo-Sket/Mermaid/8_2.tif,/content/drive/MyDrive/FashionAI/datasets/Clo-Sket/Clo-Sket/Mermaid/8_2.tif,Mermaid,Mermaid__G08,3
1183,/content/drive/MyDrive/FashionAI/datasets/Clo-Sket/Clo-Sket/Mermaid/8_3.tif,/content/drive/MyDrive/FashionAI/datasets/Clo-Sket/Clo-Sket/Mermaid/8_3.tif,Mermaid,Mermaid__G08,3
1184,/content/drive/MyDrive/FashionAI/datasets/Clo-Sket/Clo-Sket/Mermaid/8_4.tif,/content/drive/MyDrive/FashionAI/datasets/Clo-Sket/Clo-Sket/Mermaid/8_4.tif,Mermaid,Mermaid__G08,3
1185,/content/drive/MyDrive/FashionAI/datasets/Clo-Sket/Clo-Sket/Mermaid/8_5.tif,/content/drive/MyDrive/FashionAI/datasets/Clo-Sket/Clo-Sket/Mermaid/8_5.tif,Mermaid,Mermaid__G08,3
1186,/content/drive/MyDrive/FashionAI/datasets/Clo-Sket/Clo-Sket/Mermaid/8_6.tif,/content/drive/MyDrive/FashionAI/datasets/Clo-Sket/Clo-Sket/Mermaid/8_6.tif,Mermaid,Mermaid__G08,3
1187,/content/drive/MyDrive/FashionAI/datasets/Clo-Sket/Clo-Sket/Mermaid/8_7.tif,/content/drive/MyDrive/FashionAI/datasets/Clo-Sket/Clo-Sket/Mermaid/8_7.tif,Mermaid,Mermaid__G08,3
1188,/content/drive/MyDrive/FashionAI/datasets/Clo-Sket/Clo-Sket/Mermaid/8_8.tif,/content/drive/MyDrive/FashionAI/datasets/Clo-Sket/Clo-Sket/Mermaid/8_8.tif,Mermaid,Mermaid__G08,3
1189,/content/drive/MyDrive/FashionAI/datasets/Clo-Sket/Clo-Sket/Mermaid/8_9.tif,/content/drive/MyDrive/FashionAI/datasets/Clo-Sket/Clo-Sket/Mermaid/8_9.tif,Mermaid,Mermaid__G08,3
1190,/content/drive/MyDrive/FashionAI/datasets/Clo-Sket/Clo-Sket/Mermaid/9_1.tif,/content/drive/MyDrive/FashionAI/datasets/Clo-Sket/Clo-Sket/Mermaid/9_1.tif,Mermaid,Mermaid__G09,4
1191,/content/drive/MyDrive/FashionAI/datasets/Clo-Sket/Clo-Sket/Mermaid/9_10.tif,/content/drive/MyDrive/FashionAI/datasets/Clo-Sket/Clo-Sket/Mermaid/9_10.tif,Mermaid,Mermaid__G09,4
1192,/content/drive/MyDrive/FashionAI/datasets/Clo-Sket/Clo-Sket/Mermaid/9_2.tif,/content/drive/MyDrive/FashionAI/datasets/Clo-Sket/Clo-Sket/Mermaid/9_2.tif,Mermaid,Mermaid__G09,4
1193,/content/drive/MyDrive/FashionAI/datasets/Clo-Sket/Clo-Sket/Mermaid/9_3.tif,/content/drive/MyDrive/FashionAI/datasets/Clo-Sket/Clo-Sket/Mermaid/9_3.tif,Mermaid,Mermaid__G09,4
1194,/content/drive/MyDrive/FashionAI/datasets/Clo-Sket/Clo-Sket/Mermaid/9_4.tif,/content/drive/MyDrive/FashionAI/datasets/Clo-Sket/Clo-Sket/Mermaid/9_4.tif,Mermaid,Mermaid__G09,4
1195,/content/drive/MyDrive/FashionAI/datasets/Clo-Sket/Clo-Sket/Mermaid/9_5.tif,/content/drive/MyDrive/FashionAI/datasets/Clo-Sket/Clo-Sket/Mermaid/9_5.tif,Mermaid,Mermaid__G09,4
1196,/content/drive/MyDrive/FashionAI/datasets/Clo-Sket/Clo-Sket/Mermaid/9_6.tif,/content/drive/MyDrive/FashionAI/datasets/Clo-Sket/Clo-Sket/Mermaid/9_6.tif,Mermaid,Mermaid__G09,4
1197,/content/drive/MyDrive/FashionAI/datasets/Clo-Sket/Clo-Sket/Mermaid/9_7.tif,/content/drive/MyDrive/FashionAI/datasets/Clo-Sket/Clo-Sket/Mermaid/9_7.tif,Mermaid,Mermaid__G09,4
1198,/content/drive/MyDrive/FashionAI/datasets/Clo-Sket/Clo-Sket/Mermaid/9_8.tif,/content/drive/MyDrive/FashionAI/datasets/Clo-Sket/Clo-Sket/Mermaid/9_8.tif,Mermaid,Mermaid__G09,4
1199,/content/drive/MyDrive/FashionAI/datasets/Clo-Sket/Clo-Sket/Mermaid/9_9.tif,/content/drive/MyDrive/FashionAI/datasets/Clo-Sket/Clo-Sket/Mermaid/9_9.tif,Mermaid,Mermaid__G09,4
1200,/content/drive/MyDrive/FashionAI/datasets/Clo-Sket/Clo-Sket/Mini/10_1.tif,/content/drive/MyDrive/FashionAI/datasets/Clo-Sket/Clo-Sket/Mini/10_1.tif,Mini,Mini__G10,4
1201,/content/drive/MyDrive/FashionAI/datasets/Clo-Sket/Clo-Sket/Mini/10_10.tif,/content/drive/MyDrive/FashionAI/datasets/Clo-Sket/Clo-Sket/Mini/10_10.tif,Mini,Mini__G10,4
1202,/content/drive/MyDrive/FashionAI/datasets/Clo-Sket/Clo-Sket/Mini/10_2.tif,/content/drive/MyDrive/FashionAI/datasets/Clo-Sket/Clo-Sket/Mini/10_2.tif,Mini,Mini__G10,4
1203,/content/drive/MyDrive/FashionAI/datasets/Clo-Sket/Clo-Sket/Mini/10_3.tif,/content/drive/MyDrive/FashionAI/datasets/Clo-Sket/Clo-Sket/Mini/10_3.tif,Mini,Mini__G10,4
1204,/content/drive/MyDrive/FashionAI/datasets/Clo-Sket/Clo-Sket/Mini/10_4.tif,/content/drive/MyDrive/FashionAI/datasets/Clo-Sket/Clo-Sket/Mini/10_4.tif,Mini,Mini__G10,4
1205,/content/drive/MyDrive/FashionAI/datasets/Clo-Sket/Clo-Sket/Mini/10_5.tif,/content/drive/MyDrive/FashionAI/datasets/Clo-Sket/Clo-Sket/Mini/10_5.tif,Mini,Mini__G10,4
1206,/content/drive/MyDrive/FashionAI/datasets/Clo-Sket/Clo-Sket/Mini/10_6.tif,/content/drive/MyDrive/FashionAI/datasets/Clo-Sket/Clo-Sket/Mini/10_6.tif,Mini,Mini__G10,4
1207,/content/drive/MyDrive/FashionAI/datasets/Clo-Sket/Clo-Sket/Mini/10_7.tif,/content/drive/MyDrive/FashionAI/datasets/Clo-Sket/Clo-Sket/Mini/10_7.tif,Mini,Mini__G10,4
1208,/content/drive/MyDrive/FashionAI/datasets/Clo-Sket/Clo-Sket/Mini/10_8.tif,/content/drive/MyDrive/FashionAI/datasets/Clo-Sket/Clo-Sket/Mini/10_8.tif,Mini,Mini__G10,4
1209,/content/drive/MyDrive/FashionAI/datasets/Clo-Sket/Clo-Sket/Mini/10_9.tif,/content/drive/MyDrive/FashionAI/datasets/Clo-Sket/Clo-Sket/Mini/10_9.tif,Mini,Mini__G10,4
1210,/content/drive/MyDrive/FashionAI/datasets/Clo-Sket/Clo-Sket/Mini/1_1.tif,/content/drive/MyDrive/FashionAI/datasets/Clo-Sket/Clo-Sket/Mini/1_1.tif,Mini,Mini__G01,0
1211,/content/drive/MyDrive/FashionAI/datasets/Clo-Sket/Clo-Sket/Mini/1_10.tif,/content/drive/MyDrive/FashionAI/datasets/Clo-Sket/Clo-Sket/Mini/1_10.tif,Mini,Mini__G01,0
1212,/content/drive/MyDrive/FashionAI/datasets/Clo-Sket/Clo-Sket/Mini/1_2.tif,/content/drive/MyDrive/FashionAI/datasets/Clo-Sket/Clo-Sket/Mini/1_2.tif,Mini,Mini__G01,0
1213,/content/drive/MyDrive/FashionAI/datasets/Clo-Sket/Clo-Sket/Mini/1_3.tif,/content/drive/MyDrive/FashionAI/datasets/Clo-Sket/Clo-Sket/Mini/1_3.tif,Mini,Mini__G01,0
1214,/content/drive/MyDrive/FashionAI/datasets/Clo-Sket/Clo-Sket/Mini/1_4.tif,/content/drive/MyDrive/FashionAI/datasets/Clo-Sket/Clo-Sket/Mini/1_4.tif,Mini,Mini__G01,0
1215,/content/drive/MyDrive/FashionAI/datasets/Clo-Sket/Clo-Sket/Mini/1_5.tif,/content/drive/MyDrive/FashionAI/datasets/Clo-Sket/Clo-Sket/Mini/1_5.tif,Mini,Mini__G01,0
1216,/content/drive/MyDrive/FashionAI/datasets/Clo-Sket/Clo-Sket/Mini/1_6.tif,/content/drive/MyDrive/FashionAI/datasets/Clo-Sket/Clo-Sket/Mini/1_6.tif,Mini,Mini__G01,0
1217,/content/drive/MyDrive/FashionAI/datasets/Clo-Sket/Clo-Sket/Mini/1_7.tif,/content/drive/MyDrive/FashionAI/datasets/Clo-Sket/Clo-Sket/Mini/1_7.tif,Mini,Mini__G01,0
1218,/content/drive/MyDrive/FashionAI/datasets/Clo-Sket/Clo-Sket/Mini/1_8.tif,/content/drive/MyDrive/FashionAI/datasets/Clo-Sket/Clo-Sket/Mini/1_8.tif,Mini,Mini__G01,0
1219,/content/drive/MyDrive/FashionAI/datasets/Clo-Sket/Clo-Sket/Mini/1_9.tif,/content/drive/MyDrive/FashionAI/datasets/Clo-Sket/Clo-Sket/Mini/1_9.tif,Mini,Mini__G01,0
1220,/content/drive/MyDrive/FashionAI/datasets/Clo-Sket/Clo-Sket/Mini/2_1.tif,/content/drive/MyDrive/FashionAI/datasets/Clo-Sket/Clo-Sket/Mini/2_1.tif,Mini,Mini__G02,0
1221,/content/drive/MyDrive/FashionAI/datasets/Clo-Sket/Clo-Sket/Mini/2_10.tif,/content/drive/MyDrive/FashionAI/datasets/Clo-Sket/Clo-Sket/Mini/2_10.tif,Mini,Mini__G02,0
1222,/content/drive/MyDrive/FashionAI/datasets/Clo-Sket/Clo-Sket/Mini/2_2.tif,/content/drive/MyDrive/FashionAI/datasets/Clo-Sket/Clo-Sket/Mini/2_2.tif,Mini,Mini__G02,0
1223,/content/drive/MyDrive/FashionAI/datasets/Clo-Sket/Clo-Sket/Mini/2_3.tif,/content/drive/MyDrive/FashionAI/datasets/Clo-Sket/Clo-Sket/Mini/2_3.tif,Mini,Mini__G02,0
1224,/content/drive/MyDrive/FashionAI/datasets/Clo-Sket/Clo-Sket/Mini/2_4.tif,/content/drive/MyDrive/FashionAI/datasets/Clo-Sket/Clo-Sket/Mini/2_4.tif,Mini,Mini__G02,0
1225,/content/drive/MyDrive/FashionAI/datasets/Clo-Sket/Clo-Sket/Mini/2_5.tif,/content/drive/MyDrive/FashionAI/datasets/Clo-Sket/Clo-Sket/Mini/2_5.tif,Mini,Mini__G02,0
1226,/content/drive/MyDrive/FashionAI/datasets/Clo-Sket/Clo-Sket/Mini/2_6.tif,/content/drive/MyDrive/FashionAI/datasets/Clo-Sket/Clo-Sket/Mini/2_6.tif,Mini,Mini__G02,0
1227,/content/drive/MyDrive/FashionAI/datasets/Clo-Sket/Clo-Sket/Mini/2_7.tif,/content/drive/MyDrive/FashionAI/datasets/Clo-Sket/Clo-Sket/Mini/2_7.tif,Mini,Mini__G02,0
1228,/content/drive/MyDrive/FashionAI/datasets/Clo-Sket/Clo-Sket/Mini/2_8.tif,/content/drive/MyDrive/FashionAI/datasets/Clo-Sket/Clo-Sket/Mini/2_8.tif,Mini,Mini__G02,0
1229,/content/drive/MyDrive/FashionAI/datasets/Clo-Sket/Clo-Sket/Mini/2_9.tif,/content/drive/MyDrive/FashionAI/datasets/Clo-Sket/Clo-Sket/Mini/2_9.tif,Mini,Mini__G02,0
1230,/content/drive/MyDrive/FashionAI/datasets/Clo-Sket/Clo-Sket/Mini/3_1.tif,/content/drive/MyDrive/FashionAI/datasets/Clo-Sket/Clo-Sket/Mini/3_1.tif,Mini,Mini__G03,1
1231,/content/drive/MyDrive/FashionAI/datasets/Clo-Sket/Clo-Sket/Mini/3_10.tif,/content/drive/MyDrive/FashionAI/datasets/Clo-Sket/Clo-Sket/Mini/3_10.tif,Mini,Mini__G03,1
1232,/content/drive/MyDrive/FashionAI/datasets/Clo-Sket/Clo-Sket/Mini/3_2.tif,/content/drive/MyDrive/FashionAI/datasets/Clo-Sket/Clo-Sket/Mini/3_2.tif,Mini,Mini__G03,1
1233,/content/drive/MyDrive/FashionAI/datasets/Clo-Sket/Clo-Sket/Mini/3_3.tif,/content/drive/MyDrive/FashionAI/datasets/Clo-Sket/Clo-Sket/Mini/3_3.tif,Mini,Mini__G03,1
1234,/content/drive/MyDrive/FashionAI/datasets/Clo-Sket/Clo-Sket/Mini/3_4.tif,/content/drive/MyDrive/FashionAI/datasets/Clo-Sket/Clo-Sket/Mini/3_4.tif,Mini,Mini__G03,1
1235,/content/drive/MyDrive/FashionAI/datasets/Clo-Sket/Clo-Sket/Mini/3_5.tif,/content/drive/MyDrive/FashionAI/datasets/Clo-Sket/Clo-Sket/Mini/3_5.tif,Mini,Mini__G03,1
1236,/content/drive/MyDrive/FashionAI/datasets/Clo-Sket/Clo-Sket/Mini/3_6.tif,/content/drive/MyDrive/FashionAI/datasets/Clo-Sket/Clo-Sket/Mini/3_6.tif,Mini,Mini__G03,1
1237,/content/drive/MyDrive/FashionAI/datasets/Clo-Sket/Clo-Sket/Mini/3_7.tif,/content/drive/MyDrive/FashionAI/datasets/Clo-Sket/Clo-Sket/Mini/3_7.tif,Mini,Mini__G03,1
1238,/content/drive/MyDrive/FashionAI/datasets/Clo-Sket/Clo-Sket/Mini/3_8.tif,/content/drive/MyDrive/FashionAI/datasets/Clo-Sket/Clo-Sket/Mini/3_8.tif,Mini,Mini__G03,1
1239,/content/drive/MyDrive/FashionAI/datasets/Clo-Sket/Clo-Sket/Mini/3_9.tif,/content/drive/MyDrive/FashionAI/datasets/Clo-Sket/Clo-Sket/Mini/3_9.tif,Mini,Mini__G03,1
1240,/content/drive/MyDrive/FashionAI/datasets/Clo-Sket/Clo-Sket/Mini/4_1.tif,/content/drive/MyDrive/FashionAI/datasets/Clo-Sket/Clo-Sket/Mini/4_1.tif,Mini,Mini__G04,1
1241,/content/drive/MyDrive/FashionAI/datasets/Clo-Sket/Clo-Sket/Mini/4_10.tif,/content/drive/MyDrive/FashionAI/datasets/Clo-Sket/Clo-Sket/Mini/4_10.tif,Mini,Mini__G04,1
1242,/content/drive/MyDrive/FashionAI/datasets/Clo-Sket/Clo-Sket/Mini/4_2.tif,/content/drive/MyDrive/FashionAI/datasets/Clo-Sket/Clo-Sket/Mini/4_2.tif,Mini,Mini__G04,1
1243,/content/drive/MyDrive/FashionAI/datasets/Clo-Sket/Clo-Sket/Mini/4_3.tif,/content/drive/MyDrive/FashionAI/datasets/Clo-Sket/Clo-Sket/Mini/4_3.tif,Mini,Mini__G04,1
1244,/content/drive/MyDrive/FashionAI/datasets/Clo-Sket/Clo-Sket/Mini/4_4.tif,/content/drive/MyDrive/FashionAI/datasets/Clo-Sket/Clo-Sket/Mini/4_4.tif,Mini,Mini__G04,1
1245,/content/drive/MyDrive/FashionAI/datasets/Clo-Sket/Clo-Sket/Mini/4_5.tif,/content/drive/MyDrive/FashionAI/datasets/Clo-Sket/Clo-Sket/Mini/4_5.tif,Mini,Mini__G04,1
1246,/content/drive/MyDrive/FashionAI/datasets/Clo-Sket/Clo-Sket/Mini/4_6.tif,/content/drive/MyDrive/FashionAI/datasets/Clo-Sket/Clo-Sket/Mini/4_6.tif,Mini,Mini__G04,1
1247,/content/drive/MyDrive/FashionAI/datasets/Clo-Sket/Clo-Sket/Mini/4_7.tif,/content/drive/MyDrive/FashionAI/datasets/Clo-Sket/Clo-Sket/Mini/4_7.tif,Mini,Mini__G04,1
1248,/content/drive/MyDrive/FashionAI/datasets/Clo-Sket/Clo-Sket/Mini/4_8.tif,/content/drive/MyDrive/FashionAI/datasets/Clo-Sket/Clo-Sket/Mini/4_8.tif,Mini,Mini__G04,1
1249,/content/drive/MyDrive/FashionAI/datasets/Clo-Sket/Clo-Sket/Mini/4_9.tif,/content/drive/MyDrive/FashionAI/datasets/Clo-Sket/Clo-Sket/Mini/4_9.tif,Mini,Mini__G04,1
1250,/content/drive/MyDrive/FashionAI/datasets/Clo-Sket/Clo-Sket/Mini/5_1.tif,/content/drive/MyDrive/FashionAI/datasets/Clo-Sket/Clo-Sket/Mini/5_1.tif,Mini,Mini__G05,2
1251,/content/drive/MyDrive/FashionAI/datasets/Clo-Sket/Clo-Sket/Mini/5_10.tif,/content/drive/MyDrive/FashionAI/datasets/Clo-Sket/Clo-Sket/Mini/5_10.tif,Mini,Mini__G05,2
1252,/content/drive/MyDrive/FashionAI/datasets/Clo-Sket/Clo-Sket/Mini/5_2.tif,/content/drive/MyDrive/FashionAI/datasets/Clo-Sket/Clo-Sket/Mini/5_2.tif,Mini,Mini__G05,2
1253,/content/drive/MyDrive/FashionAI/datasets/Clo-Sket/Clo-Sket/Mini/5_3.tif,/content/drive/MyDrive/FashionAI/datasets/Clo-Sket/Clo-Sket/Mini/5_3.tif,Mini,Mini__G05,2
1254,/content/drive/MyDrive/FashionAI/datasets/Clo-Sket/Clo-Sket/Mini/5_4.tif,/content/drive/MyDrive/FashionAI/datasets/Clo-Sket/Clo-Sket/Mini/5_4.tif,Mini,Mini__G05,2
1255,/content/drive/MyDrive/FashionAI/datasets/Clo-Sket/Clo-Sket/Mini/5_5.tif,/content/drive/MyDrive/FashionAI/datasets/Clo-Sket/Clo-Sket/Mini/5_5.tif,Mini,Mini__G05,2
1256,/content/drive/MyDrive/FashionAI/datasets/Clo-Sket/Clo-Sket/Mini/5_6.tif,/content/drive/MyDrive/FashionAI/datasets/Clo-Sket/Clo-Sket/Mini/5_6.tif,Mini,Mini__G05,2
1257,/content/drive/MyDrive/FashionAI/datasets/Clo-Sket/Clo-Sket/Mini/5_7.tif,/content/drive/MyDrive/FashionAI/datasets/Clo-Sket/Clo-Sket/Mini/5_7.tif,Mini,Mini__G05,2
1258,/content/drive/MyDrive/FashionAI/datasets/Clo-Sket/Clo-Sket/Mini/5_8.tif,/content/drive/MyDrive/FashionAI/datasets/Clo-Sket/Clo-Sket/Mini/5_8.tif,Mini,Mini__G05,2
1259,/content/drive/MyDrive/FashionAI/datasets/Clo-Sket/Clo-Sket/Mini/5_9.tif,/content/drive/MyDrive/FashionAI/datasets/Clo-Sket/Clo-Sket/Mini/5_9.tif,Mini,Mini__G05,2
1260,/content/drive/MyDrive/FashionAI/datasets/Clo-Sket/Clo-Sket/Mini/6_1.tif,/content/drive/MyDrive/FashionAI/datasets/Clo-Sket/Clo-Sket/Mini/6_1.tif,Mini,Mini__G06,2
1261,/content/drive/MyDrive/FashionAI/datasets/Clo-Sket/Clo-Sket/Mini/6_10.tif,/content/drive/MyDrive/FashionAI/datasets/Clo-Sket/Clo-Sket/Mini/6_10.tif,Mini,Mini__G06,2
1262,/content/drive/MyDrive/FashionAI/datasets/Clo-Sket/Clo-Sket/Mini/6_2.tif,/content/drive/MyDrive/FashionAI/datasets/Clo-Sket/Clo-Sket/Mini/6_2.tif,Mini,Mini__G06,2
1263,/content/drive/MyDrive/FashionAI/datasets/Clo-Sket/Clo-Sket/Mini/6_3.tif,/content/drive/MyDrive/FashionAI/datasets/Clo-Sket/Clo-Sket/Mini/6_3.tif,Mini,Mini__G06,2
1264,/content/drive/MyDrive/FashionAI/datasets/Clo-Sket/Clo-Sket/Mini/6_4.tif,/content/drive/MyDrive/FashionAI/datasets/Clo-Sket/Clo-Sket/Mini/6_4.tif,Mini,Mini__G06,2
1265,/content/drive/MyDrive/FashionAI/datasets/Clo-Sket/Clo-Sket/Mini/6_5.tif,/content/drive/MyDrive/FashionAI/datasets/Clo-Sket/Clo-Sket/Mini/6_5.tif,Mini,Mini__G06,2
1266,/content/drive/MyDrive/FashionAI/datasets/Clo-Sket/Clo-Sket/Mini/6_6.tif,/content/drive/MyDrive/FashionAI/datasets/Clo-Sket/Clo-Sket/Mini/6_6.tif,Mini,Mini__G06,2
1267,/content/drive/MyDrive/FashionAI/datasets/Clo-Sket/Clo-Sket/Mini/6_7.tif,/content/drive/MyDrive/FashionAI/datasets/Clo-Sket/Clo-Sket/Mini/6_7.tif,Mini,Mini__G06,2
1268,/content/drive/MyDrive/FashionAI/datasets/Clo-Sket/Clo-Sket/Mini/6_8.tif,/content/drive/MyDrive/FashionAI/datasets/Clo-Sket/Clo-Sket/Mini/6_8.tif,Mini,Mini__G06,2
1269,/content/drive/MyDrive/FashionAI/datasets/Clo-Sket/Clo-Sket/Mini/6_9.tif,/content/drive/MyDrive/FashionAI/datasets/Clo-Sket/Clo-Sket/Mini/6_9.tif,Mini,Mini__G06,2
1270,/content/drive/MyDrive/FashionAI/datasets/Clo-Sket/Clo-Sket/Mini/7_1.tif,/content/drive/MyDrive/FashionAI/datasets/Clo-Sket/Clo-Sket/Mini/7_1.tif,Mini,Mini__G07,3
1271,/content/drive/MyDrive/FashionAI/datasets/Clo-Sket/Clo-Sket/Mini/7_10.tif,/content/drive/MyDrive/FashionAI/datasets/Clo-Sket/Clo-Sket/Mini/7_10.tif,Mini,Mini__G07,3
1272,/content/drive/MyDrive/FashionAI/datasets/Clo-Sket/Clo-Sket/Mini/7_2.tif,/content/drive/MyDrive/FashionAI/datasets/Clo-Sket/Clo-Sket/Mini/7_2.tif,Mini,Mini__G07,3
1273,/content/drive/MyDrive/FashionAI/datasets/Clo-Sket/Clo-Sket/Mini/7_3.tif,/content/drive/MyDrive/FashionAI/datasets/Clo-Sket/Clo-Sket/Mini/7_3.tif,Mini,Mini__G07,3
1274,/content/drive/MyDrive/FashionAI/datasets/Clo-Sket/Clo-Sket/Mini/7_4.tif,/content/drive/MyDrive/FashionAI/datasets/Clo-Sket/Clo-Sket/Mini/7_4.tif,Mini,Mini__G07,3
1275,/content/drive/MyDrive/FashionAI/datasets/Clo-Sket/Clo-Sket/Mini/7_5.tif,/content/drive/MyDrive/FashionAI/datasets/Clo-Sket/Clo-Sket/Mini/7_5.tif,Mini,Mini__G07,3
1276,/content/drive/MyDrive/FashionAI/datasets/Clo-Sket/Clo-Sket/Mini/7_6.tif,/content/drive/MyDrive/FashionAI/datasets/Clo-Sket/Clo-Sket/Mini/7_6.tif,Mini,Mini__G07,3
1277,/content/drive/MyDrive/FashionAI/datasets/Clo-Sket/Clo-Sket/Mini/7_7.tif,/content/drive/MyDrive/FashionAI/datasets/Clo-Sket/Clo-Sket/Mini/7_7.tif,Mini,Mini__G07,3
1278,/content/drive/MyDrive/FashionAI/datasets/Clo-Sket/Clo-Sket/Mini/7_8.tif,/content/drive/MyDrive/FashionAI/datasets/Clo-Sket/Clo-Sket/Mini/7_8.tif,Mini,Mini__G07,3
1279,/content/drive/MyDrive/FashionAI/datasets/Clo-Sket/Clo-Sket/Mini/7_9.tif,/content/drive/MyDrive/FashionAI/datasets/Clo-Sket/Clo-Sket/Mini/7_9.tif,Mini,Mini__G07,3
1280,/content/drive/MyDrive/FashionAI/datasets/Clo-Sket/Clo-Sket/Mini/8_1.tif,/content/drive/MyDrive/FashionAI/datasets/Clo-Sket/Clo-Sket/Mini/8_1.tif,Mini,Mini__G08,3
1281,/content/drive/MyDrive/FashionAI/datasets/Clo-Sket/Clo-Sket/Mini/8_10.tif,/content/drive/MyDrive/FashionAI/datasets/Clo-Sket/Clo-Sket/Mini/8_10.tif,Mini,Mini__G08,3
1282,/content/drive/MyDrive/FashionAI/datasets/Clo-Sket/Clo-Sket/Mini/8_2.tif,/content/drive/MyDrive/FashionAI/datasets/Clo-Sket/Clo-Sket/Mini/8_2.tif,Mini,Mini__G08,3
1283,/content/drive/MyDrive/FashionAI/datasets/Clo-Sket/Clo-Sket/Mini/8_3.tif,/content/drive/MyDrive/FashionAI/datasets/Clo-Sket/Clo-Sket/Mini/8_3.tif,Mini,Mini__G08,3
1284,/content/drive/MyDrive/FashionAI/datasets/Clo-Sket/Clo-Sket/Mini/8_4.tif,/content/drive/MyDrive/FashionAI/datasets/Clo-Sket/Clo-Sket/Mini/8_4.tif,Mini,Mini__G08,3
1285,/content/drive/MyDrive/FashionAI/datasets/Clo-Sket/Clo-Sket/Mini/8_5.tif,/content/drive/MyDrive/FashionAI/datasets/Clo-Sket/Clo-Sket/Mini/8_5.tif,Mini,Mini__G08,3
1286,/content/drive/MyDrive/FashionAI/datasets/Clo-Sket/Clo-Sket/Mini/8_6.tif,/content/drive/MyDrive/FashionAI/datasets/Clo-Sket/Clo-Sket/Mini/8_6.tif,Mini,Mini__G08,3
1287,/content/drive/MyDrive/FashionAI/datasets/Clo-Sket/Clo-Sket/Mini/8_7.tif,/content/drive/MyDrive/FashionAI/datasets/Clo-Sket/Clo-Sket/Mini/8_7.tif,Mini,Mini__G08,3
1288,/content/drive/MyDrive/FashionAI/datasets/Clo-Sket/Clo-Sket/Mini/8_8.tif,/content/drive/MyDrive/FashionAI/datasets/Clo-Sket/Clo-Sket/Mini/8_8.tif,Mini,Mini__G08,3
1289,/content/drive/MyDrive/FashionAI/datasets/Clo-Sket/Clo-Sket/Mini/8_9.tif,/content/drive/MyDrive/FashionAI/datasets/Clo-Sket/Clo-Sket/Mini/8_9.tif,Mini,Mini__G08,3
1290,/content/drive/MyDrive/FashionAI/datasets/Clo-Sket/Clo-Sket/Mini/9_1.tif,/content/drive/MyDrive/FashionAI/datasets/Clo-Sket/Clo-Sket/Mini/9_1.tif,Mini,Mini__G09,4
1291,/content/drive/MyDrive/FashionAI/datasets/Clo-Sket/Clo-Sket/Mini/9_10.tif,/content/drive/MyDrive/FashionAI/datasets/Clo-Sket/Clo-Sket/Mini/9_10.tif,Mini,Mini__G09,4
1292,/content/drive/MyDrive/FashionAI/datasets/Clo-Sket/Clo-Sket/Mini/9_2.tif,/content/drive/MyDrive/FashionAI/datasets/Clo-Sket/Clo-Sket/Mini/9_2.tif,Mini,Mini__G09,4
1293,/content/drive/MyDrive/FashionAI/datasets/Clo-Sket/Clo-Sket/Mini/9_3.tif,/content/drive/MyDrive/FashionAI/datasets/Clo-Sket/Clo-Sket/Mini/9_3.tif,Mini,Mini__G09,4
1294,/content/drive/MyDrive/FashionAI/datasets/Clo-Sket/Clo-Sket/Mini/9_4.tif,/content/drive/MyDrive/FashionAI/datasets/Clo-Sket/Clo-Sket/Mini/9_4.tif,Mini,Mini__G09,4
1295,/content/drive/MyDrive/FashionAI/datasets/Clo-Sket/Clo-Sket/Mini/9_5.tif,/content/drive/MyDrive/FashionAI/datasets/Clo-Sket/Clo-Sket/Mini/9_5.tif,Mini,Mini__G09,4
1296,/content/drive/MyDrive/FashionAI/datasets/Clo-Sket/Clo-Sket/Mini/9_6.tif,/content/drive/MyDrive/FashionAI/datasets/Clo-Sket/Clo-Sket/Mini/9_6.tif,Mini,Mini__G09,4
1297,/content/drive/MyDrive/FashionAI/datasets/Clo-Sket/Clo-Sket/Mini/9_7.tif,/content/drive/MyDrive/FashionAI/datasets/Clo-Sket/Clo-Sket/Mini/9_7.tif,Mini,Mini__G09,4
1298,/content/drive/MyDrive/FashionAI/datasets/Clo-Sket/Clo-Sket/Mini/9_8.tif,/content/drive/MyDrive/FashionAI/datasets/Clo-Sket/Clo-Sket/Mini/9_8.tif,Mini,Mini__G09,4
1299,/content/drive/MyDrive/FashionAI/datasets/Clo-Sket/Clo-Sket/Mini/9_9.tif,/content/drive/MyDrive/FashionAI/datasets/Clo-Sket/Clo-Sket/Mini/9_9.tif,Mini,Mini__G09,4
1300,/content/drive/MyDrive/FashionAI/datasets/Clo-Sket/Clo-Sket/Pencil/1-1.tif,/content/drive/MyDrive/FashionAI/datasets/Clo-Sket/Clo-Sket/Pencil/1-1.tif,Pencil,Pencil__G01,0
1301,/content/drive/MyDrive/FashionAI/datasets/Clo-Sket/Clo-Sket/Pencil/1-10.tif,/content/drive/MyDrive/FashionAI/datasets/Clo-Sket/Clo-Sket/Pencil/1-10.tif,Pencil,Pencil__G01,0
1302,/content/drive/MyDrive/FashionAI/datasets/Clo-Sket/Clo-Sket/Pencil/1-2.tif,/content/drive/MyDrive/FashionAI/datasets/Clo-Sket/Clo-Sket/Pencil/1-2.tif,Pencil,Pencil__G01,0
1303,/content/drive/MyDrive/FashionAI/datasets/Clo-Sket/Clo-Sket/Pencil/1-3.tif,/content/drive/MyDrive/FashionAI/datasets/Clo-Sket/Clo-Sket/Pencil/1-3.tif,Pencil,Pencil__G01,0
1304,/content/drive/MyDrive/FashionAI/datasets/Clo-Sket/Clo-Sket/Pencil/1-4.tif,/content/drive/MyDrive/FashionAI/datasets/Clo-Sket/Clo-Sket/Pencil/1-4.tif,Pencil,Pencil__G01,0
1305,/content/drive/MyDrive/FashionAI/datasets/Clo-Sket/Clo-Sket/Pencil/1-5.tif,/content/drive/MyDrive/FashionAI/datasets/Clo-Sket/Clo-Sket/Pencil/1-5.tif,Pencil,Pencil__G01,0
1306,/content/drive/MyDrive/FashionAI/datasets/Clo-Sket/Clo-Sket/Pencil/1-6.tif,/content/drive/MyDrive/FashionAI/datasets/Clo-Sket/Clo-Sket/Pencil/1-6.tif,Pencil,Pencil__G01,0
1307,/content/drive/MyDrive/FashionAI/datasets/Clo-Sket/Clo-Sket/Pencil/1-7.tif,/content/drive/MyDrive/FashionAI/datasets/Clo-Sket/Clo-Sket/Pencil/1-7.tif,Pencil,Pencil__G01,0
1308,/content/drive/MyDrive/FashionAI/datasets/Clo-Sket/Clo-Sket/Pencil/1-8.tif,/content/drive/MyDrive/FashionAI/datasets/Clo-Sket/Clo-Sket/Pencil/1-8.tif,Pencil,Pencil__G01,0
1309,/content/drive/MyDrive/FashionAI/datasets/Clo-Sket/Clo-Sket/Pencil/1-9.tif,/content/drive/MyDrive/FashionAI/datasets/Clo-Sket/Clo-Sket/Pencil/1-9.tif,Pencil,Pencil__G01,0
1310,/content/drive/MyDrive/FashionAI/datasets/Clo-Sket/Clo-Sket/Pencil/10-1.tif,/content/drive/MyDrive/FashionAI/datasets/Clo-Sket/Clo-Sket/Pencil/10-1.tif,Pencil,Pencil__G10,4
1311,/content/drive/MyDrive/FashionAI/datasets/Clo-Sket/Clo-Sket/Pencil/10-10.tif,/content/drive/MyDrive/FashionAI/datasets/Clo-Sket/Clo-Sket/Pencil/10-10.tif,Pencil,Pencil__G10,4
1312,/content/drive/MyDrive/FashionAI/datasets/Clo-Sket/Clo-Sket/Pencil/10-2.tif,/content/drive/MyDrive/FashionAI/datasets/Clo-Sket/Clo-Sket/Pencil/10-2.tif,Pencil,Pencil__G10,4
1313,/content/drive/MyDrive/FashionAI/datasets/Clo-Sket/Clo-Sket/Pencil/10-3.tif,/content/drive/MyDrive/FashionAI/datasets/Clo-Sket/Clo-Sket/Pencil/10-3.tif,Pencil,Pencil__G10,4
1314,/content/drive/MyDrive/FashionAI/datasets/Clo-Sket/Clo-Sket/Pencil/10-4.tif,/content/drive/MyDrive/FashionAI/datasets/Clo-Sket/Clo-Sket/Pencil/10-4.tif,Pencil,Pencil__G10,4
1315,/content/drive/MyDrive/FashionAI/datasets/Clo-Sket/Clo-Sket/Pencil/10-5.tif,/content/drive/MyDrive/FashionAI/datasets/Clo-Sket/Clo-Sket/Pencil/10-5.tif,Pencil,Pencil__G10,4
1316,/content/drive/MyDrive/FashionAI/datasets/Clo-Sket/Clo-Sket/Pencil/10-6.tif,/content/drive/MyDrive/FashionAI/datasets/Clo-Sket/Clo-Sket/Pencil/10-6.tif,Pencil,Pencil__G10,4
1317,/content/drive/MyDrive/FashionAI/datasets/Clo-Sket/Clo-Sket/Pencil/10-7.tif,/content/drive/MyDrive/FashionAI/datasets/Clo-Sket/Clo-Sket/Pencil/10-7.tif,Pencil,Pencil__G10,4
1318,/content/drive/MyDrive/FashionAI/datasets/Clo-Sket/Clo-Sket/Pencil/10-8.tif,/content/drive/MyDrive/FashionAI/datasets/Clo-Sket/Clo-Sket/Pencil/10-8.tif,Pencil,Pencil__G10,4
1319,/content/drive/MyDrive/FashionAI/datasets/Clo-Sket/Clo-Sket/Pencil/10-9.tif,/content/drive/MyDrive/FashionAI/datasets/Clo-Sket/Clo-Sket/Pencil/10-9.tif,Pencil,Pencil__G10,4
1320,/content/drive/MyDrive/FashionAI/datasets/Clo-Sket/Clo-Sket/Pencil/2-1.tif,/content/drive/MyDrive/FashionAI/datasets/Clo-Sket/Clo-Sket/Pencil/2-1.tif,Pencil,Pencil__G02,0
1321,/content/drive/MyDrive/FashionAI/datasets/Clo-Sket/Clo-Sket/Pencil/2-10.tif,/content/drive/MyDrive/FashionAI/datasets/Clo-Sket/Clo-Sket/Pencil/2-10.tif,Pencil,Pencil__G02,0
1322,/content/drive/MyDrive/FashionAI/datasets/Clo-Sket/Clo-Sket/Pencil/2-2.tif,/content/drive/MyDrive/FashionAI/datasets/Clo-Sket/Clo-Sket/Pencil/2-2.tif,Pencil,Pencil__G02,0
1323,/content/drive/MyDrive/FashionAI/datasets/Clo-Sket/Clo-Sket/Pencil/2-3.tif,/content/drive/MyDrive/FashionAI/datasets/Clo-Sket/Clo-Sket/Pencil/2-3.tif,Pencil,Pencil__G02,0
1324,/content/drive/MyDrive/FashionAI/datasets/Clo-Sket/Clo-Sket/Pencil/2-4.tif,/content/drive/MyDrive/FashionAI/datasets/Clo-Sket/Clo-Sket/Pencil/2-4.tif,Pencil,Pencil__G02,0
1325,/content/drive/MyDrive/FashionAI/datasets/Clo-Sket/Clo-Sket/Pencil/2-5.tif,/content/drive/MyDrive/FashionAI/datasets/Clo-Sket/Clo-Sket/Pencil/2-5.tif,Pencil,Pencil__G02,0
1326,/content/drive/MyDrive/FashionAI/datasets/Clo-Sket/Clo-Sket/Pencil/2-6.tif,/content/drive/MyDrive/FashionAI/datasets/Clo-Sket/Clo-Sket/Pencil/2-6.tif,Pencil,Pencil__G02,0
1327,/content/drive/MyDrive/FashionAI/datasets/Clo-Sket/Clo-Sket/Pencil/2-7.tif,/content/drive/MyDrive/FashionAI/datasets/Clo-Sket/Clo-Sket/Pencil/2-7.tif,Pencil,Pencil__G02,0
1328,/content/drive/MyDrive/FashionAI/datasets/Clo-Sket/Clo-Sket/Pencil/2-8.tif,/content/drive/MyDrive/FashionAI/datasets/Clo-Sket/Clo-Sket/Pencil/2-8.tif,Pencil,Pencil__G02,0
1329,/content/drive/MyDrive/FashionAI/datasets/Clo-Sket/Clo-Sket/Pencil/2-9.tif,/content/drive/MyDrive/FashionAI/datasets/Clo-Sket/Clo-Sket/Pencil/2-9.tif,Pencil,Pencil__G02,0
1330,/content/drive/MyDrive/FashionAI/datasets/Clo-Sket/Clo-Sket/Pencil/3-1.tif,/content/drive/MyDrive/FashionAI/datasets/Clo-Sket/Clo-Sket/Pencil/3-1.tif,Pencil,Pencil__G03,1
1331,/content/drive/MyDrive/FashionAI/datasets/Clo-Sket/Clo-Sket/Pencil/3-10.tif,/content/drive/MyDrive/FashionAI/datasets/Clo-Sket/Clo-Sket/Pencil/3-10.tif,Pencil,Pencil__G03,1
1332,/content/drive/MyDrive/FashionAI/datasets/Clo-Sket/Clo-Sket/Pencil/3-2.tif,/content/drive/MyDrive/FashionAI/datasets/Clo-Sket/Clo-Sket/Pencil/3-2.tif,Pencil,Pencil__G03,1
1333,/content/drive/MyDrive/FashionAI/datasets/Clo-Sket/Clo-Sket/Pencil/3-3.tif,/content/drive/MyDrive/FashionAI/datasets/Clo-Sket/Clo-Sket/Pencil/3-3.tif,Pencil,Pencil__G03,1
1334,/content/drive/MyDrive/FashionAI/datasets/Clo-Sket/Clo-Sket/Pencil/3-4.tif,/content/drive/MyDrive/FashionAI/datasets/Clo-Sket/Clo-Sket/Pencil/3-4.tif,Pencil,Pencil__G03,1
1335,/content/drive/MyDrive/FashionAI/datasets/Clo-Sket/Clo-Sket/Pencil/3-5.tif,/content/drive/MyDrive/FashionAI/datasets/Clo-Sket/Clo-Sket/Pencil/3-5.tif,Pencil,Pencil__G03,1
1336,/content/drive/MyDrive/FashionAI/datasets/Clo-Sket/Clo-Sket/Pencil/3-6.tif,/content/drive/MyDrive/FashionAI/datasets/Clo-Sket/Clo-Sket/Pencil/3-6.tif,Pencil,Pencil__G03,1
1337,/content/drive/MyDrive/FashionAI/datasets/Clo-Sket/Clo-Sket/Pencil/3-7.tif,/content/drive/MyDrive/FashionAI/datasets/Clo-Sket/Clo-Sket/Pencil/3-7.tif,Pencil,Pencil__G03,1
1338,/content/drive/MyDrive/FashionAI/datasets/Clo-Sket/Clo-Sket/Pencil/3-8.tif,/content/drive/MyDrive/FashionAI/datasets/Clo-Sket/Clo-Sket/Pencil/3-8.tif,Pencil,Pencil__G03,1
1339,/content/drive/MyDrive/FashionAI/datasets/Clo-Sket/Clo-Sket/Pencil/3-9.tif,/content/drive/MyDrive/FashionAI/datasets/Clo-Sket/Clo-Sket/Pencil/3-9.tif,Pencil,Pencil__G03,1
1340,/content/drive/MyDrive/FashionAI/datasets/Clo-Sket/Clo-Sket/Pencil/4-1.tif,/content/drive/MyDrive/FashionAI/datasets/Clo-Sket/Clo-Sket/Pencil/4-1.tif,Pencil,Pencil__G04,1
1341,/content/drive/MyDrive/FashionAI/datasets/Clo-Sket/Clo-Sket/Pencil/4-10.tif,/content/drive/MyDrive/FashionAI/datasets/Clo-Sket/Clo-Sket/Pencil/4-10.tif,Pencil,Pencil__G04,1
1342,/content/drive/MyDrive/FashionAI/datasets/Clo-Sket/Clo-Sket/Pencil/4-2.tif,/content/drive/MyDrive/FashionAI/datasets/Clo-Sket/Clo-Sket/Pencil/4-2.tif,Pencil,Pencil__G04,1
1343,/content/drive/MyDrive/FashionAI/datasets/Clo-Sket/Clo-Sket/Pencil/4-3.tif,/content/drive/MyDrive/FashionAI/datasets/Clo-Sket/Clo-Sket/Pencil/4-3.tif,Pencil,Pencil__G04,1
1344,/content/drive/MyDrive/FashionAI/datasets/Clo-Sket/Clo-Sket/Pencil/4-4.tif,/content/drive/MyDrive/FashionAI/datasets/Clo-Sket/Clo-Sket/Pencil/4-4.tif,Pencil,Pencil__G04,1
1345,/content/drive/MyDrive/FashionAI/datasets/Clo-Sket/Clo-Sket/Pencil/4-5.tif,/content/drive/MyDrive/FashionAI/datasets/Clo-Sket/Clo-Sket/Pencil/4-5.tif,Pencil,Pencil__G04,1
1346,/content/drive/MyDrive/FashionAI/datasets/Clo-Sket/Clo-Sket/Pencil/4-6.tif,/content/drive/MyDrive/FashionAI/datasets/Clo-Sket/Clo-Sket/Pencil/4-6.tif,Pencil,Pencil__G04,1
1347,/content/drive/MyDrive/FashionAI/datasets/Clo-Sket/Clo-Sket/Pencil/4-7.tif,/content/drive/MyDrive/FashionAI/datasets/Clo-Sket/Clo-Sket/Pencil/4-7.tif,Pencil,Pencil__G04,1
1348,/content/drive/MyDrive/FashionAI/datasets/Clo-Sket/Clo-Sket/Pencil/4-8.tif,/content/drive/MyDrive/FashionAI/datasets/Clo-Sket/Clo-Sket/Pencil/4-8.tif,Pencil,Pencil__G04,1
1349,/content/drive/MyDrive/FashionAI/datasets/Clo-Sket/Clo-Sket/Pencil/4-9.tif,/content/drive/MyDrive/FashionAI/datasets/Clo-Sket/Clo-Sket/Pencil/4-9.tif,Pencil,Pencil__G04,1
1350,/content/drive/MyDrive/FashionAI/datasets/Clo-Sket/Clo-Sket/Pencil/5-1.tif,/content/drive/MyDrive/FashionAI/datasets/Clo-Sket/Clo-Sket/Pencil/5-1.tif,Pencil,Pencil__G05,2
1351,/content/drive/MyDrive/FashionAI/datasets/Clo-Sket/Clo-Sket/Pencil/5-10.tif,/content/drive/MyDrive/FashionAI/datasets/Clo-Sket/Clo-Sket/Pencil/5-10.tif,Pencil,Pencil__G05,2
1352,/content/drive/MyDrive/FashionAI/datasets/Clo-Sket/Clo-Sket/Pencil/5-2.tif,/content/drive/MyDrive/FashionAI/datasets/Clo-Sket/Clo-Sket/Pencil/5-2.tif,Pencil,Pencil__G05,2
1353,/content/drive/MyDrive/FashionAI/datasets/Clo-Sket/Clo-Sket/Pencil/5-3.tif,/content/drive/MyDrive/FashionAI/datasets/Clo-Sket/Clo-Sket/Pencil/5-3.tif,Pencil,Pencil__G05,2
1354,/content/drive/MyDrive/FashionAI/datasets/Clo-Sket/Clo-Sket/Pencil/5-4.tif,/content/drive/MyDrive/FashionAI/datasets/Clo-Sket/Clo-Sket/Pencil/5-4.tif,Pencil,Pencil__G05,2
1355,/content/drive/MyDrive/FashionAI/datasets/Clo-Sket/Clo-Sket/Pencil/5-5.tif,/content/drive/MyDrive/FashionAI/datasets/Clo-Sket/Clo-Sket/Pencil/5-5.tif,Pencil,Pencil__G05,2
1356,/content/drive/MyDrive/FashionAI/datasets/Clo-Sket/Clo-Sket/Pencil/5-6.tif,/content/drive/MyDrive/FashionAI/datasets/Clo-Sket/Clo-Sket/Pencil/5-6.tif,Pencil,Pencil__G05,2
1357,/content/drive/MyDrive/FashionAI/datasets/Clo-Sket/Clo-Sket/Pencil/5-7.tif,/content/drive/MyDrive/FashionAI/datasets/Clo-Sket/Clo-Sket/Pencil/5-7.tif,Pencil,Pencil__G05,2
1358,/content/drive/MyDrive/FashionAI/datasets/Clo-Sket/Clo-Sket/Pencil/5-8.tif,/content/drive/MyDrive/FashionAI/datasets/Clo-Sket/Clo-Sket/Pencil/5-8.tif,Pencil,Pencil__G05,2
1359,/content/drive/MyDrive/FashionAI/datasets/Clo-Sket/Clo-Sket/Pencil/5-9.tif,/content/drive/MyDrive/FashionAI/datasets/Clo-Sket/Clo-Sket/Pencil/5-9.tif,Pencil,Pencil__G05,2
1360,/content/drive/MyDrive/FashionAI/datasets/Clo-Sket/Clo-Sket/Pencil/6-1.tif,/content/drive/MyDrive/FashionAI/datasets/Clo-Sket/Clo-Sket/Pencil/6-1.tif,Pencil,Pencil__G06,2
1361,/content/drive/MyDrive/FashionAI/datasets/Clo-Sket/Clo-Sket/Pencil/6-10.tif,/content/drive/MyDrive/FashionAI/datasets/Clo-Sket/Clo-Sket/Pencil/6-10.tif,Pencil,Pencil__G06,2
1362,/content/drive/MyDrive/FashionAI/datasets/Clo-Sket/Clo-Sket/Pencil/6-2.tif,/content/drive/MyDrive/FashionAI/datasets/Clo-Sket/Clo-Sket/Pencil/6-2.tif,Pencil,Pencil__G06,2
1363,/content/drive/MyDrive/FashionAI/datasets/Clo-Sket/Clo-Sket/Pencil/6-3.tif,/content/drive/MyDrive/FashionAI/datasets/Clo-Sket/Clo-Sket/Pencil/6-3.tif,Pencil,Pencil__G06,2
1364,/content/drive/MyDrive/FashionAI/datasets/Clo-Sket/Clo-Sket/Pencil/6-4.tif,/content/drive/MyDrive/FashionAI/datasets/Clo-Sket/Clo-Sket/Pencil/6-4.tif,Pencil,Pencil__G06,2
1365,/content/drive/MyDrive/FashionAI/datasets/Clo-Sket/Clo-Sket/Pencil/6-5.tif,/content/drive/MyDrive/FashionAI/datasets/Clo-Sket/Clo-Sket/Pencil/6-5.tif,Pencil,Pencil__G06,2
1366,/content/drive/MyDrive/FashionAI/datasets/Clo-Sket/Clo-Sket/Pencil/6-6.tif,/content/drive/MyDrive/FashionAI/datasets/Clo-Sket/Clo-Sket/Pencil/6-6.tif,Pencil,Pencil__G06,2
1367,/content/drive/MyDrive/FashionAI/datasets/Clo-Sket/Clo-Sket/Pencil/6-7.tif,/content/drive/MyDrive/FashionAI/datasets/Clo-Sket/Clo-Sket/Pencil/6-7.tif,Pencil,Pencil__G06,2
1368,/content/drive/MyDrive/FashionAI/datasets/Clo-Sket/Clo-Sket/Pencil/6-8.tif,/content/drive/MyDrive/FashionAI/datasets/Clo-Sket/Clo-Sket/Pencil/6-8.tif,Pencil,Pencil__G06,2
1369,/content/drive/MyDrive/FashionAI/datasets/Clo-Sket/Clo-Sket/Pencil/6-9.tif,/content/drive/MyDrive/FashionAI/datasets/Clo-Sket/Clo-Sket/Pencil/6-9.tif,Pencil,Pencil__G06,2
1370,/content/drive/MyDrive/FashionAI/datasets/Clo-Sket/Clo-Sket/Pencil/7-1.tif,/content/drive/MyDrive/FashionAI/datasets/Clo-Sket/Clo-Sket/Pencil/7-1.tif,Pencil,Pencil__G07,3
1371,/content/drive/MyDrive/FashionAI/datasets/Clo-Sket/Clo-Sket/Pencil/7-10.tif,/content/drive/MyDrive/FashionAI/datasets/Clo-Sket/Clo-Sket/Pencil/7-10.tif,Pencil,Pencil__G07,3
1372,/content/drive/MyDrive/FashionAI/datasets/Clo-Sket/Clo-Sket/Pencil/7-2.tif,/content/drive/MyDrive/FashionAI/datasets/Clo-Sket/Clo-Sket/Pencil/7-2.tif,Pencil,Pencil__G07,3
1373,/content/drive/MyDrive/FashionAI/datasets/Clo-Sket/Clo-Sket/Pencil/7-3.tif,/content/drive/MyDrive/FashionAI/datasets/Clo-Sket/Clo-Sket/Pencil/7-3.tif,Pencil,Pencil__G07,3
1374,/content/drive/MyDrive/FashionAI/datasets/Clo-Sket/Clo-Sket/Pencil/7-4.tif,/content/drive/MyDrive/FashionAI/datasets/Clo-Sket/Clo-Sket/Pencil/7-4.tif,Pencil,Pencil__G07,3
1375,/content/drive/MyDrive/FashionAI/datasets/Clo-Sket/Clo-Sket/Pencil/7-5.tif,/content/drive/MyDrive/FashionAI/datasets/Clo-Sket/Clo-Sket/Pencil/7-5.tif,Pencil,Pencil__G07,3
1376,/content/drive/MyDrive/FashionAI/datasets/Clo-Sket/Clo-Sket/Pencil/7-6.tif,/content/drive/MyDrive/FashionAI/datasets/Clo-Sket/Clo-Sket/Pencil/7-6.tif,Pencil,Pencil__G07,3
1377,/content/drive/MyDrive/FashionAI/datasets/Clo-Sket/Clo-Sket/Pencil/7-7.tif,/content/drive/MyDrive/FashionAI/datasets/Clo-Sket/Clo-Sket/Pencil/7-7.tif,Pencil,Pencil__G07,3
1378,/content/drive/MyDrive/FashionAI/datasets/Clo-Sket/Clo-Sket/Pencil/7-8.tif,/content/drive/MyDrive/FashionAI/datasets/Clo-Sket/Clo-Sket/Pencil/7-8.tif,Pencil,Pencil__G07,3
1379,/content/drive/MyDrive/FashionAI/datasets/Clo-Sket/Clo-Sket/Pencil/7-9.tif,/content/drive/MyDrive/FashionAI/datasets/Clo-Sket/Clo-Sket/Pencil/7-9.tif,Pencil,Pencil__G07,3
1380,/content/drive/MyDrive/FashionAI/datasets/Clo-Sket/Clo-Sket/Pencil/8-1.tif,/content/drive/MyDrive/FashionAI/datasets/Clo-Sket/Clo-Sket/Pencil/8-1.tif,Pencil,Pencil__G08,3
1381,/content/drive/MyDrive/FashionAI/datasets/Clo-Sket/Clo-Sket/Pencil/8-10.tif,/content/drive/MyDrive/FashionAI/datasets/Clo-Sket/Clo-Sket/Pencil/8-10.tif,Pencil,Pencil__G08,3
1382,/content/drive/MyDrive/FashionAI/datasets/Clo-Sket/Clo-Sket/Pencil/8-2.tif,/content/drive/MyDrive/FashionAI/datasets/Clo-Sket/Clo-Sket/Pencil/8-2.tif,Pencil,Pencil__G08,3
1383,/content/drive/MyDrive/FashionAI/datasets/Clo-Sket/Clo-Sket/Pencil/8-3.tif,/content/drive/MyDrive/FashionAI/datasets/Clo-Sket/Clo-Sket/Pencil/8-3.tif,Pencil,Pencil__G08,3
1384,/content/drive/MyDrive/FashionAI/datasets/Clo-Sket/Clo-Sket/Pencil/8-4.tif,/content/drive/MyDrive/FashionAI/datasets/Clo-Sket/Clo-Sket/Pencil/8-4.tif,Pencil,Pencil__G08,3
1385,/content/drive/MyDrive/FashionAI/datasets/Clo-Sket/Clo-Sket/Pencil/8-5.tif,/content/drive/MyDrive/FashionAI/datasets/Clo-Sket/Clo-Sket/Pencil/8-5.tif,Pencil,Pencil__G08,3
1386,/content/drive/MyDrive/FashionAI/datasets/Clo-Sket/Clo-Sket/Pencil/8-6.tif,/content/drive/MyDrive/FashionAI/datasets/Clo-Sket/Clo-Sket/Pencil/8-6.tif,Pencil,Pencil__G08,3
1387,/content/drive/MyDrive/FashionAI/datasets/Clo-Sket/Clo-Sket/Pencil/8-7.tif,/content/drive/MyDrive/FashionAI/datasets/Clo-Sket/Clo-Sket/Pencil/8-7.tif,Pencil,Pencil__G08,3
1388,/content/drive/MyDrive/FashionAI/datasets/Clo-Sket/Clo-Sket/Pencil/8-8.tif,/content/drive/MyDrive/FashionAI/datasets/Clo-Sket/Clo-Sket/Pencil/8-8.tif,Pencil,Pencil__G08,3
1389,/content/drive/MyDrive/FashionAI/datasets/Clo-Sket/Clo-Sket/Pencil/8-9.tif,/content/drive/MyDrive/FashionAI/datasets/Clo-Sket/Clo-Sket/Pencil/8-9.tif,Pencil,Pencil__G08,3
1390,/content/drive/MyDrive/FashionAI/datasets/Clo-Sket/Clo-Sket/Pencil/9-1.tif,/content/drive/MyDrive/FashionAI/datasets/Clo-Sket/Clo-Sket/Pencil/9-1.tif,Pencil,Pencil__G09,4
1391,/content/drive/MyDrive/FashionAI/datasets/Clo-Sket/Clo-Sket/Pencil/9-10.tif,/content/drive/MyDrive/FashionAI/datasets/Clo-Sket/Clo-Sket/Pencil/9-10.tif,Pencil,Pencil__G09,4
1392,/content/drive/MyDrive/FashionAI/datasets/Clo-Sket/Clo-Sket/Pencil/9-2.tif,/content/drive/MyDrive/FashionAI/datasets/Clo-Sket/Clo-Sket/Pencil/9-2.tif,Pencil,Pencil__G09,4
1393,/content/drive/MyDrive/FashionAI/datasets/Clo-Sket/Clo-Sket/Pencil/9-3.tif,/content/drive/MyDrive/FashionAI/datasets/Clo-Sket/Clo-Sket/Pencil/9-3.tif,Pencil,Pencil__G09,4
1394,/content/drive/MyDrive/FashionAI/datasets/Clo-Sket/Clo-Sket/Pencil/9-4.tif,/content/drive/MyDrive/FashionAI/datasets/Clo-Sket/Clo-Sket/Pencil/9-4.tif,Pencil,Pencil__G09,4
1395,/content/drive/MyDrive/FashionAI/datasets/Clo-Sket/Clo-Sket/Pencil/9-5.tif,/content/drive/MyDrive/FashionAI/datasets/Clo-Sket/Clo-Sket/Pencil/9-5.tif,Pencil,Pencil__G09,4
1396,/content/drive/MyDrive/FashionAI/datasets/Clo-Sket/Clo-Sket/Pencil/9-6.tif,/content/drive/MyDrive/FashionAI/datasets/Clo-Sket/Clo-Sket/Pencil/9-6.tif,Pencil,Pencil__G09,4
1397,/content/drive/MyDrive/FashionAI/datasets/Clo-Sket/Clo-Sket/Pencil/9-7.tif,/content/drive/MyDrive/FashionAI/datasets/Clo-Sket/Clo-Sket/Pencil/9-7.tif,Pencil,Pencil__G09,4
1398,/content/drive/MyDrive/FashionAI/datasets/Clo-Sket/Clo-Sket/Pencil/9-8.tif,/content/drive/MyDrive/FashionAI/datasets/Clo-Sket/Clo-Sket/Pencil/9-8.tif,Pencil,Pencil__G09,4
1399,/content/drive/MyDrive/FashionAI/datasets/Clo-Sket/Clo-Sket/Pencil/9-9.tif,/content/drive/MyDrive/FashionAI/datasets/Clo-Sket/Clo-Sket/Pencil/9-9.tif,Pencil,Pencil__G09,4
1400,/content/drive/MyDrive/FashionAI/datasets/Clo-Sket/Clo-Sket/Sarong/10_1.tif,/content/drive/MyDrive/FashionAI/datasets/Clo-Sket/Clo-Sket/Sarong/10_1.tif,Sarong,Sarong__G10,4
1401,/content/drive/MyDrive/FashionAI/datasets/Clo-Sket/Clo-Sket/Sarong/10_10.tif,/content/drive/MyDrive/FashionAI/datasets/Clo-Sket/Clo-Sket/Sarong/10_10.tif,Sarong,Sarong__G10,4
1402,/content/drive/MyDrive/FashionAI/datasets/Clo-Sket/Clo-Sket/Sarong/10_2.tif,/content/drive/MyDrive/FashionAI/datasets/Clo-Sket/Clo-Sket/Sarong/10_2.tif,Sarong,Sarong__G10,4
1403,/content/drive/MyDrive/FashionAI/datasets/Clo-Sket/Clo-Sket/Sarong/10_3.tif,/content/drive/MyDrive/FashionAI/datasets/Clo-Sket/Clo-Sket/Sarong/10_3.tif,Sarong,Sarong__G10,4
1404,/content/drive/MyDrive/FashionAI/datasets/Clo-Sket/Clo-Sket/Sarong/10_4.tif,/content/drive/MyDrive/FashionAI/datasets/Clo-Sket/Clo-Sket/Sarong/10_4.tif,Sarong,Sarong__G10,4
1405,/content/drive/MyDrive/FashionAI/datasets/Clo-Sket/Clo-Sket/Sarong/10_5.tif,/content/drive/MyDrive/FashionAI/datasets/Clo-Sket/Clo-Sket/Sarong/10_5.tif,Sarong,Sarong__G10,4
1406,/content/drive/MyDrive/FashionAI/datasets/Clo-Sket/Clo-Sket/Sarong/10_6.tif,/content/drive/MyDrive/FashionAI/datasets/Clo-Sket/Clo-Sket/Sarong/10_6.tif,Sarong,Sarong__G10,4
1407,/content/drive/MyDrive/FashionAI/datasets/Clo-Sket/Clo-Sket/Sarong/10_7.tif,/content/drive/MyDrive/FashionAI/datasets/Clo-Sket/Clo-Sket/Sarong/10_7.tif,Sarong,Sarong__G10,4
1408,/content/drive/MyDrive/FashionAI/datasets/Clo-Sket/Clo-Sket/Sarong/10_8.tif,/content/drive/MyDrive/FashionAI/datasets/Clo-Sket/Clo-Sket/Sarong/10_8.tif,Sarong,Sarong__G10,4
1409,/content/drive/MyDrive/FashionAI/datasets/Clo-Sket/Clo-Sket/Sarong/10_9.tif,/content/drive/MyDrive/FashionAI/datasets/Clo-Sket/Clo-Sket/Sarong/10_9.tif,Sarong,Sarong__G10,4
1410,/content/drive/MyDrive/FashionAI/datasets/Clo-Sket/Clo-Sket/Sarong/1_1.tif,/content/drive/MyDrive/FashionAI/datasets/Clo-Sket/Clo-Sket/Sarong/1_1.tif,Sarong,Sarong__G01,0
1411,/content/drive/MyDrive/FashionAI/datasets/Clo-Sket/Clo-Sket/Sarong/1_10.tif,/content/drive/MyDrive/FashionAI/datasets/Clo-Sket/Clo-Sket/Sarong/1_10.tif,Sarong,Sarong__G01,0
1412,/content/drive/MyDrive/FashionAI/datasets/Clo-Sket/Clo-Sket/Sarong/1_2.tif,/content/drive/MyDrive/FashionAI/datasets/Clo-Sket/Clo-Sket/Sarong/1_2.tif,Sarong,Sarong__G01,0
1413,/content/drive/MyDrive/FashionAI/datasets/Clo-Sket/Clo-Sket/Sarong/1_3.tif,/content/drive/MyDrive/FashionAI/datasets/Clo-Sket/Clo-Sket/Sarong/1_3.tif,Sarong,Sarong__G01,0
1414,/content/drive/MyDrive/FashionAI/datasets/Clo-Sket/Clo-Sket/Sarong/1_4.tif,/content/drive/MyDrive/FashionAI/datasets/Clo-Sket/Clo-Sket/Sarong/1_4.tif,Sarong,Sarong__G01,0
1415,/content/drive/MyDrive/FashionAI/datasets/Clo-Sket/Clo-Sket/Sarong/1_5.tif,/content/drive/MyDrive/FashionAI/datasets/Clo-Sket/Clo-Sket/Sarong/1_5.tif,Sarong,Sarong__G01,0
1416,/content/drive/MyDrive/FashionAI/datasets/Clo-Sket/Clo-Sket/Sarong/1_6.tif,/content/drive/MyDrive/FashionAI/datasets/Clo-Sket/Clo-Sket/Sarong/1_6.tif,Sarong,Sarong__G01,0
1417,/content/drive/MyDrive/FashionAI/datasets/Clo-Sket/Clo-Sket/Sarong/1_78.tif,/content/drive/MyDrive/FashionAI/datasets/Clo-Sket/Clo-Sket/Sarong/1_78.tif,Sarong,Sarong__G01,0
1418,/content/drive/MyDrive/FashionAI/datasets/Clo-Sket/Clo-Sket/Sarong/1_8.tif,/content/drive/MyDrive/FashionAI/datasets/Clo-Sket/Clo-Sket/Sarong/1_8.tif,Sarong,Sarong__G01,0
1419,/content/drive/MyDrive/FashionAI/datasets/Clo-Sket/Clo-Sket/Sarong/1_9.tif,/content/drive/MyDrive/FashionAI/datasets/Clo-Sket/Clo-Sket/Sarong/1_9.tif,Sarong,Sarong__G01,0
1420,/content/drive/MyDrive/FashionAI/datasets/Clo-Sket/Clo-Sket/Sarong/2_1.tif,/content/drive/MyDrive/FashionAI/datasets/Clo-Sket/Clo-Sket/Sarong/2_1.tif,Sarong,Sarong__G02,0
1421,/content/drive/MyDrive/FashionAI/datasets/Clo-Sket/Clo-Sket/Sarong/2_10.tif,/content/drive/MyDrive/FashionAI/datasets/Clo-Sket/Clo-Sket/Sarong/2_10.tif,Sarong,Sarong__G02,0
1422,/content/drive/MyDrive/FashionAI/datasets/Clo-Sket/Clo-Sket/Sarong/2_2.tif,/content/drive/MyDrive/FashionAI/datasets/Clo-Sket/Clo-Sket/Sarong/2_2.tif,Sarong,Sarong__G02,0
1423,/content/drive/MyDrive/FashionAI/datasets/Clo-Sket/Clo-Sket/Sarong/2_3.tif,/content/drive/MyDrive/FashionAI/datasets/Clo-Sket/Clo-Sket/Sarong/2_3.tif,Sarong,Sarong__G02,0
1424,/content/drive/MyDrive/FashionAI/datasets/Clo-Sket/Clo-Sket/Sarong/2_4.tif,/content/drive/MyDrive/FashionAI/datasets/Clo-Sket/Clo-Sket/Sarong/2_4.tif,Sarong,Sarong__G02,0
1425,/content/drive/MyDrive/FashionAI/datasets/Clo-Sket/Clo-Sket/Sarong/2_5.tif,/content/drive/MyDrive/FashionAI/datasets/Clo-Sket/Clo-Sket/Sarong/2_5.tif,Sarong,Sarong__G02,0
1426,/content/drive/MyDrive/FashionAI/datasets/Clo-Sket/Clo-Sket/Sarong/2_6.tif,/content/drive/MyDrive/FashionAI/datasets/Clo-Sket/Clo-Sket/Sarong/2_6.tif,Sarong,Sarong__G02,0
1427,/content/drive/MyDrive/FashionAI/datasets/Clo-Sket/Clo-Sket/Sarong/2_7.tif,/content/drive/MyDrive/FashionAI/datasets/Clo-Sket/Clo-Sket/Sarong/2_7.tif,Sarong,Sarong__G02,0
1428,/content/drive/MyDrive/FashionAI/datasets/Clo-Sket/Clo-Sket/Sarong/2_8.tif,/content/drive/MyDrive/FashionAI/datasets/Clo-Sket/Clo-Sket/Sarong/2_8.tif,Sarong,Sarong__G02,0
1429,/content/drive/MyDrive/FashionAI/datasets/Clo-Sket/Clo-Sket/Sarong/2_9.tif,/content/drive/MyDrive/FashionAI/datasets/Clo-Sket/Clo-Sket/Sarong/2_9.tif,Sarong,Sarong__G02,0
1430,/content/drive/MyDrive/FashionAI/datasets/Clo-Sket/Clo-Sket/Sarong/3_1.tif,/content/drive/MyDrive/FashionAI/datasets/Clo-Sket/Clo-Sket/Sarong/3_1.tif,Sarong,Sarong__G03,1
1431,/content/drive/MyDrive/FashionAI/datasets/Clo-Sket/Clo-Sket/Sarong/3_10.tif,/content/drive/MyDrive/FashionAI/datasets/Clo-Sket/Clo-Sket/Sarong/3_10.tif,Sarong,Sarong__G03,1
1432,/content/drive/MyDrive/FashionAI/datasets/Clo-Sket/Clo-Sket/Sarong/3_2.tif,/content/drive/MyDrive/FashionAI/datasets/Clo-Sket/Clo-Sket/Sarong/3_2.tif,Sarong,Sarong__G03,1
1433,/content/drive/MyDrive/FashionAI/datasets/Clo-Sket/Clo-Sket/Sarong/3_3.tif,/content/drive/MyDrive/FashionAI/datasets/Clo-Sket/Clo-Sket/Sarong/3_3.tif,Sarong,Sarong__G03,1
1434,/content/drive/MyDrive/FashionAI/datasets/Clo-Sket/Clo-Sket/Sarong/3_4.tif,/content/drive/MyDrive/FashionAI/datasets/Clo-Sket/Clo-Sket/Sarong/3_4.tif,Sarong,Sarong__G03,1
1435,/content/drive/MyDrive/FashionAI/datasets/Clo-Sket/Clo-Sket/Sarong/3_5.tif,/content/drive/MyDrive/FashionAI/datasets/Clo-Sket/Clo-Sket/Sarong/3_5.tif,Sarong,Sarong__G03,1
1436,/content/drive/MyDrive/FashionAI/datasets/Clo-Sket/Clo-Sket/Sarong/3_6.tif,/content/drive/MyDrive/FashionAI/datasets/Clo-Sket/Clo-Sket/Sarong/3_6.tif,Sarong,Sarong__G03,1
1437,/content/drive/MyDrive/FashionAI/datasets/Clo-Sket/Clo-Sket/Sarong/3_7.tif,/content/drive/MyDrive/FashionAI/datasets/Clo-Sket/Clo-Sket/Sarong/3_7.tif,Sarong,Sarong__G03,1
1438,/content/drive/MyDrive/FashionAI/datasets/Clo-Sket/Clo-Sket/Sarong/3_8.tif,/content/drive/MyDrive/FashionAI/datasets/Clo-Sket/Clo-Sket/Sarong/3_8.tif,Sarong,Sarong__G03,1
1439,/content/drive/MyDrive/FashionAI/datasets/Clo-Sket/Clo-Sket/Sarong/3_9.tif,/content/drive/MyDrive/FashionAI/datasets/Clo-Sket/Clo-Sket/Sarong/3_9.tif,Sarong,Sarong__G03,1
1440,/content/drive/MyDrive/FashionAI/datasets/Clo-Sket/Clo-Sket/Sarong/4_1.tif,/content/drive/MyDrive/FashionAI/datasets/Clo-Sket/Clo-Sket/Sarong/4_1.tif,Sarong,Sarong__G04,1
1441,/content/drive/MyDrive/FashionAI/datasets/Clo-Sket/Clo-Sket/Sarong/4_10.tif,/content/drive/MyDrive/FashionAI/datasets/Clo-Sket/Clo-Sket/Sarong/4_10.tif,Sarong,Sarong__G04,1
1442,/content/drive/MyDrive/FashionAI/datasets/Clo-Sket/Clo-Sket/Sarong/4_2.tif,/content/drive/MyDrive/FashionAI/datasets/Clo-Sket/Clo-Sket/Sarong/4_2.tif,Sarong,Sarong__G04,1
1443,/content/drive/MyDrive/FashionAI/datasets/Clo-Sket/Clo-Sket/Sarong/4_3.tif,/content/drive/MyDrive/FashionAI/datasets/Clo-Sket/Clo-Sket/Sarong/4_3.tif,Sarong,Sarong__G04,1
1444,/content/drive/MyDrive/FashionAI/datasets/Clo-Sket/Clo-Sket/Sarong/4_4.tif,/content/drive/MyDrive/FashionAI/datasets/Clo-Sket/Clo-Sket/Sarong/4_4.tif,Sarong,Sarong__G04,1
1445,/content/drive/MyDrive/FashionAI/datasets/Clo-Sket/Clo-Sket/Sarong/4_5.tif,/content/drive/MyDrive/FashionAI/datasets/Clo-Sket/Clo-Sket/Sarong/4_5.tif,Sarong,Sarong__G04,1
1446,/content/drive/MyDrive/FashionAI/datasets/Clo-Sket/Clo-Sket/Sarong/4_6.tif,/content/drive/MyDrive/FashionAI/datasets/Clo-Sket/Clo-Sket/Sarong/4_6.tif,Sarong,Sarong__G04,1
1447,/content/drive/MyDrive/FashionAI/datasets/Clo-Sket/Clo-Sket/Sarong/4_7.tif,/content/drive/MyDrive/FashionAI/datasets/Clo-Sket/Clo-Sket/Sarong/4_7.tif,Sarong,Sarong__G04,1
1448,/content/drive/MyDrive/FashionAI/datasets/Clo-Sket/Clo-Sket/Sarong/4_8.tif,/content/drive/MyDrive/FashionAI/datasets/Clo-Sket/Clo-Sket/Sarong/4_8.tif,Sarong,Sarong__G04,1
1449,/content/drive/MyDrive/FashionAI/datasets/Clo-Sket/Clo-Sket/Sarong/4_9.tif,/content/drive/MyDrive/FashionAI/datasets/Clo-Sket/Clo-Sket/Sarong/4_9.tif,Sarong,Sarong__G04,1
1450,/content/drive/MyDrive/FashionAI/datasets/Clo-Sket/Clo-Sket/Sarong/5+8.tif,/content/drive/MyDrive/FashionAI/datasets/Clo-Sket/Clo-Sket/Sarong/5+8.tif,Sarong,Sarong__G05,2
1451,/content/drive/MyDrive/FashionAI/datasets/Clo-Sket/Clo-Sket/Sarong/5_1.tif,/content/drive/MyDrive/FashionAI/datasets/Clo-Sket/Clo-Sket/Sarong/5_1.tif,Sarong,Sarong__G05,2
1452,/content/drive/MyDrive/FashionAI/datasets/Clo-Sket/Clo-Sket/Sarong/5_10.tif,/content/drive/MyDrive/FashionAI/datasets/Clo-Sket/Clo-Sket/Sarong/5_10.tif,Sarong,Sarong__G05,2
1453,/content/drive/MyDrive/FashionAI/datasets/Clo-Sket/Clo-Sket/Sarong/5_2.tif,/content/drive/MyDrive/FashionAI/datasets/Clo-Sket/Clo-Sket/Sarong/5_2.tif,Sarong,Sarong__G05,2
1454,/content/drive/MyDrive/FashionAI/datasets/Clo-Sket/Clo-Sket/Sarong/5_3.tif,/content/drive/MyDrive/FashionAI/datasets/Clo-Sket/Clo-Sket/Sarong/5_3.tif,Sarong,Sarong__G05,2
1455,/content/drive/MyDrive/FashionAI/datasets/Clo-Sket/Clo-Sket/Sarong/5_4.tif,/content/drive/MyDrive/FashionAI/datasets/Clo-Sket/Clo-Sket/Sarong/5_4.tif,Sarong,Sarong__G05,2
1456,/content/drive/MyDrive/FashionAI/datasets/Clo-Sket/Clo-Sket/Sarong/5_5.tif,/content/drive/MyDrive/FashionAI/datasets/Clo-Sket/Clo-Sket/Sarong/5_5.tif,Sarong,Sarong__G05,2
1457,/content/drive/MyDrive/FashionAI/datasets/Clo-Sket/Clo-Sket/Sarong/5_6.tif,/content/drive/MyDrive/FashionAI/datasets/Clo-Sket/Clo-Sket/Sarong/5_6.tif,Sarong,Sarong__G05,2
1458,/content/drive/MyDrive/FashionAI/datasets/Clo-Sket/Clo-Sket/Sarong/5_7.tif,/content/drive/MyDrive/FashionAI/datasets/Clo-Sket/Clo-Sket/Sarong/5_7.tif,Sarong,Sarong__G05,2
1459,/content/drive/MyDrive/FashionAI/datasets/Clo-Sket/Clo-Sket/Sarong/5_9.tif,/content/drive/MyDrive/FashionAI/datasets/Clo-Sket/Clo-Sket/Sarong/5_9.tif,Sarong,Sarong__G05,2
1460,/content/drive/MyDrive/FashionAI/datasets/Clo-Sket/Clo-Sket/Sarong/6_1.tif,/content/drive/MyDrive/FashionAI/datasets/Clo-Sket/Clo-Sket/Sarong/6_1.tif,Sarong,Sarong__G06,2
1461,/content/drive/MyDrive/FashionAI/datasets/Clo-Sket/Clo-Sket/Sarong/6_10.tif,/content/drive/MyDrive/FashionAI/datasets/Clo-Sket/Clo-Sket/Sarong/6_10.tif,Sarong,Sarong__G06,2
1462,/content/drive/MyDrive/FashionAI/datasets/Clo-Sket/Clo-Sket/Sarong/6_2.tif,/content/drive/MyDrive/FashionAI/datasets/Clo-Sket/Clo-Sket/Sarong/6_2.tif,Sarong,Sarong__G06,2
1463,/content/drive/MyDrive/FashionAI/datasets/Clo-Sket/Clo-Sket/Sarong/6_3.tif,/content/drive/MyDrive/FashionAI/datasets/Clo-Sket/Clo-Sket/Sarong/6_3.tif,Sarong,Sarong__G06,2
1464,/content/drive/MyDrive/FashionAI/datasets/Clo-Sket/Clo-Sket/Sarong/6_4.tif,/content/drive/MyDrive/FashionAI/datasets/Clo-Sket/Clo-Sket/Sarong/6_4.tif,Sarong,Sarong__G06,2
1465,/content/drive/MyDrive/FashionAI/datasets/Clo-Sket/Clo-Sket/Sarong/6_5.tif,/content/drive/MyDrive/FashionAI/datasets/Clo-Sket/Clo-Sket/Sarong/6_5.tif,Sarong,Sarong__G06,2
1466,/content/drive/MyDrive/FashionAI/datasets/Clo-Sket/Clo-Sket/Sarong/6_6.tif,/content/drive/MyDrive/FashionAI/datasets/Clo-Sket/Clo-Sket/Sarong/6_6.tif,Sarong,Sarong__G06,2
1467,/content/drive/MyDrive/FashionAI/datasets/Clo-Sket/Clo-Sket/Sarong/6_7.tif,/content/drive/MyDrive/FashionAI/datasets/Clo-Sket/Clo-Sket/Sarong/6_7.tif,Sarong,Sarong__G06,2
1468,/content/drive/MyDrive/FashionAI/datasets/Clo-Sket/Clo-Sket/Sarong/6_8.tif,/content/drive/MyDrive/FashionAI/datasets/Clo-Sket/Clo-Sket/Sarong/6_8.tif,Sarong,Sarong__G06,2
1469,/content/drive/MyDrive/FashionAI/datasets/Clo-Sket/Clo-Sket/Sarong/6_9.tif,/content/drive/MyDrive/FashionAI/datasets/Clo-Sket/Clo-Sket/Sarong/6_9.tif,Sarong,Sarong__G06,2
1470,/content/drive/MyDrive/FashionAI/datasets/Clo-Sket/Clo-Sket/Sarong/7_1.tif,/content/drive/MyDrive/FashionAI/datasets/Clo-Sket/Clo-Sket/Sarong/7_1.tif,Sarong,Sarong__G07,3
1471,/content/drive/MyDrive/FashionAI/datasets/Clo-Sket/Clo-Sket/Sarong/7_10.tif,/content/drive/MyDrive/FashionAI/datasets/Clo-Sket/Clo-Sket/Sarong/7_10.tif,Sarong,Sarong__G07,3
1472,/content/drive/MyDrive/FashionAI/datasets/Clo-Sket/Clo-Sket/Sarong/7_2.tif,/content/drive/MyDrive/FashionAI/datasets/Clo-Sket/Clo-Sket/Sarong/7_2.tif,Sarong,Sarong__G07,3
1473,/content/drive/MyDrive/FashionAI/datasets/Clo-Sket/Clo-Sket/Sarong/7_3.tif,/content/drive/MyDrive/FashionAI/datasets/Clo-Sket/Clo-Sket/Sarong/7_3.tif,Sarong,Sarong__G07,3
1474,/content/drive/MyDrive/FashionAI/datasets/Clo-Sket/Clo-Sket/Sarong/7_4.tif,/content/drive/MyDrive/FashionAI/datasets/Clo-Sket/Clo-Sket/Sarong/7_4.tif,Sarong,Sarong__G07,3
1475,/content/drive/MyDrive/FashionAI/datasets/Clo-Sket/Clo-Sket/Sarong/7_5.tif,/content/drive/MyDrive/FashionAI/datasets/Clo-Sket/Clo-Sket/Sarong/7_5.tif,Sarong,Sarong__G07,3
1476,/content/drive/MyDrive/FashionAI/datasets/Clo-Sket/Clo-Sket/Sarong/7_6.tif,/content/drive/MyDrive/FashionAI/datasets/Clo-Sket/Clo-Sket/Sarong/7_6.tif,Sarong,Sarong__G07,3
1477,/content/drive/MyDrive/FashionAI/datasets/Clo-Sket/Clo-Sket/Sarong/7_7.tif,/content/drive/MyDrive/FashionAI/datasets/Clo-Sket/Clo-Sket/Sarong/7_7.tif,Sarong,Sarong__G07,3
1478,/content/drive/MyDrive/FashionAI/datasets/Clo-Sket/Clo-Sket/Sarong/7_8.tif,/content/drive/MyDrive/FashionAI/datasets/Clo-Sket/Clo-Sket/Sarong/7_8.tif,Sarong,Sarong__G07,3
1479,/content/drive/MyDrive/FashionAI/datasets/Clo-Sket/Clo-Sket/Sarong/7_9.tif,/content/drive/MyDrive/FashionAI/datasets/Clo-Sket/Clo-Sket/Sarong/7_9.tif,Sarong,Sarong__G07,3
1480,/content/drive/MyDrive/FashionAI/datasets/Clo-Sket/Clo-Sket/Sarong/8_1.tif,/content/drive/MyDrive/FashionAI/datasets/Clo-Sket/Clo-Sket/Sarong/8_1.tif,Sarong,Sarong__G08,3
1481,/content/drive/MyDrive/FashionAI/datasets/Clo-Sket/Clo-Sket/Sarong/8_10.tif,/content/drive/MyDrive/FashionAI/datasets/Clo-Sket/Clo-Sket/Sarong/8_10.tif,Sarong,Sarong__G08,3
1482,/content/drive/MyDrive/FashionAI/datasets/Clo-Sket/Clo-Sket/Sarong/8_2.tif,/content/drive/MyDrive/FashionAI/datasets/Clo-Sket/Clo-Sket/Sarong/8_2.tif,Sarong,Sarong__G08,3
1483,/content/drive/MyDrive/FashionAI/datasets/Clo-Sket/Clo-Sket/Sarong/8_3.tif,/content/drive/MyDrive/FashionAI/datasets/Clo-Sket/Clo-Sket/Sarong/8_3.tif,Sarong,Sarong__G08,3
1484,/content/drive/MyDrive/FashionAI/datasets/Clo-Sket/Clo-Sket/Sarong/8_4.tif,/content/drive/MyDrive/FashionAI/datasets/Clo-Sket/Clo-Sket/Sarong/8_4.tif,Sarong,Sarong__G08,3
1485,/content/drive/MyDrive/FashionAI/datasets/Clo-Sket/Clo-Sket/Sarong/8_5.tif,/content/drive/MyDrive/FashionAI/datasets/Clo-Sket/Clo-Sket/Sarong/8_5.tif,Sarong,Sarong__G08,3
1486,/content/drive/MyDrive/FashionAI/datasets/Clo-Sket/Clo-Sket/Sarong/8_6.tif,/content/drive/MyDrive/FashionAI/datasets/Clo-Sket/Clo-Sket/Sarong/8_6.tif,Sarong,Sarong__G08,3
1487,/content/drive/MyDrive/FashionAI/datasets/Clo-Sket/Clo-Sket/Sarong/8_7.tif,/content/drive/MyDrive/FashionAI/datasets/Clo-Sket/Clo-Sket/Sarong/8_7.tif,Sarong,Sarong__G08,3
1488,/content/drive/MyDrive/FashionAI/datasets/Clo-Sket/Clo-Sket/Sarong/8_8.tif,/content/drive/MyDrive/FashionAI/datasets/Clo-Sket/Clo-Sket/Sarong/8_8.tif,Sarong,Sarong__G08,3
1489,/content/drive/MyDrive/FashionAI/datasets/Clo-Sket/Clo-Sket/Sarong/8_9.tif,/content/drive/MyDrive/FashionAI/datasets/Clo-Sket/Clo-Sket/Sarong/8_9.tif,Sarong,Sarong__G08,3
1490,/content/drive/MyDrive/FashionAI/datasets/Clo-Sket/Clo-Sket/Sarong/9_1.tif,/content/drive/MyDrive/FashionAI/datasets/Clo-Sket/Clo-Sket/Sarong/9_1.tif,Sarong,Sarong__G09,4
1491,/content/drive/MyDrive/FashionAI/datasets/Clo-Sket/Clo-Sket/Sarong/9_10.tif,/content/drive/MyDrive/FashionAI/datasets/Clo-Sket/Clo-Sket/Sarong/9_10.tif,Sarong,Sarong__G09,4
1492,/content/drive/MyDrive/FashionAI/datasets/Clo-Sket/Clo-Sket/Sarong/9_2.tif,/content/drive/MyDrive/FashionAI/datasets/Clo-Sket/Clo-Sket/Sarong/9_2.tif,Sarong,Sarong__G09,4
1493,/content/drive/MyDrive/FashionAI/datasets/Clo-Sket/Clo-Sket/Sarong/9_3.tif,/content/drive/MyDrive/FashionAI/datasets/Clo-Sket/Clo-Sket/Sarong/9_3.tif,Sarong,Sarong__G09,4
1494,/content/drive/MyDrive/FashionAI/datasets/Clo-Sket/Clo-Sket/Sarong/9_4.tif,/content/drive/MyDrive/FashionAI/datasets/Clo-Sket/Clo-Sket/Sarong/9_4.tif,Sarong,Sarong__G09,4
1495,/content/drive/MyDrive/FashionAI/datasets/Clo-Sket/Clo-Sket/Sarong/9_5.tif,/content/drive/MyDrive/FashionAI/datasets/Clo-Sket/Clo-Sket/Sarong/9_5.tif,Sarong,Sarong__G09,4
1496,/content/drive/MyDrive/FashionAI/datasets/Clo-Sket/Clo-Sket/Sarong/9_6.tif,/content/drive/MyDrive/FashionAI/datasets/Clo-Sket/Clo-Sket/Sarong/9_6.tif,Sarong,Sarong__G09,4
1497,/content/drive/MyDrive/FashionAI/datasets/Clo-Sket/Clo-Sket/Sarong/9_7.tif,/content/drive/MyDrive/FashionAI/datasets/Clo-Sket/Clo-Sket/Sarong/9_7.tif,Sarong,Sarong__G09,4
1498,/content/drive/MyDrive/FashionAI/datasets/Clo-Sket/Clo-Sket/Sarong/9_8.tif,/content/drive/MyDrive/FashionAI/datasets/Clo-Sket/Clo-Sket/Sarong/9_8.tif,Sarong,Sarong__G09,4
1499,/content/drive/MyDrive/FashionAI/datasets/Clo-Sket/Clo-Sket/Sarong/9_9.tif,/content/drive/MyDrive/FashionAI/datasets/Clo-Sket/Clo-Sket/Sarong/9_9.tif,Sarong,Sarong__G09,4
1500,/content/drive/MyDrive/FashionAI/datasets/Clo-Sket/Clo-Sket/Shirt/10_1.tif,/content/drive/MyDrive/FashionAI/datasets/Clo-Sket/Clo-Sket/Shirt/10_1.tif,Shirt,Shirt__G10,4
1501,/content/drive/MyDrive/FashionAI/datasets/Clo-Sket/Clo-Sket/Shirt/10_10.tif,/content/drive/MyDrive/FashionAI/datasets/Clo-Sket/Clo-Sket/Shirt/10_10.tif,Shirt,Shirt__G10,4
1502,/content/drive/MyDrive/FashionAI/datasets/Clo-Sket/Clo-Sket/Shirt/10_2.tif,/content/drive/MyDrive/FashionAI/datasets/Clo-Sket/Clo-Sket/Shirt/10_2.tif,Shirt,Shirt__G10,4
1503,/content/drive/MyDrive/FashionAI/datasets/Clo-Sket/Clo-Sket/Shirt/10_3.tif,/content/drive/MyDrive/FashionAI/datasets/Clo-Sket/Clo-Sket/Shirt/10_3.tif,Shirt,Shirt__G10,4
1504,/content/drive/MyDrive/FashionAI/datasets/Clo-Sket/Clo-Sket/Shirt/10_4.tif,/content/drive/MyDrive/FashionAI/datasets/Clo-Sket/Clo-Sket/Shirt/10_4.tif,Shirt,Shirt__G10,4
1505,/content/drive/MyDrive/FashionAI/datasets/Clo-Sket/Clo-Sket/Shirt/10_5.tif,/content/drive/MyDrive/FashionAI/datasets/Clo-Sket/Clo-Sket/Shirt/10_5.tif,Shirt,Shirt__G10,4
1506,/content/drive/MyDrive/FashionAI/datasets/Clo-Sket/Clo-Sket/Shirt/10_6.tif,/content/drive/MyDrive/FashionAI/datasets/Clo-Sket/Clo-Sket/Shirt/10_6.tif,Shirt,Shirt__G10,4
1507,/content/drive/MyDrive/FashionAI/datasets/Clo-Sket/Clo-Sket/Shirt/10_7.tif,/content/drive/MyDrive/FashionAI/datasets/Clo-Sket/Clo-Sket/Shirt/10_7.tif,Shirt,Shirt__G10,4
1508,/content/drive/MyDrive/FashionAI/datasets/Clo-Sket/Clo-Sket/Shirt/10_8.tif,/content/drive/MyDrive/FashionAI/datasets/Clo-Sket/Clo-Sket/Shirt/10_8.tif,Shirt,Shirt__G10,4
1509,/content/drive/MyDrive/FashionAI/datasets/Clo-Sket/Clo-Sket/Shirt/10_9.tif,/content/drive/MyDrive/FashionAI/datasets/Clo-Sket/Clo-Sket/Shirt/10_9.tif,Shirt,Shirt__G10,4
1510,/content/drive/MyDrive/FashionAI/datasets/Clo-Sket/Clo-Sket/Shirt/1_1.tif,/content/drive/MyDrive/FashionAI/datasets/Clo-Sket/Clo-Sket/Shirt/1_1.tif,Shirt,Shirt__G01,0
1511,/content/drive/MyDrive/FashionAI/datasets/Clo-Sket/Clo-Sket/Shirt/1_10.tif,/content/drive/MyDrive/FashionAI/datasets/Clo-Sket/Clo-Sket/Shirt/1_10.tif,Shirt,Shirt__G01,0
1512,/content/drive/MyDrive/FashionAI/datasets/Clo-Sket/Clo-Sket/Shirt/1_2.tif,/content/drive/MyDrive/FashionAI/datasets/Clo-Sket/Clo-Sket/Shirt/1_2.tif,Shirt,Shirt__G01,0
1513,/content/drive/MyDrive/FashionAI/datasets/Clo-Sket/Clo-Sket/Shirt/1_3.tif,/content/drive/MyDrive/FashionAI/datasets/Clo-Sket/Clo-Sket/Shirt/1_3.tif,Shirt,Shirt__G01,0
1514,/content/drive/MyDrive/FashionAI/datasets/Clo-Sket/Clo-Sket/Shirt/1_4.tif,/content/drive/MyDrive/FashionAI/datasets/Clo-Sket/Clo-Sket/Shirt/1_4.tif,Shirt,Shirt__G01,0
1515,/content/drive/MyDrive/FashionAI/datasets/Clo-Sket/Clo-Sket/Shirt/1_5.tif,/content/drive/MyDrive/FashionAI/datasets/Clo-Sket/Clo-Sket/Shirt/1_5.tif,Shirt,Shirt__G01,0
1516,/content/drive/MyDrive/FashionAI/datasets/Clo-Sket/Clo-Sket/Shirt/1_6.tif,/content/drive/MyDrive/FashionAI/datasets/Clo-Sket/Clo-Sket/Shirt/1_6.tif,Shirt,Shirt__G01,0
1517,/content/drive/MyDrive/FashionAI/datasets/Clo-Sket/Clo-Sket/Shirt/1_7.tif,/content/drive/MyDrive/FashionAI/datasets/Clo-Sket/Clo-Sket/Shirt/1_7.tif,Shirt,Shirt__G01,0
1518,/content/drive/MyDrive/FashionAI/datasets/Clo-Sket/Clo-Sket/Shirt/1_8.tif,/content/drive/MyDrive/FashionAI/datasets/Clo-Sket/Clo-Sket/Shirt/1_8.tif,Shirt,Shirt__G01,0
1519,/content/drive/MyDrive/FashionAI/datasets/Clo-Sket/Clo-Sket/Shirt/1_9.tif,/content/drive/MyDrive/FashionAI/datasets/Clo-Sket/Clo-Sket/Shirt/1_9.tif,Shirt,Shirt__G01,0
1520,/content/drive/MyDrive/FashionAI/datasets/Clo-Sket/Clo-Sket/Shirt/2_1.tif,/content/drive/MyDrive/FashionAI/datasets/Clo-Sket/Clo-Sket/Shirt/2_1.tif,Shirt,Shirt__G02,0
1521,/content/drive/MyDrive/FashionAI/datasets/Clo-Sket/Clo-Sket/Shirt/2_10.tif,/content/drive/MyDrive/FashionAI/datasets/Clo-Sket/Clo-Sket/Shirt/2_10.tif,Shirt,Shirt__G02,0
1522,/content/drive/MyDrive/FashionAI/datasets/Clo-Sket/Clo-Sket/Shirt/2_2.tif,/content/drive/MyDrive/FashionAI/datasets/Clo-Sket/Clo-Sket/Shirt/2_2.tif,Shirt,Shirt__G02,0
1523,/content/drive/MyDrive/FashionAI/datasets/Clo-Sket/Clo-Sket/Shirt/2_3.tif,/content/drive/MyDrive/FashionAI/datasets/Clo-Sket/Clo-Sket/Shirt/2_3.tif,Shirt,Shirt__G02,0
1524,/content/drive/MyDrive/FashionAI/datasets/Clo-Sket/Clo-Sket/Shirt/2_4.tif,/content/drive/MyDrive/FashionAI/datasets/Clo-Sket/Clo-Sket/Shirt/2_4.tif,Shirt,Shirt__G02,0
1525,/content/drive/MyDrive/FashionAI/datasets/Clo-Sket/Clo-Sket/Shirt/2_5.tif,/content/drive/MyDrive/FashionAI/datasets/Clo-Sket/Clo-Sket/Shirt/2_5.tif,Shirt,Shirt__G02,0
1526,/content/drive/MyDrive/FashionAI/datasets/Clo-Sket/Clo-Sket/Shirt/2_6.tif,/content/drive/MyDrive/FashionAI/datasets/Clo-Sket/Clo-Sket/Shirt/2_6.tif,Shirt,Shirt__G02,0
1527,/content/drive/MyDrive/FashionAI/datasets/Clo-Sket/Clo-Sket/Shirt/2_7.tif,/content/drive/MyDrive/FashionAI/datasets/Clo-Sket/Clo-Sket/Shirt/2_7.tif,Shirt,Shirt__G02,0
1528,/content/drive/MyDrive/FashionAI/datasets/Clo-Sket/Clo-Sket/Shirt/2_8.tif,/content/drive/MyDrive/FashionAI/datasets/Clo-Sket/Clo-Sket/Shirt/2_8.tif,Shirt,Shirt__G02,0
1529,/content/drive/MyDrive/FashionAI/datasets/Clo-Sket/Clo-Sket/Shirt/2_9.tif,/content/drive/MyDrive/FashionAI/datasets/Clo-Sket/Clo-Sket/Shirt/2_9.tif,Shirt,Shirt__G02,0
1530,/content/drive/MyDrive/FashionAI/datasets/Clo-Sket/Clo-Sket/Shirt/3-10.tif,/content/drive/MyDrive/FashionAI/datasets/Clo-Sket/Clo-Sket/Shirt/3-10.tif,Shirt,Shirt__G03,1
1531,/content/drive/MyDrive/FashionAI/datasets/Clo-Sket/Clo-Sket/Shirt/3_1.tif,/content/drive/MyDrive/FashionAI/datasets/Clo-Sket/Clo-Sket/Shirt/3_1.tif,Shirt,Shirt__G03,1
1532,/content/drive/MyDrive/FashionAI/datasets/Clo-Sket/Clo-Sket/Shirt/3_2.tif,/content/drive/MyDrive/FashionAI/datasets/Clo-Sket/Clo-Sket/Shirt/3_2.tif,Shirt,Shirt__G03,1
1533,/content/drive/MyDrive/FashionAI/datasets/Clo-Sket/Clo-Sket/Shirt/3_3.tif,/content/drive/MyDrive/FashionAI/datasets/Clo-Sket/Clo-Sket/Shirt/3_3.tif,Shirt,Shirt__G03,1
1534,/content/drive/MyDrive/FashionAI/datasets/Clo-Sket/Clo-Sket/Shirt/3_4.tif,/content/drive/MyDrive/FashionAI/datasets/Clo-Sket/Clo-Sket/Shirt/3_4.tif,Shirt,Shirt__G03,1
1535,/content/drive/MyDrive/FashionAI/datasets/Clo-Sket/Clo-Sket/Shirt/3_5.tif,/content/drive/MyDrive/FashionAI/datasets/Clo-Sket/Clo-Sket/Shirt/3_5.tif,Shirt,Shirt__G03,1
1536,/content/drive/MyDrive/FashionAI/datasets/Clo-Sket/Clo-Sket/Shirt/3_6.tif,/content/drive/MyDrive/FashionAI/datasets/Clo-Sket/Clo-Sket/Shirt/3_6.tif,Shirt,Shirt__G03,1
1537,/content/drive/MyDrive/FashionAI/datasets/Clo-Sket/Clo-Sket/Shirt/3_7.tif,/content/drive/MyDrive/FashionAI/datasets/Clo-Sket/Clo-Sket/Shirt/3_7.tif,Shirt,Shirt__G03,1
1538,/content/drive/MyDrive/FashionAI/datasets/Clo-Sket/Clo-Sket/Shirt/3_8.tif,/content/drive/MyDrive/FashionAI/datasets/Clo-Sket/Clo-Sket/Shirt/3_8.tif,Shirt,Shirt__G03,1
1539,/content/drive/MyDrive/FashionAI/datasets/Clo-Sket/Clo-Sket/Shirt/3_9.tif,/content/drive/MyDrive/FashionAI/datasets/Clo-Sket/Clo-Sket/Shirt/3_9.tif,Shirt,Shirt__G03,1
1540,/content/drive/MyDrive/FashionAI/datasets/Clo-Sket/Clo-Sket/Shirt/4_1.tif,/content/drive/MyDrive/FashionAI/datasets/Clo-Sket/Clo-Sket/Shirt/4_1.tif,Shirt,Shirt__G04,1
1541,/content/drive/MyDrive/FashionAI/datasets/Clo-Sket/Clo-Sket/Shirt/4_10.tif,/content/drive/MyDrive/FashionAI/datasets/Clo-Sket/Clo-Sket/Shirt/4_10.tif,Shirt,Shirt__G04,1
1542,/content/drive/MyDrive/FashionAI/datasets/Clo-Sket/Clo-Sket/Shirt/4_2.tif,/content/drive/MyDrive/FashionAI/datasets/Clo-Sket/Clo-Sket/Shirt/4_2.tif,Shirt,Shirt__G04,1
1543,/content/drive/MyDrive/FashionAI/datasets/Clo-Sket/Clo-Sket/Shirt/4_3.tif,/content/drive/MyDrive/FashionAI/datasets/Clo-Sket/Clo-Sket/Shirt/4_3.tif,Shirt,Shirt__G04,1
1544,/content/drive/MyDrive/FashionAI/datasets/Clo-Sket/Clo-Sket/Shirt/4_4.tif,/content/drive/MyDrive/FashionAI/datasets/Clo-Sket/Clo-Sket/Shirt/4_4.tif,Shirt,Shirt__G04,1
1545,/content/drive/MyDrive/FashionAI/datasets/Clo-Sket/Clo-Sket/Shirt/4_5.tif,/content/drive/MyDrive/FashionAI/datasets/Clo-Sket/Clo-Sket/Shirt/4_5.tif,Shirt,Shirt__G04,1
1546,/content/drive/MyDrive/FashionAI/datasets/Clo-Sket/Clo-Sket/Shirt/4_6.tif,/content/drive/MyDrive/FashionAI/datasets/Clo-Sket/Clo-Sket/Shirt/4_6.tif,Shirt,Shirt__G04,1
1547,/content/drive/MyDrive/FashionAI/datasets/Clo-Sket/Clo-Sket/Shirt/4_7.tif,/content/drive/MyDrive/FashionAI/datasets/Clo-Sket/Clo-Sket/Shirt/4_7.tif,Shirt,Shirt__G04,1
1548,/content/drive/MyDrive/FashionAI/datasets/Clo-Sket/Clo-Sket/Shirt/4_8.tif,/content/drive/MyDrive/FashionAI/datasets/Clo-Sket/Clo-Sket/Shirt/4_8.tif,Shirt,Shirt__G04,1
1549,/content/drive/MyDrive/FashionAI/datasets/Clo-Sket/Clo-Sket/Shirt/4_9.tif,/content/drive/MyDrive/FashionAI/datasets/Clo-Sket/Clo-Sket/Shirt/4_9.tif,Shirt,Shirt__G04,1
1550,/content/drive/MyDrive/FashionAI/datasets/Clo-Sket/Clo-Sket/Shirt/5_1.tif,/content/drive/MyDrive/FashionAI/datasets/Clo-Sket/Clo-Sket/Shirt/5_1.tif,Shirt,Shirt__G05,2
1551,/content/drive/MyDrive/FashionAI/datasets/Clo-Sket/Clo-Sket/Shirt/5_10.tif,/content/drive/MyDrive/FashionAI/datasets/Clo-Sket/Clo-Sket/Shirt/5_10.tif,Shirt,Shirt__G05,2
1552,/content/drive/MyDrive/FashionAI/datasets/Clo-Sket/Clo-Sket/Shirt/5_2.tif,/content/drive/MyDrive/FashionAI/datasets/Clo-Sket/Clo-Sket/Shirt/5_2.tif,Shirt,Shirt__G05,2
1553,/content/drive/MyDrive/FashionAI/datasets/Clo-Sket/Clo-Sket/Shirt/5_3.tif,/content/drive/MyDrive/FashionAI/datasets/Clo-Sket/Clo-Sket/Shirt/5_3.tif,Shirt,Shirt__G05,2
1554,/content/drive/MyDrive/FashionAI/datasets/Clo-Sket/Clo-Sket/Shirt/5_4.tif,/content/drive/MyDrive/FashionAI/datasets/Clo-Sket/Clo-Sket/Shirt/5_4.tif,Shirt,Shirt__G05,2
1555,/content/drive/MyDrive/FashionAI/datasets/Clo-Sket/Clo-Sket/Shirt/5_5.tif,/content/drive/MyDrive/FashionAI/datasets/Clo-Sket/Clo-Sket/Shirt/5_5.tif,Shirt,Shirt__G05,2
1556,/content/drive/MyDrive/FashionAI/datasets/Clo-Sket/Clo-Sket/Shirt/5_6.tif,/content/drive/MyDrive/FashionAI/datasets/Clo-Sket/Clo-Sket/Shirt/5_6.tif,Shirt,Shirt__G05,2
1557,/content/drive/MyDrive/FashionAI/datasets/Clo-Sket/Clo-Sket/Shirt/5_7.tif,/content/drive/MyDrive/FashionAI/datasets/Clo-Sket/Clo-Sket/Shirt/5_7.tif,Shirt,Shirt__G05,2
1558,/content/drive/MyDrive/FashionAI/datasets/Clo-Sket/Clo-Sket/Shirt/5_8.tif,/content/drive/MyDrive/FashionAI/datasets/Clo-Sket/Clo-Sket/Shirt/5_8.tif,Shirt,Shirt__G05,2
1559,/content/drive/MyDrive/FashionAI/datasets/Clo-Sket/Clo-Sket/Shirt/5_9.tif,/content/drive/MyDrive/FashionAI/datasets/Clo-Sket/Clo-Sket/Shirt/5_9.tif,Shirt,Shirt__G05,2
1560,/content/drive/MyDrive/FashionAI/datasets/Clo-Sket/Clo-Sket/Shirt/6_1.tif,/content/drive/MyDrive/FashionAI/datasets/Clo-Sket/Clo-Sket/Shirt/6_1.tif,Shirt,Shirt__G06,2
1561,/content/drive/MyDrive/FashionAI/datasets/Clo-Sket/Clo-Sket/Shirt/6_10.tif,/content/drive/MyDrive/FashionAI/datasets/Clo-Sket/Clo-Sket/Shirt/6_10.tif,Shirt,Shirt__G06,2
1562,/content/drive/MyDrive/FashionAI/datasets/Clo-Sket/Clo-Sket/Shirt/6_2.tif,/content/drive/MyDrive/FashionAI/datasets/Clo-Sket/Clo-Sket/Shirt/6_2.tif,Shirt,Shirt__G06,2
1563,/content/drive/MyDrive/FashionAI/datasets/Clo-Sket/Clo-Sket/Shirt/6_3.tif,/content/drive/MyDrive/FashionAI/datasets/Clo-Sket/Clo-Sket/Shirt/6_3.tif,Shirt,Shirt__G06,2
1564,/content/drive/MyDrive/FashionAI/datasets/Clo-Sket/Clo-Sket/Shirt/6_4.tif,/content/drive/MyDrive/FashionAI/datasets/Clo-Sket/Clo-Sket/Shirt/6_4.tif,Shirt,Shirt__G06,2
1565,/content/drive/MyDrive/FashionAI/datasets/Clo-Sket/Clo-Sket/Shirt/6_5.tif,/content/drive/MyDrive/FashionAI/datasets/Clo-Sket/Clo-Sket/Shirt/6_5.tif,Shirt,Shirt__G06,2
1566,/content/drive/MyDrive/FashionAI/datasets/Clo-Sket/Clo-Sket/Shirt/6_6.tif,/content/drive/MyDrive/FashionAI/datasets/Clo-Sket/Clo-Sket/Shirt/6_6.tif,Shirt,Shirt__G06,2
1567,/content/drive/MyDrive/FashionAI/datasets/Clo-Sket/Clo-Sket/Shirt/6_7.tif,/content/drive/MyDrive/FashionAI/datasets/Clo-Sket/Clo-Sket/Shirt/6_7.tif,Shirt,Shirt__G06,2
1568,/content/drive/MyDrive/FashionAI/datasets/Clo-Sket/Clo-Sket/Shirt/6_8.tif,/content/drive/MyDrive/FashionAI/datasets/Clo-Sket/Clo-Sket/Shirt/6_8.tif,Shirt,Shirt__G06,2
1569,/content/drive/MyDrive/FashionAI/datasets/Clo-Sket/Clo-Sket/Shirt/6_9.tif,/content/drive/MyDrive/FashionAI/datasets/Clo-Sket/Clo-Sket/Shirt/6_9.tif,Shirt,Shirt__G06,2
1570,/content/drive/MyDrive/FashionAI/datasets/Clo-Sket/Clo-Sket/Shirt/7_1.tif,/content/drive/MyDrive/FashionAI/datasets/Clo-Sket/Clo-Sket/Shirt/7_1.tif,Shirt,Shirt__G07,3
1571,/content/drive/MyDrive/FashionAI/datasets/Clo-Sket/Clo-Sket/Shirt/7_10.tif,/content/drive/MyDrive/FashionAI/datasets/Clo-Sket/Clo-Sket/Shirt/7_10.tif,Shirt,Shirt__G07,3
1572,/content/drive/MyDrive/FashionAI/datasets/Clo-Sket/Clo-Sket/Shirt/7_2.tif,/content/drive/MyDrive/FashionAI/datasets/Clo-Sket/Clo-Sket/Shirt/7_2.tif,Shirt,Shirt__G07,3
1573,/content/drive/MyDrive/FashionAI/datasets/Clo-Sket/Clo-Sket/Shirt/7_3.tif,/content/drive/MyDrive/FashionAI/datasets/Clo-Sket/Clo-Sket/Shirt/7_3.tif,Shirt,Shirt__G07,3
1574,/content/drive/MyDrive/FashionAI/datasets/Clo-Sket/Clo-Sket/Shirt/7_4.tif,/content/drive/MyDrive/FashionAI/datasets/Clo-Sket/Clo-Sket/Shirt/7_4.tif,Shirt,Shirt__G07,3
1575,/content/drive/MyDrive/FashionAI/datasets/Clo-Sket/Clo-Sket/Shirt/7_5.tif,/content/drive/MyDrive/FashionAI/datasets/Clo-Sket/Clo-Sket/Shirt/7_5.tif,Shirt,Shirt__G07,3
1576,/content/drive/MyDrive/FashionAI/datasets/Clo-Sket/Clo-Sket/Shirt/7_6.tif,/content/drive/MyDrive/FashionAI/datasets/Clo-Sket/Clo-Sket/Shirt/7_6.tif,Shirt,Shirt__G07,3
1577,/content/drive/MyDrive/FashionAI/datasets/Clo-Sket/Clo-Sket/Shirt/7_7.tif,/content/drive/MyDrive/FashionAI/datasets/Clo-Sket/Clo-Sket/Shirt/7_7.tif,Shirt,Shirt__G07,3
1578,/content/drive/MyDrive/FashionAI/datasets/Clo-Sket/Clo-Sket/Shirt/7_8.tif,/content/drive/MyDrive/FashionAI/datasets/Clo-Sket/Clo-Sket/Shirt/7_8.tif,Shirt,Shirt__G07,3
1579,/content/drive/MyDrive/FashionAI/datasets/Clo-Sket/Clo-Sket/Shirt/7_9.tif,/content/drive/MyDrive/FashionAI/datasets/Clo-Sket/Clo-Sket/Shirt/7_9.tif,Shirt,Shirt__G07,3
1580,/content/drive/MyDrive/FashionAI/datasets/Clo-Sket/Clo-Sket/Shirt/8_1.tif,/content/drive/MyDrive/FashionAI/datasets/Clo-Sket/Clo-Sket/Shirt/8_1.tif,Shirt,Shirt__G08,3
1581,/content/drive/MyDrive/FashionAI/datasets/Clo-Sket/Clo-Sket/Shirt/8_10.tif,/content/drive/MyDrive/FashionAI/datasets/Clo-Sket/Clo-Sket/Shirt/8_10.tif,Shirt,Shirt__G08,3
1582,/content/drive/MyDrive/FashionAI/datasets/Clo-Sket/Clo-Sket/Shirt/8_2.tif,/content/drive/MyDrive/FashionAI/datasets/Clo-Sket/Clo-Sket/Shirt/8_2.tif,Shirt,Shirt__G08,3
1583,/content/drive/MyDrive/FashionAI/datasets/Clo-Sket/Clo-Sket/Shirt/8_3.tif,/content/drive/MyDrive/FashionAI/datasets/Clo-Sket/Clo-Sket/Shirt/8_3.tif,Shirt,Shirt__G08,3
1584,/content/drive/MyDrive/FashionAI/datasets/Clo-Sket/Clo-Sket/Shirt/8_4.tif,/content/drive/MyDrive/FashionAI/datasets/Clo-Sket/Clo-Sket/Shirt/8_4.tif,Shirt,Shirt__G08,3
1585,/content/drive/MyDrive/FashionAI/datasets/Clo-Sket/Clo-Sket/Shirt/8_5.tif,/content/drive/MyDrive/FashionAI/datasets/Clo-Sket/Clo-Sket/Shirt/8_5.tif,Shirt,Shirt__G08,3
1586,/content/drive/MyDrive/FashionAI/datasets/Clo-Sket/Clo-Sket/Shirt/8_6.tif,/content/drive/MyDrive/FashionAI/datasets/Clo-Sket/Clo-Sket/Shirt/8_6.tif,Shirt,Shirt__G08,3
1587,/content/drive/MyDrive/FashionAI/datasets/Clo-Sket/Clo-Sket/Shirt/8_7.tif,/content/drive/MyDrive/FashionAI/datasets/Clo-Sket/Clo-Sket/Shirt/8_7.tif,Shirt,Shirt__G08,3
1588,/content/drive/MyDrive/FashionAI/datasets/Clo-Sket/Clo-Sket/Shirt/8_8.tif,/content/drive/MyDrive/FashionAI/datasets/Clo-Sket/Clo-Sket/Shirt/8_8.tif,Shirt,Shirt__G08,3
1589,/content/drive/MyDrive/FashionAI/datasets/Clo-Sket/Clo-Sket/Shirt/8_9.tif,/content/drive/MyDrive/FashionAI/datasets/Clo-Sket/Clo-Sket/Shirt/8_9.tif,Shirt,Shirt__G08,3
1590,/content/drive/MyDrive/FashionAI/datasets/Clo-Sket/Clo-Sket/Shirt/9_1.tif,/content/drive/MyDrive/FashionAI/datasets/Clo-Sket/Clo-Sket/Shirt/9_1.tif,Shirt,Shirt__G09,4
1591,/content/drive/MyDrive/FashionAI/datasets/Clo-Sket/Clo-Sket/Shirt/9_10.tif,/content/drive/MyDrive/FashionAI/datasets/Clo-Sket/Clo-Sket/Shirt/9_10.tif,Shirt,Shirt__G09,4
1592,/content/drive/MyDrive/FashionAI/datasets/Clo-Sket/Clo-Sket/Shirt/9_2.tif,/content/drive/MyDrive/FashionAI/datasets/Clo-Sket/Clo-Sket/Shirt/9_2.tif,Shirt,Shirt__G09,4
1593,/content/drive/MyDrive/FashionAI/datasets/Clo-Sket/Clo-Sket/Shirt/9_3.tif,/content/drive/MyDrive/FashionAI/datasets/Clo-Sket/Clo-Sket/Shirt/9_3.tif,Shirt,Shirt__G09,4
1594,/content/drive/MyDrive/FashionAI/datasets/Clo-Sket/Clo-Sket/Shirt/9_4.tif,/content/drive/MyDrive/FashionAI/datasets/Clo-Sket/Clo-Sket/Shirt/9_4.tif,Shirt,Shirt__G09,4
1595,/content/drive/MyDrive/FashionAI/datasets/Clo-Sket/Clo-Sket/Shirt/9_5.tif,/content/drive/MyDrive/FashionAI/datasets/Clo-Sket/Clo-Sket/Shirt/9_5.tif,Shirt,Shirt__G09,4
1596,/content/drive/MyDrive/FashionAI/datasets/Clo-Sket/Clo-Sket/Shirt/9_6.tif,/content/drive/MyDrive/FashionAI/datasets/Clo-Sket/Clo-Sket/Shirt/9_6.tif,Shirt,Shirt__G09,4
1597,/content/drive/MyDrive/FashionAI/datasets/Clo-Sket/Clo-Sket/Shirt/9_7.tif,/content/drive/MyDrive/FashionAI/datasets/Clo-Sket/Clo-Sket/Shirt/9_7.tif,Shirt,Shirt__G09,4
1598,/content/drive/MyDrive/FashionAI/datasets/Clo-Sket/Clo-Sket/Shirt/9_8.tif,/content/drive/MyDrive/FashionAI/datasets/Clo-Sket/Clo-Sket/Shirt/9_8.tif,Shirt,Shirt__G09,4
1599,/content/drive/MyDrive/FashionAI/datasets/Clo-Sket/Clo-Sket/Shirt/9_9.tif,/content/drive/MyDrive/FashionAI/datasets/Clo-Sket/Clo-Sket/Shirt/9_9.tif,Shirt,Shirt__G09,4
1600,/content/drive/MyDrive/FashionAI/datasets/Clo-Sket/Clo-Sket/Skinny/1-1.tif,/content/drive/MyDrive/FashionAI/datasets/Clo-Sket/Clo-Sket/Skinny/1-1.tif,Skinny,Skinny__G01,0
1601,/content/drive/MyDrive/FashionAI/datasets/Clo-Sket/Clo-Sket/Skinny/1-10.tif,/content/drive/MyDrive/FashionAI/datasets/Clo-Sket/Clo-Sket/Skinny/1-10.tif,Skinny,Skinny__G01,0
1602,/content/drive/MyDrive/FashionAI/datasets/Clo-Sket/Clo-Sket/Skinny/1-2.tif,/content/drive/MyDrive/FashionAI/datasets/Clo-Sket/Clo-Sket/Skinny/1-2.tif,Skinny,Skinny__G01,0
1603,/content/drive/MyDrive/FashionAI/datasets/Clo-Sket/Clo-Sket/Skinny/1-3.tif,/content/drive/MyDrive/FashionAI/datasets/Clo-Sket/Clo-Sket/Skinny/1-3.tif,Skinny,Skinny__G01,0
1604,/content/drive/MyDrive/FashionAI/datasets/Clo-Sket/Clo-Sket/Skinny/1-4.tif,/content/drive/MyDrive/FashionAI/datasets/Clo-Sket/Clo-Sket/Skinny/1-4.tif,Skinny,Skinny__G01,0
1605,/content/drive/MyDrive/FashionAI/datasets/Clo-Sket/Clo-Sket/Skinny/1-5.tif,/content/drive/MyDrive/FashionAI/datasets/Clo-Sket/Clo-Sket/Skinny/1-5.tif,Skinny,Skinny__G01,0
1606,/content/drive/MyDrive/FashionAI/datasets/Clo-Sket/Clo-Sket/Skinny/1-6.tif,/content/drive/MyDrive/FashionAI/datasets/Clo-Sket/Clo-Sket/Skinny/1-6.tif,Skinny,Skinny__G01,0
1607,/content/drive/MyDrive/FashionAI/datasets/Clo-Sket/Clo-Sket/Skinny/1-7.tif,/content/drive/MyDrive/FashionAI/datasets/Clo-Sket/Clo-Sket/Skinny/1-7.tif,Skinny,Skinny__G01,0
1608,/content/drive/MyDrive/FashionAI/datasets/Clo-Sket/Clo-Sket/Skinny/1-8.tif,/content/drive/MyDrive/FashionAI/datasets/Clo-Sket/Clo-Sket/Skinny/1-8.tif,Skinny,Skinny__G01,0
1609,/content/drive/MyDrive/FashionAI/datasets/Clo-Sket/Clo-Sket/Skinny/1-9.tif,/content/drive/MyDrive/FashionAI/datasets/Clo-Sket/Clo-Sket/Skinny/1-9.tif,Skinny,Skinny__G01,0
1610,/content/drive/MyDrive/FashionAI/datasets/Clo-Sket/Clo-Sket/Skinny/10-1.tif,/content/drive/MyDrive/FashionAI/datasets/Clo-Sket/Clo-Sket/Skinny/10-1.tif,Skinny,Skinny__G10,4
1611,/content/drive/MyDrive/FashionAI/datasets/Clo-Sket/Clo-Sket/Skinny/10-10.tif,/content/drive/MyDrive/FashionAI/datasets/Clo-Sket/Clo-Sket/Skinny/10-10.tif,Skinny,Skinny__G10,4
1612,/content/drive/MyDrive/FashionAI/datasets/Clo-Sket/Clo-Sket/Skinny/10-2.tif,/content/drive/MyDrive/FashionAI/datasets/Clo-Sket/Clo-Sket/Skinny/10-2.tif,Skinny,Skinny__G10,4
1613,/content/drive/MyDrive/FashionAI/datasets/Clo-Sket/Clo-Sket/Skinny/10-3.tif,/content/drive/MyDrive/FashionAI/datasets/Clo-Sket/Clo-Sket/Skinny/10-3.tif,Skinny,Skinny__G10,4
1614,/content/drive/MyDrive/FashionAI/datasets/Clo-Sket/Clo-Sket/Skinny/10-4.tif,/content/drive/MyDrive/FashionAI/datasets/Clo-Sket/Clo-Sket/Skinny/10-4.tif,Skinny,Skinny__G10,4
1615,/content/drive/MyDrive/FashionAI/datasets/Clo-Sket/Clo-Sket/Skinny/10-5.tif,/content/drive/MyDrive/FashionAI/datasets/Clo-Sket/Clo-Sket/Skinny/10-5.tif,Skinny,Skinny__G10,4
1616,/content/drive/MyDrive/FashionAI/datasets/Clo-Sket/Clo-Sket/Skinny/10-6.tif,/content/drive/MyDrive/FashionAI/datasets/Clo-Sket/Clo-Sket/Skinny/10-6.tif,Skinny,Skinny__G10,4
1617,/content/drive/MyDrive/FashionAI/datasets/Clo-Sket/Clo-Sket/Skinny/10-7.tif,/content/drive/MyDrive/FashionAI/datasets/Clo-Sket/Clo-Sket/Skinny/10-7.tif,Skinny,Skinny__G10,4
1618,/content/drive/MyDrive/FashionAI/datasets/Clo-Sket/Clo-Sket/Skinny/10-8.tif,/content/drive/MyDrive/FashionAI/datasets/Clo-Sket/Clo-Sket/Skinny/10-8.tif,Skinny,Skinny__G10,4
1619,/content/drive/MyDrive/FashionAI/datasets/Clo-Sket/Clo-Sket/Skinny/10-9.tif,/content/drive/MyDrive/FashionAI/datasets/Clo-Sket/Clo-Sket/Skinny/10-9.tif,Skinny,Skinny__G10,4
1620,/content/drive/MyDrive/FashionAI/datasets/Clo-Sket/Clo-Sket/Skinny/2-1.tif,/content/drive/MyDrive/FashionAI/datasets/Clo-Sket/Clo-Sket/Skinny/2-1.tif,Skinny,Skinny__G02,0
1621,/content/drive/MyDrive/FashionAI/datasets/Clo-Sket/Clo-Sket/Skinny/2-10.tif,/content/drive/MyDrive/FashionAI/datasets/Clo-Sket/Clo-Sket/Skinny/2-10.tif,Skinny,Skinny__G02,0
1622,/content/drive/MyDrive/FashionAI/datasets/Clo-Sket/Clo-Sket/Skinny/2-2.tif,/content/drive/MyDrive/FashionAI/datasets/Clo-Sket/Clo-Sket/Skinny/2-2.tif,Skinny,Skinny__G02,0
1623,/content/drive/MyDrive/FashionAI/datasets/Clo-Sket/Clo-Sket/Skinny/2-3.tif,/content/drive/MyDrive/FashionAI/datasets/Clo-Sket/Clo-Sket/Skinny/2-3.tif,Skinny,Skinny__G02,0
1624,/content/drive/MyDrive/FashionAI/datasets/Clo-Sket/Clo-Sket/Skinny/2-4.tif,/content/drive/MyDrive/FashionAI/datasets/Clo-Sket/Clo-Sket/Skinny/2-4.tif,Skinny,Skinny__G02,0
1625,/content/drive/MyDrive/FashionAI/datasets/Clo-Sket/Clo-Sket/Skinny/2-5.tif,/content/drive/MyDrive/FashionAI/datasets/Clo-Sket/Clo-Sket/Skinny/2-5.tif,Skinny,Skinny__G02,0
1626,/content/drive/MyDrive/FashionAI/datasets/Clo-Sket/Clo-Sket/Skinny/2-6.tif,/content/drive/MyDrive/FashionAI/datasets/Clo-Sket/Clo-Sket/Skinny/2-6.tif,Skinny,Skinny__G02,0
1627,/content/drive/MyDrive/FashionAI/datasets/Clo-Sket/Clo-Sket/Skinny/2-7.tif,/content/drive/MyDrive/FashionAI/datasets/Clo-Sket/Clo-Sket/Skinny/2-7.tif,Skinny,Skinny__G02,0
1628,/content/drive/MyDrive/FashionAI/datasets/Clo-Sket/Clo-Sket/Skinny/2-8.tif,/content/drive/MyDrive/FashionAI/datasets/Clo-Sket/Clo-Sket/Skinny/2-8.tif,Skinny,Skinny__G02,0
1629,/content/drive/MyDrive/FashionAI/datasets/Clo-Sket/Clo-Sket/Skinny/2-9.tif,/content/drive/MyDrive/FashionAI/datasets/Clo-Sket/Clo-Sket/Skinny/2-9.tif,Skinny,Skinny__G02,0
1630,/content/drive/MyDrive/FashionAI/datasets/Clo-Sket/Clo-Sket/Skinny/3-1.tif,/content/drive/MyDrive/FashionAI/datasets/Clo-Sket/Clo-Sket/Skinny/3-1.tif,Skinny,Skinny__G03,1
1631,/content/drive/MyDrive/FashionAI/datasets/Clo-Sket/Clo-Sket/Skinny/3-10.tif,/content/drive/MyDrive/FashionAI/datasets/Clo-Sket/Clo-Sket/Skinny/3-10.tif,Skinny,Skinny__G03,1
1632,/content/drive/MyDrive/FashionAI/datasets/Clo-Sket/Clo-Sket/Skinny/3-2.tif,/content/drive/MyDrive/FashionAI/datasets/Clo-Sket/Clo-Sket/Skinny/3-2.tif,Skinny,Skinny__G03,1
1633,/content/drive/MyDrive/FashionAI/datasets/Clo-Sket/Clo-Sket/Skinny/3-3.tif,/content/drive/MyDrive/FashionAI/datasets/Clo-Sket/Clo-Sket/Skinny/3-3.tif,Skinny,Skinny__G03,1
1634,/content/drive/MyDrive/FashionAI/datasets/Clo-Sket/Clo-Sket/Skinny/3-4.tif,/content/drive/MyDrive/FashionAI/datasets/Clo-Sket/Clo-Sket/Skinny/3-4.tif,Skinny,Skinny__G03,1
1635,/content/drive/MyDrive/FashionAI/datasets/Clo-Sket/Clo-Sket/Skinny/3-5.tif,/content/drive/MyDrive/FashionAI/datasets/Clo-Sket/Clo-Sket/Skinny/3-5.tif,Skinny,Skinny__G03,1
1636,/content/drive/MyDrive/FashionAI/datasets/Clo-Sket/Clo-Sket/Skinny/3-6.tif,/content/drive/MyDrive/FashionAI/datasets/Clo-Sket/Clo-Sket/Skinny/3-6.tif,Skinny,Skinny__G03,1
1637,/content/drive/MyDrive/FashionAI/datasets/Clo-Sket/Clo-Sket/Skinny/3-7.tif,/content/drive/MyDrive/FashionAI/datasets/Clo-Sket/Clo-Sket/Skinny/3-7.tif,Skinny,Skinny__G03,1
1638,/content/drive/MyDrive/FashionAI/datasets/Clo-Sket/Clo-Sket/Skinny/3-8.tif,/content/drive/MyDrive/FashionAI/datasets/Clo-Sket/Clo-Sket/Skinny/3-8.tif,Skinny,Skinny__G03,1
1639,/content/drive/MyDrive/FashionAI/datasets/Clo-Sket/Clo-Sket/Skinny/3-9.tif,/content/drive/MyDrive/FashionAI/datasets/Clo-Sket/Clo-Sket/Skinny/3-9.tif,Skinny,Skinny__G03,1
1640,/content/drive/MyDrive/FashionAI/datasets/Clo-Sket/Clo-Sket/Skinny/4-1.tif,/content/drive/MyDrive/FashionAI/datasets/Clo-Sket/Clo-Sket/Skinny/4-1.tif,Skinny,Skinny__G04,1
1641,/content/drive/MyDrive/FashionAI/datasets/Clo-Sket/Clo-Sket/Skinny/4-10.tif,/content/drive/MyDrive/FashionAI/datasets/Clo-Sket/Clo-Sket/Skinny/4-10.tif,Skinny,Skinny__G04,1
1642,/content/drive/MyDrive/FashionAI/datasets/Clo-Sket/Clo-Sket/Skinny/4-2.tif,/content/drive/MyDrive/FashionAI/datasets/Clo-Sket/Clo-Sket/Skinny/4-2.tif,Skinny,Skinny__G04,1
1643,/content/drive/MyDrive/FashionAI/datasets/Clo-Sket/Clo-Sket/Skinny/4-3.tif,/content/drive/MyDrive/FashionAI/datasets/Clo-Sket/Clo-Sket/Skinny/4-3.tif,Skinny,Skinny__G04,1
1644,/content/drive/MyDrive/FashionAI/datasets/Clo-Sket/Clo-Sket/Skinny/4-4.tif,/content/drive/MyDrive/FashionAI/datasets/Clo-Sket/Clo-Sket/Skinny/4-4.tif,Skinny,Skinny__G04,1
1645,/content/drive/MyDrive/FashionAI/datasets/Clo-Sket/Clo-Sket/Skinny/4-5.tif,/content/drive/MyDrive/FashionAI/datasets/Clo-Sket/Clo-Sket/Skinny/4-5.tif,Skinny,Skinny__G04,1
1646,/content/drive/MyDrive/FashionAI/datasets/Clo-Sket/Clo-Sket/Skinny/4-6.tif,/content/drive/MyDrive/FashionAI/datasets/Clo-Sket/Clo-Sket/Skinny/4-6.tif,Skinny,Skinny__G04,1
1647,/content/drive/MyDrive/FashionAI/datasets/Clo-Sket/Clo-Sket/Skinny/4-7.tif,/content/drive/MyDrive/FashionAI/datasets/Clo-Sket/Clo-Sket/Skinny/4-7.tif,Skinny,Skinny__G04,1
1648,/content/drive/MyDrive/FashionAI/datasets/Clo-Sket/Clo-Sket/Skinny/4-8.tif,/content/drive/MyDrive/FashionAI/datasets/Clo-Sket/Clo-Sket/Skinny/4-8.tif,Skinny,Skinny__G04,1
1649,/content/drive/MyDrive/FashionAI/datasets/Clo-Sket/Clo-Sket/Skinny/4-9.tif,/content/drive/MyDrive/FashionAI/datasets/Clo-Sket/Clo-Sket/Skinny/4-9.tif,Skinny,Skinny__G04,1
1650,/content/drive/MyDrive/FashionAI/datasets/Clo-Sket/Clo-Sket/Skinny/5-1.tif,/content/drive/MyDrive/FashionAI/datasets/Clo-Sket/Clo-Sket/Skinny/5-1.tif,Skinny,Skinny__G05,2
1651,/content/drive/MyDrive/FashionAI/datasets/Clo-Sket/Clo-Sket/Skinny/5-10.tif,/content/drive/MyDrive/FashionAI/datasets/Clo-Sket/Clo-Sket/Skinny/5-10.tif,Skinny,Skinny__G05,2
1652,/content/drive/MyDrive/FashionAI/datasets/Clo-Sket/Clo-Sket/Skinny/5-2.tif,/content/drive/MyDrive/FashionAI/datasets/Clo-Sket/Clo-Sket/Skinny/5-2.tif,Skinny,Skinny__G05,2
1653,/content/drive/MyDrive/FashionAI/datasets/Clo-Sket/Clo-Sket/Skinny/5-3.tif,/content/drive/MyDrive/FashionAI/datasets/Clo-Sket/Clo-Sket/Skinny/5-3.tif,Skinny,Skinny__G05,2
1654,/content/drive/MyDrive/FashionAI/datasets/Clo-Sket/Clo-Sket/Skinny/5-4.tif,/content/drive/MyDrive/FashionAI/datasets/Clo-Sket/Clo-Sket/Skinny/5-4.tif,Skinny,Skinny__G05,2
1655,/content/drive/MyDrive/FashionAI/datasets/Clo-Sket/Clo-Sket/Skinny/5-5.tif,/content/drive/MyDrive/FashionAI/datasets/Clo-Sket/Clo-Sket/Skinny/5-5.tif,Skinny,Skinny__G05,2
1656,/content/drive/MyDrive/FashionAI/datasets/Clo-Sket/Clo-Sket/Skinny/5-6.tif,/content/drive/MyDrive/FashionAI/datasets/Clo-Sket/Clo-Sket/Skinny/5-6.tif,Skinny,Skinny__G05,2
1657,/content/drive/MyDrive/FashionAI/datasets/Clo-Sket/Clo-Sket/Skinny/5-7.tif,/content/drive/MyDrive/FashionAI/datasets/Clo-Sket/Clo-Sket/Skinny/5-7.tif,Skinny,Skinny__G05,2
1658,/content/drive/MyDrive/FashionAI/datasets/Clo-Sket/Clo-Sket/Skinny/5-8.tif,/content/drive/MyDrive/FashionAI/datasets/Clo-Sket/Clo-Sket/Skinny/5-8.tif,Skinny,Skinny__G05,2
1659,/content/drive/MyDrive/FashionAI/datasets/Clo-Sket/Clo-Sket/Skinny/5-9.tif,/content/drive/MyDrive/FashionAI/datasets/Clo-Sket/Clo-Sket/Skinny/5-9.tif,Skinny,Skinny__G05,2
1660,/content/drive/MyDrive/FashionAI/datasets/Clo-Sket/Clo-Sket/Skinny/6-1.tif,/content/drive/MyDrive/FashionAI/datasets/Clo-Sket/Clo-Sket/Skinny/6-1.tif,Skinny,Skinny__G06,2
1661,/content/drive/MyDrive/FashionAI/datasets/Clo-Sket/Clo-Sket/Skinny/6-10.tif,/content/drive/MyDrive/FashionAI/datasets/Clo-Sket/Clo-Sket/Skinny/6-10.tif,Skinny,Skinny__G06,2
1662,/content/drive/MyDrive/FashionAI/datasets/Clo-Sket/Clo-Sket/Skinny/6-2.tif,/content/drive/MyDrive/FashionAI/datasets/Clo-Sket/Clo-Sket/Skinny/6-2.tif,Skinny,Skinny__G06,2
1663,/content/drive/MyDrive/FashionAI/datasets/Clo-Sket/Clo-Sket/Skinny/6-3.tif,/content/drive/MyDrive/FashionAI/datasets/Clo-Sket/Clo-Sket/Skinny/6-3.tif,Skinny,Skinny__G06,2
1664,/content/drive/MyDrive/FashionAI/datasets/Clo-Sket/Clo-Sket/Skinny/6-4.tif,/content/drive/MyDrive/FashionAI/datasets/Clo-Sket/Clo-Sket/Skinny/6-4.tif,Skinny,Skinny__G06,2
1665,/content/drive/MyDrive/FashionAI/datasets/Clo-Sket/Clo-Sket/Skinny/6-5.tif,/content/drive/MyDrive/FashionAI/datasets/Clo-Sket/Clo-Sket/Skinny/6-5.tif,Skinny,Skinny__G06,2
1666,/content/drive/MyDrive/FashionAI/datasets/Clo-Sket/Clo-Sket/Skinny/6-6.tif,/content/drive/MyDrive/FashionAI/datasets/Clo-Sket/Clo-Sket/Skinny/6-6.tif,Skinny,Skinny__G06,2
1667,/content/drive/MyDrive/FashionAI/datasets/Clo-Sket/Clo-Sket/Skinny/6-7.tif,/content/drive/MyDrive/FashionAI/datasets/Clo-Sket/Clo-Sket/Skinny/6-7.tif,Skinny,Skinny__G06,2
1668,/content/drive/MyDrive/FashionAI/datasets/Clo-Sket/Clo-Sket/Skinny/6-8.tif,/content/drive/MyDrive/FashionAI/datasets/Clo-Sket/Clo-Sket/Skinny/6-8.tif,Skinny,Skinny__G06,2
1669,/content/drive/MyDrive/FashionAI/datasets/Clo-Sket/Clo-Sket/Skinny/6-9.tif,/content/drive/MyDrive/FashionAI/datasets/Clo-Sket/Clo-Sket/Skinny/6-9.tif,Skinny,Skinny__G06,2
1670,/content/drive/MyDrive/FashionAI/datasets/Clo-Sket/Clo-Sket/Skinny/7-1.tif,/content/drive/MyDrive/FashionAI/datasets/Clo-Sket/Clo-Sket/Skinny/7-1.tif,Skinny,Skinny__G07,3
1671,/content/drive/MyDrive/FashionAI/datasets/Clo-Sket/Clo-Sket/Skinny/7-10.tif,/content/drive/MyDrive/FashionAI/datasets/Clo-Sket/Clo-Sket/Skinny/7-10.tif,Skinny,Skinny__G07,3
1672,/content/drive/MyDrive/FashionAI/datasets/Clo-Sket/Clo-Sket/Skinny/7-2.tif,/content/drive/MyDrive/FashionAI/datasets/Clo-Sket/Clo-Sket/Skinny/7-2.tif,Skinny,Skinny__G07,3
1673,/content/drive/MyDrive/FashionAI/datasets/Clo-Sket/Clo-Sket/Skinny/7-3.tif,/content/drive/MyDrive/FashionAI/datasets/Clo-Sket/Clo-Sket/Skinny/7-3.tif,Skinny,Skinny__G07,3
1674,/content/drive/MyDrive/FashionAI/datasets/Clo-Sket/Clo-Sket/Skinny/7-4.tif,/content/drive/MyDrive/FashionAI/datasets/Clo-Sket/Clo-Sket/Skinny/7-4.tif,Skinny,Skinny__G07,3
1675,/content/drive/MyDrive/FashionAI/datasets/Clo-Sket/Clo-Sket/Skinny/7-5.tif,/content/drive/MyDrive/FashionAI/datasets/Clo-Sket/Clo-Sket/Skinny/7-5.tif,Skinny,Skinny__G07,3
1676,/content/drive/MyDrive/FashionAI/datasets/Clo-Sket/Clo-Sket/Skinny/7-6.tif,/content/drive/MyDrive/FashionAI/datasets/Clo-Sket/Clo-Sket/Skinny/7-6.tif,Skinny,Skinny__G07,3
1677,/content/drive/MyDrive/FashionAI/datasets/Clo-Sket/Clo-Sket/Skinny/7-7.tif,/content/drive/MyDrive/FashionAI/datasets/Clo-Sket/Clo-Sket/Skinny/7-7.tif,Skinny,Skinny__G07,3
1678,/content/drive/MyDrive/FashionAI/datasets/Clo-Sket/Clo-Sket/Skinny/7-8.tif,/content/drive/MyDrive/FashionAI/datasets/Clo-Sket/Clo-Sket/Skinny/7-8.tif,Skinny,Skinny__G07,3
1679,/content/drive/MyDrive/FashionAI/datasets/Clo-Sket/Clo-Sket/Skinny/7-9.tif,/content/drive/MyDrive/FashionAI/datasets/Clo-Sket/Clo-Sket/Skinny/7-9.tif,Skinny,Skinny__G07,3
1680,/content/drive/MyDrive/FashionAI/datasets/Clo-Sket/Clo-Sket/Skinny/8-1.tif,/content/drive/MyDrive/FashionAI/datasets/Clo-Sket/Clo-Sket/Skinny/8-1.tif,Skinny,Skinny__G08,3
1681,/content/drive/MyDrive/FashionAI/datasets/Clo-Sket/Clo-Sket/Skinny/8-10.tif,/content/drive/MyDrive/FashionAI/datasets/Clo-Sket/Clo-Sket/Skinny/8-10.tif,Skinny,Skinny__G08,3
1682,/content/drive/MyDrive/FashionAI/datasets/Clo-Sket/Clo-Sket/Skinny/8-2.tif,/content/drive/MyDrive/FashionAI/datasets/Clo-Sket/Clo-Sket/Skinny/8-2.tif,Skinny,Skinny__G08,3
1683,/content/drive/MyDrive/FashionAI/datasets/Clo-Sket/Clo-Sket/Skinny/8-3.tif,/content/drive/MyDrive/FashionAI/datasets/Clo-Sket/Clo-Sket/Skinny/8-3.tif,Skinny,Skinny__G08,3
1684,/content/drive/MyDrive/FashionAI/datasets/Clo-Sket/Clo-Sket/Skinny/8-4.tif,/content/drive/MyDrive/FashionAI/datasets/Clo-Sket/Clo-Sket/Skinny/8-4.tif,Skinny,Skinny__G08,3
1685,/content/drive/MyDrive/FashionAI/datasets/Clo-Sket/Clo-Sket/Skinny/8-5.tif,/content/drive/MyDrive/FashionAI/datasets/Clo-Sket/Clo-Sket/Skinny/8-5.tif,Skinny,Skinny__G08,3
1686,/content/drive/MyDrive/FashionAI/datasets/Clo-Sket/Clo-Sket/Skinny/8-6.tif,/content/drive/MyDrive/FashionAI/datasets/Clo-Sket/Clo-Sket/Skinny/8-6.tif,Skinny,Skinny__G08,3
1687,/content/drive/MyDrive/FashionAI/datasets/Clo-Sket/Clo-Sket/Skinny/8-7.tif,/content/drive/MyDrive/FashionAI/datasets/Clo-Sket/Clo-Sket/Skinny/8-7.tif,Skinny,Skinny__G08,3
1688,/content/drive/MyDrive/FashionAI/datasets/Clo-Sket/Clo-Sket/Skinny/8-8.tif,/content/drive/MyDrive/FashionAI/datasets/Clo-Sket/Clo-Sket/Skinny/8-8.tif,Skinny,Skinny__G08,3
1689,/content/drive/MyDrive/FashionAI/datasets/Clo-Sket/Clo-Sket/Skinny/8-9.tif,/content/drive/MyDrive/FashionAI/datasets/Clo-Sket/Clo-Sket/Skinny/8-9.tif,Skinny,Skinny__G08,3
1690,/content/drive/MyDrive/FashionAI/datasets/Clo-Sket/Clo-Sket/Skinny/9-1.tif,/content/drive/MyDrive/FashionAI/datasets/Clo-Sket/Clo-Sket/Skinny/9-1.tif,Skinny,Skinny__G09,4
1691,/content/drive/MyDrive/FashionAI/datasets/Clo-Sket/Clo-Sket/Skinny/9-10.tif,/content/drive/MyDrive/FashionAI/datasets/Clo-Sket/Clo-Sket/Skinny/9-10.tif,Skinny,Skinny__G09,4
1692,/content/drive/MyDrive/FashionAI/datasets/Clo-Sket/Clo-Sket/Skinny/9-2.tif,/content/drive/MyDrive/FashionAI/datasets/Clo-Sket/Clo-Sket/Skinny/9-2.tif,Skinny,Skinny__G09,4
1693,/content/drive/MyDrive/FashionAI/datasets/Clo-Sket/Clo-Sket/Skinny/9-3.tif,/content/drive/MyDrive/FashionAI/datasets/Clo-Sket/Clo-Sket/Skinny/9-3.tif,Skinny,Skinny__G09,4
1694,/content/drive/MyDrive/FashionAI/datasets/Clo-Sket/Clo-Sket/Skinny/9-4.tif,/content/drive/MyDrive/FashionAI/datasets/Clo-Sket/Clo-Sket/Skinny/9-4.tif,Skinny,Skinny__G09,4
1695,/content/drive/MyDrive/FashionAI/datasets/Clo-Sket/Clo-Sket/Skinny/9-5.tif,/content/drive/MyDrive/FashionAI/datasets/Clo-Sket/Clo-Sket/Skinny/9-5.tif,Skinny,Skinny__G09,4
1696,/content/drive/MyDrive/FashionAI/datasets/Clo-Sket/Clo-Sket/Skinny/9-6.tif,/content/drive/MyDrive/FashionAI/datasets/Clo-Sket/Clo-Sket/Skinny/9-6.tif,Skinny,Skinny__G09,4
1697,/content/drive/MyDrive/FashionAI/datasets/Clo-Sket/Clo-Sket/Skinny/9-7.tif,/content/drive/MyDrive/FashionAI/datasets/Clo-Sket/Clo-Sket/Skinny/9-7.tif,Skinny,Skinny__G09,4
1698,/content/drive/MyDrive/FashionAI/datasets/Clo-Sket/Clo-Sket/Skinny/9-8.tif,/content/drive/MyDrive/FashionAI/datasets/Clo-Sket/Clo-Sket/Skinny/9-8.tif,Skinny,Skinny__G09,4
1699,/content/drive/MyDrive/FashionAI/datasets/Clo-Sket/Clo-Sket/Skinny/9-9.tif,/content/drive/MyDrive/FashionAI/datasets/Clo-Sket/Clo-Sket/Skinny/9-9.tif,Skinny,Skinny__G09,4
1700,/content/drive/MyDrive/FashionAI/datasets/Clo-Sket/Clo-Sket/Straight/1-1.tif,/content/drive/MyDrive/FashionAI/datasets/Clo-Sket/Clo-Sket/Straight/1-1.tif,Straight,Straight__G01,0
1701,/content/drive/MyDrive/FashionAI/datasets/Clo-Sket/Clo-Sket/Straight/1-10.tif,/content/drive/MyDrive/FashionAI/datasets/Clo-Sket/Clo-Sket/Straight/1-10.tif,Straight,Straight__G01,0
1702,/content/drive/MyDrive/FashionAI/datasets/Clo-Sket/Clo-Sket/Straight/1-2.tif,/content/drive/MyDrive/FashionAI/datasets/Clo-Sket/Clo-Sket/Straight/1-2.tif,Straight,Straight__G01,0
1703,/content/drive/MyDrive/FashionAI/datasets/Clo-Sket/Clo-Sket/Straight/1-3.tif,/content/drive/MyDrive/FashionAI/datasets/Clo-Sket/Clo-Sket/Straight/1-3.tif,Straight,Straight__G01,0
1704,/content/drive/MyDrive/FashionAI/datasets/Clo-Sket/Clo-Sket/Straight/1-4.tif,/content/drive/MyDrive/FashionAI/datasets/Clo-Sket/Clo-Sket/Straight/1-4.tif,Straight,Straight__G01,0
1705,/content/drive/MyDrive/FashionAI/datasets/Clo-Sket/Clo-Sket/Straight/1-5.tif,/content/drive/MyDrive/FashionAI/datasets/Clo-Sket/Clo-Sket/Straight/1-5.tif,Straight,Straight__G01,0
1706,/content/drive/MyDrive/FashionAI/datasets/Clo-Sket/Clo-Sket/Straight/1-6.tif,/content/drive/MyDrive/FashionAI/datasets/Clo-Sket/Clo-Sket/Straight/1-6.tif,Straight,Straight__G01,0
1707,/content/drive/MyDrive/FashionAI/datasets/Clo-Sket/Clo-Sket/Straight/1-7.tif,/content/drive/MyDrive/FashionAI/datasets/Clo-Sket/Clo-Sket/Straight/1-7.tif,Straight,Straight__G01,0
1708,/content/drive/MyDrive/FashionAI/datasets/Clo-Sket/Clo-Sket/Straight/1-8.tif,/content/drive/MyDrive/FashionAI/datasets/Clo-Sket/Clo-Sket/Straight/1-8.tif,Straight,Straight__G01,0
1709,/content/drive/MyDrive/FashionAI/datasets/Clo-Sket/Clo-Sket/Straight/1-9.tif,/content/drive/MyDrive/FashionAI/datasets/Clo-Sket/Clo-Sket/Straight/1-9.tif,Straight,Straight__G01,0
1710,/content/drive/MyDrive/FashionAI/datasets/Clo-Sket/Clo-Sket/Straight/10-1.tif,/content/drive/MyDrive/FashionAI/datasets/Clo-Sket/Clo-Sket/Straight/10-1.tif,Straight,Straight__G10,4
1711,/content/drive/MyDrive/FashionAI/datasets/Clo-Sket/Clo-Sket/Straight/10-10.tif,/content/drive/MyDrive/FashionAI/datasets/Clo-Sket/Clo-Sket/Straight/10-10.tif,Straight,Straight__G10,4
1712,/content/drive/MyDrive/FashionAI/datasets/Clo-Sket/Clo-Sket/Straight/10-2.tif,/content/drive/MyDrive/FashionAI/datasets/Clo-Sket/Clo-Sket/Straight/10-2.tif,Straight,Straight__G10,4
1713,/content/drive/MyDrive/FashionAI/datasets/Clo-Sket/Clo-Sket/Straight/10-3.tif,/content/drive/MyDrive/FashionAI/datasets/Clo-Sket/Clo-Sket/Straight/10-3.tif,Straight,Straight__G10,4
1714,/content/drive/MyDrive/FashionAI/datasets/Clo-Sket/Clo-Sket/Straight/10-4.tif,/content/drive/MyDrive/FashionAI/datasets/Clo-Sket/Clo-Sket/Straight/10-4.tif,Straight,Straight__G10,4
1715,/content/drive/MyDrive/FashionAI/datasets/Clo-Sket/Clo-Sket/Straight/10-5.tif,/content/drive/MyDrive/FashionAI/datasets/Clo-Sket/Clo-Sket/Straight/10-5.tif,Straight,Straight__G10,4
1716,/content/drive/MyDrive/FashionAI/datasets/Clo-Sket/Clo-Sket/Straight/10-6.tif,/content/drive/MyDrive/FashionAI/datasets/Clo-Sket/Clo-Sket/Straight/10-6.tif,Straight,Straight__G10,4
1717,/content/drive/MyDrive/FashionAI/datasets/Clo-Sket/Clo-Sket/Straight/10-7.tif,/content/drive/MyDrive/FashionAI/datasets/Clo-Sket/Clo-Sket/Straight/10-7.tif,Straight,Straight__G10,4
1718,/content/drive/MyDrive/FashionAI/datasets/Clo-Sket/Clo-Sket/Straight/10-8.tif,/content/drive/MyDrive/FashionAI/datasets/Clo-Sket/Clo-Sket/Straight/10-8.tif,Straight,Straight__G10,4
1719,/content/drive/MyDrive/FashionAI/datasets/Clo-Sket/Clo-Sket/Straight/10-9.tif,/content/drive/MyDrive/FashionAI/datasets/Clo-Sket/Clo-Sket/Straight/10-9.tif,Straight,Straight__G10,4
1720,/content/drive/MyDrive/FashionAI/datasets/Clo-Sket/Clo-Sket/Straight/2-1.tif,/content/drive/MyDrive/FashionAI/datasets/Clo-Sket/Clo-Sket/Straight/2-1.tif,Straight,Straight__G02,0
1721,/content/drive/MyDrive/FashionAI/datasets/Clo-Sket/Clo-Sket/Straight/2-10.tif,/content/drive/MyDrive/FashionAI/datasets/Clo-Sket/Clo-Sket/Straight/2-10.tif,Straight,Straight__G02,0
1722,/content/drive/MyDrive/FashionAI/datasets/Clo-Sket/Clo-Sket/Straight/2-2.tif,/content/drive/MyDrive/FashionAI/datasets/Clo-Sket/Clo-Sket/Straight/2-2.tif,Straight,Straight__G02,0
1723,/content/drive/MyDrive/FashionAI/datasets/Clo-Sket/Clo-Sket/Straight/2-3.tif,/content/drive/MyDrive/FashionAI/datasets/Clo-Sket/Clo-Sket/Straight/2-3.tif,Straight,Straight__G02,0
1724,/content/drive/MyDrive/FashionAI/datasets/Clo-Sket/Clo-Sket/Straight/2-4.tif,/content/drive/MyDrive/FashionAI/datasets/Clo-Sket/Clo-Sket/Straight/2-4.tif,Straight,Straight__G02,0
1725,/content/drive/MyDrive/FashionAI/datasets/Clo-Sket/Clo-Sket/Straight/2-5.tif,/content/drive/MyDrive/FashionAI/datasets/Clo-Sket/Clo-Sket/Straight/2-5.tif,Straight,Straight__G02,0
1726,/content/drive/MyDrive/FashionAI/datasets/Clo-Sket/Clo-Sket/Straight/2-6.tif,/content/drive/MyDrive/FashionAI/datasets/Clo-Sket/Clo-Sket/Straight/2-6.tif,Straight,Straight__G02,0
1727,/content/drive/MyDrive/FashionAI/datasets/Clo-Sket/Clo-Sket/Straight/2-7.tif,/content/drive/MyDrive/FashionAI/datasets/Clo-Sket/Clo-Sket/Straight/2-7.tif,Straight,Straight__G02,0
1728,/content/drive/MyDrive/FashionAI/datasets/Clo-Sket/Clo-Sket/Straight/2-8.tif,/content/drive/MyDrive/FashionAI/datasets/Clo-Sket/Clo-Sket/Straight/2-8.tif,Straight,Straight__G02,0
1729,/content/drive/MyDrive/FashionAI/datasets/Clo-Sket/Clo-Sket/Straight/2-9.tif,/content/drive/MyDrive/FashionAI/datasets/Clo-Sket/Clo-Sket/Straight/2-9.tif,Straight,Straight__G02,0
1730,/content/drive/MyDrive/FashionAI/datasets/Clo-Sket/Clo-Sket/Straight/3-1.tif,/content/drive/MyDrive/FashionAI/datasets/Clo-Sket/Clo-Sket/Straight/3-1.tif,Straight,Straight__G03,1
1731,/content/drive/MyDrive/FashionAI/datasets/Clo-Sket/Clo-Sket/Straight/3-10.tif,/content/drive/MyDrive/FashionAI/datasets/Clo-Sket/Clo-Sket/Straight/3-10.tif,Straight,Straight__G03,1
1732,/content/drive/MyDrive/FashionAI/datasets/Clo-Sket/Clo-Sket/Straight/3-2.tif,/content/drive/MyDrive/FashionAI/datasets/Clo-Sket/Clo-Sket/Straight/3-2.tif,Straight,Straight__G03,1
1733,/content/drive/MyDrive/FashionAI/datasets/Clo-Sket/Clo-Sket/Straight/3-3.tif,/content/drive/MyDrive/FashionAI/datasets/Clo-Sket/Clo-Sket/Straight/3-3.tif,Straight,Straight__G03,1
1734,/content/drive/MyDrive/FashionAI/datasets/Clo-Sket/Clo-Sket/Straight/3-4.tif,/content/drive/MyDrive/FashionAI/datasets/Clo-Sket/Clo-Sket/Straight/3-4.tif,Straight,Straight__G03,1
1735,/content/drive/MyDrive/FashionAI/datasets/Clo-Sket/Clo-Sket/Straight/3-5.tif,/content/drive/MyDrive/FashionAI/datasets/Clo-Sket/Clo-Sket/Straight/3-5.tif,Straight,Straight__G03,1
1736,/content/drive/MyDrive/FashionAI/datasets/Clo-Sket/Clo-Sket/Straight/3-6.tif,/content/drive/MyDrive/FashionAI/datasets/Clo-Sket/Clo-Sket/Straight/3-6.tif,Straight,Straight__G03,1
1737,/content/drive/MyDrive/FashionAI/datasets/Clo-Sket/Clo-Sket/Straight/3-7.tif,/content/drive/MyDrive/FashionAI/datasets/Clo-Sket/Clo-Sket/Straight/3-7.tif,Straight,Straight__G03,1
1738,/content/drive/MyDrive/FashionAI/datasets/Clo-Sket/Clo-Sket/Straight/3-8.tif,/content/drive/MyDrive/FashionAI/datasets/Clo-Sket/Clo-Sket/Straight/3-8.tif,Straight,Straight__G03,1
1739,/content/drive/MyDrive/FashionAI/datasets/Clo-Sket/Clo-Sket/Straight/3-9.tif,/content/drive/MyDrive/FashionAI/datasets/Clo-Sket/Clo-Sket/Straight/3-9.tif,Straight,Straight__G03,1
1740,/content/drive/MyDrive/FashionAI/datasets/Clo-Sket/Clo-Sket/Straight/4-1.tif,/content/drive/MyDrive/FashionAI/datasets/Clo-Sket/Clo-Sket/Straight/4-1.tif,Straight,Straight__G04,1
1741,/content/drive/MyDrive/FashionAI/datasets/Clo-Sket/Clo-Sket/Straight/4-10.tif,/content/drive/MyDrive/FashionAI/datasets/Clo-Sket/Clo-Sket/Straight/4-10.tif,Straight,Straight__G04,1
1742,/content/drive/MyDrive/FashionAI/datasets/Clo-Sket/Clo-Sket/Straight/4-2.tif,/content/drive/MyDrive/FashionAI/datasets/Clo-Sket/Clo-Sket/Straight/4-2.tif,Straight,Straight__G04,1
1743,/content/drive/MyDrive/FashionAI/datasets/Clo-Sket/Clo-Sket/Straight/4-3.tif,/content/drive/MyDrive/FashionAI/datasets/Clo-Sket/Clo-Sket/Straight/4-3.tif,Straight,Straight__G04,1
1744,/content/drive/MyDrive/FashionAI/datasets/Clo-Sket/Clo-Sket/Straight/4-4.tif,/content/drive/MyDrive/FashionAI/datasets/Clo-Sket/Clo-Sket/Straight/4-4.tif,Straight,Straight__G04,1
1745,/content/drive/MyDrive/FashionAI/datasets/Clo-Sket/Clo-Sket/Straight/4-5.tif,/content/drive/MyDrive/FashionAI/datasets/Clo-Sket/Clo-Sket/Straight/4-5.tif,Straight,Straight__G04,1
1746,/content/drive/MyDrive/FashionAI/datasets/Clo-Sket/Clo-Sket/Straight/4-6.tif,/content/drive/MyDrive/FashionAI/datasets/Clo-Sket/Clo-Sket/Straight/4-6.tif,Straight,Straight__G04,1
1747,/content/drive/MyDrive/FashionAI/datasets/Clo-Sket/Clo-Sket/Straight/4-7.tif,/content/drive/MyDrive/FashionAI/datasets/Clo-Sket/Clo-Sket/Straight/4-7.tif,Straight,Straight__G04,1
1748,/content/drive/MyDrive/FashionAI/datasets/Clo-Sket/Clo-Sket/Straight/4-8.tif,/content/drive/MyDrive/FashionAI/datasets/Clo-Sket/Clo-Sket/Straight/4-8.tif,Straight,Straight__G04,1
1749,/content/drive/MyDrive/FashionAI/datasets/Clo-Sket/Clo-Sket/Straight/4-9.tif,/content/drive/MyDrive/FashionAI/datasets/Clo-Sket/Clo-Sket/Straight/4-9.tif,Straight,Straight__G04,1
1750,/content/drive/MyDrive/FashionAI/datasets/Clo-Sket/Clo-Sket/Straight/5-1.tif,/content/drive/MyDrive/FashionAI/datasets/Clo-Sket/Clo-Sket/Straight/5-1.tif,Straight,Straight__G05,2
1751,/content/drive/MyDrive/FashionAI/datasets/Clo-Sket/Clo-Sket/Straight/5-10.tif,/content/drive/MyDrive/FashionAI/datasets/Clo-Sket/Clo-Sket/Straight/5-10.tif,Straight,Straight__G05,2
1752,/content/drive/MyDrive/FashionAI/datasets/Clo-Sket/Clo-Sket/Straight/5-2.tif,/content/drive/MyDrive/FashionAI/datasets/Clo-Sket/Clo-Sket/Straight/5-2.tif,Straight,Straight__G05,2
1753,/content/drive/MyDrive/FashionAI/datasets/Clo-Sket/Clo-Sket/Straight/5-3.tif,/content/drive/MyDrive/FashionAI/datasets/Clo-Sket/Clo-Sket/Straight/5-3.tif,Straight,Straight__G05,2
1754,/content/drive/MyDrive/FashionAI/datasets/Clo-Sket/Clo-Sket/Straight/5-4.tif,/content/drive/MyDrive/FashionAI/datasets/Clo-Sket/Clo-Sket/Straight/5-4.tif,Straight,Straight__G05,2
1755,/content/drive/MyDrive/FashionAI/datasets/Clo-Sket/Clo-Sket/Straight/5-5.tif,/content/drive/MyDrive/FashionAI/datasets/Clo-Sket/Clo-Sket/Straight/5-5.tif,Straight,Straight__G05,2
1756,/content/drive/MyDrive/FashionAI/datasets/Clo-Sket/Clo-Sket/Straight/5-6.tif,/content/drive/MyDrive/FashionAI/datasets/Clo-Sket/Clo-Sket/Straight/5-6.tif,Straight,Straight__G05,2
1757,/content/drive/MyDrive/FashionAI/datasets/Clo-Sket/Clo-Sket/Straight/5-7.tif,/content/drive/MyDrive/FashionAI/datasets/Clo-Sket/Clo-Sket/Straight/5-7.tif,Straight,Straight__G05,2
1758,/content/drive/MyDrive/FashionAI/datasets/Clo-Sket/Clo-Sket/Straight/5-8.tif,/content/drive/MyDrive/FashionAI/datasets/Clo-Sket/Clo-Sket/Straight/5-8.tif,Straight,Straight__G05,2
1759,/content/drive/MyDrive/FashionAI/datasets/Clo-Sket/Clo-Sket/Straight/5-9.tif,/content/drive/MyDrive/FashionAI/datasets/Clo-Sket/Clo-Sket/Straight/5-9.tif,Straight,Straight__G05,2
1760,/content/drive/MyDrive/FashionAI/datasets/Clo-Sket/Clo-Sket/Straight/6-1.tif,/content/drive/MyDrive/FashionAI/datasets/Clo-Sket/Clo-Sket/Straight/6-1.tif,Straight,Straight__G06,2
1761,/content/drive/MyDrive/FashionAI/datasets/Clo-Sket/Clo-Sket/Straight/6-10.tif,/content/drive/MyDrive/FashionAI/datasets/Clo-Sket/Clo-Sket/Straight/6-10.tif,Straight,Straight__G06,2
1762,/content/drive/MyDrive/FashionAI/datasets/Clo-Sket/Clo-Sket/Straight/6-2.tif,/content/drive/MyDrive/FashionAI/datasets/Clo-Sket/Clo-Sket/Straight/6-2.tif,Straight,Straight__G06,2
1763,/content/drive/MyDrive/FashionAI/datasets/Clo-Sket/Clo-Sket/Straight/6-3.tif,/content/drive/MyDrive/FashionAI/datasets/Clo-Sket/Clo-Sket/Straight/6-3.tif,Straight,Straight__G06,2
1764,/content/drive/MyDrive/FashionAI/datasets/Clo-Sket/Clo-Sket/Straight/6-4.tif,/content/drive/MyDrive/FashionAI/datasets/Clo-Sket/Clo-Sket/Straight/6-4.tif,Straight,Straight__G06,2
1765,/content/drive/MyDrive/FashionAI/datasets/Clo-Sket/Clo-Sket/Straight/6-5.tif,/content/drive/MyDrive/FashionAI/datasets/Clo-Sket/Clo-Sket/Straight/6-5.tif,Straight,Straight__G06,2
1766,/content/drive/MyDrive/FashionAI/datasets/Clo-Sket/Clo-Sket/Straight/6-6.tif,/content/drive/MyDrive/FashionAI/datasets/Clo-Sket/Clo-Sket/Straight/6-6.tif,Straight,Straight__G06,2
1767,/content/drive/MyDrive/FashionAI/datasets/Clo-Sket/Clo-Sket/Straight/6-7.tif,/content/drive/MyDrive/FashionAI/datasets/Clo-Sket/Clo-Sket/Straight/6-7.tif,Straight,Straight__G06,2
1768,/content/drive/MyDrive/FashionAI/datasets/Clo-Sket/Clo-Sket/Straight/6-8.tif,/content/drive/MyDrive/FashionAI/datasets/Clo-Sket/Clo-Sket/Straight/6-8.tif,Straight,Straight__G06,2
1769,/content/drive/MyDrive/FashionAI/datasets/Clo-Sket/Clo-Sket/Straight/6-9.tif,/content/drive/MyDrive/FashionAI/datasets/Clo-Sket/Clo-Sket/Straight/6-9.tif,Straight,Straight__G06,2
1770,/content/drive/MyDrive/FashionAI/datasets/Clo-Sket/Clo-Sket/Straight/7-1.tif,/content/drive/MyDrive/FashionAI/datasets/Clo-Sket/Clo-Sket/Straight/7-1.tif,Straight,Straight__G07,3
1771,/content/drive/MyDrive/FashionAI/datasets/Clo-Sket/Clo-Sket/Straight/7-10.tif,/content/drive/MyDrive/FashionAI/datasets/Clo-Sket/Clo-Sket/Straight/7-10.tif,Straight,Straight__G07,3
1772,/content/drive/MyDrive/FashionAI/datasets/Clo-Sket/Clo-Sket/Straight/7-2.tif,/content/drive/MyDrive/FashionAI/datasets/Clo-Sket/Clo-Sket/Straight/7-2.tif,Straight,Straight__G07,3
1773,/content/drive/MyDrive/FashionAI/datasets/Clo-Sket/Clo-Sket/Straight/7-3.tif,/content/drive/MyDrive/FashionAI/datasets/Clo-Sket/Clo-Sket/Straight/7-3.tif,Straight,Straight__G07,3
1774,/content/drive/MyDrive/FashionAI/datasets/Clo-Sket/Clo-Sket/Straight/7-4.tif,/content/drive/MyDrive/FashionAI/datasets/Clo-Sket/Clo-Sket/Straight/7-4.tif,Straight,Straight__G07,3
1775,/content/drive/MyDrive/FashionAI/datasets/Clo-Sket/Clo-Sket/Straight/7-5.tif,/content/drive/MyDrive/FashionAI/datasets/Clo-Sket/Clo-Sket/Straight/7-5.tif,Straight,Straight__G07,3
1776,/content/drive/MyDrive/FashionAI/datasets/Clo-Sket/Clo-Sket/Straight/7-6.tif,/content/drive/MyDrive/FashionAI/datasets/Clo-Sket/Clo-Sket/Straight/7-6.tif,Straight,Straight__G07,3
1777,/content/drive/MyDrive/FashionAI/datasets/Clo-Sket/Clo-Sket/Straight/7-7.tif,/content/drive/MyDrive/FashionAI/datasets/Clo-Sket/Clo-Sket/Straight/7-7.tif,Straight,Straight__G07,3
1778,/content/drive/MyDrive/FashionAI/datasets/Clo-Sket/Clo-Sket/Straight/7-8.tif,/content/drive/MyDrive/FashionAI/datasets/Clo-Sket/Clo-Sket/Straight/7-8.tif,Straight,Straight__G07,3
1779,/content/drive/MyDrive/FashionAI/datasets/Clo-Sket/Clo-Sket/Straight/7-9.tif,/content/drive/MyDrive/FashionAI/datasets/Clo-Sket/Clo-Sket/Straight/7-9.tif,Straight,Straight__G07,3
1780,/content/drive/MyDrive/FashionAI/datasets/Clo-Sket/Clo-Sket/Straight/8-1.tif,/content/drive/MyDrive/FashionAI/datasets/Clo-Sket/Clo-Sket/Straight/8-1.tif,Straight,Straight__G08,3
1781,/content/drive/MyDrive/FashionAI/datasets/Clo-Sket/Clo-Sket/Straight/8-10.tif,/content/drive/MyDrive/FashionAI/datasets/Clo-Sket/Clo-Sket/Straight/8-10.tif,Straight,Straight__G08,3
1782,/content/drive/MyDrive/FashionAI/datasets/Clo-Sket/Clo-Sket/Straight/8-2.tif,/content/drive/MyDrive/FashionAI/datasets/Clo-Sket/Clo-Sket/Straight/8-2.tif,Straight,Straight__G08,3
1783,/content/drive/MyDrive/FashionAI/datasets/Clo-Sket/Clo-Sket/Straight/8-3.tif,/content/drive/MyDrive/FashionAI/datasets/Clo-Sket/Clo-Sket/Straight/8-3.tif,Straight,Straight__G08,3
1784,/content/drive/MyDrive/FashionAI/datasets/Clo-Sket/Clo-Sket/Straight/8-4.tif,/content/drive/MyDrive/FashionAI/datasets/Clo-Sket/Clo-Sket/Straight/8-4.tif,Straight,Straight__G08,3
1785,/content/drive/MyDrive/FashionAI/datasets/Clo-Sket/Clo-Sket/Straight/8-5.tif,/content/drive/MyDrive/FashionAI/datasets/Clo-Sket/Clo-Sket/Straight/8-5.tif,Straight,Straight__G08,3
1786,/content/drive/MyDrive/FashionAI/datasets/Clo-Sket/Clo-Sket/Straight/8-6.tif,/content/drive/MyDrive/FashionAI/datasets/Clo-Sket/Clo-Sket/Straight/8-6.tif,Straight,Straight__G08,3
1787,/content/drive/MyDrive/FashionAI/datasets/Clo-Sket/Clo-Sket/Straight/8-7.tif,/content/drive/MyDrive/FashionAI/datasets/Clo-Sket/Clo-Sket/Straight/8-7.tif,Straight,Straight__G08,3
1788,/content/drive/MyDrive/FashionAI/datasets/Clo-Sket/Clo-Sket/Straight/8-8.tif,/content/drive/MyDrive/FashionAI/datasets/Clo-Sket/Clo-Sket/Straight/8-8.tif,Straight,Straight__G08,3
1789,/content/drive/MyDrive/FashionAI/datasets/Clo-Sket/Clo-Sket/Straight/8-9.tif,/content/drive/MyDrive/FashionAI/datasets/Clo-Sket/Clo-Sket/Straight/8-9.tif,Straight,Straight__G08,3
1790,/content/drive/MyDrive/FashionAI/datasets/Clo-Sket/Clo-Sket/Straight/9-1.tif,/content/drive/MyDrive/FashionAI/datasets/Clo-Sket/Clo-Sket/Straight/9-1.tif,Straight,Straight__G09,4
1791,/content/drive/MyDrive/FashionAI/datasets/Clo-Sket/Clo-Sket/Straight/9-10.tif,/content/drive/MyDrive/FashionAI/datasets/Clo-Sket/Clo-Sket/Straight/9-10.tif,Straight,Straight__G09,4
1792,/content/drive/MyDrive/FashionAI/datasets/Clo-Sket/Clo-Sket/Straight/9-2.tif,/content/drive/MyDrive/FashionAI/datasets/Clo-Sket/Clo-Sket/Straight/9-2.tif,Straight,Straight__G09,4
1793,/content/drive/MyDrive/FashionAI/datasets/Clo-Sket/Clo-Sket/Straight/9-3.tif,/content/drive/MyDrive/FashionAI/datasets/Clo-Sket/Clo-Sket/Straight/9-3.tif,Straight,Straight__G09,4
1794,/content/drive/MyDrive/FashionAI/datasets/Clo-Sket/Clo-Sket/Straight/9-4.tif,/content/drive/MyDrive/FashionAI/datasets/Clo-Sket/Clo-Sket/Straight/9-4.tif,Straight,Straight__G09,4
1795,/content/drive/MyDrive/FashionAI/datasets/Clo-Sket/Clo-Sket/Straight/9-5.tif,/content/drive/MyDrive/FashionAI/datasets/Clo-Sket/Clo-Sket/Straight/9-5.tif,Straight,Straight__G09,4
1796,/content/drive/MyDrive/FashionAI/datasets/Clo-Sket/Clo-Sket/Straight/9-6.tif,/content/drive/MyDrive/FashionAI/datasets/Clo-Sket/Clo-Sket/Straight/9-6.tif,Straight,Straight__G09,4
1797,/content/drive/MyDrive/FashionAI/datasets/Clo-Sket/Clo-Sket/Straight/9-7.tif,/content/drive/MyDrive/FashionAI/datasets/Clo-Sket/Clo-Sket/Straight/9-7.tif,Straight,Straight__G09,4
1798,/content/drive/MyDrive/FashionAI/datasets/Clo-Sket/Clo-Sket/Straight/9-8.tif,/content/drive/MyDrive/FashionAI/datasets/Clo-Sket/Clo-Sket/Straight/9-8.tif,Straight,Straight__G09,4
1799,/content/drive/MyDrive/FashionAI/datasets/Clo-Sket/Clo-Sket/Straight/9-9.tif,/content/drive/MyDrive/FashionAI/datasets/Clo-Sket/Clo-Sket/Straight/9-9.tif,Straight,Straight__G09,4
1800,/content/drive/MyDrive/FashionAI/datasets/Clo-Sket/Clo-Sket/Suit/1-1.tif,/content/drive/MyDrive/FashionAI/datasets/Clo-Sket/Clo-Sket/Suit/1-1.tif,Suit,Suit__G01,0
1801,/content/drive/MyDrive/FashionAI/datasets/Clo-Sket/Clo-Sket/Suit/1-10.tif,/content/drive/MyDrive/FashionAI/datasets/Clo-Sket/Clo-Sket/Suit/1-10.tif,Suit,Suit__G01,0
1802,/content/drive/MyDrive/FashionAI/datasets/Clo-Sket/Clo-Sket/Suit/1-2.tif,/content/drive/MyDrive/FashionAI/datasets/Clo-Sket/Clo-Sket/Suit/1-2.tif,Suit,Suit__G01,0
1803,/content/drive/MyDrive/FashionAI/datasets/Clo-Sket/Clo-Sket/Suit/1-3.tif,/content/drive/MyDrive/FashionAI/datasets/Clo-Sket/Clo-Sket/Suit/1-3.tif,Suit,Suit__G01,0
1804,/content/drive/MyDrive/FashionAI/datasets/Clo-Sket/Clo-Sket/Suit/1-4.tif,/content/drive/MyDrive/FashionAI/datasets/Clo-Sket/Clo-Sket/Suit/1-4.tif,Suit,Suit__G01,0
1805,/content/drive/MyDrive/FashionAI/datasets/Clo-Sket/Clo-Sket/Suit/1-5.tif,/content/drive/MyDrive/FashionAI/datasets/Clo-Sket/Clo-Sket/Suit/1-5.tif,Suit,Suit__G01,0
1806,/content/drive/MyDrive/FashionAI/datasets/Clo-Sket/Clo-Sket/Suit/1-6.tif,/content/drive/MyDrive/FashionAI/datasets/Clo-Sket/Clo-Sket/Suit/1-6.tif,Suit,Suit__G01,0
1807,/content/drive/MyDrive/FashionAI/datasets/Clo-Sket/Clo-Sket/Suit/1-7.tif,/content/drive/MyDrive/FashionAI/datasets/Clo-Sket/Clo-Sket/Suit/1-7.tif,Suit,Suit__G01,0
1808,/content/drive/MyDrive/FashionAI/datasets/Clo-Sket/Clo-Sket/Suit/1-8.tif,/content/drive/MyDrive/FashionAI/datasets/Clo-Sket/Clo-Sket/Suit/1-8.tif,Suit,Suit__G01,0
1809,/content/drive/MyDrive/FashionAI/datasets/Clo-Sket/Clo-Sket/Suit/1-9.tif,/content/drive/MyDrive/FashionAI/datasets/Clo-Sket/Clo-Sket/Suit/1-9.tif,Suit,Suit__G01,0
1810,/content/drive/MyDrive/FashionAI/datasets/Clo-Sket/Clo-Sket/Suit/10-1.tif,/content/drive/MyDrive/FashionAI/datasets/Clo-Sket/Clo-Sket/Suit/10-1.tif,Suit,Suit__G10,4
1811,/content/drive/MyDrive/FashionAI/datasets/Clo-Sket/Clo-Sket/Suit/10-10.tif,/content/drive/MyDrive/FashionAI/datasets/Clo-Sket/Clo-Sket/Suit/10-10.tif,Suit,Suit__G10,4
1812,/content/drive/MyDrive/FashionAI/datasets/Clo-Sket/Clo-Sket/Suit/10-2.tif,/content/drive/MyDrive/FashionAI/datasets/Clo-Sket/Clo-Sket/Suit/10-2.tif,Suit,Suit__G10,4
1813,/content/drive/MyDrive/FashionAI/datasets/Clo-Sket/Clo-Sket/Suit/10-3.tif,/content/drive/MyDrive/FashionAI/datasets/Clo-Sket/Clo-Sket/Suit/10-3.tif,Suit,Suit__G10,4
1814,/content/drive/MyDrive/FashionAI/datasets/Clo-Sket/Clo-Sket/Suit/10-4.tif,/content/drive/MyDrive/FashionAI/datasets/Clo-Sket/Clo-Sket/Suit/10-4.tif,Suit,Suit__G10,4
1815,/content/drive/MyDrive/FashionAI/datasets/Clo-Sket/Clo-Sket/Suit/10-5.tif,/content/drive/MyDrive/FashionAI/datasets/Clo-Sket/Clo-Sket/Suit/10-5.tif,Suit,Suit__G10,4
1816,/content/drive/MyDrive/FashionAI/datasets/Clo-Sket/Clo-Sket/Suit/10-6.tif,/content/drive/MyDrive/FashionAI/datasets/Clo-Sket/Clo-Sket/Suit/10-6.tif,Suit,Suit__G10,4
1817,/content/drive/MyDrive/FashionAI/datasets/Clo-Sket/Clo-Sket/Suit/10-7.tif,/content/drive/MyDrive/FashionAI/datasets/Clo-Sket/Clo-Sket/Suit/10-7.tif,Suit,Suit__G10,4
1818,/content/drive/MyDrive/FashionAI/datasets/Clo-Sket/Clo-Sket/Suit/10-8.tif,/content/drive/MyDrive/FashionAI/datasets/Clo-Sket/Clo-Sket/Suit/10-8.tif,Suit,Suit__G10,4
1819,/content/drive/MyDrive/FashionAI/datasets/Clo-Sket/Clo-Sket/Suit/10-9.tif,/content/drive/MyDrive/FashionAI/datasets/Clo-Sket/Clo-Sket/Suit/10-9.tif,Suit,Suit__G10,4
1820,/content/drive/MyDrive/FashionAI/datasets/Clo-Sket/Clo-Sket/Suit/2-1.tif,/content/drive/MyDrive/FashionAI/datasets/Clo-Sket/Clo-Sket/Suit/2-1.tif,Suit,Suit__G02,0
1821,/content/drive/MyDrive/FashionAI/datasets/Clo-Sket/Clo-Sket/Suit/2-10.tif,/content/drive/MyDrive/FashionAI/datasets/Clo-Sket/Clo-Sket/Suit/2-10.tif,Suit,Suit__G02,0
1822,/content/drive/MyDrive/FashionAI/datasets/Clo-Sket/Clo-Sket/Suit/2-2.tif,/content/drive/MyDrive/FashionAI/datasets/Clo-Sket/Clo-Sket/Suit/2-2.tif,Suit,Suit__G02,0
1823,/content/drive/MyDrive/FashionAI/datasets/Clo-Sket/Clo-Sket/Suit/2-3.tif,/content/drive/MyDrive/FashionAI/datasets/Clo-Sket/Clo-Sket/Suit/2-3.tif,Suit,Suit__G02,0
1824,/content/drive/MyDrive/FashionAI/datasets/Clo-Sket/Clo-Sket/Suit/2-4.tif,/content/drive/MyDrive/FashionAI/datasets/Clo-Sket/Clo-Sket/Suit/2-4.tif,Suit,Suit__G02,0
1825,/content/drive/MyDrive/FashionAI/datasets/Clo-Sket/Clo-Sket/Suit/2-5.tif,/content/drive/MyDrive/FashionAI/datasets/Clo-Sket/Clo-Sket/Suit/2-5.tif,Suit,Suit__G02,0
1826,/content/drive/MyDrive/FashionAI/datasets/Clo-Sket/Clo-Sket/Suit/2-6.tif,/content/drive/MyDrive/FashionAI/datasets/Clo-Sket/Clo-Sket/Suit/2-6.tif,Suit,Suit__G02,0
1827,/content/drive/MyDrive/FashionAI/datasets/Clo-Sket/Clo-Sket/Suit/2-7.tif,/content/drive/MyDrive/FashionAI/datasets/Clo-Sket/Clo-Sket/Suit/2-7.tif,Suit,Suit__G02,0
1828,/content/drive/MyDrive/FashionAI/datasets/Clo-Sket/Clo-Sket/Suit/2-8.tif,/content/drive/MyDrive/FashionAI/datasets/Clo-Sket/Clo-Sket/Suit/2-8.tif,Suit,Suit__G02,0
1829,/content/drive/MyDrive/FashionAI/datasets/Clo-Sket/Clo-Sket/Suit/2-9.tif,/content/drive/MyDrive/FashionAI/datasets/Clo-Sket/Clo-Sket/Suit/2-9.tif,Suit,Suit__G02,0
1830,/content/drive/MyDrive/FashionAI/datasets/Clo-Sket/Clo-Sket/Suit/3-1.tif,/content/drive/MyDrive/FashionAI/datasets/Clo-Sket/Clo-Sket/Suit/3-1.tif,Suit,Suit__G03,1
1831,/content/drive/MyDrive/FashionAI/datasets/Clo-Sket/Clo-Sket/Suit/3-10.tif,/content/drive/MyDrive/FashionAI/datasets/Clo-Sket/Clo-Sket/Suit/3-10.tif,Suit,Suit__G03,1
1832,/content/drive/MyDrive/FashionAI/datasets/Clo-Sket/Clo-Sket/Suit/3-2.tif,/content/drive/MyDrive/FashionAI/datasets/Clo-Sket/Clo-Sket/Suit/3-2.tif,Suit,Suit__G03,1
1833,/content/drive/MyDrive/FashionAI/datasets/Clo-Sket/Clo-Sket/Suit/3-3.tif,/content/drive/MyDrive/FashionAI/datasets/Clo-Sket/Clo-Sket/Suit/3-3.tif,Suit,Suit__G03,1
1834,/content/drive/MyDrive/FashionAI/datasets/Clo-Sket/Clo-Sket/Suit/3-4.tif,/content/drive/MyDrive/FashionAI/datasets/Clo-Sket/Clo-Sket/Suit/3-4.tif,Suit,Suit__G03,1
1835,/content/drive/MyDrive/FashionAI/datasets/Clo-Sket/Clo-Sket/Suit/3-5.tif,/content/drive/MyDrive/FashionAI/datasets/Clo-Sket/Clo-Sket/Suit/3-5.tif,Suit,Suit__G03,1
1836,/content/drive/MyDrive/FashionAI/datasets/Clo-Sket/Clo-Sket/Suit/3-6.tif,/content/drive/MyDrive/FashionAI/datasets/Clo-Sket/Clo-Sket/Suit/3-6.tif,Suit,Suit__G03,1
1837,/content/drive/MyDrive/FashionAI/datasets/Clo-Sket/Clo-Sket/Suit/3-7.tif,/content/drive/MyDrive/FashionAI/datasets/Clo-Sket/Clo-Sket/Suit/3-7.tif,Suit,Suit__G03,1
1838,/content/drive/MyDrive/FashionAI/datasets/Clo-Sket/Clo-Sket/Suit/3-8.tif,/content/drive/MyDrive/FashionAI/datasets/Clo-Sket/Clo-Sket/Suit/3-8.tif,Suit,Suit__G03,1
1839,/content/drive/MyDrive/FashionAI/datasets/Clo-Sket/Clo-Sket/Suit/3-9.tif,/content/drive/MyDrive/FashionAI/datasets/Clo-Sket/Clo-Sket/Suit/3-9.tif,Suit,Suit__G03,1
1840,/content/drive/MyDrive/FashionAI/datasets/Clo-Sket/Clo-Sket/Suit/4-1.tif,/content/drive/MyDrive/FashionAI/datasets/Clo-Sket/Clo-Sket/Suit/4-1.tif,Suit,Suit__G04,1
1841,/content/drive/MyDrive/FashionAI/datasets/Clo-Sket/Clo-Sket/Suit/4-10.tif,/content/drive/MyDrive/FashionAI/datasets/Clo-Sket/Clo-Sket/Suit/4-10.tif,Suit,Suit__G04,1
1842,/content/drive/MyDrive/FashionAI/datasets/Clo-Sket/Clo-Sket/Suit/4-2.tif,/content/drive/MyDrive/FashionAI/datasets/Clo-Sket/Clo-Sket/Suit/4-2.tif,Suit,Suit__G04,1
1843,/content/drive/MyDrive/FashionAI/datasets/Clo-Sket/Clo-Sket/Suit/4-3.tif,/content/drive/MyDrive/FashionAI/datasets/Clo-Sket/Clo-Sket/Suit/4-3.tif,Suit,Suit__G04,1
1844,/content/drive/MyDrive/FashionAI/datasets/Clo-Sket/Clo-Sket/Suit/4-4.tif,/content/drive/MyDrive/FashionAI/datasets/Clo-Sket/Clo-Sket/Suit/4-4.tif,Suit,Suit__G04,1
1845,/content/drive/MyDrive/FashionAI/datasets/Clo-Sket/Clo-Sket/Suit/4-5.tif,/content/drive/MyDrive/FashionAI/datasets/Clo-Sket/Clo-Sket/Suit/4-5.tif,Suit,Suit__G04,1
1846,/content/drive/MyDrive/FashionAI/datasets/Clo-Sket/Clo-Sket/Suit/4-6.tif,/content/drive/MyDrive/FashionAI/datasets/Clo-Sket/Clo-Sket/Suit/4-6.tif,Suit,Suit__G04,1
1847,/content/drive/MyDrive/FashionAI/datasets/Clo-Sket/Clo-Sket/Suit/4-7.tif,/content/drive/MyDrive/FashionAI/datasets/Clo-Sket/Clo-Sket/Suit/4-7.tif,Suit,Suit__G04,1
1848,/content/drive/MyDrive/FashionAI/datasets/Clo-Sket/Clo-Sket/Suit/4-8.tif,/content/drive/MyDrive/FashionAI/datasets/Clo-Sket/Clo-Sket/Suit/4-8.tif,Suit,Suit__G04,1
1849,/content/drive/MyDrive/FashionAI/datasets/Clo-Sket/Clo-Sket/Suit/4-9.tif,/content/drive/MyDrive/FashionAI/datasets/Clo-Sket/Clo-Sket/Suit/4-9.tif,Suit,Suit__G04,1
1850,/content/drive/MyDrive/FashionAI/datasets/Clo-Sket/Clo-Sket/Suit/5-1.tif,/content/drive/MyDrive/FashionAI/datasets/Clo-Sket/Clo-Sket/Suit/5-1.tif,Suit,Suit__G05,2
1851,/content/drive/MyDrive/FashionAI/datasets/Clo-Sket/Clo-Sket/Suit/5-10.tif,/content/drive/MyDrive/FashionAI/datasets/Clo-Sket/Clo-Sket/Suit/5-10.tif,Suit,Suit__G05,2
1852,/content/drive/MyDrive/FashionAI/datasets/Clo-Sket/Clo-Sket/Suit/5-2.tif,/content/drive/MyDrive/FashionAI/datasets/Clo-Sket/Clo-Sket/Suit/5-2.tif,Suit,Suit__G05,2
1853,/content/drive/MyDrive/FashionAI/datasets/Clo-Sket/Clo-Sket/Suit/5-3.tif,/content/drive/MyDrive/FashionAI/datasets/Clo-Sket/Clo-Sket/Suit/5-3.tif,Suit,Suit__G05,2
1854,/content/drive/MyDrive/FashionAI/datasets/Clo-Sket/Clo-Sket/Suit/5-4.tif,/content/drive/MyDrive/FashionAI/datasets/Clo-Sket/Clo-Sket/Suit/5-4.tif,Suit,Suit__G05,2
1855,/content/drive/MyDrive/FashionAI/datasets/Clo-Sket/Clo-Sket/Suit/5-5.tif,/content/drive/MyDrive/FashionAI/datasets/Clo-Sket/Clo-Sket/Suit/5-5.tif,Suit,Suit__G05,2
1856,/content/drive/MyDrive/FashionAI/datasets/Clo-Sket/Clo-Sket/Suit/5-6.tif,/content/drive/MyDrive/FashionAI/datasets/Clo-Sket/Clo-Sket/Suit/5-6.tif,Suit,Suit__G05,2
1857,/content/drive/MyDrive/FashionAI/datasets/Clo-Sket/Clo-Sket/Suit/5-7.tif,/content/drive/MyDrive/FashionAI/datasets/Clo-Sket/Clo-Sket/Suit/5-7.tif,Suit,Suit__G05,2
1858,/content/drive/MyDrive/FashionAI/datasets/Clo-Sket/Clo-Sket/Suit/5-8.tif,/content/drive/MyDrive/FashionAI/datasets/Clo-Sket/Clo-Sket/Suit/5-8.tif,Suit,Suit__G05,2
1859,/content/drive/MyDrive/FashionAI/datasets/Clo-Sket/Clo-Sket/Suit/5-9.tif,/content/drive/MyDrive/FashionAI/datasets/Clo-Sket/Clo-Sket/Suit/5-9.tif,Suit,Suit__G05,2
1860,/content/drive/MyDrive/FashionAI/datasets/Clo-Sket/Clo-Sket/Suit/6-1.tif,/content/drive/MyDrive/FashionAI/datasets/Clo-Sket/Clo-Sket/Suit/6-1.tif,Suit,Suit__G06,2
1861,/content/drive/MyDrive/FashionAI/datasets/Clo-Sket/Clo-Sket/Suit/6-10.tif,/content/drive/MyDrive/FashionAI/datasets/Clo-Sket/Clo-Sket/Suit/6-10.tif,Suit,Suit__G06,2
1862,/content/drive/MyDrive/FashionAI/datasets/Clo-Sket/Clo-Sket/Suit/6-2.tif,/content/drive/MyDrive/FashionAI/datasets/Clo-Sket/Clo-Sket/Suit/6-2.tif,Suit,Suit__G06,2
1863,/content/drive/MyDrive/FashionAI/datasets/Clo-Sket/Clo-Sket/Suit/6-3.tif,/content/drive/MyDrive/FashionAI/datasets/Clo-Sket/Clo-Sket/Suit/6-3.tif,Suit,Suit__G06,2
1864,/content/drive/MyDrive/FashionAI/datasets/Clo-Sket/Clo-Sket/Suit/6-4.tif,/content/drive/MyDrive/FashionAI/datasets/Clo-Sket/Clo-Sket/Suit/6-4.tif,Suit,Suit__G06,2
1865,/content/drive/MyDrive/FashionAI/datasets/Clo-Sket/Clo-Sket/Suit/6-5.tif,/content/drive/MyDrive/FashionAI/datasets/Clo-Sket/Clo-Sket/Suit/6-5.tif,Suit,Suit__G06,2
1866,/content/drive/MyDrive/FashionAI/datasets/Clo-Sket/Clo-Sket/Suit/6-6.tif,/content/drive/MyDrive/FashionAI/datasets/Clo-Sket/Clo-Sket/Suit/6-6.tif,Suit,Suit__G06,2
1867,/content/drive/MyDrive/FashionAI/datasets/Clo-Sket/Clo-Sket/Suit/6-7.tif,/content/drive/MyDrive/FashionAI/datasets/Clo-Sket/Clo-Sket/Suit/6-7.tif,Suit,Suit__G06,2
1868,/content/drive/MyDrive/FashionAI/datasets/Clo-Sket/Clo-Sket/Suit/6-8.tif,/content/drive/MyDrive/FashionAI/datasets/Clo-Sket/Clo-Sket/Suit/6-8.tif,Suit,Suit__G06,2
1869,/content/drive/MyDrive/FashionAI/datasets/Clo-Sket/Clo-Sket/Suit/6-9.tif,/content/drive/MyDrive/FashionAI/datasets/Clo-Sket/Clo-Sket/Suit/6-9.tif,Suit,Suit__G06,2
1870,/content/drive/MyDrive/FashionAI/datasets/Clo-Sket/Clo-Sket/Suit/7-1.tif,/content/drive/MyDrive/FashionAI/datasets/Clo-Sket/Clo-Sket/Suit/7-1.tif,Suit,Suit__G07,3
1871,/content/drive/MyDrive/FashionAI/datasets/Clo-Sket/Clo-Sket/Suit/7-10.tif,/content/drive/MyDrive/FashionAI/datasets/Clo-Sket/Clo-Sket/Suit/7-10.tif,Suit,Suit__G07,3
1872,/content/drive/MyDrive/FashionAI/datasets/Clo-Sket/Clo-Sket/Suit/7-2.tif,/content/drive/MyDrive/FashionAI/datasets/Clo-Sket/Clo-Sket/Suit/7-2.tif,Suit,Suit__G07,3
1873,/content/drive/MyDrive/FashionAI/datasets/Clo-Sket/Clo-Sket/Suit/7-3.tif,/content/drive/MyDrive/FashionAI/datasets/Clo-Sket/Clo-Sket/Suit/7-3.tif,Suit,Suit__G07,3
1874,/content/drive/MyDrive/FashionAI/datasets/Clo-Sket/Clo-Sket/Suit/7-4.tif,/content/drive/MyDrive/FashionAI/datasets/Clo-Sket/Clo-Sket/Suit/7-4.tif,Suit,Suit__G07,3
1875,/content/drive/MyDrive/FashionAI/datasets/Clo-Sket/Clo-Sket/Suit/7-5.tif,/content/drive/MyDrive/FashionAI/datasets/Clo-Sket/Clo-Sket/Suit/7-5.tif,Suit,Suit__G07,3
1876,/content/drive/MyDrive/FashionAI/datasets/Clo-Sket/Clo-Sket/Suit/7-6.tif,/content/drive/MyDrive/FashionAI/datasets/Clo-Sket/Clo-Sket/Suit/7-6.tif,Suit,Suit__G07,3
1877,/content/drive/MyDrive/FashionAI/datasets/Clo-Sket/Clo-Sket/Suit/7-7.tif,/content/drive/MyDrive/FashionAI/datasets/Clo-Sket/Clo-Sket/Suit/7-7.tif,Suit,Suit__G07,3
1878,/content/drive/MyDrive/FashionAI/datasets/Clo-Sket/Clo-Sket/Suit/7-8.tif,/content/drive/MyDrive/FashionAI/datasets/Clo-Sket/Clo-Sket/Suit/7-8.tif,Suit,Suit__G07,3
1879,/content/drive/MyDrive/FashionAI/datasets/Clo-Sket/Clo-Sket/Suit/7-9.tif,/content/drive/MyDrive/FashionAI/datasets/Clo-Sket/Clo-Sket/Suit/7-9.tif,Suit,Suit__G07,3
1880,/content/drive/MyDrive/FashionAI/datasets/Clo-Sket/Clo-Sket/Suit/8-1.tif,/content/drive/MyDrive/FashionAI/datasets/Clo-Sket/Clo-Sket/Suit/8-1.tif,Suit,Suit__G08,3
1881,/content/drive/MyDrive/FashionAI/datasets/Clo-Sket/Clo-Sket/Suit/8-10.tif,/content/drive/MyDrive/FashionAI/datasets/Clo-Sket/Clo-Sket/Suit/8-10.tif,Suit,Suit__G08,3
1882,/content/drive/MyDrive/FashionAI/datasets/Clo-Sket/Clo-Sket/Suit/8-2.tif,/content/drive/MyDrive/FashionAI/datasets/Clo-Sket/Clo-Sket/Suit/8-2.tif,Suit,Suit__G08,3
1883,/content/drive/MyDrive/FashionAI/datasets/Clo-Sket/Clo-Sket/Suit/8-3.tif,/content/drive/MyDrive/FashionAI/datasets/Clo-Sket/Clo-Sket/Suit/8-3.tif,Suit,Suit__G08,3
1884,/content/drive/MyDrive/FashionAI/datasets/Clo-Sket/Clo-Sket/Suit/8-4.tif,/content/drive/MyDrive/FashionAI/datasets/Clo-Sket/Clo-Sket/Suit/8-4.tif,Suit,Suit__G08,3
1885,/content/drive/MyDrive/FashionAI/datasets/Clo-Sket/Clo-Sket/Suit/8-5.tif,/content/drive/MyDrive/FashionAI/datasets/Clo-Sket/Clo-Sket/Suit/8-5.tif,Suit,Suit__G08,3
1886,/content/drive/MyDrive/FashionAI/datasets/Clo-Sket/Clo-Sket/Suit/8-6.tif,/content/drive/MyDrive/FashionAI/datasets/Clo-Sket/Clo-Sket/Suit/8-6.tif,Suit,Suit__G08,3
1887,/content/drive/MyDrive/FashionAI/datasets/Clo-Sket/Clo-Sket/Suit/8-7.tif,/content/drive/MyDrive/FashionAI/datasets/Clo-Sket/Clo-Sket/Suit/8-7.tif,Suit,Suit__G08,3
1888,/content/drive/MyDrive/FashionAI/datasets/Clo-Sket/Clo-Sket/Suit/8-8.tif,/content/drive/MyDrive/FashionAI/datasets/Clo-Sket/Clo-Sket/Suit/8-8.tif,Suit,Suit__G08,3
1889,/content/drive/MyDrive/FashionAI/datasets/Clo-Sket/Clo-Sket/Suit/8-9.tif,/content/drive/MyDrive/FashionAI/datasets/Clo-Sket/Clo-Sket/Suit/8-9.tif,Suit,Suit__G08,3
1890,/content/drive/MyDrive/FashionAI/datasets/Clo-Sket/Clo-Sket/Suit/9-1.tif,/content/drive/MyDrive/FashionAI/datasets/Clo-Sket/Clo-Sket/Suit/9-1.tif,Suit,Suit__G09,4
1891,/content/drive/MyDrive/FashionAI/datasets/Clo-Sket/Clo-Sket/Suit/9-10.tif,/content/drive/MyDrive/FashionAI/datasets/Clo-Sket/Clo-Sket/Suit/9-10.tif,Suit,Suit__G09,4
1892,/content/drive/MyDrive/FashionAI/datasets/Clo-Sket/Clo-Sket/Suit/9-2.tif,/content/drive/MyDrive/FashionAI/datasets/Clo-Sket/Clo-Sket/Suit/9-2.tif,Suit,Suit__G09,4
1893,/content/drive/MyDrive/FashionAI/datasets/Clo-Sket/Clo-Sket/Suit/9-3.tif,/content/drive/MyDrive/FashionAI/datasets/Clo-Sket/Clo-Sket/Suit/9-3.tif,Suit,Suit__G09,4
1894,/content/drive/MyDrive/FashionAI/datasets/Clo-Sket/Clo-Sket/Suit/9-4.tif,/content/drive/MyDrive/FashionAI/datasets/Clo-Sket/Clo-Sket/Suit/9-4.tif,Suit,Suit__G09,4
1895,/content/drive/MyDrive/FashionAI/datasets/Clo-Sket/Clo-Sket/Suit/9-5.tif,/content/drive/MyDrive/FashionAI/datasets/Clo-Sket/Clo-Sket/Suit/9-5.tif,Suit,Suit__G09,4
1896,/content/drive/MyDrive/FashionAI/datasets/Clo-Sket/Clo-Sket/Suit/9-6.tif,/content/drive/MyDrive/FashionAI/datasets/Clo-Sket/Clo-Sket/Suit/9-6.tif,Suit,Suit__G09,4
1897,/content/drive/MyDrive/FashionAI/datasets/Clo-Sket/Clo-Sket/Suit/9-7.tif,/content/drive/MyDrive/FashionAI/datasets/Clo-Sket/Clo-Sket/Suit/9-7.tif,Suit,Suit__G09,4
1898,/content/drive/MyDrive/FashionAI/datasets/Clo-Sket/Clo-Sket/Suit/9-8.tif,/content/drive/MyDrive/FashionAI/datasets/Clo-Sket/Clo-Sket/Suit/9-8.tif,Suit,Suit__G09,4
1899,/content/drive/MyDrive/FashionAI/datasets/Clo-Sket/Clo-Sket/Suit/9-9.tif,/content/drive/MyDrive/FashionAI/datasets/Clo-Sket/Clo-Sket/Suit/9-9.tif,Suit,Suit__G09,4
1900,/content/drive/MyDrive/FashionAI/datasets/Clo-Sket/Clo-Sket/T-shirt/10_1.tif,/content/drive/MyDrive/FashionAI/datasets/Clo-Sket/Clo-Sket/T-shirt/10_1.tif,T-shirt,T-shirt__G10,4
1901,/content/drive/MyDrive/FashionAI/datasets/Clo-Sket/Clo-Sket/T-shirt/10_10.tif,/content/drive/MyDrive/FashionAI/datasets/Clo-Sket/Clo-Sket/T-shirt/10_10.tif,T-shirt,T-shirt__G10,4
1902,/content/drive/MyDrive/FashionAI/datasets/Clo-Sket/Clo-Sket/T-shirt/10_2.tif,/content/drive/MyDrive/FashionAI/datasets/Clo-Sket/Clo-Sket/T-shirt/10_2.tif,T-shirt,T-shirt__G10,4
1903,/content/drive/MyDrive/FashionAI/datasets/Clo-Sket/Clo-Sket/T-shirt/10_3.tif,/content/drive/MyDrive/FashionAI/datasets/Clo-Sket/Clo-Sket/T-shirt/10_3.tif,T-shirt,T-shirt__G10,4
1904,/content/drive/MyDrive/FashionAI/datasets/Clo-Sket/Clo-Sket/T-shirt/10_4.tif,/content/drive/MyDrive/FashionAI/datasets/Clo-Sket/Clo-Sket/T-shirt/10_4.tif,T-shirt,T-shirt__G10,4
1905,/content/drive/MyDrive/FashionAI/datasets/Clo-Sket/Clo-Sket/T-shirt/10_5.tif,/content/drive/MyDrive/FashionAI/datasets/Clo-Sket/Clo-Sket/T-shirt/10_5.tif,T-shirt,T-shirt__G10,4
1906,/content/drive/MyDrive/FashionAI/datasets/Clo-Sket/Clo-Sket/T-shirt/10_6.tif,/content/drive/MyDrive/FashionAI/datasets/Clo-Sket/Clo-Sket/T-shirt/10_6.tif,T-shirt,T-shirt__G10,4
1907,/content/drive/MyDrive/FashionAI/datasets/Clo-Sket/Clo-Sket/T-shirt/10_7.tif,/content/drive/MyDrive/FashionAI/datasets/Clo-Sket/Clo-Sket/T-shirt/10_7.tif,T-shirt,T-shirt__G10,4
1908,/content/drive/MyDrive/FashionAI/datasets/Clo-Sket/Clo-Sket/T-shirt/10_8.tif,/content/drive/MyDrive/FashionAI/datasets/Clo-Sket/Clo-Sket/T-shirt/10_8.tif,T-shirt,T-shirt__G10,4
1909,/content/drive/MyDrive/FashionAI/datasets/Clo-Sket/Clo-Sket/T-shirt/10_9.tif,/content/drive/MyDrive/FashionAI/datasets/Clo-Sket/Clo-Sket/T-shirt/10_9.tif,T-shirt,T-shirt__G10,4
1910,/content/drive/MyDrive/FashionAI/datasets/Clo-Sket/Clo-Sket/T-shirt/1_1.tif,/content/drive/MyDrive/FashionAI/datasets/Clo-Sket/Clo-Sket/T-shirt/1_1.tif,T-shirt,T-shirt__G01,0
1911,/content/drive/MyDrive/FashionAI/datasets/Clo-Sket/Clo-Sket/T-shirt/1_10.tif,/content/drive/MyDrive/FashionAI/datasets/Clo-Sket/Clo-Sket/T-shirt/1_10.tif,T-shirt,T-shirt__G01,0
1912,/content/drive/MyDrive/FashionAI/datasets/Clo-Sket/Clo-Sket/T-shirt/1_2.tif,/content/drive/MyDrive/FashionAI/datasets/Clo-Sket/Clo-Sket/T-shirt/1_2.tif,T-shirt,T-shirt__G01,0
1913,/content/drive/MyDrive/FashionAI/datasets/Clo-Sket/Clo-Sket/T-shirt/1_3.tif,/content/drive/MyDrive/FashionAI/datasets/Clo-Sket/Clo-Sket/T-shirt/1_3.tif,T-shirt,T-shirt__G01,0
1914,/content/drive/MyDrive/FashionAI/datasets/Clo-Sket/Clo-Sket/T-shirt/1_4.tif,/content/drive/MyDrive/FashionAI/datasets/Clo-Sket/Clo-Sket/T-shirt/1_4.tif,T-shirt,T-shirt__G01,0
1915,/content/drive/MyDrive/FashionAI/datasets/Clo-Sket/Clo-Sket/T-shirt/1_5.tif,/content/drive/MyDrive/FashionAI/datasets/Clo-Sket/Clo-Sket/T-shirt/1_5.tif,T-shirt,T-shirt__G01,0
1916,/content/drive/MyDrive/FashionAI/datasets/Clo-Sket/Clo-Sket/T-shirt/1_6.tif,/content/drive/MyDrive/FashionAI/datasets/Clo-Sket/Clo-Sket/T-shirt/1_6.tif,T-shirt,T-shirt__G01,0
1917,/content/drive/MyDrive/FashionAI/datasets/Clo-Sket/Clo-Sket/T-shirt/1_7.tif,/content/drive/MyDrive/FashionAI/datasets/Clo-Sket/Clo-Sket/T-shirt/1_7.tif,T-shirt,T-shirt__G01,0
1918,/content/drive/MyDrive/FashionAI/datasets/Clo-Sket/Clo-Sket/T-shirt/1_8.tif,/content/drive/MyDrive/FashionAI/datasets/Clo-Sket/Clo-Sket/T-shirt/1_8.tif,T-shirt,T-shirt__G01,0
1919,/content/drive/MyDrive/FashionAI/datasets/Clo-Sket/Clo-Sket/T-shirt/1_9.tif,/content/drive/MyDrive/FashionAI/datasets/Clo-Sket/Clo-Sket/T-shirt/1_9.tif,T-shirt,T-shirt__G01,0
1920,/content/drive/MyDrive/FashionAI/datasets/Clo-Sket/Clo-Sket/T-shirt/2_1.tif,/content/drive/MyDrive/FashionAI/datasets/Clo-Sket/Clo-Sket/T-shirt/2_1.tif,T-shirt,T-shirt__G02,0
1921,/content/drive/MyDrive/FashionAI/datasets/Clo-Sket/Clo-Sket/T-shirt/2_10.tif,/content/drive/MyDrive/FashionAI/datasets/Clo-Sket/Clo-Sket/T-shirt/2_10.tif,T-shirt,T-shirt__G02,0
1922,/content/drive/MyDrive/FashionAI/datasets/Clo-Sket/Clo-Sket/T-shirt/2_2.tif,/content/drive/MyDrive/FashionAI/datasets/Clo-Sket/Clo-Sket/T-shirt/2_2.tif,T-shirt,T-shirt__G02,0
1923,/content/drive/MyDrive/FashionAI/datasets/Clo-Sket/Clo-Sket/T-shirt/2_3.tif,/content/drive/MyDrive/FashionAI/datasets/Clo-Sket/Clo-Sket/T-shirt/2_3.tif,T-shirt,T-shirt__G02,0
1924,/content/drive/MyDrive/FashionAI/datasets/Clo-Sket/Clo-Sket/T-shirt/2_4.tif,/content/drive/MyDrive/FashionAI/datasets/Clo-Sket/Clo-Sket/T-shirt/2_4.tif,T-shirt,T-shirt__G02,0
1925,/content/drive/MyDrive/FashionAI/datasets/Clo-Sket/Clo-Sket/T-shirt/2_5.tif,/content/drive/MyDrive/FashionAI/datasets/Clo-Sket/Clo-Sket/T-shirt/2_5.tif,T-shirt,T-shirt__G02,0
1926,/content/drive/MyDrive/FashionAI/datasets/Clo-Sket/Clo-Sket/T-shirt/2_6.tif,/content/drive/MyDrive/FashionAI/datasets/Clo-Sket/Clo-Sket/T-shirt/2_6.tif,T-shirt,T-shirt__G02,0
1927,/content/drive/MyDrive/FashionAI/datasets/Clo-Sket/Clo-Sket/T-shirt/2_7.tif,/content/drive/MyDrive/FashionAI/datasets/Clo-Sket/Clo-Sket/T-shirt/2_7.tif,T-shirt,T-shirt__G02,0
1928,/content/drive/MyDrive/FashionAI/datasets/Clo-Sket/Clo-Sket/T-shirt/2_8.tif,/content/drive/MyDrive/FashionAI/datasets/Clo-Sket/Clo-Sket/T-shirt/2_8.tif,T-shirt,T-shirt__G02,0
1929,/content/drive/MyDrive/FashionAI/datasets/Clo-Sket/Clo-Sket/T-shirt/2_9.tif,/content/drive/MyDrive/FashionAI/datasets/Clo-Sket/Clo-Sket/T-shirt/2_9.tif,T-shirt,T-shirt__G02,0
1930,/content/drive/MyDrive/FashionAI/datasets/Clo-Sket/Clo-Sket/T-shirt/3-10.tif,/content/drive/MyDrive/FashionAI/datasets/Clo-Sket/Clo-Sket/T-shirt/3-10.tif,T-shirt,T-shirt__G03,1
1931,/content/drive/MyDrive/FashionAI/datasets/Clo-Sket/Clo-Sket/T-shirt/3_1.tif,/content/drive/MyDrive/FashionAI/datasets/Clo-Sket/Clo-Sket/T-shirt/3_1.tif,T-shirt,T-shirt__G03,1
1932,/content/drive/MyDrive/FashionAI/datasets/Clo-Sket/Clo-Sket/T-shirt/3_2.tif,/content/drive/MyDrive/FashionAI/datasets/Clo-Sket/Clo-Sket/T-shirt/3_2.tif,T-shirt,T-shirt__G03,1
1933,/content/drive/MyDrive/FashionAI/datasets/Clo-Sket/Clo-Sket/T-shirt/3_3.tif,/content/drive/MyDrive/FashionAI/datasets/Clo-Sket/Clo-Sket/T-shirt/3_3.tif,T-shirt,T-shirt__G03,1
1934,/content/drive/MyDrive/FashionAI/datasets/Clo-Sket/Clo-Sket/T-shirt/3_4.tif,/content/drive/MyDrive/FashionAI/datasets/Clo-Sket/Clo-Sket/T-shirt/3_4.tif,T-shirt,T-shirt__G03,1
1935,/content/drive/MyDrive/FashionAI/datasets/Clo-Sket/Clo-Sket/T-shirt/3_5.tif,/content/drive/MyDrive/FashionAI/datasets/Clo-Sket/Clo-Sket/T-shirt/3_5.tif,T-shirt,T-shirt__G03,1
1936,/content/drive/MyDrive/FashionAI/datasets/Clo-Sket/Clo-Sket/T-shirt/3_6.tif,/content/drive/MyDrive/FashionAI/datasets/Clo-Sket/Clo-Sket/T-shirt/3_6.tif,T-shirt,T-shirt__G03,1
1937,/content/drive/MyDrive/FashionAI/datasets/Clo-Sket/Clo-Sket/T-shirt/3_7.tif,/content/drive/MyDrive/FashionAI/datasets/Clo-Sket/Clo-Sket/T-shirt/3_7.tif,T-shirt,T-shirt__G03,1
1938,/content/drive/MyDrive/FashionAI/datasets/Clo-Sket/Clo-Sket/T-shirt/3_8.tif,/content/drive/MyDrive/FashionAI/datasets/Clo-Sket/Clo-Sket/T-shirt/3_8.tif,T-shirt,T-shirt__G03,1
1939,/content/drive/MyDrive/FashionAI/datasets/Clo-Sket/Clo-Sket/T-shirt/3_9.tif,/content/drive/MyDrive/FashionAI/datasets/Clo-Sket/Clo-Sket/T-shirt/3_9.tif,T-shirt,T-shirt__G03,1
1940,/content/drive/MyDrive/FashionAI/datasets/Clo-Sket/Clo-Sket/T-shirt/4_1.tif,/content/drive/MyDrive/FashionAI/datasets/Clo-Sket/Clo-Sket/T-shirt/4_1.tif,T-shirt,T-shirt__G04,1
1941,/content/drive/MyDrive/FashionAI/datasets/Clo-Sket/Clo-Sket/T-shirt/4_10.tif,/content/drive/MyDrive/FashionAI/datasets/Clo-Sket/Clo-Sket/T-shirt/4_10.tif,T-shirt,T-shirt__G04,1
1942,/content/drive/MyDrive/FashionAI/datasets/Clo-Sket/Clo-Sket/T-shirt/4_2.tif,/content/drive/MyDrive/FashionAI/datasets/Clo-Sket/Clo-Sket/T-shirt/4_2.tif,T-shirt,T-shirt__G04,1
1943,/content/drive/MyDrive/FashionAI/datasets/Clo-Sket/Clo-Sket/T-shirt/4_3.tif,/content/drive/MyDrive/FashionAI/datasets/Clo-Sket/Clo-Sket/T-shirt/4_3.tif,T-shirt,T-shirt__G04,1
1944,/content/drive/MyDrive/FashionAI/datasets/Clo-Sket/Clo-Sket/T-shirt/4_4.tif,/content/drive/MyDrive/FashionAI/datasets/Clo-Sket/Clo-Sket/T-shirt/4_4.tif,T-shirt,T-shirt__G04,1
1945,/content/drive/MyDrive/FashionAI/datasets/Clo-Sket/Clo-Sket/T-shirt/4_5.tif,/content/drive/MyDrive/FashionAI/datasets/Clo-Sket/Clo-Sket/T-shirt/4_5.tif,T-shirt,T-shirt__G04,1
1946,/content/drive/MyDrive/FashionAI/datasets/Clo-Sket/Clo-Sket/T-shirt/4_6.tif,/content/drive/MyDrive/FashionAI/datasets/Clo-Sket/Clo-Sket/T-shirt/4_6.tif,T-shirt,T-shirt__G04,1
1947,/content/drive/MyDrive/FashionAI/datasets/Clo-Sket/Clo-Sket/T-shirt/4_7.tif,/content/drive/MyDrive/FashionAI/datasets/Clo-Sket/Clo-Sket/T-shirt/4_7.tif,T-shirt,T-shirt__G04,1
1948,/content/drive/MyDrive/FashionAI/datasets/Clo-Sket/Clo-Sket/T-shirt/4_8.tif,/content/drive/MyDrive/FashionAI/datasets/Clo-Sket/Clo-Sket/T-shirt/4_8.tif,T-shirt,T-shirt__G04,1
1949,/content/drive/MyDrive/FashionAI/datasets/Clo-Sket/Clo-Sket/T-shirt/4_9.tif,/content/drive/MyDrive/FashionAI/datasets/Clo-Sket/Clo-Sket/T-shirt/4_9.tif,T-shirt,T-shirt__G04,1
1950,/content/drive/MyDrive/FashionAI/datasets/Clo-Sket/Clo-Sket/T-shirt/5_1.tif,/content/drive/MyDrive/FashionAI/datasets/Clo-Sket/Clo-Sket/T-shirt/5_1.tif,T-shirt,T-shirt__G05,2
1951,/content/drive/MyDrive/FashionAI/datasets/Clo-Sket/Clo-Sket/T-shirt/5_10.tif,/content/drive/MyDrive/FashionAI/datasets/Clo-Sket/Clo-Sket/T-shirt/5_10.tif,T-shirt,T-shirt__G05,2
1952,/content/drive/MyDrive/FashionAI/datasets/Clo-Sket/Clo-Sket/T-shirt/5_2.tif,/content/drive/MyDrive/FashionAI/datasets/Clo-Sket/Clo-Sket/T-shirt/5_2.tif,T-shirt,T-shirt__G05,2
1953,/content/drive/MyDrive/FashionAI/datasets/Clo-Sket/Clo-Sket/T-shirt/5_3.tif,/content/drive/MyDrive/FashionAI/datasets/Clo-Sket/Clo-Sket/T-shirt/5_3.tif,T-shirt,T-shirt__G05,2
1954,/content/drive/MyDrive/FashionAI/datasets/Clo-Sket/Clo-Sket/T-shirt/5_4.tif,/content/drive/MyDrive/FashionAI/datasets/Clo-Sket/Clo-Sket/T-shirt/5_4.tif,T-shirt,T-shirt__G05,2
1955,/content/drive/MyDrive/FashionAI/datasets/Clo-Sket/Clo-Sket/T-shirt/5_5.tif,/content/drive/MyDrive/FashionAI/datasets/Clo-Sket/Clo-Sket/T-shirt/5_5.tif,T-shirt,T-shirt__G05,2
1956,/content/drive/MyDrive/FashionAI/datasets/Clo-Sket/Clo-Sket/T-shirt/5_6.tif,/content/drive/MyDrive/FashionAI/datasets/Clo-Sket/Clo-Sket/T-shirt/5_6.tif,T-shirt,T-shirt__G05,2
1957,/content/drive/MyDrive/FashionAI/datasets/Clo-Sket/Clo-Sket/T-shirt/5_7.tif,/content/drive/MyDrive/FashionAI/datasets/Clo-Sket/Clo-Sket/T-shirt/5_7.tif,T-shirt,T-shirt__G05,2
1958,/content/drive/MyDrive/FashionAI/datasets/Clo-Sket/Clo-Sket/T-shirt/5_8.tif,/content/drive/MyDrive/FashionAI/datasets/Clo-Sket/Clo-Sket/T-shirt/5_8.tif,T-shirt,T-shirt__G05,2
1959,/content/drive/MyDrive/FashionAI/datasets/Clo-Sket/Clo-Sket/T-shirt/5_9.tif,/content/drive/MyDrive/FashionAI/datasets/Clo-Sket/Clo-Sket/T-shirt/5_9.tif,T-shirt,T-shirt__G05,2
1960,/content/drive/MyDrive/FashionAI/datasets/Clo-Sket/Clo-Sket/T-shirt/6_1.tif,/content/drive/MyDrive/FashionAI/datasets/Clo-Sket/Clo-Sket/T-shirt/6_1.tif,T-shirt,T-shirt__G06,2
1961,/content/drive/MyDrive/FashionAI/datasets/Clo-Sket/Clo-Sket/T-shirt/6_10.tif,/content/drive/MyDrive/FashionAI/datasets/Clo-Sket/Clo-Sket/T-shirt/6_10.tif,T-shirt,T-shirt__G06,2
1962,/content/drive/MyDrive/FashionAI/datasets/Clo-Sket/Clo-Sket/T-shirt/6_2.tif,/content/drive/MyDrive/FashionAI/datasets/Clo-Sket/Clo-Sket/T-shirt/6_2.tif,T-shirt,T-shirt__G06,2
1963,/content/drive/MyDrive/FashionAI/datasets/Clo-Sket/Clo-Sket/T-shirt/6_3.tif,/content/drive/MyDrive/FashionAI/datasets/Clo-Sket/Clo-Sket/T-shirt/6_3.tif,T-shirt,T-shirt__G06,2
1964,/content/drive/MyDrive/FashionAI/datasets/Clo-Sket/Clo-Sket/T-shirt/6_4.tif,/content/drive/MyDrive/FashionAI/datasets/Clo-Sket/Clo-Sket/T-shirt/6_4.tif,T-shirt,T-shirt__G06,2
1965,/content/drive/MyDrive/FashionAI/datasets/Clo-Sket/Clo-Sket/T-shirt/6_5.tif,/content/drive/MyDrive/FashionAI/datasets/Clo-Sket/Clo-Sket/T-shirt/6_5.tif,T-shirt,T-shirt__G06,2
1966,/content/drive/MyDrive/FashionAI/datasets/Clo-Sket/Clo-Sket/T-shirt/6_6.tif,/content/drive/MyDrive/FashionAI/datasets/Clo-Sket/Clo-Sket/T-shirt/6_6.tif,T-shirt,T-shirt__G06,2
1967,/content/drive/MyDrive/FashionAI/datasets/Clo-Sket/Clo-Sket/T-shirt/6_7.tif,/content/drive/MyDrive/FashionAI/datasets/Clo-Sket/Clo-Sket/T-shirt/6_7.tif,T-shirt,T-shirt__G06,2
1968,/content/drive/MyDrive/FashionAI/datasets/Clo-Sket/Clo-Sket/T-shirt/6_8.tif,/content/drive/MyDrive/FashionAI/datasets/Clo-Sket/Clo-Sket/T-shirt/6_8.tif,T-shirt,T-shirt__G06,2
1969,/content/drive/MyDrive/FashionAI/datasets/Clo-Sket/Clo-Sket/T-shirt/6_9.tif,/content/drive/MyDrive/FashionAI/datasets/Clo-Sket/Clo-Sket/T-shirt/6_9.tif,T-shirt,T-shirt__G06,2
1970,/content/drive/MyDrive/FashionAI/datasets/Clo-Sket/Clo-Sket/T-shirt/7_1.tif,/content/drive/MyDrive/FashionAI/datasets/Clo-Sket/Clo-Sket/T-shirt/7_1.tif,T-shirt,T-shirt__G07,3
1971,/content/drive/MyDrive/FashionAI/datasets/Clo-Sket/Clo-Sket/T-shirt/7_10.tif,/content/drive/MyDrive/FashionAI/datasets/Clo-Sket/Clo-Sket/T-shirt/7_10.tif,T-shirt,T-shirt__G07,3
1972,/content/drive/MyDrive/FashionAI/datasets/Clo-Sket/Clo-Sket/T-shirt/7_2.tif,/content/drive/MyDrive/FashionAI/datasets/Clo-Sket/Clo-Sket/T-shirt/7_2.tif,T-shirt,T-shirt__G07,3
1973,/content/drive/MyDrive/FashionAI/datasets/Clo-Sket/Clo-Sket/T-shirt/7_3.tif,/content/drive/MyDrive/FashionAI/datasets/Clo-Sket/Clo-Sket/T-shirt/7_3.tif,T-shirt,T-shirt__G07,3
1974,/content/drive/MyDrive/FashionAI/datasets/Clo-Sket/Clo-Sket/T-shirt/7_4.tif,/content/drive/MyDrive/FashionAI/datasets/Clo-Sket/Clo-Sket/T-shirt/7_4.tif,T-shirt,T-shirt__G07,3
1975,/content/drive/MyDrive/FashionAI/datasets/Clo-Sket/Clo-Sket/T-shirt/7_5.tif,/content/drive/MyDrive/FashionAI/datasets/Clo-Sket/Clo-Sket/T-shirt/7_5.tif,T-shirt,T-shirt__G07,3
1976,/content/drive/MyDrive/FashionAI/datasets/Clo-Sket/Clo-Sket/T-shirt/7_6.tif,/content/drive/MyDrive/FashionAI/datasets/Clo-Sket/Clo-Sket/T-shirt/7_6.tif,T-shirt,T-shirt__G07,3
1977,/content/drive/MyDrive/FashionAI/datasets/Clo-Sket/Clo-Sket/T-shirt/7_7.tif,/content/drive/MyDrive/FashionAI/datasets/Clo-Sket/Clo-Sket/T-shirt/7_7.tif,T-shirt,T-shirt__G07,3
1978,/content/drive/MyDrive/FashionAI/datasets/Clo-Sket/Clo-Sket/T-shirt/7_8.tif,/content/drive/MyDrive/FashionAI/datasets/Clo-Sket/Clo-Sket/T-shirt/7_8.tif,T-shirt,T-shirt__G07,3
1979,/content/drive/MyDrive/FashionAI/datasets/Clo-Sket/Clo-Sket/T-shirt/7_9.tif,/content/drive/MyDrive/FashionAI/datasets/Clo-Sket/Clo-Sket/T-shirt/7_9.tif,T-shirt,T-shirt__G07,3
1980,/content/drive/MyDrive/FashionAI/datasets/Clo-Sket/Clo-Sket/T-shirt/8_1.tif,/content/drive/MyDrive/FashionAI/datasets/Clo-Sket/Clo-Sket/T-shirt/8_1.tif,T-shirt,T-shirt__G08,3
1981,/content/drive/MyDrive/FashionAI/datasets/Clo-Sket/Clo-Sket/T-shirt/8_10.tif,/content/drive/MyDrive/FashionAI/datasets/Clo-Sket/Clo-Sket/T-shirt/8_10.tif,T-shirt,T-shirt__G08,3
1982,/content/drive/MyDrive/FashionAI/datasets/Clo-Sket/Clo-Sket/T-shirt/8_2.tif,/content/drive/MyDrive/FashionAI/datasets/Clo-Sket/Clo-Sket/T-shirt/8_2.tif,T-shirt,T-shirt__G08,3
1983,/content/drive/MyDrive/FashionAI/datasets/Clo-Sket/Clo-Sket/T-shirt/8_3.tif,/content/drive/MyDrive/FashionAI/datasets/Clo-Sket/Clo-Sket/T-shirt/8_3.tif,T-shirt,T-shirt__G08,3
1984,/content/drive/MyDrive/FashionAI/datasets/Clo-Sket/Clo-Sket/T-shirt/8_4.tif,/content/drive/MyDrive/FashionAI/datasets/Clo-Sket/Clo-Sket/T-shirt/8_4.tif,T-shirt,T-shirt__G08,3
1985,/content/drive/MyDrive/FashionAI/datasets/Clo-Sket/Clo-Sket/T-shirt/8_5.tif,/content/drive/MyDrive/FashionAI/datasets/Clo-Sket/Clo-Sket/T-shirt/8_5.tif,T-shirt,T-shirt__G08,3
1986,/content/drive/MyDrive/FashionAI/datasets/Clo-Sket/Clo-Sket/T-shirt/8_6.tif,/content/drive/MyDrive/FashionAI/datasets/Clo-Sket/Clo-Sket/T-shirt/8_6.tif,T-shirt,T-shirt__G08,3
1987,/content/drive/MyDrive/FashionAI/datasets/Clo-Sket/Clo-Sket/T-shirt/8_7.tif,/content/drive/MyDrive/FashionAI/datasets/Clo-Sket/Clo-Sket/T-shirt/8_7.tif,T-shirt,T-shirt__G08,3
1988,/content/drive/MyDrive/FashionAI/datasets/Clo-Sket/Clo-Sket/T-shirt/8_8.tif,/content/drive/MyDrive/FashionAI/datasets/Clo-Sket/Clo-Sket/T-shirt/8_8.tif,T-shirt,T-shirt__G08,3
1989,/content/drive/MyDrive/FashionAI/datasets/Clo-Sket/Clo-Sket/T-shirt/8_9.tif,/content/drive/MyDrive/FashionAI/datasets/Clo-Sket/Clo-Sket/T-shirt/8_9.tif,T-shirt,T-shirt__G08,3
1990,/content/drive/MyDrive/FashionAI/datasets/Clo-Sket/Clo-Sket/T-shirt/9_1.tif,/content/drive/MyDrive/FashionAI/datasets/Clo-Sket/Clo-Sket/T-shirt/9_1.tif,T-shirt,T-shirt__G09,4
1991,/content/drive/MyDrive/FashionAI/datasets/Clo-Sket/Clo-Sket/T-shirt/9_10.tif,/content/drive/MyDrive/FashionAI/datasets/Clo-Sket/Clo-Sket/T-shirt/9_10.tif,T-shirt,T-shirt__G09,4
1992,/content/drive/MyDrive/FashionAI/datasets/Clo-Sket/Clo-Sket/T-shirt/9_2.tif,/content/drive/MyDrive/FashionAI/datasets/Clo-Sket/Clo-Sket/T-shirt/9_2.tif,T-shirt,T-shirt__G09,4
1993,/content/drive/MyDrive/FashionAI/datasets/Clo-Sket/Clo-Sket/T-shirt/9_3.tif,/content/drive/MyDrive/FashionAI/datasets/Clo-Sket/Clo-Sket/T-shirt/9_3.tif,T-shirt,T-shirt__G09,4
1994,/content/drive/MyDrive/FashionAI/datasets/Clo-Sket/Clo-Sket/T-shirt/9_4.tif,/content/drive/MyDrive/FashionAI/datasets/Clo-Sket/Clo-Sket/T-shirt/9_4.tif,T-shirt,T-shirt__G09,4
1995,/content/drive/MyDrive/FashionAI/datasets/Clo-Sket/Clo-Sket/T-shirt/9_5.tif,/content/drive/MyDrive/FashionAI/datasets/Clo-Sket/Clo-Sket/T-shirt/9_5.tif,T-shirt,T-shirt__G09,4
1996,/content/drive/MyDrive/FashionAI/datasets/Clo-Sket/Clo-Sket/T-shirt/9_6.tif,/content/drive/MyDrive/FashionAI/datasets/Clo-Sket/Clo-Sket/T-shirt/9_6.tif,T-shirt,T-shirt__G09,4
1997,/content/drive/MyDrive/FashionAI/datasets/Clo-Sket/Clo-Sket/T-shirt/9_7.tif,/content/drive/MyDrive/FashionAI/datasets/Clo-Sket/Clo-Sket/T-shirt/9_7.tif,T-shirt,T-shirt__G09,4
1998,/content/drive/MyDrive/FashionAI/datasets/Clo-Sket/Clo-Sket/T-shirt/9_8.tif,/content/drive/MyDrive/FashionAI/datasets/Clo-Sket/Clo-Sket/T-shirt/9_8.tif,T-shirt,T-shirt__G09,4
1999,/content/drive/MyDrive/FashionAI/datasets/Clo-Sket/Clo-Sket/T-shirt/9_9.tif,/content/drive/MyDrive/FashionAI/datasets/Clo-Sket/Clo-Sket/T-shirt/9_9.tif,T-shirt,T-shirt__G09,4
2000,/content/drive/MyDrive/FashionAI/datasets/Clo-Sket/Clo-Sket/Tunic/10_1.tif,/content/drive/MyDrive/FashionAI/datasets/Clo-Sket/Clo-Sket/Tunic/10_1.tif,Tunic,Tunic__G10,4
2001,/content/drive/MyDrive/FashionAI/datasets/Clo-Sket/Clo-Sket/Tunic/10_10.tif,/content/drive/MyDrive/FashionAI/datasets/Clo-Sket/Clo-Sket/Tunic/10_10.tif,Tunic,Tunic__G10,4
2002,/content/drive/MyDrive/FashionAI/datasets/Clo-Sket/Clo-Sket/Tunic/10_2.tif,/content/drive/MyDrive/FashionAI/datasets/Clo-Sket/Clo-Sket/Tunic/10_2.tif,Tunic,Tunic__G10,4
2003,/content/drive/MyDrive/FashionAI/datasets/Clo-Sket/Clo-Sket/Tunic/10_3.tif,/content/drive/MyDrive/FashionAI/datasets/Clo-Sket/Clo-Sket/Tunic/10_3.tif,Tunic,Tunic__G10,4
2004,/content/drive/MyDrive/FashionAI/datasets/Clo-Sket/Clo-Sket/Tunic/10_4.tif,/content/drive/MyDrive/FashionAI/datasets/Clo-Sket/Clo-Sket/Tunic/10_4.tif,Tunic,Tunic__G10,4
2005,/content/drive/MyDrive/FashionAI/datasets/Clo-Sket/Clo-Sket/Tunic/10_5.tif,/content/drive/MyDrive/FashionAI/datasets/Clo-Sket/Clo-Sket/Tunic/10_5.tif,Tunic,Tunic__G10,4
2006,/content/drive/MyDrive/FashionAI/datasets/Clo-Sket/Clo-Sket/Tunic/10_6.tif,/content/drive/MyDrive/FashionAI/datasets/Clo-Sket/Clo-Sket/Tunic/10_6.tif,Tunic,Tunic__G10,4
2007,/content/drive/MyDrive/FashionAI/datasets/Clo-Sket/Clo-Sket/Tunic/10_7.tif,/content/drive/MyDrive/FashionAI/datasets/Clo-Sket/Clo-Sket/Tunic/10_7.tif,Tunic,Tunic__G10,4
2008,/content/drive/MyDrive/FashionAI/datasets/Clo-Sket/Clo-Sket/Tunic/10_8.tif,/content/drive/MyDrive/FashionAI/datasets/Clo-Sket/Clo-Sket/Tunic/10_8.tif,Tunic,Tunic__G10,4
2009,/content/drive/MyDrive/FashionAI/datasets/Clo-Sket/Clo-Sket/Tunic/10_9.tif,/content/drive/MyDrive/FashionAI/datasets/Clo-Sket/Clo-Sket/Tunic/10_9.tif,Tunic,Tunic__G10,4
2010,/content/drive/MyDrive/FashionAI/datasets/Clo-Sket/Clo-Sket/Tunic/1_1.tif,/content/drive/MyDrive/FashionAI/datasets/Clo-Sket/Clo-Sket/Tunic/1_1.tif,Tunic,Tunic__G01,0
2011,/content/drive/MyDrive/FashionAI/datasets/Clo-Sket/Clo-Sket/Tunic/1_10.tif,/content/drive/MyDrive/FashionAI/datasets/Clo-Sket/Clo-Sket/Tunic/1_10.tif,Tunic,Tunic__G01,0
2012,/content/drive/MyDrive/FashionAI/datasets/Clo-Sket/Clo-Sket/Tunic/1_2.tif,/content/drive/MyDrive/FashionAI/datasets/Clo-Sket/Clo-Sket/Tunic/1_2.tif,Tunic,Tunic__G01,0
2013,/content/drive/MyDrive/FashionAI/datasets/Clo-Sket/Clo-Sket/Tunic/1_3.tif,/content/drive/MyDrive/FashionAI/datasets/Clo-Sket/Clo-Sket/Tunic/1_3.tif,Tunic,Tunic__G01,0
2014,/content/drive/MyDrive/FashionAI/datasets/Clo-Sket/Clo-Sket/Tunic/1_4.tif,/content/drive/MyDrive/FashionAI/datasets/Clo-Sket/Clo-Sket/Tunic/1_4.tif,Tunic,Tunic__G01,0
2015,/content/drive/MyDrive/FashionAI/datasets/Clo-Sket/Clo-Sket/Tunic/1_5.tif,/content/drive/MyDrive/FashionAI/datasets/Clo-Sket/Clo-Sket/Tunic/1_5.tif,Tunic,Tunic__G01,0
2016,/content/drive/MyDrive/FashionAI/datasets/Clo-Sket/Clo-Sket/Tunic/1_6.tif,/content/drive/MyDrive/FashionAI/datasets/Clo-Sket/Clo-Sket/Tunic/1_6.tif,Tunic,Tunic__G01,0
2017,/content/drive/MyDrive/FashionAI/datasets/Clo-Sket/Clo-Sket/Tunic/1_7.tif,/content/drive/MyDrive/FashionAI/datasets/Clo-Sket/Clo-Sket/Tunic/1_7.tif,Tunic,Tunic__G01,0
2018,/content/drive/MyDrive/FashionAI/datasets/Clo-Sket/Clo-Sket/Tunic/1_8.tif,/content/drive/MyDrive/FashionAI/datasets/Clo-Sket/Clo-Sket/Tunic/1_8.tif,Tunic,Tunic__G01,0
2019,/content/drive/MyDrive/FashionAI/datasets/Clo-Sket/Clo-Sket/Tunic/1_9.tif,/content/drive/MyDrive/FashionAI/datasets/Clo-Sket/Clo-Sket/Tunic/1_9.tif,Tunic,Tunic__G01,0
2020,/content/drive/MyDrive/FashionAI/datasets/Clo-Sket/Clo-Sket/Tunic/2_1.tif,/content/drive/MyDrive/FashionAI/datasets/Clo-Sket/Clo-Sket/Tunic/2_1.tif,Tunic,Tunic__G02,0
2021,/content/drive/MyDrive/FashionAI/datasets/Clo-Sket/Clo-Sket/Tunic/2_10.tif,/content/drive/MyDrive/FashionAI/datasets/Clo-Sket/Clo-Sket/Tunic/2_10.tif,Tunic,Tunic__G02,0
2022,/content/drive/MyDrive/FashionAI/datasets/Clo-Sket/Clo-Sket/Tunic/2_2.tif,/content/drive/MyDrive/FashionAI/datasets/Clo-Sket/Clo-Sket/Tunic/2_2.tif,Tunic,Tunic__G02,0
2023,/content/drive/MyDrive/FashionAI/datasets/Clo-Sket/Clo-Sket/Tunic/2_3.tif,/content/drive/MyDrive/FashionAI/datasets/Clo-Sket/Clo-Sket/Tunic/2_3.tif,Tunic,Tunic__G02,0
2024,/content/drive/MyDrive/FashionAI/datasets/Clo-Sket/Clo-Sket/Tunic/2_4.tif,/content/drive/MyDrive/FashionAI/datasets/Clo-Sket/Clo-Sket/Tunic/2_4.tif,Tunic,Tunic__G02,0
2025,/content/drive/MyDrive/FashionAI/datasets/Clo-Sket/Clo-Sket/Tunic/2_5.tif,/content/drive/MyDrive/FashionAI/datasets/Clo-Sket/Clo-Sket/Tunic/2_5.tif,Tunic,Tunic__G02,0
2026,/content/drive/MyDrive/FashionAI/datasets/Clo-Sket/Clo-Sket/Tunic/2_6.tif,/content/drive/MyDrive/FashionAI/datasets/Clo-Sket/Clo-Sket/Tunic/2_6.tif,Tunic,Tunic__G02,0
2027,/content/drive/MyDrive/FashionAI/datasets/Clo-Sket/Clo-Sket/Tunic/2_7.tif,/content/drive/MyDrive/FashionAI/datasets/Clo-Sket/Clo-Sket/Tunic/2_7.tif,Tunic,Tunic__G02,0
2028,/content/drive/MyDrive/FashionAI/datasets/Clo-Sket/Clo-Sket/Tunic/2_8.tif,/content/drive/MyDrive/FashionAI/datasets/Clo-Sket/Clo-Sket/Tunic/2_8.tif,Tunic,Tunic__G02,0
2029,/content/drive/MyDrive/FashionAI/datasets/Clo-Sket/Clo-Sket/Tunic/2_9.tif,/content/drive/MyDrive/FashionAI/datasets/Clo-Sket/Clo-Sket/Tunic/2_9.tif,Tunic,Tunic__G02,0
2030,/content/drive/MyDrive/FashionAI/datasets/Clo-Sket/Clo-Sket/Tunic/3_1.tif,/content/drive/MyDrive/FashionAI/datasets/Clo-Sket/Clo-Sket/Tunic/3_1.tif,Tunic,Tunic__G03,1
2031,/content/drive/MyDrive/FashionAI/datasets/Clo-Sket/Clo-Sket/Tunic/3_10.tif,/content/drive/MyDrive/FashionAI/datasets/Clo-Sket/Clo-Sket/Tunic/3_10.tif,Tunic,Tunic__G03,1
2032,/content/drive/MyDrive/FashionAI/datasets/Clo-Sket/Clo-Sket/Tunic/3_2.tif,/content/drive/MyDrive/FashionAI/datasets/Clo-Sket/Clo-Sket/Tunic/3_2.tif,Tunic,Tunic__G03,1
2033,/content/drive/MyDrive/FashionAI/datasets/Clo-Sket/Clo-Sket/Tunic/3_3.tif,/content/drive/MyDrive/FashionAI/datasets/Clo-Sket/Clo-Sket/Tunic/3_3.tif,Tunic,Tunic__G03,1
2034,/content/drive/MyDrive/FashionAI/datasets/Clo-Sket/Clo-Sket/Tunic/3_4.tif,/content/drive/MyDrive/FashionAI/datasets/Clo-Sket/Clo-Sket/Tunic/3_4.tif,Tunic,Tunic__G03,1
2035,/content/drive/MyDrive/FashionAI/datasets/Clo-Sket/Clo-Sket/Tunic/3_5.tif,/content/drive/MyDrive/FashionAI/datasets/Clo-Sket/Clo-Sket/Tunic/3_5.tif,Tunic,Tunic__G03,1
2036,/content/drive/MyDrive/FashionAI/datasets/Clo-Sket/Clo-Sket/Tunic/3_6.tif,/content/drive/MyDrive/FashionAI/datasets/Clo-Sket/Clo-Sket/Tunic/3_6.tif,Tunic,Tunic__G03,1
2037,/content/drive/MyDrive/FashionAI/datasets/Clo-Sket/Clo-Sket/Tunic/3_7.tif,/content/drive/MyDrive/FashionAI/datasets/Clo-Sket/Clo-Sket/Tunic/3_7.tif,Tunic,Tunic__G03,1
2038,/content/drive/MyDrive/FashionAI/datasets/Clo-Sket/Clo-Sket/Tunic/3_8.tif,/content/drive/MyDrive/FashionAI/datasets/Clo-Sket/Clo-Sket/Tunic/3_8.tif,Tunic,Tunic__G03,1
2039,/content/drive/MyDrive/FashionAI/datasets/Clo-Sket/Clo-Sket/Tunic/3_9.tif,/content/drive/MyDrive/FashionAI/datasets/Clo-Sket/Clo-Sket/Tunic/3_9.tif,Tunic,Tunic__G03,1
2040,/content/drive/MyDrive/FashionAI/datasets/Clo-Sket/Clo-Sket/Tunic/4_1.tif,/content/drive/MyDrive/FashionAI/datasets/Clo-Sket/Clo-Sket/Tunic/4_1.tif,Tunic,Tunic__G04,1
2041,/content/drive/MyDrive/FashionAI/datasets/Clo-Sket/Clo-Sket/Tunic/4_10.tif,/content/drive/MyDrive/FashionAI/datasets/Clo-Sket/Clo-Sket/Tunic/4_10.tif,Tunic,Tunic__G04,1
2042,/content/drive/MyDrive/FashionAI/datasets/Clo-Sket/Clo-Sket/Tunic/4_2.tif,/content/drive/MyDrive/FashionAI/datasets/Clo-Sket/Clo-Sket/Tunic/4_2.tif,Tunic,Tunic__G04,1
2043,/content/drive/MyDrive/FashionAI/datasets/Clo-Sket/Clo-Sket/Tunic/4_3.tif,/content/drive/MyDrive/FashionAI/datasets/Clo-Sket/Clo-Sket/Tunic/4_3.tif,Tunic,Tunic__G04,1
2044,/content/drive/MyDrive/FashionAI/datasets/Clo-Sket/Clo-Sket/Tunic/4_4.tif,/content/drive/MyDrive/FashionAI/datasets/Clo-Sket/Clo-Sket/Tunic/4_4.tif,Tunic,Tunic__G04,1
2045,/content/drive/MyDrive/FashionAI/datasets/Clo-Sket/Clo-Sket/Tunic/4_5.tif,/content/drive/MyDrive/FashionAI/datasets/Clo-Sket/Clo-Sket/Tunic/4_5.tif,Tunic,Tunic__G04,1
2046,/content/drive/MyDrive/FashionAI/datasets/Clo-Sket/Clo-Sket/Tunic/4_6.tif,/content/drive/MyDrive/FashionAI/datasets/Clo-Sket/Clo-Sket/Tunic/4_6.tif,Tunic,Tunic__G04,1
2047,/content/drive/MyDrive/FashionAI/datasets/Clo-Sket/Clo-Sket/Tunic/4_7.tif,/content/drive/MyDrive/FashionAI/datasets/Clo-Sket/Clo-Sket/Tunic/4_7.tif,Tunic,Tunic__G04,1
2048,/content/drive/MyDrive/FashionAI/datasets/Clo-Sket/Clo-Sket/Tunic/4_8.tif,/content/drive/MyDrive/FashionAI/datasets/Clo-Sket/Clo-Sket/Tunic/4_8.tif,Tunic,Tunic__G04,1
2049,/content/drive/MyDrive/FashionAI/datasets/Clo-Sket/Clo-Sket/Tunic/4_9.tif,/content/drive/MyDrive/FashionAI/datasets/Clo-Sket/Clo-Sket/Tunic/4_9.tif,Tunic,Tunic__G04,1
2050,/content/drive/MyDrive/FashionAI/datasets/Clo-Sket/Clo-Sket/Tunic/5_1.tif,/content/drive/MyDrive/FashionAI/datasets/Clo-Sket/Clo-Sket/Tunic/5_1.tif,Tunic,Tunic__G05,2
2051,/content/drive/MyDrive/FashionAI/datasets/Clo-Sket/Clo-Sket/Tunic/5_10.tif,/content/drive/MyDrive/FashionAI/datasets/Clo-Sket/Clo-Sket/Tunic/5_10.tif,Tunic,Tunic__G05,2
2052,/content/drive/MyDrive/FashionAI/datasets/Clo-Sket/Clo-Sket/Tunic/5_2.tif,/content/drive/MyDrive/FashionAI/datasets/Clo-Sket/Clo-Sket/Tunic/5_2.tif,Tunic,Tunic__G05,2
2053,/content/drive/MyDrive/FashionAI/datasets/Clo-Sket/Clo-Sket/Tunic/5_3.tif,/content/drive/MyDrive/FashionAI/datasets/Clo-Sket/Clo-Sket/Tunic/5_3.tif,Tunic,Tunic__G05,2
2054,/content/drive/MyDrive/FashionAI/datasets/Clo-Sket/Clo-Sket/Tunic/5_4.tif,/content/drive/MyDrive/FashionAI/datasets/Clo-Sket/Clo-Sket/Tunic/5_4.tif,Tunic,Tunic__G05,2
2055,/content/drive/MyDrive/FashionAI/datasets/Clo-Sket/Clo-Sket/Tunic/5_5.tif,/content/drive/MyDrive/FashionAI/datasets/Clo-Sket/Clo-Sket/Tunic/5_5.tif,Tunic,Tunic__G05,2
2056,/content/drive/MyDrive/FashionAI/datasets/Clo-Sket/Clo-Sket/Tunic/5_6.tif,/content/drive/MyDrive/FashionAI/datasets/Clo-Sket/Clo-Sket/Tunic/5_6.tif,Tunic,Tunic__G05,2
2057,/content/drive/MyDrive/FashionAI/datasets/Clo-Sket/Clo-Sket/Tunic/5_7.tif,/content/drive/MyDrive/FashionAI/datasets/Clo-Sket/Clo-Sket/Tunic/5_7.tif,Tunic,Tunic__G05,2
2058,/content/drive/MyDrive/FashionAI/datasets/Clo-Sket/Clo-Sket/Tunic/5_8.tif,/content/drive/MyDrive/FashionAI/datasets/Clo-Sket/Clo-Sket/Tunic/5_8.tif,Tunic,Tunic__G05,2
2059,/content/drive/MyDrive/FashionAI/datasets/Clo-Sket/Clo-Sket/Tunic/5_9.tif,/content/drive/MyDrive/FashionAI/datasets/Clo-Sket/Clo-Sket/Tunic/5_9.tif,Tunic,Tunic__G05,2
2060,/content/drive/MyDrive/FashionAI/datasets/Clo-Sket/Clo-Sket/Tunic/6_1.tif,/content/drive/MyDrive/FashionAI/datasets/Clo-Sket/Clo-Sket/Tunic/6_1.tif,Tunic,Tunic__G06,2
2061,/content/drive/MyDrive/FashionAI/datasets/Clo-Sket/Clo-Sket/Tunic/6_10.tif,/content/drive/MyDrive/FashionAI/datasets/Clo-Sket/Clo-Sket/Tunic/6_10.tif,Tunic,Tunic__G06,2
2062,/content/drive/MyDrive/FashionAI/datasets/Clo-Sket/Clo-Sket/Tunic/6_2.tif,/content/drive/MyDrive/FashionAI/datasets/Clo-Sket/Clo-Sket/Tunic/6_2.tif,Tunic,Tunic__G06,2
2063,/content/drive/MyDrive/FashionAI/datasets/Clo-Sket/Clo-Sket/Tunic/6_3.tif,/content/drive/MyDrive/FashionAI/datasets/Clo-Sket/Clo-Sket/Tunic/6_3.tif,Tunic,Tunic__G06,2
2064,/content/drive/MyDrive/FashionAI/datasets/Clo-Sket/Clo-Sket/Tunic/6_4.tif,/content/drive/MyDrive/FashionAI/datasets/Clo-Sket/Clo-Sket/Tunic/6_4.tif,Tunic,Tunic__G06,2
2065,/content/drive/MyDrive/FashionAI/datasets/Clo-Sket/Clo-Sket/Tunic/6_5.tif,/content/drive/MyDrive/FashionAI/datasets/Clo-Sket/Clo-Sket/Tunic/6_5.tif,Tunic,Tunic__G06,2
2066,/content/drive/MyDrive/FashionAI/datasets/Clo-Sket/Clo-Sket/Tunic/6_6.tif,/content/drive/MyDrive/FashionAI/datasets/Clo-Sket/Clo-Sket/Tunic/6_6.tif,Tunic,Tunic__G06,2
2067,/content/drive/MyDrive/FashionAI/datasets/Clo-Sket/Clo-Sket/Tunic/6_7.tif,/content/drive/MyDrive/FashionAI/datasets/Clo-Sket/Clo-Sket/Tunic/6_7.tif,Tunic,Tunic__G06,2
2068,/content/drive/MyDrive/FashionAI/datasets/Clo-Sket/Clo-Sket/Tunic/6_8.tif,/content/drive/MyDrive/FashionAI/datasets/Clo-Sket/Clo-Sket/Tunic/6_8.tif,Tunic,Tunic__G06,2
2069,/content/drive/MyDrive/FashionAI/datasets/Clo-Sket/Clo-Sket/Tunic/6_9.tif,/content/drive/MyDrive/FashionAI/datasets/Clo-Sket/Clo-Sket/Tunic/6_9.tif,Tunic,Tunic__G06,2
2070,/content/drive/MyDrive/FashionAI/datasets/Clo-Sket/Clo-Sket/Tunic/7_1.tif,/content/drive/MyDrive/FashionAI/datasets/Clo-Sket/Clo-Sket/Tunic/7_1.tif,Tunic,Tunic__G07,3
2071,/content/drive/MyDrive/FashionAI/datasets/Clo-Sket/Clo-Sket/Tunic/7_10.tif,/content/drive/MyDrive/FashionAI/datasets/Clo-Sket/Clo-Sket/Tunic/7_10.tif,Tunic,Tunic__G07,3
2072,/content/drive/MyDrive/FashionAI/datasets/Clo-Sket/Clo-Sket/Tunic/7_2.tif,/content/drive/MyDrive/FashionAI/datasets/Clo-Sket/Clo-Sket/Tunic/7_2.tif,Tunic,Tunic__G07,3
2073,/content/drive/MyDrive/FashionAI/datasets/Clo-Sket/Clo-Sket/Tunic/7_3.tif,/content/drive/MyDrive/FashionAI/datasets/Clo-Sket/Clo-Sket/Tunic/7_3.tif,Tunic,Tunic__G07,3
2074,/content/drive/MyDrive/FashionAI/datasets/Clo-Sket/Clo-Sket/Tunic/7_4.tif,/content/drive/MyDrive/FashionAI/datasets/Clo-Sket/Clo-Sket/Tunic/7_4.tif,Tunic,Tunic__G07,3
2075,/content/drive/MyDrive/FashionAI/datasets/Clo-Sket/Clo-Sket/Tunic/7_5.tif,/content/drive/MyDrive/FashionAI/datasets/Clo-Sket/Clo-Sket/Tunic/7_5.tif,Tunic,Tunic__G07,3
2076,/content/drive/MyDrive/FashionAI/datasets/Clo-Sket/Clo-Sket/Tunic/7_6.tif,/content/drive/MyDrive/FashionAI/datasets/Clo-Sket/Clo-Sket/Tunic/7_6.tif,Tunic,Tunic__G07,3
2077,/content/drive/MyDrive/FashionAI/datasets/Clo-Sket/Clo-Sket/Tunic/7_7.tif,/content/drive/MyDrive/FashionAI/datasets/Clo-Sket/Clo-Sket/Tunic/7_7.tif,Tunic,Tunic__G07,3
2078,/content/drive/MyDrive/FashionAI/datasets/Clo-Sket/Clo-Sket/Tunic/7_8.tif,/content/drive/MyDrive/FashionAI/datasets/Clo-Sket/Clo-Sket/Tunic/7_8.tif,Tunic,Tunic__G07,3
2079,/content/drive/MyDrive/FashionAI/datasets/Clo-Sket/Clo-Sket/Tunic/7_9.tif,/content/drive/MyDrive/FashionAI/datasets/Clo-Sket/Clo-Sket/Tunic/7_9.tif,Tunic,Tunic__G07,3
2080,/content/drive/MyDrive/FashionAI/datasets/Clo-Sket/Clo-Sket/Tunic/8_1.tif,/content/drive/MyDrive/FashionAI/datasets/Clo-Sket/Clo-Sket/Tunic/8_1.tif,Tunic,Tunic__G08,3
2081,/content/drive/MyDrive/FashionAI/datasets/Clo-Sket/Clo-Sket/Tunic/8_10.tif,/content/drive/MyDrive/FashionAI/datasets/Clo-Sket/Clo-Sket/Tunic/8_10.tif,Tunic,Tunic__G08,3
2082,/content/drive/MyDrive/FashionAI/datasets/Clo-Sket/Clo-Sket/Tunic/8_2.tif,/content/drive/MyDrive/FashionAI/datasets/Clo-Sket/Clo-Sket/Tunic/8_2.tif,Tunic,Tunic__G08,3
2083,/content/drive/MyDrive/FashionAI/datasets/Clo-Sket/Clo-Sket/Tunic/8_3.tif,/content/drive/MyDrive/FashionAI/datasets/Clo-Sket/Clo-Sket/Tunic/8_3.tif,Tunic,Tunic__G08,3
2084,/content/drive/MyDrive/FashionAI/datasets/Clo-Sket/Clo-Sket/Tunic/8_4.tif,/content/drive/MyDrive/FashionAI/datasets/Clo-Sket/Clo-Sket/Tunic/8_4.tif,Tunic,Tunic__G08,3
2085,/content/drive/MyDrive/FashionAI/datasets/Clo-Sket/Clo-Sket/Tunic/8_5.tif,/content/drive/MyDrive/FashionAI/datasets/Clo-Sket/Clo-Sket/Tunic/8_5.tif,Tunic,Tunic__G08,3
2086,/content/drive/MyDrive/FashionAI/datasets/Clo-Sket/Clo-Sket/Tunic/8_6.tif,/content/drive/MyDrive/FashionAI/datasets/Clo-Sket/Clo-Sket/Tunic/8_6.tif,Tunic,Tunic__G08,3
2087,/content/drive/MyDrive/FashionAI/datasets/Clo-Sket/Clo-Sket/Tunic/8_7.tif,/content/drive/MyDrive/FashionAI/datasets/Clo-Sket/Clo-Sket/Tunic/8_7.tif,Tunic,Tunic__G08,3
2088,/content/drive/MyDrive/FashionAI/datasets/Clo-Sket/Clo-Sket/Tunic/8_8.tif,/content/drive/MyDrive/FashionAI/datasets/Clo-Sket/Clo-Sket/Tunic/8_8.tif,Tunic,Tunic__G08,3
2089,/content/drive/MyDrive/FashionAI/datasets/Clo-Sket/Clo-Sket/Tunic/8_9.tif,/content/drive/MyDrive/FashionAI/datasets/Clo-Sket/Clo-Sket/Tunic/8_9.tif,Tunic,Tunic__G08,3
2090,/content/drive/MyDrive/FashionAI/datasets/Clo-Sket/Clo-Sket/Tunic/9_1.tif,/content/drive/MyDrive/FashionAI/datasets/Clo-Sket/Clo-Sket/Tunic/9_1.tif,Tunic,Tunic__G09,4
2091,/content/drive/MyDrive/FashionAI/datasets/Clo-Sket/Clo-Sket/Tunic/9_10.tif,/content/drive/MyDrive/FashionAI/datasets/Clo-Sket/Clo-Sket/Tunic/9_10.tif,Tunic,Tunic__G09,4
2092,/content/drive/MyDrive/FashionAI/datasets/Clo-Sket/Clo-Sket/Tunic/9_2.tif,/content/drive/MyDrive/FashionAI/datasets/Clo-Sket/Clo-Sket/Tunic/9_2.tif,Tunic,Tunic__G09,4
2093,/content/drive/MyDrive/FashionAI/datasets/Clo-Sket/Clo-Sket/Tunic/9_3.tif,/content/drive/MyDrive/FashionAI/datasets/Clo-Sket/Clo-Sket/Tunic/9_3.tif,Tunic,Tunic__G09,4
2094,/content/drive/MyDrive/FashionAI/datasets/Clo-Sket/Clo-Sket/Tunic/9_4.tif,/content/drive/MyDrive/FashionAI/datasets/Clo-Sket/Clo-Sket/Tunic/9_4.tif,Tunic,Tunic__G09,4
2095,/content/drive/MyDrive/FashionAI/datasets/Clo-Sket/Clo-Sket/Tunic/9_5.tif,/content/drive/MyDrive/FashionAI/datasets/Clo-Sket/Clo-Sket/Tunic/9_5.tif,Tunic,Tunic__G09,4
2096,/content/drive/MyDrive/FashionAI/datasets/Clo-Sket/Clo-Sket/Tunic/9_6.tif,/content/drive/MyDrive/FashionAI/datasets/Clo-Sket/Clo-Sket/Tunic/9_6.tif,Tunic,Tunic__G09,4
2097,/content/drive/MyDrive/FashionAI/datasets/Clo-Sket/Clo-Sket/Tunic/9_7.tif,/content/drive/MyDrive/FashionAI/datasets/Clo-Sket/Clo-Sket/Tunic/9_7.tif,Tunic,Tunic__G09,4
2098,/content/drive/MyDrive/FashionAI/datasets/Clo-Sket/Clo-Sket/Tunic/9_8.tif,/content/drive/MyDrive/FashionAI/datasets/Clo-Sket/Clo-Sket/Tunic/9_8.tif,Tunic,Tunic__G09,4
2099,/content/drive/MyDrive/FashionAI/datasets/Clo-Sket/Clo-Sket/Tunic/9_9.tif,/content/drive/MyDrive/FashionAI/datasets/Clo-Sket/Clo-Sket/Tunic/9_9.tif,Tunic,Tunic__G09,4
2100,/content/drive/MyDrive/FashionAI/datasets/Clo-Sket/Clo-Sket/Vest/10_1.tif,/content/drive/MyDrive/FashionAI/datasets/Clo-Sket/Clo-Sket/Vest/10_1.tif,Vest,Vest__G10,4
2101,/content/drive/MyDrive/FashionAI/datasets/Clo-Sket/Clo-Sket/Vest/10_10.tif,/content/drive/MyDrive/FashionAI/datasets/Clo-Sket/Clo-Sket/Vest/10_10.tif,Vest,Vest__G10,4
2102,/content/drive/MyDrive/FashionAI/datasets/Clo-Sket/Clo-Sket/Vest/10_2.tif,/content/drive/MyDrive/FashionAI/datasets/Clo-Sket/Clo-Sket/Vest/10_2.tif,Vest,Vest__G10,4
2103,/content/drive/MyDrive/FashionAI/datasets/Clo-Sket/Clo-Sket/Vest/10_3.tif,/content/drive/MyDrive/FashionAI/datasets/Clo-Sket/Clo-Sket/Vest/10_3.tif,Vest,Vest__G10,4
2104,/content/drive/MyDrive/FashionAI/datasets/Clo-Sket/Clo-Sket/Vest/10_4.tif,/content/drive/MyDrive/FashionAI/datasets/Clo-Sket/Clo-Sket/Vest/10_4.tif,Vest,Vest__G10,4
2105,/content/drive/MyDrive/FashionAI/datasets/Clo-Sket/Clo-Sket/Vest/10_5.tif,/content/drive/MyDrive/FashionAI/datasets/Clo-Sket/Clo-Sket/Vest/10_5.tif,Vest,Vest__G10,4
2106,/content/drive/MyDrive/FashionAI/datasets/Clo-Sket/Clo-Sket/Vest/10_6.tif,/content/drive/MyDrive/FashionAI/datasets/Clo-Sket/Clo-Sket/Vest/10_6.tif,Vest,Vest__G10,4
2107,/content/drive/MyDrive/FashionAI/datasets/Clo-Sket/Clo-Sket/Vest/10_7.tif,/content/drive/MyDrive/FashionAI/datasets/Clo-Sket/Clo-Sket/Vest/10_7.tif,Vest,Vest__G10,4
2108,/content/drive/MyDrive/FashionAI/datasets/Clo-Sket/Clo-Sket/Vest/10_8.tif,/content/drive/MyDrive/FashionAI/datasets/Clo-Sket/Clo-Sket/Vest/10_8.tif,Vest,Vest__G10,4
2109,/content/drive/MyDrive/FashionAI/datasets/Clo-Sket/Clo-Sket/Vest/10_9.tif,/content/drive/MyDrive/FashionAI/datasets/Clo-Sket/Clo-Sket/Vest/10_9.tif,Vest,Vest__G10,4
2110,/content/drive/MyDrive/FashionAI/datasets/Clo-Sket/Clo-Sket/Vest/1_1.tif,/content/drive/MyDrive/FashionAI/datasets/Clo-Sket/Clo-Sket/Vest/1_1.tif,Vest,Vest__G01,0
2111,/content/drive/MyDrive/FashionAI/datasets/Clo-Sket/Clo-Sket/Vest/1_10.tif,/content/drive/MyDrive/FashionAI/datasets/Clo-Sket/Clo-Sket/Vest/1_10.tif,Vest,Vest__G01,0
2112,/content/drive/MyDrive/FashionAI/datasets/Clo-Sket/Clo-Sket/Vest/1_2.tif,/content/drive/MyDrive/FashionAI/datasets/Clo-Sket/Clo-Sket/Vest/1_2.tif,Vest,Vest__G01,0
2113,/content/drive/MyDrive/FashionAI/datasets/Clo-Sket/Clo-Sket/Vest/1_3.tif,/content/drive/MyDrive/FashionAI/datasets/Clo-Sket/Clo-Sket/Vest/1_3.tif,Vest,Vest__G01,0
2114,/content/drive/MyDrive/FashionAI/datasets/Clo-Sket/Clo-Sket/Vest/1_4.tif,/content/drive/MyDrive/FashionAI/datasets/Clo-Sket/Clo-Sket/Vest/1_4.tif,Vest,Vest__G01,0
2115,/content/drive/MyDrive/FashionAI/datasets/Clo-Sket/Clo-Sket/Vest/1_5.tif,/content/drive/MyDrive/FashionAI/datasets/Clo-Sket/Clo-Sket/Vest/1_5.tif,Vest,Vest__G01,0
2116,/content/drive/MyDrive/FashionAI/datasets/Clo-Sket/Clo-Sket/Vest/1_6.tif,/content/drive/MyDrive/FashionAI/datasets/Clo-Sket/Clo-Sket/Vest/1_6.tif,Vest,Vest__G01,0
2117,/content/drive/MyDrive/FashionAI/datasets/Clo-Sket/Clo-Sket/Vest/1_7.tif,/content/drive/MyDrive/FashionAI/datasets/Clo-Sket/Clo-Sket/Vest/1_7.tif,Vest,Vest__G01,0
2118,/content/drive/MyDrive/FashionAI/datasets/Clo-Sket/Clo-Sket/Vest/1_8.tif,/content/drive/MyDrive/FashionAI/datasets/Clo-Sket/Clo-Sket/Vest/1_8.tif,Vest,Vest__G01,0
2119,/content/drive/MyDrive/FashionAI/datasets/Clo-Sket/Clo-Sket/Vest/1_9.tif,/content/drive/MyDrive/FashionAI/datasets/Clo-Sket/Clo-Sket/Vest/1_9.tif,Vest,Vest__G01,0
2120,/content/drive/MyDrive/FashionAI/datasets/Clo-Sket/Clo-Sket/Vest/2_1.tif,/content/drive/MyDrive/FashionAI/datasets/Clo-Sket/Clo-Sket/Vest/2_1.tif,Vest,Vest__G02,0
2121,/content/drive/MyDrive/FashionAI/datasets/Clo-Sket/Clo-Sket/Vest/2_10.tif,/content/drive/MyDrive/FashionAI/datasets/Clo-Sket/Clo-Sket/Vest/2_10.tif,Vest,Vest__G02,0
2122,/content/drive/MyDrive/FashionAI/datasets/Clo-Sket/Clo-Sket/Vest/2_2.tif,/content/drive/MyDrive/FashionAI/datasets/Clo-Sket/Clo-Sket/Vest/2_2.tif,Vest,Vest__G02,0
2123,/content/drive/MyDrive/FashionAI/datasets/Clo-Sket/Clo-Sket/Vest/2_3.tif,/content/drive/MyDrive/FashionAI/datasets/Clo-Sket/Clo-Sket/Vest/2_3.tif,Vest,Vest__G02,0
2124,/content/drive/MyDrive/FashionAI/datasets/Clo-Sket/Clo-Sket/Vest/2_4.tif,/content/drive/MyDrive/FashionAI/datasets/Clo-Sket/Clo-Sket/Vest/2_4.tif,Vest,Vest__G02,0
2125,/content/drive/MyDrive/FashionAI/datasets/Clo-Sket/Clo-Sket/Vest/2_5.tif,/content/drive/MyDrive/FashionAI/datasets/Clo-Sket/Clo-Sket/Vest/2_5.tif,Vest,Vest__G02,0
2126,/content/drive/MyDrive/FashionAI/datasets/Clo-Sket/Clo-Sket/Vest/2_6.tif,/content/drive/MyDrive/FashionAI/datasets/Clo-Sket/Clo-Sket/Vest/2_6.tif,Vest,Vest__G02,0
2127,/content/drive/MyDrive/FashionAI/datasets/Clo-Sket/Clo-Sket/Vest/2_7.tif,/content/drive/MyDrive/FashionAI/datasets/Clo-Sket/Clo-Sket/Vest/2_7.tif,Vest,Vest__G02,0
2128,/content/drive/MyDrive/FashionAI/datasets/Clo-Sket/Clo-Sket/Vest/2_8.tif,/content/drive/MyDrive/FashionAI/datasets/Clo-Sket/Clo-Sket/Vest/2_8.tif,Vest,Vest__G02,0
2129,/content/drive/MyDrive/FashionAI/datasets/Clo-Sket/Clo-Sket/Vest/2_9.tif,/content/drive/MyDrive/FashionAI/datasets/Clo-Sket/Clo-Sket/Vest/2_9.tif,Vest,Vest__G02,0
2130,/content/drive/MyDrive/FashionAI/datasets/Clo-Sket/Clo-Sket/Vest/3_1.tif,/content/drive/MyDrive/FashionAI/datasets/Clo-Sket/Clo-Sket/Vest/3_1.tif,Vest,Vest__G03,1
2131,/content/drive/MyDrive/FashionAI/datasets/Clo-Sket/Clo-Sket/Vest/3_10.tif,/content/drive/MyDrive/FashionAI/datasets/Clo-Sket/Clo-Sket/Vest/3_10.tif,Vest,Vest__G03,1
2132,/content/drive/MyDrive/FashionAI/datasets/Clo-Sket/Clo-Sket/Vest/3_2.tif,/content/drive/MyDrive/FashionAI/datasets/Clo-Sket/Clo-Sket/Vest/3_2.tif,Vest,Vest__G03,1
2133,/content/drive/MyDrive/FashionAI/datasets/Clo-Sket/Clo-Sket/Vest/3_3.tif,/content/drive/MyDrive/FashionAI/datasets/Clo-Sket/Clo-Sket/Vest/3_3.tif,Vest,Vest__G03,1
2134,/content/drive/MyDrive/FashionAI/datasets/Clo-Sket/Clo-Sket/Vest/3_4.tif,/content/drive/MyDrive/FashionAI/datasets/Clo-Sket/Clo-Sket/Vest/3_4.tif,Vest,Vest__G03,1
2135,/content/drive/MyDrive/FashionAI/datasets/Clo-Sket/Clo-Sket/Vest/3_5.tif,/content/drive/MyDrive/FashionAI/datasets/Clo-Sket/Clo-Sket/Vest/3_5.tif,Vest,Vest__G03,1
2136,/content/drive/MyDrive/FashionAI/datasets/Clo-Sket/Clo-Sket/Vest/3_6.tif,/content/drive/MyDrive/FashionAI/datasets/Clo-Sket/Clo-Sket/Vest/3_6.tif,Vest,Vest__G03,1
2137,/content/drive/MyDrive/FashionAI/datasets/Clo-Sket/Clo-Sket/Vest/3_7.tif,/content/drive/MyDrive/FashionAI/datasets/Clo-Sket/Clo-Sket/Vest/3_7.tif,Vest,Vest__G03,1
2138,/content/drive/MyDrive/FashionAI/datasets/Clo-Sket/Clo-Sket/Vest/3_8.tif,/content/drive/MyDrive/FashionAI/datasets/Clo-Sket/Clo-Sket/Vest/3_8.tif,Vest,Vest__G03,1
2139,/content/drive/MyDrive/FashionAI/datasets/Clo-Sket/Clo-Sket/Vest/3_9.tif,/content/drive/MyDrive/FashionAI/datasets/Clo-Sket/Clo-Sket/Vest/3_9.tif,Vest,Vest__G03,1
2140,/content/drive/MyDrive/FashionAI/datasets/Clo-Sket/Clo-Sket/Vest/4_1.tif,/content/drive/MyDrive/FashionAI/datasets/Clo-Sket/Clo-Sket/Vest/4_1.tif,Vest,Vest__G04,1
2141,/content/drive/MyDrive/FashionAI/datasets/Clo-Sket/Clo-Sket/Vest/4_10.tif,/content/drive/MyDrive/FashionAI/datasets/Clo-Sket/Clo-Sket/Vest/4_10.tif,Vest,Vest__G04,1
2142,/content/drive/MyDrive/FashionAI/datasets/Clo-Sket/Clo-Sket/Vest/4_2.tif,/content/drive/MyDrive/FashionAI/datasets/Clo-Sket/Clo-Sket/Vest/4_2.tif,Vest,Vest__G04,1
2143,/content/drive/MyDrive/FashionAI/datasets/Clo-Sket/Clo-Sket/Vest/4_3.tif,/content/drive/MyDrive/FashionAI/datasets/Clo-Sket/Clo-Sket/Vest/4_3.tif,Vest,Vest__G04,1
2144,/content/drive/MyDrive/FashionAI/datasets/Clo-Sket/Clo-Sket/Vest/4_4.tif,/content/drive/MyDrive/FashionAI/datasets/Clo-Sket/Clo-Sket/Vest/4_4.tif,Vest,Vest__G04,1
2145,/content/drive/MyDrive/FashionAI/datasets/Clo-Sket/Clo-Sket/Vest/4_5.tif,/content/drive/MyDrive/FashionAI/datasets/Clo-Sket/Clo-Sket/Vest/4_5.tif,Vest,Vest__G04,1
2146,/content/drive/MyDrive/FashionAI/datasets/Clo-Sket/Clo-Sket/Vest/4_6.tif,/content/drive/MyDrive/FashionAI/datasets/Clo-Sket/Clo-Sket/Vest/4_6.tif,Vest,Vest__G04,1
2147,/content/drive/MyDrive/FashionAI/datasets/Clo-Sket/Clo-Sket/Vest/4_7.tif,/content/drive/MyDrive/FashionAI/datasets/Clo-Sket/Clo-Sket/Vest/4_7.tif,Vest,Vest__G04,1
2148,/content/drive/MyDrive/FashionAI/datasets/Clo-Sket/Clo-Sket/Vest/4_8.tif,/content/drive/MyDrive/FashionAI/datasets/Clo-Sket/Clo-Sket/Vest/4_8.tif,Vest,Vest__G04,1
2149,/content/drive/MyDrive/FashionAI/datasets/Clo-Sket/Clo-Sket/Vest/4_9.tif,/content/drive/MyDrive/FashionAI/datasets/Clo-Sket/Clo-Sket/Vest/4_9.tif,Vest,Vest__G04,1
2150,/content/drive/MyDrive/FashionAI/datasets/Clo-Sket/Clo-Sket/Vest/5_1.tif,/content/drive/MyDrive/FashionAI/datasets/Clo-Sket/Clo-Sket/Vest/5_1.tif,Vest,Vest__G05,2
2151,/content/drive/MyDrive/FashionAI/datasets/Clo-Sket/Clo-Sket/Vest/5_10.tif,/content/drive/MyDrive/FashionAI/datasets/Clo-Sket/Clo-Sket/Vest/5_10.tif,Vest,Vest__G05,2
2152,/content/drive/MyDrive/FashionAI/datasets/Clo-Sket/Clo-Sket/Vest/5_2.tif,/content/drive/MyDrive/FashionAI/datasets/Clo-Sket/Clo-Sket/Vest/5_2.tif,Vest,Vest__G05,2
2153,/content/drive/MyDrive/FashionAI/datasets/Clo-Sket/Clo-Sket/Vest/5_3.tif,/content/drive/MyDrive/FashionAI/datasets/Clo-Sket/Clo-Sket/Vest/5_3.tif,Vest,Vest__G05,2
2154,/content/drive/MyDrive/FashionAI/datasets/Clo-Sket/Clo-Sket/Vest/5_4.tif,/content/drive/MyDrive/FashionAI/datasets/Clo-Sket/Clo-Sket/Vest/5_4.tif,Vest,Vest__G05,2
2155,/content/drive/MyDrive/FashionAI/datasets/Clo-Sket/Clo-Sket/Vest/5_5.tif,/content/drive/MyDrive/FashionAI/datasets/Clo-Sket/Clo-Sket/Vest/5_5.tif,Vest,Vest__G05,2
2156,/content/drive/MyDrive/FashionAI/datasets/Clo-Sket/Clo-Sket/Vest/5_6.tif,/content/drive/MyDrive/FashionAI/datasets/Clo-Sket/Clo-Sket/Vest/5_6.tif,Vest,Vest__G05,2
2157,/content/drive/MyDrive/FashionAI/datasets/Clo-Sket/Clo-Sket/Vest/5_7.tif,/content/drive/MyDrive/FashionAI/datasets/Clo-Sket/Clo-Sket/Vest/5_7.tif,Vest,Vest__G05,2
2158,/content/drive/MyDrive/FashionAI/datasets/Clo-Sket/Clo-Sket/Vest/5_8.tif,/content/drive/MyDrive/FashionAI/datasets/Clo-Sket/Clo-Sket/Vest/5_8.tif,Vest,Vest__G05,2
2159,/content/drive/MyDrive/FashionAI/datasets/Clo-Sket/Clo-Sket/Vest/5_9.tif,/content/drive/MyDrive/FashionAI/datasets/Clo-Sket/Clo-Sket/Vest/5_9.tif,Vest,Vest__G05,2
2160,/content/drive/MyDrive/FashionAI/datasets/Clo-Sket/Clo-Sket/Vest/6_1.tif,/content/drive/MyDrive/FashionAI/datasets/Clo-Sket/Clo-Sket/Vest/6_1.tif,Vest,Vest__G06,2
2161,/content/drive/MyDrive/FashionAI/datasets/Clo-Sket/Clo-Sket/Vest/6_10.tif,/content/drive/MyDrive/FashionAI/datasets/Clo-Sket/Clo-Sket/Vest/6_10.tif,Vest,Vest__G06,2
2162,/content/drive/MyDrive/FashionAI/datasets/Clo-Sket/Clo-Sket/Vest/6_2.tif,/content/drive/MyDrive/FashionAI/datasets/Clo-Sket/Clo-Sket/Vest/6_2.tif,Vest,Vest__G06,2
2163,/content/drive/MyDrive/FashionAI/datasets/Clo-Sket/Clo-Sket/Vest/6_3.tif,/content/drive/MyDrive/FashionAI/datasets/Clo-Sket/Clo-Sket/Vest/6_3.tif,Vest,Vest__G06,2
2164,/content/drive/MyDrive/FashionAI/datasets/Clo-Sket/Clo-Sket/Vest/6_4.tif,/content/drive/MyDrive/FashionAI/datasets/Clo-Sket/Clo-Sket/Vest/6_4.tif,Vest,Vest__G06,2
2165,/content/drive/MyDrive/FashionAI/datasets/Clo-Sket/Clo-Sket/Vest/6_5.tif,/content/drive/MyDrive/FashionAI/datasets/Clo-Sket/Clo-Sket/Vest/6_5.tif,Vest,Vest__G06,2
2166,/content/drive/MyDrive/FashionAI/datasets/Clo-Sket/Clo-Sket/Vest/6_6.tif,/content/drive/MyDrive/FashionAI/datasets/Clo-Sket/Clo-Sket/Vest/6_6.tif,Vest,Vest__G06,2
2167,/content/drive/MyDrive/FashionAI/datasets/Clo-Sket/Clo-Sket/Vest/6_7.tif,/content/drive/MyDrive/FashionAI/datasets/Clo-Sket/Clo-Sket/Vest/6_7.tif,Vest,Vest__G06,2
2168,/content/drive/MyDrive/FashionAI/datasets/Clo-Sket/Clo-Sket/Vest/6_8.tif,/content/drive/MyDrive/FashionAI/datasets/Clo-Sket/Clo-Sket/Vest/6_8.tif,Vest,Vest__G06,2
2169,/content/drive/MyDrive/FashionAI/datasets/Clo-Sket/Clo-Sket/Vest/6_9.tif,/content/drive/MyDrive/FashionAI/datasets/Clo-Sket/Clo-Sket/Vest/6_9.tif,Vest,Vest__G06,2
2170,/content/drive/MyDrive/FashionAI/datasets/Clo-Sket/Clo-Sket/Vest/7_1.tif,/content/drive/MyDrive/FashionAI/datasets/Clo-Sket/Clo-Sket/Vest/7_1.tif,Vest,Vest__G07,3
2171,/content/drive/MyDrive/FashionAI/datasets/Clo-Sket/Clo-Sket/Vest/7_10.tif,/content/drive/MyDrive/FashionAI/datasets/Clo-Sket/Clo-Sket/Vest/7_10.tif,Vest,Vest__G07,3
2172,/content/drive/MyDrive/FashionAI/datasets/Clo-Sket/Clo-Sket/Vest/7_2.tif,/content/drive/MyDrive/FashionAI/datasets/Clo-Sket/Clo-Sket/Vest/7_2.tif,Vest,Vest__G07,3
2173,/content/drive/MyDrive/FashionAI/datasets/Clo-Sket/Clo-Sket/Vest/7_3.tif,/content/drive/MyDrive/FashionAI/datasets/Clo-Sket/Clo-Sket/Vest/7_3.tif,Vest,Vest__G07,3
2174,/content/drive/MyDrive/FashionAI/datasets/Clo-Sket/Clo-Sket/Vest/7_4.tif,/content/drive/MyDrive/FashionAI/datasets/Clo-Sket/Clo-Sket/Vest/7_4.tif,Vest,Vest__G07,3
2175,/content/drive/MyDrive/FashionAI/datasets/Clo-Sket/Clo-Sket/Vest/7_5.tif,/content/drive/MyDrive/FashionAI/datasets/Clo-Sket/Clo-Sket/Vest/7_5.tif,Vest,Vest__G07,3
2176,/content/drive/MyDrive/FashionAI/datasets/Clo-Sket/Clo-Sket/Vest/7_6.tif,/content/drive/MyDrive/FashionAI/datasets/Clo-Sket/Clo-Sket/Vest/7_6.tif,Vest,Vest__G07,3
2177,/content/drive/MyDrive/FashionAI/datasets/Clo-Sket/Clo-Sket/Vest/7_7.tif,/content/drive/MyDrive/FashionAI/datasets/Clo-Sket/Clo-Sket/Vest/7_7.tif,Vest,Vest__G07,3
2178,/content/drive/MyDrive/FashionAI/datasets/Clo-Sket/Clo-Sket/Vest/7_8.tif,/content/drive/MyDrive/FashionAI/datasets/Clo-Sket/Clo-Sket/Vest/7_8.tif,Vest,Vest__G07,3
2179,/content/drive/MyDrive/FashionAI/datasets/Clo-Sket/Clo-Sket/Vest/7_9.tif,/content/drive/MyDrive/FashionAI/datasets/Clo-Sket/Clo-Sket/Vest/7_9.tif,Vest,Vest__G07,3
2180,/content/drive/MyDrive/FashionAI/datasets/Clo-Sket/Clo-Sket/Vest/8_1.tif,/content/drive/MyDrive/FashionAI/datasets/Clo-Sket/Clo-Sket/Vest/8_1.tif,Vest,Vest__G08,3
2181,/content/drive/MyDrive/FashionAI/datasets/Clo-Sket/Clo-Sket/Vest/8_10.tif,/content/drive/MyDrive/FashionAI/datasets/Clo-Sket/Clo-Sket/Vest/8_10.tif,Vest,Vest__G08,3
2182,/content/drive/MyDrive/FashionAI/datasets/Clo-Sket/Clo-Sket/Vest/8_2.tif,/content/drive/MyDrive/FashionAI/datasets/Clo-Sket/Clo-Sket/Vest/8_2.tif,Vest,Vest__G08,3
2183,/content/drive/MyDrive/FashionAI/datasets/Clo-Sket/Clo-Sket/Vest/8_3.tif,/content/drive/MyDrive/FashionAI/datasets/Clo-Sket/Clo-Sket/Vest/8_3.tif,Vest,Vest__G08,3
2184,/content/drive/MyDrive/FashionAI/datasets/Clo-Sket/Clo-Sket/Vest/8_4.tif,/content/drive/MyDrive/FashionAI/datasets/Clo-Sket/Clo-Sket/Vest/8_4.tif,Vest,Vest__G08,3
2185,/content/drive/MyDrive/FashionAI/datasets/Clo-Sket/Clo-Sket/Vest/8_5.tif,/content/drive/MyDrive/FashionAI/datasets/Clo-Sket/Clo-Sket/Vest/8_5.tif,Vest,Vest__G08,3
2186,/content/drive/MyDrive/FashionAI/datasets/Clo-Sket/Clo-Sket/Vest/8_6.tif,/content/drive/MyDrive/FashionAI/datasets/Clo-Sket/Clo-Sket/Vest/8_6.tif,Vest,Vest__G08,3
2187,/content/drive/MyDrive/FashionAI/datasets/Clo-Sket/Clo-Sket/Vest/8_7.tif,/content/drive/MyDrive/FashionAI/datasets/Clo-Sket/Clo-Sket/Vest/8_7.tif,Vest,Vest__G08,3
2188,/content/drive/MyDrive/FashionAI/datasets/Clo-Sket/Clo-Sket/Vest/8_8.tif,/content/drive/MyDrive/FashionAI/datasets/Clo-Sket/Clo-Sket/Vest/8_8.tif,Vest,Vest__G08,3
2189,/content/drive/MyDrive/FashionAI/datasets/Clo-Sket/Clo-Sket/Vest/8_9.tif,/content/drive/MyDrive/FashionAI/datasets/Clo-Sket/Clo-Sket/Vest/8_9.tif,Vest,Vest__G08,3
2190,/content/drive/MyDrive/FashionAI/datasets/Clo-Sket/Clo-Sket/Vest/9_1.tif,/content/drive/MyDrive/FashionAI/datasets/Clo-Sket/Clo-Sket/Vest/9_1.tif,Vest,Vest__G09,4
2191,/content/drive/MyDrive/FashionAI/datasets/Clo-Sket/Clo-Sket/Vest/9_10.tif,/content/drive/MyDrive/FashionAI/datasets/Clo-Sket/Clo-Sket/Vest/9_10.tif,Vest,Vest__G09,4
2192,/content/drive/MyDrive/FashionAI/datasets/Clo-Sket/Clo-Sket/Vest/9_2.tif,/content/drive/MyDrive/FashionAI/datasets/Clo-Sket/Clo-Sket/Vest/9_2.tif,Vest,Vest__G09,4
2193,/content/drive/MyDrive/FashionAI/datasets/Clo-Sket/Clo-Sket/Vest/9_3.tif,/content/drive/MyDrive/FashionAI/datasets/Clo-Sket/Clo-Sket/Vest/9_3.tif,Vest,Vest__G09,4
2194,/content/drive/MyDrive/FashionAI/datasets/Clo-Sket/Clo-Sket/Vest/9_4.tif,/content/drive/MyDrive/FashionAI/datasets/Clo-Sket/Clo-Sket/Vest/9_4.tif,Vest,Vest__G09,4
2195,/content/drive/MyDrive/FashionAI/datasets/Clo-Sket/Clo-Sket/Vest/9_5.tif,/content/drive/MyDrive/FashionAI/datasets/Clo-Sket/Clo-Sket/Vest/9_5.tif,Vest,Vest__G09,4
2196,/content/drive/MyDrive/FashionAI/datasets/Clo-Sket/Clo-Sket/Vest/9_6.tif,/content/drive/MyDrive/FashionAI/datasets/Clo-Sket/Clo-Sket/Vest/9_6.tif,Vest,Vest__G09,4
2197,/content/drive/MyDrive/FashionAI/datasets/Clo-Sket/Clo-Sket/Vest/9_7.tif,/content/drive/MyDrive/FashionAI/datasets/Clo-Sket/Clo-Sket/Vest/9_7.tif,Vest,Vest__G09,4
2198,/content/drive/MyDrive/FashionAI/datasets/Clo-Sket/Clo-Sket/Vest/9_8.tif,/content/drive/MyDrive/FashionAI/datasets/Clo-Sket/Clo-Sket/Vest/9_8.tif,Vest,Vest__G09,4
2199,/content/drive/MyDrive/FashionAI/datasets/Clo-Sket/Clo-Sket/Vest/9_9.tif,/content/drive/MyDrive/FashionAI/datasets/Clo-Sket/Clo-Sket/Vest/9_9.tif,Vest,Vest__G09,4
2200,/content/drive/MyDrive/FashionAI/datasets/Clo-Sket/Clo-Sket/Wide-Leg/1-1.tif,/content/drive/MyDrive/FashionAI/datasets/Clo-Sket/Clo-Sket/Wide-Leg/1-1.tif,Wide-Leg,Wide-Leg__G01,0
2201,/content/drive/MyDrive/FashionAI/datasets/Clo-Sket/Clo-Sket/Wide-Leg/1-10.tif,/content/drive/MyDrive/FashionAI/datasets/Clo-Sket/Clo-Sket/Wide-Leg/1-10.tif,Wide-Leg,Wide-Leg__G01,0
2202,/content/drive/MyDrive/FashionAI/datasets/Clo-Sket/Clo-Sket/Wide-Leg/1-2.tif,/content/drive/MyDrive/FashionAI/datasets/Clo-Sket/Clo-Sket/Wide-Leg/1-2.tif,Wide-Leg,Wide-Leg__G01,0
2203,/content/drive/MyDrive/FashionAI/datasets/Clo-Sket/Clo-Sket/Wide-Leg/1-3.tif,/content/drive/MyDrive/FashionAI/datasets/Clo-Sket/Clo-Sket/Wide-Leg/1-3.tif,Wide-Leg,Wide-Leg__G01,0
2204,/content/drive/MyDrive/FashionAI/datasets/Clo-Sket/Clo-Sket/Wide-Leg/1-4.tif,/content/drive/MyDrive/FashionAI/datasets/Clo-Sket/Clo-Sket/Wide-Leg/1-4.tif,Wide-Leg,Wide-Leg__G01,0
2205,/content/drive/MyDrive/FashionAI/datasets/Clo-Sket/Clo-Sket/Wide-Leg/1-5.tif,/content/drive/MyDrive/FashionAI/datasets/Clo-Sket/Clo-Sket/Wide-Leg/1-5.tif,Wide-Leg,Wide-Leg__G01,0
2206,/content/drive/MyDrive/FashionAI/datasets/Clo-Sket/Clo-Sket/Wide-Leg/1-6.tif,/content/drive/MyDrive/FashionAI/datasets/Clo-Sket/Clo-Sket/Wide-Leg/1-6.tif,Wide-Leg,Wide-Leg__G01,0
2207,/content/drive/MyDrive/FashionAI/datasets/Clo-Sket/Clo-Sket/Wide-Leg/1-7.tif,/content/drive/MyDrive/FashionAI/datasets/Clo-Sket/Clo-Sket/Wide-Leg/1-7.tif,Wide-Leg,Wide-Leg__G01,0
2208,/content/drive/MyDrive/FashionAI/datasets/Clo-Sket/Clo-Sket/Wide-Leg/1-8.tif,/content/drive/MyDrive/FashionAI/datasets/Clo-Sket/Clo-Sket/Wide-Leg/1-8.tif,Wide-Leg,Wide-Leg__G01,0
2209,/content/drive/MyDrive/FashionAI/datasets/Clo-Sket/Clo-Sket/Wide-Leg/1-9.tif,/content/drive/MyDrive/FashionAI/datasets/Clo-Sket/Clo-Sket/Wide-Leg/1-9.tif,Wide-Leg,Wide-Leg__G01,0
2210,/content/drive/MyDrive/FashionAI/datasets/Clo-Sket/Clo-Sket/Wide-Leg/10-1.tif,/content/drive/MyDrive/FashionAI/datasets/Clo-Sket/Clo-Sket/Wide-Leg/10-1.tif,Wide-Leg,Wide-Leg__G10,4
2211,/content/drive/MyDrive/FashionAI/datasets/Clo-Sket/Clo-Sket/Wide-Leg/10-10.tif,/content/drive/MyDrive/FashionAI/datasets/Clo-Sket/Clo-Sket/Wide-Leg/10-10.tif,Wide-Leg,Wide-Leg__G10,4
2212,/content/drive/MyDrive/FashionAI/datasets/Clo-Sket/Clo-Sket/Wide-Leg/10-2.tif,/content/drive/MyDrive/FashionAI/datasets/Clo-Sket/Clo-Sket/Wide-Leg/10-2.tif,Wide-Leg,Wide-Leg__G10,4
2213,/content/drive/MyDrive/FashionAI/datasets/Clo-Sket/Clo-Sket/Wide-Leg/10-3.tif,/content/drive/MyDrive/FashionAI/datasets/Clo-Sket/Clo-Sket/Wide-Leg/10-3.tif,Wide-Leg,Wide-Leg__G10,4
2214,/content/drive/MyDrive/FashionAI/datasets/Clo-Sket/Clo-Sket/Wide-Leg/10-4.tif,/content/drive/MyDrive/FashionAI/datasets/Clo-Sket/Clo-Sket/Wide-Leg/10-4.tif,Wide-Leg,Wide-Leg__G10,4
2215,/content/drive/MyDrive/FashionAI/datasets/Clo-Sket/Clo-Sket/Wide-Leg/10-5.tif,/content/drive/MyDrive/FashionAI/datasets/Clo-Sket/Clo-Sket/Wide-Leg/10-5.tif,Wide-Leg,Wide-Leg__G10,4
2216,/content/drive/MyDrive/FashionAI/datasets/Clo-Sket/Clo-Sket/Wide-Leg/10-6.tif,/content/drive/MyDrive/FashionAI/datasets/Clo-Sket/Clo-Sket/Wide-Leg/10-6.tif,Wide-Leg,Wide-Leg__G10,4
2217,/content/drive/MyDrive/FashionAI/datasets/Clo-Sket/Clo-Sket/Wide-Leg/10-7.tif,/content/drive/MyDrive/FashionAI/datasets/Clo-Sket/Clo-Sket/Wide-Leg/10-7.tif,Wide-Leg,Wide-Leg__G10,4
2218,/content/drive/MyDrive/FashionAI/datasets/Clo-Sket/Clo-Sket/Wide-Leg/10-8.tif,/content/drive/MyDrive/FashionAI/datasets/Clo-Sket/Clo-Sket/Wide-Leg/10-8.tif,Wide-Leg,Wide-Leg__G10,4
2219,/content/drive/MyDrive/FashionAI/datasets/Clo-Sket/Clo-Sket/Wide-Leg/10-9.tif,/content/drive/MyDrive/FashionAI/datasets/Clo-Sket/Clo-Sket/Wide-Leg/10-9.tif,Wide-Leg,Wide-Leg__G10,4
2220,/content/drive/MyDrive/FashionAI/datasets/Clo-Sket/Clo-Sket/Wide-Leg/2-1.tif,/content/drive/MyDrive/FashionAI/datasets/Clo-Sket/Clo-Sket/Wide-Leg/2-1.tif,Wide-Leg,Wide-Leg__G02,0
2221,/content/drive/MyDrive/FashionAI/datasets/Clo-Sket/Clo-Sket/Wide-Leg/2-10.tif,/content/drive/MyDrive/FashionAI/datasets/Clo-Sket/Clo-Sket/Wide-Leg/2-10.tif,Wide-Leg,Wide-Leg__G02,0
2222,/content/drive/MyDrive/FashionAI/datasets/Clo-Sket/Clo-Sket/Wide-Leg/2-2.tif,/content/drive/MyDrive/FashionAI/datasets/Clo-Sket/Clo-Sket/Wide-Leg/2-2.tif,Wide-Leg,Wide-Leg__G02,0
2223,/content/drive/MyDrive/FashionAI/datasets/Clo-Sket/Clo-Sket/Wide-Leg/2-3.tif,/content/drive/MyDrive/FashionAI/datasets/Clo-Sket/Clo-Sket/Wide-Leg/2-3.tif,Wide-Leg,Wide-Leg__G02,0
2224,/content/drive/MyDrive/FashionAI/datasets/Clo-Sket/Clo-Sket/Wide-Leg/2-4.tif,/content/drive/MyDrive/FashionAI/datasets/Clo-Sket/Clo-Sket/Wide-Leg/2-4.tif,Wide-Leg,Wide-Leg__G02,0
2225,/content/drive/MyDrive/FashionAI/datasets/Clo-Sket/Clo-Sket/Wide-Leg/2-5.tif,/content/drive/MyDrive/FashionAI/datasets/Clo-Sket/Clo-Sket/Wide-Leg/2-5.tif,Wide-Leg,Wide-Leg__G02,0
2226,/content/drive/MyDrive/FashionAI/datasets/Clo-Sket/Clo-Sket/Wide-Leg/2-6.tif,/content/drive/MyDrive/FashionAI/datasets/Clo-Sket/Clo-Sket/Wide-Leg/2-6.tif,Wide-Leg,Wide-Leg__G02,0
2227,/content/drive/MyDrive/FashionAI/datasets/Clo-Sket/Clo-Sket/Wide-Leg/2-7.tif,/content/drive/MyDrive/FashionAI/datasets/Clo-Sket/Clo-Sket/Wide-Leg/2-7.tif,Wide-Leg,Wide-Leg__G02,0
2228,/content/drive/MyDrive/FashionAI/datasets/Clo-Sket/Clo-Sket/Wide-Leg/2-8.tif,/content/drive/MyDrive/FashionAI/datasets/Clo-Sket/Clo-Sket/Wide-Leg/2-8.tif,Wide-Leg,Wide-Leg__G02,0
2229,/content/drive/MyDrive/FashionAI/datasets/Clo-Sket/Clo-Sket/Wide-Leg/2-9.tif,/content/drive/MyDrive/FashionAI/datasets/Clo-Sket/Clo-Sket/Wide-Leg/2-9.tif,Wide-Leg,Wide-Leg__G02,0
2230,/content/drive/MyDrive/FashionAI/datasets/Clo-Sket/Clo-Sket/Wide-Leg/3-1.tif,/content/drive/MyDrive/FashionAI/datasets/Clo-Sket/Clo-Sket/Wide-Leg/3-1.tif,Wide-Leg,Wide-Leg__G03,1
2231,/content/drive/MyDrive/FashionAI/datasets/Clo-Sket/Clo-Sket/Wide-Leg/3-10.tif,/content/drive/MyDrive/FashionAI/datasets/Clo-Sket/Clo-Sket/Wide-Leg/3-10.tif,Wide-Leg,Wide-Leg__G03,1
2232,/content/drive/MyDrive/FashionAI/datasets/Clo-Sket/Clo-Sket/Wide-Leg/3-2.tif,/content/drive/MyDrive/FashionAI/datasets/Clo-Sket/Clo-Sket/Wide-Leg/3-2.tif,Wide-Leg,Wide-Leg__G03,1
2233,/content/drive/MyDrive/FashionAI/datasets/Clo-Sket/Clo-Sket/Wide-Leg/3-3.tif,/content/drive/MyDrive/FashionAI/datasets/Clo-Sket/Clo-Sket/Wide-Leg/3-3.tif,Wide-Leg,Wide-Leg__G03,1
2234,/content/drive/MyDrive/FashionAI/datasets/Clo-Sket/Clo-Sket/Wide-Leg/3-4.tif,/content/drive/MyDrive/FashionAI/datasets/Clo-Sket/Clo-Sket/Wide-Leg/3-4.tif,Wide-Leg,Wide-Leg__G03,1
2235,/content/drive/MyDrive/FashionAI/datasets/Clo-Sket/Clo-Sket/Wide-Leg/3-5.tif,/content/drive/MyDrive/FashionAI/datasets/Clo-Sket/Clo-Sket/Wide-Leg/3-5.tif,Wide-Leg,Wide-Leg__G03,1
2236,/content/drive/MyDrive/FashionAI/datasets/Clo-Sket/Clo-Sket/Wide-Leg/3-6.tif,/content/drive/MyDrive/FashionAI/datasets/Clo-Sket/Clo-Sket/Wide-Leg/3-6.tif,Wide-Leg,Wide-Leg__G03,1
2237,/content/drive/MyDrive/FashionAI/datasets/Clo-Sket/Clo-Sket/Wide-Leg/3-7.tif,/content/drive/MyDrive/FashionAI/datasets/Clo-Sket/Clo-Sket/Wide-Leg/3-7.tif,Wide-Leg,Wide-Leg__G03,1
2238,/content/drive/MyDrive/FashionAI/datasets/Clo-Sket/Clo-Sket/Wide-Leg/3-8.tif,/content/drive/MyDrive/FashionAI/datasets/Clo-Sket/Clo-Sket/Wide-Leg/3-8.tif,Wide-Leg,Wide-Leg__G03,1
2239,/content/drive/MyDrive/FashionAI/datasets/Clo-Sket/Clo-Sket/Wide-Leg/3-9.tif,/content/drive/MyDrive/FashionAI/datasets/Clo-Sket/Clo-Sket/Wide-Leg/3-9.tif,Wide-Leg,Wide-Leg__G03,1
2240,/content/drive/MyDrive/FashionAI/datasets/Clo-Sket/Clo-Sket/Wide-Leg/4-1.tif,/content/drive/MyDrive/FashionAI/datasets/Clo-Sket/Clo-Sket/Wide-Leg/4-1.tif,Wide-Leg,Wide-Leg__G04,1
2241,/content/drive/MyDrive/FashionAI/datasets/Clo-Sket/Clo-Sket/Wide-Leg/4-10.tif,/content/drive/MyDrive/FashionAI/datasets/Clo-Sket/Clo-Sket/Wide-Leg/4-10.tif,Wide-Leg,Wide-Leg__G04,1
2242,/content/drive/MyDrive/FashionAI/datasets/Clo-Sket/Clo-Sket/Wide-Leg/4-2.tif,/content/drive/MyDrive/FashionAI/datasets/Clo-Sket/Clo-Sket/Wide-Leg/4-2.tif,Wide-Leg,Wide-Leg__G04,1
2243,/content/drive/MyDrive/FashionAI/datasets/Clo-Sket/Clo-Sket/Wide-Leg/4-3.tif,/content/drive/MyDrive/FashionAI/datasets/Clo-Sket/Clo-Sket/Wide-Leg/4-3.tif,Wide-Leg,Wide-Leg__G04,1
2244,/content/drive/MyDrive/FashionAI/datasets/Clo-Sket/Clo-Sket/Wide-Leg/4-4.tif,/content/drive/MyDrive/FashionAI/datasets/Clo-Sket/Clo-Sket/Wide-Leg/4-4.tif,Wide-Leg,Wide-Leg__G04,1
2245,/content/drive/MyDrive/FashionAI/datasets/Clo-Sket/Clo-Sket/Wide-Leg/4-5.tif,/content/drive/MyDrive/FashionAI/datasets/Clo-Sket/Clo-Sket/Wide-Leg/4-5.tif,Wide-Leg,Wide-Leg__G04,1
2246,/content/drive/MyDrive/FashionAI/datasets/Clo-Sket/Clo-Sket/Wide-Leg/4-6.tif,/content/drive/MyDrive/FashionAI/datasets/Clo-Sket/Clo-Sket/Wide-Leg/4-6.tif,Wide-Leg,Wide-Leg__G04,1
2247,/content/drive/MyDrive/FashionAI/datasets/Clo-Sket/Clo-Sket/Wide-Leg/4-7.tif,/content/drive/MyDrive/FashionAI/datasets/Clo-Sket/Clo-Sket/Wide-Leg/4-7.tif,Wide-Leg,Wide-Leg__G04,1
2248,/content/drive/MyDrive/FashionAI/datasets/Clo-Sket/Clo-Sket/Wide-Leg/4-8.tif,/content/drive/MyDrive/FashionAI/datasets/Clo-Sket/Clo-Sket/Wide-Leg/4-8.tif,Wide-Leg,Wide-Leg__G04,1
2249,/content/drive/MyDrive/FashionAI/datasets/Clo-Sket/Clo-Sket/Wide-Leg/4-9.tif,/content/drive/MyDrive/FashionAI/datasets/Clo-Sket/Clo-Sket/Wide-Leg/4-9.tif,Wide-Leg,Wide-Leg__G04,1
2250,/content/drive/MyDrive/FashionAI/datasets/Clo-Sket/Clo-Sket/Wide-Leg/5-1.tif,/content/drive/MyDrive/FashionAI/datasets/Clo-Sket/Clo-Sket/Wide-Leg/5-1.tif,Wide-Leg,Wide-Leg__G05,2
2251,/content/drive/MyDrive/FashionAI/datasets/Clo-Sket/Clo-Sket/Wide-Leg/5-10.tif,/content/drive/MyDrive/FashionAI/datasets/Clo-Sket/Clo-Sket/Wide-Leg/5-10.tif,Wide-Leg,Wide-Leg__G05,2
2252,/content/drive/MyDrive/FashionAI/datasets/Clo-Sket/Clo-Sket/Wide-Leg/5-2.tif,/content/drive/MyDrive/FashionAI/datasets/Clo-Sket/Clo-Sket/Wide-Leg/5-2.tif,Wide-Leg,Wide-Leg__G05,2
2253,/content/drive/MyDrive/FashionAI/datasets/Clo-Sket/Clo-Sket/Wide-Leg/5-3.tif,/content/drive/MyDrive/FashionAI/datasets/Clo-Sket/Clo-Sket/Wide-Leg/5-3.tif,Wide-Leg,Wide-Leg__G05,2
2254,/content/drive/MyDrive/FashionAI/datasets/Clo-Sket/Clo-Sket/Wide-Leg/5-4.tif,/content/drive/MyDrive/FashionAI/datasets/Clo-Sket/Clo-Sket/Wide-Leg/5-4.tif,Wide-Leg,Wide-Leg__G05,2
2255,/content/drive/MyDrive/FashionAI/datasets/Clo-Sket/Clo-Sket/Wide-Leg/5-5.tif,/content/drive/MyDrive/FashionAI/datasets/Clo-Sket/Clo-Sket/Wide-Leg/5-5.tif,Wide-Leg,Wide-Leg__G05,2
2256,/content/drive/MyDrive/FashionAI/datasets/Clo-Sket/Clo-Sket/Wide-Leg/5-6.tif,/content/drive/MyDrive/FashionAI/datasets/Clo-Sket/Clo-Sket/Wide-Leg/5-6.tif,Wide-Leg,Wide-Leg__G05,2
2257,/content/drive/MyDrive/FashionAI/datasets/Clo-Sket/Clo-Sket/Wide-Leg/5-7.tif,/content/drive/MyDrive/FashionAI/datasets/Clo-Sket/Clo-Sket/Wide-Leg/5-7.tif,Wide-Leg,Wide-Leg__G05,2
2258,/content/drive/MyDrive/FashionAI/datasets/Clo-Sket/Clo-Sket/Wide-Leg/5-8.tif,/content/drive/MyDrive/FashionAI/datasets/Clo-Sket/Clo-Sket/Wide-Leg/5-8.tif,Wide-Leg,Wide-Leg__G05,2
2259,/content/drive/MyDrive/FashionAI/datasets/Clo-Sket/Clo-Sket/Wide-Leg/5-9.tif,/content/drive/MyDrive/FashionAI/datasets/Clo-Sket/Clo-Sket/Wide-Leg/5-9.tif,Wide-Leg,Wide-Leg__G05,2
2260,/content/drive/MyDrive/FashionAI/datasets/Clo-Sket/Clo-Sket/Wide-Leg/6-1.tif,/content/drive/MyDrive/FashionAI/datasets/Clo-Sket/Clo-Sket/Wide-Leg/6-1.tif,Wide-Leg,Wide-Leg__G06,2
2261,/content/drive/MyDrive/FashionAI/datasets/Clo-Sket/Clo-Sket/Wide-Leg/6-10.tif,/content/drive/MyDrive/FashionAI/datasets/Clo-Sket/Clo-Sket/Wide-Leg/6-10.tif,Wide-Leg,Wide-Leg__G06,2
2262,/content/drive/MyDrive/FashionAI/datasets/Clo-Sket/Clo-Sket/Wide-Leg/6-2.tif,/content/drive/MyDrive/FashionAI/datasets/Clo-Sket/Clo-Sket/Wide-Leg/6-2.tif,Wide-Leg,Wide-Leg__G06,2
2263,/content/drive/MyDrive/FashionAI/datasets/Clo-Sket/Clo-Sket/Wide-Leg/6-3.tif,/content/drive/MyDrive/FashionAI/datasets/Clo-Sket/Clo-Sket/Wide-Leg/6-3.tif,Wide-Leg,Wide-Leg__G06,2
2264,/content/drive/MyDrive/FashionAI/datasets/Clo-Sket/Clo-Sket/Wide-Leg/6-4.tif,/content/drive/MyDrive/FashionAI/datasets/Clo-Sket/Clo-Sket/Wide-Leg/6-4.tif,Wide-Leg,Wide-Leg__G06,2
2265,/content/drive/MyDrive/FashionAI/datasets/Clo-Sket/Clo-Sket/Wide-Leg/6-5.tif,/content/drive/MyDrive/FashionAI/datasets/Clo-Sket/Clo-Sket/Wide-Leg/6-5.tif,Wide-Leg,Wide-Leg__G06,2
2266,/content/drive/MyDrive/FashionAI/datasets/Clo-Sket/Clo-Sket/Wide-Leg/6-6.tif,/content/drive/MyDrive/FashionAI/datasets/Clo-Sket/Clo-Sket/Wide-Leg/6-6.tif,Wide-Leg,Wide-Leg__G06,2
2267,/content/drive/MyDrive/FashionAI/datasets/Clo-Sket/Clo-Sket/Wide-Leg/6-7.tif,/content/drive/MyDrive/FashionAI/datasets/Clo-Sket/Clo-Sket/Wide-Leg/6-7.tif,Wide-Leg,Wide-Leg__G06,2
2268,/content/drive/MyDrive/FashionAI/datasets/Clo-Sket/Clo-Sket/Wide-Leg/6-8.tif,/content/drive/MyDrive/FashionAI/datasets/Clo-Sket/Clo-Sket/Wide-Leg/6-8.tif,Wide-Leg,Wide-Leg__G06,2
2269,/content/drive/MyDrive/FashionAI/datasets/Clo-Sket/Clo-Sket/Wide-Leg/6-9.tif,/content/drive/MyDrive/FashionAI/datasets/Clo-Sket/Clo-Sket/Wide-Leg/6-9.tif,Wide-Leg,Wide-Leg__G06,2
2270,/content/drive/MyDrive/FashionAI/datasets/Clo-Sket/Clo-Sket/Wide-Leg/7-1.tif,/content/drive/MyDrive/FashionAI/datasets/Clo-Sket/Clo-Sket/Wide-Leg/7-1.tif,Wide-Leg,Wide-Leg__G07,3
2271,/content/drive/MyDrive/FashionAI/datasets/Clo-Sket/Clo-Sket/Wide-Leg/7-10.tif,/content/drive/MyDrive/FashionAI/datasets/Clo-Sket/Clo-Sket/Wide-Leg/7-10.tif,Wide-Leg,Wide-Leg__G07,3
2272,/content/drive/MyDrive/FashionAI/datasets/Clo-Sket/Clo-Sket/Wide-Leg/7-2.tif,/content/drive/MyDrive/FashionAI/datasets/Clo-Sket/Clo-Sket/Wide-Leg/7-2.tif,Wide-Leg,Wide-Leg__G07,3
2273,/content/drive/MyDrive/FashionAI/datasets/Clo-Sket/Clo-Sket/Wide-Leg/7-3.tif,/content/drive/MyDrive/FashionAI/datasets/Clo-Sket/Clo-Sket/Wide-Leg/7-3.tif,Wide-Leg,Wide-Leg__G07,3
2274,/content/drive/MyDrive/FashionAI/datasets/Clo-Sket/Clo-Sket/Wide-Leg/7-4.tif,/content/drive/MyDrive/FashionAI/datasets/Clo-Sket/Clo-Sket/Wide-Leg/7-4.tif,Wide-Leg,Wide-Leg__G07,3
2275,/content/drive/MyDrive/FashionAI/datasets/Clo-Sket/Clo-Sket/Wide-Leg/7-5.tif,/content/drive/MyDrive/FashionAI/datasets/Clo-Sket/Clo-Sket/Wide-Leg/7-5.tif,Wide-Leg,Wide-Leg__G07,3
2276,/content/drive/MyDrive/FashionAI/datasets/Clo-Sket/Clo-Sket/Wide-Leg/7-6.tif,/content/drive/MyDrive/FashionAI/datasets/Clo-Sket/Clo-Sket/Wide-Leg/7-6.tif,Wide-Leg,Wide-Leg__G07,3
2277,/content/drive/MyDrive/FashionAI/datasets/Clo-Sket/Clo-Sket/Wide-Leg/7-7.tif,/content/drive/MyDrive/FashionAI/datasets/Clo-Sket/Clo-Sket/Wide-Leg/7-7.tif,Wide-Leg,Wide-Leg__G07,3
2278,/content/drive/MyDrive/FashionAI/datasets/Clo-Sket/Clo-Sket/Wide-Leg/7-8.tif,/content/drive/MyDrive/FashionAI/datasets/Clo-Sket/Clo-Sket/Wide-Leg/7-8.tif,Wide-Leg,Wide-Leg__G07,3
2279,/content/drive/MyDrive/FashionAI/datasets/Clo-Sket/Clo-Sket/Wide-Leg/7-9.tif,/content/drive/MyDrive/FashionAI/datasets/Clo-Sket/Clo-Sket/Wide-Leg/7-9.tif,Wide-Leg,Wide-Leg__G07,3
2280,/content/drive/MyDrive/FashionAI/datasets/Clo-Sket/Clo-Sket/Wide-Leg/8-1.tif,/content/drive/MyDrive/FashionAI/datasets/Clo-Sket/Clo-Sket/Wide-Leg/8-1.tif,Wide-Leg,Wide-Leg__G08,3
2281,/content/drive/MyDrive/FashionAI/datasets/Clo-Sket/Clo-Sket/Wide-Leg/8-10.tif,/content/drive/MyDrive/FashionAI/datasets/Clo-Sket/Clo-Sket/Wide-Leg/8-10.tif,Wide-Leg,Wide-Leg__G08,3
2282,/content/drive/MyDrive/FashionAI/datasets/Clo-Sket/Clo-Sket/Wide-Leg/8-2.tif,/content/drive/MyDrive/FashionAI/datasets/Clo-Sket/Clo-Sket/Wide-Leg/8-2.tif,Wide-Leg,Wide-Leg__G08,3
2283,/content/drive/MyDrive/FashionAI/datasets/Clo-Sket/Clo-Sket/Wide-Leg/8-3.tif,/content/drive/MyDrive/FashionAI/datasets/Clo-Sket/Clo-Sket/Wide-Leg/8-3.tif,Wide-Leg,Wide-Leg__G08,3
2284,/content/drive/MyDrive/FashionAI/datasets/Clo-Sket/Clo-Sket/Wide-Leg/8-4.tif,/content/drive/MyDrive/FashionAI/datasets/Clo-Sket/Clo-Sket/Wide-Leg/8-4.tif,Wide-Leg,Wide-Leg__G08,3
2285,/content/drive/MyDrive/FashionAI/datasets/Clo-Sket/Clo-Sket/Wide-Leg/8-5.tif,/content/drive/MyDrive/FashionAI/datasets/Clo-Sket/Clo-Sket/Wide-Leg/8-5.tif,Wide-Leg,Wide-Leg__G08,3
2286,/content/drive/MyDrive/FashionAI/datasets/Clo-Sket/Clo-Sket/Wide-Leg/8-6.tif,/content/drive/MyDrive/FashionAI/datasets/Clo-Sket/Clo-Sket/Wide-Leg/8-6.tif,Wide-Leg,Wide-Leg__G08,3
2287,/content/drive/MyDrive/FashionAI/datasets/Clo-Sket/Clo-Sket/Wide-Leg/8-7.tif,/content/drive/MyDrive/FashionAI/datasets/Clo-Sket/Clo-Sket/Wide-Leg/8-7.tif,Wide-Leg,Wide-Leg__G08,3
2288,/content/drive/MyDrive/FashionAI/datasets/Clo-Sket/Clo-Sket/Wide-Leg/8-8.tif,/content/drive/MyDrive/FashionAI/datasets/Clo-Sket/Clo-Sket/Wide-Leg/8-8.tif,Wide-Leg,Wide-Leg__G08,3
2289,/content/drive/MyDrive/FashionAI/datasets/Clo-Sket/Clo-Sket/Wide-Leg/8-9.tif,/content/drive/MyDrive/FashionAI/datasets/Clo-Sket/Clo-Sket/Wide-Leg/8-9.tif,Wide-Leg,Wide-Leg__G08,3
2290,/content/drive/MyDrive/FashionAI/datasets/Clo-Sket/Clo-Sket/Wide-Leg/9-1.tif,/content/drive/MyDrive/FashionAI/datasets/Clo-Sket/Clo-Sket/Wide-Leg/9-1.tif,Wide-Leg,Wide-Leg__G09,4
2291,/content/drive/MyDrive/FashionAI/datasets/Clo-Sket/Clo-Sket/Wide-Leg/9-10.tif,/content/drive/MyDrive/FashionAI/datasets/Clo-Sket/Clo-Sket/Wide-Leg/9-10.tif,Wide-Leg,Wide-Leg__G09,4
2292,/content/drive/MyDrive/FashionAI/datasets/Clo-Sket/Clo-Sket/Wide-Leg/9-2.tif,/content/drive/MyDrive/FashionAI/datasets/Clo-Sket/Clo-Sket/Wide-Leg/9-2.tif,Wide-Leg,Wide-Leg__G09,4
2293,/content/drive/MyDrive/FashionAI/datasets/Clo-Sket/Clo-Sket/Wide-Leg/9-3.tif,/content/drive/MyDrive/FashionAI/datasets/Clo-Sket/Clo-Sket/Wide-Leg/9-3.tif,Wide-Leg,Wide-Leg__G09,4
2294,/content/drive/MyDrive/FashionAI/datasets/Clo-Sket/Clo-Sket/Wide-Leg/9-4.tif,/content/drive/MyDrive/FashionAI/datasets/Clo-Sket/Clo-Sket/Wide-Leg/9-4.tif,Wide-Leg,Wide-Leg__G09,4
2295,/content/drive/MyDrive/FashionAI/datasets/Clo-Sket/Clo-Sket/Wide-Leg/9-5.tif,/content/drive/MyDrive/FashionAI/datasets/Clo-Sket/Clo-Sket/Wide-Leg/9-5.tif,Wide-Leg,Wide-Leg__G09,4
2296,/content/drive/MyDrive/FashionAI/datasets/Clo-Sket/Clo-Sket/Wide-Leg/9-6.tif,/content/drive/MyDrive/FashionAI/datasets/Clo-Sket/Clo-Sket/Wide-Leg/9-6.tif,Wide-Leg,Wide-Leg__G09,4
2297,/content/drive/MyDrive/FashionAI/datasets/Clo-Sket/Clo-Sket/Wide-Leg/9-7.tif,/content/drive/MyDrive/FashionAI/datasets/Clo-Sket/Clo-Sket/Wide-Leg/9-7.tif,Wide-Leg,Wide-Leg__G09,4
2298,/content/drive/MyDrive/FashionAI/datasets/Clo-Sket/Clo-Sket/Wide-Leg/9-8.tif,/content/drive/MyDrive/FashionAI/datasets/Clo-Sket/Clo-Sket/Wide-Leg/9-8.tif,Wide-Leg,Wide-Leg__G09,4
2299,/content/drive/MyDrive/FashionAI/datasets/Clo-Sket/Clo-Sket/Wide-Leg/9-9.tif,/content/drive/MyDrive/FashionAI/datasets/Clo-Sket/Clo-Sket/Wide-Leg/9-9.tif,Wide-Leg,Wide-Leg__G09,4
